# Blender 4.1.0
# www.blender.org
mtllib sun_god.mtl
o blade
v -8.534794 -2.441848 1.872084
v -8.534794 -2.441849 -1.872084
v -8.534794 2.441849 3.011613
v 81.586113 -2.441849 -1.872084
v -8.534794 2.441848 -3.011614
v 81.586113 -2.441848 1.872084
v 81.586113 2.441848 -3.011614
v 81.586113 2.441849 3.011613
v -8.534794 7.325547 -1.872085
v -8.534794 7.325547 1.872082
v 81.586113 7.325547 -1.872085
v 81.586113 7.325547 1.872082
v -16.939854 2.604639 0.976739
v -16.939854 2.604639 -0.976740
v -16.939854 7.097640 0.569763
v -10.519321 2.604639 -0.976740
v -16.939854 7.097640 -0.569766
v -10.519321 2.604639 0.976739
v -10.519321 7.097640 -0.569766
v -10.519321 7.097640 0.569763
v -16.939854 -1.888363 -0.976739
v -16.939854 -1.888363 0.976740
v -10.519321 -1.888363 -0.976739
v -10.519321 -1.888363 0.976740
v -10.752796 9.713599 -5.126256
v -10.752796 12.837539 -3.596031
v -10.752796 2.441849 -0.000000
v -10.752796 8.615923 -7.421594
v -8.418056 8.615923 -7.421594
v -8.418056 9.713600 5.126252
v -8.418056 12.837539 3.596027
v -8.418056 2.441849 -0.000000
v -8.418056 8.069237 7.421591
v -10.752796 8.069237 7.421591
v -10.752796 -7.953839 3.596031
v -10.752796 -4.829901 5.126255
v -8.418056 -7.953839 3.596031
v -10.752796 12.837539 3.596027
v -8.418056 -3.185537 7.421593
v -10.752796 -3.185537 7.421593
v -8.359692 2.441850 9.961767
v -10.752796 -3.185539 -7.421592
v -8.418056 -3.185539 -7.421592
v -10.811165 2.441847 -9.961767
v -8.418056 12.837539 -3.596031
v -8.359692 15.407408 -0.000002
v -10.752796 -7.953840 -3.596027
v -10.811165 -10.523713 0.000002
v -8.418056 -7.953840 -3.596027
v -10.811165 15.407408 -0.000002
v -10.811165 2.441850 9.961767
v -8.359692 2.441847 -9.961767
v -8.359692 -10.523713 0.000002
v -10.752796 -4.829902 -5.126253
v -8.418056 -4.829902 -5.126253
v -8.418056 -4.829901 5.126255
v -10.752796 9.713600 5.126252
v -8.418056 9.713599 -5.126256
v -65.896393 2.604639 -0.488370
v -11.686691 2.604639 -0.488370
v -65.896393 6.609271 -0.000001
v -11.686691 2.604639 0.488370
v -11.686691 6.609271 -0.000001
v -305.280029 2.604639 0.488370
v -304.112640 6.609271 -0.000001
v -243.555389 2.604639 0.488370
v -65.896393 -1.155808 -0.488370
v -65.896393 -1.155808 0.488370
v -11.686691 -1.155808 -0.488370
v -309.949493 -1.155808 0.488370
v -243.555389 -1.155808 0.488370
v -11.686691 -1.155808 0.488370
v -312.284241 2.539523 -0.000000
v -309.949493 -1.155808 -0.488370
v -306.447388 0.976739 -0.488370
v -316.953705 -1.041855 0.000000
v -243.555389 -1.155808 -0.488370
v -181.830734 -1.155808 -0.488370
v -243.555389 2.604639 -0.488370
v -120.106094 -1.155808 -0.488370
v -181.830734 2.604639 -0.488370
v -120.106094 -1.155808 0.488370
v -65.896393 2.604639 0.488370
v -181.830734 -1.155808 0.488370
v -120.106094 2.604639 0.488370
v -181.830734 2.604639 0.488370
v -120.106094 6.609271 -0.000001
v -181.830734 6.609271 -0.000001
v -243.555389 6.609271 -0.000001
v -120.106094 2.604639 -0.488370
vn -1.0000 -0.0000 -0.0000
vn -0.0000 -0.0000 -1.0000
vn -0.0000 -0.2272 -0.9738
vn 1.0000 -0.0000 -0.0000
vn -0.0000 -0.0000 1.0000
vn -0.0000 -0.2272 0.9738
vn -0.0000 -1.0000 -0.0000
vn -0.0000 1.0000 -0.0000
vn -0.0000 0.2272 0.9738
vn -0.0000 0.2272 -0.9738
vn -0.0000 0.0902 -0.9959
vn -0.0000 0.0452 -0.9990
vn -0.0000 0.0451 -0.9990
vn -0.0000 0.0902 0.9959
vn -0.0000 0.0452 0.9990
vn -1.0000 -0.0032 -0.0091
vn -0.0000 0.7104 -0.7038
vn -0.0000 0.6866 -0.7271
vn -0.0000 0.6866 -0.7270
vn 1.0000 -0.0032 0.0091
vn -0.0000 0.6460 0.7633
vn -0.0000 0.6335 0.7738
vn -0.0000 -0.6470 0.7625
vn -0.0000 -0.6460 0.7633
vn -0.0000 0.6470 0.7625
vn -0.0000 -0.6335 0.7738
vn 1.0000 -0.0000 -0.0059
vn 1.0000 -0.0040 -0.0030
vn -0.0000 -0.0168 -0.9999
vn -0.0000 -0.6335 -0.7738
vn -1.0000 -0.0002 0.0059
vn -1.0000 -0.0040 0.0030
vn -0.0000 0.6470 -0.7625
vn -0.0000 0.8136 -0.5814
vn -0.0000 -0.6470 -0.7625
vn -0.0000 -0.8136 -0.5814
vn 1.0000 -0.0032 -0.0091
vn 1.0000 -0.0045 -0.0000
vn -1.0000 -0.0032 0.0091
vn -1.0000 -0.0045 -0.0000
vn 1.0000 0.0040 -0.0030
vn -1.0000 0.0037 0.0031
vn 1.0000 0.0032 -0.0091
vn 1.0000 0.0045 -0.0000
vn -1.0000 0.0032 0.0091
vn -1.0000 0.0045 -0.0000
vn -0.0000 -0.6460 -0.7633
vn 1.0000 0.0032 0.0091
vn -1.0000 -0.0040 -0.0030
vn -1.0000 -0.0000 -0.0059
vn -1.0000 0.0040 -0.0030
vn -0.0000 0.8136 0.5814
vn -0.0000 -0.8136 0.5814
vn -1.0000 0.0032 -0.0091
vn 1.0000 -0.0040 0.0030
vn 1.0000 -0.0002 0.0059
vn 1.0000 0.0037 0.0031
vn -0.0000 0.1211 -0.9926
vn -0.0000 0.0606 -0.9982
vn -0.0000 0.0606 0.9982
vn -0.0210 0.1271 0.9917
vn -0.0293 0.0781 0.9965
vn -0.0500 0.0636 0.9967
vn -0.0692 0.0989 0.9927
vn -0.0232 0.0594 -0.9980
vn -0.0481 0.0707 -0.9963
vn -0.0605 0.0969 -0.9935
vn -0.0679 0.0885 0.9938
vn -0.0079 -1.0000 -0.0000
vn -0.0163 -0.9999 -0.0000
vn -0.0679 0.0885 -0.9938
vn -0.0000 0.1211 0.9926
vn -0.0160 0.0942 -0.9954
vt 0.456220 0.032140
vt 0.533800 0.032140
vt 0.533800 0.531260
vt 0.456220 0.531260
vt 0.378630 0.032140
vt 0.378630 0.531260
vt 0.507380 0.533070
vt 0.507380 0.521120
vt 0.531200 0.521120
vt 0.531200 0.533070
vt 0.531200 0.509170
vt 0.507380 0.509170
vt 0.556320 0.847850
vt 0.472390 0.973030
vt 0.422550 0.942720
vt 0.428920 0.938200
vt 0.400120 0.912420
vt 0.640240 0.973030
vt 0.690080 0.942720
vt 0.683710 0.938200
vt 0.712520 0.906670
vt 0.636250 0.732310
vt 0.683710 0.757490
vt 0.636250 0.963380
vt 0.737100 0.847850
vt 0.712520 0.788230
vt 0.746140 0.847850
vt 0.720320 0.785250
vt 0.375530 0.847850
vt 0.400120 0.788230
vt 0.366500 0.847850
vt 0.392310 0.785250
vt 0.476390 0.963380
vt 0.556320 0.977270
vt 0.476390 0.732310
vt 0.556320 0.718420
vt 0.556320 0.988000
vt 0.720320 0.909610
vt 0.392310 0.915650
vt 0.472390 0.724210
vt 0.556320 0.707690
vt 0.640240 0.724210
vt 0.422550 0.752970
vt 0.428920 0.757490
vt 0.690080 0.752970
vt 0.656360 0.475190
vt 0.778620 0.554790
vt 0.778620 0.475190
vt 0.656360 0.554790
vt 0.778620 0.214330
vt 0.656360 0.125410
vt 0.778620 0.123700
vt 0.893430 0.554790
vt 0.893430 0.475190
vt 0.893430 0.214330
vt 0.893430 0.116840
vt 0.779490 0.099780
vt 0.778620 0.120260
vt 0.666670 0.089540
vt 0.778720 0.120300
vt 0.776010 0.069060
vt 0.656360 0.125380
vt 0.778720 0.123710
vt 0.893430 0.304960
vt 0.778620 0.304960
vt 0.893430 0.395590
vt 0.778620 0.395590
vt 0.656360 0.395590
vt 0.656360 0.304960
vt 0.656360 0.214330
s 1
usemtl Material.003
f 3/1/1 2/2/1 1/2/1
f 5/1/2 4/3/3 2/2/3
f 7/4/4 6/3/4 4/3/4
f 8/4/5 1/2/6 6/3/6
f 4/3/7 1/2/7 2/2/7
f 5/1/1 10/5/1 9/5/1
f 9/5/8 12/6/8 11/6/8
f 8/4/5 10/5/9 3/1/5
f 5/1/2 11/6/10 7/4/2
f 8/4/4 11/6/4 12/6/4
f 15/7/1 14/8/1 13/8/1
f 17/7/11 16/9/12 14/8/13
f 19/10/4 18/9/4 16/9/4
f 20/10/14 13/8/15 18/9/15
f 23/11/7 22/12/7 21/12/7
f 17/7/8 20/10/8 19/10/8
f 18/9/15 22/12/5 24/11/5
f 16/9/4 24/11/4 23/11/4
f 14/8/13 23/11/2 21/12/2
f 13/8/1 21/12/1 22/12/1
f 27/13/1 26/14/16 25/15/1
f 25/16/17 29/17/18 28/17/19
f 32/13/4 31/18/20 30/19/4
f 30/20/21 34/21/22 33/21/22
f 37/22/23 36/23/24 35/22/23
f 38/24/25 30/20/21 31/24/25
f 41/25/5 40/26/26 39/26/26
f 32/13/4 41/27/27 39/28/28
f 44/29/29 43/30/30 42/30/30
f 27/13/1 44/31/31 42/32/32
f 26/33/33 46/34/34 45/33/33
f 49/35/35 48/36/36 47/35/35
f 32/13/4 45/14/37 46/37/38
f 27/13/1 38/18/39 50/37/40
f 33/21/22 51/25/5 41/25/5
f 32/13/4 33/38/41 41/27/27
f 28/17/19 52/29/29 44/29/29
f 27/13/1 28/39/42 44/31/31
f 49/40/43 32/13/4 53/41/44
f 35/42/45 27/13/1 48/41/46
f 27/13/1 42/32/32 54/43/1
f 42/30/30 55/44/47 54/44/47
f 32/13/4 39/28/28 56/45/4
f 39/26/26 36/23/24 56/23/24
f 53/41/44 32/13/4 37/42/48
f 36/45/1 40/28/49 27/13/1
f 51/27/50 34/38/51 27/13/1
f 57/19/1 38/18/39 27/13/1
f 40/28/49 51/27/50 27/13/1
f 50/34/52 31/24/25 46/34/52
f 53/36/53 35/22/23 48/36/53
f 32/13/4 46/37/38 31/18/20
f 48/41/46 27/13/1 47/40/54
f 55/43/4 43/32/55 32/13/4
f 52/31/56 29/39/57 32/13/4
f 58/15/4 45/14/37 32/13/4
f 55/44/47 47/35/35 54/44/47
f 25/16/17 45/33/33 58/16/17
f 43/32/55 52/31/56 32/13/4
f 27/13/1 50/37/40 26/14/16
f 34/38/51 57/19/1 27/13/1
f 28/39/42 27/13/1 25/15/1
f 47/40/54 27/13/1 54/43/1
f 35/42/45 36/45/1 27/13/1
f 33/38/41 32/13/4 30/19/4
f 37/42/48 32/13/4 56/45/4
f 49/40/43 55/43/4 32/13/4
f 29/39/57 58/15/4 32/13/4
f 61/46/58 60/47/59 59/48/59
f 60/47/4 63/49/4 62/47/4
f 66/50/60 65/51/61 64/52/62
f 69/53/7 68/54/7 67/54/7
f 71/55/5 64/52/62 70/56/63
f 60/47/4 72/53/4 69/53/4
f 59/48/59 69/53/2 67/54/2
f 70/57/63 64/58/62 73/59/64
f 75/60/65 74/57/66 73/59/67
f 70/57/63 73/59/64 76/61/68
f 64/58/62 65/62/61 73/59/64
f 70/57/69 76/61/70 74/57/69
f 73/59/67 74/57/66 76/61/71
f 75/63/65 77/55/2 74/56/66
f 79/50/59 78/64/2 77/55/2
f 81/65/59 80/66/2 78/64/2
f 83/48/60 82/66/5 68/54/5
f 85/67/60 84/64/5 82/66/5
f 86/65/60 71/55/5 84/64/5
f 77/55/7 70/56/69 74/56/69
f 78/64/7 71/55/7 77/55/7
f 80/66/7 84/64/7 78/64/7
f 61/46/72 85/67/60 83/48/60
f 87/68/72 86/65/60 85/67/60
f 88/69/72 66/50/60 86/65/60
f 65/51/73 79/50/59 75/63/65
f 89/70/58 81/65/59 79/50/59
f 88/69/58 90/67/59 81/65/59
f 65/62/73 75/60/65 73/59/67
f 63/49/72 83/48/60 62/47/60
f 62/47/60 68/54/5 72/53/5
f 90/67/59 67/54/2 80/66/2
f 67/54/7 82/66/7 80/66/7
f 87/68/58 59/48/59 90/67/59
f 3/1/1 5/1/1 2/2/1
f 5/1/2 7/4/2 4/3/3
f 7/4/4 8/4/4 6/3/4
f 8/4/5 3/1/5 1/2/6
f 4/3/7 6/3/7 1/2/7
f 5/1/1 3/1/1 10/5/1
f 9/5/8 10/5/8 12/6/8
f 8/4/5 12/6/9 10/5/9
f 5/1/2 9/5/10 11/6/10
f 8/4/4 7/4/4 11/6/4
f 15/7/1 17/7/1 14/8/1
f 17/7/11 19/10/11 16/9/12
f 19/10/4 20/10/4 18/9/4
f 20/10/14 15/7/14 13/8/15
f 23/11/7 24/11/7 22/12/7
f 17/7/8 15/7/8 20/10/8
f 18/9/15 13/8/15 22/12/5
f 16/9/4 18/9/4 24/11/4
f 14/8/13 16/9/12 23/11/2
f 13/8/1 14/8/1 21/12/1
f 25/16/17 58/16/17 29/17/18
f 30/20/21 57/20/21 34/21/22
f 37/22/23 56/23/24 36/23/24
f 38/24/25 57/20/21 30/20/21
f 41/25/5 51/25/5 40/26/26
f 44/29/29 52/29/29 43/30/30
f 26/33/33 50/34/34 46/34/34
f 49/35/35 53/36/36 48/36/36
f 33/21/22 34/21/22 51/25/5
f 28/17/19 29/17/18 52/29/29
f 42/30/30 43/30/30 55/44/47
f 39/26/26 40/26/26 36/23/24
f 50/34/52 38/24/25 31/24/25
f 53/36/53 37/22/23 35/22/23
f 55/44/47 49/35/35 47/35/35
f 25/16/17 26/33/33 45/33/33
f 61/46/58 63/49/58 60/47/59
f 66/50/60 89/70/72 65/51/61
f 69/53/7 72/53/7 68/54/7
f 71/55/5 66/50/60 64/52/62
f 60/47/4 62/47/4 72/53/4
f 59/48/59 60/47/59 69/53/2
f 75/63/65 79/50/59 77/55/2
f 79/50/59 81/65/59 78/64/2
f 81/65/59 90/67/59 80/66/2
f 83/48/60 85/67/60 82/66/5
f 85/67/60 86/65/60 84/64/5
f 86/65/60 66/50/60 71/55/5
f 77/55/7 71/55/7 70/56/69
f 78/64/7 84/64/7 71/55/7
f 80/66/7 82/66/7 84/64/7
f 61/46/72 87/68/72 85/67/60
f 87/68/72 88/69/72 86/65/60
f 88/69/72 89/70/72 66/50/60
f 65/51/73 89/70/58 79/50/59
f 89/70/58 88/69/58 81/65/59
f 88/69/58 87/68/58 90/67/59
f 63/49/72 61/46/72 83/48/60
f 62/47/60 83/48/60 68/54/5
f 90/67/59 59/48/59 67/54/2
f 67/54/7 68/54/7 82/66/7
f 87/68/58 61/46/58 59/48/59
o blade_damaged
v -65.896393 2.604639 -0.488370
v -11.686691 2.604639 -0.488370
v -65.896393 6.609271 -0.000001
v -11.686691 2.604639 0.488370
v -11.686691 6.609271 -0.000001
v -65.896393 -1.155808 -0.488370
v -65.896393 -1.155808 0.488370
v -11.686691 -1.155808 -0.488370
v -11.686691 -1.155808 0.488370
v -65.896393 2.604639 0.488370
v -8.534794 -2.441848 1.872084
v -8.534794 -2.441849 -1.872084
v -8.534794 2.441849 3.011613
v 81.586113 -2.441849 -1.872084
v -8.534794 2.441848 -3.011614
v 81.586113 -2.441848 1.872084
v 81.586113 2.441848 -3.011614
v 81.586113 2.441849 3.011613
v -8.534794 7.325547 -1.872085
v -8.534794 7.325547 1.872082
v 81.586113 7.325547 -1.872085
v 81.586113 7.325547 1.872082
v -16.939854 2.604639 0.976739
v -16.939854 2.604639 -0.976740
v -16.939854 7.097640 0.569763
v -10.519321 2.604639 -0.976740
v -16.939854 7.097640 -0.569766
v -10.519321 2.604639 0.976739
v -10.519321 7.097640 -0.569766
v -10.519321 7.097640 0.569763
v -16.939854 -1.888363 -0.976739
v -16.939854 -1.888363 0.976740
v -10.519321 -1.888363 -0.976739
v -10.519321 -1.888363 0.976740
v -10.752796 9.713599 -5.126256
v -10.752796 12.837539 -3.596031
v -10.752796 2.441849 -0.000000
v -10.752796 8.615923 -7.421594
v -8.418056 8.615923 -7.421594
v -8.418056 9.713600 5.126252
v -8.418056 12.837539 3.596027
v -8.418056 2.441849 -0.000000
v -8.418056 8.069237 7.421591
v -10.752796 8.069237 7.421591
v -10.752796 -7.953839 3.596031
v -10.752796 -4.829901 5.126255
v -8.418056 -7.953839 3.596031
v -10.752796 12.837539 3.596027
v -8.418056 -3.185537 7.421593
v -10.752796 -3.185537 7.421593
v -8.359692 2.441850 9.961767
v -10.752796 -3.185539 -7.421592
v -8.418056 -3.185539 -7.421592
v -10.811165 2.441847 -9.961767
v -8.418056 12.837539 -3.596031
v -8.359692 15.407408 -0.000002
v -10.752796 -7.953840 -3.596027
v -10.811165 -10.523713 0.000002
v -8.418056 -7.953840 -3.596027
v -10.811165 15.407408 -0.000002
v -10.811165 2.441850 9.961767
v -8.359692 2.441847 -9.961767
v -8.359692 -10.523713 0.000002
v -10.752796 -4.829902 -5.126253
v -8.418056 -4.829902 -5.126253
v -8.418056 -4.829901 5.126255
v -10.752796 9.713600 5.126252
v -8.418056 9.713599 -5.126256
vn -0.0000 0.1211 -0.9926
vn -0.0000 0.0606 -0.9982
vn 1.0000 -0.0000 -0.0000
vn -0.0000 -1.0000 -0.0000
vn -0.0000 -0.0000 -1.0000
vn -0.0000 0.1211 0.9926
vn -0.0000 0.0606 0.9982
vn -0.0000 0.0607 0.9982
vn -0.0000 -0.0000 1.0000
vn -1.0000 -0.0000 -0.0000
vn -0.0000 -0.2272 -0.9738
vn -0.0000 -0.2272 0.9738
vn -0.0000 1.0000 -0.0000
vn -0.0000 0.2272 0.9738
vn -0.0000 0.2272 -0.9738
vn -0.0000 0.0902 -0.9959
vn -0.0000 0.0452 -0.9990
vn -0.0000 0.0451 -0.9990
vn -0.0000 0.0902 0.9959
vn -0.0000 0.0452 0.9990
vn -1.0000 -0.0032 -0.0091
vn -0.0000 0.7104 -0.7038
vn -0.0000 0.6866 -0.7271
vn -0.0000 0.6866 -0.7270
vn 1.0000 -0.0032 0.0091
vn -0.0000 0.6460 0.7633
vn -0.0000 0.6335 0.7738
vn -0.0000 -0.6470 0.7625
vn -0.0000 -0.6460 0.7633
vn -0.0000 0.6470 0.7625
vn -0.0000 -0.6335 0.7738
vn 1.0000 -0.0000 -0.0059
vn 1.0000 -0.0040 -0.0030
vn -0.0000 -0.0168 -0.9999
vn -0.0000 -0.6335 -0.7738
vn -1.0000 -0.0002 0.0059
vn -1.0000 -0.0040 0.0030
vn -0.0000 0.6470 -0.7625
vn -0.0000 0.8136 -0.5814
vn -0.0000 -0.6470 -0.7625
vn -0.0000 -0.8136 -0.5814
vn 1.0000 -0.0032 -0.0091
vn 1.0000 -0.0045 -0.0000
vn -1.0000 -0.0032 0.0091
vn -1.0000 -0.0045 -0.0000
vn 1.0000 0.0040 -0.0030
vn -1.0000 0.0037 0.0031
vn 1.0000 0.0032 -0.0091
vn 1.0000 0.0045 -0.0000
vn -1.0000 0.0032 0.0091
vn -1.0000 0.0045 -0.0000
vn -0.0000 -0.6460 -0.7633
vn 1.0000 0.0032 0.0091
vn -1.0000 -0.0040 -0.0030
vn -1.0000 -0.0000 -0.0059
vn -1.0000 0.0040 -0.0030
vn -0.0000 0.8136 0.5814
vn -0.0000 -0.8136 0.5814
vn -1.0000 0.0032 -0.0091
vn 1.0000 -0.0040 0.0030
vn 1.0000 -0.0002 0.0059
vn 1.0000 0.0037 0.0031
vn -0.0000 0.0607 -0.9982
vt 0.656360 0.475190
vt 0.778620 0.554790
vt 0.778620 0.475190
vt 0.656360 0.554790
vt 0.893430 0.554790
vt 0.893430 0.475190
vt 0.456220 0.032140
vt 0.533800 0.032140
vt 0.533800 0.531260
vt 0.456220 0.531260
vt 0.378630 0.032140
vt 0.378630 0.531260
vt 0.507380 0.533070
vt 0.507380 0.521120
vt 0.531200 0.521120
vt 0.531200 0.533070
vt 0.531200 0.509170
vt 0.507380 0.509170
vt 0.556320 0.847850
vt 0.472390 0.973030
vt 0.422550 0.942720
vt 0.428920 0.938200
vt 0.400120 0.912420
vt 0.640240 0.973030
vt 0.690080 0.942720
vt 0.683710 0.938200
vt 0.712520 0.906670
vt 0.636250 0.732310
vt 0.683710 0.757490
vt 0.636250 0.963380
vt 0.737100 0.847850
vt 0.712520 0.788230
vt 0.746140 0.847850
vt 0.720320 0.785250
vt 0.375530 0.847850
vt 0.400120 0.788230
vt 0.366500 0.847850
vt 0.392310 0.785250
vt 0.476390 0.963380
vt 0.556320 0.977270
vt 0.476390 0.732310
vt 0.556320 0.718420
vt 0.556320 0.988000
vt 0.720320 0.909610
vt 0.392310 0.915650
vt 0.472390 0.724210
vt 0.556320 0.707690
vt 0.640240 0.724210
vt 0.422550 0.752970
vt 0.428920 0.757490
vt 0.690080 0.752970
s 1
usemtl Material.003
f 93/71/74 92/72/75 91/73/75
f 92/72/76 95/74/76 94/72/76
f 98/75/77 97/76/77 96/76/77
f 92/72/76 99/75/76 98/75/76
f 91/73/75 98/75/78 96/76/78
f 95/74/79 100/73/80 94/72/81
f 94/72/80 97/76/82 99/75/82
f 103/77/83 102/78/83 101/78/83
f 105/77/78 104/79/84 102/78/84
f 107/80/76 106/79/76 104/79/76
f 108/80/82 101/78/85 106/79/85
f 104/79/77 101/78/77 102/78/77
f 105/77/83 110/81/83 109/81/83
f 109/81/86 112/82/86 111/82/86
f 108/80/82 110/81/87 103/77/82
f 105/77/78 111/82/88 107/80/78
f 108/80/76 111/82/76 112/82/76
f 115/83/83 114/84/83 113/84/83
f 117/83/89 116/85/90 114/84/91
f 119/86/76 118/85/76 116/85/76
f 120/86/92 113/84/93 118/85/93
f 123/87/77 122/88/77 121/88/77
f 117/83/86 120/86/86 119/86/86
f 118/85/93 122/88/82 124/87/82
f 116/85/76 124/87/76 123/87/76
f 114/84/91 123/87/78 121/88/78
f 113/84/83 121/88/83 122/88/83
f 127/89/83 126/90/94 125/91/83
f 125/92/95 129/93/96 128/93/97
f 132/89/76 131/94/98 130/95/76
f 130/96/99 134/97/100 133/97/100
f 137/98/101 136/99/102 135/98/101
f 138/100/103 130/96/99 131/100/103
f 141/101/82 140/102/104 139/102/104
f 132/89/76 141/103/105 139/104/106
f 144/105/107 143/106/108 142/106/108
f 127/89/83 144/107/109 142/108/110
f 126/109/111 146/110/112 145/109/111
f 149/111/113 148/112/114 147/111/113
f 132/89/76 145/90/115 146/113/116
f 127/89/83 138/94/117 150/113/118
f 133/97/100 151/101/82 141/101/82
f 132/89/76 133/114/119 141/103/105
f 128/93/97 152/105/107 144/105/107
f 127/89/83 128/115/120 144/107/109
f 149/116/121 132/89/76 153/117/122
f 135/118/123 127/89/83 148/117/124
f 127/89/83 142/108/110 154/119/83
f 142/106/108 155/120/125 154/120/125
f 132/89/76 139/104/106 156/121/76
f 139/102/104 136/99/102 156/99/102
f 153/117/122 132/89/76 137/118/126
f 136/121/83 140/104/127 127/89/83
f 151/103/128 134/114/129 127/89/83
f 157/95/83 138/94/117 127/89/83
f 140/104/127 151/103/128 127/89/83
f 150/110/130 131/100/103 146/110/130
f 153/112/131 135/98/101 148/112/131
f 132/89/76 146/113/116 131/94/98
f 148/117/124 127/89/83 147/116/132
f 155/119/76 143/108/133 132/89/76
f 152/107/134 129/115/135 132/89/76
f 158/91/76 145/90/115 132/89/76
f 155/120/125 147/111/113 154/120/125
f 125/92/95 145/109/111 158/92/95
f 143/108/133 152/107/134 132/89/76
f 127/89/83 150/113/118 126/90/94
f 134/114/129 157/95/83 127/89/83
f 128/115/120 127/89/83 125/91/83
f 147/116/132 127/89/83 154/119/83
f 135/118/123 136/121/83 127/89/83
f 133/114/119 132/89/76 130/95/76
f 137/118/126 132/89/76 156/121/76
f 149/116/121 155/119/76 132/89/76
f 129/115/135 158/91/76 132/89/76
f 93/71/74 95/74/74 92/72/136
f 98/75/77 99/75/77 97/76/77
f 92/72/76 94/72/76 99/75/76
f 91/73/75 92/72/75 98/75/78
f 95/74/79 93/71/79 100/73/80
f 94/72/81 100/73/80 97/76/82
f 103/77/83 105/77/83 102/78/83
f 105/77/78 107/80/78 104/79/84
f 107/80/76 108/80/76 106/79/76
f 108/80/82 103/77/82 101/78/85
f 104/79/77 106/79/77 101/78/77
f 105/77/83 103/77/83 110/81/83
f 109/81/86 110/81/86 112/82/86
f 108/80/82 112/82/87 110/81/87
f 105/77/78 109/81/88 111/82/88
f 108/80/76 107/80/76 111/82/76
f 115/83/83 117/83/83 114/84/83
f 117/83/89 119/86/89 116/85/90
f 119/86/76 120/86/76 118/85/76
f 120/86/92 115/83/92 113/84/93
f 123/87/77 124/87/77 122/88/77
f 117/83/86 115/83/86 120/86/86
f 118/85/93 113/84/93 122/88/82
f 116/85/76 118/85/76 124/87/76
f 114/84/91 116/85/90 123/87/78
f 113/84/83 114/84/83 121/88/83
f 125/92/95 158/92/95 129/93/96
f 130/96/99 157/96/99 134/97/100
f 137/98/101 156/99/102 136/99/102
f 138/100/103 157/96/99 130/96/99
f 141/101/82 151/101/82 140/102/104
f 144/105/107 152/105/107 143/106/108
f 126/109/111 150/110/112 146/110/112
f 149/111/113 153/112/114 148/112/114
f 133/97/100 134/97/100 151/101/82
f 128/93/97 129/93/96 152/105/107
f 142/106/108 143/106/108 155/120/125
f 139/102/104 140/102/104 136/99/102
f 150/110/130 138/100/103 131/100/103
f 153/112/131 137/98/101 135/98/101
f 155/120/125 149/111/113 147/111/113
f 125/92/95 126/109/111 145/109/111
o blade_fragment
v -305.280029 2.604639 0.488370
v -304.112640 6.609271 -0.000001
v -243.555389 2.604639 0.488370
v -309.949493 -1.155808 0.488370
v -243.555389 -1.155808 0.488370
v -312.284241 2.539523 -0.000000
v -309.949493 -1.155808 -0.488370
v -306.447388 0.976739 -0.488370
v -316.953705 -1.041855 0.000000
v -243.555389 -1.155808 -0.488370
v -181.830734 -1.155808 -0.488370
v -243.555389 2.604639 -0.488370
v -120.106094 -1.155808 -0.488370
v -181.830734 2.604639 -0.488370
v -65.896393 -1.155808 0.488370
v -120.106094 -1.155808 0.488370
v -65.896393 2.604639 0.488370
v -181.830734 -1.155808 0.488370
v -120.106094 2.604639 0.488370
v -181.830734 2.604639 0.488370
v -65.896393 6.609271 -0.000001
v -120.106094 6.609271 -0.000001
v -181.830734 6.609271 -0.000001
v -243.555389 6.609271 -0.000001
v -120.106094 2.604639 -0.488370
v -65.896393 -1.155808 -0.488370
v -65.896393 2.604639 -0.488370
vn -0.0000 0.0606 0.9982
vn -0.0210 0.1271 0.9917
vn -0.0293 0.0781 0.9965
vn -0.0000 -0.0000 1.0000
vn -0.0500 0.0636 0.9967
vn -0.0692 0.0989 0.9927
vn -0.0232 0.0594 -0.9980
vn -0.0481 0.0707 -0.9963
vn -0.0605 0.0969 -0.9935
vn -0.0679 0.0885 0.9938
vn -0.0079 -1.0000 -0.0000
vn -0.0163 -0.9999 -0.0000
vn -0.0679 0.0885 -0.9938
vn -0.0000 -0.0000 -1.0000
vn -0.0000 0.0606 -0.9982
vn -0.0000 -1.0000 -0.0000
vn -0.0000 0.1211 0.9926
vn -0.0160 0.0942 -0.9954
vn -0.0000 0.1211 -0.9926
vt 0.778620 0.214330
vt 0.656360 0.125410
vt 0.778620 0.123700
vt 0.893430 0.214330
vt 0.893430 0.116840
vt 0.779490 0.099780
vt 0.778620 0.120260
vt 0.666670 0.089540
vt 0.778720 0.120300
vt 0.776010 0.069060
vt 0.656360 0.125380
vt 0.778720 0.123710
vt 0.893430 0.304960
vt 0.778620 0.304960
vt 0.893430 0.395590
vt 0.778620 0.475190
vt 0.893430 0.475190
vt 0.778620 0.395590
vt 0.656360 0.475190
vt 0.656360 0.395590
vt 0.656360 0.304960
vt 0.656360 0.214330
s 1
usemtl Material.003
f 161/122/137 160/123/138 159/124/139
f 163/125/140 159/124/139 162/126/141
f 162/127/141 159/128/139 164/129/142
f 166/130/143 165/127/144 164/129/145
f 162/127/141 164/129/142 167/131/146
f 159/128/139 160/132/138 164/129/142
f 162/127/147 167/131/148 165/127/147
f 164/129/145 165/127/144 167/131/149
f 166/133/143 168/125/150 165/126/144
f 170/122/151 169/134/150 168/125/150
f 172/135/151 171/136/150 169/134/150
f 175/137/137 174/136/140 173/138/140
f 177/139/137 176/134/140 174/136/140
f 178/135/137 163/125/140 176/134/140
f 168/125/152 162/126/147 165/126/147
f 169/134/152 163/125/152 168/125/152
f 171/136/152 176/134/152 169/134/152
f 179/140/153 177/139/137 175/137/137
f 180/141/153 178/135/137 177/139/137
f 181/142/153 161/122/137 178/135/137
f 160/123/154 170/122/151 166/133/143
f 182/143/155 172/135/151 170/122/151
f 181/142/155 183/139/151 172/135/151
f 160/132/154 166/130/143 164/129/145
f 183/139/151 184/138/150 171/136/150
f 184/138/152 174/136/152 171/136/152
f 180/141/155 185/137/151 183/139/151
f 161/122/137 182/143/153 160/123/138
f 163/125/140 161/122/137 159/124/139
f 166/133/143 170/122/151 168/125/150
f 170/122/151 172/135/151 169/134/150
f 172/135/151 183/139/151 171/136/150
f 175/137/137 177/139/137 174/136/140
f 177/139/137 178/135/137 176/134/140
f 178/135/137 161/122/137 163/125/140
f 168/125/152 163/125/152 162/126/147
f 169/134/152 176/134/152 163/125/152
f 171/136/152 174/136/152 176/134/152
f 179/140/153 180/141/153 177/139/137
f 180/141/153 181/142/153 178/135/137
f 181/142/153 182/143/153 161/122/137
f 160/123/154 182/143/155 170/122/151
f 182/143/155 181/142/155 172/135/151
f 181/142/155 180/141/155 183/139/151
f 183/139/151 185/137/151 184/138/150
f 184/138/152 173/138/152 174/136/152
f 180/141/155 179/140/155 185/137/151
o blade_luminous
v -64.905243 2.612900 -0.493254
v -10.153450 2.612900 -0.493254
v -64.905243 6.657579 -0.000001
v -10.153450 2.612900 0.493253
v -10.153450 6.657579 -0.000001
v -306.682739 2.612900 0.493253
v -305.503693 6.657579 -0.000001
v -244.340820 2.612900 0.493253
v -64.905243 -1.185151 -0.493253
v -64.905243 -1.185151 0.493253
v -10.153450 -1.185151 -0.493253
v -311.398865 -1.185151 0.493253
v -244.340820 -1.185151 0.493253
v -10.153450 -1.185151 0.493253
v -313.756989 2.547134 -0.000000
v -311.398865 -1.185151 -0.493253
v -307.861755 0.968722 -0.493253
v -318.473145 -1.070059 0.000000
v -244.340820 -1.185151 -0.493253
v -181.998947 -1.185151 -0.493253
v -244.340820 2.612900 -0.493254
v -119.657043 -1.185151 -0.493253
v -181.998947 2.612900 -0.493254
v -119.657043 -1.185151 0.493253
v -64.905243 2.612900 0.493253
v -181.998947 -1.185151 0.493253
v -119.657043 2.612900 0.493253
v -181.998947 2.612900 0.493253
v -119.657043 6.657579 -0.000001
v -181.998947 6.657579 -0.000001
v -244.340820 6.657579 -0.000001
v -119.657043 2.612900 -0.493254
v -5.326340 2.841415 12.312273
v -5.326340 -3.691838 10.661172
v -5.326340 -8.471330 6.153360
v -5.326340 -10.219519 0.000001
v -5.326340 -8.471330 -6.153359
v -5.326340 -3.691839 -10.661172
v -5.326340 2.841413 -12.312273
v -5.326340 9.374664 -10.661173
v -5.326340 14.154155 -6.153360
v -5.326340 15.902342 -0.000001
v -5.326340 14.154155 6.153359
v -5.326340 9.374666 10.661172
v -4.319267 2.841415 12.312273
v -4.319267 -3.691837 10.661172
v -4.319267 -8.471330 6.153360
v -4.319267 -10.219517 0.000001
v -4.319267 -8.471332 -6.153359
v -4.319267 -3.691839 -10.661171
v -4.319267 2.841413 -12.312272
v -4.319267 9.374664 -10.661172
v -4.319267 14.154157 -6.153360
v -4.319267 15.902341 -0.000001
v -4.319267 14.154155 6.153358
v -4.319267 9.374666 10.661171
v -5.326340 2.841415 11.580645
v -5.326340 -3.337534 10.021290
v -5.326340 -7.844933 5.776439
v -5.326340 -9.488611 0.000001
v -5.326340 -7.844932 -5.776438
v -5.326340 -3.337535 -10.021290
v -5.326340 2.841413 -11.580644
v -5.326340 9.020361 -10.021291
v -5.326340 13.527758 -5.776439
v -5.326340 15.171433 -0.000001
v -5.326340 13.527758 5.776438
v -5.326340 9.020364 10.021291
v -4.319267 2.841415 11.580645
v -4.319267 -3.337535 10.021290
v -4.319267 -7.844931 5.776439
v -4.319267 -9.488611 0.000001
v -4.319267 -7.844932 -5.776438
v -4.319267 -3.337536 -10.021292
v -4.319267 2.841413 -11.580643
v -4.319267 9.020361 -10.021291
v -4.319267 13.527758 -5.776439
v -4.319267 15.171433 -0.000001
v -4.319267 13.527758 5.776438
v -4.319267 9.020364 10.021292
v -5.326340 -0.540047 11.889755
v -5.326340 -6.394738 8.701710
v -5.326340 -9.772367 3.184227
v -5.326340 -9.772368 -3.184225
v -5.326340 -6.394740 -8.701708
v -5.326340 -0.540049 -11.889752
v -5.326340 6.222874 -11.889753
v -5.326340 12.077565 -8.701710
v -5.326340 15.455192 -3.184226
v -5.326340 15.455192 3.184225
v -5.326340 12.077567 8.701708
v -5.326340 6.222876 11.889755
v -4.319263 -0.540047 11.889753
v -4.319263 -6.394738 8.701710
v -4.319263 -9.772368 3.184227
v -4.319263 -9.772370 -3.184225
v -4.319263 -6.394740 -8.701708
v -4.319263 -0.540049 -11.889752
v -4.319263 6.222874 -11.889753
v -4.319263 12.077565 -8.701710
v -4.319263 15.455194 -3.184226
v -4.319263 15.455192 3.184225
v -4.319263 12.077567 8.701708
v -4.319263 6.222876 11.889753
v -4.822803 2.841413 -12.449453
v -4.822803 9.441096 -10.781151
v -4.822803 -10.356563 0.000001
v -4.822803 -8.588778 -6.224031
v -4.822803 14.271605 6.224031
v -4.822803 9.441098 10.781150
v -4.822803 2.841414 12.449454
v -4.822803 -3.758270 10.781150
v -4.822803 14.271605 -6.224033
v -4.822803 -3.758271 -10.781151
v -4.822803 -8.588778 6.224032
v -4.822803 16.039385 -0.000001
v -5.326340 -0.357922 11.181210
v -5.326340 -5.888480 8.174243
v -5.326340 -9.068651 2.987875
v -5.326340 -9.068651 -2.987874
v -5.326340 -5.888481 -8.174243
v -5.326340 -0.357924 -11.181208
v -5.326340 6.040750 -11.181208
v -5.326340 11.571304 -8.174244
v -5.326340 14.751478 -2.987876
v -5.326340 14.751476 2.987874
v -5.326340 11.571307 8.174242
v -5.326340 6.040752 11.181209
v -4.319263 -0.357922 11.181209
v -4.319263 -5.888481 8.174243
v -4.319263 -9.068651 2.987876
v -4.319263 -9.068651 -2.987874
v -4.319263 -5.888480 -8.174243
v -4.319263 -0.357924 -11.181209
v -4.319263 6.040750 -11.181208
v -4.319263 11.571305 -8.174244
v -4.319263 14.751476 -2.987876
v -4.319263 14.751476 2.987874
v -4.319263 11.571307 8.174242
v -4.319263 6.040752 11.181210
v -4.822803 2.841413 -11.443464
v -4.822803 8.953931 -9.901315
v -4.822803 -9.351564 0.000001
v -4.822803 -7.727481 -5.705765
v -4.822803 13.410308 5.705764
v -4.822803 8.953932 9.901312
v -4.822803 2.841415 11.443465
v -4.822803 -3.271103 9.901314
v -4.822803 13.410308 -5.705767
v -4.822803 -3.271104 -9.901313
v -4.822803 -7.727482 5.705767
v -4.822803 15.034388 -0.000001
v -5.515163 2.841415 11.946459
v -5.515163 -3.514686 10.341232
v -5.515163 -8.158130 5.964900
v -5.515163 -9.854063 0.000001
v -5.515163 -8.158130 -5.964899
v -5.515163 -3.514688 -10.341232
v -5.515163 2.841413 -11.946458
v -5.515163 9.197514 -10.341233
v -5.515163 13.840957 -5.964900
v -5.515163 15.536887 -0.000001
v -5.515163 13.840957 5.964898
v -5.515163 9.197515 10.341231
v -4.130440 2.841415 11.946459
v -4.130440 -3.514687 10.341232
v -4.130440 -8.158130 5.964900
v -4.130440 -9.854063 0.000001
v -4.130440 -8.158130 -5.964898
v -4.130440 -3.514688 -10.341232
v -4.130440 2.841413 -11.946458
v -4.130440 9.197514 -10.341233
v -4.130440 13.840957 -5.964900
v -4.130440 15.536887 -0.000001
v -4.130440 13.840957 5.964898
v -4.130440 9.197515 10.341231
v -4.822803 6.257023 -12.022604
v -4.822803 -9.904316 -3.221040
v -4.822803 12.172490 8.800609
v -4.822803 -0.574195 12.022605
v -4.822803 12.172488 -8.800611
v -4.822803 -6.489665 -8.800609
v -4.822803 6.257025 12.022605
v -4.822803 -6.489663 8.800611
v -4.822803 15.587139 -3.221042
v -4.822803 -0.574198 -12.022604
v -4.822803 -9.904316 3.221043
v -4.822803 15.587139 3.221041
v -4.822803 6.006601 -11.048356
v -4.822803 -8.936706 -2.951058
v -4.822803 11.476384 8.075342
v -4.822803 -0.323773 11.048357
v -4.822803 11.476382 -8.075344
v -4.822803 -5.793556 -8.075343
v -4.822803 6.006604 11.048357
v -4.822803 -5.793555 8.075343
v -4.822803 14.619531 -2.951059
v -4.822803 -0.323776 -11.048357
v -4.822803 -8.936706 2.951061
v -4.822803 14.619530 2.951058
v -5.515163 -0.448985 11.535480
v -5.515163 -6.141609 8.437978
v -5.515163 -9.420511 3.086052
v -5.515163 -9.420511 -3.086049
v -5.515163 -6.141610 -8.437978
v -5.515163 -0.448987 -11.535480
v -5.515163 6.131812 -11.535480
v -5.515163 11.824435 -8.437977
v -5.515163 15.103335 -3.086051
v -5.515163 15.103335 3.086050
v -5.515163 11.824437 8.437977
v -5.515163 6.131814 11.535480
v -4.130444 -0.448985 11.535480
v -4.130444 -6.141609 8.437978
v -4.130444 -9.420511 3.086052
v -4.130444 -9.420511 -3.086049
v -4.130444 -6.141610 -8.437976
v -4.130444 -0.448987 -11.535480
v -4.130444 6.131812 -11.535480
v -4.130444 11.824435 -8.437979
v -4.130444 15.103335 -3.086051
v -4.130444 15.103335 3.086050
v -4.130444 11.824437 8.437975
v -4.130444 6.131814 11.535480
v -15.429104 7.446900 14.952460
v -13.324406 -3.489728 15.898779
v -9.210140 -12.768839 11.932948
v -4.190922 -17.907738 4.123828
v 0.391304 -17.535995 -5.439026
v 3.310848 -11.749196 -14.199510
v 3.782455 -2.091715 -19.807163
v 1.677750 8.844915 -20.753483
v -2.436512 18.124023 -16.787655
v -7.455730 23.262920 -8.978529
v -12.037960 22.891180 0.584323
v -14.957504 17.104383 9.344807
v -13.960373 7.791607 15.669634
v -11.855675 -3.145024 16.615953
v -7.741409 -12.424130 12.650124
v -2.722191 -17.563030 4.841002
v 1.860035 -17.191290 -4.721849
v 4.779581 -11.404491 -13.482333
v 5.251188 -1.747007 -19.089989
v 3.146482 9.189623 -20.036304
v -0.967781 18.468731 -16.070480
v -5.987000 23.607624 -8.261354
v -10.569218 23.235886 1.301493
v -13.488773 17.449089 10.061980
v -14.858307 7.163496 13.919705
v -12.869465 -3.179176 14.817819
v -8.994370 -11.927581 11.086700
v -4.282276 -16.755756 3.757215
v 0.018948 -16.402723 -5.221159
v 2.767344 -10.942909 -13.473974
v 3.211655 -1.808309 -18.774406
v 1.222811 8.534365 -19.672525
v -2.652287 17.282764 -15.941401
v -7.364380 22.110937 -8.611918
v -11.665604 21.757910 0.366456
v -14.413998 16.298101 8.619274
v -13.389576 7.508202 14.636879
v -11.400730 -2.834474 15.534993
v -7.525635 -11.582873 11.803874
v -2.813541 -16.411049 4.474389
v 1.487680 -16.058020 -4.503986
v 4.236076 -10.598205 -12.756804
v 4.680386 -1.463602 -18.057232
v 2.691542 8.879071 -18.955351
v -1.183552 17.627468 -15.224227
v -5.895645 22.455643 -7.894745
v -10.196873 22.102617 1.083630
v -12.945267 16.642807 9.336449
v -14.676849 1.953714 16.052135
v -11.457855 -8.508793 14.488567
v -6.731075 -15.969536 8.394346
v -1.762543 -18.436430 -0.595259
v 2.119934 -15.250216 -10.077822
v 3.875437 -7.257564 -17.514645
v 3.030184 3.401475 -20.906837
v -0.188797 13.863979 -19.343275
v -4.915577 21.324717 -13.249050
v -9.884109 23.791615 -4.259445
v -13.766586 20.605402 5.223122
v -15.522095 12.612754 12.659947
v -13.208099 2.298420 16.769308
v -9.989117 -8.164085 15.205744
v -5.262337 -15.624828 9.111523
v -0.293804 -18.091722 0.121918
v 3.588676 -14.905507 -9.360648
v 5.344179 -6.912856 -16.797470
v 4.498924 3.746183 -20.189657
v 1.279943 14.208685 -18.626097
v -3.446835 21.669428 -12.531873
v -8.415367 24.136324 -3.542268
v -12.297848 20.950109 5.940299
v -14.053352 12.957461 13.377121
v 4.623848 -1.972499 -19.642221
v 2.497425 9.075500 -20.597576
v -3.439426 -17.951380 4.551156
v 1.195486 -17.576130 -5.121288
v -11.373405 23.276024 0.983759
v -14.325043 17.427917 9.839429
v -14.801762 7.672394 15.504690
v -12.675331 -3.375605 16.460047
v -1.661690 18.454113 -16.587738
v 4.147125 -11.728020 -13.976958
v -8.516232 -12.754220 12.450207
v -6.738487 23.651268 -8.688683
v -14.146809 1.966298 14.960612
v -11.109612 -7.915197 13.490075
v -6.665848 -14.936465 7.764208
v -2.003693 -17.251247 -0.671067
v 1.645144 -14.247980 -9.587193
v 3.299889 -6.696054 -16.605825
v 2.500154 3.388893 -19.815310
v -0.537048 13.270381 -18.344772
v -4.980816 20.291655 -12.618912
v -9.642971 22.606430 -4.183634
v -13.291801 19.603165 4.732490
v -14.946541 12.051245 11.751125
v -12.678066 2.311005 15.677788
v -9.640869 -7.570490 14.207253
v -5.197105 -14.591758 8.481384
v -0.534950 -16.906540 0.046110
v 3.113884 -13.903273 -8.870016
v 4.768629 -6.351348 -15.888651
v 3.968895 3.733600 -19.098137
v 0.931694 13.615090 -17.627600
v -3.512074 20.636360 -11.901734
v -8.174229 22.951139 -3.466460
v -11.823059 19.947874 5.449667
v -13.477802 12.395953 12.468304
v 3.838997 -1.582816 -18.222181
v 1.871880 8.648491 -19.111258
v -3.565033 -16.367401 4.047061
v 0.683506 -16.017881 -4.821727
v -10.861420 21.717775 0.684197
v -13.577721 16.319277 8.841824
v -14.016911 7.282713 14.084652
v -12.049789 -2.948596 14.973727
v -1.958374 17.297382 -15.424143
v 3.399809 -10.619377 -12.979352
v -8.219536 -11.597491 11.286617
v -6.612881 22.067291 -8.184590
v -15.419094 7.240567 14.301614
v -13.372314 -3.399085 15.223833
v -9.377644 -12.412838 11.375354
v -4.511986 -17.396374 3.806050
v -0.070259 -17.033993 -5.464561
v 2.763716 -11.410688 -13.971213
v 3.221668 -2.014643 -19.425257
v 1.174898 8.625010 -20.347477
v -2.819778 17.638763 -16.498999
v -7.685444 22.622293 -8.929693
v -12.127167 22.259914 0.340918
v -14.961132 16.636612 8.847570
v -13.399586 7.714538 15.287727
v -11.352806 -2.925114 16.209948
v -7.358135 -11.938870 12.361468
v -2.492477 -16.922405 4.792164
v 1.949249 -16.560019 -4.478447
v 4.783222 -10.936715 -12.985100
v 5.241177 -1.540673 -18.439144
v 3.194407 9.098979 -19.361364
v -0.800274 18.112734 -15.512883
v -5.665936 23.096266 -7.943580
v -10.107658 22.733885 1.327032
v -12.941624 17.110582 9.833685
v 3.863935 3.576189 -20.752913
v -0.982964 -18.486301 -0.222460
v -13.121235 20.965673 5.673697
v -14.041847 2.123705 16.615374
v 0.610870 14.147628 -19.171913
v 2.943329 -15.265786 -9.811233
v -14.895641 12.890389 13.188931
v -10.788776 -8.447737 15.034373
v -4.168976 21.690771 -13.008616
v 4.717730 -7.190496 -17.326466
v -6.008942 -15.990886 8.871083
v -9.194958 24.186192 -3.915072
v 3.135143 3.558887 -19.252069
v -1.314529 -16.856670 -0.326694
v -12.468403 19.587601 4.999083
v -13.313061 2.141011 15.114536
v 0.132027 13.331441 -17.798975
v 2.290491 -13.887708 -9.136612
v -14.104252 12.118317 11.939308
v -10.309940 -7.631543 13.661442
v -4.258675 20.270306 -12.142171
v 3.926336 -6.418421 -16.076838
v -5.919239 -14.570411 8.004644
v -8.863384 22.556561 -3.810835
v -14.687218 1.895372 15.371900
v -11.559113 -8.276626 13.854854
v -6.973846 -15.517632 7.944808
v -2.158501 -17.908474 -0.767634
v 1.607159 -14.813727 -9.966981
v 3.312273 -7.041442 -17.194708
v 2.489782 3.330552 -20.495541
v -0.638309 13.502548 -18.978498
v -5.223576 20.743553 -13.068453
v -10.038918 23.134392 -4.356009
v -13.804573 20.039654 4.843338
v -15.509705 12.267367 12.071063
v -12.667709 2.369343 16.358013
v -9.539604 -7.802658 14.840967
v -4.954338 -15.043664 8.930923
v -0.138992 -17.434502 0.218479
v 3.626661 -14.339760 -8.980867
v 5.331781 -6.567475 -16.208595
v 4.509291 3.804521 -19.509434
v 1.381205 13.976519 -17.992384
v -3.204067 21.217525 -12.082338
v -8.019413 23.608362 -3.369895
v -11.785065 20.513622 5.829451
v -13.490200 12.741337 13.057177
v 0.120941 5.555979 4.305931
v 0.086739 -0.154967 4.305932
v -3.200340 4.974649 3.746497
v -3.321999 0.389886 3.746498
v 3.526970 4.996135 3.746497
v 3.607866 0.396206 3.746498
v 1.866535 5.427621 4.308225
v 1.908628 -0.024006 4.308225
v 0.046848 -2.897590 3.701791
v 0.124050 2.686619 4.695766
v 0.093040 8.347624 3.701790
v -1.609711 5.415416 4.308225
v -1.713776 -0.021969 4.308225
v -2.636177 -1.134610 3.714811
v -3.461693 2.670120 4.335951
v -2.433159 6.554720 3.714811
v -4.294632 4.001565 3.764347
v -4.367531 1.324260 3.764347
v 4.720907 4.015926 3.764347
v 4.772404 1.327539 3.764347
v 2.669016 6.576196 3.714811
v 3.813223 2.682986 4.335951
v 2.805202 -1.130200 3.714811
v 1.647177 -1.575971 3.704974
v 1.996138 2.687780 4.330481
v 1.566757 7.028919 3.704973
v -1.536263 -1.573827 3.704974
v -1.728767 2.683111 4.330481
v -1.370426 7.016580 3.704973
v -5.162384 2.657625 3.770815
v 5.605330 2.664313 3.770815
v 0.121223 5.439898 3.669158
v 0.086807 -0.037791 3.669359
v -3.053486 4.850712 3.128414
v -3.177677 0.510435 3.127148
v 3.387011 4.871037 3.127049
v 3.470749 0.519987 3.126151
v 1.754097 5.302488 3.683203
v 1.799971 0.101099 3.682529
v 0.047745 -2.718853 3.079693
v 0.124123 2.686401 4.048500
v 0.094116 8.171592 3.078921
v -1.494186 5.292683 3.683290
v -1.602791 0.098977 3.682120
v -2.459892 -0.961654 3.116509
v -3.314724 2.666301 3.705602
v -2.249252 6.377813 3.119969
v -4.122505 3.849456 3.159211
v -4.198036 1.468333 3.156509
v 4.559027 3.865295 3.156023
v 4.614422 1.473217 3.153795
v 2.491512 6.392881 3.119963
v 3.674171 2.680490 3.703801
v 2.634640 -0.948057 3.117579
v 1.542070 -1.395633 3.092287
v 1.906822 2.687224 3.689406
v 1.458683 6.850471 3.092250
v -1.428219 -1.398164 3.091440
v -1.636658 2.681314 3.689803
v -1.259064 6.841321 3.091919
v -4.986946 2.656907 3.147777
v 5.441074 2.664737 3.144737
v -3.126911 4.912681 3.437455
v -3.249840 0.450161 3.436824
v 3.456991 4.933587 3.436773
v 3.539309 0.458097 3.436324
v 0.047295 -2.808222 3.390742
v 0.093578 8.259608 3.390356
v -2.548035 -1.048132 3.415661
v -2.341206 6.466267 3.417390
v -4.208569 3.925510 3.461779
v -4.282780 1.396297 3.460428
v 4.639967 3.940610 3.460185
v 4.693411 1.400378 3.459071
v 2.580265 6.484539 3.417387
v 2.719923 -1.039128 3.416195
v 1.594625 -1.485802 3.398631
v 1.512720 6.939695 3.398612
v -1.482239 -1.485995 3.398208
v -1.314747 6.928951 3.398446
v -5.074665 2.657266 3.459296
v 5.523203 2.664525 3.457775
v 0.120941 0.136595 -4.404078
v 0.086739 5.846637 -4.302494
v -3.200340 0.707882 -3.834391
v -3.321999 5.291920 -3.752841
v 3.526970 0.686400 -3.834774
v 3.607866 5.285601 -3.752953
v 1.866535 0.264974 -4.404088
v 1.908628 5.715738 -4.307117
v 0.046848 8.578081 -3.649664
v 0.124050 3.012435 -4.742811
v 0.093040 -2.665354 -3.849688
v -1.609711 0.277177 -4.403871
v -1.713776 5.713701 -4.307153
v -2.636177 6.815611 -3.694041
v -3.461693 3.022532 -4.382761
v -2.433159 -0.872502 -3.830816
v -4.294632 1.681130 -3.834930
v -4.367531 4.358012 -3.787307
v 4.720907 1.666772 -3.835186
v 4.772404 4.354733 -3.787365
v 2.669016 -0.893975 -3.831198
v 3.813223 3.009667 -4.382989
v 2.805202 6.811202 -3.694120
v 1.647177 7.256727 -3.676355
v 1.996138 3.004777 -4.377605
v 1.566757 -1.346801 -3.829415
v -1.536263 7.254583 -3.676393
v -1.728767 3.009446 -4.377522
v -1.370426 -1.334464 -3.829195
v -5.162384 3.024972 -3.817491
v 5.605330 3.018285 -3.817610
v 0.121223 0.241332 -3.765341
v 0.086807 5.718157 -3.668107
v -3.053486 0.820805 -3.214202
v -3.177677 5.160374 -3.135733
v 3.387011 0.800459 -3.213198
v 3.470749 5.150805 -3.134906
v 1.754097 0.378969 -3.776939
v 1.799971 5.579523 -3.683745
v 0.047745 8.388307 -3.030844
v 0.124123 3.001140 -4.095644
v 0.094116 -2.500429 -3.223788
v -1.494186 0.388774 -3.776851
v -1.602791 5.581638 -3.683298
v -2.459892 6.632041 -3.098911
v -3.314724 3.015137 -3.752443
v -2.249252 -0.706205 -3.232922
v -4.122505 1.822451 -3.227185
v -4.198036 4.203148 -3.182128
v 4.559027 1.806557 -3.224278
v 4.614422 4.198217 -3.179502
v 2.491512 -0.721270 -3.233184
v 3.674171 3.000919 -3.750895
v 2.634640 6.618464 -3.100222
v 1.542070 7.065520 -3.066973
v 1.906822 2.993929 -3.736622
v 1.458683 -1.179281 -3.213614
v -1.428219 7.068036 -3.066082
v -1.636658 2.999846 -3.736914
v -1.259064 -1.170139 -3.213120
v -4.986946 3.014608 -3.194539
v 5.441074 3.006724 -3.191639
v -3.126911 0.764344 -3.524297
v -3.249840 5.226146 -3.444287
v 3.456991 0.743430 -3.523986
v 3.539309 5.218203 -3.443929
v 0.047295 8.483193 -3.340254
v 0.093578 -2.582892 -3.536739
v -2.548035 6.723826 -3.396477
v -2.341206 -0.789354 -3.531869
v -4.208569 1.751791 -3.531057
v -4.282780 4.280580 -3.484717
v 4.639967 1.736665 -3.529731
v 4.693411 4.276475 -3.483433
v 2.580265 -0.807622 -3.532191
v 2.719923 6.714833 -3.397171
v 1.594625 7.161123 -3.371665
v 1.512720 -1.263041 -3.521515
v -1.482239 7.161309 -3.371238
v -1.314747 -1.252301 -3.521158
v -5.074665 3.019790 -3.506015
v 5.523203 3.012505 -3.504624
v 2.332632 3.782052 13.582664
v 1.075954 -4.887335 11.787942
v -2.355011 -11.229545 6.888016
v -7.038425 -13.549328 0.199408
v -11.721840 -11.229547 -6.489202
v -15.152802 -4.887337 -11.389124
v -16.409481 3.782049 -13.183846
v -15.152802 12.451436 -11.389125
v -11.721840 18.793644 -6.489202
v -7.038425 21.113424 0.199406
v -2.355011 18.793644 6.888017
v 1.075954 12.451438 11.787941
v 3.427298 3.782052 12.816172
v 2.170620 -4.887335 11.021449
v -1.260342 -11.229546 6.121526
v -5.943756 -13.549327 -0.567085
v -10.627174 -11.229548 -7.255692
v -14.058136 -4.887337 -12.155617
v -15.314808 3.782049 -13.950336
v -14.058136 12.451436 -12.155618
v -10.627174 18.793646 -7.255694
v -5.943756 21.113422 -0.567087
v -1.260342 18.793644 6.121521
v 2.170620 12.451438 11.021448
v 1.775778 3.782052 12.787395
v 0.588928 -4.417186 11.092398
v -2.641891 -10.398339 6.478309
v -7.038425 -12.579441 0.199408
v -11.434959 -10.398338 -6.079492
v -14.665779 -4.417188 -10.693583
v -15.852627 3.782049 -12.388577
v -14.665779 11.981289 -10.693583
v -11.434959 17.962439 -6.079494
v -7.038425 20.143538 0.199406
v -2.641891 17.962439 6.478306
v 0.588928 11.981291 11.092397
v 2.870443 3.782052 12.020902
v 1.683596 -4.417188 10.325904
v -1.547226 -10.398338 5.711816
v -5.943756 -12.579441 -0.567085
v -10.340290 -10.398339 -6.845985
v -13.571114 -4.417189 -11.460075
v -14.757961 3.782049 -13.155066
v -13.571114 11.981289 -11.460076
v -10.340290 17.962437 -6.845987
v -5.943756 20.143538 -0.567087
v -1.547226 17.962439 5.711813
v 1.683596 11.981291 10.325906
v 2.011045 -0.705024 13.123390
v -0.415424 -8.473985 9.658032
v -4.614864 -12.955975 3.660613
v -9.461987 -12.955976 -3.261796
v -13.661427 -8.473989 -9.259218
v -16.087891 -0.705027 -12.724572
v -16.087894 8.269125 -12.724576
v -13.661427 16.038086 -9.259217
v -9.461987 20.520075 -3.261798
v -4.614864 20.520075 3.660610
v -0.415424 16.038086 9.658033
v 2.011045 8.269127 13.123389
v 3.105713 -0.705024 12.356891
v 0.679249 -8.473985 8.891536
v -3.520191 -12.955976 2.894116
v -8.367313 -12.955977 -4.028292
v -12.566757 -8.473989 -10.025715
v -14.993221 -0.705027 -13.491068
v -14.993221 8.269125 -13.491069
v -12.566757 16.038086 -10.025713
v -8.367313 20.520075 -4.028295
v -3.520191 20.520075 2.894114
v 0.679249 16.038086 8.891537
v 3.105713 8.269127 12.356890
v -15.966553 3.782049 -13.716204
v -14.696781 12.539589 -11.902786
v -6.491085 -13.731180 -0.183838
v -11.228291 -11.385397 -6.949266
v -1.753883 18.949497 6.581587
v 1.714609 12.539591 11.535110
v 2.984377 3.782051 13.348525
v 1.714609 -4.975488 11.535110
v -11.228291 18.949495 -6.949268
v -14.696781 -4.975490 -11.902785
v -1.753883 -11.385395 6.581589
v -6.491085 21.295277 -0.183841
v 1.471760 -0.463350 12.353214
v -0.816887 -7.802199 9.084686
v -4.764309 -12.022170 3.447183
v -9.312542 -12.022170 -3.048367
v -13.259960 -7.802200 -8.685870
v -15.548611 -0.463353 -11.954396
v -15.548611 8.027453 -11.954397
v -13.259960 15.366296 -8.685872
v -9.312542 19.586271 -3.048369
v -4.764309 19.586267 3.447181
v -0.816887 15.366300 9.084684
v 1.471760 8.027455 12.353207
v 2.566431 -0.463351 11.586715
v 0.277782 -7.802199 8.318191
v -3.669636 -12.022170 2.680687
v -8.217873 -12.022170 -3.814863
v -12.165291 -7.802198 -9.452366
v -14.453938 -0.463353 -12.720892
v -14.453938 8.027453 -12.720893
v -12.165291 15.366298 -9.452368
v -8.217873 19.586267 -3.814865
v -3.669636 19.586269 2.680685
v 0.277782 15.366300 8.318189
v 2.566431 8.027455 11.586714
v -15.200878 3.782049 -12.622710
v -14.027126 11.893137 -10.946418
v -6.491085 -12.397584 -0.183838
v -10.833832 -10.242487 -6.385919
v -2.148342 17.806587 6.018239
v 1.044950 11.893138 10.578738
v 2.218706 3.782053 12.255035
v 1.044950 -4.329035 10.578739
v -10.833832 17.806587 -6.385921
v -14.027126 -4.329036 -10.946417
v -2.148342 -10.242489 6.018242
v -6.491085 19.961681 -0.183841
v 1.848951 3.782052 13.328747
v 0.627190 -4.652261 11.583889
v -2.703701 -10.813941 6.826882
v -7.243675 -13.064382 0.343128
v -11.783649 -10.813942 -6.140626
v -15.114540 -4.652264 -10.897635
v -16.336300 3.782049 -12.642492
v -15.114540 12.216363 -10.897635
v -11.783649 18.378042 -6.140628
v -7.243675 20.628479 0.343126
v -2.703701 18.378042 6.826880
v 0.627190 12.216365 11.583888
v 3.354128 3.782052 12.274814
v 2.132364 -4.652262 10.529953
v -1.198528 -10.813942 5.772946
v -5.738503 -13.064382 -0.710808
v -10.278477 -10.813943 -7.194561
v -13.609367 -4.652263 -11.951571
v -14.831131 3.782049 -13.696424
v -13.609367 12.216363 -11.951571
v -10.278477 18.378042 -7.194564
v -5.738503 20.628479 -0.710810
v -1.198528 18.378042 5.772944
v 2.132364 12.216365 10.529952
v -15.641674 8.314439 -13.252229
v -8.942677 -13.131065 -3.685062
v 0.207184 16.164047 9.382290
v 2.659492 -0.750338 12.884549
v -13.189365 16.164047 -9.749970
v -13.189365 -8.599950 -9.749969
v 2.659492 8.314441 12.884548
v 0.207184 -8.599946 9.382292
v -8.942677 20.695164 -3.685065
v -15.641674 -0.750341 -13.252228
v -4.039505 -13.131065 3.317386
v -4.039505 20.695164 3.317384
v -14.900158 7.982139 -12.193234
v -8.737179 -11.847084 -3.391593
v -0.344822 15.240338 8.593935
v 1.917984 -0.418037 11.825556
v -12.637352 15.240338 -8.961615
v -12.637352 -7.676239 -8.961613
v 1.917984 7.982142 11.825555
v -0.344822 -7.676238 8.593937
v -8.737179 19.411180 -3.391595
v -14.900158 -0.418040 -12.193233
v -4.244991 -11.847084 3.023920
v -4.244991 19.411180 3.023917
v 1.536152 -0.584188 12.882022
v -0.821404 -8.138091 9.515082
v -4.894833 -12.489074 3.697618
v -9.592514 -12.489076 -3.011361
v -13.665947 -8.138093 -8.828826
v -16.023502 -0.584190 -12.195765
v -16.023502 8.148289 -12.195765
v -13.665947 15.702191 -8.828825
v -9.592514 20.053173 -3.011364
v -4.894833 20.053173 3.697615
v -0.821404 15.702195 9.515080
v 1.536152 8.148291 12.882021
v 3.041321 -0.584188 11.828089
v 0.683764 -8.138091 8.461149
v -3.389668 -12.489076 2.643685
v -8.087345 -12.489074 -4.065294
v -12.160778 -8.138093 -9.882755
v -14.518333 -0.584190 -13.249697
v -14.518333 8.148289 -13.249698
v -12.160778 15.702193 -9.882760
v -8.087345 20.053173 -4.065297
v -3.389668 20.053173 2.643683
v 0.683764 15.702193 8.461144
v 3.041321 8.148291 11.828088
vn -0.0000 0.1211 -0.9926
vn -0.0000 0.0606 -0.9982
vn 1.0000 -0.0000 -0.0000
vn -0.0000 0.0606 0.9982
vn -0.0210 0.1271 0.9917
vn -0.0293 0.0781 0.9965
vn -0.0000 -1.0000 -0.0000
vn -0.0000 -0.0000 1.0000
vn -0.0500 0.0636 0.9967
vn -0.0000 -0.0000 -1.0000
vn -0.0692 0.0989 0.9927
vn -0.0232 0.0594 -0.9980
vn -0.0481 0.0707 -0.9963
vn -0.0605 0.0969 -0.9935
vn -0.0679 0.0885 0.9938
vn -0.0079 -1.0000 -0.0000
vn -0.0163 -0.9999 -0.0000
vn -0.0679 0.0885 -0.9938
vn -0.0000 0.1211 0.9926
vn -0.0160 0.0942 -0.9954
vn -0.2610 0.1197 -0.9579
vn -0.2611 0.3506 -0.8994
vn 0.2611 0.3506 -0.8994
vn 0.2610 0.1197 -0.9579
vn -0.2602 -0.9562 -0.1342
vn -0.2601 -0.8844 -0.3874
vn 0.2601 -0.8844 -0.3875
vn 0.2602 -0.9562 -0.1342
vn -0.2602 0.7486 0.6099
vn -0.2604 0.5668 0.7816
vn 0.2604 0.5668 0.7816
vn 0.2602 0.7486 0.6099
vn -0.2610 -0.1197 0.9579
vn -0.2611 -0.3506 0.8994
vn 0.2611 -0.3506 0.8994
vn 0.2610 -0.1197 0.9579
vn -0.2610 0.5666 -0.7816
vn -0.2609 0.7484 -0.6098
vn 0.2609 0.7484 -0.6098
vn 0.2610 0.5666 -0.7816
vn -0.2602 -0.7486 -0.6099
vn -0.2604 -0.5668 -0.7816
vn 0.2604 -0.5668 -0.7816
vn 0.2602 -0.7486 -0.6099
vn -0.2606 0.3507 0.8995
vn -0.2609 0.1197 0.9579
vn 0.2609 0.1197 0.9579
vn 0.2606 0.3507 0.8995
vn -0.2610 -0.5666 0.7816
vn -0.2609 -0.7484 0.6098
vn 0.2609 -0.7484 0.6098
vn 0.2610 -0.5666 0.7816
vn -0.2606 0.8843 -0.3875
vn -0.2604 0.9561 -0.1343
vn 0.2604 0.9561 -0.1343
vn 0.2606 0.8843 -0.3875
vn -0.2606 -0.3507 -0.8995
vn -0.2609 -0.1197 -0.9579
vn 0.2609 -0.1197 -0.9579
vn 0.2606 -0.3507 -0.8995
vn -0.2606 -0.8843 0.3875
vn -0.2604 -0.9561 0.1343
vn 0.2604 -0.9561 0.1343
vn 0.2606 -0.8843 0.3875
vn -0.2602 0.9562 0.1342
vn -0.2601 0.8844 0.3874
vn 0.2601 0.8844 0.3875
vn 0.2602 0.9562 0.1342
vn -0.2608 -0.1196 0.9579
vn 0.2610 -0.1196 0.9579
vn 0.2611 -0.3501 0.8996
vn -0.2606 -0.3502 0.8997
vn -0.2602 0.9561 0.1344
vn 0.2604 0.9561 0.1344
vn 0.2607 0.8840 0.3881
vn -0.2601 0.8842 0.3880
vn -0.2602 -0.7481 -0.6104
vn 0.2609 -0.7479 -0.6104
vn 0.2610 -0.5660 -0.7820
vn -0.2603 -0.5662 -0.7820
vn -0.2609 0.1196 -0.9579
vn 0.2610 0.1196 -0.9579
vn 0.2611 0.3501 -0.8996
vn -0.2606 0.3502 -0.8997
vn -0.2603 -0.5662 0.7820
vn 0.2610 -0.5661 0.7820
vn 0.2609 -0.7479 0.6104
vn -0.2602 -0.7481 0.6104
vn -0.2602 0.7481 0.6104
vn 0.2609 0.7479 0.6104
vn 0.2610 0.5660 0.7820
vn -0.2603 0.5662 0.7820
vn -0.2606 -0.3502 -0.8997
vn 0.2611 -0.3501 -0.8996
vn 0.2610 -0.1196 -0.9579
vn -0.2609 -0.1196 -0.9579
vn -0.2603 0.5662 -0.7820
vn 0.2610 0.5661 -0.7820
vn 0.2609 0.7479 -0.6104
vn -0.2602 0.7481 -0.6104
vn -0.2601 -0.8842 0.3880
vn 0.2607 -0.8840 0.3881
vn 0.2604 -0.9561 0.1344
vn -0.2602 -0.9561 0.1344
vn -0.2606 0.3502 0.8997
vn 0.2611 0.3501 0.8996
vn 0.2610 0.1196 0.9579
vn -0.2608 0.1196 0.9579
vn -0.2601 0.8842 -0.3880
vn 0.2607 0.8840 -0.3881
vn 0.2604 0.9561 -0.1344
vn -0.2602 0.9561 -0.1344
vn -0.2602 -0.9561 -0.1344
vn 0.2604 -0.9561 -0.1344
vn 0.2607 -0.8840 -0.3881
vn -0.2601 -0.8842 -0.3880
vn -0.8869 -0.1678 0.4305
vn -0.8871 -0.0572 0.4581
vn -0.8871 0.0572 -0.4581
vn -0.8869 0.1677 -0.4305
vn -0.8866 -0.3586 0.2922
vn -0.8867 -0.2714 0.3744
vn -0.8867 0.2713 -0.3744
vn -0.8865 0.3586 -0.2924
vn -0.8866 -0.4581 0.0643
vn -0.8865 -0.4239 0.1857
vn -0.8865 0.4239 -0.1859
vn -0.8866 0.4581 -0.0644
vn -0.8869 -0.4231 -0.1855
vn -0.8867 -0.4579 -0.0643
vn -0.8867 0.4579 0.0644
vn -0.8869 0.4230 0.1856
vn -0.8872 -0.2707 -0.3737
vn -0.8871 -0.3578 -0.2917
vn -0.8871 0.3577 0.2918
vn -0.8872 0.2706 0.3737
vn -0.8872 -0.0572 -0.4579
vn -0.8872 -0.1674 -0.4298
vn -0.8872 0.1673 0.4299
vn -0.8872 0.0572 0.4579
vn -0.8869 0.1678 -0.4305
vn -0.8869 -0.1677 0.4305
vn -0.8865 0.3586 -0.2922
vn -0.8867 0.2714 -0.3744
vn -0.8867 -0.2713 0.3744
vn -0.8865 -0.3586 0.2924
vn -0.8866 0.4581 -0.0643
vn -0.8865 0.4239 -0.1857
vn -0.8865 -0.4239 0.1859
vn -0.8866 -0.4581 0.0644
vn -0.8869 0.4231 0.1855
vn -0.8867 0.4579 0.0643
vn -0.8867 -0.4579 -0.0644
vn -0.8869 -0.4230 -0.1856
vn -0.8872 0.2707 0.3737
vn -0.8871 0.3578 0.2917
vn -0.8871 -0.3577 -0.2918
vn -0.8872 -0.2706 -0.3737
vn -0.8872 0.1675 0.4298
vn -0.8872 -0.1673 -0.4299
vn 0.8871 -0.0572 0.4579
vn 0.8872 -0.1674 0.4298
vn 0.8872 0.1673 -0.4299
vn 0.8871 0.0572 -0.4579
vn 0.8872 -0.2707 0.3737
vn 0.8871 -0.3578 0.2917
vn 0.8871 0.3577 -0.2918
vn 0.8872 0.2706 -0.3738
vn 0.8869 -0.4231 0.1855
vn 0.8867 -0.4579 0.0643
vn 0.8867 0.4579 -0.0644
vn 0.8869 0.4230 -0.1856
vn 0.8866 -0.4581 -0.0643
vn 0.8865 -0.4239 -0.1857
vn 0.8865 0.4238 0.1859
vn 0.8866 0.4581 0.0644
vn 0.8865 -0.3586 -0.2922
vn 0.8867 -0.2714 -0.3743
vn 0.8867 0.2713 0.3744
vn 0.8865 0.3586 0.2924
vn 0.8869 -0.1678 -0.4305
vn 0.8871 -0.0572 -0.4581
vn 0.8871 0.0572 0.4581
vn 0.8868 0.1677 0.4305
vn 0.8872 0.1674 -0.4298
vn 0.8872 -0.1673 0.4299
vn 0.8872 0.2707 -0.3737
vn 0.8871 0.3578 -0.2917
vn 0.8871 -0.3577 0.2918
vn 0.8872 -0.2706 0.3738
vn 0.8869 0.4231 -0.1855
vn 0.8867 0.4579 -0.0643
vn 0.8867 -0.4579 0.0644
vn 0.8869 -0.4230 0.1856
vn 0.8866 0.4581 0.0643
vn 0.8865 0.4239 0.1857
vn 0.8865 -0.4238 -0.1859
vn 0.8866 -0.4581 -0.0644
vn 0.8865 0.3586 0.2922
vn 0.8867 0.2714 0.3743
vn 0.8867 -0.2713 -0.3744
vn 0.8865 -0.3586 -0.2924
vn 0.8869 0.1678 0.4305
vn 0.8868 -0.1677 -0.4305
vn -0.2609 0.1197 -0.9579
vn -0.2606 0.3507 -0.8995
vn 0.2606 0.3507 -0.8995
vn 0.2609 0.1197 -0.9579
vn -0.2604 -0.9561 -0.1343
vn -0.2606 -0.8843 -0.3875
vn 0.2606 -0.8843 -0.3875
vn 0.2604 -0.9561 -0.1343
vn -0.2609 0.7484 0.6098
vn -0.2610 0.5666 0.7816
vn 0.2610 0.5666 0.7816
vn 0.2609 0.7484 0.6098
vn -0.2608 -0.1197 0.9579
vn -0.2606 -0.3507 0.8995
vn 0.2606 -0.3507 0.8995
vn 0.2608 -0.1197 0.9579
vn -0.2604 0.5668 -0.7816
vn -0.2602 0.7486 -0.6099
vn 0.2602 0.7486 -0.6099
vn 0.2604 0.5668 -0.7816
vn -0.2609 -0.7484 -0.6098
vn -0.2610 -0.5666 -0.7816
vn 0.2610 -0.5666 -0.7816
vn 0.2609 -0.7484 -0.6098
vn -0.2611 0.3506 0.8994
vn -0.2610 0.1197 0.9579
vn 0.2610 0.1197 0.9579
vn 0.2611 0.3506 0.8994
vn -0.2604 -0.5668 0.7816
vn -0.2602 -0.7486 0.6099
vn 0.2602 -0.7486 0.6099
vn 0.2604 -0.5668 0.7816
vn -0.2601 0.8844 -0.3874
vn -0.2602 0.9562 -0.1342
vn 0.2602 0.9562 -0.1342
vn 0.2601 0.8844 -0.3875
vn -0.2611 -0.3506 -0.8994
vn -0.2610 -0.1197 -0.9579
vn 0.2610 -0.1197 -0.9579
vn 0.2611 -0.3506 -0.8994
vn -0.2601 -0.8844 0.3874
vn -0.2602 -0.9562 0.1342
vn 0.2602 -0.9562 0.1342
vn 0.2601 -0.8844 0.3875
vn -0.2604 0.9561 0.1343
vn -0.2606 0.8843 0.3875
vn 0.2606 0.8843 0.3875
vn 0.2604 0.9561 0.1343
vn -0.2610 -0.1196 0.9579
vn 0.2608 -0.1196 0.9579
vn 0.2606 -0.3502 0.8997
vn -0.2611 -0.3501 0.8996
vn -0.2604 0.9561 0.1344
vn 0.2602 0.9561 0.1344
vn 0.2601 0.8842 0.3880
vn -0.2607 0.8840 0.3880
vn -0.2609 -0.7479 -0.6104
vn 0.2602 -0.7481 -0.6104
vn 0.2603 -0.5662 -0.7820
vn -0.2610 -0.5661 -0.7820
vn -0.2610 0.1196 -0.9579
vn 0.2609 0.1196 -0.9579
vn 0.2606 0.3502 -0.8997
vn -0.2611 0.3501 -0.8996
vn -0.2610 -0.5661 0.7820
vn 0.2603 -0.5662 0.7820
vn 0.2602 -0.7481 0.6104
vn -0.2609 -0.7479 0.6104
vn -0.2609 0.7479 0.6104
vn 0.2602 0.7481 0.6104
vn 0.2603 0.5662 0.7820
vn -0.2610 0.5661 0.7820
vn -0.2611 -0.3501 -0.8996
vn 0.2606 -0.3502 -0.8997
vn 0.2608 -0.1196 -0.9579
vn -0.2610 -0.1196 -0.9579
vn -0.2610 0.5661 -0.7820
vn 0.2603 0.5662 -0.7820
vn 0.2602 0.7481 -0.6104
vn -0.2609 0.7479 -0.6104
vn -0.2607 -0.8840 0.3881
vn 0.2601 -0.8842 0.3880
vn 0.2602 -0.9561 0.1344
vn -0.2604 -0.9561 0.1344
vn -0.2611 0.3501 0.8996
vn 0.2606 0.3502 0.8997
vn 0.2608 0.1196 0.9579
vn -0.2610 0.1196 0.9579
vn -0.2607 0.8840 -0.3880
vn 0.2601 0.8842 -0.3880
vn 0.2602 0.9561 -0.1344
vn -0.2604 0.9561 -0.1344
vn -0.2604 -0.9561 -0.1344
vn 0.2602 -0.9561 -0.1344
vn 0.2601 -0.8842 -0.3880
vn -0.2607 -0.8840 -0.3880
vn -0.8872 -0.1675 0.4298
vn -0.8872 -0.0572 0.4579
vn -0.8872 0.0572 -0.4579
vn -0.8872 0.1673 -0.4299
vn -0.8871 -0.3578 0.2917
vn -0.8872 -0.2707 0.3737
vn -0.8872 0.2706 -0.3737
vn -0.8871 0.3577 -0.2918
vn -0.8867 -0.4579 0.0643
vn -0.8869 -0.4231 0.1855
vn -0.8869 0.4230 -0.1856
vn -0.8867 0.4579 -0.0644
vn -0.8865 -0.4239 -0.1857
vn -0.8866 -0.4581 -0.0643
vn -0.8866 0.4581 0.0644
vn -0.8865 0.4239 0.1859
vn -0.8867 -0.2714 -0.3744
vn -0.8866 -0.3586 -0.2922
vn -0.8865 0.3586 0.2924
vn -0.8867 0.2713 0.3744
vn -0.8871 -0.0572 -0.4581
vn -0.8869 -0.1678 -0.4305
vn -0.8869 0.1677 0.4305
vn -0.8871 0.0572 0.4581
vn -0.8872 0.1674 -0.4298
vn -0.8872 -0.1673 0.4299
vn -0.8871 0.3578 -0.2917
vn -0.8872 0.2707 -0.3737
vn -0.8872 -0.2706 0.3737
vn -0.8871 -0.3577 0.2918
vn -0.8867 0.4579 -0.0643
vn -0.8869 0.4231 -0.1855
vn -0.8869 -0.4230 0.1856
vn -0.8867 -0.4579 0.0644
vn -0.8865 0.4239 0.1857
vn -0.8866 0.4581 0.0643
vn -0.8866 -0.4581 -0.0644
vn -0.8865 -0.4239 -0.1859
vn -0.8867 0.2714 0.3744
vn -0.8865 0.3586 0.2922
vn -0.8865 -0.3586 -0.2924
vn -0.8867 -0.2713 -0.3744
vn -0.8869 0.1678 0.4305
vn -0.8869 -0.1677 -0.4305
vn 0.8871 -0.0572 0.4581
vn 0.8869 -0.1678 0.4305
vn 0.8868 0.1677 -0.4305
vn 0.8871 0.0572 -0.4581
vn 0.8867 -0.2714 0.3744
vn 0.8865 -0.3586 0.2922
vn 0.8865 0.3586 -0.2924
vn 0.8867 0.2713 -0.3744
vn 0.8865 -0.4239 0.1857
vn 0.8866 -0.4581 0.0643
vn 0.8866 0.4581 -0.0644
vn 0.8865 0.4238 -0.1859
vn 0.8867 -0.4579 -0.0643
vn 0.8869 -0.4231 -0.1855
vn 0.8869 0.4230 0.1856
vn 0.8867 0.4579 0.0644
vn 0.8871 -0.3578 -0.2917
vn 0.8872 -0.2707 -0.3737
vn 0.8872 0.2706 0.3738
vn 0.8871 0.3577 0.2918
vn 0.8872 -0.1674 -0.4298
vn 0.8871 -0.0572 -0.4579
vn 0.8871 0.0572 0.4579
vn 0.8872 0.1673 0.4299
vn 0.8869 0.1678 -0.4305
vn 0.8868 -0.1677 0.4305
vn 0.8867 0.2714 -0.3744
vn 0.8865 0.3586 -0.2922
vn 0.8865 -0.3586 0.2924
vn 0.8867 -0.2713 0.3744
vn 0.8865 0.4239 -0.1857
vn 0.8866 0.4581 -0.0643
vn 0.8866 -0.4581 0.0644
vn 0.8865 -0.4238 0.1859
vn 0.8867 0.4579 0.0643
vn 0.8869 0.4231 0.1855
vn 0.8869 -0.4230 -0.1856
vn 0.8867 -0.4579 -0.0644
vn 0.8871 0.3578 0.2917
vn 0.8872 0.2707 0.3737
vn 0.8872 -0.2706 -0.3738
vn 0.8871 -0.3577 -0.2918
vn 0.8872 0.1674 0.4298
vn 0.8872 -0.1673 -0.4299
vn 0.2121 -0.1638 -0.9634
vn 0.1671 0.0692 -0.9835
vn 0.6262 0.1770 -0.7593
vn 0.6710 -0.0561 -0.7393
vn -0.0936 -0.9936 0.0632
vn 0.0202 -0.9845 -0.1739
vn 0.4776 -0.8772 0.0494
vn 0.3640 -0.8862 0.2866
vn -0.5720 0.8000 0.1809
vn -0.6393 0.6674 0.3820
vn -0.1814 0.7748 0.6056
vn -0.1145 0.9074 0.4043
vn -0.6710 0.0561 0.7393
vn -0.6262 -0.1770 0.7594
vn -0.1671 -0.0692 0.9835
vn -0.2121 0.1638 0.9634
vn 0.0955 0.3020 -0.9485
vn 0.0011 0.5149 -0.8573
vn 0.4598 0.6225 -0.6333
vn 0.5544 0.4097 -0.7244
vn 0.1145 -0.9074 -0.4043
vn 0.1814 -0.7748 -0.6056
vn 0.6393 -0.6674 -0.3820
vn 0.5720 -0.8000 -0.1809
vn -0.6786 0.4895 0.5476
vn -0.6889 0.2836 0.6670
vn -0.2302 0.3913 0.8910
vn -0.2204 0.5971 0.7713
vn -0.5544 -0.4097 0.7244
vn -0.4598 -0.6225 0.6333
vn -0.0011 -0.5149 0.8573
vn -0.0955 -0.3020 0.9485
vn -0.1135 0.6960 -0.7090
vn -0.2378 0.8234 -0.5152
vn 0.2200 0.9309 -0.2916
vn 0.3448 0.8035 -0.4852
vn 0.2204 -0.5971 -0.7713
vn 0.2302 -0.3913 -0.8910
vn 0.6889 -0.2836 -0.6670
vn 0.6786 -0.4895 -0.5476
vn -0.3448 -0.8035 0.4852
vn -0.2200 -0.9309 0.2916
vn 0.2378 -0.8234 0.5152
vn 0.1135 -0.6960 0.7090
vn -0.3640 0.8862 -0.2866
vn -0.4776 0.8772 -0.0494
vn -0.0202 0.9845 0.1739
vn 0.0936 0.9936 -0.0632
vn -0.6709 0.0562 0.7394
vn -0.2121 0.1639 0.9634
vn -0.1672 -0.0687 0.9835
vn -0.6259 -0.1765 0.7597
vn -0.3641 0.8862 -0.2865
vn 0.0937 0.9936 -0.0630
vn -0.0199 0.9844 0.1748
vn -0.4778 0.8771 -0.0488
vn 0.1147 -0.9071 -0.4049
vn 0.5728 -0.7994 -0.1813
vn 0.6399 -0.6666 -0.3822
vn 0.1816 -0.7744 -0.6061
vn 0.2122 -0.1639 -0.9634
vn 0.6710 -0.0562 -0.7393
vn 0.6263 0.1765 -0.7593
vn 0.1677 0.0689 -0.9834
vn -0.5541 -0.4091 0.7250
vn -0.0957 -0.3014 0.9487
vn -0.0014 -0.5143 0.8576
vn -0.4595 -0.6220 0.6340
vn -0.5722 0.7997 0.1815
vn -0.1141 0.9070 0.4053
vn -0.1810 0.7743 0.6063
vn -0.6394 0.6670 0.3825
vn 0.2204 -0.5967 -0.7716
vn 0.6791 -0.4889 -0.5476
vn 0.6890 -0.2835 -0.6670
vn 0.2302 -0.3912 -0.8911
vn 0.0963 0.3017 -0.9485
vn 0.5546 0.4091 -0.7246
vn 0.4601 0.6219 -0.6336
vn 0.0020 0.5146 -0.8574
vn -0.3445 -0.8032 0.4859
vn 0.1133 -0.6956 0.7095
vn 0.2378 -0.8234 0.5153
vn -0.2200 -0.9308 0.2918
vn -0.6787 0.4891 0.5479
vn -0.2199 0.5966 0.7718
vn -0.2301 0.3912 0.8911
vn -0.6889 0.2835 0.6671
vn -0.1128 0.6959 -0.7092
vn 0.3451 0.8032 -0.4856
vn 0.2201 0.9308 -0.2917
vn -0.2376 0.8234 -0.5152
vn -0.0936 -0.9936 0.0630
vn 0.3642 -0.8862 0.2865
vn 0.4783 -0.8768 0.0490
vn 0.0205 -0.9844 -0.1745
vn -0.9696 -0.2419 0.0363
vn -0.9911 -0.1305 0.0263
vn -0.5688 -0.2357 -0.7880
vn -0.5899 -0.1242 -0.7979
vn -0.8899 -0.4555 -0.0235
vn -0.9353 -0.3534 0.0200
vn -0.6239 -0.0126 -0.7814
vn -0.6690 0.0895 -0.7379
vn -0.7753 -0.6032 -0.1874
vn -0.8349 -0.5423 -0.0943
vn -0.7239 0.1764 -0.6669
vn -0.7838 0.2373 -0.5739
vn -0.6607 -0.6283 -0.4107
vn -0.7149 -0.6331 -0.2970
vn -0.8444 0.2671 -0.4644
vn -0.8990 0.2623 -0.3507
vn -0.5839 -0.5276 -0.6170
vn -0.6158 -0.5911 -0.5209
vn -0.9442 0.2249 -0.2407
vn -0.9762 0.1613 -0.1447
vn -0.5603 -0.3444 -0.7533
vn -0.5653 -0.4426 -0.6961
vn -0.9949 0.0763 -0.0657
vn -0.9997 -0.0218 -0.0085
vn -0.5899 -0.1241 -0.7979
vn -0.5688 -0.2356 -0.7880
vn -0.9911 -0.1304 0.0263
vn -0.9696 -0.2418 0.0364
vn -0.6691 0.0896 -0.7378
vn -0.6240 -0.0125 -0.7813
vn -0.9353 -0.3533 0.0200
vn -0.8900 -0.4554 -0.0234
vn -0.7240 0.1765 -0.6668
vn -0.8349 -0.5423 -0.0942
vn -0.7753 -0.6032 -0.1873
vn -0.8989 0.2623 -0.3508
vn -0.6606 -0.6283 -0.4108
vn -0.9762 0.1614 -0.1448
vn -0.9441 0.2250 -0.2408
vn -0.6158 -0.5911 -0.5211
vn -0.5839 -0.5275 -0.6171
vn -0.9949 0.0764 -0.0657
vn -0.5653 -0.4425 -0.6962
vn -0.5603 -0.3443 -0.7533
vn 0.5690 0.2357 0.7879
vn 0.5906 0.1244 0.7974
vn 0.9697 0.2417 -0.0355
vn 0.9911 0.1305 -0.0261
vn 0.6247 0.0131 0.7808
vn 0.6697 -0.0888 0.7373
vn 0.8903 0.4548 0.0243
vn 0.9355 0.3529 -0.0190
vn 0.7244 -0.1757 0.6666
vn 0.7839 -0.2371 0.5739
vn 0.7754 0.6030 0.1875
vn 0.8353 0.5416 0.0949
vn 0.8443 -0.2673 0.4644
vn 0.8987 -0.2632 0.3507
vn 0.6601 0.6291 0.4106
vn 0.7147 0.6333 0.2969
vn 0.9440 -0.2261 0.2404
vn 0.9761 -0.1623 0.1442
vn 0.5831 0.5282 0.6173
vn 0.6150 0.5919 0.5210
vn 0.9949 -0.0770 0.0651
vn 0.9997 0.0217 0.0083
vn 0.5602 0.3444 0.7534
vn 0.5646 0.4429 0.6964
vn 0.9697 0.2418 -0.0355
vn 0.5905 0.1245 0.7974
vn 0.9354 0.3531 -0.0190
vn 0.8902 0.4549 0.0244
vn 0.6697 -0.0886 0.7374
vn 0.6246 0.0132 0.7808
vn 0.8352 0.5417 0.0950
vn 0.7838 -0.2371 0.5739
vn 0.7244 -0.1756 0.6667
vn 0.7148 0.6332 0.2969
vn 0.6601 0.6291 0.4105
vn 0.8988 -0.2632 0.3506
vn 0.6150 0.5920 0.5209
vn 0.5831 0.5283 0.6172
vn 0.9762 -0.1623 0.1441
vn 0.9440 -0.2260 0.2402
vn 0.5646 0.4430 0.6964
vn 0.9949 -0.0769 0.0651
vn 0.2122 -0.1638 -0.9634
vn 0.1675 0.0694 -0.9834
vn 0.6258 0.1770 -0.7596
vn 0.6709 -0.0561 -0.7394
vn -0.0937 -0.9936 0.0631
vn 0.0197 -0.9845 -0.1742
vn 0.4780 -0.8769 0.0496
vn 0.3641 -0.8861 0.2866
vn -0.5726 0.7997 0.1807
vn -0.6398 0.6671 0.3817
vn -0.1808 0.7748 0.6058
vn -0.1139 0.9073 0.4047
vn -0.6709 0.0561 0.7394
vn -0.6258 -0.1770 0.7597
vn -0.1675 -0.0694 0.9834
vn -0.2122 0.1638 0.9634
vn 0.0960 0.3023 -0.9484
vn 0.0017 0.5152 -0.8571
vn 0.4592 0.6226 -0.6337
vn 0.5539 0.4097 -0.7248
vn 0.1139 -0.9073 -0.4047
vn 0.1808 -0.7748 -0.6058
vn 0.6398 -0.6671 -0.3817
vn 0.5726 -0.7997 -0.1807
vn -0.6790 0.4893 0.5473
vn -0.6890 0.2836 0.6670
vn -0.2301 0.3913 0.8910
vn -0.2199 0.5970 0.7715
vn -0.5539 -0.4097 0.7248
vn -0.4592 -0.6226 0.6337
vn -0.0017 -0.5152 0.8571
vn -0.0960 -0.3023 0.9484
vn -0.1131 0.6962 -0.7088
vn -0.2377 0.8235 -0.5151
vn 0.2199 0.9309 -0.2917
vn 0.3443 0.8036 -0.4855
vn 0.2199 -0.5970 -0.7715
vn 0.2301 -0.3913 -0.8910
vn 0.6890 -0.2836 -0.6669
vn 0.6790 -0.4893 -0.5473
vn -0.3443 -0.8036 0.4855
vn -0.2199 -0.9309 0.2917
vn 0.2377 -0.8235 0.5151
vn 0.1131 -0.6962 0.7088
vn -0.3641 0.8861 -0.2866
vn -0.4780 0.8769 -0.0496
vn -0.0197 0.9845 0.1743
vn 0.0937 0.9936 -0.0631
vn -0.6710 0.0562 0.7393
vn -0.2122 0.1639 0.9634
vn -0.1677 -0.0689 0.9834
vn -0.6263 -0.1765 0.7593
vn -0.3642 0.8862 -0.2865
vn 0.0936 0.9936 -0.0630
vn -0.0205 0.9844 0.1745
vn -0.4783 0.8768 -0.0490
vn 0.1141 -0.9070 -0.4053
vn 0.5722 -0.7997 -0.1815
vn 0.6394 -0.6670 -0.3825
vn 0.1810 -0.7743 -0.6063
vn 0.2121 -0.1639 -0.9634
vn 0.6709 -0.0562 -0.7394
vn 0.6259 0.1765 -0.7597
vn 0.1672 0.0687 -0.9835
vn -0.5546 -0.4091 0.7246
vn -0.0963 -0.3017 0.9485
vn -0.0020 -0.5146 0.8574
vn -0.4601 -0.6219 0.6336
vn -0.5728 0.7994 0.1813
vn -0.1147 0.9071 0.4050
vn -0.1816 0.7744 0.6061
vn -0.6399 0.6666 0.3822
vn 0.2199 -0.5966 -0.7718
vn 0.6787 -0.4891 -0.5479
vn 0.6889 -0.2835 -0.6671
vn 0.2301 -0.3912 -0.8911
vn 0.0957 0.3014 -0.9487
vn 0.5541 0.4091 -0.7250
vn 0.4595 0.6220 -0.6340
vn 0.0014 0.5143 -0.8576
vn -0.3451 -0.8032 0.4856
vn 0.1128 -0.6959 0.7092
vn 0.2376 -0.8234 0.5152
vn -0.2201 -0.9308 0.2917
vn -0.6791 0.4889 0.5476
vn -0.2204 0.5967 0.7716
vn -0.2302 0.3912 0.8911
vn -0.6890 0.2835 0.6670
vn -0.1133 0.6956 -0.7095
vn 0.3445 0.8032 -0.4859
vn 0.2200 0.9308 -0.2918
vn -0.2378 0.8234 -0.5153
vn -0.0937 -0.9936 0.0630
vn 0.3641 -0.8862 0.2865
vn 0.4778 -0.8771 0.0488
vn 0.0199 -0.9844 -0.1748
vn -0.9697 -0.2418 0.0355
vn -0.9911 -0.1305 0.0261
vn -0.5690 -0.2357 -0.7879
vn -0.5905 -0.1245 -0.7974
vn -0.8902 -0.4549 -0.0244
vn -0.9354 -0.3531 0.0190
vn -0.6247 -0.0132 -0.7808
vn -0.6697 0.0886 -0.7374
vn -0.7754 -0.6030 -0.1875
vn -0.8352 -0.5417 -0.0950
vn -0.7244 0.1756 -0.6667
vn -0.7839 0.2371 -0.5739
vn -0.6601 -0.6291 -0.4105
vn -0.7148 -0.6332 -0.2969
vn -0.8443 0.2674 -0.4644
vn -0.8988 0.2632 -0.3506
vn -0.5831 -0.5283 -0.6172
vn -0.6150 -0.5920 -0.5209
vn -0.9440 0.2260 -0.2402
vn -0.9762 0.1622 -0.1441
vn -0.5602 -0.3444 -0.7534
vn -0.5646 -0.4430 -0.6964
vn -0.9949 0.0769 -0.0651
vn -0.9997 -0.0217 -0.0083
vn -0.5905 -0.1244 -0.7974
vn -0.5689 -0.2357 -0.7879
vn -0.9697 -0.2417 0.0355
vn -0.6697 0.0888 -0.7373
vn -0.6247 -0.0131 -0.7808
vn -0.9355 -0.3529 0.0190
vn -0.8903 -0.4548 -0.0243
vn -0.7244 0.1757 -0.6666
vn -0.8353 -0.5416 -0.0949
vn -0.8987 0.2632 -0.3507
vn -0.8443 0.2673 -0.4644
vn -0.7147 -0.6333 -0.2969
vn -0.6601 -0.6291 -0.4106
vn -0.9761 0.1623 -0.1442
vn -0.9440 0.2261 -0.2404
vn -0.6150 -0.5919 -0.5210
vn -0.5831 -0.5282 -0.6173
vn -0.9949 0.0770 -0.0652
vn -0.5646 -0.4429 -0.6964
vn 0.5688 0.2356 0.7880
vn 0.5899 0.1241 0.7979
vn 0.9696 0.2418 -0.0364
vn 0.9911 0.1304 -0.0263
vn 0.6240 0.0125 0.7813
vn 0.6691 -0.0896 0.7378
vn 0.8900 0.4554 0.0234
vn 0.9353 0.3533 -0.0200
vn 0.7240 -0.1765 0.6668
vn 0.7838 -0.2373 0.5739
vn 0.7753 0.6032 0.1873
vn 0.8349 0.5423 0.0942
vn 0.8444 -0.2671 0.4644
vn 0.8989 -0.2623 0.3508
vn 0.6606 0.6283 0.4108
vn 0.7148 0.6331 0.2970
vn 0.9441 -0.2250 0.2408
vn 0.9762 -0.1615 0.1447
vn 0.5839 0.5275 0.6171
vn 0.6158 0.5911 0.5211
vn 0.9949 -0.0764 0.0658
vn 0.9997 0.0218 0.0085
vn 0.5603 0.3443 0.7533
vn 0.5653 0.4425 0.6961
vn 0.9911 0.1305 -0.0263
vn 0.9696 0.2419 -0.0364
vn 0.5899 0.1242 0.7979
vn 0.5688 0.2357 0.7880
vn 0.9353 0.3534 -0.0200
vn 0.8899 0.4555 0.0235
vn 0.6690 -0.0895 0.7379
vn 0.6239 0.0126 0.7814
vn 0.8349 0.5423 0.0943
vn 0.7753 0.6032 0.1874
vn 0.7239 -0.1764 0.6669
vn 0.7149 0.6331 0.2970
vn 0.6607 0.6284 0.4107
vn 0.8990 -0.2623 0.3507
vn 0.6158 0.5911 0.5209
vn 0.5839 0.5276 0.6170
vn 0.9762 -0.1614 0.1446
vn 0.9442 -0.2250 0.2407
vn 0.5653 0.4426 0.6961
vn 0.5603 0.3444 0.7533
vn 0.9949 -0.0763 0.0657
vn 0.1381 -0.3789 0.9151
vn 0.1750 -0.2142 0.9610
vn 0.3178 -0.0180 0.9480
vn -0.0023 0.2467 0.9691
vn 0.1915 0.0170 0.9814
vn 0.0085 -0.1360 0.9907
vn 0.3627 0.2151 0.9068
vn 0.0250 0.3565 0.9340
vn -0.1732 -0.2095 0.9624
vn -0.1406 -0.3726 0.9173
vn -0.0088 -0.1358 0.9907
vn -0.1934 0.0164 0.9810
vn 0.0012 0.2477 0.9688
vn -0.3319 -0.0096 0.9433
vn -0.0277 0.3560 0.9341
vn -0.3751 0.2003 0.9051
vn -0.2134 -0.2567 0.9426
vn -0.3100 0.2046 0.9284
vn 0.2966 0.1986 0.9341
vn 0.1944 -0.2612 0.9455
vn -0.3556 0.2078 -0.9113
vn -0.0229 0.3702 -0.9287
vn 0.0089 0.2575 -0.9662
vn 0.0069 -0.2538 -0.9672
vn -0.1974 -0.0139 -0.9802
vn -0.1975 0.0108 -0.9803
vn -0.3660 -0.2196 -0.9043
vn -0.0223 -0.3603 -0.9326
vn 0.1792 0.2088 -0.9614
vn 0.1374 0.3773 -0.9158
vn 0.0037 0.1378 -0.9905
vn 0.0038 -0.1365 -0.9906
vn 0.3404 -0.0209 -0.9400
vn 0.3340 0.0072 -0.9425
vn 0.1927 -0.2054 -0.9595
vn 0.1484 -0.3724 -0.9162
vn 0.2226 0.2658 -0.9380
vn 0.2299 -0.2742 -0.9338
vn -0.2967 -0.2092 -0.9318
vn -0.2942 0.1970 -0.9352
vn -0.8460 -0.3912 -0.3623
vn -0.8473 0.4446 -0.2905
vn -0.6350 0.6870 -0.3533
vn -0.6597 -0.6938 -0.2888
vn 0.6277 0.7232 -0.2879
vn 0.6011 -0.7282 -0.3293
vn 0.8072 0.4516 -0.3800
vn 0.8351 -0.4740 -0.2792
vn 0.3486 -0.8641 -0.3631
vn 0.6303 -0.7088 -0.3168
vn 0.3909 0.8629 -0.3203
vn 0.6677 0.7167 -0.2014
vn -0.6395 -0.7386 -0.2131
vn -0.3762 -0.8711 -0.3157
vn -0.6671 0.6755 -0.3143
vn -0.3873 0.8441 -0.3708
vn -0.8040 0.5495 -0.2270
vn -0.7819 -0.5215 -0.3416
vn 0.7564 0.5589 -0.3397
vn 0.8164 -0.5361 -0.2146
vn 0.8288 -0.5154 -0.2178
vn 0.7734 0.5360 -0.3385
vn -0.7961 -0.5003 -0.3406
vn -0.8179 0.5270 -0.2309
vn -0.3734 0.8513 -0.3686
vn -0.6527 0.6888 -0.3155
vn -0.3651 -0.8760 -0.3151
vn -0.6266 -0.7488 -0.2161
vn 0.6529 0.7292 -0.2049
vn 0.3764 0.8696 -0.3196
vn 0.6170 -0.7200 -0.3178
vn 0.3376 -0.8691 -0.3615
vn 0.8442 -0.4583 -0.2780
vn 0.8167 0.4359 -0.3780
vn 0.5929 -0.7351 -0.3288
vn 0.6191 0.7308 -0.2875
vn -0.6503 -0.7028 -0.2883
vn -0.6250 0.6964 -0.3528
vn -0.8557 0.4290 -0.2893
vn -0.8535 -0.3765 -0.3603
vn 0.3524 -0.2043 0.9133
vn 0.0251 -0.3659 0.9303
vn -0.0036 -0.2493 0.9684
vn 0.3258 0.0231 0.9452
vn 0.0086 0.1346 0.9909
vn 0.1915 -0.0142 0.9814
vn 0.1448 0.3724 0.9167
vn 0.1855 0.2096 0.9600
vn -0.0258 -0.3648 0.9307
vn -0.3657 -0.1835 0.9125
vn -0.1934 -0.0091 0.9811
vn -0.0096 0.1346 0.9909
vn -0.3384 0.0224 0.9407
vn 0.0049 -0.2500 0.9682
vn -0.1853 0.2061 0.9608
vn -0.1515 0.3682 0.9173
vn -0.3084 -0.1884 0.9324
vn -0.2204 0.2651 0.9387
vn 0.2038 0.2654 0.9424
vn 0.2936 -0.1875 0.9373
vn -0.1360 0.3836 -0.9134
vn -0.1812 0.2138 -0.9599
vn -0.3195 0.0157 -0.9475
vn -0.3274 -0.0214 -0.9447
vn -0.0030 -0.1365 -0.9906
vn -0.0036 0.1379 -0.9904
vn -0.1423 -0.3766 -0.9154
vn -0.1930 -0.2091 -0.9587
vn 0.0229 0.3692 -0.9291
vn 0.3696 0.1868 -0.9102
vn 0.1996 0.0055 -0.9799
vn 0.1996 -0.0133 -0.9798
vn -0.0068 -0.2547 -0.9670
vn -0.0114 0.2585 -0.9660
vn 0.0246 -0.3599 -0.9327
vn 0.3791 -0.2047 -0.9024
vn 0.3091 0.1984 -0.9301
vn 0.3101 -0.2159 -0.9259
vn -0.2126 -0.2748 -0.9377
vn -0.2029 0.2707 -0.9410
vn -0.8630 -0.4188 -0.2826
vn -0.8278 0.4137 -0.3790
vn -0.6576 0.6931 -0.2952
vn -0.6391 -0.6892 -0.3415
vn 0.6087 0.7171 -0.3395
vn 0.6181 -0.7334 -0.2830
vn 0.8268 0.4852 -0.2848
vn 0.8176 -0.4425 -0.3684
vn 0.3655 -0.8741 -0.3200
vn 0.6355 -0.7423 -0.2124
vn 0.3695 0.8513 -0.3726
vn 0.6618 0.6804 -0.3149
vn -0.6345 -0.7063 -0.3139
vn -0.3602 -0.8625 -0.3555
vn -0.6732 0.7113 -0.2022
vn -0.4092 0.8549 -0.3187
vn -0.7558 0.5512 -0.3535
vn -0.8238 -0.5175 -0.2314
vn 0.8037 0.5566 -0.2105
vn 0.7746 -0.5399 -0.3293
vn 0.7896 -0.5186 -0.3280
vn 0.8178 0.5341 -0.2142
vn -0.8355 -0.4969 -0.2347
vn -0.7725 0.5282 -0.3525
vn -0.3945 0.8621 -0.3181
vn -0.6587 0.7237 -0.2057
vn -0.3496 -0.8675 -0.3538
vn -0.6216 -0.7173 -0.3148
vn 0.6471 0.6938 -0.3162
vn 0.3557 0.8580 -0.3706
vn 0.6221 -0.7527 -0.2154
vn 0.3539 -0.8790 -0.3194
vn 0.8267 -0.4271 -0.3663
vn 0.8363 0.4692 -0.2837
vn 0.6100 -0.7403 -0.2826
vn 0.6000 0.7246 -0.3391
vn -0.6296 -0.6980 -0.3410
vn -0.6478 0.7025 -0.2948
vn -0.8361 0.3984 -0.3770
vn -0.8705 -0.4038 -0.2814
vn 0.1381 0.3952 -0.9082
vn 0.1750 0.2313 -0.9570
vn 0.3178 0.0349 -0.9475
vn -0.0023 -0.2294 -0.9733
vn 0.1915 0.0004 -0.9815
vn 0.0085 0.1536 -0.9881
vn 0.3627 -0.1989 -0.9104
vn 0.0250 -0.3399 -0.9401
vn -0.1732 0.2266 -0.9585
vn -0.1406 0.3889 -0.9105
vn -0.0088 0.1534 -0.9881
vn -0.1934 0.0010 -0.9811
vn 0.0012 -0.2304 -0.9731
vn -0.3319 0.0264 -0.9429
vn -0.0277 -0.3394 -0.9402
vn -0.3751 -0.1842 -0.9085
vn -0.2134 0.2735 -0.9379
vn -0.3100 -0.1881 -0.9319
vn 0.2966 -0.1819 -0.9375
vn 0.1944 0.2780 -0.9407
vn -0.3556 -0.2240 0.9074
vn -0.0229 -0.3866 0.9220
vn 0.0089 -0.2747 0.9615
vn 0.0069 0.2365 0.9716
vn -0.1974 -0.0036 0.9803
vn -0.1975 -0.0282 0.9799
vn -0.3660 0.2035 0.9081
vn -0.0223 0.3436 0.9388
vn 0.1792 -0.2259 0.9575
vn 0.1374 -0.3936 0.9090
vn 0.0037 -0.1554 0.9878
vn 0.0038 0.1188 0.9929
vn 0.3404 0.0042 0.9403
vn 0.3340 -0.0239 0.9423
vn 0.1927 0.1883 0.9630
vn 0.1484 0.3560 0.9226
vn 0.2226 -0.2825 0.9331
vn 0.2299 0.2576 0.9385
vn -0.2967 0.1926 0.9353
vn -0.2942 -0.2136 0.9316
vn -0.8460 0.3846 0.3692
vn -0.8473 -0.4497 0.2825
vn -0.6350 -0.6932 0.3410
vn -0.6597 0.6886 0.3011
vn 0.6277 -0.7282 0.2750
vn 0.6011 0.7223 0.3422
vn 0.8072 -0.4583 0.3720
vn 0.8351 0.4690 0.2876
vn 0.3486 0.8575 0.3784
vn 0.6303 0.7030 0.3293
vn 0.3909 -0.8685 0.3049
vn 0.6677 -0.7201 0.1886
vn -0.6395 0.7347 0.2262
vn -0.3762 0.8653 0.3311
vn -0.6671 -0.6810 0.3022
vn -0.3873 -0.8506 0.3557
vn -0.8040 -0.5535 0.2172
vn -0.7819 0.5153 0.3509
vn 0.7564 -0.5649 0.3297
vn 0.8164 0.5322 0.2241
vn 0.8288 0.5114 0.2269
vn 0.7734 -0.5419 0.3289
vn -0.7961 0.4941 0.3494
vn -0.8179 -0.5310 0.2215
vn -0.3734 -0.8577 0.3534
vn -0.6527 -0.6943 0.3032
vn -0.3651 0.8703 0.3306
vn -0.6266 0.7449 0.2293
vn 0.6529 -0.7327 0.1919
vn 0.3764 -0.8751 0.3041
vn 0.6170 0.7142 0.3305
vn 0.3376 0.8625 0.3769
vn 0.8442 0.4533 0.2861
vn 0.8167 -0.4426 0.3702
vn 0.5929 0.7291 0.3418
vn 0.6191 -0.7358 0.2744
vn -0.6503 0.6976 0.3008
vn -0.6250 -0.7025 0.3404
vn -0.8557 -0.4341 0.2817
vn -0.8535 0.3700 0.3669
vn 0.3524 0.2205 -0.9095
vn 0.0251 0.3823 -0.9237
vn -0.0036 0.2665 -0.9638
vn 0.3258 -0.0063 -0.9454
vn 0.0086 -0.1170 -0.9931
vn 0.1915 0.0317 -0.9810
vn 0.1448 -0.3561 -0.9232
vn 0.1855 -0.1925 -0.9636
vn -0.0258 0.3813 -0.9241
vn -0.3657 0.1997 -0.9091
vn -0.1934 0.0266 -0.9808
vn -0.0096 -0.1170 -0.9931
vn -0.3384 -0.0057 -0.9410
vn 0.0049 0.2672 -0.9636
vn -0.1853 -0.1890 -0.9643
vn -0.1515 -0.3519 -0.9237
vn -0.3085 0.2050 -0.9289
vn -0.2204 -0.2484 -0.9433
vn 0.2038 -0.2486 -0.9469
vn 0.2936 0.2041 -0.9339
vn -0.1360 -0.3998 0.9064
vn -0.1812 -0.2308 0.9560
vn -0.3195 -0.0326 0.9470
vn -0.3274 0.0046 0.9449
vn -0.0030 0.1188 0.9929
vn -0.0036 -0.1555 0.9878
vn -0.1423 0.3603 0.9219
vn -0.1930 0.1920 0.9622
vn 0.0229 -0.3857 0.9223
vn 0.3696 -0.2029 0.9068
vn 0.1996 -0.0230 0.9796
vn 0.1996 -0.0041 0.9799
vn -0.0068 0.2375 0.9714
vn -0.0114 -0.2756 0.9612
vn 0.0246 0.3432 0.9389
vn 0.3791 0.1886 0.9059
vn 0.3091 -0.2149 0.9264
vn 0.3101 0.1994 0.9296
vn -0.2126 0.2580 0.9425
vn -0.2029 -0.2874 0.9361
vn -0.8630 0.4137 0.2900
vn -0.8278 -0.4204 0.3715
vn -0.6576 -0.6982 0.2828
vn -0.6391 0.6830 0.3538
vn 0.6087 -0.7230 0.3267
vn 0.6181 0.7282 0.2960
vn 0.8268 -0.4902 0.2761
vn 0.8176 0.4359 0.3763
vn 0.3655 0.8683 0.3355
vn 0.6355 0.7384 0.2255
vn 0.3695 -0.8578 0.3574
vn 0.6618 -0.6859 0.3027
vn -0.6345 0.7006 0.3265
vn -0.3602 0.8561 0.3707
vn -0.6732 -0.7148 0.1895
vn -0.4092 -0.8605 0.3035
vn -0.7558 -0.5574 0.3437
vn -0.8238 0.5133 0.2405
vn 0.8037 -0.5603 0.2005
vn 0.7746 0.5340 0.3388
vn 0.7896 0.5127 0.3372
vn 0.8178 -0.5378 0.2047
vn -0.8355 0.4927 0.2435
vn -0.7725 -0.5344 0.3431
vn -0.3945 -0.8676 0.3027
vn -0.6587 -0.7273 0.1928
vn -0.3496 0.8611 0.3692
vn -0.6216 0.7116 0.3275
vn 0.6471 -0.6993 0.3038
vn 0.3557 -0.8645 0.3552
vn 0.6221 0.7488 0.2287
vn 0.3539 0.8732 0.3350
vn 0.8267 0.4205 0.3739
vn 0.8363 -0.4742 0.2753
vn 0.6100 0.7352 0.2957
vn 0.6000 -0.7305 0.3261
vn -0.6296 0.6919 0.3534
vn -0.6478 -0.7076 0.2822
vn -0.8361 -0.4051 0.3699
vn -0.8705 0.3987 0.2886
vn -0.7632 0.1197 -0.6350
vn -0.7297 0.3506 -0.5870
vn -0.3020 0.3506 -0.8865
vn -0.3357 0.1197 -0.9343
vn -0.2902 -0.9562 0.0393
vn -0.4353 -0.8844 -0.1682
vn -0.0092 -0.8844 -0.4666
vn 0.1362 -0.9562 -0.2592
vn 0.1367 0.7486 0.6488
vn 0.2351 0.5668 0.7896
vn 0.6616 0.5668 0.4909
vn 0.5629 0.7486 0.3503
vn 0.3357 -0.1197 0.9343
vn 0.3020 -0.3506 0.8865
vn 0.7297 -0.3506 0.5870
vn 0.7632 -0.1197 0.6350
vn -0.6621 0.5666 -0.4905
vn -0.5635 0.7484 -0.3499
vn -0.1361 0.7484 -0.6492
vn -0.2345 0.5666 -0.7899
vn -0.5629 -0.7486 -0.3503
vn -0.6616 -0.5668 -0.4909
vn -0.2351 -0.5668 -0.7896
vn -0.1367 -0.7486 -0.6488
vn 0.3025 0.3507 0.8863
vn 0.3358 0.1197 0.9343
vn 0.7631 0.1197 0.6351
vn 0.7294 0.3507 0.5874
vn 0.2345 -0.5666 0.7899
vn 0.1361 -0.7484 0.6492
vn 0.5635 -0.7484 0.3499
vn 0.6621 -0.5666 0.4905
vn -0.4357 0.8843 -0.1679
vn -0.2903 0.9561 0.0394
vn 0.1363 0.9561 -0.2593
vn -0.0087 0.8843 -0.4669
vn -0.7294 -0.3507 -0.5874
vn -0.7631 -0.1197 -0.6351
vn -0.3358 -0.1197 -0.9343
vn -0.3025 -0.3507 -0.8863
vn 0.0087 -0.8843 0.4669
vn -0.1363 -0.9561 0.2593
vn 0.2903 -0.9561 -0.0394
vn 0.4357 -0.8843 0.1679
vn -0.1362 0.9562 0.2592
vn 0.0092 0.8844 0.4666
vn 0.4353 0.8844 0.1682
vn 0.2902 0.9562 -0.0393
vn 0.3358 -0.1196 0.9343
vn 0.7632 -0.1196 0.6350
vn 0.7299 -0.3501 0.5871
vn 0.3026 -0.3502 0.8864
vn -0.1361 0.9561 0.2594
vn 0.2904 0.9561 -0.0392
vn 0.4361 0.8840 0.1684
vn 0.0095 0.8842 0.4670
vn -0.5632 -0.7481 -0.3508
vn -0.1364 -0.7479 -0.6496
vn -0.2347 -0.5661 -0.7902
vn -0.6618 -0.5662 -0.4913
vn -0.7631 0.1196 -0.6351
vn -0.3357 0.1196 -0.9344
vn -0.3021 0.3501 -0.8867
vn -0.7295 0.3502 -0.5875
vn 0.2353 -0.5662 0.7899
vn 0.6623 -0.5661 0.4908
vn 0.5638 -0.7479 0.3504
vn 0.1370 -0.7481 0.6493
vn 0.1370 0.7481 0.6493
vn 0.5638 0.7479 0.3504
vn 0.6623 0.5661 0.4908
vn 0.2353 0.5662 0.7899
vn -0.7295 -0.3502 -0.5875
vn -0.3021 -0.3501 -0.8867
vn -0.3357 -0.1196 -0.9344
vn -0.7631 -0.1196 -0.6351
vn -0.6618 0.5662 -0.4913
vn -0.2347 0.5661 -0.7902
vn -0.1364 0.7479 -0.6496
vn -0.5632 0.7481 -0.3508
vn 0.0095 -0.8842 0.4670
vn 0.4361 -0.8840 0.1684
vn 0.2904 -0.9561 -0.0392
vn -0.1361 -0.9561 0.2593
vn 0.3026 0.3502 0.8864
vn 0.7299 0.3501 0.5871
vn 0.7632 0.1196 0.6350
vn 0.3358 0.1196 0.9343
vn -0.4356 0.8842 -0.1687
vn -0.0091 0.8840 -0.4674
vn 0.1362 0.9561 -0.2594
vn -0.2903 0.9561 0.0392
vn -0.2902 -0.9561 0.0392
vn 0.1362 -0.9561 -0.2594
vn -0.0091 -0.8840 -0.4674
vn -0.4356 -0.8842 -0.1687
vn -0.4795 -0.1678 0.8613
vn -0.4639 -0.0572 0.8840
vn -0.9894 0.0572 0.1336
vn -0.9734 0.1677 0.1560
vn -0.5586 -0.3586 0.7479
vn -0.5116 -0.2714 0.8152
vn -0.9411 0.2713 0.2018
vn -0.8939 0.3586 0.2690
vn -0.6893 -0.4581 0.5612
vn -0.6196 -0.4239 0.6606
vn -0.8327 0.4239 0.3562
vn -0.7632 0.4581 0.4558
vn -0.8329 -0.4231 0.3567
vn -0.7632 -0.4579 0.4559
vn -0.6894 0.4579 0.5613
vn -0.6200 0.4230 0.6608
vn -0.9411 -0.2707 0.2028
vn -0.8940 -0.3578 0.2698
vn -0.5593 0.3577 0.7479
vn -0.5123 0.2706 0.8150
vn -0.9894 -0.0572 0.1337
vn -0.9733 -0.1675 0.1568
vn -0.4802 0.1673 0.8610
vn -0.4641 0.0572 0.8840
vn -0.9734 0.1678 0.1560
vn -0.4795 -0.1677 0.8614
vn -0.8938 0.3586 0.2691
vn -0.9411 0.2714 0.2019
vn -0.5115 -0.2713 0.8153
vn -0.5585 -0.3586 0.7480
vn -0.7631 0.4581 0.4558
vn -0.8327 0.4239 0.3563
vn -0.6195 -0.4238 0.6607
vn -0.6201 0.4231 0.6607
vn -0.8330 -0.4230 0.3567
vn -0.5124 0.2707 0.8150
vn -0.5593 0.3578 0.7478
vn -0.8940 -0.3577 0.2698
vn -0.9411 -0.2706 0.2027
vn -0.4802 0.1675 0.8610
vn -0.9734 -0.1673 0.1568
vn 0.9894 -0.0572 -0.1337
vn 0.9733 -0.1674 -0.1568
vn 0.4802 0.1673 -0.8610
vn 0.4640 0.0572 -0.8840
vn 0.9411 -0.2707 -0.2027
vn 0.8940 -0.3578 -0.2698
vn 0.5593 0.3577 -0.7479
vn 0.5123 0.2706 -0.8150
vn 0.8329 -0.4231 -0.3567
vn 0.7632 -0.4579 -0.4559
vn 0.6894 0.4579 -0.5613
vn 0.6200 0.4230 -0.6608
vn 0.6893 -0.4581 -0.5612
vn 0.6196 -0.4239 -0.6606
vn 0.8327 0.4239 -0.3562
vn 0.7631 0.4581 -0.4558
vn 0.5586 -0.3586 -0.7479
vn 0.5116 -0.2714 -0.8152
vn 0.9411 0.2713 -0.2019
vn 0.8939 0.3586 -0.2690
vn 0.4795 -0.1678 -0.8613
vn 0.4639 -0.0572 -0.8840
vn 0.9894 0.0572 -0.1336
vn 0.9734 0.1677 -0.1560
vn 0.4802 0.1674 -0.8610
vn 0.9734 -0.1673 -0.1568
vn 0.5124 0.2708 -0.8150
vn 0.5593 0.3578 -0.7478
vn 0.8940 -0.3577 -0.2698
vn 0.9411 -0.2706 -0.2027
vn 0.6201 0.4231 -0.6607
vn 0.8330 -0.4230 -0.3566
vn 0.8327 0.4239 -0.3563
vn 0.6195 -0.4239 -0.6607
vn 0.8938 0.3586 -0.2691
vn 0.9411 0.2714 -0.2019
vn 0.5115 -0.2713 -0.8153
vn 0.5585 -0.3586 -0.7480
vn 0.9734 0.1678 -0.1560
vn 0.4795 -0.1677 -0.8614
vn -0.7631 0.1197 -0.6351
vn -0.7294 0.3507 -0.5874
vn -0.3025 0.3507 -0.8863
vn -0.3358 0.1197 -0.9343
vn -0.2903 -0.9561 0.0394
vn -0.4357 -0.8843 -0.1679
vn -0.0087 -0.8843 -0.4669
vn 0.1363 -0.9561 -0.2593
vn 0.1361 0.7484 0.6492
vn 0.2345 0.5666 0.7899
vn 0.6621 0.5666 0.4905
vn 0.5635 0.7484 0.3499
vn 0.3358 -0.1197 0.9343
vn 0.3025 -0.3507 0.8863
vn 0.7294 -0.3507 0.5874
vn 0.7631 -0.1197 0.6351
vn -0.6616 0.5668 -0.4909
vn -0.5629 0.7486 -0.3503
vn -0.1367 0.7486 -0.6488
vn -0.2351 0.5668 -0.7896
vn -0.5635 -0.7484 -0.3499
vn -0.6621 -0.5666 -0.4905
vn -0.2345 -0.5666 -0.7899
vn -0.1361 -0.7484 -0.6492
vn 0.3020 0.3506 0.8865
vn 0.3357 0.1197 0.9343
vn 0.7632 0.1197 0.6350
vn 0.7297 0.3506 0.5870
vn 0.2350 -0.5668 0.7896
vn 0.1367 -0.7486 0.6488
vn 0.5629 -0.7486 0.3503
vn 0.6616 -0.5668 0.4909
vn -0.4353 0.8844 -0.1682
vn -0.2902 0.9562 0.0393
vn 0.1362 0.9562 -0.2592
vn -0.0092 0.8844 -0.4666
vn -0.7297 -0.3506 -0.5870
vn -0.7632 -0.1197 -0.6350
vn -0.3357 -0.1197 -0.9343
vn -0.3020 -0.3506 -0.8865
vn 0.0092 -0.8844 0.4666
vn -0.1362 -0.9562 0.2592
vn 0.2902 -0.9562 -0.0393
vn 0.4353 -0.8844 0.1682
vn -0.1363 0.9561 0.2593
vn 0.0087 0.8843 0.4669
vn 0.4358 0.8843 0.1679
vn 0.2903 0.9561 -0.0394
vn 0.3357 -0.1196 0.9344
vn 0.7631 -0.1196 0.6351
vn 0.7295 -0.3502 0.5875
vn 0.3021 -0.3501 0.8867
vn -0.1362 0.9561 0.2594
vn 0.2903 0.9561 -0.0392
vn 0.4356 0.8842 0.1687
vn 0.0091 0.8840 0.4674
vn -0.5638 -0.7479 -0.3504
vn -0.1370 -0.7481 -0.6493
vn -0.2353 -0.5662 -0.7899
vn -0.6623 -0.5661 -0.4908
vn -0.7632 0.1196 -0.6350
vn -0.3358 0.1196 -0.9343
vn -0.3026 0.3502 -0.8864
vn -0.7299 0.3501 -0.5871
vn 0.2347 -0.5661 0.7902
vn 0.6618 -0.5662 0.4913
vn 0.5633 -0.7481 0.3508
vn 0.1364 -0.7479 0.6496
vn 0.1364 0.7479 0.6496
vn 0.5633 0.7481 0.3508
vn 0.6618 0.5662 0.4913
vn 0.2347 0.5661 0.7902
vn -0.7298 -0.3501 -0.5872
vn -0.3026 -0.3502 -0.8864
vn -0.3358 -0.1196 -0.9343
vn -0.7632 -0.1196 -0.6350
vn -0.6623 0.5661 -0.4908
vn -0.2353 0.5662 -0.7899
vn -0.1370 0.7481 -0.6493
vn -0.5638 0.7479 -0.3504
vn 0.0091 -0.8840 0.4674
vn 0.4356 -0.8842 0.1687
vn 0.2903 -0.9561 -0.0392
vn -0.1362 -0.9561 0.2594
vn 0.3021 0.3501 0.8867
vn 0.7295 0.3502 0.5875
vn 0.7631 0.1196 0.6351
vn 0.3357 0.1196 0.9344
vn -0.4361 0.8840 -0.1684
vn -0.0095 0.8842 -0.4670
vn 0.1361 0.9561 -0.2594
vn -0.2904 0.9561 0.0392
vn -0.2904 -0.9561 0.0392
vn 0.1361 -0.9561 -0.2593
vn -0.0095 -0.8842 -0.4670
vn -0.4361 -0.8840 -0.1684
vn -0.4802 -0.1675 0.8610
vn -0.4641 -0.0572 0.8840
vn -0.9894 0.0572 0.1337
vn -0.9734 0.1673 0.1568
vn -0.5593 -0.3578 0.7478
vn -0.5124 -0.2707 0.8150
vn -0.9411 0.2706 0.2027
vn -0.8940 0.3577 0.2698
vn -0.6894 -0.4579 0.5613
vn -0.6201 -0.4231 0.6607
vn -0.8330 0.4230 0.3566
vn -0.7632 0.4579 0.4559
vn -0.8327 -0.4239 0.3563
vn -0.7631 -0.4581 0.4558
vn -0.6893 0.4581 0.5612
vn -0.6195 0.4238 0.6607
vn -0.9411 -0.2714 0.2019
vn -0.8938 -0.3586 0.2691
vn -0.5585 0.3586 0.7480
vn -0.5115 0.2713 0.8153
vn -0.9894 -0.0572 0.1335
vn -0.9734 -0.1678 0.1560
vn -0.4795 0.1677 0.8614
vn -0.4639 0.0572 0.8840
vn -0.9733 0.1674 0.1568
vn -0.4802 -0.1673 0.8610
vn -0.8940 0.3578 0.2698
vn -0.9411 0.2707 0.2027
vn -0.5124 -0.2706 0.8150
vn -0.5593 -0.3577 0.7479
vn -0.8329 0.4231 0.3567
vn -0.6200 -0.4230 0.6608
vn -0.6196 0.4239 0.6606
vn -0.7632 -0.4581 0.4558
vn -0.8327 -0.4239 0.3562
vn -0.5116 0.2714 0.8152
vn -0.5586 0.3586 0.7479
vn -0.8939 -0.3586 0.2690
vn -0.9411 -0.2713 0.2019
vn -0.4795 0.1678 0.8613
vn -0.9734 -0.1677 0.1560
vn -0.9894 -0.0572 0.1336
vn 0.9894 -0.0572 -0.1336
vn 0.9734 -0.1678 -0.1560
vn 0.4795 0.1677 -0.8614
vn 0.4639 0.0572 -0.8840
vn 0.9410 -0.2714 -0.2019
vn 0.8938 -0.3586 -0.2691
vn 0.5585 0.3586 -0.7480
vn 0.5116 0.2713 -0.8153
vn 0.8327 -0.4239 -0.3563
vn 0.7631 -0.4581 -0.4558
vn 0.6893 0.4581 -0.5612
vn 0.6195 0.4239 -0.6607
vn 0.6894 -0.4579 -0.5613
vn 0.6201 -0.4231 -0.6607
vn 0.8330 0.4230 -0.3566
vn 0.7632 0.4579 -0.4559
vn 0.5593 -0.3578 -0.7478
vn 0.5124 -0.2708 -0.8150
vn 0.9411 0.2706 -0.2027
vn 0.8940 0.3577 -0.2698
vn 0.4802 -0.1674 -0.8610
vn 0.4640 -0.0572 -0.8840
vn 0.9894 0.0572 -0.1337
vn 0.9734 0.1673 -0.1568
vn 0.4795 0.1678 -0.8613
vn 0.9734 -0.1677 -0.1560
vn 0.5116 0.2714 -0.8152
vn 0.5586 0.3586 -0.7479
vn 0.8939 -0.3586 -0.2690
vn 0.9411 -0.2713 -0.2019
vn 0.6196 0.4239 -0.6606
vn 0.8327 -0.4239 -0.3562
vn 0.8329 0.4231 -0.3567
vn 0.6200 -0.4230 -0.6608
vn 0.8940 0.3578 -0.2698
vn 0.9411 0.2707 -0.2027
vn 0.5123 -0.2706 -0.8150
vn 0.5593 -0.3577 -0.7479
vn 0.9733 0.1674 -0.1568
vn 0.4802 -0.1673 -0.8610
vt 0.656360 0.475190
vt 0.778620 0.554790
vt 0.778620 0.475190
vt 0.656360 0.554790
vt 0.778620 0.214330
vt 0.656360 0.125410
vt 0.778620 0.123700
vt 0.893430 0.554790
vt 0.893430 0.475190
vt 0.893430 0.214330
vt 0.893430 0.116840
vt 0.779490 0.099780
vt 0.778620 0.120260
vt 0.666670 0.089540
vt 0.778720 0.120300
vt 0.776010 0.069060
vt 0.656360 0.125380
vt 0.778720 0.123710
vt 0.893430 0.304960
vt 0.778620 0.304960
vt 0.893430 0.395590
vt 0.778620 0.395590
vt 0.656360 0.395590
vt 0.656360 0.304960
vt 0.656360 0.214330
vt 0.479010 0.343854
vt 0.477463 0.324945
vt 0.480365 0.325524
vt 0.482201 0.361711
vt 0.476113 0.344020
vt 0.476140 0.343839
vt 0.482209 0.361556
vt 0.479040 0.343677
vt 0.477508 0.324758
vt 0.480411 0.325339
vt 0.557701 0.270090
vt 0.541251 0.266283
vt 0.558237 0.267446
vt 0.541426 0.269078
vt 0.523722 0.269786
vt 0.523836 0.269675
vt 0.541538 0.269009
vt 0.541370 0.266214
vt 0.557809 0.270058
vt 0.558351 0.267415
vt 0.562905 0.403756
vt 0.580097 0.397986
vt 0.563847 0.406473
vt 0.578444 0.395614
vt 0.593766 0.385326
vt 0.593747 0.385311
vt 0.578496 0.395537
vt 0.580134 0.397887
vt 0.563157 0.403608
vt 0.564106 0.406265
vt 0.608455 0.332387
vt 0.609992 0.351282
vt 0.607092 0.350703
vt 0.605292 0.314550
vt 0.611349 0.332224
vt 0.611329 0.332298
vt 0.605299 0.314621
vt 0.608436 0.332459
vt 0.609972 0.351338
vt 0.607075 0.350758
vt 0.489692 0.377895
vt 0.479450 0.362595
vt 0.500876 0.391218
vt 0.487278 0.379453
vt 0.487250 0.379368
vt 0.500957 0.391287
vt 0.489686 0.377806
vt 0.479450 0.362436
vt 0.524662 0.272501
vt 0.507425 0.278239
vt 0.509075 0.280617
vt 0.493718 0.290884
vt 0.493793 0.290706
vt 0.509167 0.280473
vt 0.507523 0.278091
vt 0.524770 0.272393
vt 0.591553 0.383460
vt 0.603929 0.369405
vt 0.601315 0.368144
vt 0.601295 0.368176
vt 0.603905 0.369436
vt 0.591545 0.383450
vt 0.597882 0.298384
vt 0.608039 0.313675
vt 0.586823 0.285039
vt 0.600297 0.296844
vt 0.600340 0.296907
vt 0.586894 0.285073
vt 0.597922 0.298441
vt 0.608047 0.313751
vt 0.514491 0.400698
vt 0.498990 0.393309
vt 0.529833 0.406111
vt 0.513252 0.403159
vt 0.513880 0.403403
vt 0.530528 0.406212
vt 0.515116 0.400890
vt 0.499046 0.393433
vt 0.495929 0.292755
vt 0.483532 0.306811
vt 0.486148 0.308074
vt 0.486200 0.307883
vt 0.483584 0.306618
vt 0.496001 0.292581
vt 0.573124 0.275482
vt 0.588720 0.282950
vt 0.574368 0.273007
vt 0.574468 0.273013
vt 0.573218 0.275485
vt 0.588796 0.282989
vt 0.546270 0.409971
vt 0.529289 0.408748
vt 0.546099 0.407173
vt 0.546837 0.407163
vt 0.547034 0.409927
vt 0.530006 0.408859
vt 0.484666 0.326382
vt 0.486193 0.343471
vt 0.483423 0.343618
vt 0.484714 0.326199
vt 0.486229 0.343301
vt 0.487524 0.326761
vt 0.483457 0.343446
vt 0.489039 0.359388
vt 0.489014 0.359536
vt 0.486387 0.360372
vt 0.556349 0.276706
vt 0.541744 0.273317
vt 0.556855 0.274229
vt 0.556442 0.276670
vt 0.541847 0.273248
vt 0.542056 0.275867
vt 0.526195 0.276502
vt 0.527103 0.279060
vt 0.541960 0.275936
vt 0.526097 0.276608
vt 0.560560 0.397088
vt 0.575933 0.392017
vt 0.561471 0.399650
vt 0.560768 0.397076
vt 0.576001 0.391976
vt 0.574429 0.389751
vt 0.588189 0.380624
vt 0.586082 0.378856
vt 0.574356 0.389771
vt 0.588184 0.380625
vt 0.602794 0.349845
vt 0.601279 0.332762
vt 0.604046 0.332618
vt 0.602782 0.349900
vt 0.601263 0.332831
vt 0.599979 0.349340
vt 0.604030 0.332688
vt 0.598490 0.316760
vt 0.598486 0.316700
vt 0.601111 0.315874
vt 0.495662 0.374072
vt 0.493357 0.375538
vt 0.486406 0.360222
vt 0.495702 0.373960
vt 0.493382 0.375436
vt 0.505686 0.386039
vt 0.505584 0.386115
vt 0.503767 0.388069
vt 0.527011 0.279164
vt 0.511578 0.284226
vt 0.511662 0.284085
vt 0.513231 0.286342
vt 0.499362 0.295428
vt 0.501472 0.297211
vt 0.513152 0.286479
vt 0.499297 0.295597
vt 0.586069 0.378850
vt 0.597324 0.366237
vt 0.597313 0.366270
vt 0.594812 0.365074
vt 0.594819 0.365040
vt 0.591906 0.302165
vt 0.594212 0.300713
vt 0.601116 0.315938
vt 0.591938 0.302209
vt 0.594247 0.300763
vt 0.582167 0.290173
vt 0.582108 0.290151
vt 0.583927 0.288188
vt 0.517577 0.394647
vt 0.516388 0.396977
vt 0.503860 0.388048
vt 0.518245 0.394765
vt 0.517039 0.397100
vt 0.531823 0.399586
vt 0.531195 0.399514
vt 0.530686 0.401984
vt 0.501410 0.297377
vt 0.490140 0.309984
vt 0.490190 0.309796
vt 0.492694 0.310996
vt 0.492646 0.311183
vt 0.570020 0.281565
vt 0.571217 0.279221
vt 0.583991 0.288215
vt 0.570100 0.281560
vt 0.571302 0.279220
vt 0.545785 0.402931
vt 0.546514 0.402979
vt 0.546310 0.400356
vt 0.561694 0.399588
vt 0.545572 0.400306
vt 0.603175 0.315225
vt 0.606221 0.332509
vt 0.604916 0.350269
vt 0.585360 0.286640
vt 0.596024 0.299569
vt 0.557273 0.272190
vt 0.572162 0.277383
vt 0.541578 0.271227
vt 0.525385 0.274586
vt 0.510341 0.282449
vt 0.497633 0.294198
vt 0.488169 0.309045
vt 0.482543 0.325958
vt 0.484321 0.361029
vt 0.481246 0.343730
vt 0.502335 0.389617
vt 0.491548 0.376696
vt 0.530265 0.404018
vt 0.515449 0.398808
vt 0.545950 0.405023
vt 0.562182 0.401672
vt 0.577174 0.393788
vt 0.589849 0.382020
vt 0.599295 0.367175
vt 0.606204 0.332579
vt 0.604901 0.350324
vt 0.603181 0.315292
vt 0.596061 0.299622
vt 0.585427 0.286670
vt 0.572251 0.277383
vt 0.557376 0.272157
vt 0.556953 0.274195
vt 0.541685 0.271157
vt 0.525488 0.274478
vt 0.510429 0.282306
vt 0.497702 0.294027
vt 0.488219 0.308856
vt 0.482590 0.325774
vt 0.481278 0.343556
vt 0.484334 0.360877
vt 0.491558 0.376601
vt 0.502425 0.389641
vt 0.516082 0.398965
vt 0.530940 0.404109
vt 0.531338 0.402066
vt 0.546679 0.405039
vt 0.562421 0.401567
vt 0.577235 0.393729
vt 0.589847 0.382015
vt 0.599280 0.367207
vt 0.487474 0.326942
vt 0.599987 0.349284
vt 0.566783 0.486618
vt 0.566737 0.507015
vt 0.584130 0.488292
vt 0.588789 0.521691
vt 0.609080 0.496054
vt 0.541592 0.491775
vt 0.540928 0.537297
vt 0.497762 0.550846
vt 0.520846 0.521782
vt 0.518655 0.571071
vt 0.563264 0.554338
vt 0.499427 0.577696
vt 0.505150 0.593626
vt 0.537832 0.587832
vt 0.622780 0.518055
vt 0.608531 0.538870
vt 0.628303 0.533545
vt 0.559046 0.601597
vt 0.585464 0.571084
vt 0.583527 0.615605
vt 0.604920 0.585471
vt 0.628911 0.558289
vt 0.541726 0.621028
vt 0.558052 0.621879
vt 0.628482 0.580242
vt 0.605677 0.609208
vt 0.622170 0.598243
vt 0.497262 0.526748
vt 0.503235 0.507961
vt 0.519122 0.497401
vt 0.502941 0.700111
vt 0.523273 0.703242
vt 0.506683 0.725140
vt 0.508933 0.683863
vt 0.539631 0.684602
vt 0.547885 0.731947
vt 0.529758 0.749423
vt 0.554663 0.772704
vt 0.566956 0.713352
vt 0.576805 0.757187
vt 0.580816 0.777162
vt 0.595053 0.742079
vt 0.596704 0.772121
vt 0.540330 0.653353
vt 0.516036 0.659590
vt 0.555850 0.648333
vt 0.558378 0.668931
vt 0.610321 0.724274
vt 0.585711 0.694886
vt 0.625502 0.703095
vt 0.579633 0.653779
vt 0.625364 0.743836
vt 0.619729 0.766761
vt 0.630271 0.728530
vt 0.601239 0.655766
vt 0.602619 0.677961
vt 0.624134 0.680403
vt 0.530878 0.771513
vt 0.513103 0.765338
vt 0.507159 0.748057
vt 0.580417 0.648658
vt 0.555765 0.643494
vt 0.630623 0.702482
vt 0.629045 0.679362
vt 0.554099 0.777826
vt 0.501526 0.725573
vt 0.502262 0.749050
vt 0.581016 0.782036
vt 0.504121 0.682279
vt 0.498095 0.699726
vt 0.598067 0.776995
vt 0.622847 0.769916
vt 0.538955 0.648476
vt 0.512930 0.656377
vt 0.630233 0.745220
vt 0.635139 0.728689
vt 0.618297 0.662393
vt 0.621537 0.659317
vt 0.602505 0.650907
vt 0.529814 0.776394
vt 0.509966 0.768450
vt 0.499316 0.505009
vt 0.492725 0.526154
vt 0.626037 0.601251
vt 0.633009 0.580991
vt 0.558309 0.626461
vt 0.515422 0.618071
vt 0.541024 0.625604
vt 0.632745 0.532564
vt 0.626929 0.516046
vt 0.611705 0.492655
vt 0.517998 0.614631
vt 0.494965 0.578787
vt 0.500952 0.595600
vt 0.585031 0.483758
vt 0.566680 0.482052
vt 0.540438 0.486765
vt 0.517342 0.493214
vt 0.492621 0.551050
vt 0.634063 0.558316
vt 0.607561 0.613422
vt 0.584891 0.620590
s 1
usemtl Material.003
f 188/144/156 187/145/157 186/146/157
f 187/145/158 190/147/158 189/145/158
f 193/148/159 192/149/160 191/150/161
f 196/151/162 195/152/162 194/152/162
f 198/153/163 191/150/161 197/154/164
f 187/145/158 199/151/158 196/151/158
f 186/146/157 196/151/165 194/152/165
f 197/155/164 191/156/161 200/157/166
f 202/158/167 201/155/168 200/157/169
f 197/155/164 200/157/166 203/159/170
f 191/156/161 192/160/160 200/157/166
f 197/155/171 203/159/172 201/155/171
f 200/157/169 201/155/168 203/159/173
f 202/161/167 204/153/165 201/154/168
f 206/148/157 205/162/165 204/153/165
f 208/163/157 207/164/165 205/162/165
f 210/146/159 209/164/163 195/152/163
f 212/165/159 211/162/163 209/164/163
f 213/163/159 198/153/163 211/162/163
f 204/153/162 197/154/171 201/154/171
f 205/162/162 198/153/162 204/153/162
f 207/164/162 211/162/162 205/162/162
f 188/144/174 212/165/159 210/146/159
f 214/166/174 213/163/159 212/165/159
f 215/167/174 193/148/159 213/163/159
f 192/149/175 206/148/157 202/161/167
f 216/168/156 208/163/157 206/148/157
f 215/167/156 217/165/157 208/163/157
f 192/160/175 202/158/167 200/157/169
f 190/147/174 210/146/159 189/145/159
f 189/145/159 195/152/163 199/151/163
f 217/165/157 194/152/165 207/164/165
f 194/152/162 209/164/162 207/164/162
f 214/166/156 186/146/157 217/165/157
f 188/144/156 190/147/156 187/145/157
f 193/148/159 216/168/174 192/149/160
f 196/151/162 199/151/162 195/152/162
f 198/153/163 193/148/159 191/150/161
f 187/145/158 189/145/158 199/151/158
f 186/146/157 187/145/157 196/151/165
f 202/161/167 206/148/157 204/153/165
f 206/148/157 208/163/157 205/162/165
f 208/163/157 217/165/157 207/164/165
f 210/146/159 212/165/159 209/164/163
f 212/165/159 213/163/159 211/162/163
f 213/163/159 193/148/159 198/153/163
f 204/153/162 198/153/162 197/154/171
f 205/162/162 211/162/162 198/153/162
f 207/164/162 209/164/162 211/162/162
f 188/144/174 214/166/174 212/165/159
f 214/166/174 215/167/174 213/163/159
f 215/167/174 216/168/174 193/148/159
f 192/149/175 216/168/156 206/148/157
f 216/168/156 215/167/156 208/163/157
f 215/167/156 214/166/156 217/165/157
f 190/147/174 188/144/174 210/146/159
f 189/145/159 210/146/159 195/152/163
f 217/165/157 186/146/157 194/152/165
f 194/152/162 195/152/162 209/164/162
f 214/166/156 188/144/156 186/146/157
s 0
f 272/169/176 290/170/176 224/171/176
f 225/172/177 362/173/177 272/169/177
f 362/174/178 237/175/178 284/176/178
f 290/177/179 284/176/179 236/178/179
f 221/179/180 363/180/180 292/181/180
f 269/182/181 293/183/181 363/180/181
f 293/184/182 281/185/182 363/186/182
f 363/186/183 233/187/183 292/188/183
f 228/189/184 364/190/184 294/191/184
f 276/192/185 295/193/185 364/190/185
f 295/194/186 288/195/186 364/196/186
f 364/196/187 240/197/187 294/198/187
f 266/199/188 296/200/188 218/201/188
f 219/202/189 365/203/189 266/199/189
f 365/204/190 231/205/190 278/206/190
f 296/207/191 278/206/191 230/208/191
f 273/209/192 291/210/192 225/172/192
f 226/211/193 366/212/193 273/209/193
f 366/213/194 238/214/194 285/215/194
f 291/216/195 285/215/195 237/175/195
f 222/217/196 367/218/196 293/183/196
f 270/219/197 299/220/197 367/218/197
f 299/221/198 282/222/198 367/223/198
f 367/223/199 234/224/199 293/184/199
f 229/225/200 368/226/200 295/193/200
f 277/227/201 296/200/201 368/226/201
f 296/207/202 289/228/202 368/229/202
f 368/229/203 241/230/203 295/194/203
f 267/231/204 297/232/204 219/202/204
f 220/233/205 369/234/205 267/231/205
f 369/235/206 232/236/206 279/237/206
f 297/238/207 279/237/207 231/205/207
f 274/239/208 298/240/208 226/211/208
f 227/241/209 370/242/209 274/239/209
f 370/243/210 239/244/210 286/245/210
f 298/246/211 286/245/211 238/214/211
f 223/247/212 371/248/212 299/220/212
f 271/249/213 290/170/213 371/248/213
f 290/177/214 283/250/214 371/251/214
f 371/251/215 235/252/215 299/221/215
f 268/253/216 300/254/216 220/233/216
f 221/179/217 372/255/217 268/253/217
f 372/256/218 233/187/218 280/257/218
f 300/258/219 280/257/219 232/236/219
f 227/241/220 373/259/220 301/260/220
f 275/261/221 294/191/221 373/259/221
f 294/198/222 287/262/222 373/263/222
f 373/263/223 239/244/223 301/264/223
f 248/265/224 374/266/224 308/267/224
f 260/268/225 374/269/225 326/270/225
f 320/271/226 327/272/226 374/269/226
f 308/267/227 327/273/227 249/274/227
f 328/275/228 305/276/228 245/277/228
f 328/278/229 317/279/229 375/280/229
f 375/280/230 258/281/230 329/282/230
f 375/283/231 246/284/231 305/276/231
f 330/285/232 312/286/232 252/287/232
f 330/288/233 324/289/233 376/290/233
f 376/290/234 265/291/234 331/292/234
f 376/293/235 253/294/235 312/286/235
f 242/295/236 377/296/236 302/297/236
f 254/298/237 377/299/237 332/300/237
f 314/301/238 333/302/238 377/299/238
f 302/297/239 333/303/239 243/304/239
f 249/274/240 378/305/240 309/306/240
f 261/307/241 378/308/241 327/272/241
f 321/309/242 334/310/242 378/308/242
f 309/306/243 334/311/243 250/312/243
f 329/313/244 306/314/244 246/284/244
f 329/282/245 318/315/245 379/316/245
f 379/316/246 259/317/246 335/318/246
f 379/319/247 247/320/247 306/314/247
f 331/321/248 313/322/248 253/294/248
f 331/292/249 325/323/249 380/324/249
f 380/324/250 254/298/250 332/300/250
f 380/325/251 242/295/251 313/322/251
f 243/304/252 381/326/252 303/327/252
f 255/328/253 381/329/253 333/302/253
f 315/330/254 336/331/254 381/329/254
f 303/327/255 336/332/255 244/333/255
f 250/312/256 382/334/256 310/335/256
f 262/336/257 382/337/257 334/310/257
f 322/338/258 337/339/258 382/337/258
f 310/335/259 337/340/259 251/341/259
f 335/342/260 307/343/260 247/320/260
f 335/318/261 319/344/261 383/345/261
f 383/345/262 260/268/262 326/270/262
f 383/346/263 248/265/263 307/343/263
f 244/333/264 384/347/264 304/348/264
f 256/349/265 384/350/265 336/331/265
f 316/351/266 328/278/266 384/350/266
f 304/348/267 328/275/267 245/277/267
f 337/340/268 311/352/268 251/341/268
f 337/339/269 323/353/269 385/354/269
f 385/354/270 264/355/270 330/288/270
f 385/356/271 252/287/271 311/352/271
f 266/199/272 339/357/272 219/202/272
f 218/201/273 386/358/273 266/199/273
f 338/359/274 302/297/274 386/358/274
f 386/358/275 243/304/275 339/357/275
f 267/231/276 340/360/276 220/233/276
f 219/202/277 387/361/277 267/231/277
f 339/357/278 303/327/278 387/361/278
f 387/361/279 244/333/279 340/360/279
f 268/253/280 341/362/280 221/179/280
f 220/233/281 388/363/281 268/253/281
f 340/360/282 304/348/282 388/363/282
f 388/363/283 245/277/283 341/362/283
f 222/217/284 389/364/284 342/365/284
f 269/182/285 341/362/285 389/364/285
f 389/364/286 245/277/286 305/276/286
f 342/365/287 305/276/287 246/284/287
f 223/247/288 390/366/288 343/367/288
f 270/219/289 342/365/289 390/366/289
f 390/366/290 246/284/290 306/314/290
f 343/367/291 306/314/291 247/320/291
f 224/171/292 391/368/292 344/369/292
f 271/249/293 343/367/293 391/368/293
f 391/368/294 247/320/294 307/343/294
f 344/369/295 307/343/295 248/265/295
f 272/169/296 345/370/296 225/172/296
f 224/171/274 392/371/274 272/169/274
f 344/369/273 308/267/273 392/371/273
f 392/371/297 249/274/297 345/370/297
f 273/209/298 346/372/298 226/211/298
f 225/172/299 393/373/299 273/209/299
f 345/370/300 309/306/300 393/373/300
f 393/373/301 250/312/301 346/372/301
f 274/239/302 347/374/302 227/241/302
f 226/211/303 394/375/303 274/239/303
f 346/372/304 310/335/304 394/375/304
f 394/375/305 251/341/305 347/374/305
f 228/189/306 395/376/306 348/377/306
f 275/261/307 347/374/307 395/376/307
f 395/376/308 251/341/308 311/352/308
f 348/377/309 311/352/309 252/287/309
f 229/225/310 396/378/310 349/379/310
f 276/192/311 348/377/311 396/378/311
f 396/378/312 252/287/312 312/286/312
f 349/379/313 312/286/313 253/294/313
f 218/201/295 397/380/295 338/359/295
f 277/227/314 349/379/314 397/380/314
f 397/380/315 253/294/315 313/322/315
f 338/359/292 313/322/292 242/295/292
f 230/208/316 398/381/316 350/382/316
f 278/206/317 351/383/317 398/381/317
f 398/381/318 255/328/318 314/301/318
f 350/382/319 314/301/319 254/298/319
f 231/205/320 399/384/320 351/383/320
f 279/237/321 352/385/321 399/384/321
f 399/384/322 256/349/322 315/330/322
f 351/383/323 315/330/323 255/328/323
f 232/236/324 400/386/324 352/385/324
f 280/257/325 353/387/325 400/386/325
f 400/386/326 257/388/326 316/351/326
f 352/385/327 316/351/327 256/349/327
f 281/185/328 353/387/328 233/187/328
f 234/224/329 401/389/329 281/185/329
f 354/390/330 317/279/330 401/389/330
f 401/389/331 257/388/331 353/387/331
f 282/222/332 354/390/332 234/224/332
f 235/252/333 402/391/333 282/222/333
f 355/392/334 318/315/334 402/391/334
f 402/391/335 258/281/335 354/390/335
f 283/250/336 355/392/336 235/252/336
f 236/178/337 403/393/337 283/250/337
f 356/394/338 319/344/338 403/393/338
f 403/393/339 259/317/339 355/392/339
f 236/178/319 404/395/319 356/394/319
f 284/176/340 357/396/340 404/395/340
f 404/395/341 261/307/341 320/271/341
f 356/394/316 320/271/316 260/268/316
f 237/175/342 405/397/342 357/396/342
f 285/215/343 358/398/343 405/397/343
f 405/397/344 262/336/344 321/309/344
f 357/396/345 321/309/345 261/307/345
f 238/214/346 406/399/346 358/398/346
f 286/245/347 359/400/347 406/399/347
f 406/399/348 263/401/348 322/338/348
f 358/398/349 322/338/349 262/336/349
f 287/262/350 359/400/350 239/244/350
f 240/197/351 407/402/351 287/262/351
f 360/403/352 323/353/352 407/402/352
f 407/402/353 263/401/353 359/400/353
f 288/195/354 360/403/354 240/197/354
f 241/230/355 408/404/355 288/195/355
f 361/405/356 324/289/356 408/404/356
f 408/404/357 264/355/357 360/403/357
f 289/228/358 361/405/358 241/230/358
f 230/208/338 409/406/338 289/228/338
f 350/382/337 325/323/337 409/406/337
f 409/406/359 265/291/359 361/405/359
f 272/169/360 362/173/360 290/170/360
f 225/172/361 291/210/361 362/173/361
f 362/174/362 291/216/362 237/175/362
f 290/177/363 362/174/363 284/176/363
f 221/179/364 269/182/364 363/180/364
f 269/182/365 222/217/365 293/183/365
f 293/184/366 234/224/366 281/185/366
f 363/186/367 281/185/367 233/187/367
f 228/189/368 276/192/368 364/190/368
f 276/192/369 229/225/369 295/193/369
f 295/194/370 241/230/370 288/195/370
f 364/196/371 288/195/371 240/197/371
f 266/199/372 365/203/372 296/200/372
f 219/202/373 297/232/373 365/203/373
f 365/204/374 297/238/374 231/205/374
f 296/207/375 365/204/375 278/206/375
f 273/209/376 366/212/376 291/210/376
f 226/211/377 298/240/377 366/212/377
f 366/213/378 298/246/378 238/214/378
f 291/216/379 366/213/379 285/215/379
f 222/217/380 270/219/380 367/218/380
f 270/219/381 223/247/381 299/220/381
f 299/221/382 235/252/382 282/222/382
f 367/223/383 282/222/383 234/224/383
f 229/225/384 277/227/384 368/226/384
f 277/227/385 218/201/385 296/200/385
f 296/207/386 230/208/386 289/228/386
f 368/229/387 289/228/387 241/230/387
f 267/231/388 369/234/388 297/232/388
f 220/233/389 300/254/389 369/234/389
f 369/235/390 300/258/390 232/236/390
f 297/238/391 369/235/391 279/237/391
f 274/239/392 370/242/392 298/240/392
f 227/241/393 301/260/393 370/242/393
f 370/243/394 301/264/394 239/244/394
f 298/246/395 370/243/395 286/245/395
f 223/247/396 271/249/396 371/248/396
f 271/249/397 224/171/397 290/170/397
f 290/177/398 236/178/398 283/250/398
f 371/251/399 283/250/399 235/252/399
f 268/253/400 372/255/400 300/254/400
f 221/179/401 292/181/401 372/255/401
f 372/256/402 292/188/402 233/187/402
f 300/258/403 372/256/403 280/257/403
f 227/241/404 275/261/404 373/259/404
f 275/261/405 228/189/405 294/191/405
f 294/198/406 240/197/406 287/262/406
f 373/263/407 287/262/407 239/244/407
f 248/265/408 326/407/408 374/266/408
f 260/268/409 320/271/409 374/269/409
f 320/271/410 261/307/410 327/272/410
f 308/267/411 374/266/411 327/273/411
f 328/275/412 375/283/412 305/276/412
f 328/278/413 257/388/413 317/279/413
f 375/280/414 317/279/414 258/281/414
f 375/283/415 329/313/415 246/284/415
f 330/285/416 376/293/416 312/286/416
f 330/288/417 264/355/417 324/289/417
f 376/290/418 324/289/418 265/291/418
f 376/293/419 331/321/419 253/294/419
f 242/295/420 332/408/420 377/296/420
f 254/298/421 314/301/421 377/299/421
f 314/301/422 255/328/422 333/302/422
f 302/297/423 377/296/423 333/303/423
f 249/274/424 327/273/424 378/305/424
f 261/307/425 321/309/425 378/308/425
f 321/309/426 262/336/426 334/310/426
f 309/306/427 378/305/427 334/311/427
f 329/313/428 379/319/428 306/314/428
f 329/282/429 258/281/429 318/315/429
f 379/316/430 318/315/430 259/317/430
f 379/319/431 335/342/431 247/320/431
f 331/321/432 380/325/432 313/322/432
f 331/292/433 265/291/433 325/323/433
f 380/324/434 325/323/434 254/298/434
f 380/325/435 332/408/435 242/295/435
f 243/304/436 333/303/436 381/326/436
f 255/328/437 315/330/437 381/329/437
f 315/330/438 256/349/438 336/331/438
f 303/327/439 381/326/439 336/332/439
f 250/312/440 334/311/440 382/334/440
f 262/336/441 322/338/441 382/337/441
f 322/338/442 263/401/442 337/339/442
f 310/335/443 382/334/443 337/340/443
f 335/342/444 383/346/444 307/343/444
f 335/318/445 259/317/445 319/344/445
f 383/345/446 319/344/446 260/268/446
f 383/346/447 326/407/447 248/265/447
f 244/333/448 336/332/448 384/347/448
f 256/349/449 316/351/449 384/350/449
f 316/351/450 257/388/450 328/278/450
f 304/348/451 384/347/451 328/275/451
f 337/340/452 385/356/452 311/352/452
f 337/339/453 263/401/453 323/353/453
f 385/354/454 323/353/454 264/355/454
f 385/356/455 330/285/455 252/287/455
f 266/199/456 386/358/456 339/357/456
f 218/201/457 338/359/457 386/358/457
f 338/359/458 242/295/458 302/297/458
f 386/358/459 302/297/459 243/304/459
f 267/231/460 387/361/460 340/360/460
f 219/202/461 339/357/461 387/361/461
f 339/357/462 243/304/462 303/327/462
f 387/361/463 303/327/463 244/333/463
f 268/253/464 388/363/464 341/362/464
f 220/233/465 340/360/465 388/363/465
f 340/360/466 244/333/466 304/348/466
f 388/363/467 304/348/467 245/277/467
f 222/217/468 269/182/468 389/364/468
f 269/182/469 221/179/469 341/362/469
f 389/364/470 341/362/470 245/277/470
f 342/365/471 389/364/471 305/276/471
f 223/247/472 270/219/472 390/366/472
f 270/219/473 222/217/473 342/365/473
f 390/366/474 342/365/474 246/284/474
f 343/367/475 390/366/475 306/314/475
f 224/171/476 271/249/476 391/368/476
f 271/249/477 223/247/477 343/367/477
f 391/368/478 343/367/478 247/320/478
f 344/369/479 391/368/479 307/343/479
f 272/169/480 392/371/480 345/370/480
f 224/171/458 344/369/458 392/371/458
f 344/369/457 248/265/457 308/267/457
f 392/371/481 308/267/481 249/274/481
f 273/209/482 393/373/482 346/372/482
f 225/172/483 345/370/483 393/373/483
f 345/370/484 249/274/484 309/306/484
f 393/373/485 309/306/485 250/312/485
f 274/239/486 394/375/486 347/374/486
f 226/211/487 346/372/487 394/375/487
f 346/372/488 250/312/488 310/335/488
f 394/375/489 310/335/489 251/341/489
f 228/189/490 275/261/490 395/376/490
f 275/261/491 227/241/491 347/374/491
f 395/376/492 347/374/492 251/341/492
f 348/377/493 395/376/493 311/352/493
f 229/225/494 276/192/494 396/378/494
f 276/192/495 228/189/495 348/377/495
f 396/378/496 348/377/496 252/287/496
f 349/379/497 396/378/497 312/286/497
f 218/201/479 277/227/479 397/380/479
f 277/227/498 229/225/498 349/379/498
f 397/380/499 349/379/499 253/294/499
f 338/359/476 397/380/476 313/322/476
f 230/208/500 278/206/500 398/381/500
f 278/206/501 231/205/501 351/383/501
f 398/381/502 351/383/502 255/328/502
f 350/382/503 398/381/503 314/301/503
f 231/205/504 279/237/504 399/384/504
f 279/237/505 232/236/505 352/385/505
f 399/384/506 352/385/506 256/349/506
f 351/383/507 399/384/507 315/330/507
f 232/236/508 280/257/508 400/386/508
f 280/257/509 233/187/509 353/387/509
f 400/386/510 353/387/510 257/388/510
f 352/385/511 400/386/511 316/351/511
f 281/185/512 401/389/512 353/387/512
f 234/224/513 354/390/513 401/389/513
f 354/390/514 258/281/514 317/279/514
f 401/389/515 317/279/515 257/388/515
f 282/222/516 402/391/516 354/390/516
f 235/252/517 355/392/517 402/391/517
f 355/392/518 259/317/518 318/315/518
f 402/391/519 318/315/519 258/281/519
f 283/250/520 403/393/520 355/392/520
f 236/178/521 356/394/521 403/393/521
f 356/394/522 260/268/522 319/344/522
f 403/393/523 319/344/523 259/317/523
f 236/178/503 284/176/503 404/395/503
f 284/176/524 237/175/524 357/396/524
f 404/395/525 357/396/525 261/307/525
f 356/394/500 404/395/500 320/271/500
f 237/175/526 285/215/526 405/397/526
f 285/215/527 238/214/527 358/398/527
f 405/397/528 358/398/528 262/336/528
f 357/396/529 405/397/529 321/309/529
f 238/214/530 286/245/530 406/399/530
f 286/245/531 239/244/531 359/400/531
f 406/399/532 359/400/532 263/401/532
f 358/398/533 406/399/533 322/338/533
f 287/262/534 407/402/534 359/400/534
f 240/197/535 360/403/535 407/402/535
f 360/403/536 264/355/536 323/353/536
f 407/402/537 323/353/537 263/401/537
f 288/195/538 408/404/538 360/403/538
f 241/230/539 361/405/539 408/404/539
f 361/405/540 265/291/540 324/289/540
f 408/404/541 324/289/541 264/355/541
f 289/228/542 409/406/542 361/405/542
f 230/208/522 350/382/522 409/406/522
f 350/382/521 254/298/521 325/323/521
f 409/406/543 325/323/543 265/291/543
usemtl Material.001
f 464/169/544 482/170/544 416/171/544
f 417/172/545 554/173/545 464/169/545
f 554/174/546 429/175/546 476/176/546
f 482/177/547 476/176/547 428/178/547
f 413/179/548 555/180/548 484/181/548
f 461/182/549 485/183/549 555/180/549
f 485/184/550 473/185/550 555/186/550
f 555/186/551 425/187/551 484/188/551
f 420/189/552 556/190/552 486/191/552
f 468/192/553 487/193/553 556/190/553
f 487/194/554 480/195/554 556/196/554
f 556/196/555 432/197/555 486/198/555
f 458/199/556 488/200/556 410/201/556
f 411/202/557 557/203/557 458/199/557
f 557/204/558 423/205/558 470/206/558
f 488/207/559 470/206/559 422/208/559
f 465/209/560 483/210/560 417/172/560
f 418/211/561 558/212/561 465/209/561
f 558/213/562 430/214/562 477/215/562
f 483/216/563 477/215/563 429/175/563
f 414/217/564 559/218/564 485/183/564
f 462/219/565 491/220/565 559/218/565
f 491/221/566 474/222/566 559/223/566
f 559/223/567 426/224/567 485/184/567
f 421/225/568 560/226/568 487/193/568
f 469/227/569 488/200/569 560/226/569
f 488/207/570 481/228/570 560/229/570
f 560/229/571 433/230/571 487/194/571
f 459/231/572 489/232/572 411/202/572
f 412/233/573 561/234/573 459/231/573
f 561/235/574 424/236/574 471/237/574
f 489/238/575 471/237/575 423/205/575
f 466/239/576 490/240/576 418/211/576
f 419/241/577 562/242/577 466/239/577
f 562/243/578 431/244/578 478/245/578
f 490/246/579 478/245/579 430/214/579
f 415/247/580 563/248/580 491/220/580
f 463/249/581 482/170/581 563/248/581
f 482/177/582 475/250/582 563/251/582
f 563/251/583 427/252/583 491/221/583
f 460/253/584 492/254/584 412/233/584
f 413/179/585 564/255/585 460/253/585
f 564/256/586 425/187/586 472/257/586
f 492/258/587 472/257/587 424/236/587
f 419/241/588 565/259/588 493/260/588
f 467/261/589 486/191/589 565/259/589
f 486/198/590 479/262/590 565/263/590
f 565/263/591 431/244/591 493/264/591
f 440/265/592 566/266/592 500/267/592
f 452/268/593 566/269/593 518/270/593
f 512/271/594 519/272/594 566/269/594
f 500/267/595 519/273/595 441/274/595
f 520/275/596 497/276/596 437/277/596
f 520/278/597 509/279/597 567/280/597
f 567/280/598 450/281/598 521/282/598
f 567/283/599 438/284/599 497/276/599
f 522/285/600 504/286/600 444/287/600
f 522/288/601 516/289/601 568/290/601
f 568/290/602 457/291/602 523/292/602
f 568/293/603 445/294/603 504/286/603
f 434/295/604 569/296/604 494/297/604
f 446/298/605 569/299/605 524/300/605
f 506/301/606 525/302/606 569/299/606
f 494/297/607 525/303/607 435/304/607
f 441/274/608 570/305/608 501/306/608
f 453/307/609 570/308/609 519/272/609
f 513/309/610 526/310/610 570/308/610
f 501/306/611 526/311/611 442/312/611
f 521/313/612 498/314/612 438/284/612
f 521/282/613 510/315/613 571/316/613
f 571/316/614 451/317/614 527/318/614
f 571/319/615 439/320/615 498/314/615
f 523/321/616 505/322/616 445/294/616
f 523/292/617 517/323/617 572/324/617
f 572/324/618 446/298/618 524/300/618
f 572/325/619 434/295/619 505/322/619
f 435/304/620 573/326/620 495/327/620
f 447/328/621 573/329/621 525/302/621
f 507/330/622 528/331/622 573/329/622
f 495/327/623 528/332/623 436/333/623
f 442/312/624 574/334/624 502/335/624
f 454/336/625 574/337/625 526/310/625
f 514/338/626 529/339/626 574/337/626
f 502/335/627 529/340/627 443/341/627
f 527/342/628 499/343/628 439/320/628
f 527/318/629 511/344/629 575/345/629
f 575/345/630 452/268/630 518/270/630
f 575/346/631 440/265/631 499/343/631
f 436/333/632 576/347/632 496/348/632
f 448/349/633 576/350/633 528/331/633
f 508/351/634 520/278/634 576/350/634
f 496/348/635 520/275/635 437/277/635
f 529/340/636 503/352/636 443/341/636
f 529/339/637 515/353/637 577/354/637
f 577/354/638 456/355/638 522/288/638
f 577/356/639 444/287/639 503/352/639
f 458/199/640 531/357/640 411/202/640
f 410/201/641 578/358/641 458/199/641
f 530/359/642 494/297/642 578/358/642
f 578/358/643 435/304/643 531/357/643
f 459/231/644 532/360/644 412/233/644
f 411/202/645 579/361/645 459/231/645
f 531/357/646 495/327/646 579/361/646
f 579/361/647 436/333/647 532/360/647
f 460/253/648 533/362/648 413/179/648
f 412/233/649 580/363/649 460/253/649
f 532/360/650 496/348/650 580/363/650
f 580/363/651 437/277/651 533/362/651
f 414/217/652 581/364/652 534/365/652
f 461/182/653 533/362/653 581/364/653
f 581/364/654 437/277/654 497/276/654
f 534/365/655 497/276/655 438/284/655
f 415/247/656 582/366/656 535/367/656
f 462/219/657 534/365/657 582/366/657
f 582/366/658 438/284/658 498/314/658
f 535/367/659 498/314/659 439/320/659
f 416/171/660 583/368/660 536/369/660
f 463/249/661 535/367/661 583/368/661
f 583/368/662 439/320/662 499/343/662
f 536/369/663 499/343/663 440/265/663
f 464/169/664 537/370/664 417/172/664
f 416/171/665 584/371/665 464/169/665
f 536/369/666 500/267/666 584/371/666
f 584/371/667 441/274/667 537/370/667
f 465/209/668 538/372/668 418/211/668
f 417/172/669 585/373/669 465/209/669
f 537/370/670 501/306/670 585/373/670
f 585/373/671 442/312/671 538/372/671
f 466/239/651 539/374/651 419/241/651
f 418/211/672 586/375/672 466/239/672
f 538/372/673 502/335/673 586/375/673
f 586/375/674 443/341/674 539/374/674
f 420/189/675 587/376/675 540/377/675
f 467/261/654 539/374/654 587/376/654
f 587/376/653 443/341/653 503/352/653
f 540/377/676 503/352/676 444/287/676
f 421/225/677 588/378/677 541/379/677
f 468/192/678 540/377/678 588/378/678
f 588/378/679 444/287/679 504/286/679
f 541/379/680 504/286/680 445/294/680
f 410/201/663 589/380/663 530/359/663
f 469/227/681 541/379/681 589/380/681
f 589/380/682 445/294/682 505/322/682
f 530/359/683 505/322/683 434/295/683
f 422/208/684 590/381/684 542/382/684
f 470/206/685 543/383/685 590/381/685
f 590/381/686 447/328/686 506/301/686
f 542/382/687 506/301/687 446/298/687
f 423/205/688 591/384/688 543/383/688
f 471/237/689 544/385/689 591/384/689
f 591/384/690 448/349/690 507/330/690
f 543/383/691 507/330/691 447/328/691
f 424/236/692 592/386/692 544/385/692
f 472/257/693 545/387/693 592/386/693
f 592/386/694 449/388/694 508/351/694
f 544/385/695 508/351/695 448/349/695
f 473/185/696 545/387/696 425/187/696
f 426/224/697 593/389/697 473/185/697
f 546/390/698 509/279/698 593/389/698
f 593/389/699 449/388/699 545/387/699
f 474/222/700 546/390/700 426/224/700
f 427/252/701 594/391/701 474/222/701
f 547/392/702 510/315/702 594/391/702
f 594/391/703 450/281/703 546/390/703
f 475/250/704 547/392/704 427/252/704
f 428/178/705 595/393/705 475/250/705
f 548/394/706 511/344/706 595/393/706
f 595/393/707 451/317/707 547/392/707
f 428/178/687 596/395/687 548/394/687
f 476/176/708 549/396/708 596/395/708
f 596/395/709 453/307/709 512/271/709
f 548/394/684 512/271/684 452/268/684
f 429/175/710 597/397/710 549/396/710
f 477/215/711 550/398/711 597/397/711
f 597/397/712 454/336/712 513/309/712
f 549/396/713 513/309/713 453/307/713
f 430/214/714 598/399/714 550/398/714
f 478/245/694 551/400/694 598/399/694
f 598/399/715 455/401/715 514/338/715
f 550/398/716 514/338/716 454/336/716
f 479/262/717 551/400/717 431/244/717
f 432/197/718 599/402/718 479/262/718
f 552/403/719 515/353/719 599/402/719
f 599/402/696 455/401/696 551/400/696
f 480/195/720 552/403/720 432/197/720
f 433/230/721 600/404/721 480/195/721
f 553/405/722 516/289/722 600/404/722
f 600/404/723 456/355/723 552/403/723
f 481/228/724 553/405/724 433/230/724
f 422/208/706 601/406/706 481/228/706
f 542/382/705 517/323/705 601/406/705
f 601/406/725 457/291/725 553/405/725
f 464/169/726 554/173/726 482/170/726
f 417/172/727 483/210/727 554/173/727
f 554/174/728 483/216/728 429/175/728
f 482/177/729 554/174/729 476/176/729
f 413/179/730 461/182/730 555/180/730
f 461/182/731 414/217/731 485/183/731
f 485/184/732 426/224/732 473/185/732
f 555/186/733 473/185/733 425/187/733
f 420/189/734 468/192/734 556/190/734
f 468/192/735 421/225/735 487/193/735
f 487/194/736 433/230/736 480/195/736
f 556/196/737 480/195/737 432/197/737
f 458/199/738 557/203/738 488/200/738
f 411/202/739 489/232/739 557/203/739
f 557/204/740 489/238/740 423/205/740
f 488/207/741 557/204/741 470/206/741
f 465/209/742 558/212/742 483/210/742
f 418/211/743 490/240/743 558/212/743
f 558/213/744 490/246/744 430/214/744
f 483/216/745 558/213/745 477/215/745
f 414/217/746 462/219/746 559/218/746
f 462/219/747 415/247/747 491/220/747
f 491/221/748 427/252/748 474/222/748
f 559/223/749 474/222/749 426/224/749
f 421/225/750 469/227/750 560/226/750
f 469/227/751 410/201/751 488/200/751
f 488/207/752 422/208/752 481/228/752
f 560/229/753 481/228/753 433/230/753
f 459/231/754 561/234/754 489/232/754
f 412/233/755 492/254/755 561/234/755
f 561/235/756 492/258/756 424/236/756
f 489/238/757 561/235/757 471/237/757
f 466/239/758 562/242/758 490/240/758
f 419/241/759 493/260/759 562/242/759
f 562/243/760 493/264/760 431/244/760
f 490/246/761 562/243/761 478/245/761
f 415/247/762 463/249/762 563/248/762
f 463/249/763 416/171/763 482/170/763
f 482/177/764 428/178/764 475/250/764
f 563/251/765 475/250/765 427/252/765
f 460/253/766 564/255/766 492/254/766
f 413/179/767 484/181/767 564/255/767
f 564/256/768 484/188/768 425/187/768
f 492/258/769 564/256/769 472/257/769
f 419/241/770 467/261/770 565/259/770
f 467/261/771 420/189/771 486/191/771
f 486/198/772 432/197/772 479/262/772
f 565/263/773 479/262/773 431/244/773
f 440/265/774 518/407/774 566/266/774
f 452/268/775 512/271/775 566/269/775
f 512/271/776 453/307/776 519/272/776
f 500/267/777 566/266/777 519/273/777
f 520/275/778 567/283/778 497/276/778
f 520/278/779 449/388/779 509/279/779
f 567/280/780 509/279/780 450/281/780
f 567/283/781 521/313/781 438/284/781
f 522/285/782 568/293/782 504/286/782
f 522/288/783 456/355/783 516/289/783
f 568/290/784 516/289/784 457/291/784
f 568/293/785 523/321/785 445/294/785
f 434/295/786 524/408/786 569/296/786
f 446/298/787 506/301/787 569/299/787
f 506/301/788 447/328/788 525/302/788
f 494/297/789 569/296/789 525/303/789
f 441/274/790 519/273/790 570/305/790
f 453/307/791 513/309/791 570/308/791
f 513/309/792 454/336/792 526/310/792
f 501/306/793 570/305/793 526/311/793
f 521/313/794 571/319/794 498/314/794
f 521/282/795 450/281/795 510/315/795
f 571/316/796 510/315/796 451/317/796
f 571/319/797 527/342/797 439/320/797
f 523/321/798 572/325/798 505/322/798
f 523/292/799 457/291/799 517/323/799
f 572/324/800 517/323/800 446/298/800
f 572/325/801 524/408/801 434/295/801
f 435/304/802 525/303/802 573/326/802
f 447/328/803 507/330/803 573/329/803
f 507/330/804 448/349/804 528/331/804
f 495/327/805 573/326/805 528/332/805
f 442/312/806 526/311/806 574/334/806
f 454/336/807 514/338/807 574/337/807
f 514/338/808 455/401/808 529/339/808
f 502/335/809 574/334/809 529/340/809
f 527/342/810 575/346/810 499/343/810
f 527/318/811 451/317/811 511/344/811
f 575/345/812 511/344/812 452/268/812
f 575/346/813 518/407/813 440/265/813
f 436/333/814 528/332/814 576/347/814
f 448/349/815 508/351/815 576/350/815
f 508/351/816 449/388/816 520/278/816
f 496/348/817 576/347/817 520/275/817
f 529/340/818 577/356/818 503/352/818
f 529/339/819 455/401/819 515/353/819
f 577/354/820 515/353/820 456/355/820
f 577/356/821 522/285/821 444/287/821
f 458/199/822 578/358/822 531/357/822
f 410/201/823 530/359/823 578/358/823
f 530/359/824 434/295/824 494/297/824
f 578/358/825 494/297/825 435/304/825
f 459/231/826 579/361/826 532/360/826
f 411/202/827 531/357/827 579/361/827
f 531/357/828 435/304/828 495/327/828
f 579/361/829 495/327/829 436/333/829
f 460/253/830 580/363/830 533/362/830
f 412/233/831 532/360/831 580/363/831
f 532/360/832 436/333/832 496/348/832
f 580/363/833 496/348/833 437/277/833
f 414/217/834 461/182/834 581/364/834
f 461/182/835 413/179/835 533/362/835
f 581/364/836 533/362/836 437/277/836
f 534/365/837 581/364/837 497/276/837
f 415/247/838 462/219/838 582/366/838
f 462/219/839 414/217/839 534/365/839
f 582/366/840 534/365/840 438/284/840
f 535/367/841 582/366/841 498/314/841
f 416/171/842 463/249/842 583/368/842
f 463/249/843 415/247/843 535/367/843
f 583/368/844 535/367/844 439/320/844
f 536/369/845 583/368/845 499/343/845
f 464/169/846 584/371/846 537/370/846
f 416/171/847 536/369/847 584/371/847
f 536/369/823 440/265/823 500/267/823
f 584/371/848 500/267/848 441/274/848
f 465/209/849 585/373/849 538/372/849
f 417/172/850 537/370/850 585/373/850
f 537/370/851 441/274/851 501/306/851
f 585/373/852 501/306/852 442/312/852
f 466/239/833 586/375/833 539/374/833
f 418/211/853 538/372/853 586/375/853
f 538/372/854 442/312/854 502/335/854
f 586/375/830 502/335/830 443/341/830
f 420/189/855 467/261/855 587/376/855
f 467/261/856 419/241/856 539/374/856
f 587/376/857 539/374/857 443/341/857
f 540/377/858 587/376/858 503/352/858
f 421/225/859 468/192/859 588/378/859
f 468/192/860 420/189/860 540/377/860
f 588/378/861 540/377/861 444/287/861
f 541/379/862 588/378/862 504/286/862
f 410/201/845 469/227/845 589/380/845
f 469/227/863 421/225/863 541/379/863
f 589/380/864 541/379/864 445/294/864
f 530/359/842 589/380/842 505/322/842
f 422/208/865 470/206/865 590/381/865
f 470/206/866 423/205/866 543/383/866
f 590/381/867 543/383/867 447/328/867
f 542/382/868 590/381/868 506/301/868
f 423/205/869 471/237/869 591/384/869
f 471/237/870 424/236/870 544/385/870
f 591/384/871 544/385/871 448/349/871
f 543/383/872 591/384/872 507/330/872
f 424/236/873 472/257/873 592/386/873
f 472/257/874 425/187/874 545/387/874
f 592/386/875 545/387/875 449/388/875
f 544/385/876 592/386/876 508/351/876
f 473/185/877 593/389/877 545/387/877
f 426/224/878 546/390/878 593/389/878
f 546/390/879 450/281/879 509/279/879
f 593/389/880 509/279/880 449/388/880
f 474/222/881 594/391/881 546/390/881
f 427/252/882 547/392/882 594/391/882
f 547/392/883 451/317/883 510/315/883
f 594/391/884 510/315/884 450/281/884
f 475/250/885 595/393/885 547/392/885
f 428/178/886 548/394/886 595/393/886
f 548/394/887 452/268/887 511/344/887
f 595/393/888 511/344/888 451/317/888
f 428/178/889 476/176/889 596/395/889
f 476/176/890 429/175/890 549/396/890
f 596/395/891 549/396/891 453/307/891
f 548/394/892 596/395/892 512/271/892
f 429/175/893 477/215/893 597/397/893
f 477/215/894 430/214/894 550/398/894
f 597/397/895 550/398/895 454/336/895
f 549/396/896 597/397/896 513/309/896
f 430/214/897 478/245/897 598/399/897
f 478/245/898 431/244/898 551/400/898
f 598/399/874 551/400/874 455/401/874
f 550/398/899 598/399/899 514/338/899
f 479/262/900 599/402/900 551/400/900
f 432/197/901 552/403/901 599/402/901
f 552/403/902 456/355/902 515/353/902
f 599/402/877 515/353/877 455/401/877
f 480/195/903 600/404/903 552/403/903
f 433/230/904 553/405/904 600/404/904
f 553/405/905 457/291/905 516/289/905
f 600/404/906 516/289/906 456/355/906
f 481/228/907 601/406/907 553/405/907
f 422/208/908 542/382/908 601/406/908
f 542/382/886 446/298/886 517/323/886
f 601/406/909 517/323/909 457/291/909
usemtl Material.009
f 624/409/910 609/410/910 625/411/910
f 625/411/911 603/412/911 610/413/911
f 607/414/912 626/415/912 609/410/912
f 606/416/913 626/415/913 623/417/913
f 608/418/914 611/419/914 626/415/914
f 609/410/915 611/419/915 603/412/915
f 622/420/916 608/418/916 606/416/916
f 627/421/917 602/422/917 608/418/917
f 603/412/918 628/423/918 610/413/918
f 614/424/919 615/425/919 628/423/919
f 611/419/920 614/424/920 603/412/920
f 611/419/921 613/426/921 629/427/921
f 629/427/922 604/428/922 616/429/922
f 629/427/923 605/430/923 614/424/923
f 602/422/924 630/431/924 613/426/924
f 613/426/925 617/432/925 604/428/925
f 616/429/926 619/433/926 605/430/926
f 616/429/927 618/434/927 631/435/927
f 620/436/928 623/417/928 632/437/928
f 621/438/929 623/417/929 607/414/929
f 655/439/930 640/440/930 638/441/930
f 656/442/931 634/443/931 640/440/931
f 638/441/932 657/444/932 654/445/932
f 657/444/933 637/446/933 654/445/933
f 642/447/934 639/448/934 657/444/934
f 640/440/935 642/447/935 657/444/935
f 639/448/936 653/449/936 637/446/936
f 633/450/937 658/451/937 639/448/937
f 659/452/938 634/443/938 641/453/938
f 646/454/939 645/455/939 659/452/939
f 645/455/940 642/447/940 634/443/940
f 642/447/941 644/456/941 633/450/941
f 660/457/942 635/458/942 644/456/942
f 636/459/943 660/457/943 645/455/943
f 633/450/944 661/460/944 643/461/944
f 644/456/945 648/462/945 661/460/945
f 650/463/946 647/464/946 636/459/946
f 647/464/947 649/465/947 635/458/947
f 654/445/948 651/466/948 663/467/948
f 652/468/949 654/445/949 663/467/949
f 665/469/950 646/454/950 670/470/950
f 664/471/951 648/462/951 635/458/951
f 664/471/952 649/465/952 672/472/952
f 665/469/953 650/463/953 636/459/953
f 666/473/954 651/466/954 637/446/954
f 667/474/955 652/468/955 675/475/955
f 666/473/956 653/449/956 676/476/956
f 667/474/957 655/439/957 638/441/957
f 678/477/958 655/439/958 677/478/958
f 678/477/959 641/453/959 656/442/959
f 679/479/960 653/449/960 658/451/960
f 679/479/961 643/461/961 669/480/961
f 680/481/962 641/453/962 668/482/962
f 680/481/963 646/454/963 659/452/963
f 681/483/964 643/461/964 661/460/964
f 681/483/965 648/462/965 671/484/965
f 672/472/966 662/485/966 682/486/966
f 673/487/967 662/485/967 650/463/967
f 674/488/968 663/467/968 651/466/968
f 675/475/969 663/467/969 683/489/969
f 621/438/970 683/490/970 632/437/970
f 620/436/971 683/490/971 674/491/971
f 619/433/972 682/492/972 673/493/972
f 618/434/973 682/492/973 631/435/973
f 630/431/974 671/494/974 617/432/974
f 630/431/975 669/495/975 681/496/975
f 628/423/976 670/497/976 680/498/976
f 628/423/977 668/499/977 610/413/977
f 627/421/978 669/495/978 612/500/978
f 627/421/979 676/501/979 679/502/979
f 625/411/980 668/499/980 678/503/980
f 625/411/981 677/504/981 624/409/981
f 607/414/982 677/504/982 667/505/982
f 606/416/983 676/501/983 622/420/983
f 607/414/984 675/506/984 621/438/984
f 606/416/985 674/491/985 666/507/985
f 605/430/986 673/493/986 665/508/986
f 604/428/987 672/509/987 618/434/987
f 604/428/988 671/494/988 664/510/988
f 605/430/989 670/497/989 615/425/989
f 624/409/990 607/414/990 609/410/990
f 625/411/991 609/410/991 603/412/991
f 607/414/992 623/417/992 626/415/992
f 606/416/993 608/418/993 626/415/993
f 608/418/994 602/422/994 611/419/994
f 609/410/995 626/415/995 611/419/995
f 622/420/996 627/421/996 608/418/996
f 627/421/997 612/500/997 602/422/997
f 603/412/998 614/424/998 628/423/998
f 614/424/999 605/430/999 615/425/999
f 611/419/1000 629/427/1000 614/424/1000
f 611/419/1001 602/422/1001 613/426/1001
f 629/427/1002 613/426/1002 604/428/1002
f 629/427/1003 616/429/1003 605/430/1003
f 602/422/1004 612/500/1004 630/431/1004
f 613/426/1005 630/431/1005 617/432/1005
f 616/429/1006 631/435/1006 619/433/1006
f 616/429/1007 604/428/1007 618/434/1007
f 620/436/1008 606/416/1008 623/417/1008
f 621/438/1009 632/437/1009 623/417/1009
f 655/439/1010 656/442/1010 640/440/1010
f 656/442/1011 641/453/1011 634/443/1011
f 638/441/1012 640/440/1012 657/444/1012
f 657/444/1013 639/448/1013 637/446/1013
f 642/447/1014 633/450/1014 639/448/1014
f 640/440/1015 634/443/1015 642/447/1015
f 639/448/1016 658/451/1016 653/449/1016
f 633/450/1017 643/461/1017 658/451/1017
f 659/452/1018 645/455/1018 634/443/1018
f 646/454/1019 636/459/1019 645/455/1019
f 645/455/1020 660/457/1020 642/447/1020
f 642/447/1021 660/457/1021 644/456/1021
f 660/457/1022 647/464/1022 635/458/1022
f 636/459/1023 647/464/1023 660/457/1023
f 633/450/1024 644/456/1024 661/460/1024
f 644/456/1025 635/458/1025 648/462/1025
f 650/463/1026 662/485/1026 647/464/1026
f 647/464/1027 662/485/1027 649/465/1027
f 654/445/1028 637/446/1028 651/466/1028
f 652/468/1029 638/441/1029 654/445/1029
f 665/469/1030 636/459/1030 646/454/1030
f 664/471/1031 671/484/1031 648/462/1031
f 664/471/1032 635/458/1032 649/465/1032
f 665/469/1033 673/487/1033 650/463/1033
f 666/473/1034 674/488/1034 651/466/1034
f 667/474/1035 638/441/1035 652/468/1035
f 666/473/1036 637/446/1036 653/449/1036
f 667/474/1037 677/478/1037 655/439/1037
f 678/477/1038 656/442/1038 655/439/1038
f 678/477/1039 668/482/1039 641/453/1039
f 679/479/1040 676/476/1040 653/449/1040
f 679/479/1041 658/451/1041 643/461/1041
f 680/481/1042 659/452/1042 641/453/1042
f 680/481/1043 670/470/1043 646/454/1043
f 681/483/1044 669/480/1044 643/461/1044
f 681/483/1045 661/460/1045 648/462/1045
f 672/472/1046 649/465/1046 662/485/1046
f 673/487/1047 682/486/1047 662/485/1047
f 674/488/1048 683/489/1048 663/467/1048
f 675/475/1049 652/468/1049 663/467/1049
f 621/438/1050 675/506/1050 683/490/1050
f 620/436/1051 632/437/1051 683/490/1051
f 619/433/1052 631/435/1052 682/492/1052
f 618/434/1053 672/509/1053 682/492/1053
f 630/431/1054 681/496/1054 671/494/1054
f 630/431/1055 612/500/1055 669/495/1055
f 628/423/1056 615/425/1056 670/497/1056
f 628/423/1057 680/498/1057 668/499/1057
f 627/421/1058 679/502/1058 669/495/1058
f 627/421/1059 622/420/1059 676/501/1059
f 625/411/1060 610/413/1060 668/499/1060
f 625/411/1061 678/503/1061 677/504/1061
f 607/414/1062 624/409/1062 677/504/1062
f 606/416/1063 666/507/1063 676/501/1063
f 607/414/1064 667/505/1064 675/506/1064
f 606/416/1065 620/436/1065 674/491/1065
f 605/430/1066 619/433/1066 673/493/1066
f 604/428/1067 664/510/1067 672/509/1067
f 604/428/1068 617/432/1068 671/494/1068
f 605/430/1069 665/508/1069 670/497/1069
usemtl Material.010
f 706/409/1070 691/410/1070 707/411/1070
f 707/411/1071 685/412/1071 692/413/1071
f 689/414/1072 708/415/1072 691/410/1072
f 688/416/1073 708/415/1073 705/417/1073
f 690/418/1074 693/419/1074 708/415/1074
f 691/410/1075 693/419/1075 685/412/1075
f 704/420/1076 690/418/1076 688/416/1076
f 709/421/1077 684/422/1077 690/418/1077
f 685/412/1078 710/423/1078 692/413/1078
f 696/424/1079 697/425/1079 710/423/1079
f 693/419/1080 696/424/1080 685/412/1080
f 693/419/1081 695/426/1081 711/427/1081
f 711/427/1082 686/428/1082 698/429/1082
f 711/427/1083 687/430/1083 696/424/1083
f 684/422/1084 712/431/1084 695/426/1084
f 695/426/1085 699/432/1085 686/428/1085
f 698/429/1086 701/433/1086 687/430/1086
f 698/429/1087 700/434/1087 713/435/1087
f 702/436/1088 705/417/1088 714/437/1088
f 703/438/1089 705/417/1089 689/414/1089
f 737/439/1090 722/440/1090 720/441/1090
f 738/442/1091 716/443/1091 722/440/1091
f 720/441/1092 739/444/1092 736/445/1092
f 739/444/1093 719/446/1093 736/445/1093
f 724/447/1094 721/448/1094 739/444/1094
f 722/440/1095 724/447/1095 739/444/1095
f 721/448/1096 735/449/1096 719/446/1096
f 715/450/1097 740/451/1097 721/448/1097
f 741/452/1098 716/443/1098 723/453/1098
f 728/454/1099 727/455/1099 741/452/1099
f 727/455/1100 724/447/1100 716/443/1100
f 724/447/1101 726/456/1101 715/450/1101
f 742/457/1102 717/458/1102 726/456/1102
f 718/459/1103 742/457/1103 727/455/1103
f 715/450/1104 743/460/1104 725/461/1104
f 726/456/1105 730/462/1105 743/460/1105
f 732/463/1106 729/464/1106 718/459/1106
f 729/464/1107 731/465/1107 717/458/1107
f 736/445/1108 733/466/1108 745/467/1108
f 734/468/1109 736/445/1109 745/467/1109
f 747/469/1110 728/454/1110 752/470/1110
f 746/471/1111 730/462/1111 717/458/1111
f 746/471/1112 731/465/1112 754/472/1112
f 747/469/1113 732/463/1113 718/459/1113
f 748/473/1114 733/466/1114 719/446/1114
f 749/474/1115 734/468/1115 757/475/1115
f 748/473/1116 735/449/1116 758/476/1116
f 749/474/1117 737/439/1117 720/441/1117
f 760/477/1118 737/439/1118 759/478/1118
f 760/477/1119 723/453/1119 738/442/1119
f 761/479/1120 735/449/1120 740/451/1120
f 761/479/1121 725/461/1121 751/480/1121
f 762/481/1122 723/453/1122 750/482/1122
f 762/481/1123 728/454/1123 741/452/1123
f 763/483/1124 725/461/1124 743/460/1124
f 763/483/1125 730/462/1125 753/484/1125
f 754/472/1126 744/485/1126 764/486/1126
f 755/487/1127 744/485/1127 732/463/1127
f 756/488/1128 745/467/1128 733/466/1128
f 757/475/1129 745/467/1129 765/489/1129
f 703/438/1130 765/490/1130 714/437/1130
f 702/436/1131 765/490/1131 756/491/1131
f 701/433/1132 764/492/1132 755/493/1132
f 700/434/1133 764/492/1133 713/435/1133
f 712/431/1134 753/494/1134 699/432/1134
f 712/431/1135 751/495/1135 763/496/1135
f 710/423/1136 752/497/1136 762/498/1136
f 710/423/1137 750/499/1137 692/413/1137
f 709/421/1138 751/495/1138 694/500/1138
f 709/421/1139 758/501/1139 761/502/1139
f 707/411/1140 750/499/1140 760/503/1140
f 707/411/1141 759/504/1141 706/409/1141
f 689/414/1142 759/504/1142 749/505/1142
f 688/416/1143 758/501/1143 704/420/1143
f 689/414/1144 757/506/1144 703/438/1144
f 688/416/1145 756/491/1145 748/507/1145
f 687/430/1146 755/493/1146 747/508/1146
f 686/428/1147 754/509/1147 700/434/1147
f 686/428/1148 753/494/1148 746/510/1148
f 687/430/1149 752/497/1149 697/425/1149
f 706/409/1150 689/414/1150 691/410/1150
f 707/411/1151 691/410/1151 685/412/1151
f 689/414/1152 705/417/1152 708/415/1152
f 688/416/1153 690/418/1153 708/415/1153
f 690/418/1154 684/422/1154 693/419/1154
f 691/410/1155 708/415/1155 693/419/1155
f 704/420/1156 709/421/1156 690/418/1156
f 709/421/1157 694/500/1157 684/422/1157
f 685/412/1158 696/424/1158 710/423/1158
f 696/424/1159 687/430/1159 697/425/1159
f 693/419/1160 711/427/1160 696/424/1160
f 693/419/1161 684/422/1161 695/426/1161
f 711/427/1162 695/426/1162 686/428/1162
f 711/427/1163 698/429/1163 687/430/1163
f 684/422/1164 694/500/1164 712/431/1164
f 695/426/1165 712/431/1165 699/432/1165
f 698/429/1166 713/435/1166 701/433/1166
f 698/429/1167 686/428/1167 700/434/1167
f 702/436/1168 688/416/1168 705/417/1168
f 703/438/1169 714/437/1169 705/417/1169
f 737/439/1170 738/442/1170 722/440/1170
f 738/442/1171 723/453/1171 716/443/1171
f 720/441/1172 722/440/1172 739/444/1172
f 739/444/1173 721/448/1173 719/446/1173
f 724/447/1174 715/450/1174 721/448/1174
f 722/440/1175 716/443/1175 724/447/1175
f 721/448/1176 740/451/1176 735/449/1176
f 715/450/1177 725/461/1177 740/451/1177
f 741/452/1178 727/455/1178 716/443/1178
f 728/454/1179 718/459/1179 727/455/1179
f 727/455/1180 742/457/1180 724/447/1180
f 724/447/1181 742/457/1181 726/456/1181
f 742/457/1182 729/464/1182 717/458/1182
f 718/459/1183 729/464/1183 742/457/1183
f 715/450/1184 726/456/1184 743/460/1184
f 726/456/1185 717/458/1185 730/462/1185
f 732/463/1186 744/485/1186 729/464/1186
f 729/464/1187 744/485/1187 731/465/1187
f 736/445/1188 719/446/1188 733/466/1188
f 734/468/1189 720/441/1189 736/445/1189
f 747/469/1190 718/459/1190 728/454/1190
f 746/471/1191 753/484/1191 730/462/1191
f 746/471/1192 717/458/1192 731/465/1192
f 747/469/1193 755/487/1193 732/463/1193
f 748/473/1194 756/488/1194 733/466/1194
f 749/474/1195 720/441/1195 734/468/1195
f 748/473/1196 719/446/1196 735/449/1196
f 749/474/1197 759/478/1197 737/439/1197
f 760/477/1198 738/442/1198 737/439/1198
f 760/477/1199 750/482/1199 723/453/1199
f 761/479/1200 758/476/1200 735/449/1200
f 761/479/1201 740/451/1201 725/461/1201
f 762/481/1202 741/452/1202 723/453/1202
f 762/481/1203 752/470/1203 728/454/1203
f 763/483/1204 751/480/1204 725/461/1204
f 763/483/1205 743/460/1205 730/462/1205
f 754/472/1206 731/465/1206 744/485/1206
f 755/487/1207 764/486/1207 744/485/1207
f 756/488/1208 765/489/1208 745/467/1208
f 757/475/1209 734/468/1209 745/467/1209
f 703/438/1210 757/506/1210 765/490/1210
f 702/436/1211 714/437/1211 765/490/1211
f 701/433/1212 713/435/1212 764/492/1212
f 700/434/1213 754/509/1213 764/492/1213
f 712/431/1214 763/496/1214 753/494/1214
f 712/431/1215 694/500/1215 751/495/1215
f 710/423/1216 697/425/1216 752/497/1216
f 710/423/1217 762/498/1217 750/499/1217
f 709/421/1218 761/502/1218 751/495/1218
f 709/421/1219 704/420/1219 758/501/1219
f 707/411/1220 692/413/1220 750/499/1220
f 707/411/1221 760/503/1221 759/504/1221
f 689/414/1222 706/409/1222 759/504/1222
f 688/416/1223 748/507/1223 758/501/1223
f 689/414/1224 749/505/1224 757/506/1224
f 688/416/1225 702/436/1225 756/491/1225
f 687/430/1226 701/433/1226 755/493/1226
f 686/428/1227 746/510/1227 754/509/1227
f 686/428/1228 699/432/1228 753/494/1228
f 687/430/1229 747/508/1229 752/497/1229
usemtl Material.013
f 820/169/1230 838/170/1230 772/171/1230
f 773/172/1231 910/173/1231 820/169/1231
f 910/174/1232 785/175/1232 832/176/1232
f 838/177/1233 832/176/1233 784/178/1233
f 769/179/1234 911/180/1234 840/181/1234
f 817/182/1235 841/183/1235 911/180/1235
f 841/184/1236 829/185/1236 911/186/1236
f 911/186/1237 781/187/1237 840/188/1237
f 776/189/1238 912/190/1238 842/191/1238
f 824/192/1239 843/193/1239 912/190/1239
f 843/194/1240 836/195/1240 912/196/1240
f 912/196/1241 788/197/1241 842/198/1241
f 814/199/1242 844/200/1242 766/201/1242
f 767/202/1243 913/203/1243 814/199/1243
f 913/204/1244 779/205/1244 826/206/1244
f 844/207/1245 826/206/1245 778/208/1245
f 821/209/1246 839/210/1246 773/172/1246
f 774/211/1247 914/212/1247 821/209/1247
f 914/213/1248 786/214/1248 833/215/1248
f 839/216/1249 833/215/1249 785/175/1249
f 770/217/1250 915/218/1250 841/183/1250
f 818/219/1251 847/220/1251 915/218/1251
f 847/221/1252 830/222/1252 915/223/1252
f 915/223/1253 782/224/1253 841/184/1253
f 777/225/1254 916/226/1254 843/193/1254
f 825/227/1255 844/200/1255 916/226/1255
f 844/207/1256 837/228/1256 916/229/1256
f 916/229/1257 789/230/1257 843/194/1257
f 815/231/1258 845/232/1258 767/202/1258
f 768/233/1259 917/234/1259 815/231/1259
f 917/235/1260 780/236/1260 827/237/1260
f 845/238/1261 827/237/1261 779/205/1261
f 822/239/1262 846/240/1262 774/211/1262
f 775/241/1263 918/242/1263 822/239/1263
f 918/243/1264 787/244/1264 834/245/1264
f 846/246/1265 834/245/1265 786/214/1265
f 771/247/1266 919/248/1266 847/220/1266
f 819/249/1267 838/170/1267 919/248/1267
f 838/177/1268 831/250/1268 919/251/1268
f 919/251/1269 783/252/1269 847/221/1269
f 816/253/1270 848/254/1270 768/233/1270
f 769/179/1271 920/255/1271 816/253/1271
f 920/256/1272 781/187/1272 828/257/1272
f 848/258/1273 828/257/1273 780/236/1273
f 775/241/1274 921/259/1274 849/260/1274
f 823/261/1275 842/191/1275 921/259/1275
f 842/198/1276 835/262/1276 921/263/1276
f 921/263/1277 787/244/1277 849/264/1277
f 796/265/1278 922/266/1278 856/267/1278
f 808/268/1279 922/269/1279 874/270/1279
f 868/271/1280 875/272/1280 922/269/1280
f 856/267/1281 875/273/1281 797/274/1281
f 876/275/1282 853/276/1282 793/277/1282
f 876/278/1283 865/279/1283 923/280/1283
f 923/280/1284 806/281/1284 877/282/1284
f 923/283/1285 794/284/1285 853/276/1285
f 878/285/1286 860/286/1286 800/287/1286
f 878/288/1287 872/289/1287 924/290/1287
f 924/290/1288 813/291/1288 879/292/1288
f 924/293/1289 801/294/1289 860/286/1289
f 790/295/1290 925/296/1290 850/297/1290
f 802/298/1291 925/299/1291 880/300/1291
f 862/301/1292 881/302/1292 925/299/1292
f 850/297/1293 881/303/1293 791/304/1293
f 797/274/1294 926/305/1294 857/306/1294
f 809/307/1295 926/308/1295 875/272/1295
f 869/309/1296 882/310/1296 926/308/1296
f 857/306/1297 882/311/1297 798/312/1297
f 877/313/1298 854/314/1298 794/284/1298
f 877/282/1299 866/315/1299 927/316/1299
f 927/316/1300 807/317/1300 883/318/1300
f 927/319/1301 795/320/1301 854/314/1301
f 879/321/1302 861/322/1302 801/294/1302
f 879/292/1303 873/323/1303 928/324/1303
f 928/324/1304 802/298/1304 880/300/1304
f 928/325/1305 790/295/1305 861/322/1305
f 791/304/1306 929/326/1306 851/327/1306
f 803/328/1307 929/329/1307 881/302/1307
f 863/330/1308 884/331/1308 929/329/1308
f 851/327/1309 884/332/1309 792/333/1309
f 798/312/1310 930/334/1310 858/335/1310
f 810/336/1311 930/337/1311 882/310/1311
f 870/338/1312 885/339/1312 930/337/1312
f 858/335/1313 885/340/1313 799/341/1313
f 883/342/1314 855/343/1314 795/320/1314
f 883/318/1315 867/344/1315 931/345/1315
f 931/345/1316 808/268/1316 874/270/1316
f 931/346/1317 796/265/1317 855/343/1317
f 792/333/1318 932/347/1318 852/348/1318
f 804/349/1319 932/350/1319 884/331/1319
f 864/351/1320 876/278/1320 932/350/1320
f 852/348/1321 876/275/1321 793/277/1321
f 885/340/1322 859/352/1322 799/341/1322
f 885/339/1323 871/353/1323 933/354/1323
f 933/354/1324 812/355/1324 878/288/1324
f 933/356/1325 800/287/1325 859/352/1325
f 814/199/1326 887/357/1326 767/202/1326
f 766/201/1327 934/358/1327 814/199/1327
f 886/359/1328 850/297/1328 934/358/1328
f 934/358/1329 791/304/1329 887/357/1329
f 815/231/1330 888/360/1330 768/233/1330
f 767/202/1331 935/361/1331 815/231/1331
f 887/357/1332 851/327/1332 935/361/1332
f 935/361/1333 792/333/1333 888/360/1333
f 816/253/1334 889/362/1334 769/179/1334
f 768/233/1335 936/363/1335 816/253/1335
f 888/360/1336 852/348/1336 936/363/1336
f 936/363/1337 793/277/1337 889/362/1337
f 770/217/1338 937/364/1338 890/365/1338
f 817/182/1339 889/362/1339 937/364/1339
f 937/364/1340 793/277/1340 853/276/1340
f 890/365/1341 853/276/1341 794/284/1341
f 771/247/1342 938/366/1342 891/367/1342
f 818/219/1343 890/365/1343 938/366/1343
f 938/366/1344 794/284/1344 854/314/1344
f 891/367/1345 854/314/1345 795/320/1345
f 772/171/1346 939/368/1346 892/369/1346
f 819/249/1347 891/367/1347 939/368/1347
f 939/368/1348 795/320/1348 855/343/1348
f 892/369/1349 855/343/1349 796/265/1349
f 820/169/1350 893/370/1350 773/172/1350
f 772/171/1328 940/371/1328 820/169/1328
f 892/369/1327 856/267/1327 940/371/1327
f 940/371/1351 797/274/1351 893/370/1351
f 821/209/1352 894/372/1352 774/211/1352
f 773/172/1353 941/373/1353 821/209/1353
f 893/370/1354 857/306/1354 941/373/1354
f 941/373/1355 798/312/1355 894/372/1355
f 822/239/1356 895/374/1356 775/241/1356
f 774/211/1357 942/375/1357 822/239/1357
f 894/372/1358 858/335/1358 942/375/1358
f 942/375/1334 799/341/1334 895/374/1334
f 776/189/1359 943/376/1359 896/377/1359
f 823/261/1340 895/374/1340 943/376/1340
f 943/376/1339 799/341/1339 859/352/1339
f 896/377/1360 859/352/1360 800/287/1360
f 777/225/1361 944/378/1361 897/379/1361
f 824/192/1362 896/377/1362 944/378/1362
f 944/378/1363 800/287/1363 860/286/1363
f 897/379/1364 860/286/1364 801/294/1364
f 766/201/1349 945/380/1349 886/359/1349
f 825/227/1365 897/379/1365 945/380/1365
f 945/380/1366 801/294/1366 861/322/1366
f 886/359/1346 861/322/1346 790/295/1346
f 778/208/1367 946/381/1367 898/382/1367
f 826/206/1368 899/383/1368 946/381/1368
f 946/381/1369 803/328/1369 862/301/1369
f 898/382/1370 862/301/1370 802/298/1370
f 779/205/1371 947/384/1371 899/383/1371
f 827/237/1372 900/385/1372 947/384/1372
f 947/384/1373 804/349/1373 863/330/1373
f 899/383/1374 863/330/1374 803/328/1374
f 780/236/1375 948/386/1375 900/385/1375
f 828/257/1376 901/387/1376 948/386/1376
f 948/386/1377 805/388/1377 864/351/1377
f 900/385/1378 864/351/1378 804/349/1378
f 829/185/1379 901/387/1379 781/187/1379
f 782/224/1380 949/389/1380 829/185/1380
f 902/390/1381 865/279/1381 949/389/1381
f 949/389/1382 805/388/1382 901/387/1382
f 830/222/1383 902/390/1383 782/224/1383
f 783/252/1384 950/391/1384 830/222/1384
f 903/392/1385 866/315/1385 950/391/1385
f 950/391/1386 806/281/1386 902/390/1386
f 831/250/1387 903/392/1387 783/252/1387
f 784/178/1388 951/393/1388 831/250/1388
f 904/394/1389 867/344/1389 951/393/1389
f 951/393/1390 807/317/1390 903/392/1390
f 784/178/1370 952/395/1370 904/394/1370
f 832/176/1391 905/396/1391 952/395/1391
f 952/395/1392 809/307/1392 868/271/1392
f 904/394/1367 868/271/1367 808/268/1367
f 785/175/1393 953/397/1393 905/396/1393
f 833/215/1394 906/398/1394 953/397/1394
f 953/397/1395 810/336/1395 869/309/1395
f 905/396/1396 869/309/1396 809/307/1396
f 786/214/1397 954/399/1397 906/398/1397
f 834/245/1377 907/400/1377 954/399/1377
f 954/399/1376 811/401/1376 870/338/1376
f 906/398/1398 870/338/1398 810/336/1398
f 835/262/1382 907/400/1382 787/244/1382
f 788/197/1399 955/402/1399 835/262/1399
f 908/403/1400 871/353/1400 955/402/1400
f 955/402/1379 811/401/1379 907/400/1379
f 836/195/1401 908/403/1401 788/197/1401
f 789/230/1402 956/404/1402 836/195/1402
f 909/405/1403 872/289/1403 956/404/1403
f 956/404/1404 812/355/1404 908/403/1404
f 837/228/1405 909/405/1405 789/230/1405
f 778/208/1389 957/406/1389 837/228/1389
f 898/382/1388 873/323/1388 957/406/1388
f 957/406/1406 813/291/1406 909/405/1406
f 820/169/1407 910/173/1407 838/170/1407
f 773/172/1408 839/210/1408 910/173/1408
f 910/174/1409 839/216/1409 785/175/1409
f 838/177/1410 910/174/1410 832/176/1410
f 769/179/1411 817/182/1411 911/180/1411
f 817/182/1412 770/217/1412 841/183/1412
f 841/184/1413 782/224/1413 829/185/1413
f 911/186/1414 829/185/1414 781/187/1414
f 776/189/1415 824/192/1415 912/190/1415
f 824/192/1416 777/225/1416 843/193/1416
f 843/194/1417 789/230/1417 836/195/1417
f 912/196/1418 836/195/1418 788/197/1418
f 814/199/1419 913/203/1419 844/200/1419
f 767/202/1420 845/232/1420 913/203/1420
f 913/204/1421 845/238/1421 779/205/1421
f 844/207/1422 913/204/1422 826/206/1422
f 821/209/1423 914/212/1423 839/210/1423
f 774/211/1424 846/240/1424 914/212/1424
f 914/213/1425 846/246/1425 786/214/1425
f 839/216/1426 914/213/1426 833/215/1426
f 770/217/1427 818/219/1427 915/218/1427
f 818/219/1428 771/247/1428 847/220/1428
f 847/221/1429 783/252/1429 830/222/1429
f 915/223/1430 830/222/1430 782/224/1430
f 777/225/1431 825/227/1431 916/226/1431
f 825/227/1432 766/201/1432 844/200/1432
f 844/207/1433 778/208/1433 837/228/1433
f 916/229/1434 837/228/1434 789/230/1434
f 815/231/1435 917/234/1435 845/232/1435
f 768/233/1436 848/254/1436 917/234/1436
f 917/235/1437 848/258/1437 780/236/1437
f 845/238/1438 917/235/1438 827/237/1438
f 822/239/1439 918/242/1439 846/240/1439
f 775/241/1440 849/260/1440 918/242/1440
f 918/243/1441 849/264/1441 787/244/1441
f 846/246/1442 918/243/1442 834/245/1442
f 771/247/1443 819/249/1443 919/248/1443
f 819/249/1444 772/171/1444 838/170/1444
f 838/177/1445 784/178/1445 831/250/1445
f 919/251/1446 831/250/1446 783/252/1446
f 816/253/1447 920/255/1447 848/254/1447
f 769/179/1448 840/181/1448 920/255/1448
f 920/256/1449 840/188/1449 781/187/1449
f 848/258/1450 920/256/1450 828/257/1450
f 775/241/1451 823/261/1451 921/259/1451
f 823/261/1452 776/189/1452 842/191/1452
f 842/198/1453 788/197/1453 835/262/1453
f 921/263/1454 835/262/1454 787/244/1454
f 796/265/1455 874/407/1455 922/266/1455
f 808/268/1456 868/271/1456 922/269/1456
f 868/271/1457 809/307/1457 875/272/1457
f 856/267/1458 922/266/1458 875/273/1458
f 876/275/1459 923/283/1459 853/276/1459
f 876/278/1460 805/388/1460 865/279/1460
f 923/280/1461 865/279/1461 806/281/1461
f 923/283/1462 877/313/1462 794/284/1462
f 878/285/1463 924/293/1463 860/286/1463
f 878/288/1464 812/355/1464 872/289/1464
f 924/290/1465 872/289/1465 813/291/1465
f 924/293/1466 879/321/1466 801/294/1466
f 790/295/1467 880/408/1467 925/296/1467
f 802/298/1468 862/301/1468 925/299/1468
f 862/301/1469 803/328/1469 881/302/1469
f 850/297/1470 925/296/1470 881/303/1470
f 797/274/1471 875/273/1471 926/305/1471
f 809/307/1472 869/309/1472 926/308/1472
f 869/309/1473 810/336/1473 882/310/1473
f 857/306/1474 926/305/1474 882/311/1474
f 877/313/1475 927/319/1475 854/314/1475
f 877/282/1476 806/281/1476 866/315/1476
f 927/316/1477 866/315/1477 807/317/1477
f 927/319/1478 883/342/1478 795/320/1478
f 879/321/1479 928/325/1479 861/322/1479
f 879/292/1480 813/291/1480 873/323/1480
f 928/324/1481 873/323/1481 802/298/1481
f 928/325/1482 880/408/1482 790/295/1482
f 791/304/1483 881/303/1483 929/326/1483
f 803/328/1484 863/330/1484 929/329/1484
f 863/330/1485 804/349/1485 884/331/1485
f 851/327/1486 929/326/1486 884/332/1486
f 798/312/1487 882/311/1487 930/334/1487
f 810/336/1488 870/338/1488 930/337/1488
f 870/338/1489 811/401/1489 885/339/1489
f 858/335/1490 930/334/1490 885/340/1490
f 883/342/1491 931/346/1491 855/343/1491
f 883/318/1492 807/317/1492 867/344/1492
f 931/345/1493 867/344/1493 808/268/1493
f 931/346/1494 874/407/1494 796/265/1494
f 792/333/1495 884/332/1495 932/347/1495
f 804/349/1496 864/351/1496 932/350/1496
f 864/351/1497 805/388/1497 876/278/1497
f 852/348/1498 932/347/1498 876/275/1498
f 885/340/1499 933/356/1499 859/352/1499
f 885/339/1500 811/401/1500 871/353/1500
f 933/354/1501 871/353/1501 812/355/1501
f 933/356/1502 878/285/1502 800/287/1502
f 814/199/1503 934/358/1503 887/357/1503
f 766/201/1504 886/359/1504 934/358/1504
f 886/359/1505 790/295/1505 850/297/1505
f 934/358/1506 850/297/1506 791/304/1506
f 815/231/1507 935/361/1507 888/360/1507
f 767/202/1508 887/357/1508 935/361/1508
f 887/357/1509 791/304/1509 851/327/1509
f 935/361/1510 851/327/1510 792/333/1510
f 816/253/1511 936/363/1511 889/362/1511
f 768/233/1512 888/360/1512 936/363/1512
f 888/360/1513 792/333/1513 852/348/1513
f 936/363/1514 852/348/1514 793/277/1514
f 770/217/1515 817/182/1515 937/364/1515
f 817/182/1516 769/179/1516 889/362/1516
f 937/364/1517 889/362/1517 793/277/1517
f 890/365/1518 937/364/1518 853/276/1518
f 771/247/1519 818/219/1519 938/366/1519
f 818/219/1520 770/217/1520 890/365/1520
f 938/366/1521 890/365/1521 794/284/1521
f 891/367/1522 938/366/1522 854/314/1522
f 772/171/1523 819/249/1523 939/368/1523
f 819/249/1524 771/247/1524 891/367/1524
f 939/368/1525 891/367/1525 795/320/1525
f 892/369/1526 939/368/1526 855/343/1526
f 820/169/1527 940/371/1527 893/370/1527
f 772/171/1505 892/369/1505 940/371/1505
f 892/369/1504 796/265/1504 856/267/1504
f 940/371/1528 856/267/1528 797/274/1528
f 821/209/1529 941/373/1529 894/372/1529
f 773/172/1530 893/370/1530 941/373/1530
f 893/370/1531 797/274/1531 857/306/1531
f 941/373/1532 857/306/1532 798/312/1532
f 822/239/1514 942/375/1514 895/374/1514
f 774/211/1533 894/372/1533 942/375/1533
f 894/372/1534 798/312/1534 858/335/1534
f 942/375/1511 858/335/1511 799/341/1511
f 776/189/1535 823/261/1535 943/376/1535
f 823/261/1517 775/241/1517 895/374/1517
f 943/376/1536 895/374/1536 799/341/1536
f 896/377/1537 943/376/1537 859/352/1537
f 777/225/1538 824/192/1538 944/378/1538
f 824/192/1539 776/189/1539 896/377/1539
f 944/378/1540 896/377/1540 800/287/1540
f 897/379/1541 944/378/1541 860/286/1541
f 766/201/1526 825/227/1526 945/380/1526
f 825/227/1542 777/225/1542 897/379/1542
f 945/380/1543 897/379/1543 801/294/1543
f 886/359/1544 945/380/1544 861/322/1544
f 778/208/1545 826/206/1545 946/381/1545
f 826/206/1546 779/205/1546 899/383/1546
f 946/381/1547 899/383/1547 803/328/1547
f 898/382/1548 946/381/1548 862/301/1548
f 779/205/1549 827/237/1549 947/384/1549
f 827/237/1550 780/236/1550 900/385/1550
f 947/384/1551 900/385/1551 804/349/1551
f 899/383/1552 947/384/1552 863/330/1552
f 780/236/1553 828/257/1553 948/386/1553
f 828/257/1554 781/187/1554 901/387/1554
f 948/386/1555 901/387/1555 805/388/1555
f 900/385/1556 948/386/1556 864/351/1556
f 829/185/1557 949/389/1557 901/387/1557
f 782/224/1558 902/390/1558 949/389/1558
f 902/390/1559 806/281/1559 865/279/1559
f 949/389/1560 865/279/1560 805/388/1560
f 830/222/1561 950/391/1561 902/390/1561
f 783/252/1562 903/392/1562 950/391/1562
f 903/392/1563 807/317/1563 866/315/1563
f 950/391/1564 866/315/1564 806/281/1564
f 831/250/1565 951/393/1565 903/392/1565
f 784/178/1566 904/394/1566 951/393/1566
f 904/394/1567 808/268/1567 867/344/1567
f 951/393/1568 867/344/1568 807/317/1568
f 784/178/1548 832/176/1548 952/395/1548
f 832/176/1569 785/175/1569 905/396/1569
f 952/395/1570 905/396/1570 809/307/1570
f 904/394/1545 952/395/1545 868/271/1545
f 785/175/1571 833/215/1571 953/397/1571
f 833/215/1572 786/214/1572 906/398/1572
f 953/397/1573 906/398/1573 810/336/1573
f 905/396/1574 953/397/1574 869/309/1574
f 786/214/1575 834/245/1575 954/399/1575
f 834/245/1555 787/244/1555 907/400/1555
f 954/399/1554 907/400/1554 811/401/1554
f 906/398/1576 954/399/1576 870/338/1576
f 835/262/1560 955/402/1560 907/400/1560
f 788/197/1577 908/403/1577 955/402/1577
f 908/403/1578 812/355/1578 871/353/1578
f 955/402/1557 871/353/1557 811/401/1557
f 836/195/1579 956/404/1579 908/403/1579
f 789/230/1580 909/405/1580 956/404/1580
f 909/405/1581 813/291/1581 872/289/1581
f 956/404/1582 872/289/1582 812/355/1582
f 837/228/1583 957/406/1583 909/405/1583
f 778/208/1567 898/382/1567 957/406/1567
f 898/382/1566 802/298/1566 873/323/1566
f 957/406/1584 873/323/1584 813/291/1584
o effect
v -322.300903 -2.345627 -3.707850
v -322.302734 -4.068747 0.048837
v -318.417725 -2.876993 -4.125260
v -318.411835 2.460615 -5.372067
v -19.361877 2.645047 -5.372067
v -318.406036 7.798224 -4.125261
v -19.356979 7.133507 1.182945
v -19.355495 8.491367 0.048836
v -19.361877 2.645049 0.048837
v -19.361877 2.645049 5.469740
v -318.411835 2.460616 5.469741
v -19.356052 7.982657 4.222932
v -318.419800 -4.791568 0.048837
v -318.417725 -2.876991 4.222934
v -19.369808 -4.607136 0.048837
v -19.353962 9.897233 0.048835
v -318.403961 9.712800 0.048835
v -19.367714 -2.692559 4.222934
v -19.366787 -1.843409 1.182946
v -19.361877 2.645049 1.584607
v -19.367714 -2.692560 -4.125260
v -322.288483 8.985187 0.048835
v -19.361877 2.645049 -1.486933
v -19.366787 -1.843409 -1.085272
v -19.356052 7.982657 -4.125261
v -19.356979 7.133507 -1.085274
v -322.290375 7.262068 -3.707850
v -322.290375 7.262069 3.805524
v -318.406036 7.798225 4.222932
v -322.295593 2.458221 4.927650
v -322.300903 -2.345626 3.805525
v -322.295593 2.458219 -4.829977
v -323.889252 7.533763 0.048836
v -323.898895 -1.279091 2.970705
v -323.890686 6.193560 2.970704
v -323.894836 2.457235 3.843470
v -323.894836 2.457234 -3.745796
v -323.898895 -1.279091 -2.873030
v -323.890686 6.193560 -2.873032
v -323.900391 -2.619294 0.048837
v -325.378174 3.950849 1.217583
v -325.377563 4.486930 0.048837
v -325.379791 2.456319 1.566690
v -325.379791 2.456319 -1.469016
v -325.381409 0.961789 -1.119910
v -325.378174 3.950849 -1.119910
v -325.382019 0.425707 0.048837
v -325.381409 0.961789 1.217584
v -325.493988 2.456248 0.048837
v -19.368275 -3.201270 0.048837
vn -0.0809 -0.6355 -0.7678
vn -0.3921 -0.9199 -0.0000
vn -0.3690 -0.5893 -0.7187
vn -0.0816 0.6356 -0.7677
vn -0.0000 0.0002 -1.0000
vn -0.0680 0.0001 -0.9977
vn 1.0000 -0.0011 -0.0000
vn -0.0004 0.6330 0.7741
vn -0.0680 0.0001 0.9977
vn -0.0000 0.0002 1.0000
vn 0.0006 -1.0000 -0.0000
vn -0.0809 -0.6356 0.7678
vn -0.0880 -0.9961 -0.0000
vn -0.0891 0.9960 -0.0000
vn -0.0006 1.0000 -0.0000
vn 0.0004 -0.6325 0.7746
vn 0.0004 -0.6325 -0.7746
vn -0.3926 0.9197 -0.0000
vn -0.0004 0.6330 -0.7741
vn -0.3693 0.5895 -0.7185
vn -0.0816 0.6356 0.7677
vn -0.3693 0.5895 0.7185
vn -0.3329 0.0003 0.9430
vn -0.3690 -0.5893 0.7187
vn -0.3329 0.0003 -0.9430
vn -0.7665 0.6422 -0.0000
vn -0.7347 -0.4071 0.5427
vn -0.7344 0.4081 0.5424
vn -0.6885 0.0007 0.7252
vn -0.7347 -0.4071 -0.5427
vn -0.6885 0.0007 -0.7252
vn -0.7344 0.4081 -0.5424
vn -0.7670 -0.6417 -0.0000
vn -0.9514 0.3080 -0.0000
vn -0.9395 0.1938 0.2823
vn -0.9318 0.0010 0.3629
vn -0.9399 -0.1919 -0.2825
vn -0.9318 0.0010 -0.3629
vn -0.9395 0.1938 -0.2823
vn -0.9520 -0.3062 -0.0000
vn -0.9399 -0.1919 0.2825
vn -1.0000 0.0011 -0.0000
vt 0.180540 0.056500
vt 0.190030 0.045580
vt 0.176280 0.045580
vt 0.095360 0.056500
vt 0.137950 0.991600
vt 0.137950 0.056500
vt 0.294390 0.957590
vt 0.294390 0.994070
vt 0.281420 0.985600
vt 0.095360 0.991600
vt 0.195810 0.990240
vt 0.195810 0.056500
vt 0.080090 0.056500
vt 0.080090 0.990240
vt 0.180540 0.991600
vt 0.276830 0.957590
vt 0.281420 0.929590
vt 0.085870 0.045580
vt 0.307360 0.929590
vt 0.311960 0.957590
vt 0.307360 0.985600
vt 0.099620 0.045580
vt 0.137950 0.045580
vt 0.097450 0.040580
vt 0.167760 0.040580
vt 0.108140 0.040580
vt 0.137950 0.040580
vt 0.178450 0.040580
vt 0.121750 0.035940
vt 0.126030 0.035940
vt 0.137950 0.035940
vt 0.149880 0.035940
vt 0.154150 0.035940
vt 0.137950 0.035580
vt 0.294390 0.921120
vt 0.173580 0.991200
vt 0.137950 0.991240
vt 0.184360 0.990240
vt 0.091550 0.990240
vt 0.102320 0.991240
vt 0.102320 0.991200
s 1
f 960/511/1585 959/512/1586 958/513/1587
f 963/514/1588 962/515/1589 961/516/1590
f 966/517/1591 965/518/1591 964/519/1591
f 969/520/1592 968/516/1593 967/515/1594
f 972/521/1595 971/511/1596 970/522/1597
f 974/523/1598 969/520/1592 973/524/1599
f 975/525/1600 968/516/1593 971/511/1596
f 966/517/1591 977/526/1591 976/527/1591
f 961/516/1590 978/525/1601 960/511/1585
f 971/511/1596 959/512/1586 970/522/1597
f 963/514/1588 979/528/1602 974/523/1598
f 981/529/1591 980/530/1591 966/517/1591
f 963/514/1588 973/524/1599 982/520/1603
f 978/525/1601 970/522/1597 960/511/1585
f 983/531/1591 965/518/1591 966/517/1591
f 961/516/1590 984/532/1604 963/514/1588
f 986/514/1605 979/528/1602 985/532/1606
f 968/516/1593 985/532/1606 987/533/1607
f 968/516/1593 988/513/1608 971/511/1596
f 961/516/1590 958/513/1587 989/533/1609
f 984/532/1604 990/534/1610 979/528/1602
f 987/533/1607 991/535/1611 988/513/1608
f 985/532/1606 990/534/1610 992/536/1612
f 987/533/1607 992/536/1612 993/537/1613
f 989/533/1609 995/535/1614 994/537/1615
f 989/533/1609 996/536/1616 984/532/1604
f 958/513/1587 997/538/1617 995/535/1614
f 988/513/1608 997/538/1617 959/512/1586
f 992/536/1612 999/539/1618 998/540/1619
f 993/537/1613 998/540/1619 1000/541/1620
f 994/537/1615 1002/542/1621 1001/541/1622
f 994/537/1615 1003/540/1623 996/536/1616
f 995/535/1614 1004/543/1624 1002/542/1621
f 991/535/1611 1004/543/1624 997/538/1617
f 996/536/1616 999/539/1618 990/534/1610
f 993/537/1613 1005/542/1625 991/535/1611
f 1006/544/1626 999/539/1618 1003/540/1623
f 1006/544/1626 1001/541/1622 1002/542/1621
f 1005/542/1625 1000/541/1620 1006/544/1626
f 998/540/1619 999/539/1618 1006/544/1626
f 1004/543/1624 1006/544/1626 1002/542/1621
f 1001/541/1622 1006/544/1626 1003/540/1623
f 1000/541/1620 998/540/1619 1006/544/1626
f 1004/543/1624 1005/542/1625 1006/544/1626
f 977/526/1591 966/517/1591 964/519/1591
f 980/530/1591 983/531/1591 966/517/1591
f 1007/545/1591 981/529/1591 966/517/1591
f 1007/545/1591 966/517/1591 976/527/1591
f 981/546/1591 962/515/1591 980/547/1591
f 1007/548/1591 978/525/1591 981/546/1591
f 965/549/1591 969/520/1591 964/550/1591
f 976/546/1591 967/515/1591 975/525/1591
f 983/551/1591 962/515/1591 982/520/1591
f 964/550/1591 967/515/1591 977/547/1591
f 1007/548/1591 975/525/1591 972/521/1591
f 965/549/1591 982/520/1591 973/524/1591
f 960/511/1585 970/522/1597 959/512/1586
f 963/514/1588 982/520/1603 962/515/1589
f 969/520/1592 986/514/1605 968/516/1593
f 972/521/1595 975/525/1600 971/511/1596
f 974/523/1598 986/514/1605 969/520/1592
f 975/525/1600 967/515/1594 968/516/1593
f 961/516/1590 962/515/1589 978/525/1601
f 971/511/1596 988/513/1608 959/512/1586
f 963/514/1588 984/532/1604 979/528/1602
f 963/514/1588 974/523/1598 973/524/1599
f 978/525/1601 972/521/1595 970/522/1597
f 961/516/1590 989/533/1609 984/532/1604
f 986/514/1605 974/523/1598 979/528/1602
f 968/516/1593 986/514/1605 985/532/1606
f 968/516/1593 987/533/1607 988/513/1608
f 961/516/1590 960/511/1585 958/513/1587
f 984/532/1604 996/536/1616 990/534/1610
f 987/533/1607 993/537/1613 991/535/1611
f 985/532/1606 979/528/1602 990/534/1610
f 987/533/1607 985/532/1606 992/536/1612
f 989/533/1609 958/513/1587 995/535/1614
f 989/533/1609 994/537/1615 996/536/1616
f 958/513/1587 959/512/1586 997/538/1617
f 988/513/1608 991/535/1611 997/538/1617
f 992/536/1612 990/534/1610 999/539/1618
f 993/537/1613 992/536/1612 998/540/1619
f 994/537/1615 995/535/1614 1002/542/1621
f 994/537/1615 1001/541/1622 1003/540/1623
f 995/535/1614 997/538/1617 1004/543/1624
f 991/535/1611 1005/542/1625 1004/543/1624
f 996/536/1616 1003/540/1623 999/539/1618
f 993/537/1613 1000/541/1620 1005/542/1625
f 981/546/1591 978/525/1591 962/515/1591
f 1007/548/1591 972/521/1591 978/525/1591
f 965/549/1591 973/524/1591 969/520/1591
f 976/546/1591 977/547/1591 967/515/1591
f 983/551/1591 980/547/1591 962/515/1591
f 964/550/1591 969/520/1591 967/515/1591
f 1007/548/1591 976/546/1591 975/525/1591
f 965/549/1591 983/551/1591 982/520/1591
o item_blade
v 0.000000 55.656200 3.999988
v 0.000000 70.710701 -0.000015
v 70.710701 0.000000 0.000000
v 55.656200 0.000000 4.000000
v 0.000000 -70.710602 0.000015
v 0.000000 -55.656101 4.000012
v -70.710701 0.000000 0.000000
v -55.656101 0.000000 4.000000
v 70.710701 0.000000 0.000000
v 0.000000 70.710701 -0.000015
v 0.000000 55.656200 -4.000012
v 55.656200 -0.000000 -4.000000
v 0.000000 -70.710602 0.000015
v 0.000000 -55.656101 -3.999988
v -70.710701 0.000000 0.000000
v -55.656101 -0.000000 -4.000000
v -13.724569 14.406932 28.439997
v -33.426327 34.108700 28.439997
v -15.811949 12.319553 28.800003
v -33.426327 34.108700 29.159998
v -35.513706 32.021320 28.799997
v 73.276062 -72.593742 29.160013
v 70.764420 -74.256859 28.800013
v 50.843105 -50.160774 29.160009
v -11.764468 16.367031 28.439997
v -11.764468 16.367031 29.159998
v -31.466227 36.068802 28.439997
v 76.933220 -72.330704 29.160013
v 52.803207 -48.200672 29.160009
v -31.466227 36.068802 29.159998
v 75.855583 -75.105392 28.800013
v 76.933220 -72.330704 28.440012
v 74.548859 -72.169479 28.440012
v 79.419411 -74.935684 28.800013
v 52.803207 -48.200672 28.440008
v 30.370249 -25.767706 28.440004
v 50.843105 -50.160774 28.440008
v 7.937291 -3.334737 28.440001
v 28.410149 -27.727804 28.440004
v 7.937291 -3.334737 29.160002
v -13.724569 14.406932 29.159998
v 30.370249 -25.767706 29.160006
v 5.977190 -5.294835 29.160002
v 28.410149 -27.727804 29.160006
v 26.322767 -29.815184 28.800005
v 48.755726 -52.248154 28.800009
v 5.977190 -5.294835 28.440001
v -31.941401 37.884655 30.179998
v -31.941401 37.884655 27.419996
v -34.486984 35.339069 31.019997
v -64.694588 70.637840 27.419989
v -34.486984 35.339069 26.579998
v -64.694588 70.637840 30.179991
v -67.240166 68.092255 31.019989
v -37.032570 32.793484 27.419996
v -69.785751 65.546677 27.419989
v -69.785751 65.546677 30.179991
v -37.032570 32.793484 30.179998
v -67.240166 68.092255 26.579990
v -31.517139 32.199516 29.519997
v -31.517139 32.199516 28.079998
v -33.859077 29.857574 29.219995
v -33.850590 34.532967 28.079998
v -36.192528 32.191029 28.379999
v -33.850590 34.532967 29.519997
v -36.192528 32.191029 29.219995
v -29.175201 34.541454 28.079998
v -29.175201 34.541454 29.519997
v -31.508652 36.874905 28.079998
v -33.859077 29.857574 28.379999
v -31.508652 36.874905 29.519997
v -37.471218 30.742632 25.021198
v -39.099545 29.114302 26.149197
v -33.680882 34.532967 28.799997
v -36.899063 31.314785 23.329195
v -37.747597 32.163303 23.329195
v -38.319748 31.591152 32.578793
v -39.948074 29.962828 31.450798
v -34.529411 35.381493 28.799997
v -37.462639 32.448269 34.270794
v -36.614109 31.599737 34.270794
v -28.262220 39.951626 31.450792
v -29.890547 38.323303 32.578793
v -29.110750 40.800152 31.450792
v -39.099545 29.114302 31.450798
v -30.747656 37.466190 34.270794
v -33.659672 34.511753 36.143276
v -31.596186 38.314716 34.270794
v -34.550625 35.402710 36.143276
v -30.747656 37.466183 23.329195
v -31.596186 38.314709 23.329189
v -33.659672 34.511745 21.456717
v -41.308811 28.644522 28.799997
v -40.417858 27.753565 28.799997
v -39.948074 29.962828 26.149197
v -26.901487 41.269936 28.799992
v -27.792440 42.160892 28.799992
v -28.262220 39.951626 26.149191
v -34.550625 35.402702 21.456717
v -29.110750 40.800152 26.149191
v -29.890547 38.323296 25.021193
v -30.739077 39.171822 25.021193
v -30.739077 39.171829 32.578793
v -37.471218 30.742626 32.578793
v -38.319748 31.591158 25.021198
v 53.074509 52.441845 10.407654
v 49.930481 54.731018 11.138933
v 52.669617 52.001049 10.251894
v 50.456032 55.052490 11.255754
v 55.408752 49.271076 11.138933
v 55.692940 49.831242 11.255754
v 56.565758 48.960999 13.799994
v 56.321838 48.361073 13.799994
v 55.408752 49.271076 16.461054
v 55.692940 49.831242 16.344233
v 53.074509 52.441845 17.192335
v 52.669617 52.001049 17.348093
v 50.456032 55.052490 16.344233
v 49.930481 54.731018 16.461054
v 49.583210 55.922649 13.799994
v 49.017433 55.640980 13.799994
v 48.744614 55.009682 13.799994
v 49.617435 54.139435 11.255754
v 52.235909 51.528793 10.407654
v 54.854378 48.918228 11.255754
v 55.727211 48.047985 13.799994
v 54.854378 48.918228 16.344233
v 52.235909 51.528793 17.192335
v 49.617435 54.139435 16.344233
v 52.050552 51.437401 10.407654
v 48.905716 53.725780 11.138933
v 51.644890 50.995850 10.251894
v 49.432037 54.048008 11.255754
v 54.384071 48.265923 11.138933
v 54.669067 48.826881 11.255754
v 55.541893 47.956642 13.799994
v 55.297203 47.355957 13.799994
v 54.669067 48.826881 16.344233
v 54.384071 48.265923 16.461054
v 52.050552 51.437401 17.192335
v 51.644890 50.995850 17.348093
v 48.905716 53.725780 16.461054
v 49.432037 54.048008 16.344233
v 48.559216 54.918167 13.799994
v 47.992622 54.635696 13.799994
v 47.718987 54.003597 13.799994
v 48.591858 53.133400 11.255754
v 51.210373 50.522797 10.407654
v 53.828888 47.912277 11.255754
v 54.701706 47.042030 13.799994
v 53.828888 47.912277 16.344233
v 51.210373 50.522797 17.192335
v 48.591858 53.133400 16.344233
v 29.476564 56.512516 13.433035
v 48.903236 54.284286 12.397134
v 49.250423 55.779259 12.398573
v 29.471001 58.046993 13.460389
v 15.655989 56.715340 14.897572
v 15.776243 55.177471 14.856052
v 16.318476 55.216763 16.334391
v 29.601938 56.485725 14.962435
v 46.228836 52.214218 12.518634
v 45.537331 52.884113 12.567293
v 45.643982 53.019661 14.099634
v 48.934761 54.275539 13.931573
v 29.596628 58.020115 14.989730
v 49.282120 55.770428 13.932954
v 46.313000 52.217693 14.051092
v 40.860626 49.620453 14.390095
v 41.499546 48.199699 14.338253
v 36.241402 48.027832 14.650915
v 41.383980 48.191391 12.807472
v 35.961182 46.516933 14.646593
v 34.765408 49.506016 14.938734
v 33.303635 49.242554 15.036295
v 33.175949 49.333054 13.508154
v 35.818932 46.549614 13.118633
v 34.644089 49.561745 13.409874
v 36.108307 48.058811 13.122293
v 40.727093 49.487278 12.859314
v 35.310963 51.160950 13.474733
v 34.699585 52.428608 13.519014
v 48.251492 55.589840 13.263533
v 35.386303 51.159969 15.007013
v 48.571335 54.092434 13.258375
v 48.254745 55.583782 14.798273
v 34.758255 52.405556 15.052375
v 48.571800 54.087593 14.793114
v 16.204716 56.755123 16.375132
v 5.284193 55.461563 19.580873
v 4.505370 55.509487 14.931711
v 6.740067 50.987823 19.291132
v 5.963372 51.036240 14.641611
v 30.056168 60.101685 13.070270
v 49.180820 54.519936 14.100594
v 30.206532 60.471912 14.552152
v 29.990189 59.003086 14.941070
v 16.068617 61.974232 15.611027
v 16.282873 61.585308 14.096869
v 16.395727 60.089596 14.459147
v 29.839825 58.632854 13.459189
v 49.471115 55.564911 12.220493
v 49.621475 55.935135 13.702314
v 50.033012 59.135536 12.828710
v 48.598091 58.607021 13.081611
v 45.863239 64.154961 11.766591
v 48.489799 58.199734 11.605790
v 45.770432 63.743023 10.290650
v 42.475334 67.648262 11.095672
v 42.229023 66.182739 11.488671
v 47.192341 64.947632 11.454591
v 42.154984 65.798035 10.004210
v 42.415092 67.260956 9.610671
v 38.348763 65.051834 10.446771
v 36.742493 65.755905 10.417371
v 38.517567 63.307514 10.783731
v 38.685520 63.693310 12.259070
v 38.450951 65.402115 11.937591
v 36.838211 66.073273 11.917490
v 37.464649 62.366272 11.133830
v 37.648136 62.726208 12.614451
v 48.133812 54.612572 11.720575
v 48.315033 54.970200 13.202032
v 49.322205 56.060719 12.815454
v 49.140694 55.703392 11.333994
v 47.107147 64.524933 9.980752
v 49.923496 58.728306 11.353011
v 49.030457 54.149708 12.618773
v 5.127227 58.264576 14.411748
v 16.186056 60.478733 15.972768
v 5.589013 59.401794 18.963350
v 5.301324 63.973633 17.850285
v 4.839587 62.836460 13.298690
v 20.313547 56.647289 15.102054
v 16.959679 56.260441 12.371332
v 17.829082 53.146873 15.334671
v 16.844629 59.265606 15.563270
v 17.727289 56.153950 18.524874
v 14.402014 55.651760 15.820070
v 20.696951 60.720837 14.659850
v 17.942665 61.699341 17.906630
v 17.762867 63.954487 14.149608
v 17.513609 57.948219 15.675529
v 17.335167 60.203266 11.918387
v 14.578463 61.107029 15.184070
v -55.705536 -61.110294 11.522321
v -54.889008 -61.926815 13.830010
v -54.010101 -59.920727 11.265913
v -56.539398 -57.391430 10.500012
v 54.532951 53.680897 10.499994
v -59.068687 -54.862141 11.265909
v 52.406036 55.807804 14.526663
v 51.762596 56.451248 13.829992
v 54.532951 53.680897 13.829992
v 54.532951 53.680893 17.159994
v -56.539398 -57.391430 17.160009
v 52.003654 56.210186 16.394094
v -53.102859 -60.827969 13.830010
v -54.010101 -59.920727 16.394110
v 57.969490 50.244354 13.829992
v 51.096409 57.117432 13.829989
v -59.975937 -53.954891 13.830008
v 57.062248 51.151604 16.394094
v 56.659866 51.553986 14.526663
v 54.532951 53.680893 14.773401
v 57.062248 51.151604 11.265894
v -61.074776 -55.741047 13.830008
v 54.532951 53.680897 12.886587
v 56.659866 51.553986 13.133322
v 52.003654 56.210186 11.265894
v 52.406036 55.807804 13.133322
v -60.258255 -56.557568 11.522318
v -60.258255 -56.557568 16.137701
v -59.068687 -54.862141 16.394110
v -57.981895 -58.833927 16.827007
v -55.705536 -61.110294 16.137697
v -57.981895 -58.833927 10.833013
v -60.981438 -57.022320 13.830010
v -56.805359 -61.198414 15.624883
v -60.346359 -57.657391 15.624883
v -58.575859 -59.427898 16.161009
v -58.575859 -59.427898 11.499013
v -56.805359 -61.198414 12.035141
v -60.346359 -57.657391 12.035142
v -56.170280 -61.833477 13.830010
v -59.835594 -59.271236 14.547961
v -60.089630 -59.017200 13.830010
v -59.127396 -59.979435 14.762412
v -59.127396 -59.979435 12.897611
v -58.419197 -60.687641 13.112063
v -59.835594 -59.271236 13.112063
v -58.165169 -60.941662 13.830010
v -58.419197 -60.687641 14.547959
v -59.169823 -60.021862 13.830010
v 57.303307 50.910545 13.829992
v 3.889810 -7.382214 28.800001
vn 0.2568 -0.0000 0.9665
vn -0.0000 0.2568 0.9665
vn -0.0000 0.1916 0.9815
vn 0.1916 -0.0000 0.9815
vn -0.0000 -0.2568 0.9665
vn -0.0000 -0.1916 0.9815
vn -0.2568 -0.0000 0.9665
vn -0.1916 -0.0000 0.9815
vn -0.0000 0.1916 -0.9815
vn -0.0000 0.2568 -0.9665
vn 0.2568 -0.0000 -0.9665
vn 0.1916 -0.0000 -0.9815
vn -0.0000 -0.2568 -0.9665
vn -0.0000 -0.1916 -0.9815
vn -0.2568 -0.0000 -0.9665
vn -0.1916 -0.0000 -0.9815
vn -0.0856 -0.0856 -0.9926
vn -0.0429 -0.0429 -0.9982
vn -0.7071 0.7071 -0.0000
vn -0.0429 -0.0429 0.9982
vn -0.0685 -0.1111 0.9914
vn -0.0255 -0.0849 0.9961
vn 0.7071 0.7071 -0.0000
vn -0.0000 -0.0000 1.0000
vn 0.0057 -0.0956 0.9954
vn -0.0000 -0.0000 -1.0000
vn 0.0003 -0.1398 0.9902
vn -0.0185 -0.0655 -0.9977
vn -0.0012 -0.0987 -0.9951
vn -0.0072 -0.1296 -0.9915
vn 0.0062 -0.1310 0.9914
vn 0.7150 0.6991 -0.0000
vn 0.7234 0.6904 -0.0000
vn 0.0062 -0.1310 -0.9914
vn -0.0428 -0.0429 -0.9982
vn -0.0856 -0.0856 0.9926
vn -0.0504 -0.0828 -0.9953
vn 0.7071 -0.7071 -0.0000
vn 0.1607 0.1607 -0.9738
vn 0.1607 0.1607 0.9738
vn -0.7071 -0.7071 -0.0000
vn -0.1607 -0.1607 0.9738
vn -0.1607 -0.1607 -0.9738
vn -0.0319 -0.0319 -0.9990
vn -0.0638 -0.0638 -0.9959
vn -0.0638 -0.0638 0.9959
vn -0.0319 -0.0319 0.9990
vn 0.7086 -0.7055 -0.0064
vn -0.5023 -0.5024 -0.7038
vn -0.4855 -0.4855 -0.7271
vn -0.7055 0.7086 0.0064
vn -0.4568 -0.4568 0.7633
vn -0.4479 -0.4479 0.7738
vn 0.4575 0.4575 0.7625
vn 0.4568 0.4568 0.7633
vn -0.4575 -0.4575 0.7625
vn 0.4479 0.4479 0.7738
vn -0.7071 0.7071 -0.0041
vn -0.7051 0.7091 -0.0021
vn 0.0119 0.0119 -0.9999
vn 0.4479 0.4479 -0.7738
vn 0.7072 -0.7070 0.0041
vn 0.7091 -0.7051 0.0021
vn -0.4575 -0.4575 -0.7625
vn -0.5753 -0.5753 -0.5814
vn 0.4575 0.4575 -0.7625
vn 0.5753 0.5753 -0.5814
vn -0.7055 0.7086 -0.0064
vn -0.7049 0.7093 -0.0000
vn 0.7086 -0.7055 0.0064
vn 0.7093 -0.7049 -0.0000
vn -0.7091 0.7051 -0.0021
vn 0.7053 -0.7089 0.0022
vn -0.7086 0.7055 -0.0064
vn -0.7093 0.7049 -0.0000
vn 0.7055 -0.7086 0.0064
vn 0.7049 -0.7093 -0.0000
vn 0.4568 0.4568 -0.7633
vn -0.7086 0.7055 0.0064
vn 0.7091 -0.7051 -0.0021
vn 0.7071 -0.7071 -0.0041
vn 0.7051 -0.7091 -0.0021
vn -0.5753 -0.5753 0.5814
vn 0.5753 0.5753 0.5814
vn 0.7055 -0.7086 -0.0064
vn -0.7051 0.7091 0.0021
vn -0.7070 0.7072 0.0041
vn -0.7089 0.7053 0.0022
vn -0.5024 -0.5024 -0.7038
vn 0.0055 0.0056 -1.0000
vn -0.4631 0.4425 -0.7679
vn 0.1737 0.1824 -0.9678
vn -0.2072 0.6151 -0.7607
vn 0.4759 -0.4290 -0.7678
vn 0.6287 -0.1603 -0.7610
vn 0.9264 -0.3767 -0.0000
vn 0.7384 -0.6744 -0.0000
vn 0.4759 -0.4291 0.7678
vn 0.6287 -0.1603 0.7610
vn 0.1737 0.1824 0.9678
vn 0.0055 0.0056 1.0000
vn -0.2072 0.6152 0.7607
vn -0.4631 0.4425 0.7680
vn -0.4457 0.8952 -0.0000
vn -0.7245 0.6893 -0.0000
vn -0.9179 0.3967 -0.0000
vn -0.6196 0.1768 -0.7648
vn -0.1625 -0.1713 -0.9717
vn 0.2241 -0.6051 -0.7640
vn 0.4659 -0.8848 -0.0000
vn 0.2242 -0.6051 0.7639
vn -0.1625 -0.1712 0.9717
vn -0.6195 0.1768 0.7648
vn -0.4630 0.4425 -0.7680
vn 0.1734 0.1821 -0.9679
vn -0.2076 0.6149 -0.7608
vn 0.4758 -0.4291 -0.7678
vn 0.6284 -0.1608 -0.7611
vn 0.9261 -0.3773 -0.0000
vn 0.7383 -0.6744 -0.0000
vn 0.6284 -0.1608 0.7611
vn 0.4758 -0.4291 0.7678
vn 0.1734 0.1821 0.9679
vn -0.4630 0.4425 0.7680
vn -0.2076 0.6149 0.7608
vn -0.4462 0.8950 -0.0000
vn -0.9177 0.3973 -0.0000
vn -0.6193 0.1773 -0.7649
vn -0.1623 -0.1710 -0.9718
vn 0.2245 -0.6049 -0.7640
vn 0.4663 -0.8846 -0.0000
vn 0.2245 -0.6049 0.7640
vn -0.1622 -0.1710 0.9718
vn -0.6193 0.1773 0.7649
vn -0.0517 0.0132 -0.9986
vn -0.0523 0.0132 -0.9985
vn -0.0782 0.0174 -0.9968
vn -0.0786 0.0175 -0.9968
vn -0.0563 0.0225 -0.9982
vn -0.0506 0.0276 -0.9983
vn 0.2651 -0.9620 -0.0657
vn -0.0106 -0.9998 -0.0160
vn 0.2239 -0.9730 -0.0569
vn -0.0112 -0.9998 -0.0165
vn -0.1138 -0.9935 -0.0036
vn -0.0613 0.0093 -0.9981
vn -0.0524 0.0132 -0.9985
vn -0.0601 0.0105 -0.9981
vn 0.0562 -0.0140 0.9983
vn -0.4892 0.8711 -0.0421
vn -0.4792 0.8770 -0.0350
vn -0.3641 0.9314 -0.0051
vn -0.3560 0.9344 0.0126
vn -0.1138 -0.9935 -0.0033
vn 0.0526 -0.0133 0.9985
vn 0.0782 -0.0173 0.9968
vn 0.0777 -0.0175 0.9968
vn 0.0521 -0.0130 0.9986
vn -0.0565 0.0141 -0.9983
vn 0.0612 -0.0094 0.9981
vn 0.0606 -0.0100 0.9981
vn 0.0527 -0.0133 0.9985
vn 0.0626 -0.0082 0.9980
vn 0.0624 -0.0088 0.9980
vn 0.7057 -0.7076 -0.0372
vn 0.4748 -0.8796 -0.0302
vn 0.7047 -0.7086 -0.0358
vn 0.7631 -0.6458 -0.0237
vn 0.1109 -0.0231 0.9936
vn 0.4698 -0.8821 -0.0333
vn 0.2818 -0.9586 -0.0417
vn 0.0912 -0.0290 0.9954
vn 0.0692 -0.0580 0.9959
vn 0.0864 -0.0652 0.9941
vn -0.7146 -0.6993 0.0183
vn -0.7161 -0.6975 0.0265
vn -0.7192 -0.6934 0.0441
vn -0.7205 -0.6915 0.0523
vn 0.2803 -0.9588 -0.0466
vn -0.0678 0.0583 -0.9960
vn -0.0851 0.0664 -0.9942
vn -0.0909 0.0291 -0.9954
vn -0.1114 0.0235 -0.9935
vn -0.0625 0.0086 -0.9980
vn 0.7083 0.7047 -0.0407
vn 0.7109 0.7017 -0.0477
vn 0.7070 0.7062 -0.0371
vn -0.0626 0.0082 -0.9980
vn -0.2928 0.9551 0.0449
vn -0.3000 0.9536 0.0258
vn -0.4492 0.8930 -0.0283
vn -0.4628 0.8857 -0.0376
vn 0.9280 -0.3663 -0.0682
vn 0.9207 -0.3804 -0.0869
vn 0.6601 -0.7499 -0.0439
vn -0.0337 0.0266 -0.9991
vn 0.7044 0.7092 -0.0300
vn -0.0275 0.0217 -0.9994
vn -0.0168 0.0015 -0.9999
vn 0.6439 -0.7645 -0.0318
vn 0.2166 -0.9762 -0.0037
vn -0.0163 -0.0000 -0.9999
vn -0.2272 0.9738 0.0056
vn -0.2271 0.9739 0.0043
vn -0.6248 0.7800 0.0349
vn 0.0189 -0.0011 0.9998
vn 0.0187 0.0005 0.9998
vn 0.0260 -0.0219 0.9994
vn -0.6220 0.7818 0.0443
vn 0.0331 -0.0281 0.9991
vn -0.9025 0.4223 0.0846
vn -0.9042 0.4153 0.1001
vn 0.2167 -0.9762 -0.0031
vn 0.1141 0.9935 0.0036
vn 0.0110 0.9998 0.0159
vn 0.0116 0.9998 0.0166
vn 0.1141 0.9935 0.0034
vn 0.7624 -0.6468 -0.0195
vn -0.1031 0.9946 0.0121
vn 0.1926 -0.0117 0.9812
vn 0.2827 0.0265 0.9588
vn 0.2030 -0.0067 0.9792
vn -0.1051 0.9944 0.0142
vn -0.1079 0.9938 0.0270
vn -0.1074 0.9938 0.0282
vn -0.1080 0.9938 0.0271
vn 0.2827 0.0299 0.9587
vn 0.3874 -0.9186 -0.0783
vn 0.3891 -0.9182 -0.0746
vn -0.0048 0.0631 -0.9980
vn -0.0049 0.0595 -0.9982
vn 0.1853 0.9489 -0.2554
vn 0.2834 0.9232 -0.2594
vn 0.1828 0.9493 -0.2557
vn 0.0284 0.2624 0.9645
vn 0.0983 0.2412 0.9655
vn 0.1776 0.2442 0.9533
vn 0.1073 0.9658 -0.2359
vn 0.1016 0.9668 -0.2344
vn -0.0203 -0.2370 -0.9713
vn -0.0983 -0.2412 -0.9655
vn -0.0298 -0.2374 -0.9709
vn -0.0932 -0.2441 -0.9653
vn 0.2092 0.9435 -0.2570
vn 0.1835 0.9492 -0.2558
vn 0.0283 0.2626 0.9645
vn 0.0376 0.2612 0.9646
vn 0.0250 0.2636 0.9643
vn 0.0745 0.2586 0.9631
vn 0.0739 0.2592 0.9630
vn -0.0447 -0.2577 -0.9652
vn -0.9339 -0.3156 0.1680
vn -0.9324 -0.3168 0.1738
vn -0.9186 -0.3577 0.1683
vn 0.0713 0.2582 0.9635
vn -0.9195 -0.3564 0.1658
vn -0.7307 -0.6440 0.2264
vn -0.7271 -0.6489 0.2241
vn 0.0641 0.2484 0.9665
vn 0.0669 0.2466 0.9668
vn 0.0714 0.2594 0.9631
vn -0.1417 -0.9574 0.2517
vn -0.1506 -0.9544 0.2576
vn -0.0641 -0.2486 -0.9665
vn -0.0669 -0.2468 -0.9668
vn -0.0714 -0.2583 -0.9634
vn -0.0731 -0.2117 -0.9746
vn 0.2196 -0.9516 0.2150
vn -0.0851 -0.2151 -0.9729
vn -0.1095 -0.2254 -0.9681
vn 0.8523 0.4743 -0.2206
vn 0.9891 0.0962 -0.1117
vn 0.8595 0.4669 -0.2078
vn 0.9885 0.1177 -0.0954
vn 0.2216 -0.9526 0.2086
vn 0.1098 0.2258 0.9680
vn 0.0736 0.2105 0.9748
vn 0.0859 0.2145 0.9729
vn -0.8237 -0.5192 0.2282
vn -0.9746 -0.1899 0.1191
vn -0.8263 -0.5188 0.2194
vn -0.9771 -0.1867 0.1018
vn -0.2890 0.9402 -0.1805
vn 0.1089 0.9619 -0.2506
vn -0.2876 0.9390 -0.1887
vn 0.1159 0.2307 0.9661
vn -0.5774 -0.7747 0.2578
vn -0.5775 -0.7747 0.2577
vn 0.1171 0.2337 0.9652
vn 0.1173 0.2338 0.9652
vn 0.5711 0.7790 -0.2587
vn 0.5712 0.7793 -0.2579
vn -0.1169 -0.2338 -0.9652
vn -0.1158 -0.2302 -0.9662
vn -0.1170 -0.2340 -0.9652
vn 0.1256 0.9580 -0.2578
vn -0.0715 -0.2595 -0.9631
vn 0.7305 0.6450 -0.2244
vn 0.7367 0.6373 -0.2262
vn -0.0739 -0.2593 -0.9630
vn 0.9886 0.1065 -0.1060
vn 0.9884 0.1116 -0.1033
vn -0.0744 -0.2587 -0.9631
vn 0.9787 -0.2008 -0.0429
vn 0.0413 0.2587 0.9651
vn 0.9778 -0.2040 -0.0482
vn -0.0986 -0.2410 -0.9655
vn -0.2092 -0.9435 0.2570
vn -0.1478 -0.9560 0.2534
vn -0.1479 -0.9559 0.2538
vn 0.0222 -0.9674 0.2523
vn 0.0421 -0.2337 -0.9714
vn 0.0570 -0.9664 0.2505
vn 0.1601 -0.9604 0.2280
vn 0.0573 -0.9662 0.2515
vn 0.1609 -0.9613 0.2238
vn 0.1601 -0.9604 0.2279
vn 0.1678 0.2442 0.9551
vn 0.2406 0.2442 0.9394
vn 0.2407 0.2439 0.9395
vn 0.1253 0.9600 -0.2504
vn 0.1257 0.9594 -0.2524
vn 0.0422 -0.2338 -0.9714
vn 0.5910 -0.4634 -0.6603
vn 0.4223 0.6675 -0.6132
vn 0.5588 0.6494 0.5158
vn 0.7296 -0.4859 0.4813
vn -0.4034 -0.6722 0.6208
vn -0.5500 -0.6512 -0.5229
vn -0.7463 0.4710 -0.4703
vn -0.6025 0.4539 0.6565
vn 0.6610 0.6570 0.3627
vn 0.6057 -0.4568 0.6515
vn 0.4924 -0.7357 -0.4650
vn 0.5486 0.3803 -0.7446
vn -0.6151 0.4537 -0.6448
vn -0.5028 0.7303 0.4624
vn -0.5390 -0.3842 0.7496
vn -0.6523 -0.6632 -0.3671
vn 0.3646 -0.5052 -0.7822
vn 0.2769 -0.9609 -0.0000
vn 0.0735 -0.7057 -0.7047
vn -0.5052 0.3646 -0.7822
vn -0.0565 -0.0565 -0.9968
vn -0.4329 0.4329 0.7907
vn -0.0565 -0.0565 0.9968
vn 0.3646 -0.5052 0.7822
vn 0.6227 -0.7825 -0.0000
vn -0.7825 0.6227 -0.0000
vn 0.4329 -0.4329 0.7907
vn 0.4329 -0.4329 -0.7907
vn -0.9609 0.2769 -0.0000
vn -0.4329 0.4329 -0.7907
vn -0.7057 0.0735 -0.7047
vn -0.5052 0.3646 0.7822
vn -0.7057 0.0735 0.7047
vn -0.2774 -0.2774 0.9198
vn 0.0735 -0.7057 0.7047
vn -0.2774 -0.2774 -0.9198
vn -0.9791 -0.2034 -0.0000
vn -0.3200 -0.8099 0.4916
vn -0.8099 -0.3200 0.4916
vn -0.5298 -0.5298 0.6623
vn -0.3200 -0.8099 -0.4916
vn -0.5298 -0.5298 -0.6623
vn -0.8099 -0.3200 -0.4916
vn -0.2034 -0.9791 -0.0000
vn -0.8600 -0.5102 -0.0000
vn -0.7841 -0.5705 0.2444
vn -0.6724 -0.6724 0.3093
vn -0.5705 -0.7841 -0.2444
vn -0.6724 -0.6724 -0.3093
vn -0.7841 -0.5705 -0.2444
vn -0.5102 -0.8600 -0.0000
vn -0.5705 -0.7841 0.2444
vt 0.496340 0.646700
vt 0.487610 0.646700
vt 0.490520 0.645250
vt 0.493430 0.645250
vt 0.496340 0.642340
vt 0.493430 0.643790
vt 0.487610 0.642340
vt 0.490520 0.643790
vt 0.609380 0.628910
vt 0.726560 0.570310
vt 0.843750 0.628910
vt 0.726560 0.687500
vt 0.490190 0.637650
vt 0.487000 0.639250
vt 0.496570 0.639250
vt 0.493380 0.637650
vt 0.496570 0.634460
vt 0.493380 0.636060
vt 0.487000 0.634460
vt 0.490190 0.636060
vt 0.750000 0.699220
vt 0.867190 0.640620
vt 0.984380 0.699220
vt 0.867190 0.757810
vt 0.656360 0.475190
vt 0.778620 0.554790
vt 0.778620 0.475190
vt 0.656360 0.554790
vt 0.778620 0.214330
vt 0.656360 0.125410
vt 0.778620 0.123700
vt 0.893430 0.554790
vt 0.893430 0.475190
vt 0.893430 0.214330
vt 0.893430 0.116840
vt 0.779490 0.099780
vt 0.778620 0.120260
vt 0.666670 0.089540
vt 0.778720 0.120300
vt 0.776010 0.069060
vt 0.656360 0.125380
vt 0.778720 0.123710
vt 0.893430 0.304960
vt 0.778620 0.304960
vt 0.893430 0.395590
vt 0.778620 0.395590
vt 0.656360 0.304960
vt 0.656360 0.214330
vt 0.456220 0.032140
vt 0.533800 0.032140
vt 0.533800 0.531260
vt 0.456220 0.531260
vt 0.378630 0.032140
vt 0.378630 0.531260
vt 0.507380 0.533070
vt 0.507380 0.521120
vt 0.531200 0.533070
vt 0.531200 0.521120
vt 0.531200 0.509170
vt 0.507380 0.509170
vt 0.556320 0.847850
vt 0.472390 0.973030
vt 0.422550 0.942720
vt 0.428920 0.938200
vt 0.400120 0.912420
vt 0.640240 0.973030
vt 0.690080 0.942720
vt 0.683710 0.938200
vt 0.712520 0.906670
vt 0.636250 0.732310
vt 0.683710 0.757490
vt 0.636250 0.963380
vt 0.712520 0.788230
vt 0.737100 0.847850
vt 0.746140 0.847850
vt 0.720320 0.785250
vt 0.375530 0.847850
vt 0.400120 0.788230
vt 0.366500 0.847850
vt 0.392310 0.785250
vt 0.476390 0.963380
vt 0.556320 0.977270
vt 0.476390 0.732310
vt 0.556320 0.718420
vt 0.556320 0.988000
vt 0.720320 0.909610
vt 0.392310 0.915650
vt 0.472390 0.724210
vt 0.556320 0.707690
vt 0.640240 0.724210
vt 0.422550 0.752970
vt 0.428920 0.757490
vt 0.690080 0.752970
vt 0.414420 0.567870
vt 0.409290 0.567870
vt 0.414420 0.570610
vt 0.409290 0.570610
vt 0.419920 0.567870
vt 0.419920 0.570610
vt 0.421740 0.570610
vt 0.421740 0.567870
vt 0.407250 0.570610
vt 0.407250 0.567860
vt 0.407250 0.564940
vt 0.409290 0.564940
vt 0.414420 0.564940
vt 0.419920 0.564940
vt 0.421740 0.564940
vt 0.409900 0.568330
vt 0.401310 0.568330
vt 0.416780 0.642890
vt 0.417540 0.642890
vt 0.417160 0.644300
vt 0.414500 0.642890
vt 0.415260 0.642890
vt 0.414880 0.644300
vt 0.416020 0.642890
vt 0.415640 0.644300
vt 0.416400 0.644300
vt 0.416400 0.641490
vt 0.417160 0.641490
vt 0.414880 0.641490
vt 0.415640 0.641490
vt 0.180540 0.056500
vt 0.190030 0.045580
vt 0.176280 0.045580
vt 0.095360 0.056500
vt 0.137950 0.991600
vt 0.137950 0.056500
vt 0.294390 0.957590
vt 0.294390 0.994070
vt 0.281420 0.985600
vt 0.095360 0.991600
vt 0.195810 0.990240
vt 0.195810 0.056500
vt 0.080090 0.056500
vt 0.080090 0.990240
vt 0.180540 0.991600
vt 0.276830 0.957590
vt 0.281420 0.929590
vt 0.085870 0.045580
vt 0.307360 0.929590
vt 0.311960 0.957590
vt 0.307360 0.985600
vt 0.099620 0.045580
vt 0.137950 0.045580
vt 0.097450 0.040580
vt 0.167760 0.040580
vt 0.108140 0.040580
vt 0.137950 0.040580
vt 0.178450 0.040580
vt 0.121750 0.035940
vt 0.126030 0.035940
vt 0.137950 0.035940
vt 0.149880 0.035940
vt 0.154150 0.035940
vt 0.137950 0.035580
vt 0.294390 0.921120
vt 0.173580 0.991200
vt 0.137950 0.991240
vt 0.184360 0.990240
vt 0.091550 0.990240
vt 0.102320 0.991240
vt 0.102320 0.991200
vt 0.656360 0.395590
s 1
f 1010/552/1627 1009/553/1628 1008/554/1629
f 1011/555/1630 1010/552/1627 1008/554/1629
f 1012/556/1631 1010/552/1627 1011/555/1630
f 1013/557/1632 1012/556/1631 1011/555/1630
f 1014/558/1633 1012/556/1631 1013/557/1632
f 1015/559/1634 1014/558/1633 1013/557/1632
f 1009/553/1628 1014/558/1633 1015/559/1634
f 1008/554/1629 1009/553/1628 1015/559/1634
f 1015/560/1634 1013/561/1632 1011/562/1630
f 1008/563/1629 1015/560/1634 1011/562/1630
f 1018/564/1635 1017/565/1636 1016/566/1637
f 1019/567/1638 1018/564/1635 1016/566/1637
f 1019/567/1638 1016/566/1637 1020/568/1639
f 1021/569/1640 1019/567/1638 1020/568/1639
f 1021/569/1640 1020/568/1639 1022/570/1641
f 1023/571/1642 1021/569/1640 1022/570/1641
f 1023/571/1642 1022/570/1641 1017/565/1636
f 1018/564/1635 1023/571/1642 1017/565/1636
f 1019/572/1638 1021/573/1640 1023/574/1642
f 1018/575/1635 1019/572/1638 1023/574/1642
f 1026/576/1643 1025/577/1644 1024/578/1644
f 1025/577/1645 1028/579/1645 1027/577/1645
f 1031/580/1646 1030/581/1647 1029/582/1648
f 1034/583/1649 1033/584/1649 1032/584/1649
f 1036/585/1650 1029/582/1648 1035/586/1651
f 1025/577/1645 1037/583/1645 1034/583/1645
f 1024/578/1644 1034/583/1652 1032/584/1652
f 1035/587/1651 1029/588/1648 1038/589/1653
f 1040/590/1654 1039/587/1655 1038/589/1656
f 1035/587/1651 1038/589/1653 1041/591/1657
f 1029/588/1648 1030/592/1647 1038/589/1653
f 1035/587/1658 1041/591/1659 1039/587/1658
f 1038/589/1656 1039/587/1655 1041/591/1660
f 1040/593/1654 1042/585/1652 1039/586/1655
f 1044/580/1661 1043/594/1652 1042/585/1652
f 1046/595/1644 1045/596/1652 1043/594/1652
f 1048/578/1646 1047/596/1650 1033/584/1650
f 1050/597/1646 1049/594/1650 1047/596/1650
f 1051/595/1646 1036/585/1650 1049/594/1650
f 1042/585/1649 1035/586/1658 1039/586/1658
f 1043/594/1649 1036/585/1649 1042/585/1649
f 1045/596/1649 1049/594/1649 1043/594/1649
f 1026/576/1662 1050/597/1646 1048/578/1646
f 1050/597/1646 1052/598/1662 1051/595/1646
f 1051/595/1646 1053/599/1662 1031/580/1646
f 1030/581/1663 1044/580/1661 1040/593/1654
f 1053/599/1643 1046/595/1644 1044/580/1661
f 1052/598/1643 1054/597/1644 1046/595/1644
f 1030/592/1663 1040/590/1654 1038/589/1656
f 1028/579/1662 1048/578/1646 1027/577/1646
f 1037/583/1650 1048/578/1646 1033/584/1650
f 1045/596/1652 1024/578/1644 1032/584/1652
f 1032/584/1649 1047/596/1649 1045/596/1649
f 1054/597/1644 1026/576/1643 1024/578/1644
f 1057/600/1664 1056/601/1664 1055/601/1664
f 1059/600/1652 1058/602/1665 1056/601/1665
f 1058/602/1645 1061/603/1645 1060/602/1645
f 1061/603/1650 1055/601/1666 1060/602/1666
f 1058/602/1649 1055/601/1649 1056/601/1649
f 1057/600/1664 1062/604/1664 1059/600/1664
f 1062/604/1667 1064/605/1667 1063/605/1667
f 1061/603/1650 1065/604/1668 1057/600/1650
f 1066/603/1652 1062/604/1669 1063/605/1669
f 1066/603/1645 1064/605/1645 1061/603/1645
f 1069/606/1664 1068/607/1664 1067/607/1664
f 1068/607/1670 1071/608/1671 1070/609/1670
f 1071/608/1645 1072/609/1645 1070/609/1645
f 1073/608/1672 1067/607/1673 1072/609/1673
f 1076/610/1649 1075/611/1649 1074/611/1649
f 1077/606/1667 1073/608/1667 1071/608/1667
f 1072/609/1673 1075/611/1650 1078/610/1650
f 1070/609/1645 1078/610/1645 1076/610/1645
f 1068/607/1670 1076/610/1652 1074/611/1652
f 1067/607/1664 1074/611/1664 1075/611/1664
f 1081/612/1664 1080/613/1674 1079/614/1664
f 1079/615/1675 1083/616/1676 1082/616/1676
f 1086/612/1645 1085/617/1677 1084/618/1645
f 1084/619/1678 1088/620/1679 1087/620/1679
f 1091/621/1680 1090/622/1681 1089/621/1680
f 1092/623/1682 1084/619/1678 1085/623/1682
f 1095/624/1683 1094/625/1650 1093/624/1683
f 1086/612/1645 1096/626/1684 1095/627/1685
f 1099/628/1686 1098/629/1687 1097/629/1687
f 1081/612/1664 1099/630/1688 1097/631/1689
f 1102/632/1690 1101/633/1691 1100/633/1691
f 1105/634/1692 1104/635/1693 1103/635/1693
f 1086/612/1645 1102/613/1694 1100/636/1695
f 1081/612/1664 1092/617/1696 1101/636/1697
f 1087/620/1679 1094/625/1650 1096/625/1650
f 1086/612/1645 1087/637/1698 1096/626/1684
f 1082/616/1676 1106/628/1686 1099/628/1686
f 1081/612/1664 1082/638/1699 1099/630/1688
f 1107/639/1700 1086/612/1645 1104/640/1701
f 1089/641/1702 1081/612/1664 1103/640/1703
f 1081/612/1664 1097/631/1689 1108/642/1664
f 1097/629/1687 1109/643/1704 1108/643/1704
f 1086/612/1645 1095/627/1685 1110/644/1645
f 1095/624/1683 1090/622/1681 1110/622/1681
f 1104/640/1701 1086/612/1645 1091/641/1705
f 1090/644/1664 1093/627/1706 1081/612/1664
f 1094/626/1707 1088/637/1708 1081/612/1664
f 1111/618/1664 1092/617/1696 1081/612/1664
f 1093/627/1706 1094/626/1707 1081/612/1664
f 1101/633/1709 1085/623/1682 1100/633/1709
f 1103/635/1710 1091/621/1680 1089/621/1680
f 1086/612/1645 1100/636/1695 1085/617/1677
f 1103/640/1703 1081/612/1664 1105/639/1711
f 1109/642/1645 1098/631/1712 1086/612/1645
f 1106/630/1713 1083/638/1714 1086/612/1645
f 1112/614/1645 1102/613/1694 1086/612/1645
f 1108/643/1704 1107/634/1692 1105/634/1692
f 1112/615/1715 1080/632/1690 1102/632/1690
f 1098/631/1712 1106/630/1713 1086/612/1645
f 1081/612/1664 1101/636/1697 1080/613/1674
f 1088/637/1708 1111/618/1664 1081/612/1664
f 1082/638/1699 1081/612/1664 1079/614/1664
f 1105/639/1711 1081/612/1664 1108/642/1664
f 1089/641/1702 1090/644/1664 1081/612/1664
f 1087/637/1698 1086/612/1645 1084/618/1645
f 1091/641/1705 1086/612/1645 1110/644/1645
f 1107/639/1700 1109/642/1645 1086/612/1645
f 1083/638/1714 1112/614/1645 1086/612/1645
f 1115/645/1716 1114/646/1717 1113/647/1718
f 1114/646/1717 1116/648/1719 1113/647/1718
f 1115/645/1716 1113/647/1718 1117/649/1720
f 1113/647/1718 1118/650/1721 1117/649/1720
f 1117/649/1720 1118/650/1721 1119/651/1722
f 1120/652/1723 1117/649/1720 1119/651/1722
f 1120/652/1723 1119/651/1722 1121/649/1724
f 1119/651/1722 1122/650/1725 1121/649/1724
f 1121/649/1724 1122/650/1725 1123/647/1726
f 1124/645/1727 1121/649/1724 1123/647/1726
f 1124/645/1727 1123/647/1726 1125/648/1728
f 1126/646/1729 1124/645/1727 1125/648/1728
f 1126/646/1729 1125/648/1728 1127/653/1730
f 1128/654/1731 1126/646/1729 1127/653/1730
f 1128/654/1731 1127/653/1730 1116/648/1719
f 1128/654/1731 1129/655/1732 1126/646/1729
f 1130/656/1733 1129/655/1732 1128/654/1731
f 1114/646/1717 1128/654/1731 1116/648/1719
f 1114/646/1717 1130/656/1733 1128/654/1731
f 1131/657/1734 1130/656/1733 1114/646/1717
f 1115/645/1716 1131/657/1734 1114/646/1717
f 1131/657/1734 1115/645/1716 1117/649/1720
f 1132/658/1735 1131/657/1734 1117/649/1720
f 1133/659/1736 1132/658/1735 1117/649/1720
f 1120/652/1723 1133/659/1736 1117/649/1720
f 1134/658/1737 1133/659/1736 1120/652/1723
f 1121/649/1724 1134/658/1737 1120/652/1723
f 1135/657/1738 1134/658/1737 1121/649/1724
f 1124/645/1727 1135/657/1738 1121/649/1724
f 1136/656/1739 1135/657/1738 1124/645/1727
f 1126/646/1729 1136/656/1739 1124/645/1727
f 1129/655/1732 1136/656/1739 1126/646/1729
f 1139/645/1716 1138/646/1740 1137/647/1741
f 1138/646/1740 1140/648/1742 1137/647/1741
f 1139/645/1716 1137/647/1741 1141/649/1743
f 1137/647/1741 1142/650/1744 1141/649/1743
f 1141/649/1743 1142/650/1744 1143/651/1745
f 1144/652/1746 1141/649/1743 1143/651/1745
f 1144/652/1746 1143/651/1745 1145/650/1747
f 1146/649/1748 1144/652/1746 1145/650/1747
f 1146/649/1748 1145/650/1747 1147/647/1749
f 1148/645/1727 1146/649/1748 1147/647/1749
f 1148/645/1727 1147/647/1749 1149/646/1750
f 1147/647/1749 1150/648/1751 1149/646/1750
f 1149/646/1750 1150/648/1751 1151/653/1752
f 1152/654/1731 1149/646/1750 1151/653/1752
f 1152/654/1731 1151/653/1752 1140/648/1742
f 1152/654/1731 1153/655/1753 1149/646/1750
f 1154/656/1754 1153/655/1753 1152/654/1731
f 1138/646/1740 1152/654/1731 1140/648/1742
f 1138/646/1740 1154/656/1754 1152/654/1731
f 1155/657/1755 1154/656/1754 1138/646/1740
f 1139/645/1716 1155/657/1755 1138/646/1740
f 1156/658/1756 1155/657/1755 1139/645/1716
f 1141/649/1743 1156/658/1756 1139/645/1716
f 1157/659/1757 1156/658/1756 1141/649/1743
f 1144/652/1746 1157/659/1757 1141/649/1743
f 1157/659/1757 1144/652/1746 1146/649/1748
f 1158/658/1758 1157/659/1757 1146/649/1748
f 1159/657/1759 1158/658/1758 1146/649/1748
f 1148/645/1727 1159/657/1759 1146/649/1748
f 1160/656/1760 1159/657/1759 1148/645/1727
f 1149/646/1750 1160/656/1760 1148/645/1727
f 1153/655/1753 1160/656/1760 1149/646/1750
f 1163/660/1761 1162/661/1762 1161/661/1763
f 1163/660/1761 1161/661/1763 1164/660/1764
f 1164/660/1764 1161/661/1763 1165/660/1765
f 1161/661/1763 1166/661/1766 1165/660/1765
f 1166/660/1767 1161/660/1768 1167/661/1769
f 1161/660/1768 1168/661/1770 1167/661/1769
f 1162/661/1771 1168/661/1770 1161/661/1768
f 1170/661/1772 1162/661/1773 1169/660/1774
f 1162/661/1775 1163/660/1775 1169/660/1775
f 1170/661/1776 1171/661/1777 1162/661/1778
f 1171/661/1777 1172/661/1779 1162/661/1778
f 1162/661/1771 1172/661/1780 1168/661/1770
f 1172/661/1781 1173/660/1782 1168/661/1783
f 1172/661/1781 1174/660/1784 1173/660/1782
f 1175/660/1785 1174/660/1785 1172/661/1785
f 1171/661/1786 1175/660/1787 1172/661/1788
f 1171/661/1786 1176/661/1789 1175/660/1787
f 1176/661/1789 1177/660/1790 1175/660/1787
f 1175/660/1791 1177/660/1792 1169/660/1793
f 1175/660/1791 1169/660/1793 1174/660/1794
f 1177/660/1790 1176/661/1789 1178/661/1795
f 1177/660/1792 1179/660/1796 1169/660/1793
f 1179/660/1796 1177/660/1792 1180/660/1797
f 1180/660/1798 1177/660/1790 1178/661/1795
f 1182/660/1799 1180/660/1798 1181/661/1800
f 1180/660/1798 1178/661/1795 1181/661/1800
f 1182/660/1801 1183/660/1802 1180/660/1803
f 1183/660/1802 1184/660/1804 1180/660/1803
f 1184/660/1805 1179/660/1796 1180/660/1797
f 1183/660/1806 1185/661/1807 1184/660/1808
f 1184/660/1808 1186/661/1809 1179/660/1810
f 1185/661/1807 1186/661/1809 1184/660/1808
f 1178/661/1811 1186/661/1812 1185/661/1813
f 1186/661/1809 1187/661/1814 1179/660/1810
f 1186/661/1815 1178/661/1816 1187/661/1817
f 1179/660/1810 1187/661/1814 1170/661/1772
f 1178/661/1816 1176/661/1818 1187/661/1817
f 1187/661/1817 1176/661/1818 1170/661/1776
f 1181/661/1819 1185/661/1820 1188/661/1821
f 1188/661/1822 1185/661/1807 1183/660/1806
f 1181/661/1823 1178/661/1811 1185/661/1813
f 1189/660/1824 1188/661/1822 1183/660/1806
f 1189/660/1824 1190/660/1825 1188/661/1822
f 1191/661/1826 1181/661/1819 1188/661/1821
f 1188/661/1821 1192/661/1827 1191/661/1826
f 1190/660/1825 1192/661/1828 1188/661/1822
f 1193/660/1829 1190/660/1830 1189/660/1831
f 1195/661/1832 1193/660/1833 1194/660/1834
f 1194/660/1835 1193/660/1829 1189/660/1831
f 1194/660/1834 1182/660/1799 1191/661/1836
f 1191/661/1836 1195/661/1832 1194/660/1834
f 1189/660/1831 1183/660/1837 1194/660/1835
f 1183/660/1837 1182/660/1838 1194/660/1835
f 1192/661/1827 1195/661/1839 1191/661/1826
f 1182/660/1799 1181/661/1800 1191/661/1836
f 1169/660/1774 1179/660/1810 1170/661/1772
f 1176/661/1818 1171/661/1777 1170/661/1776
f 1174/660/1840 1164/660/1841 1173/660/1842
f 1174/660/1840 1163/660/1843 1164/660/1841
f 1169/660/1793 1163/660/1844 1174/660/1794
f 1173/660/1842 1164/661/1841 1196/660/1845
f 1168/660/1783 1173/661/1782 1196/661/1846
f 1196/661/1846 1197/661/1847 1167/660/1848
f 1196/660/1845 1165/661/1849 1197/660/1850
f 1164/661/1841 1165/661/1849 1196/660/1845
f 1167/660/1848 1168/660/1783 1196/661/1846
f 1165/661/1849 1198/661/1851 1197/660/1852
f 1197/661/1847 1199/660/1853 1167/660/1848
f 1167/661/1769 1199/661/1854 1166/660/1767
f 1199/661/1854 1200/660/1855 1166/660/1767
f 1166/661/1766 1200/661/1856 1198/660/1857
f 1165/660/1765 1166/661/1766 1198/660/1857
f 1203/661/1858 1202/660/1859 1201/661/1860
f 1202/660/1861 1203/661/1862 1204/660/1862
f 1204/660/1862 1203/661/1862 1205/661/1863
f 1205/660/1864 1203/660/1858 1206/661/1865
f 1203/660/1858 1201/661/1860 1206/661/1865
f 1206/660/1866 1201/660/1867 1207/661/1868
f 1201/660/1867 1208/661/1867 1207/661/1868
f 1209/661/1869 1208/660/1867 1201/661/1867
f 1210/661/1870 1209/661/1870 1201/661/1871
f 1202/660/1872 1210/661/1873 1201/661/1874
f 1212/661/1875 1210/661/1873 1211/660/1876
f 1210/661/1877 1202/660/1877 1211/660/1877
f 1209/661/1878 1210/661/1879 1212/661/1880
f 1213/661/1881 1212/661/1875 1211/660/1876
f 1214/661/1882 1209/661/1878 1212/661/1880
f 1215/661/1883 1214/661/1882 1212/661/1880
f 1213/661/1884 1215/661/1883 1212/661/1880
f 1217/661/1885 1213/661/1881 1216/660/1886
f 1213/661/1881 1218/660/1887 1216/660/1886
f 1218/660/1887 1213/661/1881 1211/660/1876
f 1217/661/1888 1219/661/1889 1213/661/1884
f 1219/661/1889 1215/661/1883 1213/661/1884
f 1219/661/1890 1220/660/1891 1215/661/1892
f 1220/660/1891 1219/661/1890 1221/661/1893
f 1221/661/1894 1219/661/1889 1217/661/1888
f 1222/660/1895 1220/660/1891 1221/661/1893
f 1222/660/1895 1221/661/1893 1223/661/1896
f 1223/661/1897 1221/661/1898 1224/661/1899
f 1221/661/1898 1225/661/1900 1224/661/1899
f 1225/661/1901 1221/661/1894 1217/661/1888
f 1224/661/1902 1225/661/1903 1226/660/1904
f 1226/660/1904 1225/661/1903 1216/660/1886
f 1225/661/1903 1217/661/1885 1216/660/1886
f 1228/660/1905 1226/660/1906 1227/660/1907
f 1226/660/1906 1222/660/1908 1227/660/1907
f 1226/660/1909 1216/660/1910 1222/660/1911
f 1228/660/1912 1224/661/1902 1226/660/1904
f 1227/660/1907 1229/660/1913 1228/660/1905
f 1229/660/1913 1230/660/1914 1228/660/1905
f 1228/660/1912 1230/660/1915 1224/661/1902
f 1230/660/1915 1231/661/1916 1224/661/1902
f 1224/661/1899 1231/661/1917 1223/661/1897
f 1231/661/1917 1232/661/1918 1223/661/1897
f 1223/661/1896 1232/661/1919 1227/660/1920
f 1232/661/1919 1229/660/1921 1227/660/1920
f 1227/660/1920 1222/660/1895 1223/661/1896
f 1216/660/1910 1220/660/1922 1222/660/1911
f 1220/660/1891 1233/660/1923 1215/661/1892
f 1218/660/1924 1233/660/1925 1220/660/1922
f 1216/660/1910 1218/660/1924 1220/660/1922
f 1215/661/1892 1233/660/1923 1234/660/1926
f 1234/660/1927 1233/660/1925 1211/660/1928
f 1233/660/1925 1218/660/1924 1211/660/1928
f 1214/661/1929 1234/660/1926 1209/661/1869
f 1214/661/1929 1215/661/1892 1234/660/1926
f 1211/660/1928 1202/660/1930 1234/660/1927
f 1234/660/1931 1235/660/1931 1209/661/1931
f 1202/660/1930 1235/660/1932 1234/660/1927
f 1209/661/1869 1235/660/1933 1208/660/1867
f 1235/660/1934 1204/660/1935 1208/660/1936
f 1235/660/1934 1202/660/1934 1204/660/1935
f 1208/660/1936 1204/661/1935 1207/660/1937
f 1207/661/1868 1236/661/1938 1206/660/1866
f 1207/660/1937 1237/661/1939 1236/660/1940
f 1204/661/1935 1237/661/1939 1207/660/1937
f 1237/661/1941 1238/661/1942 1236/660/1943
f 1237/660/1944 1205/661/1863 1238/660/1945
f 1237/660/1944 1204/660/1862 1205/661/1863
f 1205/661/1863 1239/661/1946 1238/660/1946
f 1240/661/1947 1239/660/1948 1205/660/1864
f 1236/661/1938 1240/660/1949 1206/660/1866
f 1206/661/1865 1240/661/1947 1205/660/1864
f 1243/662/1950 1242/663/1950 1241/664/1950
f 1242/665/1951 1244/666/1951 1241/667/1951
f 1244/666/1952 1245/668/1952 1241/669/1952
f 1245/668/1953 1243/662/1953 1241/670/1953
f 1246/671/1954 1243/662/1954 1245/668/1954
f 1246/672/1955 1242/663/1955 1243/662/1955
f 1246/673/1956 1244/666/1956 1242/665/1956
f 1246/674/1957 1245/668/1957 1244/666/1957
f 1249/662/1958 1248/663/1958 1247/664/1958
f 1248/665/1959 1250/666/1959 1247/667/1959
f 1250/666/1960 1251/668/1960 1247/669/1960
f 1251/668/1961 1249/662/1961 1247/670/1961
f 1252/671/1962 1249/662/1962 1251/668/1962
f 1252/672/1963 1248/663/1963 1249/662/1963
f 1252/673/1964 1250/666/1964 1248/665/1964
f 1252/674/1965 1251/668/1965 1250/666/1965
f 1255/675/1966 1254/676/1967 1253/677/1968
f 1258/678/1969 1257/679/1652 1256/680/1970
f 1261/681/1649 1260/682/1649 1259/683/1649
f 1264/684/1971 1263/680/1972 1262/679/1650
f 1267/685/1664 1266/675/1973 1265/686/1974
f 1269/687/1975 1264/684/1971 1268/688/1645
f 1262/679/1650 1266/675/1973 1270/689/1976
f 1261/681/1649 1272/690/1649 1271/691/1649
f 1255/675/1966 1257/679/1652 1273/689/1977
f 1266/675/1973 1254/676/1967 1265/686/1974
f 1258/678/1969 1274/692/1978 1269/687/1975
f 1276/693/1649 1275/694/1649 1261/681/1649
f 1258/678/1969 1268/688/1645 1277/684/1979
f 1273/689/1977 1265/686/1974 1255/675/1966
f 1278/695/1649 1260/682/1649 1261/681/1649
f 1256/680/1970 1279/696/1980 1258/678/1969
f 1281/678/1981 1274/692/1978 1280/696/1982
f 1263/680/1972 1280/696/1982 1282/697/1983
f 1263/680/1972 1283/677/1984 1266/675/1973
f 1256/680/1970 1253/677/1968 1284/697/1985
f 1279/696/1980 1285/698/1986 1274/692/1978
f 1282/697/1983 1286/699/1987 1283/677/1984
f 1280/696/1982 1285/698/1986 1287/700/1988
f 1282/697/1983 1287/700/1988 1288/701/1989
f 1284/697/1985 1290/699/1990 1289/701/1991
f 1284/697/1985 1291/700/1992 1279/696/1980
f 1253/677/1968 1292/702/1993 1290/699/1990
f 1283/677/1984 1292/702/1993 1254/676/1967
f 1287/700/1988 1294/703/1994 1293/704/1995
f 1288/701/1989 1293/704/1995 1295/705/1996
f 1289/701/1991 1297/706/1997 1296/705/1998
f 1289/701/1991 1298/704/1999 1291/700/1992
f 1290/699/1990 1299/707/2000 1297/706/1997
f 1286/699/1987 1299/707/2000 1292/702/1993
f 1291/700/1992 1294/703/1994 1285/698/1986
f 1288/701/1989 1300/706/2001 1286/699/1987
f 1301/708/1667 1294/703/1994 1298/704/1999
f 1301/708/1667 1296/705/1998 1297/706/1997
f 1300/706/2001 1295/705/1996 1301/708/1667
f 1293/704/1995 1294/703/1994 1301/708/1667
f 1299/707/2000 1301/708/1667 1297/706/1997
f 1296/705/1998 1301/708/1667 1298/704/1999
f 1295/705/1996 1293/704/1995 1301/708/1667
f 1299/707/2000 1300/706/2001 1301/708/1667
f 1272/690/1649 1261/681/1649 1259/683/1649
f 1275/694/1649 1278/695/1649 1261/681/1649
f 1302/709/1649 1276/693/1649 1261/681/1649
f 1302/709/1649 1261/681/1649 1271/691/1649
f 1276/710/1649 1257/679/1649 1275/711/1649
f 1302/712/1649 1273/689/1649 1276/710/1649
f 1260/713/1649 1264/684/1649 1259/714/1649
f 1271/710/1649 1262/679/1649 1270/689/1649
f 1278/715/1649 1257/679/1649 1277/684/1649
f 1259/714/1649 1262/679/1649 1272/711/1649
f 1302/712/1649 1270/689/1649 1267/685/1649
f 1260/713/1649 1277/684/1649 1268/688/1649
f 1026/576/1643 1028/579/1643 1025/577/1644
f 1031/580/1646 1053/599/1662 1030/581/1647
f 1034/583/1649 1037/583/1649 1033/584/1649
f 1036/585/1650 1031/580/1646 1029/582/1648
f 1025/577/1645 1027/577/1645 1037/583/1645
f 1024/578/1644 1025/577/1644 1034/583/1652
f 1040/593/1654 1044/580/1661 1042/585/1652
f 1044/580/1661 1046/595/1644 1043/594/1652
f 1046/595/1644 1054/597/1644 1045/596/1652
f 1048/578/1646 1050/597/1646 1047/596/1650
f 1050/597/1646 1051/595/1646 1049/594/1650
f 1051/595/1646 1031/580/1646 1036/585/1650
f 1042/585/1649 1036/585/1649 1035/586/1658
f 1043/594/1649 1049/594/1649 1036/585/1649
f 1045/596/1649 1047/596/1649 1049/594/1649
f 1026/576/1662 1303/716/1662 1050/597/1646
f 1050/597/1646 1303/716/1662 1052/598/1662
f 1051/595/1646 1052/598/1662 1053/599/1662
f 1030/581/1663 1053/599/1643 1044/580/1661
f 1053/599/1643 1052/598/1643 1046/595/1644
f 1052/598/1643 1303/716/1643 1054/597/1644
f 1028/579/1662 1026/576/1662 1048/578/1646
f 1037/583/1650 1027/577/1646 1048/578/1646
f 1045/596/1652 1054/597/1644 1024/578/1644
f 1032/584/1649 1033/584/1649 1047/596/1649
f 1054/597/1644 1303/716/1643 1026/576/1643
f 1057/600/1664 1059/600/1664 1056/601/1664
f 1059/600/1652 1066/603/1652 1058/602/1665
f 1058/602/1645 1066/603/1645 1061/603/1645
f 1061/603/1650 1057/600/1650 1055/601/1666
f 1058/602/1649 1060/602/1649 1055/601/1649
f 1057/600/1664 1065/604/1664 1062/604/1664
f 1062/604/1667 1065/604/1667 1064/605/1667
f 1061/603/1650 1064/605/1668 1065/604/1668
f 1066/603/1652 1059/600/1652 1062/604/1669
f 1066/603/1645 1063/605/1645 1064/605/1645
f 1069/606/1664 1077/606/1664 1068/607/1664
f 1068/607/1670 1077/606/1671 1071/608/1671
f 1071/608/1645 1073/608/1645 1072/609/1645
f 1073/608/1672 1069/606/1672 1067/607/1673
f 1076/610/1649 1078/610/1649 1075/611/1649
f 1077/606/1667 1069/606/1667 1073/608/1667
f 1072/609/1673 1067/607/1673 1075/611/1650
f 1070/609/1645 1072/609/1645 1078/610/1645
f 1068/607/1670 1070/609/1670 1076/610/1652
f 1067/607/1664 1068/607/1664 1074/611/1664
f 1079/615/1675 1112/615/1715 1083/616/1676
f 1084/619/1678 1111/619/1678 1088/620/1679
f 1091/621/1680 1110/622/1681 1090/622/1681
f 1092/623/1682 1111/619/1678 1084/619/1678
f 1095/624/1683 1096/625/1650 1094/625/1650
f 1099/628/1686 1106/628/1686 1098/629/1687
f 1102/632/1690 1080/632/1690 1101/633/1691
f 1105/634/1692 1107/634/1692 1104/635/1693
f 1087/620/1679 1088/620/1679 1094/625/1650
f 1082/616/1676 1083/616/1676 1106/628/1686
f 1097/629/1687 1098/629/1687 1109/643/1704
f 1095/624/1683 1093/624/1683 1090/622/1681
f 1101/633/1709 1092/623/1682 1085/623/1682
f 1103/635/1710 1104/635/1710 1091/621/1680
f 1108/643/1704 1109/643/1704 1107/634/1692
f 1112/615/1715 1079/615/1675 1080/632/1690
f 1255/675/1966 1265/686/1974 1254/676/1967
f 1258/678/1969 1277/684/1979 1257/679/1652
f 1264/684/1971 1281/678/1981 1263/680/1972
f 1267/685/1664 1270/689/1976 1266/675/1973
f 1269/687/1975 1281/678/1981 1264/684/1971
f 1262/679/1650 1263/680/1972 1266/675/1973
f 1255/675/1966 1256/680/1970 1257/679/1652
f 1266/675/1973 1283/677/1984 1254/676/1967
f 1258/678/1969 1279/696/1980 1274/692/1978
f 1258/678/1969 1269/687/1975 1268/688/1645
f 1273/689/1977 1267/685/1664 1265/686/1974
f 1256/680/1970 1284/697/1985 1279/696/1980
f 1281/678/1981 1269/687/1975 1274/692/1978
f 1263/680/1972 1281/678/1981 1280/696/1982
f 1263/680/1972 1282/697/1983 1283/677/1984
f 1256/680/1970 1255/675/1966 1253/677/1968
f 1279/696/1980 1291/700/1992 1285/698/1986
f 1282/697/1983 1288/701/1989 1286/699/1987
f 1280/696/1982 1274/692/1978 1285/698/1986
f 1282/697/1983 1280/696/1982 1287/700/1988
f 1284/697/1985 1253/677/1968 1290/699/1990
f 1284/697/1985 1289/701/1991 1291/700/1992
f 1253/677/1968 1254/676/1967 1292/702/1993
f 1283/677/1984 1286/699/1987 1292/702/1993
f 1287/700/1988 1285/698/1986 1294/703/1994
f 1288/701/1989 1287/700/1988 1293/704/1995
f 1289/701/1991 1290/699/1990 1297/706/1997
f 1289/701/1991 1296/705/1998 1298/704/1999
f 1290/699/1990 1292/702/1993 1299/707/2000
f 1286/699/1987 1300/706/2001 1299/707/2000
f 1291/700/1992 1298/704/1999 1294/703/1994
f 1288/701/1989 1295/705/1996 1300/706/2001
f 1276/710/1649 1273/689/1649 1257/679/1649
f 1302/712/1649 1267/685/1649 1273/689/1649
f 1260/713/1649 1268/688/1649 1264/684/1649
f 1271/710/1649 1272/711/1649 1262/679/1649
f 1278/715/1649 1275/711/1649 1257/679/1649
f 1259/714/1649 1264/684/1649 1262/679/1649
f 1302/712/1649 1271/710/1649 1270/689/1649
f 1260/713/1649 1278/715/1649 1277/684/1649
o item_bladens
v 0.000000 70.710701 -0.000015
v 70.710701 0.000000 0.000000
v -70.710701 0.000000 0.000000
v 0.000000 -70.710602 0.000015
v 0.000000 55.656200 3.999988
v 55.656200 0.000000 4.000000
v -55.656101 0.000000 4.000000
v 0.000000 -55.656101 4.000012
v 0.000000 70.710701 -0.000015
v 70.710701 0.000000 0.000000
v -70.710701 0.000000 0.000000
v 0.000000 -70.710602 0.000015
v 0.000000 55.656200 -4.000012
v 55.656200 -0.000000 -4.000000
v -55.656101 -0.000000 -4.000000
v 0.000000 -55.656101 -3.999988
v 76.933220 -72.330704 29.160013
v 70.764420 -74.256859 28.800013
v 76.933220 -72.330704 28.440012
v -31.466227 36.068802 29.159998
v -35.513706 32.021320 28.799997
v -31.466227 36.068802 28.439997
v 73.276062 -72.593742 29.160013
v 74.548859 -72.169479 28.440012
v -33.426327 34.108700 28.439997
v -33.426327 34.108700 29.159998
v 75.855583 -75.105392 28.800013
v 79.419411 -74.935684 28.800013
v 7.937291 -3.334737 28.440001
v 30.370249 -25.767706 28.440004
v 52.803207 -48.200672 28.440008
v 52.803207 -48.200672 29.160009
v 30.370249 -25.767706 29.160006
v 7.937291 -3.334737 29.160002
v 3.889810 -7.382214 28.800001
v 26.322767 -29.815184 28.800005
v 48.755726 -52.248154 28.800009
v 5.977190 -5.294835 29.160002
v 28.410149 -27.727804 29.160006
v 50.843105 -50.160774 29.160009
v 50.843105 -50.160774 28.440008
v 28.410149 -27.727804 28.440004
v 5.977190 -5.294835 28.440001
v -11.764468 16.367031 29.159998
v -13.724569 14.406932 28.439997
v -11.764468 16.367031 28.439997
v -15.811949 12.319553 28.800003
v -13.724569 14.406932 29.159998
v -31.941401 37.884655 30.179998
v -34.486984 35.339069 31.019997
v -31.941401 37.884655 27.419996
v -34.486984 35.339069 26.579998
v -64.694588 70.637840 30.179991
v -67.240166 68.092255 31.019989
v -64.694588 70.637840 27.419989
v -67.240166 68.092255 26.579990
v -37.032570 32.793484 30.179998
v -37.032570 32.793484 27.419996
v -69.785751 65.546677 27.419989
v -69.785751 65.546677 30.179991
v -29.175201 34.541454 29.519997
v -33.859077 29.857574 29.219995
v -29.175201 34.541454 28.079998
v -33.859077 29.857574 28.379999
v -31.508652 36.874905 29.519997
v -36.192528 32.191029 29.219995
v -31.508652 36.874905 28.079998
v -36.192528 32.191029 28.379999
v -31.517139 32.199516 29.519997
v -31.517139 32.199516 28.079998
v -33.850590 34.532967 28.079998
v -33.850590 34.532967 29.519997
v -29.890547 38.323303 32.578793
v -37.471218 30.742626 32.578793
v -29.890547 38.323296 25.021193
v -37.471218 30.742632 25.021198
v -30.739077 39.171829 32.578793
v -38.319748 31.591152 32.578793
v -30.739077 39.171822 25.021193
v -38.319748 31.591158 25.021198
v -33.659672 34.511753 36.143276
v -33.659672 34.511745 21.456717
v -34.550625 35.402702 21.456717
v -34.550625 35.402710 36.143276
v -26.901487 41.269936 28.799992
v -40.417858 27.753565 28.799997
v -27.792440 42.160892 28.799992
v -41.308811 28.644522 28.799997
v -34.529411 35.381493 28.799997
v -33.680882 34.532967 28.799997
v -36.614109 31.599737 34.270794
v -36.899063 31.314785 23.329195
v -37.747597 32.163303 23.329195
v -37.462639 32.448269 34.270794
v -30.747656 37.466183 23.329195
v -31.596186 38.314709 23.329189
v -31.596186 38.314716 34.270794
v -30.747656 37.466190 34.270794
v -28.262220 39.951626 31.450792
v -39.948074 29.962828 31.450798
v -39.099545 29.114302 31.450798
v -29.110750 40.800152 31.450792
v -39.099545 29.114302 26.149197
v -29.110750 40.800152 26.149191
v -28.262220 39.951626 26.149191
v -39.948074 29.962828 26.149197
v 20.313547 56.647289 15.102054
v 16.959679 56.260441 12.371332
v 16.844629 59.265606 15.563270
v 17.727289 56.153950 18.524874
v 17.829082 53.146873 15.334671
v 14.402014 55.651760 15.820070
v 20.696951 60.720837 14.659850
v 17.942665 61.699341 17.906630
v 17.513609 57.948219 15.675529
v 17.335167 60.203266 11.918387
v 17.762867 63.954487 14.149608
v 14.578463 61.107029 15.184070
vn 0.2568 -0.0000 0.9665
vn -0.0000 0.2568 0.9665
vn -0.0000 0.1916 0.9815
vn 0.1916 -0.0000 0.9815
vn -0.0000 -0.2568 0.9665
vn -0.0000 -0.1916 0.9815
vn -0.2568 -0.0000 0.9665
vn -0.1916 -0.0000 0.9815
vn -0.0000 0.1916 -0.9815
vn -0.0000 0.2568 -0.9665
vn 0.2568 -0.0000 -0.9665
vn 0.1916 -0.0000 -0.9815
vn -0.0000 -0.2568 -0.9665
vn -0.0000 -0.1916 -0.9815
vn -0.2568 -0.0000 -0.9665
vn -0.1916 -0.0000 -0.9815
vn -0.0856 -0.0856 -0.9926
vn -0.0429 -0.0429 -0.9982
vn -0.7071 0.7071 -0.0000
vn -0.0429 -0.0429 0.9982
vn -0.0685 -0.1111 0.9914
vn -0.0255 -0.0849 0.9961
vn 0.7071 0.7071 -0.0000
vn -0.0000 -0.0000 1.0000
vn 0.0057 -0.0956 0.9954
vn -0.0000 -0.0000 -1.0000
vn 0.0003 -0.1398 0.9902
vn -0.0185 -0.0655 -0.9977
vn -0.0012 -0.0987 -0.9951
vn -0.0072 -0.1296 -0.9915
vn 0.0062 -0.1310 0.9914
vn 0.7150 0.6991 -0.0000
vn 0.7234 0.6904 -0.0000
vn 0.0062 -0.1310 -0.9914
vn -0.0428 -0.0429 -0.9982
vn -0.0856 -0.0856 0.9926
vn -0.0504 -0.0828 -0.9953
vn 0.7071 -0.7071 -0.0000
vn 0.1607 0.1607 -0.9738
vn 0.1607 0.1607 0.9738
vn -0.7071 -0.7071 -0.0000
vn -0.1607 -0.1607 0.9738
vn -0.1607 -0.1607 -0.9738
vn -0.0319 -0.0319 -0.9990
vn -0.0638 -0.0638 -0.9959
vn -0.0638 -0.0638 0.9959
vn -0.0319 -0.0319 0.9990
vn 0.7086 -0.7055 -0.0064
vn -0.5023 -0.5024 -0.7038
vn -0.4855 -0.4855 -0.7271
vn -0.7055 0.7086 0.0064
vn -0.4568 -0.4568 0.7633
vn -0.4479 -0.4479 0.7738
vn 0.4575 0.4575 0.7625
vn 0.4568 0.4568 0.7633
vn -0.4575 -0.4575 0.7625
vn 0.4479 0.4479 0.7738
vn -0.7071 0.7071 -0.0041
vn -0.7051 0.7091 -0.0021
vn 0.0119 0.0119 -0.9999
vn 0.4479 0.4479 -0.7738
vn 0.7072 -0.7070 0.0041
vn 0.7091 -0.7051 0.0021
vn -0.4575 -0.4575 -0.7625
vn -0.5753 -0.5753 -0.5814
vn 0.4575 0.4575 -0.7625
vn 0.5753 0.5753 -0.5814
vn -0.7055 0.7086 -0.0064
vn -0.7049 0.7093 -0.0000
vn 0.7086 -0.7055 0.0064
vn 0.7093 -0.7049 -0.0000
vn -0.7091 0.7051 -0.0021
vn 0.7053 -0.7089 0.0022
vn -0.7086 0.7055 -0.0064
vn -0.7093 0.7049 -0.0000
vn 0.7055 -0.7086 0.0064
vn 0.7049 -0.7093 -0.0000
vn 0.4568 0.4568 -0.7633
vn -0.7086 0.7055 0.0064
vn 0.7091 -0.7051 -0.0021
vn 0.7071 -0.7071 -0.0041
vn 0.7051 -0.7091 -0.0021
vn -0.5753 -0.5753 0.5814
vn 0.5753 0.5753 0.5814
vn 0.7055 -0.7086 -0.0064
vn -0.7051 0.7091 0.0021
vn -0.7070 0.7072 0.0041
vn -0.7089 0.7053 0.0022
vn -0.5024 -0.5024 -0.7038
vn 0.5910 -0.4634 -0.6603
vn 0.4223 0.6675 -0.6132
vn 0.5588 0.6494 0.5158
vn 0.7296 -0.4859 0.4813
vn -0.4034 -0.6722 0.6208
vn -0.5500 -0.6512 -0.5229
vn -0.7463 0.4710 -0.4703
vn -0.6025 0.4539 0.6565
vn 0.6610 0.6570 0.3627
vn 0.6057 -0.4568 0.6515
vn 0.4924 -0.7357 -0.4650
vn 0.5486 0.3803 -0.7446
vn -0.6151 0.4537 -0.6448
vn -0.5028 0.7303 0.4624
vn -0.5390 -0.3842 0.7496
vn -0.6523 -0.6632 -0.3671
vt 0.496340 0.646700
vt 0.487610 0.646700
vt 0.490520 0.645250
vt 0.493430 0.645250
vt 0.496340 0.642340
vt 0.493430 0.643790
vt 0.487610 0.642340
vt 0.490520 0.643790
vt 0.609380 0.628910
vt 0.726560 0.570310
vt 0.843750 0.628910
vt 0.726560 0.687500
vt 0.490190 0.637650
vt 0.487000 0.639250
vt 0.496570 0.639250
vt 0.493380 0.637650
vt 0.496570 0.634460
vt 0.493380 0.636060
vt 0.487000 0.634460
vt 0.490190 0.636060
vt 0.750000 0.699220
vt 0.867190 0.640620
vt 0.984380 0.699220
vt 0.867190 0.757810
vt 0.656360 0.475190
vt 0.778620 0.554790
vt 0.778620 0.475190
vt 0.656360 0.554790
vt 0.778620 0.214330
vt 0.656360 0.125410
vt 0.778620 0.123700
vt 0.893430 0.554790
vt 0.893430 0.475190
vt 0.893430 0.214330
vt 0.893430 0.116840
vt 0.779490 0.099780
vt 0.778620 0.120260
vt 0.666670 0.089540
vt 0.778720 0.120300
vt 0.776010 0.069060
vt 0.656360 0.125380
vt 0.778720 0.123710
vt 0.893430 0.304960
vt 0.778620 0.304960
vt 0.893430 0.395590
vt 0.778620 0.395590
vt 0.656360 0.304960
vt 0.656360 0.214330
vt 0.456220 0.032140
vt 0.533800 0.032140
vt 0.533800 0.531260
vt 0.456220 0.531260
vt 0.378630 0.032140
vt 0.378630 0.531260
vt 0.507380 0.533070
vt 0.507380 0.521120
vt 0.531200 0.533070
vt 0.531200 0.521120
vt 0.531200 0.509170
vt 0.507380 0.509170
vt 0.556320 0.847850
vt 0.472390 0.973030
vt 0.422550 0.942720
vt 0.428920 0.938200
vt 0.400120 0.912420
vt 0.640240 0.973030
vt 0.690080 0.942720
vt 0.683710 0.938200
vt 0.712520 0.906670
vt 0.636250 0.732310
vt 0.683710 0.757490
vt 0.636250 0.963380
vt 0.712520 0.788230
vt 0.737100 0.847850
vt 0.746140 0.847850
vt 0.720320 0.785250
vt 0.375530 0.847850
vt 0.400120 0.788230
vt 0.366500 0.847850
vt 0.392310 0.785250
vt 0.476390 0.963380
vt 0.556320 0.977270
vt 0.476390 0.732310
vt 0.556320 0.718420
vt 0.556320 0.988000
vt 0.720320 0.909610
vt 0.392310 0.915650
vt 0.472390 0.724210
vt 0.556320 0.707690
vt 0.640240 0.724210
vt 0.422550 0.752970
vt 0.428920 0.757490
vt 0.690080 0.752970
vt 0.416780 0.642890
vt 0.417540 0.642890
vt 0.417160 0.644300
vt 0.414500 0.642890
vt 0.415260 0.642890
vt 0.414880 0.644300
vt 0.416020 0.642890
vt 0.415640 0.644300
vt 0.416400 0.644300
vt 0.416400 0.641490
vt 0.417160 0.641490
vt 0.414880 0.641490
vt 0.415640 0.641490
vt 0.656360 0.395590
s 1
f 1305/717/2002 1304/718/2003 1308/719/2004
f 1309/720/2005 1305/717/2002 1308/719/2004
f 1307/721/2006 1305/717/2002 1309/720/2005
f 1311/722/2007 1307/721/2006 1309/720/2005
f 1306/723/2008 1307/721/2006 1311/722/2007
f 1310/724/2009 1306/723/2008 1311/722/2007
f 1304/718/2003 1306/723/2008 1310/724/2009
f 1308/719/2004 1304/718/2003 1310/724/2009
f 1310/725/2009 1311/726/2007 1309/727/2005
f 1308/728/2004 1310/725/2009 1309/727/2005
f 1316/729/2010 1312/730/2011 1313/731/2012
f 1317/732/2013 1316/729/2010 1313/731/2012
f 1317/732/2013 1313/731/2012 1315/733/2014
f 1319/734/2015 1317/732/2013 1315/733/2014
f 1319/734/2015 1315/733/2014 1314/735/2016
f 1318/736/2017 1319/734/2015 1314/735/2016
f 1318/736/2017 1314/735/2016 1312/730/2011
f 1316/729/2010 1318/736/2017 1312/730/2011
f 1317/737/2013 1319/738/2015 1318/739/2017
f 1316/740/2010 1317/737/2013 1318/739/2017
f 1350/741/2018 1328/742/2019 1348/743/2019
f 1328/742/2020 1324/744/2020 1329/742/2020
f 1343/745/2021 1321/746/2022 1326/747/2023
f 1325/748/2024 1347/749/2024 1349/749/2024
f 1335/750/2025 1326/747/2023 1320/751/2026
f 1328/742/2020 1323/748/2020 1325/748/2020
f 1348/743/2019 1325/748/2027 1349/749/2027
f 1320/752/2026 1326/753/2023 1330/754/2028
f 1327/755/2029 1322/752/2030 1330/754/2031
f 1320/752/2026 1330/754/2028 1331/756/2032
f 1326/753/2023 1321/757/2022 1330/754/2028
f 1320/752/2033 1331/756/2034 1322/752/2033
f 1330/754/2031 1322/752/2030 1331/756/2035
f 1327/758/2029 1334/750/2027 1322/751/2030
f 1344/745/2036 1333/759/2027 1334/750/2027
f 1345/760/2019 1332/761/2027 1333/759/2027
f 1351/743/2021 1337/761/2025 1347/749/2025
f 1341/762/2021 1336/759/2025 1337/761/2025
f 1342/760/2021 1335/750/2025 1336/759/2025
f 1334/750/2024 1320/751/2033 1322/751/2033
f 1333/759/2024 1335/750/2024 1334/750/2024
f 1332/761/2024 1336/759/2024 1333/759/2024
f 1350/741/2037 1341/762/2021 1351/743/2021
f 1341/762/2021 1339/763/2037 1342/760/2021
f 1342/760/2021 1340/764/2037 1343/745/2021
f 1321/746/2038 1344/745/2036 1327/758/2029
f 1340/764/2018 1345/760/2019 1344/745/2036
f 1339/763/2018 1346/762/2019 1345/760/2019
f 1321/757/2038 1327/755/2029 1330/754/2031
f 1324/744/2037 1351/743/2021 1329/742/2021
f 1323/748/2025 1351/743/2021 1347/749/2025
f 1332/761/2027 1348/743/2019 1349/749/2027
f 1349/749/2024 1337/761/2024 1332/761/2024
f 1346/762/2019 1350/741/2018 1348/743/2019
f 1353/765/2039 1354/766/2039 1352/766/2039
f 1355/765/2027 1358/767/2040 1354/766/2040
f 1358/767/2020 1357/768/2020 1356/767/2020
f 1357/768/2025 1352/766/2041 1356/767/2041
f 1358/767/2024 1352/766/2024 1354/766/2024
f 1353/765/2039 1361/769/2039 1355/765/2039
f 1361/769/2042 1363/770/2042 1362/770/2042
f 1357/768/2025 1360/769/2043 1353/765/2025
f 1359/768/2027 1361/769/2044 1362/770/2044
f 1359/768/2020 1363/770/2020 1357/768/2020
f 1365/771/2039 1373/772/2039 1372/772/2039
f 1373/772/2045 1371/773/2046 1374/774/2045
f 1371/773/2020 1375/774/2020 1374/774/2020
f 1369/773/2047 1372/772/2048 1375/774/2048
f 1370/775/2024 1364/776/2024 1366/776/2024
f 1367/771/2042 1369/773/2042 1371/773/2042
f 1375/774/2048 1364/776/2025 1368/775/2025
f 1374/774/2020 1368/775/2020 1370/775/2020
f 1373/772/2045 1370/775/2027 1366/776/2027
f 1372/772/2039 1366/776/2039 1364/776/2039
f 1393/777/2039 1406/778/2049 1379/779/2039
f 1379/780/2050 1396/781/2051 1395/781/2051
f 1392/777/2020 1403/782/2052 1381/783/2020
f 1381/784/2053 1394/785/2054 1397/785/2054
f 1405/786/2055 1376/787/2056 1402/786/2055
f 1404/788/2057 1381/784/2053 1403/788/2057
f 1400/789/2058 1384/790/2025 1401/789/2058
f 1392/777/2020 1387/791/2059 1400/792/2060
f 1385/793/2061 1399/794/2062 1398/794/2062
f 1393/777/2039 1385/795/2063 1398/796/2064
f 1409/797/2065 1389/798/2066 1391/798/2066
f 1408/799/2067 1390/800/2068 1388/800/2068
f 1392/777/2020 1409/778/2069 1391/801/2070
f 1393/777/2039 1404/782/2071 1389/801/2072
f 1397/785/2054 1384/790/2025 1387/790/2025
f 1392/777/2020 1397/802/2073 1387/791/2059
f 1395/781/2051 1386/793/2061 1385/793/2061
f 1393/777/2039 1395/803/2074 1385/795/2063
f 1407/804/2075 1392/777/2020 1390/805/2076
f 1402/806/2077 1393/777/2039 1388/805/2078
f 1393/777/2039 1398/796/2064 1378/807/2039
f 1398/794/2062 1382/808/2079 1378/808/2079
f 1392/777/2020 1400/792/2060 1380/809/2020
f 1400/789/2058 1376/787/2056 1380/787/2056
f 1390/805/2076 1392/777/2020 1405/806/2080
f 1376/809/2039 1401/792/2081 1393/777/2039
f 1384/791/2082 1394/802/2083 1393/777/2039
f 1377/783/2039 1404/782/2071 1393/777/2039
f 1401/792/2081 1384/791/2082 1393/777/2039
f 1389/798/2084 1403/788/2057 1391/798/2084
f 1388/800/2085 1405/786/2055 1402/786/2055
f 1392/777/2020 1391/801/2070 1403/782/2052
f 1388/805/2078 1393/777/2039 1408/804/2086
f 1382/807/2020 1399/796/2087 1392/777/2020
f 1386/795/2088 1396/803/2089 1392/777/2020
f 1383/779/2020 1409/778/2069 1392/777/2020
f 1378/808/2079 1407/799/2067 1408/799/2067
f 1383/780/2090 1406/797/2065 1409/797/2065
f 1399/796/2087 1386/795/2088 1392/777/2020
f 1393/777/2039 1389/801/2072 1406/778/2049
f 1394/802/2083 1377/783/2039 1393/777/2039
f 1395/803/2074 1393/777/2039 1379/779/2039
f 1408/804/2086 1393/777/2039 1378/807/2039
f 1402/806/2077 1376/809/2039 1393/777/2039
f 1397/802/2073 1392/777/2020 1381/783/2020
f 1405/806/2080 1392/777/2020 1380/809/2020
f 1407/804/2075 1382/807/2020 1392/777/2020
f 1396/803/2089 1383/779/2020 1392/777/2020
f 1414/810/2091 1411/811/2091 1410/812/2091
f 1411/813/2092 1412/814/2092 1410/815/2092
f 1412/814/2093 1413/816/2093 1410/817/2093
f 1413/816/2094 1414/810/2094 1410/818/2094
f 1415/819/2095 1414/810/2095 1413/816/2095
f 1415/820/2096 1411/811/2096 1414/810/2096
f 1415/821/2097 1412/814/2097 1411/813/2097
f 1415/822/2098 1413/816/2098 1412/814/2098
f 1420/810/2099 1417/811/2099 1416/812/2099
f 1417/813/2100 1418/814/2100 1416/815/2100
f 1418/814/2101 1419/816/2101 1416/817/2101
f 1419/816/2102 1420/810/2102 1416/818/2102
f 1421/819/2103 1420/810/2103 1419/816/2103
f 1421/820/2104 1417/811/2104 1420/810/2104
f 1421/821/2105 1418/814/2105 1417/813/2105
f 1421/822/2106 1419/816/2106 1418/814/2106
f 1350/741/2018 1324/744/2018 1328/742/2019
f 1343/745/2021 1340/764/2037 1321/746/2022
f 1325/748/2024 1323/748/2024 1347/749/2024
f 1335/750/2025 1343/745/2021 1326/747/2023
f 1328/742/2020 1329/742/2020 1323/748/2020
f 1348/743/2019 1328/742/2019 1325/748/2027
f 1327/758/2029 1344/745/2036 1334/750/2027
f 1344/745/2036 1345/760/2019 1333/759/2027
f 1345/760/2019 1346/762/2019 1332/761/2027
f 1351/743/2021 1341/762/2021 1337/761/2025
f 1341/762/2021 1342/760/2021 1336/759/2025
f 1342/760/2021 1343/745/2021 1335/750/2025
f 1334/750/2024 1335/750/2024 1320/751/2033
f 1333/759/2024 1336/759/2024 1335/750/2024
f 1332/761/2024 1337/761/2024 1336/759/2024
f 1350/741/2037 1338/823/2037 1341/762/2021
f 1341/762/2021 1338/823/2037 1339/763/2037
f 1342/760/2021 1339/763/2037 1340/764/2037
f 1321/746/2038 1340/764/2018 1344/745/2036
f 1340/764/2018 1339/763/2018 1345/760/2019
f 1339/763/2018 1338/823/2018 1346/762/2019
f 1324/744/2037 1350/741/2037 1351/743/2021
f 1323/748/2025 1329/742/2021 1351/743/2021
f 1332/761/2027 1346/762/2019 1348/743/2019
f 1349/749/2024 1347/749/2024 1337/761/2024
f 1346/762/2019 1338/823/2018 1350/741/2018
f 1353/765/2039 1355/765/2039 1354/766/2039
f 1355/765/2027 1359/768/2027 1358/767/2040
f 1358/767/2020 1359/768/2020 1357/768/2020
f 1357/768/2025 1353/765/2025 1352/766/2041
f 1358/767/2024 1356/767/2024 1352/766/2024
f 1353/765/2039 1360/769/2039 1361/769/2039
f 1361/769/2042 1360/769/2042 1363/770/2042
f 1357/768/2025 1363/770/2043 1360/769/2043
f 1359/768/2027 1355/765/2027 1361/769/2044
f 1359/768/2020 1362/770/2020 1363/770/2020
f 1365/771/2039 1367/771/2039 1373/772/2039
f 1373/772/2045 1367/771/2046 1371/773/2046
f 1371/773/2020 1369/773/2020 1375/774/2020
f 1369/773/2047 1365/771/2047 1372/772/2048
f 1370/775/2024 1368/775/2024 1364/776/2024
f 1367/771/2042 1365/771/2042 1369/773/2042
f 1375/774/2048 1372/772/2048 1364/776/2025
f 1374/774/2020 1375/774/2020 1368/775/2020
f 1373/772/2045 1374/774/2045 1370/775/2027
f 1372/772/2039 1373/772/2039 1366/776/2039
f 1379/780/2050 1383/780/2090 1396/781/2051
f 1381/784/2053 1377/784/2053 1394/785/2054
f 1405/786/2055 1380/787/2056 1376/787/2056
f 1404/788/2057 1377/784/2053 1381/784/2053
f 1400/789/2058 1387/790/2025 1384/790/2025
f 1385/793/2061 1386/793/2061 1399/794/2062
f 1409/797/2065 1406/797/2065 1389/798/2066
f 1408/799/2067 1407/799/2067 1390/800/2068
f 1397/785/2054 1394/785/2054 1384/790/2025
f 1395/781/2051 1396/781/2051 1386/793/2061
f 1398/794/2062 1399/794/2062 1382/808/2079
f 1400/789/2058 1401/789/2058 1376/787/2056
f 1389/798/2084 1404/788/2057 1403/788/2057
f 1388/800/2085 1390/800/2085 1405/786/2055
f 1378/808/2079 1382/808/2079 1407/799/2067
f 1383/780/2090 1379/780/2050 1406/797/2065
o item_damaged
v -5.951000 -27.676094 15.308606
v -1.127600 -33.495300 15.206209
v 42.820202 6.502703 15.206197
v 37.865799 12.200403 15.308599
v -1.127700 -33.495300 16.555105
v -5.950900 -27.676094 16.452705
v 37.865799 12.200403 16.452700
v 42.820202 6.502605 16.555099
v 3.695500 -39.314400 15.880609
v 47.774502 0.805103 15.880600
v -42.651699 80.013397 15.880583
v -33.127602 80.726303 15.880583
v -37.841202 75.811600 16.555082
v -37.841202 75.811600 15.206182
v -51.311600 77.422798 15.880583
v -47.485100 74.001404 16.452682
v -47.485100 74.001503 15.308583
v -8.435800 39.442101 15.308592
v -2.130400 43.504501 15.206191
v -8.435800 39.442101 16.452688
v -2.130500 43.504601 16.555088
v 4.175200 47.567299 15.880589
v -32.607300 -7.718797 16.452700
v -29.153999 3.117703 16.452700
v -22.282000 0.038103 16.555099
v -24.850201 -8.020797 16.555099
v -17.092899 -8.322797 15.880603
v -15.409900 -3.041297 15.880600
v -22.281900 0.038203 15.206200
v -24.850100 -8.020700 15.206203
v -29.153999 3.117803 15.308600
v -32.607300 -7.718797 15.308603
v -56.299702 9.645903 16.555099
v -48.492401 -0.307497 16.555099
v -55.002899 -4.131397 16.452700
v -62.818199 5.832305 16.452700
v -49.781101 13.459503 15.880597
v -41.982101 3.516603 15.880600
v -56.299599 9.645903 15.206197
v -48.492500 -0.307297 15.206200
v -62.818199 5.832303 15.308600
v -55.002800 -4.131497 15.308600
v 20.230400 19.849905 15.206194
v 12.789900 16.988205 15.308599
v 12.789900 16.988205 16.452694
v 20.230400 19.849905 16.555094
v 27.671101 22.711706 15.880594
v 31.160200 62.730900 16.555088
v 25.285299 48.283699 16.555088
v 19.032801 52.480801 16.452688
v 25.472401 68.316498 16.452682
v 36.848099 57.145100 15.880586
v 31.537800 44.086800 15.880591
v 31.160200 62.730900 15.206185
v 25.285299 48.283699 15.206188
v 25.472500 68.316498 15.308586
v 19.032801 52.480801 15.308589
v -32.939201 37.802299 16.555094
v -26.043501 41.135201 15.880591
v -17.739500 30.548306 15.880594
v -24.258101 26.734705 16.555094
v -32.939098 37.802299 15.206191
v -24.257999 26.734806 15.206194
v -39.834801 34.469398 15.308592
v -30.776600 22.921206 15.308596
v -39.834801 34.469398 16.452694
v -30.776600 22.921106 16.452694
v 53.761101 30.418106 15.206194
v 46.232800 29.010105 15.880594
v 53.745098 11.232303 15.880597
v 59.833000 16.049505 15.206197
v 53.761101 30.418106 16.555094
v 59.833099 16.049505 16.555094
v 61.289398 31.826206 16.452694
v 65.920898 20.866405 16.452694
v 61.289299 31.826305 15.308592
v 65.920799 20.866405 15.308596
v -1.913900 -34.381802 15.698408
v -1.913900 -34.381790 28.069805
v -9.087500 -25.710194 26.412405
v -14.339000 -19.362095 21.884205
v -16.261200 -17.038595 15.698400
v -14.339000 -19.362101 9.512706
v -9.087500 -25.710199 4.984406
v -1.913900 -34.381802 3.327009
v 5.259800 -43.053398 4.984409
v 10.511300 -49.401402 9.512712
v 12.433400 -51.724998 15.698411
v 10.511300 -49.401402 21.884111
v 5.259800 -43.053387 26.412411
v -3.134900 -35.391899 15.698408
v -10.308600 -26.720295 26.412405
v -3.134900 -35.391888 28.069805
v -15.560100 -20.372293 21.884205
v -17.482300 -18.048695 15.698400
v -15.560100 -20.372299 9.512706
v -10.308600 -26.720301 4.984406
v -3.134900 -35.391899 3.327009
v 4.038700 -44.063499 4.984409
v 9.290200 -50.411598 9.512712
v 11.212400 -52.735100 15.698411
v 9.290200 -50.411598 21.884111
v 4.038700 -44.063488 26.412411
v -10.308600 -26.720295 26.412405
v -9.087500 -25.710194 26.412405
v -1.913900 -34.381790 28.069805
v -3.134900 -35.391888 28.069805
v -15.560100 -20.372293 21.884205
v -14.339000 -19.362095 21.884205
v -17.482300 -18.048695 15.698400
v -16.261200 -17.038595 15.698400
v -15.560100 -20.372299 9.512706
v -14.339000 -19.362101 9.512706
v -10.308600 -26.720301 4.984406
v -9.087500 -25.710199 4.984406
v -3.134900 -35.391899 3.327009
v -1.913900 -34.381802 3.327009
v 4.038700 -44.063499 4.984409
v 5.259800 -43.053398 4.984409
v 9.290200 -50.411598 9.512712
v 10.511300 -49.401402 9.512712
v 11.212400 -52.735100 15.698411
v 12.433400 -51.724998 15.698411
v 9.290200 -50.411598 21.884111
v 10.511300 -49.401402 21.884111
v 4.038700 -44.063488 26.412411
v 5.259800 -43.053387 26.412411
v -4.251100 -24.526194 17.047205
v -9.608900 -29.096294 17.047205
v -9.608900 -29.096294 14.349706
v -4.251100 -24.526194 14.349706
v 6.602200 -37.645802 14.811409
v 1.244400 -42.215900 14.811409
v 1.244400 -42.215900 16.585512
v 6.602200 -37.645802 16.585506
v 1.480100 -31.454195 14.108505
v -3.877700 -36.024200 14.108508
v 1.480100 -31.454195 17.288406
v -3.877700 -36.024200 17.288406
v -57.946999 -69.485497 18.478117
v -57.946999 -69.485497 12.918818
v -11.430600 -28.489395 12.918806
v -11.430600 -28.489395 18.478106
v -46.878700 -82.864998 12.918820
v -46.878700 -82.864998 18.478117
v 1.118400 -43.658699 18.478111
v 1.118400 -43.658699 12.918809
v -9.773600 -27.118694 18.478106
v -9.773600 -27.118694 12.918806
v 2.775300 -42.287998 12.918809
v 2.775300 -42.287998 18.478111
v -52.412899 -76.175301 11.322217
v -4.641000 -36.696701 11.322208
v -52.412899 -76.175301 20.074617
v -4.641000 -36.696701 20.074606
v -2.984100 -35.326000 11.322208
v -2.984100 -35.326000 20.074606
v 0.000000 55.656200 -4.000012
v 0.000000 70.710701 -0.000015
v -70.710701 0.000000 0.000000
v -55.656200 -0.000000 -4.000000
v 0.000000 -70.710602 0.000015
v 0.000000 -55.656101 -3.999988
v 70.710701 0.000000 0.000000
v 55.656101 -0.000000 -4.000000
v -70.710701 0.000000 0.000000
v 0.000000 70.710701 -0.000015
v 0.000000 55.656200 3.999988
v -55.656200 0.000000 4.000000
v 0.000000 -70.710602 0.000015
v 0.000000 -55.656101 4.000012
v 70.710701 0.000000 0.000000
v 55.656101 0.000000 4.000000
vn 0.0249 -0.0274 -0.9993
vn 0.0264 -0.0290 -0.9992
vn -0.0091 0.0100 -0.9999
vn -0.0091 0.0100 0.9999
vn 0.0264 -0.0290 0.9992
vn 0.0249 -0.0274 0.9993
vn -0.6731 0.7396 0.0001
vn -0.6731 0.7396 -0.0000
vn 0.0599 -0.0658 0.9960
vn 0.0599 -0.0658 -0.9960
vn 0.0053 0.0696 0.9976
vn 0.0415 0.0966 0.9945
vn -0.0280 0.1287 0.9913
vn 0.0415 0.0966 -0.9945
vn 0.0053 0.0696 -0.9976
vn -0.0280 0.1286 -0.9913
vn -0.6646 -0.7472 -0.0001
vn -0.6665 -0.7455 -0.0001
vn -0.0281 0.0847 -0.9960
vn -0.0372 0.1242 -0.9916
vn -0.0281 0.0847 0.9960
vn -0.0372 0.1242 0.9916
vn 0.0280 0.0291 -0.9992
vn -0.0097 -0.0100 -0.9999
vn -0.0097 -0.0100 0.9999
vn 0.0280 0.0291 0.9992
vn -0.6954 -0.7186 -0.0000
vn 0.0646 0.0654 0.9958
vn 0.0646 0.0654 -0.9958
vn 0.0328 -0.0104 0.9994
vn -0.0130 0.0042 0.9999
vn 0.0278 -0.0089 0.9996
vn 0.0328 -0.0104 -0.9994
vn 0.0855 -0.0273 -0.9960
vn 0.0278 -0.0089 -0.9996
vn 0.0855 -0.0273 0.9960
vn -0.0130 0.0042 -0.9999
vn -0.9528 0.3036 -0.0000
vn -0.0108 -0.0084 0.9999
vn 0.0334 0.0262 0.9991
vn 0.0265 0.0208 0.9994
vn 0.0706 0.0554 0.9960
vn 0.0706 0.0554 -0.9960
vn 0.0334 0.0262 -0.9991
vn 0.0265 0.0208 -0.9994
vn -0.0108 -0.0084 -0.9999
vn -0.7868 -0.6172 -0.0000
vn 0.0376 0.0355 -0.9987
vn -0.0101 -0.0095 -0.9999
vn -0.0101 -0.0095 0.9999
vn 0.0376 0.0355 0.9987
vn -0.7267 -0.6870 -0.0000
vn 0.0662 0.0626 0.9958
vn 0.0662 0.0626 -0.9958
vn -0.0129 0.0052 0.9999
vn 0.0422 -0.0171 0.9990
vn 0.0237 -0.0097 0.9997
vn 0.0844 -0.0343 0.9958
vn 0.0844 -0.0343 -0.9958
vn 0.0421 -0.0171 -0.9990
vn 0.0237 -0.0097 -0.9997
vn -0.0129 0.0052 -0.9999
vn -0.9263 0.3767 -0.0000
vn -0.9263 0.3767 -0.0001
vn 0.0244 0.0192 0.9995
vn 0.0335 0.0263 0.9991
vn 0.0244 0.0191 0.9995
vn 0.0335 0.0263 -0.9991
vn 0.0244 0.0192 -0.9995
vn 0.0244 0.0191 -0.9995
vn -0.7868 -0.6172 -0.0001
vn -0.0827 -0.0349 -0.9960
vn -0.0416 -0.0176 -0.9990
vn -0.0433 -0.0183 -0.9989
vn -0.0432 -0.0183 0.9989
vn -0.0416 -0.0176 0.9990
vn -0.0827 -0.0349 0.9960
vn -0.0433 -0.0183 0.9989
vn 0.0126 0.0053 0.9999
vn 0.0126 0.0053 -0.9999
vn -0.0432 -0.0183 -0.9989
vn 0.9211 0.3893 -0.0001
vn 0.9211 0.3893 -0.0000
vn 0.7705 0.6374 -0.0000
vn -0.7705 -0.6374 -0.0000
vn -0.0000 -0.0000 1.0000
vn -0.2032 0.2456 0.9478
vn -0.4616 0.5580 0.6896
vn -0.6374 0.7705 -0.0000
vn -0.4616 0.5580 -0.6896
vn -0.2032 0.2456 -0.9478
vn -0.0000 -0.0000 -1.0000
vn 0.2032 -0.2456 -0.9478
vn 0.4616 -0.5580 -0.6896
vn 0.6374 -0.7705 -0.0000
vn 0.4616 -0.5580 0.6896
vn 0.2032 -0.2456 0.9478
vn -0.6490 0.7608 -0.0000
vn 0.6490 -0.7608 -0.0000
vn 0.0566 -0.0663 -0.9962
vn 0.0200 -0.0234 -0.9995
vn 0.0193 -0.0226 -0.9996
vn -0.0174 0.0204 -0.9996
vn -0.0174 0.0204 0.9996
vn 0.0200 -0.0234 0.9995
vn 0.0193 -0.0226 0.9996
vn 0.0566 -0.0663 0.9962
vn -0.6494 0.7605 -0.0000
vn -0.6612 0.7502 -0.0000
vn 0.6350 -0.7725 -0.0000
vn 0.6326 -0.7745 -0.0000
vn 0.0070 -0.0105 -0.9999
vn -0.1134 0.1364 -0.9841
vn -0.0963 0.1128 -0.9889
vn 0.1105 -0.1344 -0.9847
vn 0.1147 -0.1390 -0.9836
vn -0.1134 0.1364 0.9841
vn -0.0006 -0.0000 1.0000
vn 0.0070 -0.0102 0.9999
vn -0.0962 0.1127 0.9890
vn 0.1144 -0.1401 0.9835
vn 0.1110 -0.1344 0.9847
vn 0.0083 -0.0101 -0.9999
vn 0.1109 -0.1341 -0.9847
vn -0.0945 0.1142 -0.9890
vn 0.0083 -0.0101 0.9999
vn -0.0945 0.1142 0.9890
vn 0.1109 -0.1341 0.9847
vn -0.2568 -0.0000 -0.9665
vn -0.0000 0.2568 -0.9665
vn -0.0000 0.1916 -0.9815
vn -0.1916 -0.0000 -0.9815
vn -0.0000 -0.2568 -0.9665
vn -0.0000 -0.1916 -0.9815
vn 0.2568 -0.0000 -0.9665
vn 0.1916 -0.0000 -0.9815
vn -0.0000 0.1916 0.9815
vn -0.0000 0.2568 0.9665
vn -0.2568 -0.0000 0.9665
vn -0.1916 -0.0000 0.9815
vn -0.0000 -0.2568 0.9665
vn -0.0000 -0.1916 0.9815
vn 0.2568 -0.0000 0.9665
vn 0.1916 -0.0000 0.9815
vt 0.774520 0.424540
vt 0.774520 0.553310
vt 0.892540 0.553310
vt 0.892540 0.424540
vt 0.656500 0.553310
vt 0.656500 0.424540
vt 0.776000 0.073890
vt 0.656500 0.154110
vt 0.656500 0.115480
vt 0.774520 0.076850
vt 0.774520 0.063970
vt 0.686000 0.063970
vt 0.774520 0.231380
vt 0.892540 0.231380
vt 0.892540 0.076850
vt 0.656500 0.231380
vt 0.774520 0.321520
vt 0.892540 0.321520
vt 0.892540 0.344670
vt 0.774520 0.338680
vt 0.656500 0.321520
vt 0.656500 0.332730
vt 0.774520 0.398870
vt 0.892540 0.398760
vt 0.656500 0.398980
vt 0.774520 0.292320
vt 0.892540 0.289410
vt 0.656500 0.295210
vt 0.656500 0.371770
vt 0.774520 0.370330
vt 0.892540 0.368890
vt 0.725960 0.778420
vt 0.752030 0.847860
vt 0.557420 0.847860
vt 0.654720 0.727580
vt 0.557420 0.708970
vt 0.460110 0.727580
vt 0.388880 0.778420
vt 0.362800 0.847860
vt 0.388880 0.917310
vt 0.460110 0.968150
vt 0.557420 0.986760
vt 0.654720 0.968150
vt 0.725960 0.917310
vt 0.735240 0.846270
vt 0.711430 0.782850
vt 0.646380 0.736430
vt 0.557530 0.719440
vt 0.468670 0.736430
vt 0.403620 0.782850
vt 0.379810 0.846270
vt 0.403620 0.909690
vt 0.468670 0.956110
vt 0.557530 0.973100
vt 0.646380 0.956110
vt 0.711430 0.909690
vt 0.499040 0.510060
vt 0.498810 0.507860
vt 0.514440 0.507860
vt 0.514700 0.510060
vt 0.498820 0.519830
vt 0.498970 0.521290
vt 0.514500 0.521280
vt 0.514330 0.519830
vt 0.499040 0.516070
vt 0.514650 0.516070
vt 0.498780 0.513470
vt 0.514340 0.513470
vt 0.521080 0.066200
vt 0.508660 0.519940
vt 0.394830 0.066200
vt 0.397300 0.519940
vt 0.217290 0.127040
vt 0.171250 0.127040
vt 0.171250 0.068340
vt 0.217290 0.068340
vt 0.078150 0.127040
vt 0.124190 0.127040
vt 0.124190 0.068340
vt 0.078150 0.068340
vt 0.452780 0.066200
vt 0.452980 0.519940
vt 0.166780 0.127040
vt 0.166780 0.068340
vt 0.216980 0.127040
vt 0.216980 0.068340
vt 0.121040 0.127040
vt 0.121040 0.068340
vt 0.078460 0.127040
vt 0.078460 0.068340
vt 0.496340 0.646700
vt 0.487610 0.646700
vt 0.490520 0.645250
vt 0.493430 0.645250
vt 0.496340 0.642340
vt 0.493430 0.643790
vt 0.487610 0.642340
vt 0.490520 0.643790
vt 0.609380 0.628910
vt 0.726560 0.570310
vt 0.843750 0.628910
vt 0.726560 0.687500
vt 0.490190 0.637650
vt 0.487000 0.639250
vt 0.496570 0.639250
vt 0.493380 0.637650
vt 0.496570 0.634460
vt 0.493380 0.636060
vt 0.487000 0.634460
vt 0.490190 0.636060
vt 0.750000 0.699220
vt 0.867190 0.640620
vt 0.984380 0.699220
vt 0.867190 0.757810
s 1
f 1424/824/2107 1423/825/2108 1422/826/2109
f 1425/827/2109 1424/824/2107 1422/826/2109
f 1428/827/2110 1427/826/2110 1426/825/2111
f 1429/824/2112 1428/827/2110 1426/825/2111
f 1425/827/2113 1422/826/2113 1427/826/2113
f 1428/827/2114 1425/827/2114 1427/826/2114
f 1429/824/2112 1426/825/2111 1430/828/2115
f 1431/829/2115 1429/824/2112 1430/828/2115
f 1431/829/2116 1430/828/2116 1423/825/2108
f 1424/824/2107 1431/829/2116 1423/825/2108
f 1434/830/2117 1433/831/2118 1432/832/2119
f 1433/831/2120 1435/833/2121 1432/832/2122
f 1438/834/2123 1437/834/2123 1436/835/2124
f 1438/834/2125 1436/835/2126 1432/832/2122
f 1435/833/2121 1438/834/2125 1432/832/2122
f 1437/834/2127 1434/830/2117 1432/832/2119
f 1436/835/2128 1437/834/2127 1432/832/2119
f 1435/833/2121 1440/836/2129 1439/837/2130
f 1438/838/2125 1435/833/2121 1439/837/2130
f 1434/830/2117 1437/838/2127 1441/837/2131
f 1442/836/2132 1434/830/2117 1441/837/2131
f 1437/838/2123 1438/838/2123 1439/837/2133
f 1441/837/2133 1437/838/2123 1439/837/2133
f 1434/830/2117 1442/836/2132 1443/839/2134
f 1433/831/2118 1434/830/2117 1443/839/2134
f 1435/833/2121 1433/831/2120 1443/839/2135
f 1440/836/2129 1435/833/2121 1443/839/2135
f 1446/840/2136 1445/841/2137 1444/842/2137
f 1447/843/2138 1446/840/2136 1444/842/2137
f 1450/840/2139 1449/844/2140 1448/845/2140
f 1451/843/2141 1450/840/2139 1448/845/2140
f 1449/844/2142 1446/840/2136 1447/843/2138
f 1448/845/2142 1449/844/2142 1447/843/2138
f 1452/841/2143 1450/840/2139 1451/843/2141
f 1453/842/2143 1452/841/2143 1451/843/2141
f 1445/841/2144 1452/841/2144 1453/842/2144
f 1444/842/2144 1445/841/2144 1453/842/2144
f 1456/827/2145 1455/824/2146 1454/846/2147
f 1457/847/2145 1456/827/2145 1454/846/2147
f 1455/824/2146 1459/829/2148 1458/848/2148
f 1454/846/2147 1455/824/2146 1458/848/2148
f 1459/829/2149 1461/824/2150 1460/846/2151
f 1458/848/2149 1459/829/2149 1460/846/2151
f 1461/824/2150 1463/827/2152 1462/847/2152
f 1460/846/2151 1461/824/2150 1462/847/2152
f 1463/827/2153 1456/827/2153 1457/847/2153
f 1462/847/2153 1463/827/2153 1457/847/2153
f 1439/837/2130 1440/836/2129 1464/849/2154
f 1465/850/2155 1439/837/2130 1464/849/2154
f 1442/836/2132 1441/837/2131 1466/850/2156
f 1467/849/2157 1442/836/2132 1466/850/2156
f 1441/837/2133 1439/837/2133 1465/850/2158
f 1466/850/2158 1441/837/2133 1465/850/2158
f 1443/839/2134 1442/836/2132 1467/849/2157
f 1468/851/2159 1443/839/2134 1467/849/2157
f 1440/836/2129 1443/839/2135 1468/851/2160
f 1464/849/2154 1440/836/2129 1468/851/2160
f 1471/841/2161 1470/840/2162 1469/849/2163
f 1472/850/2161 1471/841/2161 1469/849/2163
f 1470/840/2162 1474/844/2164 1473/851/2164
f 1469/849/2163 1470/840/2162 1473/851/2164
f 1474/844/2165 1476/840/2166 1475/849/2167
f 1473/851/2165 1474/844/2165 1475/849/2167
f 1476/840/2166 1478/841/2168 1477/850/2168
f 1475/849/2167 1476/840/2166 1477/850/2168
f 1478/841/2169 1471/841/2169 1472/850/2170
f 1477/850/2170 1478/841/2169 1472/850/2170
f 1481/848/2148 1480/852/2148 1479/853/2171
f 1482/846/2172 1481/848/2148 1479/853/2173
f 1484/846/2174 1483/853/2175 1480/852/2149
f 1481/848/2149 1484/846/2174 1480/852/2149
f 1486/847/2152 1485/854/2152 1483/853/2176
f 1484/846/2174 1486/847/2152 1483/853/2175
f 1482/846/2172 1479/853/2173 1487/854/2145
f 1488/847/2145 1482/846/2172 1487/854/2145
f 1485/854/2177 1486/847/2177 1488/847/2177
f 1487/854/2153 1485/854/2153 1488/847/2153
f 1491/845/2178 1490/852/2178 1489/853/2179
f 1492/843/2180 1491/845/2178 1489/853/2179
f 1494/843/2181 1493/853/2182 1490/852/2183
f 1491/845/2183 1494/843/2184 1490/852/2183
f 1496/842/2185 1495/854/2185 1493/853/2182
f 1494/843/2181 1496/842/2185 1493/853/2182
f 1492/843/2180 1489/853/2179 1497/854/2186
f 1498/842/2186 1492/843/2187 1497/854/2186
f 1495/854/2188 1496/842/2188 1498/842/2188
f 1497/854/2189 1495/854/2189 1498/842/2189
f 1501/855/2190 1500/856/2190 1499/857/2190
f 1502/858/2190 1501/855/2190 1499/857/2190
f 1503/859/2190 1502/858/2190 1499/857/2190
f 1504/860/2190 1503/859/2190 1499/857/2190
f 1505/861/2190 1504/860/2190 1499/857/2190
f 1506/862/2190 1505/861/2190 1499/857/2190
f 1507/863/2190 1506/862/2190 1499/857/2190
f 1508/864/2190 1507/863/2190 1499/857/2190
f 1509/865/2190 1508/864/2190 1499/857/2190
f 1510/866/2190 1509/865/2190 1499/857/2190
f 1511/867/2190 1510/866/2190 1499/857/2190
f 1500/856/2190 1511/867/2190 1499/857/2190
f 1514/856/2191 1513/855/2191 1512/857/2191
f 1513/855/2191 1515/858/2191 1512/857/2191
f 1515/858/2191 1516/859/2191 1512/857/2191
f 1516/859/2191 1517/860/2191 1512/857/2191
f 1517/860/2191 1518/861/2191 1512/857/2191
f 1518/861/2191 1519/862/2191 1512/857/2191
f 1519/862/2191 1520/863/2191 1512/857/2191
f 1520/863/2191 1521/864/2191 1512/857/2191
f 1521/864/2191 1522/865/2191 1512/857/2191
f 1522/865/2191 1523/866/2191 1512/857/2191
f 1523/866/2191 1524/867/2191 1512/857/2191
f 1524/867/2191 1514/856/2191 1512/857/2191
f 1527/868/2192 1526/869/2193 1525/869/2193
f 1528/868/2192 1527/868/2192 1525/869/2193
f 1526/869/2193 1530/870/2194 1529/870/2194
f 1525/869/2193 1526/869/2193 1529/870/2194
f 1530/870/2194 1532/871/2195 1531/871/2195
f 1529/870/2194 1530/870/2194 1531/871/2195
f 1532/871/2195 1534/872/2196 1533/872/2196
f 1531/871/2195 1532/871/2195 1533/872/2196
f 1534/872/2196 1536/873/2197 1535/873/2197
f 1533/872/2196 1534/872/2196 1535/873/2197
f 1536/873/2197 1538/874/2198 1537/874/2198
f 1535/873/2197 1536/873/2197 1537/874/2198
f 1538/874/2198 1540/875/2199 1539/875/2199
f 1537/874/2198 1538/874/2198 1539/875/2199
f 1540/875/2199 1542/876/2200 1541/876/2200
f 1539/875/2199 1540/875/2199 1541/876/2200
f 1542/876/2200 1544/877/2201 1543/877/2201
f 1541/876/2200 1542/876/2200 1543/877/2201
f 1544/877/2201 1546/878/2202 1545/878/2202
f 1543/877/2201 1544/877/2201 1545/878/2202
f 1546/878/2202 1548/879/2203 1547/879/2203
f 1545/878/2202 1546/878/2202 1547/879/2203
f 1548/879/2203 1527/868/2192 1528/868/2192
f 1547/879/2203 1548/879/2203 1528/868/2192
f 1551/880/2204 1550/881/2204 1549/882/2204
f 1552/883/2204 1551/880/2204 1549/882/2204
f 1555/884/2205 1554/885/2205 1553/886/2205
f 1556/887/2205 1555/884/2205 1553/886/2205
f 1554/885/2206 1558/888/2207 1557/889/2208
f 1553/886/2206 1554/885/2206 1557/889/2208
f 1558/888/2207 1551/880/2209 1552/883/2209
f 1557/889/2208 1558/888/2207 1552/883/2209
f 1550/881/2210 1560/890/2211 1559/891/2212
f 1549/882/2210 1550/881/2210 1559/891/2212
f 1560/890/2211 1555/884/2213 1556/887/2213
f 1559/891/2212 1560/890/2211 1556/887/2213
f 1556/887/2190 1553/886/2190 1557/889/2190
f 1552/883/2190 1556/887/2190 1557/889/2190
f 1559/891/2190 1556/887/2190 1552/883/2190
f 1549/882/2190 1559/891/2190 1552/883/2190
f 1563/892/2214 1562/893/2215 1561/893/2215
f 1564/892/2214 1563/892/2214 1561/893/2215
f 1567/894/2216 1566/895/2217 1565/895/2217
f 1568/894/2216 1567/894/2216 1565/895/2217
f 1563/896/2214 1564/897/2214 1569/898/2195
f 1570/899/2195 1563/896/2214 1569/898/2195
f 1567/900/2216 1568/901/2216 1571/902/2201
f 1572/903/2201 1567/900/2216 1571/902/2201
f 1574/904/2218 1573/905/2198 1562/893/2219
f 1563/892/2220 1574/904/2218 1562/893/2219
f 1574/904/2218 1568/894/2221 1565/895/2222
f 1573/905/2198 1574/904/2218 1565/895/2222
f 1562/893/2191 1573/905/2191 1575/905/2191
f 1561/893/2191 1562/893/2191 1575/905/2191
f 1573/905/2191 1565/895/2191 1566/895/2191
f 1575/905/2191 1573/905/2191 1566/895/2191
f 1561/893/2223 1575/905/2224 1576/904/2225
f 1564/892/2226 1561/893/2223 1576/904/2225
f 1575/905/2224 1566/895/2227 1567/894/2228
f 1576/904/2225 1575/905/2224 1567/894/2228
f 1568/901/2221 1574/906/2218 1577/907/2229
f 1571/902/2230 1568/901/2221 1577/907/2229
f 1574/906/2218 1563/908/2220 1570/909/2231
f 1577/907/2229 1574/906/2218 1570/909/2231
f 1564/897/2226 1576/910/2225 1578/911/2232
f 1569/898/2233 1564/897/2226 1578/911/2232
f 1576/910/2225 1567/912/2228 1572/913/2234
f 1578/911/2232 1576/910/2225 1572/913/2234
f 1581/914/2235 1580/915/2236 1579/916/2237
f 1582/917/2238 1581/914/2235 1579/916/2237
f 1583/918/2239 1581/914/2235 1582/917/2238
f 1584/919/2240 1583/918/2239 1582/917/2238
f 1585/920/2241 1583/918/2239 1584/919/2240
f 1586/921/2242 1585/920/2241 1584/919/2240
f 1580/915/2236 1585/920/2241 1586/921/2242
f 1579/916/2237 1580/915/2236 1586/921/2242
f 1586/922/2242 1584/923/2240 1582/924/2238
f 1579/925/2237 1586/922/2242 1582/924/2238
f 1589/926/2243 1588/927/2244 1587/928/2245
f 1590/929/2246 1589/926/2243 1587/928/2245
f 1590/929/2246 1587/928/2245 1591/930/2247
f 1592/931/2248 1590/929/2246 1591/930/2247
f 1592/931/2248 1591/930/2247 1593/932/2249
f 1594/933/2250 1592/931/2248 1593/932/2249
f 1594/933/2250 1593/932/2249 1588/927/2244
f 1589/926/2243 1594/933/2250 1588/927/2244
f 1590/934/2246 1592/935/2248 1594/936/2250
f 1589/937/2243 1590/934/2246 1594/936/2250
o sheath
v -14.463890 2.652298 -4.601990
v -15.639965 7.864089 -3.609950
v -15.627354 2.617855 -4.813291
v -14.474659 7.668323 -3.451472
v -15.614742 -2.628375 -3.609947
v -14.453121 -2.363644 -3.451470
v -14.449574 -4.035678 0.000000
v -15.610500 -4.377174 0.000000
v -15.614742 -2.628375 3.609949
v -14.453121 -2.363642 3.451472
v -14.463890 2.652300 4.601989
v -15.627354 2.617857 4.813290
v -14.474659 7.668324 3.451469
v -15.639965 7.864089 3.609946
v -14.478329 9.340278 -0.000002
v -15.644211 9.612806 -0.000002
v -16.888058 9.268937 -0.000002
v -16.884502 7.596901 -3.451472
v -16.873737 2.580876 -4.601990
v -16.862858 -2.435066 -3.451470
v -16.859303 -4.107100 0.000000
v -16.862858 -2.435065 3.451472
v -16.873737 2.580879 4.601989
v -16.884502 7.596902 3.451469
v -17.254471 2.671015 -4.601990
v -18.432766 7.882820 -3.609950
v -18.420036 2.636587 -4.813291
v -17.265354 7.687041 -3.451472
v -18.407310 -2.609645 -3.609947
v -17.243473 -2.344928 -3.451470
v -17.239925 -4.016963 0.000000
v -18.402950 -4.358444 0.000000
v -17.243473 -2.344927 3.451472
v -18.407310 -2.609644 3.609949
v -17.254471 2.671017 4.601989
v -18.420036 2.636590 4.813290
v -18.432766 7.882821 3.609946
v -17.265354 7.687042 3.451469
v -17.269024 9.358995 -0.000002
v -18.437130 9.631539 -0.000002
v -19.683189 9.287684 -0.000002
v -19.679520 7.615647 -3.451472
v -19.668636 2.599622 -4.601990
v -19.657642 -2.416321 -3.451470
v -19.654087 -4.088356 0.000000
v -19.657642 -2.416320 3.451472
v -19.668636 2.599625 4.601989
v -19.679520 7.615648 3.451469
v -320.339081 -1.925350 -3.089875
v -320.339081 -3.491844 0.040698
v -316.370026 -2.410594 -3.437715
v -316.370026 2.441848 -4.476722
v -10.752796 2.441848 -4.476722
v -316.370026 7.294291 -3.437716
v -10.752800 6.522325 0.985787
v -10.752796 7.756762 0.040696
v -10.752796 2.441849 0.040697
v -10.752796 2.441849 4.558117
v -316.370026 2.441849 4.558117
v -10.752796 7.294291 3.519111
v -316.370026 -4.151142 0.040698
v -316.370026 -2.410594 3.519112
v -10.752800 -4.151143 0.040698
v -10.752796 9.034840 0.040696
v -316.370026 9.034840 0.040696
v -10.752796 -2.410594 3.519112
v -10.752792 -1.638627 0.985788
v -10.752796 2.441849 1.320505
v -10.752796 -2.410593 -3.437715
v -320.339111 8.375541 0.040696
v -10.752796 2.441849 -1.239111
v -10.752792 -1.638626 -0.904393
v -10.752796 7.294291 -3.437716
v -10.752800 6.522325 -0.904394
v -320.339081 6.809046 -3.089877
v -320.339081 6.809047 3.171269
v -316.370026 7.294291 3.519111
v -320.339081 2.441849 4.106375
v -320.339081 -1.925348 3.171271
v -320.339081 2.441848 -4.024981
v -321.973358 7.056942 0.040696
v -321.973419 -0.954860 2.475588
v -321.973358 5.838558 2.475587
v -321.973419 2.441849 3.202891
v -321.973419 2.441848 -3.121497
v -321.973419 -0.954861 -2.394192
v -321.973358 5.838558 -2.394193
v -321.973419 -2.173245 0.040698
v -323.490967 3.800532 1.014653
v -323.490997 4.287886 0.040697
v -323.490967 2.441849 1.305575
v -323.490967 2.441849 -1.224180
v -323.490997 1.083165 -0.933258
v -323.490967 3.800532 -0.933259
v -323.490967 0.595811 0.040697
v -323.490997 1.083165 1.014653
v -323.607697 2.441849 0.040697
v -10.752792 -2.873065 0.040698
vn 0.0055 0.0001 -1.0000
vn -0.0101 0.6404 -0.7680
vn 0.1785 0.0063 -0.9839
vn 0.2056 0.5943 -0.7775
vn 0.0231 -0.6401 -0.7680
vn 0.2378 -0.5743 -0.7834
vn 0.2822 -0.9594 -0.0000
vn 0.0316 -0.9995 -0.0000
vn 0.0231 -0.6401 0.7680
vn 0.2378 -0.5743 0.7834
vn 0.1785 0.0063 0.9839
vn 0.0055 -0.0000 1.0000
vn 0.2056 0.5943 0.7775
vn -0.0101 0.6404 0.7680
vn 0.2276 0.9737 -0.0000
vn -0.0173 0.9998 -0.0000
vn -0.2665 0.9638 -0.0000
vn -0.2240 0.5779 -0.7848
vn -0.1670 -0.0063 -0.9859
vn -0.1914 -0.5976 -0.7786
vn -0.2114 -0.9774 -0.0000
vn -0.1914 -0.5976 0.7786
vn -0.1670 -0.0063 0.9859
vn -0.2240 0.5779 0.7848
vn 0.1782 0.0063 -0.9840
vn 0.2052 0.5944 -0.7776
vn 0.0230 -0.6400 -0.7680
vn 0.2373 -0.5744 -0.7834
vn 0.2817 -0.9595 -0.0000
vn 0.0315 -0.9995 -0.0000
vn 0.2373 -0.5744 0.7834
vn 0.0230 -0.6400 0.7680
vn 0.1782 0.0063 0.9840
vn 0.0055 0.0001 1.0000
vn -0.0101 0.6403 0.7680
vn 0.2052 0.5944 0.7776
vn 0.2272 0.9738 -0.0000
vn -0.2660 0.9640 -0.0000
vn -0.2236 0.5780 -0.7848
vn -0.1667 -0.0062 -0.9860
vn -0.1911 -0.5977 -0.7786
vn -0.2110 -0.9775 -0.0000
vn -0.1911 -0.5977 0.7786
vn -0.1667 -0.0063 0.9860
vn -0.2236 0.5780 0.7848
vn -0.0695 -0.6166 -0.7842
vn -0.3595 -0.9331 -0.0000
vn -0.3290 -0.5816 -0.7439
vn -0.0695 0.6166 -0.7842
vn -0.0000 -0.0000 -1.0000
vn -0.0558 -0.0000 -0.9984
vn 1.0000 -0.0000 -0.0000
vn -0.0000 0.6122 0.7907
vn -0.0558 -0.0000 0.9984
vn -0.0000 -0.0000 1.0000
vn -0.0000 -1.0000 -0.0000
vn -0.0695 -0.6166 0.7842
vn -0.0790 -0.9969 -0.0000
vn -0.0790 0.9969 -0.0000
vn -0.0000 1.0000 -0.0000
vn -0.0000 -0.6122 0.7907
vn -0.0000 -0.6122 -0.7907
vn -0.3595 0.9331 -0.0000
vn -0.0000 0.6122 -0.7907
vn -0.3290 0.5816 -0.7439
vn -0.0695 0.6166 0.7842
vn -0.3290 0.5816 0.7439
vn -0.2850 -0.0000 0.9585
vn -0.3290 -0.5816 0.7439
vn -0.2850 -0.0000 -0.9585
vn -0.7284 0.6852 -0.0000
vn -0.6795 -0.4225 0.5997
vn -0.6795 0.4225 0.5997
vn -0.6193 -0.0000 0.7852
vn -0.6795 -0.4225 -0.5997
vn -0.6193 -0.0000 -0.7852
vn -0.6795 0.4225 -0.5997
vn -0.7283 -0.6852 -0.0000
vn -0.9391 0.3438 -0.0000
vn -0.9186 0.2077 0.3361
vn -0.9062 -0.0000 0.4228
vn -0.9186 -0.2077 -0.3361
vn -0.9062 -0.0000 -0.4228
vn -0.9186 0.2077 -0.3361
vn -0.9390 -0.3438 -0.0000
vn -0.9186 -0.2077 0.3361
vn -1.0000 -0.0000 -0.0000
vt 0.414420 0.567870
vt 0.409290 0.567870
vt 0.414420 0.570610
vt 0.409290 0.570610
vt 0.419920 0.567870
vt 0.419920 0.570610
vt 0.421740 0.570610
vt 0.421740 0.567870
vt 0.407250 0.570610
vt 0.407250 0.567860
vt 0.407250 0.564940
vt 0.409290 0.564940
vt 0.414420 0.564940
vt 0.419920 0.564940
vt 0.421740 0.564940
vt 0.180540 0.056500
vt 0.190030 0.045580
vt 0.176280 0.045580
vt 0.095360 0.056500
vt 0.137950 0.991600
vt 0.137950 0.056500
vt 0.294390 0.957590
vt 0.294390 0.994070
vt 0.281420 0.985600
vt 0.095360 0.991600
vt 0.195810 0.990240
vt 0.195810 0.056500
vt 0.080090 0.056500
vt 0.080090 0.990240
vt 0.180540 0.991600
vt 0.276830 0.957590
vt 0.281420 0.929590
vt 0.085870 0.045580
vt 0.307360 0.929590
vt 0.311960 0.957590
vt 0.307360 0.985600
vt 0.099620 0.045580
vt 0.137950 0.045580
vt 0.097450 0.040580
vt 0.167760 0.040580
vt 0.108140 0.040580
vt 0.137950 0.040580
vt 0.178450 0.040580
vt 0.121750 0.035940
vt 0.126030 0.035940
vt 0.137950 0.035940
vt 0.149880 0.035940
vt 0.154150 0.035940
vt 0.137950 0.035580
vt 0.294390 0.921120
vt 0.173580 0.991200
vt 0.137950 0.991240
vt 0.184360 0.990240
vt 0.091550 0.990240
vt 0.102320 0.991240
vt 0.102320 0.991200
s 1
f 1597/938/2251 1596/939/2252 1595/940/2253
f 1596/939/2252 1598/941/2254 1595/940/2253
f 1597/938/2251 1595/940/2253 1599/942/2255
f 1595/940/2253 1600/943/2256 1599/942/2255
f 1599/942/2255 1600/943/2256 1601/944/2257
f 1602/945/2258 1599/942/2255 1601/944/2257
f 1602/945/2258 1601/944/2257 1603/942/2259
f 1601/944/2257 1604/943/2260 1603/942/2259
f 1603/942/2259 1604/943/2260 1605/940/2261
f 1606/938/2262 1603/942/2259 1605/940/2261
f 1606/938/2262 1605/940/2261 1607/941/2263
f 1608/939/2264 1606/938/2262 1607/941/2263
f 1608/939/2264 1607/941/2263 1609/946/2265
f 1610/947/2266 1608/939/2264 1609/946/2265
f 1610/947/2266 1609/946/2265 1598/941/2254
f 1610/947/2266 1611/948/2267 1608/939/2264
f 1612/949/2268 1611/948/2267 1610/947/2266
f 1596/939/2252 1610/947/2266 1598/941/2254
f 1596/939/2252 1612/949/2268 1610/947/2266
f 1613/950/2269 1612/949/2268 1596/939/2252
f 1597/938/2251 1613/950/2269 1596/939/2252
f 1613/950/2269 1597/938/2251 1599/942/2255
f 1614/951/2270 1613/950/2269 1599/942/2255
f 1615/952/2271 1614/951/2270 1599/942/2255
f 1602/945/2258 1615/952/2271 1599/942/2255
f 1616/951/2272 1615/952/2271 1602/945/2258
f 1603/942/2259 1616/951/2272 1602/945/2258
f 1617/950/2273 1616/951/2272 1603/942/2259
f 1606/938/2262 1617/950/2273 1603/942/2259
f 1618/949/2274 1617/950/2273 1606/938/2262
f 1608/939/2264 1618/949/2274 1606/938/2262
f 1611/948/2267 1618/949/2274 1608/939/2264
f 1621/938/2251 1620/939/2252 1619/940/2275
f 1620/939/2252 1622/941/2276 1619/940/2275
f 1621/938/2251 1619/940/2275 1623/942/2277
f 1619/940/2275 1624/943/2278 1623/942/2277
f 1623/942/2277 1624/943/2278 1625/944/2279
f 1626/945/2280 1623/942/2277 1625/944/2279
f 1626/945/2280 1625/944/2279 1627/943/2281
f 1628/942/2282 1626/945/2280 1627/943/2281
f 1628/942/2282 1627/943/2281 1629/940/2283
f 1630/938/2284 1628/942/2282 1629/940/2283
f 1630/938/2284 1629/940/2283 1631/939/2285
f 1629/940/2283 1632/941/2286 1631/939/2285
f 1631/939/2285 1632/941/2286 1633/946/2287
f 1634/947/2266 1631/939/2285 1633/946/2287
f 1634/947/2266 1633/946/2287 1622/941/2276
f 1634/947/2266 1635/948/2288 1631/939/2285
f 1636/949/2289 1635/948/2288 1634/947/2266
f 1620/939/2252 1634/947/2266 1622/941/2276
f 1620/939/2252 1636/949/2289 1634/947/2266
f 1637/950/2290 1636/949/2289 1620/939/2252
f 1621/938/2251 1637/950/2290 1620/939/2252
f 1638/951/2291 1637/950/2290 1621/938/2251
f 1623/942/2277 1638/951/2291 1621/938/2251
f 1639/952/2292 1638/951/2291 1623/942/2277
f 1626/945/2280 1639/952/2292 1623/942/2277
f 1639/952/2292 1626/945/2280 1628/942/2282
f 1640/951/2293 1639/952/2292 1628/942/2282
f 1641/950/2294 1640/951/2293 1628/942/2282
f 1630/938/2284 1641/950/2294 1628/942/2282
f 1642/949/2295 1641/950/2294 1630/938/2284
f 1631/939/2285 1642/949/2295 1630/938/2284
f 1635/948/2288 1642/949/2295 1631/939/2285
f 1645/953/2296 1644/954/2297 1643/955/2298
f 1648/956/2299 1647/957/2300 1646/958/2301
f 1651/959/2302 1650/960/2302 1649/961/2302
f 1654/962/2303 1653/958/2304 1652/957/2305
f 1657/963/2306 1656/953/2307 1655/964/2308
f 1659/965/2309 1654/962/2303 1658/966/2310
f 1652/957/2305 1656/953/2307 1660/967/2311
f 1651/959/2302 1662/968/2302 1661/969/2302
f 1646/958/2301 1663/967/2312 1645/953/2296
f 1656/953/2307 1644/954/2297 1655/964/2308
f 1648/956/2299 1664/970/2313 1659/965/2309
f 1666/971/2302 1665/972/2302 1651/959/2302
f 1648/956/2299 1658/966/2310 1667/962/2314
f 1663/967/2312 1655/964/2308 1645/953/2296
f 1668/973/2302 1650/960/2302 1651/959/2302
f 1646/958/2301 1669/974/2315 1648/956/2299
f 1671/956/2316 1664/970/2313 1670/974/2317
f 1653/958/2304 1670/974/2317 1672/975/2318
f 1653/958/2304 1673/955/2319 1656/953/2307
f 1646/958/2301 1643/955/2298 1674/975/2320
f 1669/974/2315 1675/976/2321 1664/970/2313
f 1672/975/2318 1676/977/2322 1673/955/2319
f 1670/974/2317 1675/976/2321 1677/978/2323
f 1672/975/2318 1677/978/2323 1678/979/2324
f 1674/975/2320 1680/977/2325 1679/979/2326
f 1674/975/2320 1681/978/2327 1669/974/2315
f 1643/955/2298 1682/980/2328 1680/977/2325
f 1673/955/2319 1682/980/2328 1644/954/2297
f 1677/978/2323 1684/981/2329 1683/982/2330
f 1678/979/2324 1683/982/2330 1685/983/2331
f 1679/979/2326 1687/984/2332 1686/983/2333
f 1679/979/2326 1688/982/2334 1681/978/2327
f 1680/977/2325 1689/985/2335 1687/984/2332
f 1676/977/2322 1689/985/2335 1682/980/2328
f 1681/978/2327 1684/981/2329 1675/976/2321
f 1678/979/2324 1690/984/2336 1676/977/2322
f 1691/986/2337 1684/981/2329 1688/982/2334
f 1691/986/2337 1686/983/2333 1687/984/2332
f 1690/984/2336 1685/983/2331 1691/986/2337
f 1683/982/2330 1684/981/2329 1691/986/2337
f 1689/985/2335 1691/986/2337 1687/984/2332
f 1686/983/2333 1691/986/2337 1688/982/2334
f 1685/983/2331 1683/982/2330 1691/986/2337
f 1689/985/2335 1690/984/2336 1691/986/2337
f 1662/968/2302 1651/959/2302 1649/961/2302
f 1665/972/2302 1668/973/2302 1651/959/2302
f 1692/987/2302 1666/971/2302 1651/959/2302
f 1692/987/2302 1651/959/2302 1661/969/2302
f 1666/988/2302 1647/957/2302 1665/989/2302
f 1692/990/2302 1663/967/2302 1666/988/2302
f 1650/991/2302 1654/962/2302 1649/992/2302
f 1661/988/2302 1652/957/2302 1660/967/2302
f 1668/993/2302 1647/957/2302 1667/962/2302
f 1649/992/2302 1652/957/2302 1662/989/2302
f 1692/990/2302 1660/967/2302 1657/963/2302
f 1650/991/2302 1667/962/2302 1658/966/2302
f 1645/953/2296 1655/964/2308 1644/954/2297
f 1648/956/2299 1667/962/2314 1647/957/2300
f 1654/962/2303 1671/956/2316 1653/958/2304
f 1657/963/2306 1660/967/2311 1656/953/2307
f 1659/965/2309 1671/956/2316 1654/962/2303
f 1652/957/2305 1653/958/2304 1656/953/2307
f 1646/958/2301 1647/957/2300 1663/967/2312
f 1656/953/2307 1673/955/2319 1644/954/2297
f 1648/956/2299 1669/974/2315 1664/970/2313
f 1648/956/2299 1659/965/2309 1658/966/2310
f 1663/967/2312 1657/963/2306 1655/964/2308
f 1646/958/2301 1674/975/2320 1669/974/2315
f 1671/956/2316 1659/965/2309 1664/970/2313
f 1653/958/2304 1671/956/2316 1670/974/2317
f 1653/958/2304 1672/975/2318 1673/955/2319
f 1646/958/2301 1645/953/2296 1643/955/2298
f 1669/974/2315 1681/978/2327 1675/976/2321
f 1672/975/2318 1678/979/2324 1676/977/2322
f 1670/974/2317 1664/970/2313 1675/976/2321
f 1672/975/2318 1670/974/2317 1677/978/2323
f 1674/975/2320 1643/955/2298 1680/977/2325
f 1674/975/2320 1679/979/2326 1681/978/2327
f 1643/955/2298 1644/954/2297 1682/980/2328
f 1673/955/2319 1676/977/2322 1682/980/2328
f 1677/978/2323 1675/976/2321 1684/981/2329
f 1678/979/2324 1677/978/2323 1683/982/2330
f 1679/979/2326 1680/977/2325 1687/984/2332
f 1679/979/2326 1686/983/2333 1688/982/2334
f 1680/977/2325 1682/980/2328 1689/985/2335
f 1676/977/2322 1690/984/2336 1689/985/2335
f 1681/978/2327 1688/982/2334 1684/981/2329
f 1678/979/2324 1685/983/2331 1690/984/2336
f 1666/988/2302 1663/967/2302 1647/957/2302
f 1692/990/2302 1657/963/2302 1663/967/2302
f 1650/991/2302 1658/966/2302 1654/962/2302
f 1661/988/2302 1662/989/2302 1652/957/2302
f 1668/993/2302 1665/989/2302 1647/957/2302
f 1649/992/2302 1654/962/2302 1652/957/2302
f 1692/990/2302 1661/988/2302 1660/967/2302
f 1650/991/2302 1668/993/2302 1667/962/2302
o sheath_luminous
v -24.188923 1.425218 16.337934
v -24.188923 -7.244169 14.146985
v -24.188923 -13.586378 8.165283
v -24.188923 -15.906161 0.000002
v -24.188923 -13.586380 -8.165282
v -24.188923 -7.244171 -14.146983
v -24.188923 1.425215 -16.337934
v -24.188923 10.094601 -14.146985
v -24.188923 16.436810 -8.165283
v -24.188923 18.756588 -0.000001
v -24.188923 16.436810 8.165282
v -24.188923 10.094603 14.146984
v -22.852573 1.425218 16.337934
v -22.852573 -7.244168 14.146985
v -22.852573 -13.586378 8.165284
v -22.852573 -15.906159 0.000002
v -22.852573 -13.586381 -8.165281
v -22.852573 -7.244170 -14.146981
v -22.852573 1.425215 -16.337933
v -22.852573 10.094601 -14.146983
v -22.852573 16.436810 -8.165283
v -22.852573 18.756588 -0.000001
v -22.852573 16.436810 8.165281
v -22.852573 10.094603 14.146983
v -24.188923 1.425218 15.367091
v -24.188923 -6.774020 13.297886
v -24.188923 -12.755172 7.665123
v -24.188923 -14.936274 0.000002
v -24.188923 -12.755173 -7.665120
v -24.188923 -6.774022 -13.297884
v -24.188923 1.425215 -15.367089
v -24.188923 9.624454 -13.297886
v -24.188923 15.605602 -7.665122
v -24.188923 17.786701 -0.000001
v -24.188923 15.605604 7.665122
v -24.188923 9.624456 13.297885
v -22.852573 1.425218 15.367091
v -22.852573 -6.774022 13.297886
v -22.852573 -12.755171 7.665123
v -22.852573 -14.936274 0.000002
v -22.852573 -12.755173 -7.665120
v -22.852573 -6.774023 -13.297885
v -22.852573 1.425215 -15.367088
v -22.852573 9.624454 -13.297886
v -22.852573 15.605601 -7.665122
v -22.852573 17.786701 -0.000001
v -22.852573 15.605604 7.665122
v -22.852573 9.624456 13.297886
v -24.188923 -3.061857 15.777268
v -24.188923 -10.830818 11.546848
v -24.188923 -15.312808 4.225352
v -24.188923 -15.312810 -4.225349
v -24.188923 -10.830821 -11.546848
v -24.188923 -3.061861 -15.777265
v -24.188923 5.912291 -15.777267
v -24.188923 13.681251 -11.546848
v -24.188923 18.163239 -4.225351
v -24.188923 18.163239 4.225350
v -24.188923 13.681252 11.546848
v -24.188923 5.912292 15.777268
v -22.852573 -3.061857 15.777267
v -22.852573 -10.830818 11.546848
v -22.852573 -15.312810 4.225352
v -22.852573 -15.312811 -4.225349
v -22.852573 -10.830821 -11.546848
v -22.852573 -3.061861 -15.777265
v -22.852573 5.912291 -15.777267
v -22.852573 13.681250 -11.546848
v -22.852573 18.163240 -4.225351
v -22.852573 18.163239 4.225349
v -22.852573 13.681252 11.546848
v -22.852573 5.912292 15.777267
v -23.520748 1.425215 -16.519968
v -23.520748 10.182755 -14.306191
v -23.520748 -16.088015 0.000002
v -23.520748 -13.742230 -8.259061
v -23.520748 16.592661 8.259062
v -23.520748 10.182756 14.306190
v -23.520748 1.425217 16.519968
v -23.520748 -7.332322 14.306191
v -23.520748 16.592661 -8.259063
v -23.520748 -7.332323 -14.306190
v -23.520748 -13.742229 8.259063
v -23.520748 18.938440 -0.000001
v -24.188923 -2.820184 14.837055
v -24.188923 -10.159031 10.846921
v -24.188923 -14.379004 3.964801
v -24.188923 -14.379004 -3.964799
v -24.188923 -10.159033 -10.846919
v -24.188923 -2.820187 -14.837052
v -24.188923 5.670619 -14.837052
v -24.188923 13.009460 -10.846921
v -24.188923 17.229435 -3.964801
v -24.188923 17.229433 3.964799
v -24.188923 13.009463 10.846919
v -24.188923 5.670620 14.837053
v -22.852573 -2.820184 14.837053
v -22.852573 -10.159032 10.846921
v -22.852573 -14.379004 3.964802
v -22.852573 -14.379004 -3.964799
v -22.852573 -10.159032 -10.846919
v -22.852573 -2.820187 -14.837053
v -22.852573 5.670619 -14.837052
v -22.852573 13.009461 -10.846921
v -22.852573 17.229433 -3.964801
v -22.852573 17.229433 3.964799
v -22.852573 13.009465 10.846919
v -22.852573 5.670620 14.837055
v -23.520748 1.425215 -15.185057
v -23.520748 9.536303 -13.138681
v -23.520748 -14.754417 0.000002
v -23.520748 -12.599320 -7.571340
v -23.520748 15.449752 7.571340
v -23.520748 9.536304 13.138679
v -23.520748 1.425218 15.185059
v -23.520748 -6.685869 13.138681
v -23.520748 15.449750 -7.571342
v -23.520748 -6.685870 -13.138679
v -23.520748 -12.599321 7.571343
v -23.520748 17.604845 -0.000001
v -24.439487 1.425218 15.852513
v -24.439487 -7.009095 13.722437
v -24.439487 -13.170774 7.915203
v -24.439487 -15.421215 0.000002
v -24.439487 -13.170775 -7.915201
v -24.439487 -7.009098 -13.722435
v -24.439487 1.425215 -15.852510
v -24.439487 9.859529 -13.722437
v -24.439487 16.021206 -7.915203
v -24.439487 18.271643 -0.000001
v -24.439487 16.021206 7.915201
v -24.439487 9.859529 13.722435
v -22.602009 1.425218 15.852513
v -22.602009 -7.009096 13.722437
v -22.602009 -13.170774 7.915203
v -22.602009 -15.421215 0.000002
v -22.602009 -13.170775 -7.915201
v -22.602009 -7.009097 -13.722435
v -22.602009 1.425215 -15.852510
v -22.602009 9.859528 -13.722437
v -22.602009 16.021206 -7.915204
v -22.602009 18.271643 -0.000001
v -22.602009 16.021206 7.915201
v -22.602009 9.859530 13.722435
v -23.520756 5.957605 -15.953554
v -23.520756 -15.487899 -4.274203
v -23.520756 13.807213 11.678085
v -23.520756 -3.107171 15.953555
v -23.520756 13.807211 -11.678087
v -23.520756 -10.956782 -11.678085
v -23.520756 5.957607 15.953555
v -23.520756 -10.956779 11.678087
v -23.520756 18.338327 -4.274205
v -23.520756 -3.107174 -15.953554
v -23.520756 -15.487899 4.274205
v -23.520756 18.338327 4.274203
v -23.520748 5.625305 -14.660763
v -23.520748 -14.203917 -3.915946
v -23.520748 12.883504 10.715682
v -23.520748 -2.774871 14.660765
v -23.520748 12.883503 -10.715684
v -23.520748 -10.033072 -10.715682
v -23.520748 5.625307 14.660765
v -23.520748 -10.033071 10.715685
v -23.520748 17.054346 -3.915947
v -23.520748 -2.774874 -14.660765
v -23.520748 -14.203917 3.915949
v -23.520748 17.054344 3.915946
v -24.439487 -2.941022 15.307159
v -24.439487 -10.494925 11.196887
v -24.439487 -14.845908 4.095077
v -24.439487 -14.845909 -4.095074
v -24.439487 -10.494926 -11.196885
v -24.439487 -2.941024 -15.307159
v -24.439487 5.791455 -15.307158
v -24.439487 13.345356 -11.196886
v -24.439487 17.696337 -4.095077
v -24.439487 17.696337 4.095075
v -24.439487 13.345360 11.196885
v -24.439487 5.791457 15.307159
v -22.602016 -2.941022 15.307159
v -22.602016 -10.494925 11.196887
v -22.602016 -14.845909 4.095077
v -22.602016 -14.845908 -4.095075
v -22.602016 -10.494926 -11.196884
v -22.602016 -2.941024 -15.307158
v -22.602016 5.791455 -15.307159
v -22.602016 13.345358 -11.196887
v -22.602016 17.696337 -4.095077
v -22.602016 17.696337 4.095075
v -22.602016 13.345358 11.196884
v -22.602016 5.791457 15.307159
v -29.785618 2.536389 21.373024
v -29.785618 -7.940953 18.725164
v -29.785618 -15.605798 11.496009
v -29.785618 -18.409359 1.627901
v -29.785618 -15.605800 -8.240211
v -29.785618 -7.940955 -15.469365
v -29.785618 2.536386 -18.117228
v -29.785618 13.013728 -15.469367
v -29.785618 20.678570 -8.240212
v -29.785618 23.482126 1.627898
v -29.785618 20.678570 11.496007
v -29.785618 13.013730 18.725163
v -28.170582 2.536389 21.373024
v -28.170582 -7.940952 18.725164
v -28.170582 -15.605798 11.496010
v -28.170582 -18.409357 1.627901
v -28.170582 -15.605801 -8.240210
v -28.170582 -7.940955 -15.469362
v -28.170582 2.536386 -18.117226
v -28.170582 13.013728 -15.469364
v -28.170582 20.678572 -8.240212
v -28.170582 23.482126 1.627898
v -28.170582 20.678570 11.496006
v -28.170582 13.013730 18.725163
v -29.785618 2.536389 20.199717
v -29.785618 -7.372757 17.698990
v -29.785618 -14.601249 10.891543
v -29.785618 -17.237207 1.627901
v -29.785618 -14.601248 -7.635743
v -29.785618 -7.372760 -14.443191
v -29.785618 2.536386 -16.943918
v -29.785618 12.445533 -14.443192
v -29.785618 19.674021 -7.635745
v -29.785618 22.309977 1.627898
v -29.785618 19.674021 10.891541
v -29.785618 12.445537 17.698992
v -28.170582 2.536389 20.199717
v -28.170582 -7.372759 17.698990
v -28.170582 -14.601246 10.891543
v -28.170582 -17.237207 1.627901
v -28.170582 -14.601248 -7.635743
v -28.170582 -7.372760 -14.443192
v -28.170582 2.536386 -16.943916
v -28.170582 12.445533 -14.443192
v -28.170582 19.674019 -7.635745
v -28.170582 22.309977 1.627898
v -28.170582 19.674021 10.891541
v -28.170582 12.445537 17.698992
v -29.785618 -2.886443 20.695436
v -29.785618 -12.275579 15.582783
v -29.785618 -17.692266 6.734427
v -29.785618 -17.692268 -3.478625
v -29.785618 -12.275584 -12.326984
v -29.785618 -2.886446 -17.439632
v -29.785618 7.959218 -17.439636
v -29.785618 17.348354 -12.326985
v -29.785618 22.765038 -3.478627
v -29.785618 22.765038 6.734424
v -29.785618 17.348356 15.582782
v -29.785618 7.959220 20.695436
v -28.170582 -2.886443 20.695433
v -28.170582 -12.275579 15.582783
v -28.170582 -17.692268 6.734427
v -28.170582 -17.692268 -3.478625
v -28.170582 -12.275584 -12.326984
v -28.170582 -2.886446 -17.439632
v -28.170582 7.959218 -17.439634
v -28.170582 17.348354 -12.326985
v -28.170582 22.765039 -3.478627
v -28.170582 22.765038 6.734423
v -28.170582 17.348356 15.582782
v -28.170582 7.959220 20.695433
v -28.978092 2.536386 -18.337223
v -28.978092 13.120265 -15.661775
v -28.978092 -18.629137 1.627901
v -28.978092 -15.794152 -8.353547
v -28.978092 20.866924 11.609345
v -28.978092 13.120268 18.917570
v -28.978092 2.536388 21.593021
v -28.978092 -8.047490 18.917572
v -28.978092 20.866922 -8.353550
v -28.978092 -8.047492 -15.661774
v -28.978092 -15.794150 11.609348
v -28.978092 23.701904 1.627898
v -29.785618 -2.594370 19.559145
v -29.785618 -11.463696 14.736890
v -29.785618 -16.563721 6.419538
v -29.785618 -16.563721 -3.163738
v -29.785618 -11.463697 -11.481090
v -29.785618 -2.594373 -16.303343
v -29.785618 7.667146 -16.303343
v -29.785618 16.536467 -11.481091
v -29.785618 21.636492 -3.163741
v -29.785618 21.636490 6.419537
v -29.785618 16.536470 14.736888
v -29.785618 7.667149 19.559145
v -28.170582 -2.594370 19.559145
v -28.170582 -11.463696 14.736890
v -28.170582 -16.563721 6.419540
v -28.170582 -16.563721 -3.163738
v -28.170582 -11.463696 -11.481090
v -28.170582 -2.594373 -16.303347
v -28.170582 7.667146 -16.303343
v -28.170582 16.536469 -11.481091
v -28.170582 21.636490 -3.163741
v -28.170582 21.636492 6.419537
v -28.170582 16.536472 14.736888
v -28.170582 7.667149 19.559145
v -28.978092 2.536386 -16.723923
v -28.978092 12.338999 -14.250787
v -28.978092 -17.017426 1.627901
v -28.978092 -14.412894 -7.522405
v -28.978092 19.485666 10.778201
v -28.978092 12.339000 17.506582
v -28.978092 2.536389 19.979723
v -28.978092 -7.266223 17.506584
v -28.978092 19.485666 -7.522409
v -28.978092 -7.266223 -14.250783
v -28.978092 -14.412895 10.778207
v -28.978092 22.090197 1.627897
v -30.088428 2.536389 20.786373
v -30.088428 -7.656856 18.212078
v -30.088428 -15.103521 11.193776
v -30.088428 -17.823280 1.627901
v -30.088428 -15.103523 -7.937977
v -30.088428 -7.656859 -14.956280
v -30.088428 2.536386 -17.530571
v -30.088428 12.729631 -14.956282
v -30.088428 20.176296 -7.937979
v -30.088428 22.896049 1.627898
v -30.088428 20.176296 11.193773
v -30.088428 12.729633 18.212076
v -27.867756 2.536389 20.786373
v -27.867756 -7.656857 18.212078
v -27.867756 -15.103521 11.193776
v -27.867756 -17.823280 1.627901
v -27.867756 -15.103523 -7.937976
v -27.867756 -7.656858 -14.956280
v -27.867756 2.536386 -17.530571
v -27.867756 12.729631 -14.956282
v -27.867756 20.176296 -7.937979
v -27.867756 22.896049 1.627898
v -27.867756 20.176296 11.193773
v -27.867756 12.729633 18.212076
v -28.978100 8.013983 -17.652685
v -28.978100 -17.903870 -3.537667
v -28.978100 17.500586 15.741389
v -28.978100 -2.941206 20.908485
v -28.978100 17.500584 -12.485593
v -28.978100 -12.427814 -12.485591
v -28.978100 8.013985 20.908485
v -28.978100 -12.427810 15.741391
v -28.978100 22.976641 -3.537670
v -28.978100 -2.941211 -17.652685
v -28.978100 -17.903870 6.793468
v -28.978100 22.976641 6.793465
v -28.978092 7.612382 -16.090290
v -28.978092 -16.352119 -3.104697
v -28.978092 16.384243 14.578281
v -28.978092 -2.539606 19.346090
v -28.978092 16.384241 -11.322486
v -28.978092 -11.311468 -11.322484
v -28.978092 7.612386 19.346090
v -28.978092 -11.311466 14.578285
v -28.978092 21.424891 -3.104699
v -28.978092 -2.539610 -16.090294
v -28.978092 -16.352119 6.360499
v -28.978092 21.424887 6.360496
v -30.088428 -2.740407 20.127289
v -30.088428 -11.869638 15.159840
v -30.088428 -17.127995 6.576983
v -30.088428 -17.127998 -3.321182
v -30.088428 -11.869640 -11.904040
v -30.088428 -2.740410 -16.871490
v -30.088428 7.813182 -16.871489
v -30.088428 16.942413 -11.904039
v -30.088428 22.200766 -3.321185
v -30.088428 22.200766 6.576980
v -30.088428 16.942415 15.159838
v -30.088428 7.813185 20.127289
v -27.867764 -2.740407 20.127289
v -27.867764 -11.869638 15.159840
v -27.867764 -17.127998 6.576983
v -27.867764 -17.127995 -3.321182
v -27.867764 -11.869640 -11.904037
v -27.867764 -2.740410 -16.871489
v -27.867764 7.813182 -16.871490
v -27.867764 16.942413 -11.904042
v -27.867764 22.200766 -3.321184
v -27.867764 22.200766 6.576980
v -27.867764 16.942415 15.159836
v -27.867764 7.813185 20.127289
vn -0.2610 0.1197 -0.9579
vn -0.2611 0.3506 -0.8994
vn 0.2611 0.3506 -0.8994
vn 0.2610 0.1197 -0.9579
vn -0.2602 -0.9562 -0.1342
vn -0.2601 -0.8844 -0.3874
vn 0.2601 -0.8844 -0.3875
vn 0.2602 -0.9562 -0.1343
vn -0.2602 0.7486 0.6099
vn -0.2604 0.5668 0.7816
vn 0.2604 0.5668 0.7817
vn 0.2602 0.7486 0.6099
vn -0.2610 -0.1197 0.9579
vn -0.2611 -0.3506 0.8994
vn 0.2611 -0.3506 0.8994
vn 0.2610 -0.1197 0.9579
vn -0.2610 0.5666 -0.7816
vn -0.2609 0.7484 -0.6098
vn 0.2609 0.7484 -0.6098
vn 0.2610 0.5666 -0.7816
vn -0.2602 -0.7486 -0.6099
vn -0.2604 -0.5668 -0.7816
vn 0.2604 -0.5668 -0.7817
vn 0.2602 -0.7486 -0.6099
vn -0.2606 0.3507 0.8995
vn -0.2609 0.1197 0.9579
vn 0.2609 0.1197 0.9579
vn 0.2606 0.3507 0.8995
vn -0.2610 -0.5666 0.7816
vn -0.2609 -0.7484 0.6098
vn 0.2609 -0.7484 0.6098
vn 0.2610 -0.5666 0.7816
vn -0.2606 0.8843 -0.3875
vn -0.2604 0.9561 -0.1343
vn 0.2604 0.9561 -0.1343
vn 0.2606 0.8843 -0.3875
vn -0.2606 -0.3507 -0.8995
vn -0.2609 -0.1197 -0.9579
vn 0.2609 -0.1197 -0.9579
vn 0.2606 -0.3507 -0.8995
vn -0.2606 -0.8843 0.3875
vn -0.2604 -0.9561 0.1343
vn 0.2604 -0.9561 0.1343
vn 0.2606 -0.8843 0.3875
vn -0.2602 0.9562 0.1342
vn -0.2601 0.8844 0.3874
vn 0.2601 0.8844 0.3875
vn 0.2602 0.9562 0.1342
vn -0.2609 -0.1196 0.9579
vn 0.2610 -0.1196 0.9579
vn 0.2611 -0.3501 0.8996
vn -0.2606 -0.3502 0.8997
vn -0.2602 0.9561 0.1344
vn 0.2604 0.9561 0.1344
vn 0.2607 0.8840 0.3881
vn -0.2601 0.8842 0.3880
vn -0.2602 -0.7481 -0.6104
vn 0.2609 -0.7479 -0.6104
vn 0.2610 -0.5661 -0.7820
vn -0.2603 -0.5662 -0.7820
vn -0.2609 0.1196 -0.9579
vn 0.2610 0.1196 -0.9579
vn 0.2611 0.3501 -0.8996
vn -0.2606 0.3502 -0.8997
vn -0.2603 -0.5662 0.7820
vn 0.2610 -0.5661 0.7820
vn 0.2609 -0.7479 0.6104
vn -0.2602 -0.7481 0.6104
vn -0.2602 0.7481 0.6104
vn 0.2609 0.7479 0.6104
vn 0.2610 0.5660 0.7820
vn -0.2603 0.5662 0.7820
vn -0.2606 -0.3502 -0.8997
vn 0.2611 -0.3501 -0.8996
vn 0.2610 -0.1196 -0.9579
vn -0.2608 -0.1196 -0.9579
vn -0.2603 0.5662 -0.7820
vn 0.2610 0.5661 -0.7820
vn 0.2609 0.7479 -0.6104
vn -0.2602 0.7481 -0.6104
vn -0.2601 -0.8842 0.3880
vn 0.2607 -0.8840 0.3881
vn 0.2604 -0.9561 0.1344
vn -0.2602 -0.9561 0.1344
vn -0.2606 0.3502 0.8997
vn 0.2611 0.3501 0.8996
vn 0.2610 0.1196 0.9579
vn -0.2609 0.1196 0.9579
vn -0.2601 0.8842 -0.3880
vn 0.2607 0.8840 -0.3881
vn 0.2604 0.9561 -0.1344
vn -0.2602 0.9561 -0.1344
vn -0.2602 -0.9561 -0.1344
vn 0.2604 -0.9561 -0.1344
vn 0.2607 -0.8840 -0.3880
vn -0.2601 -0.8842 -0.3880
vn -0.8869 -0.1678 0.4305
vn -0.8871 -0.0572 0.4581
vn -0.8871 0.0572 -0.4581
vn -0.8869 0.1677 -0.4305
vn -0.8866 -0.3586 0.2922
vn -0.8867 -0.2714 0.3744
vn -0.8867 0.2713 -0.3744
vn -0.8865 0.3586 -0.2924
vn -0.8866 -0.4581 0.0643
vn -0.8865 -0.4239 0.1857
vn -0.8865 0.4239 -0.1859
vn -0.8866 0.4581 -0.0644
vn -0.8869 -0.4231 -0.1855
vn -0.8867 -0.4579 -0.0643
vn -0.8867 0.4579 0.0644
vn -0.8869 0.4230 0.1856
vn -0.8872 -0.2707 -0.3737
vn -0.8871 -0.3578 -0.2917
vn -0.8871 0.3577 0.2918
vn -0.8872 0.2706 0.3738
vn -0.8872 -0.0572 -0.4579
vn -0.8872 -0.1674 -0.4299
vn -0.8872 0.1673 0.4299
vn -0.8871 0.0572 0.4579
vn -0.8869 0.1678 -0.4305
vn -0.8869 -0.1677 0.4305
vn -0.8865 0.3586 -0.2922
vn -0.8867 0.2714 -0.3744
vn -0.8867 -0.2713 0.3744
vn -0.8865 -0.3586 0.2924
vn -0.8866 0.4581 -0.0643
vn -0.8865 0.4239 -0.1857
vn -0.8865 -0.4239 0.1859
vn -0.8866 -0.4581 0.0644
vn -0.8869 0.4231 0.1855
vn -0.8867 0.4579 0.0643
vn -0.8867 -0.4579 -0.0644
vn -0.8869 -0.4230 -0.1856
vn -0.8872 0.2707 0.3737
vn -0.8871 0.3578 0.2917
vn -0.8871 -0.3577 -0.2918
vn -0.8872 -0.2706 -0.3738
vn -0.8872 0.1674 0.4298
vn -0.8872 -0.1673 -0.4299
vn 0.8871 -0.0572 0.4579
vn 0.8872 -0.1674 0.4298
vn 0.8872 0.1673 -0.4299
vn 0.8871 0.0572 -0.4579
vn 0.8872 -0.2707 0.3737
vn 0.8871 -0.3578 0.2917
vn 0.8871 0.3577 -0.2918
vn 0.8872 0.2706 -0.3738
vn 0.8869 -0.4231 0.1855
vn 0.8867 -0.4579 0.0643
vn 0.8867 0.4579 -0.0644
vn 0.8869 0.4230 -0.1856
vn 0.8866 -0.4581 -0.0643
vn 0.8865 -0.4239 -0.1857
vn 0.8865 0.4238 0.1859
vn 0.8866 0.4581 0.0644
vn 0.8865 -0.3586 -0.2923
vn 0.8867 -0.2714 -0.3744
vn 0.8867 0.2713 0.3744
vn 0.8865 0.3586 0.2924
vn 0.8869 -0.1678 -0.4305
vn 0.8871 -0.0572 -0.4581
vn 0.8871 0.0572 0.4581
vn 0.8868 0.1677 0.4305
vn 0.8872 0.1674 -0.4298
vn 0.8872 -0.1674 0.4299
vn 0.8872 0.2707 -0.3737
vn 0.8871 0.3578 -0.2917
vn 0.8871 -0.3577 0.2918
vn 0.8872 -0.2706 0.3738
vn 0.8869 0.4231 -0.1855
vn 0.8867 0.4579 -0.0643
vn 0.8867 -0.4579 0.0644
vn 0.8869 -0.4230 0.1856
vn 0.8866 0.4581 0.0643
vn 0.8865 0.4239 0.1857
vn 0.8865 -0.4238 -0.1859
vn 0.8866 -0.4581 -0.0644
vn 0.8865 0.3586 0.2923
vn 0.8867 0.2714 0.3744
vn 0.8867 -0.2713 -0.3744
vn 0.8865 -0.3586 -0.2924
vn 0.8869 0.1678 0.4305
vn 0.8868 -0.1677 -0.4306
vn -0.2608 0.1197 -0.9579
vn -0.2606 0.3507 -0.8995
vn 0.2606 0.3507 -0.8995
vn 0.2609 0.1197 -0.9579
vn -0.2604 -0.9561 -0.1343
vn -0.2606 -0.8843 -0.3875
vn 0.2606 -0.8843 -0.3875
vn 0.2604 -0.9561 -0.1343
vn -0.2609 0.7484 0.6098
vn -0.2610 0.5666 0.7816
vn 0.2610 0.5666 0.7816
vn 0.2609 0.7484 0.6098
vn -0.2609 -0.1197 0.9579
vn -0.2606 -0.3507 0.8995
vn 0.2606 -0.3507 0.8995
vn 0.2609 -0.1197 0.9579
vn -0.2604 0.5668 -0.7816
vn -0.2602 0.7486 -0.6098
vn 0.2602 0.7486 -0.6099
vn 0.2604 0.5668 -0.7817
vn -0.2609 -0.7484 -0.6098
vn -0.2610 -0.5666 -0.7816
vn 0.2610 -0.5666 -0.7816
vn 0.2609 -0.7484 -0.6098
vn -0.2611 0.3506 0.8994
vn -0.2610 0.1197 0.9579
vn 0.2610 0.1197 0.9579
vn 0.2611 0.3506 0.8994
vn -0.2604 -0.5668 0.7816
vn -0.2602 -0.7486 0.6098
vn 0.2602 -0.7486 0.6099
vn 0.2604 -0.5668 0.7817
vn -0.2601 0.8844 -0.3874
vn -0.2602 0.9562 -0.1342
vn 0.2602 0.9562 -0.1343
vn 0.2601 0.8844 -0.3875
vn -0.2611 -0.3506 -0.8994
vn -0.2610 -0.1197 -0.9579
vn 0.2610 -0.1197 -0.9579
vn 0.2611 -0.3506 -0.8994
vn -0.2601 -0.8844 0.3875
vn -0.2602 -0.9562 0.1343
vn 0.2602 -0.9562 0.1342
vn 0.2601 -0.8844 0.3875
vn -0.2604 0.9561 0.1343
vn -0.2606 0.8843 0.3875
vn 0.2606 0.8843 0.3875
vn 0.2604 0.9561 0.1343
vn -0.2610 -0.1196 0.9579
vn 0.2609 -0.1196 0.9579
vn 0.2606 -0.3502 0.8997
vn -0.2611 -0.3501 0.8996
vn -0.2604 0.9561 0.1344
vn 0.2602 0.9561 0.1344
vn 0.2601 0.8842 0.3880
vn -0.2607 0.8840 0.3881
vn -0.2609 -0.7479 -0.6104
vn 0.2602 -0.7481 -0.6104
vn 0.2603 -0.5662 -0.7820
vn -0.2610 -0.5660 -0.7820
vn -0.2610 0.1196 -0.9579
vn 0.2609 0.1196 -0.9579
vn 0.2606 0.3502 -0.8997
vn -0.2611 0.3501 -0.8996
vn -0.2610 -0.5660 0.7820
vn 0.2603 -0.5662 0.7820
vn 0.2602 -0.7481 0.6104
vn -0.2609 -0.7479 0.6104
vn -0.2609 0.7479 0.6104
vn 0.2602 0.7481 0.6104
vn 0.2603 0.5662 0.7820
vn -0.2610 0.5660 0.7820
vn -0.2611 -0.3501 -0.8996
vn 0.2606 -0.3502 -0.8997
vn 0.2609 -0.1196 -0.9579
vn -0.2610 -0.1196 -0.9579
vn -0.2610 0.5660 -0.7820
vn 0.2603 0.5662 -0.7820
vn 0.2602 0.7481 -0.6104
vn -0.2609 0.7479 -0.6104
vn -0.2607 -0.8840 0.3881
vn 0.2601 -0.8842 0.3880
vn 0.2602 -0.9561 0.1344
vn -0.2604 -0.9561 0.1344
vn -0.2611 0.3501 0.8996
vn 0.2606 0.3502 0.8997
vn 0.2609 0.1196 0.9579
vn -0.2610 0.1196 0.9579
vn -0.2607 0.8840 -0.3880
vn 0.2601 0.8842 -0.3880
vn 0.2602 0.9561 -0.1344
vn -0.2604 0.9561 -0.1344
vn -0.2604 -0.9561 -0.1344
vn 0.2602 -0.9561 -0.1344
vn 0.2601 -0.8842 -0.3880
vn -0.2607 -0.8840 -0.3881
vn -0.8872 -0.1674 0.4298
vn -0.8871 -0.0572 0.4579
vn -0.8871 0.0572 -0.4579
vn -0.8872 0.1674 -0.4299
vn -0.8871 -0.3578 0.2917
vn -0.8872 -0.2708 0.3737
vn -0.8872 0.2706 -0.3738
vn -0.8871 0.3577 -0.2918
vn -0.8867 -0.4579 0.0643
vn -0.8869 -0.4231 0.1855
vn -0.8869 0.4230 -0.1856
vn -0.8867 0.4579 -0.0644
vn -0.8865 -0.4239 -0.1857
vn -0.8866 -0.4581 -0.0643
vn -0.8866 0.4581 0.0644
vn -0.8864 0.4239 0.1859
vn -0.8867 -0.2714 -0.3744
vn -0.8865 -0.3586 -0.2922
vn -0.8865 0.3586 0.2924
vn -0.8867 0.2713 0.3744
vn -0.8871 -0.0572 -0.4581
vn -0.8869 -0.1678 -0.4305
vn -0.8869 0.1677 0.4305
vn -0.8871 0.0572 0.4581
vn -0.8872 0.0572 -0.4579
vn -0.8872 -0.1673 0.4299
vn -0.8871 0.3578 -0.2917
vn -0.8872 0.2707 -0.3737
vn -0.8872 -0.2706 0.3738
vn -0.8871 -0.3577 0.2918
vn -0.8867 0.4579 -0.0643
vn -0.8869 0.4231 -0.1855
vn -0.8869 -0.4230 0.1856
vn -0.8867 -0.4579 0.0644
vn -0.8865 0.4239 0.1857
vn -0.8866 0.4581 0.0643
vn -0.8866 -0.4581 -0.0644
vn -0.8865 -0.4239 -0.1859
vn -0.8867 0.2714 0.3744
vn -0.8865 0.3586 0.2922
vn -0.8865 -0.3586 -0.2924
vn -0.8867 -0.2713 -0.3744
vn -0.8869 0.1678 0.4305
vn -0.8869 -0.1677 -0.4305
vn 0.8871 -0.0572 0.4581
vn 0.8869 -0.1678 0.4305
vn 0.8868 0.1677 -0.4305
vn 0.8871 0.0572 -0.4581
vn 0.8867 -0.2714 0.3744
vn 0.8865 -0.3586 0.2923
vn 0.8865 0.3586 -0.2924
vn 0.8867 0.2713 -0.3744
vn 0.8865 -0.4239 0.1857
vn 0.8866 -0.4581 0.0643
vn 0.8866 0.4581 -0.0644
vn 0.8865 0.4238 -0.1859
vn 0.8867 -0.4579 -0.0643
vn 0.8869 -0.4231 -0.1855
vn 0.8869 0.4230 0.1856
vn 0.8867 0.4579 0.0644
vn 0.8871 -0.3578 -0.2917
vn 0.8872 -0.2707 -0.3737
vn 0.8872 0.2706 0.3738
vn 0.8871 0.3577 0.2918
vn 0.8872 -0.1674 -0.4298
vn 0.8871 -0.0572 -0.4579
vn 0.8871 0.0572 0.4579
vn 0.8872 0.1674 0.4299
vn 0.8869 0.1678 -0.4305
vn 0.8868 -0.1677 0.4305
vn 0.8867 0.2714 -0.3744
vn 0.8865 0.3586 -0.2923
vn 0.8865 -0.3586 0.2924
vn 0.8867 -0.2713 0.3744
vn 0.8865 0.4239 -0.1857
vn 0.8866 0.4581 -0.0643
vn 0.8866 -0.4581 0.0644
vn 0.8865 -0.4238 0.1859
vn 0.8867 0.4579 0.0643
vn 0.8869 0.4231 0.1855
vn 0.8869 -0.4230 -0.1856
vn 0.8867 -0.4579 -0.0644
vn 0.8871 0.3578 0.2917
vn 0.8872 0.2707 0.3737
vn 0.8872 -0.2706 -0.3738
vn 0.8871 -0.3577 -0.2918
vn 0.8872 0.1674 0.4298
vn 0.8872 -0.1674 -0.4299
vn -0.2601 -0.8844 -0.3875
vn 0.2602 -0.9562 -0.1342
vn -0.2601 0.8844 0.3875
vn 0.2601 0.8844 0.3874
vn 0.2610 -0.5660 -0.7820
vn 0.2610 -0.5660 0.7820
vn 0.2610 0.5661 0.7820
vn 0.2610 0.5660 -0.7820
vn 0.2607 -0.8840 0.3880
vn -0.2608 0.1196 0.9579
vn 0.2607 0.8840 -0.3880
vn 0.2607 -0.8840 -0.3881
vn -0.8865 0.4238 -0.1859
vn -0.8872 0.2706 0.3737
vn -0.8872 -0.1674 -0.4298
vn -0.8866 0.3586 -0.2922
vn 0.8872 -0.2708 0.3737
vn 0.8865 0.4239 0.1859
vn 0.8868 -0.1678 -0.4305
vn 0.8872 0.1674 -0.4299
vn 0.8872 -0.1673 0.4299
vn 0.8864 -0.4239 -0.1859
vn -0.2609 0.1197 -0.9579
vn -0.2604 0.5668 -0.7817
vn -0.2602 0.7486 -0.6099
vn 0.2604 0.5668 -0.7816
vn -0.2604 -0.5668 0.7817
vn -0.2602 -0.7486 0.6099
vn 0.2604 -0.5668 0.7816
vn -0.2601 0.8844 -0.3875
vn 0.2602 0.9562 -0.1342
vn -0.2602 -0.9562 0.1342
vn 0.2604 -0.5662 -0.7820
vn -0.2610 -0.5661 -0.7820
vn -0.2610 -0.5661 0.7820
vn 0.2603 -0.5663 0.7820
vn -0.2610 0.5661 0.7820
vn -0.2610 0.5661 -0.7820
vn 0.2603 0.5663 -0.7820
vn -0.2607 0.8840 -0.3881
vn -0.2607 -0.8840 -0.3880
vn -0.8872 0.1673 -0.4299
vn -0.8872 -0.2707 0.3737
vn -0.8865 0.4239 0.1859
vn -0.8866 -0.3586 -0.2922
vn -0.8872 0.1674 -0.4298
vn -0.8866 0.3586 0.2922
vn 0.8868 0.1677 -0.4306
vn 0.8865 0.4239 -0.1859
vn 0.8872 -0.2708 -0.3737
vn 0.8872 0.1673 0.4299
vn 0.8868 0.1678 -0.4305
vn 0.8868 -0.1677 0.4306
vn 0.8865 0.3587 -0.2923
vn 0.8872 0.2708 0.3737
vn 0.8872 -0.1673 -0.4299
vt 0.479010 0.343854
vt 0.477463 0.324945
vt 0.480365 0.325524
vt 0.482201 0.361711
vt 0.476113 0.344020
vt 0.476140 0.343839
vt 0.482209 0.361556
vt 0.479040 0.343677
vt 0.477508 0.324758
vt 0.480411 0.325339
vt 0.557701 0.270090
vt 0.541251 0.266283
vt 0.558237 0.267446
vt 0.541426 0.269078
vt 0.523722 0.269786
vt 0.523836 0.269675
vt 0.541538 0.269009
vt 0.541370 0.266214
vt 0.557809 0.270058
vt 0.558351 0.267415
vt 0.562905 0.403756
vt 0.580097 0.397986
vt 0.563847 0.406473
vt 0.578444 0.395614
vt 0.593766 0.385326
vt 0.593747 0.385311
vt 0.578496 0.395537
vt 0.580134 0.397887
vt 0.563157 0.403608
vt 0.564106 0.406265
vt 0.608455 0.332387
vt 0.609992 0.351282
vt 0.607092 0.350703
vt 0.605292 0.314550
vt 0.611349 0.332224
vt 0.611329 0.332298
vt 0.605299 0.314621
vt 0.608436 0.332459
vt 0.609972 0.351338
vt 0.607075 0.350758
vt 0.489692 0.377895
vt 0.479450 0.362595
vt 0.500876 0.391218
vt 0.487278 0.379453
vt 0.487250 0.379368
vt 0.500957 0.391287
vt 0.489686 0.377806
vt 0.479450 0.362436
vt 0.524662 0.272501
vt 0.507425 0.278239
vt 0.509075 0.280617
vt 0.493718 0.290884
vt 0.493793 0.290706
vt 0.509167 0.280473
vt 0.507523 0.278091
vt 0.524770 0.272393
vt 0.591553 0.383460
vt 0.603929 0.369405
vt 0.601315 0.368144
vt 0.601295 0.368176
vt 0.603905 0.369436
vt 0.591545 0.383450
vt 0.597882 0.298384
vt 0.608039 0.313675
vt 0.586823 0.285039
vt 0.600297 0.296844
vt 0.600340 0.296907
vt 0.586894 0.285073
vt 0.597922 0.298441
vt 0.608047 0.313751
vt 0.514491 0.400698
vt 0.498990 0.393309
vt 0.529833 0.406111
vt 0.513252 0.403159
vt 0.513880 0.403403
vt 0.530528 0.406212
vt 0.515116 0.400890
vt 0.499046 0.393433
vt 0.495929 0.292755
vt 0.483532 0.306811
vt 0.486148 0.308074
vt 0.486200 0.307883
vt 0.483584 0.306618
vt 0.496001 0.292581
vt 0.573124 0.275482
vt 0.588720 0.282950
vt 0.574368 0.273007
vt 0.574468 0.273013
vt 0.573218 0.275485
vt 0.588796 0.282989
vt 0.546270 0.409971
vt 0.529289 0.408748
vt 0.546099 0.407173
vt 0.546837 0.407163
vt 0.547034 0.409927
vt 0.530006 0.408859
vt 0.484666 0.326382
vt 0.486193 0.343471
vt 0.483423 0.343618
vt 0.484714 0.326199
vt 0.486229 0.343301
vt 0.487524 0.326761
vt 0.483457 0.343446
vt 0.489039 0.359388
vt 0.489014 0.359536
vt 0.486387 0.360372
vt 0.556349 0.276706
vt 0.541744 0.273317
vt 0.556855 0.274229
vt 0.556442 0.276670
vt 0.541847 0.273248
vt 0.542056 0.275867
vt 0.526195 0.276502
vt 0.527103 0.279060
vt 0.541960 0.275936
vt 0.526097 0.276608
vt 0.560560 0.397088
vt 0.575933 0.392017
vt 0.561471 0.399650
vt 0.560768 0.397076
vt 0.576001 0.391976
vt 0.574429 0.389751
vt 0.588189 0.380624
vt 0.586082 0.378856
vt 0.574356 0.389771
vt 0.588184 0.380625
vt 0.602794 0.349845
vt 0.601279 0.332762
vt 0.604046 0.332618
vt 0.602782 0.349900
vt 0.601263 0.332831
vt 0.599979 0.349340
vt 0.604030 0.332688
vt 0.598490 0.316760
vt 0.598486 0.316700
vt 0.601111 0.315874
vt 0.495662 0.374072
vt 0.493357 0.375538
vt 0.486406 0.360222
vt 0.495702 0.373960
vt 0.493382 0.375436
vt 0.505686 0.386039
vt 0.505584 0.386115
vt 0.503767 0.388069
vt 0.527011 0.279164
vt 0.511578 0.284226
vt 0.511662 0.284085
vt 0.513231 0.286342
vt 0.499362 0.295428
vt 0.501472 0.297211
vt 0.513152 0.286479
vt 0.499297 0.295597
vt 0.586069 0.378850
vt 0.597324 0.366237
vt 0.597313 0.366270
vt 0.594812 0.365074
vt 0.594819 0.365040
vt 0.591906 0.302165
vt 0.594212 0.300713
vt 0.601116 0.315938
vt 0.591938 0.302209
vt 0.594247 0.300763
vt 0.582167 0.290173
vt 0.582108 0.290151
vt 0.583927 0.288188
vt 0.517577 0.394647
vt 0.516388 0.396977
vt 0.503860 0.388048
vt 0.518245 0.394765
vt 0.517039 0.397100
vt 0.531823 0.399586
vt 0.531195 0.399514
vt 0.530686 0.401984
vt 0.501410 0.297377
vt 0.490140 0.309984
vt 0.490190 0.309796
vt 0.492694 0.310996
vt 0.492646 0.311183
vt 0.570020 0.281565
vt 0.571217 0.279221
vt 0.583991 0.288215
vt 0.570100 0.281560
vt 0.571302 0.279220
vt 0.545785 0.402931
vt 0.546514 0.402979
vt 0.546310 0.400356
vt 0.561694 0.399588
vt 0.545572 0.400306
vt 0.603175 0.315225
vt 0.606221 0.332509
vt 0.604916 0.350269
vt 0.585360 0.286640
vt 0.596024 0.299569
vt 0.557273 0.272190
vt 0.572162 0.277383
vt 0.541578 0.271227
vt 0.525385 0.274586
vt 0.510341 0.282449
vt 0.497633 0.294198
vt 0.488169 0.309045
vt 0.482543 0.325958
vt 0.484321 0.361029
vt 0.481246 0.343730
vt 0.502335 0.389617
vt 0.491548 0.376696
vt 0.530265 0.404018
vt 0.515449 0.398808
vt 0.545950 0.405023
vt 0.562182 0.401672
vt 0.577174 0.393788
vt 0.589849 0.382020
vt 0.599295 0.367175
vt 0.606204 0.332579
vt 0.604901 0.350324
vt 0.603181 0.315292
vt 0.596061 0.299622
vt 0.585427 0.286670
vt 0.572251 0.277383
vt 0.557376 0.272157
vt 0.556953 0.274195
vt 0.541685 0.271157
vt 0.525488 0.274478
vt 0.510429 0.282306
vt 0.497702 0.294027
vt 0.488219 0.308856
vt 0.482590 0.325774
vt 0.481278 0.343556
vt 0.484334 0.360877
vt 0.491558 0.376601
vt 0.502425 0.389641
vt 0.516082 0.398965
vt 0.530940 0.404109
vt 0.531338 0.402066
vt 0.546679 0.405039
vt 0.562421 0.401567
vt 0.577235 0.393729
vt 0.589847 0.382015
vt 0.599280 0.367207
vt 0.487474 0.326942
vt 0.599987 0.349284
s 0
usemtl Material.011
f 1747/994/2338 1765/995/2338 1699/996/2338
f 1700/997/2339 1837/998/2339 1747/994/2339
f 1837/999/2340 1712/1000/2340 1759/1001/2340
f 1765/1002/2341 1759/1001/2341 1711/1003/2341
f 1696/1004/2342 1838/1005/2342 1767/1006/2342
f 1744/1007/2343 1768/1008/2343 1838/1005/2343
f 1768/1009/2344 1756/1010/2344 1838/1011/2344
f 1838/1011/2345 1708/1012/2345 1767/1013/2345
f 1703/1014/2346 1839/1015/2346 1769/1016/2346
f 1751/1017/2347 1770/1018/2347 1839/1015/2347
f 1770/1019/2348 1763/1020/2348 1839/1021/2348
f 1839/1021/2349 1715/1022/2349 1769/1023/2349
f 1741/1024/2350 1771/1025/2350 1693/1026/2350
f 1694/1027/2351 1840/1028/2351 1741/1024/2351
f 1840/1029/2352 1706/1030/2352 1753/1031/2352
f 1771/1032/2353 1753/1031/2353 1705/1033/2353
f 1748/1034/2354 1766/1035/2354 1700/997/2354
f 1701/1036/2355 1841/1037/2355 1748/1034/2355
f 1841/1038/2356 1713/1039/2356 1760/1040/2356
f 1766/1041/2357 1760/1040/2357 1712/1000/2357
f 1697/1042/2358 1842/1043/2358 1768/1008/2358
f 1745/1044/2359 1774/1045/2359 1842/1043/2359
f 1774/1046/2360 1757/1047/2360 1842/1048/2360
f 1842/1048/2361 1709/1049/2361 1768/1009/2361
f 1704/1050/2362 1843/1051/2362 1770/1018/2362
f 1752/1052/2363 1771/1025/2363 1843/1051/2363
f 1771/1032/2364 1764/1053/2364 1843/1054/2364
f 1843/1054/2365 1716/1055/2365 1770/1019/2365
f 1742/1056/2366 1772/1057/2366 1694/1027/2366
f 1695/1058/2367 1844/1059/2367 1742/1056/2367
f 1844/1060/2368 1707/1061/2368 1754/1062/2368
f 1772/1063/2369 1754/1062/2369 1706/1030/2369
f 1749/1064/2370 1773/1065/2370 1701/1036/2370
f 1702/1066/2371 1845/1067/2371 1749/1064/2371
f 1845/1068/2372 1714/1069/2372 1761/1070/2372
f 1773/1071/2373 1761/1070/2373 1713/1039/2373
f 1698/1072/2374 1846/1073/2374 1774/1045/2374
f 1746/1074/2375 1765/995/2375 1846/1073/2375
f 1765/1002/2376 1758/1075/2376 1846/1076/2376
f 1846/1076/2377 1710/1077/2377 1774/1046/2377
f 1743/1078/2378 1775/1079/2378 1695/1058/2378
f 1696/1004/2379 1847/1080/2379 1743/1078/2379
f 1847/1081/2380 1708/1012/2380 1755/1082/2380
f 1775/1083/2381 1755/1082/2381 1707/1061/2381
f 1702/1066/2382 1848/1084/2382 1776/1085/2382
f 1750/1086/2383 1769/1016/2383 1848/1084/2383
f 1769/1023/2384 1762/1087/2384 1848/1088/2384
f 1848/1088/2385 1714/1069/2385 1776/1089/2385
f 1723/1090/2386 1849/1091/2386 1783/1092/2386
f 1735/1093/2387 1849/1094/2387 1801/1095/2387
f 1795/1096/2388 1802/1097/2388 1849/1094/2388
f 1783/1092/2389 1802/1098/2389 1724/1099/2389
f 1803/1100/2390 1780/1101/2390 1720/1102/2390
f 1803/1103/2391 1792/1104/2391 1850/1105/2391
f 1850/1105/2392 1733/1106/2392 1804/1107/2392
f 1850/1108/2393 1721/1109/2393 1780/1101/2393
f 1805/1110/2394 1787/1111/2394 1727/1112/2394
f 1805/1113/2395 1799/1114/2395 1851/1115/2395
f 1851/1115/2396 1740/1116/2396 1806/1117/2396
f 1851/1118/2397 1728/1119/2397 1787/1111/2397
f 1717/1120/2398 1852/1121/2398 1777/1122/2398
f 1729/1123/2399 1852/1124/2399 1807/1125/2399
f 1789/1126/2400 1808/1127/2400 1852/1124/2400
f 1777/1122/2401 1808/1128/2401 1718/1129/2401
f 1724/1099/2402 1853/1130/2402 1784/1131/2402
f 1736/1132/2403 1853/1133/2403 1802/1097/2403
f 1796/1134/2404 1809/1135/2404 1853/1133/2404
f 1784/1131/2405 1809/1136/2405 1725/1137/2405
f 1804/1138/2406 1781/1139/2406 1721/1109/2406
f 1804/1107/2407 1793/1140/2407 1854/1141/2407
f 1854/1141/2408 1734/1142/2408 1810/1143/2408
f 1854/1144/2409 1722/1145/2409 1781/1139/2409
f 1806/1146/2410 1788/1147/2410 1728/1119/2410
f 1806/1117/2411 1800/1148/2411 1855/1149/2411
f 1855/1149/2412 1729/1123/2412 1807/1125/2412
f 1855/1150/2413 1717/1120/2413 1788/1147/2413
f 1718/1129/2414 1856/1151/2414 1778/1152/2414
f 1730/1153/2415 1856/1154/2415 1808/1127/2415
f 1790/1155/2416 1811/1156/2416 1856/1154/2416
f 1778/1152/2417 1811/1157/2417 1719/1158/2417
f 1725/1137/2418 1857/1159/2418 1785/1160/2418
f 1737/1161/2419 1857/1162/2419 1809/1135/2419
f 1797/1163/2420 1812/1164/2420 1857/1162/2420
f 1785/1160/2421 1812/1165/2421 1726/1166/2421
f 1810/1167/2422 1782/1168/2422 1722/1145/2422
f 1810/1143/2423 1794/1169/2423 1858/1170/2423
f 1858/1170/2424 1735/1093/2424 1801/1095/2424
f 1858/1171/2425 1723/1090/2425 1782/1168/2425
f 1719/1158/2426 1859/1172/2426 1779/1173/2426
f 1731/1174/2427 1859/1175/2427 1811/1156/2427
f 1791/1176/2428 1803/1103/2428 1859/1175/2428
f 1779/1173/2429 1803/1100/2429 1720/1102/2429
f 1812/1165/2430 1786/1177/2430 1726/1166/2430
f 1812/1164/2431 1798/1178/2431 1860/1179/2431
f 1860/1179/2432 1739/1180/2432 1805/1113/2432
f 1860/1181/2433 1727/1112/2433 1786/1177/2433
f 1741/1024/2434 1814/1182/2434 1694/1027/2434
f 1693/1026/2435 1861/1183/2435 1741/1024/2435
f 1813/1184/2436 1777/1122/2436 1861/1183/2436
f 1861/1183/2437 1718/1129/2437 1814/1182/2437
f 1742/1056/2438 1815/1185/2438 1695/1058/2438
f 1694/1027/2439 1862/1186/2439 1742/1056/2439
f 1814/1182/2440 1778/1152/2440 1862/1186/2440
f 1862/1186/2441 1719/1158/2441 1815/1185/2441
f 1743/1078/2442 1816/1187/2442 1696/1004/2442
f 1695/1058/2443 1863/1188/2443 1743/1078/2443
f 1815/1185/2444 1779/1173/2444 1863/1188/2444
f 1863/1188/2445 1720/1102/2445 1816/1187/2445
f 1697/1042/2446 1864/1189/2446 1817/1190/2446
f 1744/1007/2447 1816/1187/2447 1864/1189/2447
f 1864/1189/2448 1720/1102/2448 1780/1101/2448
f 1817/1190/2449 1780/1101/2449 1721/1109/2449
f 1698/1072/2450 1865/1191/2450 1818/1192/2450
f 1745/1044/2451 1817/1190/2451 1865/1191/2451
f 1865/1191/2452 1721/1109/2452 1781/1139/2452
f 1818/1192/2453 1781/1139/2453 1722/1145/2453
f 1699/996/2454 1866/1193/2454 1819/1194/2454
f 1746/1074/2455 1818/1192/2455 1866/1193/2455
f 1866/1193/2456 1722/1145/2456 1782/1168/2456
f 1819/1194/2457 1782/1168/2457 1723/1090/2457
f 1747/994/2458 1820/1195/2458 1700/997/2458
f 1699/996/2436 1867/1196/2436 1747/994/2436
f 1819/1194/2435 1783/1092/2435 1867/1196/2435
f 1867/1196/2459 1724/1099/2459 1820/1195/2459
f 1748/1034/2460 1821/1197/2460 1701/1036/2460
f 1700/997/2461 1868/1198/2461 1748/1034/2461
f 1820/1195/2462 1784/1131/2462 1868/1198/2462
f 1868/1198/2463 1725/1137/2463 1821/1197/2463
f 1749/1064/2464 1822/1199/2464 1702/1066/2464
f 1701/1036/2465 1869/1200/2465 1749/1064/2465
f 1821/1197/2466 1785/1160/2466 1869/1200/2466
f 1869/1200/2467 1726/1166/2467 1822/1199/2467
f 1703/1014/2468 1870/1201/2468 1823/1202/2468
f 1750/1086/2469 1822/1199/2469 1870/1201/2469
f 1870/1201/2470 1726/1166/2470 1786/1177/2470
f 1823/1202/2471 1786/1177/2471 1727/1112/2471
f 1704/1050/2472 1871/1203/2472 1824/1204/2472
f 1751/1017/2473 1823/1202/2473 1871/1203/2473
f 1871/1203/2474 1727/1112/2474 1787/1111/2474
f 1824/1204/2475 1787/1111/2475 1728/1119/2475
f 1693/1026/2457 1872/1205/2457 1813/1184/2457
f 1752/1052/2476 1824/1204/2476 1872/1205/2476
f 1872/1205/2477 1728/1119/2477 1788/1147/2477
f 1813/1184/2454 1788/1147/2454 1717/1120/2454
f 1705/1033/2478 1873/1206/2478 1825/1207/2478
f 1753/1031/2479 1826/1208/2479 1873/1206/2479
f 1873/1206/2480 1730/1153/2480 1789/1126/2480
f 1825/1207/2481 1789/1126/2481 1729/1123/2481
f 1706/1030/2482 1874/1209/2482 1826/1208/2482
f 1754/1062/2483 1827/1210/2483 1874/1209/2483
f 1874/1209/2484 1731/1174/2484 1790/1155/2484
f 1826/1208/2485 1790/1155/2485 1730/1153/2485
f 1707/1061/2486 1875/1211/2486 1827/1210/2486
f 1755/1082/2487 1828/1212/2487 1875/1211/2487
f 1875/1211/2488 1732/1213/2488 1791/1176/2488
f 1827/1210/2489 1791/1176/2489 1731/1174/2489
f 1756/1010/2490 1828/1212/2490 1708/1012/2490
f 1709/1049/2491 1876/1214/2491 1756/1010/2491
f 1829/1215/2492 1792/1104/2492 1876/1214/2492
f 1876/1214/2493 1732/1213/2493 1828/1212/2493
f 1757/1047/2494 1829/1215/2494 1709/1049/2494
f 1710/1077/2495 1877/1216/2495 1757/1047/2495
f 1830/1217/2496 1793/1140/2496 1877/1216/2496
f 1877/1216/2497 1733/1106/2497 1829/1215/2497
f 1758/1075/2498 1830/1217/2498 1710/1077/2498
f 1711/1003/2499 1878/1218/2499 1758/1075/2499
f 1831/1219/2500 1794/1169/2500 1878/1218/2500
f 1878/1218/2501 1734/1142/2501 1830/1217/2501
f 1711/1003/2481 1879/1220/2481 1831/1219/2481
f 1759/1001/2502 1832/1221/2502 1879/1220/2502
f 1879/1220/2503 1736/1132/2503 1795/1096/2503
f 1831/1219/2478 1795/1096/2478 1735/1093/2478
f 1712/1000/2504 1880/1222/2504 1832/1221/2504
f 1760/1040/2505 1833/1223/2505 1880/1222/2505
f 1880/1222/2506 1737/1161/2506 1796/1134/2506
f 1832/1221/2507 1796/1134/2507 1736/1132/2507
f 1713/1039/2508 1881/1224/2508 1833/1223/2508
f 1761/1070/2509 1834/1225/2509 1881/1224/2509
f 1881/1224/2510 1738/1226/2510 1797/1163/2510
f 1833/1223/2511 1797/1163/2511 1737/1161/2511
f 1762/1087/2512 1834/1225/2512 1714/1069/2512
f 1715/1022/2513 1882/1227/2513 1762/1087/2513
f 1835/1228/2514 1798/1178/2514 1882/1227/2514
f 1882/1227/2515 1738/1226/2515 1834/1225/2515
f 1763/1020/2516 1835/1228/2516 1715/1022/2516
f 1716/1055/2517 1883/1229/2517 1763/1020/2517
f 1836/1230/2518 1799/1114/2518 1883/1229/2518
f 1883/1229/2519 1739/1180/2519 1835/1228/2519
f 1764/1053/2520 1836/1230/2520 1716/1055/2520
f 1705/1033/2500 1884/1231/2500 1764/1053/2500
f 1825/1207/2499 1800/1148/2499 1884/1231/2499
f 1884/1231/2521 1740/1116/2521 1836/1230/2521
f 1747/994/2522 1837/998/2522 1765/995/2522
f 1700/997/2523 1766/1035/2523 1837/998/2523
f 1837/999/2524 1766/1041/2524 1712/1000/2524
f 1765/1002/2525 1837/999/2525 1759/1001/2525
f 1696/1004/2526 1744/1007/2526 1838/1005/2526
f 1744/1007/2527 1697/1042/2527 1768/1008/2527
f 1768/1009/2528 1709/1049/2528 1756/1010/2528
f 1838/1011/2529 1756/1010/2529 1708/1012/2529
f 1703/1014/2530 1751/1017/2530 1839/1015/2530
f 1751/1017/2531 1704/1050/2531 1770/1018/2531
f 1770/1019/2532 1716/1055/2532 1763/1020/2532
f 1839/1021/2533 1763/1020/2533 1715/1022/2533
f 1741/1024/2534 1840/1028/2534 1771/1025/2534
f 1694/1027/2535 1772/1057/2535 1840/1028/2535
f 1840/1029/2536 1772/1063/2536 1706/1030/2536
f 1771/1032/2537 1840/1029/2537 1753/1031/2537
f 1748/1034/2538 1841/1037/2538 1766/1035/2538
f 1701/1036/2539 1773/1065/2539 1841/1037/2539
f 1841/1038/2540 1773/1071/2540 1713/1039/2540
f 1766/1041/2541 1841/1038/2541 1760/1040/2541
f 1697/1042/2542 1745/1044/2542 1842/1043/2542
f 1745/1044/2543 1698/1072/2543 1774/1045/2543
f 1774/1046/2544 1710/1077/2544 1757/1047/2544
f 1842/1048/2545 1757/1047/2545 1709/1049/2545
f 1704/1050/2546 1752/1052/2546 1843/1051/2546
f 1752/1052/2547 1693/1026/2547 1771/1025/2547
f 1771/1032/2548 1705/1033/2548 1764/1053/2548
f 1843/1054/2549 1764/1053/2549 1716/1055/2549
f 1742/1056/2550 1844/1059/2550 1772/1057/2550
f 1695/1058/2551 1775/1079/2551 1844/1059/2551
f 1844/1060/2552 1775/1083/2552 1707/1061/2552
f 1772/1063/2553 1844/1060/2553 1754/1062/2553
f 1749/1064/2554 1845/1067/2554 1773/1065/2554
f 1702/1066/2555 1776/1085/2555 1845/1067/2555
f 1845/1068/2556 1776/1089/2556 1714/1069/2556
f 1773/1071/2557 1845/1068/2557 1761/1070/2557
f 1698/1072/2558 1746/1074/2558 1846/1073/2558
f 1746/1074/2559 1699/996/2559 1765/995/2559
f 1765/1002/2560 1711/1003/2560 1758/1075/2560
f 1846/1076/2561 1758/1075/2561 1710/1077/2561
f 1743/1078/2562 1847/1080/2562 1775/1079/2562
f 1696/1004/2563 1767/1006/2563 1847/1080/2563
f 1847/1081/2564 1767/1013/2564 1708/1012/2564
f 1775/1083/2565 1847/1081/2565 1755/1082/2565
f 1702/1066/2566 1750/1086/2566 1848/1084/2566
f 1750/1086/2567 1703/1014/2567 1769/1016/2567
f 1769/1023/2568 1715/1022/2568 1762/1087/2568
f 1848/1088/2569 1762/1087/2569 1714/1069/2569
f 1723/1090/2570 1801/1232/2570 1849/1091/2570
f 1735/1093/2571 1795/1096/2571 1849/1094/2571
f 1795/1096/2572 1736/1132/2572 1802/1097/2572
f 1783/1092/2573 1849/1091/2573 1802/1098/2573
f 1803/1100/2574 1850/1108/2574 1780/1101/2574
f 1803/1103/2575 1732/1213/2575 1792/1104/2575
f 1850/1105/2576 1792/1104/2576 1733/1106/2576
f 1850/1108/2577 1804/1138/2577 1721/1109/2577
f 1805/1110/2578 1851/1118/2578 1787/1111/2578
f 1805/1113/2579 1739/1180/2579 1799/1114/2579
f 1851/1115/2580 1799/1114/2580 1740/1116/2580
f 1851/1118/2581 1806/1146/2581 1728/1119/2581
f 1717/1120/2582 1807/1233/2582 1852/1121/2582
f 1729/1123/2583 1789/1126/2583 1852/1124/2583
f 1789/1126/2584 1730/1153/2584 1808/1127/2584
f 1777/1122/2585 1852/1121/2585 1808/1128/2585
f 1724/1099/2586 1802/1098/2586 1853/1130/2586
f 1736/1132/2587 1796/1134/2587 1853/1133/2587
f 1796/1134/2588 1737/1161/2588 1809/1135/2588
f 1784/1131/2589 1853/1130/2589 1809/1136/2589
f 1804/1138/2590 1854/1144/2590 1781/1139/2590
f 1804/1107/2591 1733/1106/2591 1793/1140/2591
f 1854/1141/2592 1793/1140/2592 1734/1142/2592
f 1854/1144/2593 1810/1167/2593 1722/1145/2593
f 1806/1146/2594 1855/1150/2594 1788/1147/2594
f 1806/1117/2595 1740/1116/2595 1800/1148/2595
f 1855/1149/2596 1800/1148/2596 1729/1123/2596
f 1855/1150/2597 1807/1233/2597 1717/1120/2597
f 1718/1129/2598 1808/1128/2598 1856/1151/2598
f 1730/1153/2599 1790/1155/2599 1856/1154/2599
f 1790/1155/2600 1731/1174/2600 1811/1156/2600
f 1778/1152/2601 1856/1151/2601 1811/1157/2601
f 1725/1137/2602 1809/1136/2602 1857/1159/2602
f 1737/1161/2603 1797/1163/2603 1857/1162/2603
f 1797/1163/2604 1738/1226/2604 1812/1164/2604
f 1785/1160/2605 1857/1159/2605 1812/1165/2605
f 1810/1167/2606 1858/1171/2606 1782/1168/2606
f 1810/1143/2607 1734/1142/2607 1794/1169/2607
f 1858/1170/2608 1794/1169/2608 1735/1093/2608
f 1858/1171/2609 1801/1232/2609 1723/1090/2609
f 1719/1158/2610 1811/1157/2610 1859/1172/2610
f 1731/1174/2611 1791/1176/2611 1859/1175/2611
f 1791/1176/2612 1732/1213/2612 1803/1103/2612
f 1779/1173/2613 1859/1172/2613 1803/1100/2613
f 1812/1165/2614 1860/1181/2614 1786/1177/2614
f 1812/1164/2615 1738/1226/2615 1798/1178/2615
f 1860/1179/2616 1798/1178/2616 1739/1180/2616
f 1860/1181/2617 1805/1110/2617 1727/1112/2617
f 1741/1024/2618 1861/1183/2618 1814/1182/2618
f 1693/1026/2619 1813/1184/2619 1861/1183/2619
f 1813/1184/2620 1717/1120/2620 1777/1122/2620
f 1861/1183/2621 1777/1122/2621 1718/1129/2621
f 1742/1056/2622 1862/1186/2622 1815/1185/2622
f 1694/1027/2623 1814/1182/2623 1862/1186/2623
f 1814/1182/2624 1718/1129/2624 1778/1152/2624
f 1862/1186/2625 1778/1152/2625 1719/1158/2625
f 1743/1078/2626 1863/1188/2626 1816/1187/2626
f 1695/1058/2627 1815/1185/2627 1863/1188/2627
f 1815/1185/2628 1719/1158/2628 1779/1173/2628
f 1863/1188/2629 1779/1173/2629 1720/1102/2629
f 1697/1042/2630 1744/1007/2630 1864/1189/2630
f 1744/1007/2631 1696/1004/2631 1816/1187/2631
f 1864/1189/2632 1816/1187/2632 1720/1102/2632
f 1817/1190/2633 1864/1189/2633 1780/1101/2633
f 1698/1072/2634 1745/1044/2634 1865/1191/2634
f 1745/1044/2635 1697/1042/2635 1817/1190/2635
f 1865/1191/2636 1817/1190/2636 1721/1109/2636
f 1818/1192/2637 1865/1191/2637 1781/1139/2637
f 1699/996/2638 1746/1074/2638 1866/1193/2638
f 1746/1074/2639 1698/1072/2639 1818/1192/2639
f 1866/1193/2640 1818/1192/2640 1722/1145/2640
f 1819/1194/2641 1866/1193/2641 1782/1168/2641
f 1747/994/2621 1867/1196/2621 1820/1195/2621
f 1699/996/2642 1819/1194/2642 1867/1196/2642
f 1819/1194/2619 1723/1090/2619 1783/1092/2619
f 1867/1196/2643 1783/1092/2643 1724/1099/2643
f 1748/1034/2644 1868/1198/2644 1821/1197/2644
f 1700/997/2645 1820/1195/2645 1868/1198/2645
f 1820/1195/2646 1724/1099/2646 1784/1131/2646
f 1868/1198/2647 1784/1131/2647 1725/1137/2647
f 1749/1064/2648 1869/1200/2648 1822/1199/2648
f 1701/1036/2649 1821/1197/2649 1869/1200/2649
f 1821/1197/2650 1725/1137/2650 1785/1160/2650
f 1869/1200/2651 1785/1160/2651 1726/1166/2651
f 1703/1014/2652 1750/1086/2652 1870/1201/2652
f 1750/1086/2653 1702/1066/2653 1822/1199/2653
f 1870/1201/2654 1822/1199/2654 1726/1166/2654
f 1823/1202/2655 1870/1201/2655 1786/1177/2655
f 1704/1050/2656 1751/1017/2656 1871/1203/2656
f 1751/1017/2657 1703/1014/2657 1823/1202/2657
f 1871/1203/2658 1823/1202/2658 1727/1112/2658
f 1824/1204/2659 1871/1203/2659 1787/1111/2659
f 1693/1026/2641 1752/1052/2641 1872/1205/2641
f 1752/1052/2660 1704/1050/2660 1824/1204/2660
f 1872/1205/2661 1824/1204/2661 1728/1119/2661
f 1813/1184/2638 1872/1205/2638 1788/1147/2638
f 1705/1033/2662 1753/1031/2662 1873/1206/2662
f 1753/1031/2663 1706/1030/2663 1826/1208/2663
f 1873/1206/2664 1826/1208/2664 1730/1153/2664
f 1825/1207/2665 1873/1206/2665 1789/1126/2665
f 1706/1030/2666 1754/1062/2666 1874/1209/2666
f 1754/1062/2667 1707/1061/2667 1827/1210/2667
f 1874/1209/2668 1827/1210/2668 1731/1174/2668
f 1826/1208/2669 1874/1209/2669 1790/1155/2669
f 1707/1061/2670 1755/1082/2670 1875/1211/2670
f 1755/1082/2671 1708/1012/2671 1828/1212/2671
f 1875/1211/2672 1828/1212/2672 1732/1213/2672
f 1827/1210/2673 1875/1211/2673 1791/1176/2673
f 1756/1010/2674 1876/1214/2674 1828/1212/2674
f 1709/1049/2675 1829/1215/2675 1876/1214/2675
f 1829/1215/2676 1733/1106/2676 1792/1104/2676
f 1876/1214/2677 1792/1104/2677 1732/1213/2677
f 1757/1047/2678 1877/1216/2678 1829/1215/2678
f 1710/1077/2679 1830/1217/2679 1877/1216/2679
f 1830/1217/2680 1734/1142/2680 1793/1140/2680
f 1877/1216/2681 1793/1140/2681 1733/1106/2681
f 1758/1075/2682 1878/1218/2682 1830/1217/2682
f 1711/1003/2683 1831/1219/2683 1878/1218/2683
f 1831/1219/2684 1735/1093/2684 1794/1169/2684
f 1878/1218/2685 1794/1169/2685 1734/1142/2685
f 1711/1003/2665 1759/1001/2665 1879/1220/2665
f 1759/1001/2686 1712/1000/2686 1832/1221/2686
f 1879/1220/2687 1832/1221/2687 1736/1132/2687
f 1831/1219/2662 1879/1220/2662 1795/1096/2662
f 1712/1000/2688 1760/1040/2688 1880/1222/2688
f 1760/1040/2689 1713/1039/2689 1833/1223/2689
f 1880/1222/2690 1833/1223/2690 1737/1161/2690
f 1832/1221/2691 1880/1222/2691 1796/1134/2691
f 1713/1039/2692 1761/1070/2692 1881/1224/2692
f 1761/1070/2693 1714/1069/2693 1834/1225/2693
f 1881/1224/2694 1834/1225/2694 1738/1226/2694
f 1833/1223/2695 1881/1224/2695 1797/1163/2695
f 1762/1087/2696 1882/1227/2696 1834/1225/2696
f 1715/1022/2697 1835/1228/2697 1882/1227/2697
f 1835/1228/2698 1739/1180/2698 1798/1178/2698
f 1882/1227/2699 1798/1178/2699 1738/1226/2699
f 1763/1020/2700 1883/1229/2700 1835/1228/2700
f 1716/1055/2701 1836/1230/2701 1883/1229/2701
f 1836/1230/2702 1740/1116/2702 1799/1114/2702
f 1883/1229/2703 1799/1114/2703 1739/1180/2703
f 1764/1053/2704 1884/1231/2704 1836/1230/2704
f 1705/1033/2684 1825/1207/2684 1884/1231/2684
f 1825/1207/2683 1729/1123/2683 1800/1148/2683
f 1884/1231/2705 1800/1148/2705 1740/1116/2705
usemtl Material.012
f 1939/994/2338 1957/995/2338 1891/996/2338
f 1892/997/2339 2029/998/2339 1939/994/2339
f 2029/999/2340 1904/1000/2340 1951/1001/2340
f 1957/1002/2341 1951/1001/2341 1903/1003/2341
f 1888/1004/2342 2030/1005/2342 1959/1006/2342
f 1936/1007/2706 1960/1008/2706 2030/1005/2706
f 1960/1009/2344 1948/1010/2344 2030/1011/2344
f 2030/1011/2707 1900/1012/2707 1959/1013/2707
f 1895/1014/2346 2031/1015/2346 1961/1016/2346
f 1943/1017/2347 1962/1018/2347 2031/1015/2347
f 1962/1019/2348 1955/1020/2348 2031/1021/2348
f 2031/1021/2349 1907/1022/2349 1961/1023/2349
f 1933/1024/2350 1963/1025/2350 1885/1026/2350
f 1886/1027/2351 2032/1028/2351 1933/1024/2351
f 2032/1029/2352 1898/1030/2352 1945/1031/2352
f 1963/1032/2353 1945/1031/2353 1897/1033/2353
f 1940/1034/2354 1958/1035/2354 1892/997/2354
f 1893/1036/2355 2033/1037/2355 1940/1034/2355
f 2033/1038/2356 1905/1039/2356 1952/1040/2356
f 1958/1041/2357 1952/1040/2357 1904/1000/2357
f 1889/1042/2358 2034/1043/2358 1960/1008/2358
f 1937/1044/2359 1966/1045/2359 2034/1043/2359
f 1966/1046/2360 1949/1047/2360 2034/1048/2360
f 2034/1048/2361 1901/1049/2361 1960/1009/2361
f 1896/1050/2362 2035/1051/2362 1962/1018/2362
f 1944/1052/2363 1963/1025/2363 2035/1051/2363
f 1963/1032/2364 1956/1053/2364 2035/1054/2364
f 2035/1054/2365 1908/1055/2365 1962/1019/2365
f 1934/1056/2366 1964/1057/2366 1886/1027/2366
f 1887/1058/2367 2036/1059/2367 1934/1056/2367
f 2036/1060/2368 1899/1061/2368 1946/1062/2368
f 1964/1063/2369 1946/1062/2369 1898/1030/2369
f 1941/1064/2370 1965/1065/2370 1893/1036/2370
f 1894/1066/2371 2037/1067/2371 1941/1064/2371
f 2037/1068/2372 1906/1069/2372 1953/1070/2372
f 1965/1071/2373 1953/1070/2373 1905/1039/2373
f 1890/1072/2374 2038/1073/2374 1966/1045/2374
f 1938/1074/2375 1957/995/2375 2038/1073/2375
f 1957/1002/2376 1950/1075/2376 2038/1076/2376
f 2038/1076/2377 1902/1077/2377 1966/1046/2377
f 1935/1078/2378 1967/1079/2378 1887/1058/2378
f 1888/1004/2379 2039/1080/2379 1935/1078/2379
f 2039/1081/2380 1900/1012/2380 1947/1082/2380
f 1967/1083/2381 1947/1082/2381 1899/1061/2381
f 1894/1066/2382 2040/1084/2382 1968/1085/2382
f 1942/1086/2708 1961/1016/2708 2040/1084/2708
f 1961/1023/2709 1954/1087/2709 2040/1088/2709
f 2040/1088/2385 1906/1069/2385 1968/1089/2385
f 1915/1090/2386 2041/1091/2386 1975/1092/2386
f 1927/1093/2387 2041/1094/2387 1993/1095/2387
f 1987/1096/2388 1994/1097/2388 2041/1094/2388
f 1975/1092/2389 1994/1098/2389 1916/1099/2389
f 1995/1100/2390 1972/1101/2390 1912/1102/2390
f 1995/1103/2391 1984/1104/2391 2042/1105/2391
f 2042/1105/2392 1925/1106/2392 1996/1107/2392
f 2042/1108/2393 1913/1109/2393 1972/1101/2393
f 1997/1110/2394 1979/1111/2394 1919/1112/2394
f 1997/1113/2395 1991/1114/2395 2043/1115/2395
f 2043/1115/2710 1932/1116/2710 1998/1117/2710
f 2043/1118/2397 1920/1119/2397 1979/1111/2397
f 1909/1120/2398 2044/1121/2398 1969/1122/2398
f 1921/1123/2399 2044/1124/2399 1999/1125/2399
f 1981/1126/2400 2000/1127/2400 2044/1124/2400
f 1969/1122/2401 2000/1128/2401 1910/1129/2401
f 1916/1099/2402 2045/1130/2402 1976/1131/2402
f 1928/1132/2711 2045/1133/2711 1994/1097/2711
f 1988/1134/2404 2001/1135/2404 2045/1133/2404
f 1976/1131/2405 2001/1136/2405 1917/1137/2405
f 1996/1138/2406 1973/1139/2406 1913/1109/2406
f 1996/1107/2407 1985/1140/2407 2046/1141/2407
f 2046/1141/2712 1926/1142/2712 2002/1143/2712
f 2046/1144/2409 1914/1145/2409 1973/1139/2409
f 1998/1146/2410 1980/1147/2410 1920/1119/2410
f 1998/1117/2411 1992/1148/2411 2047/1149/2411
f 2047/1149/2412 1921/1123/2412 1999/1125/2412
f 2047/1150/2413 1909/1120/2413 1980/1147/2413
f 1910/1129/2414 2048/1151/2414 1970/1152/2414
f 1922/1153/2713 2048/1154/2713 2000/1127/2713
f 1982/1155/2416 2003/1156/2416 2048/1154/2416
f 1970/1152/2417 2003/1157/2417 1911/1158/2417
f 1917/1137/2418 2049/1159/2418 1977/1160/2418
f 1929/1161/2714 2049/1162/2714 2001/1135/2714
f 1989/1163/2420 2004/1164/2420 2049/1162/2420
f 1977/1160/2421 2004/1165/2421 1918/1166/2421
f 2002/1167/2422 1974/1168/2422 1914/1145/2422
f 2002/1143/2423 1986/1169/2423 2050/1170/2423
f 2050/1170/2424 1927/1093/2424 1993/1095/2424
f 2050/1171/2715 1915/1090/2715 1974/1168/2715
f 1911/1158/2426 2051/1172/2426 1971/1173/2426
f 1923/1174/2716 2051/1175/2716 2003/1156/2716
f 1983/1176/2428 1995/1103/2428 2051/1175/2428
f 1971/1173/2429 1995/1100/2429 1912/1102/2429
f 2004/1165/2430 1978/1177/2430 1918/1166/2430
f 2004/1164/2431 1990/1178/2431 2052/1179/2431
f 2052/1179/2717 1931/1180/2717 1997/1113/2717
f 2052/1181/2433 1919/1112/2433 1978/1177/2433
f 1933/1024/2434 2006/1182/2434 1886/1027/2434
f 1885/1026/2435 2053/1183/2435 1933/1024/2435
f 2005/1184/2436 1969/1122/2436 2053/1183/2436
f 2053/1183/2437 1910/1129/2437 2006/1182/2437
f 1934/1056/2438 2007/1185/2438 1887/1058/2438
f 1886/1027/2439 2054/1186/2439 1934/1056/2439
f 2006/1182/2440 1970/1152/2440 2054/1186/2440
f 2054/1186/2441 1911/1158/2441 2007/1185/2441
f 1935/1078/2442 2008/1187/2442 1888/1004/2442
f 1887/1058/2443 2055/1188/2443 1935/1078/2443
f 2007/1185/2718 1971/1173/2718 2055/1188/2718
f 2055/1188/2445 1912/1102/2445 2008/1187/2445
f 1889/1042/2446 2056/1189/2446 2009/1190/2446
f 1936/1007/2447 2008/1187/2447 2056/1189/2447
f 2056/1189/2448 1912/1102/2448 1972/1101/2448
f 2009/1190/2449 1972/1101/2449 1913/1109/2449
f 1890/1072/2450 2057/1191/2450 2010/1192/2450
f 1937/1044/2451 2009/1190/2451 2057/1191/2451
f 2057/1191/2452 1913/1109/2452 1973/1139/2452
f 2010/1192/2719 1973/1139/2719 1914/1145/2719
f 1891/996/2454 2058/1193/2454 2011/1194/2454
f 1938/1074/2720 2010/1192/2720 2058/1193/2720
f 2058/1193/2456 1914/1145/2456 1974/1168/2456
f 2011/1194/2457 1974/1168/2457 1915/1090/2457
f 1939/994/2458 2012/1195/2458 1892/997/2458
f 1891/996/2436 2059/1196/2436 1939/994/2436
f 2011/1194/2435 1975/1092/2435 2059/1196/2435
f 2059/1196/2459 1916/1099/2459 2012/1195/2459
f 1940/1034/2721 2013/1197/2721 1893/1036/2721
f 1892/997/2461 2060/1198/2461 1940/1034/2461
f 2012/1195/2462 1976/1131/2462 2060/1198/2462
f 2060/1198/2463 1917/1137/2463 2013/1197/2463
f 1941/1064/2464 2014/1199/2464 1894/1066/2464
f 1893/1036/2465 2061/1200/2465 1941/1064/2465
f 2013/1197/2466 1977/1160/2466 2061/1200/2466
f 2061/1200/2467 1918/1166/2467 2014/1199/2467
f 1895/1014/2468 2062/1201/2468 2015/1202/2468
f 1942/1086/2469 2014/1199/2469 2062/1201/2469
f 2062/1201/2470 1918/1166/2470 1978/1177/2470
f 2015/1202/2471 1978/1177/2471 1919/1112/2471
f 1896/1050/2472 2063/1203/2472 2016/1204/2472
f 1943/1017/2473 2015/1202/2473 2063/1203/2473
f 2063/1203/2474 1919/1112/2474 1979/1111/2474
f 2016/1204/2475 1979/1111/2475 1920/1119/2475
f 1885/1026/2457 2064/1205/2457 2005/1184/2457
f 1944/1052/2476 2016/1204/2476 2064/1205/2476
f 2064/1205/2477 1920/1119/2477 1980/1147/2477
f 2005/1184/2454 1980/1147/2454 1909/1120/2454
f 1897/1033/2478 2065/1206/2478 2017/1207/2478
f 1945/1031/2503 2018/1208/2503 2065/1206/2503
f 2065/1206/2480 1922/1153/2480 1981/1126/2480
f 2017/1207/2481 1981/1126/2481 1921/1123/2481
f 1898/1030/2722 2066/1209/2722 2018/1208/2722
f 1946/1062/2483 2019/1210/2483 2066/1209/2483
f 2066/1209/2484 1923/1174/2484 1982/1155/2484
f 2018/1208/2485 1982/1155/2485 1922/1153/2485
f 1899/1061/2486 2067/1211/2486 2019/1210/2486
f 1947/1082/2487 2020/1212/2487 2067/1211/2487
f 2067/1211/2488 1924/1213/2488 1983/1176/2488
f 2019/1210/2489 1983/1176/2489 1923/1174/2489
f 1948/1010/2490 2020/1212/2490 1900/1012/2490
f 1901/1049/2491 2068/1214/2491 1948/1010/2491
f 2021/1215/2723 1984/1104/2723 2068/1214/2723
f 2068/1214/2493 1924/1213/2493 2020/1212/2493
f 1949/1047/2494 2021/1215/2494 1901/1049/2494
f 1902/1077/2495 2069/1216/2495 1949/1047/2495
f 2022/1217/2496 1985/1140/2496 2069/1216/2496
f 2069/1216/2497 1925/1106/2497 2021/1215/2497
f 1950/1075/2724 2022/1217/2724 1902/1077/2724
f 1903/1003/2499 2070/1218/2499 1950/1075/2499
f 2023/1219/2500 1986/1169/2500 2070/1218/2500
f 2070/1218/2501 1926/1142/2501 2022/1217/2501
f 1903/1003/2481 2071/1220/2481 2023/1219/2481
f 1951/1001/2725 2024/1221/2725 2071/1220/2725
f 2071/1220/2726 1928/1132/2726 1987/1096/2726
f 2023/1219/2478 1987/1096/2478 1927/1093/2478
f 1904/1000/2504 2072/1222/2504 2024/1221/2504
f 1952/1040/2505 2025/1223/2505 2072/1222/2505
f 2072/1222/2506 1929/1161/2506 1988/1134/2506
f 2024/1221/2507 1988/1134/2507 1928/1132/2507
f 1905/1039/2508 2073/1224/2508 2025/1223/2508
f 1953/1070/2509 2026/1225/2509 2073/1224/2509
f 2073/1224/2510 1930/1226/2510 1989/1163/2510
f 2025/1223/2511 1989/1163/2511 1929/1161/2511
f 1954/1087/2512 2026/1225/2512 1906/1069/2512
f 1907/1022/2513 2074/1227/2513 1954/1087/2513
f 2027/1228/2727 1990/1178/2727 2074/1227/2727
f 2074/1227/2515 1930/1226/2515 2026/1225/2515
f 1955/1020/2516 2027/1228/2516 1907/1022/2516
f 1908/1055/2517 2075/1229/2517 1955/1020/2517
f 2028/1230/2518 1991/1114/2518 2075/1229/2518
f 2075/1229/2519 1931/1180/2519 2027/1228/2519
f 1956/1053/2520 2028/1230/2520 1908/1055/2520
f 1897/1033/2500 2076/1231/2500 1956/1053/2500
f 2017/1207/2499 1992/1148/2499 2076/1231/2499
f 2076/1231/2521 1932/1116/2521 2028/1230/2521
f 1939/994/2728 2029/998/2728 1957/995/2728
f 1892/997/2523 1958/1035/2523 2029/998/2523
f 2029/999/2524 1958/1041/2524 1904/1000/2524
f 1957/1002/2525 2029/999/2525 1951/1001/2525
f 1888/1004/2526 1936/1007/2526 2030/1005/2526
f 1936/1007/2527 1889/1042/2527 1960/1008/2527
f 1960/1009/2528 1901/1049/2528 1948/1010/2528
f 2030/1011/2529 1948/1010/2529 1900/1012/2529
f 1895/1014/2530 1943/1017/2530 2031/1015/2530
f 1943/1017/2531 1896/1050/2531 1962/1018/2531
f 1962/1019/2532 1908/1055/2532 1955/1020/2532
f 2031/1021/2533 1955/1020/2533 1907/1022/2533
f 1933/1024/2534 2032/1028/2534 1963/1025/2534
f 1886/1027/2535 1964/1057/2535 2032/1028/2535
f 2032/1029/2536 1964/1063/2536 1898/1030/2536
f 1963/1032/2537 2032/1029/2537 1945/1031/2537
f 1940/1034/2729 2033/1037/2729 1958/1035/2729
f 1893/1036/2730 1965/1065/2730 2033/1037/2730
f 2033/1038/2540 1965/1071/2540 1905/1039/2540
f 1958/1041/2731 2033/1038/2731 1952/1040/2731
f 1889/1042/2542 1937/1044/2542 2034/1043/2542
f 1937/1044/2543 1890/1072/2543 1966/1045/2543
f 1966/1046/2544 1902/1077/2544 1949/1047/2544
f 2034/1048/2545 1949/1047/2545 1901/1049/2545
f 1896/1050/2546 1944/1052/2546 2035/1051/2546
f 1944/1052/2547 1885/1026/2547 1963/1025/2547
f 1963/1032/2548 1897/1033/2548 1956/1053/2548
f 2035/1054/2549 1956/1053/2549 1908/1055/2549
f 1934/1056/2732 2036/1059/2732 1964/1057/2732
f 1887/1058/2733 1967/1079/2733 2036/1059/2733
f 2036/1060/2552 1967/1083/2552 1899/1061/2552
f 1964/1063/2734 2036/1060/2734 1946/1062/2734
f 1941/1064/2735 2037/1067/2735 1965/1065/2735
f 1894/1066/2555 1968/1085/2555 2037/1067/2555
f 2037/1068/2736 1968/1089/2736 1906/1069/2736
f 1965/1071/2557 2037/1068/2557 1953/1070/2557
f 1890/1072/2558 1938/1074/2558 2038/1073/2558
f 1938/1074/2559 1891/996/2559 1957/995/2559
f 1957/1002/2560 1903/1003/2560 1950/1075/2560
f 2038/1076/2561 1950/1075/2561 1902/1077/2561
f 1935/1078/2562 2039/1080/2562 1967/1079/2562
f 1888/1004/2737 1959/1006/2737 2039/1080/2737
f 2039/1081/2564 1959/1013/2564 1900/1012/2564
f 1967/1083/2565 2039/1081/2565 1947/1082/2565
f 1894/1066/2566 1942/1086/2566 2040/1084/2566
f 1942/1086/2567 1895/1014/2567 1961/1016/2567
f 1961/1023/2568 1907/1022/2568 1954/1087/2568
f 2040/1088/2569 1954/1087/2569 1906/1069/2569
f 1915/1090/2570 1993/1232/2570 2041/1091/2570
f 1927/1093/2571 1987/1096/2571 2041/1094/2571
f 1987/1096/2572 1928/1132/2572 1994/1097/2572
f 1975/1092/2573 2041/1091/2573 1994/1098/2573
f 1995/1100/2574 2042/1108/2574 1972/1101/2574
f 1995/1103/2575 1924/1213/2575 1984/1104/2575
f 2042/1105/2576 1984/1104/2576 1925/1106/2576
f 2042/1108/2577 1996/1138/2577 1913/1109/2577
f 1997/1110/2578 2043/1118/2578 1979/1111/2578
f 1997/1113/2579 1931/1180/2579 1991/1114/2579
f 2043/1115/2738 1991/1114/2738 1932/1116/2738
f 2043/1118/2739 1998/1146/2739 1920/1119/2739
f 1909/1120/2582 1999/1233/2582 2044/1121/2582
f 1921/1123/2583 1981/1126/2583 2044/1124/2583
f 1981/1126/2584 1922/1153/2584 2000/1127/2584
f 1969/1122/2585 2044/1121/2585 2000/1128/2585
f 1916/1099/2740 1994/1098/2740 2045/1130/2740
f 1928/1132/2741 1988/1134/2741 2045/1133/2741
f 1988/1134/2588 1929/1161/2588 2001/1135/2588
f 1976/1131/2589 2045/1130/2589 2001/1136/2589
f 1996/1138/2590 2046/1144/2590 1973/1139/2590
f 1996/1107/2591 1925/1106/2591 1985/1140/2591
f 2046/1141/2592 1985/1140/2592 1926/1142/2592
f 2046/1144/2742 2002/1167/2742 1914/1145/2742
f 1998/1146/2594 2047/1150/2594 1980/1147/2594
f 1998/1117/2595 1932/1116/2595 1992/1148/2595
f 2047/1149/2596 1992/1148/2596 1921/1123/2596
f 2047/1150/2597 1999/1233/2597 1909/1120/2597
f 1910/1129/2743 2000/1128/2743 2048/1151/2743
f 1922/1153/2744 1982/1155/2744 2048/1154/2744
f 1982/1155/2600 1923/1174/2600 2003/1156/2600
f 1970/1152/2601 2048/1151/2601 2003/1157/2601
f 1917/1137/2602 2001/1136/2602 2049/1159/2602
f 1929/1161/2603 1989/1163/2603 2049/1162/2603
f 1989/1163/2604 1930/1226/2604 2004/1164/2604
f 1977/1160/2605 2049/1159/2605 2004/1165/2605
f 2002/1167/2606 2050/1171/2606 1974/1168/2606
f 2002/1143/2607 1926/1142/2607 1986/1169/2607
f 2050/1170/2608 1986/1169/2608 1927/1093/2608
f 2050/1171/2609 1993/1232/2609 1915/1090/2609
f 1911/1158/2745 2003/1157/2745 2051/1172/2745
f 1923/1174/2611 1983/1176/2611 2051/1175/2611
f 1983/1176/2612 1924/1213/2612 1995/1103/2612
f 1971/1173/2613 2051/1172/2613 1995/1100/2613
f 2004/1165/2614 2052/1181/2614 1978/1177/2614
f 2004/1164/2615 1930/1226/2615 1990/1178/2615
f 2052/1179/2616 1990/1178/2616 1931/1180/2616
f 2052/1181/2746 1997/1110/2746 1919/1112/2746
f 1933/1024/2618 2053/1183/2618 2006/1182/2618
f 1885/1026/2619 2005/1184/2619 2053/1183/2619
f 2005/1184/2642 1909/1120/2642 1969/1122/2642
f 2053/1183/2747 1969/1122/2747 1910/1129/2747
f 1934/1056/2622 2054/1186/2622 2007/1185/2622
f 1886/1027/2748 2006/1182/2748 2054/1186/2748
f 2006/1182/2624 1910/1129/2624 1970/1152/2624
f 2054/1186/2625 1970/1152/2625 1911/1158/2625
f 1935/1078/2626 2055/1188/2626 2008/1187/2626
f 1887/1058/2627 2007/1185/2627 2055/1188/2627
f 2007/1185/2628 1911/1158/2628 1971/1173/2628
f 2055/1188/2629 1971/1173/2629 1912/1102/2629
f 1889/1042/2630 1936/1007/2630 2056/1189/2630
f 1936/1007/2631 1888/1004/2631 2008/1187/2631
f 2056/1189/2632 2008/1187/2632 1912/1102/2632
f 2009/1190/2749 2056/1189/2749 1972/1101/2749
f 1890/1072/2634 1937/1044/2634 2057/1191/2634
f 1937/1044/2750 1889/1042/2750 2009/1190/2750
f 2057/1191/2636 2009/1190/2636 1913/1109/2636
f 2010/1192/2637 2057/1191/2637 1973/1139/2637
f 1891/996/2638 1938/1074/2638 2058/1193/2638
f 1938/1074/2639 1890/1072/2639 2010/1192/2639
f 2058/1193/2640 2010/1192/2640 1914/1145/2640
f 2011/1194/2641 2058/1193/2641 1974/1168/2641
f 1939/994/2751 2059/1196/2751 2012/1195/2751
f 1891/996/2642 2011/1194/2642 2059/1196/2642
f 2011/1194/2619 1915/1090/2619 1975/1092/2619
f 2059/1196/2643 1975/1092/2643 1916/1099/2643
f 1940/1034/2644 2060/1198/2644 2013/1197/2644
f 1892/997/2645 2012/1195/2645 2060/1198/2645
f 2012/1195/2646 1916/1099/2646 1976/1131/2646
f 2060/1198/2647 1976/1131/2647 1917/1137/2647
f 1941/1064/2648 2061/1200/2648 2014/1199/2648
f 1893/1036/2649 2013/1197/2649 2061/1200/2649
f 2013/1197/2650 1917/1137/2650 1977/1160/2650
f 2061/1200/2651 1977/1160/2651 1918/1166/2651
f 1895/1014/2652 1942/1086/2652 2062/1201/2652
f 1942/1086/2653 1894/1066/2653 2014/1199/2653
f 2062/1201/2654 2014/1199/2654 1918/1166/2654
f 2015/1202/2655 2062/1201/2655 1978/1177/2655
f 1896/1050/2656 1943/1017/2656 2063/1203/2656
f 1943/1017/2752 1895/1014/2752 2015/1202/2752
f 2063/1203/2658 2015/1202/2658 1919/1112/2658
f 2016/1204/2659 2063/1203/2659 1979/1111/2659
f 1885/1026/2641 1944/1052/2641 2064/1205/2641
f 1944/1052/2660 1896/1050/2660 2016/1204/2660
f 2064/1205/2661 2016/1204/2661 1920/1119/2661
f 2005/1184/2638 2064/1205/2638 1980/1147/2638
f 1897/1033/2662 1945/1031/2662 2065/1206/2662
f 1945/1031/2663 1898/1030/2663 2018/1208/2663
f 2065/1206/2753 2018/1208/2753 1922/1153/2753
f 2017/1207/2665 2065/1206/2665 1981/1126/2665
f 1898/1030/2666 1946/1062/2666 2066/1209/2666
f 1946/1062/2667 1899/1061/2667 2019/1210/2667
f 2066/1209/2668 2019/1210/2668 1923/1174/2668
f 2018/1208/2669 2066/1209/2669 1982/1155/2669
f 1899/1061/2670 1947/1082/2670 2067/1211/2670
f 1947/1082/2671 1900/1012/2671 2020/1212/2671
f 2067/1211/2672 2020/1212/2672 1924/1213/2672
f 2019/1210/2754 2067/1211/2754 1983/1176/2754
f 1948/1010/2674 2068/1214/2674 2020/1212/2674
f 1901/1049/2675 2021/1215/2675 2068/1214/2675
f 2021/1215/2676 1925/1106/2676 1984/1104/2676
f 2068/1214/2677 1984/1104/2677 1924/1213/2677
f 1949/1047/2678 2069/1216/2678 2021/1215/2678
f 1902/1077/2755 2022/1217/2755 2069/1216/2755
f 2022/1217/2680 1926/1142/2680 1985/1140/2680
f 2069/1216/2681 1985/1140/2681 1925/1106/2681
f 1950/1075/2705 2070/1218/2705 2022/1217/2705
f 1903/1003/2683 2023/1219/2683 2070/1218/2683
f 2023/1219/2684 1927/1093/2684 1986/1169/2684
f 2070/1218/2756 1986/1169/2756 1926/1142/2756
f 1903/1003/2665 1951/1001/2665 2071/1220/2665
f 1951/1001/2757 1904/1000/2757 2024/1221/2757
f 2071/1220/2758 2024/1221/2758 1928/1132/2758
f 2023/1219/2662 2071/1220/2662 1987/1096/2662
f 1904/1000/2688 1952/1040/2688 2072/1222/2688
f 1952/1040/2759 1905/1039/2759 2025/1223/2759
f 2072/1222/2690 2025/1223/2690 1929/1161/2690
f 2024/1221/2691 2072/1222/2691 1988/1134/2691
f 1905/1039/2692 1953/1070/2692 2073/1224/2692
f 1953/1070/2693 1906/1069/2693 2026/1225/2693
f 2073/1224/2694 2026/1225/2694 1930/1226/2694
f 2025/1223/2695 2073/1224/2695 1989/1163/2695
f 1954/1087/2696 2074/1227/2696 2026/1225/2696
f 1907/1022/2697 2027/1228/2697 2074/1227/2697
f 2027/1228/2698 1931/1180/2698 1990/1178/2698
f 2074/1227/2699 1990/1178/2699 1930/1226/2699
f 1955/1020/2700 2075/1229/2700 2027/1228/2700
f 1908/1055/2760 2028/1230/2760 2075/1229/2760
f 2028/1230/2702 1932/1116/2702 1991/1114/2702
f 2075/1229/2703 1991/1114/2703 1931/1180/2703
f 1956/1053/2685 2076/1231/2685 2028/1230/2685
f 1897/1033/2684 2017/1207/2684 2076/1231/2684
f 2017/1207/2683 1921/1123/2683 1992/1148/2683
f 2076/1231/2761 1992/1148/2761 1932/1116/2761
