# Blender 4.1.0
# www.blender.org
mtllib hz.mtl
o z1
v -134.831909 -1.875002 420.923401
v -275.689819 -1.875015 477.508972
v -126.825722 -1.875000 444.122009
v -134.831909 1.875056 420.923401
v -126.825722 1.875059 444.122009
v -294.287018 -1.875015 509.720245
v -321.207611 -1.875034 331.895416
v -294.287018 1.875044 509.720245
v -321.207611 1.875012 331.895416
v -275.689819 1.875043 477.508972
v -297.113983 1.875015 327.229706
v -297.113983 -1.875031 327.229706
v -431.946075 -1.875049 93.693542
v -551.379639 -1.875067 -0.000198
v -448.033569 -1.875049 112.226364
v -431.946075 1.875009 93.693542
v -448.033569 1.875009 112.226364
v -588.573975 -1.875069 -0.000214
v -448.033478 -1.875068 -112.226585
v -588.573975 1.874989 -0.000214
v -448.033478 1.874978 -112.226585
v -551.379639 1.874991 -0.000198
v -431.945984 1.874980 -93.693726
v -431.945984 -1.875066 -93.693726
v 297.114685 -1.874962 327.229980
v 275.690369 -1.874959 477.509399
v 321.208405 -1.874959 331.895752
v 297.114685 1.875096 327.229980
v 321.208405 1.875099 331.895752
v 294.287476 -1.874954 509.720551
v 126.826324 -1.874982 444.122070
v 294.287476 1.875105 509.720551
v 126.826324 1.875064 444.122070
v 275.690369 1.875099 477.509399
v 134.832550 1.875064 420.923553
v 134.832550 -1.874982 420.923553
v 431.947083 -1.874969 -93.693497
v 551.380615 -1.874954 0.000244
v 448.034546 -1.874968 -112.226318
v 431.947083 1.875089 -93.693497
v 448.034546 1.875090 -112.226318
v 588.574951 -1.874949 0.000259
v 448.034424 -1.874966 112.226616
v 588.574951 1.875108 0.000259
v 448.034424 1.875080 112.226616
v 551.380615 1.875104 0.000244
v 431.946960 1.875078 93.693748
v 431.946960 -1.874968 93.693748
v 134.832916 -1.875016 -420.923492
v 275.690826 -1.875006 -477.509033
v 126.826729 -1.875018 -444.122070
v 134.832916 1.875042 -420.923492
v 126.826729 1.875041 -444.122070
v 294.288055 -1.875005 -509.720276
v 321.208649 -1.875000 -331.895447
v 294.288055 1.875054 -509.720276
v 321.208649 1.875045 -331.895447
v 275.690826 1.875052 -477.509033
v 297.114990 1.875043 -327.229767
v 297.114990 -1.875003 -327.229767
v -297.113739 -1.875056 -327.229919
v -275.689453 -1.875062 -477.509338
v -321.207458 -1.875057 -331.895752
v -297.113739 1.875002 -327.229919
v -321.207458 1.875001 -331.895752
v -294.286560 -1.875065 -509.720520
v -126.825394 -1.875052 -444.122070
v -294.286560 1.874992 -509.720520
v -126.825394 1.874993 -444.122070
v -275.689453 1.874996 -477.509338
v -134.831589 1.874994 -420.923523
v -134.831589 -1.875052 -420.923523
v 911.723267 3.049864 -526.382202
v 911.723267 -3.049631 -526.382202
v 716.148254 -3.049653 -318.963226
v 843.734253 -3.049639 -487.128784
v 634.305542 -3.049663 -460.719177
v 522.947266 3.049822 -438.900116
v 522.947266 -3.049687 -438.900116
v 536.296387 -3.049674 -415.792175
v 647.601562 -3.049661 -437.703857
v 634.305542 3.049833 -460.719177
v 536.296387 3.049822 -415.792175
v 647.601562 3.049833 -437.703857
v 843.734253 3.049855 -487.128784
v 716.148254 3.049841 -318.963226
v 702.864441 3.049839 -341.985596
v 702.864441 -3.049655 -341.985596
v 628.235535 3.049831 -256.548553
v 628.235535 -3.049664 -256.548553
v 599.678833 3.049828 -231.877609
v 599.678833 -3.049681 -231.877609
v 641.573120 -3.049677 -233.433838
v 613.104065 -3.049680 -208.611771
v 641.573120 3.049832 -233.433838
v 613.104065 3.049829 -208.611771
v 555.746460 3.049823 -194.164124
v 569.315857 3.049824 -170.650482
v 569.315857 -3.049685 -170.650482
v 555.746460 -3.049686 -194.164124
v 496.855621 -3.049694 -148.551895
v 510.599030 -3.049691 -124.739746
v 418.276917 -3.049703 -110.337631
v 432.176575 -3.049700 -86.262802
v 496.855621 3.049815 -148.551895
v 510.599030 3.049818 -124.739746
v 432.176575 3.049809 -86.262802
v 418.276917 3.049806 -110.337631
v 287.315918 3.049790 -81.157684
v 268.475281 3.049786 -49.787857
v 287.315918 -3.049719 -81.157684
v 268.475281 -3.049722 -49.787857
v 500.652344 3.049818 -403.396851
v 487.216187 3.049818 -426.656372
v 446.025208 3.049811 -384.207153
v 500.652344 -3.049691 -403.396851
v 446.025208 -3.049697 -384.207153
v 487.216187 -3.049691 -426.656372
v 432.446625 -3.049698 -407.715485
v 377.078491 -3.049706 -356.012451
v 363.328339 -3.049706 -379.820648
v 304.694550 -3.049714 -307.068634
v 290.794922 -3.049715 -331.143463
v 377.078491 3.049803 -356.012451
v 363.328339 3.049803 -379.820648
v 290.794922 3.049794 -331.143463
v 432.446625 3.049811 -407.715485
v 304.694550 3.049795 -307.068634
v 213.943237 -3.049727 -208.243225
v 213.943237 3.049782 -208.243225
v 177.355865 3.049778 -207.611725
v 177.355865 -3.049731 -207.611725
v -402.636505 5.585154 232.462585
v -402.636505 -5.585267 232.462585
v 0.000290 5.585214 -464.925232
v 402.637543 5.585256 232.462570
v 354.397858 5.888495 204.611374
v 0.000290 5.888462 -409.222900
v -354.396851 5.888406 204.611420
v 0.000291 -5.888453 -409.222900
v -354.396851 -5.888509 204.611420
v 354.397858 -5.888403 204.611374
v 402.637543 -5.585149 232.462570
v 0.000291 -5.585207 -464.925232
v -402.636597 5.585130 -232.462601
v 0.000534 5.585225 464.925171
v -402.636597 -5.585290 -232.462601
v 402.637512 5.585267 -232.462738
v 0.000535 -5.585179 464.925171
v 0.000504 -5.888428 409.222839
v -354.396851 -5.888529 -204.611404
v 402.637512 -5.585154 -232.462738
v -354.396851 5.888386 -204.611404
v 354.397827 -5.888406 -204.611572
v 354.397827 5.888509 -204.611572
v 0.000503 5.888469 409.222839
v -911.721375 3.049676 -526.383911
v -911.721375 -3.049819 -526.383911
v -634.303772 -3.049800 -460.720459
v -843.732544 -3.049813 -487.130524
v -716.146545 -3.049794 -318.964661
v -641.571655 3.049711 -233.435028
v -641.571655 -3.049798 -233.435028
v -628.234070 -3.049785 -256.549744
v -702.862793 -3.049794 -341.986969
v -716.146545 3.049701 -318.964661
v -628.234070 3.049710 -256.549744
v -702.862793 3.049700 -341.986969
v -843.732544 3.049682 -487.130524
v -634.303772 3.049696 -460.720459
v -647.599731 3.049695 -437.705170
v -647.599731 -3.049800 -437.705170
v -536.294678 3.049703 -415.793213
v -536.294678 -3.049792 -415.793213
v -500.650696 3.049706 -403.397858
v -500.650696 -3.049803 -403.397858
v -522.945557 -3.049806 -438.901215
v -487.214478 -3.049803 -426.657349
v -522.945557 3.049703 -438.901215
v -487.214478 3.049705 -426.657349
v -446.023590 3.049710 -384.208069
v -432.444885 3.049709 -407.716339
v -432.444885 -3.049800 -407.716339
v -446.023590 -3.049799 -384.208069
v -377.076843 -3.049794 -356.013184
v -363.326691 -3.049794 -379.821411
v -304.692993 -3.049787 -307.069214
v -290.793335 -3.049787 -331.144043
v -377.076843 3.049715 -356.013184
v -363.326691 3.049714 -379.821411
v -290.793335 3.049722 -331.144043
v -304.692993 3.049722 -307.069214
v -213.941910 3.049731 -208.243652
v -177.354523 3.049734 -207.612091
v -213.941910 -3.049777 -208.243652
v -177.354523 -3.049775 -207.612091
v -599.677368 3.049714 -231.878769
v -613.102661 3.049714 -208.612976
v -555.745056 3.049717 -194.165131
v -599.677368 -3.049795 -231.878769
v -555.745056 -3.049792 -194.165131
v -613.102661 -3.049795 -208.612976
v -569.314575 -3.049789 -170.651566
v -496.854370 -3.049784 -148.552841
v -510.597839 -3.049783 -124.740791
v -418.275787 -3.049779 -110.338402
v -432.175415 -3.049777 -86.263611
v -496.854370 3.049724 -148.552841
v -510.597839 3.049726 -124.740791
v -432.175415 3.049731 -86.263611
v -569.314575 3.049720 -170.651566
v -418.275787 3.049730 -110.338402
v -287.314850 3.049738 -81.158218
v -268.474243 3.049741 -49.788383
v -287.314850 -3.049771 -81.158218
v -268.474243 -3.049768 -49.788383
v 911.722229 3.049916 526.384094
v 911.722229 -3.049579 526.384094
v 634.304626 -3.049624 460.720520
v 843.733398 -3.049591 487.130554
v 716.147522 -3.049614 318.964722
v 641.572632 3.049867 233.435120
v 641.572632 -3.049642 233.435120
v 628.235107 -3.049631 256.549805
v 702.863708 -3.049617 341.987061
v 716.147522 3.049880 318.964722
v 628.235107 3.049864 256.549805
v 702.863708 3.049877 341.987061
v 843.733398 3.049904 487.130554
v 634.304626 3.049870 460.720520
v 647.600708 3.049872 437.705231
v 647.600708 -3.049622 437.705231
v 536.295654 3.049855 415.793243
v 536.295654 -3.049640 415.793243
v 500.651611 3.049850 403.397919
v 500.651611 -3.049659 403.397919
v 522.946411 -3.049656 438.901245
v 487.215424 -3.049661 426.657440
v 522.946411 3.049853 438.901245
v 487.215424 3.049848 426.657440
v 446.024536 3.049839 384.208130
v 432.445862 3.049839 407.716370
v 432.445862 -3.049670 407.716370
v 446.024536 -3.049670 384.208130
v 377.077820 -3.049681 356.013245
v 363.327637 -3.049681 379.821472
v 304.693909 -3.049694 307.069244
v 290.794312 -3.049695 331.144073
v 377.077820 3.049828 356.013245
v 363.327637 3.049827 379.821472
v 290.794312 3.049813 331.144073
v 304.693909 3.049815 307.069244
v 213.942841 3.049797 208.243652
v 177.355484 3.049792 207.612106
v 213.942841 -3.049712 208.243652
v 177.355484 -3.049717 207.612106
v 599.678345 3.049857 231.878845
v 613.103638 3.049862 208.613007
v 555.746094 3.049852 194.165207
v 599.678345 -3.049651 231.878845
v 555.746094 -3.049657 194.165207
v 613.103638 -3.049647 208.613007
v 569.315552 -3.049656 170.651611
v 496.855347 -3.049669 148.552887
v 496.855347 3.049840 148.552902
v 510.598816 -3.049665 124.740852
v 418.276764 -3.049682 110.338470
v 432.176392 -3.049680 86.263664
v 510.598816 3.049844 124.740852
v 432.176392 3.049829 86.263664
v 569.315552 3.049853 170.651611
v 418.276764 3.049827 110.338470
v 287.315857 3.049804 81.158257
v 268.475220 3.049801 49.788406
v 287.315857 -3.049705 81.158257
v 268.475220 -3.049708 49.788406
v -0.000611 3.049847 1052.766357
v -0.000610 -3.049647 1052.766357
v -81.843140 -3.049681 779.683838
v -0.000518 -3.049653 974.259338
v 81.842407 -3.049657 779.683960
v 118.625793 3.049834 672.335327
v 118.625793 -3.049675 672.335327
v 91.939026 -3.049665 672.342041
v 55.262573 -3.049662 779.690979
v 81.842407 3.049837 779.683960
v 91.939026 3.049830 672.342041
v 55.262573 3.049833 779.690979
v -0.000519 3.049841 974.259338
v -81.843140 3.049814 779.683838
v -55.263306 3.049816 779.690857
v -55.263306 -3.049678 779.690857
v -91.939529 3.049803 672.341858
v -91.939529 -3.049692 672.341858
v -99.026825 3.049798 635.275574
v -99.026825 -3.049711 635.275574
v -118.626282 -3.049709 672.335144
v -125.888260 -3.049714 635.269165
v -118.626282 3.049800 672.335144
v -125.888260 3.049795 635.269165
v -109.721527 3.049792 578.372192
v -136.869629 3.049789 578.366821
v -136.869629 -3.049720 578.366821
v -109.721527 -3.049717 578.372192
v -119.777405 -3.049724 504.565155
v -147.271011 -3.049728 504.561218
v -113.582550 -3.049731 417.406860
v -141.381851 -3.049735 417.406921
v -119.777405 3.049785 504.565155
v -113.582550 3.049778 417.406860
v -147.271011 3.049780 504.561218
v -141.381851 3.049773 417.406921
v -73.372650 3.049771 289.401367
v -91.119400 3.049766 257.399933
v -73.372650 -3.049737 289.401367
v -91.119400 -3.049743 257.399933
v 99.026382 3.049828 635.275757
v 125.887772 3.049832 635.269348
v 109.721191 3.049825 578.372437
v 109.721191 -3.049683 578.372437
v 99.026382 -3.049681 635.275757
v 125.887772 -3.049677 635.269348
v 136.869293 -3.049680 578.367065
v 119.777298 -3.049689 504.565338
v 119.777298 3.049820 504.565338
v 147.270859 -3.049684 504.561493
v 113.582687 -3.049699 417.407104
v 141.381897 -3.049694 417.407166
v 113.582687 3.049810 417.407104
v 147.270859 3.049824 504.561493
v 141.381897 3.049815 417.407166
v 136.869293 3.049829 578.367065
v 73.373009 3.049792 289.401520
v 91.119812 3.049793 257.400146
v 73.373009 -3.049717 289.401520
v 91.119812 -3.049716 257.400146
v 0.001648 3.049744 -1052.766113
v 0.001649 -3.049750 -1052.766113
v 81.844116 -3.049742 -779.683777
v 0.001557 -3.049751 -974.259399
v -81.841400 -3.049751 -779.683899
v -118.624786 3.049744 -672.335327
v -118.624786 -3.049765 -672.335327
v -91.938019 -3.049751 -672.342041
v -55.261536 -3.049750 -779.690979
v -81.841400 3.049744 -779.683899
v -91.938019 3.049744 -672.342041
v -55.261536 3.049745 -779.690979
v 0.001556 3.049744 -974.259399
v 81.844116 3.049753 -779.683777
v 55.264374 3.049751 -779.690918
v 55.264374 -3.049744 -779.690918
v 91.940552 3.049755 -672.341919
v 91.940552 -3.049740 -672.341919
v 99.027847 3.049755 -635.275635
v 99.027847 -3.049754 -635.275635
v 118.627213 -3.049752 -672.335083
v 125.889206 -3.049751 -635.269165
v 118.627213 3.049757 -672.335083
v 125.889206 3.049758 -635.269165
v 109.722519 3.049758 -578.372131
v 136.870667 3.049759 -578.366821
v 136.870667 -3.049749 -578.366821
v 109.722519 -3.049751 -578.372131
v 119.778412 -3.049749 -504.565125
v 147.272034 -3.049747 -504.561218
v 113.583534 -3.049749 -417.406860
v 141.382828 -3.049747 -417.406891
v 119.778412 3.049759 -504.565125
v 147.272034 3.049761 -504.561218
v 141.382828 3.049762 -417.406891
v 113.583534 3.049760 -417.406860
v 73.373634 3.049757 -289.401367
v 91.120407 3.049759 -257.399963
v 73.373634 -3.049752 -289.401367
v 91.120407 -3.049750 -257.399963
v -99.025360 3.049745 -635.275757
v -125.886795 3.049744 -635.269348
v -109.720184 3.049744 -578.372437
v -99.025360 -3.049764 -635.275757
v -109.720184 -3.049765 -578.372437
v -125.886795 -3.049765 -635.269348
v -136.868271 -3.049766 -578.367126
v -119.776260 -3.049764 -504.565369
v -147.269836 -3.049765 -504.561523
v -113.581680 -3.049762 -417.407104
v -141.380890 -3.049763 -417.407166
v -119.776260 3.049745 -504.565369
v -147.269836 3.049744 -504.561523
v -141.380890 3.049746 -417.407166
v -136.868271 3.049743 -578.367126
v -113.581680 3.049747 -417.407104
v -73.372009 3.049749 -289.401520
v -91.118797 3.049748 -257.400146
v -73.372009 -3.049760 -289.401520
v -91.118797 -3.049761 -257.400146
v -911.722290 3.049728 526.382385
v -911.722290 -3.049767 526.382385
v -716.147278 -3.049770 318.963379
v -843.733276 -3.049765 487.128937
v -634.304565 -3.049747 460.719269
v -522.946167 3.049756 438.900208
v -522.946167 -3.049752 438.900208
v -536.295410 -3.049742 415.792267
v -647.600525 -3.049750 437.703979
v -634.304565 3.049748 460.719269
v -536.295410 3.049752 415.792267
v -647.600525 3.049744 437.703979
v -843.733276 3.049730 487.128937
v -716.147278 3.049725 318.963379
v -702.863525 3.049728 341.985779
v -702.863525 -3.049767 341.985779
v -628.234497 3.049726 256.548737
v -628.234497 -3.049768 256.548737
v -599.677856 3.049727 231.877762
v -599.677856 -3.049782 231.877762
v -641.572083 -3.049785 233.433929
v -613.103088 -3.049785 208.611938
v -641.572083 3.049724 233.433929
v -613.103088 3.049724 208.611938
v -555.745544 3.049726 194.164246
v -569.314880 3.049724 170.650589
v -569.314880 -3.049785 170.650589
v -555.745544 -3.049783 194.164246
v -496.854614 -3.049780 148.552002
v -510.598022 -3.049783 124.739868
v -418.276001 -3.049779 110.337723
v -432.175598 -3.049782 86.262878
v -496.854614 3.049728 148.552002
v -418.276001 3.049730 110.337723
v -510.598022 3.049726 124.739868
v -432.175598 3.049726 86.262878
v -287.314972 3.049738 81.157730
v -268.474304 3.049738 49.787895
v -287.314972 -3.049770 81.157730
v -268.474304 -3.049771 49.787895
v -500.651367 3.049755 403.396973
v -487.215210 3.049759 426.656494
v -446.024231 3.049758 384.207275
v -446.024231 -3.049751 384.207275
v -500.651367 -3.049754 403.396973
v -487.215210 -3.049750 426.656494
v -432.445618 -3.049747 407.715546
v -377.077515 -3.049748 356.012543
v -377.077515 3.049761 356.012543
v -363.327362 -3.049743 379.820740
v -304.693542 -3.049747 307.068695
v -290.793945 -3.049742 331.143555
v -304.693542 3.049762 307.068695
v -363.327362 3.049766 379.820740
v -290.793945 3.049767 331.143555
v -432.445618 3.049762 407.715546
v -213.942261 3.049759 208.243286
v -177.354858 3.049763 207.611771
v -213.942261 -3.049750 208.243286
v -177.354858 -3.049746 207.611771
v 92.033226 -1.598806 -343.470886
v 0.000473 -1.598815 -355.587219
v 92.033226 1.598770 -343.470886
v 0.000473 1.598761 -355.587219
v 85.580345 1.598769 -361.305237
v -10.848389 1.598759 -371.143738
v 0.000442 1.598753 -460.586731
v 10.849365 1.598761 -371.143738
v -92.032242 -1.598822 -343.470886
v -92.032242 1.598754 -343.470886
v 85.580345 -1.598808 -361.305237
v 10.849365 -1.598815 -371.143738
v 0.000442 -1.598823 -460.586731
v -10.848389 -1.598817 -371.143738
v -85.579376 -1.598823 -361.305237
v -85.579376 1.598754 -361.305237
v -10.848419 1.598754 -437.692566
v -10.848419 -1.598822 -437.692566
v -102.803482 1.598747 -425.586487
v -119.208130 -1.598832 -444.892578
v -102.803482 -1.598829 -425.586487
v -119.208130 1.598744 -444.892578
v 119.209099 1.598764 -444.892639
v 10.849380 1.598756 -437.692566
v -230.292847 -1.598838 -398.879822
v -230.292847 1.598738 -398.879822
v -123.761887 1.598745 -419.970673
v -209.450348 -1.598835 -384.477295
v -123.761887 -1.598831 -419.970673
v -209.450348 1.598741 -384.477295
v -106.537804 1.598752 -355.689514
v -106.537804 -1.598824 -355.689514
v -176.175995 -1.598828 -326.844360
v -176.175995 1.598748 -326.844360
v -177.793152 1.598750 -307.947540
v -194.966812 1.598747 -315.995483
v -177.793152 -1.598827 -307.947540
v -251.437637 -1.598829 -251.438110
v -251.437637 1.598747 -251.438110
v -254.766464 1.598746 -270.109589
v -194.966812 -1.598829 -315.995483
v -254.766464 -1.598830 -270.109589
v -228.241226 1.598740 -373.628418
v -228.241226 -1.598836 -373.628418
v -301.823547 1.598738 -317.166687
v -301.823547 -1.598838 -317.166687
v -325.683563 -1.598842 -325.684021
v -325.683563 1.598735 -325.684021
v -317.166199 1.598737 -301.824036
v -398.879395 -1.598840 -230.293350
v -398.879395 1.598736 -230.293350
v -373.627960 1.598738 -228.241669
v -373.627960 -1.598838 -228.241669
v -317.166199 -1.598839 -301.824036
v -270.109131 1.598745 -254.766937
v -270.109131 -1.598831 -254.766937
v -315.994995 1.598745 -194.967270
v -315.994995 -1.598831 -194.967270
v -307.947083 -1.598828 -177.793594
v -307.947083 1.598747 -177.793594
v -384.476837 1.598738 -209.450836
v -343.470398 1.598751 -92.032738
v -326.843872 1.598746 -176.176453
v -326.843872 -1.598830 -176.176453
v -343.470398 -1.598825 -92.032738
v -384.476837 -1.598838 -209.450836
v -355.688995 1.598749 -106.538300
v -355.688995 -1.598827 -106.538300
v -419.970154 1.598742 -123.762398
v -444.892151 -1.598836 -119.208603
v -419.970154 -1.598834 -123.762398
v -444.892151 1.598740 -119.208603
v -425.585938 1.598743 -102.803925
v -460.586243 1.598748 0.000046
v -460.586243 -1.598828 0.000046
v -437.692078 1.598749 -10.848892
v -437.692078 -1.598827 -10.848892
v -425.585938 -1.598833 -102.803925
v -361.304749 1.598750 -85.579857
v -361.304749 -1.598826 -85.579857
v -371.143250 1.598755 -10.848877
v -371.143250 -1.598821 -10.848877
v -355.586731 -1.598819 0.000015
v -355.586731 1.598757 0.000015
v -437.692078 1.598751 10.848907
v -343.470398 1.598765 92.032730
v -371.143250 1.598757 10.848877
v -371.143250 -1.598819 10.848877
v -343.470398 -1.598811 92.032730
v -437.692078 -1.598825 10.848907
v -361.304749 -1.598814 85.579865
v -361.304749 1.598762 85.579865
v -425.585999 1.598759 102.803970
v -444.892090 -1.598818 119.208618
v -425.585999 -1.598817 102.803970
v -444.892090 1.598758 119.208618
v -419.970184 1.598760 123.762375
v -398.879333 -1.598806 230.293335
v -398.879333 1.598770 230.293335
v -384.476807 -1.598806 209.450836
v -419.970184 -1.598816 123.762375
v -384.476807 1.598770 209.450836
v -355.689026 1.598765 106.538292
v -355.689026 -1.598811 106.538292
v -326.843872 -1.598804 176.176483
v -326.843872 1.598772 176.176483
v -307.947052 1.598774 177.793640
v -373.627930 1.598772 228.241714
v -307.947052 -1.598801 177.793640
v -251.437622 -1.598791 251.438126
v -251.437622 1.598785 251.438126
v -270.109100 1.598783 254.766953
v -315.994995 -1.598801 194.967300
v -270.109100 -1.598793 254.766953
v -373.627930 -1.598804 228.241714
v -315.994995 1.598775 194.967300
v -317.166199 1.598783 301.824036
v -317.166199 -1.598793 301.824036
v -325.683533 -1.598792 325.684052
v -325.683533 1.598785 325.684052
v -254.766449 1.598786 270.109619
v -230.292908 1.598798 398.879913
v -230.292908 -1.598778 398.879913
v -228.241226 1.598796 373.628448
v -254.766449 -1.598790 270.109619
v -228.241226 -1.598780 373.628448
v -301.823547 1.598786 317.166687
v -301.823547 -1.598790 317.166687
v -194.966782 1.598795 315.995483
v -194.966782 -1.598781 315.995483
v -177.793106 -1.598781 307.947571
v -177.793106 1.598796 307.947571
v -209.450409 1.598799 384.477356
v -92.032249 1.598806 343.470886
v -176.175964 1.598798 326.844360
v -176.175964 -1.598778 326.844360
v -92.032249 -1.598770 343.470886
v -209.450409 -1.598777 384.477356
v -106.537811 -1.598770 355.689484
v -106.537811 1.598806 355.689484
v -123.761909 1.598809 419.970642
v -119.208115 -1.598764 444.892639
v -123.761909 -1.598767 419.970642
v -119.208115 1.598812 444.892639
v -102.803436 1.598811 425.586426
v 0.000534 1.598823 460.586731
v 0.000534 -1.598753 460.586731
v -10.848404 1.598820 437.692566
v -10.848404 -1.598756 437.692566
v -102.803436 -1.598765 425.586426
v -85.579369 1.598808 361.305237
v -85.579369 -1.598769 361.305237
v -10.848389 1.598815 371.143738
v -10.848389 -1.598761 371.143738
v 0.000503 -1.598761 355.587219
v 0.000503 1.598815 355.587219
v 10.849396 1.598822 437.692566
v 92.033218 1.598822 343.470886
v 10.849365 1.598817 371.143738
v 10.849365 -1.598759 371.143738
v 92.033218 -1.598754 343.470886
v 10.849396 -1.598754 437.692566
v 85.580353 1.598823 361.305237
v 85.580353 -1.598754 361.305237
v 102.804459 1.598829 425.586487
v 119.209137 -1.598744 444.892609
v 102.804459 -1.598747 425.586487
v 119.209137 1.598832 444.892609
v 123.762863 1.598831 419.970673
v 230.293823 1.598838 398.879822
v 230.293823 -1.598738 398.879822
v 209.451324 1.598835 384.477295
v 209.451324 -1.598741 384.477295
v 123.762863 -1.598745 419.970673
v 106.538780 1.598824 355.689514
v 106.538780 -1.598752 355.689514
v 176.176971 1.598828 326.844360
v 176.176971 -1.598748 326.844360
v 177.794128 1.598827 307.947540
v 228.242203 1.598836 373.628418
v 177.794128 -1.598750 307.947540
v 251.438614 1.598829 251.438110
v 254.767441 1.598830 270.109589
v 194.967789 -1.598747 315.995483
v 254.767441 -1.598746 270.109589
v 228.242203 -1.598740 373.628418
v 194.967789 1.598829 315.995483
v 301.824524 1.598838 317.166687
v 301.824524 -1.598738 317.166687
v 325.684540 -1.598735 325.684021
v 325.684540 1.598842 325.684021
v 317.167175 1.598839 301.824036
v 398.880402 -1.598736 230.293396
v 398.880402 1.598840 230.293396
v 373.628937 1.598838 228.241714
v 373.628937 -1.598738 228.241714
v 317.167175 -1.598737 301.824036
v 251.438614 -1.598747 251.438110
v 270.110107 1.598831 254.766937
v 270.110107 -1.598745 254.766937
v 315.995972 -1.598745 194.967270
v 315.995972 1.598831 194.967270
v 307.948059 -1.598747 177.793594
v 307.948059 1.598828 177.793594
v 326.844849 1.598830 176.176453
v 343.471375 1.598825 92.032738
v 326.844849 -1.598746 176.176453
v 343.471375 -1.598751 92.032738
v 355.689972 -1.598749 106.538300
v 355.689972 1.598827 106.538300
v 384.477844 1.598838 209.450897
v 384.477844 -1.598738 209.450897
v 419.971130 1.598834 123.762398
v 444.893127 -1.598740 119.208603
v 419.971130 -1.598742 123.762398
v 444.893127 1.598836 119.208603
v 425.586914 1.598833 102.803925
v 460.587219 1.598828 -0.000046
v 460.587219 -1.598748 -0.000046
v 437.693054 1.598827 10.848892
v 437.693054 -1.598749 10.848892
v 425.586914 -1.598743 102.803925
v 361.305725 1.598826 85.579857
v 361.305725 -1.598750 85.579857
v 371.144226 -1.598755 10.848877
v 371.144226 1.598821 10.848877
v 355.587708 -1.598757 -0.000015
v 355.587708 1.598819 -0.000015
v 437.693054 1.598825 -10.848907
v 343.471375 -1.598765 -92.032730
v 343.471375 1.598811 -92.032730
v 371.144226 1.598819 -10.848877
v 371.144226 -1.598757 -10.848877
v 437.693054 -1.598751 -10.848907
v 361.305725 1.598814 -85.579865
v 361.305725 -1.598762 -85.579865
v 425.586975 1.598817 -102.803970
v 444.893066 -1.598758 -119.208618
v 425.586975 -1.598759 -102.803970
v 444.893066 1.598818 -119.208618
v 419.971161 1.598816 -123.762375
v 398.880371 1.598806 -230.293320
v 398.880371 -1.598770 -230.293320
v 384.477814 -1.598770 -209.450821
v 419.971161 -1.598760 -123.762375
v 384.477814 1.598806 -209.450821
v 355.690002 1.598811 -106.538292
v 355.690002 -1.598765 -106.538292
v 326.844849 1.598804 -176.176483
v 326.844849 -1.598772 -176.176483
v 307.948029 1.598801 -177.793640
v 373.628906 1.598804 -228.241669
v 307.948029 -1.598774 -177.793640
v 251.438599 1.598791 -251.438126
v 270.110077 1.598793 -254.766953
v 315.995972 -1.598775 -194.967300
v 270.110077 -1.598783 -254.766953
v 373.628906 -1.598772 -228.241669
v 315.995972 1.598801 -194.967300
v 317.167175 1.598793 -301.824036
v 317.167175 -1.598783 -301.824036
v 325.684509 -1.598785 -325.684052
v 325.684509 1.598792 -325.684052
v 301.824524 1.598790 -317.166687
v 230.293884 1.598778 -398.879913
v 230.293884 -1.598798 -398.879913
v 228.242203 1.598780 -373.628448
v 228.242203 -1.598796 -373.628448
v 301.824524 -1.598786 -317.166687
v 251.438599 -1.598785 -251.438126
v 254.767426 1.598790 -270.109619
v 254.767426 -1.598786 -270.109619
v 194.967758 -1.598795 -315.995483
v 194.967758 1.598781 -315.995483
v 177.794083 -1.598796 -307.947571
v 177.794083 1.598781 -307.947571
v 209.451385 1.598777 -384.477356
v 176.176941 1.598778 -326.844360
v 176.176941 -1.598798 -326.844360
v 209.451385 -1.598799 -384.477356
v 106.538788 1.598770 -355.689484
v 106.538788 -1.598806 -355.689484
v 123.762886 1.598767 -419.970642
v 119.209099 -1.598812 -444.892639
v 123.762886 -1.598809 -419.970642
v 102.804413 1.598765 -425.586426
v 102.804413 -1.598811 -425.586426
v 10.849380 -1.598820 -437.692566
vn -0.0000 -1.0000 -0.0000
vn 0.9453 -0.0000 -0.3262
vn 0.3647 -0.0000 0.9311
vn -0.9887 -0.0000 0.1497
vn -0.0000 1.0000 -0.0000
vn -0.3728 -0.0000 -0.9279
vn 0.9900 -0.0000 -0.1411
vn -0.1901 -0.0000 -0.9818
vn 0.7552 -0.0000 0.6555
vn -0.6240 -0.0000 0.7814
vn -0.6240 -0.0000 -0.7814
vn 0.6172 -0.0000 -0.7868
vn 0.6172 -0.0000 0.7868
vn 0.7552 -0.0000 -0.6555
vn 0.1901 -0.0000 -0.9818
vn 0.9887 -0.0000 0.1497
vn -0.3647 -0.0000 0.9311
vn -0.9900 -0.0000 -0.1411
vn 0.3728 -0.0000 -0.9279
vn -0.9453 -0.0000 -0.3262
vn -0.7552 -0.0000 -0.6555
vn 0.6240 -0.0000 -0.7814
vn 0.6240 -0.0000 0.7814
vn -0.6172 -0.0000 0.7868
vn -0.6172 -0.0000 -0.7868
vn -0.7552 -0.0000 0.6555
vn -0.9453 -0.0000 0.3262
vn -0.3647 -0.0000 -0.9311
vn 0.9887 -0.0000 -0.1497
vn 0.3728 -0.0000 0.9279
vn -0.9900 -0.0000 0.1411
vn 0.1901 -0.0000 0.9818
vn -0.1901 -0.0000 0.9818
vn -0.9887 -0.0000 -0.1497
vn 0.3647 -0.0000 -0.9311
vn 0.9900 -0.0000 0.1411
vn -0.3728 -0.0000 0.9279
vn 0.9453 -0.0000 0.3262
vn 0.7276 -0.0000 0.6860
vn -0.2303 -0.0000 -0.9731
vn -0.1923 -0.0000 -0.9813
vn 0.1932 -0.0000 0.9812
vn 0.2444 -0.0000 0.9697
vn -0.7176 -0.0000 -0.6965
vn -0.7531 -0.0000 -0.6579
vn -0.6537 -0.0000 -0.7567
vn 0.6572 -0.0000 0.7537
vn 0.7537 -0.0000 0.6572
vn 0.6550 -0.0000 0.7556
vn 0.6160 -0.0000 0.7878
vn -0.4373 -0.0000 -0.8993
vn -0.6123 -0.0000 -0.7906
vn -0.2175 -0.0000 -0.9761
vn -0.8573 -0.0000 -0.5149
vn 0.2175 -0.0000 0.9761
vn 0.4405 -0.0000 0.8978
vn -0.6514 -0.0000 -0.7588
vn 0.3285 -0.0000 0.9445
vn 0.3314 -0.0000 0.9435
vn 0.3785 -0.0000 0.9256
vn 0.5601 -0.0000 0.8284
vn -0.3268 -0.0000 -0.9451
vn -0.3743 -0.0000 -0.9273
vn 0.7366 -0.0000 0.6764
vn 0.0173 -0.0000 0.9999
vn -0.7366 -0.0000 -0.6764
vn -0.5572 -0.0000 -0.8303
vn -0.3242 -0.0000 -0.9460
vn -0.8660 -0.0000 -0.5000
vn -0.0000 -0.0000 1.0000
vn -0.0000 0.9999 0.0109
vn 0.0094 0.9999 -0.0054
vn -0.0094 0.9999 -0.0054
vn 0.8660 -0.0000 0.5000
vn -0.0000 -0.0000 -1.0000
vn -0.0000 -0.9999 0.0109
vn 0.0094 -0.9999 -0.0054
vn -0.0094 -0.9999 -0.0054
vn 0.8660 -0.0000 -0.5000
vn -0.8660 -0.0000 0.5000
vn -0.0094 -0.9999 0.0054
vn -0.0000 -0.9999 -0.0109
vn -0.0000 0.9999 -0.0109
vn -0.0094 0.9999 0.0054
vn 0.0094 0.9999 0.0054
vn 0.0094 -0.9999 0.0054
vn 0.2303 -0.0000 -0.9731
vn -0.7276 -0.0000 0.6860
vn -0.7537 -0.0000 0.6572
vn 0.7531 -0.0000 -0.6579
vn 0.7176 -0.0000 -0.6965
vn -0.2444 -0.0000 0.9697
vn -0.1932 -0.0000 0.9812
vn -0.3285 -0.0000 0.9445
vn 0.3242 -0.0000 -0.9460
vn 0.1923 -0.0000 -0.9813
vn 0.3268 -0.0000 -0.9451
vn 0.3743 -0.0000 -0.9273
vn -0.5601 -0.0000 0.8284
vn -0.3785 -0.0000 0.9256
vn -0.7366 -0.0000 0.6764
vn -0.0173 -0.0000 0.9999
vn 0.7366 -0.0000 -0.6764
vn 0.5572 -0.0000 -0.8303
vn -0.3314 -0.0000 0.9435
vn 0.6537 -0.0000 -0.7567
vn 0.6514 -0.0000 -0.7588
vn 0.6123 -0.0000 -0.7906
vn 0.4373 -0.0000 -0.8993
vn -0.6550 -0.0000 0.7556
vn -0.6160 -0.0000 0.7878
vn 0.2175 -0.0000 -0.9761
vn 0.8573 -0.0000 -0.5149
vn -0.2175 -0.0000 0.9761
vn -0.4405 -0.0000 0.8978
vn -0.6572 -0.0000 0.7537
vn -0.2303 -0.0000 0.9731
vn 0.7276 -0.0000 -0.6860
vn 0.7537 -0.0000 -0.6572
vn -0.7531 -0.0000 0.6579
vn -0.7176 -0.0000 0.6965
vn 0.2444 -0.0000 -0.9697
vn 0.1932 -0.0000 -0.9812
vn 0.3285 -0.0000 -0.9445
vn -0.3242 -0.0000 0.9460
vn -0.1923 -0.0000 0.9813
vn -0.3268 -0.0000 0.9451
vn -0.3743 -0.0000 0.9273
vn 0.5601 -0.0000 -0.8284
vn 0.3785 -0.0000 -0.9256
vn 0.0173 -0.0000 -0.9999
vn -0.5572 -0.0000 0.8303
vn 0.3314 -0.0000 -0.9435
vn -0.6537 -0.0000 0.7567
vn -0.6514 -0.0000 0.7588
vn -0.6123 -0.0000 0.7906
vn -0.4373 -0.0000 0.8993
vn 0.6550 -0.0000 -0.7556
vn 0.6160 -0.0000 -0.7878
vn -0.8573 -0.0000 0.5149
vn 0.4405 -0.0000 -0.8978
vn 0.6572 -0.0000 -0.7537
vn -0.9579 -0.0000 0.2871
vn 0.9579 -0.0000 0.2871
vn 0.9460 -0.0000 0.3242
vn -0.9463 -0.0000 -0.3233
vn -0.9620 -0.0000 -0.2732
vn 0.9620 -0.0000 -0.2732
vn 0.9463 -0.0000 -0.3233
vn 0.9822 -0.0000 -0.1878
vn -0.9813 -0.0000 0.1923
vn -0.9460 -0.0000 0.3241
vn -0.9460 -0.0000 0.3242
vn -0.9819 -0.0000 0.1895
vn -0.9902 -0.0000 0.1396
vn 0.9975 -0.0000 0.0709
vn 0.9908 -0.0000 -0.1350
vn 0.9540 -0.0000 0.2997
vn 0.8745 -0.0000 -0.4850
vn -0.9540 -0.0000 -0.2997
vn -0.9977 -0.0000 -0.0674
vn 0.9828 -0.0000 -0.1847
vn -0.9822 -0.0000 -0.1878
vn -0.9828 -0.0000 -0.1847
vn -0.9908 -0.0000 -0.1350
vn -0.9975 -0.0000 0.0709
vn 0.9819 -0.0000 0.1895
vn 0.9902 -0.0000 0.1396
vn -0.9540 -0.0000 0.2997
vn -0.8745 -0.0000 -0.4850
vn 0.9540 -0.0000 -0.2997
vn 0.9977 -0.0000 -0.0674
vn 0.9813 -0.0000 0.1923
vn 0.9579 -0.0000 -0.2871
vn -0.9579 -0.0000 -0.2871
vn -0.9460 -0.0000 -0.3242
vn 0.9463 -0.0000 0.3233
vn 0.9620 -0.0000 0.2732
vn -0.9620 -0.0000 0.2732
vn -0.9463 -0.0000 0.3233
vn -0.9822 -0.0000 0.1878
vn 0.9813 -0.0000 -0.1923
vn 0.9460 -0.0000 -0.3241
vn 0.9819 -0.0000 -0.1895
vn 0.9902 -0.0000 -0.1396
vn -0.9975 -0.0000 -0.0709
vn -0.9908 -0.0000 0.1350
vn -0.8745 -0.0000 0.4850
vn 0.9977 -0.0000 0.0674
vn -0.9828 -0.0000 0.1847
vn 0.9822 -0.0000 0.1878
vn 0.9828 -0.0000 0.1847
vn 0.9908 -0.0000 0.1350
vn 0.9975 -0.0000 -0.0709
vn -0.9819 -0.0000 -0.1895
vn -0.9902 -0.0000 -0.1396
vn 0.8745 -0.0000 0.4850
vn -0.9977 -0.0000 0.0674
vn -0.9813 -0.0000 -0.1923
vn -0.7276 -0.0000 -0.6860
vn 0.2303 -0.0000 0.9731
vn 0.1923 -0.0000 0.9813
vn -0.1932 -0.0000 -0.9812
vn -0.2444 -0.0000 -0.9697
vn 0.7176 -0.0000 0.6965
vn 0.7531 -0.0000 0.6579
vn 0.6537 -0.0000 0.7567
vn -0.6572 -0.0000 -0.7537
vn -0.7537 -0.0000 -0.6572
vn -0.6550 -0.0000 -0.7556
vn -0.6160 -0.0000 -0.7878
vn 0.4373 -0.0000 0.8993
vn 0.6123 -0.0000 0.7906
vn 0.8573 -0.0000 0.5149
vn -0.4405 -0.0000 -0.8978
vn 0.6514 -0.0000 0.7588
vn -0.3285 -0.0000 -0.9445
vn -0.3314 -0.0000 -0.9435
vn -0.3785 -0.0000 -0.9256
vn -0.5601 -0.0000 -0.8284
vn 0.3268 -0.0000 0.9451
vn 0.3743 -0.0000 0.9273
vn -0.0173 -0.0000 -0.9999
vn 0.5572 -0.0000 0.8303
vn 0.3242 -0.0000 0.9460
vn -0.1305 -0.0000 0.9914
vn 0.1305 -0.0000 0.9914
vn -0.1305 -0.0000 -0.9914
vn -1.0000 -0.0000 -0.0000
vn 0.1305 -0.0000 -0.9914
vn -0.3827 -0.0000 -0.9239
vn 0.3827 -0.0000 0.9239
vn -0.9659 -0.0000 0.2588
vn 0.6088 -0.0000 0.7934
vn -0.6088 -0.0000 -0.7934
vn 0.7071 -0.0000 -0.7071
vn -0.7934 -0.0000 -0.6088
vn 0.7934 -0.0000 0.6088
vn -0.7071 -0.0000 0.7071
vn 0.5000 -0.0000 -0.8660
vn 0.9239 -0.0000 0.3827
vn -0.9239 -0.0000 -0.3827
vn -0.5000 -0.0000 0.8660
vn 0.2588 -0.0000 -0.9659
vn -0.9914 -0.0000 -0.1305
vn 0.9914 -0.0000 0.1305
vn -0.2588 -0.0000 0.9659
vn 0.9914 -0.0000 -0.1305
vn -0.9914 -0.0000 0.1305
vn -0.2588 -0.0000 -0.9659
vn -0.9239 -0.0000 0.3827
vn 0.9239 -0.0000 -0.3827
vn 0.2588 -0.0000 0.9659
vn -0.5000 -0.0000 -0.8660
vn 0.7934 -0.0000 -0.6088
vn -0.7934 -0.0000 0.6088
vn 0.5000 -0.0000 0.8660
vn -0.7071 -0.0000 -0.7071
vn -0.6088 -0.0000 0.7934
vn 0.6088 -0.0000 -0.7934
vn 0.7071 -0.0000 0.7071
vn 0.3827 -0.0000 -0.9239
vn -0.3827 -0.0000 0.9239
vn -0.9659 -0.0000 -0.2588
vn 0.9659 -0.0000 0.2588
vn 1.0000 -0.0000 -0.0000
vn 0.9659 -0.0000 -0.2588
vt 0.500470 0.430880
vt 0.515940 0.427410
vt 0.501300 0.433290
vt 0.517880 0.424060
vt 0.520670 0.442540
vt 0.518170 0.443030
vt 0.533850 0.465370
vt 0.544600 0.477040
vt 0.532180 0.467300
vt 0.548460 0.477040
vt 0.533850 0.488700
vt 0.532180 0.486770
vt 0.453910 0.442540
vt 0.458640 0.427410
vt 0.456410 0.443030
vt 0.456710 0.424060
vt 0.474110 0.430880
vt 0.473280 0.433290
vt 0.440730 0.488700
vt 0.429990 0.477040
vt 0.442400 0.486770
vt 0.426120 0.477040
vt 0.440730 0.465370
vt 0.442400 0.467300
vt 0.474110 0.523190
vt 0.458640 0.526660
vt 0.473280 0.520780
vt 0.456710 0.530010
vt 0.453910 0.511530
vt 0.456410 0.511040
vt 0.520670 0.511530
vt 0.515940 0.526660
vt 0.518170 0.511040
vt 0.517880 0.530010
vt 0.500470 0.523190
vt 0.501300 0.520780
vt 0.450080 0.493610
vt 0.439920 0.504390
vt 0.443450 0.502350
vt 0.454330 0.500980
vt 0.460120 0.499840
vt 0.459420 0.498640
vt 0.453640 0.499780
vt 0.450770 0.494810
vt 0.454650 0.490370
vt 0.456130 0.489090
vt 0.453950 0.489170
vt 0.455430 0.487880
vt 0.458410 0.487130
vt 0.457710 0.485900
vt 0.461470 0.484760
vt 0.460760 0.483520
vt 0.464830 0.481520
vt 0.465560 0.482770
vt 0.472360 0.481250
vt 0.473340 0.479620
vt 0.461280 0.498000
vt 0.461980 0.499210
vt 0.464110 0.497000
vt 0.464820 0.498220
vt 0.467700 0.495540
vt 0.468410 0.496770
vt 0.472180 0.494240
vt 0.471460 0.492990
vt 0.476180 0.487860
vt 0.478080 0.487830
vt 0.487290 0.501200
vt 0.508210 0.464960
vt 0.466370 0.464960
vt 0.468880 0.466400
vt 0.487290 0.498300
vt 0.505710 0.466400
vt 0.508210 0.489120
vt 0.487290 0.452880
vt 0.466370 0.489120
vt 0.487290 0.455770
vt 0.505710 0.487670
vt 0.468880 0.487670
vt 0.520250 0.500980
vt 0.534670 0.504390
vt 0.531140 0.502350
vt 0.524510 0.493610
vt 0.520630 0.489170
vt 0.519940 0.490370
vt 0.523810 0.494810
vt 0.520940 0.499780
vt 0.515160 0.498640
vt 0.513310 0.498000
vt 0.514470 0.499840
vt 0.512610 0.499210
vt 0.510470 0.497000
vt 0.509760 0.498220
vt 0.506890 0.495540
vt 0.506170 0.496770
vt 0.502400 0.494240
vt 0.503130 0.492990
vt 0.498410 0.487860
vt 0.496510 0.487830
vt 0.518450 0.489090
vt 0.519150 0.487880
vt 0.516170 0.487130
vt 0.516880 0.485900
vt 0.513110 0.484760
vt 0.513820 0.483520
vt 0.509750 0.481520
vt 0.509030 0.482770
vt 0.502220 0.481250
vt 0.501240 0.479620
vt 0.454330 0.453100
vt 0.439920 0.449680
vt 0.443450 0.451720
vt 0.450080 0.460460
vt 0.453950 0.464910
vt 0.454650 0.463710
vt 0.450770 0.459270
vt 0.453640 0.454290
vt 0.459420 0.455430
vt 0.461280 0.456080
vt 0.460120 0.454230
vt 0.461980 0.454870
vt 0.464110 0.457070
vt 0.464820 0.455850
vt 0.467700 0.458540
vt 0.468410 0.457300
vt 0.472180 0.459830
vt 0.471460 0.461080
vt 0.476180 0.466220
vt 0.478080 0.466250
vt 0.456130 0.464990
vt 0.455430 0.466200
vt 0.458410 0.466950
vt 0.457710 0.468170
vt 0.461470 0.469320
vt 0.460760 0.470560
vt 0.464830 0.472550
vt 0.465560 0.471300
vt 0.472360 0.472820
vt 0.473340 0.474450
vt 0.491540 0.436520
vt 0.487290 0.422330
vt 0.487290 0.426410
vt 0.483040 0.436520
vt 0.481130 0.442100
vt 0.482520 0.442100
vt 0.484420 0.436520
vt 0.490160 0.436520
vt 0.492070 0.442100
vt 0.492440 0.444030
vt 0.493460 0.442100
vt 0.493830 0.444030
vt 0.492990 0.446980
vt 0.494400 0.446980
vt 0.493520 0.450820
vt 0.494940 0.450820
vt 0.494640 0.455350
vt 0.493190 0.455350
vt 0.491100 0.462000
vt 0.492030 0.463660
vt 0.482150 0.444030
vt 0.480750 0.444030
vt 0.481590 0.446980
vt 0.480180 0.446980
vt 0.481070 0.450820
vt 0.479640 0.450820
vt 0.479950 0.455350
vt 0.481390 0.455350
vt 0.483480 0.462000
vt 0.482560 0.463660
vt 0.483040 0.517550
vt 0.487290 0.531740
vt 0.487290 0.527660
vt 0.491540 0.517550
vt 0.493460 0.511970
vt 0.492070 0.511970
vt 0.490160 0.517550
vt 0.484420 0.517550
vt 0.482510 0.511970
vt 0.482150 0.510050
vt 0.481130 0.511970
vt 0.480750 0.510050
vt 0.481590 0.507090
vt 0.480180 0.507090
vt 0.481070 0.503260
vt 0.479640 0.503260
vt 0.479950 0.498730
vt 0.481390 0.498730
vt 0.483480 0.492070
vt 0.482560 0.490410
vt 0.492440 0.510050
vt 0.493830 0.510050
vt 0.492990 0.507090
vt 0.494400 0.507090
vt 0.493520 0.503260
vt 0.494940 0.503260
vt 0.494640 0.498730
vt 0.493190 0.498730
vt 0.491100 0.492070
vt 0.492030 0.490410
vt 0.524510 0.460460
vt 0.534670 0.449680
vt 0.531140 0.451720
vt 0.520250 0.453100
vt 0.514470 0.454230
vt 0.515160 0.455430
vt 0.520940 0.454290
vt 0.523810 0.459270
vt 0.519940 0.463710
vt 0.518450 0.464990
vt 0.520630 0.464910
vt 0.519150 0.466200
vt 0.516170 0.466950
vt 0.516880 0.468170
vt 0.513110 0.469320
vt 0.513820 0.470560
vt 0.509750 0.472550
vt 0.509030 0.471300
vt 0.502220 0.472820
vt 0.501240 0.474450
vt 0.513310 0.456080
vt 0.512610 0.454870
vt 0.510470 0.457070
vt 0.509760 0.455850
vt 0.506890 0.458540
vt 0.506170 0.457300
vt 0.502400 0.459830
vt 0.503130 0.461080
vt 0.498410 0.466220
vt 0.496510 0.466250
vt 0.482510 0.494880
vt 0.487290 0.495510
vt 0.482850 0.495810
vt 0.486730 0.496320
vt 0.487290 0.500970
vt 0.487860 0.496320
vt 0.492070 0.494880
vt 0.491740 0.495810
vt 0.487860 0.499780
vt 0.492630 0.499150
vt 0.493490 0.500150
vt 0.486730 0.499780
vt 0.481100 0.500150
vt 0.499260 0.497760
vt 0.493720 0.498860
vt 0.498180 0.497010
vt 0.492830 0.495520
vt 0.496450 0.494020
vt 0.496530 0.493040
vt 0.497420 0.493460
vt 0.500360 0.490100
vt 0.500530 0.491070
vt 0.499150 0.496450
vt 0.502980 0.493520
vt 0.504220 0.493960
vt 0.503770 0.492720
vt 0.508020 0.489000
vt 0.506710 0.488900
vt 0.501330 0.490280
vt 0.503710 0.487170
vt 0.503290 0.486270
vt 0.507270 0.487920
vt 0.505140 0.481820
vt 0.504280 0.486190
vt 0.505770 0.482570
vt 0.509110 0.483470
vt 0.510410 0.483230
vt 0.509410 0.482380
vt 0.511220 0.477040
vt 0.510040 0.477600
vt 0.506070 0.481480
vt 0.506580 0.477600
vt 0.505770 0.477040
vt 0.510040 0.476470
vt 0.505140 0.472250
vt 0.506580 0.476470
vt 0.506070 0.472590
vt 0.509410 0.471690
vt 0.510410 0.470840
vt 0.509110 0.470610
vt 0.508020 0.465070
vt 0.507270 0.466150
vt 0.505770 0.471500
vt 0.504280 0.467880
vt 0.503290 0.467800
vt 0.506710 0.465180
vt 0.500360 0.463970
vt 0.501330 0.463800
vt 0.503710 0.466900
vt 0.503770 0.461350
vt 0.504220 0.460110
vt 0.500530 0.463000
vt 0.499260 0.456310
vt 0.499150 0.457620
vt 0.502980 0.460550
vt 0.497420 0.460620
vt 0.496530 0.461040
vt 0.498180 0.457060
vt 0.492070 0.459190
vt 0.496450 0.460050
vt 0.492830 0.458550
vt 0.493720 0.455210
vt 0.493490 0.453920
vt 0.492630 0.454920
vt 0.487290 0.453100
vt 0.487860 0.454290
vt 0.491740 0.458260
vt 0.487860 0.457750
vt 0.487290 0.458560
vt 0.486730 0.454290
vt 0.482510 0.459190
vt 0.486730 0.457750
vt 0.482850 0.458260
vt 0.481950 0.454920
vt 0.481100 0.453920
vt 0.480860 0.455210
vt 0.475320 0.456310
vt 0.476410 0.457060
vt 0.481760 0.458550
vt 0.478140 0.460050
vt 0.478050 0.461040
vt 0.475430 0.457620
vt 0.474230 0.463970
vt 0.474050 0.463000
vt 0.477160 0.460620
vt 0.471610 0.460550
vt 0.470370 0.460110
vt 0.470810 0.461350
vt 0.466570 0.465070
vt 0.467880 0.465180
vt 0.473260 0.463800
vt 0.470870 0.466900
vt 0.471290 0.467800
vt 0.470310 0.467880
vt 0.469440 0.472250
vt 0.468810 0.471500
vt 0.467310 0.466150
vt 0.465470 0.470610
vt 0.464170 0.470840
vt 0.465180 0.471690
vt 0.463360 0.477040
vt 0.464550 0.476470
vt 0.468520 0.472590
vt 0.468010 0.476470
vt 0.468810 0.477040
vt 0.464550 0.477600
vt 0.469440 0.481820
vt 0.468010 0.477600
vt 0.468520 0.481480
vt 0.465180 0.482380
vt 0.464170 0.483230
vt 0.465470 0.483470
vt 0.466570 0.489000
vt 0.467310 0.487920
vt 0.468810 0.482570
vt 0.470310 0.486190
vt 0.471290 0.486270
vt 0.467880 0.488900
vt 0.474230 0.490100
vt 0.473260 0.490280
vt 0.470870 0.487170
vt 0.470810 0.492720
vt 0.470370 0.493960
vt 0.471610 0.493520
vt 0.475320 0.497760
vt 0.475430 0.496450
vt 0.474050 0.491070
vt 0.477160 0.493460
vt 0.478050 0.493040
vt 0.476410 0.497010
vt 0.478140 0.494020
vt 0.481760 0.495520
vt 0.480860 0.498860
vt 0.481950 0.499150
s 0
f 3/1/1 2/2/1 1/3/1
f 3/1/2 1/3/2 4/3/2
f 4/3/2 5/1/2 3/1/2
f 3/1/1 6/4/1 2/2/1
f 6/4/3 3/1/3 5/1/3
f 7/5/1 2/2/1 6/4/1
f 8/4/4 7/5/4 6/4/4
f 6/4/3 5/1/3 8/4/3
f 8/4/4 9/5/4 7/5/4
f 10/2/5 9/5/5 8/4/5
f 10/2/5 8/4/5 5/1/5
f 10/2/5 11/6/5 9/5/5
f 10/2/6 4/3/6 2/2/6
f 10/2/5 5/1/5 4/3/5
f 11/6/7 10/2/7 2/2/7
f 9/5/8 11/6/8 12/6/8
f 2/2/7 12/6/7 11/6/7
f 12/6/8 7/5/8 9/5/8
f 7/5/1 12/6/1 2/2/1
f 4/3/6 1/3/6 2/2/6
f 15/7/1 14/8/1 13/9/1
f 15/7/9 13/9/9 16/9/9
f 16/9/9 17/7/9 15/7/9
f 15/7/1 18/10/1 14/8/1
f 18/10/10 15/7/10 17/7/10
f 19/11/1 14/8/1 18/10/1
f 20/10/11 19/11/11 18/10/11
f 18/10/10 17/7/10 20/10/10
f 20/10/11 21/11/11 19/11/11
f 22/8/5 21/11/5 20/10/5
f 22/8/5 20/10/5 17/7/5
f 22/8/5 23/12/5 21/11/5
f 22/8/12 16/9/12 14/8/12
f 22/8/5 17/7/5 16/9/5
f 23/12/13 22/8/13 14/8/13
f 21/11/14 23/12/14 24/12/14
f 14/8/13 24/12/13 23/12/13
f 24/12/14 19/11/14 21/11/14
f 19/11/1 24/12/1 14/8/1
f 16/9/12 13/9/12 14/8/12
f 27/13/1 26/14/1 25/15/1
f 27/13/15 25/15/15 28/15/15
f 28/15/15 29/13/15 27/13/15
f 27/13/1 30/16/1 26/14/1
f 30/16/16 27/13/16 29/13/16
f 31/17/1 26/14/1 30/16/1
f 32/16/17 31/17/17 30/16/17
f 30/16/16 29/13/16 32/16/16
f 32/16/17 33/17/17 31/17/17
f 34/14/5 33/17/5 32/16/5
f 34/14/5 32/16/5 29/13/5
f 34/14/5 35/18/5 33/17/5
f 34/14/18 28/15/18 26/14/18
f 34/14/5 29/13/5 28/15/5
f 35/18/19 34/14/19 26/14/19
f 33/17/20 35/18/20 36/18/20
f 26/14/19 36/18/19 35/18/19
f 36/18/20 31/17/20 33/17/20
f 31/17/1 36/18/1 26/14/1
f 28/15/18 25/15/18 26/14/18
f 39/19/1 38/20/1 37/21/1
f 39/19/21 37/21/21 40/21/21
f 40/21/21 41/19/21 39/19/21
f 39/19/1 42/22/1 38/20/1
f 42/22/22 39/19/22 41/19/22
f 43/23/1 38/20/1 42/22/1
f 44/22/23 43/23/23 42/22/23
f 42/22/22 41/19/22 44/22/22
f 44/22/23 45/23/23 43/23/23
f 46/20/5 45/23/5 44/22/5
f 46/20/5 44/22/5 41/19/5
f 46/20/5 47/24/5 45/23/5
f 46/20/24 40/21/24 38/20/24
f 46/20/5 41/19/5 40/21/5
f 47/24/25 46/20/25 38/20/25
f 45/23/26 47/24/26 48/24/26
f 38/20/25 48/24/25 47/24/25
f 48/24/26 43/23/26 45/23/26
f 43/23/1 48/24/1 38/20/1
f 40/21/24 37/21/24 38/20/24
f 51/25/1 50/26/1 49/27/1
f 51/25/27 49/27/27 52/27/27
f 52/27/27 53/25/27 51/25/27
f 51/25/1 54/28/1 50/26/1
f 54/28/28 51/25/28 53/25/28
f 55/29/1 50/26/1 54/28/1
f 56/28/29 55/29/29 54/28/29
f 54/28/28 53/25/28 56/28/28
f 56/28/29 57/29/29 55/29/29
f 58/26/5 57/29/5 56/28/5
f 58/26/5 56/28/5 53/25/5
f 58/26/5 59/30/5 57/29/5
f 58/26/30 52/27/30 50/26/30
f 58/26/5 53/25/5 52/27/5
f 59/30/31 58/26/31 50/26/31
f 57/29/32 59/30/32 60/30/32
f 50/26/31 60/30/31 59/30/31
f 60/30/32 55/29/32 57/29/32
f 55/29/1 60/30/1 50/26/1
f 52/27/30 49/27/30 50/26/30
f 63/31/1 62/32/1 61/33/1
f 63/31/33 61/33/33 64/33/33
f 64/33/33 65/31/33 63/31/33
f 63/31/1 66/34/1 62/32/1
f 66/34/34 63/31/34 65/31/34
f 67/35/1 62/32/1 66/34/1
f 68/34/35 67/35/35 66/34/35
f 66/34/34 65/31/34 68/34/34
f 68/34/35 69/35/35 67/35/35
f 70/32/5 69/35/5 68/34/5
f 70/32/5 68/34/5 65/31/5
f 70/32/5 71/36/5 69/35/5
f 70/32/36 64/33/36 62/32/36
f 70/32/5 65/31/5 64/33/5
f 71/36/37 70/32/37 62/32/37
f 69/35/38 71/36/38 72/36/38
f 62/32/37 72/36/37 71/36/37
f 72/36/38 67/35/38 69/35/38
f 67/35/1 72/36/1 62/32/1
f 64/33/36 61/33/36 62/32/36
f 75/37/39 74/38/39 73/38/39
f 75/37/1 76/39/1 74/38/1
f 77/40/1 74/38/1 76/39/1
f 77/40/40 73/38/40 74/38/40
f 79/41/41 78/41/41 77/40/41
f 77/40/1 80/42/1 79/41/1
f 77/40/1 76/39/1 81/43/1
f 77/40/1 81/43/1 80/42/1
f 82/40/41 77/40/41 78/41/41
f 77/40/40 82/40/40 73/38/40
f 82/40/5 78/41/5 83/42/5
f 82/40/5 83/42/5 84/43/5
f 85/39/5 82/40/5 84/43/5
f 85/39/5 73/38/5 82/40/5
f 83/42/42 81/43/42 84/43/42
f 76/39/43 84/43/43 81/43/43
f 85/39/5 87/44/5 86/37/5
f 85/39/5 86/37/5 73/38/5
f 87/44/44 76/39/44 88/44/44
f 88/44/45 89/45/45 87/44/45
f 86/37/5 87/44/5 89/45/5
f 75/37/1 90/45/1 88/44/1
f 75/37/1 88/44/1 76/39/1
f 90/45/46 91/46/46 89/45/46
f 93/47/1 92/46/1 90/45/1
f 75/37/1 93/47/1 90/45/1
f 93/47/1 94/48/1 92/46/1
f 94/48/47 93/47/47 95/47/47
f 93/47/48 75/37/48 95/47/48
f 86/37/5 89/45/5 95/47/5
f 95/47/5 89/45/5 91/46/5
f 95/47/5 91/46/5 96/48/5
f 86/37/48 95/47/48 75/37/48
f 95/47/47 96/48/47 94/48/47
f 96/48/5 91/46/5 97/49/5
f 96/48/5 97/49/5 98/50/5
f 96/48/49 98/50/49 99/50/49
f 96/48/49 99/50/49 94/48/49
f 94/48/1 99/50/1 100/49/1
f 99/50/1 101/51/1 100/49/1
f 98/50/50 102/52/50 99/50/50
f 99/50/1 102/52/1 101/51/1
f 104/53/1 103/54/1 101/51/1
f 104/53/1 101/51/1 102/52/1
f 103/54/51 105/51/51 101/51/51
f 101/51/52 97/49/52 100/49/52
f 107/53/5 106/52/5 105/51/5
f 98/50/5 105/51/5 106/52/5
f 107/53/5 105/51/5 108/54/5
f 98/50/5 97/49/5 105/51/5
f 103/54/53 109/55/53 108/54/53
f 108/54/5 109/55/5 110/56/5
f 108/54/5 110/56/5 107/53/5
f 111/55/54 110/56/54 109/55/54
f 110/56/55 104/53/55 107/53/55
f 103/54/1 104/53/1 112/56/1
f 103/54/1 112/56/1 111/55/1
f 106/52/56 107/53/56 104/53/56
f 98/50/50 106/52/50 102/52/50
f 106/52/56 104/53/56 102/52/56
f 100/49/57 91/46/57 92/46/57
f 94/48/1 100/49/1 92/46/1
f 75/37/39 73/38/39 86/37/39
f 113/57/58 80/42/58 83/42/58
f 78/41/5 113/57/5 83/42/5
f 78/41/5 114/58/5 113/57/5
f 114/58/5 115/59/5 113/57/5
f 113/57/59 117/59/59 116/57/59
f 79/41/1 116/57/1 118/58/1
f 118/58/1 116/57/1 117/59/1
f 79/41/1 80/42/1 116/57/1
f 118/58/1 117/59/1 119/60/1
f 119/60/1 117/59/1 120/61/1
f 115/59/60 120/61/60 117/59/60
f 119/60/1 120/61/1 121/62/1
f 123/63/1 120/61/1 122/64/1
f 123/63/1 121/62/1 120/61/1
f 124/61/61 122/64/61 120/61/61
f 126/63/5 124/61/5 125/62/5
f 127/60/5 125/62/5 124/61/5
f 126/63/5 128/64/5 124/61/5
f 127/60/5 124/61/5 115/59/5
f 114/58/62 119/60/62 127/60/62
f 114/58/5 127/60/5 115/59/5
f 127/60/63 121/62/63 125/62/63
f 127/60/63 119/60/63 121/62/63
f 128/64/64 129/65/64 122/64/64
f 128/64/5 131/66/5 130/65/5
f 128/64/5 126/63/5 131/66/5
f 130/65/65 132/66/65 129/65/65
f 123/63/66 131/66/66 126/63/66
f 122/64/1 132/66/1 123/63/1
f 122/64/1 129/65/1 132/66/1
f 125/62/67 123/63/67 126/63/67
f 125/62/67 121/62/67 123/63/67
f 114/58/62 118/58/62 119/60/62
f 118/58/68 78/41/68 79/41/68
f 78/41/68 118/58/68 114/58/68
f 135/67/69 134/68/69 133/68/69
f 134/68/70 136/69/70 133/68/70
f 137/70/71 133/68/71 136/69/71
f 137/70/72 135/67/72 138/71/72
f 138/71/73 133/68/73 139/72/73
f 139/72/74 140/71/74 138/71/74
f 139/72/75 142/70/75 141/72/75
f 134/68/76 142/70/76 143/69/76
f 143/69/77 140/71/77 144/67/77
f 144/67/78 141/72/78 134/68/78
f 136/69/79 144/67/79 135/67/79
f 137/70/71 139/72/71 133/68/71
f 137/70/72 136/69/72 135/67/72
f 138/71/73 135/67/73 133/68/73
f 140/71/80 137/70/80 138/71/80
f 134/68/76 141/72/76 142/70/76
f 143/69/77 142/70/77 140/71/77
f 144/67/78 140/71/78 141/72/78
f 147/73/80 146/74/80 145/73/80
f 148/75/75 147/73/75 145/73/75
f 147/73/81 150/76/81 149/74/81
f 147/73/81 151/77/81 150/76/81
f 152/75/82 151/77/82 147/73/82
f 153/77/79 150/76/79 151/77/79
f 152/75/82 154/78/82 151/77/82
f 153/77/70 154/78/70 155/78/70
f 155/78/83 145/73/83 153/77/83
f 156/76/84 153/77/84 145/73/84
f 156/76/85 146/74/85 148/75/85
f 156/76/84 145/73/84 146/74/84
f 154/78/69 156/76/69 155/78/69
f 156/76/85 148/75/85 155/78/85
f 148/75/74 149/74/74 152/75/74
f 155/78/83 148/75/83 145/73/83
f 149/74/86 154/78/86 152/75/86
f 149/74/86 150/76/86 154/78/86
f 159/79/87 158/80/87 157/80/87
f 159/79/1 160/81/1 158/80/1
f 161/82/1 158/80/1 160/81/1
f 161/82/88 157/80/88 158/80/88
f 163/83/89 162/83/89 161/82/89
f 161/82/1 164/84/1 163/83/1
f 161/82/1 160/81/1 165/85/1
f 161/82/1 165/85/1 164/84/1
f 166/82/89 161/82/89 162/83/89
f 161/82/88 166/82/88 157/80/88
f 166/82/5 162/83/5 167/84/5
f 166/82/5 167/84/5 168/85/5
f 169/81/5 166/82/5 168/85/5
f 169/81/5 157/80/5 166/82/5
f 167/84/90 165/85/90 168/85/90
f 160/81/91 168/85/91 165/85/91
f 169/81/5 171/86/5 170/79/5
f 169/81/5 170/79/5 157/80/5
f 171/86/92 160/81/92 172/86/92
f 172/86/93 173/87/93 171/86/93
f 170/79/5 171/86/5 173/87/5
f 159/79/1 174/87/1 172/86/1
f 159/79/1 172/86/1 160/81/1
f 174/87/94 175/88/94 173/87/94
f 177/89/1 176/88/1 174/87/1
f 159/79/1 177/89/1 174/87/1
f 177/89/1 178/90/1 176/88/1
f 178/90/95 177/89/95 179/89/95
f 177/89/96 159/79/96 179/89/96
f 170/79/5 173/87/5 179/89/5
f 179/89/5 173/87/5 175/88/5
f 179/89/5 175/88/5 180/90/5
f 170/79/96 179/89/96 159/79/96
f 179/89/95 180/90/95 178/90/95
f 180/90/5 175/88/5 181/91/5
f 180/90/5 181/91/5 182/92/5
f 180/90/97 182/92/97 183/92/97
f 180/90/97 183/92/97 178/90/97
f 178/90/1 183/92/1 184/91/1
f 183/92/1 185/93/1 184/91/1
f 182/92/98 186/94/98 183/92/98
f 183/92/1 186/94/1 185/93/1
f 188/95/1 187/96/1 185/93/1
f 188/95/1 185/93/1 186/94/1
f 187/96/99 189/93/99 185/93/99
f 184/91/100 189/93/100 181/91/100
f 191/95/5 190/94/5 189/93/5
f 182/92/5 189/93/5 190/94/5
f 191/95/5 189/93/5 192/96/5
f 182/92/5 181/91/5 189/93/5
f 187/96/101 193/97/101 192/96/101
f 192/96/5 193/97/5 194/98/5
f 192/96/5 194/98/5 191/95/5
f 195/97/102 194/98/102 193/97/102
f 194/98/103 188/95/103 191/95/103
f 187/96/1 188/95/1 196/98/1
f 187/96/1 196/98/1 195/97/1
f 190/94/104 191/95/104 188/95/104
f 182/92/98 190/94/98 186/94/98
f 190/94/104 188/95/104 186/94/104
f 176/88/105 181/91/105 175/88/105
f 178/90/1 184/91/1 176/88/1
f 159/79/87 157/80/87 170/79/87
f 197/99/106 164/84/106 167/84/106
f 162/83/5 197/99/5 167/84/5
f 162/83/5 198/100/5 197/99/5
f 198/100/5 199/101/5 197/99/5
f 197/99/107 201/101/107 200/99/107
f 163/83/1 200/99/1 202/100/1
f 202/100/1 200/99/1 201/101/1
f 163/83/1 164/84/1 200/99/1
f 202/100/1 201/101/1 203/102/1
f 203/102/1 201/101/1 204/103/1
f 199/101/108 204/103/108 201/101/108
f 203/102/1 204/103/1 205/104/1
f 207/105/1 204/103/1 206/106/1
f 207/105/1 205/104/1 204/103/1
f 208/103/109 206/106/109 204/103/109
f 210/105/5 208/103/5 209/104/5
f 211/102/5 209/104/5 208/103/5
f 210/105/5 212/106/5 208/103/5
f 211/102/5 208/103/5 199/101/5
f 198/100/110 203/102/110 211/102/110
f 198/100/5 211/102/5 199/101/5
f 211/102/111 205/104/111 209/104/111
f 211/102/111 203/102/111 205/104/111
f 213/107/112 206/106/112 212/106/112
f 212/106/5 214/108/5 213/107/5
f 212/106/5 210/105/5 214/108/5
f 213/107/113 216/108/113 215/107/113
f 207/105/114 214/108/114 210/105/114
f 206/106/1 216/108/1 207/105/1
f 206/106/1 215/107/1 216/108/1
f 209/104/115 207/105/115 210/105/115
f 209/104/115 205/104/115 207/105/115
f 198/100/110 202/100/110 203/102/110
f 202/100/116 162/83/116 163/83/116
f 162/83/116 202/100/116 198/100/116
f 219/109/117 218/110/117 217/110/117
f 219/109/1 220/111/1 218/110/1
f 221/112/1 218/110/1 220/111/1
f 221/112/118 217/110/118 218/110/118
f 223/113/119 222/113/119 221/112/119
f 221/112/1 224/114/1 223/113/1
f 221/112/1 220/111/1 225/115/1
f 221/112/1 225/115/1 224/114/1
f 226/112/119 221/112/119 222/113/119
f 221/112/118 226/112/118 217/110/118
f 226/112/5 222/113/5 227/114/5
f 226/112/5 227/114/5 228/115/5
f 229/111/5 226/112/5 228/115/5
f 229/111/5 217/110/5 226/112/5
f 227/114/120 225/115/120 228/115/120
f 220/111/121 228/115/121 225/115/121
f 229/111/5 231/116/5 230/109/5
f 229/111/5 230/109/5 217/110/5
f 231/116/122 220/111/122 232/116/122
f 232/116/123 233/117/123 231/116/123
f 230/109/5 231/116/5 233/117/5
f 219/109/1 234/117/1 232/116/1
f 219/109/1 232/116/1 220/111/1
f 234/117/124 235/118/124 233/117/124
f 237/119/1 236/118/1 234/117/1
f 219/109/1 237/119/1 234/117/1
f 237/119/1 238/120/1 236/118/1
f 238/120/125 237/119/125 239/119/125
f 237/119/126 219/109/126 239/119/126
f 230/109/5 233/117/5 239/119/5
f 239/119/5 233/117/5 235/118/5
f 239/119/5 235/118/5 240/120/5
f 230/109/126 239/119/126 219/109/126
f 239/119/125 240/120/125 238/120/125
f 240/120/5 235/118/5 241/121/5
f 240/120/5 241/121/5 242/122/5
f 240/120/127 242/122/127 243/122/127
f 240/120/127 243/122/127 238/120/127
f 238/120/1 243/122/1 244/121/1
f 243/122/1 245/123/1 244/121/1
f 242/122/128 246/124/128 243/122/128
f 243/122/1 246/124/1 245/123/1
f 248/125/1 247/126/1 245/123/1
f 248/125/1 245/123/1 246/124/1
f 247/126/129 249/123/129 245/123/129
f 244/121/130 249/123/130 241/121/130
f 251/125/5 250/124/5 249/123/5
f 242/122/5 249/123/5 250/124/5
f 251/125/5 249/123/5 252/126/5
f 242/122/5 241/121/5 249/123/5
f 247/126/103 253/127/103 252/126/103
f 252/126/5 253/127/5 254/128/5
f 252/126/5 254/128/5 251/125/5
f 255/127/131 254/128/131 253/127/131
f 254/128/101 248/125/101 251/125/101
f 247/126/1 248/125/1 256/128/1
f 247/126/1 256/128/1 255/127/1
f 250/124/132 251/125/132 248/125/132
f 242/122/128 250/124/128 246/124/128
f 250/124/132 248/125/132 246/124/132
f 236/118/133 241/121/133 235/118/133
f 238/120/1 244/121/1 236/118/1
f 219/109/117 217/110/117 230/109/117
f 257/129/134 224/114/134 227/114/134
f 222/113/5 257/129/5 227/114/5
f 222/113/5 258/130/5 257/129/5
f 258/130/5 259/131/5 257/129/5
f 257/129/135 261/131/135 260/129/135
f 223/113/1 260/129/1 262/130/1
f 262/130/1 260/129/1 261/131/1
f 223/113/1 224/114/1 260/129/1
f 262/130/1 261/131/1 263/132/1
f 263/132/1 261/131/1 264/133/1
f 261/131/136 265/133/136 264/133/136
f 263/132/1 264/133/1 266/134/1
f 268/135/1 264/133/1 267/136/1
f 268/135/1 266/134/1 264/133/1
f 265/133/137 267/136/137 264/133/137
f 270/135/5 265/133/5 269/134/5
f 271/132/5 269/134/5 265/133/5
f 270/135/5 272/136/5 265/133/5
f 271/132/5 265/133/5 259/131/5
f 258/130/138 263/132/138 271/132/138
f 258/130/5 271/132/5 259/131/5
f 271/132/139 266/134/139 269/134/139
f 271/132/139 263/132/139 266/134/139
f 273/137/114 267/136/114 272/136/114
f 272/136/5 274/138/5 273/137/5
f 272/136/5 270/135/5 274/138/5
f 274/138/140 275/137/140 273/137/140
f 268/135/112 274/138/112 270/135/112
f 267/136/1 276/138/1 268/135/1
f 267/136/1 275/137/1 276/138/1
f 269/134/141 268/135/141 270/135/141
f 269/134/141 266/134/141 268/135/141
f 258/130/138 262/130/138 263/132/138
f 262/130/142 222/113/142 223/113/142
f 222/113/142 262/130/142 258/130/142
f 279/139/143 278/140/143 277/140/143
f 279/139/1 280/141/1 278/140/1
f 281/142/1 278/140/1 280/141/1
f 281/142/144 277/140/144 278/140/144
f 283/143/145 282/143/145 281/142/145
f 281/142/1 284/144/1 283/143/1
f 281/142/1 280/141/1 285/145/1
f 281/142/1 285/145/1 284/144/1
f 286/142/145 281/142/145 282/143/145
f 281/142/144 286/142/144 277/140/144
f 286/142/5 282/143/5 287/144/5
f 286/142/5 287/144/5 288/145/5
f 289/141/5 286/142/5 288/145/5
f 289/141/5 277/140/5 286/142/5
f 287/144/146 285/145/146 288/145/146
f 280/141/147 288/145/147 285/145/147
f 289/141/5 291/146/5 290/139/5
f 289/141/5 290/139/5 277/140/5
f 291/146/148 280/141/148 292/146/148
f 292/146/149 293/147/149 291/146/149
f 290/139/5 291/146/5 293/147/5
f 279/139/1 294/147/1 292/146/1
f 279/139/1 292/146/1 280/141/1
f 294/147/150 295/148/150 293/147/150
f 297/149/1 296/148/1 294/147/1
f 279/139/1 297/149/1 294/147/1
f 297/149/1 298/150/1 296/148/1
f 298/150/151 297/149/151 299/149/151
f 297/149/152 279/139/152 299/149/152
f 290/139/5 293/147/5 299/149/5
f 299/149/5 293/147/5 295/148/5
f 299/149/5 295/148/5 300/150/5
f 290/139/153 299/149/153 279/139/153
f 299/149/151 300/150/151 298/150/151
f 300/150/5 295/148/5 301/151/5
f 300/150/5 301/151/5 302/152/5
f 300/150/154 302/152/154 303/152/154
f 300/150/154 303/152/154 298/150/154
f 298/150/1 303/152/1 304/151/1
f 303/152/1 305/153/1 304/151/1
f 302/152/155 306/154/155 303/152/155
f 303/152/1 306/154/1 305/153/1
f 308/155/1 307/156/1 305/153/1
f 308/155/1 305/153/1 306/154/1
f 305/153/156 310/156/156 309/153/156
f 304/151/157 309/153/157 301/151/157
f 312/155/5 311/154/5 309/153/5
f 302/152/5 309/153/5 311/154/5
f 312/155/5 309/153/5 310/156/5
f 302/152/5 301/151/5 309/153/5
f 307/156/158 313/157/158 310/156/158
f 310/156/5 313/157/5 314/158/5
f 310/156/5 314/158/5 312/155/5
f 315/157/159 314/158/159 313/157/159
f 314/158/160 308/155/160 312/155/160
f 307/156/1 308/155/1 316/158/1
f 307/156/1 316/158/1 315/157/1
f 311/154/161 312/155/161 308/155/161
f 302/152/155 311/154/155 306/154/155
f 311/154/161 308/155/161 306/154/161
f 296/148/162 301/151/162 295/148/162
f 298/150/1 304/151/1 296/148/1
f 279/139/143 277/140/143 290/139/143
f 317/159/163 284/144/163 287/144/163
f 282/143/5 317/159/5 287/144/5
f 282/143/5 318/160/5 317/159/5
f 318/160/5 319/161/5 317/159/5
f 321/159/164 319/161/164 320/161/164
f 283/143/1 321/159/1 322/160/1
f 322/160/1 321/159/1 320/161/1
f 283/143/1 284/144/1 321/159/1
f 322/160/1 320/161/1 323/162/1
f 323/162/1 320/161/1 324/163/1
f 320/161/165 325/163/165 324/163/165
f 323/162/1 324/163/1 326/164/1
f 328/165/1 324/163/1 327/166/1
f 328/165/1 326/164/1 324/163/1
f 324/163/166 329/166/166 327/166/166
f 331/165/5 325/163/5 330/164/5
f 332/162/5 330/164/5 325/163/5
f 331/165/5 329/166/5 325/163/5
f 332/162/5 325/163/5 319/161/5
f 318/160/167 323/162/167 332/162/167
f 318/160/5 332/162/5 319/161/5
f 332/162/168 326/164/168 330/164/168
f 332/162/168 323/162/168 326/164/168
f 333/167/169 327/166/169 329/166/169
f 329/166/5 334/168/5 333/167/5
f 329/166/5 331/165/5 334/168/5
f 334/168/170 335/167/170 333/167/170
f 328/165/171 334/168/171 331/165/171
f 327/166/1 336/168/1 328/165/1
f 327/166/1 335/167/1 336/168/1
f 330/164/172 328/165/172 331/165/172
f 330/164/172 326/164/172 328/165/172
f 318/160/167 322/160/167 323/162/167
f 322/160/173 282/143/173 283/143/173
f 282/143/173 322/160/173 318/160/173
f 339/169/174 338/170/174 337/170/174
f 339/169/1 340/171/1 338/170/1
f 341/172/1 338/170/1 340/171/1
f 341/172/175 337/170/175 338/170/175
f 343/173/176 342/173/176 341/172/176
f 341/172/1 344/174/1 343/173/1
f 341/172/1 340/171/1 345/175/1
f 341/172/1 345/175/1 344/174/1
f 346/172/176 341/172/176 342/173/176
f 341/172/175 346/172/175 337/170/175
f 346/172/5 342/173/5 347/174/5
f 346/172/5 347/174/5 348/175/5
f 349/171/5 346/172/5 348/175/5
f 349/171/5 337/170/5 346/172/5
f 348/175/177 344/174/177 345/175/177
f 340/171/178 348/175/178 345/175/178
f 349/171/5 351/176/5 350/169/5
f 349/171/5 350/169/5 337/170/5
f 351/176/179 340/171/179 352/176/179
f 352/176/180 353/177/180 351/176/180
f 350/169/5 351/176/5 353/177/5
f 339/169/1 354/177/1 352/176/1
f 339/169/1 352/176/1 340/171/1
f 354/177/181 355/178/181 353/177/181
f 357/179/1 356/178/1 354/177/1
f 339/169/1 357/179/1 354/177/1
f 357/179/1 358/180/1 356/178/1
f 358/180/182 357/179/182 359/179/182
f 357/179/183 339/169/183 359/179/183
f 350/169/5 353/177/5 359/179/5
f 359/179/5 353/177/5 355/178/5
f 359/179/5 355/178/5 360/180/5
f 350/169/183 359/179/183 339/169/183
f 359/179/182 360/180/182 358/180/182
f 360/180/5 355/178/5 361/181/5
f 360/180/5 361/181/5 362/182/5
f 360/180/184 362/182/184 363/182/184
f 360/180/184 363/182/184 358/180/184
f 358/180/1 363/182/1 364/181/1
f 363/182/1 365/183/1 364/181/1
f 362/182/185 366/184/185 363/182/185
f 363/182/1 366/184/1 365/183/1
f 368/185/1 367/186/1 365/183/1
f 368/185/1 365/183/1 366/184/1
f 367/186/186 369/183/186 365/183/186
f 365/183/187 361/181/187 364/181/187
f 371/185/5 370/184/5 369/183/5
f 362/182/5 369/183/5 370/184/5
f 371/185/5 369/183/5 372/186/5
f 362/182/5 361/181/5 369/183/5
f 367/186/160 373/187/160 372/186/160
f 372/186/5 373/187/5 374/188/5
f 372/186/5 374/188/5 371/185/5
f 375/187/188 374/188/188 373/187/188
f 374/188/158 368/185/158 371/185/158
f 367/186/1 368/185/1 376/188/1
f 367/186/1 376/188/1 375/187/1
f 370/184/189 371/185/189 368/185/189
f 362/182/185 370/184/185 366/184/185
f 370/184/189 368/185/189 366/184/189
f 364/181/190 355/178/190 356/178/190
f 358/180/1 364/181/1 356/178/1
f 339/169/174 337/170/174 350/169/174
f 377/189/191 344/174/191 347/174/191
f 342/173/5 377/189/5 347/174/5
f 342/173/5 378/190/5 377/189/5
f 378/190/5 379/191/5 377/189/5
f 377/189/192 381/191/192 380/189/192
f 343/173/1 380/189/1 382/190/1
f 382/190/1 380/189/1 381/191/1
f 343/173/1 344/174/1 380/189/1
f 382/190/1 381/191/1 383/192/1
f 383/192/1 381/191/1 384/193/1
f 379/191/193 384/193/193 381/191/193
f 383/192/1 384/193/1 385/194/1
f 387/195/1 384/193/1 386/196/1
f 387/195/1 385/194/1 384/193/1
f 388/193/194 386/196/194 384/193/194
f 390/195/5 388/193/5 389/194/5
f 391/192/5 389/194/5 388/193/5
f 390/195/5 392/196/5 388/193/5
f 391/192/5 388/193/5 379/191/5
f 378/190/195 383/192/195 391/192/195
f 378/190/5 391/192/5 379/191/5
f 391/192/196 385/194/196 389/194/196
f 391/192/196 383/192/196 385/194/196
f 393/197/171 386/196/171 392/196/171
f 392/196/5 394/198/5 393/197/5
f 392/196/5 390/195/5 394/198/5
f 393/197/197 396/198/197 395/197/197
f 387/195/169 394/198/169 390/195/169
f 386/196/1 396/198/1 387/195/1
f 386/196/1 395/197/1 396/198/1
f 389/194/198 387/195/198 390/195/198
f 389/194/198 385/194/198 387/195/198
f 378/190/195 382/190/195 383/192/195
f 382/190/199 342/173/199 343/173/199
f 342/173/199 382/190/199 378/190/199
f 399/199/200 398/200/200 397/200/200
f 399/199/1 400/201/1 398/200/1
f 401/202/1 398/200/1 400/201/1
f 401/202/201 397/200/201 398/200/201
f 403/203/202 402/203/202 401/202/202
f 401/202/1 404/204/1 403/203/1
f 401/202/1 400/201/1 405/205/1
f 401/202/1 405/205/1 404/204/1
f 406/202/202 401/202/202 402/203/202
f 401/202/201 406/202/201 397/200/201
f 406/202/5 402/203/5 407/204/5
f 406/202/5 407/204/5 408/205/5
f 409/201/5 406/202/5 408/205/5
f 409/201/5 397/200/5 406/202/5
f 407/204/203 405/205/203 408/205/203
f 400/201/204 408/205/204 405/205/204
f 409/201/5 411/206/5 410/199/5
f 409/201/5 410/199/5 397/200/5
f 411/206/205 400/201/205 412/206/205
f 412/206/206 413/207/206 411/206/206
f 410/199/5 411/206/5 413/207/5
f 399/199/1 414/207/1 412/206/1
f 399/199/1 412/206/1 400/201/1
f 414/207/207 415/208/207 413/207/207
f 417/209/1 416/208/1 414/207/1
f 399/199/1 417/209/1 414/207/1
f 417/209/1 418/210/1 416/208/1
f 418/210/208 417/209/208 419/209/208
f 417/209/209 399/199/209 419/209/209
f 410/199/5 413/207/5 419/209/5
f 419/209/5 413/207/5 415/208/5
f 419/209/5 415/208/5 420/210/5
f 410/199/209 419/209/209 399/199/209
f 419/209/208 420/210/208 418/210/208
f 420/210/5 415/208/5 421/211/5
f 420/210/5 421/211/5 422/212/5
f 420/210/210 422/212/210 423/212/210
f 420/210/210 423/212/210 418/210/210
f 418/210/1 423/212/1 424/211/1
f 423/212/1 425/213/1 424/211/1
f 422/212/211 426/214/211 423/212/211
f 423/212/1 426/214/1 425/213/1
f 428/215/1 427/216/1 425/213/1
f 428/215/1 425/213/1 426/214/1
f 425/213/212 430/216/212 429/213/212
f 424/211/213 429/213/213 421/211/213
f 432/215/5 431/214/5 429/213/5
f 422/212/5 429/213/5 431/214/5
f 432/215/5 429/213/5 430/216/5
f 422/212/5 421/211/5 429/213/5
f 427/216/55 433/217/55 430/216/55
f 430/216/5 433/217/5 434/218/5
f 430/216/5 434/218/5 432/215/5
f 435/217/214 434/218/214 433/217/214
f 434/218/53 428/215/53 432/215/53
f 427/216/1 428/215/1 436/218/1
f 427/216/1 436/218/1 435/217/1
f 431/214/215 432/215/215 428/215/215
f 422/212/211 431/214/211 426/214/211
f 431/214/215 428/215/215 426/214/215
f 416/208/216 421/211/216 415/208/216
f 418/210/1 424/211/1 416/208/1
f 399/199/200 397/200/200 410/199/200
f 437/219/217 404/204/217 407/204/217
f 402/203/5 437/219/5 407/204/5
f 402/203/5 438/220/5 437/219/5
f 438/220/5 439/221/5 437/219/5
f 441/219/218 439/221/218 440/221/218
f 403/203/1 441/219/1 442/220/1
f 442/220/1 441/219/1 440/221/1
f 403/203/1 404/204/1 441/219/1
f 442/220/1 440/221/1 443/222/1
f 443/222/1 440/221/1 444/223/1
f 440/221/219 445/223/219 444/223/219
f 443/222/1 444/223/1 446/224/1
f 448/225/1 444/223/1 447/226/1
f 448/225/1 446/224/1 444/223/1
f 444/223/220 449/226/220 447/226/220
f 451/225/5 445/223/5 450/224/5
f 452/222/5 450/224/5 445/223/5
f 451/225/5 449/226/5 445/223/5
f 452/222/5 445/223/5 439/221/5
f 438/220/221 443/222/221 452/222/221
f 438/220/5 452/222/5 439/221/5
f 452/222/222 446/224/222 450/224/222
f 452/222/222 443/222/222 446/224/222
f 453/227/66 447/226/66 449/226/66
f 449/226/5 454/228/5 453/227/5
f 449/226/5 451/225/5 454/228/5
f 454/228/223 455/227/223 453/227/223
f 448/225/64 454/228/64 451/225/64
f 447/226/1 456/228/1 448/225/1
f 447/226/1 455/227/1 456/228/1
f 450/224/224 448/225/224 451/225/224
f 450/224/224 446/224/224 448/225/224
f 438/220/221 442/220/221 443/222/221
f 442/220/225 402/203/225 403/203/225
f 402/203/225 442/220/225 438/220/225
f 459/229/226 458/230/226 457/229/226
f 461/231/5 460/230/5 459/229/5
f 464/232/5 463/233/5 462/234/5
f 460/230/227 465/235/227 458/230/227
f 462/234/5 466/235/5 460/230/5
f 458/230/1 467/231/1 457/229/1
f 470/234/1 469/233/1 468/232/1
f 465/235/1 470/234/1 458/230/1
f 472/236/228 470/234/228 471/236/228
f 473/237/229 470/234/229 462/234/229
f 475/238/227 474/237/227 473/237/227
f 469/233/1 477/238/1 476/239/1
f 475/238/5 463/233/5 478/239/5
f 480/240/5 479/241/5 463/233/5
f 479/241/230 469/233/230 463/233/230
f 463/233/228 476/239/228 478/239/228
f 482/242/231 476/239/231 481/242/231
f 482/242/5 483/243/5 478/239/5
f 483/243/5 466/235/5 475/238/5
f 476/239/1 484/244/1 481/242/1
f 477/238/1 465/235/1 485/243/1
f 486/244/232 485/243/232 483/243/232
f 483/243/233 488/245/233 487/245/233
f 490/246/231 488/245/231 489/246/231
f 465/235/1 489/246/1 488/245/1
f 466/235/5 490/246/5 491/247/5
f 490/246/79 484/244/79 486/244/79
f 490/246/5 482/242/5 492/248/5
f 491/247/232 465/235/232 466/235/232
f 491/247/234 494/249/234 493/247/234
f 491/247/5 496/250/5 495/249/5
f 497/248/1 481/242/1 489/246/1
f 493/247/1 498/250/1 497/248/1
f 492/248/235 498/250/235 496/250/235
f 499/251/80 497/248/80 492/248/80
f 501/252/234 500/251/234 499/251/234
f 503/253/1 500/251/1 502/252/1
f 504/253/5 499/251/5 482/242/5
f 496/250/236 502/252/236 501/252/236
f 505/254/5 495/249/5 501/252/5
f 507/255/237 503/253/237 506/255/237
f 508/256/5 504/253/5 507/255/5
f 482/242/235 503/253/235 504/253/235
f 503/253/1 509/256/1 506/255/1
f 502/252/1 494/249/1 510/254/1
f 505/254/238 509/256/238 510/254/238
f 505/254/239 512/257/239 511/257/239
f 511/257/237 514/258/237 513/258/237
f 515/259/1 512/257/1 494/249/1
f 495/249/5 513/258/5 516/259/5
f 513/258/240 509/256/240 508/256/240
f 517/260/5 516/259/5 508/256/5
f 518/261/241 515/259/241 516/259/241
f 519/262/5 518/261/5 516/259/5
f 495/249/238 515/259/238 494/249/238
f 521/261/1 520/262/1 515/259/1
f 509/256/1 515/259/1 522/260/1
f 519/262/242 524/263/242 523/263/242
f 517/260/243 520/262/243 519/262/243
f 525/264/241 522/260/241 517/260/241
f 506/255/1 527/264/1 526/265/1
f 525/264/5 507/255/5 528/265/5
f 523/263/244 527/264/244 525/264/244
f 529/266/5 518/261/5 525/264/5
f 528/265/245 531/267/245 530/267/245
f 532/268/5 528/265/5 530/267/5
f 507/255/242 526/265/242 528/265/242
f 526/265/1 533/268/1 531/267/1
f 527/264/1 521/261/1 534/266/1
f 532/268/246 534/266/246 529/266/246
f 529/266/247 536/269/247 535/269/247
f 535/269/245 538/270/245 537/270/245
f 539/271/1 536/269/1 521/261/1
f 535/269/5 540/271/5 518/261/5
f 537/270/75 533/268/75 532/268/75
f 541/272/5 540/271/5 532/268/5
f 542/273/248 539/271/248 540/271/248
f 543/274/5 542/273/5 540/271/5
f 518/261/246 539/271/246 521/261/246
f 545/273/1 544/274/1 539/271/1
f 533/268/1 539/271/1 546/272/1
f 548/275/249 544/274/249 547/275/249
f 541/272/70 544/274/70 543/274/70
f 549/276/248 546/272/248 541/272/248
f 531/267/1 551/276/1 550/277/1
f 549/276/5 530/267/5 552/277/5
f 548/275/250 551/276/250 549/276/250
f 553/278/5 542/273/5 549/276/5
f 555/279/251 550/277/251 554/279/251
f 555/279/5 553/278/5 552/277/5
f 552/277/249 531/267/249 550/277/249
f 550/277/1 556/280/1 554/279/1
f 551/276/1 545/273/1 557/278/1
f 558/280/252 557/278/252 553/278/252
f 553/278/253 560/281/253 559/281/253
f 562/282/251 560/281/251 561/282/251
f 545/273/1 561/282/1 560/281/1
f 542/273/5 562/282/5 563/283/5
f 562/282/254 556/280/254 558/280/254
f 564/284/5 563/283/5 558/280/5
f 563/283/255 566/285/255 565/283/255
f 563/283/5 568/286/5 567/285/5
f 563/283/252 545/273/252 542/273/252
f 565/283/1 570/286/1 569/287/1
f 556/280/1 565/283/1 571/284/1
f 572/287/256 570/286/256 568/286/256
f 564/284/257 569/287/257 572/287/257
f 573/288/255 571/284/255 564/284/255
f 575/289/1 571/284/1 574/288/1
f 576/289/5 564/284/5 555/279/5
f 568/286/258 574/288/258 573/288/258
f 568/286/5 576/289/5 577/290/5
f 555/279/256 575/289/256 576/289/256
f 576/289/259 579/291/259 578/291/259
f 580/292/5 576/289/5 578/291/5
f 581/290/1 575/289/1 570/286/1
f 575/289/1 582/292/1 579/291/1
f 580/292/260 584/293/260 583/293/260
f 583/293/261 581/290/261 577/290/261
f 577/290/259 586/294/259 585/294/259
f 587/295/1 581/290/1 566/285/1
f 567/285/5 585/294/5 588/295/5
f 580/292/69 586/294/69 582/292/69
f 589/296/5 588/295/5 580/292/5
f 590/297/262 587/295/262 588/295/262
f 591/298/5 590/297/5 588/295/5
f 588/295/260 566/285/260 567/285/260
f 593/297/1 592/298/1 587/295/1
f 582/292/1 587/295/1 594/296/1
f 596/299/263 592/298/263 595/299/263
f 589/296/74 592/298/74 591/298/74
f 597/300/262 594/296/262 589/296/262
f 579/291/1 599/300/1 598/301/1
f 597/300/5 578/291/5 600/301/5
f 596/299/264 599/300/264 597/300/264
f 601/302/5 590/297/5 597/300/5
f 600/301/226 603/303/226 602/303/226
f 604/304/5 600/301/5 602/303/5
f 578/291/263 598/301/263 600/301/263
f 598/301/1 605/304/1 603/303/1
f 599/300/1 593/297/1 606/302/1
f 604/304/230 606/302/230 601/302/230
f 601/302/265 608/305/265 607/305/265
f 607/305/226 610/306/226 609/306/226
f 611/307/1 608/305/1 593/297/1
f 607/305/5 612/307/5 590/297/5
f 609/306/229 605/304/229 604/304/229
f 613/308/5 612/307/5 604/304/5
f 614/309/228 611/307/228 612/307/228
f 615/310/5 614/309/5 612/307/5
f 612/307/230 593/297/230 590/297/230
f 617/309/1 616/310/1 611/307/1
f 605/304/1 611/307/1 618/308/1
f 615/310/227 620/311/227 619/311/227
f 613/308/266 616/310/266 615/310/266
f 621/312/228 618/308/228 613/308/228
f 603/303/1 623/312/1 622/313/1
f 621/312/5 602/303/5 624/313/5
f 619/311/233 623/312/233 621/312/233
f 625/314/5 614/309/5 621/312/5
f 624/313/232 627/315/232 626/315/232
f 628/316/5 624/313/5 626/315/5
f 602/303/227 622/313/227 624/313/227
f 622/313/1 629/316/1 627/315/1
f 623/312/1 617/309/1 630/314/1
f 628/316/231 630/314/231 625/314/231
f 625/314/267 632/317/267 631/317/267
f 631/317/232 634/318/232 633/318/232
f 617/309/1 634/318/1 632/317/1
f 614/309/5 633/318/5 635/319/5
f 628/316/80 634/318/80 629/316/80
f 636/320/5 635/319/5 628/316/5
f 638/321/235 637/319/235 635/319/235
f 635/319/5 639/322/5 638/321/5
f 635/319/231 617/309/231 614/309/231
f 637/319/1 641/322/1 640/323/1
f 629/316/1 637/319/1 642/320/1
f 639/322/234 640/323/234 641/322/234
f 636/320/79 640/323/79 643/323/79
f 644/324/235 642/320/235 636/320/235
f 646/325/1 642/320/1 645/324/1
f 647/325/5 636/320/5 626/315/5
f 639/322/239 645/324/239 644/324/239
f 648/326/5 638/321/5 644/324/5
f 650/327/238 646/325/238 649/327/238
f 651/328/5 647/325/5 650/327/5
f 626/315/234 646/325/234 647/325/234
f 646/325/1 652/328/1 649/327/1
f 645/324/1 654/321/1 653/326/1
f 651/328/237 653/326/237 648/326/237
f 648/326/236 656/329/236 655/329/236
f 658/330/238 656/329/238 657/330/238
f 659/331/1 656/329/1 654/321/1
f 638/321/5 658/330/5 660/331/5
f 658/330/243 652/328/243 651/328/243
f 658/330/5 650/327/5 661/332/5
f 660/331/237 654/321/237 638/321/237
f 662/333/242 659/331/242 660/331/242
f 661/332/5 662/333/5 660/331/5
f 663/332/1 649/327/1 657/330/1
f 664/333/1 663/332/1 659/331/1
f 666/334/241 663/332/241 665/334/241
f 667/335/240 663/332/240 661/332/240
f 669/336/242 668/335/242 667/335/242
f 649/327/1 671/336/1 670/337/1
f 669/336/5 650/327/5 672/337/5
f 666/334/247 671/336/247 669/336/247
f 673/338/5 662/333/5 669/336/5
f 672/337/246 675/339/246 674/339/246
f 676/340/5 672/337/5 674/339/5
f 672/337/241 649/327/241 670/337/241
f 670/337/1 677/340/1 675/339/1
f 671/336/1 664/333/1 678/338/1
f 676/340/245 678/338/245 673/338/245
f 673/338/244 680/341/244 679/341/244
f 682/342/246 680/341/246 681/342/246
f 683/343/1 680/341/1 664/333/1
f 679/341/5 684/343/5 662/333/5
f 682/342/70 677/340/70 676/340/70
f 685/344/5 684/343/5 676/340/5
f 684/343/249 686/345/249 683/343/249
f 688/346/5 687/345/5 684/343/5
f 684/343/245 664/333/245 662/333/245
f 686/345/1 689/346/1 683/343/1
f 677/340/1 683/343/1 690/344/1
f 688/346/248 692/347/248 691/347/248
f 685/344/75 689/346/75 688/346/75
f 693/348/249 690/344/249 685/344/249
f 675/339/1 695/348/1 694/349/1
f 693/348/5 674/339/5 696/349/5
f 693/348/253 692/347/253 695/348/253
f 697/350/5 687/345/5 693/348/5
f 696/349/252 699/351/252 698/351/252
f 698/351/5 697/350/5 696/349/5
f 674/339/248 694/349/248 696/349/248
f 694/349/1 700/352/1 699/351/1
f 695/348/1 686/345/1 701/350/1
f 702/352/251 701/350/251 697/350/251
f 697/350/250 704/353/250 703/353/250
f 703/353/252 706/354/252 705/354/252
f 686/345/1 706/354/1 704/353/1
f 687/345/5 705/354/5 707/355/5
f 702/352/257 706/354/257 700/352/257
f 708/356/5 707/355/5 702/352/5
f 710/357/256 709/355/256 707/355/256
f 707/355/5 711/358/5 710/357/5
f 707/355/251 686/345/251 687/345/251
f 709/355/1 713/358/1 712/359/1
f 700/352/1 709/355/1 714/356/1
f 711/358/255 712/359/255 713/358/255
f 708/356/254 712/359/254 715/359/254
f 716/360/256 714/356/256 708/356/256
f 718/361/1 714/356/1 717/360/1
f 719/361/5 708/356/5 698/351/5
f 711/358/261 717/360/261 716/360/261
f 720/362/5 710/357/5 716/360/5
f 719/361/260 722/363/260 721/363/260
f 723/364/5 719/361/5 721/363/5
f 698/351/255 718/361/255 719/361/255
f 718/361/1 724/364/1 722/363/1
f 717/360/1 726/357/1 725/362/1
f 723/364/259 725/362/259 720/362/259
f 720/362/258 728/365/258 727/365/258
f 730/366/260 728/365/260 729/366/260
f 731/367/1 728/365/1 726/357/1
f 710/357/5 730/366/5 732/367/5
f 730/366/74 724/364/74 723/364/74
f 733/368/5 732/367/5 723/364/5
f 459/229/263 731/367/263 732/367/263
f 734/369/5 459/229/5 732/367/5
f 732/367/259 726/357/259 710/357/259
f 457/229/1 735/369/1 731/367/1
f 724/364/1 731/367/1 736/368/1
f 734/369/262 738/370/262 737/370/262
f 734/369/69 736/368/69 735/369/69
f 739/371/263 736/368/263 733/368/263
f 722/363/1 741/371/1 740/241/1
f 739/371/5 721/363/5 479/241/5
f 737/370/265 741/371/265 739/371/265
f 742/372/5 459/229/5 739/371/5
f 741/371/1 457/229/1 743/372/1
f 740/241/1 744/240/1 469/233/1
f 721/363/262 740/241/262 479/241/262
f 480/240/226 743/372/226 742/372/226
f 742/372/264 467/231/264 461/231/264
f 461/231/230 468/232/230 464/232/230
f 464/232/266 744/240/266 480/240/266
f 475/238/267 471/236/267 477/238/267
f 83/42/42 80/42/42 81/43/42
f 76/39/43 85/39/43 84/43/43
f 87/44/44 85/39/44 76/39/44
f 88/44/45 90/45/45 89/45/45
f 90/45/46 92/46/46 91/46/46
f 103/54/51 108/54/51 105/51/51
f 101/51/52 105/51/52 97/49/52
f 103/54/53 111/55/53 109/55/53
f 111/55/54 112/56/54 110/56/54
f 110/56/55 112/56/55 104/53/55
f 100/49/57 97/49/57 91/46/57
f 113/57/58 116/57/58 80/42/58
f 113/57/59 115/59/59 117/59/59
f 115/59/60 124/61/60 120/61/60
f 124/61/61 128/64/61 122/64/61
f 128/64/64 130/65/64 129/65/64
f 130/65/65 131/66/65 132/66/65
f 123/63/66 132/66/66 131/66/66
f 135/67/69 144/67/69 134/68/69
f 134/68/70 143/69/70 136/69/70
f 139/72/74 141/72/74 140/71/74
f 139/72/75 137/70/75 142/70/75
f 136/69/79 143/69/79 144/67/79
f 140/71/80 142/70/80 137/70/80
f 147/73/80 149/74/80 146/74/80
f 148/75/75 152/75/75 147/73/75
f 153/77/79 156/76/79 150/76/79
f 153/77/70 151/77/70 154/78/70
f 154/78/69 150/76/69 156/76/69
f 148/75/74 146/74/74 149/74/74
f 167/84/90 164/84/90 165/85/90
f 160/81/91 169/81/91 168/85/91
f 171/86/92 169/81/92 160/81/92
f 172/86/93 174/87/93 173/87/93
f 174/87/94 176/88/94 175/88/94
f 187/96/99 192/96/99 189/93/99
f 184/91/100 185/93/100 189/93/100
f 187/96/101 195/97/101 193/97/101
f 195/97/102 196/98/102 194/98/102
f 194/98/103 196/98/103 188/95/103
f 176/88/105 184/91/105 181/91/105
f 197/99/106 200/99/106 164/84/106
f 197/99/107 199/101/107 201/101/107
f 199/101/108 208/103/108 204/103/108
f 208/103/109 212/106/109 206/106/109
f 213/107/112 215/107/112 206/106/112
f 213/107/113 214/108/113 216/108/113
f 207/105/114 216/108/114 214/108/114
f 227/114/120 224/114/120 225/115/120
f 220/111/121 229/111/121 228/115/121
f 231/116/122 229/111/122 220/111/122
f 232/116/123 234/117/123 233/117/123
f 234/117/124 236/118/124 235/118/124
f 247/126/129 252/126/129 249/123/129
f 244/121/130 245/123/130 249/123/130
f 247/126/103 255/127/103 253/127/103
f 255/127/131 256/128/131 254/128/131
f 254/128/101 256/128/101 248/125/101
f 236/118/133 244/121/133 241/121/133
f 257/129/134 260/129/134 224/114/134
f 257/129/135 259/131/135 261/131/135
f 261/131/136 259/131/136 265/133/136
f 265/133/137 272/136/137 267/136/137
f 273/137/114 275/137/114 267/136/114
f 274/138/140 276/138/140 275/137/140
f 268/135/112 276/138/112 274/138/112
f 287/144/146 284/144/146 285/145/146
f 280/141/147 289/141/147 288/145/147
f 291/146/148 289/141/148 280/141/148
f 292/146/149 294/147/149 293/147/149
f 294/147/150 296/148/150 295/148/150
f 305/153/156 307/156/156 310/156/156
f 304/151/157 305/153/157 309/153/157
f 307/156/158 315/157/158 313/157/158
f 315/157/159 316/158/159 314/158/159
f 314/158/160 316/158/160 308/155/160
f 296/148/162 304/151/162 301/151/162
f 317/159/163 321/159/163 284/144/163
f 321/159/164 317/159/164 319/161/164
f 320/161/165 319/161/165 325/163/165
f 324/163/166 325/163/166 329/166/166
f 333/167/169 335/167/169 327/166/169
f 334/168/170 336/168/170 335/167/170
f 328/165/171 336/168/171 334/168/171
f 348/175/177 347/174/177 344/174/177
f 340/171/178 349/171/178 348/175/178
f 351/176/179 349/171/179 340/171/179
f 352/176/180 354/177/180 353/177/180
f 354/177/181 356/178/181 355/178/181
f 367/186/186 372/186/186 369/183/186
f 365/183/187 369/183/187 361/181/187
f 367/186/160 375/187/160 373/187/160
f 375/187/188 376/188/188 374/188/188
f 374/188/158 376/188/158 368/185/158
f 364/181/190 361/181/190 355/178/190
f 377/189/191 380/189/191 344/174/191
f 377/189/192 379/191/192 381/191/192
f 379/191/193 388/193/193 384/193/193
f 388/193/194 392/196/194 386/196/194
f 393/197/171 395/197/171 386/196/171
f 393/197/197 394/198/197 396/198/197
f 387/195/169 396/198/169 394/198/169
f 407/204/203 404/204/203 405/205/203
f 400/201/204 409/201/204 408/205/204
f 411/206/205 409/201/205 400/201/205
f 412/206/206 414/207/206 413/207/206
f 414/207/207 416/208/207 415/208/207
f 425/213/212 427/216/212 430/216/212
f 424/211/213 425/213/213 429/213/213
f 427/216/55 435/217/55 433/217/55
f 435/217/214 436/218/214 434/218/214
f 434/218/53 436/218/53 428/215/53
f 416/208/216 424/211/216 421/211/216
f 437/219/217 441/219/217 404/204/217
f 441/219/218 437/219/218 439/221/218
f 440/221/219 439/221/219 445/223/219
f 444/223/220 445/223/220 449/226/220
f 453/227/66 455/227/66 447/226/66
f 454/228/223 456/228/223 455/227/223
f 448/225/64 456/228/64 454/228/64
f 459/229/226 460/230/226 458/230/226
f 461/231/5 464/232/5 460/230/5
f 462/234/5 460/230/5 464/232/5
f 464/232/5 480/240/5 463/233/5
f 463/233/5 473/237/5 462/234/5
f 460/230/227 466/235/227 465/235/227
f 462/234/5 472/236/5 466/235/5
f 458/230/1 468/232/1 467/231/1
f 468/232/1 458/230/1 470/234/1
f 470/234/1 474/237/1 469/233/1
f 469/233/1 744/240/1 468/232/1
f 465/235/1 471/236/1 470/234/1
f 472/236/228 462/234/228 470/234/228
f 473/237/229 474/237/229 470/234/229
f 475/238/227 477/238/227 474/237/227
f 469/233/1 474/237/1 477/238/1
f 475/238/5 473/237/5 463/233/5
f 480/240/5 742/372/5 479/241/5
f 479/241/230 740/241/230 469/233/230
f 463/233/228 469/233/228 476/239/228
f 482/242/231 478/239/231 476/239/231
f 482/242/5 486/244/5 483/243/5
f 475/238/5 478/239/5 483/243/5
f 483/243/5 487/245/5 466/235/5
f 466/235/5 472/236/5 475/238/5
f 476/239/1 485/243/1 484/244/1
f 485/243/1 476/239/1 477/238/1
f 477/238/1 471/236/1 465/235/1
f 465/235/1 488/245/1 485/243/1
f 486/244/232 484/244/232 485/243/232
f 483/243/233 485/243/233 488/245/233
f 490/246/231 487/245/231 488/245/231
f 465/235/1 493/247/1 489/246/1
f 466/235/5 487/245/5 490/246/5
f 490/246/79 489/246/79 484/244/79
f 492/248/5 491/247/5 490/246/5
f 490/246/5 486/244/5 482/242/5
f 482/242/5 499/251/5 492/248/5
f 491/247/232 493/247/232 465/235/232
f 491/247/234 495/249/234 494/249/234
f 491/247/5 492/248/5 496/250/5
f 489/246/1 493/247/1 497/248/1
f 497/248/1 500/251/1 481/242/1
f 481/242/1 484/244/1 489/246/1
f 493/247/1 494/249/1 498/250/1
f 492/248/235 497/248/235 498/250/235
f 499/251/80 500/251/80 497/248/80
f 501/252/234 502/252/234 500/251/234
f 503/253/1 481/242/1 500/251/1
f 504/253/5 501/252/5 499/251/5
f 496/250/236 498/250/236 502/252/236
f 501/252/5 504/253/5 505/254/5
f 505/254/5 511/257/5 495/249/5
f 495/249/5 496/250/5 501/252/5
f 507/255/237 504/253/237 503/253/237
f 508/256/5 505/254/5 504/253/5
f 482/242/235 481/242/235 503/253/235
f 503/253/1 510/254/1 509/256/1
f 510/254/1 503/253/1 502/252/1
f 502/252/1 498/250/1 494/249/1
f 494/249/1 512/257/1 510/254/1
f 505/254/238 508/256/238 509/256/238
f 505/254/239 510/254/239 512/257/239
f 511/257/237 512/257/237 514/258/237
f 515/259/1 514/258/1 512/257/1
f 495/249/5 511/257/5 513/258/5
f 513/258/240 514/258/240 509/256/240
f 508/256/5 507/255/5 517/260/5
f 517/260/5 519/262/5 516/259/5
f 516/259/5 513/258/5 508/256/5
f 518/261/241 521/261/241 515/259/241
f 519/262/5 523/263/5 518/261/5
f 495/249/238 516/259/238 515/259/238
f 521/261/1 524/263/1 520/262/1
f 522/260/1 506/255/1 509/256/1
f 509/256/1 514/258/1 515/259/1
f 515/259/1 520/262/1 522/260/1
f 519/262/242 520/262/242 524/263/242
f 517/260/243 522/260/243 520/262/243
f 525/264/241 527/264/241 522/260/241
f 506/255/1 522/260/1 527/264/1
f 525/264/5 517/260/5 507/255/5
f 523/263/244 524/263/244 527/264/244
f 525/264/5 528/265/5 529/266/5
f 529/266/5 535/269/5 518/261/5
f 518/261/5 523/263/5 525/264/5
f 528/265/245 526/265/245 531/267/245
f 532/268/5 529/266/5 528/265/5
f 507/255/242 506/255/242 526/265/242
f 526/265/1 534/266/1 533/268/1
f 534/266/1 526/265/1 527/264/1
f 527/264/1 524/263/1 521/261/1
f 521/261/1 536/269/1 534/266/1
f 532/268/246 533/268/246 534/266/246
f 529/266/247 534/266/247 536/269/247
f 535/269/245 536/269/245 538/270/245
f 539/271/1 538/270/1 536/269/1
f 535/269/5 537/270/5 540/271/5
f 537/270/75 538/270/75 533/268/75
f 532/268/5 530/267/5 541/272/5
f 541/272/5 543/274/5 540/271/5
f 540/271/5 537/270/5 532/268/5
f 542/273/248 545/273/248 539/271/248
f 543/274/5 548/275/5 542/273/5
f 518/261/246 540/271/246 539/271/246
f 545/273/1 547/275/1 544/274/1
f 546/272/1 531/267/1 533/268/1
f 533/268/1 538/270/1 539/271/1
f 539/271/1 544/274/1 546/272/1
f 548/275/249 543/274/249 544/274/249
f 541/272/70 546/272/70 544/274/70
f 549/276/248 551/276/248 546/272/248
f 531/267/1 546/272/1 551/276/1
f 549/276/5 541/272/5 530/267/5
f 548/275/250 547/275/250 551/276/250
f 549/276/5 552/277/5 553/278/5
f 553/278/5 559/281/5 542/273/5
f 542/273/5 548/275/5 549/276/5
f 555/279/251 552/277/251 550/277/251
f 555/279/5 558/280/5 553/278/5
f 552/277/249 530/267/249 531/267/249
f 550/277/1 557/278/1 556/280/1
f 557/278/1 550/277/1 551/276/1
f 551/276/1 547/275/1 545/273/1
f 545/273/1 560/281/1 557/278/1
f 558/280/252 556/280/252 557/278/252
f 553/278/253 557/278/253 560/281/253
f 562/282/251 559/281/251 560/281/251
f 545/273/1 565/283/1 561/282/1
f 542/273/5 559/281/5 562/282/5
f 562/282/254 561/282/254 556/280/254
f 558/280/5 555/279/5 564/284/5
f 564/284/5 572/287/5 563/283/5
f 563/283/5 562/282/5 558/280/5
f 563/283/255 567/285/255 566/285/255
f 563/283/5 572/287/5 568/286/5
f 563/283/252 565/283/252 545/273/252
f 565/283/1 566/285/1 570/286/1
f 571/284/1 554/279/1 556/280/1
f 556/280/1 561/282/1 565/283/1
f 565/283/1 569/287/1 571/284/1
f 572/287/256 569/287/256 570/286/256
f 564/284/257 571/284/257 569/287/257
f 573/288/255 574/288/255 571/284/255
f 575/289/1 554/279/1 571/284/1
f 576/289/5 573/288/5 564/284/5
f 568/286/258 570/286/258 574/288/258
f 577/290/5 567/285/5 568/286/5
f 568/286/5 573/288/5 576/289/5
f 576/289/5 583/293/5 577/290/5
f 555/279/256 554/279/256 575/289/256
f 576/289/259 575/289/259 579/291/259
f 580/292/5 583/293/5 576/289/5
f 570/286/1 566/285/1 581/290/1
f 581/290/1 584/293/1 575/289/1
f 575/289/1 574/288/1 570/286/1
f 575/289/1 584/293/1 582/292/1
f 580/292/260 582/292/260 584/293/260
f 583/293/261 584/293/261 581/290/261
f 577/290/259 581/290/259 586/294/259
f 587/295/1 586/294/1 581/290/1
f 567/285/5 577/290/5 585/294/5
f 580/292/69 585/294/69 586/294/69
f 580/292/5 578/291/5 589/296/5
f 589/296/5 591/298/5 588/295/5
f 588/295/5 585/294/5 580/292/5
f 590/297/262 593/297/262 587/295/262
f 591/298/5 596/299/5 590/297/5
f 588/295/260 587/295/260 566/285/260
f 593/297/1 595/299/1 592/298/1
f 594/296/1 579/291/1 582/292/1
f 582/292/1 586/294/1 587/295/1
f 587/295/1 592/298/1 594/296/1
f 596/299/263 591/298/263 592/298/263
f 589/296/74 594/296/74 592/298/74
f 597/300/262 599/300/262 594/296/262
f 579/291/1 594/296/1 599/300/1
f 597/300/5 589/296/5 578/291/5
f 596/299/264 595/299/264 599/300/264
f 597/300/5 600/301/5 601/302/5
f 601/302/5 607/305/5 590/297/5
f 590/297/5 596/299/5 597/300/5
f 600/301/226 598/301/226 603/303/226
f 604/304/5 601/302/5 600/301/5
f 578/291/263 579/291/263 598/301/263
f 598/301/1 606/302/1 605/304/1
f 606/302/1 598/301/1 599/300/1
f 599/300/1 595/299/1 593/297/1
f 593/297/1 608/305/1 606/302/1
f 604/304/230 605/304/230 606/302/230
f 601/302/265 606/302/265 608/305/265
f 607/305/226 608/305/226 610/306/226
f 611/307/1 610/306/1 608/305/1
f 607/305/5 609/306/5 612/307/5
f 609/306/229 610/306/229 605/304/229
f 604/304/5 602/303/5 613/308/5
f 613/308/5 615/310/5 612/307/5
f 612/307/5 609/306/5 604/304/5
f 614/309/228 617/309/228 611/307/228
f 615/310/5 619/311/5 614/309/5
f 612/307/230 611/307/230 593/297/230
f 617/309/1 620/311/1 616/310/1
f 618/308/1 603/303/1 605/304/1
f 605/304/1 610/306/1 611/307/1
f 611/307/1 616/310/1 618/308/1
f 615/310/227 616/310/227 620/311/227
f 613/308/266 618/308/266 616/310/266
f 621/312/228 623/312/228 618/308/228
f 603/303/1 618/308/1 623/312/1
f 621/312/5 613/308/5 602/303/5
f 619/311/233 620/311/233 623/312/233
f 621/312/5 624/313/5 625/314/5
f 625/314/5 631/317/5 614/309/5
f 614/309/5 619/311/5 621/312/5
f 624/313/232 622/313/232 627/315/232
f 628/316/5 625/314/5 624/313/5
f 602/303/227 603/303/227 622/313/227
f 622/313/1 630/314/1 629/316/1
f 630/314/1 622/313/1 623/312/1
f 623/312/1 620/311/1 617/309/1
f 617/309/1 632/317/1 630/314/1
f 628/316/231 629/316/231 630/314/231
f 625/314/267 630/314/267 632/317/267
f 631/317/232 632/317/232 634/318/232
f 617/309/1 637/319/1 634/318/1
f 614/309/5 631/317/5 633/318/5
f 628/316/80 633/318/80 634/318/80
f 628/316/5 626/315/5 636/320/5
f 636/320/5 643/323/5 635/319/5
f 635/319/5 633/318/5 628/316/5
f 638/321/235 654/321/235 637/319/235
f 635/319/5 643/323/5 639/322/5
f 635/319/231 637/319/231 617/309/231
f 637/319/1 654/321/1 641/322/1
f 642/320/1 627/315/1 629/316/1
f 629/316/1 634/318/1 637/319/1
f 637/319/1 640/323/1 642/320/1
f 639/322/234 643/323/234 640/323/234
f 636/320/79 642/320/79 640/323/79
f 644/324/235 645/324/235 642/320/235
f 646/325/1 627/315/1 642/320/1
f 647/325/5 644/324/5 636/320/5
f 639/322/239 641/322/239 645/324/239
f 644/324/5 647/325/5 648/326/5
f 648/326/5 655/329/5 638/321/5
f 638/321/5 639/322/5 644/324/5
f 650/327/238 647/325/238 646/325/238
f 651/328/5 648/326/5 647/325/5
f 626/315/234 627/315/234 646/325/234
f 646/325/1 653/326/1 652/328/1
f 653/326/1 646/325/1 645/324/1
f 645/324/1 641/322/1 654/321/1
f 654/321/1 656/329/1 653/326/1
f 651/328/237 652/328/237 653/326/237
f 648/326/236 653/326/236 656/329/236
f 658/330/238 655/329/238 656/329/238
f 659/331/1 657/330/1 656/329/1
f 638/321/5 655/329/5 658/330/5
f 658/330/243 657/330/243 652/328/243
f 661/332/5 660/331/5 658/330/5
f 658/330/5 651/328/5 650/327/5
f 650/327/5 667/335/5 661/332/5
f 660/331/237 659/331/237 654/321/237
f 662/333/242 664/333/242 659/331/242
f 661/332/5 666/334/5 662/333/5
f 657/330/1 659/331/1 663/332/1
f 663/332/1 668/335/1 649/327/1
f 649/327/1 652/328/1 657/330/1
f 664/333/1 665/334/1 663/332/1
f 666/334/241 661/332/241 663/332/241
f 667/335/240 668/335/240 663/332/240
f 669/336/242 671/336/242 668/335/242
f 649/327/1 668/335/1 671/336/1
f 669/336/5 667/335/5 650/327/5
f 666/334/247 665/334/247 671/336/247
f 669/336/5 672/337/5 673/338/5
f 673/338/5 679/341/5 662/333/5
f 662/333/5 666/334/5 669/336/5
f 672/337/246 670/337/246 675/339/246
f 676/340/5 673/338/5 672/337/5
f 672/337/241 650/327/241 649/327/241
f 670/337/1 678/338/1 677/340/1
f 678/338/1 670/337/1 671/336/1
f 671/336/1 665/334/1 664/333/1
f 664/333/1 680/341/1 678/338/1
f 676/340/245 677/340/245 678/338/245
f 673/338/244 678/338/244 680/341/244
f 682/342/246 679/341/246 680/341/246
f 683/343/1 681/342/1 680/341/1
f 679/341/5 682/342/5 684/343/5
f 682/342/70 681/342/70 677/340/70
f 676/340/5 674/339/5 685/344/5
f 685/344/5 688/346/5 684/343/5
f 684/343/5 682/342/5 676/340/5
f 684/343/249 687/345/249 686/345/249
f 688/346/5 691/347/5 687/345/5
f 684/343/245 683/343/245 664/333/245
f 686/345/1 692/347/1 689/346/1
f 690/344/1 675/339/1 677/340/1
f 677/340/1 681/342/1 683/343/1
f 683/343/1 689/346/1 690/344/1
f 688/346/248 689/346/248 692/347/248
f 685/344/75 690/344/75 689/346/75
f 693/348/249 695/348/249 690/344/249
f 675/339/1 690/344/1 695/348/1
f 693/348/5 685/344/5 674/339/5
f 693/348/253 691/347/253 692/347/253
f 693/348/5 696/349/5 697/350/5
f 697/350/5 703/353/5 687/345/5
f 687/345/5 691/347/5 693/348/5
f 696/349/252 694/349/252 699/351/252
f 698/351/5 702/352/5 697/350/5
f 674/339/248 675/339/248 694/349/248
f 694/349/1 701/350/1 700/352/1
f 701/350/1 694/349/1 695/348/1
f 695/348/1 692/347/1 686/345/1
f 686/345/1 704/353/1 701/350/1
f 702/352/251 700/352/251 701/350/251
f 697/350/250 701/350/250 704/353/250
f 703/353/252 704/353/252 706/354/252
f 686/345/1 709/355/1 706/354/1
f 687/345/5 703/353/5 705/354/5
f 702/352/257 705/354/257 706/354/257
f 702/352/5 698/351/5 708/356/5
f 708/356/5 715/359/5 707/355/5
f 707/355/5 705/354/5 702/352/5
f 710/357/256 726/357/256 709/355/256
f 707/355/5 715/359/5 711/358/5
f 707/355/251 709/355/251 686/345/251
f 709/355/1 726/357/1 713/358/1
f 714/356/1 699/351/1 700/352/1
f 700/352/1 706/354/1 709/355/1
f 709/355/1 712/359/1 714/356/1
f 711/358/255 715/359/255 712/359/255
f 708/356/254 714/356/254 712/359/254
f 716/360/256 717/360/256 714/356/256
f 718/361/1 699/351/1 714/356/1
f 719/361/5 716/360/5 708/356/5
f 711/358/261 713/358/261 717/360/261
f 716/360/5 719/361/5 720/362/5
f 720/362/5 727/365/5 710/357/5
f 710/357/5 711/358/5 716/360/5
f 719/361/260 718/361/260 722/363/260
f 723/364/5 720/362/5 719/361/5
f 698/351/255 699/351/255 718/361/255
f 718/361/1 725/362/1 724/364/1
f 725/362/1 718/361/1 717/360/1
f 717/360/1 713/358/1 726/357/1
f 726/357/1 728/365/1 725/362/1
f 723/364/259 724/364/259 725/362/259
f 720/362/258 725/362/258 728/365/258
f 730/366/260 727/365/260 728/365/260
f 731/367/1 729/366/1 728/365/1
f 710/357/5 727/365/5 730/366/5
f 730/366/74 729/366/74 724/364/74
f 723/364/5 721/363/5 733/368/5
f 733/368/5 734/369/5 732/367/5
f 732/367/5 730/366/5 723/364/5
f 459/229/263 457/229/263 731/367/263
f 734/369/5 737/370/5 459/229/5
f 732/367/259 731/367/259 726/357/259
f 457/229/1 738/370/1 735/369/1
f 736/368/1 722/363/1 724/364/1
f 724/364/1 729/366/1 731/367/1
f 731/367/1 735/369/1 736/368/1
f 734/369/262 735/369/262 738/370/262
f 734/369/69 733/368/69 736/368/69
f 739/371/263 741/371/263 736/368/263
f 722/363/1 736/368/1 741/371/1
f 739/371/5 733/368/5 721/363/5
f 737/370/265 738/370/265 741/371/265
f 739/371/5 479/241/5 742/372/5
f 742/372/5 461/231/5 459/229/5
f 459/229/5 737/370/5 739/371/5
f 743/372/1 740/241/1 741/371/1
f 741/371/1 738/370/1 457/229/1
f 457/229/1 467/231/1 743/372/1
f 740/241/1 743/372/1 744/240/1
f 721/363/262 722/363/262 740/241/262
f 480/240/226 744/240/226 743/372/226
f 742/372/264 743/372/264 467/231/264
f 461/231/230 467/231/230 468/232/230
f 464/232/266 468/232/266 744/240/266
f 475/238/267 472/236/267 471/236/267
o z2
v 1249.504150 4.024742 -87.041138
v 1098.744629 4.024742 -0.000153
v 1249.504150 -4.024563 -87.041138
v 1249.504150 4.024781 87.040771
v 1098.744629 -4.024550 -0.000153
v 1119.632690 -3.818749 -0.000153
v 1239.060059 -3.818761 -68.951599
v 1249.504150 -4.024523 87.040771
v 1239.060059 3.818945 -68.951599
v 1239.060181 -3.818729 68.951263
v 1239.060181 3.818977 68.951263
v 1119.632690 3.818946 -0.000153
v -549.372131 4.024677 1125.622070
v -549.372131 -4.024628 1125.622070
v -700.131470 4.024682 1038.581055
v -549.372009 4.024670 951.540100
v -559.816040 3.818872 969.629700
v -679.243347 3.818883 1038.581055
v -559.816101 3.818877 1107.532471
v -679.243347 -3.818823 1038.581055
v -559.816101 -3.818829 1107.532471
v -559.816040 -3.818824 969.629700
v -549.372009 -4.024622 951.540100
v -700.131470 -4.024623 1038.581055
v -499.118958 4.024673 1038.581177
v -649.878235 4.024654 951.540161
v -499.118958 -4.024631 1038.581177
v -649.878357 4.024700 1125.622070
v -649.878235 -4.024637 951.540161
v -639.434204 -3.818835 969.629700
v -520.006958 -3.818831 1038.581177
v -649.878357 -4.024604 1125.622070
v -639.434204 3.818859 969.629700
v -639.434326 -3.818808 1107.532471
v -639.434326 3.818897 1107.532471
v -520.006958 3.818874 1038.581177
v -1249.503052 4.024537 87.040955
v -1098.743652 4.024550 -0.000000
v -1249.503052 -4.024767 87.040955
v -1249.502930 4.024549 -87.040924
v -1098.743652 -4.024742 0.000000
v -1119.631714 -3.818946 0.000000
v -1239.058960 -3.818967 68.951355
v -1249.502930 -4.024755 -87.040924
v -1239.058960 3.818739 68.951355
v -1239.058960 -3.818955 -68.951416
v -1239.058960 3.818751 -68.951416
v -1119.631714 3.818749 -0.000000
v -1148.996948 4.024546 87.040955
v -1148.996826 4.024532 -87.040955
v -1148.996948 -4.024758 87.040955
v -1299.756104 4.024558 0.000061
v -1148.996826 -4.024761 -87.040955
v -1159.440796 -3.818958 -68.951447
v -1159.440796 -3.818960 68.951447
v -1299.756104 -4.024746 0.000061
v -1159.440796 3.818746 68.951447
v -1278.868286 -3.818948 0.000000
v -1278.868286 3.818757 -0.000000
v -1159.440796 3.818736 -68.951447
v 1148.997803 4.024734 -87.041107
v 1148.997925 4.024748 87.040863
v 1148.997803 -4.024570 -87.041107
v 1299.757202 4.024786 -0.000122
v 1148.997925 -4.024544 87.040863
v 1159.441895 -3.818746 68.951355
v 1159.441895 -3.818767 -68.951508
v 1299.757202 -4.024518 -0.000122
v 1159.441895 3.818938 -68.951508
v 1278.869141 -3.818724 -0.000183
v 1278.869141 3.818981 -0.000183
v 1159.441895 3.818948 68.951355
v 700.131836 4.024779 1038.581543
v 549.372314 4.024766 951.540405
v 700.131836 -4.024526 1038.581543
v 549.372437 4.024798 1125.622559
v 549.372314 -4.024526 951.540405
v 559.816406 -3.818725 969.629944
v 679.243652 -3.818727 1038.581421
v 549.372437 -4.024506 1125.622559
v 679.243652 3.818980 1038.581421
v 559.816406 -3.818709 1107.532837
v 559.816406 3.818997 1107.532837
v 559.816406 3.818970 969.629944
v 649.878662 4.024769 951.540527
v 499.119385 4.024761 1038.581421
v 649.878662 -4.024535 951.540527
v 649.878662 -4.024490 1125.622437
v 499.119385 -4.024531 1038.581421
v 520.007385 -3.818727 1038.581299
v 639.434570 -3.818734 969.630005
v 639.434570 3.818971 969.630005
v 639.434692 -3.818696 1107.532837
v 639.434692 3.819009 1107.532837
v 520.007385 3.818965 1038.581299
v 649.878662 4.024814 1125.622437
v -549.371460 4.024526 -951.540405
v -549.371460 -4.024766 -951.540405
v -700.130859 4.024500 -1038.581421
v -700.130859 -4.024804 -1038.581421
v -549.371521 4.024532 -1125.622437
v -559.815552 -3.818970 -969.630005
v -679.242798 -3.819001 -1038.581421
v -549.371521 -4.024773 -1125.622437
v -679.242798 3.818705 -1038.581421
v -559.815552 -3.818975 -1107.532837
v -559.815552 3.818731 -1107.532837
v -559.815552 3.818725 -969.630005
v -649.877686 4.024510 -951.540527
v -499.118408 4.024518 -1038.581421
v -649.877686 -4.024794 -951.540527
v -649.877686 4.024529 -1125.622314
v -499.118408 -4.024774 -1038.581421
v -520.006470 -3.818975 -1038.581421
v -639.433716 -3.818992 -969.630066
v -649.877686 -4.024775 -1125.622314
v -639.433716 3.818713 -969.630066
v -639.433777 -3.818976 -1107.532837
v -639.433777 3.818729 -1107.532837
v -520.006470 3.818717 -1038.581421
v 549.372681 4.024603 -1125.622314
v 549.372620 4.024622 -951.540283
v 549.372681 -4.024702 -1125.622314
v 700.132019 4.024648 -1038.581299
v 549.372620 -4.024670 -951.540283
v 559.816650 -3.818872 -969.629883
v 559.816711 -3.818899 -1107.532715
v 700.132019 -4.024657 -1038.581299
v 559.816711 3.818807 -1107.532715
v 679.243958 -3.818861 -1038.581299
v 679.243958 3.818845 -1038.581299
v 559.816650 3.818824 -969.629883
v 499.119568 4.024605 -1038.581421
v 649.878845 4.024624 -951.540344
v 499.119568 -4.024699 -1038.581421
v 649.878906 -4.024660 -1125.622314
v 649.878906 -4.024667 -951.540344
v 639.434814 -3.818869 -969.629883
v 520.007568 -3.818895 -1038.581299
v 639.434814 3.818825 -969.629883
v 639.434875 -3.818864 -1107.532715
v 639.434875 3.818841 -1107.532715
v 520.007568 3.818809 -1038.581299
v 649.878906 4.024644 -1125.622314
v 841.309692 -5.966898 645.559265
v 887.085938 -5.966894 571.945007
v 887.036926 5.967107 572.023987
v 906.491882 -5.849891 594.851562
v 864.090027 -5.849894 663.039307
v 718.134277 -5.849908 818.874512
v 699.201721 -5.966913 797.286255
v 699.201721 5.967087 797.286255
v 841.309692 5.967103 645.559265
v 864.090027 5.850106 663.039307
v 906.476074 5.850110 594.877319
v 718.134277 5.850092 818.874512
v 669.527405 5.850094 904.672791
v 671.651123 5.850083 850.090576
v 669.527405 -5.849908 904.672791
v 642.395996 5.850087 924.716064
v 671.651123 -5.849916 850.090576
v 642.395996 -5.849914 924.716064
v 568.866638 -5.849926 883.789734
v 654.320068 -5.966919 827.354553
v 568.866638 5.850074 883.789734
v 551.234131 5.850072 904.006958
v 536.232117 -5.966933 879.703247
v 551.234131 -5.849929 904.006958
v 553.137024 -5.966931 859.906128
v 536.232117 5.967068 879.703247
v 529.077393 5.967069 916.388184
v 543.351562 5.850072 941.111816
v 543.351562 -5.849929 941.111816
v 529.077393 -5.966932 916.388062
v 507.276489 -5.849935 929.385681
v 493.730072 -5.966938 904.241821
v 493.730072 5.967063 904.241821
v 468.132812 -5.966941 908.983276
v 480.951447 -5.849938 934.547302
v 389.350647 -5.966947 980.334595
v 400.375153 -5.849947 1006.711670
v 480.951447 5.850061 934.547302
v 350.099792 -5.849953 1031.359375
v 448.706665 -5.849945 1032.163696
v 340.869934 -5.966955 1004.169434
v 400.375153 5.850055 1006.711670
v 479.630341 -5.849938 1018.688843
v 479.630341 5.850063 1018.688843
v 448.706665 5.850055 1032.163696
v 350.099792 5.850046 1031.359375
v 340.869934 5.967045 1004.169434
v 142.164520 5.850019 1079.843140
v 142.164520 -5.849980 1079.843140
v 138.416565 5.967019 1051.374756
v 61.941437 -5.849991 1082.469360
v 61.911346 5.850008 1082.470337
v 138.416565 -5.966982 1051.374756
v 51.869446 -5.966993 1054.207886
v 32.207336 -6.020308 1095.751709
v 42.249207 5.796695 1124.014160
v 42.279297 -5.903306 1124.013184
v 32.114624 5.913692 1095.754883
v 51.776703 5.967008 1054.210938
v 389.350647 5.967054 980.334595
v 468.132812 5.967060 908.983276
v 507.276489 5.850065 929.385681
v 553.137024 5.967070 859.906128
v 654.320068 5.967082 827.354553
v 952.300720 -5.796572 598.595459
v 932.846008 6.020425 575.767883
v 952.285156 5.903430 598.621277
v 932.894958 -5.913575 575.689148
v 979.725830 -5.966965 -405.815613
v 938.862366 -5.966969 -482.266266
v 938.906128 5.967032 -482.184326
v 968.402954 -5.849967 -487.619110
v 1006.254333 -5.849964 -416.804138
v 1068.233643 -5.849957 -212.485077
v 1040.071533 -5.966958 -206.883087
v 1040.071533 5.967043 -206.883087
v 979.725830 5.967036 -405.815613
v 1006.254333 5.850038 -416.804138
v 968.417358 5.850033 -487.592407
v 1068.233643 5.850044 -212.485077
v 1118.233887 5.850056 -127.490997
v 1072.026123 5.850043 -156.621368
v 1118.233887 -5.849945 -127.490997
v 1122.026123 5.850053 -93.972839
v 1072.026123 -5.849957 -156.621368
v 1122.026123 -5.849948 -93.972839
v 1049.818237 -5.849956 -50.757751
v 1043.670410 -5.966959 -152.980164
v 1049.818237 5.850045 -50.757751
v 1058.510620 5.850046 -25.378967
v 1029.962036 -5.966958 -24.538696
v 1058.510620 -5.849956 -25.378967
v 1021.269409 -5.966959 -49.077332
v 1029.962036 5.967043 -24.538696
v 1058.154663 5.967047 -0.000061
v 1086.703125 5.850048 -0.000061
v 1086.703125 -5.849953 -0.000061
v 1058.154541 -5.966955 -0.000092
v 1058.510498 -5.849955 25.378815
v 1029.962036 -5.966957 24.538452
v 1029.962036 5.967044 24.538452
v 1021.269592 -5.966958 49.077087
v 1049.817993 -5.849955 50.757782
v 1043.670532 -5.966954 152.980103
v 1072.026001 -5.849950 156.621185
v 1049.817993 5.850044 50.757782
v 1068.234009 -5.849952 212.484863
v 1118.233887 -5.849954 127.490845
v 1040.071655 -5.966954 206.882996
v 1072.026001 5.850050 156.621185
v 1122.026001 -5.849952 93.972687
v 1122.026001 5.850049 93.972687
v 1118.233887 5.850047 127.490845
v 1068.234009 5.850048 212.484863
v 1040.071655 5.967047 206.882996
v 1006.254333 5.850046 416.803925
v 1006.254333 -5.849956 416.803925
v 979.726013 5.967044 405.815552
v 968.417297 -5.849957 487.592255
v 968.403076 5.850044 487.618866
v 979.726013 -5.966957 405.815552
v 938.906067 -5.966960 482.184174
v 965.053101 -6.020269 519.984070
v 994.550110 5.796733 525.418701
v 994.564270 -5.903268 525.392029
v 965.009521 5.913731 520.065857
v 938.862427 5.967041 482.265991
v 1043.670532 5.967047 152.980103
v 1021.269592 5.967043 49.077087
v 1058.510498 5.850045 25.378815
v 1021.269409 5.967042 -49.077332
v 1043.670410 5.967041 -152.980164
v 994.549805 -5.796653 -525.418701
v 965.053162 6.020346 -519.984253
v 994.564270 5.903348 -525.392334
v 965.009521 -5.913655 -520.066040
v 138.416382 -5.967087 -1051.374878
v 51.776459 -5.967090 -1054.211182
v 51.869324 5.966911 -1054.208130
v 61.911102 -5.850091 -1082.470459
v 142.164398 -5.850089 -1079.843384
v 350.099518 -5.850080 -1031.359619
v 340.869843 -5.967080 -1004.169373
v 340.869843 5.966921 -1004.169373
v 138.416382 5.966914 -1051.374878
v 142.164398 5.849913 -1079.843384
v 61.941437 5.849909 -1082.469727
v 350.099518 5.849920 -1031.359619
v 448.706512 5.849928 -1032.163818
v 400.375061 5.849921 -1006.712036
v 448.706573 -5.850073 -1032.163940
v 479.630249 5.849926 -1018.689087
v 479.630249 -5.850074 -1018.689087
v 400.375061 -5.850080 -1006.712036
v 480.951630 -5.850072 -934.547607
v 389.350586 -5.967079 -980.334778
v 480.951630 5.849928 -934.547607
v 507.276581 5.849930 -929.386047
v 493.729889 -5.967070 -904.242065
v 507.276581 -5.850071 -929.386047
v 468.132629 -5.967071 -908.983459
v 493.729889 5.966931 -904.242065
v 529.077332 5.966931 -916.388306
v 543.351440 5.849930 -941.111938
v 543.351440 -5.850071 -941.111938
v 529.077271 -5.967070 -916.388184
v 551.234009 -5.850069 -904.007080
v 536.231995 -5.967068 -879.703552
v 536.231995 5.966933 -879.703552
v 553.136841 -5.967068 -859.906372
v 568.866638 -5.850068 -883.789673
v 654.319946 -5.967062 -827.354736
v 671.651001 -5.850062 -850.090698
v 568.866638 5.849931 -883.789673
v 718.134216 -5.850061 -818.874878
v 669.527344 -5.850071 -904.673096
v 699.201782 -5.967061 -797.286560
v 671.651001 5.849938 -850.090698
v 642.395752 -5.850070 -924.716125
v 642.395752 5.849929 -924.716125
v 669.527344 5.849930 -904.672974
v 718.134216 5.849940 -818.874878
v 699.201782 5.966940 -797.286560
v 864.090027 5.849951 -663.039490
v 864.090027 -5.850049 -663.039490
v 841.309692 5.966952 -645.559448
v 906.476013 -5.850044 -594.877502
v 906.491943 5.849956 -594.851807
v 841.309692 -5.967049 -645.559448
v 887.036804 -5.967043 -572.024048
v 932.846008 -6.020354 -575.768066
v 952.300903 5.796645 -598.595825
v 952.285034 -5.903358 -598.621460
v 932.895020 5.913646 -575.689453
v 887.085815 5.966958 -571.945374
v 654.319946 5.966939 -827.354736
v 553.136841 5.966933 -859.906372
v 551.234009 5.849932 -904.007080
v 468.132629 5.966930 -908.983459
v 389.350586 5.966922 -980.334778
v 42.249054 -5.796781 -1124.014282
v 32.207123 6.020223 -1095.752197
v 42.279175 5.903220 -1124.013550
v 32.114441 -5.913779 -1095.755249
v -979.724731 -5.967076 405.815491
v -938.861328 -5.967061 482.266144
v -938.905090 5.966940 482.184204
v -968.401855 -5.850064 487.618927
v -1006.253296 -5.850076 416.803955
v -1068.232544 -5.850110 212.484894
v -1040.070435 -5.967109 206.882904
v -1040.070435 5.966892 206.882904
v -979.724731 5.966925 405.815491
v -1006.253296 5.849925 416.803955
v -968.416260 5.849936 487.592224
v -1068.232544 5.849890 212.484894
v -1118.232666 5.849878 127.490875
v -1072.025024 5.849880 156.621246
v -1118.232666 -5.850122 127.490875
v -1122.025024 5.849870 93.972748
v -1072.025024 -5.850121 156.621246
v -1122.025024 -5.850130 93.972748
v -1049.817139 -5.850131 50.757721
v -1043.669434 -5.967119 152.980042
v -1049.817139 5.849869 50.757721
v -1058.509521 5.849865 25.378845
v -1029.960815 -5.967133 24.538666
v -1058.509521 -5.850137 25.378845
v -1021.268433 -5.967129 49.077332
v -1029.960815 5.966867 24.538666
v -1058.153442 5.966862 0.000061
v -1086.701904 5.849858 0.000061
v -1086.701904 -5.850143 0.000061
v -1058.153442 -5.967140 0.000031
v -1058.509277 -5.850144 -25.378845
v -1029.960815 -5.967141 -24.538513
v -1029.960815 5.966860 -24.538513
v -1021.268494 -5.967143 -49.077148
v -1049.816895 -5.850146 -50.757812
v -1043.669434 -5.967158 -152.980072
v -1072.024902 -5.850163 -156.621185
v -1049.816895 5.849853 -50.757812
v -1068.232788 -5.850171 -212.484802
v -1118.232788 -5.850171 -127.490906
v -1040.070557 -5.967168 -206.883026
v -1072.024902 5.849838 -156.621185
v -1122.024902 -5.850162 -93.972717
v -1122.024902 5.849839 -93.972717
v -1118.232788 5.849831 -127.490906
v -1068.232788 5.849829 -212.484802
v -1040.070557 5.966832 -206.883026
v -1006.253235 5.849806 -416.803955
v -1006.253235 -5.850194 -416.803925
v -979.724976 5.966812 -405.815552
v -968.416199 -5.850201 -487.592255
v -968.401917 5.849799 -487.618866
v -979.724976 -5.967189 -405.815552
v -938.905029 -5.967197 -482.184174
v -965.052002 -6.020517 -519.984009
v -994.548828 5.796481 -525.418640
v -994.563110 -5.903522 -525.392029
v -965.008484 5.913483 -520.065857
v -938.861328 5.966804 -482.265991
v -1043.669434 5.966843 -152.980072
v -1021.268494 5.966858 -49.077148
v -1058.509277 5.849856 -25.378845
v -1021.268372 5.966872 49.077271
v -1043.669434 5.966882 152.980042
v -994.548767 -5.796747 525.418579
v -965.052124 6.020255 519.984009
v -994.563232 5.903255 525.392090
v -965.008423 -5.913746 520.066040
v -841.308777 -5.967142 -645.559265
v -887.085144 -5.967136 -571.945129
v -887.036133 5.966865 -572.024109
v -906.491028 -5.850140 -594.851624
v -864.089294 -5.850144 -663.039429
v -718.133423 -5.850159 -818.874573
v -699.200989 -5.967154 -797.286377
v -699.200989 5.966846 -797.286377
v -841.308777 5.966859 -645.559265
v -864.089294 5.849856 -663.039429
v -906.475159 5.849861 -594.877441
v -718.133423 5.849842 -818.874573
v -669.526550 5.849840 -904.672852
v -671.650330 5.849840 -850.090698
v -669.526550 -5.850161 -904.672852
v -642.395020 5.849835 -924.716187
v -671.650330 -5.850163 -850.090698
v -642.395020 -5.850164 -924.716187
v -568.865784 -5.850162 -883.789917
v -654.319214 -5.967158 -827.354614
v -568.865784 5.849839 -883.789917
v -551.233215 5.849839 -904.007080
v -536.231262 -5.967159 -879.703369
v -551.233215 -5.850162 -904.007080
v -553.136108 -5.967156 -859.906250
v -536.231262 5.966842 -879.703369
v -529.076538 5.966838 -916.388184
v -543.350708 5.849834 -941.111816
v -543.350708 -5.850167 -941.111816
v -529.076416 -5.967162 -916.388184
v -507.275665 -5.850163 -929.385864
v -493.729248 -5.967161 -904.242004
v -493.729248 5.966840 -904.242004
v -468.131866 -5.967161 -908.983398
v -480.950531 -5.850163 -934.547485
v -389.349762 -5.967164 -980.334717
v -400.374237 -5.850168 -1006.711731
v -480.950531 5.849836 -934.547485
v -350.098877 -5.850170 -1031.359619
v -448.705841 -5.850179 -1032.163818
v -340.869019 -5.967167 -1004.169434
v -400.374237 5.849833 -1006.711731
v -479.629395 -5.850176 -1018.688965
v -479.629395 5.849825 -1018.688965
v -448.705841 5.849821 -1032.163818
v -350.098877 5.849830 -1031.359619
v -340.869019 5.966833 -1004.169434
v -142.163544 5.849833 -1079.843262
v -142.163544 -5.850168 -1079.843262
v -138.415680 5.966837 -1051.374878
v -61.940521 -5.850165 -1082.469482
v -61.910431 5.849835 -1082.470459
v -138.415680 -5.967164 -1051.374878
v -51.868439 -5.967163 -1054.208130
v -32.206329 -6.020479 -1095.751953
v -42.248291 5.796518 -1124.014404
v -42.278442 -5.903484 -1124.013428
v -32.113678 5.913521 -1095.755127
v -51.775726 5.966838 -1054.211182
v -389.349762 5.966837 -980.334717
v -468.131866 5.966840 -908.983398
v -507.275665 5.849838 -929.385864
v -553.136108 5.966844 -859.906250
v -654.319214 5.966842 -827.354614
v -952.299988 -5.796828 -598.595581
v -932.845215 6.020175 -575.768066
v -952.284302 5.903172 -598.621338
v -932.894226 -5.913826 -575.689270
v -138.415344 -5.966953 1051.374878
v -51.775391 -5.966939 1054.211304
v -51.868256 5.967061 1054.208252
v -61.910034 -5.849938 1082.470581
v -142.163269 -5.849949 1079.843384
v -350.098511 -5.849988 1031.359741
v -340.868835 -5.966987 1004.169556
v -340.868835 5.967013 1004.169556
v -138.415344 5.967048 1051.374878
v -142.163269 5.850049 1079.843384
v -61.940369 5.850061 1082.469727
v -350.098511 5.850014 1031.359741
v -448.705536 5.850006 1032.164062
v -400.373962 5.850002 1006.712036
v -448.705475 -5.849994 1032.163940
v -479.629150 -5.850004 1018.689148
v -479.629150 5.849997 1018.689148
v -400.373962 -5.849998 1006.712036
v -480.950592 -5.850016 934.547729
v -389.349487 -5.966999 980.334839
v -480.950592 5.849986 934.547729
v -507.275482 5.849981 929.386108
v -493.728882 -5.967021 904.242249
v -507.275482 -5.850021 929.386108
v -468.131561 -5.967016 908.983521
v -493.728882 5.966980 904.242249
v -529.076294 5.966977 916.388489
v -543.350403 5.849976 941.112122
v -543.350403 -5.850025 941.112122
v -529.076233 -5.967024 916.388367
v -551.232971 -5.850029 904.007202
v -536.230896 -5.967030 879.703613
v -536.230896 5.966971 879.703613
v -553.135803 -5.967033 859.906372
v -568.865601 -5.850034 883.789856
v -654.318848 -5.967051 827.354797
v -671.650024 -5.850051 850.091003
v -568.865601 5.849967 883.789856
v -718.133240 -5.850063 818.875000
v -669.526245 -5.850053 904.673035
v -699.200806 -5.967062 797.286682
v -671.650024 5.849949 850.091003
v -642.394775 -5.850043 924.716309
v -642.394775 5.849958 924.716309
v -669.526306 5.849947 904.673157
v -718.133240 5.849937 818.875000
v -699.200806 5.966939 797.286682
v -864.088989 5.849901 663.039673
v -864.088989 -5.850100 663.039673
v -841.308655 5.966904 645.559631
v -906.474976 -5.850113 594.877625
v -906.490967 5.849888 594.851990
v -841.308655 -5.967097 645.559631
v -887.035828 -5.967113 572.024231
v -932.844971 -6.020432 575.768311
v -952.299988 5.796569 598.596008
v -952.284058 -5.903434 598.621582
v -932.894043 5.913569 575.689575
v -887.084839 5.966887 571.945435
v -654.318848 5.966950 827.354797
v -553.135803 5.966968 859.906372
v -551.232971 5.849972 904.007202
v -468.131561 5.966985 908.983521
v -389.349487 5.967002 980.334839
v -42.247925 -5.796619 1124.014282
v -32.206085 6.020380 1095.752197
v -42.278137 5.903382 1124.013550
v -32.113312 -5.913620 1095.755371
v 975.653381 7.800083 328.369568
v 975.653381 -7.799920 328.369568
v 971.529480 7.800082 358.262512
v 872.350220 7.800074 361.045898
v 971.529480 -7.799920 358.262512
v 872.350220 -7.799928 361.045898
v 770.798218 7.800065 335.439209
v 856.552917 7.800073 328.282776
v 770.798218 -7.799937 335.439209
v 727.935791 -7.799941 292.679169
v 856.552917 -7.799928 328.282776
v 727.935791 7.800061 292.679169
v -427.055817 -4.928083 -895.473511
v -413.856079 -4.977378 -865.350769
v -377.506989 -4.977376 -884.779907
v -413.546753 4.977294 -865.516113
v -390.115082 -4.928080 -915.218567
v -211.569031 -4.977364 -935.116394
v -211.569031 4.977309 -935.116394
v -377.506989 4.977297 -884.779907
v -426.845825 4.927997 -895.585571
v -390.115082 4.928000 -915.218567
v -217.996460 4.928013 -967.430176
v -217.996460 -4.928068 -967.430176
v 561.974976 4.928054 817.578430
v 542.487854 4.977349 791.085693
v 577.488403 4.977351 769.320984
v 542.785645 -4.977324 790.900574
v 597.545044 4.928058 795.459412
v 704.050232 4.977361 650.782837
v 728.820923 4.928104 672.506104
v 704.050232 -4.977275 650.782837
v 577.488403 -4.977282 769.320984
v 562.176880 -4.928027 817.452698
v 597.545044 -4.928023 795.459412
v 728.820923 -4.927976 672.506104
v 427.056854 -4.927997 895.473389
v 413.857117 -4.977294 865.350708
v 377.508118 -4.977297 884.779785
v 413.547852 4.977378 865.516052
v 390.116211 -4.928000 915.218567
v 211.570129 -4.977309 935.116333
v 211.570129 4.977364 935.116333
v 377.508118 4.977376 884.779785
v 426.846863 4.928083 895.585449
v 390.116211 4.928080 915.218567
v 217.997681 4.928068 967.430054
v 217.997681 -4.928013 967.430054
v -203.449615 -7.800008 1009.125061
v -203.449615 7.799994 1009.125061
v -175.499573 -7.800004 1020.500122
v -123.499634 -7.800002 936.000244
v -175.499573 7.799998 1020.500122
v -123.499634 7.800001 936.000244
v -94.899536 7.800001 835.250000
v -143.974518 -7.800003 905.937561
v -94.899536 -7.800001 835.250000
v -110.499542 7.800001 776.750061
v -143.974518 7.799998 905.937561
v -110.499542 -7.800000 776.750061
v 175.500458 7.800025 1020.500122
v 203.450500 7.800027 1009.125122
v 175.500458 -7.799977 1020.500122
v 123.500427 7.800022 936.000122
v 143.975494 7.800021 905.937622
v 123.500458 -7.799981 936.000122
v 94.900513 -7.799985 835.250122
v 94.900513 7.800017 835.250122
v 110.500519 -7.799985 776.750183
v 143.975494 -7.799981 905.937622
v 110.500519 7.800017 776.750183
v 203.450500 -7.799975 1009.125122
v 989.031311 4.928079 -77.895020
v 956.344482 4.977373 -74.264923
v 954.995789 4.977373 -115.458771
v 956.333008 -4.977300 -74.615448
v 987.660767 4.928079 -119.759186
v 915.619751 4.977368 -284.333679
v 946.817993 4.928113 -294.923950
v 915.619751 -4.977265 -284.333679
v 954.995789 -4.977262 -115.458771
v 989.023376 -4.928001 -78.132751
v 987.660767 -4.928002 -119.759186
v 946.817993 -4.927968 -294.923950
v 989.031433 -4.927961 77.894989
v 956.344604 -4.977258 74.264893
v 954.996155 -4.977260 115.458740
v 956.333191 4.977414 74.615387
v 987.660889 -4.927960 119.759033
v 915.619751 -4.977261 284.333435
v 946.818298 -4.927960 294.923828
v 915.619751 4.977412 284.333435
v 954.996155 4.977415 115.458740
v 989.023621 4.928120 78.132782
v 987.660889 4.928120 119.759033
v 946.818298 4.928119 294.923828
v 772.203552 -7.799932 680.755371
v 772.203552 7.800069 680.755371
v 796.029663 -7.799932 662.237549
v 748.850525 -7.799937 574.954224
v 796.029663 7.800072 662.237549
v 748.850525 7.800066 574.954224
v 675.898315 -7.799942 499.810852
v 712.577942 -7.799940 577.654907
v 617.435730 -7.799946 484.070770
v 617.435730 7.800056 484.070770
v 675.898315 7.800060 499.810852
v 712.577942 7.800065 577.654907
v 427.056824 4.928026 -895.473267
v 413.857086 4.977323 -865.350647
v 377.508057 4.977318 -884.779785
v 413.547852 -4.977351 -865.515991
v 390.116272 4.928023 -915.218506
v 211.570007 4.977305 -935.116516
v 217.997696 4.928048 -967.430115
v 211.570007 -4.977329 -935.116516
v 377.508057 -4.977317 -884.779785
v 426.847107 -4.928055 -895.585449
v 390.116272 -4.928057 -915.218506
v 217.997696 -4.928032 -967.430115
v 561.974976 -4.928002 -817.578552
v 542.487915 -4.977302 -791.085999
v 577.488464 -4.977298 -769.321106
v 542.785583 4.977372 -790.900696
v 597.545166 -4.928000 -795.459534
v 704.050171 -4.977288 -650.782959
v 728.820923 -4.927989 -672.506226
v 704.050171 4.977387 -650.782959
v 577.488464 4.977376 -769.321106
v 562.177002 4.928078 -817.452820
v 597.545166 4.928080 -795.459534
v 728.820923 4.928092 -672.506226
v 971.529541 -7.799927 -358.262543
v 975.653381 -7.799926 -328.369598
v 971.529541 7.800075 -358.262543
v 872.350342 7.800068 -361.045837
v 872.350403 -7.799935 -361.045898
v 770.798340 7.800059 -335.439270
v 856.553101 -7.799935 -328.282837
v 770.798340 -7.799943 -335.439270
v 727.935791 7.800055 -292.679260
v 856.553101 7.800066 -328.282837
v 727.935791 -7.799946 -292.679260
v 975.653381 7.800075 -328.369598
v 796.029541 7.800058 -662.237793
v 772.203491 7.800056 -680.755493
v 796.029541 -7.799943 -662.237793
v 748.850342 -7.799947 -574.954285
v 748.850342 7.800056 -574.954285
v 675.898438 -7.799952 -499.810974
v 712.578003 7.800053 -577.654907
v 675.898438 7.800050 -499.810974
v 617.435791 -7.799957 -484.070831
v 712.578003 -7.799951 -577.654907
v 617.435791 7.800045 -484.070831
v 772.203491 -7.799946 -680.755493
v -561.973877 4.927949 -817.578491
v -542.486694 4.977246 -791.085815
v -577.487366 4.977245 -769.321045
v -542.784546 -4.977427 -790.900635
v -597.544067 4.927946 -795.459473
v -704.049133 4.977234 -650.782959
v -728.819885 4.927976 -672.506287
v -577.487366 -4.977391 -769.321045
v -562.175781 -4.928132 -817.452759
v -597.544067 -4.928134 -795.459473
v -728.819885 -4.928104 -672.506287
v -704.049133 -4.977400 -650.782959
v 203.450775 -7.799994 -1009.124939
v 203.450775 7.800008 -1009.124939
v 175.500854 -7.799998 -1020.500122
v 123.500702 -7.800001 -936.000183
v 175.500854 7.800004 -1020.500122
v 123.500702 7.800002 -936.000183
v 94.900726 -7.800001 -835.250061
v 143.975647 -7.799998 -905.937500
v 110.500702 -7.800001 -776.750122
v 110.500702 7.800000 -776.750122
v 94.900726 7.800001 -835.250061
v 143.975647 7.800003 -905.937500
v -175.499359 7.799977 -1020.500061
v -203.449402 7.799975 -1009.125122
v -175.499359 -7.800025 -1020.500061
v -123.499420 7.799981 -936.000061
v -94.899353 7.799985 -835.250122
v -143.974365 7.799981 -905.937622
v -94.899353 -7.800017 -835.250122
v -123.499390 -7.800022 -936.000122
v -143.974365 -7.800021 -905.937622
v -203.449402 -7.800027 -1009.125122
v -110.499420 -7.800017 -776.750183
v -110.499420 7.799985 -776.750183
v -427.056000 4.927977 895.473328
v -413.856262 4.977273 865.350525
v -377.507080 4.977277 884.779663
v -413.546936 -4.977400 865.515991
v -390.115417 4.927980 915.218567
v -211.569183 4.977291 935.116455
v -217.996841 4.928032 967.430054
v -377.507080 -4.977357 884.779663
v -426.846252 -4.928104 895.585388
v -390.115417 -4.928101 915.218567
v -217.996841 -4.928048 967.430054
v -211.569183 -4.977345 935.116455
v -561.974121 -4.928078 817.578491
v -542.486938 -4.977371 791.085815
v -577.487549 -4.977376 769.320984
v -542.784668 4.977302 790.900635
v -597.544312 -4.928080 795.459473
v -704.049316 -4.977387 650.782837
v -728.820007 -4.928092 672.506104
v -577.487549 4.977298 769.320984
v -562.176086 4.928002 817.452698
v -597.544312 4.928000 795.459473
v -728.820007 4.927989 672.506104
v -704.049316 4.977288 650.782837
v -975.652466 -7.800075 328.369415
v -975.652466 7.799926 328.369415
v -971.528687 -7.800075 358.262451
v -872.349426 -7.800068 361.045746
v -971.528687 7.799927 358.262451
v -872.349487 7.799935 361.045807
v -770.797424 7.799943 335.439148
v -856.552002 7.799935 328.282654
v -770.797424 -7.800059 335.439148
v -727.934875 7.799946 292.679230
v -727.934875 -7.800055 292.679230
v -856.552002 -7.800066 328.282654
v -796.028625 7.799943 662.237610
v -772.202637 7.799946 680.755371
v -796.028625 -7.800058 662.237610
v -748.849487 -7.800056 574.954163
v -748.849487 7.799947 574.954163
v -675.897339 -7.800050 499.810791
v -712.577087 7.799951 577.654785
v -675.897339 7.799952 499.810791
v -617.434875 -7.800045 484.070679
v -712.577087 -7.800053 577.654785
v -617.434875 7.799957 484.070679
v -772.202637 -7.800056 680.755371
v -989.030273 4.927923 77.894836
v -956.343506 4.977223 74.264862
v -954.994873 4.977222 115.458710
v -956.331970 -4.977452 74.615356
v -987.659790 4.927924 119.759033
v -915.618835 4.977226 284.333435
v -946.817017 4.927968 294.923828
v -915.618835 -4.977407 284.333435
v -954.994873 -4.977411 115.458710
v -989.022461 -4.928158 78.132599
v -987.659790 -4.928157 119.759033
v -946.817017 -4.928113 294.923828
v -989.030396 -4.928120 -77.895111
v -956.343628 -4.977414 -74.264984
v -954.995117 -4.977415 -115.458893
v -956.332153 4.977258 -74.615479
v -987.659912 -4.928120 -119.759216
v -915.618896 -4.977412 -284.333679
v -946.817200 -4.928119 -294.924011
v -915.618896 4.977261 -284.333679
v -954.995117 4.977260 -115.458893
v -989.022705 4.927961 -78.133026
v -987.659912 4.927960 -119.759216
v -946.817200 4.927960 -294.924011
v -796.028564 -7.800072 -662.237671
v -772.202393 -7.800069 -680.755493
v -796.028564 7.799932 -662.237671
v -748.849487 -7.800066 -574.954346
v -675.897278 -7.800060 -499.810913
v -712.576965 -7.800065 -577.654968
v -675.897278 7.799942 -499.810913
v -748.849487 7.799937 -574.954346
v -712.576965 7.799940 -577.654968
v -772.202393 7.799932 -680.755493
v -617.434692 -7.800056 -484.070892
v -617.434692 7.799946 -484.070892
v -971.528564 7.799920 -358.262695
v -975.652405 7.799920 -328.369751
v -971.528564 -7.800082 -358.262695
v -872.349365 -7.800074 -361.046021
v -872.349365 7.799928 -361.046021
v -770.797302 7.799937 -335.439301
v -856.552002 7.799928 -328.282959
v -770.797302 -7.800065 -335.439301
v -727.934875 -7.800061 -292.679260
v -856.552002 -7.800073 -328.282959
v -727.934875 7.799941 -292.679260
v -975.652405 -7.800083 -328.369751
v -2160.658203 -14.496804 -2463.762695
v -2375.837402 -14.496802 -2234.019287
v -2160.658203 14.495540 -2463.762695
v -2375.837402 14.495538 -2234.019287
v -2440.167969 -14.212576 -2294.510254
v -2585.608887 -14.212581 -2105.615479
v -2481.892822 -14.496807 -2113.340820
v -2481.892822 14.495535 -2113.340820
v -2440.167969 14.211286 -2294.510254
v -2585.608887 14.211283 -2105.615479
v -2219.163086 14.211287 -2530.474609
v -2219.163086 -14.212576 -2530.474609
v -1935.447510 14.211294 -2733.782471
v -1934.708252 -14.212567 -2734.312500
v -1865.575195 -14.496793 -2675.216309
v -1866.200195 14.495547 -2674.768066
v -1053.351929 -14.496243 3103.067627
v -746.798645 -14.496187 3174.545654
v -1053.351929 14.496098 3103.067627
v -746.798645 14.496154 3174.545654
v -767.019897 -14.211944 3260.503418
v -530.711670 -14.211911 3292.011963
v -589.260010 -14.496166 3206.053711
v -589.260010 14.496175 3206.053711
v -767.019897 14.211919 3260.503418
v -530.711670 14.211951 3292.011963
v -1081.873413 14.211863 3187.089844
v -1081.873413 -14.212001 3187.089844
v -1399.801270 14.211801 3043.038330
v -1400.629517 -14.212062 3042.663330
v -1384.017090 -14.496306 2953.244385
v -1383.316895 14.496035 2953.562500
v -197.007935 13.375780 3681.328125
v -267.900391 13.375770 3681.328369
v -480.577576 13.375759 3114.187988
v -480.577576 -13.376112 3114.187988
v -551.469788 13.375746 3114.187500
v -551.469788 -13.376124 3114.187500
v -197.007935 -13.376090 3681.328125
v -267.900391 -13.376102 3681.328369
v 1053.347412 14.496636 3103.069580
v 746.794434 14.496612 3174.547363
v 1053.347412 -14.495706 3103.069580
v 746.794434 -14.495728 3174.547363
v 767.015137 14.212380 3260.505371
v 530.707153 14.212372 3292.012695
v 589.255737 14.496604 3206.054688
v 589.255737 -14.495736 3206.054688
v 767.015137 -14.211482 3260.505371
v 530.707153 -14.211491 3292.012695
v 1081.869385 -14.211457 3187.091797
v 1081.869385 14.212406 3187.091797
v 1399.796875 -14.211441 3043.041016
v 1400.625488 14.212422 3042.666016
v 1384.012939 14.496654 2953.246582
v 1383.312500 -14.495688 2953.564453
v 197.002808 -13.375239 3681.328613
v 267.895386 -13.375230 3681.329102
v 480.573120 -13.375320 3114.188965
v 480.573120 13.376552 3114.188965
v 551.465698 -13.375314 3114.188721
v 551.465698 13.376556 3114.188721
v 197.002808 13.376633 3681.328613
v 267.895386 13.376640 3681.329102
v -3214.010742 -14.496701 639.305176
v -3122.636475 -14.496655 940.527100
v -3214.010742 14.495639 639.305176
v -3122.636475 14.495685 940.527100
v -3207.188477 -14.212429 965.993896
v -3116.320801 -14.212399 1186.397217
v -3071.153076 -14.496641 1092.713745
v -3071.153076 14.495699 1092.713745
v -3207.188477 14.211434 965.993896
v -3116.320801 14.211464 1186.397217
v -3301.037109 14.211389 656.615967
v -3301.037109 -14.212475 656.615967
v -3335.249512 14.211347 309.256470
v -3335.339111 -14.212519 308.351440
v -3249.592773 -14.496744 278.028931
v -3249.518066 14.495596 278.794189
v -3286.627197 13.375234 1670.051025
v -3322.073730 13.375221 1608.656738
v -2937.253906 13.375295 1140.902344
v -2937.253906 -13.376575 1140.902344
v -2972.700195 13.375283 1079.507690
v -2972.700195 -13.376586 1079.507690
v -3286.627197 -13.376637 1670.051025
v -3322.073730 -13.376650 1608.656738
v -2160.661865 14.496177 2463.760986
v -2375.840088 14.496143 2234.017090
v -2160.661865 -14.496164 2463.760986
v -2375.840088 -14.496197 2234.017090
v -2440.171387 14.211902 2294.508301
v -2585.612061 14.211886 2105.613281
v -2481.895996 14.496134 2113.338135
v -2481.895996 -14.496206 2113.338135
v -2440.171387 -14.211962 2294.508301
v -2585.612061 -14.211977 2105.613281
v -2219.166504 -14.211929 2530.472656
v -2219.166504 14.211936 2530.472656
v -1935.451050 -14.211889 2733.780518
v -1934.712280 14.211975 2734.311279
v -1865.578979 14.496216 2675.214355
v -1866.204102 -14.496124 2674.766113
v -3089.621582 -13.375782 2011.274658
v -3054.175781 -13.375777 2072.669922
v -2456.678711 -13.375781 1973.283691
v -2456.678711 13.376089 1973.283691
v -2421.232666 -13.375777 2034.678467
v -2421.232666 13.376094 2034.678467
v -3089.621582 13.376089 2011.274658
v -3054.175781 13.376095 2072.669922
v 3214.011719 -14.495980 -639.305908
v 3122.637207 -14.496003 -940.527832
v 3214.011719 14.496360 -639.305908
v 3122.637207 14.496338 -940.527832
v 3207.189453 -14.211757 -965.994141
v 3116.321777 -14.211786 -1186.397461
v 3071.154541 -14.496021 -1092.714111
v 3071.154541 14.496319 -1092.714111
v 3207.189453 14.212105 -965.994141
v 3116.321777 14.212077 -1186.397461
v 3301.037598 14.212132 -656.616333
v 3301.037598 -14.211734 -656.616333
v 3335.250488 14.212149 -309.257080
v 3335.339600 -14.211714 -308.352051
v 3249.593506 -14.495962 -278.029541
v 3249.519043 14.496378 -278.795044
v 3286.627930 13.375819 -1670.051514
v 3322.074219 13.375828 -1608.656860
v 2937.254883 13.375874 -1140.902710
v 2937.254883 -13.375998 -1140.902710
v 2972.701416 13.375878 -1079.508179
v 2972.701416 -13.375993 -1079.508179
v 3286.627930 -13.376051 -1670.051514
v 3322.074219 -13.376042 -1608.656860
v 2160.662598 14.496356 -2463.761475
v 2375.841064 14.496411 -2234.017334
v 2160.662598 -14.495984 -2463.761475
v 2375.841064 -14.495929 -2234.017334
v 2440.171875 14.212174 -2294.508057
v 2585.612549 14.212223 -2105.613525
v 2481.896729 14.496445 -2113.338623
v 2481.896729 -14.495895 -2113.338623
v 2440.171875 -14.211689 -2294.508057
v 2585.612549 -14.211639 -2105.613525
v 2219.167236 -14.211743 -2530.472900
v 2219.167236 14.212120 -2530.472900
v 1935.451660 -14.211807 -2733.780762
v 1934.712402 14.212057 -2734.310547
v 1865.579346 14.496291 -2675.214111
v 1866.204834 -14.496049 -2674.766357
v 3089.622559 -13.375299 -2011.275146
v 3054.176758 -13.375310 -2072.669922
v 2456.680176 -13.375453 -1973.284180
v 2456.680176 13.376418 -1973.284180
v 2421.233398 -13.375463 -2034.678711
v 2421.233398 13.376408 -2034.678711
v 3089.622559 13.376571 -2011.275146
v 3054.176758 13.376560 -2072.669922
v -3089.619141 13.374983 -2011.278076
v -3054.172607 13.374982 -2072.672607
v -2456.676514 13.375121 -1973.286377
v -2456.676514 -13.376749 -1973.286377
v -2421.230225 13.375119 -2034.681152
v -2421.230225 -13.376751 -2034.681152
v -3089.619141 -13.376888 -2011.278076
v -3054.172607 -13.376890 -2072.672607
v -3214.009521 14.495808 -639.308655
v -3122.634766 14.495810 -940.530762
v -3214.009521 -14.496532 -639.308655
v -3122.634766 -14.496532 -940.530762
v -3207.186768 14.211557 -965.997681
v -3116.319092 14.211568 -1186.400513
v -3071.151367 14.495814 -1092.717285
v -3071.151367 -14.496526 -1092.717285
v -3207.186768 -14.212306 -965.997681
v -3116.319092 -14.212296 -1186.400635
v -3301.036133 -14.212307 -656.619812
v -3301.036133 14.211556 -656.619812
v -3335.248779 -14.212295 -309.260864
v -3335.338379 14.211569 -308.355713
v -3249.592529 14.495819 -278.032959
v -3249.517578 -14.496521 -278.798462
v -3286.624512 -13.376086 -1670.054932
v -3322.071289 -13.376088 -1608.660278
v -2937.252197 -13.376075 -1140.905762
v -2937.252197 13.375795 -1140.905762
v -2972.698486 -13.376081 -1079.510986
v -2972.698486 13.375792 -1079.510986
v -3286.624512 13.375786 -1670.054932
v -3322.071289 13.375784 -1608.660278
v 2160.660400 -14.495879 2463.763428
v 2375.839111 -14.495859 2234.019287
v 2160.660400 14.496461 2463.763428
v 2375.839111 14.496481 2234.019287
v 2440.169678 -14.211610 2294.510254
v 2585.610840 -14.211604 2105.615479
v 2481.895264 -14.495855 2113.340820
v 2481.895264 14.496484 2113.340820
v 2440.169678 14.212254 2294.510254
v 2585.610840 14.212257 2105.615479
v 2219.165283 14.212230 2530.475098
v 2219.165283 -14.211633 2530.475098
v 1935.449219 14.212201 2733.782471
v 1934.710327 -14.211662 2734.312744
v 1865.577148 -14.495912 2675.216309
v 1866.202393 14.496428 2674.768555
v 3089.621094 13.376071 2011.277710
v 3054.174316 13.376070 2072.672363
v 2456.677979 13.376045 1973.286133
v 2456.677979 -13.375826 1973.286133
v 2421.231689 13.376041 2034.680786
v 2421.231689 -13.375829 2034.680786
v 3089.621094 -13.375799 2011.277710
v 3054.174316 -13.375802 2072.672363
v 3214.010742 14.496725 639.308472
v 3122.636230 14.496747 940.530090
v 3214.010742 -14.495615 639.308472
v 3122.636230 -14.495593 940.530090
v 3207.188965 14.212520 965.997375
v 3116.320801 14.212540 1186.400024
v 3071.153076 14.496764 1092.716553
v 3071.153076 -14.495576 1092.716553
v 3207.188965 -14.211344 965.997375
v 3116.320801 -14.211323 1186.399902
v 3301.037354 -14.211368 656.619202
v 3301.037354 14.212497 656.619202
v 3335.250000 -14.211401 309.260376
v 3335.339600 14.212462 308.354980
v 3249.593750 14.496688 278.032471
v 3249.518555 -14.495652 278.797852
v 3286.626465 -13.374996 1670.054565
v 3322.072998 -13.374999 1608.660156
v 2937.253906 -13.375160 1140.905396
v 2937.253906 13.376712 1140.905396
v 2972.700195 -13.375159 1079.510864
v 2972.700195 13.376711 1079.510864
v 3286.626465 13.376875 1670.054565
v 3322.072998 13.376871 1608.660156
v 1053.351685 -14.496439 -3103.067383
v 746.798584 -14.496473 -3174.546143
v 1053.351685 14.495901 -3103.067383
v 746.798584 14.495867 -3174.546143
v 767.019714 -14.212241 -3260.503418
v 530.711426 -14.212274 -3292.011963
v 589.259949 -14.496498 -3206.053955
v 589.259949 14.495842 -3206.053955
v 767.019714 14.211622 -3260.503418
v 530.711426 14.211590 -3292.011963
v 1081.873291 14.211656 -3187.090088
v 1081.873291 -14.212206 -3187.090088
v 1399.801270 14.211694 -3043.039062
v 1400.629883 -14.212169 -3042.664551
v 1384.017334 -14.496402 -2953.244873
v 1383.316895 14.495940 -2953.562988
v 197.007690 13.375275 -3681.328125
v 267.900146 13.375282 -3681.328369
v 480.577759 13.375409 -3114.187988
v 480.577759 -13.376461 -3114.187988
v 551.470032 13.375417 -3114.187988
v 551.470032 -13.376452 -3114.187988
v 197.007690 -13.376597 -3681.328125
v 267.900146 -13.376590 -3681.328369
v -1053.347656 14.495896 -3103.069336
v -746.794189 14.495944 -3174.546875
v -1053.347656 -14.496444 -3103.069336
v -746.794189 -14.496396 -3174.546875
v -767.015503 14.211696 -3260.504883
v -530.707275 14.211736 -3292.012451
v -589.255737 14.495971 -3206.054688
v -589.255737 -14.496369 -3206.054688
v -767.015503 -14.212167 -3260.504883
v -530.707275 -14.212126 -3292.012451
v -1081.869019 -14.212214 -3187.091797
v -1081.869019 14.211649 -3187.091797
v -1399.796753 -14.212255 -3043.040527
v -1400.625366 14.211608 -3042.665527
v -1384.012939 14.495854 -2953.246094
v -1383.312744 -14.496484 -2953.563965
v -197.003174 -13.375843 -3681.328857
v -267.895630 -13.375857 -3681.329102
v -480.573242 -13.375916 -3114.188477
v -480.573242 13.375956 -3114.188477
v -551.465820 -13.375927 -3114.187988
v -551.465820 13.375944 -3114.187988
v -197.003174 13.376027 -3681.328857
v -267.895630 13.376015 -3681.329102
v -2920.166748 -17.907448 -1381.197388
v -2958.128906 -0.000404 -1315.443481
v -2920.166748 17.906618 -1381.197388
v -3079.097168 17.906584 -1580.458252
v -3079.097168 -17.907484 -1580.458252
v -3169.212891 -0.000450 -1566.733521
v -3249.838867 17.906549 -1771.682617
v -2908.263672 17.906555 -1876.350342
v -3159.239502 17.906530 -1928.605103
v -2656.232666 17.906628 -1838.341919
v -2295.047119 17.906721 -1325.047729
v -2618.270020 -0.000414 -1904.095825
v -2656.232666 -17.907442 -1838.341919
v -2295.047119 -17.907351 -1325.047729
v -2941.435303 -0.000494 -1961.255615
v -2908.263672 -17.907513 -1876.350342
v -3159.239502 -17.907536 -1928.605103
v -3263.545898 -0.000520 -2032.662231
v -3610.121338 -17.907579 -2084.307129
v -3249.838867 -17.907518 -1771.682617
v -3856.698242 -0.000577 -2226.668701
v -3610.121338 17.906488 -2084.307129
v -3392.108154 -0.000496 -1809.986206
v 2656.234863 -17.906992 -1838.339478
v 2618.271240 0.000039 -1904.092529
v 2656.234863 17.907074 -1838.339478
v 2908.264893 17.907085 -1876.346802
v 2908.264893 -17.906981 -1876.346802
v 2941.437012 0.000054 -1961.252197
v 3159.240723 17.907101 -1928.601562
v 3079.098145 17.907097 -1580.454590
v 3249.840088 17.907104 -1771.678711
v 2920.166748 17.907150 -1381.194092
v 2295.047852 17.907122 -1325.045166
v 2958.129639 0.000119 -1315.440186
v 2920.166748 -17.906918 -1381.194092
v 2295.047852 -17.906948 -1325.045166
v 3169.214355 0.000070 -1566.729980
v 3079.098145 -17.906971 -1580.454590
v 3249.840088 -17.906961 -1771.678711
v 3392.109375 0.000078 -1809.982544
v 3610.123047 -17.906950 -2084.302979
v 3159.240723 -17.906967 -1928.601562
v 3856.700195 0.000097 -2226.664062
v 3610.123047 17.907116 -2084.302979
v 3263.547363 0.000070 -2032.658447
v -2656.234375 -17.907177 1838.339844
v -2618.270996 -0.000131 1904.092773
v -2656.234375 17.906889 1838.339844
v -2908.264160 17.906862 1876.347534
v -2908.264160 -17.907204 1876.347534
v -2941.436523 -0.000164 1961.252197
v -3159.240723 17.906837 1928.601807
v -3079.097412 17.906801 1580.455078
v -3249.839844 17.906803 1771.679199
v -2920.166016 17.906849 1381.194214
v -2295.047119 17.906918 1325.045288
v -2958.128906 -0.000201 1315.440430
v -2920.166016 -17.907223 1381.194214
v -2295.047119 -17.907152 1325.045288
v -3169.213867 -0.000248 1566.729980
v -3079.097412 -17.907267 1580.455078
v -3249.839844 -17.907265 1771.679199
v -3392.109375 -0.000242 1809.982910
v -3610.122559 -17.907261 2084.303223
v -3159.240723 -17.907230 1928.601807
v -3856.699707 -0.000241 2226.664551
v -3610.122559 17.906805 2084.303223
v -3263.547119 -0.000194 2032.659180
v 2920.167969 -17.906546 1381.196289
v 2958.129883 0.000482 1315.442139
v 2920.167969 17.907522 1381.196289
v 3079.098389 17.907572 1580.457031
v 3079.098389 -17.906496 1580.457031
v 3169.214600 0.000544 1566.732422
v 3249.840332 17.907619 1771.681274
v 2908.264893 17.907589 1876.348999
v 3159.240967 17.907629 1928.603760
v 2656.234131 17.907614 1838.340698
v 2295.048340 17.907492 1325.046631
v 2618.270996 0.000583 1904.094482
v 2656.234131 -17.906454 1838.340698
v 2295.048340 -17.906578 1325.046631
v 2941.436768 0.000574 1961.254517
v 2908.264893 -17.906477 1876.348999
v 3159.240967 -17.906435 1928.603760
v 3263.547363 0.000623 2032.660889
v 3610.123047 -17.906359 2084.305908
v 3249.840332 -17.906448 1771.681274
v 3856.700195 0.000724 2226.667236
v 3610.123047 17.907707 2084.305908
v 3392.109619 0.000608 1809.984863
v 263.933105 -17.906641 3219.536621
v 339.858765 0.000397 3219.536377
v 263.933105 17.907425 3219.536621
v 170.833374 17.907455 3456.804932
v 170.833374 -17.906610 3456.804932
v 227.777466 0.000435 3527.985352
v 90.599365 17.907486 3700.284180
v -170.832886 17.907440 3456.804688
v -90.599243 17.907480 3700.284180
v -263.932617 17.907459 3219.536133
v 0.000121 17.907394 2650.092773
v -339.858521 0.000423 3219.536133
v -263.932617 -17.906609 3219.536133
v 0.000124 -17.906675 2650.092773
v -227.777344 0.000415 3527.985352
v -170.832886 -17.906628 3456.804688
v -90.599243 -17.906588 3700.284180
v -128.561890 0.000464 3842.644775
v -0.000120 -17.906517 4168.609863
v 90.599365 -17.906580 3700.284180
v 0.000122 0.000555 4453.332031
v -0.000123 17.907549 4168.609863
v 128.562256 0.000475 3842.644531
v -263.930786 -17.907139 -3219.537109
v -339.856689 -0.000108 -3219.536133
v -263.930786 17.906929 -3219.537109
v -170.831299 17.906925 -3456.804932
v -170.831299 -17.907141 -3456.804932
v -227.775513 -0.000109 -3527.985352
v -90.597168 17.906925 -3700.283936
v 170.835083 17.906931 -3456.805176
v 90.601318 17.906925 -3700.283936
v 263.934570 17.906992 -3219.535889
v 0.001464 17.906992 -2650.092773
v 339.860474 -0.000042 -3219.535889
v 263.934570 -17.907078 -3219.535889
v 0.001467 -17.907078 -2650.092773
v 227.779419 -0.000103 -3527.984619
v 170.835083 -17.907137 -3456.805176
v 90.601318 -17.907141 -3700.283936
v 128.564575 -0.000108 -3842.644775
v 0.002321 -17.907146 -4168.609863
v -90.597168 -17.907143 -3700.283936
v 0.002319 -0.000115 -4453.332031
v 0.002318 17.906919 -4168.609863
v -128.560181 -0.000111 -3842.644531
v 1587.993164 6.687886 -2750.480225
v 1570.933594 13.263096 -2541.227539
v 1570.933594 -13.263257 -2541.227539
v 1976.879150 13.263118 -2254.196045
v 1615.611694 12.874258 -2571.462158
v 2010.304199 12.874281 -2292.310547
v 2296.310303 12.874299 -1986.944580
v 2258.129883 13.263202 -1953.907715
v 1976.879150 -13.263231 -2254.196045
v 1615.611694 -12.874419 -2571.462158
v 2010.304199 -12.874394 -2292.310547
v 2258.129883 -13.263219 -1953.907715
v 2296.310303 -12.874377 -1986.944580
v 2368.640381 -13.263211 -1890.104492
v 2361.179199 13.263143 -1714.975342
v 2361.179199 -13.263143 -1714.975342
v 2409.602051 -12.874303 -1757.816162
v 2368.640381 13.263206 -1890.104492
v 2419.099854 -12.874372 -1916.052246
v 2419.099854 12.874304 -1916.052246
v 2409.602051 12.874372 -1757.816162
v 2567.837402 12.874380 -1748.318481
v 2529.656738 13.263150 -1715.281616
v 2567.837402 -12.874294 -1748.318481
v 2529.656738 -13.263136 -1715.281616
v 1630.528564 -6.688048 -2824.153564
v 1630.528564 6.687887 -2824.153564
v 1587.993164 -6.688049 -2750.480225
v 1419.149170 12.874247 -2684.890137
v 1419.149170 -12.874430 -2684.890137
v 1415.304199 -13.263265 -2631.080078
v 980.050049 -12.874522 -2887.128174
v 963.755249 -13.263291 -2839.124023
v 980.050049 12.874156 -2887.128174
v 563.072571 -13.263311 -2932.551025
v 563.072571 13.262975 -2932.551025
v 963.755249 13.262995 -2839.124023
v 1415.304199 13.263021 -2631.080078
v 572.592896 -12.874543 -2982.134277
v 572.592896 12.874134 -2982.134277
v 452.562195 13.262901 -2996.353760
v 449.803833 12.874127 -3053.026611
v 304.626221 -13.263324 -2902.328125
v 304.626221 13.262962 -2902.328125
v 317.516724 12.874190 -2965.683594
v 452.562195 -13.263316 -2996.353760
v 449.803833 -12.874549 -3053.026611
v 317.516724 -12.874487 -2965.683594
v 230.173706 12.874185 -3097.970947
v 220.652832 -13.263330 -3048.387207
v 230.173706 -12.874491 -3097.970947
v 220.652832 13.262959 -3048.387207
v 3594.444580 11.128742 -69.510742
v 3617.856445 -0.000034 -83.413086
v 3781.921143 11.128752 0.000853
v 3594.444092 11.128755 69.512451
v 3617.855957 -0.000022 83.414551
v 3842.827881 -0.000025 0.000732
v 3781.921143 -11.128804 0.000855
v 3594.444092 -11.128802 69.512451
v 3426.627930 -11.128798 139.023804
v 3416.476562 -0.000017 166.828247
v 3426.627930 11.128757 139.023804
v 3258.812500 11.128751 69.512207
v 3352.899902 11.128745 0.000731
v 3258.812500 -11.128805 69.512207
v 3352.899902 -11.128811 0.000733
v 3234.758789 -0.000027 83.414185
v 3594.444580 -11.128814 -69.510742
v 3258.812744 -11.128817 -69.511108
v 3426.628418 -11.128819 -139.022461
v 3258.812744 11.128739 -69.511108
v 3234.759033 -0.000039 -83.413330
v 3416.476807 -0.000043 -166.827271
v 3426.628418 11.128736 -139.022461
v 1890.959595 11.128833 3275.239746
v 1737.022705 11.128827 3147.635742
v 1857.420166 11.128824 3078.124023
v 1881.166016 0.000047 3091.448242
v 1736.688965 0.000053 3174.861816
v 1921.413086 0.000058 3327.986328
v 1737.022705 -11.128729 3147.635742
v 1890.959595 -11.128723 3275.239746
v 1592.915771 -11.128731 3037.058594
v 1563.760742 0.000049 3042.169434
v 1592.915771 11.128826 3037.058594
v 1676.449707 11.128818 2903.696777
v 1569.207031 11.128818 2856.970215
v 1676.449707 -11.128738 2903.696777
v 1569.207031 -11.128739 2856.970215
v 1545.140869 0.000040 2843.090332
v 1857.420166 -11.128732 3078.124023
v 1689.604980 -11.128742 2787.458496
v 1833.711548 -11.128739 2898.035400
v 1689.617676 0.000035 2759.676270
v 1689.604980 11.128814 2787.458496
v 1852.715088 0.000039 2875.341797
v 1833.711426 11.128817 2898.035645
v -1890.958618 11.128008 -3275.239746
v -1737.021729 11.128050 -3147.635742
v -1857.419189 11.128035 -3078.124023
v -1881.165039 -0.000747 -3091.448242
v -1736.687988 -0.000731 -3174.861816
v -1921.412109 -0.000780 -3327.986328
v -1737.021729 -11.129506 -3147.635742
v -1890.958618 -11.129548 -3275.239746
v -1592.914795 -11.129468 -3037.058594
v -1563.759766 -0.000685 -3042.169434
v -1592.914795 11.128089 -3037.058594
v -1676.448730 11.128087 -2903.696777
v -1569.206055 11.128112 -2856.970215
v -1676.448730 -11.129469 -2903.696777
v -1569.206055 -11.129444 -2856.970215
v -1545.139893 -0.000660 -2843.090332
v -1857.419189 -11.129521 -3078.124023
v -1689.604004 -11.129460 -2787.458496
v -1833.710449 -11.129497 -2898.035645
v -1689.616699 -0.000677 -2759.676270
v -1689.604004 11.128098 -2787.458496
v -1852.714111 -0.000719 -2875.341797
v -1833.710571 11.128060 -2898.035400
v 1890.960449 11.128337 -3275.238770
v 1857.420898 11.128359 -3078.123291
v 1737.023315 11.128354 -3147.635010
v 1736.689697 -0.000427 -3174.861816
v 1881.166870 -0.000419 -3091.447754
v 1921.413940 -0.000444 -3327.985596
v 1857.420898 -11.129196 -3078.123291
v 1890.960449 -11.129218 -3275.238770
v 1833.711914 -11.129176 -2898.034668
v 1852.715576 -0.000395 -2875.340820
v 1833.711914 11.128380 -2898.034668
v 1676.450073 11.128381 -2903.695801
v 1689.605103 11.128391 -2787.457764
v 1676.450073 -11.129176 -2903.695801
v 1689.605103 -11.129166 -2787.457764
v 1689.618164 -0.000381 -2759.675781
v 1737.023315 -11.129202 -3147.635010
v 1569.207520 -11.129169 -2856.969482
v 1592.916626 -11.129190 -3037.058105
v 1545.141113 -0.000390 -2843.089600
v 1569.207520 11.128386 -2856.969482
v 1563.761475 -0.000411 -3042.168701
v 1592.916626 11.128366 -3037.058105
v -1890.960571 11.128504 3275.239258
v -1857.420898 11.128501 3078.123535
v -1737.023315 11.128524 3147.635010
v -1736.689331 -0.000251 3174.861328
v -1881.166504 -0.000281 3091.447510
v -1921.413818 -0.000278 3327.985840
v -1857.420898 -11.129055 3078.123535
v -1890.960571 -11.129054 3275.239258
v -1833.711426 -11.129061 2898.034424
v -1852.715454 -0.000285 2875.341064
v -1833.711426 11.128497 2898.034424
v -1676.449951 11.128526 2903.695801
v -1689.605103 11.128519 2787.458008
v -1676.449951 -11.129031 2903.695801
v -1689.605103 -11.129037 2787.458008
v -1689.617798 -0.000261 2759.675781
v -1737.023315 -11.129032 3147.635010
v -1569.207397 -11.129014 2856.969727
v -1592.916260 -11.129009 3037.057617
v -1545.140747 -0.000230 2843.089600
v -1569.207397 11.128542 2856.969727
v -1563.761353 -0.000225 3042.168945
v -1592.916260 11.128548 3037.057617
v 1587.989990 6.687941 2750.481934
v 1415.301636 13.263140 2631.082031
v 1415.301636 -13.263211 2631.082031
v 963.752136 13.263120 2839.125977
v 1419.146484 12.874302 2684.892090
v 980.047607 12.874283 2887.130127
v 572.589966 12.874263 2982.135498
v 563.069580 13.263100 2932.552002
v 963.752136 -13.263231 2839.125977
v 1419.146484 -12.874373 2684.892090
v 980.047607 -12.874394 2887.130127
v 563.069580 -13.263253 2932.552002
v 572.589966 -12.874413 2982.135498
v 452.559082 -13.263259 2996.354980
v 304.623047 13.263087 2902.328857
v 304.623047 -13.263198 2902.328857
v 317.513428 -12.874358 2965.685059
v 452.559082 13.263094 2996.354980
v 449.800293 -12.874419 3053.027588
v 449.800293 12.874257 3053.027588
v 317.513428 12.874316 2965.685059
v 230.170288 12.874313 3097.971436
v 220.649536 13.263085 3048.387451
v 230.170288 -12.874363 3097.971436
v 220.649536 -13.263204 3048.387451
v 1630.525635 -6.687992 2824.156250
v 1630.525635 6.687944 2824.156250
v 1587.989990 -6.687994 2750.481934
v 1615.609009 12.874310 2571.464355
v 1615.609009 -12.874365 2571.464355
v 1570.930420 -13.263206 2541.229492
v 2010.302246 -12.874417 2292.312988
v 1976.877075 -13.263189 2254.198730
v 2010.302246 12.874259 2292.312988
v 1570.930420 13.263081 2541.229492
v 2296.308105 -12.874406 1986.947021
v 2258.127686 -13.263178 1953.910522
v 1976.877075 13.263097 2254.198730
v 2258.127686 13.263108 1953.910522
v 2296.308105 12.874271 1986.947021
v 2368.638672 13.263046 1890.107544
v 2361.177246 13.263111 1714.977783
v 2368.638672 -13.263172 1890.107544
v 2409.600342 12.874342 1757.819336
v 2419.097656 12.874277 1916.054688
v 2419.097656 -12.874398 1916.054688
v 2361.177246 -13.263176 1714.977783
v 2409.600342 -12.874334 1757.819336
v 2567.835693 -12.874329 1748.321289
v 2529.655029 -13.263166 1715.284302
v 2529.655029 13.263120 1715.284302
v 2567.835693 12.874349 1748.321289
v 3175.982422 6.687993 0.001708
v 2986.235107 13.263191 89.854492
v 2986.235107 -13.263160 89.854492
v 2940.631592 13.263195 584.929199
v 3034.757812 12.874358 113.429443
v 2990.351807 12.874359 594.818909
v 2868.899902 12.874357 995.190491
v 2821.199219 13.263258 978.643799
v 2940.631592 -13.263158 584.929199
v 3034.757812 -12.874319 113.429443
v 2990.351807 -12.874318 594.818909
v 2821.199219 -13.263159 978.643799
v 2868.899902 -12.874320 995.190491
v 2821.198975 -13.263156 1106.250000
v 2868.899902 -12.874318 1136.975342
v 2821.198975 13.263262 1106.250000
v 2665.802002 13.263186 1187.353271
v 2665.802002 -13.263100 1187.353271
v 2727.115234 -12.874256 1207.867920
v 2727.115234 12.874418 1207.867920
v 2750.306641 -13.263092 1333.106079
v 2798.007324 -12.874253 1349.652710
v 2798.007324 12.874424 1349.652710
v 2750.306641 13.263193 1333.106079
v 2868.899902 12.874358 1136.975342
v 3261.053711 -6.687939 0.001832
v 3261.053711 6.687996 0.001830
v 3175.982422 -6.687943 0.001710
v 3034.758301 -12.874324 -113.426025
v 2986.234863 13.263124 -89.851685
v 2986.234863 -13.263161 -89.851685
v 2940.632324 -13.263166 -584.926025
v 2940.632324 13.263120 -584.926025
v 2990.352539 -12.874398 -594.816162
v 2868.900879 -12.874340 -995.187683
v 2821.200195 -13.263179 -978.640625
v 2821.200195 13.263107 -978.640625
v 2868.900879 12.874269 -995.187683
v 2821.199707 13.263038 -1106.246948
v 2868.901367 12.874267 -1136.972656
v 2665.803223 13.263097 -1187.350586
v 2821.199707 -13.263182 -1106.246948
v 2727.116699 12.874327 -1207.865234
v 2727.116699 -12.874351 -1207.865234
v 2750.307617 13.263098 -1333.103394
v 2798.008545 12.874331 -1349.650146
v 2798.008545 -12.874347 -1349.650146
v 2750.307617 -13.263186 -1333.103394
v 2665.803223 -13.263189 -1187.350586
v 2868.901367 -12.874343 -1136.972656
v 2990.352539 12.874279 -594.816162
v 3034.758301 12.874352 -113.426025
v -1587.988525 6.687727 -2750.482422
v -1415.300293 13.262945 -2631.082031
v -1415.300293 -13.263408 -2631.082031
v -963.751038 13.262965 -2839.126465
v -1419.145264 12.874106 -2684.892090
v -980.045776 12.874126 -2887.130127
v -572.588257 12.874146 -2982.135498
v -563.067871 13.263052 -2932.552246
v -963.751038 -13.263387 -2839.126465
v -1419.145264 -12.874570 -2684.892090
v -980.045776 -12.874550 -2887.130127
v -563.067871 -13.263301 -2932.552246
v -572.588257 -12.874531 -2982.135498
v -452.557373 -13.263294 -2996.354980
v -449.798706 -12.874525 -3053.027588
v -452.557373 13.263058 -2996.354980
v -304.621582 13.262998 -2902.328857
v -304.621582 -13.263288 -2902.328857
v -317.511841 -12.874452 -2965.684570
v -449.798706 12.874152 -3053.027588
v -220.648193 -13.263284 -3048.387695
v -230.168823 -12.874447 -3097.971191
v -230.168823 12.874228 -3097.971191
v -317.511841 12.874225 -2965.684570
v -220.648193 13.263002 -3048.387695
v -1630.523926 -6.688210 -2824.156250
v -1630.523926 6.687725 -2824.156250
v -1587.988525 -6.688208 -2750.482422
v -1615.607422 -12.874580 -2571.464355
v -1570.929321 -13.263413 -2541.229492
v -1570.929321 13.262873 -2541.229492
v -1976.875488 -13.263430 -2254.198730
v -2010.300537 -12.874661 -2292.312988
v -2296.306885 -12.874674 -1986.947510
v -2258.126465 -13.263441 -1953.911011
v -2258.126465 13.262845 -1953.911011
v -1976.875488 13.262856 -2254.198730
v -2296.306885 12.874003 -1986.947510
v -2368.637451 13.262839 -1890.107910
v -2419.096680 12.873996 -1916.055054
v -2368.637451 -13.263446 -1890.107910
v -2361.176270 -13.263444 -1714.978271
v -2361.176270 13.262842 -1714.978271
v -2409.598877 12.874066 -1757.819824
v -2409.598877 -12.874610 -1757.819824
v -2529.653809 13.262834 -1715.284790
v -2567.834473 12.874061 -1748.321655
v -2529.653809 -13.263453 -1715.284790
v -2567.834473 -12.874616 -1748.321655
v -2419.096680 -12.874681 -1916.055054
v -2010.300537 12.874015 -2292.312988
v -1615.607422 12.874099 -2571.464355
v -1587.992554 6.687782 2750.479980
v -1570.933105 13.262990 2541.227539
v -1570.933105 -13.263363 2541.227539
v -1976.878906 13.262966 2254.196289
v -1615.611572 12.874151 2571.462646
v -2010.303833 12.874126 2292.310059
v -2296.310059 12.874109 1986.944580
v -2258.129395 13.263019 1953.907349
v -1976.878906 -13.263386 2254.196289
v -1615.611572 -12.874525 2571.462646
v -2010.303833 -12.874551 2292.310059
v -2258.129395 -13.263401 1953.907349
v -2296.310059 -12.874567 1986.944580
v -2368.639648 -13.263408 1890.104248
v -2368.639648 13.263010 1890.104248
v -2419.099609 12.874104 1916.052246
v -2409.601562 12.874169 1757.816162
v -2361.178955 13.262945 1714.974976
v -2419.099609 -12.874572 1916.052246
v -2409.601562 -12.874508 1757.816162
v -2361.178955 -13.263342 1714.974976
v -2529.656250 -13.263352 1715.281616
v -2567.836914 -12.874515 1748.318359
v -2567.836914 12.874161 1748.318359
v -2529.656250 13.262935 1715.281616
v -1630.528076 -6.688154 2824.153564
v -1630.528076 6.687781 2824.153564
v -1587.992554 -6.688153 2750.479980
v -1419.149048 -12.874515 2684.890137
v -1419.149048 12.874162 2684.890137
v -1415.303833 -13.263354 2631.080322
v -980.050049 -12.874558 2887.128418
v -963.754700 -13.263328 2839.124268
v -980.050049 12.874120 2887.128418
v -1415.303833 13.262932 2631.080322
v -572.592468 -12.874537 2982.134277
v -563.071716 -13.263308 2932.551025
v -963.754700 13.262959 2839.124268
v -563.071716 13.262979 2932.551025
v -572.592468 12.874141 2982.134277
v -452.561523 13.262985 2996.354004
v -304.625488 -13.263296 2902.327881
v -304.625488 13.262991 2902.327881
v -317.516113 12.874218 2965.684082
v -452.561523 -13.263302 2996.354004
v -449.803284 12.874146 3053.026855
v -449.803284 -12.874530 3053.026855
v -317.516113 -12.874458 2965.684082
v -230.172974 -12.874453 3097.971191
v -220.652588 -13.263290 3048.387207
v -220.652588 13.262996 3048.387207
v -230.172974 12.874225 3097.971191
v -2986.233887 -13.263459 -89.854736
v -3175.981445 -6.688260 -0.001952
v -2986.233887 13.262894 -89.854736
v -2940.630371 13.262890 -584.929504
v -3175.981445 6.687676 -0.001954
v -3034.756836 12.874051 -113.430054
v -2990.350586 12.874050 -594.819336
v -2868.899414 12.874052 -995.191528
v -2821.198242 13.262959 -978.644043
v -2940.630371 -13.263462 -584.929504
v -3034.756836 -12.874626 -113.430054
v -2990.350586 -12.874625 -594.819336
v -2821.198242 -13.263459 -978.644043
v -2868.899414 -12.874625 -995.191528
v -2821.198242 -13.263462 -1106.250366
v -2821.198242 13.262956 -1106.250366
v -2868.898926 12.874051 -1136.975708
v -2727.114014 12.874123 -1207.868164
v -2665.801270 13.262898 -1187.353638
v -2868.898926 -12.874627 -1136.975708
v -2727.114014 -12.874554 -1207.868164
v -2665.801270 -13.263386 -1187.353638
v -2750.304932 -13.263394 -1333.106201
v -2798.006836 -12.874558 -1349.653320
v -2798.006836 12.874118 -1349.653320
v -2750.304932 13.262892 -1333.106201
v -3261.052490 -6.688263 -0.002196
v -3261.052490 6.687672 -0.002198
v -3034.757568 -12.874620 113.425659
v -3034.757568 12.874057 113.425659
v -2986.234131 -13.263457 89.850830
v -2940.631348 -13.263453 584.925537
v -2990.351562 12.873995 594.816040
v -2990.351562 -12.874682 594.816040
v -2940.631348 13.262836 584.925537
v -2868.900146 12.874006 995.186829
v -2868.900146 -12.874672 995.186829
v -2821.199707 13.262849 1106.247070
v -2868.900391 12.874007 1136.972046
v -2868.900391 -12.874669 1136.972046
v -2821.199219 13.262846 978.640259
v -2821.199219 -13.263440 978.640259
v -2821.199707 -13.263438 1106.247070
v -2665.802734 13.262856 1187.350098
v -2665.802734 -13.263430 1187.350098
v -2727.115234 -12.874595 1207.864502
v -2750.306641 -13.263432 1333.103027
v -2798.007812 -12.874598 1349.649414
v -2727.115234 12.874081 1207.864502
v -2750.306641 13.262853 1333.103027
v -2798.007812 12.874079 1349.649414
v -2986.234131 13.262829 89.850830
v -3781.920166 11.128089 -0.001954
v -3594.443115 11.128115 -69.513306
v -3594.443604 11.128126 69.509888
v -3617.855469 -0.000654 83.412231
v -3617.854980 -0.000666 -83.415405
v -3842.827148 -0.000697 -0.001831
v -3594.443115 -11.129441 -69.513306
v -3781.920166 -11.129467 -0.001952
v -3426.627441 -11.129419 -139.025024
v -3416.475830 -0.000641 -166.829102
v -3426.627441 11.128138 -139.024902
v -3352.899170 11.128160 -0.001954
v -3258.812012 11.128168 -69.513184
v -3352.899170 -11.129395 -0.001952
v -3258.812012 -11.129387 -69.513184
v -3234.757812 -0.000605 -83.415283
v -3594.443604 -11.129430 69.509888
v -3258.812012 -11.129375 69.510254
v -3426.627441 -11.129398 139.021362
v -3234.758301 -0.000593 83.412354
v -3258.812012 11.128181 69.510254
v -3416.476318 -0.000615 166.826294
v -3426.627441 11.128159 139.021362
vn -0.5000 -0.0000 -0.8660
vn 1.0000 -0.0000 -0.0000
vn 0.0099 -0.9998 0.0171
vn -0.0197 -0.9998 -0.0000
vn 0.5000 -0.0000 0.8660
vn -1.0000 -0.0000 -0.0000
vn -0.0197 0.9998 -0.0000
vn 0.0099 0.9998 0.0171
vn 0.0099 0.9998 -0.0171
vn 0.5000 -0.0000 -0.8660
vn -0.5000 -0.0000 0.8660
vn 0.0099 -0.9998 -0.0171
vn -0.0099 -0.9998 0.0171
vn -0.0099 -0.9998 -0.0171
vn -0.0099 0.9998 -0.0171
vn -0.0099 0.9998 0.0171
vn 0.0197 0.9998 -0.0000
vn 0.0197 -0.9998 -0.0000
vn -0.8492 -0.0000 -0.5281
vn 0.0035 -1.0000 0.0022
vn 0.0030 -1.0000 0.0028
vn -0.7299 -0.0000 -0.6836
vn 0.0035 1.0000 0.0022
vn 0.0030 1.0000 0.0028
vn 0.8492 -0.0000 0.5281
vn 0.7299 -0.0000 0.6836
vn -0.0000 1.0000 -0.0000
vn 0.0023 1.0000 0.0034
vn 0.8701 -0.0000 0.4929
vn 0.5942 -0.0000 0.8043
vn -0.9310 -0.0000 -0.3650
vn -0.0000 -1.0000 -0.0000
vn 0.3115 -0.0000 0.9502
vn 0.0013 -1.0000 0.0041
vn 0.0023 -1.0000 0.0034
vn 0.7536 -0.0000 0.6573
vn 0.0032 -1.0000 0.0028
vn 0.0013 -1.0000 0.0040
vn 0.0032 1.0000 0.0028
vn 0.0059 1.0000 0.0012
vn 0.0060 1.0000 0.0013
vn 0.9782 -0.0000 0.2078
vn 0.8660 -0.0000 -0.5000
vn -0.0019 -1.0000 0.0058
vn -0.3091 -0.0000 0.9510
vn 0.0060 -1.0000 0.0013
vn -0.9815 -0.0000 -0.1914
vn 0.3250 -0.0000 -0.9457
vn -0.0020 -1.0000 0.0057
vn 0.0059 -1.0000 0.0012
vn -0.1821 -0.0000 -0.9833
vn 0.0008 -1.0000 0.0042
vn 0.0029 -1.0000 0.0031
vn 0.0029 -1.0000 0.0032
vn 0.6672 -0.0000 0.7449
vn 0.1924 -0.0000 0.9813
vn 0.0018 -1.0000 0.0037
vn 0.1494 -0.0000 -0.9888
vn 0.3995 -0.0000 0.9167
vn -0.0082 -0.0000 1.0000
vn 0.0018 1.0000 0.0037
vn 0.0009 1.0000 0.0040
vn 0.2271 -0.0000 0.9739
vn 0.0327 -0.0000 0.9995
vn 0.0001 1.0000 0.0041
vn 0.0001 -1.0000 0.0041
vn 0.0065 -1.0000 0.0018
vn 0.9039 0.0023 0.4278
vn -0.9413 -0.0074 0.3375
vn 0.0034 1.0000 0.0029
vn -0.9420 -0.0025 0.3357
vn -0.9039 -0.0069 -0.4278
vn -0.0327 -0.0000 -0.9995
vn -0.2271 -0.0000 -0.9739
vn 0.0009 -1.0000 0.0040
vn -0.4412 -0.0000 -0.8974
vn 0.0029 1.0000 0.0032
vn -0.6713 -0.0000 -0.7412
vn 0.0029 1.0000 0.0031
vn 0.0008 1.0000 0.0042
vn -0.0020 1.0000 0.0057
vn -0.0019 1.0000 0.0058
vn -0.7605 -0.0000 -0.6494
vn 0.0013 1.0000 0.0040
vn -0.3063 -0.0000 -0.9520
vn 0.0013 1.0000 0.0041
vn -0.5566 -0.0000 -0.8308
vn -0.0815 -0.0023 0.9967
vn -0.0017 1.0000 0.0066
vn 0.7617 0.0024 -0.6479
vn 0.0814 0.0069 -0.9967
vn 0.7630 0.0074 -0.6464
vn 0.0008 -1.0000 0.0044
vn 0.0815 0.0069 -0.9967
vn -0.8819 -0.0000 0.4714
vn 0.0036 -1.0000 -0.0019
vn 0.0039 -1.0000 -0.0012
vn -0.9569 -0.0000 0.2903
vn 0.0036 1.0000 -0.0019
vn 0.0039 1.0000 -0.0012
vn 0.8819 -0.0000 -0.4714
vn 0.9569 -0.0000 -0.2903
vn 0.0041 1.0000 -0.0003
vn 0.8619 -0.0000 -0.5070
vn 0.9937 -0.0000 -0.1124
vn -0.7816 -0.0000 0.6238
vn 0.9787 -0.0000 0.2053
vn 0.0042 -1.0000 0.0009
vn 0.0041 -1.0000 -0.0003
vn 0.9460 -0.0000 -0.3240
vn 0.0041 -1.0000 -0.0014
vn 0.0040 -1.0000 -0.0014
vn 0.0041 1.0000 -0.0014
vn 0.0040 1.0000 -0.0046
vn 0.0041 1.0000 -0.0046
vn 0.6690 -0.0000 -0.7432
vn -0.0000 -0.0000 -1.0000
vn 0.0041 -1.0000 0.0046
vn 0.6690 -0.0000 0.7432
vn 0.0041 -1.0000 -0.0046
vn -0.6565 -0.0000 0.7543
vn -0.6565 -0.0000 -0.7543
vn 0.0040 -1.0000 0.0046
vn 0.0040 -1.0000 -0.0046
vn -0.9426 -0.0000 -0.3339
vn 0.0040 -1.0000 0.0014
vn 0.0041 -1.0000 0.0014
vn 0.0042 -1.0000 -0.0009
vn 0.9787 -0.0000 -0.2053
vn 0.9460 -0.0000 0.3240
vn 0.0041 -1.0000 0.0003
vn -0.7816 -0.0000 -0.6238
vn 0.9937 -0.0000 0.1124
vn 0.8619 -0.0000 0.5070
vn 0.0041 1.0000 0.0003
vn 0.0039 1.0000 0.0012
vn 0.9569 -0.0000 0.2903
vn 0.8819 -0.0000 0.4714
vn 0.0036 1.0000 0.0019
vn 0.0036 -1.0000 0.0019
vn 0.0048 -1.0000 -0.0048
vn 0.8224 0.0023 -0.5689
vn -0.1783 -0.0074 0.9839
vn 0.0042 1.0000 -0.0015
vn -0.1802 -0.0025 0.9836
vn -0.8224 -0.0069 0.5689
vn -0.8819 -0.0000 -0.4714
vn -0.9569 -0.0000 -0.2903
vn 0.0039 -1.0000 0.0012
vn -0.9978 -0.0000 -0.0666
vn 0.0042 1.0000 -0.0009
vn -0.9775 -0.0000 0.2108
vn 0.0040 1.0000 0.0014
vn 0.0041 1.0000 0.0014
vn 0.0040 1.0000 0.0046
vn 0.0041 1.0000 0.0046
vn 0.0040 1.0000 -0.0014
vn -0.9426 -0.0000 0.3339
vn 0.0042 1.0000 0.0009
vn -0.9775 -0.0000 -0.2108
vn -0.9978 -0.0000 0.0666
vn 0.8224 -0.0023 0.5689
vn 0.0048 1.0000 0.0048
vn -0.1802 0.0024 -0.9836
vn -0.8224 0.0069 -0.5689
vn -0.1783 0.0074 -0.9839
vn 0.0042 -1.0000 0.0015
vn -0.0327 -0.0000 0.9995
vn 0.0001 -1.0000 -0.0041
vn 0.0009 -1.0000 -0.0040
vn -0.2271 -0.0000 0.9739
vn 0.0001 1.0000 -0.0041
vn 0.0009 1.0000 -0.0040
vn 0.0327 -0.0000 -0.9995
vn 0.2271 -0.0000 -0.9739
vn 0.0018 1.0000 -0.0037
vn -0.0082 -0.0000 -1.0000
vn 0.3995 -0.0000 -0.9168
vn 0.1494 -0.0000 0.9888
vn 0.6672 -0.0000 -0.7449
vn 0.0029 -1.0000 -0.0032
vn 0.0018 -1.0000 -0.0037
vn 0.1924 -0.0000 -0.9813
vn 0.0008 -1.0000 -0.0042
vn 0.0029 -1.0000 -0.0031
vn 0.0008 1.0000 -0.0042
vn -0.0020 1.0000 -0.0057
vn -0.0019 1.0000 -0.0058
vn -0.3091 -0.0000 -0.9510
vn -0.8660 -0.0000 -0.5000
vn 0.0060 -1.0000 -0.0013
vn 0.9782 -0.0000 -0.2078
vn -0.0019 -1.0000 -0.0058
vn 0.3250 -0.0000 0.9457
vn -0.9815 -0.0000 0.1914
vn 0.0059 -1.0000 -0.0012
vn -0.0020 -1.0000 -0.0057
vn -0.7605 -0.0000 0.6494
vn 0.0032 -1.0000 -0.0028
vn 0.0013 -1.0000 -0.0040
vn 0.0013 -1.0000 -0.0041
vn 0.3115 -0.0000 -0.9502
vn 0.7536 -0.0000 -0.6573
vn 0.0023 -1.0000 -0.0034
vn -0.9310 -0.0000 0.3650
vn 0.5942 -0.0000 -0.8043
vn 0.8701 -0.0000 -0.4929
vn 0.0023 1.0000 -0.0034
vn 0.0030 1.0000 -0.0028
vn 0.7299 -0.0000 -0.6836
vn 0.8492 -0.0000 -0.5281
vn 0.0035 1.0000 -0.0022
vn 0.0035 -1.0000 -0.0022
vn -0.0017 -1.0000 -0.0066
vn -0.0815 0.0023 -0.9967
vn 0.7630 -0.0074 0.6464
vn 0.0008 1.0000 -0.0044
vn 0.7617 -0.0024 0.6479
vn 0.0815 -0.0069 0.9967
vn 0.0814 -0.0069 0.9967
vn -0.8492 -0.0000 0.5281
vn -0.7299 -0.0000 0.6836
vn 0.0030 -1.0000 -0.0028
vn -0.5566 -0.0000 0.8308
vn 0.0013 1.0000 -0.0041
vn -0.3063 -0.0000 0.9520
vn 0.0013 1.0000 -0.0040
vn 0.0032 1.0000 -0.0028
vn 0.0059 1.0000 -0.0012
vn 0.0060 1.0000 -0.0013
vn -0.1821 -0.0000 0.9833
vn 0.0029 1.0000 -0.0031
vn -0.6713 -0.0000 0.7412
vn 0.0029 1.0000 -0.0032
vn -0.4412 -0.0000 0.8974
vn 0.9039 -0.0023 -0.4278
vn 0.0065 1.0000 -0.0018
vn -0.9420 0.0024 -0.3357
vn -0.9039 0.0069 0.4278
vn -0.9413 0.0074 -0.3375
vn 0.0034 -1.0000 -0.0029
vn -0.0036 -1.0000 0.0019
vn -0.0039 -1.0000 0.0012
vn -0.0036 1.0000 0.0019
vn -0.0039 1.0000 0.0012
vn -0.0041 1.0000 0.0003
vn -0.8619 -0.0000 0.5070
vn -0.9937 -0.0000 0.1124
vn 0.7816 -0.0000 -0.6238
vn -0.9787 -0.0000 -0.2053
vn -0.0042 -1.0000 -0.0009
vn -0.0041 -1.0000 0.0003
vn -0.9460 -0.0000 0.3240
vn -0.0041 -1.0000 0.0014
vn -0.0040 -1.0000 0.0014
vn -0.0041 1.0000 0.0014
vn -0.0040 1.0000 0.0046
vn -0.0041 1.0000 0.0046
vn -0.6690 -0.0000 0.7432
vn -0.0000 -0.0000 1.0000
vn -0.0041 -1.0000 -0.0046
vn -0.6690 -0.0000 -0.7432
vn -0.0041 -1.0000 0.0046
vn 0.6565 -0.0000 -0.7543
vn 0.6565 -0.0000 0.7543
vn -0.0040 -1.0000 -0.0046
vn -0.0040 -1.0000 0.0046
vn 0.9426 -0.0000 0.3339
vn -0.0040 -1.0000 -0.0014
vn -0.0041 -1.0000 -0.0014
vn -0.0042 -1.0000 0.0009
vn -0.9787 -0.0000 0.2053
vn -0.9460 -0.0000 -0.3240
vn -0.0041 -1.0000 -0.0003
vn 0.7816 -0.0000 0.6238
vn -0.9937 -0.0000 -0.1124
vn -0.8619 -0.0000 -0.5070
vn -0.0041 1.0000 -0.0003
vn -0.0039 1.0000 -0.0012
vn -0.0036 1.0000 -0.0019
vn -0.0036 -1.0000 -0.0019
vn -0.0048 -1.0000 0.0048
vn -0.8224 0.0023 0.5689
vn 0.1783 -0.0074 -0.9839
vn -0.0042 1.0000 0.0015
vn 0.1802 -0.0025 -0.9836
vn 0.8224 -0.0069 -0.5689
vn -0.0039 -1.0000 -0.0012
vn 0.9978 -0.0000 0.0666
vn -0.0042 1.0000 0.0009
vn 0.9775 -0.0000 -0.2108
vn -0.0040 1.0000 -0.0014
vn -0.0041 1.0000 -0.0014
vn -0.0040 1.0000 -0.0046
vn -0.0041 1.0000 -0.0046
vn -0.0040 1.0000 0.0014
vn 0.9426 -0.0000 -0.3339
vn -0.0042 1.0000 -0.0009
vn 0.9775 -0.0000 0.2108
vn 0.9978 -0.0000 -0.0666
vn -0.8224 -0.0023 -0.5689
vn -0.0048 1.0000 -0.0048
vn 0.1802 0.0025 0.9836
vn 0.8224 0.0069 0.5689
vn 0.1783 0.0074 0.9839
vn -0.0042 -1.0000 -0.0015
vn -0.0035 -1.0000 -0.0022
vn -0.0030 -1.0000 -0.0028
vn -0.0035 1.0000 -0.0022
vn -0.0030 1.0000 -0.0028
vn -0.0023 1.0000 -0.0034
vn -0.8701 -0.0000 -0.4929
vn -0.5942 -0.0000 -0.8043
vn 0.9310 -0.0000 0.3650
vn -0.3115 -0.0000 -0.9502
vn -0.0013 -1.0000 -0.0041
vn -0.0023 -1.0000 -0.0034
vn -0.7536 -0.0000 -0.6573
vn -0.0032 -1.0000 -0.0028
vn -0.0013 -1.0000 -0.0040
vn -0.0032 1.0000 -0.0028
vn -0.0059 1.0000 -0.0012
vn -0.0060 1.0000 -0.0013
vn -0.9782 -0.0000 -0.2078
vn -0.8660 -0.0000 0.5000
vn 0.0019 -1.0000 -0.0058
vn 0.3091 -0.0000 -0.9510
vn -0.0060 -1.0000 -0.0013
vn 0.9815 -0.0000 0.1914
vn -0.3250 -0.0000 0.9457
vn 0.0020 -1.0000 -0.0057
vn -0.0059 -1.0000 -0.0012
vn 0.1821 -0.0000 0.9833
vn -0.0008 -1.0000 -0.0042
vn -0.0029 -1.0000 -0.0031
vn -0.0029 -1.0000 -0.0032
vn -0.6672 -0.0000 -0.7449
vn -0.1924 -0.0000 -0.9813
vn -0.0018 -1.0000 -0.0037
vn -0.1494 -0.0000 0.9888
vn -0.3995 -0.0000 -0.9167
vn 0.0082 -0.0000 -1.0000
vn -0.0018 1.0000 -0.0037
vn -0.0009 1.0000 -0.0040
vn -0.0001 1.0000 -0.0041
vn -0.0001 -1.0000 -0.0041
vn -0.0065 -1.0000 -0.0018
vn -0.9039 0.0023 -0.4278
vn 0.9413 -0.0074 -0.3375
vn -0.0034 1.0000 -0.0029
vn 0.9420 -0.0025 -0.3357
vn 0.9039 -0.0069 0.4278
vn -0.0009 -1.0000 -0.0040
vn 0.4412 -0.0000 0.8974
vn -0.0029 1.0000 -0.0032
vn 0.6713 -0.0000 0.7412
vn -0.0029 1.0000 -0.0031
vn -0.0008 1.0000 -0.0042
vn 0.0020 1.0000 -0.0057
vn 0.0019 1.0000 -0.0058
vn 0.7605 -0.0000 0.6494
vn -0.0013 1.0000 -0.0040
vn 0.3063 -0.0000 0.9520
vn -0.0013 1.0000 -0.0041
vn 0.5566 -0.0000 0.8308
vn 0.0815 -0.0023 -0.9967
vn 0.0017 1.0000 -0.0066
vn -0.7617 0.0025 0.6479
vn -0.0814 0.0069 0.9967
vn -0.7630 0.0074 0.6464
vn -0.0008 -1.0000 -0.0044
vn -0.0815 0.0069 0.9967
vn -0.0001 -1.0000 0.0041
vn -0.0009 -1.0000 0.0040
vn -0.0001 1.0000 0.0041
vn -0.0009 1.0000 0.0040
vn -0.0018 1.0000 0.0037
vn 0.0082 -0.0000 1.0000
vn -0.3995 -0.0000 0.9167
vn -0.1494 -0.0000 -0.9888
vn -0.6672 -0.0000 0.7449
vn -0.0029 -1.0000 0.0032
vn -0.0018 -1.0000 0.0037
vn -0.1924 -0.0000 0.9813
vn -0.0008 -1.0000 0.0042
vn -0.0029 -1.0000 0.0031
vn -0.0008 1.0000 0.0042
vn 0.0020 1.0000 0.0057
vn 0.0019 1.0000 0.0058
vn 0.3091 -0.0000 0.9510
vn 0.8660 -0.0000 0.5000
vn -0.0060 -1.0000 0.0013
vn -0.9782 -0.0000 0.2078
vn 0.0019 -1.0000 0.0058
vn -0.3250 -0.0000 -0.9457
vn 0.9815 -0.0000 -0.1914
vn -0.0059 -1.0000 0.0012
vn 0.0020 -1.0000 0.0057
vn 0.7605 -0.0000 -0.6494
vn -0.0032 -1.0000 0.0028
vn -0.0013 -1.0000 0.0040
vn -0.0013 -1.0000 0.0041
vn -0.3115 -0.0000 0.9502
vn -0.7536 -0.0000 0.6573
vn -0.0023 -1.0000 0.0034
vn 0.9310 -0.0000 -0.3650
vn -0.5942 -0.0000 0.8043
vn -0.8701 -0.0000 0.4929
vn -0.0023 1.0000 0.0034
vn -0.0030 1.0000 0.0028
vn -0.0035 1.0000 0.0022
vn -0.0035 -1.0000 0.0022
vn 0.0017 -1.0000 0.0066
vn 0.0815 0.0023 0.9967
vn -0.7630 -0.0074 -0.6464
vn -0.0008 1.0000 0.0044
vn -0.7617 -0.0024 -0.6479
vn -0.0815 -0.0069 -0.9967
vn -0.0814 -0.0069 -0.9967
vn -0.0030 -1.0000 0.0028
vn 0.5566 -0.0000 -0.8308
vn -0.0013 1.0000 0.0041
vn 0.3063 -0.0000 -0.9520
vn -0.0013 1.0000 0.0040
vn -0.0032 1.0000 0.0028
vn -0.0059 1.0000 0.0012
vn -0.0060 1.0000 0.0013
vn 0.1821 -0.0000 -0.9833
vn -0.0029 1.0000 0.0031
vn 0.6713 -0.0000 -0.7412
vn -0.0029 1.0000 0.0032
vn 0.4412 -0.0000 -0.8974
vn -0.9039 -0.0023 0.4278
vn -0.0065 1.0000 0.0018
vn 0.9420 0.0025 0.3357
vn 0.9039 0.0069 -0.4278
vn 0.9413 0.0074 0.3375
vn -0.0034 -1.0000 0.0029
vn 0.9906 -0.0000 0.1367
vn 0.0281 -0.0000 0.9996
vn -0.2445 -0.0000 0.9696
vn -0.7063 -0.0000 0.7080
vn 0.2668 -0.0000 -0.9638
vn 0.0007 -0.0000 -1.0000
vn -0.0007 -1.0000 -0.0013
vn 0.4714 -0.0000 0.8819
vn -0.0004 -1.0000 -0.0014
vn 0.2903 -0.0000 0.9569
vn -0.0007 1.0000 -0.0013
vn -0.9153 0.0351 0.4012
vn -0.9143 0.0241 0.4043
vn -0.4714 -0.0000 -0.8819
vn -0.0004 1.0000 -0.0014
vn -0.2903 -0.0000 -0.9569
vn 0.9808 -0.0000 -0.1951
vn 0.0008 1.0000 0.0013
vn -0.5281 -0.0000 -0.8492
vn 0.0010 1.0000 0.0011
vn -0.6836 -0.0000 -0.7299
vn 0.5281 -0.0000 0.8492
vn 0.6836 -0.0000 0.7299
vn 0.0010 -1.0000 0.0011
vn 0.6593 -0.0000 -0.7518
vn 0.0008 -1.0000 0.0013
vn -0.8073 -0.0241 0.5896
vn -0.8051 -0.0351 0.5921
vn 0.0007 -1.0000 0.0013
vn 0.0004 -1.0000 0.0014
vn 0.0007 1.0000 0.0013
vn 0.9143 0.0241 -0.4043
vn 0.9153 0.0351 -0.4012
vn 0.0004 1.0000 0.0014
vn -0.9808 -0.0000 0.1951
vn -0.3770 -0.0000 0.9262
vn 0.8517 -0.0000 0.5241
vn 0.9620 -0.0000 0.2731
vn 0.9662 -0.0000 -0.2577
vn -0.9680 -0.0000 -0.2508
vn -0.8664 -0.0000 -0.4994
vn 0.3770 -0.0000 0.9262
vn -0.8517 -0.0000 0.5241
vn -0.9620 -0.0000 0.2731
vn -0.9662 -0.0000 -0.2577
vn 0.9680 -0.0000 -0.2508
vn 0.8664 -0.0000 -0.4994
vn 0.0015 1.0000 -0.0000
vn -0.9995 -0.0000 0.0327
vn 0.0015 1.0000 -0.0003
vn -0.9739 -0.0000 0.2271
vn 0.9995 -0.0000 -0.0327
vn 0.9739 -0.0000 -0.2271
vn 0.0015 -1.0000 -0.0003
vn -0.3214 -0.0000 -0.9469
vn 0.0015 -1.0000 -0.0000
vn 0.0015 -1.0000 -0.0001
vn 0.1070 -0.0241 0.9940
vn 0.1103 -0.0351 0.9933
vn -0.9995 -0.0000 -0.0327
vn 0.0015 -1.0000 0.0003
vn -0.9739 -0.0000 -0.2271
vn 0.9995 -0.0000 0.0327
vn 0.9739 -0.0000 0.2271
vn 0.0015 1.0000 0.0003
vn -0.3214 -0.0000 0.9469
vn 0.1070 0.0241 -0.9940
vn 0.1103 0.0351 -0.9933
vn 0.6137 -0.0000 0.7896
vn 0.8797 -0.0000 -0.4755
vn 0.7175 -0.0000 -0.6966
vn 0.2600 -0.0000 -0.9656
vn -0.7012 -0.0000 0.7129
vn -0.8657 -0.0000 0.5006
vn 0.0007 1.0000 -0.0013
vn -0.4714 -0.0000 0.8819
vn 0.0004 1.0000 -0.0014
vn -0.2903 -0.0000 0.9569
vn 0.4714 -0.0000 -0.8819
vn 0.2903 -0.0000 -0.9569
vn 0.0004 -1.0000 -0.0014
vn -0.9808 -0.0000 -0.1951
vn 0.0007 -1.0000 -0.0013
vn 0.9143 -0.0241 0.4043
vn 0.9153 -0.0351 0.4012
vn 0.0008 -1.0000 -0.0013
vn -0.5281 -0.0000 0.8492
vn 0.0010 -1.0000 -0.0011
vn -0.6836 -0.0000 0.7299
vn 0.5281 -0.0000 -0.8492
vn 0.6836 -0.0000 -0.7299
vn 0.0008 1.0000 -0.0013
vn 0.0010 1.0000 -0.0011
vn 0.6593 -0.0000 0.7518
vn -0.8073 0.0241 -0.5896
vn -0.8051 0.0351 -0.5921
vn 0.9906 -0.0000 -0.1367
vn 0.0281 -0.0000 -0.9996
vn -0.2445 -0.0000 -0.9696
vn -0.7063 -0.0000 -0.7080
vn 0.2668 -0.0000 0.9638
vn 0.0007 -0.0000 1.0000
vn 0.6137 -0.0000 -0.7896
vn 0.8797 -0.0000 0.4755
vn 0.7175 -0.0000 0.6966
vn 0.2600 -0.0000 0.9656
vn -0.7012 -0.0000 -0.7129
vn -0.8657 -0.0000 -0.5006
vn -0.0008 1.0000 -0.0013
vn -0.0010 1.0000 -0.0011
vn -0.0010 -1.0000 -0.0011
vn -0.6593 -0.0000 0.7518
vn -0.0008 -1.0000 -0.0013
vn 0.8073 -0.0241 -0.5896
vn 0.8051 -0.0351 -0.5921
vn 0.3770 -0.0000 -0.9262
vn -0.8517 -0.0000 -0.5241
vn -0.9620 -0.0000 -0.2731
vn -0.9662 -0.0000 0.2577
vn 0.9680 -0.0000 0.2508
vn 0.8664 -0.0000 0.4994
vn -0.3770 -0.0000 -0.9262
vn 0.8517 -0.0000 -0.5241
vn 0.9620 -0.0000 -0.2731
vn -0.8664 -0.0000 0.4994
vn -0.9680 -0.0000 0.2508
vn 0.9662 -0.0000 0.2577
vn -0.0007 1.0000 0.0013
vn -0.0004 1.0000 0.0014
vn -0.0004 -1.0000 0.0014
vn 0.9808 -0.0000 0.1951
vn -0.0007 -1.0000 0.0013
vn -0.9143 -0.0241 -0.4043
vn -0.9153 -0.0351 -0.4012
vn -0.0008 -1.0000 0.0013
vn -0.0010 -1.0000 0.0011
vn -0.0010 1.0000 0.0011
vn -0.0008 1.0000 0.0013
vn -0.6593 -0.0000 -0.7518
vn 0.8073 0.0241 0.5896
vn 0.8051 0.0351 0.5921
vn -0.9906 -0.0000 0.1367
vn -0.0281 -0.0000 0.9996
vn 0.2445 -0.0000 0.9696
vn 0.7063 -0.0000 0.7080
vn -0.2668 -0.0000 -0.9638
vn -0.0007 -0.0000 -1.0000
vn -0.6137 -0.0000 0.7896
vn -0.8797 -0.0000 -0.4755
vn -0.7175 -0.0000 -0.6966
vn -0.2600 -0.0000 -0.9656
vn 0.7012 -0.0000 0.7129
vn 0.8657 -0.0000 0.5006
vn -0.0015 1.0000 -0.0000
vn -0.0015 1.0000 0.0003
vn -0.0015 -1.0000 -0.0000
vn -0.0015 -1.0000 0.0003
vn 0.3214 -0.0000 0.9469
vn -0.0015 -1.0000 0.0001
vn -0.1070 -0.0241 -0.9940
vn -0.1103 -0.0351 -0.9933
vn -0.0015 -1.0000 -0.0003
vn -0.0015 1.0000 -0.0003
vn 0.3214 -0.0000 -0.9469
vn -0.1070 0.0241 0.9940
vn -0.1103 0.0351 0.9933
vn -0.6137 -0.0000 -0.7896
vn -0.8797 -0.0000 0.4755
vn -0.7175 -0.0000 0.6966
vn 0.8657 -0.0000 -0.5006
vn 0.7012 -0.0000 -0.7129
vn -0.2600 -0.0000 0.9656
vn -0.9906 -0.0000 -0.1367
vn -0.0281 -0.0000 -0.9996
vn 0.2445 -0.0000 -0.9696
vn 0.7063 -0.0000 -0.7080
vn -0.2668 -0.0000 0.9638
vn -0.0007 -0.0000 1.0000
vn -0.0023 -1.0000 -0.0022
vn -0.0029 -1.0000 -0.0022
vn 0.7511 -0.0000 0.6601
vn 0.0743 -0.0000 0.9972
vn -0.0024 1.0000 -0.0021
vn -0.7923 -0.0000 -0.6101
vn -0.0023 1.0000 -0.0022
vn -0.0019 1.0000 -0.0026
vn -0.5825 -0.0000 -0.8128
vn -0.0019 -1.0000 -0.0026
vn 0.6495 0.0311 -0.7597
vn 0.5825 -0.0000 0.8128
vn 0.6484 0.0257 -0.7609
vn -0.0007 -1.0000 0.0031
vn -0.0005 -1.0000 0.0036
vn 0.1961 -0.0000 -0.9806
vn 0.8265 -0.0000 -0.5629
vn -0.0006 1.0000 0.0032
vn -0.1322 -0.0000 0.9912
vn -0.0007 1.0000 0.0031
vn -0.0013 1.0000 0.0029
vn -0.4127 -0.0000 0.9109
vn -0.0013 -1.0000 0.0029
vn -0.9827 0.0310 -0.1827
vn 0.4127 -0.0000 -0.9109
vn -0.9831 0.0257 -0.1810
vn 0.8944 -0.0000 -0.4472
vn -0.8944 -0.0000 0.4472
vn 0.0007 1.0000 0.0031
vn 0.0005 1.0000 0.0036
vn -0.1961 -0.0000 -0.9806
vn -0.8265 -0.0000 -0.5630
vn 0.0006 -1.0000 0.0032
vn -0.8265 -0.0000 -0.5629
vn 0.1322 -0.0000 0.9912
vn 0.0007 -1.0000 0.0031
vn 0.0013 -1.0000 0.0029
vn 0.4127 -0.0000 0.9109
vn 0.0013 1.0000 0.0029
vn 0.9827 -0.0311 -0.1827
vn -0.4127 -0.0000 -0.9109
vn 0.9831 -0.0257 -0.1810
vn -0.8944 -0.0000 -0.4472
vn 0.8944 -0.0000 0.4472
vn -0.0031 -1.0000 0.0009
vn -0.0034 -1.0000 0.0014
vn 0.9473 -0.0000 -0.3205
vn 0.9008 -0.0000 0.4343
vn -0.0031 1.0000 0.0010
vn -0.9245 -0.0000 0.3812
vn -0.0031 1.0000 0.0009
vn -0.0032 1.0000 0.0003
vn -0.9952 -0.0000 0.0980
vn -0.0032 -1.0000 0.0003
vn -0.3331 0.0311 -0.9424
vn 0.9952 -0.0000 -0.0980
vn -0.3348 0.0257 -0.9419
vn 0.8345 -0.0000 0.5510
vn -0.8345 -0.0000 -0.5510
vn -0.0023 1.0000 0.0022
vn -0.0029 1.0000 0.0022
vn 0.7512 -0.0000 -0.6601
vn 0.0743 -0.0000 -0.9972
vn -0.0024 -1.0000 0.0021
vn -0.7923 -0.0000 0.6101
vn -0.0023 -1.0000 0.0022
vn -0.0019 -1.0000 0.0026
vn -0.5825 -0.0000 0.8128
vn -0.0019 1.0000 0.0026
vn 0.6495 -0.0311 0.7597
vn 0.5825 -0.0000 -0.8128
vn 0.6484 -0.0257 0.7609
vn -0.0599 -0.0000 -0.9982
vn 0.0599 -0.0000 0.9982
vn 0.0031 -1.0000 -0.0009
vn 0.0034 -1.0000 -0.0014
vn -0.9473 -0.0000 0.3204
vn -0.9008 -0.0000 -0.4343
vn 0.0031 1.0000 -0.0010
vn 0.9245 -0.0000 -0.3812
vn 0.0031 1.0000 -0.0009
vn 0.0032 1.0000 -0.0003
vn 0.0032 -1.0000 -0.0003
vn 0.3331 0.0311 0.9424
vn 0.3348 0.0257 0.9419
vn 0.0023 1.0000 -0.0022
vn 0.0029 1.0000 -0.0022
vn -0.7512 -0.0000 0.6601
vn -0.0743 -0.0000 0.9972
vn 0.0024 -1.0000 -0.0021
vn 0.7923 -0.0000 -0.6101
vn 0.0023 -1.0000 -0.0022
vn 0.0019 -1.0000 -0.0026
vn 0.0019 1.0000 -0.0026
vn -0.6495 -0.0311 -0.7597
vn -0.6484 -0.0257 -0.7609
vn -0.0599 -0.0000 0.9982
vn 0.0599 -0.0000 -0.9982
vn -0.0031 1.0000 -0.0009
vn -0.0034 1.0000 -0.0014
vn 0.9473 -0.0000 0.3205
vn 0.9008 -0.0000 -0.4343
vn -0.0031 -1.0000 -0.0010
vn -0.9245 -0.0000 -0.3812
vn -0.0031 -1.0000 -0.0009
vn -0.0032 -1.0000 -0.0003
vn -0.9952 -0.0000 -0.0980
vn -0.0032 1.0000 -0.0003
vn -0.3331 -0.0311 0.9424
vn 0.9952 -0.0000 0.0980
vn -0.3348 -0.0257 0.9419
vn 0.8345 -0.0000 -0.5510
vn -0.8345 -0.0000 0.5510
vn 0.0023 -1.0000 0.0022
vn 0.0029 -1.0000 0.0022
vn -0.7511 -0.0000 -0.6601
vn -0.0743 -0.0000 -0.9972
vn 0.0024 1.0000 0.0021
vn 0.7923 -0.0000 0.6101
vn 0.0023 1.0000 0.0022
vn 0.0019 1.0000 0.0026
vn 0.0019 -1.0000 0.0026
vn -0.6495 0.0311 0.7597
vn -0.6484 0.0257 0.7609
vn 0.0031 1.0000 0.0009
vn 0.0034 1.0000 0.0014
vn -0.9473 -0.0000 -0.3205
vn -0.9008 -0.0000 0.4343
vn 0.0031 -1.0000 0.0010
vn 0.9245 -0.0000 0.3812
vn 0.0031 -1.0000 0.0009
vn 0.0032 -1.0000 0.0003
vn 0.0032 1.0000 0.0003
vn 0.3331 -0.0311 -0.9424
vn 0.3348 -0.0257 -0.9419
vn 0.0007 -1.0000 -0.0031
vn 0.0005 -1.0000 -0.0036
vn -0.1961 -0.0000 0.9806
vn -0.8265 -0.0000 0.5629
vn 0.0006 1.0000 -0.0032
vn 0.1322 -0.0000 -0.9912
vn 0.0007 1.0000 -0.0031
vn 0.0013 1.0000 -0.0029
vn 0.0013 -1.0000 -0.0029
vn 0.9827 0.0311 0.1827
vn 0.9831 0.0257 0.1810
vn -0.0007 1.0000 -0.0031
vn -0.0005 1.0000 -0.0036
vn 0.1961 -0.0000 0.9806
vn 0.8265 -0.0000 0.5629
vn -0.0006 -1.0000 -0.0032
vn -0.1322 -0.0000 -0.9912
vn -0.0007 -1.0000 -0.0031
vn -0.0013 -1.0000 -0.0029
vn -0.0013 1.0000 -0.0029
vn -0.9827 -0.0311 0.1827
vn -0.9831 -0.0257 0.1810
vn -0.1920 0.9694 0.1531
vn -0.1920 -0.9694 0.1531
vn -0.1717 -0.9745 0.1442
vn -0.1717 0.9745 0.1442
vn -0.1703 0.9736 0.1521
vn 0.8178 -0.0000 -0.5755
vn 0.0366 0.9694 -0.2428
vn -0.0895 -0.0000 0.9960
vn 0.0391 0.9745 -0.2208
vn 0.0391 -0.9745 -0.2208
vn 0.0366 -0.9694 -0.2428
vn 0.0465 -0.9736 -0.2235
vn 0.0876 -0.9634 -0.2535
vn 0.0478 -0.9753 -0.2158
vn 0.0908 0.9564 -0.2775
vn 0.0876 0.9634 -0.2535
vn 0.0908 -0.9564 -0.2775
vn 0.0478 0.9753 -0.2158
vn -0.1950 0.9564 0.2174
vn -0.1950 -0.9564 0.2174
vn -0.1758 0.9634 0.2026
vn -0.1630 0.9753 0.1493
vn -0.1758 -0.9634 0.2026
vn -0.1630 -0.9753 0.1493
vn -0.1703 -0.9736 0.1521
vn 0.0465 0.9736 -0.2235
vn -0.0366 0.9694 -0.2429
vn -0.0366 -0.9694 -0.2429
vn -0.0391 -0.9745 -0.2208
vn -0.0391 0.9745 -0.2208
vn -0.0465 0.9736 -0.2235
vn 0.0895 -0.0000 0.9960
vn 0.1920 0.9694 0.1531
vn -0.8178 -0.0000 -0.5755
vn 0.1717 0.9745 0.1442
vn 0.1717 -0.9745 0.1442
vn 0.1920 -0.9694 0.1531
vn 0.1703 -0.9736 0.1521
vn 0.1758 -0.9634 0.2026
vn 0.1630 -0.9753 0.1493
vn 0.1950 0.9564 0.2174
vn 0.1758 0.9634 0.2026
vn 0.1950 -0.9564 0.2174
vn 0.1630 0.9753 0.1493
vn -0.0908 0.9564 -0.2775
vn -0.0908 -0.9564 -0.2775
vn -0.0876 0.9634 -0.2535
vn -0.0478 0.9753 -0.2158
vn -0.0876 -0.9634 -0.2535
vn -0.0478 -0.9753 -0.2158
vn -0.0465 -0.9736 -0.2235
vn 0.1703 0.9736 0.1521
vn 0.0366 0.9694 0.2429
vn 0.0366 -0.9694 0.2429
vn 0.0391 -0.9745 0.2208
vn 0.0391 0.9745 0.2208
vn 0.0465 0.9736 0.2235
vn -0.0895 -0.0000 -0.9960
vn -0.1920 0.9694 -0.1531
vn 0.8178 -0.0000 0.5755
vn -0.1717 0.9745 -0.1442
vn -0.1717 -0.9745 -0.1442
vn -0.1920 -0.9694 -0.1531
vn -0.1703 -0.9736 -0.1521
vn -0.1758 -0.9634 -0.2026
vn -0.1630 -0.9753 -0.1493
vn -0.1950 0.9564 -0.2174
vn -0.1758 0.9634 -0.2026
vn -0.1950 -0.9564 -0.2174
vn -0.1630 0.9753 -0.1493
vn 0.0908 0.9564 0.2775
vn 0.0908 -0.9564 0.2775
vn 0.0876 0.9634 0.2535
vn 0.0478 0.9753 0.2158
vn 0.0876 -0.9634 0.2535
vn 0.0478 -0.9753 0.2158
vn 0.0465 -0.9736 0.2235
vn -0.1703 0.9736 -0.1521
vn 0.1920 0.9694 -0.1531
vn 0.1920 -0.9694 -0.1531
vn 0.1717 -0.9745 -0.1442
vn 0.1717 0.9745 -0.1442
vn 0.1703 0.9736 -0.1521
vn -0.8178 -0.0000 0.5755
vn -0.0366 0.9694 0.2428
vn 0.0895 -0.0000 -0.9960
vn -0.0391 0.9745 0.2208
vn -0.0391 -0.9745 0.2208
vn -0.0366 -0.9694 0.2428
vn -0.0465 -0.9736 0.2235
vn -0.0876 -0.9634 0.2535
vn -0.0478 -0.9753 0.2158
vn -0.0908 0.9564 0.2775
vn -0.0876 0.9634 0.2535
vn -0.0908 -0.9564 0.2775
vn -0.0478 0.9753 0.2158
vn 0.1950 0.9564 -0.2174
vn 0.1950 -0.9564 -0.2174
vn 0.1758 0.9634 -0.2026
vn 0.1630 0.9753 -0.1493
vn 0.1758 -0.9634 -0.2026
vn 0.1630 -0.9753 -0.1493
vn 0.1703 -0.9736 -0.1521
vn -0.0465 0.9736 0.2235
vn 0.2286 0.9694 0.0897
vn 0.2286 -0.9694 0.0897
vn 0.2107 -0.9745 0.0766
vn 0.2107 0.9745 0.0766
vn 0.2168 0.9736 0.0715
vn -0.9073 -0.0000 -0.4205
vn -0.2286 0.9694 0.0897
vn 0.9073 -0.0000 -0.4205
vn -0.2107 0.9745 0.0766
vn -0.2107 -0.9745 0.0766
vn -0.2286 -0.9694 0.0897
vn -0.2168 -0.9736 0.0715
vn -0.2634 -0.9634 0.0509
vn -0.2108 -0.9753 0.0665
vn -0.2857 0.9564 0.0602
vn -0.2634 0.9634 0.0509
vn -0.2857 -0.9564 0.0602
vn -0.2108 0.9753 0.0665
vn 0.2857 0.9564 0.0602
vn 0.2857 -0.9564 0.0602
vn 0.2634 0.9634 0.0509
vn 0.2108 0.9753 0.0665
vn 0.2634 -0.9634 0.0509
vn 0.2108 -0.9753 0.0665
vn 0.2168 -0.9736 0.0715
vn -0.2168 0.9736 0.0715
vn -0.2286 0.9694 -0.0897
vn -0.2286 -0.9694 -0.0897
vn -0.2107 -0.9745 -0.0766
vn -0.2107 0.9745 -0.0766
vn -0.2168 0.9736 -0.0715
vn 0.9073 -0.0000 0.4205
vn 0.2286 0.9694 -0.0897
vn -0.9073 -0.0000 0.4205
vn 0.2107 0.9745 -0.0766
vn 0.2107 -0.9745 -0.0766
vn 0.2286 -0.9694 -0.0897
vn 0.2168 -0.9736 -0.0715
vn 0.2634 -0.9634 -0.0509
vn 0.2108 -0.9753 -0.0665
vn 0.2857 0.9564 -0.0602
vn 0.2634 0.9634 -0.0509
vn 0.2857 -0.9564 -0.0602
vn 0.2108 0.9753 -0.0665
vn -0.2857 0.9564 -0.0602
vn -0.2857 -0.9564 -0.0602
vn -0.2634 0.9634 -0.0509
vn -0.2108 0.9753 -0.0665
vn -0.2634 -0.9634 -0.0509
vn -0.2108 -0.9753 -0.0665
vn -0.2168 -0.9736 -0.0715
vn 0.2168 0.9736 -0.0715
vn -0.9967 -0.0000 -0.0813
vn -0.5773 -0.0000 0.8165
vn -0.0133 0.9994 -0.0325
vn 0.0044 1.0000 -0.0063
vn 0.0045 1.0000 -0.0063
vn 0.0056 1.0000 -0.0053
vn 0.0044 -1.0000 -0.0063
vn 0.0045 -1.0000 -0.0063
vn 0.0056 -1.0000 -0.0053
vn 0.5774 -0.0000 -0.8164
vn 0.0041 -1.0000 -0.0071
vn -0.9991 -0.0000 -0.0426
vn 0.0083 -1.0000 0.0004
vn 0.0080 -1.0000 0.0005
vn 0.0041 1.0000 -0.0071
vn 0.0083 1.0000 0.0004
vn 0.0080 1.0000 0.0005
vn 0.9982 -0.0000 0.0599
vn -0.0000 1.0000 -0.0091
vn 0.0007 0.9999 -0.0110
vn 0.6543 -0.0000 0.7562
vn 0.0018 -0.0000 1.0000
vn 0.0007 -0.9999 -0.0110
vn -0.0000 -1.0000 -0.0091
vn 0.9983 -0.0000 0.0589
vn -0.0133 -0.9994 -0.0325
vn -0.0472 -0.9985 -0.0272
vn -0.5502 -0.0000 -0.8351
vn 0.0472 -0.9985 0.0272
vn 0.0348 -0.9994 -0.0047
vn 0.0032 -1.0000 -0.0070
vn 0.4183 -0.0000 -0.9083
vn -0.4185 -0.0000 0.9082
vn 0.0017 -1.0000 -0.0075
vn 0.0032 1.0000 -0.0070
vn 0.0018 1.0000 -0.0075
vn 0.5364 -0.0000 0.8440
vn -0.0045 1.0000 -0.0070
vn -0.0044 1.0000 -0.0066
vn -0.0045 -1.0000 -0.0070
vn -0.0044 -1.0000 -0.0066
vn -0.5510 -0.0000 -0.8345
vn 0.0079 -1.0000 -0.0045
vn 0.0092 -0.9999 -0.0061
vn -0.8669 -0.0000 0.4984
vn -0.9821 -0.0000 -0.1886
vn 0.0092 0.9999 -0.0061
vn 0.0079 1.0000 -0.0045
vn 0.5687 -0.0000 0.8225
vn 0.0348 0.9994 -0.0047
vn 0.0472 0.9985 0.0272
vn -0.0472 0.9985 -0.0272
vn 0.1617 0.8852 -0.4362
vn 0.1617 0.8852 0.4362
vn 0.1617 -0.8852 0.4362
vn 0.1740 -0.8907 0.4200
vn 0.1740 0.8907 0.4200
vn -0.1348 0.9359 0.3254
vn -0.1838 0.8977 0.4005
vn -0.5004 -0.0000 -0.8658
vn -0.1348 -0.9359 0.3254
vn -0.1838 -0.8977 0.4005
vn -0.5004 -0.0000 0.8658
vn -0.1348 -0.9359 -0.3254
vn -0.1838 -0.8977 -0.4005
vn -0.1838 0.8977 -0.4005
vn -0.1348 0.9359 -0.3254
vn 0.1740 0.8907 -0.4200
vn 0.1740 -0.8907 -0.4200
vn 0.1617 -0.8852 -0.4362
vn 0.4586 0.8852 -0.0780
vn -0.2969 0.8852 0.3582
vn -0.2969 -0.8852 0.3582
vn -0.2768 -0.8907 0.3607
vn -0.2768 0.8907 0.3607
vn -0.3492 0.9359 0.0460
vn 0.3994 -0.0000 -0.9168
vn -0.4388 0.8977 0.0410
vn 0.4996 -0.0000 -0.8663
vn -0.3492 -0.9359 0.0460
vn -0.4388 -0.8977 0.0410
vn -0.9937 -0.0000 -0.1125
vn -1.0000 -0.0000 -0.0005
vn 0.2144 -0.9359 -0.2794
vn 0.2549 -0.8977 -0.3595
vn 0.2549 0.8977 -0.3595
vn 0.4507 0.8907 -0.0593
vn 0.2144 0.9359 -0.2794
vn 0.4507 -0.8907 -0.0593
vn 0.4586 -0.8852 -0.0780
vn -0.4586 0.8852 0.0780
vn 0.2969 0.8852 -0.3582
vn 0.2969 -0.8852 -0.3582
vn 0.2768 -0.8907 -0.3607
vn 0.2768 0.8907 -0.3607
vn 0.3492 0.9359 -0.0460
vn -0.3994 -0.0000 0.9168
vn 0.4388 0.8977 -0.0410
vn -0.4996 -0.0000 0.8663
vn 0.3492 -0.9359 -0.0460
vn 0.4388 -0.8977 -0.0410
vn 0.9937 -0.0000 0.1125
vn 1.0000 -0.0000 0.0005
vn -0.2144 -0.9359 0.2794
vn -0.2549 -0.8977 0.3595
vn -0.2549 0.8977 0.3595
vn -0.4507 0.8907 0.0593
vn -0.2144 0.9359 0.2794
vn -0.4507 -0.8907 0.0593
vn -0.4586 -0.8852 0.0780
vn -0.2969 0.8852 -0.3582
vn 0.4586 0.8852 0.0780
vn 0.4586 -0.8852 0.0780
vn 0.4507 -0.8907 0.0593
vn 0.4507 0.8907 0.0593
vn 0.2144 0.9359 0.2794
vn -0.9937 -0.0000 0.1125
vn 0.2549 0.8977 0.3595
vn -1.0000 -0.0000 0.0005
vn 0.2144 -0.9359 0.2794
vn 0.2549 -0.8977 0.3595
vn 0.3994 -0.0000 0.9168
vn 0.4996 -0.0000 0.8663
vn -0.3492 -0.9359 -0.0460
vn -0.4388 -0.8977 -0.0410
vn -0.4388 0.8977 -0.0410
vn -0.2768 0.8907 -0.3607
vn -0.3492 0.9359 -0.0460
vn -0.2768 -0.8907 -0.3607
vn -0.2969 -0.8852 -0.3582
vn 0.2969 0.8852 0.3582
vn -0.4586 0.8852 -0.0780
vn -0.4586 -0.8852 -0.0780
vn -0.4507 -0.8907 -0.0593
vn -0.4507 0.8907 -0.0593
vn -0.2144 0.9359 -0.2794
vn 0.9937 -0.0000 -0.1125
vn -0.2549 0.8977 -0.3595
vn 1.0000 -0.0000 -0.0005
vn -0.2144 -0.9359 -0.2794
vn -0.2549 -0.8977 -0.3595
vn -0.3994 -0.0000 -0.9168
vn -0.4996 -0.0000 -0.8663
vn 0.3492 -0.9359 0.0460
vn 0.4388 -0.8977 0.0410
vn 0.4388 0.8977 0.0410
vn 0.2768 0.8907 0.3607
vn 0.3492 0.9359 0.0460
vn 0.2768 -0.8907 0.3607
vn 0.2969 -0.8852 0.3582
vn 0.5687 -0.0000 -0.8225
vn -0.4185 -0.0000 -0.9082
vn 0.0348 0.9994 0.0047
vn 0.0032 1.0000 0.0070
vn 0.0018 1.0000 0.0075
vn 0.0032 -1.0000 0.0070
vn 0.0018 -1.0000 0.0075
vn 0.4183 -0.0000 0.9083
vn 0.0041 -1.0000 0.0071
vn 0.5364 -0.0000 -0.8440
vn -0.0045 -1.0000 0.0070
vn -0.0044 -1.0000 0.0066
vn 0.0041 1.0000 0.0071
vn -0.0045 1.0000 0.0070
vn -0.0044 1.0000 0.0066
vn -0.5510 -0.0000 0.8345
vn 0.0079 1.0000 0.0045
vn 0.0092 0.9999 0.0061
vn -0.9821 -0.0000 0.1886
vn -0.8669 -0.0000 -0.4984
vn 0.0092 -0.9999 0.0061
vn 0.0079 -1.0000 0.0045
vn -0.5502 -0.0000 0.8351
vn 0.0348 -0.9994 0.0047
vn 0.0472 -0.9985 -0.0272
vn 0.9983 -0.0000 -0.0589
vn -0.0472 -0.9985 0.0272
vn -0.0133 -0.9994 0.0325
vn 0.0045 -1.0000 0.0063
vn 0.5774 -0.0000 0.8164
vn 0.0044 -1.0000 0.0063
vn -0.5773 -0.0000 -0.8165
vn 0.0056 -1.0000 0.0053
vn 0.0044 1.0000 0.0063
vn 0.0045 1.0000 0.0063
vn 0.0056 1.0000 0.0053
vn -0.9991 -0.0000 0.0426
vn 0.0083 1.0000 -0.0004
vn 0.0079 1.0000 -0.0005
vn 0.0083 -1.0000 -0.0004
vn 0.0080 -1.0000 -0.0005
vn 0.9982 -0.0000 -0.0599
vn -0.0000 -1.0000 0.0091
vn 0.0007 -0.9999 0.0110
vn 0.6543 -0.0000 -0.7562
vn 0.0018 -0.0000 -1.0000
vn 0.0007 0.9999 0.0110
vn -0.0000 1.0000 0.0091
vn -0.9967 -0.0000 0.0813
vn -0.0133 0.9994 0.0325
vn -0.0472 0.9985 0.0272
vn 0.0472 0.9985 -0.0272
vn -0.4280 -0.0000 -0.9038
vn -0.9958 -0.0000 -0.0917
vn 0.0215 0.9994 -0.0277
vn 0.0077 1.0000 0.0007
vn 0.0074 1.0000 0.0022
vn 0.0077 -1.0000 0.0007
vn 0.0074 -1.0000 0.0022
vn 0.9958 -0.0000 0.0919
vn 0.0082 -1.0000 -0.0000
vn -0.4627 -0.0000 -0.8865
vn 0.0039 -1.0000 0.0074
vn 0.0036 -1.0000 0.0071
vn 0.4472 -0.0000 0.8944
vn 0.0099 -0.9999 -0.0049
vn 0.0079 -1.0000 -0.0046
vn 0.0099 0.9999 -0.0049
vn -0.3277 -0.0000 0.9448
vn 0.0079 1.0000 -0.0046
vn -0.8651 -0.0000 0.5016
vn 0.0039 1.0000 0.0074
vn 0.0036 1.0000 0.0071
vn 0.0082 1.0000 -0.0000
vn 0.4481 -0.0000 0.8940
vn -0.0000 -0.9985 -0.0545
vn 0.0215 -0.9994 -0.0277
vn -0.0000 -0.9985 0.0545
vn -0.4280 -0.0000 0.9038
vn 0.0215 -0.9994 0.0277
vn -0.9958 -0.0000 0.0917
vn 0.0077 -1.0000 -0.0007
vn 0.0074 -1.0000 -0.0022
vn 0.0074 1.0000 -0.0022
vn 0.0081 1.0000 -0.0000
vn -0.4627 -0.0000 0.8865
vn 0.0039 1.0000 -0.0074
vn 0.0036 1.0000 -0.0071
vn 0.4472 -0.0000 -0.8944
vn 0.0099 0.9999 0.0049
vn 0.0079 1.0000 0.0046
vn 0.0099 -0.9999 0.0049
vn -0.3277 -0.0000 -0.9448
vn 0.0079 -1.0000 0.0046
vn -0.8651 -0.0000 -0.5016
vn 0.0039 -1.0000 -0.0074
vn 0.0036 -1.0000 -0.0071
vn 0.0077 1.0000 -0.0007
vn 0.9958 -0.0000 -0.0919
vn 0.0215 0.9994 0.0278
vn -0.0000 0.9985 0.0545
vn 0.4481 -0.0000 -0.8940
vn -0.0000 0.9985 -0.0545
vn -0.5687 -0.0000 0.8225
vn 0.4185 -0.0000 0.9082
vn -0.0348 0.9994 -0.0047
vn -0.0032 1.0000 -0.0070
vn -0.0018 1.0000 -0.0075
vn -0.0032 -1.0000 -0.0070
vn -0.0017 -1.0000 -0.0075
vn -0.0018 -1.0000 -0.0075
vn -0.4183 -0.0000 -0.9083
vn -0.0041 -1.0000 -0.0071
vn -0.5364 -0.0000 0.8440
vn 0.0045 -1.0000 -0.0070
vn 0.0044 -1.0000 -0.0066
vn 0.5510 -0.0000 -0.8345
vn -0.0092 -0.9999 -0.0061
vn -0.0079 -1.0000 -0.0045
vn -0.0041 1.0000 -0.0071
vn 0.0044 1.0000 -0.0066
vn -0.0092 0.9999 -0.0061
vn 0.9821 -0.0000 -0.1886
vn -0.0079 1.0000 -0.0045
vn 0.8669 -0.0000 0.4984
vn 0.0045 1.0000 -0.0070
vn 0.5502 -0.0000 -0.8351
vn -0.0348 -0.9994 -0.0047
vn 0.9967 -0.0000 -0.0813
vn 0.0133 -0.9994 -0.0325
vn 0.5773 -0.0000 0.8165
vn -0.0044 -1.0000 -0.0063
vn -0.0045 -1.0000 -0.0063
vn -0.0056 -1.0000 -0.0053
vn -0.0056 1.0000 -0.0053
vn 0.9991 -0.0000 -0.0426
vn -0.0083 1.0000 0.0004
vn -0.0080 1.0000 0.0005
vn -0.9982 -0.0000 0.0599
vn -0.0007 0.9999 -0.0110
vn -0.0083 -1.0000 0.0004
vn -0.0007 -0.9999 -0.0110
vn -0.0079 -1.0000 0.0005
vn -0.6543 -0.0000 0.7562
vn -0.0018 -0.0000 1.0000
vn -0.0045 1.0000 -0.0063
vn -0.5774 -0.0000 -0.8164
vn 0.0133 0.9994 -0.0325
vn -0.9983 -0.0000 0.0589
vn -0.0044 1.0000 -0.0063
vn 0.9967 -0.0000 0.0813
vn 0.5773 -0.0000 -0.8165
vn 0.0133 0.9994 0.0325
vn -0.0044 1.0000 0.0063
vn -0.0045 1.0000 0.0063
vn -0.0056 1.0000 0.0053
vn -0.0044 -1.0000 0.0063
vn -0.0045 -1.0000 0.0063
vn -0.0056 -1.0000 0.0053
vn -0.5774 -0.0000 0.8164
vn -0.0041 -1.0000 0.0071
vn -0.0041 1.0000 0.0071
vn -0.0083 1.0000 -0.0004
vn 0.9991 -0.0000 0.0426
vn -0.0080 1.0000 -0.0005
vn -0.9982 -0.0000 -0.0599
vn -0.0080 -1.0000 -0.0005
vn -0.0083 -1.0000 -0.0004
vn -0.0007 -0.9999 0.0110
vn -0.0018 -0.0000 -1.0000
vn -0.6543 -0.0000 -0.7562
vn -0.0007 0.9999 0.0110
vn -0.9983 -0.0000 -0.0589
vn 0.0133 -0.9994 0.0325
vn 0.5502 -0.0000 0.8351
vn -0.0348 -0.9994 0.0047
vn -0.0032 -1.0000 0.0070
vn -0.4183 -0.0000 0.9083
vn 0.4185 -0.0000 -0.9082
vn -0.0017 -1.0000 0.0075
vn -0.0032 1.0000 0.0070
vn -0.0018 1.0000 0.0075
vn -0.5364 -0.0000 -0.8440
vn 0.0045 1.0000 0.0070
vn 0.0044 1.0000 0.0066
vn 0.0045 -1.0000 0.0070
vn 0.0044 -1.0000 0.0066
vn 0.5510 -0.0000 0.8345
vn -0.0079 -1.0000 0.0045
vn -0.0092 -0.9999 0.0061
vn 0.8669 -0.0000 -0.4984
vn 0.9821 -0.0000 0.1886
vn -0.0092 0.9999 0.0061
vn -0.0079 1.0000 0.0045
vn -0.5687 -0.0000 -0.8225
vn -0.0348 0.9994 0.0047
vn 0.4280 -0.0000 0.9038
vn 0.9958 -0.0000 0.0917
vn -0.0215 0.9994 0.0277
vn -0.0077 1.0000 -0.0007
vn -0.0074 1.0000 -0.0022
vn -0.0077 -1.0000 -0.0007
vn -0.0074 -1.0000 -0.0022
vn -0.9958 -0.0000 -0.0919
vn -0.0082 -1.0000 -0.0000
vn -0.0082 1.0000 -0.0000
vn -0.0039 1.0000 -0.0074
vn 0.4627 -0.0000 0.8865
vn -0.0036 1.0000 -0.0071
vn -0.4472 -0.0000 -0.8944
vn -0.0036 -1.0000 -0.0071
vn -0.0039 -1.0000 -0.0074
vn -0.0099 -0.9999 0.0049
vn -0.0079 -1.0000 0.0046
vn 0.8651 -0.0000 -0.5016
vn -0.0079 1.0000 0.0046
vn -0.0099 0.9999 0.0049
vn 0.3277 -0.0000 -0.9448
vn -0.4481 -0.0000 -0.8940
vn -0.0215 -0.9994 0.0277
vn -0.4481 -0.0000 0.8940
vn -0.0215 -0.9994 -0.0277
vn -0.0077 -1.0000 0.0007
vn -0.9958 -0.0000 0.0919
vn -0.0077 1.0000 0.0007
vn -0.0074 1.0000 0.0022
vn -0.0074 -1.0000 0.0022
vn -0.0081 -1.0000 -0.0000
vn 0.4627 -0.0000 -0.8865
vn -0.0039 -1.0000 0.0074
vn -0.0036 -1.0000 0.0071
vn -0.0079 -1.0000 -0.0046
vn -0.0099 -0.9999 -0.0049
vn -0.4472 -0.0000 0.8944
vn -0.0036 1.0000 0.0071
vn -0.0039 1.0000 0.0074
vn -0.0099 0.9999 -0.0049
vn -0.0079 1.0000 -0.0046
vn 0.3277 -0.0000 0.9448
vn 0.8651 -0.0000 0.5016
vn 0.9958 -0.0000 -0.0917
vn 0.4280 -0.0000 -0.9038
vn -0.0215 0.9994 -0.0278
vn -0.1617 0.8852 0.4362
vn -0.1617 0.8852 -0.4362
vn -0.1617 -0.8852 -0.4362
vn -0.1740 -0.8907 -0.4200
vn -0.1740 0.8907 -0.4200
vn 0.1348 0.9359 -0.3254
vn 0.1838 0.8977 -0.4005
vn 0.5004 -0.0000 0.8658
vn 0.1348 -0.9359 -0.3254
vn 0.1838 -0.8977 -0.4005
vn 0.5004 -0.0000 -0.8658
vn 0.1348 -0.9359 0.3254
vn 0.1838 -0.8977 0.4005
vn 0.1838 0.8977 0.4005
vn -0.1740 0.8907 0.4200
vn 0.1348 0.9359 0.3254
vn -0.1740 -0.8907 0.4200
vn -0.1617 -0.8852 0.4362
vn 0.3995 -0.0000 -0.9167
vn -0.0024 -1.0000 -0.0021
vn 0.7512 -0.0000 0.6601
vn -0.0029 1.0000 -0.0022
vn -0.0006 -1.0000 0.0032
vn -0.0005 1.0000 0.0036
vn 0.0006 1.0000 0.0032
vn 0.0005 -1.0000 0.0036
vn -0.0031 -1.0000 0.0010
vn -0.0034 1.0000 0.0014
vn -0.0024 1.0000 0.0021
vn 0.7511 -0.0000 -0.6601
vn -0.0029 -1.0000 0.0022
vn 0.0031 -1.0000 -0.0010
vn 0.0034 1.0000 -0.0014
vn 0.0024 1.0000 -0.0021
vn 0.0029 -1.0000 -0.0022
vn -0.0031 1.0000 -0.0010
vn -0.0034 -1.0000 -0.0014
vn 0.0024 -1.0000 0.0021
vn 0.0029 1.0000 0.0022
vn 0.0031 1.0000 0.0010
vn 0.0034 -1.0000 0.0014
vn 0.0006 -1.0000 -0.0032
vn 0.0005 1.0000 -0.0036
vn -0.0006 1.0000 -0.0032
vn -0.0005 -1.0000 -0.0036
vt 0.370420 0.485180
vt 0.384520 0.477040
vt 0.370420 0.468890
vt 0.382570 0.477040
vt 0.371400 0.483490
vt 0.371400 0.470590
vt 0.552780 0.379890
vt 0.538680 0.371750
vt 0.538680 0.388030
vt 0.539650 0.386340
vt 0.550820 0.379890
vt 0.539650 0.373450
vt 0.533980 0.379890
vt 0.548080 0.388030
vt 0.548080 0.371750
vt 0.547100 0.386340
vt 0.535930 0.379890
vt 0.547100 0.373450
vt 0.604160 0.468890
vt 0.590060 0.477040
vt 0.604160 0.485180
vt 0.592020 0.477040
vt 0.603190 0.470590
vt 0.603190 0.483490
vt 0.594760 0.468890
vt 0.594760 0.485180
vt 0.608860 0.477040
vt 0.595740 0.483490
vt 0.595740 0.470590
vt 0.606910 0.477040
vt 0.379820 0.485180
vt 0.379820 0.468890
vt 0.365720 0.477040
vt 0.378850 0.470590
vt 0.378850 0.483490
vt 0.367680 0.477040
vt 0.421810 0.379890
vt 0.435910 0.388030
vt 0.435910 0.371750
vt 0.434930 0.386340
vt 0.423760 0.379890
vt 0.434930 0.373450
vt 0.426510 0.388030
vt 0.440610 0.379890
vt 0.426510 0.371750
vt 0.438650 0.379890
vt 0.427480 0.386340
vt 0.427480 0.373450
vt 0.552780 0.574180
vt 0.538680 0.566040
vt 0.538680 0.582320
vt 0.539650 0.567730
vt 0.550820 0.574180
vt 0.539650 0.580630
vt 0.548080 0.566040
vt 0.533980 0.574180
vt 0.548080 0.582320
vt 0.535930 0.574180
vt 0.547100 0.567730
vt 0.547100 0.580630
vt 0.435910 0.582320
vt 0.435910 0.566040
vt 0.421810 0.574180
vt 0.434930 0.567730
vt 0.434930 0.580630
vt 0.423760 0.574180
vt 0.440610 0.574180
vt 0.426510 0.566040
vt 0.426510 0.582320
vt 0.427480 0.567730
vt 0.438650 0.574180
vt 0.427480 0.580630
vt 0.413540 0.429480
vt 0.417340 0.423360
vt 0.411920 0.427580
vt 0.415450 0.421910
vt 0.427590 0.408950
vt 0.429160 0.410750
vt 0.411930 0.427580
vt 0.431450 0.406360
vt 0.431630 0.401820
vt 0.433880 0.400160
vt 0.440000 0.403560
vt 0.432890 0.408250
vt 0.441460 0.401880
vt 0.442710 0.403900
vt 0.441300 0.405540
vt 0.443300 0.400850
vt 0.442120 0.398790
vt 0.445120 0.399770
vt 0.446240 0.401860
vt 0.448370 0.401460
vt 0.447300 0.399340
vt 0.454920 0.395530
vt 0.454000 0.393340
vt 0.449990 0.391220
vt 0.458180 0.391290
vt 0.458950 0.393550
vt 0.447410 0.392340
vt 0.475470 0.387260
vt 0.475780 0.389620
vt 0.482140 0.387040
vt 0.482150 0.387040
vt 0.482980 0.389390
vt 0.484610 0.385940
vt 0.483780 0.383580
vt 0.484620 0.385930
vt 0.482990 0.389390
vt 0.408120 0.427270
vt 0.409730 0.429170
vt 0.409230 0.517130
vt 0.405840 0.510780
vt 0.406780 0.517580
vt 0.403630 0.511690
vt 0.398480 0.494700
vt 0.400820 0.494240
vt 0.398160 0.490060
vt 0.394320 0.487640
vt 0.394010 0.484850
vt 0.400010 0.481260
vt 0.400520 0.489760
vt 0.399290 0.479150
vt 0.401660 0.479080
vt 0.402380 0.481120
vt 0.399320 0.477040
vt 0.396940 0.477040
vt 0.399290 0.474930
vt 0.401660 0.475000
vt 0.402380 0.472960
vt 0.400010 0.472820
vt 0.400520 0.464320
vt 0.398160 0.464020
vt 0.394320 0.466440
vt 0.398480 0.459370
vt 0.400820 0.459840
vt 0.394010 0.469220
vt 0.403630 0.442380
vt 0.405840 0.443300
vt 0.406780 0.436500
vt 0.409230 0.436950
vt 0.407060 0.433800
vt 0.404600 0.433350
vt 0.409230 0.436940
vt 0.404600 0.520720
vt 0.407060 0.520270
vt 0.482980 0.564680
vt 0.482990 0.564680
vt 0.475780 0.564450
vt 0.482150 0.567030
vt 0.475470 0.566820
vt 0.458180 0.562790
vt 0.458950 0.560520
vt 0.482140 0.567030
vt 0.454000 0.560740
vt 0.449990 0.562850
vt 0.447410 0.561730
vt 0.447300 0.554740
vt 0.454920 0.558540
vt 0.445120 0.554310
vt 0.446240 0.552220
vt 0.448370 0.552610
vt 0.443300 0.553230
vt 0.442120 0.555280
vt 0.441460 0.552200
vt 0.442710 0.550180
vt 0.441300 0.548530
vt 0.440000 0.550520
vt 0.432890 0.545820
vt 0.431450 0.547710
vt 0.431630 0.552250
vt 0.427590 0.545120
vt 0.429160 0.543320
vt 0.433880 0.553920
vt 0.415450 0.532160
vt 0.417340 0.530710
vt 0.411930 0.526490
vt 0.411920 0.526490
vt 0.413540 0.524600
vt 0.409730 0.524910
vt 0.408120 0.526800
vt 0.408120 0.526810
vt 0.409730 0.524900
vt 0.413540 0.524590
vt 0.483780 0.570490
vt 0.484610 0.568140
vt 0.484620 0.568140
vt 0.565350 0.436950
vt 0.565350 0.436940
vt 0.568750 0.443300
vt 0.567810 0.436500
vt 0.570950 0.442380
vt 0.576110 0.459370
vt 0.573760 0.459840
vt 0.576420 0.464020
vt 0.580260 0.466440
vt 0.580580 0.469220
vt 0.574580 0.472820
vt 0.574060 0.464320
vt 0.575300 0.474930
vt 0.572920 0.475000
vt 0.572200 0.472960
vt 0.575270 0.477040
vt 0.577640 0.477040
vt 0.575300 0.479150
vt 0.572920 0.479080
vt 0.572200 0.481120
vt 0.574580 0.481260
vt 0.574060 0.489760
vt 0.576420 0.490060
vt 0.580260 0.487640
vt 0.576110 0.494700
vt 0.573760 0.494240
vt 0.580580 0.484850
vt 0.570950 0.511690
vt 0.568750 0.510780
vt 0.567810 0.517580
vt 0.565350 0.517130
vt 0.567530 0.520270
vt 0.569980 0.520720
vt 0.567520 0.520270
vt 0.569980 0.433350
vt 0.567530 0.433800
vt 0.567520 0.433800
vt 0.561040 0.524600
vt 0.561040 0.524590
vt 0.557240 0.530710
vt 0.562660 0.526490
vt 0.559130 0.532160
vt 0.547000 0.545120
vt 0.545420 0.543320
vt 0.543130 0.547710
vt 0.542960 0.552250
vt 0.540700 0.553920
vt 0.534590 0.550520
vt 0.541690 0.545820
vt 0.533120 0.552200
vt 0.531880 0.550180
vt 0.533280 0.548530
vt 0.531280 0.553230
vt 0.532470 0.555280
vt 0.529470 0.554310
vt 0.528340 0.552220
vt 0.526210 0.552610
vt 0.527280 0.554740
vt 0.519660 0.558540
vt 0.520580 0.560740
vt 0.524600 0.562850
vt 0.516400 0.562790
vt 0.515630 0.560520
vt 0.527170 0.561730
vt 0.499110 0.566820
vt 0.498800 0.564450
vt 0.492440 0.567030
vt 0.491600 0.564680
vt 0.489970 0.568140
vt 0.490810 0.570490
vt 0.489960 0.568140
vt 0.566470 0.526800
vt 0.564850 0.524910
vt 0.566470 0.526810
vt 0.564850 0.524900
vt 0.491600 0.389390
vt 0.498800 0.389620
vt 0.492440 0.387040
vt 0.499110 0.387260
vt 0.516400 0.391290
vt 0.515630 0.393550
vt 0.520580 0.393340
vt 0.524600 0.391220
vt 0.527170 0.392340
vt 0.527280 0.399340
vt 0.519660 0.395530
vt 0.529470 0.399770
vt 0.528340 0.401860
vt 0.526210 0.401460
vt 0.531280 0.400850
vt 0.532470 0.398790
vt 0.533120 0.401880
vt 0.531880 0.403900
vt 0.533280 0.405540
vt 0.534590 0.403560
vt 0.541690 0.408250
vt 0.543130 0.406360
vt 0.542960 0.401820
vt 0.547000 0.408950
vt 0.545420 0.410750
vt 0.540700 0.400160
vt 0.559130 0.421910
vt 0.557240 0.423360
vt 0.562660 0.427580
vt 0.561040 0.429480
vt 0.564850 0.429170
vt 0.566470 0.427270
vt 0.490800 0.383580
vt 0.489970 0.385940
vt 0.490810 0.383580
vt 0.489960 0.385930
vt 0.414600 0.450230
vt 0.414290 0.452470
vt 0.422020 0.450020
vt 0.423200 0.452470
vt 0.429610 0.451940
vt 0.432820 0.455140
vt 0.515540 0.543240
vt 0.518260 0.541790
vt 0.519250 0.544040
vt 0.518240 0.541800
vt 0.516480 0.545520
vt 0.503120 0.547010
vt 0.519230 0.544050
vt 0.503600 0.549430
vt 0.444080 0.419470
vt 0.446700 0.417840
vt 0.445240 0.415860
vt 0.446680 0.417860
vt 0.442580 0.417520
vt 0.432760 0.426720
vt 0.434610 0.428340
vt 0.445230 0.415870
vt 0.459040 0.410830
vt 0.456320 0.412280
vt 0.455340 0.410030
vt 0.456350 0.412270
vt 0.458100 0.408550
vt 0.471460 0.407070
vt 0.455350 0.410020
vt 0.470980 0.404650
vt 0.500420 0.400680
vt 0.502520 0.401530
vt 0.496530 0.407000
vt 0.494390 0.414540
vt 0.498060 0.409250
vt 0.495560 0.418920
vt 0.474160 0.400680
vt 0.472070 0.401530
vt 0.478050 0.407000
vt 0.476520 0.409250
vt 0.480190 0.414540
vt 0.479020 0.418920
vt 0.415830 0.485680
vt 0.415730 0.482590
vt 0.413290 0.482860
vt 0.415730 0.482620
vt 0.413390 0.486000
vt 0.416440 0.499100
vt 0.418780 0.498310
vt 0.413290 0.482880
vt 0.415830 0.468400
vt 0.415730 0.471480
vt 0.413290 0.471210
vt 0.415730 0.471450
vt 0.413390 0.468080
vt 0.416440 0.454970
vt 0.418780 0.455760
vt 0.413290 0.471190
vt 0.427730 0.427480
vt 0.429510 0.426100
vt 0.431260 0.434010
vt 0.433970 0.433810
vt 0.436720 0.439640
vt 0.441090 0.440810
vt 0.459040 0.543240
vt 0.456320 0.541790
vt 0.455340 0.544040
vt 0.456350 0.541800
vt 0.458100 0.545520
vt 0.470980 0.549430
vt 0.471460 0.547010
vt 0.455350 0.544050
vt 0.444080 0.534600
vt 0.446700 0.536230
vt 0.445240 0.538210
vt 0.446680 0.536220
vt 0.442580 0.536560
vt 0.432760 0.527360
vt 0.434610 0.525730
vt 0.445230 0.538200
vt 0.414600 0.503840
vt 0.414290 0.501610
vt 0.422020 0.504050
vt 0.429610 0.502140
vt 0.423200 0.501600
vt 0.432820 0.498940
vt 0.427730 0.526590
vt 0.429510 0.527980
vt 0.431260 0.520060
vt 0.436720 0.514440
vt 0.433970 0.520260
vt 0.441090 0.513260
vt 0.530500 0.534600
vt 0.527890 0.536230
vt 0.529340 0.538210
vt 0.527910 0.536220
vt 0.532000 0.536560
vt 0.541830 0.527360
vt 0.539970 0.525730
vt 0.529360 0.538200
vt 0.474160 0.553400
vt 0.472070 0.552550
vt 0.478050 0.547070
vt 0.476520 0.544830
vt 0.480190 0.539540
vt 0.479020 0.535160
vt 0.500420 0.553400
vt 0.502520 0.552550
vt 0.496530 0.547070
vt 0.498060 0.544830
vt 0.494390 0.539540
vt 0.495560 0.535160
vt 0.515540 0.410830
vt 0.518260 0.412280
vt 0.519250 0.410030
vt 0.518240 0.412270
vt 0.516480 0.408550
vt 0.503600 0.404650
vt 0.503120 0.407070
vt 0.519230 0.410020
vt 0.530500 0.419470
vt 0.527890 0.417840
vt 0.529340 0.415860
vt 0.527910 0.417860
vt 0.532000 0.417520
vt 0.541830 0.426720
vt 0.539970 0.428340
vt 0.529360 0.415870
vt 0.559990 0.450230
vt 0.560300 0.452470
vt 0.552570 0.450020
vt 0.544970 0.451940
vt 0.551380 0.452470
vt 0.541760 0.455140
vt 0.546860 0.427480
vt 0.545070 0.426100
vt 0.543330 0.434010
vt 0.537870 0.439640
vt 0.540610 0.433810
vt 0.533490 0.440810
vt 0.558750 0.468400
vt 0.558850 0.471480
vt 0.561300 0.471210
vt 0.558850 0.471450
vt 0.561200 0.468080
vt 0.558140 0.454970
vt 0.555810 0.455760
vt 0.561300 0.471190
vt 0.558750 0.485680
vt 0.558850 0.482590
vt 0.561300 0.482860
vt 0.558850 0.482620
vt 0.561200 0.486000
vt 0.558140 0.499100
vt 0.555810 0.498310
vt 0.561300 0.482880
vt 0.546860 0.526590
vt 0.545070 0.527980
vt 0.543330 0.520060
vt 0.540610 0.520260
vt 0.537870 0.514440
vt 0.533490 0.513260
vt 0.559990 0.503840
vt 0.560300 0.501610
vt 0.552570 0.504050
vt 0.551380 0.501600
vt 0.544970 0.502140
vt 0.541760 0.498940
vt 0.685480 0.703030
vt 0.705220 0.681950
vt 0.711120 0.687500
vt 0.714950 0.670890
vt 0.724460 0.670180
vt 0.690850 0.709150
vt 0.664820 0.727800
vt 0.664760 0.727850
vt 0.658420 0.722420
vt 0.658470 0.722380
vt 0.583910 0.192400
vt 0.555790 0.185850
vt 0.557650 0.177960
vt 0.541340 0.182960
vt 0.535970 0.175070
vt 0.586530 0.184700
vt 0.615690 0.197910
vt 0.615770 0.197940
vt 0.614240 0.206140
vt 0.614180 0.206120
vt 0.540190 0.134250
vt 0.516780 0.071830
vt 0.508980 0.071830
vt 0.547990 0.134250
vt 0.390670 0.192400
vt 0.418790 0.185850
vt 0.416940 0.177960
vt 0.433240 0.182960
vt 0.438610 0.175070
vt 0.388060 0.184700
vt 0.358890 0.197910
vt 0.358820 0.197940
vt 0.360340 0.206140
vt 0.360400 0.206120
vt 0.434390 0.134250
vt 0.457800 0.071830
vt 0.465610 0.071830
vt 0.426590 0.134250
vt 0.782100 0.418400
vt 0.773720 0.390770
vt 0.781480 0.388430
vt 0.769000 0.376810
vt 0.773140 0.368210
vt 0.790090 0.416810
vt 0.793220 0.448670
vt 0.793230 0.448750
vt 0.785370 0.451530
vt 0.785360 0.451460
vt 0.810600 0.351450
vt 0.852960 0.299970
vt 0.849060 0.293210
vt 0.814500 0.358210
vt 0.685480 0.251040
vt 0.705220 0.272120
vt 0.711120 0.266570
vt 0.714950 0.283190
vt 0.724460 0.283900
vt 0.690850 0.244930
vt 0.664820 0.226280
vt 0.664760 0.226230
vt 0.658420 0.231650
vt 0.658470 0.231690
vt 0.757700 0.259830
vt 0.823470 0.248890
vt 0.827370 0.255650
vt 0.753800 0.253080
vt 0.192480 0.535680
vt 0.200860 0.563310
vt 0.193110 0.565640
vt 0.205590 0.577270
vt 0.201440 0.585860
vt 0.184500 0.537270
vt 0.181360 0.505400
vt 0.181350 0.505320
vt 0.189220 0.502540
vt 0.189230 0.502610
vt 0.163980 0.602620
vt 0.121620 0.654110
vt 0.125530 0.660860
vt 0.160080 0.595860
vt 0.289100 0.703030
vt 0.269360 0.681950
vt 0.263460 0.687500
vt 0.259640 0.670890
vt 0.250120 0.670180
vt 0.283740 0.709150
vt 0.309760 0.727800
vt 0.309830 0.727850
vt 0.316170 0.722420
vt 0.316110 0.722380
vt 0.216880 0.694240
vt 0.151110 0.705180
vt 0.147210 0.698420
vt 0.220780 0.701000
vt 0.757700 0.694240
vt 0.823470 0.705180
vt 0.827370 0.698420
vt 0.753800 0.701000
vt 0.782100 0.535680
vt 0.773720 0.563310
vt 0.781480 0.565640
vt 0.769000 0.577270
vt 0.773140 0.585860
vt 0.790090 0.537270
vt 0.793220 0.505400
vt 0.793230 0.505320
vt 0.785370 0.502540
vt 0.785360 0.502610
vt 0.810600 0.602620
vt 0.852960 0.654110
vt 0.849060 0.660860
vt 0.814500 0.595860
vt 0.289100 0.251040
vt 0.269360 0.272120
vt 0.263460 0.266570
vt 0.259640 0.283190
vt 0.250120 0.283900
vt 0.283740 0.244930
vt 0.309760 0.226280
vt 0.309830 0.226230
vt 0.316170 0.231650
vt 0.316110 0.231690
vt 0.216880 0.259830
vt 0.151110 0.248890
vt 0.147210 0.255650
vt 0.220780 0.253080
vt 0.192480 0.418400
vt 0.200860 0.390770
vt 0.193110 0.388430
vt 0.205590 0.376810
vt 0.201440 0.368210
vt 0.184500 0.416810
vt 0.181360 0.448670
vt 0.181350 0.448750
vt 0.189220 0.451530
vt 0.189230 0.451460
vt 0.163980 0.351450
vt 0.121620 0.299970
vt 0.125530 0.293210
vt 0.160080 0.358210
vt 0.390670 0.761670
vt 0.418790 0.768230
vt 0.416940 0.776110
vt 0.433240 0.771120
vt 0.438610 0.779000
vt 0.388060 0.769380
vt 0.358890 0.756160
vt 0.358820 0.756130
vt 0.360340 0.747930
vt 0.360400 0.747960
vt 0.434390 0.819820
vt 0.457800 0.882250
vt 0.465610 0.882250
vt 0.426590 0.819820
vt 0.583910 0.761670
vt 0.555790 0.768230
vt 0.557650 0.776110
vt 0.541340 0.771120
vt 0.535970 0.779000
vt 0.586530 0.769380
vt 0.615690 0.756160
vt 0.615770 0.756130
vt 0.614240 0.747930
vt 0.614180 0.747960
vt 0.540190 0.819820
vt 0.516780 0.882250
vt 0.508980 0.882250
vt 0.547990 0.819820
vt 0.781930 0.616400
vt 0.785760 0.609760
vt 0.797970 0.636500
vt 0.807060 0.635120
vt 0.815200 0.655800
vt 0.806060 0.671630
vt 0.780730 0.666360
vt 0.755300 0.662520
vt 0.718860 0.610730
vt 0.751470 0.669160
vt 0.784080 0.674930
vt 0.851550 0.687340
vt 0.816580 0.682130
vt 0.876430 0.701710
vt 0.829550 0.659660
vt 0.219280 0.662520
vt 0.223110 0.669160
vt 0.193850 0.666360
vt 0.190500 0.674930
vt 0.168530 0.671630
vt 0.159390 0.655800
vt 0.176610 0.636500
vt 0.192650 0.616400
vt 0.255720 0.610730
vt 0.188820 0.609760
vt 0.167520 0.635120
vt 0.123030 0.687340
vt 0.145030 0.659660
vt 0.098150 0.701700
vt 0.158000 0.682130
vt 0.755300 0.291550
vt 0.751470 0.284910
vt 0.780730 0.287710
vt 0.784080 0.279150
vt 0.806060 0.282440
vt 0.815200 0.298270
vt 0.797970 0.317570
vt 0.781930 0.337670
vt 0.718860 0.343340
vt 0.785760 0.344310
vt 0.807060 0.318950
vt 0.851550 0.266730
vt 0.829550 0.294410
vt 0.876430 0.252370
vt 0.816580 0.271940
vt 0.192650 0.337670
vt 0.188820 0.344310
vt 0.176610 0.317570
vt 0.167520 0.318950
vt 0.159380 0.298270
vt 0.168530 0.282440
vt 0.193850 0.287710
vt 0.219280 0.291550
vt 0.255720 0.343340
vt 0.223110 0.284910
vt 0.190500 0.279150
vt 0.123030 0.266730
vt 0.158000 0.271940
vt 0.098150 0.252370
vt 0.145030 0.294410
vt 0.460660 0.152190
vt 0.453000 0.152190
vt 0.470060 0.128250
vt 0.464310 0.121070
vt 0.478150 0.103680
vt 0.496430 0.103680
vt 0.504530 0.128250
vt 0.513920 0.152190
vt 0.487290 0.209640
vt 0.521580 0.152190
vt 0.510270 0.121070
vt 0.487290 0.056430
vt 0.500260 0.089320
vt 0.487290 0.027700
vt 0.474320 0.089320
vt 0.513920 0.801890
vt 0.521580 0.801890
vt 0.504530 0.825820
vt 0.510280 0.833010
vt 0.496430 0.850390
vt 0.478150 0.850390
vt 0.470060 0.825820
vt 0.460660 0.801890
vt 0.487290 0.744430
vt 0.453000 0.801890
vt 0.464310 0.833010
vt 0.487290 0.897650
vt 0.474320 0.864760
vt 0.487290 0.926370
vt 0.500260 0.864760
vt 0.343200 0.710130
vt 0.341630 0.729330
vt 0.305960 0.683810
vt 0.339100 0.712910
vt 0.302890 0.687300
vt 0.276660 0.659290
vt 0.280160 0.656260
vt 0.270030 0.650410
vt 0.270710 0.634340
vt 0.266270 0.638280
vt 0.265400 0.652790
vt 0.251750 0.637400
vt 0.255260 0.634370
vt 0.337730 0.736090
vt 0.357120 0.723310
vt 0.357470 0.718380
vt 0.398890 0.737460
vt 0.397400 0.741860
vt 0.435640 0.746030
vt 0.434770 0.750580
vt 0.445780 0.751880
vt 0.446030 0.757080
vt 0.459350 0.743260
vt 0.458170 0.749070
vt 0.466180 0.761200
vt 0.467050 0.756650
vt 0.140390 0.477040
vt 0.155440 0.484690
vt 0.157590 0.483410
vt 0.157590 0.470660
vt 0.155440 0.469390
vt 0.134800 0.477040
vt 0.172980 0.464280
vt 0.173910 0.461730
vt 0.179740 0.477040
vt 0.188370 0.470660
vt 0.190580 0.469390
vt 0.188370 0.483410
vt 0.172980 0.489790
vt 0.190580 0.484690
vt 0.173910 0.492340
vt 0.316920 0.194690
vt 0.327960 0.188320
vt 0.313840 0.176610
vt 0.314740 0.193470
vt 0.327990 0.185820
vt 0.311050 0.171770
vt 0.341180 0.198460
vt 0.343850 0.197990
vt 0.333520 0.210690
vt 0.343350 0.214980
vt 0.345560 0.216250
vt 0.332310 0.221350
vt 0.319090 0.211210
vt 0.332310 0.223900
vt 0.317350 0.213290
vt 0.657670 0.759380
vt 0.646620 0.765760
vt 0.660740 0.777460
vt 0.659840 0.760600
vt 0.646590 0.768260
vt 0.663540 0.782300
vt 0.633410 0.755610
vt 0.630730 0.756080
vt 0.641070 0.743380
vt 0.631230 0.739100
vt 0.629020 0.737820
vt 0.642270 0.732720
vt 0.655490 0.742860
vt 0.642270 0.730170
vt 0.657240 0.740780
vt 0.327960 0.765760
vt 0.316920 0.759380
vt 0.313840 0.777460
vt 0.327990 0.768260
vt 0.314740 0.760600
vt 0.311050 0.782300
vt 0.319090 0.742860
vt 0.317350 0.740780
vt 0.333520 0.743380
vt 0.332310 0.732720
vt 0.332310 0.730170
vt 0.343350 0.739100
vt 0.341180 0.755610
vt 0.345560 0.737820
vt 0.343850 0.756080
vt 0.646620 0.188310
vt 0.657670 0.194690
vt 0.660740 0.176610
vt 0.646590 0.185820
vt 0.659840 0.193470
vt 0.663540 0.171770
vt 0.655490 0.211210
vt 0.657240 0.213290
vt 0.641070 0.210690
vt 0.642270 0.221350
vt 0.642270 0.223900
vt 0.631230 0.214980
vt 0.633410 0.198460
vt 0.629020 0.216250
vt 0.630730 0.197990
vt 0.357470 0.235700
vt 0.341630 0.224740
vt 0.398890 0.216610
vt 0.357120 0.230760
vt 0.397400 0.212210
vt 0.434770 0.203500
vt 0.435640 0.208040
vt 0.445780 0.202190
vt 0.459350 0.210820
vt 0.458170 0.205000
vt 0.446030 0.196990
vt 0.466180 0.192870
vt 0.467050 0.197420
vt 0.337730 0.217990
vt 0.339100 0.241160
vt 0.343200 0.243940
vt 0.305960 0.270270
vt 0.302890 0.266770
vt 0.276660 0.294780
vt 0.280160 0.297810
vt 0.270030 0.303660
vt 0.270710 0.319730
vt 0.266270 0.315800
vt 0.265400 0.301280
vt 0.251750 0.316670
vt 0.255260 0.319700
vt 0.213380 0.468800
vt 0.195970 0.477040
vt 0.217560 0.423380
vt 0.208920 0.466630
vt 0.213000 0.422480
vt 0.224140 0.385750
vt 0.228510 0.387270
vt 0.228510 0.375560
vt 0.224140 0.372750
vt 0.242770 0.368120
vt 0.237140 0.366240
vt 0.230640 0.353240
vt 0.235020 0.354760
vt 0.188170 0.477040
vt 0.208920 0.487440
vt 0.213380 0.485280
vt 0.217560 0.530690
vt 0.213000 0.531600
vt 0.224140 0.568320
vt 0.228510 0.566800
vt 0.228510 0.578510
vt 0.224140 0.581330
vt 0.242770 0.585950
vt 0.237140 0.587830
vt 0.230640 0.600840
vt 0.235020 0.599320
vt 0.617110 0.718380
vt 0.632950 0.729330
vt 0.575690 0.737460
vt 0.617470 0.723310
vt 0.577190 0.741860
vt 0.539810 0.750580
vt 0.538940 0.746030
vt 0.528800 0.751880
vt 0.528550 0.757080
vt 0.515230 0.743260
vt 0.516420 0.749070
vt 0.508410 0.761200
vt 0.507530 0.756650
vt 0.636860 0.736090
vt 0.635490 0.712910
vt 0.631390 0.710130
vt 0.668620 0.683810
vt 0.671690 0.687300
vt 0.697920 0.659290
vt 0.694420 0.656260
vt 0.704560 0.650410
vt 0.709190 0.652790
vt 0.703880 0.634340
vt 0.708320 0.638280
vt 0.722830 0.637400
vt 0.719330 0.634370
vt 0.631390 0.243940
vt 0.632950 0.224740
vt 0.668620 0.270270
vt 0.635490 0.241160
vt 0.671690 0.266770
vt 0.697920 0.294780
vt 0.694420 0.297810
vt 0.704560 0.303660
vt 0.709190 0.301280
vt 0.703880 0.319730
vt 0.708320 0.315800
vt 0.722830 0.316670
vt 0.719330 0.319700
vt 0.636860 0.217990
vt 0.617470 0.230760
vt 0.617110 0.235700
vt 0.575690 0.216610
vt 0.577190 0.212210
vt 0.539810 0.203500
vt 0.538940 0.208040
vt 0.528800 0.202190
vt 0.515230 0.210820
vt 0.516420 0.205000
vt 0.528550 0.196990
vt 0.508410 0.192870
vt 0.507530 0.197420
vt 0.761210 0.485280
vt 0.778610 0.477040
vt 0.757030 0.530690
vt 0.765660 0.487440
vt 0.761590 0.531600
vt 0.750450 0.568320
vt 0.746070 0.566800
vt 0.746070 0.578510
vt 0.750450 0.581330
vt 0.731820 0.585950
vt 0.737440 0.587830
vt 0.743940 0.600840
vt 0.739570 0.599320
vt 0.786420 0.477040
vt 0.765660 0.466630
vt 0.761210 0.468800
vt 0.757030 0.423380
vt 0.761590 0.422480
vt 0.750450 0.385750
vt 0.750450 0.372750
vt 0.746070 0.375560
vt 0.746070 0.387270
vt 0.731820 0.368120
vt 0.737440 0.366240
vt 0.739570 0.354760
vt 0.743940 0.353240
vt 0.817000 0.470660
vt 0.817000 0.483410
vt 0.834200 0.477040
vt 0.819150 0.469390
vt 0.819150 0.484690
vt 0.839780 0.477040
vt 0.801600 0.489790
vt 0.800670 0.492340
vt 0.794840 0.477040
vt 0.786210 0.483410
vt 0.784000 0.484690
vt 0.786210 0.470660
vt 0.801600 0.464280
vt 0.784000 0.469390
vt 0.800670 0.461730
s 0
f 747/373/268 746/374/268 745/373/268
f 748/375/269 747/373/269 745/373/269
f 747/373/270 750/376/270 749/374/270
f 747/373/270 751/377/270 750/376/270
f 752/375/271 751/377/271 747/373/271
f 753/377/272 750/376/272 751/377/272
f 752/375/271 754/378/271 751/377/271
f 753/377/273 754/378/273 755/378/273
f 755/378/274 745/373/274 753/377/274
f 756/376/275 753/377/275 745/373/275
f 756/376/276 746/374/276 748/375/276
f 756/376/275 745/373/275 746/374/275
f 754/378/277 756/376/277 755/378/277
f 756/376/276 748/375/276 755/378/276
f 746/374/278 752/375/278 748/375/278
f 755/378/274 748/375/274 745/373/274
f 749/374/279 754/378/279 752/375/279
f 749/374/279 750/376/279 754/378/279
f 759/379/278 758/380/278 757/380/278
f 758/380/269 760/381/269 757/380/269
f 761/382/274 757/380/274 760/381/274
f 761/382/275 759/379/275 762/383/275
f 762/383/276 757/380/276 763/384/276
f 763/384/277 764/383/277 762/383/277
f 763/384/273 766/382/273 765/384/273
f 758/380/271 766/382/271 767/381/271
f 767/381/270 764/383/270 768/379/270
f 768/379/279 765/384/279 758/380/279
f 760/381/268 768/379/268 759/379/268
f 761/382/274 763/384/274 757/380/274
f 761/382/275 760/381/275 759/379/275
f 762/383/276 759/379/276 757/380/276
f 764/383/272 761/382/272 762/383/272
f 758/380/271 765/384/271 766/382/271
f 767/381/270 766/382/270 764/383/270
f 768/379/279 764/383/279 765/384/279
f 771/385/277 770/386/277 769/385/277
f 772/387/272 771/385/272 769/385/272
f 771/385/280 774/388/280 773/386/280
f 771/385/280 775/389/280 774/388/280
f 776/387/281 775/389/281 771/385/281
f 775/389/278 777/388/278 774/388/278
f 776/387/281 778/390/281 775/389/281
f 779/390/268 775/389/268 778/390/268
f 779/390/282 769/385/282 780/389/282
f 777/388/283 780/389/283 769/385/283
f 777/388/284 770/386/284 772/387/284
f 777/388/283 769/385/283 770/386/283
f 778/390/269 777/388/269 779/390/269
f 777/388/284 772/387/284 779/390/284
f 770/386/273 776/387/273 772/387/273
f 779/390/282 772/387/282 769/385/282
f 773/386/285 778/390/285 776/387/285
f 773/386/285 774/388/285 778/390/285
f 783/391/272 782/392/272 781/391/272
f 784/393/273 783/391/273 781/391/273
f 783/391/281 786/394/281 785/392/281
f 783/391/281 787/395/281 786/394/281
f 788/393/285 787/395/285 783/391/285
f 789/395/268 786/394/268 787/395/268
f 788/393/285 790/396/285 787/395/285
f 789/395/269 790/396/269 791/396/269
f 791/396/284 781/391/284 789/395/284
f 792/394/282 789/395/282 781/391/282
f 792/394/283 782/392/283 784/393/283
f 792/394/282 781/391/282 782/392/282
f 790/396/278 792/394/278 791/396/278
f 792/394/283 784/393/283 791/396/283
f 782/392/277 788/393/277 784/393/277
f 791/396/284 784/393/284 781/391/284
f 785/392/280 790/396/280 788/393/280
f 785/392/280 786/394/280 790/396/280
f 795/397/269 794/398/269 793/397/269
f 796/399/278 795/397/278 793/397/278
f 795/397/271 798/400/271 797/398/271
f 795/397/271 799/401/271 798/400/271
f 800/399/279 799/401/279 795/397/279
f 801/401/273 798/400/273 799/401/273
f 800/399/279 802/402/279 799/401/279
f 801/401/277 802/402/277 803/402/277
f 803/402/276 793/397/276 801/401/276
f 804/400/274 801/401/274 793/397/274
f 804/400/275 794/398/275 796/399/275
f 804/400/274 793/397/274 794/398/274
f 802/402/272 804/400/272 803/402/272
f 804/400/275 796/399/275 803/402/275
f 794/398/268 800/399/268 796/399/268
f 803/402/276 796/399/276 793/397/276
f 797/398/270 802/402/270 800/399/270
f 797/398/270 798/400/270 802/402/270
f 807/403/273 806/404/273 805/403/273
f 808/405/277 807/403/277 805/403/277
f 807/403/285 810/406/285 809/404/285
f 807/403/285 811/407/285 810/406/285
f 812/405/280 811/407/280 807/403/280
f 813/407/269 810/406/269 811/407/269
f 812/405/280 814/408/280 811/407/280
f 813/407/278 814/408/278 815/408/278
f 815/408/283 805/403/283 813/407/283
f 816/406/284 813/407/284 805/403/284
f 816/406/282 806/404/282 808/405/282
f 816/406/284 805/403/284 806/404/284
f 814/408/268 816/406/268 815/408/268
f 816/406/282 808/405/282 815/408/282
f 806/404/272 812/405/272 808/405/272
f 815/408/283 808/405/283 805/403/283
f 809/404/281 814/408/281 812/405/281
f 809/404/281 810/406/281 814/408/281
f 819/409/277 818/410/277 817/409/277
f 820/411/272 819/409/272 817/409/272
f 819/409/280 822/412/280 821/410/280
f 819/409/280 823/413/280 822/412/280
f 824/411/281 823/413/281 819/409/281
f 825/413/278 822/412/278 823/413/278
f 824/411/281 826/414/281 823/413/281
f 827/414/268 823/413/268 826/414/268
f 827/414/282 817/409/282 825/413/282
f 828/412/283 825/413/283 817/409/283
f 828/412/284 818/410/284 820/411/284
f 828/412/283 817/409/283 818/410/283
f 826/414/269 828/412/269 827/414/269
f 828/412/284 820/411/284 827/414/284
f 818/410/273 824/411/273 820/411/273
f 827/414/282 820/411/282 817/409/282
f 821/410/285 826/414/285 824/411/285
f 821/410/285 822/412/285 826/414/285
f 831/415/268 830/416/268 829/415/268
f 829/415/269 832/417/269 831/415/269
f 831/415/270 834/418/270 833/416/270
f 831/415/270 835/419/270 834/418/270
f 832/417/271 835/419/271 831/415/271
f 836/419/272 834/418/272 835/419/272
f 832/417/271 837/420/271 835/419/271
f 838/420/273 835/419/273 837/420/273
f 838/420/274 829/415/274 836/419/274
f 839/418/275 836/419/275 829/415/275
f 839/418/276 830/416/276 840/417/276
f 839/418/275 829/415/275 830/416/275
f 837/420/277 839/418/277 838/420/277
f 839/418/276 840/417/276 838/420/276
f 830/416/278 832/417/278 840/417/278
f 838/420/274 840/417/274 829/415/274
f 833/416/279 837/420/279 832/417/279
f 833/416/279 834/418/279 837/420/279
f 843/421/278 842/422/278 841/422/278
f 845/423/268 844/421/268 843/421/268
f 844/421/279 846/424/279 842/422/279
f 844/421/279 847/425/279 846/424/279
f 848/423/270 847/425/270 844/421/270
f 849/425/277 846/424/277 847/425/277
f 848/423/270 850/426/270 847/425/270
f 849/425/272 850/426/272 851/426/272
f 851/426/275 843/421/275 849/425/275
f 852/424/276 849/425/276 843/421/276
f 852/424/274 841/422/274 845/423/274
f 852/424/276 843/421/276 841/422/276
f 850/426/273 852/424/273 851/426/273
f 852/424/274 845/423/274 851/426/274
f 841/422/269 848/423/269 845/423/269
f 851/426/275 845/423/275 843/421/275
f 842/422/271 850/426/271 848/423/271
f 842/422/271 846/424/271 850/426/271
f 855/427/272 854/428/272 853/427/272
f 856/429/273 855/427/273 853/427/273
f 855/427/281 858/430/281 857/428/281
f 855/427/281 859/431/281 858/430/281
f 860/429/285 859/431/285 855/427/285
f 861/431/268 858/430/268 859/431/268
f 860/429/285 862/432/285 859/431/285
f 863/432/269 859/431/269 862/432/269
f 863/432/284 853/427/284 861/431/284
f 864/430/282 861/431/282 853/427/282
f 864/430/283 854/428/283 856/429/283
f 864/430/282 853/427/282 854/428/282
f 862/432/278 864/430/278 863/432/278
f 864/430/283 856/429/283 863/432/283
f 854/428/277 860/429/277 856/429/277
f 863/432/284 856/429/284 853/427/284
f 857/428/280 862/432/280 860/429/280
f 857/428/280 858/430/280 862/432/280
f 867/433/273 866/434/273 865/433/273
f 868/435/277 867/433/277 865/433/277
f 867/433/285 870/436/285 869/434/285
f 867/433/285 871/437/285 870/436/285
f 872/435/280 871/437/280 867/433/280
f 873/437/269 870/436/269 871/437/269
f 872/435/280 874/438/280 871/437/280
f 873/437/278 874/438/278 875/438/278
f 875/438/283 865/433/283 873/437/283
f 876/436/284 873/437/284 865/433/284
f 876/436/282 866/434/282 868/435/282
f 876/436/284 865/433/284 866/434/284
f 874/438/268 876/436/268 875/438/268
f 876/436/282 868/435/282 875/438/282
f 866/434/272 872/435/272 868/435/272
f 875/438/283 868/435/283 865/433/283
f 869/434/281 874/438/281 872/435/281
f 869/434/281 870/436/281 874/438/281
f 879/439/278 878/440/278 877/439/278
f 877/439/268 880/441/268 879/439/268
f 879/439/279 882/442/279 881/440/279
f 879/439/279 883/443/279 882/442/279
f 880/441/270 883/443/270 879/439/270
f 883/443/277 884/442/277 882/442/277
f 880/441/270 885/444/270 883/443/270
f 886/444/272 883/443/272 885/444/272
f 886/444/275 877/439/275 887/443/275
f 884/442/276 887/443/276 877/439/276
f 884/442/274 878/440/274 888/441/274
f 884/442/276 877/439/276 878/440/276
f 885/444/273 884/442/273 886/444/273
f 884/442/274 888/441/274 886/444/274
f 878/440/269 880/441/269 888/441/269
f 886/444/275 888/441/275 877/439/275
f 881/440/271 885/444/271 880/441/271
f 881/440/271 882/442/271 885/444/271
f 891/445/286 890/445/286 889/446/286
f 889/446/287 890/445/287 892/447/287
f 889/446/287 892/447/287 893/448/287
f 894/449/288 889/446/288 893/448/288
f 894/449/288 895/450/288 889/446/288
f 889/446/289 895/450/289 896/450/289
f 891/445/286 889/446/286 897/446/286
f 889/446/289 896/450/289 897/446/289
f 899/451/290 897/446/290 898/448/290
f 899/451/290 891/445/290 897/446/290
f 897/446/291 896/450/291 900/449/291
f 897/446/291 900/449/291 898/448/291
f 893/448/292 899/451/292 898/448/292
f 894/449/293 893/448/293 898/448/293
f 894/449/293 898/448/293 900/449/293
f 902/452/294 901/453/294 900/449/294
f 896/450/295 902/452/295 900/449/295
f 900/449/296 903/453/296 894/449/296
f 904/454/297 903/453/297 901/453/297
f 905/452/298 904/454/298 902/452/298
f 905/452/299 903/453/299 906/454/299
f 907/455/300 905/452/300 902/452/300
f 907/455/301 908/456/301 905/452/301
f 905/452/302 908/456/302 895/450/302
f 905/452/302 895/450/302 894/449/302
f 907/455/300 902/452/300 909/455/300
f 907/455/303 909/455/303 910/457/303
f 907/455/304 912/457/304 911/458/304
f 907/455/303 910/457/303 912/457/303
f 907/455/304 911/458/304 913/459/304
f 907/455/305 913/459/305 908/456/305
f 909/455/306 914/458/306 910/457/306
f 910/457/307 914/458/307 915/460/307
f 910/457/308 915/460/308 916/461/308
f 910/457/309 916/461/309 917/461/309
f 910/457/309 917/461/309 912/457/309
f 917/461/310 915/460/310 916/461/310
f 917/461/310 918/460/310 915/460/310
f 919/462/311 918/460/311 917/461/311
f 919/462/312 917/461/312 916/461/312
f 912/457/313 917/461/313 918/460/313
f 914/458/314 918/460/314 915/460/314
f 914/458/314 911/458/314 918/460/314
f 920/463/315 915/460/315 918/460/315
f 919/462/316 920/463/316 918/460/316
f 912/457/317 918/460/317 911/458/317
f 920/463/315 921/463/315 915/460/315
f 922/464/318 921/463/318 920/463/318
f 923/465/319 922/464/319 920/463/319
f 923/465/319 920/463/319 919/462/319
f 924/466/320 922/464/320 923/465/320
f 924/466/321 923/465/321 925/467/321
f 925/467/322 923/465/322 926/465/322
f 926/465/323 923/465/323 919/462/323
f 925/467/299 928/468/299 927/469/299
f 929/470/324 925/467/324 927/469/324
f 925/467/322 926/465/322 930/467/322
f 930/467/325 931/471/325 925/467/325
f 929/470/324 924/466/324 925/467/324
f 933/468/326 931/471/326 932/471/326
f 930/467/294 933/468/294 932/471/294
f 927/469/327 933/468/327 934/469/327
f 935/470/328 934/469/328 930/467/328
f 935/470/329 936/472/329 934/469/329
f 937/472/330 927/469/330 934/469/330
f 937/472/330 934/469/330 936/472/330
f 935/470/329 938/473/329 936/472/329
f 936/472/331 939/474/331 937/472/331
f 938/473/332 940/475/332 936/472/332
f 936/472/331 940/475/331 939/474/331
f 939/474/333 941/473/333 937/472/333
f 939/474/333 942/476/333 941/473/333
f 939/474/334 943/477/334 942/476/334
f 939/474/335 940/475/335 944/478/335
f 939/474/335 944/478/335 945/478/335
f 939/474/334 945/478/334 943/477/334
f 943/477/336 944/478/336 946/479/336
f 940/475/337 946/479/337 944/478/337
f 943/477/338 945/478/338 944/478/338
f 942/476/339 946/479/339 947/480/339
f 940/475/337 947/480/337 946/479/337
f 942/476/339 943/477/339 946/479/339
f 938/473/340 942/476/340 947/480/340
f 938/473/332 947/480/332 940/475/332
f 938/473/340 941/473/340 942/476/340
f 929/470/341 941/473/341 938/473/341
f 937/472/342 941/473/342 929/470/342
f 929/470/341 938/473/341 935/470/341
f 937/472/342 929/470/342 927/469/342
f 929/470/343 935/470/343 948/466/343
f 935/470/328 930/467/328 948/466/328
f 929/470/343 948/466/343 924/466/343
f 948/466/344 930/467/344 926/465/344
f 924/466/345 948/466/345 949/464/345
f 948/466/346 926/465/346 949/464/346
f 926/465/347 921/463/347 949/464/347
f 922/464/318 949/464/318 921/463/318
f 924/466/345 949/464/345 922/464/345
f 926/465/347 950/462/347 921/463/347
f 926/465/323 919/462/323 950/462/323
f 950/462/348 915/460/348 921/463/348
f 950/462/349 916/461/349 915/460/349
f 919/462/312 916/461/312 950/462/312
f 909/455/306 951/459/306 914/458/306
f 951/459/350 911/458/350 914/458/350
f 952/456/351 951/459/351 909/455/351
f 951/459/350 913/459/350 911/458/350
f 908/456/352 913/459/352 951/459/352
f 908/456/352 951/459/352 952/456/352
f 952/456/353 909/455/353 902/452/353
f 896/450/295 952/456/295 902/452/295
f 895/450/354 908/456/354 952/456/354
f 895/450/354 952/456/354 896/450/354
f 893/448/292 892/447/292 899/451/292
f 899/451/355 892/447/355 953/481/355
f 899/451/356 954/482/356 891/445/356
f 899/451/355 953/481/355 955/481/355
f 899/451/356 955/481/356 954/482/356
f 954/482/357 955/481/357 953/481/357
f 891/445/358 954/482/358 956/482/358
f 954/482/359 953/481/359 956/482/359
f 892/447/360 956/482/360 953/481/360
f 892/447/360 890/445/360 956/482/360
f 891/445/361 956/482/361 890/445/361
f 959/483/362 958/483/362 957/484/362
f 957/484/363 958/483/363 960/485/363
f 957/484/363 960/485/363 961/486/363
f 962/487/364 957/484/364 961/486/364
f 962/487/364 963/488/364 957/484/364
f 957/484/365 963/488/365 964/488/365
f 959/483/362 957/484/362 965/484/362
f 957/484/365 964/488/365 965/484/365
f 967/485/366 965/484/366 966/486/366
f 967/485/366 959/483/366 965/484/366
f 965/484/367 964/488/367 968/487/367
f 965/484/367 968/487/367 966/486/367
f 961/486/368 967/485/368 966/486/368
f 962/487/369 961/486/369 966/486/369
f 962/487/369 966/486/369 968/487/369
f 970/489/294 969/490/294 968/487/294
f 964/488/370 970/489/370 968/487/370
f 968/487/371 971/490/371 962/487/371
f 972/491/372 971/490/372 969/490/372
f 973/489/373 972/491/373 970/489/373
f 973/489/299 971/490/299 974/491/299
f 975/492/374 973/489/374 970/489/374
f 975/492/375 976/493/375 973/489/375
f 973/489/376 976/493/376 963/488/376
f 973/489/376 963/488/376 962/487/376
f 975/492/374 970/489/374 977/492/374
f 975/492/377 977/492/377 978/494/377
f 975/492/378 980/494/378 979/495/378
f 975/492/377 978/494/377 980/494/377
f 975/492/379 979/495/379 981/496/379
f 975/492/375 981/496/375 976/493/375
f 977/492/380 982/495/380 978/494/380
f 978/494/381 982/495/381 983/497/381
f 978/494/382 983/497/382 984/498/382
f 978/494/383 984/498/383 985/498/383
f 978/494/383 985/498/383 980/494/383
f 985/498/384 983/497/384 984/498/384
f 985/498/384 986/497/384 983/497/384
f 987/499/385 986/497/385 985/498/385
f 987/499/386 985/498/386 984/498/386
f 980/494/387 985/498/387 986/497/387
f 982/495/388 986/497/388 983/497/388
f 982/495/388 979/495/388 986/497/388
f 988/500/389 983/497/389 986/497/389
f 987/499/390 988/500/390 986/497/390
f 980/494/391 986/497/391 979/495/391
f 988/500/389 989/500/389 983/497/389
f 990/501/392 989/500/392 988/500/392
f 991/502/393 990/501/393 988/500/393
f 991/502/394 988/500/394 987/499/394
f 992/503/395 990/501/395 991/502/395
f 992/503/395 991/502/395 993/504/395
f 993/504/396 991/502/396 994/502/396
f 994/502/397 991/502/397 987/499/397
f 993/504/299 996/505/299 995/506/299
f 997/507/398 993/504/398 995/506/398
f 993/504/396 994/502/396 998/504/396
f 998/504/399 999/508/399 993/504/399
f 997/507/398 992/503/398 993/504/398
f 1001/505/400 999/508/400 1000/508/400
f 998/504/294 1001/505/294 1000/508/294
f 995/506/401 1001/505/401 1002/506/401
f 1003/507/402 1002/506/402 998/504/402
f 1003/507/403 1004/509/403 1002/506/403
f 1005/509/404 995/506/404 1002/506/404
f 1005/509/404 1002/506/404 1004/509/404
f 1003/507/403 1006/510/403 1004/509/403
f 1004/509/405 1007/511/405 1005/509/405
f 1006/510/406 1008/511/406 1004/509/406
f 1004/509/405 1008/511/405 1007/511/405
f 1007/511/407 1009/510/407 1005/509/407
f 1007/511/407 1010/512/407 1009/510/407
f 1007/511/408 1011/513/408 1010/512/408
f 1007/511/409 1008/511/409 1012/514/409
f 1007/511/409 1012/514/409 1013/514/409
f 1007/511/408 1013/514/408 1011/513/408
f 1011/513/410 1012/514/410 1014/513/410
f 1008/511/411 1014/513/411 1012/514/411
f 1011/513/412 1013/514/412 1012/514/412
f 1010/512/413 1014/513/413 1015/515/413
f 1008/511/411 1015/515/411 1014/513/411
f 1010/512/413 1011/513/413 1014/513/413
f 1006/510/414 1010/512/414 1015/515/414
f 1006/510/406 1015/515/406 1008/511/406
f 1006/510/414 1009/510/414 1010/512/414
f 997/507/415 1009/510/415 1006/510/415
f 1005/509/416 1009/510/416 997/507/416
f 997/507/415 1006/510/415 1003/507/415
f 1005/509/416 997/507/416 995/506/416
f 997/507/417 1003/507/417 1016/503/417
f 1003/507/402 998/504/402 1016/503/402
f 997/507/417 1016/503/417 992/503/417
f 1016/503/418 998/504/418 994/502/418
f 992/503/419 1016/503/419 1017/501/419
f 1016/503/418 994/502/418 1017/501/418
f 994/502/420 989/500/420 1017/501/420
f 990/501/392 1017/501/392 989/500/392
f 992/503/419 1017/501/419 990/501/419
f 994/502/421 1018/499/421 989/500/421
f 994/502/397 987/499/397 1018/499/397
f 1018/499/422 983/497/422 989/500/422
f 1018/499/423 984/498/423 983/497/423
f 987/499/386 984/498/386 1018/499/386
f 977/492/424 1019/496/424 982/495/424
f 1019/496/425 979/495/425 982/495/425
f 1020/493/426 1019/496/426 977/492/426
f 1019/496/425 981/496/425 979/495/425
f 976/493/427 981/496/427 1019/496/427
f 976/493/427 1019/496/427 1020/493/427
f 1020/493/426 977/492/426 970/489/426
f 964/488/370 1020/493/370 970/489/370
f 963/488/428 976/493/428 1020/493/428
f 963/488/428 1020/493/428 964/488/428
f 961/486/368 960/485/368 967/485/368
f 967/485/429 960/485/429 1021/516/429
f 967/485/430 1022/517/430 959/483/430
f 967/485/429 1021/516/429 1023/516/429
f 967/485/430 1023/516/430 1022/517/430
f 1022/517/431 1023/516/431 1021/516/431
f 959/483/432 1022/517/432 1024/517/432
f 1022/517/433 1021/516/433 1024/517/433
f 960/485/434 1024/517/434 1021/516/434
f 960/485/434 958/483/434 1024/517/434
f 959/483/432 1024/517/432 958/483/432
f 1027/518/435 1026/519/435 1025/520/435
f 1025/520/436 1026/519/436 1028/521/436
f 1025/520/436 1028/521/436 1029/522/436
f 1030/523/437 1025/520/437 1029/522/437
f 1030/523/437 1031/524/437 1025/520/437
f 1025/520/438 1031/524/438 1032/524/438
f 1027/518/435 1025/520/435 1033/520/435
f 1025/520/438 1032/524/438 1033/520/438
f 1035/525/439 1033/520/439 1034/522/439
f 1035/525/439 1027/518/439 1033/520/439
f 1033/520/440 1032/524/440 1036/523/440
f 1033/520/440 1036/523/440 1034/522/440
f 1029/522/441 1035/525/441 1034/522/441
f 1030/523/442 1029/522/442 1034/522/442
f 1030/523/442 1034/522/442 1036/523/442
f 1038/526/294 1037/527/294 1036/523/294
f 1032/524/443 1038/526/443 1036/523/443
f 1030/523/444 1037/527/444 1039/527/444
f 1040/528/445 1039/527/445 1037/527/445
f 1038/526/446 1041/528/446 1040/528/446
f 1042/526/299 1039/527/299 1041/528/299
f 1043/529/447 1042/526/447 1038/526/447
f 1043/529/448 1044/530/448 1042/526/448
f 1042/526/449 1044/530/449 1031/524/449
f 1042/526/449 1031/524/449 1030/523/449
f 1043/529/447 1038/526/447 1045/529/447
f 1043/529/450 1045/529/450 1046/531/450
f 1043/529/451 1048/531/451 1047/532/451
f 1043/529/450 1046/531/450 1048/531/450
f 1043/529/451 1047/532/451 1049/533/451
f 1043/529/452 1049/533/452 1044/530/452
f 1045/529/453 1050/532/453 1046/531/453
f 1046/531/454 1050/532/454 1051/534/454
f 1046/531/455 1051/534/455 1052/535/455
f 1046/531/456 1052/535/456 1053/535/456
f 1046/531/456 1053/535/456 1048/531/456
f 1053/535/457 1051/534/457 1052/535/457
f 1053/535/457 1054/534/457 1051/534/457
f 1055/536/458 1054/534/458 1053/535/458
f 1055/536/459 1053/535/459 1052/535/459
f 1048/531/460 1053/535/460 1054/534/460
f 1050/532/461 1054/534/461 1051/534/461
f 1050/532/461 1047/532/461 1054/534/461
f 1056/537/462 1051/534/462 1054/534/462
f 1055/536/463 1056/537/463 1054/534/463
f 1048/531/464 1054/534/464 1047/532/464
f 1056/537/462 1057/537/462 1051/534/462
f 1058/538/465 1057/537/465 1056/537/465
f 1059/539/466 1058/538/466 1056/537/466
f 1059/539/466 1056/537/466 1055/536/466
f 1060/540/467 1058/538/467 1059/539/467
f 1060/540/468 1059/539/468 1061/541/468
f 1061/541/469 1059/539/469 1062/539/469
f 1062/539/470 1059/539/470 1055/536/470
f 1061/541/299 1064/542/299 1063/543/299
f 1065/544/471 1061/541/471 1063/543/471
f 1061/541/469 1062/539/469 1066/541/469
f 1061/541/472 1068/545/472 1067/545/472
f 1065/544/471 1060/540/471 1061/541/471
f 1068/545/473 1064/542/473 1067/545/473
f 1066/541/294 1069/542/294 1068/545/294
f 1063/543/474 1069/542/474 1070/543/474
f 1071/544/475 1070/543/475 1066/541/475
f 1071/544/476 1072/546/476 1070/543/476
f 1073/546/477 1063/543/477 1070/543/477
f 1073/546/477 1070/543/477 1072/546/477
f 1071/544/476 1074/547/476 1072/546/476
f 1072/546/478 1075/548/478 1073/546/478
f 1074/547/479 1076/549/479 1072/546/479
f 1072/546/478 1076/549/478 1075/548/478
f 1075/548/480 1077/547/480 1073/546/480
f 1075/548/480 1078/550/480 1077/547/480
f 1075/548/481 1079/551/481 1078/550/481
f 1075/548/482 1076/549/482 1080/552/482
f 1075/548/482 1080/552/482 1081/553/482
f 1075/548/481 1081/553/481 1079/551/481
f 1079/551/483 1080/552/483 1082/554/483
f 1076/549/484 1082/554/484 1080/552/484
f 1079/551/485 1081/553/485 1080/552/485
f 1078/550/486 1082/554/486 1083/555/486
f 1076/549/484 1083/555/484 1082/554/484
f 1078/550/487 1079/551/487 1082/554/487
f 1074/547/488 1078/550/488 1083/555/488
f 1074/547/479 1083/555/479 1076/549/479
f 1074/547/488 1077/547/488 1078/550/488
f 1065/544/489 1077/547/489 1074/547/489
f 1073/546/490 1077/547/490 1065/544/490
f 1065/544/489 1074/547/489 1071/544/489
f 1073/546/490 1065/544/490 1063/543/490
f 1065/544/491 1071/544/491 1084/540/491
f 1071/544/475 1066/541/475 1084/540/475
f 1065/544/491 1084/540/491 1060/540/491
f 1084/540/492 1066/541/492 1062/539/492
f 1060/540/493 1084/540/493 1085/538/493
f 1084/540/494 1062/539/494 1085/538/494
f 1062/539/495 1057/537/495 1085/538/495
f 1058/538/465 1085/538/465 1057/537/465
f 1060/540/493 1085/538/493 1058/538/493
f 1062/539/495 1086/536/495 1057/537/495
f 1062/539/470 1055/536/470 1086/536/470
f 1086/536/496 1051/534/496 1057/537/496
f 1086/536/497 1052/535/497 1051/534/497
f 1055/536/459 1052/535/459 1086/536/459
f 1045/529/453 1087/533/453 1050/532/453
f 1087/533/498 1047/532/498 1050/532/498
f 1088/530/499 1087/533/499 1045/529/499
f 1087/533/498 1049/533/498 1047/532/498
f 1044/530/500 1049/533/500 1087/533/500
f 1044/530/500 1087/533/500 1088/530/500
f 1088/530/501 1045/529/501 1038/526/501
f 1032/524/443 1088/530/443 1038/526/443
f 1031/524/502 1044/530/502 1088/530/502
f 1031/524/502 1088/530/502 1032/524/502
f 1029/522/441 1028/521/441 1035/525/441
f 1035/525/503 1028/521/503 1089/556/503
f 1035/525/504 1090/557/504 1027/518/504
f 1035/525/503 1089/556/503 1091/556/503
f 1035/525/504 1091/556/504 1090/557/504
f 1090/557/505 1091/556/505 1089/556/505
f 1027/518/506 1090/557/506 1092/558/506
f 1090/557/507 1089/556/507 1092/558/507
f 1028/521/508 1092/558/508 1089/556/508
f 1028/521/508 1026/519/508 1092/558/508
f 1027/518/506 1092/558/506 1026/519/506
f 1095/559/368 1094/560/368 1093/561/368
f 1093/561/509 1094/560/509 1096/562/509
f 1093/561/509 1096/562/509 1097/563/509
f 1098/564/510 1093/561/510 1097/563/510
f 1098/564/510 1099/565/510 1093/561/510
f 1093/561/369 1099/565/369 1100/565/369
f 1095/559/368 1093/561/368 1101/561/368
f 1093/561/369 1100/565/369 1101/561/369
f 1103/562/511 1101/561/511 1102/563/511
f 1103/562/511 1095/559/511 1101/561/511
f 1101/561/512 1100/565/512 1104/564/512
f 1101/561/512 1104/564/512 1102/563/512
f 1097/563/362 1103/562/362 1102/563/362
f 1098/564/365 1097/563/365 1102/563/365
f 1098/564/365 1102/563/365 1104/564/365
f 1106/566/294 1105/567/294 1104/564/294
f 1100/565/513 1106/566/513 1104/564/513
f 1104/564/514 1107/567/514 1098/564/514
f 1108/568/515 1107/567/515 1105/567/515
f 1109/566/516 1108/568/516 1106/566/516
f 1109/566/299 1107/567/299 1110/568/299
f 1111/569/517 1109/566/517 1106/566/517
f 1111/569/518 1112/570/518 1109/566/518
f 1109/566/519 1112/570/519 1099/565/519
f 1109/566/519 1099/565/519 1098/564/519
f 1111/569/517 1106/566/517 1113/569/517
f 1111/569/520 1113/569/520 1114/571/520
f 1111/569/521 1116/571/521 1115/572/521
f 1111/569/520 1114/571/520 1116/571/520
f 1111/569/522 1115/572/522 1117/573/522
f 1111/569/518 1117/573/518 1112/570/518
f 1113/569/523 1118/572/523 1114/571/523
f 1114/571/524 1118/572/524 1119/574/524
f 1114/571/525 1119/574/525 1120/575/525
f 1114/571/526 1120/575/526 1121/575/526
f 1114/571/526 1121/575/526 1116/571/526
f 1121/575/527 1119/574/527 1120/575/527
f 1121/575/527 1122/574/527 1119/574/527
f 1123/576/528 1122/574/528 1121/575/528
f 1123/576/529 1121/575/529 1120/575/529
f 1116/571/530 1121/575/530 1122/574/530
f 1118/572/531 1122/574/531 1119/574/531
f 1118/572/531 1115/572/531 1122/574/531
f 1124/577/532 1119/574/532 1122/574/532
f 1123/576/533 1124/577/533 1122/574/533
f 1116/571/534 1122/574/534 1115/572/534
f 1124/577/532 1125/577/532 1119/574/532
f 1126/578/535 1125/577/535 1124/577/535
f 1127/579/536 1126/578/536 1124/577/536
f 1127/579/537 1124/577/537 1123/576/537
f 1128/580/538 1126/578/538 1127/579/538
f 1128/580/538 1127/579/538 1129/581/538
f 1129/581/539 1127/579/539 1130/579/539
f 1130/579/540 1127/579/540 1123/576/540
f 1129/581/299 1132/582/299 1131/583/299
f 1133/584/541 1129/581/541 1131/583/541
f 1129/581/539 1130/579/539 1134/581/539
f 1129/581/542 1136/585/542 1135/585/542
f 1133/584/541 1128/580/541 1129/581/541
f 1137/582/543 1135/585/543 1136/585/543
f 1134/581/294 1137/582/294 1136/585/294
f 1131/583/544 1137/582/544 1138/583/544
f 1139/584/545 1138/583/545 1134/581/545
f 1139/584/546 1140/586/546 1138/583/546
f 1141/586/415 1131/583/415 1138/583/415
f 1141/586/415 1138/583/415 1140/586/415
f 1139/584/546 1142/587/546 1140/586/546
f 1140/586/414 1143/588/414 1141/586/414
f 1142/587/547 1144/588/547 1140/586/547
f 1140/586/414 1144/588/414 1143/588/414
f 1143/588/548 1145/587/548 1141/586/548
f 1143/588/548 1146/589/548 1145/587/548
f 1143/588/549 1147/590/549 1146/589/549
f 1143/588/550 1144/588/550 1148/591/550
f 1143/588/550 1148/591/550 1149/591/550
f 1143/588/549 1149/591/549 1147/590/549
f 1147/590/551 1148/591/551 1150/592/551
f 1144/588/552 1150/592/552 1148/591/552
f 1147/590/553 1149/591/553 1148/591/553
f 1146/589/554 1150/592/554 1151/589/554
f 1144/588/552 1151/589/552 1150/592/552
f 1146/589/554 1147/590/554 1150/592/554
f 1142/587/405 1146/589/405 1151/589/405
f 1142/587/547 1151/589/547 1144/588/547
f 1142/587/405 1145/587/405 1146/589/405
f 1133/584/404 1145/587/404 1142/587/404
f 1141/586/555 1145/587/555 1133/584/555
f 1133/584/404 1142/587/404 1139/584/404
f 1141/586/555 1133/584/555 1131/583/555
f 1133/584/556 1139/584/556 1152/580/556
f 1139/584/545 1134/581/545 1152/580/545
f 1133/584/556 1152/580/556 1128/580/556
f 1152/580/557 1134/581/557 1130/579/557
f 1128/580/558 1152/580/558 1153/578/558
f 1152/580/557 1130/579/557 1153/578/557
f 1130/579/559 1125/577/559 1153/578/559
f 1126/578/535 1153/578/535 1125/577/535
f 1128/580/558 1153/578/558 1126/578/558
f 1130/579/560 1154/576/560 1125/577/560
f 1130/579/540 1123/576/540 1154/576/540
f 1154/576/561 1119/574/561 1125/577/561
f 1154/576/562 1120/575/562 1119/574/562
f 1123/576/529 1120/575/529 1154/576/529
f 1113/569/563 1155/573/563 1118/572/563
f 1155/573/564 1115/572/564 1118/572/564
f 1156/570/565 1155/573/565 1113/569/565
f 1155/573/564 1117/573/564 1115/572/564
f 1112/570/566 1117/573/566 1155/573/566
f 1112/570/566 1155/573/566 1156/570/566
f 1156/570/565 1113/569/565 1106/566/565
f 1100/565/513 1156/570/513 1106/566/513
f 1099/565/567 1112/570/567 1156/570/567
f 1099/565/567 1156/570/567 1100/565/567
f 1097/563/362 1096/562/362 1103/562/362
f 1103/562/568 1096/562/568 1157/593/568
f 1103/562/569 1158/594/569 1095/559/569
f 1103/562/568 1157/593/568 1159/593/568
f 1103/562/569 1159/593/569 1158/594/569
f 1158/594/570 1159/593/570 1157/593/570
f 1095/559/571 1158/594/571 1160/595/571
f 1158/594/572 1157/593/572 1160/595/572
f 1096/562/573 1160/595/573 1157/593/573
f 1096/562/573 1094/560/573 1160/595/573
f 1095/559/571 1160/595/571 1094/560/571
f 1163/596/292 1162/597/292 1161/598/292
f 1161/598/574 1162/597/574 1164/599/574
f 1161/598/574 1164/599/574 1165/600/574
f 1166/601/575 1161/598/575 1165/600/575
f 1166/601/575 1167/602/575 1161/598/575
f 1161/598/293 1167/602/293 1168/602/293
f 1163/596/292 1161/598/292 1169/598/292
f 1161/598/293 1168/602/293 1169/598/293
f 1171/599/576 1169/598/576 1170/600/576
f 1171/599/576 1163/596/576 1169/598/576
f 1169/598/577 1168/602/577 1172/601/577
f 1169/598/577 1172/601/577 1170/600/577
f 1165/600/286 1171/599/286 1170/600/286
f 1166/601/289 1165/600/289 1170/600/289
f 1166/601/289 1170/600/289 1172/601/289
f 1174/603/294 1173/604/294 1172/601/294
f 1168/602/578 1174/603/578 1172/601/578
f 1172/601/579 1175/604/579 1166/601/579
f 1176/605/580 1175/604/580 1173/604/580
f 1177/603/581 1176/605/581 1174/603/581
f 1177/603/299 1175/604/299 1178/605/299
f 1179/606/582 1177/603/582 1174/603/582
f 1179/606/583 1180/607/583 1177/603/583
f 1177/603/584 1180/607/584 1167/602/584
f 1177/603/584 1167/602/584 1166/601/584
f 1179/606/582 1174/603/582 1181/606/582
f 1179/606/585 1181/606/585 1182/608/585
f 1179/606/586 1184/608/586 1183/609/586
f 1179/606/585 1182/608/585 1184/608/585
f 1179/606/586 1183/609/586 1185/610/586
f 1179/606/587 1185/610/587 1180/607/587
f 1181/606/588 1186/609/588 1182/608/588
f 1182/608/589 1186/609/589 1187/611/589
f 1182/608/590 1187/611/590 1188/612/590
f 1182/608/591 1188/612/591 1189/612/591
f 1182/608/591 1189/612/591 1184/608/591
f 1189/612/592 1187/611/592 1188/612/592
f 1189/612/592 1190/611/592 1187/611/592
f 1191/613/593 1190/611/593 1189/612/593
f 1191/613/594 1189/612/594 1188/612/594
f 1184/608/595 1189/612/595 1190/611/595
f 1186/609/596 1190/611/596 1187/611/596
f 1186/609/596 1183/609/596 1190/611/596
f 1192/614/597 1187/611/597 1190/611/597
f 1191/613/598 1192/614/598 1190/611/598
f 1184/608/599 1190/611/599 1183/609/599
f 1192/614/597 1193/614/597 1187/611/597
f 1194/615/600 1193/614/600 1192/614/600
f 1195/616/601 1194/615/601 1192/614/601
f 1195/616/601 1192/614/601 1191/613/601
f 1196/617/602 1194/615/602 1195/616/602
f 1196/617/603 1195/616/603 1197/618/603
f 1197/618/604 1195/616/604 1198/616/604
f 1198/616/605 1195/616/605 1191/613/605
f 1197/618/299 1200/619/299 1199/620/299
f 1201/621/606 1197/618/606 1199/620/606
f 1197/618/604 1198/616/604 1202/618/604
f 1202/618/607 1203/622/607 1197/618/607
f 1201/621/606 1196/617/606 1197/618/606
f 1205/619/608 1203/622/608 1204/622/608
f 1202/618/294 1205/619/294 1204/622/294
f 1199/620/609 1205/619/609 1206/620/609
f 1207/621/610 1206/620/610 1202/618/610
f 1207/621/611 1208/623/611 1206/620/611
f 1209/623/341 1199/620/341 1206/620/341
f 1209/623/341 1206/620/341 1208/623/341
f 1207/621/611 1210/624/611 1208/623/611
f 1208/623/340 1211/625/340 1209/623/340
f 1210/624/612 1212/625/612 1208/623/612
f 1208/623/340 1212/625/340 1211/625/340
f 1211/625/613 1213/624/613 1209/623/613
f 1211/625/613 1214/626/613 1213/624/613
f 1211/625/614 1215/627/614 1214/626/614
f 1211/625/615 1212/625/615 1216/628/615
f 1211/625/615 1216/628/615 1217/628/615
f 1211/625/614 1217/628/614 1215/627/614
f 1215/627/616 1216/628/616 1218/629/616
f 1212/625/617 1218/629/617 1216/628/617
f 1215/627/618 1217/628/618 1216/628/618
f 1214/626/619 1218/629/619 1219/626/619
f 1212/625/617 1219/626/617 1218/629/617
f 1214/626/619 1215/627/619 1218/629/619
f 1210/624/331 1214/626/331 1219/626/331
f 1210/624/612 1219/626/612 1212/625/612
f 1210/624/331 1213/624/331 1214/626/331
f 1201/621/330 1213/624/330 1210/624/330
f 1209/623/620 1213/624/620 1201/621/620
f 1201/621/330 1210/624/330 1207/621/330
f 1209/623/620 1201/621/620 1199/620/620
f 1201/621/621 1207/621/621 1220/617/621
f 1207/621/610 1202/618/610 1220/617/610
f 1201/621/621 1220/617/621 1196/617/621
f 1220/617/622 1202/618/622 1198/616/622
f 1196/617/623 1220/617/623 1221/615/623
f 1220/617/624 1198/616/624 1221/615/624
f 1198/616/625 1193/614/625 1221/615/625
f 1194/615/600 1221/615/600 1193/614/600
f 1196/617/623 1221/615/623 1194/615/623
f 1198/616/625 1222/613/625 1193/614/625
f 1198/616/605 1191/613/605 1222/613/605
f 1222/613/626 1187/611/626 1193/614/626
f 1222/613/627 1188/612/627 1187/611/627
f 1191/613/594 1188/612/594 1222/613/594
f 1181/606/588 1223/610/588 1186/609/588
f 1223/610/628 1183/609/628 1186/609/628
f 1224/607/629 1223/610/629 1181/606/629
f 1223/610/628 1185/610/628 1183/609/628
f 1180/607/630 1185/610/630 1223/610/630
f 1180/607/630 1223/610/630 1224/607/630
f 1224/607/631 1181/606/631 1174/603/631
f 1168/602/578 1224/607/578 1174/603/578
f 1167/602/632 1180/607/632 1224/607/632
f 1167/602/632 1224/607/632 1168/602/632
f 1165/600/286 1164/599/286 1171/599/286
f 1171/599/633 1164/599/633 1225/630/633
f 1171/599/634 1226/631/634 1163/596/634
f 1171/599/633 1225/630/633 1227/632/633
f 1171/599/634 1227/632/634 1226/631/634
f 1226/631/635 1227/632/635 1225/630/635
f 1163/596/636 1226/631/636 1228/633/636
f 1226/631/637 1225/630/637 1228/633/637
f 1164/599/638 1228/633/638 1225/630/638
f 1164/599/638 1162/597/638 1228/633/638
f 1163/596/639 1228/633/639 1162/597/639
f 1231/634/441 1230/634/441 1229/635/441
f 1229/635/640 1230/634/640 1232/636/640
f 1229/635/640 1232/636/640 1233/637/640
f 1234/638/641 1229/635/641 1233/637/641
f 1234/638/641 1235/639/641 1229/635/641
f 1229/635/442 1235/639/442 1236/639/442
f 1231/634/441 1229/635/441 1237/635/441
f 1229/635/442 1236/639/442 1237/635/442
f 1239/636/642 1237/635/642 1238/637/642
f 1239/636/642 1231/634/642 1237/635/642
f 1237/635/643 1236/639/643 1240/638/643
f 1237/635/643 1240/638/643 1238/637/643
f 1233/637/435 1239/636/435 1238/637/435
f 1234/638/438 1233/637/438 1238/637/438
f 1234/638/438 1238/637/438 1240/638/438
f 1242/640/294 1241/641/294 1240/638/294
f 1236/639/644 1242/640/644 1240/638/644
f 1240/638/645 1243/641/645 1234/638/645
f 1241/641/646 1244/642/646 1243/641/646
f 1246/640/647 1245/642/647 1242/640/647
f 1246/640/299 1243/641/299 1244/642/299
f 1247/643/648 1246/640/648 1242/640/648
f 1247/643/649 1248/644/649 1246/640/649
f 1246/640/650 1248/644/650 1235/639/650
f 1246/640/650 1235/639/650 1234/638/650
f 1247/643/648 1242/640/648 1249/643/648
f 1247/643/651 1249/643/651 1250/645/651
f 1247/643/652 1252/645/652 1251/646/652
f 1247/643/651 1250/645/651 1252/645/651
f 1247/643/652 1251/646/652 1253/647/652
f 1247/643/653 1253/647/653 1248/644/653
f 1249/643/654 1254/646/654 1250/645/654
f 1250/645/655 1254/646/655 1255/648/655
f 1250/645/656 1255/648/656 1256/649/656
f 1250/645/657 1256/649/657 1257/649/657
f 1250/645/657 1257/649/657 1252/645/657
f 1257/649/658 1255/648/658 1256/649/658
f 1257/649/658 1258/648/658 1255/648/658
f 1259/650/659 1258/648/659 1257/649/659
f 1259/650/660 1257/649/660 1256/649/660
f 1252/645/661 1257/649/661 1258/648/661
f 1254/646/662 1258/648/662 1255/648/662
f 1254/646/662 1251/646/662 1258/648/662
f 1260/651/663 1255/648/663 1258/648/663
f 1259/650/664 1260/651/664 1258/648/664
f 1252/645/665 1258/648/665 1251/646/665
f 1260/651/663 1261/651/663 1255/648/663
f 1262/652/666 1261/651/666 1260/651/666
f 1263/653/667 1262/652/667 1260/651/667
f 1263/653/667 1260/651/667 1259/650/667
f 1264/654/668 1262/652/668 1263/653/668
f 1264/654/669 1263/653/669 1265/655/669
f 1265/655/670 1263/653/670 1266/653/670
f 1266/653/671 1263/653/671 1259/650/671
f 1265/655/299 1268/656/299 1267/657/299
f 1269/658/672 1265/655/672 1267/657/672
f 1265/655/670 1266/653/670 1270/655/670
f 1270/655/673 1271/659/673 1265/655/673
f 1269/658/672 1264/654/672 1265/655/672
f 1273/656/674 1271/659/674 1272/659/674
f 1270/655/294 1273/656/294 1272/659/294
f 1274/657/675 1268/656/675 1273/656/675
f 1275/658/676 1274/657/676 1270/655/676
f 1275/658/677 1276/660/677 1274/657/677
f 1277/660/489 1267/657/489 1274/657/489
f 1277/660/489 1274/657/489 1276/660/489
f 1275/658/677 1278/661/677 1276/660/677
f 1276/660/488 1279/662/488 1277/660/488
f 1278/661/678 1280/662/678 1276/660/678
f 1276/660/488 1280/662/488 1279/662/488
f 1279/662/679 1281/661/679 1277/660/679
f 1279/662/679 1282/663/679 1281/661/679
f 1279/662/680 1283/664/680 1282/663/680
f 1279/662/681 1280/662/681 1284/665/681
f 1279/662/681 1284/665/681 1285/665/681
f 1279/662/680 1285/665/680 1283/664/680
f 1283/664/682 1284/665/682 1286/664/682
f 1280/662/683 1286/664/683 1284/665/683
f 1283/664/684 1285/665/684 1284/665/684
f 1282/663/685 1286/664/685 1287/663/685
f 1280/662/683 1287/663/683 1286/664/683
f 1282/663/686 1283/664/686 1286/664/686
f 1278/661/478 1282/663/478 1287/663/478
f 1278/661/678 1287/663/678 1280/662/678
f 1278/661/478 1281/661/478 1282/663/478
f 1269/658/477 1281/661/477 1278/661/477
f 1277/660/687 1281/661/687 1269/658/687
f 1269/658/477 1278/661/477 1275/658/477
f 1277/660/687 1269/658/687 1267/657/687
f 1269/658/688 1275/658/688 1288/654/688
f 1275/658/676 1270/655/676 1288/654/676
f 1269/658/688 1288/654/688 1264/654/688
f 1288/654/689 1270/655/689 1266/653/689
f 1264/654/690 1288/654/690 1289/652/690
f 1288/654/691 1266/653/691 1289/652/691
f 1266/653/692 1261/651/692 1289/652/692
f 1262/652/666 1289/652/666 1261/651/666
f 1264/654/690 1289/652/690 1262/652/690
f 1266/653/692 1290/650/692 1261/651/692
f 1266/653/671 1259/650/671 1290/650/671
f 1290/650/693 1255/648/693 1261/651/693
f 1290/650/694 1256/649/694 1255/648/694
f 1259/650/660 1256/649/660 1290/650/660
f 1249/643/654 1291/647/654 1254/646/654
f 1291/647/695 1251/646/695 1254/646/695
f 1292/644/696 1291/647/696 1249/643/696
f 1291/647/695 1253/647/695 1251/646/695
f 1248/644/697 1253/647/697 1291/647/697
f 1248/644/697 1291/647/697 1292/644/697
f 1292/644/698 1249/643/698 1242/640/698
f 1236/639/644 1292/644/644 1242/640/644
f 1235/639/699 1248/644/699 1292/644/699
f 1235/639/699 1292/644/699 1236/639/699
f 1233/637/435 1232/636/435 1239/636/435
f 1239/636/700 1232/636/700 1293/666/700
f 1239/636/701 1294/667/701 1231/634/701
f 1239/636/700 1293/666/700 1295/668/700
f 1239/636/701 1295/668/701 1294/667/701
f 1294/667/702 1295/668/702 1293/666/702
f 1231/634/703 1294/667/703 1296/669/703
f 1294/667/704 1293/666/704 1296/669/704
f 1232/636/705 1296/669/705 1293/666/705
f 1232/636/705 1230/634/705 1296/669/705
f 1231/634/703 1296/669/703 1230/634/703
f 1299/670/706 1298/671/706 1297/671/706
f 1297/671/294 1300/672/294 1299/670/294
f 1299/670/706 1301/670/706 1298/671/706
f 1302/672/707 1299/670/707 1300/672/707
f 1302/672/707 1301/670/707 1299/670/707
f 1298/671/299 1301/670/299 1302/672/299
f 1304/673/294 1303/674/294 1300/672/294
f 1297/671/294 1304/673/294 1300/672/294
f 1305/674/708 1300/672/708 1303/674/708
f 1305/674/708 1302/672/708 1300/672/708
f 1306/675/709 1305/674/709 1303/674/709
f 1307/673/299 1305/674/299 1306/675/299
f 1307/673/299 1302/672/299 1305/674/299
f 1306/675/709 1303/674/709 1308/675/709
f 1304/673/710 1306/675/710 1308/675/710
f 1304/673/710 1307/673/710 1306/675/710
f 1304/673/294 1308/675/294 1303/674/294
f 1298/671/711 1307/673/711 1304/673/711
f 1298/671/299 1302/672/299 1307/673/299
f 1298/671/711 1304/673/711 1297/671/711
f 1311/676/712 1310/677/712 1309/678/712
f 1311/676/713 1312/679/713 1310/677/713
f 1311/676/712 1309/678/712 1313/680/712
f 1314/681/714 1311/676/714 1313/680/714
f 1311/676/715 1314/681/715 1315/681/715
f 1311/676/715 1315/681/715 1316/676/715
f 1311/676/713 1316/676/713 1312/679/713
f 1317/682/716 1312/679/716 1316/676/716
f 1309/678/717 1310/677/717 1312/679/717
f 1309/678/718 1312/679/718 1317/682/718
f 1317/682/716 1316/676/716 1318/680/716
f 1313/680/719 1309/678/719 1317/682/719
f 1313/680/719 1317/682/719 1318/680/719
f 1315/681/720 1318/680/720 1316/676/720
f 1315/681/720 1319/683/720 1318/680/720
f 1320/683/721 1318/680/721 1319/683/721
f 1320/683/721 1313/680/721 1318/680/721
f 1314/681/714 1313/680/714 1320/683/714
f 1319/683/722 1314/681/722 1320/683/722
f 1319/683/722 1315/681/722 1314/681/722
f 1323/684/723 1322/685/723 1321/686/723
f 1323/684/724 1324/687/724 1322/685/724
f 1323/684/723 1321/686/723 1325/688/723
f 1327/689/725 1326/690/725 1323/684/725
f 1327/689/725 1323/684/725 1325/688/725
f 1323/684/726 1326/690/726 1328/690/726
f 1323/684/726 1328/690/726 1329/684/726
f 1323/684/724 1329/684/724 1324/687/724
f 1325/688/727 1321/686/727 1330/691/727
f 1325/688/727 1330/691/727 1331/688/727
f 1325/688/728 1331/688/728 1332/689/728
f 1325/688/728 1332/689/728 1327/689/728
f 1329/684/729 1332/689/729 1331/688/729
f 1332/689/730 1326/690/730 1327/689/730
f 1329/684/729 1328/690/729 1332/689/729
f 1332/689/730 1328/690/730 1326/690/730
f 1330/691/731 1329/684/731 1331/688/731
f 1330/691/731 1324/687/731 1329/684/731
f 1321/686/732 1324/687/732 1330/691/732
f 1321/686/733 1322/685/733 1324/687/733
f 1335/692/734 1334/693/734 1333/694/734
f 1335/692/719 1336/695/719 1334/693/719
f 1335/692/734 1333/694/734 1337/696/734
f 1338/697/735 1335/692/735 1337/696/735
f 1335/692/721 1338/697/721 1339/697/721
f 1335/692/721 1339/697/721 1340/692/721
f 1335/692/719 1340/692/719 1336/695/719
f 1341/698/736 1336/695/736 1340/692/736
f 1333/694/737 1336/695/737 1341/698/737
f 1333/694/738 1334/693/738 1336/695/738
f 1337/696/713 1333/694/713 1341/698/713
f 1337/696/713 1341/698/713 1342/696/713
f 1341/698/736 1340/692/736 1342/696/736
f 1339/697/739 1343/699/739 1342/696/739
f 1344/699/715 1342/696/715 1343/699/715
f 1344/699/715 1337/696/715 1342/696/715
f 1339/697/739 1342/696/739 1340/692/739
f 1338/697/735 1337/696/735 1344/699/735
f 1344/699/740 1343/699/740 1339/697/740
f 1344/699/740 1339/697/740 1338/697/740
f 1347/700/741 1346/701/741 1345/701/741
f 1345/701/299 1348/702/299 1347/700/299
f 1347/700/741 1349/700/741 1346/701/741
f 1350/702/742 1347/700/742 1348/702/742
f 1350/702/742 1349/700/742 1347/700/742
f 1346/701/294 1349/700/294 1350/702/294
f 1351/703/743 1350/702/743 1348/702/743
f 1345/701/299 1352/704/299 1348/702/299
f 1352/704/299 1353/703/299 1348/702/299
f 1351/703/743 1348/702/743 1353/703/743
f 1354/705/744 1351/703/744 1353/703/744
f 1355/704/294 1351/703/294 1354/705/294
f 1355/704/294 1350/702/294 1351/703/294
f 1354/705/744 1353/703/744 1356/705/744
f 1355/704/745 1354/705/745 1356/705/745
f 1355/704/745 1356/705/745 1352/704/745
f 1352/704/299 1356/705/299 1353/703/299
f 1346/701/294 1350/702/294 1355/704/294
f 1346/701/746 1355/704/746 1352/704/746
f 1346/701/746 1352/704/746 1345/701/746
f 1359/706/747 1358/707/747 1357/706/747
f 1360/708/748 1359/706/748 1357/706/748
f 1358/707/294 1360/708/294 1357/706/294
f 1358/707/294 1361/709/294 1360/708/294
f 1360/708/748 1362/708/748 1359/706/748
f 1363/710/749 1362/708/749 1360/708/749
f 1361/709/294 1364/710/294 1360/708/294
f 1363/710/749 1360/708/749 1364/710/749
f 1365/711/750 1363/710/750 1364/710/750
f 1366/709/299 1363/710/299 1365/711/299
f 1366/709/299 1362/708/299 1363/710/299
f 1365/711/750 1364/710/750 1367/711/750
f 1366/709/751 1365/711/751 1367/711/751
f 1366/709/751 1367/711/751 1361/709/751
f 1361/709/294 1367/711/294 1364/710/294
f 1368/707/299 1362/708/299 1366/709/299
f 1368/707/752 1366/709/752 1361/709/752
f 1368/707/752 1361/709/752 1358/707/752
f 1359/706/747 1368/707/747 1358/707/747
f 1368/707/299 1359/706/299 1362/708/299
f 1371/712/753 1370/713/753 1369/714/753
f 1371/712/754 1372/715/754 1370/713/754
f 1371/712/753 1369/714/753 1373/716/753
f 1375/717/755 1374/718/755 1371/712/755
f 1375/717/755 1371/712/755 1373/716/755
f 1371/712/756 1374/718/756 1376/718/756
f 1371/712/756 1376/718/756 1377/712/756
f 1371/712/754 1377/712/754 1372/715/754
f 1373/716/757 1369/714/757 1378/719/757
f 1373/716/757 1378/719/757 1379/716/757
f 1373/716/758 1379/716/758 1380/717/758
f 1373/716/758 1380/717/758 1375/717/758
f 1377/712/759 1376/718/759 1380/717/759
f 1377/712/759 1380/717/759 1379/716/759
f 1380/717/760 1376/718/760 1374/718/760
f 1380/717/760 1374/718/760 1375/717/760
f 1378/719/761 1377/712/761 1379/716/761
f 1378/719/762 1372/715/762 1377/712/762
f 1369/714/763 1372/715/763 1378/719/763
f 1369/714/764 1370/713/764 1372/715/764
f 1383/720/761 1382/721/761 1381/722/761
f 1383/720/765 1384/723/765 1382/721/765
f 1383/720/761 1381/722/761 1385/724/761
f 1387/725/766 1386/726/766 1383/720/766
f 1387/725/766 1383/720/766 1385/724/766
f 1383/720/767 1386/726/767 1388/726/767
f 1383/720/767 1388/726/767 1389/720/767
f 1383/720/765 1389/720/765 1384/723/765
f 1385/724/768 1381/722/768 1390/727/768
f 1385/724/768 1390/727/768 1391/724/768
f 1387/725/769 1385/724/769 1391/724/769
f 1390/727/753 1389/720/753 1391/724/753
f 1389/720/770 1392/725/770 1391/724/770
f 1387/725/769 1391/724/769 1392/725/769
f 1389/720/770 1388/726/770 1392/725/770
f 1387/725/771 1392/725/771 1388/726/771
f 1390/727/753 1384/723/753 1389/720/753
f 1381/722/772 1384/723/772 1390/727/772
f 1381/722/773 1382/721/773 1384/723/773
f 1387/725/771 1388/726/771 1386/726/771
f 1395/728/774 1394/729/774 1393/729/774
f 1393/729/299 1396/730/299 1395/728/299
f 1395/728/774 1397/728/774 1394/729/774
f 1398/730/775 1395/728/775 1396/730/775
f 1398/730/775 1397/728/775 1395/728/775
f 1394/729/294 1397/728/294 1398/730/294
f 1400/731/299 1399/732/299 1396/730/299
f 1393/729/299 1400/731/299 1396/730/299
f 1399/732/776 1398/730/776 1396/730/776
f 1402/733/777 1399/732/777 1401/733/777
f 1402/733/777 1403/732/777 1399/732/777
f 1400/731/299 1401/733/299 1399/732/299
f 1399/732/776 1403/732/776 1398/730/776
f 1404/731/294 1403/732/294 1402/733/294
f 1404/731/294 1398/730/294 1403/732/294
f 1400/731/778 1404/731/778 1402/733/778
f 1394/729/779 1404/731/779 1400/731/779
f 1394/729/294 1398/730/294 1404/731/294
f 1400/731/778 1402/733/778 1401/733/778
f 1394/729/779 1400/731/779 1393/729/779
f 1407/734/780 1406/735/780 1405/736/780
f 1407/734/781 1408/737/781 1406/735/781
f 1407/734/780 1405/736/780 1409/738/780
f 1411/739/782 1410/740/782 1407/734/782
f 1411/739/782 1407/734/782 1409/738/782
f 1407/734/783 1410/740/783 1412/740/783
f 1407/734/783 1412/740/783 1413/734/783
f 1407/734/781 1413/734/781 1408/737/781
f 1409/738/784 1405/736/784 1414/741/784
f 1409/738/784 1414/741/784 1415/738/784
f 1409/738/785 1415/738/785 1416/739/785
f 1409/738/785 1416/739/785 1411/739/785
f 1413/734/786 1416/739/786 1415/738/786
f 1416/739/787 1410/740/787 1411/739/787
f 1413/734/786 1412/740/786 1416/739/786
f 1416/739/787 1412/740/787 1410/740/787
f 1414/741/788 1413/734/788 1415/738/788
f 1414/741/788 1408/737/788 1413/734/788
f 1405/736/789 1408/737/789 1414/741/789
f 1405/736/790 1406/735/790 1408/737/790
f 1419/742/791 1418/743/791 1417/744/791
f 1419/742/792 1420/745/792 1418/743/792
f 1419/742/791 1417/744/791 1421/746/791
f 1423/747/793 1422/748/793 1419/742/793
f 1423/747/793 1419/742/793 1421/746/793
f 1419/742/794 1422/748/794 1424/748/794
f 1419/742/794 1424/748/794 1425/742/794
f 1419/742/792 1425/742/792 1420/745/792
f 1421/746/795 1417/744/795 1426/749/795
f 1421/746/795 1426/749/795 1427/746/795
f 1423/747/796 1421/746/796 1427/746/796
f 1426/749/797 1425/742/797 1427/746/797
f 1425/742/798 1428/747/798 1427/746/798
f 1423/747/796 1427/746/796 1428/747/796
f 1428/747/799 1422/748/799 1423/747/799
f 1425/742/798 1424/748/798 1428/747/798
f 1428/747/799 1424/748/799 1422/748/799
f 1426/749/797 1420/745/797 1425/742/797
f 1417/744/800 1420/745/800 1426/749/800
f 1417/744/801 1418/743/801 1420/745/801
f 1431/750/802 1430/751/802 1429/750/802
f 1432/752/803 1431/750/803 1429/750/803
f 1430/751/299 1433/752/299 1429/750/299
f 1432/752/803 1429/750/803 1433/752/803
f 1434/753/804 1432/752/804 1433/752/804
f 1430/751/299 1435/754/299 1433/752/299
f 1435/754/299 1436/753/299 1433/752/299
f 1434/753/804 1433/752/804 1436/753/804
f 1437/755/805 1434/753/805 1436/753/805
f 1438/754/294 1434/753/294 1437/755/294
f 1438/754/294 1432/752/294 1434/753/294
f 1437/755/805 1436/753/805 1439/755/805
f 1438/754/806 1437/755/806 1439/755/806
f 1438/754/806 1439/755/806 1435/754/806
f 1435/754/299 1439/755/299 1436/753/299
f 1440/751/294 1432/752/294 1438/754/294
f 1440/751/807 1438/754/807 1435/754/807
f 1440/751/807 1435/754/807 1430/751/807
f 1431/750/802 1440/751/802 1430/751/802
f 1440/751/294 1431/750/294 1432/752/294
f 1443/756/808 1442/757/808 1441/756/808
f 1444/758/809 1443/756/809 1441/756/809
f 1442/757/294 1445/758/294 1441/756/294
f 1444/758/809 1441/756/809 1445/758/809
f 1446/759/810 1444/758/810 1445/758/810
f 1442/757/294 1447/760/294 1445/758/294
f 1447/760/294 1448/759/294 1445/758/294
f 1446/759/810 1445/758/810 1448/759/810
f 1449/761/811 1446/759/811 1448/759/811
f 1450/760/299 1446/759/299 1449/761/299
f 1450/760/299 1444/758/299 1446/759/299
f 1447/760/812 1449/761/812 1451/761/812
f 1449/761/811 1448/759/811 1451/761/811
f 1447/760/812 1450/760/812 1449/761/812
f 1447/760/294 1451/761/294 1448/759/294
f 1442/757/813 1450/760/813 1447/760/813
f 1442/757/813 1452/757/813 1450/760/813
f 1452/757/299 1444/758/299 1450/760/299
f 1443/756/808 1452/757/808 1442/757/808
f 1452/757/299 1443/756/299 1444/758/299
f 1455/762/814 1454/763/814 1453/764/814
f 1455/762/727 1456/765/727 1454/763/727
f 1455/762/814 1453/764/814 1457/766/814
f 1459/767/815 1458/768/815 1455/762/815
f 1459/767/815 1455/762/815 1457/766/815
f 1458/768/728 1460/762/728 1455/762/728
f 1455/762/727 1460/762/727 1456/765/727
f 1457/766/724 1453/764/724 1461/769/724
f 1457/766/724 1461/769/724 1462/766/724
f 1457/766/726 1462/766/726 1463/767/726
f 1457/766/726 1463/767/726 1459/767/726
f 1464/768/816 1463/767/816 1462/766/816
f 1463/767/817 1464/768/817 1458/768/817
f 1463/767/817 1458/768/817 1459/767/817
f 1458/768/728 1464/768/728 1460/762/728
f 1464/768/816 1462/766/816 1460/762/816
f 1461/769/818 1460/762/818 1462/766/818
f 1461/769/818 1456/765/818 1460/762/818
f 1453/764/819 1456/765/819 1461/769/819
f 1453/764/820 1454/763/820 1456/765/820
f 1467/770/821 1466/771/821 1465/771/821
f 1465/771/299 1468/772/299 1467/770/299
f 1467/770/821 1469/770/821 1466/771/821
f 1470/772/822 1467/770/822 1468/772/822
f 1470/772/822 1469/770/822 1467/770/822
f 1466/771/294 1469/770/294 1470/772/294
f 1472/773/299 1471/774/299 1468/772/299
f 1465/771/299 1472/773/299 1468/772/299
f 1471/774/823 1470/772/823 1468/772/823
f 1474/775/824 1471/774/824 1473/775/824
f 1474/775/824 1475/774/824 1471/774/824
f 1472/773/299 1473/775/299 1471/774/299
f 1471/774/823 1475/774/823 1470/772/823
f 1476/773/294 1475/774/294 1474/775/294
f 1476/773/294 1470/772/294 1475/774/294
f 1476/773/825 1473/775/825 1472/773/825
f 1466/771/826 1476/773/826 1472/773/826
f 1466/771/294 1470/772/294 1476/773/294
f 1476/773/825 1474/775/825 1473/775/825
f 1466/771/826 1472/773/826 1465/771/826
f 1479/776/827 1478/777/827 1477/776/827
f 1480/778/828 1479/776/828 1477/776/828
f 1478/777/294 1480/778/294 1477/776/294
f 1482/779/294 1481/780/294 1480/778/294
f 1478/777/294 1482/779/294 1480/778/294
f 1483/780/829 1480/778/829 1481/780/829
f 1480/778/828 1484/778/828 1479/776/828
f 1483/780/829 1484/778/829 1480/778/829
f 1486/777/299 1484/778/299 1485/779/299
f 1485/779/299 1484/778/299 1483/780/299
f 1486/777/299 1479/776/299 1484/778/299
f 1479/776/827 1486/777/827 1478/777/827
f 1478/777/830 1486/777/830 1485/779/830
f 1478/777/830 1485/779/830 1482/779/830
f 1482/779/831 1485/779/831 1487/781/831
f 1485/779/299 1483/780/299 1487/781/299
f 1487/781/832 1481/780/832 1488/781/832
f 1487/781/832 1483/780/832 1481/780/832
f 1482/779/831 1487/781/831 1488/781/831
f 1482/779/294 1488/781/294 1481/780/294
f 1491/782/833 1490/783/833 1489/784/833
f 1491/782/784 1492/785/784 1490/783/784
f 1491/782/833 1489/784/833 1493/786/833
f 1495/787/834 1494/788/834 1491/782/834
f 1495/787/834 1491/782/834 1493/786/834
f 1494/788/785 1496/782/785 1491/782/785
f 1491/782/784 1496/782/784 1492/785/784
f 1493/786/781 1489/784/781 1497/789/781
f 1493/786/781 1497/789/781 1498/786/781
f 1493/786/783 1498/786/783 1499/787/783
f 1493/786/783 1499/787/783 1495/787/783
f 1496/782/835 1499/787/835 1498/786/835
f 1499/787/836 1494/788/836 1495/787/836
f 1496/782/835 1500/788/835 1499/787/835
f 1499/787/836 1500/788/836 1494/788/836
f 1494/788/785 1500/788/785 1496/782/785
f 1497/789/837 1496/782/837 1498/786/837
f 1497/789/837 1492/785/837 1496/782/837
f 1489/784/838 1492/785/838 1497/789/838
f 1489/784/839 1490/783/839 1492/785/839
f 1503/790/840 1502/791/840 1501/792/840
f 1503/790/795 1504/793/795 1502/791/795
f 1503/790/840 1501/792/840 1505/794/840
f 1507/795/841 1506/796/841 1503/790/841
f 1507/795/841 1503/790/841 1505/794/841
f 1506/796/796 1508/790/796 1503/790/796
f 1503/790/795 1508/790/795 1504/793/795
f 1505/794/792 1501/792/792 1509/797/792
f 1505/794/792 1509/797/792 1510/794/792
f 1507/795/794 1505/794/794 1510/794/794
f 1512/796/842 1511/795/842 1510/794/842
f 1507/795/794 1510/794/794 1511/795/794
f 1509/797/843 1508/790/843 1510/794/843
f 1512/796/842 1510/794/842 1508/790/842
f 1506/796/796 1512/796/796 1508/790/796
f 1511/795/844 1512/796/844 1506/796/844
f 1511/795/844 1506/796/844 1507/795/844
f 1509/797/843 1504/793/843 1508/790/843
f 1501/792/845 1504/793/845 1509/797/845
f 1501/792/846 1502/791/846 1504/793/846
f 1515/798/847 1514/799/847 1513/799/847
f 1513/799/299 1516/800/299 1515/798/299
f 1515/798/847 1517/798/847 1514/799/847
f 1516/800/848 1517/798/848 1515/798/848
f 1516/800/848 1518/800/848 1517/798/848
f 1514/799/294 1517/798/294 1518/800/294
f 1519/801/849 1518/800/849 1516/800/849
f 1514/799/294 1518/800/294 1520/802/294
f 1520/802/294 1518/800/294 1519/801/294
f 1519/801/849 1516/800/849 1521/801/849
f 1522/803/850 1519/801/850 1521/801/850
f 1520/802/294 1519/801/294 1522/803/294
f 1522/803/850 1521/801/850 1523/803/850
f 1520/802/851 1522/803/851 1523/803/851
f 1520/802/851 1523/803/851 1524/802/851
f 1524/802/299 1523/803/299 1521/801/299
f 1514/799/852 1524/802/852 1513/799/852
f 1513/799/299 1524/802/299 1516/800/299
f 1514/799/852 1520/802/852 1524/802/852
f 1524/802/299 1521/801/299 1516/800/299
f 1527/804/853 1526/805/853 1525/804/853
f 1528/806/854 1527/804/854 1525/804/854
f 1526/805/294 1529/806/294 1525/804/294
f 1528/806/854 1525/804/854 1529/806/854
f 1530/807/855 1528/806/855 1529/806/855
f 1526/805/294 1531/808/294 1529/806/294
f 1531/808/294 1532/807/294 1529/806/294
f 1530/807/855 1529/806/855 1532/807/855
f 1533/809/856 1530/807/856 1532/807/856
f 1534/808/299 1530/807/299 1533/809/299
f 1534/808/299 1528/806/299 1530/807/299
f 1533/809/856 1532/807/856 1535/809/856
f 1534/808/857 1533/809/857 1535/809/857
f 1534/808/857 1535/809/857 1531/808/857
f 1531/808/294 1535/809/294 1532/807/294
f 1536/805/299 1528/806/299 1534/808/299
f 1536/805/858 1534/808/858 1531/808/858
f 1536/805/858 1531/808/858 1526/805/858
f 1527/804/853 1536/805/853 1526/805/853
f 1536/805/299 1527/804/299 1528/806/299
f 1539/810/859 1538/811/859 1537/812/859
f 1539/810/757 1540/813/757 1538/811/757
f 1539/810/859 1537/812/859 1541/814/859
f 1543/815/860 1542/816/860 1539/810/860
f 1543/815/860 1539/810/860 1541/814/860
f 1539/810/758 1542/816/758 1544/816/758
f 1539/810/758 1544/816/758 1545/810/758
f 1539/810/757 1545/810/757 1540/813/757
f 1541/814/754 1537/812/754 1546/817/754
f 1541/814/754 1546/817/754 1547/814/754
f 1543/815/756 1541/814/756 1547/814/756
f 1546/817/861 1545/810/861 1547/814/861
f 1545/810/862 1548/815/862 1547/814/862
f 1543/815/756 1547/814/756 1548/815/756
f 1545/810/862 1544/816/862 1548/815/862
f 1548/815/863 1544/816/863 1542/816/863
f 1548/815/863 1542/816/863 1543/815/863
f 1546/817/864 1540/813/864 1545/810/864
f 1537/812/865 1540/813/865 1546/817/865
f 1537/812/866 1538/811/866 1540/813/866
f 1551/818/861 1550/819/861 1549/820/861
f 1551/818/768 1552/821/768 1550/819/768
f 1551/818/861 1549/820/861 1553/822/861
f 1555/823/867 1554/824/867 1551/818/867
f 1555/823/867 1551/818/867 1553/822/867
f 1551/818/769 1554/824/769 1556/824/769
f 1551/818/769 1556/824/769 1557/818/769
f 1551/818/768 1557/818/768 1552/821/768
f 1553/822/765 1549/820/765 1558/825/765
f 1553/822/765 1558/825/765 1559/822/765
f 1555/823/767 1553/822/767 1559/822/767
f 1558/825/859 1557/818/859 1559/822/859
f 1557/818/868 1560/823/868 1559/822/868
f 1555/823/767 1559/822/767 1560/823/767
f 1557/818/868 1556/824/868 1560/823/868
f 1560/823/869 1556/824/869 1554/824/869
f 1560/823/869 1554/824/869 1555/823/869
f 1558/825/859 1552/821/859 1557/818/859
f 1549/820/870 1552/821/870 1558/825/870
f 1549/820/871 1550/819/871 1552/821/871
f 1563/826/872 1562/827/872 1561/826/872
f 1564/828/873 1563/826/873 1561/826/873
f 1562/827/299 1564/828/299 1561/826/299
f 1566/829/299 1565/830/299 1564/828/299
f 1562/827/299 1566/829/299 1564/828/299
f 1567/830/874 1564/828/874 1565/830/874
f 1564/828/873 1568/828/873 1563/826/873
f 1567/830/874 1568/828/874 1564/828/874
f 1570/827/294 1568/828/294 1569/829/294
f 1569/829/294 1568/828/294 1567/830/294
f 1570/827/294 1563/826/294 1568/828/294
f 1563/826/872 1570/827/872 1562/827/872
f 1570/827/875 1566/829/875 1562/827/875
f 1570/827/875 1569/829/875 1566/829/875
f 1569/829/876 1571/831/876 1566/829/876
f 1569/829/294 1567/830/294 1572/831/294
f 1569/829/876 1572/831/876 1571/831/876
f 1571/831/877 1572/831/877 1567/830/877
f 1571/831/877 1567/830/877 1565/830/877
f 1566/829/299 1571/831/299 1565/830/299
f 1575/832/878 1574/833/878 1573/832/878
f 1576/834/879 1575/832/879 1573/832/879
f 1574/833/294 1577/834/294 1573/832/294
f 1576/834/879 1573/832/879 1577/834/879
f 1579/835/294 1578/836/294 1577/834/294
f 1574/833/294 1579/835/294 1577/834/294
f 1580/836/880 1577/834/880 1578/836/880
f 1580/836/880 1576/834/880 1577/834/880
f 1581/837/881 1580/836/881 1578/836/881
f 1582/835/299 1580/836/299 1581/837/299
f 1582/835/299 1576/834/299 1580/836/299
f 1581/837/881 1578/836/881 1583/837/881
f 1582/835/882 1581/837/882 1583/837/882
f 1579/835/294 1583/837/294 1578/836/294
f 1582/835/882 1583/837/882 1579/835/882
f 1574/833/883 1582/835/883 1579/835/883
f 1584/833/299 1576/834/299 1582/835/299
f 1574/833/883 1584/833/883 1582/835/883
f 1575/832/878 1584/833/878 1574/833/878
f 1584/833/299 1575/832/299 1576/834/299
f 1587/838/293 1586/839/293 1585/838/293
f 1587/838/293 1588/839/293 1586/839/293
f 1585/838/884 1586/839/884 1589/840/884
f 1589/840/885 1591/841/885 1590/842/885
f 1588/839/886 1591/841/886 1586/839/886
f 1590/842/887 1591/841/887 1592/841/887
f 1593/840/888 1592/841/888 1588/839/888
f 1590/842/887 1592/841/887 1594/842/887
f 1593/840/889 1590/842/889 1594/842/889
f 1587/838/890 1593/840/890 1588/839/890
f 1589/840/289 1593/840/289 1595/843/289
f 1587/838/890 1595/843/890 1593/840/890
f 1589/840/289 1595/843/289 1596/843/289
f 1587/838/891 1597/844/891 1595/843/891
f 1597/844/892 1596/843/892 1595/843/892
f 1585/838/884 1589/840/884 1596/843/884
f 1585/838/893 1596/843/893 1598/845/893
f 1597/844/892 1598/845/892 1596/843/892
f 1585/838/893 1598/845/893 1599/846/893
f 1599/846/894 1598/845/894 1597/844/894
f 1600/847/895 1585/838/895 1599/846/895
f 1599/846/896 1597/844/896 1600/847/896
f 1587/838/891 1600/847/891 1597/844/891
f 1600/847/895 1587/838/895 1585/838/895
f 1603/848/442 1602/849/442 1601/848/442
f 1603/848/442 1604/849/442 1602/849/442
f 1601/848/897 1602/849/897 1605/850/897
f 1605/850/898 1607/851/898 1606/852/898
f 1604/849/899 1607/851/899 1602/849/899
f 1606/852/900 1607/851/900 1608/851/900
f 1609/850/901 1608/851/901 1604/849/901
f 1606/852/900 1608/851/900 1610/852/900
f 1605/850/902 1610/852/902 1609/850/902
f 1603/848/903 1609/850/903 1604/849/903
f 1605/850/438 1609/850/438 1611/853/438
f 1603/848/903 1611/853/903 1609/850/903
f 1605/850/438 1611/853/438 1612/853/438
f 1603/848/904 1613/854/904 1611/853/904
f 1613/854/905 1612/853/905 1611/853/905
f 1601/848/897 1605/850/897 1612/853/897
f 1601/848/906 1612/853/906 1614/855/906
f 1613/854/905 1614/855/905 1612/853/905
f 1601/848/906 1614/855/906 1615/856/906
f 1615/856/907 1614/855/907 1613/854/907
f 1616/857/908 1601/848/908 1615/856/908
f 1615/856/909 1613/854/909 1616/857/909
f 1603/848/904 1616/857/904 1613/854/904
f 1616/857/908 1603/848/908 1601/848/908
f 1619/858/294 1618/859/294 1617/860/294
f 1620/858/910 1619/858/910 1617/860/910
f 1619/858/294 1621/861/294 1618/859/294
f 1622/861/384 1619/858/384 1620/858/384
f 1622/861/384 1621/861/384 1619/858/384
f 1618/859/911 1621/861/911 1622/861/911
f 1620/858/910 1617/860/910 1623/860/910
f 1620/858/299 1623/860/299 1624/859/299
f 1620/858/299 1624/859/299 1622/861/299
f 1618/859/911 1622/861/911 1624/859/911
f 1617/860/527 1618/859/527 1624/859/527
f 1617/860/527 1624/859/527 1623/860/527
f 1627/862/341 1626/863/341 1625/862/341
f 1627/862/341 1628/863/341 1626/863/341
f 1625/862/912 1626/863/912 1629/864/912
f 1629/864/913 1631/865/913 1630/866/913
f 1628/863/914 1631/865/914 1626/863/914
f 1630/866/915 1631/865/915 1632/865/915
f 1633/864/916 1632/865/916 1628/863/916
f 1630/866/917 1632/865/917 1634/866/917
f 1629/864/918 1634/866/918 1633/864/918
f 1627/862/919 1633/864/919 1628/863/919
f 1629/864/330 1633/864/330 1635/867/330
f 1627/862/919 1635/867/919 1633/864/919
f 1629/864/330 1635/867/330 1636/867/330
f 1627/862/920 1637/868/920 1635/867/920
f 1637/868/921 1636/867/921 1635/867/921
f 1625/862/912 1629/864/912 1636/867/912
f 1625/862/922 1636/867/922 1638/869/922
f 1637/868/921 1638/869/921 1636/867/921
f 1625/862/922 1638/869/922 1639/870/922
f 1639/870/923 1638/869/923 1637/868/923
f 1640/871/924 1625/862/924 1639/870/924
f 1639/870/925 1637/868/925 1640/871/925
f 1627/862/920 1640/871/920 1637/868/920
f 1640/871/924 1627/862/924 1625/862/924
f 1643/872/299 1642/873/299 1641/874/299
f 1644/872/926 1643/872/926 1641/874/926
f 1643/872/299 1645/875/299 1642/873/299
f 1646/875/384 1643/872/384 1644/872/384
f 1646/875/384 1645/875/384 1643/872/384
f 1642/873/927 1645/875/927 1646/875/927
f 1644/872/926 1641/874/926 1647/874/926
f 1644/872/294 1647/874/294 1648/873/294
f 1644/872/294 1648/873/294 1646/875/294
f 1642/873/927 1646/875/927 1648/873/927
f 1641/874/527 1642/873/527 1648/873/527
f 1641/874/527 1648/873/527 1647/874/527
f 1651/876/369 1650/877/369 1649/876/369
f 1651/876/369 1652/877/369 1650/877/369
f 1649/876/928 1650/877/928 1653/878/928
f 1653/878/929 1655/879/929 1654/880/929
f 1652/877/930 1655/879/930 1650/877/930
f 1654/880/931 1655/879/931 1656/879/931
f 1657/878/932 1656/879/932 1652/877/932
f 1654/880/931 1656/879/931 1658/880/931
f 1653/878/933 1658/880/933 1657/878/933
f 1651/876/934 1657/878/934 1652/877/934
f 1653/878/365 1657/878/365 1659/881/365
f 1651/876/934 1659/881/934 1657/878/934
f 1653/878/365 1659/881/365 1660/881/365
f 1651/876/935 1661/882/935 1659/881/935
f 1661/882/936 1660/881/936 1659/881/936
f 1649/876/928 1653/878/928 1660/881/928
f 1649/876/937 1660/881/937 1662/883/937
f 1661/882/936 1662/883/936 1660/881/936
f 1649/876/937 1662/883/937 1663/884/937
f 1663/884/938 1662/883/938 1661/882/938
f 1664/885/939 1649/876/939 1663/884/939
f 1663/884/940 1661/882/940 1664/885/940
f 1651/876/935 1664/885/935 1661/882/935
f 1664/885/939 1651/876/939 1649/876/939
f 1667/886/294 1666/887/294 1665/888/294
f 1668/886/941 1667/886/941 1665/888/941
f 1667/886/294 1669/889/294 1666/887/294
f 1670/889/310 1667/886/310 1668/886/310
f 1670/889/310 1669/889/310 1667/886/310
f 1666/887/942 1669/889/942 1670/889/942
f 1668/886/941 1665/888/941 1671/888/941
f 1668/886/299 1671/888/299 1672/887/299
f 1668/886/299 1672/887/299 1670/889/299
f 1666/887/942 1670/889/942 1672/887/942
f 1665/888/592 1666/887/592 1672/887/592
f 1665/888/592 1672/887/592 1671/888/592
f 1675/890/477 1674/891/477 1673/890/477
f 1675/890/477 1676/891/477 1674/891/477
f 1673/890/943 1674/891/943 1677/892/943
f 1677/892/944 1679/893/944 1678/894/944
f 1674/891/945 1680/893/945 1679/893/945
f 1678/894/946 1679/893/946 1680/893/946
f 1681/892/947 1680/893/947 1676/891/947
f 1678/894/946 1680/893/946 1682/894/946
f 1677/892/948 1682/894/948 1681/892/948
f 1675/890/949 1681/892/949 1676/891/949
f 1677/892/489 1681/892/489 1683/895/489
f 1675/890/949 1683/895/949 1681/892/949
f 1677/892/489 1683/895/489 1684/895/489
f 1675/890/950 1685/896/950 1683/895/950
f 1685/896/951 1684/895/951 1683/895/951
f 1673/890/943 1677/892/943 1684/895/943
f 1673/890/952 1684/895/952 1686/897/952
f 1685/896/951 1686/897/951 1684/895/951
f 1673/890/952 1686/897/952 1687/898/952
f 1687/898/953 1686/897/953 1685/896/953
f 1688/899/954 1673/890/954 1687/898/954
f 1687/898/955 1685/896/955 1688/899/955
f 1675/890/950 1688/899/950 1685/896/950
f 1688/899/954 1675/890/954 1673/890/954
f 1691/900/299 1690/901/299 1689/902/299
f 1692/900/956 1691/900/956 1689/902/956
f 1691/900/299 1693/903/299 1690/901/299
f 1694/903/310 1691/900/310 1692/900/310
f 1694/903/310 1693/903/310 1691/900/310
f 1690/901/957 1693/903/957 1694/903/957
f 1692/900/956 1689/902/956 1695/902/956
f 1692/900/294 1695/902/294 1696/901/294
f 1692/900/294 1696/901/294 1694/903/294
f 1690/901/957 1694/903/957 1696/901/957
f 1689/902/592 1690/901/592 1696/901/592
f 1689/902/592 1696/901/592 1695/902/592
f 1699/904/365 1698/905/365 1697/904/365
f 1699/904/365 1700/905/365 1698/905/365
f 1697/904/958 1698/905/958 1701/906/958
f 1701/906/959 1703/907/959 1702/908/959
f 1700/905/960 1703/907/960 1698/905/960
f 1702/908/961 1703/907/961 1704/907/961
f 1705/906/962 1704/907/962 1700/905/962
f 1702/908/961 1704/907/961 1706/908/961
f 1701/906/963 1706/908/963 1705/906/963
f 1699/904/964 1705/906/964 1700/905/964
f 1701/906/369 1705/906/369 1707/909/369
f 1699/904/964 1707/909/964 1705/906/964
f 1701/906/369 1707/909/369 1708/909/369
f 1699/904/965 1709/910/965 1707/909/965
f 1709/910/939 1708/909/939 1707/909/939
f 1697/904/958 1701/906/958 1708/909/958
f 1697/904/966 1708/909/966 1710/911/966
f 1709/910/939 1710/911/939 1708/909/939
f 1697/904/966 1710/911/966 1711/912/966
f 1711/912/967 1710/911/967 1709/910/967
f 1712/913/936 1697/904/936 1711/912/936
f 1711/912/968 1709/910/968 1712/913/968
f 1699/904/965 1712/913/965 1709/910/965
f 1712/913/936 1699/904/936 1697/904/936
f 1715/914/294 1714/915/294 1713/916/294
f 1716/914/942 1715/914/942 1713/916/942
f 1715/914/294 1717/917/294 1714/915/294
f 1718/917/592 1715/914/592 1716/914/592
f 1718/917/592 1717/917/592 1715/914/592
f 1714/915/941 1717/917/941 1718/917/941
f 1716/914/942 1713/916/942 1719/916/942
f 1716/914/299 1719/916/299 1720/915/299
f 1716/914/299 1720/915/299 1718/917/299
f 1714/915/941 1718/917/941 1720/915/941
f 1713/916/310 1714/915/310 1720/915/310
f 1713/916/310 1720/915/310 1719/916/310
f 1723/918/489 1722/919/489 1721/918/489
f 1723/918/489 1724/919/489 1722/919/489
f 1721/918/969 1722/919/969 1725/920/969
f 1725/920/970 1727/921/970 1726/922/970
f 1722/919/971 1728/921/971 1727/921/971
f 1726/922/972 1727/921/972 1728/921/972
f 1729/920/973 1728/921/973 1724/919/973
f 1726/922/972 1728/921/972 1730/922/972
f 1725/920/974 1730/922/974 1729/920/974
f 1723/918/975 1729/920/975 1724/919/975
f 1725/920/477 1729/920/477 1731/923/477
f 1723/918/975 1731/923/975 1729/920/975
f 1725/920/477 1731/923/477 1732/923/477
f 1723/918/976 1733/924/976 1731/923/976
f 1733/924/954 1732/923/954 1731/923/954
f 1721/918/969 1725/920/969 1732/923/969
f 1721/918/977 1732/923/977 1734/925/977
f 1733/924/954 1734/925/954 1732/923/954
f 1721/918/977 1734/925/977 1735/926/977
f 1735/926/978 1734/925/978 1733/924/978
f 1736/927/951 1721/918/951 1735/926/951
f 1735/926/979 1733/924/979 1736/927/979
f 1723/918/976 1736/927/976 1733/924/976
f 1736/927/951 1723/918/951 1721/918/951
f 1739/928/299 1738/929/299 1737/930/299
f 1740/928/957 1739/928/957 1737/930/957
f 1739/928/299 1741/931/299 1738/929/299
f 1742/931/592 1739/928/592 1740/928/592
f 1742/931/592 1741/931/592 1739/928/592
f 1738/929/956 1741/931/956 1742/931/956
f 1740/928/957 1737/930/957 1743/930/957
f 1740/928/294 1743/930/294 1744/929/294
f 1740/928/294 1744/929/294 1742/931/294
f 1738/929/956 1742/931/956 1744/929/956
f 1737/930/310 1738/929/310 1744/929/310
f 1737/930/310 1744/929/310 1743/930/310
f 1747/932/294 1746/933/294 1745/934/294
f 1748/932/980 1747/932/980 1745/934/980
f 1747/932/294 1749/935/294 1746/933/294
f 1750/935/658 1747/932/658 1748/932/658
f 1750/935/658 1749/935/658 1747/932/658
f 1746/933/981 1749/935/981 1750/935/981
f 1748/932/980 1745/934/980 1751/934/980
f 1748/932/299 1751/934/299 1752/933/299
f 1748/932/299 1752/933/299 1750/935/299
f 1746/933/981 1750/935/981 1752/933/981
f 1745/934/457 1746/933/457 1752/933/457
f 1745/934/457 1752/933/457 1751/934/457
f 1755/936/404 1754/937/404 1753/936/404
f 1755/936/404 1756/937/404 1754/937/404
f 1753/936/982 1754/937/982 1757/938/982
f 1757/938/983 1759/939/983 1758/940/983
f 1756/937/984 1759/939/984 1754/937/984
f 1758/940/985 1759/939/985 1760/939/985
f 1761/938/986 1760/939/986 1756/937/986
f 1758/940/985 1760/939/985 1762/940/985
f 1761/938/987 1758/940/987 1762/940/987
f 1755/936/988 1761/938/988 1756/937/988
f 1757/938/415 1761/938/415 1763/941/415
f 1755/936/988 1763/941/988 1761/938/988
f 1757/938/415 1763/941/415 1764/941/415
f 1755/936/989 1765/942/989 1763/941/989
f 1765/942/990 1764/941/990 1763/941/990
f 1753/936/982 1757/938/982 1764/941/982
f 1753/936/991 1764/941/991 1766/943/991
f 1765/942/990 1766/943/990 1764/941/990
f 1753/936/991 1766/943/991 1767/944/991
f 1767/944/992 1766/943/992 1765/942/992
f 1768/945/993 1753/936/993 1767/944/993
f 1767/944/994 1765/942/994 1768/945/994
f 1755/936/989 1768/945/989 1765/942/989
f 1768/945/993 1755/936/993 1753/936/993
f 1771/946/299 1770/947/299 1769/948/299
f 1772/946/995 1771/946/995 1769/948/995
f 1771/946/299 1773/949/299 1770/947/299
f 1774/949/658 1771/946/658 1772/946/658
f 1774/949/658 1773/949/658 1771/946/658
f 1770/947/996 1773/949/996 1774/949/996
f 1772/946/995 1769/948/995 1775/948/995
f 1772/946/294 1775/948/294 1776/947/294
f 1772/946/294 1776/947/294 1774/949/294
f 1770/947/996 1774/949/996 1776/947/996
f 1769/948/457 1770/947/457 1776/947/457
f 1769/948/457 1776/947/457 1775/948/457
f 1779/950/289 1778/951/289 1777/950/289
f 1779/950/289 1780/951/289 1778/951/289
f 1777/950/997 1778/951/997 1781/952/997
f 1781/952/998 1783/953/998 1782/954/998
f 1780/951/999 1783/953/999 1778/951/999
f 1782/954/1000 1783/953/1000 1784/953/1000
f 1785/952/1001 1784/953/1001 1780/951/1001
f 1782/954/1000 1784/953/1000 1786/954/1000
f 1781/952/1002 1786/954/1002 1785/952/1002
f 1779/950/1003 1785/952/1003 1780/951/1003
f 1781/952/293 1785/952/293 1787/955/293
f 1779/950/1003 1787/955/1003 1785/952/1003
f 1781/952/293 1787/955/293 1788/955/293
f 1779/950/1004 1789/956/1004 1787/955/1004
f 1789/956/895 1788/955/895 1787/955/895
f 1777/950/997 1781/952/997 1788/955/997
f 1777/950/1005 1788/955/1005 1790/957/1005
f 1789/956/895 1790/957/895 1788/955/895
f 1777/950/1005 1790/957/1005 1791/958/1005
f 1791/958/1006 1790/957/1006 1789/956/1006
f 1792/959/892 1777/950/892 1791/958/892
f 1791/958/1007 1789/956/1007 1792/959/1007
f 1779/950/1004 1792/959/1004 1789/956/1004
f 1792/959/892 1779/950/892 1777/950/892
f 1795/960/294 1794/961/294 1793/962/294
f 1796/960/981 1795/960/981 1793/962/981
f 1795/960/294 1797/963/294 1794/961/294
f 1798/963/457 1795/960/457 1796/960/457
f 1798/963/457 1797/963/457 1795/960/457
f 1794/961/980 1797/963/980 1798/963/980
f 1796/960/981 1793/962/981 1799/962/981
f 1796/960/299 1799/962/299 1800/961/299
f 1796/960/299 1800/961/299 1798/963/299
f 1794/961/980 1798/963/980 1800/961/980
f 1793/962/658 1794/961/658 1800/961/658
f 1793/962/658 1800/961/658 1799/962/658
f 1803/964/415 1802/965/415 1801/964/415
f 1803/964/415 1804/965/415 1802/965/415
f 1801/964/1008 1802/965/1008 1805/966/1008
f 1805/966/1009 1807/967/1009 1806/968/1009
f 1804/965/1010 1807/967/1010 1802/965/1010
f 1806/968/1011 1807/967/1011 1808/967/1011
f 1809/966/1012 1808/967/1012 1804/965/1012
f 1806/968/1011 1808/967/1011 1810/968/1011
f 1805/966/1013 1810/968/1013 1809/966/1013
f 1803/964/1014 1809/966/1014 1804/965/1014
f 1805/966/404 1809/966/404 1811/969/404
f 1803/964/1014 1811/969/1014 1809/966/1014
f 1805/966/404 1811/969/404 1812/969/404
f 1803/964/1015 1813/970/1015 1811/969/1015
f 1813/970/993 1812/969/993 1811/969/993
f 1801/964/1008 1805/966/1008 1812/969/1008
f 1801/964/1016 1812/969/1016 1814/971/1016
f 1813/970/993 1814/971/993 1812/969/993
f 1801/964/1016 1814/971/1016 1815/972/1016
f 1815/972/1017 1814/971/1017 1813/970/1017
f 1816/973/990 1801/964/990 1815/972/990
f 1815/972/1018 1813/970/1018 1816/973/1018
f 1803/964/1015 1816/973/1015 1813/970/1015
f 1816/973/990 1803/964/990 1801/964/990
f 1819/974/299 1818/975/299 1817/976/299
f 1820/974/996 1819/974/996 1817/976/996
f 1819/974/299 1821/977/299 1818/975/299
f 1822/977/457 1819/974/457 1820/974/457
f 1822/977/457 1821/977/457 1819/974/457
f 1818/975/995 1821/977/995 1822/977/995
f 1820/974/996 1817/976/996 1823/976/996
f 1820/974/294 1823/976/294 1824/975/294
f 1820/974/294 1824/975/294 1822/977/294
f 1818/975/995 1822/977/995 1824/975/995
f 1817/976/658 1818/975/658 1824/975/658
f 1817/976/658 1824/975/658 1823/976/658
f 1827/978/438 1826/979/438 1825/978/438
f 1827/978/438 1828/979/438 1826/979/438
f 1825/978/1019 1826/979/1019 1829/980/1019
f 1829/980/1020 1831/981/1020 1830/982/1020
f 1828/979/1021 1831/981/1021 1826/979/1021
f 1830/982/1022 1831/981/1022 1832/981/1022
f 1833/980/1023 1832/981/1023 1828/979/1023
f 1830/982/1022 1832/981/1022 1834/982/1022
f 1829/980/1024 1834/982/1024 1833/980/1024
f 1827/978/1025 1833/980/1025 1828/979/1025
f 1829/980/442 1833/980/442 1835/983/442
f 1827/978/1025 1835/983/1025 1833/980/1025
f 1829/980/442 1835/983/442 1836/983/442
f 1827/978/1026 1837/984/1026 1835/983/1026
f 1837/984/908 1836/983/908 1835/983/908
f 1825/978/1019 1829/980/1019 1836/983/1019
f 1825/978/1027 1836/983/1027 1838/985/1027
f 1837/984/908 1838/985/908 1836/983/908
f 1825/978/1027 1838/985/1027 1839/986/1027
f 1839/986/1028 1838/985/1028 1837/984/1028
f 1840/987/905 1825/978/905 1839/986/905
f 1839/986/1029 1837/984/1029 1840/987/1029
f 1827/978/1026 1840/987/1026 1837/984/1026
f 1840/987/905 1827/978/905 1825/978/905
f 1843/988/294 1842/989/294 1841/990/294
f 1844/988/911 1843/988/911 1841/990/911
f 1843/988/294 1845/991/294 1842/989/294
f 1846/991/527 1843/988/527 1844/988/527
f 1846/991/527 1845/991/527 1843/988/527
f 1842/989/910 1845/991/910 1846/991/910
f 1844/988/911 1841/990/911 1847/990/911
f 1844/988/299 1847/990/299 1848/989/299
f 1844/988/299 1848/989/299 1846/991/299
f 1842/989/910 1846/991/910 1848/989/910
f 1841/990/384 1842/989/384 1848/989/384
f 1841/990/384 1848/989/384 1847/990/384
f 1851/992/330 1850/993/330 1849/992/330
f 1851/992/330 1852/993/330 1850/993/330
f 1849/992/1030 1850/993/1030 1853/994/1030
f 1853/994/1031 1855/995/1031 1854/996/1031
f 1850/993/1032 1856/995/1032 1855/995/1032
f 1854/996/1033 1855/995/1033 1856/995/1033
f 1857/994/1034 1856/995/1034 1852/993/1034
f 1854/996/1033 1856/995/1033 1858/996/1033
f 1853/994/1035 1858/996/1035 1857/994/1035
f 1851/992/1036 1857/994/1036 1852/993/1036
f 1853/994/341 1857/994/341 1859/997/341
f 1851/992/1036 1859/997/1036 1857/994/1036
f 1853/994/341 1859/997/341 1860/997/341
f 1851/992/1037 1861/998/1037 1859/997/1037
f 1861/998/924 1860/997/924 1859/997/924
f 1849/992/1030 1853/994/1030 1860/997/1030
f 1849/992/1038 1860/997/1038 1862/999/1038
f 1861/998/924 1862/999/924 1860/997/924
f 1849/992/1038 1862/999/1038 1863/1000/1038
f 1863/1000/1039 1862/999/1039 1861/998/1039
f 1864/1001/921 1849/992/921 1863/1000/921
f 1863/1000/1040 1861/998/1040 1864/1001/1040
f 1851/992/1037 1864/1001/1037 1861/998/1037
f 1864/1001/921 1851/992/921 1849/992/921
f 1867/1002/299 1866/1003/299 1865/1004/299
f 1868/1002/927 1867/1002/927 1865/1004/927
f 1867/1002/299 1869/1005/299 1866/1003/299
f 1870/1005/527 1867/1002/527 1868/1002/527
f 1870/1005/527 1869/1005/527 1867/1002/527
f 1866/1003/926 1869/1005/926 1870/1005/926
f 1868/1002/927 1865/1004/927 1871/1004/927
f 1868/1002/294 1871/1004/294 1872/1003/294
f 1868/1002/294 1872/1003/294 1870/1005/294
f 1866/1003/926 1870/1005/926 1872/1003/926
f 1865/1004/384 1866/1003/384 1872/1003/384
f 1865/1004/384 1872/1003/384 1871/1004/384
f 1875/1006/658 1874/1007/658 1873/1006/658
f 1876/1008/1041 1874/1007/1041 1875/1006/1041
f 1877/1008/1042 1873/1006/1042 1874/1007/1042
f 1877/1008/1043 1874/1007/1043 1878/1009/1043
f 1876/1008/1044 1878/1009/1044 1874/1007/1044
f 1879/1010/1045 1878/1009/1045 1876/1008/1045
f 1881/1011/294 1876/1008/294 1880/1012/294
f 1881/1011/294 1879/1010/294 1876/1008/294
f 1876/1008/294 1882/1013/294 1880/1012/294
f 1876/1008/294 1875/1006/294 1882/1013/294
f 1883/1014/294 1882/1013/294 1875/1006/294
f 1882/1013/658 1885/1013/658 1884/1015/658
f 1885/1013/1046 1882/1013/1046 1883/1014/1046
f 1880/1012/1047 1882/1013/1047 1884/1015/1047
f 1875/1006/1048 1886/1014/1048 1883/1014/1048
f 1885/1013/1046 1883/1014/1046 1886/1014/1046
f 1875/1006/1048 1873/1006/1048 1886/1014/1048
f 1886/1014/299 1873/1006/299 1885/1013/299
f 1880/1012/1049 1884/1015/1049 1887/1016/1049
f 1888/1012/1050 1887/1016/1050 1884/1015/1050
f 1888/1012/1051 1884/1015/1051 1885/1013/1051
f 1889/1011/1052 1887/1016/1052 1888/1012/1052
f 1885/1013/299 1877/1008/299 1888/1012/299
f 1889/1011/299 1888/1012/299 1877/1008/299
f 1891/1017/1053 1890/1018/1053 1889/1011/1053
f 1891/1017/299 1889/1011/299 1892/1010/299
f 1889/1011/299 1877/1008/299 1892/1010/299
f 1889/1011/1054 1890/1018/1054 1887/1016/1054
f 1894/1017/1055 1890/1018/1055 1893/1019/1055
f 1894/1017/1056 1881/1011/1056 1890/1018/1056
f 1891/1017/1057 1893/1019/1057 1890/1018/1057
f 1881/1011/1058 1887/1016/1058 1890/1018/1058
f 1894/1017/277 1891/1017/277 1893/1019/277
f 1894/1017/1059 1893/1019/1059 1895/1020/1059
f 1891/1017/1060 1895/1020/1060 1893/1019/1060
f 1894/1017/1061 1895/1020/1061 1879/1010/1061
f 1879/1010/1062 1895/1020/1062 1878/1009/1062
f 1891/1017/1063 1892/1010/1063 1895/1020/1063
f 1892/1010/1064 1878/1009/1064 1895/1020/1064
f 1881/1011/294 1894/1017/294 1879/1010/294
f 1892/1010/1065 1877/1008/1065 1878/1009/1065
f 1881/1011/1066 1880/1012/1066 1887/1016/1066
f 1885/1013/299 1873/1006/299 1877/1008/299
f 1898/1021/592 1897/1022/592 1896/1021/592
f 1899/1023/1067 1897/1022/1067 1898/1021/1067
f 1900/1023/1068 1896/1021/1068 1897/1022/1068
f 1900/1023/1069 1897/1022/1069 1901/1024/1069
f 1899/1023/1070 1901/1024/1070 1897/1022/1070
f 1902/1025/1071 1901/1024/1071 1899/1023/1071
f 1904/1026/294 1899/1023/294 1903/1027/294
f 1904/1026/294 1902/1025/294 1899/1023/294
f 1899/1023/294 1905/1028/294 1903/1027/294
f 1899/1023/294 1898/1021/294 1905/1028/294
f 1906/1029/294 1905/1028/294 1898/1021/294
f 1905/1028/592 1908/1028/592 1907/1030/592
f 1908/1028/1072 1905/1028/1072 1906/1029/1072
f 1903/1027/1073 1905/1028/1073 1907/1030/1073
f 1898/1021/1074 1909/1029/1074 1906/1029/1074
f 1908/1028/1072 1906/1029/1072 1909/1029/1072
f 1898/1021/1074 1896/1021/1074 1909/1029/1074
f 1909/1029/299 1896/1021/299 1908/1028/299
f 1903/1027/1075 1907/1030/1075 1910/1031/1075
f 1911/1027/1076 1910/1031/1076 1907/1030/1076
f 1911/1027/1077 1907/1030/1077 1908/1028/1077
f 1912/1026/1078 1910/1031/1078 1911/1027/1078
f 1908/1028/299 1900/1023/299 1911/1027/299
f 1912/1026/299 1911/1027/299 1900/1023/299
f 1914/1032/1079 1913/1033/1079 1912/1026/1079
f 1914/1032/299 1912/1026/299 1915/1025/299
f 1912/1026/299 1900/1023/299 1915/1025/299
f 1912/1026/1080 1913/1033/1080 1910/1031/1080
f 1917/1032/1081 1913/1033/1081 1916/1034/1081
f 1917/1032/1082 1904/1026/1082 1913/1033/1082
f 1914/1032/1083 1916/1034/1083 1913/1033/1083
f 1904/1026/1084 1910/1031/1084 1913/1033/1084
f 1917/1032/272 1914/1032/272 1916/1034/272
f 1917/1032/1085 1916/1034/1085 1918/1035/1085
f 1914/1032/1086 1918/1035/1086 1916/1034/1086
f 1917/1032/1087 1918/1035/1087 1902/1025/1087
f 1902/1025/1088 1918/1035/1088 1901/1024/1088
f 1914/1032/1089 1915/1025/1089 1918/1035/1089
f 1915/1025/1090 1901/1024/1090 1918/1035/1090
f 1904/1026/294 1917/1032/294 1902/1025/294
f 1915/1025/1091 1900/1023/1091 1901/1024/1091
f 1904/1026/1092 1903/1027/1092 1910/1031/1092
f 1908/1028/299 1896/1021/299 1900/1023/299
f 1921/1036/310 1920/1037/310 1919/1036/310
f 1922/1038/1093 1920/1037/1093 1921/1036/1093
f 1923/1038/1094 1919/1036/1094 1920/1037/1094
f 1923/1038/1095 1920/1037/1095 1924/1039/1095
f 1922/1038/1096 1924/1039/1096 1920/1037/1096
f 1925/1040/1097 1924/1039/1097 1922/1038/1097
f 1927/1041/294 1922/1038/294 1926/1042/294
f 1927/1041/294 1925/1040/294 1922/1038/294
f 1922/1038/294 1928/1043/294 1926/1042/294
f 1922/1038/294 1921/1036/294 1928/1043/294
f 1929/1044/294 1928/1043/294 1921/1036/294
f 1928/1043/310 1931/1043/310 1930/1045/310
f 1931/1043/1098 1928/1043/1098 1929/1044/1098
f 1926/1042/1099 1928/1043/1099 1930/1045/1099
f 1921/1036/1100 1932/1044/1100 1929/1044/1100
f 1931/1043/1098 1929/1044/1098 1932/1044/1098
f 1921/1036/1100 1919/1036/1100 1932/1044/1100
f 1932/1044/299 1919/1036/299 1931/1043/299
f 1926/1042/1101 1930/1045/1101 1933/1046/1101
f 1934/1042/1102 1933/1046/1102 1930/1045/1102
f 1934/1042/1103 1930/1045/1103 1931/1043/1103
f 1935/1041/1104 1933/1046/1104 1934/1042/1104
f 1931/1043/299 1923/1038/299 1934/1042/299
f 1935/1041/299 1934/1042/299 1923/1038/299
f 1937/1047/1105 1936/1048/1105 1935/1041/1105
f 1937/1047/299 1935/1041/299 1938/1040/299
f 1935/1041/299 1923/1038/299 1938/1040/299
f 1935/1041/1106 1936/1048/1106 1933/1046/1106
f 1940/1047/1107 1936/1048/1107 1939/1049/1107
f 1940/1047/1108 1927/1041/1108 1936/1048/1108
f 1937/1047/1109 1939/1049/1109 1936/1048/1109
f 1927/1041/1110 1933/1046/1110 1936/1048/1110
f 1940/1047/268 1937/1047/268 1939/1049/268
f 1940/1047/1111 1939/1049/1111 1941/1050/1111
f 1937/1047/1112 1941/1050/1112 1939/1049/1112
f 1940/1047/1113 1941/1050/1113 1925/1040/1113
f 1925/1040/1114 1941/1050/1114 1924/1039/1114
f 1937/1047/1115 1938/1040/1115 1941/1050/1115
f 1938/1040/1116 1924/1039/1116 1941/1050/1116
f 1927/1041/294 1940/1047/294 1925/1040/294
f 1938/1040/1117 1923/1038/1117 1924/1039/1117
f 1927/1041/1118 1926/1042/1118 1933/1046/1118
f 1931/1043/299 1919/1036/299 1923/1038/299
f 1944/1051/457 1943/1052/457 1942/1051/457
f 1945/1053/1119 1943/1052/1119 1944/1051/1119
f 1946/1053/1120 1942/1051/1120 1943/1052/1120
f 1946/1053/1121 1943/1052/1121 1947/1054/1121
f 1945/1053/1122 1947/1054/1122 1943/1052/1122
f 1948/1055/1123 1947/1054/1123 1945/1053/1123
f 1950/1056/294 1945/1053/294 1949/1057/294
f 1950/1056/294 1948/1055/294 1945/1053/294
f 1945/1053/294 1951/1058/294 1949/1057/294
f 1945/1053/294 1944/1051/294 1951/1058/294
f 1952/1059/294 1951/1058/294 1944/1051/294
f 1951/1058/457 1954/1058/457 1953/1060/457
f 1954/1058/1124 1951/1058/1124 1952/1059/1124
f 1949/1057/1125 1951/1058/1125 1953/1060/1125
f 1944/1051/1126 1955/1059/1126 1952/1059/1126
f 1954/1058/1124 1952/1059/1124 1955/1059/1124
f 1944/1051/1126 1942/1051/1126 1955/1059/1126
f 1955/1059/299 1942/1051/299 1954/1058/299
f 1949/1057/1127 1953/1060/1127 1956/1061/1127
f 1957/1057/1128 1956/1061/1128 1953/1060/1128
f 1957/1057/1129 1953/1060/1129 1954/1058/1129
f 1958/1056/1130 1956/1061/1130 1957/1057/1130
f 1954/1058/299 1946/1053/299 1957/1057/299
f 1958/1056/299 1957/1057/299 1946/1053/299
f 1960/1062/1131 1959/1063/1131 1958/1056/1131
f 1960/1062/299 1958/1056/299 1961/1055/299
f 1958/1056/299 1946/1053/299 1961/1055/299
f 1958/1056/1132 1959/1063/1132 1956/1061/1132
f 1963/1062/1133 1959/1063/1133 1962/1064/1133
f 1963/1062/1134 1950/1056/1134 1959/1063/1134
f 1960/1062/1135 1962/1064/1135 1959/1063/1135
f 1950/1056/1136 1956/1061/1136 1959/1063/1136
f 1963/1062/278 1960/1062/278 1962/1064/278
f 1963/1062/1137 1962/1064/1137 1964/1065/1137
f 1960/1062/1138 1964/1065/1138 1962/1064/1138
f 1963/1062/1139 1964/1065/1139 1948/1055/1139
f 1948/1055/1140 1964/1065/1140 1947/1054/1140
f 1960/1062/1141 1961/1055/1141 1964/1065/1141
f 1961/1055/1142 1947/1054/1142 1964/1065/1142
f 1950/1056/294 1963/1062/294 1948/1055/294
f 1961/1055/1143 1946/1053/1143 1947/1054/1143
f 1950/1056/1144 1949/1057/1144 1956/1061/1144
f 1954/1058/299 1942/1051/299 1946/1053/299
f 1967/1066/384 1966/1067/384 1965/1066/384
f 1968/1068/1145 1966/1067/1145 1967/1066/1145
f 1969/1068/1146 1965/1066/1146 1966/1067/1146
f 1969/1068/1147 1966/1067/1147 1970/1069/1147
f 1968/1068/1148 1970/1069/1148 1966/1067/1148
f 1971/1070/1149 1970/1069/1149 1968/1068/1149
f 1973/1071/294 1968/1068/294 1972/1072/294
f 1973/1071/294 1971/1070/294 1968/1068/294
f 1968/1068/294 1974/1073/294 1972/1072/294
f 1968/1068/294 1967/1066/294 1974/1073/294
f 1975/1074/294 1974/1073/294 1967/1066/294
f 1974/1073/384 1977/1073/384 1976/1075/384
f 1977/1073/1150 1974/1073/1150 1975/1074/1150
f 1972/1072/1151 1974/1073/1151 1976/1075/1151
f 1967/1066/1152 1978/1074/1152 1975/1074/1152
f 1977/1073/1150 1975/1074/1150 1978/1074/1150
f 1967/1066/1152 1965/1066/1152 1978/1074/1152
f 1978/1074/299 1965/1066/299 1977/1073/299
f 1972/1072/1153 1976/1075/1153 1979/1076/1153
f 1980/1072/1154 1979/1076/1154 1976/1075/1154
f 1980/1072/1155 1976/1075/1155 1977/1073/1155
f 1981/1071/1156 1979/1076/1156 1980/1072/1156
f 1977/1073/299 1969/1068/299 1980/1072/299
f 1981/1071/299 1980/1072/299 1969/1068/299
f 1983/1077/1157 1982/1078/1157 1981/1071/1157
f 1983/1077/299 1981/1071/299 1984/1070/299
f 1981/1071/299 1969/1068/299 1984/1070/299
f 1981/1071/1158 1982/1078/1158 1979/1076/1158
f 1986/1077/1159 1982/1078/1159 1985/1079/1159
f 1986/1077/1160 1973/1071/1160 1982/1078/1160
f 1983/1077/1161 1985/1079/1161 1982/1078/1161
f 1973/1071/1162 1979/1076/1162 1982/1078/1162
f 1986/1077/273 1983/1077/273 1985/1079/273
f 1986/1077/1163 1985/1079/1163 1987/1080/1163
f 1983/1077/1164 1987/1080/1164 1985/1079/1164
f 1986/1077/1165 1987/1080/1165 1971/1070/1165
f 1971/1070/1166 1987/1080/1166 1970/1069/1166
f 1983/1077/1167 1984/1070/1167 1987/1080/1167
f 1984/1070/1168 1970/1069/1168 1987/1080/1168
f 1973/1071/294 1986/1077/294 1971/1070/294
f 1984/1070/1169 1969/1068/1169 1970/1069/1169
f 1973/1071/1170 1972/1072/1170 1979/1076/1170
f 1977/1073/299 1965/1066/299 1969/1068/299
f 1990/1081/527 1989/1082/527 1988/1081/527
f 1991/1083/1171 1989/1082/1171 1990/1081/1171
f 1992/1083/1172 1988/1081/1172 1989/1082/1172
f 1992/1083/1173 1989/1082/1173 1993/1084/1173
f 1991/1083/1174 1993/1084/1174 1989/1082/1174
f 1994/1085/1175 1993/1084/1175 1991/1083/1175
f 1996/1086/294 1991/1083/294 1995/1087/294
f 1996/1086/294 1994/1085/294 1991/1083/294
f 1991/1083/294 1997/1088/294 1995/1087/294
f 1991/1083/294 1990/1081/294 1997/1088/294
f 1998/1089/294 1997/1088/294 1990/1081/294
f 1997/1088/527 2000/1088/527 1999/1090/527
f 2000/1088/1176 1997/1088/1176 1998/1089/1176
f 1995/1087/1177 1997/1088/1177 1999/1090/1177
f 1990/1081/1178 2001/1089/1178 1998/1089/1178
f 2000/1088/1176 1998/1089/1176 2001/1089/1176
f 1990/1081/1178 1988/1081/1178 2001/1089/1178
f 2001/1089/299 1988/1081/299 2000/1088/299
f 1995/1087/1179 1999/1090/1179 2002/1091/1179
f 2003/1087/1180 2002/1091/1180 1999/1090/1180
f 2003/1087/1181 1999/1090/1181 2000/1088/1181
f 2004/1086/1182 2002/1091/1182 2003/1087/1182
f 2000/1088/299 1992/1083/299 2003/1087/299
f 2004/1086/299 2003/1087/299 1992/1083/299
f 2006/1092/1183 2005/1093/1183 2004/1086/1183
f 2006/1092/299 2004/1086/299 2007/1085/299
f 2004/1086/299 1992/1083/299 2007/1085/299
f 2004/1086/1184 2005/1093/1184 2002/1091/1184
f 2009/1092/1185 2005/1093/1185 2008/1094/1185
f 2009/1092/1186 1996/1086/1186 2005/1093/1186
f 2006/1092/1187 2008/1094/1187 2005/1093/1187
f 1996/1086/1188 2002/1091/1188 2005/1093/1188
f 2009/1092/269 2006/1092/269 2008/1094/269
f 2009/1092/1189 2008/1094/1189 2010/1095/1189
f 2006/1092/1190 2010/1095/1190 2008/1094/1190
f 2009/1092/1191 2010/1095/1191 1994/1085/1191
f 1994/1085/1192 2010/1095/1192 1993/1084/1192
f 2006/1092/1193 2007/1085/1193 2010/1095/1193
f 2007/1085/1194 1993/1084/1194 2010/1095/1194
f 1996/1086/294 2009/1092/294 1994/1085/294
f 2007/1085/1195 1992/1083/1195 1993/1084/1195
f 1996/1086/1196 1995/1087/1196 2002/1091/1196
f 2000/1088/299 1988/1081/299 1992/1083/299
f 2013/1096/1197 2012/1096/1197 2011/1097/1197
f 2013/1096/1198 2014/1098/1198 2012/1096/1198
f 2011/1097/1199 2012/1096/1199 2015/1099/1199
f 2014/1098/1200 2015/1099/1200 2012/1096/1200
f 2014/1098/1201 2016/1100/1201 2015/1099/1201
f 2014/1098/1202 2017/1101/1202 2016/1100/1202
f 2014/1098/1202 2018/1102/1202 2017/1101/1202
f 2019/1098/489 2018/1102/489 2014/1098/489
f 2013/1096/1198 2019/1098/1198 2014/1098/1198
f 2019/1098/1203 2013/1096/1203 2020/1099/1203
f 2019/1098/1204 2020/1099/1204 2021/1100/1204
f 2023/1101/1205 2022/1102/1205 2019/1098/1205
f 2023/1101/1205 2019/1098/1205 2021/1100/1205
f 2019/1098/489 2022/1102/489 2018/1102/489
f 2021/1100/1206 2020/1099/1206 2015/1099/1206
f 2021/1100/1206 2015/1099/1206 2016/1100/1206
f 2023/1101/477 2021/1100/477 2016/1100/477
f 2023/1101/1207 2024/1103/1207 2022/1102/1207
f 2018/1102/278 2022/1102/278 2024/1103/278
f 2024/1103/1208 2026/1104/1208 2025/1104/1208
f 2024/1103/1209 2027/1105/1209 2026/1104/1209
f 2024/1103/1208 2025/1104/1208 2028/1103/1208
f 2024/1103/1210 2029/1106/1210 2027/1105/1210
f 2023/1101/1207 2029/1106/1207 2024/1103/1207
f 2018/1102/278 2024/1103/278 2028/1103/278
f 2017/1101/1211 2018/1102/1211 2028/1103/1211
f 2017/1101/1211 2028/1103/1211 2030/1106/1211
f 2028/1103/1212 2025/1104/1212 2031/1105/1212
f 2028/1103/1213 2031/1105/1213 2030/1106/1213
f 2029/1106/1214 2030/1106/1214 2031/1105/1214
f 2023/1101/277 2030/1106/277 2029/1106/277
f 2023/1101/277 2017/1101/277 2030/1106/277
f 2027/1105/981 2031/1105/981 2032/1107/981
f 2029/1106/1214 2031/1105/1214 2027/1105/1214
f 2031/1105/1215 2025/1104/1215 2033/1108/1215
f 2031/1105/1216 2033/1108/1216 2032/1107/1216
f 2034/1107/1217 2032/1107/1217 2033/1108/1217
f 2034/1107/1217 2033/1108/1217 2035/1108/1217
f 2025/1104/1218 2035/1108/1218 2033/1108/1218
f 2027/1105/1219 2034/1107/1219 2035/1108/1219
f 2027/1105/1220 2035/1108/1220 2026/1104/1220
f 2025/1104/1218 2026/1104/1218 2035/1108/1218
f 2027/1105/981 2032/1107/981 2034/1107/981
f 2023/1101/477 2016/1100/477 2017/1101/477
f 2037/1109/1221 2020/1099/1221 2036/1109/1221
f 2037/1109/1221 2015/1099/1221 2020/1099/1221
f 2038/1097/1222 2020/1099/1222 2013/1096/1222
f 2038/1097/1223 2036/1109/1223 2020/1099/1223
f 2036/1109/1224 2039/1110/1224 2037/1109/1224
f 2036/1109/1224 2040/1110/1224 2039/1110/1224
f 2038/1097/1225 2040/1110/1225 2036/1109/1225
f 2038/1097/1226 2041/1111/1226 2040/1110/1226
f 2043/1112/1227 2042/1113/1227 2040/1110/1227
f 2044/1113/1228 2040/1110/1228 2042/1113/1228
f 2044/1113/1228 2039/1110/1228 2040/1110/1228
f 2043/1112/1227 2040/1110/1227 2041/1111/1227
f 2046/1114/438 2045/1114/438 2043/1112/438
f 2046/1114/438 2043/1112/438 2047/1112/438
f 2048/1111/1229 2043/1112/1229 2041/1111/1229
f 2043/1112/1230 2049/1115/1230 2042/1113/1230
f 2043/1112/1230 2045/1114/1230 2049/1115/1230
f 2048/1111/1229 2047/1112/1229 2043/1112/1229
f 2047/1112/1231 2048/1111/1231 2039/1110/1231
f 2047/1112/1231 2039/1110/1231 2044/1113/1231
f 2050/1115/1232 2046/1114/1232 2047/1112/1232
f 2050/1115/1232 2047/1112/1232 2044/1113/1232
f 2050/1115/1211 2051/1116/1211 2046/1114/1211
f 2050/1115/442 2044/1113/442 2042/1113/442
f 2050/1115/1211 2052/1117/1211 2051/1116/1211
f 2049/1115/277 2052/1117/277 2050/1115/277
f 2050/1115/442 2042/1113/442 2049/1115/442
f 2051/1116/1233 2054/1118/1233 2053/1118/1233
f 2051/1116/1234 2055/1119/1234 2054/1118/1234
f 2051/1116/1233 2053/1118/1233 2056/1116/1233
f 2051/1116/1235 2052/1117/1235 2055/1119/1235
f 2045/1114/278 2046/1114/278 2051/1116/278
f 2045/1114/278 2051/1116/278 2056/1116/278
f 2049/1115/1207 2045/1114/1207 2056/1116/1207
f 2049/1115/1207 2056/1116/1207 2057/1117/1207
f 2056/1116/1236 2053/1118/1236 2058/1119/1236
f 2056/1116/1237 2058/1119/1237 2057/1117/1237
f 2049/1115/277 2057/1117/277 2052/1117/277
f 2052/1117/1238 2057/1117/1238 2058/1119/1238
f 2058/1119/995 2059/1120/995 2055/1119/995
f 2052/1117/1238 2058/1119/1238 2055/1119/1238
f 2058/1119/1239 2053/1118/1239 2060/1121/1239
f 2058/1119/995 2061/1120/995 2059/1120/995
f 2058/1119/1240 2060/1121/1240 2061/1120/1240
f 2054/1118/1241 2062/1121/1241 2060/1121/1241
f 2054/1118/1241 2060/1121/1241 2053/1118/1241
f 2061/1120/1242 2060/1121/1242 2062/1121/1242
f 2055/1119/1243 2059/1120/1243 2062/1121/1243
f 2055/1119/1244 2062/1121/1244 2054/1118/1244
f 2061/1120/1242 2062/1121/1242 2059/1120/1242
f 2041/1111/1245 2011/1097/1245 2048/1111/1245
f 2011/1097/1246 2039/1110/1246 2048/1111/1246
f 2041/1111/1245 2038/1097/1245 2011/1097/1245
f 2011/1097/1247 2037/1109/1247 2039/1110/1247
f 2013/1096/1197 2011/1097/1197 2038/1097/1197
f 2011/1097/1248 2015/1099/1248 2037/1109/1248
f 2065/1122/1249 2064/1123/1249 2063/1124/1249
f 2063/1124/294 2066/1125/294 2065/1122/294
f 2065/1122/1250 2066/1125/1250 2067/1126/1250
f 2065/1122/1249 2068/1127/1249 2064/1123/1249
f 2065/1122/1250 2067/1126/1250 2068/1127/1250
f 2069/1122/1251 2068/1127/1251 2067/1126/1251
f 2069/1122/1251 2067/1126/1251 2070/1125/1251
f 2071/1128/1252 2070/1125/1252 2067/1126/1252
f 2071/1128/1252 2067/1126/1252 2072/1129/1252
f 2073/1128/1253 2072/1129/1253 2067/1126/1253
f 2073/1128/1253 2067/1126/1253 2066/1125/1253
f 2075/1130/294 2074/1131/294 2073/1128/294
f 2075/1130/294 2073/1128/294 2066/1125/294
f 2074/1131/1254 2072/1129/1254 2073/1128/1254
f 2077/1130/580 2076/1131/580 2074/1131/580
f 2077/1130/580 2074/1131/580 2075/1130/580
f 2074/1131/1255 2078/1132/1255 2072/1129/1255
f 2074/1131/1256 2076/1131/1256 2078/1132/1256
f 2077/1130/299 2071/1128/299 2076/1131/299
f 2076/1131/1257 2071/1128/1257 2072/1129/1257
f 2076/1131/1258 2072/1129/1258 2078/1132/1258
f 2077/1130/299 2070/1125/299 2071/1128/299
f 2079/1124/299 2070/1125/299 2077/1130/299
f 2080/1133/674 2077/1130/674 2075/1130/674
f 2081/1134/299 2079/1124/299 2077/1130/299
f 2081/1134/299 2077/1130/299 2080/1133/299
f 2080/1133/674 2075/1130/674 2082/1133/674
f 2080/1133/1259 2082/1133/1259 2083/1135/1259
f 2080/1133/1260 2084/1136/1260 2081/1134/1260
f 2080/1133/1261 2083/1135/1261 2084/1136/1261
f 2082/1133/1262 2084/1136/1262 2083/1135/1262
f 2082/1133/1263 2085/1134/1263 2084/1136/1263
f 2085/1134/1264 2064/1123/1264 2084/1136/1264
f 2081/1134/1265 2084/1136/1265 2064/1123/1265
f 2085/1134/1264 2063/1124/1264 2064/1123/1264
f 2085/1134/294 2075/1130/294 2063/1124/294
f 2085/1134/294 2082/1133/294 2075/1130/294
f 2081/1134/1265 2064/1123/1265 2079/1124/1265
f 2079/1124/299 2069/1122/299 2070/1125/299
f 2069/1122/1266 2079/1124/1266 2064/1123/1266
f 2063/1124/294 2075/1130/294 2066/1125/294
f 2069/1122/1266 2064/1123/1266 2068/1127/1266
f 2088/1137/294 2087/1138/294 2086/1139/294
f 2086/1139/1267 2089/1140/1267 2088/1137/1267
f 2086/1139/1268 2087/1138/1268 2090/1141/1268
f 2086/1139/1267 2091/1142/1267 2089/1140/1267
f 2086/1139/1268 2090/1141/1268 2091/1142/1268
f 2093/1139/1269 2090/1141/1269 2092/1138/1269
f 2093/1139/1269 2091/1142/1269 2090/1141/1269
f 2094/1143/1270 2092/1138/1270 2090/1141/1270
f 2094/1143/1270 2090/1141/1270 2095/1144/1270
f 2096/1143/1271 2095/1144/1271 2090/1141/1271
f 2096/1143/1271 2090/1141/1271 2087/1138/1271
f 2097/1145/294 2096/1143/294 2087/1138/294
f 2097/1145/294 2098/1146/294 2096/1143/294
f 2098/1146/1272 2095/1144/1272 2096/1143/1272
f 2099/1145/1273 2098/1146/1273 2097/1145/1273
f 2099/1145/1273 2100/1146/1273 2098/1146/1273
f 2098/1146/1274 2101/1147/1274 2095/1144/1274
f 2098/1146/1275 2100/1146/1275 2101/1147/1275
f 2099/1145/299 2094/1143/299 2100/1146/299
f 2100/1146/1276 2094/1143/1276 2095/1144/1276
f 2100/1146/1277 2095/1144/1277 2101/1147/1277
f 2102/1137/299 2092/1138/299 2099/1145/299
f 2099/1145/299 2092/1138/299 2094/1143/299
f 2103/1148/1278 2099/1145/1278 2097/1145/1278
f 2104/1149/299 2102/1137/299 2099/1145/299
f 2104/1149/299 2099/1145/299 2103/1148/299
f 2103/1148/1279 2106/1148/1279 2105/1150/1279
f 2103/1148/1278 2097/1145/1278 2106/1148/1278
f 2103/1148/1280 2107/1151/1280 2104/1149/1280
f 2103/1148/1281 2105/1150/1281 2107/1151/1281
f 2106/1148/1282 2107/1151/1282 2105/1150/1282
f 2108/1149/1283 2089/1140/1283 2107/1151/1283
f 2106/1148/1284 2108/1149/1284 2107/1151/1284
f 2104/1149/1285 2107/1151/1285 2089/1140/1285
f 2108/1149/1283 2088/1137/1283 2089/1140/1283
f 2108/1149/294 2097/1145/294 2088/1137/294
f 2108/1149/294 2106/1148/294 2097/1145/294
f 2104/1149/1285 2089/1140/1285 2102/1137/1285
f 2102/1137/299 2093/1139/299 2092/1138/299
f 2093/1139/1286 2102/1137/1286 2089/1140/1286
f 2088/1137/294 2097/1145/294 2087/1138/294
f 2093/1139/1286 2089/1140/1286 2091/1142/1286
f 2111/1152/294 2110/1153/294 2109/1154/294
f 2109/1154/1287 2112/1155/1287 2111/1152/1287
f 2109/1154/1288 2110/1153/1288 2113/1156/1288
f 2109/1154/1287 2114/1157/1287 2112/1155/1287
f 2109/1154/1288 2113/1156/1288 2114/1157/1288
f 2116/1154/1289 2113/1156/1289 2115/1153/1289
f 2116/1154/1289 2114/1157/1289 2113/1156/1289
f 2117/1158/1290 2115/1153/1290 2113/1156/1290
f 2117/1158/1290 2113/1156/1290 2118/1159/1290
f 2119/1158/1291 2118/1159/1291 2113/1156/1291
f 2119/1158/1291 2113/1156/1291 2110/1153/1291
f 2120/1160/294 2119/1158/294 2110/1153/294
f 2120/1160/294 2121/1161/294 2119/1158/294
f 2121/1161/1292 2118/1159/1292 2119/1158/1292
f 2122/1160/1293 2121/1161/1293 2120/1160/1293
f 2122/1160/1293 2123/1161/1293 2121/1161/1293
f 2121/1161/1294 2124/1162/1294 2118/1159/1294
f 2121/1161/1295 2123/1161/1295 2124/1162/1295
f 2122/1160/299 2117/1158/299 2123/1161/299
f 2123/1161/1296 2117/1158/1296 2118/1159/1296
f 2123/1161/1297 2118/1159/1297 2124/1162/1297
f 2125/1152/299 2115/1153/299 2122/1160/299
f 2122/1160/299 2115/1153/299 2117/1158/299
f 2126/1163/1298 2122/1160/1298 2120/1160/1298
f 2127/1164/299 2125/1152/299 2122/1160/299
f 2127/1164/299 2122/1160/299 2126/1163/299
f 2126/1163/1299 2129/1163/1299 2128/1165/1299
f 2126/1163/1298 2120/1160/1298 2129/1163/1298
f 2126/1163/1300 2130/1166/1300 2127/1164/1300
f 2126/1163/1301 2128/1165/1301 2130/1166/1301
f 2129/1163/1302 2130/1166/1302 2128/1165/1302
f 2131/1164/1303 2112/1155/1303 2130/1166/1303
f 2129/1163/1304 2131/1164/1304 2130/1166/1304
f 2127/1164/1305 2130/1166/1305 2112/1155/1305
f 2131/1164/1303 2111/1152/1303 2112/1155/1303
f 2131/1164/294 2120/1160/294 2111/1152/294
f 2131/1164/294 2129/1163/294 2120/1160/294
f 2127/1164/1305 2112/1155/1305 2125/1152/1305
f 2125/1152/299 2116/1154/299 2115/1153/299
f 2116/1154/1306 2125/1152/1306 2112/1155/1306
f 2111/1152/294 2120/1160/294 2110/1153/294
f 2116/1154/1306 2112/1155/1306 2114/1157/1306
f 2134/1167/294 2133/1168/294 2132/1169/294
f 2132/1169/1307 2135/1170/1307 2134/1167/1307
f 2132/1169/1308 2133/1168/1308 2136/1171/1308
f 2132/1169/1307 2137/1172/1307 2135/1170/1307
f 2132/1169/1308 2136/1171/1308 2137/1172/1308
f 2139/1169/1309 2136/1171/1309 2138/1168/1309
f 2139/1169/1309 2137/1172/1309 2136/1171/1309
f 2140/1173/1310 2138/1168/1310 2136/1171/1310
f 2140/1173/1310 2136/1171/1310 2141/1174/1310
f 2142/1173/1311 2141/1174/1311 2136/1171/1311
f 2142/1173/1311 2136/1171/1311 2133/1168/1311
f 2143/1175/294 2142/1173/294 2133/1168/294
f 2143/1175/294 2144/1176/294 2142/1173/294
f 2144/1176/1312 2141/1174/1312 2142/1173/1312
f 2145/1175/1313 2144/1176/1313 2143/1175/1313
f 2145/1175/1313 2146/1176/1313 2144/1176/1313
f 2144/1176/1314 2147/1177/1314 2141/1174/1314
f 2144/1176/1315 2146/1176/1315 2147/1177/1315
f 2145/1175/299 2140/1173/299 2146/1176/299
f 2146/1176/1316 2140/1173/1316 2141/1174/1316
f 2146/1176/1317 2141/1174/1317 2147/1177/1317
f 2148/1167/299 2138/1168/299 2145/1175/299
f 2145/1175/299 2138/1168/299 2140/1173/299
f 2149/1178/1318 2145/1175/1318 2143/1175/1318
f 2150/1179/299 2148/1167/299 2145/1175/299
f 2150/1179/299 2145/1175/299 2149/1178/299
f 2149/1178/1319 2152/1178/1319 2151/1180/1319
f 2149/1178/1318 2143/1175/1318 2152/1178/1318
f 2149/1178/1320 2153/1181/1320 2150/1179/1320
f 2149/1178/1321 2151/1180/1321 2153/1181/1321
f 2152/1178/1322 2153/1181/1322 2151/1180/1322
f 2154/1179/1323 2135/1170/1323 2153/1181/1323
f 2152/1178/1324 2154/1179/1324 2153/1181/1324
f 2150/1179/1325 2153/1181/1325 2135/1170/1325
f 2154/1179/1323 2134/1167/1323 2135/1170/1323
f 2154/1179/294 2143/1175/294 2134/1167/294
f 2154/1179/294 2152/1178/294 2143/1175/294
f 2150/1179/1325 2135/1170/1325 2148/1167/1325
f 2148/1167/299 2139/1169/299 2138/1168/299
f 2139/1169/1326 2148/1167/1326 2135/1170/1326
f 2134/1167/294 2143/1175/294 2133/1168/294
f 2139/1169/1326 2135/1170/1326 2137/1172/1326
f 2157/1182/294 2156/1183/294 2155/1184/294
f 2155/1184/1327 2158/1185/1327 2157/1182/1327
f 2155/1184/1328 2156/1183/1328 2159/1186/1328
f 2155/1184/1327 2160/1187/1327 2158/1185/1327
f 2155/1184/1328 2159/1186/1328 2160/1187/1328
f 2162/1184/1329 2159/1186/1329 2161/1183/1329
f 2162/1184/1329 2160/1187/1329 2159/1186/1329
f 2163/1188/1330 2161/1183/1330 2159/1186/1330
f 2163/1188/1330 2159/1186/1330 2164/1189/1330
f 2165/1188/1331 2164/1189/1331 2159/1186/1331
f 2165/1188/1331 2159/1186/1331 2156/1183/1331
f 2166/1190/294 2165/1188/294 2156/1183/294
f 2166/1190/294 2167/1191/294 2165/1188/294
f 2167/1191/1332 2164/1189/1332 2165/1188/1332
f 2168/1190/1333 2167/1191/1333 2166/1190/1333
f 2168/1190/1333 2169/1191/1333 2167/1191/1333
f 2167/1191/1334 2170/1192/1334 2164/1189/1334
f 2167/1191/1335 2169/1191/1335 2170/1192/1335
f 2168/1190/299 2163/1188/299 2169/1191/299
f 2169/1191/1336 2163/1188/1336 2164/1189/1336
f 2169/1191/1337 2164/1189/1337 2170/1192/1337
f 2171/1182/299 2161/1183/299 2168/1190/299
f 2168/1190/299 2161/1183/299 2163/1188/299
f 2172/1193/1338 2168/1190/1338 2166/1190/1338
f 2173/1194/299 2171/1182/299 2168/1190/299
f 2173/1194/299 2168/1190/299 2172/1193/299
f 2172/1193/1339 2175/1193/1339 2174/1195/1339
f 2172/1193/1338 2166/1190/1338 2175/1193/1338
f 2172/1193/1340 2176/1196/1340 2173/1194/1340
f 2172/1193/1341 2174/1195/1341 2176/1196/1341
f 2175/1193/1342 2176/1196/1342 2174/1195/1342
f 2177/1194/1343 2158/1185/1343 2176/1196/1343
f 2175/1193/1344 2177/1194/1344 2176/1196/1344
f 2173/1194/1345 2176/1196/1345 2158/1185/1345
f 2177/1194/1343 2157/1182/1343 2158/1185/1343
f 2177/1194/294 2166/1190/294 2157/1182/294
f 2177/1194/294 2175/1193/294 2166/1190/294
f 2173/1194/1345 2158/1185/1345 2171/1182/1345
f 2171/1182/299 2162/1184/299 2161/1183/299
f 2162/1184/1346 2171/1182/1346 2158/1185/1346
f 2157/1182/294 2166/1190/294 2156/1183/294
f 2162/1184/1346 2158/1185/1346 2160/1187/1346
f 2180/1197/1347 2179/1197/1347 2178/1198/1347
f 2180/1197/1348 2181/1199/1348 2179/1197/1348
f 2178/1198/1349 2179/1197/1349 2182/1200/1349
f 2181/1199/1350 2182/1200/1350 2179/1197/1350
f 2181/1199/1350 2183/1201/1350 2182/1200/1350
f 2181/1199/1351 2184/1202/1351 2183/1201/1351
f 2181/1199/1351 2185/1203/1351 2184/1202/1351
f 2186/1199/341 2185/1203/341 2181/1199/341
f 2180/1197/1348 2186/1199/1348 2181/1199/1348
f 2186/1199/1352 2180/1197/1352 2187/1200/1352
f 2186/1199/1352 2187/1200/1352 2188/1201/1352
f 2190/1202/1353 2189/1203/1353 2186/1199/1353
f 2190/1202/1353 2186/1199/1353 2188/1201/1353
f 2186/1199/341 2189/1203/341 2185/1203/341
f 2188/1201/1354 2187/1200/1354 2182/1200/1354
f 2188/1201/1354 2182/1200/1354 2183/1201/1354
f 2190/1202/330 2188/1201/330 2183/1201/330
f 2190/1202/1355 2191/1204/1355 2189/1203/1355
f 2185/1203/268 2189/1203/268 2191/1204/268
f 2191/1204/1356 2193/1205/1356 2192/1205/1356
f 2191/1204/1357 2194/1206/1357 2193/1205/1357
f 2191/1204/1356 2192/1205/1356 2195/1204/1356
f 2191/1204/1358 2196/1207/1358 2194/1206/1358
f 2190/1202/1355 2196/1207/1355 2191/1204/1355
f 2185/1203/268 2191/1204/268 2195/1204/268
f 2184/1202/1359 2185/1203/1359 2195/1204/1359
f 2184/1202/1359 2195/1204/1359 2197/1207/1359
f 2195/1204/1360 2192/1205/1360 2198/1206/1360
f 2195/1204/1361 2198/1206/1361 2197/1207/1361
f 2196/1207/1362 2197/1207/1362 2198/1206/1362
f 2190/1202/272 2197/1207/272 2196/1207/272
f 2190/1202/272 2184/1202/272 2197/1207/272
f 2194/1206/941 2198/1206/941 2199/1208/941
f 2196/1207/1362 2198/1206/1362 2194/1206/1362
f 2198/1206/1363 2192/1205/1363 2200/1209/1363
f 2198/1206/1364 2200/1209/1364 2199/1208/1364
f 2201/1208/1365 2199/1208/1365 2200/1209/1365
f 2201/1208/1365 2200/1209/1365 2202/1209/1365
f 2192/1205/1366 2202/1209/1366 2200/1209/1366
f 2194/1206/1367 2201/1208/1367 2202/1209/1367
f 2194/1206/1368 2202/1209/1368 2193/1205/1368
f 2192/1205/1366 2193/1205/1366 2202/1209/1366
f 2194/1206/941 2199/1208/941 2201/1208/941
f 2190/1202/330 2183/1201/330 2184/1202/330
f 2204/1210/1369 2187/1200/1369 2203/1210/1369
f 2204/1210/1369 2182/1200/1369 2187/1200/1369
f 2205/1198/1370 2187/1200/1370 2180/1197/1370
f 2205/1198/1371 2203/1210/1371 2187/1200/1371
f 2203/1210/1372 2206/1211/1372 2204/1210/1372
f 2203/1210/1372 2207/1211/1372 2206/1211/1372
f 2205/1198/1373 2207/1211/1373 2203/1210/1373
f 2205/1198/1374 2208/1212/1374 2207/1211/1374
f 2210/1213/1375 2209/1214/1375 2207/1211/1375
f 2211/1214/1376 2207/1211/1376 2209/1214/1376
f 2211/1214/1376 2206/1211/1376 2207/1211/1376
f 2210/1213/1377 2207/1211/1377 2208/1212/1377
f 2212/1212/1378 2210/1213/1378 2208/1212/1378
f 2210/1213/1379 2213/1215/1379 2209/1214/1379
f 2210/1213/1379 2214/1216/1379 2213/1215/1379
f 2215/1213/289 2214/1216/289 2210/1213/289
f 2212/1212/1378 2215/1213/1378 2210/1213/1378
f 2215/1213/1380 2212/1212/1380 2206/1211/1380
f 2215/1213/1381 2206/1211/1381 2211/1214/1381
f 2217/1215/1382 2216/1216/1382 2215/1213/1382
f 2217/1215/1382 2215/1213/1382 2211/1214/1382
f 2215/1213/289 2216/1216/289 2214/1216/289
f 2217/1215/1359 2218/1217/1359 2216/1216/1359
f 2214/1216/268 2216/1216/268 2218/1217/268
f 2220/1217/1383 2218/1217/1383 2219/1218/1383
f 2218/1217/1384 2221/1219/1384 2219/1218/1384
f 2218/1217/1385 2222/1220/1385 2221/1219/1385
f 2217/1215/1359 2222/1220/1359 2218/1217/1359
f 2214/1216/268 2218/1217/268 2220/1217/268
f 2213/1215/1355 2214/1216/1355 2220/1217/1355
f 2213/1215/1355 2220/1217/1355 2223/1220/1355
f 2220/1217/1383 2219/1218/1383 2224/1218/1383
f 2220/1217/1386 2224/1218/1386 2225/1219/1386
f 2220/1217/1387 2225/1219/1387 2223/1220/1387
f 2222/1220/1388 2223/1220/1388 2225/1219/1388
f 2217/1215/272 2223/1220/272 2222/1220/272
f 2217/1215/272 2213/1215/272 2223/1220/272
f 2221/1219/957 2225/1219/957 2226/1221/957
f 2222/1220/1388 2225/1219/1388 2221/1219/1388
f 2225/1219/1389 2224/1218/1389 2227/1222/1389
f 2225/1219/1390 2227/1222/1390 2226/1221/1390
f 2226/1221/1391 2227/1222/1391 2228/1222/1391
f 2224/1218/1392 2228/1222/1392 2227/1222/1392
f 2221/1219/1393 2229/1221/1393 2228/1222/1393
f 2221/1219/1394 2228/1222/1394 2219/1218/1394
f 2226/1221/1391 2228/1222/1391 2229/1221/1391
f 2224/1218/1392 2219/1218/1392 2228/1222/1392
f 2221/1219/957 2226/1221/957 2229/1221/957
f 2217/1215/293 2211/1214/293 2209/1214/293
f 2217/1215/293 2209/1214/293 2213/1215/293
f 2208/1212/1395 2178/1198/1395 2212/1212/1395
f 2178/1198/1396 2206/1211/1396 2212/1212/1396
f 2208/1212/1395 2205/1198/1395 2178/1198/1395
f 2178/1198/1397 2204/1210/1397 2206/1211/1397
f 2180/1197/1347 2178/1198/1347 2205/1198/1347
f 2178/1198/1398 2182/1200/1398 2204/1210/1398
f 2232/1223/1399 2231/1223/1399 2230/1224/1399
f 2232/1223/1400 2233/1225/1400 2231/1223/1400
f 2230/1224/1401 2231/1223/1401 2234/1226/1401
f 2233/1225/1402 2234/1226/1402 2231/1223/1402
f 2233/1225/1402 2235/1227/1402 2234/1226/1402
f 2233/1225/1403 2236/1228/1403 2235/1227/1403
f 2233/1225/1403 2237/1229/1403 2236/1228/1403
f 2238/1225/415 2237/1229/415 2233/1225/415
f 2232/1223/1400 2238/1225/1400 2233/1225/1400
f 2238/1225/1404 2232/1223/1404 2239/1226/1404
f 2238/1225/1404 2239/1226/1404 2240/1227/1404
f 2242/1228/1405 2241/1229/1405 2238/1225/1405
f 2242/1228/1405 2238/1225/1405 2240/1227/1405
f 2238/1225/415 2241/1229/415 2237/1229/415
f 2240/1227/1406 2239/1226/1406 2234/1226/1406
f 2240/1227/1406 2234/1226/1406 2235/1227/1406
f 2242/1228/404 2240/1227/404 2235/1227/404
f 2242/1228/1407 2243/1230/1407 2241/1229/1407
f 2237/1229/273 2241/1229/273 2243/1230/273
f 2242/1228/1407 2244/1231/1407 2243/1230/1407
f 2243/1230/1408 2246/1232/1408 2245/1230/1408
f 2237/1229/273 2243/1230/273 2245/1230/273
f 2243/1230/1408 2247/1232/1408 2246/1232/1408
f 2243/1230/1409 2248/1233/1409 2247/1232/1409
f 2243/1230/1410 2244/1231/1410 2248/1233/1410
f 2244/1231/1411 2249/1233/1411 2248/1233/1411
f 2248/1233/1412 2251/1234/1412 2250/1235/1412
f 2248/1233/910 2252/1234/910 2251/1234/910
f 2248/1233/1413 2250/1235/1413 2247/1232/1413
f 2248/1233/910 2249/1233/910 2252/1234/910
f 2249/1233/1414 2253/1235/1414 2252/1234/1414
f 2251/1234/1415 2252/1234/1415 2253/1235/1415
f 2249/1233/1416 2246/1232/1416 2253/1235/1416
f 2246/1232/1417 2250/1235/1417 2253/1235/1417
f 2251/1234/1415 2253/1235/1415 2250/1235/1415
f 2245/1230/1418 2246/1232/1418 2249/1233/1418
f 2244/1231/1411 2254/1231/1411 2249/1233/1411
f 2245/1230/1419 2249/1233/1419 2254/1231/1419
f 2236/1228/269 2254/1231/269 2244/1231/269
f 2236/1228/1420 2245/1230/1420 2254/1231/1420
f 2246/1232/1417 2247/1232/1417 2250/1235/1417
f 2236/1228/269 2244/1231/269 2242/1228/269
f 2236/1228/1420 2237/1229/1420 2245/1230/1420
f 2242/1228/404 2235/1227/404 2236/1228/404
f 2256/1236/1421 2239/1226/1421 2255/1236/1421
f 2257/1224/1422 2255/1236/1422 2239/1226/1422
f 2257/1224/1423 2239/1226/1423 2232/1223/1423
f 2256/1236/1421 2234/1226/1421 2239/1226/1421
f 2257/1224/1424 2258/1237/1424 2255/1236/1424
f 2232/1223/1399 2230/1224/1399 2257/1224/1399
f 2259/1238/1425 2257/1224/1425 2230/1224/1425
f 2259/1238/1425 2260/1238/1425 2257/1224/1425
f 2257/1224/1426 2260/1238/1426 2258/1237/1426
f 2262/1239/1427 2261/1239/1427 2260/1238/1427
f 2262/1239/1427 2260/1238/1427 2259/1238/1427
f 2261/1239/1428 2258/1237/1428 2260/1238/1428
f 2261/1239/1428 2263/1240/1428 2258/1237/1428
f 2261/1239/1429 2264/1241/1429 2263/1240/1429
f 2261/1239/1429 2265/1242/1429 2264/1241/1429
f 2266/1242/365 2265/1242/365 2261/1239/365
f 2266/1242/365 2261/1239/365 2262/1239/365
f 2267/1241/1430 2266/1242/1430 2262/1239/1430
f 2267/1241/1420 2268/1243/1420 2266/1242/1420
f 2265/1242/273 2266/1242/273 2268/1243/273
f 2267/1241/1431 2269/1244/1431 2268/1243/1431
f 2271/1243/1432 2268/1243/1432 2270/1245/1432
f 2265/1242/273 2268/1243/273 2271/1243/273
f 2268/1243/1433 2272/1246/1433 2270/1245/1433
f 2268/1243/1434 2269/1244/1434 2272/1246/1434
f 2269/1244/1435 2273/1246/1435 2272/1246/1435
f 2272/1246/1436 2275/1247/1436 2274/1248/1436
f 2272/1246/927 2276/1247/927 2275/1247/927
f 2272/1246/1437 2274/1248/1437 2270/1245/1437
f 2272/1246/927 2273/1246/927 2276/1247/927
f 2273/1246/1438 2277/1248/1438 2276/1247/1438
f 2276/1247/1439 2277/1248/1439 2274/1248/1439
f 2276/1247/1439 2274/1248/1439 2275/1247/1439
f 2273/1246/1440 2278/1245/1440 2277/1248/1440
f 2278/1245/1441 2274/1248/1441 2277/1248/1441
f 2271/1243/1442 2278/1245/1442 2273/1246/1442
f 2271/1243/1432 2270/1245/1432 2278/1245/1432
f 2278/1245/1441 2270/1245/1441 2274/1248/1441
f 2269/1244/1435 2279/1244/1435 2273/1246/1435
f 2271/1243/1443 2273/1246/1443 2279/1244/1443
f 2267/1241/269 2264/1241/269 2279/1244/269
f 2267/1241/269 2279/1244/269 2269/1244/269
f 2264/1241/1407 2271/1243/1407 2279/1244/1407
f 2264/1241/1407 2265/1242/1407 2271/1243/1407
f 2267/1241/369 2263/1240/369 2264/1241/369
f 2267/1241/369 2280/1240/369 2263/1240/369
f 2267/1241/1430 2262/1239/1430 2280/1240/1430
f 2262/1239/1444 2281/1237/1444 2280/1240/1444
f 2280/1240/1445 2281/1237/1445 2258/1237/1445
f 2280/1240/1445 2258/1237/1445 2263/1240/1445
f 2230/1224/1446 2281/1237/1446 2259/1238/1446
f 2230/1224/1447 2256/1236/1447 2281/1237/1447
f 2255/1236/1448 2281/1237/1448 2256/1236/1448
f 2255/1236/1448 2258/1237/1448 2281/1237/1448
f 2262/1239/1444 2259/1238/1444 2281/1237/1444
f 2230/1224/1449 2234/1226/1449 2256/1236/1449
f 2284/1249/1450 2283/1249/1450 2282/1250/1450
f 2284/1249/1451 2285/1251/1451 2283/1249/1451
f 2282/1250/1452 2283/1249/1452 2286/1252/1452
f 2285/1251/1453 2286/1252/1453 2283/1249/1453
f 2285/1251/1453 2287/1253/1453 2286/1252/1453
f 2285/1251/1454 2288/1254/1454 2287/1253/1454
f 2285/1251/1454 2289/1255/1454 2288/1254/1454
f 2290/1251/330 2289/1255/330 2285/1251/330
f 2284/1249/1451 2290/1251/1451 2285/1251/1451
f 2290/1251/1455 2284/1249/1455 2291/1252/1455
f 2290/1251/1455 2291/1252/1455 2292/1253/1455
f 2294/1254/1456 2293/1255/1456 2290/1251/1456
f 2294/1254/1457 2290/1251/1457 2292/1253/1457
f 2290/1251/330 2293/1255/330 2289/1255/330
f 2292/1253/1458 2291/1252/1458 2286/1252/1458
f 2292/1253/1458 2286/1252/1458 2287/1253/1458
f 2294/1254/341 2292/1253/341 2287/1253/341
f 2294/1254/1459 2295/1256/1459 2293/1255/1459
f 2289/1255/272 2293/1255/272 2295/1256/272
f 2294/1254/1459 2296/1257/1459 2295/1256/1459
f 2295/1256/1460 2298/1258/1460 2297/1256/1460
f 2289/1255/272 2295/1256/272 2297/1256/272
f 2295/1256/1460 2299/1258/1460 2298/1258/1460
f 2295/1256/1461 2300/1259/1461 2299/1258/1461
f 2295/1256/1462 2296/1257/1462 2300/1259/1462
f 2301/1257/1463 2300/1259/1463 2296/1257/1463
f 2300/1259/1464 2303/1260/1464 2302/1261/1464
f 2300/1259/942 2304/1260/942 2303/1260/942
f 2300/1259/1465 2302/1261/1465 2299/1258/1465
f 2300/1259/942 2305/1259/942 2304/1260/942
f 2301/1257/1463 2305/1259/1463 2300/1259/1463
f 2294/1254/268 2288/1254/268 2301/1257/268
f 2294/1254/268 2301/1257/268 2296/1257/268
f 2288/1254/1466 2297/1256/1466 2301/1257/1466
f 2297/1256/1467 2305/1259/1467 2301/1257/1467
f 2305/1259/1468 2306/1261/1468 2304/1260/1468
f 2303/1260/1469 2304/1260/1469 2306/1261/1469
f 2305/1259/1470 2298/1258/1470 2306/1261/1470
f 2299/1258/1471 2302/1261/1471 2306/1261/1471
f 2303/1260/1469 2306/1261/1469 2302/1261/1469
f 2299/1258/1471 2306/1261/1471 2298/1258/1471
f 2297/1256/1472 2298/1258/1472 2305/1259/1472
f 2288/1254/1466 2289/1255/1466 2297/1256/1466
f 2294/1254/341 2287/1253/341 2288/1254/341
f 2308/1262/1473 2291/1252/1473 2307/1262/1473
f 2309/1250/1373 2307/1262/1373 2291/1252/1373
f 2309/1250/1474 2291/1252/1474 2284/1249/1474
f 2308/1262/1473 2286/1252/1473 2291/1252/1473
f 2309/1250/1371 2310/1263/1371 2307/1262/1371
f 2284/1249/1450 2282/1250/1450 2309/1250/1450
f 2311/1264/1475 2309/1250/1475 2282/1250/1475
f 2309/1250/1476 2311/1264/1476 2310/1263/1476
f 2311/1264/1475 2282/1250/1475 2312/1264/1475
f 2312/1264/1477 2313/1265/1477 2311/1264/1477
f 2313/1265/1478 2310/1263/1478 2311/1264/1478
f 2313/1265/1479 2314/1266/1479 2310/1263/1479
f 2313/1265/1480 2315/1267/1480 2314/1266/1480
f 2313/1265/1480 2316/1268/1480 2315/1267/1480
f 2317/1268/293 2316/1268/293 2313/1265/293
f 2312/1264/1477 2318/1265/1477 2313/1265/1477
f 2317/1268/293 2313/1265/293 2318/1265/293
f 2319/1267/1481 2317/1268/1481 2318/1265/1481
f 2319/1267/1466 2320/1269/1466 2317/1268/1466
f 2316/1268/272 2317/1268/272 2320/1269/272
f 2319/1267/1466 2321/1270/1466 2320/1269/1466
f 2320/1269/1482 2323/1271/1482 2322/1269/1482
f 2316/1268/272 2320/1269/272 2322/1269/272
f 2320/1269/1482 2324/1271/1482 2323/1271/1482
f 2320/1269/1483 2325/1272/1483 2324/1271/1483
f 2320/1269/1484 2321/1270/1484 2325/1272/1484
f 2321/1270/1485 2326/1272/1485 2325/1272/1485
f 2325/1272/1486 2328/1273/1486 2327/1274/1486
f 2326/1272/956 2328/1273/956 2325/1272/956
f 2325/1272/1215 2327/1274/1215 2324/1271/1215
f 2322/1269/1487 2323/1271/1487 2326/1272/1487
f 2326/1272/1220 2323/1271/1220 2329/1274/1220
f 2326/1272/956 2330/1273/956 2328/1273/956
f 2326/1272/1488 2329/1274/1488 2330/1273/1488
f 2321/1270/1485 2331/1270/1485 2326/1272/1485
f 2322/1269/1489 2326/1272/1489 2331/1270/1489
f 2319/1267/268 2315/1267/268 2331/1270/268
f 2319/1267/268 2331/1270/268 2321/1270/268
f 2315/1267/1459 2322/1269/1459 2331/1270/1459
f 2330/1273/1490 2329/1274/1490 2327/1274/1490
f 2323/1271/1491 2327/1274/1491 2329/1274/1491
f 2330/1273/1490 2327/1274/1490 2328/1273/1490
f 2323/1271/1491 2324/1271/1491 2327/1274/1491
f 2315/1267/1459 2316/1268/1459 2322/1269/1459
f 2319/1267/289 2314/1266/289 2315/1267/289
f 2319/1267/289 2332/1266/289 2314/1266/289
f 2319/1267/1481 2318/1265/1481 2332/1266/1481
f 2318/1265/1492 2333/1263/1492 2332/1266/1492
f 2332/1266/1493 2333/1263/1493 2310/1263/1493
f 2332/1266/1493 2310/1263/1493 2314/1266/1493
f 2282/1250/1494 2333/1263/1494 2312/1264/1494
f 2282/1250/1398 2308/1262/1398 2333/1263/1398
f 2308/1262/1495 2310/1263/1495 2333/1263/1495
f 2318/1265/1496 2312/1264/1496 2333/1263/1496
f 2308/1262/1495 2307/1262/1495 2310/1263/1495
f 2282/1250/1397 2286/1252/1397 2308/1262/1397
f 2336/1275/1497 2335/1275/1497 2334/1276/1497
f 2336/1275/1498 2337/1277/1498 2335/1275/1498
f 2334/1276/1499 2335/1275/1499 2338/1278/1499
f 2337/1277/1500 2338/1278/1500 2335/1275/1500
f 2337/1277/1501 2339/1279/1501 2338/1278/1501
f 2337/1277/1502 2340/1280/1502 2339/1279/1502
f 2337/1277/1502 2341/1281/1502 2340/1280/1502
f 2342/1277/477 2341/1281/477 2337/1277/477
f 2336/1275/1498 2342/1277/1498 2337/1277/1498
f 2342/1277/1503 2336/1275/1503 2343/1278/1503
f 2342/1277/1504 2343/1278/1504 2344/1279/1504
f 2346/1280/1505 2345/1281/1505 2342/1277/1505
f 2346/1280/1505 2342/1277/1505 2344/1279/1505
f 2342/1277/477 2345/1281/477 2341/1281/477
f 2344/1279/1506 2343/1278/1506 2338/1278/1506
f 2344/1279/1506 2338/1278/1506 2339/1279/1506
f 2346/1280/489 2344/1279/489 2339/1279/489
f 2346/1280/1507 2347/1282/1507 2345/1281/1507
f 2345/1281/277 2348/1282/277 2341/1281/277
f 2345/1281/277 2347/1282/277 2348/1282/277
f 2340/1280/1508 2341/1281/1508 2348/1282/1508
f 2340/1280/1508 2348/1282/1508 2349/1283/1508
f 2348/1282/1509 2351/1284/1509 2350/1285/1509
f 2347/1282/1510 2351/1284/1510 2348/1282/1510
f 2348/1282/1511 2350/1285/1511 2349/1283/1511
f 2352/1283/1512 2349/1283/1512 2350/1285/1512
f 2346/1280/278 2349/1283/278 2352/1283/278
f 2346/1280/278 2340/1280/278 2349/1283/278
f 2347/1282/1513 2352/1283/1513 2353/1285/1513
f 2346/1280/1507 2352/1283/1507 2347/1282/1507
f 2352/1283/1512 2350/1285/1512 2353/1285/1512
f 2347/1282/1514 2353/1285/1514 2354/1284/1514
f 2353/1285/1515 2356/1286/1515 2355/1287/1515
f 2353/1285/980 2357/1286/980 2356/1286/980
f 2353/1285/1389 2355/1287/1389 2354/1284/1389
f 2353/1285/980 2350/1285/980 2357/1286/980
f 2347/1282/1510 2354/1284/1510 2351/1284/1510
f 2351/1284/1516 2354/1284/1516 2355/1287/1516
f 2356/1286/1517 2357/1286/1517 2358/1287/1517
f 2350/1285/1518 2358/1287/1518 2357/1286/1518
f 2356/1286/1517 2358/1287/1517 2355/1287/1517
f 2350/1285/1394 2351/1284/1394 2358/1287/1394
f 2351/1284/1516 2355/1287/1516 2358/1287/1516
f 2346/1280/489 2339/1279/489 2340/1280/489
f 2360/1288/1519 2343/1278/1519 2359/1288/1519
f 2360/1288/1519 2338/1278/1519 2343/1278/1519
f 2361/1276/1520 2343/1278/1520 2336/1275/1520
f 2361/1276/1225 2359/1288/1225 2343/1278/1225
f 2360/1288/1521 2359/1288/1521 2362/1289/1521
f 2361/1276/1223 2362/1289/1223 2359/1288/1223
f 2360/1288/1521 2362/1289/1521 2363/1289/1521
f 2361/1276/1522 2364/1290/1522 2362/1289/1522
f 2366/1291/1523 2365/1292/1523 2362/1289/1523
f 2367/1292/1524 2362/1289/1524 2365/1292/1524
f 2367/1292/1524 2363/1289/1524 2362/1289/1524
f 2366/1291/1523 2362/1289/1523 2364/1290/1523
f 2368/1290/1525 2366/1291/1525 2364/1290/1525
f 2366/1291/1526 2369/1293/1526 2365/1292/1526
f 2366/1291/1526 2370/1294/1526 2369/1293/1526
f 2371/1291/442 2370/1294/442 2366/1291/442
f 2368/1290/1525 2371/1291/1525 2366/1291/1525
f 2371/1291/1527 2368/1290/1527 2363/1289/1527
f 2371/1291/1527 2363/1289/1527 2367/1292/1527
f 2373/1293/1528 2372/1294/1528 2371/1291/1528
f 2373/1293/1528 2371/1291/1528 2367/1292/1528
f 2371/1291/442 2372/1294/442 2370/1294/442
f 2373/1293/1508 2374/1295/1508 2372/1294/1508
f 2370/1294/277 2372/1294/277 2374/1295/277
f 2374/1295/1529 2376/1296/1529 2375/1296/1529
f 2374/1295/1530 2377/1297/1530 2376/1296/1530
f 2374/1295/1529 2375/1296/1529 2378/1295/1529
f 2374/1295/1531 2379/1298/1531 2377/1297/1531
f 2373/1293/1508 2379/1298/1508 2374/1295/1508
f 2370/1294/277 2374/1295/277 2378/1295/277
f 2369/1293/1507 2370/1294/1507 2378/1295/1507
f 2369/1293/1507 2378/1295/1507 2380/1298/1507
f 2378/1295/1532 2375/1296/1532 2381/1297/1532
f 2378/1295/1533 2381/1297/1533 2380/1298/1533
f 2379/1298/1534 2380/1298/1534 2381/1297/1534
f 2373/1293/278 2380/1298/278 2379/1298/278
f 2373/1293/278 2369/1293/278 2380/1298/278
f 2377/1297/996 2381/1297/996 2382/1299/996
f 2379/1298/1534 2381/1297/1534 2377/1297/1534
f 2381/1297/1535 2375/1296/1535 2383/1300/1535
f 2381/1297/1536 2383/1300/1536 2382/1299/1536
f 2376/1296/1537 2384/1300/1537 2383/1300/1537
f 2376/1296/1537 2383/1300/1537 2375/1296/1537
f 2382/1299/1538 2383/1300/1538 2384/1300/1538
f 2377/1297/1539 2385/1299/1539 2384/1300/1539
f 2377/1297/1540 2384/1300/1540 2376/1296/1540
f 2382/1299/1538 2384/1300/1538 2385/1299/1538
f 2377/1297/996 2382/1299/996 2385/1299/996
f 2373/1293/438 2367/1292/438 2365/1292/438
f 2373/1293/438 2365/1292/438 2369/1293/438
f 2368/1290/1541 2361/1276/1541 2334/1276/1541
f 2368/1290/1541 2364/1290/1541 2361/1276/1541
f 2334/1276/1542 2363/1289/1542 2368/1290/1542
f 2334/1276/1248 2360/1288/1248 2363/1289/1248
f 2336/1275/1497 2334/1276/1497 2361/1276/1497
f 2334/1276/1247 2338/1278/1247 2360/1288/1247
f 2388/1301/1543 2387/1302/1543 2386/1301/1543
f 2386/1301/1544 2389/1303/1544 2388/1301/1544
f 2388/1301/1543 2390/1302/1543 2387/1302/1543
f 2390/1302/1545 2388/1301/1545 2391/1304/1545
f 2389/1303/1546 2391/1304/1546 2388/1301/1546
f 2389/1303/1546 2392/1305/1546 2391/1304/1546
f 2389/1303/1547 2393/1306/1547 2392/1305/1547
f 2389/1303/1547 2394/1307/1547 2393/1306/1547
f 2395/1303/404 2394/1307/404 2389/1303/404
f 2386/1301/1544 2395/1303/1544 2389/1303/1544
f 2395/1303/1548 2386/1301/1548 2396/1304/1548
f 2395/1303/1548 2396/1304/1548 2397/1305/1548
f 2399/1306/1549 2398/1307/1549 2395/1303/1549
f 2399/1306/1549 2395/1303/1549 2397/1305/1549
f 2395/1303/404 2398/1307/404 2394/1307/404
f 2399/1306/415 2397/1305/415 2392/1305/415
f 2396/1304/1550 2392/1305/1550 2397/1305/1550
f 2399/1306/1551 2400/1308/1551 2398/1307/1551
f 2398/1307/269 2401/1308/269 2394/1307/269
f 2398/1307/269 2400/1308/269 2401/1308/269
f 2393/1306/1552 2394/1307/1552 2401/1308/1552
f 2393/1306/1552 2401/1308/1552 2402/1309/1552
f 2401/1308/1553 2404/1310/1553 2403/1311/1553
f 2400/1308/1554 2404/1310/1554 2401/1308/1554
f 2401/1308/1555 2403/1311/1555 2402/1309/1555
f 2399/1306/273 2393/1306/273 2402/1309/273
f 2399/1306/273 2402/1309/273 2405/1309/273
f 2405/1309/1556 2402/1309/1556 2403/1311/1556
f 2399/1306/1551 2405/1309/1551 2400/1308/1551
f 2405/1309/1556 2403/1311/1556 2406/1311/1556
f 2400/1308/1557 2405/1309/1557 2406/1311/1557
f 2400/1308/1558 2406/1311/1558 2407/1310/1558
f 2406/1311/1559 2409/1312/1559 2408/1313/1559
f 2406/1311/911 2410/1312/911 2409/1312/911
f 2406/1311/1560 2408/1313/1560 2407/1310/1560
f 2406/1311/911 2403/1311/911 2410/1312/911
f 2400/1308/1554 2407/1310/1554 2404/1310/1554
f 2407/1310/1561 2411/1313/1561 2404/1310/1561
f 2407/1310/1561 2408/1313/1561 2411/1313/1561
f 2403/1311/1562 2404/1310/1562 2411/1313/1562
f 2403/1311/1563 2411/1313/1563 2410/1312/1563
f 2409/1312/1564 2411/1313/1564 2408/1313/1564
f 2409/1312/1564 2410/1312/1564 2411/1313/1564
f 2399/1306/415 2392/1305/415 2393/1306/415
f 2413/1314/1565 2396/1304/1565 2412/1314/1565
f 2387/1302/1424 2412/1314/1424 2396/1304/1424
f 2387/1302/1566 2396/1304/1566 2386/1301/1566
f 2396/1304/1550 2391/1304/1550 2392/1305/1550
f 2413/1314/1565 2391/1304/1565 2396/1304/1565
f 2413/1314/1567 2412/1314/1567 2414/1315/1567
f 2390/1302/1447 2391/1304/1447 2413/1314/1447
f 2390/1302/1449 2413/1314/1449 2415/1315/1449
f 2413/1314/1567 2414/1315/1567 2415/1315/1567
f 2387/1302/1568 2416/1316/1568 2414/1315/1568
f 2417/1317/1569 2414/1315/1569 2416/1316/1569
f 2418/1318/1570 2415/1315/1570 2414/1315/1570
f 2387/1302/1422 2414/1315/1422 2412/1314/1422
f 2417/1317/1569 2419/1318/1569 2414/1315/1569
f 2418/1318/1570 2414/1315/1570 2419/1318/1570
f 2420/1317/1571 2415/1315/1571 2418/1318/1571
f 2421/1319/1572 2420/1317/1572 2418/1318/1572
f 2418/1318/365 2419/1318/365 2422/1319/365
f 2418/1318/365 2422/1319/365 2421/1319/365
f 2421/1319/1552 2424/1320/1552 2423/1321/1552
f 2421/1319/273 2425/1320/273 2424/1320/273
f 2421/1319/1552 2423/1321/1552 2426/1322/1552
f 2421/1319/273 2422/1319/273 2425/1320/273
f 2421/1319/1572 2426/1322/1572 2420/1317/1572
f 2420/1317/369 2426/1322/369 2427/1322/369
f 2427/1322/269 2426/1322/269 2423/1321/269
f 2417/1317/1573 2427/1322/1573 2422/1319/1573
f 2420/1317/369 2427/1322/369 2417/1317/369
f 2422/1319/1574 2427/1322/1574 2428/1321/1574
f 2427/1322/269 2423/1321/269 2428/1321/269
f 2422/1319/1574 2428/1321/1574 2425/1320/1574
f 2428/1321/1575 2423/1321/1575 2429/1323/1575
f 2428/1321/1575 2429/1323/1575 2430/1323/1575
f 2428/1321/1576 2430/1323/1576 2431/1324/1576
f 2428/1321/1577 2431/1324/1577 2425/1320/1577
f 2431/1324/1578 2430/1323/1578 2432/1325/1578
f 2434/1324/926 2431/1324/926 2433/1326/926
f 2431/1324/1579 2432/1325/1579 2433/1326/1579
f 2424/1320/1580 2425/1320/1580 2431/1324/1580
f 2424/1320/1580 2431/1324/1580 2434/1324/1580
f 2423/1321/1581 2424/1320/1581 2434/1324/1581
f 2423/1321/1582 2434/1324/1582 2429/1323/1582
f 2434/1324/1583 2436/1326/1583 2435/1325/1583
f 2434/1324/926 2433/1326/926 2436/1326/926
f 2434/1324/1584 2435/1325/1584 2429/1323/1584
f 2433/1326/1585 2435/1325/1585 2436/1326/1585
f 2430/1323/1586 2429/1323/1586 2435/1325/1586
f 2430/1323/1586 2435/1325/1586 2432/1325/1586
f 2433/1326/1585 2432/1325/1585 2435/1325/1585
f 2417/1317/1573 2422/1319/1573 2419/1318/1573
f 2420/1317/1571 2437/1316/1571 2415/1315/1571
f 2437/1316/1587 2420/1317/1587 2417/1317/1587
f 2437/1316/1588 2387/1302/1588 2390/1302/1588
f 2390/1302/1589 2415/1315/1589 2437/1316/1589
f 2437/1316/1588 2416/1316/1588 2387/1302/1588
f 2437/1316/1587 2417/1317/1587 2416/1316/1587
f 2440/1327/294 2439/1328/294 2438/1329/294
f 2438/1329/1590 2441/1330/1590 2440/1327/1590
f 2438/1329/1591 2439/1328/1591 2442/1331/1591
f 2438/1329/1590 2443/1332/1590 2441/1330/1590
f 2438/1329/1591 2442/1331/1591 2443/1332/1591
f 2445/1329/1592 2442/1331/1592 2444/1328/1592
f 2445/1329/1592 2443/1332/1592 2442/1331/1592
f 2446/1333/1593 2444/1328/1593 2442/1331/1593
f 2446/1333/1593 2442/1331/1593 2447/1334/1593
f 2448/1333/1594 2447/1334/1594 2442/1331/1594
f 2448/1333/1594 2442/1331/1594 2439/1328/1594
f 2449/1335/294 2448/1333/294 2439/1328/294
f 2449/1335/294 2450/1336/294 2448/1333/294
f 2450/1336/1595 2447/1334/1595 2448/1333/1595
f 2451/1335/297 2450/1336/297 2449/1335/297
f 2451/1335/297 2452/1336/297 2450/1336/297
f 2450/1336/1596 2453/1337/1596 2447/1334/1596
f 2450/1336/1597 2452/1336/1597 2453/1337/1597
f 2451/1335/299 2446/1333/299 2452/1336/299
f 2452/1336/1598 2446/1333/1598 2447/1334/1598
f 2452/1336/1599 2447/1334/1599 2453/1337/1599
f 2454/1327/299 2444/1328/299 2451/1335/299
f 2451/1335/299 2444/1328/299 2446/1333/299
f 2455/1338/473 2451/1335/473 2449/1335/473
f 2456/1339/299 2454/1327/299 2451/1335/299
f 2456/1339/299 2451/1335/299 2455/1338/299
f 2455/1338/1600 2458/1338/1600 2457/1340/1600
f 2455/1338/473 2449/1335/473 2458/1338/473
f 2455/1338/1601 2459/1341/1601 2456/1339/1601
f 2455/1338/1602 2457/1340/1602 2459/1341/1602
f 2458/1338/1603 2459/1341/1603 2457/1340/1603
f 2460/1339/1604 2441/1330/1604 2459/1341/1604
f 2458/1338/1605 2460/1339/1605 2459/1341/1605
f 2456/1339/1606 2459/1341/1606 2441/1330/1606
f 2460/1339/1604 2440/1327/1604 2441/1330/1604
f 2460/1339/294 2449/1335/294 2440/1327/294
f 2460/1339/294 2458/1338/294 2449/1335/294
f 2456/1339/1606 2441/1330/1606 2454/1327/1606
f 2454/1327/299 2445/1329/299 2444/1328/299
f 2445/1329/1607 2454/1327/1607 2441/1330/1607
f 2440/1327/294 2449/1335/294 2439/1328/294
f 2445/1329/1607 2441/1330/1607 2443/1332/1607
f 747/373/268 749/374/268 746/374/268
f 748/375/269 752/375/269 747/373/269
f 753/377/272 756/376/272 750/376/272
f 753/377/273 751/377/273 754/378/273
f 754/378/277 750/376/277 756/376/277
f 746/374/278 749/374/278 752/375/278
f 759/379/278 768/379/278 758/380/278
f 758/380/269 767/381/269 760/381/269
f 763/384/277 765/384/277 764/383/277
f 763/384/273 761/382/273 766/382/273
f 760/381/268 767/381/268 768/379/268
f 764/383/272 766/382/272 761/382/272
f 771/385/277 773/386/277 770/386/277
f 772/387/272 776/387/272 771/385/272
f 775/389/278 780/389/278 777/388/278
f 779/390/268 780/389/268 775/389/268
f 778/390/269 774/388/269 777/388/269
f 770/386/273 773/386/273 776/387/273
f 783/391/272 785/392/272 782/392/272
f 784/393/273 788/393/273 783/391/273
f 789/395/268 792/394/268 786/394/268
f 789/395/269 787/395/269 790/396/269
f 790/396/278 786/394/278 792/394/278
f 782/392/277 785/392/277 788/393/277
f 795/397/269 797/398/269 794/398/269
f 796/399/278 800/399/278 795/397/278
f 801/401/273 804/400/273 798/400/273
f 801/401/277 799/401/277 802/402/277
f 802/402/272 798/400/272 804/400/272
f 794/398/268 797/398/268 800/399/268
f 807/403/273 809/404/273 806/404/273
f 808/405/277 812/405/277 807/403/277
f 813/407/269 816/406/269 810/406/269
f 813/407/278 811/407/278 814/408/278
f 814/408/268 810/406/268 816/406/268
f 806/404/272 809/404/272 812/405/272
f 819/409/277 821/410/277 818/410/277
f 820/411/272 824/411/272 819/409/272
f 825/413/278 828/412/278 822/412/278
f 827/414/268 825/413/268 823/413/268
f 826/414/269 822/412/269 828/412/269
f 818/410/273 821/410/273 824/411/273
f 831/415/268 833/416/268 830/416/268
f 829/415/269 840/417/269 832/417/269
f 836/419/272 839/418/272 834/418/272
f 838/420/273 836/419/273 835/419/273
f 837/420/277 834/418/277 839/418/277
f 830/416/278 833/416/278 832/417/278
f 843/421/278 844/421/278 842/422/278
f 845/423/268 848/423/268 844/421/268
f 849/425/277 852/424/277 846/424/277
f 849/425/272 847/425/272 850/426/272
f 850/426/273 846/424/273 852/424/273
f 841/422/269 842/422/269 848/423/269
f 855/427/272 857/428/272 854/428/272
f 856/429/273 860/429/273 855/427/273
f 861/431/268 864/430/268 858/430/268
f 863/432/269 861/431/269 859/431/269
f 862/432/278 858/430/278 864/430/278
f 854/428/277 857/428/277 860/429/277
f 867/433/273 869/434/273 866/434/273
f 868/435/277 872/435/277 867/433/277
f 873/437/269 876/436/269 870/436/269
f 873/437/278 871/437/278 874/438/278
f 874/438/268 870/436/268 876/436/268
f 866/434/272 869/434/272 872/435/272
f 879/439/278 881/440/278 878/440/278
f 877/439/268 888/441/268 880/441/268
f 883/443/277 887/443/277 884/442/277
f 886/444/272 887/443/272 883/443/272
f 885/444/273 882/442/273 884/442/273
f 878/440/269 881/440/269 880/441/269
f 902/452/294 904/454/294 901/453/294
f 900/449/296 901/453/296 903/453/296
f 904/454/297 906/454/297 903/453/297
f 905/452/298 906/454/298 904/454/298
f 905/452/299 894/449/299 903/453/299
f 925/467/299 931/471/299 928/468/299
f 930/467/325 932/471/325 931/471/325
f 933/468/326 928/468/326 931/471/326
f 930/467/294 934/469/294 933/468/294
f 927/469/327 928/468/327 933/468/327
f 970/489/294 972/491/294 969/490/294
f 968/487/371 969/490/371 971/490/371
f 972/491/372 974/491/372 971/490/372
f 973/489/373 974/491/373 972/491/373
f 973/489/299 962/487/299 971/490/299
f 993/504/299 999/508/299 996/505/299
f 998/504/399 1000/508/399 999/508/399
f 1001/505/400 996/505/400 999/508/400
f 998/504/294 1002/506/294 1001/505/294
f 995/506/401 996/505/401 1001/505/401
f 1038/526/294 1040/528/294 1037/527/294
f 1030/523/444 1036/523/444 1037/527/444
f 1040/528/1608 1041/528/1608 1039/527/1608
f 1038/526/446 1042/526/446 1041/528/446
f 1042/526/299 1030/523/299 1039/527/299
f 1061/541/299 1067/545/299 1064/542/299
f 1061/541/472 1066/541/472 1068/545/472
f 1068/545/473 1069/542/473 1064/542/473
f 1066/541/294 1070/543/294 1069/542/294
f 1063/543/474 1064/542/474 1069/542/474
f 1106/566/294 1108/568/294 1105/567/294
f 1104/564/514 1105/567/514 1107/567/514
f 1108/568/515 1110/568/515 1107/567/515
f 1109/566/516 1110/568/516 1108/568/516
f 1109/566/299 1098/564/299 1107/567/299
f 1129/581/299 1135/585/299 1132/582/299
f 1129/581/542 1134/581/542 1136/585/542
f 1137/582/543 1132/582/543 1135/585/543
f 1134/581/294 1138/583/294 1137/582/294
f 1131/583/544 1132/582/544 1137/582/544
f 1174/603/294 1176/605/294 1173/604/294
f 1172/601/579 1173/604/579 1175/604/579
f 1176/605/580 1178/605/580 1175/604/580
f 1177/603/581 1178/605/581 1176/605/581
f 1177/603/299 1166/601/299 1175/604/299
f 1197/618/299 1203/622/299 1200/619/299
f 1202/618/607 1204/622/607 1203/622/607
f 1205/619/608 1200/619/608 1203/622/608
f 1202/618/294 1206/620/294 1205/619/294
f 1199/620/609 1200/619/609 1205/619/609
f 1242/640/294 1245/642/294 1241/641/294
f 1240/638/645 1241/641/645 1243/641/645
f 1241/641/646 1245/642/646 1244/642/646
f 1246/640/647 1244/642/647 1245/642/647
f 1246/640/299 1234/638/299 1243/641/299
f 1265/655/299 1271/659/299 1268/656/299
f 1270/655/673 1272/659/673 1271/659/673
f 1273/656/674 1268/656/674 1271/659/674
f 1270/655/294 1274/657/294 1273/656/294
f 1274/657/675 1267/657/675 1268/656/675
f 1589/840/1609 1586/839/1609 1591/841/1609
f 1588/839/1610 1592/841/1610 1591/841/1610
f 1593/840/1611 1594/842/1611 1592/841/1611
f 1593/840/889 1589/840/889 1590/842/889
f 1605/850/1612 1602/849/1612 1607/851/1612
f 1604/849/899 1608/851/899 1607/851/899
f 1609/850/1613 1610/852/1613 1608/851/1613
f 1605/850/902 1606/852/902 1610/852/902
f 1629/864/1614 1626/863/1614 1631/865/1614
f 1628/863/914 1632/865/914 1631/865/914
f 1633/864/1615 1634/866/1615 1632/865/1615
f 1629/864/918 1630/866/918 1634/866/918
f 1653/878/1616 1650/877/1616 1655/879/1616
f 1652/877/930 1656/879/930 1655/879/930
f 1657/878/1617 1658/880/1617 1656/879/1617
f 1653/878/933 1654/880/933 1658/880/933
f 1677/892/1618 1674/891/1618 1679/893/1618
f 1674/891/1619 1676/891/1619 1680/893/1619
f 1681/892/1620 1682/894/1620 1680/893/1620
f 1677/892/948 1678/894/948 1682/894/948
f 1701/906/1621 1698/905/1621 1703/907/1621
f 1700/905/960 1704/907/960 1703/907/960
f 1705/906/1622 1706/908/1622 1704/907/1622
f 1701/906/963 1702/908/963 1706/908/963
f 1725/920/1623 1722/919/1623 1727/921/1623
f 1722/919/971 1724/919/971 1728/921/971
f 1729/920/1624 1730/922/1624 1728/921/1624
f 1725/920/974 1726/922/974 1730/922/974
f 1757/938/1625 1754/937/1625 1759/939/1625
f 1756/937/984 1760/939/984 1759/939/984
f 1761/938/1626 1762/940/1626 1760/939/1626
f 1761/938/987 1757/938/987 1758/940/987
f 1781/952/1627 1778/951/1627 1783/953/1627
f 1780/951/999 1784/953/999 1783/953/999
f 1785/952/1628 1786/954/1628 1784/953/1628
f 1781/952/1002 1782/954/1002 1786/954/1002
f 1805/966/1629 1802/965/1629 1807/967/1629
f 1804/965/1010 1808/967/1010 1807/967/1010
f 1809/966/1630 1810/968/1630 1808/967/1630
f 1805/966/1013 1806/968/1013 1810/968/1013
f 1829/980/1631 1826/979/1631 1831/981/1631
f 1828/979/1021 1832/981/1021 1831/981/1021
f 1833/980/1632 1834/982/1632 1832/981/1632
f 1829/980/1024 1830/982/1024 1834/982/1024
f 1853/994/1633 1850/993/1633 1855/995/1633
f 1850/993/1032 1852/993/1032 1856/995/1032
f 1857/994/1634 1858/996/1634 1856/995/1634
f 1853/994/1035 1854/996/1035 1858/996/1035
o z3
v 1545.010620 0.000114 -272.426147
v 1474.232178 0.000088 -536.575439
v 1500.010254 0.000111 -264.491455
v 1568.844849 0.000137 0.000854
v 1523.150269 0.000133 0.000854
v 1500.010132 0.000151 264.492950
v 1545.010498 0.000156 272.427765
v 1474.231812 0.000170 536.577148
v 1431.292969 0.000164 520.948669
v -520.946533 -0.000154 -1431.292969
v -536.575073 -0.000158 -1474.231934
v -761.573730 -0.000167 -1319.086914
v -784.420959 -0.000172 -1358.659546
v -1008.432617 -0.000179 -1201.805054
v -1201.803589 -0.000181 -1008.434326
v -979.060730 -0.000174 -1166.800903
v -272.425598 -0.000141 -1545.010132
v -264.490906 -0.000136 -1500.009766
v 520.949219 -0.000062 -1431.292480
v 536.577698 -0.000064 -1474.231323
v 264.493469 -0.000090 -1500.009644
v 761.576111 -0.000033 -1319.086060
v 784.423401 -0.000034 -1358.658691
v 1008.434814 -0.000003 -1201.804077
v 979.062988 -0.000002 -1166.800171
v 1166.801392 0.000028 -979.061218
v 1201.805420 0.000029 -1008.433167
v 1008.433594 0.000179 1201.805054
v 1201.804565 0.000181 1008.434326
v 979.061707 0.000174 1166.800903
v 784.421936 0.000172 1358.659546
v 761.574707 0.000167 1319.086914
v 520.947510 0.000154 1431.292969
v 536.576050 0.000158 1474.231934
v 272.426575 0.000141 1545.010132
v 264.491882 0.000136 1500.009766
v -520.948242 0.000062 1431.292480
v -536.576721 0.000064 1474.231323
v -264.492493 0.000090 1500.009644
v -761.575134 0.000033 1319.086060
v -784.422424 0.000034 1358.658691
v -1008.433838 0.000003 1201.804077
v -979.062012 0.000002 1166.800171
v -1201.804565 -0.000029 1008.433105
v -1166.800415 -0.000028 979.061218
v -1545.009644 -0.000114 272.426086
v -1474.231445 -0.000088 536.575562
v -1500.009277 -0.000111 264.491394
v -1568.843872 -0.000137 -0.000916
v -1523.149292 -0.000133 -0.000916
v -1545.009521 -0.000156 -272.427795
v -1500.009155 -0.000151 -264.492981
v -1431.291992 -0.000164 -520.948730
v -1474.230835 -0.000170 -536.577209
v 1255.811035 0.000036 -983.936646
v 1219.844360 0.000034 -967.164795
v 1266.366821 0.000039 -954.934875
v 1235.275635 0.000037 -940.436646
v 1207.173828 0.000036 -920.759766
v 1187.335083 0.000033 -944.402283
v 1159.273926 0.000032 -916.340820
v 1182.916626 0.000035 -896.502075
v 1163.239136 0.000036 -868.400757
v 1136.510742 0.000032 -883.832458
v 1119.739014 0.000034 -847.865112
v 1109.468018 0.000036 -809.531982
v 1148.740967 0.000037 -837.309204
v 1139.862427 0.000039 -804.172729
v 1136.872314 0.000041 -769.997803
v 1106.009033 0.000039 -769.997803
v 1109.467896 0.000042 -730.463440
v 1119.739258 0.000046 -692.130371
v 1139.862183 0.000044 -735.822632
v 1136.510986 0.000049 -656.163208
v 1148.741211 0.000047 -702.686035
v 1163.239380 0.000051 -671.594849
v 1182.916260 0.000054 -643.493225
v 1159.273438 0.000054 -623.654907
v 1207.173828 0.000059 -619.235474
v 1187.335205 0.000059 -595.592896
v 1219.843506 0.000064 -572.830505
v 1235.275024 0.000063 -599.558655
v 1266.366211 0.000067 -585.060547
v 1255.810303 0.000068 -556.058594
v 1294.143311 0.000072 -545.786987
v 1333.677856 0.000076 -542.328613
v 1299.503174 0.000070 -576.181396
v 1333.677979 0.000074 -573.191650
v 1367.853027 0.000076 -576.181580
v 1373.212402 0.000079 -545.787231
v 1400.989746 0.000078 -585.060425
v 1411.545410 0.000081 -556.058350
v 1447.512451 0.000084 -572.830261
v 1432.080933 0.000080 -599.558350
v 1460.182617 0.000081 -619.235229
v 1480.021118 0.000084 -595.592590
v 1508.082520 0.000085 -623.654297
v 1484.439941 0.000081 -643.492920
v 1504.117432 0.000080 -671.594360
v 1530.845825 0.000084 -656.162720
v 1518.615479 0.000080 -702.685608
v 1547.617554 0.000083 -692.129944
v 1557.888428 0.000081 -730.462891
v 1527.494141 0.000078 -735.822327
v 1530.484253 0.000076 -769.997314
v 1561.347534 0.000078 -769.997192
v 1557.888550 0.000075 -809.531494
v 1547.617188 0.000071 -847.864624
v 1527.494263 0.000073 -804.172485
v 1530.845703 0.000067 -883.831787
v 1518.615234 0.000070 -837.308899
v 1504.116943 0.000065 -868.400208
v 1484.440430 0.000062 -896.501709
v 1508.082764 0.000063 -916.340210
v 1460.182861 0.000058 -920.759583
v 1480.021240 0.000058 -944.402100
v 1432.081543 0.000054 -940.436401
v 1447.512939 0.000054 -967.164612
v 1400.990234 0.000050 -954.934570
v 1411.546021 0.000049 -983.936401
v 1367.853516 0.000047 -963.813599
v 1373.212891 0.000045 -994.208008
v 1333.678467 0.000042 -997.666382
v 1333.678467 0.000044 -966.803467
v 1299.503662 0.000041 -963.813599
v 1294.144043 0.000038 -994.207764
v 1333.678711 8.008747 -969.996765
v 1160.473999 8.008767 -669.997925
v 1333.678711 -8.008711 -969.996765
v 1506.883057 8.008836 -669.997803
v 1160.473999 -8.008665 -669.997925
v 1196.470703 -7.599142 -690.780640
v 1333.678711 -7.599179 -928.431274
v 1506.883057 -8.008623 -669.997803
v 1333.678711 7.599232 -928.431274
v 1470.886475 -7.599107 -690.780579
v 1470.886475 7.599304 -690.780579
v 1196.470703 7.599247 -690.780640
v 1160.474365 8.008738 -869.997375
v 1333.678467 8.008777 -569.998413
v 1160.474365 -8.008719 -869.997375
v 1506.883057 8.008833 -869.997009
v 1333.678467 -8.008657 -569.998413
v 1333.678589 -7.599133 -611.563721
v 1196.470947 -7.599186 -849.214355
v 1506.883057 -8.008624 -869.997009
v 1196.470947 7.599225 -849.214355
v 1470.886230 -7.599107 -849.214233
v 1470.886230 7.599302 -849.214233
v 1333.678589 7.599255 -611.563721
v -173.201843 8.008629 -1639.997314
v 0.002197 8.008660 -1339.998291
v -173.201843 -8.008830 -1639.997314
v 173.206909 8.008691 -1639.997070
v 0.002198 -8.008774 -1339.998291
v 0.002259 -7.599252 -1381.563721
v -137.205139 -7.599300 -1619.214478
v 173.206909 -8.008768 -1639.997070
v -137.205139 7.599112 -1619.214478
v 137.210205 -7.599249 -1619.214478
v 137.210205 7.599163 -1619.214478
v 0.002258 7.599136 -1381.563721
v -173.202148 8.008636 -1439.998047
v 173.206726 8.008648 -1439.997803
v -173.202148 -8.008822 -1439.998047
v 0.002685 8.008694 -1739.996704
v 173.206726 -8.008785 -1439.997803
v 137.210083 -7.599262 -1460.780518
v -137.205261 -7.599293 -1460.780762
v 0.002686 -8.008764 -1739.996704
v -137.205261 7.599118 -1460.780762
v 0.002564 -7.599244 -1698.431396
v 0.002563 7.599165 -1698.431396
v 137.210083 7.599125 -1460.780518
v -224.207947 -0.000074 -1579.531982
v -227.666565 -0.000072 -1539.998047
v -193.813843 -0.000073 -1574.172363
v -196.803772 -0.000071 -1539.997681
v -193.813782 -0.000071 -1505.822510
v -224.208313 -0.000071 -1500.463135
v -213.936768 -0.000069 -1462.130615
v -184.934753 -0.000068 -1472.686035
v -170.437012 -0.000067 -1441.594360
v -197.165344 -0.000067 -1426.162720
v -174.402771 -0.000064 -1393.654419
v -146.340820 -0.000063 -1365.593018
v -150.760071 -0.000065 -1413.492920
v -126.502319 -0.000063 -1389.235474
v -98.400879 -0.000061 -1369.558472
v -113.832764 -0.000060 -1342.830200
v -77.865479 -0.000059 -1326.058594
v -39.532471 -0.000056 -1315.787231
v -67.309448 -0.000060 -1355.060303
v 0.001953 -0.000056 -1312.328247
v -34.172852 -0.000059 -1346.181519
v 0.002014 -0.000057 -1343.191650
v 34.177063 -0.000057 -1346.181274
v 39.536499 -0.000055 -1315.787109
v 77.869507 -0.000054 -1326.058228
v 67.313843 -0.000055 -1355.060303
v 98.404907 -0.000055 -1369.558228
v 113.836578 -0.000053 -1342.830200
v 126.506287 -0.000055 -1389.234863
v 146.344910 -0.000053 -1365.592285
v 150.764404 -0.000056 -1413.492676
v 174.406708 -0.000054 -1393.653809
v 197.169006 -0.000055 -1426.162598
v 170.440979 -0.000056 -1441.593994
v 184.939209 -0.000057 -1472.685303
v 213.940948 -0.000055 -1462.129517
v 193.818298 -0.000058 -1505.822021
v 224.212555 -0.000056 -1500.462646
v 227.671234 -0.000058 -1539.996704
v 224.212708 -0.000060 -1579.531616
v 196.808228 -0.000060 -1539.997070
v 213.941284 -0.000062 -1617.863892
v 193.818298 -0.000061 -1574.172363
v 184.939453 -0.000063 -1607.308472
v 170.441406 -0.000065 -1638.400269
v 197.169983 -0.000065 -1653.831787
v 174.407166 -0.000066 -1686.340210
v 146.345276 -0.000068 -1714.401855
v 150.764587 -0.000067 -1666.501709
v 126.506897 -0.000069 -1690.759155
v 98.405396 -0.000069 -1710.436035
v 113.837219 -0.000070 -1737.164429
v 77.869934 -0.000072 -1753.936157
v 39.536865 -0.000074 -1764.207275
v 67.314026 -0.000071 -1724.934326
v 0.002624 -0.000075 -1767.666382
v 34.177429 -0.000073 -1733.813110
v 0.002502 -0.000074 -1736.802979
v -34.172546 -0.000075 -1733.813232
v -39.531982 -0.000076 -1764.207397
v -67.309143 -0.000076 -1724.934448
v -77.865051 -0.000077 -1753.936646
v -113.831787 -0.000077 -1737.164551
v -146.340088 -0.000077 -1714.402222
v -98.400452 -0.000076 -1710.436523
v -126.501953 -0.000076 -1690.759644
v -150.759644 -0.000076 -1666.501831
v -174.402405 -0.000077 -1686.340820
v -197.164734 -0.000076 -1653.832031
v -170.436584 -0.000075 -1638.400513
v -184.934448 -0.000074 -1607.309326
v -213.936584 -0.000076 -1617.864868
v 1506.881226 8.008823 670.001221
v 1160.472290 8.008825 670.000671
v 1506.881226 -8.008635 670.001221
v 1333.676636 8.008901 969.999878
v 1160.472290 -8.008609 670.000671
v 1196.468872 -7.599082 690.783447
v 1470.884644 -7.599106 690.783936
v 1333.676636 -8.008558 969.999878
v 1470.884644 7.599305 690.783936
v 1333.676514 -7.599042 928.434509
v 1333.676514 7.599369 928.434509
v 1196.468872 7.599307 690.783447
v 1333.676880 8.008806 570.001343
v 1160.472290 8.008833 870.000061
v 1333.676880 -8.008652 570.001343
v 1506.880859 8.008908 870.000427
v 1160.472290 -8.008599 870.000061
v 1196.468750 -7.599076 849.217407
v 1333.676758 -7.599118 611.567017
v 1506.880859 -8.008549 870.000427
v 1333.676758 7.599293 611.567017
v 1470.884277 -7.599034 849.217712
v 1470.884277 7.599375 849.217712
v 1196.468750 7.599312 849.217407
v 1480.019775 0.000110 595.595886
v 1447.511475 0.000107 572.833618
v 1460.181152 0.000113 619.238281
v 1432.079712 0.000109 599.561584
v 1400.988159 0.000106 585.063232
v 1411.544067 0.000104 556.061218
v 1373.211426 0.000101 545.790344
v 1367.851929 0.000106 576.184570
v 1333.676758 0.000104 573.194153
v 1333.676636 0.000101 542.330933
v 1294.142334 0.000099 545.789856
v 1255.809326 0.000099 556.061340
v 1299.501587 0.000104 576.184143
v 1266.365112 0.000103 585.063232
v 1235.273804 0.000103 599.561401
v 1219.842285 0.000100 572.832886
v 1187.333984 0.000102 595.595459
v 1159.272095 0.000103 623.657349
v 1207.172241 0.000105 619.238098
v 1136.509521 0.000106 656.165466
v 1182.914673 0.000106 643.495911
v 1119.737793 0.000110 692.132874
v 1163.237793 0.000109 671.597290
v 1148.739624 0.000111 702.688660
v 1139.860596 0.000116 735.825256
v 1109.466187 0.000113 730.465881
v 1136.870483 0.000118 770.000122
v 1106.007690 0.000118 770.000183
v 1139.860352 0.000123 804.174927
v 1109.466064 0.000122 809.534302
v 1119.737183 0.000127 847.867371
v 1136.509277 0.000131 883.834473
v 1148.739258 0.000126 837.311890
v 1163.237427 0.000131 868.403015
v 1182.914185 0.000134 896.504395
v 1159.271606 0.000135 916.342896
v 1207.171875 0.000138 920.762268
v 1187.333252 0.000139 944.404907
v 1219.841553 0.000143 967.167175
v 1235.273193 0.000140 940.439087
v 1266.364746 0.000143 954.937500
v 1255.808838 0.000145 983.939453
v 1294.141479 0.000148 994.210388
v 1299.501099 0.000145 963.816284
v 1333.676270 0.000146 966.806519
v 1333.676270 0.000149 997.669739
v 1367.851440 0.000147 963.816650
v 1373.210693 0.000150 994.211060
v 1411.543579 0.000150 983.939331
v 1400.987793 0.000146 954.937317
v 1432.079102 0.000146 940.439392
v 1447.510620 0.000150 967.167725
v 1460.180664 0.000146 920.762512
v 1480.019287 0.000147 944.405334
v 1508.081055 0.000146 916.343506
v 1530.843506 0.000144 883.835266
v 1484.438354 0.000144 896.504883
v 1547.615234 0.000139 847.868042
v 1504.115112 0.000141 868.403503
v 1518.613525 0.000138 837.312134
v 1527.492310 0.000135 804.175476
v 1557.886841 0.000136 809.534790
v 1530.482422 0.000131 770.000793
v 1561.345337 0.000131 770.000549
v 1527.492554 0.000128 735.825745
v 1557.886963 0.000127 730.466370
v 1518.613647 0.000123 702.688965
v 1547.615723 0.000122 692.133301
v 1530.843994 0.000119 656.166199
v 1508.081299 0.000114 623.657715
v 1504.115356 0.000119 671.597595
v 1484.438843 0.000116 643.496277
v 173.203735 8.008939 1639.997437
v -0.000366 8.008913 1339.998169
v 173.203735 -8.008519 1639.997437
v -173.205017 8.008999 1639.997314
v -0.000365 -8.008521 1339.998169
v -0.000488 -7.598991 1381.563721
v 137.207031 -7.598995 1619.214600
v -173.205017 -8.008460 1639.997314
v 137.207031 7.599417 1619.214600
v -137.208374 -7.598943 1619.214600
v -137.208374 7.599468 1619.214600
v -0.000489 7.599398 1381.563721
v 173.203918 8.008908 1439.998047
v -173.204865 8.008919 1439.998047
v 173.203918 -8.008549 1439.998047
v -0.000794 8.009022 1739.997070
v -173.204865 -8.008514 1439.998047
v -137.208313 -7.598987 1460.780884
v 137.206909 -7.599017 1460.780762
v -0.000793 -8.008435 1739.997070
v 137.206909 7.599393 1460.780762
v -0.000549 -7.598924 1698.431396
v -0.000550 7.599486 1698.431396
v -137.208313 7.599401 1460.780884
v 224.209839 0.000225 1579.531982
v 227.668579 0.000218 1539.997925
v 193.815796 0.000225 1574.172485
v 196.805542 0.000219 1539.997681
v 193.815674 0.000215 1505.822388
v 224.210022 0.000213 1500.463013
v 213.938538 0.000208 1462.130371
v 184.936707 0.000210 1472.686279
v 170.438782 0.000206 1441.594360
v 197.167175 0.000203 1426.162720
v 174.404541 0.000198 1393.654419
v 146.342651 0.000196 1365.593018
v 150.761841 0.000202 1413.492798
v 126.504211 0.000200 1389.235596
v 98.402771 0.000197 1369.558594
v 113.834595 0.000193 1342.830200
v 77.867249 0.000192 1326.058594
v 39.534241 0.000191 1315.787354
v 67.311340 0.000196 1355.060303
v -0.000183 0.000192 1312.328369
v 34.174683 0.000196 1346.181641
v -39.534729 0.000194 1315.787354
v -0.000305 0.000196 1343.191772
v -34.175415 0.000198 1346.181641
v -67.312012 0.000200 1355.060303
v -77.867798 0.000196 1326.058472
v -113.834717 0.000199 1342.830322
v -98.403198 0.000202 1369.558350
v -126.504547 0.000207 1389.234863
v -146.343170 0.000204 1365.592407
v -174.404938 0.000209 1393.654175
v -197.167267 0.000215 1426.162720
v -150.762482 0.000212 1413.492920
v -170.439240 0.000216 1441.594238
v -184.937286 0.000221 1472.685669
v -213.939270 0.000219 1462.130005
v -193.816437 0.000226 1505.822266
v -224.210663 0.000225 1500.463013
v -227.669373 0.000231 1539.996948
v -224.210815 0.000237 1579.531738
v -196.806335 0.000231 1539.997314
v -213.939331 0.000242 1617.864258
v -193.816589 0.000236 1574.172729
v -184.937500 0.000240 1607.308716
v -170.439575 0.000245 1638.400635
v -197.167969 0.000248 1653.832153
v -174.405273 0.000252 1686.340454
v -146.343445 0.000254 1714.401855
v -150.762573 0.000248 1666.501953
v -126.504761 0.000251 1690.759277
v -98.403564 0.000252 1710.436279
v -113.835266 0.000257 1737.164673
v -77.868042 0.000258 1753.936279
v -39.534729 0.000259 1764.207520
v -67.312073 0.000254 1724.934448
v -34.175354 0.000255 1733.813232
v -0.000611 0.000254 1736.803223
v -0.000550 0.000258 1767.666748
v 34.174561 0.000253 1733.813477
v 39.533875 0.000256 1764.207520
v 67.311157 0.000250 1724.934570
v 77.867004 0.000254 1753.936523
v 113.834106 0.000251 1737.164551
v 98.402527 0.000248 1710.436401
v 126.503723 0.000244 1690.759766
v 146.342285 0.000246 1714.402344
v 150.761841 0.000239 1666.501953
v 174.404175 0.000241 1686.340576
v 197.166687 0.000236 1653.832275
v 170.438354 0.000235 1638.400513
v 184.936523 0.000229 1607.309204
v 213.938477 0.000231 1617.864990
v -1333.677002 8.008821 969.997559
v -1160.472656 8.008805 669.998779
v -1333.677002 -8.008638 969.997559
v -1506.881470 8.008854 669.998657
v -1160.472656 -8.008628 669.998779
v -1196.469238 -7.599103 690.781494
v -1333.677002 -7.599115 928.432068
v -1506.881470 -8.008605 669.998657
v -1333.677002 7.599297 928.432068
v -1470.884766 -7.599086 690.781372
v -1470.884766 7.599326 690.781372
v -1196.469238 7.599286 690.781494
v -1160.472656 8.008807 869.997925
v -1333.677124 8.008790 569.999268
v -1160.472656 -8.008650 869.997925
v -1506.881592 -8.008575 869.997803
v -1333.677124 -8.008643 569.999268
v -1333.677124 -7.599116 611.564453
v -1196.469238 -7.599124 849.215088
v -1196.469238 7.599287 849.215088
v -1470.884766 -7.599062 849.215149
v -1470.884766 7.599348 849.215149
v -1333.677124 7.599271 611.564453
v -1506.881592 8.008882 869.997803
v -1255.809326 0.000114 983.937378
v -1219.842529 0.000112 967.165527
v -1266.365234 0.000112 954.935425
v -1235.273926 0.000111 940.437256
v -1207.172119 0.000108 920.760254
v -1187.333618 0.000109 944.403076
v -1159.272461 0.000106 916.341614
v -1182.915039 0.000106 896.502808
v -1163.237671 0.000103 868.401367
v -1136.509277 0.000104 883.833252
v -1119.737549 0.000100 847.865845
v -1109.466553 0.000097 809.532715
v -1148.739624 0.000100 837.310059
v -1139.860840 0.000097 804.173462
v -1136.870850 0.000095 769.998413
v -1106.007568 0.000093 769.998474
v -1109.466553 0.000091 730.463989
v -1119.738037 0.000088 692.131042
v -1139.860840 0.000092 735.823242
v -1136.509521 0.000087 656.163940
v -1148.739868 0.000090 702.686768
v -1159.272217 0.000084 623.655640
v -1163.238037 0.000088 671.595581
v -1182.914795 0.000087 643.493958
v -1207.172363 0.000085 619.236084
v -1187.333740 0.000083 595.593628
v -1219.842285 0.000082 572.831299
v -1235.273682 0.000085 599.559448
v -1266.364990 0.000084 585.061157
v -1255.809082 0.000082 556.059387
v -1294.142090 0.000083 545.787964
v -1333.676514 0.000083 542.329346
v -1299.501709 0.000085 576.182251
v -1333.676514 0.000085 573.192505
v -1367.851562 0.000087 576.182373
v -1373.210938 0.000085 545.788086
v -1400.988403 0.000089 585.061157
v -1411.544189 0.000088 556.059204
v -1447.510986 0.000089 572.831177
v -1432.079590 0.000091 599.559204
v -1460.181396 0.000093 619.236206
v -1480.019775 0.000093 595.593628
v -1508.081055 0.000095 623.655273
v -1484.438721 0.000096 643.493774
v -1504.115967 0.000100 671.595215
v -1530.844238 0.000099 656.163574
v -1547.616089 0.000102 692.130859
v -1557.887085 0.000105 730.463989
v -1518.614014 0.000101 702.686768
v -1527.492676 0.000104 735.823242
v -1530.482788 0.000107 769.998169
v -1561.345947 0.000108 769.998108
v -1557.887207 0.000111 809.532593
v -1547.615723 0.000114 847.865662
v -1527.492676 0.000109 804.173279
v -1530.844116 0.000116 883.832764
v -1518.613770 0.000111 837.309937
v -1504.115601 0.000115 868.401245
v -1484.438965 0.000115 896.502686
v -1508.081299 0.000117 916.341187
v -1460.181396 0.000116 920.760498
v -1480.019775 0.000119 944.403076
v -1447.511353 0.000119 967.165527
v -1432.079834 0.000117 940.437256
v -1400.988525 0.000117 954.935425
v -1411.544434 0.000120 983.937378
v -1373.211182 0.000119 994.208740
v -1333.676758 0.000117 997.667297
v -1367.851807 0.000116 963.814453
v -1333.677002 0.000115 966.804199
v -1299.502197 0.000114 963.814331
v -1294.142700 0.000117 994.208679
v -1506.880493 8.008744 -670.000793
v -1160.471558 8.008748 -670.000427
v -1506.880493 -8.008715 -670.000793
v -1333.676025 8.008788 -969.999634
v -1160.471558 -8.008687 -670.000427
v -1196.468262 -7.599162 -690.783203
v -1470.883789 -7.599188 -690.783569
v -1333.676025 -8.008670 -969.999634
v -1470.883789 7.599224 -690.783569
v -1333.676025 -7.599150 -928.434265
v -1333.676025 7.599261 -928.434265
v -1196.468262 7.599227 -690.783203
v -1160.471436 8.008733 -869.999756
v -1160.471436 -8.008699 -869.999756
v -1333.676025 8.008739 -570.000977
v -1333.676025 -8.008718 -570.000977
v -1506.880371 8.008807 -870.000061
v -1196.468262 -7.599175 -849.217224
v -1333.675903 -7.599192 -611.566528
v -1506.880371 -8.008651 -870.000061
v -1333.675903 7.599219 -611.566528
v -1470.883423 -7.599134 -849.217346
v -1470.883423 7.599276 -849.217346
v -1196.468262 7.599213 -849.217224
v -1480.019165 0.000040 -595.595520
v -1447.510742 0.000039 -572.833252
v -1460.180298 0.000039 -619.238037
v -1432.078979 0.000039 -599.561279
v -1400.987549 0.000038 -585.062988
v -1411.543213 0.000039 -556.060791
v -1373.210693 0.000037 -545.789917
v -1367.851318 0.000036 -576.184326
v -1333.675903 0.000036 -573.193970
v -1333.676025 0.000036 -542.330566
v -1299.500977 0.000034 -576.183777
v -1294.141602 0.000035 -545.789490
v -1255.808716 0.000033 -556.061096
v -1266.364502 0.000034 -585.062866
v -1235.273071 0.000033 -599.560974
v -1219.841431 0.000032 -572.832520
v -1187.333252 0.000031 -595.595337
v -1159.271484 0.000031 -623.656982
v -1207.171509 0.000031 -619.237915
v -1182.913940 0.000031 -643.495667
v -1163.237061 0.000030 -671.596863
v -1136.508789 0.000030 -656.165222
v -1148.738770 0.000030 -702.688293
v -1119.736938 0.000029 -692.132507
v -1139.859863 0.000029 -735.825073
v -1109.465576 0.000029 -730.465576
v -1106.006958 0.000028 -769.999878
v -1136.869873 0.000030 -769.999756
v -1139.859619 0.000029 -804.174683
v -1109.465332 0.000028 -809.534058
v -1148.738525 0.000030 -837.311523
v -1119.736450 0.000028 -847.867126
v -1136.508545 0.000029 -883.834229
v -1163.236694 0.000029 -868.402771
v -1182.913574 0.000030 -896.504089
v -1159.270996 0.000030 -916.342773
v -1207.171387 0.000030 -920.762146
v -1187.332764 0.000030 -944.404602
v -1219.840942 0.000030 -967.166870
v -1255.808228 0.000032 -983.939148
v -1235.272583 0.000031 -940.438965
v -1294.140991 0.000033 -994.210083
v -1266.364258 0.000032 -954.937256
v -1299.500488 0.000032 -963.815979
v -1333.675781 0.000034 -966.806274
v -1333.675659 0.000034 -997.669678
v -1373.210083 0.000035 -994.210693
v -1411.543091 0.000037 -983.939087
v -1367.850708 0.000034 -963.816406
v -1400.987305 0.000036 -954.937134
v -1432.078491 0.000037 -940.439026
v -1447.510132 0.000037 -967.167542
v -1480.018433 0.000039 -944.404846
v -1508.080078 0.000039 -916.343079
v -1460.180176 0.000037 -920.762085
v -1530.842896 0.000040 -883.834839
v -1484.437744 0.000038 -896.504456
v -1504.114380 0.000039 -868.403015
v -1518.612793 0.000040 -837.311829
v -1547.614624 0.000041 -847.867493
v -1527.491821 0.000040 -804.175293
v -1557.886108 0.000041 -809.534546
v -1530.481812 0.000040 -770.000366
v -1561.344849 0.000042 -770.000061
v -1527.491943 0.000040 -735.825439
v -1557.886353 0.000042 -730.466248
v -1547.615112 0.000042 -692.132996
v -1530.843140 0.000041 -656.165833
v -1518.612915 0.000040 -702.688538
v -1508.080444 0.000041 -623.657349
v -1504.114746 0.000040 -671.597168
v -1484.438110 0.000039 -643.495972
v 1431.293335 0.000086 -520.947144
v -1166.799683 -0.000176 -979.062500
v 272.428284 -0.000093 -1545.010010
v 1166.800659 0.000176 979.062500
v -272.427307 0.000093 1545.010010
v -1431.292480 -0.000086 520.947021
vn -0.0000 -1.0000 -0.0000
vn -0.8660 -0.0000 -0.5000
vn 0.8660 -0.0000 -0.5000
vn 0.0171 -0.9998 0.0099
vn -0.0171 -0.9998 0.0099
vn 0.8660 -0.0000 0.5000
vn -0.8660 -0.0000 0.5000
vn -0.0171 0.9998 0.0099
vn 0.0171 0.9998 0.0099
vn -0.0000 0.9998 -0.0197
vn -0.0000 -0.0000 -1.0000
vn -0.0000 -0.0000 1.0000
vn -0.0000 -0.9998 -0.0197
vn 0.0171 -0.9998 -0.0099
vn -0.0000 -0.9998 0.0197
vn -0.0000 0.9998 0.0197
vn 0.0171 0.9998 -0.0099
vn -0.0171 0.9998 -0.0099
vn -0.0171 -0.9998 -0.0099
vt 0.363460 0.498870
vt 0.365590 0.521330
vt 0.359740 0.499530
vt 0.361550 0.477040
vt 0.357780 0.477040
vt 0.359740 0.454550
vt 0.363460 0.455200
vt 0.369130 0.434030
vt 0.365590 0.432740
vt 0.550160 0.585930
vt 0.531590 0.598740
vt 0.530300 0.595190
vt 0.570540 0.576250
vt 0.552050 0.589200
vt 0.568120 0.573360
vt 0.586510 0.560290
vt 0.509130 0.600870
vt 0.509780 0.604580
vt 0.465460 0.600870
vt 0.443000 0.598740
vt 0.444290 0.595190
vt 0.422540 0.589200
vt 0.424420 0.585930
vt 0.406470 0.573360
vt 0.404040 0.576250
vt 0.388080 0.560290
vt 0.390970 0.557860
vt 0.406470 0.380710
vt 0.388080 0.393790
vt 0.404040 0.377820
vt 0.424420 0.368140
vt 0.422540 0.364870
vt 0.443000 0.355330
vt 0.444290 0.358880
vt 0.465460 0.353200
vt 0.464800 0.349490
vt 0.509130 0.353200
vt 0.531590 0.355330
vt 0.530300 0.358880
vt 0.552050 0.364870
vt 0.550160 0.368140
vt 0.568120 0.380710
vt 0.570540 0.377820
vt 0.583620 0.396210
vt 0.586510 0.393790
vt 0.611120 0.455200
vt 0.609000 0.432740
vt 0.614840 0.454550
vt 0.613030 0.477040
vt 0.616810 0.477040
vt 0.611120 0.498870
vt 0.614840 0.499530
vt 0.609000 0.521330
vt 0.605450 0.520040
vt 0.382750 0.555870
vt 0.386590 0.556880
vt 0.383620 0.558260
vt 0.387630 0.553050
vt 0.385320 0.554670
vt 0.391590 0.552680
vt 0.389270 0.555000
vt 0.391260 0.548730
vt 0.389640 0.551050
vt 0.394850 0.547030
vt 0.393470 0.550000
vt 0.392460 0.546160
vt 0.395700 0.543870
vt 0.393440 0.540600
vt 0.393190 0.543420
vt 0.395700 0.537340
vt 0.395990 0.540600
vt 0.393190 0.537780
vt 0.394850 0.534170
vt 0.392460 0.535050
vt 0.393470 0.531200
vt 0.389640 0.530160
vt 0.391260 0.532480
vt 0.387630 0.528160
vt 0.391590 0.528520
vt 0.386590 0.524330
vt 0.389270 0.526210
vt 0.382750 0.525340
vt 0.385320 0.526530
vt 0.380450 0.522090
vt 0.383620 0.522940
vt 0.380010 0.524600
vt 0.377190 0.521810
vt 0.374370 0.524600
vt 0.377190 0.524360
vt 0.371630 0.525340
vt 0.373930 0.522090
vt 0.367790 0.524330
vt 0.370760 0.522940
vt 0.366750 0.528160
vt 0.369070 0.526530
vt 0.362790 0.528520
vt 0.365110 0.526210
vt 0.363120 0.532480
vt 0.364750 0.530160
vt 0.361920 0.535050
vt 0.360920 0.531200
vt 0.358680 0.537340
vt 0.359530 0.534170
vt 0.360940 0.540600
vt 0.361190 0.537780
vt 0.358680 0.543870
vt 0.358400 0.540600
vt 0.361190 0.543420
vt 0.359530 0.547030
vt 0.361920 0.546160
vt 0.360920 0.550000
vt 0.364750 0.551050
vt 0.363120 0.548730
vt 0.366750 0.553050
vt 0.362790 0.552680
vt 0.369070 0.554670
vt 0.365110 0.555000
vt 0.371630 0.555870
vt 0.367790 0.556880
vt 0.374370 0.556600
vt 0.370760 0.558260
vt 0.377190 0.559400
vt 0.373930 0.559110
vt 0.380010 0.556600
vt 0.377190 0.556850
vt 0.380450 0.559110
vt 0.377190 0.557110
vt 0.391490 0.532350
vt 0.362890 0.532350
vt 0.388520 0.534060
vt 0.377190 0.553680
vt 0.365860 0.534060
vt 0.391490 0.548860
vt 0.377190 0.524090
vt 0.362890 0.548860
vt 0.377190 0.527520
vt 0.388520 0.547140
vt 0.365860 0.547140
vt 0.501590 0.612430
vt 0.487290 0.587660
vt 0.472990 0.612430
vt 0.487290 0.591090
vt 0.498620 0.610710
vt 0.475960 0.610710
vt 0.501590 0.595910
vt 0.472990 0.595910
vt 0.487290 0.620680
vt 0.475960 0.597630
vt 0.498620 0.597630
vt 0.487290 0.617250
vt 0.503290 0.606990
vt 0.506090 0.604170
vt 0.505800 0.607430
vt 0.503290 0.601350
vt 0.503540 0.604170
vt 0.504950 0.597740
vt 0.505800 0.600910
vt 0.501360 0.596050
vt 0.502560 0.598610
vt 0.501690 0.592090
vt 0.503570 0.594770
vt 0.499740 0.593730
vt 0.499370 0.589770
vt 0.495420 0.590100
vt 0.497730 0.591720
vt 0.493720 0.586510
vt 0.496690 0.587890
vt 0.492850 0.588900
vt 0.490560 0.585660
vt 0.490110 0.588170
vt 0.487290 0.585370
vt 0.484470 0.588170
vt 0.487290 0.587920
vt 0.480860 0.586510
vt 0.484030 0.585660
vt 0.479170 0.590100
vt 0.481730 0.588900
vt 0.476850 0.591720
vt 0.477890 0.587890
vt 0.474850 0.593730
vt 0.475210 0.589770
vt 0.471020 0.594770
vt 0.472890 0.592090
vt 0.472030 0.598610
vt 0.473220 0.596050
vt 0.471290 0.601350
vt 0.469630 0.597740
vt 0.468500 0.604170
vt 0.468780 0.600910
vt 0.471040 0.604170
vt 0.468780 0.607430
vt 0.471290 0.606990
vt 0.469630 0.610600
vt 0.473220 0.612290
vt 0.472030 0.609730
vt 0.472890 0.616250
vt 0.471020 0.613570
vt 0.474850 0.614610
vt 0.475210 0.618570
vt 0.479170 0.618240
vt 0.476850 0.616610
vt 0.480860 0.621830
vt 0.477890 0.620450
vt 0.481730 0.619440
vt 0.484030 0.622680
vt 0.484470 0.620170
vt 0.487290 0.622960
vt 0.490110 0.620170
vt 0.487290 0.620420
vt 0.492850 0.619440
vt 0.490560 0.622680
vt 0.496690 0.620450
vt 0.493720 0.621830
vt 0.495420 0.618240
vt 0.499370 0.618570
vt 0.499740 0.614610
vt 0.497730 0.616610
vt 0.503570 0.613570
vt 0.501690 0.616250
vt 0.502560 0.609730
vt 0.501360 0.612290
vt 0.504950 0.610600
vt 0.362890 0.421730
vt 0.391490 0.421730
vt 0.377190 0.396960
vt 0.388520 0.420010
vt 0.365860 0.420010
vt 0.377190 0.400390
vt 0.377190 0.429980
vt 0.391490 0.405220
vt 0.362890 0.405220
vt 0.388520 0.406930
vt 0.377190 0.426550
vt 0.365860 0.406930
vt 0.366750 0.425920
vt 0.367790 0.429750
vt 0.365110 0.427870
vt 0.371630 0.428740
vt 0.369070 0.427540
vt 0.373930 0.431980
vt 0.370760 0.431130
vt 0.377190 0.429720
vt 0.374370 0.429470
vt 0.380450 0.431980
vt 0.377190 0.432270
vt 0.380010 0.429470
vt 0.383620 0.431130
vt 0.385320 0.427540
vt 0.382750 0.428740
vt 0.389270 0.427870
vt 0.386590 0.429750
vt 0.387630 0.425920
vt 0.391590 0.425550
vt 0.389640 0.423910
vt 0.393470 0.422870
vt 0.391260 0.421590
vt 0.394850 0.419900
vt 0.393190 0.416290
vt 0.392460 0.419030
vt 0.393440 0.413470
vt 0.395700 0.416730
vt 0.393190 0.410650
vt 0.395990 0.413470
vt 0.394850 0.407040
vt 0.395700 0.410210
vt 0.392460 0.407910
vt 0.393470 0.404070
vt 0.389640 0.403030
vt 0.391260 0.405350
vt 0.387630 0.401020
vt 0.391590 0.401390
vt 0.386590 0.397190
vt 0.389270 0.399070
vt 0.382750 0.398200
vt 0.385320 0.399400
vt 0.380450 0.394960
vt 0.383620 0.395810
vt 0.377190 0.397220
vt 0.380010 0.397470
vt 0.374370 0.397470
vt 0.377190 0.394680
vt 0.370760 0.395810
vt 0.373930 0.394960
vt 0.369070 0.399400
vt 0.371630 0.398200
vt 0.366750 0.401020
vt 0.367790 0.397190
vt 0.362790 0.401390
vt 0.365110 0.399070
vt 0.364750 0.403030
vt 0.360920 0.404070
vt 0.363120 0.405350
vt 0.359530 0.407040
vt 0.361190 0.410650
vt 0.361920 0.407910
vt 0.360940 0.413470
vt 0.358680 0.410210
vt 0.361190 0.416290
vt 0.358400 0.413470
vt 0.361920 0.419030
vt 0.358680 0.416730
vt 0.360920 0.422870
vt 0.359530 0.419900
vt 0.363120 0.421590
vt 0.362790 0.425550
vt 0.364750 0.423910
vt 0.472990 0.341650
vt 0.487290 0.366410
vt 0.501590 0.341650
vt 0.487290 0.362980
vt 0.475960 0.343360
vt 0.498620 0.343360
vt 0.472990 0.358160
vt 0.501590 0.358160
vt 0.487290 0.333390
vt 0.498620 0.356440
vt 0.475960 0.356440
vt 0.487290 0.336820
vt 0.471290 0.347080
vt 0.468500 0.349900
vt 0.468780 0.346640
vt 0.471290 0.352730
vt 0.471040 0.349900
vt 0.469630 0.356330
vt 0.468780 0.353170
vt 0.473220 0.358030
vt 0.472030 0.355460
vt 0.472890 0.361980
vt 0.471020 0.359300
vt 0.474850 0.360350
vt 0.475210 0.364300
vt 0.479170 0.363970
vt 0.476850 0.362350
vt 0.480860 0.367570
vt 0.477890 0.366180
vt 0.481730 0.365170
vt 0.484030 0.368410
vt 0.484470 0.365900
vt 0.487290 0.368700
vt 0.487290 0.366150
vt 0.490560 0.368410
vt 0.492850 0.365170
vt 0.490110 0.365900
vt 0.496690 0.366180
vt 0.493720 0.367570
vt 0.497730 0.362350
vt 0.495420 0.363970
vt 0.501690 0.361980
vt 0.499370 0.364300
vt 0.499740 0.360350
vt 0.503570 0.359300
vt 0.502560 0.355460
vt 0.501360 0.358030
vt 0.503290 0.352730
vt 0.504950 0.356330
vt 0.506090 0.349900
vt 0.505800 0.353170
vt 0.503540 0.349900
vt 0.505800 0.346640
vt 0.503290 0.347080
vt 0.504950 0.343470
vt 0.501360 0.341780
vt 0.502560 0.344350
vt 0.501690 0.337820
vt 0.503570 0.340510
vt 0.499740 0.339460
vt 0.499370 0.335510
vt 0.495420 0.335830
vt 0.497730 0.337460
vt 0.493720 0.332240
vt 0.496690 0.333630
vt 0.492850 0.334640
vt 0.490560 0.331390
vt 0.487290 0.333660
vt 0.490110 0.333900
vt 0.484470 0.333900
vt 0.487290 0.331110
vt 0.481730 0.334640
vt 0.484030 0.331390
vt 0.477890 0.333630
vt 0.480860 0.332240
vt 0.476850 0.337460
vt 0.479170 0.335830
vt 0.474850 0.339460
vt 0.475210 0.335510
vt 0.471020 0.340510
vt 0.472890 0.337820
vt 0.472030 0.344350
vt 0.473220 0.341780
vt 0.469630 0.343470
vt 0.597390 0.396960
vt 0.583090 0.421730
vt 0.611690 0.421730
vt 0.586060 0.420010
vt 0.597390 0.400390
vt 0.608720 0.420010
vt 0.583090 0.405220
vt 0.597390 0.429980
vt 0.611690 0.405220
vt 0.597390 0.426550
vt 0.586060 0.406930
vt 0.608720 0.406930
vt 0.591840 0.398200
vt 0.587990 0.397190
vt 0.590960 0.395810
vt 0.586950 0.401020
vt 0.589270 0.399400
vt 0.582990 0.401390
vt 0.585310 0.399070
vt 0.583320 0.405350
vt 0.584950 0.403030
vt 0.579730 0.407040
vt 0.581120 0.404070
vt 0.582130 0.407910
vt 0.578880 0.410210
vt 0.581140 0.413470
vt 0.581390 0.410650
vt 0.578880 0.416730
vt 0.578600 0.413470
vt 0.581390 0.416290
vt 0.579730 0.419900
vt 0.582130 0.419030
vt 0.581120 0.422870
vt 0.583320 0.421590
vt 0.582990 0.425550
vt 0.586950 0.425920
vt 0.584950 0.423910
vt 0.587990 0.429750
vt 0.585310 0.427870
vt 0.591840 0.428740
vt 0.589270 0.427540
vt 0.594130 0.431980
vt 0.590960 0.431130
vt 0.594570 0.429470
vt 0.597390 0.432270
vt 0.600210 0.429470
vt 0.597390 0.429720
vt 0.602950 0.428740
vt 0.600660 0.431980
vt 0.606790 0.429750
vt 0.603820 0.431130
vt 0.607840 0.425920
vt 0.605520 0.427540
vt 0.611790 0.425550
vt 0.609470 0.427870
vt 0.611460 0.421590
vt 0.609840 0.423910
vt 0.615050 0.419900
vt 0.613670 0.422870
vt 0.612660 0.419030
vt 0.615900 0.416730
vt 0.613640 0.413470
vt 0.613390 0.416290
vt 0.615900 0.410210
vt 0.616190 0.413470
vt 0.613390 0.410650
vt 0.615050 0.407040
vt 0.612660 0.407910
vt 0.613670 0.404070
vt 0.609840 0.403030
vt 0.611460 0.405350
vt 0.607840 0.401020
vt 0.611790 0.401390
vt 0.606790 0.397190
vt 0.609470 0.399070
vt 0.602950 0.398200
vt 0.605520 0.399400
vt 0.600660 0.394960
vt 0.603820 0.395810
vt 0.600210 0.397470
vt 0.597390 0.394680
vt 0.594570 0.397470
vt 0.597390 0.397220
vt 0.594130 0.394960
vt 0.611690 0.532350
vt 0.583090 0.532350
vt 0.597390 0.557110
vt 0.586060 0.534060
vt 0.608720 0.534060
vt 0.597390 0.553680
vt 0.597390 0.524090
vt 0.583090 0.548860
vt 0.611690 0.548860
vt 0.586060 0.547140
vt 0.597390 0.527520
vt 0.608720 0.547140
vt 0.607840 0.528160
vt 0.606790 0.524330
vt 0.609470 0.526210
vt 0.602950 0.525340
vt 0.605520 0.526530
vt 0.600660 0.522090
vt 0.603820 0.522940
vt 0.597390 0.524360
vt 0.600210 0.524600
vt 0.594570 0.524600
vt 0.597390 0.521810
vt 0.590960 0.522940
vt 0.594130 0.522090
vt 0.589270 0.526530
vt 0.591840 0.525340
vt 0.585310 0.526210
vt 0.587990 0.524330
vt 0.586950 0.528160
vt 0.582990 0.528520
vt 0.583320 0.532480
vt 0.584950 0.530160
vt 0.582130 0.535050
vt 0.581120 0.531200
vt 0.581390 0.537780
vt 0.579730 0.534170
vt 0.578600 0.540600
vt 0.578880 0.537340
vt 0.581390 0.543420
vt 0.581140 0.540600
vt 0.582130 0.546160
vt 0.578880 0.543870
vt 0.581120 0.550000
vt 0.579730 0.547030
vt 0.584950 0.551050
vt 0.583320 0.548730
vt 0.586950 0.553050
vt 0.582990 0.552680
vt 0.587990 0.556880
vt 0.585310 0.555000
vt 0.589270 0.554670
vt 0.590960 0.558260
vt 0.591840 0.555870
vt 0.594130 0.559110
vt 0.597390 0.556850
vt 0.594570 0.556600
vt 0.600660 0.559110
vt 0.597390 0.559400
vt 0.600210 0.556600
vt 0.603820 0.558260
vt 0.605520 0.554670
vt 0.602950 0.555870
vt 0.609470 0.555000
vt 0.606790 0.556880
vt 0.607840 0.553050
vt 0.611790 0.552680
vt 0.609840 0.551050
vt 0.613670 0.550000
vt 0.612660 0.546160
vt 0.611460 0.548730
vt 0.613390 0.543420
vt 0.615050 0.547030
vt 0.613640 0.540600
vt 0.615900 0.543870
vt 0.613390 0.537780
vt 0.616190 0.540600
vt 0.615050 0.534170
vt 0.615900 0.537340
vt 0.612660 0.535050
vt 0.613670 0.531210
vt 0.611460 0.532480
vt 0.611790 0.528520
vt 0.609840 0.530160
vt 0.369130 0.520040
vt 0.583620 0.557860
vt 0.464800 0.604580
vt 0.390970 0.396210
vt 0.509780 0.349490
vt 0.605450 0.434030
s 0
f 2463/1342/1635 2462/1343/1635 2461/1344/1635
f 2465/1345/1635 2461/1344/1635 2464/1346/1635
f 2465/1345/1635 2467/1347/1635 2466/1348/1635
f 2469/1349/1635 2467/1347/1635 2468/1350/1635
f 2472/1351/1635 2471/1352/1635 2470/1353/1635
f 2472/1351/1635 2474/1354/1635 2473/1355/1635
f 2476/1356/1635 2475/1357/1635 2474/1354/1635
f 2478/1358/1635 2471/1352/1635 2477/1359/1635
f 2481/1360/1635 2480/1361/1635 2479/1362/1635
f 2479/1362/1635 2483/1363/1635 2482/1364/1635
f 2485/1365/1635 2483/1363/1635 2484/1366/1635
f 2485/1365/1635 2487/1367/1635 2486/1368/1635
f 2490/1369/1635 2489/1370/1635 2488/1371/1635
f 2492/1372/1635 2488/1371/1635 2491/1373/1635
f 2492/1372/1635 2494/1374/1635 2493/1375/1635
f 2496/1376/1635 2494/1374/1635 2495/1377/1635
f 2499/1378/1635 2498/1379/1635 2497/1380/1635
f 2497/1380/1635 2501/1381/1635 2500/1382/1635
f 2503/1383/1635 2501/1381/1635 2502/1384/1635
f 2505/1385/1635 2502/1384/1635 2504/1386/1635
f 2508/1387/1635 2507/1388/1635 2506/1389/1635
f 2510/1390/1635 2506/1389/1635 2509/1391/1635
f 2512/1392/1635 2509/1391/1635 2511/1393/1635
f 2512/1392/1635 2514/1394/1635 2513/1395/1635
f 2517/1396/1635 2516/1397/1635 2515/1398/1635
f 2519/1399/1635 2516/1397/1635 2518/1400/1635
f 2519/1399/1635 2521/1401/1635 2520/1402/1635
f 2523/1403/1635 2521/1401/1635 2522/1404/1635
f 2523/1403/1635 2525/1405/1635 2524/1406/1635
f 2527/1407/1635 2526/1408/1635 2525/1405/1635
f 2529/1409/1635 2526/1408/1635 2528/1410/1635
f 2529/1409/1635 2531/1411/1635 2530/1412/1635
f 2533/1413/1635 2532/1414/1635 2531/1411/1635
f 2535/1415/1635 2534/1416/1635 2532/1414/1635
f 2537/1417/1635 2534/1416/1635 2536/1418/1635
f 2539/1419/1635 2538/1420/1635 2537/1417/1635
f 2539/1419/1635 2541/1421/1635 2540/1422/1635
f 2543/1423/1635 2541/1421/1635 2542/1424/1635
f 2543/1423/1635 2545/1425/1635 2544/1426/1635
f 2547/1427/1635 2546/1428/1635 2545/1425/1635
f 2549/1429/1635 2546/1428/1635 2548/1430/1635
f 2551/1431/1635 2550/1432/1635 2549/1429/1635
f 2551/1431/1635 2553/1433/1635 2552/1434/1635
f 2555/1435/1635 2553/1433/1635 2554/1436/1635
f 2555/1435/1635 2557/1437/1635 2556/1438/1635
f 2559/1439/1635 2557/1437/1635 2558/1440/1635
f 2561/1441/1635 2560/1442/1635 2559/1439/1635
f 2561/1441/1635 2563/1443/1635 2562/1444/1635
f 2565/1445/1635 2563/1443/1635 2564/1446/1635
f 2565/1445/1635 2567/1447/1635 2566/1448/1635
f 2569/1449/1635 2568/1450/1635 2567/1447/1635
f 2571/1451/1635 2570/1452/1635 2568/1450/1635
f 2573/1453/1635 2570/1452/1635 2572/1454/1635
f 2575/1455/1635 2574/1456/1635 2573/1453/1635
f 2577/1457/1635 2576/1458/1635 2575/1455/1635
f 2579/1459/1635 2578/1460/1635 2577/1457/1635
f 2581/1461/1635 2580/1462/1635 2579/1459/1635
f 2581/1461/1635 2583/1463/1635 2582/1464/1635
f 2585/1465/1635 2583/1463/1635 2584/1466/1635
f 2517/1396/1635 2586/1467/1635 2585/1465/1635
f 2589/1468/1636 2588/1469/1636 2587/1468/1636
f 2590/1470/1637 2589/1468/1637 2587/1468/1637
f 2589/1468/1638 2592/1471/1638 2591/1469/1638
f 2589/1468/1638 2593/1472/1638 2592/1471/1638
f 2594/1470/1639 2593/1472/1639 2589/1468/1639
f 2595/1472/1640 2592/1471/1640 2593/1472/1640
f 2594/1470/1639 2596/1473/1639 2593/1472/1639
f 2595/1472/1641 2596/1473/1641 2597/1473/1641
f 2597/1473/1642 2587/1468/1642 2595/1472/1642
f 2598/1471/1643 2595/1472/1643 2587/1468/1643
f 2598/1471/1644 2588/1469/1644 2590/1470/1644
f 2598/1471/1643 2587/1468/1643 2588/1469/1643
f 2596/1473/1645 2598/1471/1645 2597/1473/1645
f 2598/1471/1644 2590/1470/1644 2597/1473/1644
f 2588/1469/1646 2594/1470/1646 2590/1470/1646
f 2597/1473/1642 2590/1470/1642 2587/1468/1642
f 2591/1469/1647 2596/1473/1647 2594/1470/1647
f 2591/1469/1647 2592/1471/1647 2596/1473/1647
f 2601/1474/1641 2600/1475/1641 2599/1474/1641
f 2602/1476/1645 2601/1474/1645 2599/1474/1645
f 2601/1474/1648 2604/1477/1648 2603/1475/1648
f 2601/1474/1648 2605/1478/1648 2604/1477/1648
f 2606/1476/1649 2605/1478/1649 2601/1474/1649
f 2607/1478/1637 2604/1477/1637 2605/1478/1637
f 2606/1476/1649 2608/1479/1649 2605/1478/1649
f 2607/1478/1646 2608/1479/1646 2609/1479/1646
f 2609/1479/1650 2599/1474/1650 2607/1478/1650
f 2610/1477/1651 2607/1478/1651 2599/1474/1651
f 2610/1477/1652 2600/1475/1652 2602/1476/1652
f 2610/1477/1651 2599/1474/1651 2600/1475/1651
f 2608/1479/1636 2610/1477/1636 2609/1479/1636
f 2610/1477/1652 2602/1476/1652 2609/1479/1652
f 2600/1475/1640 2606/1476/1640 2602/1476/1640
f 2609/1479/1650 2602/1476/1650 2599/1474/1650
f 2603/1475/1653 2608/1479/1653 2606/1476/1653
f 2603/1475/1653 2604/1477/1653 2608/1479/1653
f 2613/1480/1641 2612/1481/1641 2611/1480/1641
f 2614/1482/1645 2613/1480/1645 2611/1480/1645
f 2613/1480/1648 2616/1483/1648 2615/1481/1648
f 2613/1480/1648 2617/1484/1648 2616/1483/1648
f 2618/1482/1649 2617/1484/1649 2613/1480/1649
f 2619/1484/1637 2616/1483/1637 2617/1484/1637
f 2618/1482/1649 2620/1485/1649 2617/1484/1649
f 2619/1484/1646 2620/1485/1646 2621/1485/1646
f 2621/1485/1650 2611/1480/1650 2619/1484/1650
f 2622/1483/1651 2619/1484/1651 2611/1480/1651
f 2622/1483/1652 2612/1481/1652 2614/1482/1652
f 2622/1483/1651 2611/1480/1651 2612/1481/1651
f 2620/1485/1636 2622/1483/1636 2621/1485/1636
f 2622/1483/1652 2614/1482/1652 2621/1485/1652
f 2612/1481/1640 2618/1482/1640 2614/1482/1640
f 2621/1485/1650 2614/1482/1650 2611/1480/1650
f 2615/1481/1653 2620/1485/1653 2618/1482/1653
f 2615/1481/1653 2616/1483/1653 2620/1485/1653
f 2625/1486/1646 2624/1487/1646 2623/1486/1646
f 2626/1488/1636 2625/1486/1636 2623/1486/1636
f 2625/1486/1647 2628/1489/1647 2627/1487/1647
f 2625/1486/1647 2629/1490/1647 2628/1489/1647
f 2630/1488/1638 2629/1490/1638 2625/1486/1638
f 2631/1490/1645 2628/1489/1645 2629/1490/1645
f 2630/1488/1638 2632/1491/1638 2629/1490/1638
f 2631/1490/1640 2632/1491/1640 2633/1491/1640
f 2633/1491/1643 2623/1486/1643 2631/1490/1643
f 2634/1489/1644 2631/1490/1644 2623/1486/1644
f 2634/1489/1642 2624/1487/1642 2626/1488/1642
f 2634/1489/1644 2623/1486/1644 2624/1487/1644
f 2632/1491/1641 2634/1489/1641 2633/1491/1641
f 2634/1489/1642 2626/1488/1642 2633/1491/1642
f 2624/1487/1637 2630/1488/1637 2626/1488/1637
f 2633/1491/1643 2626/1488/1643 2623/1486/1643
f 2627/1487/1639 2632/1491/1639 2630/1488/1639
f 2627/1487/1639 2628/1489/1639 2632/1491/1639
f 2637/1492/1635 2636/1493/1635 2635/1494/1635
f 2639/1495/1635 2636/1493/1635 2638/1496/1635
f 2639/1495/1635 2641/1497/1635 2640/1498/1635
f 2643/1499/1635 2641/1497/1635 2642/1500/1635
f 2643/1499/1635 2645/1501/1635 2644/1502/1635
f 2647/1503/1635 2646/1504/1635 2645/1501/1635
f 2649/1505/1635 2646/1504/1635 2648/1506/1635
f 2649/1505/1635 2651/1507/1635 2650/1508/1635
f 2653/1509/1635 2652/1510/1635 2651/1507/1635
f 2655/1511/1635 2654/1512/1635 2652/1510/1635
f 2657/1513/1635 2654/1512/1635 2656/1514/1635
f 2657/1513/1635 2659/1515/1635 2658/1516/1635
f 2661/1517/1635 2659/1515/1635 2660/1518/1635
f 2663/1519/1635 2662/1520/1635 2661/1517/1635
f 2665/1521/1635 2664/1522/1635 2663/1519/1635
f 2665/1521/1635 2667/1523/1635 2666/1524/1635
f 2669/1525/1635 2667/1523/1635 2668/1526/1635
f 2671/1527/1635 2670/1528/1635 2669/1525/1635
f 2671/1527/1635 2673/1529/1635 2672/1530/1635
f 2675/1531/1635 2674/1532/1635 2673/1529/1635
f 2677/1533/1635 2676/1534/1635 2674/1532/1635
f 2679/1535/1635 2676/1534/1635 2678/1536/1635
f 2679/1535/1635 2681/1537/1635 2680/1538/1635
f 2683/1539/1635 2682/1540/1635 2681/1537/1635
f 2685/1541/1635 2682/1540/1635 2684/1542/1635
f 2685/1541/1635 2687/1543/1635 2686/1544/1635
f 2689/1545/1635 2688/1546/1635 2687/1543/1635
f 2691/1547/1635 2690/1548/1635 2688/1546/1635
f 2693/1549/1635 2690/1548/1635 2692/1550/1635
f 2695/1551/1635 2694/1552/1635 2693/1549/1635
f 2695/1551/1635 2697/1553/1635 2696/1554/1635
f 2699/1555/1635 2698/1556/1635 2697/1553/1635
f 2701/1557/1635 2698/1556/1635 2700/1558/1635
f 2701/1557/1635 2703/1559/1635 2702/1560/1635
f 2705/1561/1635 2703/1559/1635 2704/1562/1635
f 2637/1492/1635 2706/1563/1635 2705/1561/1635
f 2709/1564/1645 2708/1565/1645 2707/1564/1645
f 2710/1566/1640 2709/1564/1640 2707/1564/1640
f 2709/1564/1649 2712/1567/1649 2711/1565/1649
f 2709/1564/1649 2713/1568/1649 2712/1567/1649
f 2714/1566/1653 2713/1568/1653 2709/1564/1653
f 2715/1568/1646 2712/1567/1646 2713/1568/1646
f 2714/1566/1653 2716/1569/1653 2713/1568/1653
f 2715/1568/1636 2716/1569/1636 2717/1569/1636
f 2717/1569/1652 2707/1564/1652 2715/1568/1652
f 2718/1567/1650 2715/1568/1650 2707/1564/1650
f 2718/1567/1651 2708/1565/1651 2710/1566/1651
f 2718/1567/1650 2707/1564/1650 2708/1565/1650
f 2716/1569/1637 2718/1567/1637 2717/1569/1637
f 2718/1567/1651 2710/1566/1651 2717/1569/1651
f 2708/1565/1641 2714/1566/1641 2710/1566/1641
f 2717/1569/1652 2710/1566/1652 2707/1564/1652
f 2711/1565/1648 2716/1569/1648 2714/1566/1648
f 2711/1565/1648 2712/1567/1648 2716/1569/1648
f 2721/1570/1636 2720/1571/1636 2719/1570/1636
f 2722/1572/1637 2721/1570/1637 2719/1570/1637
f 2721/1570/1638 2724/1573/1638 2723/1571/1638
f 2721/1570/1638 2725/1574/1638 2724/1573/1638
f 2726/1572/1639 2725/1574/1639 2721/1570/1639
f 2727/1574/1640 2724/1573/1640 2725/1574/1640
f 2726/1572/1639 2728/1575/1639 2725/1574/1639
f 2727/1574/1641 2728/1575/1641 2729/1575/1641
f 2729/1575/1642 2719/1570/1642 2727/1574/1642
f 2730/1573/1643 2727/1574/1643 2719/1570/1643
f 2730/1573/1644 2720/1571/1644 2722/1572/1644
f 2730/1573/1643 2719/1570/1643 2720/1571/1643
f 2728/1575/1645 2730/1573/1645 2729/1575/1645
f 2730/1573/1644 2722/1572/1644 2729/1575/1644
f 2722/1572/1646 2723/1571/1646 2726/1572/1646
f 2729/1575/1642 2722/1572/1642 2719/1570/1642
f 2723/1571/1647 2728/1575/1647 2726/1572/1647
f 2723/1571/1647 2724/1573/1647 2728/1575/1647
f 2733/1576/1635 2732/1577/1635 2731/1578/1635
f 2735/1579/1635 2732/1577/1635 2734/1580/1635
f 2735/1579/1635 2737/1581/1635 2736/1582/1635
f 2739/1583/1635 2737/1581/1635 2738/1584/1635
f 2739/1583/1635 2741/1585/1635 2740/1586/1635
f 2743/1587/1635 2742/1588/1635 2741/1585/1635
f 2745/1589/1635 2742/1588/1635 2744/1590/1635
f 2745/1589/1635 2747/1591/1635 2746/1592/1635
f 2749/1593/1635 2748/1594/1635 2747/1591/1635
f 2751/1595/1635 2750/1596/1635 2748/1594/1635
f 2753/1597/1635 2752/1598/1635 2750/1596/1635
f 2755/1599/1635 2752/1598/1635 2754/1600/1635
f 2757/1601/1635 2756/1602/1635 2755/1599/1635
f 2759/1603/1635 2758/1604/1635 2757/1601/1635
f 2759/1603/1635 2761/1605/1635 2760/1606/1635
f 2763/1607/1635 2762/1608/1635 2761/1605/1635
f 2765/1609/1635 2762/1608/1635 2764/1610/1635
f 2767/1611/1635 2766/1612/1635 2765/1609/1635
f 2767/1611/1635 2769/1613/1635 2768/1614/1635
f 2771/1615/1635 2769/1613/1635 2770/1616/1635
f 2771/1615/1635 2773/1617/1635 2772/1618/1635
f 2775/1619/1635 2773/1617/1635 2774/1620/1635
f 2777/1621/1635 2776/1622/1635 2775/1619/1635
f 2777/1621/1635 2779/1623/1635 2778/1624/1635
f 2781/1625/1635 2779/1623/1635 2780/1626/1635
f 2783/1627/1635 2782/1628/1635 2781/1625/1635
f 2783/1627/1635 2785/1629/1635 2784/1630/1635
f 2787/1631/1635 2786/1632/1635 2785/1629/1635
f 2789/1633/1635 2788/1634/1635 2786/1632/1635
f 2791/1635/1635 2788/1634/1635 2790/1636/1635
f 2793/1637/1635 2792/1638/1635 2791/1635/1635
f 2795/1639/1635 2794/1640/1635 2793/1637/1635
f 2797/1641/1635 2796/1642/1635 2795/1639/1635
f 2797/1641/1635 2799/1643/1635 2798/1644/1635
f 2801/1645/1635 2800/1646/1635 2799/1643/1635
f 2733/1576/1635 2800/1646/1635 2802/1647/1635
f 2805/1648/1637 2804/1649/1637 2803/1648/1637
f 2806/1650/1646 2805/1648/1646 2803/1648/1646
f 2805/1648/1639 2808/1651/1639 2807/1649/1639
f 2805/1648/1639 2809/1652/1639 2808/1651/1639
f 2810/1650/1647 2809/1652/1647 2805/1648/1647
f 2811/1652/1641 2808/1651/1641 2809/1652/1641
f 2810/1650/1647 2812/1653/1647 2809/1652/1647
f 2811/1652/1645 2812/1653/1645 2813/1653/1645
f 2813/1653/1644 2803/1648/1644 2811/1652/1644
f 2814/1651/1642 2811/1652/1642 2803/1648/1642
f 2814/1651/1643 2804/1649/1643 2806/1650/1643
f 2814/1651/1642 2803/1648/1642 2804/1649/1642
f 2812/1653/1640 2814/1651/1640 2813/1653/1640
f 2814/1651/1643 2806/1650/1643 2813/1653/1643
f 2804/1649/1636 2810/1650/1636 2806/1650/1636
f 2813/1653/1644 2806/1650/1644 2803/1648/1644
f 2807/1649/1638 2812/1653/1638 2810/1650/1638
f 2807/1649/1638 2808/1651/1638 2812/1653/1638
f 2817/1654/1645 2816/1655/1645 2815/1654/1645
f 2818/1656/1640 2817/1654/1640 2815/1654/1640
f 2817/1654/1649 2820/1657/1649 2819/1655/1649
f 2817/1654/1649 2821/1658/1649 2820/1657/1649
f 2822/1656/1653 2821/1658/1653 2817/1654/1653
f 2823/1658/1646 2820/1657/1646 2821/1658/1646
f 2822/1656/1653 2824/1659/1653 2821/1658/1653
f 2823/1658/1636 2824/1659/1636 2825/1659/1636
f 2825/1659/1652 2815/1654/1652 2823/1658/1652
f 2826/1657/1650 2823/1658/1650 2815/1654/1650
f 2826/1657/1651 2816/1655/1651 2818/1656/1651
f 2826/1657/1650 2815/1654/1650 2816/1655/1650
f 2825/1659/1637 2820/1657/1637 2826/1657/1637
f 2826/1657/1651 2818/1656/1651 2825/1659/1651
f 2816/1655/1641 2822/1656/1641 2818/1656/1641
f 2825/1659/1652 2818/1656/1652 2815/1654/1652
f 2819/1655/1648 2824/1659/1648 2822/1656/1648
f 2819/1655/1648 2820/1657/1648 2824/1659/1648
f 2829/1660/1635 2828/1661/1635 2827/1662/1635
f 2831/1663/1635 2828/1661/1635 2830/1664/1635
f 2831/1663/1635 2833/1665/1635 2832/1666/1635
f 2835/1667/1635 2833/1665/1635 2834/1668/1635
f 2835/1667/1635 2837/1669/1635 2836/1670/1635
f 2839/1671/1635 2838/1672/1635 2837/1669/1635
f 2841/1673/1635 2838/1672/1635 2840/1674/1635
f 2841/1673/1635 2843/1675/1635 2842/1676/1635
f 2845/1677/1635 2844/1678/1635 2843/1675/1635
f 2847/1679/1635 2846/1680/1635 2844/1678/1635
f 2849/1681/1635 2848/1682/1635 2846/1680/1635
f 2851/1683/1635 2848/1682/1635 2850/1684/1635
f 2851/1683/1635 2853/1685/1635 2852/1686/1635
f 2855/1687/1635 2853/1685/1635 2854/1688/1635
f 2855/1687/1635 2857/1689/1635 2856/1690/1635
f 2859/1691/1635 2858/1692/1635 2857/1689/1635
f 2861/1693/1635 2858/1692/1635 2860/1694/1635
f 2863/1695/1635 2862/1696/1635 2861/1693/1635
f 2863/1695/1635 2865/1697/1635 2864/1698/1635
f 2867/1699/1635 2866/1700/1635 2865/1697/1635
f 2869/1701/1635 2868/1702/1635 2866/1700/1635
f 2871/1703/1635 2868/1702/1635 2870/1704/1635
f 2871/1703/1635 2873/1705/1635 2872/1706/1635
f 2875/1707/1635 2874/1708/1635 2873/1705/1635
f 2877/1709/1635 2874/1708/1635 2876/1710/1635
f 2877/1709/1635 2879/1711/1635 2878/1712/1635
f 2881/1713/1635 2880/1714/1635 2879/1711/1635
f 2883/1715/1635 2880/1714/1635 2882/1716/1635
f 2885/1717/1635 2884/1718/1635 2883/1715/1635
f 2887/1719/1635 2886/1720/1635 2885/1717/1635
f 2887/1719/1635 2889/1721/1635 2888/1722/1635
f 2891/1723/1635 2889/1721/1635 2890/1724/1635
f 2893/1725/1635 2892/1726/1635 2891/1723/1635
f 2893/1725/1635 2895/1727/1635 2894/1728/1635
f 2897/1729/1635 2895/1727/1635 2896/1730/1635
f 2829/1660/1635 2898/1731/1635 2897/1729/1635
f 2901/1732/1640 2900/1733/1640 2899/1732/1640
f 2902/1734/1641 2901/1732/1641 2899/1732/1641
f 2901/1732/1653 2904/1735/1653 2903/1733/1653
f 2901/1732/1653 2905/1736/1653 2904/1735/1653
f 2906/1734/1648 2905/1736/1648 2901/1732/1648
f 2907/1736/1636 2904/1735/1636 2905/1736/1636
f 2906/1734/1648 2908/1737/1648 2905/1736/1648
f 2907/1736/1637 2908/1737/1637 2909/1737/1637
f 2909/1737/1651 2899/1732/1651 2907/1736/1651
f 2910/1735/1652 2907/1736/1652 2899/1732/1652
f 2910/1735/1650 2900/1733/1650 2902/1734/1650
f 2910/1735/1652 2899/1732/1652 2900/1733/1652
f 2908/1737/1646 2910/1735/1646 2909/1737/1646
f 2910/1735/1650 2902/1734/1650 2909/1737/1650
f 2900/1733/1645 2906/1734/1645 2902/1734/1645
f 2909/1737/1651 2902/1734/1651 2899/1732/1651
f 2903/1733/1649 2908/1737/1649 2906/1734/1649
f 2903/1733/1649 2904/1735/1649 2908/1737/1649
f 2913/1738/1637 2912/1739/1637 2911/1738/1637
f 2911/1738/1646 2914/1740/1646 2913/1738/1646
f 2913/1738/1639 2916/1741/1639 2915/1739/1639
f 2913/1738/1639 2917/1742/1639 2916/1741/1639
f 2914/1740/1647 2917/1742/1647 2913/1738/1647
f 2918/1742/1641 2916/1741/1641 2917/1742/1641
f 2914/1740/1647 2919/1743/1647 2917/1742/1647
f 2918/1742/1645 2919/1743/1645 2920/1743/1645
f 2920/1743/1644 2911/1738/1644 2918/1742/1644
f 2921/1741/1642 2918/1742/1642 2911/1738/1642
f 2921/1741/1643 2912/1739/1643 2922/1740/1643
f 2921/1741/1642 2911/1738/1642 2912/1739/1642
f 2920/1743/1640 2916/1741/1640 2921/1741/1640
f 2921/1741/1643 2922/1740/1643 2920/1743/1643
f 2912/1739/1636 2914/1740/1636 2922/1740/1636
f 2920/1743/1644 2922/1740/1644 2911/1738/1644
f 2915/1739/1638 2919/1743/1638 2914/1740/1638
f 2915/1739/1638 2916/1741/1638 2919/1743/1638
f 2925/1744/1635 2924/1745/1635 2923/1746/1635
f 2927/1747/1635 2924/1745/1635 2926/1748/1635
f 2927/1747/1635 2929/1749/1635 2928/1750/1635
f 2931/1751/1635 2929/1749/1635 2930/1752/1635
f 2931/1751/1635 2933/1753/1635 2932/1754/1635
f 2935/1755/1635 2934/1756/1635 2933/1753/1635
f 2937/1757/1635 2934/1756/1635 2936/1758/1635
f 2937/1757/1635 2939/1759/1635 2938/1760/1635
f 2941/1761/1635 2940/1762/1635 2939/1759/1635
f 2943/1763/1635 2942/1764/1635 2940/1762/1635
f 2945/1765/1635 2944/1766/1635 2942/1764/1635
f 2947/1767/1635 2944/1766/1635 2946/1768/1635
f 2947/1767/1635 2949/1769/1635 2948/1770/1635
f 2951/1771/1635 2949/1769/1635 2950/1772/1635
f 2951/1771/1635 2953/1773/1635 2952/1774/1635
f 2955/1775/1635 2954/1776/1635 2953/1773/1635
f 2957/1777/1635 2954/1776/1635 2956/1778/1635
f 2959/1779/1635 2958/1780/1635 2957/1777/1635
f 2959/1779/1635 2961/1781/1635 2960/1782/1635
f 2963/1783/1635 2961/1781/1635 2962/1784/1635
f 2963/1783/1635 2965/1785/1635 2964/1786/1635
f 2967/1787/1635 2965/1785/1635 2966/1788/1635
f 2967/1787/1635 2969/1789/1635 2968/1790/1635
f 2971/1791/1635 2970/1792/1635 2969/1789/1635
f 2973/1793/1635 2970/1792/1635 2972/1794/1635
f 2973/1793/1635 2975/1795/1635 2974/1796/1635
f 2977/1797/1635 2976/1798/1635 2975/1795/1635
f 2979/1799/1635 2978/1800/1635 2976/1798/1635
f 2981/1801/1635 2978/1800/1635 2980/1802/1635
f 2983/1803/1635 2982/1804/1635 2981/1801/1635
f 2983/1803/1635 2985/1805/1635 2984/1806/1635
f 2987/1807/1635 2985/1805/1635 2986/1808/1635
f 2987/1807/1635 2989/1809/1635 2988/1810/1635
f 2991/1811/1635 2990/1812/1635 2989/1809/1635
f 2993/1813/1635 2990/1812/1635 2992/1814/1635
f 2925/1744/1635 2994/1815/1635 2993/1813/1635
f 2997/1816/1646 2996/1817/1646 2995/1816/1646
f 2998/1818/1636 2997/1816/1636 2995/1816/1636
f 2997/1816/1647 3000/1819/1647 2999/1817/1647
f 2997/1816/1647 3001/1820/1647 3000/1819/1647
f 3002/1818/1638 3001/1820/1638 2997/1816/1638
f 3003/1820/1645 3000/1819/1645 3001/1820/1645
f 3002/1818/1638 3004/1821/1638 3001/1820/1638
f 3003/1820/1640 3004/1821/1640 3005/1821/1640
f 3005/1821/1643 2995/1816/1643 3003/1820/1643
f 3006/1819/1644 3003/1820/1644 2995/1816/1644
f 3006/1819/1642 2996/1817/1642 2998/1818/1642
f 3006/1819/1644 2995/1816/1644 2996/1817/1644
f 3004/1821/1641 3006/1819/1641 3005/1821/1641
f 3006/1819/1642 2998/1818/1642 3005/1821/1642
f 2996/1817/1637 3002/1818/1637 2998/1818/1637
f 3005/1821/1643 2998/1818/1643 2995/1816/1643
f 2999/1817/1639 3004/1821/1639 3002/1818/1639
f 2999/1817/1639 3000/1819/1639 3004/1821/1639
f 3009/1822/1640 3008/1823/1640 3007/1823/1640
f 3011/1824/1641 3010/1822/1641 3009/1822/1641
f 3010/1822/1653 3012/1825/1653 3008/1823/1653
f 3010/1822/1653 3013/1826/1653 3012/1825/1653
f 3014/1824/1648 3013/1826/1648 3010/1822/1648
f 3015/1826/1636 3012/1825/1636 3013/1826/1636
f 3014/1824/1648 3016/1827/1648 3013/1826/1648
f 3015/1826/1637 3016/1827/1637 3017/1827/1637
f 3017/1827/1651 3009/1822/1651 3015/1826/1651
f 3018/1825/1652 3015/1826/1652 3009/1822/1652
f 3018/1825/1650 3007/1823/1650 3011/1824/1650
f 3018/1825/1652 3009/1822/1652 3007/1823/1652
f 3017/1827/1646 3012/1825/1646 3018/1825/1646
f 3018/1825/1650 3011/1824/1650 3017/1827/1650
f 3007/1823/1645 3014/1824/1645 3011/1824/1645
f 3017/1827/1651 3011/1824/1651 3009/1822/1651
f 3008/1823/1649 3016/1827/1649 3014/1824/1649
f 3008/1823/1649 3012/1825/1649 3016/1827/1649
f 3021/1828/1635 3020/1829/1635 3019/1830/1635
f 3023/1831/1635 3020/1829/1635 3022/1832/1635
f 3023/1831/1635 3025/1833/1635 3024/1834/1635
f 3027/1835/1635 3025/1833/1635 3026/1836/1635
f 3029/1837/1635 3028/1838/1635 3027/1835/1635
f 3029/1837/1635 3031/1839/1635 3030/1840/1635
f 3033/1841/1635 3031/1839/1635 3032/1842/1635
f 3033/1841/1635 3035/1843/1635 3034/1844/1635
f 3037/1845/1635 3036/1846/1635 3035/1843/1635
f 3039/1847/1635 3036/1846/1635 3038/1848/1635
f 3041/1849/1635 3040/1850/1635 3039/1847/1635
f 3043/1851/1635 3042/1852/1635 3041/1849/1635
f 3043/1851/1635 3045/1853/1635 3044/1854/1635
f 3047/1855/1635 3045/1853/1635 3046/1856/1635
f 3049/1857/1635 3048/1858/1635 3047/1855/1635
f 3049/1857/1635 3051/1859/1635 3050/1860/1635
f 3053/1861/1635 3051/1859/1635 3052/1862/1635
f 3055/1863/1635 3054/1864/1635 3053/1861/1635
f 3055/1863/1635 3057/1865/1635 3056/1866/1635
f 3059/1867/1635 3058/1868/1635 3057/1865/1635
f 3061/1869/1635 3060/1870/1635 3058/1868/1635
f 3063/1871/1635 3060/1870/1635 3062/1872/1635
f 3063/1871/1635 3065/1873/1635 3064/1874/1635
f 3067/1875/1635 3066/1876/1635 3065/1873/1635
f 3069/1877/1635 3066/1876/1635 3068/1878/1635
f 3069/1877/1635 3071/1879/1635 3070/1880/1635
f 3073/1881/1635 3072/1882/1635 3071/1879/1635
f 3075/1883/1635 3074/1884/1635 3072/1882/1635
f 3077/1885/1635 3074/1884/1635 3076/1886/1635
f 3079/1887/1635 3078/1888/1635 3077/1885/1635
f 3081/1889/1635 3080/1890/1635 3079/1887/1635
f 3083/1891/1635 3082/1892/1635 3081/1889/1635
f 3083/1891/1635 3085/1893/1635 3084/1894/1635
f 3087/1895/1635 3086/1896/1635 3085/1893/1635
f 3089/1897/1635 3088/1898/1635 3086/1896/1635
f 3021/1828/1635 3088/1898/1635 3090/1899/1635
f 2463/1342/1635 3091/1900/1635 2462/1343/1635
f 2465/1345/1635 2463/1342/1635 2461/1344/1635
f 2465/1345/1635 2464/1346/1635 2467/1347/1635
f 2469/1349/1635 2466/1348/1635 2467/1347/1635
f 2472/1351/1635 2473/1355/1635 2471/1352/1635
f 2472/1351/1635 2476/1356/1635 2474/1354/1635
f 2476/1356/1635 3092/1901/1635 2475/1357/1635
f 2478/1358/1635 2470/1353/1635 2471/1352/1635
f 2481/1360/1635 3093/1902/1635 2480/1361/1635
f 2479/1362/1635 2480/1361/1635 2483/1363/1635
f 2485/1365/1635 2482/1364/1635 2483/1363/1635
f 2485/1365/1635 2484/1366/1635 2487/1367/1635
f 2490/1369/1635 3094/1903/1635 2489/1370/1635
f 2492/1372/1635 2490/1369/1635 2488/1371/1635
f 2492/1372/1635 2491/1373/1635 2494/1374/1635
f 2496/1376/1635 2493/1375/1635 2494/1374/1635
f 2499/1378/1635 3095/1904/1635 2498/1379/1635
f 2497/1380/1635 2498/1379/1635 2501/1381/1635
f 2503/1383/1635 2500/1382/1635 2501/1381/1635
f 2505/1385/1635 2503/1383/1635 2502/1384/1635
f 2508/1387/1635 3096/1905/1635 2507/1388/1635
f 2510/1390/1635 2508/1387/1635 2506/1389/1635
f 2512/1392/1635 2510/1390/1635 2509/1391/1635
f 2512/1392/1635 2511/1393/1635 2514/1394/1635
f 2517/1396/1635 2518/1400/1635 2516/1397/1635
f 2519/1399/1635 2520/1402/1635 2516/1397/1635
f 2519/1399/1635 2522/1404/1635 2521/1401/1635
f 2523/1403/1635 2524/1406/1635 2521/1401/1635
f 2523/1403/1635 2527/1407/1635 2525/1405/1635
f 2527/1407/1635 2528/1410/1635 2526/1408/1635
f 2529/1409/1635 2530/1412/1635 2526/1408/1635
f 2529/1409/1635 2533/1413/1635 2531/1411/1635
f 2533/1413/1635 2535/1415/1635 2532/1414/1635
f 2535/1415/1635 2536/1418/1635 2534/1416/1635
f 2537/1417/1635 2538/1420/1635 2534/1416/1635
f 2539/1419/1635 2540/1422/1635 2538/1420/1635
f 2539/1419/1635 2542/1424/1635 2541/1421/1635
f 2543/1423/1635 2544/1426/1635 2541/1421/1635
f 2543/1423/1635 2547/1427/1635 2545/1425/1635
f 2547/1427/1635 2548/1430/1635 2546/1428/1635
f 2549/1429/1635 2550/1432/1635 2546/1428/1635
f 2551/1431/1635 2552/1434/1635 2550/1432/1635
f 2551/1431/1635 2554/1436/1635 2553/1433/1635
f 2555/1435/1635 2556/1438/1635 2553/1433/1635
f 2555/1435/1635 2558/1440/1635 2557/1437/1635
f 2559/1439/1635 2560/1442/1635 2557/1437/1635
f 2561/1441/1635 2562/1444/1635 2560/1442/1635
f 2561/1441/1635 2564/1446/1635 2563/1443/1635
f 2565/1445/1635 2566/1448/1635 2563/1443/1635
f 2565/1445/1635 2569/1449/1635 2567/1447/1635
f 2569/1449/1635 2571/1451/1635 2568/1450/1635
f 2571/1451/1635 2572/1454/1635 2570/1452/1635
f 2573/1453/1635 2574/1456/1635 2570/1452/1635
f 2575/1455/1635 2576/1458/1635 2574/1456/1635
f 2577/1457/1635 2578/1460/1635 2576/1458/1635
f 2579/1459/1635 2580/1462/1635 2578/1460/1635
f 2581/1461/1635 2582/1464/1635 2580/1462/1635
f 2581/1461/1635 2584/1466/1635 2583/1463/1635
f 2585/1465/1635 2586/1467/1635 2583/1463/1635
f 2517/1396/1635 2515/1398/1635 2586/1467/1635
f 2589/1468/1636 2591/1469/1636 2588/1469/1636
f 2590/1470/1637 2594/1470/1637 2589/1468/1637
f 2595/1472/1640 2598/1471/1640 2592/1471/1640
f 2595/1472/1641 2593/1472/1641 2596/1473/1641
f 2596/1473/1645 2592/1471/1645 2598/1471/1645
f 2588/1469/1646 2591/1469/1646 2594/1470/1646
f 2601/1474/1641 2603/1475/1641 2600/1475/1641
f 2602/1476/1645 2606/1476/1645 2601/1474/1645
f 2607/1478/1637 2610/1477/1637 2604/1477/1637
f 2607/1478/1646 2605/1478/1646 2608/1479/1646
f 2608/1479/1636 2604/1477/1636 2610/1477/1636
f 2600/1475/1640 2603/1475/1640 2606/1476/1640
f 2613/1480/1641 2615/1481/1641 2612/1481/1641
f 2614/1482/1645 2618/1482/1645 2613/1480/1645
f 2619/1484/1637 2622/1483/1637 2616/1483/1637
f 2619/1484/1646 2617/1484/1646 2620/1485/1646
f 2620/1485/1636 2616/1483/1636 2622/1483/1636
f 2612/1481/1640 2615/1481/1640 2618/1482/1640
f 2625/1486/1646 2627/1487/1646 2624/1487/1646
f 2626/1488/1636 2630/1488/1636 2625/1486/1636
f 2631/1490/1645 2634/1489/1645 2628/1489/1645
f 2631/1490/1640 2629/1490/1640 2632/1491/1640
f 2632/1491/1641 2628/1489/1641 2634/1489/1641
f 2624/1487/1637 2627/1487/1637 2630/1488/1637
f 2637/1492/1635 2638/1496/1635 2636/1493/1635
f 2639/1495/1635 2640/1498/1635 2636/1493/1635
f 2639/1495/1635 2642/1500/1635 2641/1497/1635
f 2643/1499/1635 2644/1502/1635 2641/1497/1635
f 2643/1499/1635 2647/1503/1635 2645/1501/1635
f 2647/1503/1635 2648/1506/1635 2646/1504/1635
f 2649/1505/1635 2650/1508/1635 2646/1504/1635
f 2649/1505/1635 2653/1509/1635 2651/1507/1635
f 2653/1509/1635 2655/1511/1635 2652/1510/1635
f 2655/1511/1635 2656/1514/1635 2654/1512/1635
f 2657/1513/1635 2658/1516/1635 2654/1512/1635
f 2657/1513/1635 2660/1518/1635 2659/1515/1635
f 2661/1517/1635 2662/1520/1635 2659/1515/1635
f 2663/1519/1635 2664/1522/1635 2662/1520/1635
f 2665/1521/1635 2666/1524/1635 2664/1522/1635
f 2665/1521/1635 2668/1526/1635 2667/1523/1635
f 2669/1525/1635 2670/1528/1635 2667/1523/1635
f 2671/1527/1635 2672/1530/1635 2670/1528/1635
f 2671/1527/1635 2675/1531/1635 2673/1529/1635
f 2675/1531/1635 2677/1533/1635 2674/1532/1635
f 2677/1533/1635 2678/1536/1635 2676/1534/1635
f 2679/1535/1635 2680/1538/1635 2676/1534/1635
f 2679/1535/1635 2683/1539/1635 2681/1537/1635
f 2683/1539/1635 2684/1542/1635 2682/1540/1635
f 2685/1541/1635 2686/1544/1635 2682/1540/1635
f 2685/1541/1635 2689/1545/1635 2687/1543/1635
f 2689/1545/1635 2691/1547/1635 2688/1546/1635
f 2691/1547/1635 2692/1550/1635 2690/1548/1635
f 2693/1549/1635 2694/1552/1635 2690/1548/1635
f 2695/1551/1635 2696/1554/1635 2694/1552/1635
f 2695/1551/1635 2699/1555/1635 2697/1553/1635
f 2699/1555/1635 2700/1558/1635 2698/1556/1635
f 2701/1557/1635 2702/1560/1635 2698/1556/1635
f 2701/1557/1635 2704/1562/1635 2703/1559/1635
f 2705/1561/1635 2706/1563/1635 2703/1559/1635
f 2637/1492/1635 2635/1494/1635 2706/1563/1635
f 2709/1564/1645 2711/1565/1645 2708/1565/1645
f 2710/1566/1640 2714/1566/1640 2709/1564/1640
f 2715/1568/1646 2718/1567/1646 2712/1567/1646
f 2715/1568/1636 2713/1568/1636 2716/1569/1636
f 2716/1569/1637 2712/1567/1637 2718/1567/1637
f 2708/1565/1641 2711/1565/1641 2714/1566/1641
f 2721/1570/1636 2723/1571/1636 2720/1571/1636
f 2722/1572/1637 2726/1572/1637 2721/1570/1637
f 2727/1574/1640 2730/1573/1640 2724/1573/1640
f 2727/1574/1641 2725/1574/1641 2728/1575/1641
f 2728/1575/1645 2724/1573/1645 2730/1573/1645
f 2722/1572/1646 2720/1571/1646 2723/1571/1646
f 2733/1576/1635 2734/1580/1635 2732/1577/1635
f 2735/1579/1635 2736/1582/1635 2732/1577/1635
f 2735/1579/1635 2738/1584/1635 2737/1581/1635
f 2739/1583/1635 2740/1586/1635 2737/1581/1635
f 2739/1583/1635 2743/1587/1635 2741/1585/1635
f 2743/1587/1635 2744/1590/1635 2742/1588/1635
f 2745/1589/1635 2746/1592/1635 2742/1588/1635
f 2745/1589/1635 2749/1593/1635 2747/1591/1635
f 2749/1593/1635 2751/1595/1635 2748/1594/1635
f 2751/1595/1635 2753/1597/1635 2750/1596/1635
f 2753/1597/1635 2754/1600/1635 2752/1598/1635
f 2755/1599/1635 2756/1602/1635 2752/1598/1635
f 2757/1601/1635 2758/1604/1635 2756/1602/1635
f 2759/1603/1635 2760/1606/1635 2758/1604/1635
f 2759/1603/1635 2763/1607/1635 2761/1605/1635
f 2763/1607/1635 2764/1610/1635 2762/1608/1635
f 2765/1609/1635 2766/1612/1635 2762/1608/1635
f 2767/1611/1635 2768/1614/1635 2766/1612/1635
f 2767/1611/1635 2770/1616/1635 2769/1613/1635
f 2771/1615/1635 2772/1618/1635 2769/1613/1635
f 2771/1615/1635 2774/1620/1635 2773/1617/1635
f 2775/1619/1635 2776/1622/1635 2773/1617/1635
f 2777/1621/1635 2778/1624/1635 2776/1622/1635
f 2777/1621/1635 2780/1626/1635 2779/1623/1635
f 2781/1625/1635 2782/1628/1635 2779/1623/1635
f 2783/1627/1635 2784/1630/1635 2782/1628/1635
f 2783/1627/1635 2787/1631/1635 2785/1629/1635
f 2787/1631/1635 2789/1633/1635 2786/1632/1635
f 2789/1633/1635 2790/1636/1635 2788/1634/1635
f 2791/1635/1635 2792/1638/1635 2788/1634/1635
f 2793/1637/1635 2794/1640/1635 2792/1638/1635
f 2795/1639/1635 2796/1642/1635 2794/1640/1635
f 2797/1641/1635 2798/1644/1635 2796/1642/1635
f 2797/1641/1635 2801/1645/1635 2799/1643/1635
f 2801/1645/1635 2802/1647/1635 2800/1646/1635
f 2733/1576/1635 2731/1578/1635 2800/1646/1635
f 2805/1648/1637 2807/1649/1637 2804/1649/1637
f 2806/1650/1646 2810/1650/1646 2805/1648/1646
f 2811/1652/1641 2814/1651/1641 2808/1651/1641
f 2811/1652/1645 2809/1652/1645 2812/1653/1645
f 2812/1653/1640 2808/1651/1640 2814/1651/1640
f 2804/1649/1636 2807/1649/1636 2810/1650/1636
f 2817/1654/1645 2819/1655/1645 2816/1655/1645
f 2818/1656/1640 2822/1656/1640 2817/1654/1640
f 2823/1658/1646 2826/1657/1646 2820/1657/1646
f 2823/1658/1636 2821/1658/1636 2824/1659/1636
f 2825/1659/1637 2824/1659/1637 2820/1657/1637
f 2816/1655/1641 2819/1655/1641 2822/1656/1641
f 2829/1660/1635 2830/1664/1635 2828/1661/1635
f 2831/1663/1635 2832/1666/1635 2828/1661/1635
f 2831/1663/1635 2834/1668/1635 2833/1665/1635
f 2835/1667/1635 2836/1670/1635 2833/1665/1635
f 2835/1667/1635 2839/1671/1635 2837/1669/1635
f 2839/1671/1635 2840/1674/1635 2838/1672/1635
f 2841/1673/1635 2842/1676/1635 2838/1672/1635
f 2841/1673/1635 2845/1677/1635 2843/1675/1635
f 2845/1677/1635 2847/1679/1635 2844/1678/1635
f 2847/1679/1635 2849/1681/1635 2846/1680/1635
f 2849/1681/1635 2850/1684/1635 2848/1682/1635
f 2851/1683/1635 2852/1686/1635 2848/1682/1635
f 2851/1683/1635 2854/1688/1635 2853/1685/1635
f 2855/1687/1635 2856/1690/1635 2853/1685/1635
f 2855/1687/1635 2859/1691/1635 2857/1689/1635
f 2859/1691/1635 2860/1694/1635 2858/1692/1635
f 2861/1693/1635 2862/1696/1635 2858/1692/1635
f 2863/1695/1635 2864/1698/1635 2862/1696/1635
f 2863/1695/1635 2867/1699/1635 2865/1697/1635
f 2867/1699/1635 2869/1701/1635 2866/1700/1635
f 2869/1701/1635 2870/1704/1635 2868/1702/1635
f 2871/1703/1635 2872/1706/1635 2868/1702/1635
f 2871/1703/1635 2875/1707/1635 2873/1705/1635
f 2875/1707/1635 2876/1710/1635 2874/1708/1635
f 2877/1709/1635 2878/1712/1635 2874/1708/1635
f 2877/1709/1635 2881/1713/1635 2879/1711/1635
f 2881/1713/1635 2882/1716/1635 2880/1714/1635
f 2883/1715/1635 2884/1718/1635 2880/1714/1635
f 2885/1717/1635 2886/1720/1635 2884/1718/1635
f 2887/1719/1635 2888/1722/1635 2886/1720/1635
f 2887/1719/1635 2890/1724/1635 2889/1721/1635
f 2891/1723/1635 2892/1726/1635 2889/1721/1635
f 2893/1725/1635 2894/1728/1635 2892/1726/1635
f 2893/1725/1635 2896/1730/1635 2895/1727/1635
f 2897/1729/1635 2898/1731/1635 2895/1727/1635
f 2829/1660/1635 2827/1662/1635 2898/1731/1635
f 2901/1732/1640 2903/1733/1640 2900/1733/1640
f 2902/1734/1641 2906/1734/1641 2901/1732/1641
f 2907/1736/1636 2910/1735/1636 2904/1735/1636
f 2907/1736/1637 2905/1736/1637 2908/1737/1637
f 2908/1737/1646 2904/1735/1646 2910/1735/1646
f 2900/1733/1645 2903/1733/1645 2906/1734/1645
f 2913/1738/1637 2915/1739/1637 2912/1739/1637
f 2911/1738/1646 2922/1740/1646 2914/1740/1646
f 2918/1742/1641 2921/1741/1641 2916/1741/1641
f 2918/1742/1645 2917/1742/1645 2919/1743/1645
f 2920/1743/1640 2919/1743/1640 2916/1741/1640
f 2912/1739/1636 2915/1739/1636 2914/1740/1636
f 2925/1744/1635 2926/1748/1635 2924/1745/1635
f 2927/1747/1635 2928/1750/1635 2924/1745/1635
f 2927/1747/1635 2930/1752/1635 2929/1749/1635
f 2931/1751/1635 2932/1754/1635 2929/1749/1635
f 2931/1751/1635 2935/1755/1635 2933/1753/1635
f 2935/1755/1635 2936/1758/1635 2934/1756/1635
f 2937/1757/1635 2938/1760/1635 2934/1756/1635
f 2937/1757/1635 2941/1761/1635 2939/1759/1635
f 2941/1761/1635 2943/1763/1635 2940/1762/1635
f 2943/1763/1635 2945/1765/1635 2942/1764/1635
f 2945/1765/1635 2946/1768/1635 2944/1766/1635
f 2947/1767/1635 2948/1770/1635 2944/1766/1635
f 2947/1767/1635 2950/1772/1635 2949/1769/1635
f 2951/1771/1635 2952/1774/1635 2949/1769/1635
f 2951/1771/1635 2955/1775/1635 2953/1773/1635
f 2955/1775/1635 2956/1778/1635 2954/1776/1635
f 2957/1777/1635 2958/1780/1635 2954/1776/1635
f 2959/1779/1635 2960/1782/1635 2958/1780/1635
f 2959/1779/1635 2962/1784/1635 2961/1781/1635
f 2963/1783/1635 2964/1786/1635 2961/1781/1635
f 2963/1783/1635 2966/1788/1635 2965/1785/1635
f 2967/1787/1635 2968/1790/1635 2965/1785/1635
f 2967/1787/1635 2971/1791/1635 2969/1789/1635
f 2971/1791/1635 2972/1794/1635 2970/1792/1635
f 2973/1793/1635 2974/1796/1635 2970/1792/1635
f 2973/1793/1635 2977/1797/1635 2975/1795/1635
f 2977/1797/1635 2979/1799/1635 2976/1798/1635
f 2979/1799/1635 2980/1802/1635 2978/1800/1635
f 2981/1801/1635 2982/1804/1635 2978/1800/1635
f 2983/1803/1635 2984/1806/1635 2982/1804/1635
f 2983/1803/1635 2986/1808/1635 2985/1805/1635
f 2987/1807/1635 2988/1810/1635 2985/1805/1635
f 2987/1807/1635 2991/1811/1635 2989/1809/1635
f 2991/1811/1635 2992/1814/1635 2990/1812/1635
f 2993/1813/1635 2994/1815/1635 2990/1812/1635
f 2925/1744/1635 2923/1746/1635 2994/1815/1635
f 2997/1816/1646 2999/1817/1646 2996/1817/1646
f 2998/1818/1636 3002/1818/1636 2997/1816/1636
f 3003/1820/1645 3006/1819/1645 3000/1819/1645
f 3003/1820/1640 3001/1820/1640 3004/1821/1640
f 3004/1821/1641 3000/1819/1641 3006/1819/1641
f 2996/1817/1637 2999/1817/1637 3002/1818/1637
f 3009/1822/1640 3010/1822/1640 3008/1823/1640
f 3011/1824/1641 3014/1824/1641 3010/1822/1641
f 3015/1826/1636 3018/1825/1636 3012/1825/1636
f 3015/1826/1637 3013/1826/1637 3016/1827/1637
f 3017/1827/1646 3016/1827/1646 3012/1825/1646
f 3007/1823/1645 3008/1823/1645 3014/1824/1645
f 3021/1828/1635 3022/1832/1635 3020/1829/1635
f 3023/1831/1635 3024/1834/1635 3020/1829/1635
f 3023/1831/1635 3026/1836/1635 3025/1833/1635
f 3027/1835/1635 3028/1838/1635 3025/1833/1635
f 3029/1837/1635 3030/1840/1635 3028/1838/1635
f 3029/1837/1635 3032/1842/1635 3031/1839/1635
f 3033/1841/1635 3034/1844/1635 3031/1839/1635
f 3033/1841/1635 3037/1845/1635 3035/1843/1635
f 3037/1845/1635 3038/1848/1635 3036/1846/1635
f 3039/1847/1635 3040/1850/1635 3036/1846/1635
f 3041/1849/1635 3042/1852/1635 3040/1850/1635
f 3043/1851/1635 3044/1854/1635 3042/1852/1635
f 3043/1851/1635 3046/1856/1635 3045/1853/1635
f 3047/1855/1635 3048/1858/1635 3045/1853/1635
f 3049/1857/1635 3050/1860/1635 3048/1858/1635
f 3049/1857/1635 3052/1862/1635 3051/1859/1635
f 3053/1861/1635 3054/1864/1635 3051/1859/1635
f 3055/1863/1635 3056/1866/1635 3054/1864/1635
f 3055/1863/1635 3059/1867/1635 3057/1865/1635
f 3059/1867/1635 3061/1869/1635 3058/1868/1635
f 3061/1869/1635 3062/1872/1635 3060/1870/1635
f 3063/1871/1635 3064/1874/1635 3060/1870/1635
f 3063/1871/1635 3067/1875/1635 3065/1873/1635
f 3067/1875/1635 3068/1878/1635 3066/1876/1635
f 3069/1877/1635 3070/1880/1635 3066/1876/1635
f 3069/1877/1635 3073/1881/1635 3071/1879/1635
f 3073/1881/1635 3075/1883/1635 3072/1882/1635
f 3075/1883/1635 3076/1886/1635 3074/1884/1635
f 3077/1885/1635 3078/1888/1635 3074/1884/1635
f 3079/1887/1635 3080/1890/1635 3078/1888/1635
f 3081/1889/1635 3082/1892/1635 3080/1890/1635
f 3083/1891/1635 3084/1894/1635 3082/1892/1635
f 3083/1891/1635 3087/1895/1635 3085/1893/1635
f 3087/1895/1635 3089/1897/1635 3086/1896/1635
f 3089/1897/1635 3090/1899/1635 3088/1898/1635
f 3021/1828/1635 3019/1830/1635 3088/1898/1635
o z4
v 1801.232300 6.651276 -1039.941650
v 1801.232300 -6.651119 -1039.941650
v 0.000488 6.651041 -2079.883545
v 0.000549 6.651039 -2121.481445
v -1801.231445 6.650962 -1039.941772
v -1801.231445 -6.651433 -1039.941772
v -1837.256104 6.650958 -1060.740723
v 1837.257324 -6.651116 -1060.740723
v 0.000489 -6.651354 -2079.883545
v -1837.256104 -6.651438 -1060.740723
v 1837.257324 6.651279 -1060.740723
v 0.000550 -6.651357 -2121.481445
v -1837.256348 6.651117 1060.740723
v -1801.231323 -6.651275 1039.941650
v -1801.231323 6.651120 1039.941650
v 0.000427 6.651358 2121.481445
v -1837.256348 -6.651278 1060.740723
v 0.000488 6.651356 2079.883545
v 0.000489 -6.651039 2079.883545
v 1801.232422 6.651435 1039.941772
v 1801.232422 -6.650960 1039.941772
v 1837.257080 -6.650956 1060.740723
v 1837.257080 6.651439 1060.740723
v 0.000428 -6.651037 2121.481445
v -1086.071167 -18.172562 -1881.131348
v -1057.438721 -18.536011 -1831.538330
v -679.804810 -18.535995 -2002.641968
v -1394.435669 -18.536028 -1590.049683
v -1057.438721 18.536079 -1831.538330
v -679.804810 18.536095 -2002.641968
v -1394.435669 18.536062 -1590.049683
v -1086.071167 18.172625 -1881.131348
v -1432.192993 18.172607 -1633.103638
v -698.211914 18.172642 -2056.867920
v -698.211914 -18.172544 -2056.867920
v -283.521179 -18.172525 -2153.560547
v -276.046509 -18.535978 -2096.785156
v -283.521179 18.172661 -2153.560547
v 142.065430 -18.172504 -2167.492676
v 142.065430 18.172682 -2167.492676
v -276.046509 18.536112 -2096.785156
v 138.320251 18.536133 -2110.350342
v 562.192627 18.172705 -2098.129639
v 562.192627 -18.172482 -2098.129639
v 138.320251 -18.535957 -2110.350342
v 547.371277 -18.535936 -2042.815674
v 935.387207 -18.535913 -1896.776855
v 960.715027 -18.172461 -1948.136230
v 935.387207 18.536177 -1896.776855
v 1287.456787 18.536196 -1677.845703
v 1287.456787 -18.535894 -1677.845703
v 1322.317627 18.172747 -1723.277344
v 1633.104126 18.172661 -1432.193481
v 960.715027 18.172726 -1948.136230
v 1590.050171 18.536110 -1394.436157
v 1633.104126 -18.172527 -1432.193481
v 1881.131836 18.172676 -1086.071655
v 1881.131836 -18.172512 -1086.071655
v 1590.050171 -18.535980 -1394.436157
v 1831.538818 -18.535965 -1057.439209
v 2056.868164 -18.172501 -698.212524
v 2002.642456 -18.535952 -679.805298
v 2153.561035 -18.172592 -283.521667
v 2056.868164 18.172688 -698.212524
v 2002.642456 18.536139 -679.805298
v 2096.785645 18.536043 -276.046997
v 2153.561035 18.172594 -283.521667
v 1831.538818 18.536125 -1057.439209
v 2167.493164 18.172598 142.064941
v 2167.493164 -18.172588 142.064941
v 2096.785645 -18.536047 -276.046997
v 2110.350830 -18.536043 138.319763
v 2098.130127 -18.172588 562.192139
v 2042.816162 -18.536039 547.370789
v 1896.777344 -18.536045 935.386719
v 2098.130127 18.172598 562.192139
v 1948.136719 -18.172590 960.714539
v 1896.777344 18.536045 935.386719
v 1677.846191 18.536039 1287.456299
v 1677.846191 -18.536051 1287.456299
v 1723.277832 18.172588 1322.317139
v 1432.194092 18.172579 1633.103638
v 1948.136719 18.172596 960.714539
v 1394.436646 18.536028 1590.049683
v 1432.194092 -18.172607 1633.103638
v 1086.072144 18.172562 1881.131348
v 1086.072144 -18.172625 1881.131348
v 1394.436646 -18.536062 1590.049683
v 1057.439697 -18.536079 1831.538330
v 698.213013 -18.172642 2056.867676
v 283.522156 -18.172661 2153.560547
v 276.047485 -18.536112 2096.785156
v 679.805786 -18.536095 2002.641968
v 698.213013 18.172544 2056.867676
v 283.522156 18.172525 2153.560547
v 1057.439697 18.536011 1831.538330
v 679.805786 18.535995 2002.641968
v -142.064453 18.172504 2167.492676
v 276.047485 18.535978 2096.785156
v -142.064453 -18.172682 2167.492676
v -138.319275 -18.536133 2110.350342
v -547.370300 -18.536154 2042.815674
v -562.191650 -18.172705 2098.129639
v -547.370300 18.535936 2042.815674
v -935.386230 18.535913 1896.776855
v -935.386230 -18.536177 1896.776855
v -562.191650 18.172482 2098.129639
v -960.714050 18.172461 1948.136230
v -1287.455811 18.535894 1677.845703
v -1322.316650 18.172440 1723.277344
v -1633.103149 18.172527 1432.193481
v -1590.049194 18.535980 1394.436157
v -1287.455811 -18.536196 1677.845703
v -1322.316650 -18.172747 1723.277344
v -960.714050 -18.172726 1948.136230
v -1633.103149 -18.172661 1432.193481
v -1590.049194 -18.536110 1394.436157
v -1881.130859 -18.172676 1086.071655
v -1831.537842 -18.536125 1057.439209
v -1831.537842 18.535965 1057.439209
v -1881.130859 18.172512 1086.071655
v -2056.867188 18.172501 698.212524
v -2002.641479 18.535952 679.805298
v -2096.784668 18.536047 276.046997
v -2153.560059 18.172592 283.521667
v -2153.560059 -18.172594 283.521667
v -2056.867188 -18.172688 698.212524
v -2002.641479 -18.536139 679.805298
v -2096.784668 -18.536043 276.046997
v -2167.492188 -18.172598 -142.064941
v -2110.349854 -18.536047 -138.319763
v -2110.349854 18.536043 -138.319763
v -2167.492188 18.172588 -142.064941
v -2098.129150 18.172588 -562.192139
v -2042.815186 18.536039 -547.370789
v -2098.129150 -18.172598 -562.192139
v -1948.135742 18.172590 -960.714539
v -1948.135742 -18.172596 -960.714539
v -1723.276855 -18.172588 -1322.317139
v -1677.845215 -18.536039 -1287.456299
v -1896.776367 -18.536045 -935.386719
v -1723.276855 18.172598 -1322.317139
v -1432.192993 -18.172579 -1633.103638
v -1677.845215 18.536051 -1287.456299
v -1896.776367 18.536045 -935.386719
v -2042.815186 -18.536051 -547.370789
v -138.319275 18.535957 2110.350342
v 1723.277832 -18.172598 1322.317139
v 2042.816162 18.536051 547.370789
v 2110.350830 18.536047 138.319763
v 1322.317627 -18.172440 -1723.277344
v 547.371277 18.536154 -2042.815674
v -1039.941284 6.650972 -1801.232178
v 1039.942627 6.651155 -1801.232178
v -1039.941284 -6.651425 -1801.232178
v -1060.740112 6.650967 -1837.257080
v 1060.741455 6.651152 -1837.257080
v -2079.883301 6.651018 -0.000062
v -2079.883301 -6.651379 -0.000060
v -2121.480957 6.651013 -0.000184
v 1039.942627 -6.651242 -1801.232178
v 1060.741455 -6.651244 -1837.257080
v -2121.480957 -6.651383 -0.000182
v -1060.740112 -6.651429 -1837.257080
v -1060.740479 6.651246 1837.257080
v -1039.941650 -6.651153 1801.232178
v -1039.941650 6.651244 1801.232178
v 1060.741089 6.651430 1837.257080
v -1060.740479 -6.651150 1837.257080
v 1039.942261 6.651426 1801.232178
v 1039.942261 -6.650970 1801.232178
v 1060.741089 -6.650966 1837.257080
v 2079.884277 6.651381 0.000060
v 2079.884277 -6.651016 0.000062
v 2121.481934 -6.651011 0.000184
v 2121.481934 6.651385 0.000182
vn -0.5000 -0.0000 0.8660
vn -0.0000 1.0000 -0.0000
vn 0.5000 -0.0000 0.8660
vn -0.0000 -1.0000 -0.0000
vn 0.5000 -0.0000 -0.8660
vn -0.5000 -0.0000 -0.8660
vn -1.0000 -0.0000 -0.0000
vn 1.0000 -0.0000 -0.0000
vn -0.0026 -1.0000 -0.0058
vn -0.0037 -1.0000 -0.0052
vn 0.5825 -0.0000 0.8128
vn 0.4127 -0.0000 0.9109
vn -0.0037 1.0000 -0.0052
vn -0.0026 1.0000 -0.0058
vn -0.4127 -0.0000 -0.9109
vn -0.5825 -0.0000 -0.8128
vn -0.0014 -1.0000 -0.0062
vn -0.2271 -0.0000 -0.9739
vn -0.0002 -1.0000 -0.0064
vn -0.0327 -0.0000 -0.9995
vn -0.0002 1.0000 -0.0064
vn -0.0014 1.0000 -0.0062
vn 0.0010 1.0000 -0.0063
vn 0.1629 -0.0000 -0.9866
vn 0.0010 -1.0000 -0.0063
vn 0.0022 -1.0000 -0.0060
vn 0.3523 -0.0000 -0.9359
vn -0.3522 -0.0000 0.9359
vn -0.5281 -0.0000 0.8492
vn 0.0034 -1.0000 -0.0054
vn 0.0044 1.0000 -0.0047
vn 0.0034 1.0000 -0.0054
vn -0.6836 -0.0000 0.7299
vn 0.6836 -0.0000 -0.7299
vn 0.0052 1.0000 -0.0037
vn 0.8128 -0.0000 -0.5825
vn 0.0052 -1.0000 -0.0037
vn 0.0058 -1.0000 -0.0026
vn 0.9109 -0.0000 -0.4127
vn 0.0062 -1.0000 -0.0014
vn 0.9739 -0.0000 -0.2271
vn 0.0062 1.0000 -0.0014
vn 0.0058 1.0000 -0.0026
vn 0.0064 1.0000 -0.0002
vn 0.9995 -0.0000 -0.0327
vn 0.0064 -1.0000 -0.0002
vn 0.0063 -1.0000 0.0010
vn 0.9866 -0.0000 0.1629
vn 0.0060 -1.0000 0.0022
vn 0.9359 -0.0000 0.3523
vn -0.9359 -0.0000 -0.3522
vn -0.8492 -0.0000 -0.5281
vn 0.0054 -1.0000 0.0034
vn 0.0047 1.0000 0.0044
vn 0.0054 1.0000 0.0034
vn -0.7299 -0.0000 -0.6836
vn 0.7299 -0.0000 0.6836
vn 0.0037 1.0000 0.0052
vn 0.0037 -1.0000 0.0052
vn 0.0026 -1.0000 0.0058
vn 0.0014 -1.0000 0.0062
vn 0.2271 -0.0000 0.9739
vn 0.0026 1.0000 0.0058
vn 0.0014 1.0000 0.0062
vn 0.0002 1.0000 0.0064
vn 0.0327 -0.0000 0.9995
vn 0.0002 -1.0000 0.0064
vn -0.0010 -1.0000 0.0063
vn -0.1629 -0.0000 0.9866
vn -0.0022 -1.0000 0.0060
vn 0.3522 -0.0000 -0.9359
vn -0.0022 1.0000 0.0060
vn -0.0034 1.0000 0.0054
vn 0.5281 -0.0000 -0.8492
vn -0.0044 1.0000 0.0047
vn -0.0034 -1.0000 0.0054
vn -0.0044 -1.0000 0.0047
vn -0.0052 -1.0000 0.0037
vn -0.0052 1.0000 0.0037
vn -0.0058 1.0000 0.0026
vn -0.0062 1.0000 0.0014
vn -0.9739 -0.0000 0.2271
vn -0.9109 -0.0000 0.4127
vn -0.0058 -1.0000 0.0026
vn -0.0062 -1.0000 0.0014
vn -0.0064 -1.0000 0.0002
vn -0.0064 1.0000 0.0002
vn -0.0063 1.0000 -0.0010
vn -0.9866 -0.0000 -0.1629
vn -0.0060 1.0000 -0.0022
vn -0.9359 -0.0000 -0.3523
vn -0.0054 -1.0000 -0.0034
vn -0.0060 -1.0000 -0.0022
vn -0.0047 -1.0000 -0.0044
vn -0.0047 1.0000 -0.0044
vn -0.0054 1.0000 -0.0034
vn 0.8492 -0.0000 0.5281
vn 0.9359 -0.0000 0.3522
vn -0.0063 -1.0000 -0.0010
vn -0.9995 -0.0000 0.0327
vn -0.8128 -0.0000 0.5825
vn -0.3523 -0.0000 0.9359
vn -0.0010 1.0000 0.0063
vn 0.0047 -1.0000 0.0044
vn 0.0060 1.0000 0.0022
vn 0.0063 1.0000 0.0010
vn 0.0044 -1.0000 -0.0047
vn 0.0022 1.0000 -0.0060
vn -0.0000 -0.0000 1.0000
vn 0.8660 -0.0000 0.5000
vn -0.0000 -0.0000 -1.0000
vn -0.8660 -0.0000 -0.5000
vn -0.8660 -0.0000 0.5000
vn 0.8660 -0.0000 -0.5000
vt 0.487290 0.667820
vt 0.322070 0.572430
vt 0.487290 0.671630
vt 0.652510 0.572430
vt 0.655820 0.574330
vt 0.318770 0.574330
vt 0.655820 0.379740
vt 0.652510 0.381650
vt 0.487290 0.282440
vt 0.487290 0.286260
vt 0.322070 0.381650
vt 0.318770 0.379740
vt 0.549650 0.660730
vt 0.584290 0.645040
vt 0.586910 0.649590
vt 0.615200 0.622890
vt 0.618660 0.626840
vt 0.551340 0.665710
vt 0.512610 0.669370
vt 0.513300 0.674570
vt 0.474260 0.675850
vt 0.474600 0.670610
vt 0.435720 0.669490
vt 0.437080 0.664420
vt 0.401490 0.651020
vt 0.399170 0.655730
vt 0.369200 0.630940
vt 0.337490 0.608410
vt 0.366000 0.635110
vt 0.341440 0.604940
vt 0.314740 0.576660
vt 0.319290 0.574030
vt 0.298620 0.541080
vt 0.303600 0.539390
vt 0.289750 0.503040
vt 0.294960 0.502360
vt 0.288480 0.464000
vt 0.293720 0.464350
vt 0.294840 0.425470
vt 0.299910 0.426830
vt 0.313310 0.391240
vt 0.308600 0.388910
vt 0.333390 0.358940
vt 0.355920 0.327240
vt 0.329220 0.355740
vt 0.359390 0.331190
vt 0.387670 0.304490
vt 0.390300 0.309040
vt 0.423250 0.288370
vt 0.461970 0.284710
vt 0.461280 0.279500
vt 0.424940 0.293340
vt 0.500320 0.278220
vt 0.499980 0.283460
vt 0.537500 0.289660
vt 0.538860 0.284580
vt 0.573090 0.303050
vt 0.605390 0.323130
vt 0.575420 0.298340
vt 0.637090 0.345670
vt 0.608580 0.318970
vt 0.633140 0.349130
vt 0.659840 0.377420
vt 0.655290 0.380040
vt 0.675960 0.412990
vt 0.670990 0.414680
vt 0.679620 0.451720
vt 0.684830 0.451030
vt 0.686110 0.490070
vt 0.680870 0.489720
vt 0.679750 0.528600
vt 0.674670 0.527240
vt 0.665990 0.565160
vt 0.641190 0.595130
vt 0.645360 0.598330
vt 0.661280 0.562840
vt 0.582680 0.642260
vt 0.391900 0.642260
vt 0.389990 0.645560
vt 0.584590 0.645560
vt 0.678070 0.477040
vt 0.681890 0.477040
vt 0.584590 0.308510
vt 0.582680 0.311820
vt 0.389990 0.308510
vt 0.391900 0.311820
vt 0.296510 0.477040
vt 0.292700 0.477040
s 0
f 3099/1906/1654 3098/1907/1654 3097/1907/1654
f 3097/1907/1655 3100/1908/1655 3099/1906/1655
f 3102/1909/1656 3099/1906/1656 3101/1909/1656
f 3099/1906/1655 3103/1910/1655 3101/1909/1655
f 3105/1906/1657 3104/1911/1657 3098/1907/1657
f 3106/1910/1657 3105/1906/1657 3102/1909/1657
f 3104/1911/1658 3100/1908/1658 3107/1911/1658
f 3108/1908/1659 3103/1910/1659 3100/1908/1659
f 3106/1910/1660 3109/1912/1660 3103/1910/1660
f 3110/1913/1657 3106/1910/1657 3102/1909/1657
f 3111/1913/1655 3103/1910/1655 3109/1912/1655
f 3113/1912/1654 3112/1914/1654 3109/1912/1654
f 3111/1913/1655 3112/1914/1655 3114/1915/1655
f 3115/1915/1658 3111/1913/1658 3114/1915/1658
f 3110/1913/1661 3101/1909/1661 3111/1913/1661
f 3115/1915/1657 3113/1912/1657 3110/1913/1657
f 3117/1916/1659 3114/1915/1659 3116/1916/1659
f 3118/1917/1657 3115/1915/1657 3117/1916/1657
f 3120/1914/1656 3119/1917/1656 3112/1914/1656
f 3118/1917/1661 3107/1911/1661 3119/1917/1661
f 3098/1907/1657 3118/1917/1657 3117/1916/1657
f 3097/1907/1655 3119/1917/1655 3107/1911/1655
f 3114/1915/1655 3119/1917/1655 3116/1916/1655
f 3097/1907/1660 3117/1916/1660 3116/1916/1660
f 3123/1918/1662 3122/1919/1662 3121/1920/1662
f 3121/1920/1663 3122/1919/1663 3124/1921/1663
f 3124/1921/1664 3122/1919/1664 3125/1919/1664
f 3122/1919/1665 3123/1918/1665 3126/1918/1665
f 3122/1919/1665 3126/1918/1665 3125/1919/1665
f 3124/1921/1664 3125/1919/1664 3127/1921/1664
f 3127/1921/1666 3125/1919/1666 3128/1920/1666
f 3126/1918/1667 3128/1920/1667 3125/1919/1667
f 3127/1921/1666 3128/1920/1666 3129/1922/1666
f 3131/1923/1668 3128/1920/1668 3130/1923/1668
f 3126/1918/1667 3130/1923/1667 3128/1920/1667
f 3121/1920/1669 3129/1922/1669 3128/1920/1669
f 3131/1923/1668 3121/1920/1668 3128/1920/1668
f 3133/1924/1670 3131/1923/1670 3132/1925/1670
f 3133/1924/1670 3123/1918/1670 3131/1923/1670
f 3123/1918/1662 3121/1920/1662 3131/1923/1662
f 3132/1925/1671 3131/1923/1671 3130/1923/1671
f 3132/1925/1671 3130/1923/1671 3134/1925/1671
f 3135/1926/1672 3133/1924/1672 3132/1925/1672
f 3135/1926/1673 3132/1925/1673 3134/1925/1673
f 3137/1924/1674 3136/1926/1674 3134/1925/1674
f 3137/1924/1675 3134/1925/1675 3130/1923/1675
f 3135/1926/1673 3134/1925/1673 3136/1926/1673
f 3137/1924/1674 3138/1927/1674 3136/1926/1674
f 3138/1927/1676 3139/1928/1676 3136/1926/1676
f 3140/1928/1677 3135/1926/1677 3136/1926/1677
f 3140/1928/1677 3136/1926/1677 3139/1928/1677
f 3140/1928/1678 3141/1927/1678 3135/1926/1678
f 3140/1928/1678 3142/1929/1678 3141/1927/1678
f 3143/1930/1679 3142/1929/1679 3140/1928/1679
f 3143/1930/1679 3140/1928/1679 3144/1931/1679
f 3144/1931/1680 3140/1928/1680 3139/1928/1680
f 3142/1929/1681 3143/1930/1681 3145/1930/1681
f 3143/1930/1682 3147/1932/1682 3146/1932/1682
f 3147/1932/1683 3143/1930/1683 3144/1931/1683
f 3143/1930/1682 3146/1932/1682 3145/1930/1682
f 3146/1932/1684 3149/1933/1684 3148/1934/1684
f 3146/1932/1685 3148/1934/1685 3150/1931/1685
f 3146/1932/1685 3150/1931/1685 3145/1930/1685
f 3147/1932/1686 3151/1935/1686 3146/1932/1686
f 3146/1932/1684 3151/1935/1684 3149/1933/1684
f 3152/1933/1687 3148/1934/1687 3149/1933/1687
f 3151/1935/1688 3153/1936/1688 3149/1933/1688
f 3154/1936/1689 3152/1933/1689 3149/1933/1689
f 3154/1936/1689 3149/1933/1689 3153/1936/1689
f 3154/1936/1690 3155/1935/1690 3152/1933/1690
f 3154/1936/1690 3156/1937/1690 3155/1935/1690
f 3157/1938/1691 3156/1937/1691 3154/1936/1691
f 3157/1938/1692 3154/1936/1692 3153/1936/1692
f 3157/1938/1691 3158/1939/1691 3156/1937/1691
f 3159/1940/1693 3158/1939/1693 3157/1938/1693
f 3157/1938/1692 3153/1936/1692 3160/1938/1692
f 3159/1940/1694 3157/1938/1694 3160/1938/1694
f 3162/1941/1695 3160/1938/1695 3161/1939/1695
f 3162/1941/1695 3163/1940/1695 3160/1938/1695
f 3159/1940/1694 3160/1938/1694 3163/1940/1694
f 3164/1937/1696 3160/1938/1696 3153/1936/1696
f 3164/1937/1696 3161/1939/1696 3160/1938/1696
f 3162/1941/1697 3165/1942/1697 3163/1940/1697
f 3166/1942/1698 3159/1940/1698 3163/1940/1698
f 3166/1942/1698 3163/1940/1698 3165/1942/1698
f 3166/1942/1699 3167/1941/1699 3159/1940/1699
f 3166/1942/1699 3168/1943/1699 3167/1941/1699
f 3169/1944/1700 3168/1943/1700 3166/1942/1700
f 3169/1944/1701 3166/1942/1701 3165/1942/1701
f 3169/1944/1700 3170/1945/1700 3168/1943/1700
f 3171/1946/1702 3170/1945/1702 3169/1944/1702
f 3169/1944/1701 3165/1942/1701 3172/1944/1701
f 3171/1946/1702 3169/1944/1702 3173/1947/1702
f 3173/1947/1703 3169/1944/1703 3172/1944/1703
f 3170/1945/1704 3171/1946/1704 3174/1946/1704
f 3171/1946/1705 3176/1948/1705 3175/1948/1705
f 3176/1948/1706 3171/1946/1706 3173/1947/1706
f 3171/1946/1705 3175/1948/1705 3174/1946/1705
f 3175/1948/1707 3178/1949/1707 3177/1950/1707
f 3175/1948/1708 3177/1950/1708 3179/1947/1708
f 3175/1948/1708 3179/1947/1708 3174/1946/1708
f 3176/1948/1709 3180/1951/1709 3175/1948/1709
f 3175/1948/1707 3180/1951/1707 3178/1949/1707
f 3181/1949/1710 3177/1950/1710 3178/1949/1710
f 3180/1951/1711 3182/1952/1711 3178/1949/1711
f 3183/1952/1664 3181/1949/1664 3178/1949/1664
f 3183/1952/1664 3178/1949/1664 3182/1952/1664
f 3183/1952/1712 3184/1951/1712 3181/1949/1712
f 3183/1952/1712 3185/1953/1712 3184/1951/1712
f 3186/1954/1713 3185/1953/1713 3183/1952/1713
f 3186/1954/1665 3183/1952/1665 3182/1952/1665
f 3188/1955/1714 3186/1954/1714 3187/1956/1714
f 3188/1955/1714 3189/1957/1714 3186/1954/1714
f 3186/1954/1713 3189/1957/1713 3185/1953/1713
f 3186/1954/1665 3182/1952/1665 3190/1954/1665
f 3187/1956/1715 3186/1954/1715 3190/1954/1715
f 3187/1956/1715 3190/1954/1715 3191/1956/1715
f 3192/1953/1716 3190/1954/1716 3182/1952/1716
f 3192/1953/1716 3193/1957/1716 3190/1954/1716
f 3193/1957/1717 3191/1956/1717 3190/1954/1717
f 3195/1955/1718 3194/1958/1718 3191/1956/1718
f 3193/1957/1717 3195/1955/1717 3191/1956/1717
f 3196/1958/1719 3187/1956/1719 3191/1956/1719
f 3196/1958/1719 3191/1956/1719 3194/1958/1719
f 3196/1958/1720 3188/1955/1720 3187/1956/1720
f 3196/1958/1720 3197/1959/1720 3188/1955/1720
f 3198/1960/1721 3197/1959/1721 3196/1958/1721
f 3198/1960/1721 3196/1958/1721 3199/1961/1721
f 3199/1961/1722 3196/1958/1722 3194/1958/1722
f 3197/1959/1677 3198/1960/1677 3200/1960/1677
f 3198/1960/1680 3202/1962/1680 3201/1962/1680
f 3202/1962/1723 3198/1960/1723 3199/1961/1723
f 3198/1960/1724 3201/1962/1724 3200/1960/1724
f 3201/1962/1725 3203/1961/1725 3200/1960/1725
f 3205/1963/1726 3204/1964/1726 3201/1962/1726
f 3201/1962/1725 3204/1964/1725 3203/1961/1725
f 3202/1962/1727 3205/1963/1727 3201/1962/1727
f 3205/1963/1728 3207/1965/1728 3206/1966/1728
f 3205/1963/1726 3206/1966/1726 3204/1964/1726
f 3209/1963/1687 3208/1967/1687 3205/1963/1687
f 3205/1963/1728 3208/1967/1728 3207/1965/1728
f 3202/1962/1727 3209/1963/1727 3205/1963/1727
f 3209/1963/1729 3211/1964/1729 3210/1966/1729
f 3209/1963/1729 3202/1962/1729 3211/1964/1729
f 3212/1965/1730 3209/1963/1730 3210/1966/1730
f 3212/1965/1730 3213/1967/1730 3209/1963/1730
f 3209/1963/1687 3213/1967/1687 3208/1967/1687
f 3210/1966/1682 3204/1964/1682 3206/1966/1682
f 3210/1966/1682 3211/1964/1682 3204/1964/1682
f 3212/1965/1686 3210/1966/1686 3206/1966/1686
f 3214/1968/1731 3213/1967/1731 3212/1965/1731
f 3214/1968/1731 3215/1969/1731 3213/1967/1731
f 3213/1967/1689 3215/1969/1689 3216/1969/1689
f 3213/1967/1689 3216/1969/1689 3208/1967/1689
f 3208/1967/1732 3216/1969/1732 3217/1968/1732
f 3216/1969/1733 3218/1970/1733 3217/1968/1733
f 3215/1969/1692 3219/1971/1692 3216/1969/1692
f 3216/1969/1733 3219/1971/1733 3218/1970/1733
f 3220/1972/1734 3218/1970/1734 3219/1971/1734
f 3220/1972/1734 3221/1973/1734 3218/1970/1734
f 3222/1973/1735 3218/1970/1735 3221/1973/1735
f 3222/1973/1735 3223/1970/1735 3218/1970/1735
f 3223/1970/1736 3217/1968/1736 3218/1970/1736
f 3223/1970/1737 3215/1969/1737 3214/1968/1737
f 3223/1970/1737 3224/1971/1737 3215/1969/1737
f 3223/1970/1736 3214/1968/1736 3217/1968/1736
f 3222/1973/1738 3224/1971/1738 3223/1970/1738
f 3215/1969/1692 3224/1971/1692 3219/1971/1692
f 3222/1973/1738 3225/1972/1738 3224/1971/1738
f 3224/1971/1694 3225/1972/1694 3220/1972/1694
f 3224/1971/1694 3220/1972/1694 3219/1971/1694
f 3226/1974/1739 3225/1972/1739 3222/1973/1739
f 3226/1974/1739 3227/1975/1739 3225/1972/1739
f 3225/1972/1698 3227/1975/1698 3228/1975/1698
f 3225/1972/1698 3228/1975/1698 3220/1972/1698
f 3220/1972/1740 3228/1975/1740 3229/1974/1740
f 3228/1975/1741 3230/1976/1741 3229/1974/1741
f 3227/1975/1701 3231/1977/1701 3228/1975/1701
f 3228/1975/1741 3231/1977/1741 3230/1976/1741
f 3232/1976/1742 3229/1974/1742 3230/1976/1742
f 3231/1977/1743 3233/1978/1743 3230/1976/1743
f 3234/1978/1744 3232/1976/1744 3230/1976/1744
f 3234/1978/1744 3230/1976/1744 3233/1978/1744
f 3236/1979/1745 3234/1978/1745 3235/1980/1745
f 3236/1979/1745 3237/1981/1745 3234/1978/1745
f 3237/1981/1746 3232/1976/1746 3234/1978/1746
f 3235/1980/1705 3234/1978/1705 3233/1978/1705
f 3124/1921/1747 3236/1979/1747 3235/1980/1747
f 3235/1980/1705 3233/1978/1705 3238/1980/1705
f 3124/1921/1747 3235/1980/1747 3239/1922/1747
f 3239/1922/1709 3235/1980/1709 3238/1980/1709
f 3127/1921/1748 3238/1980/1748 3240/1979/1748
f 3240/1979/1749 3238/1980/1749 3233/1978/1749
f 3239/1922/1709 3238/1980/1709 3129/1922/1709
f 3127/1921/1748 3129/1922/1748 3238/1980/1748
f 3240/1979/1749 3233/1978/1749 3241/1981/1749
f 3236/1979/1710 3127/1921/1710 3240/1979/1710
f 3237/1981/1750 3236/1979/1750 3240/1979/1750
f 3237/1981/1750 3240/1979/1750 3241/1981/1750
f 3242/1977/1751 3241/1981/1751 3231/1977/1751
f 3231/1977/1743 3241/1981/1743 3233/1978/1743
f 3242/1977/1751 3237/1981/1751 3241/1981/1751
f 3227/1975/1701 3242/1977/1701 3231/1977/1701
f 3232/1976/1752 3242/1977/1752 3227/1975/1752
f 3237/1981/1746 3242/1977/1746 3232/1976/1746
f 3121/1920/1669 3239/1922/1669 3129/1922/1669
f 3121/1920/1663 3124/1921/1663 3239/1922/1663
f 3236/1979/1710 3124/1921/1710 3127/1921/1710
f 3232/1976/1752 3227/1975/1752 3226/1974/1752
f 3232/1976/1742 3226/1974/1742 3229/1974/1742
f 3220/1972/1740 3229/1974/1740 3221/1973/1740
f 3226/1974/1753 3221/1973/1753 3229/1974/1753
f 3226/1974/1753 3222/1973/1753 3221/1973/1753
f 3208/1967/1732 3217/1968/1732 3207/1965/1732
f 3214/1968/1754 3207/1965/1754 3217/1968/1754
f 3214/1968/1754 3212/1965/1754 3207/1965/1754
f 3212/1965/1686 3206/1966/1686 3207/1965/1686
f 3202/1962/1723 3199/1961/1723 3211/1964/1723
f 3211/1964/1681 3199/1961/1681 3203/1961/1681
f 3211/1964/1755 3203/1961/1755 3204/1964/1755
f 3199/1961/1722 3194/1958/1722 3203/1961/1722
f 3200/1960/1756 3203/1961/1756 3194/1958/1756
f 3197/1959/1677 3200/1960/1677 3243/1959/1677
f 3200/1960/1756 3194/1958/1756 3243/1959/1756
f 3188/1955/1673 3243/1959/1673 3195/1955/1673
f 3195/1955/1718 3243/1959/1718 3194/1958/1718
f 3188/1955/1673 3197/1959/1673 3243/1959/1673
f 3189/1957/1671 3188/1955/1671 3195/1955/1671
f 3189/1957/1671 3195/1955/1671 3193/1957/1671
f 3185/1953/1668 3193/1957/1668 3192/1953/1668
f 3185/1953/1668 3189/1957/1668 3193/1957/1668
f 3184/1951/1669 3192/1953/1669 3180/1951/1669
f 3180/1951/1711 3192/1953/1711 3182/1952/1711
f 3184/1951/1669 3185/1953/1669 3192/1953/1669
f 3176/1948/1709 3184/1951/1709 3180/1951/1709
f 3181/1949/1757 3184/1951/1757 3176/1948/1757
f 3181/1949/1757 3176/1948/1757 3244/1950/1757
f 3181/1949/1710 3244/1950/1710 3177/1950/1710
f 3244/1950/1750 3179/1947/1750 3177/1950/1750
f 3244/1950/1750 3173/1947/1750 3179/1947/1750
f 3176/1948/1706 3173/1947/1706 3244/1950/1706
f 3173/1947/1703 3172/1944/1703 3179/1947/1703
f 3174/1946/1758 3179/1947/1758 3172/1944/1758
f 3170/1945/1704 3174/1946/1704 3245/1945/1704
f 3174/1946/1758 3172/1944/1758 3245/1945/1758
f 3168/1943/1742 3245/1945/1742 3246/1943/1742
f 3246/1943/1759 3245/1945/1759 3172/1944/1759
f 3168/1943/1742 3170/1945/1742 3245/1945/1742
f 3167/1941/1753 3246/1943/1753 3162/1941/1753
f 3162/1941/1697 3246/1943/1697 3165/1942/1697
f 3167/1941/1753 3168/1943/1753 3246/1943/1753
f 3246/1943/1759 3172/1944/1759 3165/1942/1759
f 3159/1940/1693 3167/1941/1693 3158/1939/1693
f 3158/1939/1735 3167/1941/1735 3162/1941/1735
f 3156/1937/1736 3161/1939/1736 3164/1937/1736
f 3156/1937/1736 3158/1939/1736 3161/1939/1736
f 3158/1939/1735 3162/1941/1735 3161/1939/1735
f 3155/1935/1754 3164/1937/1754 3151/1935/1754
f 3151/1935/1688 3164/1937/1688 3153/1936/1688
f 3155/1935/1754 3156/1937/1754 3164/1937/1754
f 3147/1932/1686 3155/1935/1686 3151/1935/1686
f 3152/1933/1760 3155/1935/1760 3147/1932/1760
f 3152/1933/1760 3147/1932/1760 3247/1934/1760
f 3152/1933/1687 3247/1934/1687 3148/1934/1687
f 3247/1934/1727 3150/1931/1727 3148/1934/1727
f 3247/1934/1727 3144/1931/1727 3150/1931/1727
f 3147/1932/1683 3144/1931/1683 3247/1934/1683
f 3144/1931/1680 3139/1928/1680 3150/1931/1680
f 3145/1930/1761 3150/1931/1761 3139/1928/1761
f 3142/1929/1755 3145/1930/1755 3248/1929/1755
f 3145/1930/1761 3139/1928/1761 3248/1929/1761
f 3141/1927/1722 3248/1929/1722 3138/1927/1722
f 3138/1927/1676 3248/1929/1676 3139/1928/1676
f 3141/1927/1722 3142/1929/1722 3248/1929/1722
f 3133/1924/1719 3141/1927/1719 3138/1927/1719
f 3135/1926/1672 3141/1927/1672 3133/1924/1672
f 3133/1924/1719 3138/1927/1719 3137/1924/1719
f 3137/1924/1675 3130/1923/1675 3126/1918/1675
f 3123/1918/1715 3133/1924/1715 3137/1924/1715
f 3123/1918/1715 3137/1924/1715 3126/1918/1715
f 3251/1982/1762 3250/1983/1762 3249/1982/1762
f 3249/1982/1655 3253/1984/1655 3252/1985/1655
f 3255/1986/1763 3249/1982/1763 3254/1986/1763
f 3254/1986/1655 3252/1985/1655 3256/1987/1655
f 3251/1982/1657 3258/1984/1657 3257/1983/1657
f 3259/1987/1657 3251/1982/1657 3255/1986/1657
f 3258/1984/1764 3252/1985/1764 3253/1984/1764
f 3260/1985/1765 3256/1987/1765 3252/1985/1765
f 3259/1987/1766 3261/1988/1766 3256/1987/1766
f 3262/1989/1657 3259/1987/1657 3255/1986/1657
f 3263/1989/1655 3256/1987/1655 3261/1988/1655
f 3265/1988/1762 3264/1990/1762 3261/1988/1762
f 3266/1991/1655 3261/1988/1655 3264/1990/1655
f 3267/1991/1764 3263/1989/1764 3266/1991/1764
f 3262/1989/1767 3254/1986/1767 3263/1989/1767
f 3268/1990/1657 3262/1989/1657 3267/1991/1657
f 3270/1992/1765 3266/1991/1765 3269/1992/1765
f 3271/1993/1657 3267/1991/1657 3270/1992/1657
f 3268/1990/1763 3272/1993/1763 3264/1990/1763
f 3271/1993/1767 3253/1984/1767 3272/1993/1767
f 3257/1983/1657 3271/1993/1657 3270/1992/1657
f 3250/1983/1655 3272/1993/1655 3253/1984/1655
f 3266/1991/1655 3272/1993/1655 3269/1992/1655
f 3257/1983/1766 3269/1992/1766 3250/1983/1766
f 3099/1906/1654 3105/1906/1654 3098/1907/1654
f 3097/1907/1655 3107/1911/1655 3100/1908/1655
f 3102/1909/1656 3105/1906/1656 3099/1906/1656
f 3099/1906/1655 3100/1908/1655 3103/1910/1655
f 3105/1906/1657 3108/1908/1657 3104/1911/1657
f 3106/1910/1657 3108/1908/1657 3105/1906/1657
f 3104/1911/1658 3108/1908/1658 3100/1908/1658
f 3108/1908/1659 3106/1910/1659 3103/1910/1659
f 3106/1910/1660 3113/1912/1660 3109/1912/1660
f 3110/1913/1657 3113/1912/1657 3106/1910/1657
f 3111/1913/1655 3101/1909/1655 3103/1910/1655
f 3113/1912/1654 3120/1914/1654 3112/1914/1654
f 3111/1913/1655 3109/1912/1655 3112/1914/1655
f 3115/1915/1658 3110/1913/1658 3111/1913/1658
f 3110/1913/1661 3102/1909/1661 3101/1909/1661
f 3115/1915/1657 3120/1914/1657 3113/1912/1657
f 3117/1916/1659 3115/1915/1659 3114/1915/1659
f 3118/1917/1657 3120/1914/1657 3115/1915/1657
f 3120/1914/1656 3118/1917/1656 3119/1917/1656
f 3118/1917/1661 3104/1911/1661 3107/1911/1661
f 3098/1907/1657 3104/1911/1657 3118/1917/1657
f 3097/1907/1655 3116/1916/1655 3119/1917/1655
f 3114/1915/1655 3112/1914/1655 3119/1917/1655
f 3097/1907/1660 3098/1907/1660 3117/1916/1660
f 3251/1982/1762 3257/1983/1762 3250/1983/1762
f 3249/1982/1655 3250/1983/1655 3253/1984/1655
f 3255/1986/1763 3251/1982/1763 3249/1982/1763
f 3254/1986/1655 3249/1982/1655 3252/1985/1655
f 3251/1982/1657 3260/1985/1657 3258/1984/1657
f 3259/1987/1657 3260/1985/1657 3251/1982/1657
f 3258/1984/1764 3260/1985/1764 3252/1985/1764
f 3260/1985/1765 3259/1987/1765 3256/1987/1765
f 3259/1987/1766 3265/1988/1766 3261/1988/1766
f 3262/1989/1657 3265/1988/1657 3259/1987/1657
f 3263/1989/1655 3254/1986/1655 3256/1987/1655
f 3265/1988/1762 3268/1990/1762 3264/1990/1762
f 3266/1991/1655 3263/1989/1655 3261/1988/1655
f 3267/1991/1764 3262/1989/1764 3263/1989/1764
f 3262/1989/1767 3255/1986/1767 3254/1986/1767
f 3268/1990/1657 3265/1988/1657 3262/1989/1657
f 3270/1992/1765 3267/1991/1765 3266/1991/1765
f 3271/1993/1657 3268/1990/1657 3267/1991/1657
f 3268/1990/1763 3271/1993/1763 3272/1993/1763
f 3271/1993/1767 3258/1984/1767 3253/1984/1767
f 3257/1983/1657 3258/1984/1657 3271/1993/1657
f 3250/1983/1655 3269/1992/1655 3272/1993/1655
f 3266/1991/1655 3264/1990/1655 3272/1993/1655
f 3257/1983/1766 3270/1992/1766 3269/1992/1766
o z5
v 0.000488 3.769198 -2804.582764
v 274.897675 3.769223 -2791.078125
v -274.896698 3.769175 -2791.078125
v 0.000488 3.769205 -2720.445312
v 0.000489 -3.769622 -2804.582764
v 274.897675 -3.769597 -2791.078125
v -274.896698 -3.769645 -2791.078125
v 0.000489 -3.769615 -2720.445312
v 266.650757 -3.769591 -2707.345703
v -266.649811 -3.769637 -2707.345703
v -530.732117 -3.769657 -2668.172607
v -266.649811 3.769183 -2707.345703
v -530.732117 3.769161 -2668.172607
v -789.703064 3.769145 -2603.304199
v -547.146484 3.769154 -2750.693359
v -814.126892 3.769136 -2683.818359
v -547.146484 -3.769666 -2750.693359
v -814.126892 -3.769684 -2683.818359
v -1073.266968 -3.769700 -2591.096680
v -789.703064 -3.769675 -2603.304199
v -1041.068970 -3.769691 -2513.363770
v -1282.408691 -3.769703 -2399.218750
v -1041.068970 3.769129 -2513.363770
v -1282.408691 3.769117 -2399.218750
v -1073.266968 3.769120 -2591.096680
v -1322.070679 3.769107 -2473.421143
v -1558.142212 3.769098 -2331.925293
v -1322.070679 -3.769713 -2473.421143
v -1558.142212 -3.769722 -2331.925293
v -1779.208130 -3.769729 -2167.971680
v -1511.398071 -3.769713 -2261.967529
v -1725.832031 -3.769720 -2102.932617
v -1511.398071 3.769107 -2261.967529
v -1725.832031 3.769100 -2102.932617
v -1923.644897 3.769097 -1923.645386
v -1779.208130 3.769090 -2167.971680
v -1983.138916 3.769087 -1983.139404
v -2167.971191 3.769086 -1779.208618
v -1983.138916 -3.769733 -1983.139404
v -2167.971191 -3.769733 -1779.208618
v -1923.644897 -3.769723 -1923.645386
v -2102.932129 -3.769724 -1725.832520
v -2261.967041 -3.769722 -1511.398560
v -2102.932129 3.769096 -1725.832520
v -2261.967041 3.769098 -1511.398560
v -2399.218262 3.769103 -1282.409180
v -2331.924805 3.769089 -1558.142700
v -2473.420654 3.769094 -1322.071167
v -2331.924805 -3.769732 -1558.142700
v -2473.420654 -3.769726 -1322.071167
v -2591.096191 -3.769717 -1073.267456
v -2399.218262 -3.769717 -1282.409180
v -2513.363281 -3.769709 -1041.069458
v -2603.303711 -3.769698 -789.703552
v -2513.363281 3.769111 -1041.069458
v -2603.303711 3.769122 -789.703552
v -2591.096191 3.769102 -1073.267456
v -2683.817871 3.769114 -814.127380
v -2750.692871 3.769128 -547.146973
v -2683.817871 -3.769706 -814.127380
v -2750.692871 -3.769691 -547.146973
v -2791.077637 -3.769675 -274.897186
v -2668.172119 -3.769683 -530.732605
v -2707.345215 -3.769667 -266.650269
v -2668.172119 3.769137 -530.732605
v -2707.345215 3.769153 -266.650269
v -2720.444824 3.769172 -0.000000
v -2791.077637 3.769145 -274.897186
v -2804.582275 3.769165 -0.000000
v -2791.077637 3.769187 274.897186
v -2804.582275 -3.769655 0.000000
v -2791.077637 -3.769633 274.897186
v -2720.444824 -3.769648 0.000000
v -2707.345215 -3.769627 266.650269
v -2668.172119 -3.769603 530.732605
v -2707.345215 3.769193 266.650269
v -2668.172119 3.769217 530.732605
v -2603.303711 3.769242 789.703552
v -2750.692871 3.769210 547.146973
v -2683.817871 3.769237 814.127380
v -2750.692871 -3.769609 547.146973
v -2683.817871 -3.769583 814.127380
v -2591.096191 -3.769555 1073.267456
v -2603.303711 -3.769578 789.703552
v -2513.363281 -3.769551 1041.069458
v -2399.218262 -3.769523 1282.409180
v -2513.363281 3.769269 1041.069458
v -2399.218262 3.769297 1282.409180
v -2591.096191 3.769264 1073.267456
v -2473.420654 3.769294 1322.071167
v -2331.924805 3.769324 1558.142700
v -2473.420654 -3.769526 1322.071167
v -2331.924805 -3.769496 1558.142700
v -2167.971191 -3.769465 1779.208618
v -2261.967041 -3.769494 1511.398560
v -2102.932129 -3.769464 1725.832520
v -2261.967041 3.769326 1511.398560
v -2102.932129 3.769356 1725.832520
v -1923.644897 3.769387 1923.645386
v -2167.971191 3.769354 1779.208618
v -1983.138916 3.769387 1983.139404
v -1779.208130 3.769418 2167.971680
v -1983.138916 -3.769433 1983.139404
v -1779.208130 -3.769401 2167.971680
v -1923.644897 -3.769433 1923.645386
v -1725.832031 -3.769402 2102.932617
v -1511.398071 -3.769371 2261.967529
v -1725.832031 3.769418 2102.932617
v -1511.398071 3.769449 2261.967529
v -1282.408691 3.769479 2399.218750
v -1558.142212 3.769450 2331.925293
v -1322.070679 3.769481 2473.421143
v -1558.142212 -3.769370 2331.925293
v -1322.070679 -3.769339 2473.421143
v -1073.266968 -3.769309 2591.096680
v -1282.408691 -3.769341 2399.218750
v -1041.068970 -3.769311 2513.363770
v -789.703064 -3.769283 2603.304199
v -1041.068970 3.769509 2513.363770
v -789.703064 3.769537 2603.304199
v -1073.266968 3.769511 2591.096680
v -814.126892 3.769542 2683.818359
v -547.146484 3.769570 2750.693359
v -814.126892 -3.769278 2683.818359
v -547.146484 -3.769250 2750.693359
v -274.896698 -3.769223 2791.078125
v -530.732117 -3.769254 2668.172607
v -266.649811 -3.769229 2707.345703
v -530.732117 3.769564 2668.172607
v -266.649811 3.769591 2707.345703
v 0.000488 3.769615 2720.445312
v -274.896698 3.769597 2791.078125
v 0.000488 3.769622 2804.582764
v 274.897675 3.769645 2791.078125
v 0.000489 -3.769198 2804.582764
v 274.897675 -3.769175 2791.078125
v 0.000489 -3.769205 2720.445312
v 266.650757 -3.769183 2707.345703
v 530.733093 -3.769161 2668.172607
v 266.650757 3.769637 2707.345703
v 530.733093 3.769657 2668.172607
v 789.704041 3.769675 2603.304199
v 547.147461 3.769666 2750.693359
v 814.127869 3.769684 2683.818359
v 547.147461 -3.769154 2750.693359
v 814.127869 -3.769136 2683.818359
v 1073.267944 -3.769120 2591.096680
v 789.704041 -3.769145 2603.304199
v 1041.069946 -3.769129 2513.363770
v 1282.409668 -3.769117 2399.218750
v 1041.069946 3.769691 2513.363770
v 1282.409668 3.769703 2399.218750
v 1073.267944 3.769700 2591.096680
v 1322.071655 3.769713 2473.421143
v 1558.143188 3.769722 2331.925293
v 1322.071655 -3.769107 2473.421143
v 1558.143188 -3.769098 2331.925293
v 1779.209106 -3.769090 2167.971680
v 1511.399048 -3.769107 2261.967529
v 1725.833008 -3.769100 2102.932617
v 1511.399048 3.769713 2261.967529
v 1725.833008 3.769720 2102.932617
v 1923.645874 3.769723 1923.645386
v 1779.209106 3.769729 2167.971680
v 1983.139893 3.769733 1983.139404
v 2167.972168 3.769733 1779.208618
v 1983.139893 -3.769087 1983.139404
v 2167.972168 -3.769086 1779.208618
v 1923.645874 -3.769097 1923.645386
v 2102.933105 -3.769096 1725.832520
v 2261.968018 -3.769098 1511.398560
v 2102.933105 3.769724 1725.832520
v 2261.968018 3.769722 1511.398560
v 2399.219238 3.769717 1282.409180
v 2331.925781 3.769732 1558.142700
v 2473.421631 3.769726 1322.071167
v 2331.925781 -3.769089 1558.142700
v 2473.421631 -3.769094 1322.071167
v 2591.097168 -3.769102 1073.267456
v 2399.219238 -3.769103 1282.409180
v 2513.364258 -3.769111 1041.069458
v 2603.304688 -3.769122 789.703552
v 2513.364258 3.769709 1041.069458
v 2603.304688 3.769698 789.703552
v 2591.097168 3.769717 1073.267456
v 2683.818848 3.769706 814.127380
v 2750.693848 3.769691 547.146973
v 2683.818848 -3.769114 814.127380
v 2750.693848 -3.769128 547.146973
v 2791.078613 -3.769145 274.897186
v 2668.173096 -3.769137 530.732605
v 2707.346191 -3.769153 266.650269
v 2668.173096 3.769683 530.732605
v 2707.346191 3.769667 266.650269
v 2720.445801 3.769648 -0.000000
v 2791.078613 3.769675 274.897186
v 2804.583252 3.769655 -0.000000
v 2791.078613 3.769633 -274.897186
v 2804.583252 -3.769165 0.000000
v 2791.078613 -3.769187 -274.897186
v 2720.445801 -3.769172 0.000000
v 2707.346191 -3.769193 -266.650269
v 2668.173096 -3.769217 -530.732605
v 2707.346191 3.769627 -266.650269
v 2668.173096 3.769603 -530.732605
v 2603.304688 3.769578 -789.703552
v 2750.693848 3.769609 -547.146973
v 2683.818848 3.769583 -814.127380
v 2750.693848 -3.769210 -547.146973
v 2683.818848 -3.769237 -814.127380
v 2591.097168 -3.769264 -1073.267456
v 2603.304688 -3.769242 -789.703552
v 2513.364258 -3.769269 -1041.069458
v 2399.219238 -3.769297 -1282.409180
v 2513.364258 3.769551 -1041.069458
v 2399.219238 3.769523 -1282.409180
v 2591.097168 3.769555 -1073.267456
v 2473.421631 3.769526 -1322.071167
v 2331.925781 3.769496 -1558.142700
v 2473.421631 -3.769294 -1322.071167
v 2331.925781 -3.769324 -1558.142700
v 2167.972168 -3.769354 -1779.208618
v 2261.968018 -3.769326 -1511.398560
v 2102.933105 -3.769356 -1725.832520
v 2261.968018 3.769494 -1511.398560
v 2102.933105 3.769464 -1725.832520
v 1923.645874 3.769433 -1923.645386
v 2167.972168 3.769465 -1779.208618
v 1983.139893 3.769433 -1983.139404
v 1779.209106 3.769401 -2167.971680
v 1983.139893 -3.769387 -1983.139404
v 1779.209106 -3.769418 -2167.971680
v 1923.645874 -3.769387 -1923.645386
v 1725.833008 -3.769418 -2102.932617
v 1511.399048 -3.769449 -2261.967529
v 1725.833008 3.769402 -2102.932617
v 1511.399048 3.769371 -2261.967529
v 1282.409668 3.769341 -2399.218750
v 1558.143188 3.769370 -2331.925293
v 1322.071655 3.769339 -2473.421143
v 1558.143188 -3.769450 -2331.925293
v 1322.071655 -3.769481 -2473.421143
v 1073.267944 -3.769511 -2591.096680
v 1282.409668 -3.769479 -2399.218750
v 1041.069946 -3.769509 -2513.363770
v 789.704041 -3.769537 -2603.304199
v 1041.069946 3.769311 -2513.363770
v 789.704041 3.769283 -2603.304199
v 1073.267944 3.769309 -2591.096680
v 814.127869 3.769278 -2683.818359
v 547.147461 3.769250 -2750.693359
v 814.127869 -3.769542 -2683.818359
v 547.147461 -3.769570 -2750.693359
v 530.733093 -3.769564 -2668.172607
v 530.733093 3.769254 -2668.172607
v 266.650757 3.769229 -2707.345703
v 0.000488 3.090742 -2299.757812
v 225.416183 3.090763 -2288.683838
v 448.661011 3.090785 -2255.568604
v 667.584900 3.090808 -2200.731201
v 880.079773 3.090832 -2124.699219
v 1084.098877 3.090858 -2028.205322
v 1277.677490 3.090883 -1912.178711
v 1458.951538 3.090909 -1777.736816
v 1626.174805 3.090935 -1626.174316
v 1777.737305 3.090961 -1458.951050
v 1912.179199 3.090986 -1277.677002
v 2028.205811 3.091011 -1084.098389
v 2124.699707 3.091035 -880.079285
v 2200.731689 3.091058 -667.584412
v 2255.569092 3.091079 -448.660522
v 2288.684326 3.091099 -225.415695
v 2299.758301 3.091117 -0.000000
v 2288.684326 3.091133 225.415695
v 2255.569092 3.091147 448.660522
v 2200.731689 3.091158 667.584412
v 2124.699707 3.091168 880.079285
v 2028.205811 3.091175 1084.098389
v 1912.179199 3.091180 1277.677002
v 1777.737305 3.091181 1458.951050
v 1626.174805 3.091181 1626.174316
v 1458.951538 3.091177 1777.736816
v 1277.677490 3.091172 1912.178711
v 1084.098877 3.091164 2028.205322
v 880.079773 3.091153 2124.699219
v 667.584900 3.091140 2200.731201
v 448.661011 3.091125 2255.568604
v 225.416183 3.091109 2288.683838
v 0.000488 3.091089 2299.757812
v -225.415207 3.091069 2288.683838
v -448.660034 3.091047 2255.568604
v -667.583923 3.091024 2200.731201
v -880.078796 3.090999 2124.699219
v -1084.097900 3.090974 2028.205322
v -1277.676514 3.090949 1912.178711
v -1458.950562 3.090922 1777.736816
v -1626.173828 3.090897 1626.174316
v -1777.736328 3.090870 1458.951050
v -1912.178223 3.090846 1277.677002
v -2028.204834 3.090821 1084.098389
v -2124.698730 3.090796 880.079285
v -2200.730713 3.090774 667.584412
v -2255.568115 3.090753 448.660522
v -2288.683350 3.090733 225.415695
v -2299.757324 3.090715 -0.000000
v -2288.683350 3.090699 -225.415695
v -2255.568115 3.090685 -448.660522
v -2200.730713 3.090674 -667.584412
v -2124.698730 3.090663 -880.079285
v -2028.204834 3.090657 -1084.098389
v -1912.178223 3.090652 -1277.677002
v -1777.736328 3.090650 -1458.951050
v -1626.173828 3.090651 -1626.174316
v -1458.950562 3.090654 -1777.736816
v -1277.676514 3.090660 -1912.178711
v -1084.097900 3.090668 -2028.205322
v -880.078796 3.090678 -2124.699219
v -667.583923 3.090692 -2200.731201
v -448.660034 3.090707 -2255.568604
v -225.415207 3.090723 -2288.683838
v 0.000488 3.090748 -2230.765137
v 218.653717 3.090767 -2220.023438
v 435.201202 3.090789 -2187.901611
v 647.557373 3.090811 -2134.709229
v 853.677429 3.090835 -2060.958252
v 1051.575928 3.090859 -1967.359253
v 1239.347290 3.090884 -1854.813477
v 1415.183105 3.090910 -1724.404663
v 1577.389648 3.090935 -1577.389160
v 1724.405151 3.090960 -1415.182617
v 1854.813965 3.090985 -1239.346802
v 1967.359741 3.091009 -1051.575439
v 2060.958740 3.091032 -853.676941
v 2134.709717 3.091054 -647.556885
v 2187.902100 3.091074 -435.200714
v 2220.023926 3.091094 -218.653229
v 2230.765625 3.091111 -0.000000
v 2220.023926 3.091126 218.653229
v 2187.902100 3.091140 435.200714
v 2134.709717 3.091152 647.556885
v 2060.958740 3.091160 853.676941
v 1967.359741 3.091167 1051.575439
v 1854.813965 3.091172 1239.346802
v 1724.405151 3.091174 1415.182617
v 1577.389648 3.091173 1577.389160
v 1415.183105 3.091170 1724.404663
v 1239.347290 3.091164 1854.813477
v 1051.575928 3.091156 1967.359253
v 853.677429 3.091147 2060.958252
v 647.557373 3.091133 2134.709229
v 435.201202 3.091119 2187.901611
v 218.653717 3.091103 2220.023438
v 0.000488 3.091084 2230.765137
v -218.652756 3.091065 2220.023438
v -435.200226 3.091043 2187.901611
v -647.556396 3.091020 2134.709229
v -853.676453 3.090997 2060.958252
v -1051.574951 3.090972 1967.359253
v -1239.346313 3.090948 1854.813477
v -1415.182129 3.090922 1724.404663
v -1577.388672 3.090897 1577.389160
v -1724.404175 3.090872 1415.182617
v -1854.812988 3.090847 1239.346802
v -1967.358765 3.090823 1051.575439
v -2060.957764 3.090800 853.676941
v -2134.708984 3.090778 647.556885
v -2187.901123 3.090758 435.200714
v -2220.023193 3.090739 218.653229
v -2230.764648 3.090721 -0.000000
v -2220.023193 3.090706 -218.653229
v -2187.901123 3.090692 -435.200714
v -2134.708984 3.090680 -647.556885
v -2060.957764 3.090672 -853.676941
v -1967.358765 3.090665 -1051.575439
v -1854.812988 3.090661 -1239.346802
v -1724.404175 3.090658 -1415.182617
v -1577.388672 3.090659 -1577.389160
v -1415.182129 3.090662 -1724.404663
v -1239.346313 3.090668 -1854.813477
v -1051.574951 3.090675 -1967.359253
v -853.676453 3.090685 -2060.958252
v -647.556396 3.090698 -2134.709229
v -435.200226 3.090713 -2187.901611
v -218.652756 3.090729 -2220.023438
v 225.416183 -3.091069 -2288.683838
v 0.000489 -3.091089 -2299.757812
v 448.661011 -3.091047 -2255.568604
v 667.584900 -3.091024 -2200.731201
v 880.079773 -3.090999 -2124.699219
v 1084.098877 -3.090974 -2028.205322
v 1277.677490 -3.090949 -1912.178711
v 1458.951538 -3.090922 -1777.736816
v 1626.174805 -3.090897 -1626.174316
v 1777.737305 -3.090870 -1458.951050
v 1912.179199 -3.090846 -1277.677002
v 2028.205811 -3.090821 -1084.098389
v 2124.699707 -3.090796 -880.079285
v 2200.731689 -3.090774 -667.584412
v 2255.569092 -3.090753 -448.660522
v 2288.684326 -3.090733 -225.415695
v 2299.758301 -3.090715 0.000000
v 2288.684326 -3.090699 225.415695
v 2255.569092 -3.090685 448.660522
v 2200.731689 -3.090674 667.584412
v 2124.699707 -3.090663 880.079285
v 2028.205811 -3.090657 1084.098389
v 1912.179199 -3.090652 1277.677002
v 1777.737305 -3.090650 1458.951050
v 1626.174805 -3.090651 1626.174316
v 1458.951538 -3.090654 1777.736816
v 1277.677490 -3.090660 1912.178711
v 1084.098877 -3.090668 2028.205322
v 880.079773 -3.090678 2124.699219
v 667.584900 -3.090692 2200.731201
v 448.661011 -3.090707 2255.568604
v 225.416183 -3.090723 2288.683838
v 0.000489 -3.090742 2299.757812
v -225.415207 -3.090763 2288.683838
v -448.660034 -3.090785 2255.568604
v -667.583923 -3.090808 2200.731201
v -880.078796 -3.090832 2124.699219
v -1084.097900 -3.090858 2028.205322
v -1277.676514 -3.090883 1912.178711
v -1458.950562 -3.090909 1777.736816
v -1626.173828 -3.090935 1626.174316
v -1777.736328 -3.090961 1458.951050
v -1912.178223 -3.090986 1277.677002
v -2028.204834 -3.091011 1084.098389
v -2124.698730 -3.091035 880.079285
v -2200.730713 -3.091058 667.584412
v -2255.568115 -3.091079 448.660522
v -2288.683350 -3.091099 225.415695
v -2299.757324 -3.091117 0.000000
v -2288.683350 -3.091133 -225.415695
v -2255.568115 -3.091147 -448.660522
v -2200.730713 -3.091158 -667.584412
v -2124.698730 -3.091168 -880.079285
v -2028.204834 -3.091175 -1084.098389
v -1912.178223 -3.091180 -1277.677002
v -1777.736328 -3.091181 -1458.951050
v -1626.173828 -3.091181 -1626.174316
v -1458.950562 -3.091177 -1777.736816
v -1277.676514 -3.091172 -1912.178711
v -1084.097900 -3.091164 -2028.205322
v -880.078796 -3.091153 -2124.699219
v -667.583923 -3.091140 -2200.731201
v -448.660034 -3.091125 -2255.568604
v -225.415207 -3.091109 -2288.683838
v 218.653717 -3.091065 -2220.023438
v 0.000489 -3.091084 -2230.765137
v 435.201202 -3.091043 -2187.901611
v 647.557373 -3.091020 -2134.709229
v 853.677429 -3.090997 -2060.958252
v 1051.575928 -3.090972 -1967.359253
v 1239.347290 -3.090948 -1854.813477
v 1415.183105 -3.090922 -1724.404663
v 1577.389648 -3.090897 -1577.389160
v 1724.405151 -3.090872 -1415.182617
v 1854.813965 -3.090847 -1239.346802
v 1967.359741 -3.090823 -1051.575439
v 2060.958740 -3.090800 -853.676941
v 2134.709717 -3.090778 -647.556885
v 2187.902100 -3.090758 -435.200714
v 2220.023926 -3.090739 -218.653229
v 2230.765625 -3.090721 0.000000
v 2220.023926 -3.090706 218.653229
v 2187.902100 -3.090692 435.200714
v 2134.709717 -3.090680 647.556885
v 2060.958740 -3.090672 853.676941
v 1967.359741 -3.090665 1051.575439
v 1854.813965 -3.090661 1239.346802
v 1724.405151 -3.090658 1415.182617
v 1577.389648 -3.090659 1577.389160
v 1415.183105 -3.090662 1724.404663
v 1239.347290 -3.090668 1854.813477
v 1051.575928 -3.090675 1967.359253
v 853.677429 -3.090685 2060.958252
v 647.557373 -3.090698 2134.709229
v 435.201202 -3.090713 2187.901611
v 218.653717 -3.090729 2220.023438
v 0.000489 -3.090748 2230.765137
v -218.652756 -3.090767 2220.023438
v -435.200226 -3.090789 2187.901611
v -647.556396 -3.090811 2134.709229
v -853.676453 -3.090835 2060.958252
v -1051.574951 -3.090859 1967.359253
v -1239.346313 -3.090884 1854.813477
v -1415.182129 -3.090910 1724.404663
v -1577.388672 -3.090935 1577.389160
v -1724.404175 -3.090960 1415.182617
v -1854.812988 -3.090985 1239.346802
v -1967.358765 -3.091009 1051.575439
v -2060.957764 -3.091032 853.676941
v -2134.708984 -3.091054 647.556885
v -2187.901123 -3.091074 435.200714
v -2220.023193 -3.091094 218.653229
v -2230.764648 -3.091111 0.000000
v -2220.023193 -3.091126 -218.653229
v -2187.901123 -3.091140 -435.200714
v -2134.708984 -3.091152 -647.556885
v -2060.957764 -3.091160 -853.676941
v -1967.358765 -3.091167 -1051.575439
v -1854.812988 -3.091172 -1239.346802
v -1724.404175 -3.091174 -1415.182617
v -1577.388672 -3.091173 -1577.389160
v -1415.182129 -3.091170 -1724.404663
v -1239.346313 -3.091164 -1854.813477
v -1051.574951 -3.091156 -1967.359253
v -853.676453 -3.091147 -2060.958252
v -647.556396 -3.091133 -2134.709229
v -435.200226 -3.091119 -2187.901611
v -218.652756 -3.091103 -2220.023438
v -1687.741821 -0.000271 -1629.833496
v -1519.863159 -0.000268 -1787.412964
v -1839.366699 -0.000271 -1456.557861
v -1921.250122 -0.000308 -1855.329712
v -1730.144897 -0.000305 -2034.711670
v -2093.853027 -0.000308 -1658.080444
v -2246.290771 -0.000305 -1444.862427
v -2377.095459 -0.000300 -1217.730347
v -1973.277222 -0.000269 -1269.254517
v -2088.184082 -0.000264 -1069.727905
v -2182.980469 -0.000256 -859.898926
v -2256.753662 -0.000245 -641.788574
v -2485.007568 -0.000291 -978.870300
v -2568.987793 -0.000280 -730.583191
v -2628.226807 -0.000266 -475.260681
v -2662.155029 -0.000249 -215.360611
v -2308.792969 -0.000234 -417.497620
v -2338.597412 -0.000218 -189.185974
v -2345.879883 -0.000202 40.947823
v -2330.570557 -0.000184 270.687256
v -2670.445068 -0.000229 46.613117
v -2653.017334 -0.000209 308.138062
v -2610.039551 -0.000185 566.695679
v -2541.925537 -0.000160 819.795410
v -2292.816650 -0.000162 497.819733
v -2232.981201 -0.000141 720.157776
v -2151.640869 -0.000117 935.560425
v -2049.578857 -0.000093 1141.953247
v -2449.331543 -0.000134 1065.000366
v -2333.149170 -0.000106 1299.948608
v -2194.497314 -0.000077 1522.377441
v -2034.711182 -0.000047 1730.145630
v -1927.778809 -0.000068 1337.348389
v -1787.412842 -0.000041 1519.864014
v -1629.833252 -0.000015 1687.742432
v -1456.557617 0.000012 1839.367554
v -1855.329590 -0.000017 1921.250977
v -1658.080444 0.000013 2093.854004
v -1444.862427 0.000044 2246.291504
v -1217.729858 0.000073 2377.096191
v -1269.254395 0.000038 1973.278076
v -1069.727539 0.000064 2088.185059
v -859.898560 0.000090 2182.981445
v -641.788330 0.000114 2256.754883
v -978.870239 0.000102 2485.008301
v -730.583069 0.000130 2568.988525
v -475.260468 0.000156 2628.227539
v -215.360535 0.000182 2662.156006
v -417.497284 0.000138 2308.793945
v -189.185760 0.000160 2338.598389
v 40.948036 0.000181 2345.880615
v 270.687408 0.000200 2330.571533
v 46.613468 0.000206 2670.446045
v 308.138275 0.000227 2653.018311
v 566.695801 0.000247 2610.040283
v 819.795776 0.000264 2541.926758
v 497.819794 0.000217 2292.817139
v 720.157898 0.000232 2232.981689
v 935.560547 0.000244 2151.641357
v 1141.953369 0.000255 2049.579590
v 1065.000244 0.000278 2449.332031
v 1299.948853 0.000290 2333.149902
v 1522.377930 0.000299 2194.498291
v 1730.145630 0.000305 2034.711914
v 1337.348633 0.000263 1927.779663
v 1519.864258 0.000268 1787.413574
v 1687.742920 0.000271 1629.833984
v 1839.367676 0.000271 1456.558350
v 1921.251221 0.000308 1855.330444
v 2093.853760 0.000308 1658.080811
v 2246.291992 0.000305 1444.863525
v 2377.096436 0.000300 1217.730957
v 1973.278198 0.000269 1269.255005
v 2088.185059 0.000264 1069.728394
v 2182.981689 0.000256 859.899353
v 2256.754883 0.000245 641.789062
v 2485.008301 0.000291 978.870789
v 2568.988770 0.000280 730.584290
v 2628.227783 0.000266 475.261292
v 2662.155762 0.000249 215.361298
v 2308.793945 0.000234 417.498322
v 2338.598389 0.000218 189.186447
v 2345.880859 0.000202 -40.947277
v 2330.571289 0.000184 -270.686310
v 2670.446289 0.000229 -46.612637
v 2653.018311 0.000209 -308.137512
v 2610.040527 0.000185 -566.695190
v 2541.926758 0.000160 -819.795166
v 2292.817383 0.000162 -497.818848
v 2232.981934 0.000141 -720.156982
v 2151.641846 0.000117 -935.559814
v 2049.580078 0.000093 -1141.952759
v 2449.332275 0.000134 -1064.999634
v 2333.150146 0.000106 -1299.948120
v 2194.498535 0.000077 -1522.377197
v 2034.712036 0.000047 -1730.144775
v 1927.779907 0.000068 -1337.347656
v 1787.414062 0.000041 -1519.863525
v 1629.834229 0.000015 -1687.742188
v 1456.558472 -0.000012 -1839.366821
v 1855.330688 0.000017 -1921.250488
v 1658.081299 -0.000013 -2093.853271
v 1444.863525 -0.000044 -2246.291260
v 1217.730835 -0.000073 -2377.095703
v 1269.255249 -0.000038 -1973.277344
v 1069.728638 -0.000064 -2088.184326
v 859.899536 -0.000090 -2182.980957
v 641.789429 -0.000114 -2256.754150
v 978.870972 -0.000102 -2485.007812
v 730.584351 -0.000130 -2568.987793
v 475.261353 -0.000156 -2628.227295
v 215.361374 -0.000182 -2662.155273
v 417.498535 -0.000138 -2308.793213
v 189.186798 -0.000160 -2338.597900
v -40.946991 -0.000181 -2345.880127
v -270.686310 -0.000200 -2330.570801
v -46.612286 -0.000206 -2670.445068
v -308.137421 -0.000227 -2653.017578
v -566.694946 -0.000247 -2610.039795
v -819.794800 -0.000264 -2541.925537
v -497.818695 -0.000217 -2292.816895
v -720.156921 -0.000232 -2232.981201
v -935.559448 -0.000244 -2151.640869
v -1141.952393 -0.000255 -2049.579102
v -1064.999512 -0.000278 -2449.331543
v -1299.947876 -0.000290 -2333.149170
v -1522.376709 -0.000299 -2194.497314
v -1337.347412 -0.000263 -1927.778809
vn 0.0491 -0.0000 -0.9988
vn -0.0000 1.0000 -0.0000
vn -0.0491 -0.0000 -0.9988
vn -0.0000 -1.0000 -0.0000
vn -0.0491 -0.0000 0.9988
vn 0.0491 -0.0000 0.9988
vn 0.1467 -0.0000 0.9892
vn 0.2430 -0.0000 0.9700
vn -0.2430 -0.0000 -0.9700
vn -0.1467 -0.0000 -0.9892
vn -0.3369 -0.0000 -0.9415
vn 0.3369 -0.0000 0.9415
vn 0.4276 -0.0000 0.9040
vn -0.4276 -0.0000 -0.9040
vn -0.5141 -0.0000 -0.8577
vn -0.5957 -0.0000 -0.8032
vn 0.5957 -0.0000 0.8032
vn 0.5141 -0.0000 0.8577
vn 0.6716 -0.0000 0.7410
vn -0.6716 -0.0000 -0.7410
vn -0.7410 -0.0000 -0.6716
vn 0.7410 -0.0000 0.6716
vn 0.8032 -0.0000 0.5957
vn 0.8577 -0.0000 0.5141
vn -0.8577 -0.0000 -0.5141
vn -0.8032 -0.0000 -0.5957
vn -0.9040 -0.0000 -0.4276
vn 0.9040 -0.0000 0.4276
vn 0.9415 -0.0000 0.3369
vn -0.9415 -0.0000 -0.3369
vn -0.9700 -0.0000 -0.2430
vn -0.9892 -0.0000 -0.1467
vn 0.9892 -0.0000 0.1467
vn 0.9700 -0.0000 0.2430
vn 0.9988 -0.0000 0.0491
vn -0.9988 -0.0000 -0.0491
vn -0.9988 -0.0000 0.0491
vn 0.9988 -0.0000 -0.0491
vn 0.9892 -0.0000 -0.1467
vn 0.9700 -0.0000 -0.2430
vn -0.9700 -0.0000 0.2430
vn -0.9892 -0.0000 0.1467
vn -0.9415 -0.0000 0.3369
vn 0.9415 -0.0000 -0.3369
vn 0.9040 -0.0000 -0.4276
vn -0.9040 -0.0000 0.4276
vn -0.8577 -0.0000 0.5141
vn -0.8032 -0.0000 0.5957
vn 0.8032 -0.0000 -0.5957
vn 0.8577 -0.0000 -0.5141
vn 0.7410 -0.0000 -0.6716
vn -0.7410 -0.0000 0.6716
vn -0.6716 -0.0000 0.7410
vn 0.6716 -0.0000 -0.7410
vn 0.5957 -0.0000 -0.8032
vn 0.5141 -0.0000 -0.8577
vn -0.5141 -0.0000 0.8577
vn -0.5957 -0.0000 0.8032
vn -0.4276 -0.0000 0.9040
vn 0.4276 -0.0000 -0.9040
vn 0.3369 -0.0000 -0.9415
vn -0.3369 -0.0000 0.9415
vn -0.2430 -0.0000 0.9700
vn -0.1467 -0.0000 0.9892
vn 0.1467 -0.0000 -0.9892
vn 0.2430 -0.0000 -0.9700
vt 0.462080 0.733050
vt 0.487290 0.734290
vt 0.462830 0.725370
vt 0.512510 0.733050
vt 0.511750 0.725370
vt 0.487290 0.726570
vt 0.535970 0.721780
vt 0.537480 0.729350
vt 0.559730 0.715830
vt 0.561970 0.723210
vt 0.585740 0.714710
vt 0.582790 0.707580
vt 0.604920 0.697110
vt 0.608560 0.703910
vt 0.630210 0.690940
vt 0.650490 0.675900
vt 0.625930 0.684520
vt 0.645600 0.669930
vt 0.663740 0.653490
vt 0.669200 0.658940
vt 0.686150 0.640240
vt 0.680190 0.635340
vt 0.694770 0.615670
vt 0.701190 0.619960
vt 0.707360 0.594670
vt 0.714170 0.598310
vt 0.724960 0.575480
vt 0.717830 0.572530
vt 0.726080 0.549470
vt 0.733470 0.551710
vt 0.739600 0.527220
vt 0.743310 0.502250
vt 0.735630 0.501500
vt 0.732030 0.525720
vt 0.736830 0.477040
vt 0.744550 0.477040
vt 0.743310 0.451820
vt 0.735630 0.452580
vt 0.732030 0.428350
vt 0.739600 0.426850
vt 0.726080 0.404600
vt 0.733470 0.402360
vt 0.724960 0.378590
vt 0.717830 0.381540
vt 0.707360 0.359410
vt 0.714170 0.355770
vt 0.701190 0.334110
vt 0.686150 0.313840
vt 0.694770 0.338400
vt 0.680190 0.318730
vt 0.663740 0.300590
vt 0.669200 0.295130
vt 0.650490 0.278180
vt 0.645600 0.284140
vt 0.625930 0.269550
vt 0.630210 0.263140
vt 0.604920 0.256960
vt 0.608560 0.250160
vt 0.585740 0.239360
vt 0.582790 0.246490
vt 0.559730 0.238240
vt 0.561970 0.230860
vt 0.537480 0.224730
vt 0.512510 0.221020
vt 0.511750 0.228700
vt 0.535970 0.232290
vt 0.487290 0.227500
vt 0.487290 0.219780
vt 0.462080 0.221020
vt 0.462830 0.228700
vt 0.438610 0.232290
vt 0.437100 0.224730
vt 0.414860 0.238240
vt 0.412620 0.230860
vt 0.388840 0.239360
vt 0.391800 0.246490
vt 0.369660 0.256960
vt 0.366020 0.250160
vt 0.344370 0.263140
vt 0.324090 0.278180
vt 0.348660 0.269550
vt 0.328990 0.284140
vt 0.310840 0.300590
vt 0.305380 0.295130
vt 0.288430 0.313840
vt 0.294400 0.318730
vt 0.279810 0.338400
vt 0.273390 0.334110
vt 0.267220 0.359410
vt 0.260410 0.355770
vt 0.249620 0.378590
vt 0.256750 0.381540
vt 0.248500 0.404600
vt 0.241110 0.402360
vt 0.234980 0.426850
vt 0.231280 0.451820
vt 0.238960 0.452580
vt 0.242550 0.428350
vt 0.237760 0.477040
vt 0.230040 0.477040
vt 0.231280 0.502250
vt 0.238960 0.501500
vt 0.242550 0.525720
vt 0.234980 0.527220
vt 0.248500 0.549470
vt 0.241110 0.551710
vt 0.249620 0.575480
vt 0.256750 0.572530
vt 0.267220 0.594670
vt 0.260410 0.598310
vt 0.273390 0.619960
vt 0.288430 0.640240
vt 0.279810 0.615670
vt 0.294400 0.635340
vt 0.310840 0.653490
vt 0.305380 0.658940
vt 0.324090 0.675900
vt 0.328990 0.669930
vt 0.348660 0.684520
vt 0.344370 0.690940
vt 0.369660 0.697110
vt 0.366020 0.703910
vt 0.388840 0.714710
vt 0.391800 0.707580
vt 0.414860 0.715830
vt 0.412620 0.723210
vt 0.437100 0.729350
vt 0.438610 0.721780
vt 0.311890 0.594230
vt 0.306830 0.573490
vt 0.301250 0.576480
vt 0.507970 0.686970
vt 0.487290 0.681660
vt 0.487290 0.687990
vt 0.586730 0.291000
vt 0.600970 0.306900
vt 0.604490 0.301640
vt 0.298250 0.555340
vt 0.292400 0.557760
vt 0.621120 0.313970
vt 0.617100 0.318860
vt 0.291480 0.536440
vt 0.285430 0.538270
vt 0.636450 0.327870
vt 0.631980 0.332350
vt 0.280400 0.518190
vt 0.286600 0.516960
vt 0.645470 0.347230
vt 0.650360 0.343210
vt 0.283660 0.497090
vt 0.277360 0.497710
vt 0.657430 0.363360
vt 0.662690 0.359840
vt 0.276340 0.477040
vt 0.282670 0.477040
vt 0.667750 0.380580
vt 0.673330 0.377600
vt 0.283660 0.456980
vt 0.277360 0.456360
vt 0.676340 0.398730
vt 0.682180 0.396310
vt 0.280400 0.435880
vt 0.286600 0.437120
vt 0.683100 0.417640
vt 0.689160 0.415800
vt 0.291480 0.417640
vt 0.285430 0.415800
vt 0.694190 0.435880
vt 0.687980 0.437120
vt 0.292400 0.396310
vt 0.298250 0.398730
vt 0.690930 0.456980
vt 0.697220 0.456360
vt 0.301250 0.377600
vt 0.306830 0.380580
vt 0.698240 0.477040
vt 0.691910 0.477040
vt 0.317160 0.363360
vt 0.311890 0.359840
vt 0.690930 0.497090
vt 0.697220 0.497710
vt 0.324230 0.343210
vt 0.329120 0.347230
vt 0.694190 0.518190
vt 0.687980 0.516960
vt 0.338130 0.327870
vt 0.342600 0.332350
vt 0.683100 0.536440
vt 0.689160 0.538270
vt 0.357480 0.318860
vt 0.353470 0.313970
vt 0.682180 0.557760
vt 0.676340 0.555340
vt 0.373610 0.306900
vt 0.370100 0.301640
vt 0.673330 0.576480
vt 0.667750 0.573490
vt 0.390830 0.296580
vt 0.387850 0.291000
vt 0.467240 0.680670
vt 0.466610 0.686970
vt 0.657430 0.590720
vt 0.662690 0.594230
vt 0.408990 0.287990
vt 0.406570 0.282150
vt 0.446140 0.683930
vt 0.447370 0.677730
vt 0.650360 0.610860
vt 0.645470 0.606850
vt 0.427890 0.281230
vt 0.426060 0.275170
vt 0.427890 0.672850
vt 0.426060 0.678900
vt 0.636450 0.626200
vt 0.631980 0.621730
vt 0.446140 0.270140
vt 0.447370 0.276350
vt 0.406570 0.671930
vt 0.408990 0.666080
vt 0.617100 0.635210
vt 0.621120 0.640100
vt 0.467240 0.273400
vt 0.466610 0.267100
vt 0.387850 0.663080
vt 0.390830 0.657500
vt 0.600970 0.647170
vt 0.604490 0.652430
vt 0.487290 0.266090
vt 0.487290 0.272420
vt 0.373610 0.647170
vt 0.370100 0.652430
vt 0.583750 0.657500
vt 0.586730 0.663080
vt 0.507350 0.273400
vt 0.507970 0.267100
vt 0.353470 0.640100
vt 0.357480 0.635210
vt 0.565600 0.666080
vt 0.568020 0.671930
vt 0.528450 0.270140
vt 0.527210 0.276350
vt 0.338130 0.626200
vt 0.342600 0.621730
vt 0.546690 0.672850
vt 0.548530 0.678900
vt 0.546690 0.281230
vt 0.548530 0.275170
vt 0.329120 0.606850
vt 0.324230 0.610860
vt 0.528450 0.683930
vt 0.527210 0.677730
vt 0.568020 0.282150
vt 0.565600 0.287990
vt 0.317160 0.590720
vt 0.507350 0.680670
vt 0.583750 0.296580
vt 0.141000 0.998900
vt 0.156620 0.963120
vt 0.141000 0.963120
vt 0.125390 0.963120
vt 0.109770 0.998900
vt 0.109770 0.963120
vt 0.094150 0.963120
vt 0.078530 0.998900
vt 0.078530 0.963120
vt 0.062910 0.963120
vt 0.047300 0.998900
vt 0.047300 0.963120
vt 0.031680 0.963120
vt 0.016060 0.963120
vt 0.031680 0.998900
vt 0.000440 0.963120
vt 0.016060 0.998900
vt 0.984380 0.963120
vt 1.000000 0.998900
vt 1.000000 0.963120
vt 0.968760 0.998900
vt 0.968760 0.963120
vt 0.953150 0.963120
vt 0.937530 0.998900
vt 0.937530 0.963120
vt 0.921910 0.963120
vt 0.906290 0.963120
vt 0.921910 0.998900
vt 0.890670 0.998900
vt 0.890670 0.963120
vt 0.875060 0.963120
vt 0.859440 0.998900
vt 0.859440 0.963120
vt 0.843820 0.998900
vt 0.843820 0.963120
vt 0.828200 0.963120
vt 0.812580 0.998900
vt 0.812580 0.963120
vt 0.796970 0.998900
vt 0.796970 0.963120
vt 0.781350 0.963120
vt 0.765730 0.998900
vt 0.765730 0.963120
vt 0.750110 0.963120
vt 0.734490 0.998900
vt 0.734490 0.963120
vt 0.718870 0.963120
vt 0.703260 0.998900
vt 0.703260 0.963120
vt 0.687640 0.963120
vt 0.672020 0.963120
vt 0.687640 0.998900
vt 0.656400 0.998900
vt 0.656400 0.963120
vt 0.640780 0.963120
vt 0.625170 0.998900
vt 0.625170 0.963120
vt 0.609550 0.963120
vt 0.593930 0.998900
vt 0.593930 0.963120
vt 0.578310 0.998900
vt 0.578310 0.963120
vt 0.562690 0.963120
vt 0.547070 0.998900
vt 0.547070 0.963120
vt 0.531460 0.998900
vt 0.531460 0.963120
vt 0.515840 0.963120
vt 0.500220 0.963120
vt 0.515840 0.998900
vt 0.484600 0.963120
vt 0.500220 0.998900
vt 0.468980 0.963120
vt 0.484600 0.998900
vt 0.453370 0.998900
vt 0.453370 0.963120
vt 0.437750 0.963120
vt 0.422130 0.963120
vt 0.437750 0.998900
vt 0.406510 0.998900
vt 0.406510 0.963120
vt 0.390890 0.963120
vt 0.375280 0.998900
vt 0.375280 0.963120
vt 0.359660 0.998900
vt 0.359660 0.963120
vt 0.344040 0.963120
vt 0.328420 0.963120
vt 0.344040 0.998900
vt 0.312800 0.963120
vt 0.328420 0.998900
vt 0.297190 0.998900
vt 0.297190 0.963120
vt 0.281570 0.963120
vt 0.265950 0.998900
vt 0.265950 0.963120
vt 0.250330 0.963120
vt 0.234710 0.963120
vt 0.250330 0.998900
vt 0.219090 0.998900
vt 0.219090 0.963120
vt 0.203480 0.963120
vt 0.187860 0.963120
vt 0.203480 0.998900
vt 0.172240 0.963120
vt 0.187860 0.998900
vt 0.172240 0.998900
vt 0.156620 0.998900
vt 0.125390 0.998900
vt 0.094150 0.998900
vt 0.062910 0.998900
vt 0.000440 0.998900
vt 0.984380 0.998900
vt 0.953150 0.998900
vt 0.906290 0.998900
vt 0.875060 0.998900
vt 0.828200 0.998900
vt 0.781350 0.998900
vt 0.750110 0.998900
vt 0.718870 0.998900
vt 0.672020 0.998900
vt 0.640780 0.998900
vt 0.609550 0.998900
vt 0.562690 0.998900
vt 0.468980 0.998900
vt 0.422130 0.998900
vt 0.390890 0.998900
vt 0.312800 0.998900
vt 0.281570 0.998900
vt 0.234710 0.998900
s 0
f 3278/1994/1768 3273/1995/1768 3274/1994/1768
f 3273/1995/1769 3528/1996/1769 3274/1994/1769
f 3277/1995/1770 3275/1997/1770 3273/1995/1770
f 3273/1995/1769 3284/1998/1769 3276/1999/1769
f 3281/1996/1771 3277/1995/1771 3278/1994/1771
f 3277/1995/1771 3282/1998/1771 3279/1997/1771
f 3280/1999/1772 3528/1996/1772 3276/1999/1772
f 3282/1998/1773 3276/1999/1773 3284/1998/1773
f 3283/2000/1774 3284/1998/1774 3285/2000/1774
f 3282/1998/1771 3289/2001/1771 3279/1997/1771
f 3287/2001/1769 3284/1998/1769 3275/1997/1769
f 3292/2002/1775 3285/2000/1775 3286/2002/1775
f 3287/2001/1769 3286/2002/1769 3285/2000/1769
f 3289/2001/1776 3288/2003/1776 3287/2001/1776
f 3279/1997/1777 3287/2001/1777 3275/1997/1777
f 3289/2001/1771 3292/2002/1771 3290/2003/1771
f 3290/2003/1778 3297/2004/1778 3288/2003/1778
f 3290/2003/1771 3293/2005/1771 3291/2004/1771
f 3293/2005/1779 3286/2002/1779 3295/2005/1779
f 3294/2006/1780 3295/2005/1780 3296/2006/1780
f 3293/2005/1771 3300/2007/1771 3291/2004/1771
f 3298/2007/1769 3295/2005/1769 3297/2004/1769
f 3288/2003/1769 3295/2005/1769 3286/2002/1769
f 3291/2004/1781 3298/2007/1781 3297/2004/1781
f 3300/2007/1782 3299/2008/1782 3298/2007/1782
f 3299/2008/1769 3296/2006/1769 3298/2007/1769
f 3294/2006/1771 3301/2008/1771 3300/2007/1771
f 3301/2008/1783 3308/2009/1783 3299/2008/1783
f 3303/2010/1771 3302/2009/1771 3301/2008/1771
f 3304/2011/1784 3305/2010/1784 3306/2011/1784
f 3303/2010/1785 3296/2006/1785 3305/2010/1785
f 3308/2009/1769 3305/2010/1769 3299/2008/1769
f 3313/2012/1786 3306/2011/1786 3307/2012/1786
f 3309/2013/1769 3306/2011/1769 3308/2009/1769
f 3302/2009/1787 3309/2013/1787 3308/2009/1787
f 3311/2013/1788 3310/2014/1788 3309/2013/1788
f 3309/2013/1769 3316/2015/1769 3307/2012/1769
f 3311/2013/1771 3314/2015/1771 3312/2014/1771
f 3304/2011/1771 3311/2013/1771 3302/2009/1771
f 3314/2015/1789 3307/2012/1789 3316/2015/1789
f 3315/2016/1790 3316/2015/1790 3317/2016/1790
f 3312/2014/1771 3315/2016/1771 3321/2017/1771
f 3310/2014/1769 3317/2016/1769 3316/2015/1769
f 3324/2018/1791 3317/2016/1791 3318/2018/1791
f 3319/2017/1769 3318/2018/1769 3317/2016/1769
f 3321/2017/1792 3320/2019/1792 3319/2017/1792
f 3312/2014/1793 3319/2017/1793 3310/2014/1793
f 3315/2016/1771 3322/2019/1771 3321/2017/1771
f 3322/2019/1794 3329/2020/1794 3320/2019/1794
f 3322/2019/1771 3325/2021/1771 3323/2020/1771
f 3325/2021/1795 3318/2018/1795 3327/2021/1795
f 3326/2022/1796 3327/2021/1796 3328/2022/1796
f 3325/2021/1771 3332/2023/1771 3323/2020/1771
f 3330/2023/1769 3327/2021/1769 3329/2020/1769
f 3320/2019/1769 3327/2021/1769 3318/2018/1769
f 3323/2020/1797 3330/2023/1797 3329/2020/1797
f 3332/2023/1798 3331/2024/1798 3330/2023/1798
f 3331/2024/1769 3328/2022/1769 3330/2023/1769
f 3326/2022/1771 3333/2024/1771 3332/2023/1771
f 3333/2024/1799 3340/2025/1799 3331/2024/1799
f 3333/2024/1771 3336/2026/1771 3334/2025/1771
f 3336/2026/1800 3337/2027/1800 3338/2026/1800
f 3335/2027/1801 3328/2022/1801 3337/2027/1801
f 3331/2024/1769 3338/2026/1769 3337/2027/1769
f 3345/2028/1802 3338/2026/1802 3339/2028/1802
f 3341/2029/1769 3338/2026/1769 3340/2025/1769
f 3334/2025/1803 3341/2029/1803 3340/2025/1803
f 3343/2029/1804 3342/2030/1804 3341/2029/1804
f 3341/2029/1769 3348/2031/1769 3339/2028/1769
f 3343/2029/1771 3346/2031/1771 3344/2030/1771
f 3336/2026/1771 3343/2029/1771 3334/2025/1771
f 3346/2031/1805 3339/2028/1805 3348/2031/1805
f 3347/2032/1806 3348/2031/1806 3349/2032/1806
f 3346/2031/1771 3353/2033/1771 3344/2030/1771
f 3351/2033/1769 3348/2031/1769 3342/2030/1769
f 3356/2034/1807 3349/2032/1807 3350/2034/1807
f 3351/2033/1769 3350/2034/1769 3349/2032/1769
f 3353/2033/1808 3352/2035/1808 3351/2033/1808
f 3344/2030/1809 3351/2033/1809 3342/2030/1809
f 3353/2033/1771 3356/2034/1771 3354/2035/1771
f 3354/2035/1810 3361/2036/1810 3352/2035/1810
f 3354/2035/1771 3357/2037/1771 3355/2036/1771
f 3357/2037/1811 3350/2034/1811 3359/2037/1811
f 3358/2038/1812 3359/2037/1812 3360/2038/1812
f 3357/2037/1771 3364/2039/1771 3355/2036/1771
f 3362/2039/1769 3359/2037/1769 3361/2036/1769
f 3352/2035/1769 3359/2037/1769 3350/2034/1769
f 3355/2036/1813 3362/2039/1813 3361/2036/1813
f 3364/2039/1814 3363/2040/1814 3362/2039/1814
f 3363/2040/1769 3360/2038/1769 3362/2039/1769
f 3358/2038/1771 3365/2040/1771 3364/2039/1771
f 3365/2040/1815 3372/2041/1815 3363/2040/1815
f 3367/2042/1771 3366/2041/1771 3365/2040/1771
f 3368/2043/1816 3369/2042/1816 3370/2043/1816
f 3367/2042/1817 3360/2038/1817 3369/2042/1817
f 3372/2041/1769 3369/2042/1769 3363/2040/1769
f 3377/2044/1818 3370/2043/1818 3371/2044/1818
f 3373/2045/1769 3370/2043/1769 3372/2041/1769
f 3366/2041/1819 3373/2045/1819 3372/2041/1819
f 3375/2045/1820 3374/2046/1820 3373/2045/1820
f 3373/2045/1769 3380/2047/1769 3371/2044/1769
f 3375/2045/1771 3378/2047/1771 3376/2046/1771
f 3368/2043/1771 3375/2045/1771 3366/2041/1771
f 3378/2047/1821 3371/2044/1821 3380/2047/1821
f 3379/2048/1822 3380/2047/1822 3381/2048/1822
f 3376/2046/1771 3379/2048/1771 3385/2049/1771
f 3374/2046/1769 3381/2048/1769 3380/2047/1769
f 3388/2050/1823 3381/2048/1823 3382/2050/1823
f 3383/2049/1769 3382/2050/1769 3381/2048/1769
f 3385/2049/1824 3384/2051/1824 3383/2049/1824
f 3376/2046/1825 3383/2049/1825 3374/2046/1825
f 3379/2048/1771 3386/2051/1771 3385/2049/1771
f 3386/2051/1826 3393/2052/1826 3384/2051/1826
f 3386/2051/1771 3389/2053/1771 3387/2052/1771
f 3389/2053/1827 3382/2050/1827 3391/2053/1827
f 3390/2054/1828 3391/2053/1828 3392/2054/1828
f 3389/2053/1771 3396/2055/1771 3387/2052/1771
f 3394/2055/1769 3391/2053/1769 3393/2052/1769
f 3384/2051/1769 3391/2053/1769 3382/2050/1769
f 3387/2052/1829 3394/2055/1829 3393/2052/1829
f 3396/2055/1830 3395/2056/1830 3394/2055/1830
f 3395/2056/1769 3392/2054/1769 3394/2055/1769
f 3390/2054/1771 3397/2056/1771 3396/2055/1771
f 3397/2056/1831 3404/2057/1831 3395/2056/1831
f 3397/2056/1771 3400/2058/1771 3398/2057/1771
f 3400/2058/1832 3401/2059/1832 3402/2058/1832
f 3399/2059/1833 3392/2054/1833 3401/2059/1833
f 3395/2056/1769 3402/2058/1769 3401/2059/1769
f 3409/2060/1768 3402/2058/1768 3403/2060/1768
f 3405/2061/1769 3402/2058/1769 3404/2057/1769
f 3398/2057/1772 3405/2061/1772 3404/2057/1772
f 3407/2061/1773 3406/2062/1773 3405/2061/1773
f 3405/2061/1769 3412/2063/1769 3403/2060/1769
f 3407/2061/1771 3410/2063/1771 3408/2062/1771
f 3400/2058/1771 3407/2061/1771 3398/2057/1771
f 3410/2063/1770 3403/2060/1770 3412/2063/1770
f 3411/2064/1777 3412/2063/1777 3413/2064/1777
f 3410/2063/1771 3417/2065/1771 3408/2062/1771
f 3415/2065/1769 3412/2063/1769 3406/2062/1769
f 3420/2066/1776 3413/2064/1776 3414/2066/1776
f 3415/2065/1769 3414/2066/1769 3413/2064/1769
f 3417/2065/1775 3416/2067/1775 3415/2065/1775
f 3408/2062/1774 3415/2065/1774 3406/2062/1774
f 3417/2065/1771 3420/2066/1771 3418/2067/1771
f 3418/2067/1779 3425/2068/1779 3416/2067/1779
f 3418/2067/1771 3421/2069/1771 3419/2068/1771
f 3421/2069/1778 3414/2066/1778 3423/2069/1778
f 3422/2070/1781 3423/2069/1781 3424/2070/1781
f 3421/2069/1771 3428/2071/1771 3419/2068/1771
f 3426/2071/1769 3423/2069/1769 3425/2068/1769
f 3416/2067/1769 3423/2069/1769 3414/2066/1769
f 3419/2068/1780 3426/2071/1780 3425/2068/1780
f 3428/2071/1785 3427/2072/1785 3426/2071/1785
f 3427/2072/1769 3424/2070/1769 3426/2071/1769
f 3422/2070/1771 3429/2072/1771 3428/2071/1771
f 3429/2072/1784 3436/2073/1784 3427/2072/1784
f 3431/2074/1771 3430/2073/1771 3429/2072/1771
f 3432/2075/1783 3433/2074/1783 3434/2075/1783
f 3431/2074/1782 3424/2070/1782 3433/2074/1782
f 3436/2073/1769 3433/2074/1769 3427/2072/1769
f 3441/2076/1787 3434/2075/1787 3435/2076/1787
f 3437/2077/1769 3434/2075/1769 3436/2073/1769
f 3430/2073/1786 3437/2077/1786 3436/2073/1786
f 3439/2077/1789 3438/2078/1789 3437/2077/1789
f 3437/2077/1769 3444/2079/1769 3435/2076/1769
f 3439/2077/1771 3442/2079/1771 3440/2078/1771
f 3432/2075/1771 3439/2077/1771 3430/2073/1771
f 3442/2079/1788 3435/2076/1788 3444/2079/1788
f 3443/2080/1793 3444/2079/1793 3445/2080/1793
f 3440/2078/1771 3443/2080/1771 3449/2081/1771
f 3438/2078/1769 3445/2080/1769 3444/2079/1769
f 3452/2082/1792 3445/2080/1792 3446/2082/1792
f 3447/2081/1769 3446/2082/1769 3445/2080/1769
f 3449/2081/1791 3448/2083/1791 3447/2081/1791
f 3440/2078/1790 3447/2081/1790 3438/2078/1790
f 3443/2080/1771 3450/2083/1771 3449/2081/1771
f 3450/2083/1795 3457/2084/1795 3448/2083/1795
f 3450/2083/1771 3453/2085/1771 3451/2084/1771
f 3453/2085/1794 3446/2082/1794 3455/2085/1794
f 3454/2086/1797 3455/2085/1797 3456/2086/1797
f 3453/2085/1771 3460/2087/1771 3451/2084/1771
f 3458/2087/1769 3455/2085/1769 3457/2084/1769
f 3448/2083/1769 3455/2085/1769 3446/2082/1769
f 3451/2084/1796 3458/2087/1796 3457/2084/1796
f 3460/2087/1801 3459/2088/1801 3458/2087/1801
f 3459/2088/1769 3456/2086/1769 3458/2087/1769
f 3454/2086/1771 3461/2088/1771 3460/2087/1771
f 3461/2088/1800 3468/2089/1800 3459/2088/1800
f 3461/2088/1771 3464/2090/1771 3462/2089/1771
f 3464/2090/1799 3465/2091/1799 3466/2090/1799
f 3463/2091/1798 3456/2086/1798 3465/2091/1798
f 3459/2088/1769 3466/2090/1769 3465/2091/1769
f 3473/2092/1803 3466/2090/1803 3467/2092/1803
f 3469/2093/1769 3466/2090/1769 3468/2089/1769
f 3462/2089/1802 3469/2093/1802 3468/2089/1802
f 3471/2093/1805 3470/2094/1805 3469/2093/1805
f 3469/2093/1769 3476/2095/1769 3467/2092/1769
f 3471/2093/1771 3474/2095/1771 3472/2094/1771
f 3464/2090/1771 3471/2093/1771 3462/2089/1771
f 3474/2095/1804 3467/2092/1804 3476/2095/1804
f 3475/2096/1809 3476/2095/1809 3477/2096/1809
f 3474/2095/1771 3481/2097/1771 3472/2094/1771
f 3479/2097/1769 3476/2095/1769 3470/2094/1769
f 3484/2098/1808 3477/2096/1808 3478/2098/1808
f 3479/2097/1769 3478/2098/1769 3477/2096/1769
f 3481/2097/1807 3480/2099/1807 3479/2097/1807
f 3472/2094/1806 3479/2097/1806 3470/2094/1806
f 3481/2097/1771 3484/2098/1771 3482/2099/1771
f 3482/2099/1811 3489/2100/1811 3480/2099/1811
f 3482/2099/1771 3485/2101/1771 3483/2100/1771
f 3485/2101/1810 3478/2098/1810 3487/2101/1810
f 3486/2102/1813 3487/2101/1813 3488/2102/1813
f 3485/2101/1771 3492/2103/1771 3483/2100/1771
f 3490/2103/1769 3487/2101/1769 3489/2100/1769
f 3480/2099/1769 3487/2101/1769 3478/2098/1769
f 3483/2100/1812 3490/2103/1812 3489/2100/1812
f 3492/2103/1817 3491/2104/1817 3490/2103/1817
f 3491/2104/1769 3488/2102/1769 3490/2103/1769
f 3486/2102/1771 3493/2104/1771 3492/2103/1771
f 3493/2104/1816 3500/2105/1816 3491/2104/1816
f 3495/2106/1771 3494/2105/1771 3493/2104/1771
f 3496/2107/1815 3497/2106/1815 3498/2107/1815
f 3495/2106/1814 3488/2102/1814 3497/2106/1814
f 3500/2105/1769 3497/2106/1769 3491/2104/1769
f 3505/2108/1819 3498/2107/1819 3499/2108/1819
f 3501/2109/1769 3498/2107/1769 3500/2105/1769
f 3494/2105/1818 3501/2109/1818 3500/2105/1818
f 3503/2109/1821 3502/2110/1821 3501/2109/1821
f 3501/2109/1769 3508/2111/1769 3499/2108/1769
f 3503/2109/1771 3506/2111/1771 3504/2110/1771
f 3496/2107/1771 3503/2109/1771 3494/2105/1771
f 3506/2111/1820 3499/2108/1820 3508/2111/1820
f 3507/2112/1825 3508/2111/1825 3509/2112/1825
f 3504/2110/1771 3507/2112/1771 3513/2113/1771
f 3502/2110/1769 3509/2112/1769 3508/2111/1769
f 3516/2114/1824 3509/2112/1824 3510/2114/1824
f 3511/2113/1769 3510/2114/1769 3509/2112/1769
f 3513/2113/1823 3512/2115/1823 3511/2113/1823
f 3504/2110/1822 3511/2113/1822 3502/2110/1822
f 3507/2112/1771 3514/2115/1771 3513/2113/1771
f 3514/2115/1827 3521/2116/1827 3512/2115/1827
f 3514/2115/1771 3517/2117/1771 3515/2116/1771
f 3517/2117/1826 3510/2114/1826 3519/2117/1826
f 3518/2118/1829 3519/2117/1829 3520/2118/1829
f 3517/2117/1771 3524/2119/1771 3515/2116/1771
f 3522/2119/1769 3519/2117/1769 3521/2116/1769
f 3512/2115/1769 3519/2117/1769 3510/2114/1769
f 3515/2116/1828 3522/2119/1828 3521/2116/1828
f 3524/2119/1833 3523/2120/1833 3522/2119/1833
f 3523/2120/1769 3520/2118/1769 3522/2119/1769
f 3518/2118/1771 3525/2120/1771 3524/2119/1771
f 3525/2120/1832 3274/1994/1832 3523/2120/1832
f 3525/2120/1771 3281/1996/1771 3278/1994/1771
f 3281/1996/1831 3527/2121/1831 3528/1996/1831
f 3526/2121/1830 3520/2118/1830 3527/2121/1830
f 3523/2120/1769 3528/1996/1769 3527/2121/1769
f 3539/2122/1769 3604/2123/1769 3540/2124/1769
f 3592/2125/1769 3593/2126/1769 3529/2127/1769
f 3566/2128/1769 3631/2129/1769 3567/2130/1769
f 3540/2124/1769 3605/2131/1769 3541/2132/1769
f 3568/2133/1769 3631/2129/1769 3632/2134/1769
f 3541/2132/1769 3606/2135/1769 3542/2136/1769
f 3569/2137/1769 3632/2134/1769 3633/2138/1769
f 3543/2139/1769 3606/2135/1769 3607/2140/1769
f 3569/2137/1769 3634/2141/1769 3570/2142/1769
f 3543/2139/1769 3608/2143/1769 3544/2144/1769
f 3570/2142/1769 3635/2145/1769 3571/2146/1769
f 3545/2147/1769 3608/2143/1769 3609/2148/1769
f 3571/2146/1769 3636/2149/1769 3572/2150/1769
f 3545/2147/1769 3610/2151/1769 3546/2152/1769
f 3572/2150/1769 3637/2153/1769 3573/2154/1769
f 3547/2155/1769 3610/2151/1769 3611/2156/1769
f 3573/2154/1769 3638/2157/1769 3574/2158/1769
f 3547/2155/1769 3612/2159/1769 3548/2160/1769
f 3575/2161/1769 3638/2157/1769 3639/2162/1769
f 3549/2163/1769 3612/2159/1769 3613/2164/1769
f 3575/2161/1769 3640/2165/1769 3576/2166/1769
f 3550/2167/1769 3613/2164/1769 3614/2168/1769
f 3577/2169/1769 3640/2165/1769 3641/2170/1769
f 3550/2167/1769 3615/2171/1769 3551/2172/1769
f 3577/2169/1769 3642/2173/1769 3578/2174/1769
f 3552/2175/1769 3615/2171/1769 3616/2176/1769
f 3579/2177/1769 3642/2173/1769 3643/2178/1769
f 3553/2179/1769 3616/2176/1769 3617/2180/1769
f 3579/2177/1769 3644/2181/1769 3580/2182/1769
f 3553/2179/1769 3618/2183/1769 3554/2184/1769
f 3581/2185/1769 3644/2181/1769 3645/2186/1769
f 3554/2184/1769 3619/2187/1769 3555/2188/1769
f 3582/2189/1769 3645/2186/1769 3646/2190/1769
f 3555/2188/1769 3620/2191/1769 3556/2192/1769
f 3529/2127/1769 3594/2193/1769 3530/2194/1769
f 3582/2189/1769 3647/2195/1769 3583/2196/1769
f 3556/2192/1769 3621/2197/1769 3557/2198/1769
f 3531/2199/1769 3594/2193/1769 3595/2200/1769
f 3584/2201/1769 3647/2195/1769 3648/2202/1769
f 3557/2198/1769 3622/2203/1769 3558/2204/1769
f 3531/2199/1769 3596/2205/1769 3532/2206/1769
f 3585/2207/1769 3648/2202/1769 3649/2208/1769
f 3559/2209/1769 3622/2203/1769 3623/2210/1769
f 3533/2211/1769 3596/2205/1769 3597/2212/1769
f 3585/2207/1769 3650/2213/1769 3586/2214/1769
f 3559/2209/1769 3624/2215/1769 3560/2216/1769
f 3534/2217/1769 3597/2212/1769 3598/2218/1769
f 3586/2214/1769 3651/2219/1769 3587/2220/1769
f 3561/2221/1769 3624/2215/1769 3625/2222/1769
f 3534/2217/1769 3599/2223/1769 3535/2224/1769
f 3587/2220/1769 3652/2225/1769 3588/2226/1769
f 3561/2221/1769 3626/2227/1769 3562/2228/1769
f 3536/2229/1769 3599/2223/1769 3600/2230/1769
f 3588/2226/1769 3653/2231/1769 3589/2232/1769
f 3563/2233/1769 3626/2227/1769 3627/2234/1769
f 3537/2235/1769 3600/2230/1769 3601/2236/1769
f 3589/2232/1769 3654/2237/1769 3590/2238/1769
f 3563/2233/1769 3628/2239/1769 3564/2240/1769
f 3537/2235/1769 3602/2241/1769 3538/2242/1769
f 3591/2243/1769 3654/2237/1769 3655/2244/1769
f 3565/2245/1769 3628/2239/1769 3629/2246/1769
f 3538/2242/1769 3603/2247/1769 3539/2122/1769
f 3591/2243/1769 3656/2248/1769 3592/2125/1769
f 3566/2128/1769 3629/2246/1769 3630/2249/1769
f 3732/2123/1771 3667/2122/1771 3668/2124/1771
f 3658/2127/1771 3784/2248/1771 3720/2125/1771
f 3759/2129/1771 3694/2128/1771 3695/2130/1771
f 3733/2131/1771 3668/2124/1771 3669/2132/1771
f 3696/2133/1771 3759/2129/1771 3695/2130/1771
f 3734/2135/1771 3669/2132/1771 3670/2136/1771
f 3697/2137/1771 3760/2134/1771 3696/2133/1771
f 3671/2139/1771 3734/2135/1771 3670/2136/1771
f 3762/2141/1771 3697/2137/1771 3698/2142/1771
f 3736/2143/1771 3671/2139/1771 3672/2144/1771
f 3763/2145/1771 3698/2142/1771 3699/2146/1771
f 3673/2147/1771 3736/2143/1771 3672/2144/1771
f 3764/2149/1771 3699/2146/1771 3700/2150/1771
f 3738/2151/1771 3673/2147/1771 3674/2152/1771
f 3765/2153/1771 3700/2150/1771 3701/2154/1771
f 3675/2155/1771 3738/2151/1771 3674/2152/1771
f 3766/2157/1771 3701/2154/1771 3702/2158/1771
f 3740/2159/1771 3675/2155/1771 3676/2160/1771
f 3703/2161/1771 3766/2157/1771 3702/2158/1771
f 3677/2163/1771 3740/2159/1771 3676/2160/1771
f 3768/2165/1771 3703/2161/1771 3704/2166/1771
f 3678/2167/1771 3741/2164/1771 3677/2163/1771
f 3705/2169/1771 3768/2165/1771 3704/2166/1771
f 3743/2171/1771 3678/2167/1771 3679/2172/1771
f 3770/2173/1771 3705/2169/1771 3706/2174/1771
f 3680/2175/1771 3743/2171/1771 3679/2172/1771
f 3707/2177/1771 3770/2173/1771 3706/2174/1771
f 3681/2179/1771 3744/2176/1771 3680/2175/1771
f 3772/2181/1771 3707/2177/1771 3708/2182/1771
f 3746/2183/1771 3681/2179/1771 3682/2184/1771
f 3709/2185/1771 3772/2181/1771 3708/2182/1771
f 3747/2187/1771 3682/2184/1771 3683/2188/1771
f 3710/2189/1771 3773/2186/1771 3709/2185/1771
f 3748/2191/1771 3683/2188/1771 3684/2192/1771
f 3721/2193/1771 3658/2127/1771 3657/2194/1771
f 3775/2195/1771 3710/2189/1771 3711/2196/1771
f 3749/2197/1771 3684/2192/1771 3685/2198/1771
f 3659/2199/1771 3721/2193/1771 3657/2194/1771
f 3712/2201/1771 3775/2195/1771 3711/2196/1771
f 3750/2203/1771 3685/2198/1771 3686/2204/1771
f 3724/2205/1771 3659/2199/1771 3660/2206/1771
f 3713/2207/1771 3776/2202/1771 3712/2201/1771
f 3687/2209/1771 3750/2203/1771 3686/2204/1771
f 3661/2211/1771 3724/2205/1771 3660/2206/1771
f 3778/2213/1771 3713/2207/1771 3714/2214/1771
f 3752/2215/1771 3687/2209/1771 3688/2216/1771
f 3662/2217/1771 3725/2212/1771 3661/2211/1771
f 3779/2219/1771 3714/2214/1771 3715/2220/1771
f 3689/2221/1771 3752/2215/1771 3688/2216/1771
f 3727/2223/1771 3662/2217/1771 3663/2224/1771
f 3780/2225/1771 3715/2220/1771 3716/2226/1771
f 3754/2227/1771 3689/2221/1771 3690/2228/1771
f 3664/2229/1771 3727/2223/1771 3663/2224/1771
f 3781/2231/1771 3716/2226/1771 3717/2232/1771
f 3691/2233/1771 3754/2227/1771 3690/2228/1771
f 3665/2235/1771 3728/2230/1771 3664/2229/1771
f 3782/2237/1771 3717/2232/1771 3718/2238/1771
f 3756/2239/1771 3691/2233/1771 3692/2240/1771
f 3730/2241/1771 3665/2235/1771 3666/2242/1771
f 3719/2243/1771 3782/2237/1771 3718/2238/1771
f 3693/2245/1771 3756/2239/1771 3692/2240/1771
f 3731/2247/1771 3666/2242/1771 3667/2122/1771
f 3784/2248/1771 3719/2243/1771 3720/2125/1771
f 3694/2128/1771 3757/2246/1771 3693/2245/1771
f 3752/2215/1770 3625/2222/1770 3624/2215/1770
f 3702/2158/1810 3573/2154/1810 3574/2158/1810
f 3753/2222/1768 3626/2227/1768 3625/2222/1768
f 3703/2161/1808 3574/2158/1808 3575/2161/1808
f 3754/2227/1832 3627/2234/1832 3626/2227/1832
f 3704/2166/1809 3575/2161/1809 3576/2166/1809
f 3755/2234/1833 3628/2239/1833 3627/2234/1833
f 3705/2169/1804 3576/2166/1804 3577/2169/1804
f 3756/2239/1828 3629/2246/1828 3628/2239/1828
f 3706/2174/1803 3577/2169/1803 3578/2174/1803
f 3757/2246/1827 3630/2249/1827 3629/2246/1827
f 3707/2177/1799 3578/2174/1799 3579/2177/1799
f 3758/2249/1823 3631/2129/1823 3630/2249/1823
f 3708/2182/1798 3579/2177/1798 3580/2182/1798
f 3759/2129/1822 3632/2134/1822 3631/2129/1822
f 3709/2185/1797 3580/2182/1797 3581/2185/1797
f 3657/2194/1768 3529/2127/1768 3530/2194/1768
f 3760/2134/1821 3633/2138/1821 3632/2134/1821
f 3710/2189/1794 3581/2185/1794 3582/2189/1794
f 3659/2199/1832 3530/2194/1832 3531/2199/1832
f 3761/2138/1818 3634/2141/1818 3633/2138/1818
f 3711/2196/1792 3582/2189/1792 3583/2196/1792
f 3660/2206/1833 3531/2199/1833 3532/2206/1833
f 3762/2141/1816 3635/2145/1816 3634/2141/1816
f 3712/2201/1793 3583/2196/1793 3584/2201/1793
f 3661/2211/1828 3532/2206/1828 3533/2211/1828
f 3763/2145/1817 3636/2149/1817 3635/2145/1817
f 3713/2207/1788 3584/2201/1788 3585/2207/1788
f 3662/2217/1827 3533/2211/1827 3534/2217/1827
f 3764/2149/1812 3637/2153/1812 3636/2149/1812
f 3714/2214/1787 3585/2207/1787 3586/2214/1787
f 3663/2224/1823 3534/2217/1823 3535/2224/1823
f 3765/2153/1811 3638/2157/1811 3637/2153/1811
f 3715/2220/1783 3586/2214/1783 3587/2220/1783
f 3664/2229/1822 3535/2224/1822 3536/2229/1822
f 3766/2157/1807 3639/2162/1807 3638/2157/1807
f 3716/2226/1782 3587/2220/1782 3588/2226/1782
f 3665/2235/1821 3536/2229/1821 3537/2235/1821
f 3767/2162/1806 3640/2165/1806 3639/2162/1806
f 3717/2232/1781 3588/2226/1781 3589/2232/1781
f 3666/2242/1818 3537/2235/1818 3538/2242/1818
f 3768/2165/1805 3641/2170/1805 3640/2165/1805
f 3718/2238/1778 3589/2232/1778 3590/2238/1778
f 3667/2122/1816 3538/2242/1816 3539/2122/1816
f 3769/2170/1802 3642/2173/1802 3641/2170/1802
f 3719/2243/1776 3590/2238/1776 3591/2243/1776
f 3668/2124/1817 3539/2122/1817 3540/2124/1817
f 3770/2173/1800 3643/2178/1800 3642/2173/1800
f 3720/2125/1777 3591/2243/1777 3592/2125/1777
f 3669/2132/1812 3540/2124/1812 3541/2132/1812
f 3771/2178/1801 3644/2181/1801 3643/2178/1801
f 3658/2127/1770 3592/2125/1770 3529/2127/1770
f 3670/2136/1811 3541/2132/1811 3542/2136/1811
f 3772/2181/1796 3645/2186/1796 3644/2181/1796
f 3722/2126/1772 3594/2193/1772 3593/2126/1772
f 3671/2139/1807 3542/2136/1807 3543/2139/1807
f 3773/2186/1795 3646/2190/1795 3645/2186/1795
f 3721/2193/1831 3595/2200/1831 3594/2193/1831
f 3672/2144/1806 3543/2139/1806 3544/2144/1806
f 3774/2190/1791 3647/2195/1791 3646/2190/1791
f 3723/2200/1830 3596/2205/1830 3595/2200/1830
f 3673/2147/1805 3544/2144/1805 3545/2147/1805
f 3775/2195/1790 3648/2202/1790 3647/2195/1790
f 3724/2205/1829 3597/2212/1829 3596/2205/1829
f 3674/2152/1802 3545/2147/1802 3546/2152/1802
f 3776/2202/1789 3649/2208/1789 3648/2202/1789
f 3725/2212/1826 3598/2218/1826 3597/2212/1826
f 3675/2155/1800 3546/2152/1800 3547/2155/1800
f 3777/2208/1786 3650/2213/1786 3649/2208/1786
f 3726/2218/1824 3599/2223/1824 3598/2218/1824
f 3676/2160/1801 3547/2155/1801 3548/2160/1801
f 3778/2213/1784 3651/2219/1784 3650/2213/1784
f 3727/2223/1825 3600/2230/1825 3599/2223/1825
f 3677/2163/1796 3548/2160/1796 3549/2163/1796
f 3779/2219/1785 3652/2225/1785 3651/2219/1785
f 3728/2230/1820 3601/2236/1820 3600/2230/1820
f 3678/2167/1795 3549/2163/1795 3550/2167/1795
f 3780/2225/1780 3653/2231/1780 3652/2225/1780
f 3729/2236/1819 3602/2241/1819 3601/2236/1819
f 3679/2172/1791 3550/2167/1791 3551/2172/1791
f 3781/2231/1779 3654/2237/1779 3653/2231/1779
f 3730/2241/1815 3603/2247/1815 3602/2241/1815
f 3680/2175/1790 3551/2172/1790 3552/2175/1790
f 3782/2237/1775 3655/2244/1775 3654/2237/1775
f 3731/2247/1814 3604/2123/1814 3603/2247/1814
f 3681/2179/1789 3552/2175/1789 3553/2179/1789
f 3783/2244/1774 3656/2248/1774 3655/2244/1774
f 3732/2123/1813 3605/2131/1813 3604/2123/1813
f 3682/2184/1786 3553/2179/1786 3554/2184/1786
f 3784/2248/1773 3593/2126/1773 3656/2248/1773
f 3733/2131/1810 3606/2135/1810 3605/2131/1810
f 3683/2188/1784 3554/2184/1784 3555/2188/1784
f 3734/2135/1808 3607/2140/1808 3606/2135/1808
f 3684/2192/1785 3555/2188/1785 3556/2192/1785
f 3735/2140/1809 3608/2143/1809 3607/2140/1809
f 3685/2198/1780 3556/2192/1780 3557/2198/1780
f 3736/2143/1804 3609/2148/1804 3608/2143/1804
f 3686/2204/1779 3557/2198/1779 3558/2204/1779
f 3737/2148/1803 3610/2151/1803 3609/2148/1803
f 3687/2209/1775 3558/2204/1775 3559/2209/1775
f 3738/2151/1799 3611/2156/1799 3610/2151/1799
f 3688/2216/1774 3559/2209/1774 3560/2216/1774
f 3739/2156/1798 3612/2159/1798 3611/2156/1798
f 3689/2221/1773 3560/2216/1773 3561/2221/1773
f 3740/2159/1797 3613/2164/1797 3612/2159/1797
f 3690/2228/1772 3561/2221/1772 3562/2228/1772
f 3741/2164/1794 3614/2168/1794 3613/2164/1794
f 3691/2233/1831 3562/2228/1831 3563/2233/1831
f 3742/2168/1792 3615/2171/1792 3614/2168/1792
f 3692/2240/1830 3563/2233/1830 3564/2240/1830
f 3743/2171/1793 3616/2176/1793 3615/2171/1793
f 3693/2245/1829 3564/2240/1829 3565/2245/1829
f 3744/2176/1788 3617/2180/1788 3616/2176/1788
f 3694/2128/1826 3565/2245/1826 3566/2128/1826
f 3745/2180/1787 3618/2183/1787 3617/2180/1787
f 3695/2130/1824 3566/2128/1824 3567/2130/1824
f 3746/2183/1783 3619/2187/1783 3618/2183/1783
f 3696/2133/1825 3567/2130/1825 3568/2133/1825
f 3747/2187/1782 3620/2191/1782 3619/2187/1782
f 3697/2137/1820 3568/2133/1820 3569/2137/1820
f 3748/2191/1781 3621/2197/1781 3620/2191/1781
f 3698/2142/1819 3569/2137/1819 3570/2142/1819
f 3749/2197/1778 3622/2203/1778 3621/2197/1778
f 3699/2146/1815 3570/2142/1815 3571/2146/1815
f 3750/2203/1776 3623/2210/1776 3622/2203/1776
f 3700/2150/1814 3571/2146/1814 3572/2150/1814
f 3751/2210/1777 3624/2215/1777 3623/2210/1777
f 3701/2154/1813 3572/2150/1813 3573/2154/1813
f 3788/2250/1771 3786/2251/1771 3785/2252/1771
f 3787/2253/1771 3788/2250/1771 3785/2252/1771
f 3791/2254/1771 3787/2253/1771 3793/2255/1771
f 3794/2256/1771 3791/2254/1771 3793/2255/1771
f 3797/2257/1771 3794/2256/1771 3795/2258/1771
f 3796/2259/1771 3797/2257/1771 3795/2258/1771
f 3799/2260/1771 3796/2259/1771 3801/2261/1771
f 3802/2262/1771 3799/2260/1771 3801/2261/1771
f 3803/2263/1771 3800/2264/1771 3802/2262/1771
f 3804/2265/1771 3805/2266/1771 3803/2263/1771
f 3809/2267/1771 3806/2268/1771 3804/2269/1771
f 3808/2270/1771 3809/2267/1771 3810/2271/1771
f 3811/2272/1771 3808/2270/1771 3810/2271/1771
f 3814/2273/1771 3811/2272/1771 3812/2274/1771
f 3817/2275/1771 3814/2273/1771 3812/2274/1771
f 3818/2276/1771 3815/2277/1771 3817/2275/1771
f 3821/2278/1771 3818/2276/1771 3819/2279/1771
f 3820/2280/1771 3821/2278/1771 3819/2279/1771
f 3823/2281/1771 3820/2280/1771 3825/2282/1771
f 3824/2283/1771 3825/2282/1771 3826/2284/1771
f 3827/2285/1771 3824/2283/1771 3826/2284/1771
f 3830/2286/1771 3827/2285/1771 3828/2287/1771
f 3831/2288/1771 3828/2287/1771 3833/2289/1771
f 3834/2290/1771 3831/2288/1771 3833/2289/1771
f 3837/2291/1771 3834/2290/1771 3835/2292/1771
f 3836/2293/1771 3837/2291/1771 3835/2292/1771
f 3839/2294/1771 3836/2293/1771 3841/2295/1771
f 3842/2296/1771 3839/2294/1771 3841/2295/1771
f 3845/2297/1771 3842/2296/1771 3843/2298/1771
f 3844/2299/1771 3845/2297/1771 3843/2298/1771
f 3849/2300/1771 3846/2301/1771 3844/2299/1771
f 3848/2302/1771 3849/2300/1771 3850/2303/1771
f 3851/2304/1771 3848/2302/1771 3850/2303/1771
f 3854/2305/1771 3851/2304/1771 3852/2306/1771
f 3857/2307/1771 3854/2305/1771 3852/2306/1771
f 3856/2308/1771 3857/2307/1771 3858/2309/1771
f 3861/2310/1771 3858/2309/1771 3859/2311/1771
f 3860/2312/1771 3861/2310/1771 3859/2311/1771
f 3863/2313/1771 3860/2312/1771 3865/2314/1771
f 3864/2315/1771 3865/2314/1771 3866/2316/1771
f 3867/2317/1771 3864/2315/1771 3866/2316/1771
f 3868/2318/1771 3869/2319/1771 3867/2317/1771
f 3873/2320/1771 3870/2321/1771 3868/2318/1771
f 3874/2322/1771 3871/2323/1771 3873/2320/1771
f 3877/2324/1771 3874/2322/1771 3875/2325/1771
f 3876/2326/1771 3877/2324/1771 3875/2325/1771
f 3881/2327/1771 3878/2328/1771 3876/2326/1771
f 3880/2329/1771 3881/2327/1771 3882/2330/1771
f 3883/2331/1771 3880/2329/1771 3882/2330/1771
f 3886/2332/1771 3883/2331/1771 3884/2333/1771
f 3887/2334/1771 3884/2333/1771 3889/2335/1771
f 3890/2336/1771 3887/2334/1771 3889/2335/1771
f 3891/2337/1771 3888/2338/1771 3890/2336/1771
f 3892/2339/1771 3893/2340/1771 3891/2337/1771
f 3895/2341/1771 3892/2339/1771 3897/2342/1771
f 3898/2343/1771 3895/2341/1771 3897/2342/1771
f 3901/2344/1771 3898/2343/1771 3899/2345/1771
f 3900/2346/1771 3901/2344/1771 3899/2345/1771
f 3905/2347/1771 3902/2348/1771 3900/2346/1771
f 3904/2349/1771 3905/2347/1771 3906/2350/1771
f 3907/2351/1771 3904/2349/1771 3906/2350/1771
f 3908/2352/1771 3909/2353/1771 3907/2351/1771
f 3912/2354/1771 3910/2355/1771 3908/2352/1771
f 3786/2251/1771 3911/2356/1771 3912/2354/1771
f 3278/1994/1768 3277/1995/1768 3273/1995/1768
f 3273/1995/1769 3276/1999/1769 3528/1996/1769
f 3277/1995/1770 3279/1997/1770 3275/1997/1770
f 3273/1995/1769 3275/1997/1769 3284/1998/1769
f 3281/1996/1771 3280/1999/1771 3277/1995/1771
f 3277/1995/1771 3280/1999/1771 3282/1998/1771
f 3280/1999/1772 3281/1996/1772 3528/1996/1772
f 3282/1998/1773 3280/1999/1773 3276/1999/1773
f 3283/2000/1774 3282/1998/1774 3284/1998/1774
f 3282/1998/1771 3283/2000/1771 3289/2001/1771
f 3287/2001/1769 3285/2000/1769 3284/1998/1769
f 3292/2002/1775 3283/2000/1775 3285/2000/1775
f 3287/2001/1769 3288/2003/1769 3286/2002/1769
f 3289/2001/1776 3290/2003/1776 3288/2003/1776
f 3279/1997/1777 3289/2001/1777 3287/2001/1777
f 3289/2001/1771 3283/2000/1771 3292/2002/1771
f 3290/2003/1778 3291/2004/1778 3297/2004/1778
f 3290/2003/1771 3292/2002/1771 3293/2005/1771
f 3293/2005/1779 3292/2002/1779 3286/2002/1779
f 3294/2006/1780 3293/2005/1780 3295/2005/1780
f 3293/2005/1771 3294/2006/1771 3300/2007/1771
f 3298/2007/1769 3296/2006/1769 3295/2005/1769
f 3288/2003/1769 3297/2004/1769 3295/2005/1769
f 3291/2004/1781 3300/2007/1781 3298/2007/1781
f 3300/2007/1782 3301/2008/1782 3299/2008/1782
f 3299/2008/1769 3305/2010/1769 3296/2006/1769
f 3294/2006/1771 3303/2010/1771 3301/2008/1771
f 3301/2008/1783 3302/2009/1783 3308/2009/1783
f 3303/2010/1771 3304/2011/1771 3302/2009/1771
f 3304/2011/1784 3303/2010/1784 3305/2010/1784
f 3303/2010/1785 3294/2006/1785 3296/2006/1785
f 3308/2009/1769 3306/2011/1769 3305/2010/1769
f 3313/2012/1786 3304/2011/1786 3306/2011/1786
f 3309/2013/1769 3307/2012/1769 3306/2011/1769
f 3302/2009/1787 3311/2013/1787 3309/2013/1787
f 3311/2013/1788 3312/2014/1788 3310/2014/1788
f 3309/2013/1769 3310/2014/1769 3316/2015/1769
f 3311/2013/1771 3313/2012/1771 3314/2015/1771
f 3304/2011/1771 3313/2012/1771 3311/2013/1771
f 3314/2015/1789 3313/2012/1789 3307/2012/1789
f 3315/2016/1790 3314/2015/1790 3316/2015/1790
f 3312/2014/1771 3314/2015/1771 3315/2016/1771
f 3310/2014/1769 3319/2017/1769 3317/2016/1769
f 3324/2018/1791 3315/2016/1791 3317/2016/1791
f 3319/2017/1769 3320/2019/1769 3318/2018/1769
f 3321/2017/1792 3322/2019/1792 3320/2019/1792
f 3312/2014/1793 3321/2017/1793 3319/2017/1793
f 3315/2016/1771 3324/2018/1771 3322/2019/1771
f 3322/2019/1794 3323/2020/1794 3329/2020/1794
f 3322/2019/1771 3324/2018/1771 3325/2021/1771
f 3325/2021/1795 3324/2018/1795 3318/2018/1795
f 3326/2022/1796 3325/2021/1796 3327/2021/1796
f 3325/2021/1771 3326/2022/1771 3332/2023/1771
f 3330/2023/1769 3328/2022/1769 3327/2021/1769
f 3320/2019/1769 3329/2020/1769 3327/2021/1769
f 3323/2020/1797 3332/2023/1797 3330/2023/1797
f 3332/2023/1798 3333/2024/1798 3331/2024/1798
f 3331/2024/1769 3337/2027/1769 3328/2022/1769
f 3326/2022/1771 3335/2027/1771 3333/2024/1771
f 3333/2024/1799 3334/2025/1799 3340/2025/1799
f 3333/2024/1771 3335/2027/1771 3336/2026/1771
f 3336/2026/1800 3335/2027/1800 3337/2027/1800
f 3335/2027/1801 3326/2022/1801 3328/2022/1801
f 3331/2024/1769 3340/2025/1769 3338/2026/1769
f 3345/2028/1802 3336/2026/1802 3338/2026/1802
f 3341/2029/1769 3339/2028/1769 3338/2026/1769
f 3334/2025/1803 3343/2029/1803 3341/2029/1803
f 3343/2029/1804 3344/2030/1804 3342/2030/1804
f 3341/2029/1769 3342/2030/1769 3348/2031/1769
f 3343/2029/1771 3345/2028/1771 3346/2031/1771
f 3336/2026/1771 3345/2028/1771 3343/2029/1771
f 3346/2031/1805 3345/2028/1805 3339/2028/1805
f 3347/2032/1806 3346/2031/1806 3348/2031/1806
f 3346/2031/1771 3347/2032/1771 3353/2033/1771
f 3351/2033/1769 3349/2032/1769 3348/2031/1769
f 3356/2034/1807 3347/2032/1807 3349/2032/1807
f 3351/2033/1769 3352/2035/1769 3350/2034/1769
f 3353/2033/1808 3354/2035/1808 3352/2035/1808
f 3344/2030/1809 3353/2033/1809 3351/2033/1809
f 3353/2033/1771 3347/2032/1771 3356/2034/1771
f 3354/2035/1810 3355/2036/1810 3361/2036/1810
f 3354/2035/1771 3356/2034/1771 3357/2037/1771
f 3357/2037/1811 3356/2034/1811 3350/2034/1811
f 3358/2038/1812 3357/2037/1812 3359/2037/1812
f 3357/2037/1771 3358/2038/1771 3364/2039/1771
f 3362/2039/1769 3360/2038/1769 3359/2037/1769
f 3352/2035/1769 3361/2036/1769 3359/2037/1769
f 3355/2036/1813 3364/2039/1813 3362/2039/1813
f 3364/2039/1814 3365/2040/1814 3363/2040/1814
f 3363/2040/1769 3369/2042/1769 3360/2038/1769
f 3358/2038/1771 3367/2042/1771 3365/2040/1771
f 3365/2040/1815 3366/2041/1815 3372/2041/1815
f 3367/2042/1771 3368/2043/1771 3366/2041/1771
f 3368/2043/1816 3367/2042/1816 3369/2042/1816
f 3367/2042/1817 3358/2038/1817 3360/2038/1817
f 3372/2041/1769 3370/2043/1769 3369/2042/1769
f 3377/2044/1818 3368/2043/1818 3370/2043/1818
f 3373/2045/1769 3371/2044/1769 3370/2043/1769
f 3366/2041/1819 3375/2045/1819 3373/2045/1819
f 3375/2045/1820 3376/2046/1820 3374/2046/1820
f 3373/2045/1769 3374/2046/1769 3380/2047/1769
f 3375/2045/1771 3377/2044/1771 3378/2047/1771
f 3368/2043/1771 3377/2044/1771 3375/2045/1771
f 3378/2047/1821 3377/2044/1821 3371/2044/1821
f 3379/2048/1822 3378/2047/1822 3380/2047/1822
f 3376/2046/1771 3378/2047/1771 3379/2048/1771
f 3374/2046/1769 3383/2049/1769 3381/2048/1769
f 3388/2050/1823 3379/2048/1823 3381/2048/1823
f 3383/2049/1769 3384/2051/1769 3382/2050/1769
f 3385/2049/1824 3386/2051/1824 3384/2051/1824
f 3376/2046/1825 3385/2049/1825 3383/2049/1825
f 3379/2048/1771 3388/2050/1771 3386/2051/1771
f 3386/2051/1826 3387/2052/1826 3393/2052/1826
f 3386/2051/1771 3388/2050/1771 3389/2053/1771
f 3389/2053/1827 3388/2050/1827 3382/2050/1827
f 3390/2054/1828 3389/2053/1828 3391/2053/1828
f 3389/2053/1771 3390/2054/1771 3396/2055/1771
f 3394/2055/1769 3392/2054/1769 3391/2053/1769
f 3384/2051/1769 3393/2052/1769 3391/2053/1769
f 3387/2052/1829 3396/2055/1829 3394/2055/1829
f 3396/2055/1830 3397/2056/1830 3395/2056/1830
f 3395/2056/1769 3401/2059/1769 3392/2054/1769
f 3390/2054/1771 3399/2059/1771 3397/2056/1771
f 3397/2056/1831 3398/2057/1831 3404/2057/1831
f 3397/2056/1771 3399/2059/1771 3400/2058/1771
f 3400/2058/1832 3399/2059/1832 3401/2059/1832
f 3399/2059/1833 3390/2054/1833 3392/2054/1833
f 3395/2056/1769 3404/2057/1769 3402/2058/1769
f 3409/2060/1768 3400/2058/1768 3402/2058/1768
f 3405/2061/1769 3403/2060/1769 3402/2058/1769
f 3398/2057/1772 3407/2061/1772 3405/2061/1772
f 3407/2061/1773 3408/2062/1773 3406/2062/1773
f 3405/2061/1769 3406/2062/1769 3412/2063/1769
f 3407/2061/1771 3409/2060/1771 3410/2063/1771
f 3400/2058/1771 3409/2060/1771 3407/2061/1771
f 3410/2063/1770 3409/2060/1770 3403/2060/1770
f 3411/2064/1777 3410/2063/1777 3412/2063/1777
f 3410/2063/1771 3411/2064/1771 3417/2065/1771
f 3415/2065/1769 3413/2064/1769 3412/2063/1769
f 3420/2066/1776 3411/2064/1776 3413/2064/1776
f 3415/2065/1769 3416/2067/1769 3414/2066/1769
f 3417/2065/1775 3418/2067/1775 3416/2067/1775
f 3408/2062/1774 3417/2065/1774 3415/2065/1774
f 3417/2065/1771 3411/2064/1771 3420/2066/1771
f 3418/2067/1779 3419/2068/1779 3425/2068/1779
f 3418/2067/1771 3420/2066/1771 3421/2069/1771
f 3421/2069/1778 3420/2066/1778 3414/2066/1778
f 3422/2070/1781 3421/2069/1781 3423/2069/1781
f 3421/2069/1771 3422/2070/1771 3428/2071/1771
f 3426/2071/1769 3424/2070/1769 3423/2069/1769
f 3416/2067/1769 3425/2068/1769 3423/2069/1769
f 3419/2068/1780 3428/2071/1780 3426/2071/1780
f 3428/2071/1785 3429/2072/1785 3427/2072/1785
f 3427/2072/1769 3433/2074/1769 3424/2070/1769
f 3422/2070/1771 3431/2074/1771 3429/2072/1771
f 3429/2072/1784 3430/2073/1784 3436/2073/1784
f 3431/2074/1771 3432/2075/1771 3430/2073/1771
f 3432/2075/1783 3431/2074/1783 3433/2074/1783
f 3431/2074/1782 3422/2070/1782 3424/2070/1782
f 3436/2073/1769 3434/2075/1769 3433/2074/1769
f 3441/2076/1787 3432/2075/1787 3434/2075/1787
f 3437/2077/1769 3435/2076/1769 3434/2075/1769
f 3430/2073/1786 3439/2077/1786 3437/2077/1786
f 3439/2077/1789 3440/2078/1789 3438/2078/1789
f 3437/2077/1769 3438/2078/1769 3444/2079/1769
f 3439/2077/1771 3441/2076/1771 3442/2079/1771
f 3432/2075/1771 3441/2076/1771 3439/2077/1771
f 3442/2079/1788 3441/2076/1788 3435/2076/1788
f 3443/2080/1793 3442/2079/1793 3444/2079/1793
f 3440/2078/1771 3442/2079/1771 3443/2080/1771
f 3438/2078/1769 3447/2081/1769 3445/2080/1769
f 3452/2082/1792 3443/2080/1792 3445/2080/1792
f 3447/2081/1769 3448/2083/1769 3446/2082/1769
f 3449/2081/1791 3450/2083/1791 3448/2083/1791
f 3440/2078/1790 3449/2081/1790 3447/2081/1790
f 3443/2080/1771 3452/2082/1771 3450/2083/1771
f 3450/2083/1795 3451/2084/1795 3457/2084/1795
f 3450/2083/1771 3452/2082/1771 3453/2085/1771
f 3453/2085/1794 3452/2082/1794 3446/2082/1794
f 3454/2086/1797 3453/2085/1797 3455/2085/1797
f 3453/2085/1771 3454/2086/1771 3460/2087/1771
f 3458/2087/1769 3456/2086/1769 3455/2085/1769
f 3448/2083/1769 3457/2084/1769 3455/2085/1769
f 3451/2084/1796 3460/2087/1796 3458/2087/1796
f 3460/2087/1801 3461/2088/1801 3459/2088/1801
f 3459/2088/1769 3465/2091/1769 3456/2086/1769
f 3454/2086/1771 3463/2091/1771 3461/2088/1771
f 3461/2088/1800 3462/2089/1800 3468/2089/1800
f 3461/2088/1771 3463/2091/1771 3464/2090/1771
f 3464/2090/1799 3463/2091/1799 3465/2091/1799
f 3463/2091/1798 3454/2086/1798 3456/2086/1798
f 3459/2088/1769 3468/2089/1769 3466/2090/1769
f 3473/2092/1803 3464/2090/1803 3466/2090/1803
f 3469/2093/1769 3467/2092/1769 3466/2090/1769
f 3462/2089/1802 3471/2093/1802 3469/2093/1802
f 3471/2093/1805 3472/2094/1805 3470/2094/1805
f 3469/2093/1769 3470/2094/1769 3476/2095/1769
f 3471/2093/1771 3473/2092/1771 3474/2095/1771
f 3464/2090/1771 3473/2092/1771 3471/2093/1771
f 3474/2095/1804 3473/2092/1804 3467/2092/1804
f 3475/2096/1809 3474/2095/1809 3476/2095/1809
f 3474/2095/1771 3475/2096/1771 3481/2097/1771
f 3479/2097/1769 3477/2096/1769 3476/2095/1769
f 3484/2098/1808 3475/2096/1808 3477/2096/1808
f 3479/2097/1769 3480/2099/1769 3478/2098/1769
f 3481/2097/1807 3482/2099/1807 3480/2099/1807
f 3472/2094/1806 3481/2097/1806 3479/2097/1806
f 3481/2097/1771 3475/2096/1771 3484/2098/1771
f 3482/2099/1811 3483/2100/1811 3489/2100/1811
f 3482/2099/1771 3484/2098/1771 3485/2101/1771
f 3485/2101/1810 3484/2098/1810 3478/2098/1810
f 3486/2102/1813 3485/2101/1813 3487/2101/1813
f 3485/2101/1771 3486/2102/1771 3492/2103/1771
f 3490/2103/1769 3488/2102/1769 3487/2101/1769
f 3480/2099/1769 3489/2100/1769 3487/2101/1769
f 3483/2100/1812 3492/2103/1812 3490/2103/1812
f 3492/2103/1817 3493/2104/1817 3491/2104/1817
f 3491/2104/1769 3497/2106/1769 3488/2102/1769
f 3486/2102/1771 3495/2106/1771 3493/2104/1771
f 3493/2104/1816 3494/2105/1816 3500/2105/1816
f 3495/2106/1771 3496/2107/1771 3494/2105/1771
f 3496/2107/1815 3495/2106/1815 3497/2106/1815
f 3495/2106/1814 3486/2102/1814 3488/2102/1814
f 3500/2105/1769 3498/2107/1769 3497/2106/1769
f 3505/2108/1819 3496/2107/1819 3498/2107/1819
f 3501/2109/1769 3499/2108/1769 3498/2107/1769
f 3494/2105/1818 3503/2109/1818 3501/2109/1818
f 3503/2109/1821 3504/2110/1821 3502/2110/1821
f 3501/2109/1769 3502/2110/1769 3508/2111/1769
f 3503/2109/1771 3505/2108/1771 3506/2111/1771
f 3496/2107/1771 3505/2108/1771 3503/2109/1771
f 3506/2111/1820 3505/2108/1820 3499/2108/1820
f 3507/2112/1825 3506/2111/1825 3508/2111/1825
f 3504/2110/1771 3506/2111/1771 3507/2112/1771
f 3502/2110/1769 3511/2113/1769 3509/2112/1769
f 3516/2114/1824 3507/2112/1824 3509/2112/1824
f 3511/2113/1769 3512/2115/1769 3510/2114/1769
f 3513/2113/1823 3514/2115/1823 3512/2115/1823
f 3504/2110/1822 3513/2113/1822 3511/2113/1822
f 3507/2112/1771 3516/2114/1771 3514/2115/1771
f 3514/2115/1827 3515/2116/1827 3521/2116/1827
f 3514/2115/1771 3516/2114/1771 3517/2117/1771
f 3517/2117/1826 3516/2114/1826 3510/2114/1826
f 3518/2118/1829 3517/2117/1829 3519/2117/1829
f 3517/2117/1771 3518/2118/1771 3524/2119/1771
f 3522/2119/1769 3520/2118/1769 3519/2117/1769
f 3512/2115/1769 3521/2116/1769 3519/2117/1769
f 3515/2116/1828 3524/2119/1828 3522/2119/1828
f 3524/2119/1833 3525/2120/1833 3523/2120/1833
f 3523/2120/1769 3527/2121/1769 3520/2118/1769
f 3518/2118/1771 3526/2121/1771 3525/2120/1771
f 3525/2120/1832 3278/1994/1832 3274/1994/1832
f 3525/2120/1771 3526/2121/1771 3281/1996/1771
f 3281/1996/1831 3526/2121/1831 3527/2121/1831
f 3526/2121/1830 3518/2118/1830 3520/2118/1830
f 3523/2120/1769 3274/1994/1769 3528/1996/1769
f 3539/2122/1769 3603/2247/1769 3604/2123/1769
f 3592/2125/1769 3656/2248/1769 3593/2126/1769
f 3566/2128/1769 3630/2249/1769 3631/2129/1769
f 3540/2124/1769 3604/2123/1769 3605/2131/1769
f 3568/2133/1769 3567/2130/1769 3631/2129/1769
f 3541/2132/1769 3605/2131/1769 3606/2135/1769
f 3569/2137/1769 3568/2133/1769 3632/2134/1769
f 3543/2139/1769 3542/2136/1769 3606/2135/1769
f 3569/2137/1769 3633/2138/1769 3634/2141/1769
f 3543/2139/1769 3607/2140/1769 3608/2143/1769
f 3570/2142/1769 3634/2141/1769 3635/2145/1769
f 3545/2147/1769 3544/2144/1769 3608/2143/1769
f 3571/2146/1769 3635/2145/1769 3636/2149/1769
f 3545/2147/1769 3609/2148/1769 3610/2151/1769
f 3572/2150/1769 3636/2149/1769 3637/2153/1769
f 3547/2155/1769 3546/2152/1769 3610/2151/1769
f 3573/2154/1769 3637/2153/1769 3638/2157/1769
f 3547/2155/1769 3611/2156/1769 3612/2159/1769
f 3575/2161/1769 3574/2158/1769 3638/2157/1769
f 3549/2163/1769 3548/2160/1769 3612/2159/1769
f 3575/2161/1769 3639/2162/1769 3640/2165/1769
f 3550/2167/1769 3549/2163/1769 3613/2164/1769
f 3577/2169/1769 3576/2166/1769 3640/2165/1769
f 3550/2167/1769 3614/2168/1769 3615/2171/1769
f 3577/2169/1769 3641/2170/1769 3642/2173/1769
f 3552/2175/1769 3551/2172/1769 3615/2171/1769
f 3579/2177/1769 3578/2174/1769 3642/2173/1769
f 3553/2179/1769 3552/2175/1769 3616/2176/1769
f 3579/2177/1769 3643/2178/1769 3644/2181/1769
f 3553/2179/1769 3617/2180/1769 3618/2183/1769
f 3581/2185/1769 3580/2182/1769 3644/2181/1769
f 3554/2184/1769 3618/2183/1769 3619/2187/1769
f 3582/2189/1769 3581/2185/1769 3645/2186/1769
f 3555/2188/1769 3619/2187/1769 3620/2191/1769
f 3529/2127/1769 3593/2126/1769 3594/2193/1769
f 3582/2189/1769 3646/2190/1769 3647/2195/1769
f 3556/2192/1769 3620/2191/1769 3621/2197/1769
f 3531/2199/1769 3530/2194/1769 3594/2193/1769
f 3584/2201/1769 3583/2196/1769 3647/2195/1769
f 3557/2198/1769 3621/2197/1769 3622/2203/1769
f 3531/2199/1769 3595/2200/1769 3596/2205/1769
f 3585/2207/1769 3584/2201/1769 3648/2202/1769
f 3559/2209/1769 3558/2204/1769 3622/2203/1769
f 3533/2211/1769 3532/2206/1769 3596/2205/1769
f 3585/2207/1769 3649/2208/1769 3650/2213/1769
f 3559/2209/1769 3623/2210/1769 3624/2215/1769
f 3534/2217/1769 3533/2211/1769 3597/2212/1769
f 3586/2214/1769 3650/2213/1769 3651/2219/1769
f 3561/2221/1769 3560/2216/1769 3624/2215/1769
f 3534/2217/1769 3598/2218/1769 3599/2223/1769
f 3587/2220/1769 3651/2219/1769 3652/2225/1769
f 3561/2221/1769 3625/2222/1769 3626/2227/1769
f 3536/2229/1769 3535/2224/1769 3599/2223/1769
f 3588/2226/1769 3652/2225/1769 3653/2231/1769
f 3563/2233/1769 3562/2228/1769 3626/2227/1769
f 3537/2235/1769 3536/2229/1769 3600/2230/1769
f 3589/2232/1769 3653/2231/1769 3654/2237/1769
f 3563/2233/1769 3627/2234/1769 3628/2239/1769
f 3537/2235/1769 3601/2236/1769 3602/2241/1769
f 3591/2243/1769 3590/2238/1769 3654/2237/1769
f 3565/2245/1769 3564/2240/1769 3628/2239/1769
f 3538/2242/1769 3602/2241/1769 3603/2247/1769
f 3591/2243/1769 3655/2244/1769 3656/2248/1769
f 3566/2128/1769 3565/2245/1769 3629/2246/1769
f 3732/2123/1771 3731/2247/1771 3667/2122/1771
f 3658/2127/1771 3722/2126/1771 3784/2248/1771
f 3759/2129/1771 3758/2249/1771 3694/2128/1771
f 3733/2131/1771 3732/2123/1771 3668/2124/1771
f 3696/2133/1771 3760/2134/1771 3759/2129/1771
f 3734/2135/1771 3733/2131/1771 3669/2132/1771
f 3697/2137/1771 3761/2138/1771 3760/2134/1771
f 3671/2139/1771 3735/2140/1771 3734/2135/1771
f 3762/2141/1771 3761/2138/1771 3697/2137/1771
f 3736/2143/1771 3735/2140/1771 3671/2139/1771
f 3763/2145/1771 3762/2141/1771 3698/2142/1771
f 3673/2147/1771 3737/2148/1771 3736/2143/1771
f 3764/2149/1771 3763/2145/1771 3699/2146/1771
f 3738/2151/1771 3737/2148/1771 3673/2147/1771
f 3765/2153/1771 3764/2149/1771 3700/2150/1771
f 3675/2155/1771 3739/2156/1771 3738/2151/1771
f 3766/2157/1771 3765/2153/1771 3701/2154/1771
f 3740/2159/1771 3739/2156/1771 3675/2155/1771
f 3703/2161/1771 3767/2162/1771 3766/2157/1771
f 3677/2163/1771 3741/2164/1771 3740/2159/1771
f 3768/2165/1771 3767/2162/1771 3703/2161/1771
f 3678/2167/1771 3742/2168/1771 3741/2164/1771
f 3705/2169/1771 3769/2170/1771 3768/2165/1771
f 3743/2171/1771 3742/2168/1771 3678/2167/1771
f 3770/2173/1771 3769/2170/1771 3705/2169/1771
f 3680/2175/1771 3744/2176/1771 3743/2171/1771
f 3707/2177/1771 3771/2178/1771 3770/2173/1771
f 3681/2179/1771 3745/2180/1771 3744/2176/1771
f 3772/2181/1771 3771/2178/1771 3707/2177/1771
f 3746/2183/1771 3745/2180/1771 3681/2179/1771
f 3709/2185/1771 3773/2186/1771 3772/2181/1771
f 3747/2187/1771 3746/2183/1771 3682/2184/1771
f 3710/2189/1771 3774/2190/1771 3773/2186/1771
f 3748/2191/1771 3747/2187/1771 3683/2188/1771
f 3721/2193/1771 3722/2126/1771 3658/2127/1771
f 3775/2195/1771 3774/2190/1771 3710/2189/1771
f 3749/2197/1771 3748/2191/1771 3684/2192/1771
f 3659/2199/1771 3723/2200/1771 3721/2193/1771
f 3712/2201/1771 3776/2202/1771 3775/2195/1771
f 3750/2203/1771 3749/2197/1771 3685/2198/1771
f 3724/2205/1771 3723/2200/1771 3659/2199/1771
f 3713/2207/1771 3777/2208/1771 3776/2202/1771
f 3687/2209/1771 3751/2210/1771 3750/2203/1771
f 3661/2211/1771 3725/2212/1771 3724/2205/1771
f 3778/2213/1771 3777/2208/1771 3713/2207/1771
f 3752/2215/1771 3751/2210/1771 3687/2209/1771
f 3662/2217/1771 3726/2218/1771 3725/2212/1771
f 3779/2219/1771 3778/2213/1771 3714/2214/1771
f 3689/2221/1771 3753/2222/1771 3752/2215/1771
f 3727/2223/1771 3726/2218/1771 3662/2217/1771
f 3780/2225/1771 3779/2219/1771 3715/2220/1771
f 3754/2227/1771 3753/2222/1771 3689/2221/1771
f 3664/2229/1771 3728/2230/1771 3727/2223/1771
f 3781/2231/1771 3780/2225/1771 3716/2226/1771
f 3691/2233/1771 3755/2234/1771 3754/2227/1771
f 3665/2235/1771 3729/2236/1771 3728/2230/1771
f 3782/2237/1771 3781/2231/1771 3717/2232/1771
f 3756/2239/1771 3755/2234/1771 3691/2233/1771
f 3730/2241/1771 3729/2236/1771 3665/2235/1771
f 3719/2243/1771 3783/2244/1771 3782/2237/1771
f 3693/2245/1771 3757/2246/1771 3756/2239/1771
f 3731/2247/1771 3730/2241/1771 3666/2242/1771
f 3784/2248/1771 3783/2244/1771 3719/2243/1771
f 3694/2128/1771 3758/2249/1771 3757/2246/1771
f 3752/2215/1770 3753/2222/1770 3625/2222/1770
f 3702/2158/1810 3701/2154/1810 3573/2154/1810
f 3753/2222/1768 3754/2227/1768 3626/2227/1768
f 3703/2161/1808 3702/2158/1808 3574/2158/1808
f 3754/2227/1832 3755/2234/1832 3627/2234/1832
f 3704/2166/1809 3703/2161/1809 3575/2161/1809
f 3755/2234/1833 3756/2239/1833 3628/2239/1833
f 3705/2169/1804 3704/2166/1804 3576/2166/1804
f 3756/2239/1828 3757/2246/1828 3629/2246/1828
f 3706/2174/1803 3705/2169/1803 3577/2169/1803
f 3757/2246/1827 3758/2249/1827 3630/2249/1827
f 3707/2177/1799 3706/2174/1799 3578/2174/1799
f 3758/2249/1823 3759/2129/1823 3631/2129/1823
f 3708/2182/1798 3707/2177/1798 3579/2177/1798
f 3759/2129/1822 3760/2134/1822 3632/2134/1822
f 3709/2185/1797 3708/2182/1797 3580/2182/1797
f 3657/2194/1768 3658/2127/1768 3529/2127/1768
f 3760/2134/1821 3761/2138/1821 3633/2138/1821
f 3710/2189/1794 3709/2185/1794 3581/2185/1794
f 3659/2199/1832 3657/2194/1832 3530/2194/1832
f 3761/2138/1818 3762/2141/1818 3634/2141/1818
f 3711/2196/1792 3710/2189/1792 3582/2189/1792
f 3660/2206/1833 3659/2199/1833 3531/2199/1833
f 3762/2141/1816 3763/2145/1816 3635/2145/1816
f 3712/2201/1793 3711/2196/1793 3583/2196/1793
f 3661/2211/1828 3660/2206/1828 3532/2206/1828
f 3763/2145/1817 3764/2149/1817 3636/2149/1817
f 3713/2207/1788 3712/2201/1788 3584/2201/1788
f 3662/2217/1827 3661/2211/1827 3533/2211/1827
f 3764/2149/1812 3765/2153/1812 3637/2153/1812
f 3714/2214/1787 3713/2207/1787 3585/2207/1787
f 3663/2224/1823 3662/2217/1823 3534/2217/1823
f 3765/2153/1811 3766/2157/1811 3638/2157/1811
f 3715/2220/1783 3714/2214/1783 3586/2214/1783
f 3664/2229/1822 3663/2224/1822 3535/2224/1822
f 3766/2157/1807 3767/2162/1807 3639/2162/1807
f 3716/2226/1782 3715/2220/1782 3587/2220/1782
f 3665/2235/1821 3664/2229/1821 3536/2229/1821
f 3767/2162/1806 3768/2165/1806 3640/2165/1806
f 3717/2232/1781 3716/2226/1781 3588/2226/1781
f 3666/2242/1818 3665/2235/1818 3537/2235/1818
f 3768/2165/1805 3769/2170/1805 3641/2170/1805
f 3718/2238/1778 3717/2232/1778 3589/2232/1778
f 3667/2122/1816 3666/2242/1816 3538/2242/1816
f 3769/2170/1802 3770/2173/1802 3642/2173/1802
f 3719/2243/1776 3718/2238/1776 3590/2238/1776
f 3668/2124/1817 3667/2122/1817 3539/2122/1817
f 3770/2173/1800 3771/2178/1800 3643/2178/1800
f 3720/2125/1777 3719/2243/1777 3591/2243/1777
f 3669/2132/1812 3668/2124/1812 3540/2124/1812
f 3771/2178/1801 3772/2181/1801 3644/2181/1801
f 3658/2127/1770 3720/2125/1770 3592/2125/1770
f 3670/2136/1811 3669/2132/1811 3541/2132/1811
f 3772/2181/1796 3773/2186/1796 3645/2186/1796
f 3722/2126/1772 3721/2193/1772 3594/2193/1772
f 3671/2139/1807 3670/2136/1807 3542/2136/1807
f 3773/2186/1795 3774/2190/1795 3646/2190/1795
f 3721/2193/1831 3723/2200/1831 3595/2200/1831
f 3672/2144/1806 3671/2139/1806 3543/2139/1806
f 3774/2190/1791 3775/2195/1791 3647/2195/1791
f 3723/2200/1830 3724/2205/1830 3596/2205/1830
f 3673/2147/1805 3672/2144/1805 3544/2144/1805
f 3775/2195/1790 3776/2202/1790 3648/2202/1790
f 3724/2205/1829 3725/2212/1829 3597/2212/1829
f 3674/2152/1802 3673/2147/1802 3545/2147/1802
f 3776/2202/1789 3777/2208/1789 3649/2208/1789
f 3725/2212/1826 3726/2218/1826 3598/2218/1826
f 3675/2155/1800 3674/2152/1800 3546/2152/1800
f 3777/2208/1786 3778/2213/1786 3650/2213/1786
f 3726/2218/1824 3727/2223/1824 3599/2223/1824
f 3676/2160/1801 3675/2155/1801 3547/2155/1801
f 3778/2213/1784 3779/2219/1784 3651/2219/1784
f 3727/2223/1825 3728/2230/1825 3600/2230/1825
f 3677/2163/1796 3676/2160/1796 3548/2160/1796
f 3779/2219/1785 3780/2225/1785 3652/2225/1785
f 3728/2230/1820 3729/2236/1820 3601/2236/1820
f 3678/2167/1795 3677/2163/1795 3549/2163/1795
f 3780/2225/1780 3781/2231/1780 3653/2231/1780
f 3729/2236/1819 3730/2241/1819 3602/2241/1819
f 3679/2172/1791 3678/2167/1791 3550/2167/1791
f 3781/2231/1779 3782/2237/1779 3654/2237/1779
f 3730/2241/1815 3731/2247/1815 3603/2247/1815
f 3680/2175/1790 3679/2172/1790 3551/2172/1790
f 3782/2237/1775 3783/2244/1775 3655/2244/1775
f 3731/2247/1814 3732/2123/1814 3604/2123/1814
f 3681/2179/1789 3680/2175/1789 3552/2175/1789
f 3783/2244/1774 3784/2248/1774 3656/2248/1774
f 3732/2123/1813 3733/2131/1813 3605/2131/1813
f 3682/2184/1786 3681/2179/1786 3553/2179/1786
f 3784/2248/1773 3722/2126/1773 3593/2126/1773
f 3733/2131/1810 3734/2135/1810 3606/2135/1810
f 3683/2188/1784 3682/2184/1784 3554/2184/1784
f 3734/2135/1808 3735/2140/1808 3607/2140/1808
f 3684/2192/1785 3683/2188/1785 3555/2188/1785
f 3735/2140/1809 3736/2143/1809 3608/2143/1809
f 3685/2198/1780 3684/2192/1780 3556/2192/1780
f 3736/2143/1804 3737/2148/1804 3609/2148/1804
f 3686/2204/1779 3685/2198/1779 3557/2198/1779
f 3737/2148/1803 3738/2151/1803 3610/2151/1803
f 3687/2209/1775 3686/2204/1775 3558/2204/1775
f 3738/2151/1799 3739/2156/1799 3611/2156/1799
f 3688/2216/1774 3687/2209/1774 3559/2209/1774
f 3739/2156/1798 3740/2159/1798 3612/2159/1798
f 3689/2221/1773 3688/2216/1773 3560/2216/1773
f 3740/2159/1797 3741/2164/1797 3613/2164/1797
f 3690/2228/1772 3689/2221/1772 3561/2221/1772
f 3741/2164/1794 3742/2168/1794 3614/2168/1794
f 3691/2233/1831 3690/2228/1831 3562/2228/1831
f 3742/2168/1792 3743/2171/1792 3615/2171/1792
f 3692/2240/1830 3691/2233/1830 3563/2233/1830
f 3743/2171/1793 3744/2176/1793 3616/2176/1793
f 3693/2245/1829 3692/2240/1829 3564/2240/1829
f 3744/2176/1788 3745/2180/1788 3617/2180/1788
f 3694/2128/1826 3693/2245/1826 3565/2245/1826
f 3745/2180/1787 3746/2183/1787 3618/2183/1787
f 3695/2130/1824 3694/2128/1824 3566/2128/1824
f 3746/2183/1783 3747/2187/1783 3619/2187/1783
f 3696/2133/1825 3695/2130/1825 3567/2130/1825
f 3747/2187/1782 3748/2191/1782 3620/2191/1782
f 3697/2137/1820 3696/2133/1820 3568/2133/1820
f 3748/2191/1781 3749/2197/1781 3621/2197/1781
f 3698/2142/1819 3697/2137/1819 3569/2137/1819
f 3749/2197/1778 3750/2203/1778 3622/2203/1778
f 3699/2146/1815 3698/2142/1815 3570/2142/1815
f 3750/2203/1776 3751/2210/1776 3623/2210/1776
f 3700/2150/1814 3699/2146/1814 3571/2146/1814
f 3751/2210/1777 3752/2215/1777 3624/2215/1777
f 3701/2154/1813 3700/2150/1813 3572/2150/1813
f 3788/2250/1771 3789/2357/1771 3786/2251/1771
f 3787/2253/1771 3790/2358/1771 3788/2250/1771
f 3791/2254/1771 3790/2358/1771 3787/2253/1771
f 3794/2256/1771 3792/2359/1771 3791/2254/1771
f 3797/2257/1771 3792/2359/1771 3794/2256/1771
f 3796/2259/1771 3798/2360/1771 3797/2257/1771
f 3799/2260/1771 3798/2360/1771 3796/2259/1771
f 3802/2262/1771 3800/2264/1771 3799/2260/1771
f 3803/2263/1771 3805/2266/1771 3800/2264/1771
f 3804/2265/1771 3806/2361/1771 3805/2266/1771
f 3809/2267/1771 3807/2362/1771 3806/2268/1771
f 3808/2270/1771 3807/2362/1771 3809/2267/1771
f 3811/2272/1771 3813/2363/1771 3808/2270/1771
f 3814/2273/1771 3813/2363/1771 3811/2272/1771
f 3817/2275/1771 3815/2277/1771 3814/2273/1771
f 3818/2276/1771 3816/2364/1771 3815/2277/1771
f 3821/2278/1771 3816/2364/1771 3818/2276/1771
f 3820/2280/1771 3822/2365/1771 3821/2278/1771
f 3823/2281/1771 3822/2365/1771 3820/2280/1771
f 3824/2283/1771 3823/2281/1771 3825/2282/1771
f 3827/2285/1771 3829/2366/1771 3824/2283/1771
f 3830/2286/1771 3829/2366/1771 3827/2285/1771
f 3831/2288/1771 3830/2286/1771 3828/2287/1771
f 3834/2290/1771 3832/2367/1771 3831/2288/1771
f 3837/2291/1771 3832/2367/1771 3834/2290/1771
f 3836/2293/1771 3838/2368/1771 3837/2291/1771
f 3839/2294/1771 3838/2368/1771 3836/2293/1771
f 3842/2296/1771 3840/2369/1771 3839/2294/1771
f 3845/2297/1771 3840/2369/1771 3842/2296/1771
f 3844/2299/1771 3846/2301/1771 3845/2297/1771
f 3849/2300/1771 3847/2370/1771 3846/2301/1771
f 3848/2302/1771 3847/2370/1771 3849/2300/1771
f 3851/2304/1771 3853/2371/1771 3848/2302/1771
f 3854/2305/1771 3853/2371/1771 3851/2304/1771
f 3857/2307/1771 3855/2372/1771 3854/2305/1771
f 3856/2308/1771 3855/2372/1771 3857/2307/1771
f 3861/2310/1771 3856/2308/1771 3858/2309/1771
f 3860/2312/1771 3862/2373/1771 3861/2310/1771
f 3863/2313/1771 3862/2373/1771 3860/2312/1771
f 3864/2315/1771 3863/2313/1771 3865/2314/1771
f 3867/2317/1771 3869/2319/1771 3864/2315/1771
f 3868/2318/1771 3870/2321/1771 3869/2319/1771
f 3873/2320/1771 3871/2323/1771 3870/2321/1771
f 3874/2322/1771 3872/2374/1771 3871/2323/1771
f 3877/2324/1771 3872/2374/1771 3874/2322/1771
f 3876/2326/1771 3878/2328/1771 3877/2324/1771
f 3881/2327/1771 3879/2375/1771 3878/2328/1771
f 3880/2329/1771 3879/2375/1771 3881/2327/1771
f 3883/2331/1771 3885/2376/1771 3880/2329/1771
f 3886/2332/1771 3885/2376/1771 3883/2331/1771
f 3887/2334/1771 3886/2332/1771 3884/2333/1771
f 3890/2336/1771 3888/2338/1771 3887/2334/1771
f 3891/2337/1771 3893/2340/1771 3888/2338/1771
f 3892/2339/1771 3894/2377/1771 3893/2340/1771
f 3895/2341/1771 3894/2377/1771 3892/2339/1771
f 3898/2343/1771 3896/2378/1771 3895/2341/1771
f 3901/2344/1771 3896/2378/1771 3898/2343/1771
f 3900/2346/1771 3902/2348/1771 3901/2344/1771
f 3905/2347/1771 3903/2379/1771 3902/2348/1771
f 3904/2349/1771 3903/2379/1771 3905/2347/1771
f 3907/2351/1771 3909/2353/1771 3904/2349/1771
f 3908/2352/1771 3910/2355/1771 3909/2353/1771
f 3912/2354/1771 3911/2356/1771 3910/2355/1771
f 3786/2251/1771 3789/2357/1771 3911/2356/1771
