# Created by Metasequoia

v -36.218758 20.839533 4.437451
v -37.051338 0.499792 7.122572
v -37.036552 24.191399 -0.001187
v -37.035393 25.953592 -0.001187
v -36.409904 24.465008 7.352155
v -37.051338 0.499792 5.900093
v -37.196861 23.086960 6.191533
v -28.837181 25.925787 7.124925
v -28.852974 0.483333 7.124922
v -28.839226 22.557663 5.648266
v -28.838219 24.186275 5.900095
v -36.218758 20.839533 2.749600
v -36.217781 22.562256 5.648266
v -36.223503 13.231874 2.749599
v -36.223503 13.231874 5.648265
v -28.845055 13.227276 5.648265
v -36.223503 13.231874 4.437450
v -28.840401 20.834953 4.437451
v -28.840401 20.834953 2.749600
v -28.845055 13.227276 2.749599
v -28.845055 13.227276 4.437450
v -28.852974 0.494688 5.900093
v -28.852440 1.405516 -0.000001
v -35.132202 1.409432 -0.000001
v -28.852440 1.405515 6.069950
v -35.132202 1.409431 6.069950
v -28.852974 0.494689 -0.000001
v -35.132797 0.498601 -0.000001
v -28.852974 0.494688 6.069950
v -35.132797 0.498600 6.069950
v -36.223503 13.231874 1.609956
v -36.217781 22.562258 1.609957
v -28.845055 13.227276 1.609956
v -28.839226 22.557663 1.609957
v -28.837181 25.925787 0.000001
v -28.838219 24.186275 0.000001
v -36.449776 26.257742 6.472306
v -29.402412 24.440586 7.354234
v -29.416481 1.971233 7.354232
v -36.423836 1.985615 7.352153
v -37.195976 24.252014 6.919373
v -29.422478 26.233410 6.474385
v -29.422478 26.233410 0.650350
v -36.449776 26.257742 0.649297
v -37.155754 25.588211 6.354155
v -37.156273 24.556961 5.638709
v -37.209953 2.014757 6.919371
v -37.209953 2.014757 6.191532
v -37.035393 25.953592 7.122574
v -37.155754 25.588213 0.606448
v -37.036552 24.191399 5.900095
v -37.156273 24.556963 0.606448
v -36.218758 20.839533 -4.437449
v -37.051338 0.499794 -7.122574
v -36.409904 24.465008 -7.352152
v -37.051338 0.499794 -5.900095
v -37.196861 23.086964 -6.191531
v -28.837181 25.925787 -7.124922
v -28.852974 0.483335 -7.124924
v -28.839226 22.557663 -5.648264
v -28.838219 24.186275 -5.900093
v -36.218758 20.839533 -2.749598
v -36.217781 22.562260 -5.648264
v -36.223503 13.231874 -2.749599
v -36.223503 13.231874 -5.648264
v -28.845055 13.227276 -5.648264
v -36.223503 13.231874 -4.437449
v -28.840401 20.834953 -4.437449
v -28.840401 20.834953 -2.749598
v -28.845055 13.227276 -2.749599
v -28.845055 13.227276 -4.437449
v -28.852974 0.494690 -5.900095
v -28.852440 1.405517 -6.069952
v -35.132202 1.409433 -6.069952
v -28.852974 0.494690 -6.069952
v -35.132797 0.498602 -6.069952
v -36.223503 13.231874 -1.609956
v -36.217781 22.562258 -1.609955
v -28.845055 13.227276 -1.609956
v -28.839226 22.557663 -1.609955
v -36.449776 26.257742 -6.472303
v -29.402412 24.440586 -7.354231
v -29.416512 1.971207 -7.354233
v -36.423836 1.985617 -7.352154
v -37.195976 24.252014 -6.919370
v -29.422478 26.233410 -6.474382
v -29.422478 26.233410 -0.650348
v -36.449776 26.257742 -0.649295
v -37.155754 25.588215 -6.354152
v -37.156273 24.556965 -5.638732
v -37.209953 2.014757 -6.919372
v -37.209953 2.014757 -6.191533
v -37.035393 25.953592 -7.122571
v -37.155754 25.588213 -0.606473
v -37.036552 24.191399 -5.900093
v -37.156273 24.556963 -0.606473
v -36.244133 -19.840988 4.437448
v -37.066154 -23.191826 -0.001191
v -37.067223 -24.954029 -0.001191
v -36.439735 -23.466198 7.352151
v -37.225029 -22.087132 6.191529
v -28.868889 -24.936382 7.124920
v -28.853004 0.506033 7.124922
v -28.866737 -21.568310 5.648262
v -28.867805 -23.196892 5.900091
v -36.244133 -19.840988 2.749596
v -36.245216 -21.563702 5.648262
v -36.239464 -12.233276 2.749597
v -36.239464 -12.233276 5.648263
v -28.860954 -12.237885 5.648263
v -36.239464 -12.233276 4.437448
v -28.865700 -19.845600 4.437448
v -28.865700 -19.845600 2.749596
v -28.860954 -12.237885 2.749597
v -28.860954 -12.237885 4.437448
v -28.853600 -0.416187 -0.000001
v -35.133392 -0.412220 -0.000001
v -28.853600 -0.416188 6.069950
v -35.133392 -0.412221 6.069950
v -36.239464 -12.233276 1.609954
v -36.245216 -21.563702 1.609953
v -28.860954 -12.237885 1.609954
v -28.866737 -21.568310 1.609953
v -28.868889 -24.936398 -0.000003
v -28.867805 -23.196892 -0.000003
v -36.481850 -25.258888 6.472302
v -29.432274 -23.450554 7.354230
v -29.418327 -0.981111 7.354232
v -36.425819 -0.986729 7.352153
v -37.225761 -23.252171 6.919368
v -29.454567 -25.243340 6.474381
v -29.454567 -25.243340 0.650346
v -36.481850 -25.258888 0.649293
v -37.187004 -24.588505 6.354150
v -37.186363 -23.557186 5.638731
v -37.211800 -1.014988 6.919370
v -37.211800 -1.014988 6.191531
v -37.067223 -24.954029 7.122570
v -37.187004 -24.588505 0.606471
v -37.066154 -23.191826 5.900091
v -37.186363 -23.557186 0.606471
v -36.244133 -19.840988 -4.437452
v -36.439735 -23.466198 -7.352157
v -37.225029 -22.087132 -6.191535
v -28.868889 -24.936382 -7.124926
v -28.853004 0.506035 -7.124924
v -28.866737 -21.568310 -5.648268
v -28.867805 -23.196892 -5.900097
v -36.244133 -19.840988 -2.749602
v -36.245216 -21.563702 -5.648268
v -36.239464 -12.233276 -2.749601
v -36.239464 -12.233276 -5.648267
v -28.860954 -12.237885 -5.648267
v -36.239464 -12.233276 -4.437452
v -28.865700 -19.845600 -4.437452
v -28.865700 -19.845600 -2.749602
v -28.860954 -12.237885 -2.749601
v -28.860954 -12.237885 -4.437452
v -28.853600 -0.416186 -6.069952
v -35.133392 -0.412219 -6.069952
v -36.239464 -12.233276 -1.609958
v -36.245216 -21.563702 -1.609959
v -28.860954 -12.237885 -1.609958
v -28.866737 -21.568310 -1.609959
v -36.481850 -25.258888 -6.472308
v -29.432274 -23.450554 -7.354236
v -29.418327 -0.981109 -7.354234
v -36.425819 -0.986727 -7.352155
v -37.225761 -23.252171 -6.919374
v -29.454567 -25.243340 -6.474387
v -29.454567 -25.243340 -0.650352
v -36.481850 -25.258888 -0.649299
v -37.187004 -24.588505 -6.354156
v -37.186363 -23.557186 -5.638710
v -37.211800 -1.014988 -6.919372
v -37.211800 -1.014988 -6.191533
v -37.067223 -24.954029 -7.122576
v -37.187004 -24.588505 -0.606450
v -37.066154 -23.191826 -5.900097
v -37.186363 -23.557186 -0.606450
v -21.461952 20.830334 4.437451
v -20.654686 0.489560 7.122572
v -20.639900 24.181171 -0.001187
v -20.638847 25.943396 -0.001187
v -21.266289 24.455593 7.352155
v -20.654686 0.489560 5.900093
v -20.480949 23.076538 6.191533
v -21.461952 20.830334 2.749600
v -21.460793 22.553097 5.648266
v -21.466606 13.222667 2.749599
v -21.466606 13.222666 5.648265
v -21.466606 13.222666 4.437450
v -22.572609 1.401610 -0.000001
v -22.572609 1.401609 6.069950
v -22.573112 0.490805 -0.000001
v -22.573112 0.490804 6.069950
v -21.466606 13.222667 1.609956
v -21.460793 22.553097 1.609957
v -21.224190 26.248234 6.472306
v -28.273598 24.439899 7.354234
v -28.287743 1.970509 7.354232
v -21.280281 1.976151 7.352153
v -20.480309 24.241581 6.919373
v -28.251396 26.232693 6.474385
v -28.251396 26.232693 0.650350
v -21.224190 26.248234 0.649297
v -20.518959 25.577843 6.354155
v -20.519585 24.546593 5.638709
v -20.494164 2.004354 6.919371
v -20.494164 2.004354 6.191532
v -20.638847 25.943396 7.122574
v -20.518959 25.577845 0.606448
v -20.639900 24.181171 5.900095
v -20.519585 24.546595 0.606448
v -21.461952 20.830334 -4.437449
v -20.654686 0.489562 -7.122574
v -21.266289 24.455597 -7.352152
v -20.654686 0.489562 -5.900095
v -20.480949 23.076538 -6.191531
v -21.461952 20.830334 -2.749598
v -21.460793 22.553097 -5.648264
v -21.466606 13.222667 -2.749599
v -21.466606 13.222668 -5.648264
v -21.466606 13.222668 -4.437449
v -22.572609 1.401611 -6.069952
v -22.573112 0.490806 -6.069952
v -21.466606 13.222667 -1.609956
v -21.460793 22.553097 -1.609955
v -21.224190 26.248234 -6.472303
v -28.273598 24.439903 -7.354231
v -28.287743 1.970482 -7.354233
v -21.280281 1.976151 -7.352154
v -20.480309 24.241581 -6.919370
v -28.251396 26.232693 -6.474382
v -28.251396 26.232693 -0.650348
v -21.224190 26.248234 -0.649295
v -20.518959 25.577847 -6.354152
v -20.519585 24.546597 -5.638732
v -20.494164 2.004354 -6.919372
v -20.494164 2.004354 -6.191533
v -20.638847 25.943396 -7.122571
v -20.518959 25.577845 -0.606473
v -20.639900 24.181171 -5.900093
v -20.519585 24.546595 -0.606473
v -21.487312 -19.850178 4.437448
v -20.669487 -23.202034 -0.001191
v -20.670601 -24.964275 -0.001191
v -21.296181 -23.475689 7.352151
v -20.509117 -22.097561 6.191529
v -21.487312 -19.850178 2.749596
v -21.488380 -21.572903 5.648262
v -21.482491 -12.242453 2.749597
v -21.482491 -12.242453 5.648263
v -21.482491 -12.242453 4.437448
v -22.573753 -0.420062 -0.000001
v -22.573753 -0.420063 6.069950
v -21.482491 -12.242453 1.609954
v -21.488380 -21.572903 1.609953
v -21.256310 -25.268372 6.472302
v -28.303612 -23.451248 7.354230
v -28.289497 -0.981829 7.354232
v -21.282173 -0.996224 7.352153
v -20.509941 -23.262589 6.919368
v -28.283592 -25.244041 6.474381
v -28.283592 -25.244041 0.650346
v -21.256310 -25.268372 0.649293
v -20.550331 -24.598881 6.354150
v -20.549568 -23.567593 5.638731
v -20.496040 -1.025410 6.919370
v -20.496040 -1.025410 6.191531
v -20.670601 -24.964275 7.122570
v -20.550331 -24.598881 0.606471
v -20.669487 -23.202034 5.900091
v -20.549568 -23.567593 0.606471
v -21.487312 -19.850178 -4.437452
v -21.296181 -23.475689 -7.352157
v -20.509117 -22.097561 -6.191535
v -21.487312 -19.850178 -2.749602
v -21.488380 -21.572903 -5.648268
v -21.482491 -12.242453 -2.749601
v -21.482491 -12.242453 -5.648267
v -21.482491 -12.242453 -4.437452
v -22.573753 -0.420061 -6.069952
v -21.482491 -12.242453 -1.609958
v -21.488380 -21.572903 -1.609959
v -21.256310 -25.268372 -6.472308
v -28.303612 -23.451248 -7.354236
v -28.289497 -0.981827 -7.354234
v -21.282173 -0.996222 -7.352155
v -20.509941 -23.262589 -6.919374
v -28.283592 -25.244041 -6.474387
v -28.283592 -25.244041 -0.650352
v -21.256310 -25.268372 -0.649299
v -20.550331 -24.598881 -6.354156
v -20.549568 -23.567593 -5.638710
v -20.496040 -1.025408 -6.919372
v -20.496040 -1.025408 -6.191533
v -20.670601 -24.964275 -7.122576
v -20.550331 -24.598881 -0.606450
v -20.669487 -23.202034 -5.900097
v -20.549568 -23.567593 -0.606450
v -34.212563 15.368896 -1.723166
v -262.134216 15.543878 -1.499472
v -34.212563 15.368896 1.275777
v -262.134216 15.543878 1.499472
v -34.218025 6.625235 1.275777
v -277.209106 6.809595 -1.499472
v -277.209106 6.809595 1.499472
v -34.218025 6.625236 -1.723167
v -34.214302 12.503738 1.275777
v -270.070251 12.683653 -1.499472
v -270.070251 12.683653 1.499472
v -34.214302 12.503738 -1.723167
v -266.530945 15.546639 0.000001
v -274.466919 12.686393 0.000000
v -281.605957 6.812325 0.000000
v -34.231255 -14.526890 -1.723169
v -262.152954 -14.417532 -1.499474
v -34.231255 -14.526890 1.275775
v -262.152954 -14.417532 1.499470
v -34.221870 0.421019 1.275776
v -282.395874 0.575834 1.499471
v -34.221870 0.421019 -1.723168
v -283.156158 0.575834 -1.499473
v -34.225731 -5.783230 1.275776
v -277.216858 -5.664417 -1.499473
v -277.216858 -5.664417 1.499471
v -34.225731 -5.783230 -1.723168
v -34.229378 -11.661758 1.275775
v -270.085327 -11.547356 -1.499474
v -270.085327 -11.547356 1.499470
v -34.229378 -11.661758 -1.723169
v -266.549500 -14.414738 -0.000002
v -274.482056 -11.544619 -0.000002
v -281.613708 -5.661692 -0.000001
v -282.808594 0.578608 -0.000001
v -21.306755 25.168278 -2.624750
v -34.438515 25.176474 -2.624750
v -21.306755 25.168278 2.624753
v -34.438515 25.176474 2.624753
v -21.337532 -24.188251 -2.624754
v -34.469261 -24.180088 -2.624754
v -21.337532 -24.188251 2.624748
v -34.469261 -24.180088 2.624748
v 40.775909 0.451309 1.740743
v -17.595543 0.487654 1.740743
v 40.775116 -1.030872 1.507517
v -17.596367 -0.994478 1.507517
v 40.774414 -2.115852 0.870371
v -17.597054 -2.079470 0.870371
v 40.774048 -2.513046 -0.000001
v -17.597374 -2.476597 -0.000001
v 40.774414 -2.115852 -0.870373
v -17.597054 -2.079470 -0.870373
v 40.775116 -1.030872 -1.507519
v -17.596367 -0.994478 -1.507519
v 40.775909 0.451309 -1.740745
v -17.595543 0.487654 -1.740745
v 40.776672 1.933355 -1.507519
v -17.594612 1.969803 -1.507519
v 40.777466 3.018400 -0.870373
v -17.593925 3.054754 -0.870373
v 40.777863 3.415501 -0.000001
v -17.593773 3.451897 -0.000001
v 40.777466 3.018400 0.870371
v -17.593925 3.054754 0.870371
v 40.776733 1.933378 1.507517
v -17.594627 1.969847 1.507517
v -17.596809 -1.625622 2.149469
v -17.595543 0.487654 2.482001
v -17.597725 -3.172634 1.241000
v -17.598137 -3.738869 -0.000001
v -17.597725 -3.172634 -1.241002
v -17.596809 -1.625622 -2.149471
v -17.595543 0.487654 -2.482003
v -17.594200 2.600929 -2.149471
v -17.593285 4.147902 -1.241001
v -17.592842 4.714220 0.000000
v -17.593285 4.147940 1.241001
v -17.594200 2.600929 2.149469
v -22.408699 2.603945 2.149469
v -22.412544 -3.735905 -0.000001
v -22.412193 -3.169645 -1.241002
v -22.411293 -1.622602 -2.149471
v -22.408699 2.603945 -2.149471
v -22.409981 0.490707 -2.482003
v -22.411293 -1.622602 2.149469
v -22.409981 0.490707 2.482001
v -22.412193 -3.169645 1.241000
v -22.407707 4.150936 -1.241001
v -22.407356 4.717222 0.000000
v -22.407692 4.150986 1.241001
v 42.997772 3.300560 -2.522314
v 42.998596 4.544966 -1.755865
v 40.350861 4.546576 -1.755865
v 40.350128 3.302208 -2.522314
v 42.998596 4.544966 1.755864
v 42.997772 3.300560 2.522313
v 40.350128 3.302208 2.522313
v 40.350861 4.546576 1.755864
v 42.993469 -3.645161 -1.755865
v 42.994171 -2.400812 -2.522314
v 40.346527 -2.399178 -2.522314
v 40.345642 -3.643591 -1.755865
v 42.994171 -2.400812 2.522312
v 42.993469 -3.645161 1.755863
v 40.345642 -3.643591 1.755863
v 40.346527 -2.399178 2.522312
v -266.344391 10.465142 1.493527
v -203.842789 10.353362 1.435705
v -203.829010 -10.442058 1.436532
v -266.358246 -10.040799 1.494115
v -283.350372 0.578608 -0.000001
v -282.395874 0.575834 1.499471
v -282.395874 0.575834 -1.499473
v -266.530945 15.546639 0.000001
v -262.134216 15.543878 -1.499472
v -262.134216 15.543878 1.499472
v -262.152954 -14.417532 -1.499474
v -266.549500 -14.414738 -0.000002
v -262.152954 -14.417532 1.499470
v -36.423836 1.985615 7.352153
v -36.409904 24.465008 7.352155
v -29.402412 24.440586 7.354234
v -29.416481 1.971233 7.354232
v -37.155754 25.588213 0.606448
v -37.155754 25.588211 6.354155
v -37.156273 24.556961 5.638709
v -37.156273 24.556963 0.606448
v -36.217781 22.562258 1.609957
v -28.839226 22.557663 1.609957
v -28.839226 22.557663 5.648266
v -36.217781 22.562256 5.648266
v -28.845055 13.227276 5.648265
v -36.223503 13.231874 5.648265
v -36.223503 13.231874 1.609956
v -28.845055 13.227276 1.609956
v -36.218758 20.839533 4.437451
v -36.223503 13.231874 4.437450
v -36.218758 20.839533 2.749600
v -36.223503 13.231874 2.749599
v -28.845055 13.227276 4.437450
v -28.840401 20.834953 4.437451
v -28.840401 20.834953 2.749600
v -28.845055 13.227276 2.749599
v -37.196861 23.086960 6.191533
v -37.195976 24.252014 6.919373
v -37.209953 2.014757 6.919371
v -37.209953 2.014757 6.191532
v -28.838219 24.186275 5.900095
v -37.036552 24.191399 5.900095
v -37.051338 0.499792 5.900093
v -28.852974 0.494688 5.900093
v -28.852440 1.405515 6.069950
v -35.132202 1.409431 6.069950
v -35.132202 1.409432 -0.000001
v -28.852440 1.405516 -0.000001
v -35.132797 0.498600 6.069950
v -28.852974 0.494688 6.069950
v -28.852974 0.494689 -0.000001
v -35.132797 0.498601 -0.000001
v -28.838219 24.186275 0.000001
v -37.036552 24.191399 -0.001187
v -36.449776 26.257742 6.472306
v -36.449776 26.257742 0.649297
v -29.422478 26.233410 0.650350
v -29.422478 26.233410 6.474385
v -28.837181 25.925787 7.124925
v -37.035393 25.953592 7.122574
v -37.051338 0.499792 7.122572
v -28.852974 0.483333 7.124922
v -37.035393 25.953592 -0.001187
v -28.837181 25.925787 0.000001
v -36.423836 1.985617 -7.352154
v -29.416512 1.971207 -7.354233
v -29.402412 24.440586 -7.354231
v -36.409904 24.465008 -7.352152
v -37.156273 24.556965 -5.638732
v -37.155754 25.588215 -6.354152
v -37.155754 25.588213 -0.606473
v -37.156273 24.556963 -0.606473
v -28.839226 22.557663 -5.648264
v -28.839226 22.557663 -1.609955
v -36.217781 22.562258 -1.609955
v -36.217781 22.562260 -5.648264
v -36.223503 13.231874 -5.648264
v -28.845055 13.227276 -5.648264
v -36.223503 13.231874 -1.609956
v -28.845055 13.227276 -1.609956
v -36.218758 20.839533 -4.437449
v -36.223503 13.231874 -4.437449
v -36.223503 13.231874 -2.749599
v -36.218758 20.839533 -2.749598
v -28.840401 20.834953 -4.437449
v -28.845055 13.227276 -4.437449
v -28.840401 20.834953 -2.749598
v -28.845055 13.227276 -2.749599
v -37.209953 2.014757 -6.919372
v -37.195976 24.252014 -6.919370
v -37.196861 23.086964 -6.191531
v -37.209953 2.014757 -6.191533
v -28.838219 24.186275 -5.900093
v -28.852974 0.494690 -5.900095
v -37.051338 0.499794 -5.900095
v -37.036552 24.191399 -5.900093
v -35.132202 1.409433 -6.069952
v -28.852440 1.405517 -6.069952
v -35.132797 0.498602 -6.069952
v -28.852974 0.494690 -6.069952
v -36.449776 26.257742 -6.472303
v -29.422478 26.233410 -6.474382
v -29.422478 26.233410 -0.650348
v -36.449776 26.257742 -0.649295
v -28.837181 25.925787 -7.124922
v -37.035393 25.953592 -7.122571
v -37.051338 0.499794 -7.122574
v -28.852974 0.483335 -7.124924
v -36.425819 -0.986729 7.352153
v -29.418327 -0.981111 7.354232
v -29.432274 -23.450554 7.354230
v -36.439735 -23.466198 7.352151
v -37.186363 -23.557186 5.638731
v -37.187004 -24.588505 6.354150
v -37.187004 -24.588505 0.606471
v -37.186363 -23.557186 0.606471
v -28.866737 -21.568310 5.648262
v -28.866737 -21.568310 1.609953
v -36.245216 -21.563702 1.609953
v -36.245216 -21.563702 5.648262
v -28.860954 -12.237885 5.648263
v -36.239464 -12.233276 5.648263
v -28.860954 -12.237885 1.609954
v -36.239464 -12.233276 1.609954
v -36.244133 -19.840988 4.437448
v -36.239464 -12.233276 4.437448
v -36.239464 -12.233276 2.749597
v -36.244133 -19.840988 2.749596
v -28.860954 -12.237885 4.437448
v -28.865700 -19.845600 4.437448
v -28.865700 -19.845600 2.749596
v -28.860954 -12.237885 2.749597
v -37.211800 -1.014988 6.919370
v -37.225761 -23.252171 6.919368
v -37.225029 -22.087132 6.191529
v -37.211800 -1.014988 6.191531
v -28.867805 -23.196892 5.900091
v -37.066154 -23.191826 5.900091
v -35.133392 -0.412220 -0.000001
v -35.133392 -0.412221 6.069950
v -28.853600 -0.416188 6.069950
v -28.853600 -0.416187 -0.000001
v -37.066154 -23.191826 -0.001191
v -28.867805 -23.196892 -0.000003
v -36.481850 -25.258888 6.472302
v -29.454567 -25.243340 6.474381
v -29.454567 -25.243340 0.650346
v -36.481850 -25.258888 0.649293
v -28.868889 -24.936382 7.124920
v -37.067223 -24.954029 7.122570
v -28.853004 0.506033 7.124922
v -37.067223 -24.954029 -0.001191
v -28.868889 -24.936398 -0.000003
v -36.425819 -0.986727 -7.352155
v -36.439735 -23.466198 -7.352157
v -29.432274 -23.450554 -7.354236
v -29.418327 -0.981109 -7.354234
v -37.187004 -24.588505 -0.606450
v -37.187004 -24.588505 -6.354156
v -37.186363 -23.557186 -5.638710
v -37.186363 -23.557186 -0.606450
v -36.245216 -21.563702 -1.609959
v -28.866737 -21.568310 -1.609959
v -28.866737 -21.568310 -5.648268
v -36.245216 -21.563702 -5.648268
v -28.860954 -12.237885 -5.648267
v -36.239464 -12.233276 -5.648267
v -36.239464 -12.233276 -1.609958
v -28.860954 -12.237885 -1.609958
v -36.244133 -19.840988 -4.437452
v -36.239464 -12.233276 -4.437452
v -36.244133 -19.840988 -2.749602
v -36.239464 -12.233276 -2.749601
v -28.860954 -12.237885 -4.437452
v -28.865700 -19.845600 -4.437452
v -28.865700 -19.845600 -2.749602
v -28.860954 -12.237885 -2.749601
v -37.225029 -22.087132 -6.191535
v -37.225761 -23.252171 -6.919374
v -37.211800 -1.014988 -6.919372
v -37.211800 -1.014988 -6.191533
v -28.867805 -23.196892 -5.900097
v -37.066154 -23.191826 -5.900097
v -28.853600 -0.416186 -6.069952
v -35.133392 -0.412219 -6.069952
v -36.481850 -25.258888 -6.472308
v -36.481850 -25.258888 -0.649299
v -29.454567 -25.243340 -0.650352
v -29.454567 -25.243340 -6.474387
v -28.868889 -24.936382 -7.124926
v -37.067223 -24.954029 -7.122576
v -28.853004 0.506035 -7.124924
v -21.280281 1.976151 7.352153
v -28.287743 1.970509 7.354232
v -28.273598 24.439899 7.354234
v -21.266289 24.455593 7.352155
v -20.519585 24.546593 5.638709
v -20.518959 25.577843 6.354155
v -20.518959 25.577845 0.606448
v -20.519585 24.546595 0.606448
v -21.460793 22.553097 1.609957
v -21.460793 22.553097 5.648266
v -21.466606 13.222666 5.648265
v -21.466606 13.222667 1.609956
v -21.461952 20.830334 4.437451
v -21.466606 13.222666 4.437450
v -21.466606 13.222667 2.749599
v -21.461952 20.830334 2.749600
v -20.494164 2.004354 6.919371
v -20.480309 24.241581 6.919373
v -20.480949 23.076538 6.191533
v -20.494164 2.004354 6.191532
v -20.639900 24.181171 5.900095
v -20.654686 0.489560 5.900093
v -22.572609 1.401610 -0.000001
v -22.572609 1.401609 6.069950
v -22.573112 0.490804 6.069950
v -22.573112 0.490805 -0.000001
v -20.639900 24.181171 -0.001187
v -21.224190 26.248234 6.472306
v -28.251396 26.232693 6.474385
v -28.251396 26.232693 0.650350
v -21.224190 26.248234 0.649297
v -20.638847 25.943396 7.122574
v -20.654686 0.489560 7.122572
v -20.638847 25.943396 -0.001187
v -21.280281 1.976151 -7.352154
v -21.266289 24.455597 -7.352152
v -28.273598 24.439903 -7.354231
v -28.287743 1.970482 -7.354233
v -20.518959 25.577845 -0.606473
v -20.518959 25.577847 -6.354152
v -20.519585 24.546597 -5.638732
v -20.519585 24.546595 -0.606473
v -21.460793 22.553097 -1.609955
v -21.460793 22.553097 -5.648264
v -21.466606 13.222668 -5.648264
v -21.466606 13.222667 -1.609956
v -21.461952 20.830334 -4.437449
v -21.466606 13.222668 -4.437449
v -21.461952 20.830334 -2.749598
v -21.466606 13.222667 -2.749599
v -20.480949 23.076538 -6.191531
v -20.480309 24.241581 -6.919370
v -20.494164 2.004354 -6.919372
v -20.494164 2.004354 -6.191533
v -20.639900 24.181171 -5.900093
v -20.654686 0.489562 -5.900095
v -22.572609 1.401611 -6.069952
v -22.573112 0.490806 -6.069952
v -21.224190 26.248234 -6.472303
v -21.224190 26.248234 -0.649295
v -28.251396 26.232693 -0.650348
v -28.251396 26.232693 -6.474382
v -20.638847 25.943396 -7.122571
v -20.654686 0.489562 -7.122574
v -21.282173 -0.996224 7.352153
v -21.296181 -23.475689 7.352151
v -28.303612 -23.451248 7.354230
v -28.289497 -0.981829 7.354232
v -20.550331 -24.598881 0.606471
v -20.550331 -24.598881 6.354150
v -20.549568 -23.567593 5.638731
v -20.549568 -23.567593 0.606471
v -21.488380 -21.572903 1.609953
v -21.488380 -21.572903 5.648262
v -21.482491 -12.242453 5.648263
v -21.482491 -12.242453 1.609954
v -21.487312 -19.850178 4.437448
v -21.482491 -12.242453 4.437448
v -21.487312 -19.850178 2.749596
v -21.482491 -12.242453 2.749597
v -20.509117 -22.097561 6.191529
v -20.509941 -23.262589 6.919368
v -20.496040 -1.025410 6.919370
v -20.496040 -1.025410 6.191531
v -20.669487 -23.202034 5.900091
v -22.573753 -0.420063 6.069950
v -22.573753 -0.420062 -0.000001
v -20.669487 -23.202034 -0.001191
v -21.256310 -25.268372 6.472302
v -21.256310 -25.268372 0.649293
v -28.283592 -25.244041 0.650346
v -28.283592 -25.244041 6.474381
v -20.670601 -24.964275 7.122570
v -20.670601 -24.964275 -0.001191
v -21.282173 -0.996222 -7.352155
v -28.289497 -0.981827 -7.354234
v -28.303612 -23.451248 -7.354236
v -21.296181 -23.475689 -7.352157
v -20.549568 -23.567593 -5.638710
v -20.550331 -24.598881 -6.354156
v -20.550331 -24.598881 -0.606450
v -20.549568 -23.567593 -0.606450
v -21.488380 -21.572903 -1.609959
v -21.488380 -21.572903 -5.648268
v -21.482491 -12.242453 -5.648267
v -21.482491 -12.242453 -1.609958
v -21.487312 -19.850178 -4.437452
v -21.482491 -12.242453 -4.437452
v -21.482491 -12.242453 -2.749601
v -21.487312 -19.850178 -2.749602
v -20.496040 -1.025408 -6.919372
v -20.509941 -23.262589 -6.919374
v -20.509117 -22.097561 -6.191535
v -20.496040 -1.025408 -6.191533
v -20.669487 -23.202034 -5.900097
v -22.573753 -0.420061 -6.069952
v -21.256310 -25.268372 -6.472308
v -28.283592 -25.244041 -6.474387
v -28.283592 -25.244041 -0.650352
v -21.256310 -25.268372 -0.649299
v -20.670601 -24.964275 -7.122576
v -34.212563 15.368896 -1.723166
v -34.212563 15.368896 1.275777
v -270.070251 12.683653 -1.499472
v -34.214302 12.503738 -1.723167
v -274.466919 12.686393 0.000000
v -281.605957 6.812325 0.000000
v -277.209106 6.809595 -1.499472
v -34.218025 6.625236 -1.723167
v -34.221870 0.421019 -1.723168
v -34.221870 0.421019 1.275776
v -34.218025 6.625235 1.275777
v -277.209106 6.809595 1.499472
v -270.070251 12.683653 1.499472
v -34.214302 12.503738 1.275777
v -34.231255 -14.526890 1.275775
v -34.231255 -14.526890 -1.723169
v -34.229378 -11.661758 -1.723169
v -270.085327 -11.547356 -1.499474
v -277.216858 -5.664417 -1.499473
v -281.613708 -5.661692 -0.000001
v -274.482056 -11.544619 -0.000002
v -34.225731 -5.783230 -1.723168
v -34.225731 -5.783230 1.275776
v -277.216858 -5.664417 1.499471
v -270.085327 -11.547356 1.499470
v -34.229378 -11.661758 1.275775
v -21.306755 25.168278 2.624753
v -34.438515 25.176474 2.624753
v -34.438515 25.176474 -2.624750
v -21.306755 25.168278 -2.624750
v -21.337532 -24.188251 2.624748
v -34.469261 -24.180088 2.624748
v -21.337532 -24.188251 -2.624754
v -34.469261 -24.180088 -2.624754
v 40.775116 -1.030872 1.507517
v -17.596367 -0.994478 1.507517
v -17.595543 0.487654 1.740743
v 40.775909 0.451309 1.740743
v -17.597054 -2.079470 0.870371
v 40.774414 -2.115852 0.870371
v 40.774048 -2.513046 -0.000001
v -17.597374 -2.476597 -0.000001
v 40.774414 -2.115852 -0.870373
v -17.597054 -2.079470 -0.870373
v 40.775116 -1.030872 -1.507519
v -17.596367 -0.994478 -1.507519
v 40.775909 0.451309 -1.740745
v -17.595543 0.487654 -1.740745
v -17.594612 1.969803 -1.507519
v 40.776672 1.933355 -1.507519
v -17.593925 3.054754 -0.870373
v 40.777466 3.018400 -0.870373
v 40.777863 3.415501 -0.000001
v -17.593773 3.451897 -0.000001
v -17.593925 3.054754 0.870371
v 40.777466 3.018400 0.870371
v -17.596809 -1.625622 -2.149471
v -17.597725 -3.172634 -1.241002
v 40.776733 1.933378 1.507517
v -17.594627 1.969847 1.507517
v -17.595543 0.487654 2.482001
v -17.594200 2.600929 2.149469
v -17.595543 0.487654 -2.482003
v -17.594200 2.600929 -2.149471
v -17.596809 -1.625622 2.149469
v -17.597725 -3.172634 1.241000
v -17.593285 4.147902 -1.241001
v -17.592842 4.714220 0.000000
v -17.598137 -3.738869 -0.000001
v -22.411293 -1.622602 2.149469
v -22.409981 0.490707 2.482001
v -22.408699 2.603945 2.149469
v -22.412193 -3.169645 -1.241002
v -22.412544 -3.735905 -0.000001
v -22.411293 -1.622602 -2.149471
v -22.409981 0.490707 -2.482003
v -22.408699 2.603945 -2.149471
v -22.412193 -3.169645 1.241000
v -22.407692 4.150986 1.241001
v -17.593285 4.147940 1.241001
v -22.407356 4.717222 0.000000
v -22.407707 4.150936 -1.241001
v 40.350128 3.302208 -2.522314
v 40.346527 -2.399178 -2.522314
v 42.994171 -2.400812 -2.522314
v 42.997772 3.300560 -2.522314
v 42.993469 -3.645161 -1.755865
v 40.345642 -3.643591 -1.755865
v 40.345642 -3.643591 1.755863
v 42.993469 -3.645161 1.755863
v 40.346527 -2.399178 2.522312
v 42.998596 4.544966 1.755864
v 40.350861 4.546576 1.755864
v 40.350861 4.546576 -1.755865
v 42.998596 4.544966 -1.755865
v 42.994171 -2.400812 2.522312
v 40.350128 3.302208 2.522313
v 42.997772 3.300560 2.522313
v -266.344391 10.465142 1.493527
v -203.842789 10.353362 1.435705
v -203.829010 -10.442058 1.436532
v -266.358246 -10.040799 1.494115
v -283.425812 0.578608 -0.000001
v -282.395874 0.575834 1.499471
v -280.997498 0.603921 -1.466461
v -266.530945 15.546639 0.000001
v -262.134216 15.543878 -1.499472
v -262.134216 15.543878 1.499472
v -262.152954 -14.417532 -1.499474
v -266.549500 -14.414738 -0.000002
v -262.152954 -14.417532 1.499470
v -36.423836 1.985615 7.352153
v -36.409904 24.465008 7.352155
v -29.402412 24.440586 7.354234
v -29.416481 1.971233 7.354232
v -37.155754 25.588213 0.606448
v -37.155754 25.588211 6.354155
v -37.156273 24.556961 5.638709
v -37.156273 24.556963 0.606448
v -36.217781 22.562258 1.609957
v -28.839226 22.557663 1.609957
v -28.839226 22.557663 5.648266
v -36.217781 22.562256 5.648266
v -28.845055 13.227276 5.648265
v -36.223503 13.231874 5.648265
v -36.223503 13.231874 1.609956
v -28.845055 13.227276 1.609956
v -36.218758 20.839533 4.437451
v -36.223503 13.231874 4.437450
v -36.218758 20.839533 2.749600
v -36.223503 13.231874 2.749599
v -28.845055 13.227276 4.437450
v -28.840401 20.834953 4.437451
v -28.840401 20.834953 2.749600
v -28.845055 13.227276 2.749599
v -37.196861 23.086960 6.191533
v -37.195976 24.252014 6.919373
v -37.209953 2.014757 6.919371
v -37.209953 2.014757 6.191532
v -28.838219 24.186275 5.900095
v -37.036552 24.191399 5.900095
v -37.051338 0.499792 5.900093
v -28.852974 0.494688 5.900093
v -28.852440 1.405515 6.069950
v -35.132202 1.409431 6.069950
v -35.132202 1.409432 -0.000001
v -28.852440 1.405516 -0.000001
v -35.132797 0.498600 6.069950
v -28.852974 0.494688 6.069950
v -28.852974 0.494689 -0.000001
v -35.132797 0.498601 -0.000001
v -28.838219 24.186275 0.000001
v -37.036552 24.191399 -0.001187
v -36.449776 26.257742 6.472306
v -36.449776 26.257742 0.649297
v -29.422478 26.233410 0.650350
v -29.422478 26.233410 6.474385
v -28.837181 25.925787 7.124925
v -37.035393 25.953592 7.122574
v -37.051338 0.499792 7.122572
v -28.852974 0.483333 7.124922
v -37.035393 25.953592 -0.001187
v -28.837181 25.925787 0.000001
v -36.423836 1.985617 -7.352154
v -29.416512 1.971207 -7.354233
v -29.402412 24.440586 -7.354231
v -36.409904 24.465008 -7.352152
v -37.156273 24.556965 -5.638732
v -37.155754 25.588215 -6.354152
v -37.155754 25.588213 -0.606473
v -37.156273 24.556963 -0.606473
v -28.839226 22.557663 -5.648264
v -28.839226 22.557663 -1.609955
v -36.217781 22.562258 -1.609955
v -36.217781 22.562260 -5.648264
v -36.223503 13.231874 -5.648264
v -28.845055 13.227276 -5.648264
v -36.223503 13.231874 -1.609956
v -28.845055 13.227276 -1.609956
v -36.218758 20.839533 -4.437449
v -36.223503 13.231874 -4.437449
v -36.223503 13.231874 -2.749599
v -36.218758 20.839533 -2.749598
v -28.840401 20.834953 -4.437449
v -28.845055 13.227276 -4.437449
v -28.840401 20.834953 -2.749598
v -28.845055 13.227276 -2.749599
v -37.209953 2.014757 -6.919372
v -37.195976 24.252014 -6.919370
v -37.196861 23.086964 -6.191531
v -37.209953 2.014757 -6.191533
v -28.838219 24.186275 -5.900093
v -28.852974 0.494690 -5.900095
v -37.051338 0.499794 -5.900095
v -37.036552 24.191399 -5.900093
v -35.132202 1.409433 -6.069952
v -28.852440 1.405517 -6.069952
v -35.132797 0.498602 -6.069952
v -28.852974 0.494690 -6.069952
v -36.449776 26.257742 -6.472303
v -29.422478 26.233410 -6.474382
v -29.422478 26.233410 -0.650348
v -36.449776 26.257742 -0.649295
v -28.837181 25.925787 -7.124922
v -37.035393 25.953592 -7.122571
v -37.051338 0.499794 -7.122574
v -28.852974 0.483335 -7.124924
v -36.425819 -0.986729 7.352153
v -29.418327 -0.981111 7.354232
v -29.432274 -23.450554 7.354230
v -36.439735 -23.466198 7.352151
v -37.186363 -23.557186 5.638731
v -37.187004 -24.588505 6.354150
v -37.187004 -24.588505 0.606471
v -37.186363 -23.557186 0.606471
v -28.866737 -21.568310 5.648262
v -28.866737 -21.568310 1.609953
v -36.245216 -21.563702 1.609953
v -36.245216 -21.563702 5.648262
v -28.860954 -12.237885 5.648263
v -36.239464 -12.233276 5.648263
v -28.860954 -12.237885 1.609954
v -36.239464 -12.233276 1.609954
v -36.244133 -19.840988 4.437448
v -36.239464 -12.233276 4.437448
v -36.239464 -12.233276 2.749597
v -36.244133 -19.840988 2.749596
v -28.860954 -12.237885 4.437448
v -28.865700 -19.845600 4.437448
v -28.865700 -19.845600 2.749596
v -28.860954 -12.237885 2.749597
v -37.211800 -1.014988 6.919370
v -37.225761 -23.252171 6.919368
v -37.225029 -22.087132 6.191529
v -37.211800 -1.014988 6.191531
v -28.867805 -23.196892 5.900091
v -37.066154 -23.191826 5.900091
v -35.133392 -0.412220 -0.000001
v -35.133392 -0.412221 6.069950
v -28.853600 -0.416188 6.069950
v -28.853600 -0.416187 -0.000001
v -37.066154 -23.191826 -0.001191
v -28.867805 -23.196892 -0.000003
v -36.481850 -25.258888 6.472302
v -29.454567 -25.243340 6.474381
v -29.454567 -25.243340 0.650346
v -36.481850 -25.258888 0.649293
v -28.868889 -24.936382 7.124920
v -37.067223 -24.954029 7.122570
v -28.853004 0.506033 7.124922
v -37.067223 -24.954029 -0.001191
v -28.868889 -24.936398 -0.000003
v -36.425819 -0.986727 -7.352155
v -36.439735 -23.466198 -7.352157
v -29.432274 -23.450554 -7.354236
v -29.418327 -0.981109 -7.354234
v -37.187004 -24.588505 -0.606450
v -37.187004 -24.588505 -6.354156
v -37.186363 -23.557186 -5.638710
v -37.186363 -23.557186 -0.606450
v -36.245216 -21.563702 -1.609959
v -28.866737 -21.568310 -1.609959
v -28.866737 -21.568310 -5.648268
v -36.245216 -21.563702 -5.648268
v -28.860954 -12.237885 -5.648267
v -36.239464 -12.233276 -5.648267
v -36.239464 -12.233276 -1.609958
v -28.860954 -12.237885 -1.609958
v -36.244133 -19.840988 -4.437452
v -36.239464 -12.233276 -4.437452
v -36.244133 -19.840988 -2.749602
v -36.239464 -12.233276 -2.749601
v -28.860954 -12.237885 -4.437452
v -28.865700 -19.845600 -4.437452
v -28.865700 -19.845600 -2.749602
v -28.860954 -12.237885 -2.749601
v -37.225029 -22.087132 -6.191535
v -37.225761 -23.252171 -6.919374
v -37.211800 -1.014988 -6.919372
v -37.211800 -1.014988 -6.191533
v -28.867805 -23.196892 -5.900097
v -37.066154 -23.191826 -5.900097
v -28.853600 -0.416186 -6.069952
v -35.133392 -0.412219 -6.069952
v -36.481850 -25.258888 -6.472308
v -36.481850 -25.258888 -0.649299
v -29.454567 -25.243340 -0.650352
v -29.454567 -25.243340 -6.474387
v -28.868889 -24.936382 -7.124926
v -37.067223 -24.954029 -7.122576
v -28.853004 0.506035 -7.124924
v -21.280281 1.976151 7.352153
v -28.287743 1.970509 7.354232
v -28.273598 24.439899 7.354234
v -21.266289 24.455593 7.352155
v -20.519585 24.546593 5.638709
v -20.518959 25.577843 6.354155
v -20.518959 25.577845 0.606448
v -20.519585 24.546595 0.606448
v -21.460793 22.553097 1.609957
v -21.460793 22.553097 5.648266
v -21.466606 13.222666 5.648265
v -21.466606 13.222667 1.609956
v -21.461952 20.830334 4.437451
v -21.466606 13.222666 4.437450
v -21.466606 13.222667 2.749599
v -21.461952 20.830334 2.749600
v -20.494164 2.004354 6.919371
v -20.480309 24.241581 6.919373
v -20.480949 23.076538 6.191533
v -20.494164 2.004354 6.191532
v -20.639900 24.181171 5.900095
v -20.654686 0.489560 5.900093
v -22.572609 1.401610 -0.000001
v -22.572609 1.401609 6.069950
v -22.573112 0.490804 6.069950
v -22.573112 0.490805 -0.000001
v -20.639900 24.181171 -0.001187
v -21.224190 26.248234 6.472306
v -28.251396 26.232693 6.474385
v -28.251396 26.232693 0.650350
v -21.224190 26.248234 0.649297
v -20.638847 25.943396 7.122574
v -20.654686 0.489560 7.122572
v -20.638847 25.943396 -0.001187
v -21.280281 1.976151 -7.352154
v -21.266289 24.455597 -7.352152
v -28.273598 24.439903 -7.354231
v -28.287743 1.970482 -7.354233
v -20.518959 25.577845 -0.606473
v -20.518959 25.577847 -6.354152
v -20.519585 24.546597 -5.638732
v -20.519585 24.546595 -0.606473
v -21.460793 22.553097 -1.609955
v -21.460793 22.553097 -5.648264
v -21.466606 13.222668 -5.648264
v -21.466606 13.222667 -1.609956
v -21.461952 20.830334 -4.437449
v -21.466606 13.222668 -4.437449
v -21.461952 20.830334 -2.749598
v -21.466606 13.222667 -2.749599
v -20.480949 23.076538 -6.191531
v -20.480309 24.241581 -6.919370
v -20.494164 2.004354 -6.919372
v -20.494164 2.004354 -6.191533
v -20.639900 24.181171 -5.900093
v -20.654686 0.489562 -5.900095
v -22.572609 1.401611 -6.069952
v -22.573112 0.490806 -6.069952
v -21.224190 26.248234 -6.472303
v -21.224190 26.248234 -0.649295
v -28.251396 26.232693 -0.650348
v -28.251396 26.232693 -6.474382
v -20.638847 25.943396 -7.122571
v -20.654686 0.489562 -7.122574
v -21.282173 -0.996224 7.352153
v -21.296181 -23.475689 7.352151
v -28.303612 -23.451248 7.354230
v -28.289497 -0.981829 7.354232
v -20.550331 -24.598881 0.606471
v -20.550331 -24.598881 6.354150
v -20.549568 -23.567593 5.638731
v -20.549568 -23.567593 0.606471
v -21.488380 -21.572903 1.609953
v -21.488380 -21.572903 5.648262
v -21.482491 -12.242453 5.648263
v -21.482491 -12.242453 1.609954
v -21.487312 -19.850178 4.437448
v -21.482491 -12.242453 4.437448
v -21.487312 -19.850178 2.749596
v -21.482491 -12.242453 2.749597
v -20.509117 -22.097561 6.191529
v -20.509941 -23.262589 6.919368
v -20.496040 -1.025410 6.919370
v -20.496040 -1.025410 6.191531
v -20.669487 -23.202034 5.900091
v -22.573753 -0.420063 6.069950
v -22.573753 -0.420062 -0.000001
v -20.669487 -23.202034 -0.001191
v -21.256310 -25.268372 6.472302
v -21.256310 -25.268372 0.649293
v -28.283592 -25.244041 0.650346
v -28.283592 -25.244041 6.474381
v -20.670601 -24.964275 7.122570
v -20.670601 -24.964275 -0.001191
v -21.282173 -0.996222 -7.352155
v -28.289497 -0.981827 -7.354234
v -28.303612 -23.451248 -7.354236
v -21.296181 -23.475689 -7.352157
v -20.549568 -23.567593 -5.638710
v -20.550331 -24.598881 -6.354156
v -20.550331 -24.598881 -0.606450
v -20.549568 -23.567593 -0.606450
v -21.488380 -21.572903 -1.609959
v -21.488380 -21.572903 -5.648268
v -21.482491 -12.242453 -5.648267
v -21.482491 -12.242453 -1.609958
v -21.487312 -19.850178 -4.437452
v -21.482491 -12.242453 -4.437452
v -21.482491 -12.242453 -2.749601
v -21.487312 -19.850178 -2.749602
v -20.496040 -1.025408 -6.919372
v -20.509941 -23.262589 -6.919374
v -20.509117 -22.097561 -6.191535
v -20.496040 -1.025408 -6.191533
v -20.669487 -23.202034 -5.900097
v -22.573753 -0.420061 -6.069952
v -21.256310 -25.268372 -6.472308
v -28.283592 -25.244041 -6.474387
v -28.283592 -25.244041 -0.650352
v -21.256310 -25.268372 -0.649299
v -20.670601 -24.964275 -7.122576
v -34.212563 15.368896 -1.723166
v -34.212563 15.368896 1.275777
v -270.070251 12.683653 -1.499472
v -34.214302 12.503738 -1.723167
v -274.466919 12.686393 0.000000
v -281.605957 6.812325 0.000000
v -277.209106 6.809595 -1.499472
v -34.218025 6.625236 -1.723167
v -32.823494 0.449106 -1.690156
v -34.221870 0.421019 1.275776
v -34.218025 6.625235 1.275777
v -277.209106 6.809595 1.499472
v -270.070251 12.683653 1.499472
v -34.214302 12.503738 1.275777
v -34.231255 -14.526890 1.275775
v -34.231255 -14.526890 -1.723169
v -34.229378 -11.661758 -1.723169
v -270.085327 -11.547356 -1.499474
v -277.216858 -5.664417 -1.499473
v -281.613708 -5.661692 -0.000001
v -274.482056 -11.544619 -0.000002
v -34.225731 -5.783230 -1.723168
v -34.225731 -5.783230 1.275776
v -277.216858 -5.664417 1.499471
v -270.085327 -11.547356 1.499470
v -34.229378 -11.661758 1.275775
v -21.306755 25.168278 2.624753
v -34.438515 25.176474 2.624753
v -34.438515 25.176474 -2.624750
v -21.306755 25.168278 -2.624750
v -21.337532 -24.188251 2.624748
v -34.469261 -24.180088 2.624748
v -21.337532 -24.188251 -2.624754
v -34.469261 -24.180088 -2.624754
v 40.775116 -1.030872 1.507517
v -17.596367 -0.994478 1.507517
v -17.595543 0.487654 1.740743
v 40.775909 0.451309 1.740743
v -17.597054 -2.079470 0.870371
v 40.774414 -2.115852 0.870371
v 40.774048 -2.513046 -0.000001
v -17.597374 -2.476597 -0.000001
v 40.774414 -2.115852 -0.870373
v -17.597054 -2.079470 -0.870373
v 40.775116 -1.030872 -1.507519
v -17.596367 -0.994478 -1.507519
v 40.775909 0.451309 -1.740745
v -17.595543 0.487654 -1.740745
v -17.594612 1.969803 -1.507519
v 40.776672 1.933355 -1.507519
v -17.593925 3.054754 -0.870373
v 40.777466 3.018400 -0.870373
v 40.777863 3.415501 -0.000001
v -17.593773 3.451897 -0.000001
v -17.593925 3.054754 0.870371
v 40.777466 3.018400 0.870371
v -17.596809 -1.625622 -2.149471
v -17.597725 -3.172634 -1.241002
v 40.776733 1.933378 1.507517
v -17.594627 1.969847 1.507517
v -17.595543 0.487654 2.482001
v -17.594200 2.600929 2.149469
v -17.595543 0.487654 -2.482003
v -17.594200 2.600929 -2.149471
v -17.596809 -1.625622 2.149469
v -17.597725 -3.172634 1.241000
v -17.593285 4.147902 -1.241001
v -17.592842 4.714220 0.000000
v -17.598137 -3.738869 -0.000001
v -22.411293 -1.622602 2.149469
v -22.409981 0.490707 2.482001
v -22.408699 2.603945 2.149469
v -22.412193 -3.169645 -1.241002
v -22.412544 -3.735905 -0.000001
v -22.411293 -1.622602 -2.149471
v -22.409981 0.490707 -2.482003
v -22.408699 2.603945 -2.149471
v -22.412193 -3.169645 1.241000
v -22.407692 4.150986 1.241001
v -17.593285 4.147940 1.241001
v -22.407356 4.717222 0.000000
v -22.407707 4.150936 -1.241001
v 40.350128 3.302208 -2.522314
v 40.346527 -2.399178 -2.522314
v 42.994171 -2.400812 -2.522314
v 42.997772 3.300560 -2.522314
v 42.993469 -3.645161 -1.755865
v 40.345642 -3.643591 -1.755865
v 40.345642 -3.643591 1.755863
v 42.993469 -3.645161 1.755863
v 40.346527 -2.399178 2.522312
v 42.998596 4.544966 1.755864
v 40.350861 4.546576 1.755864
v 40.350861 4.546576 -1.755865
v 42.998596 4.544966 -1.755865
v 42.994171 -2.400812 2.522312
v 40.350128 3.302208 2.522313
v 42.997772 3.300560 2.522313
v 0.000000 55.656200 4.000000
v 0.000000 70.710701 0.000000
v 70.710701 0.000000 0.000000
v 55.656200 0.000000 4.000000
v 0.000000 -70.710602 0.000000
v 0.000000 -55.656101 4.000000
v -70.710701 0.000000 0.000000
v -55.656101 0.000000 4.000000
v 0.000000 55.656200 -4.000000
v 55.656200 0.000000 -4.000000
v 0.000000 -55.656101 -4.000000
v -55.656101 0.000000 -4.000000
v 58.278511 -56.430531 6.308709
v 56.400238 -54.392345 7.253376
v 56.400238 -54.392345 5.364041
v 42.683151 -53.441723 6.308710
v 40.805122 -51.403591 5.364042
v 40.805122 -51.403591 7.253377
v 54.693710 -38.605350 5.364040
v 56.571693 -40.643330 6.308708
v 54.693710 -38.605350 7.253375
v -49.393562 58.959732 10.940565
v -59.813919 49.357418 10.940567
v -62.797897 52.614292 10.941877
v -52.382149 62.212322 10.941875
v -60.015305 48.531677 6.690772
v -60.015305 48.531677 10.311829
v -59.537498 48.972240 9.861097
v -59.537407 48.972275 6.690772
v -59.014404 50.259701 7.322982
v -62.166359 53.680019 7.322982
v -62.166359 53.680019 9.867119
v -59.014404 50.259701 9.867119
v -57.841248 57.665600 9.867117
v -54.689423 54.245346 9.867117
v -54.689423 54.245346 7.322982
v -57.841248 57.665600 7.322982
v -58.215973 50.995659 9.104303
v -54.689423 54.245346 9.104303
v -58.215973 50.995659 8.040958
v -54.689423 54.245346 8.040957
v -57.841248 57.665600 9.104303
v -61.367668 54.415794 9.104303
v -61.367668 54.415794 8.040958
v -57.841248 57.665600 8.040957
v -58.839043 49.581806 10.209377
v -59.379112 49.084213 10.667915
v -49.071053 58.583065 10.667913
v -49.071053 58.583065 10.209375
v -62.921249 52.984241 10.025770
v -59.419212 49.183964 10.025770
v -48.437042 59.304283 10.025768
v -51.938995 63.104576 10.025768
v -52.361183 62.715424 10.132780
v -49.678680 59.804379 10.132780
v -49.678680 59.804379 6.308709
v -52.361183 62.715424 6.308709
v -49.256538 60.193478 10.132780
v -51.938995 63.104576 10.132780
v -51.938995 63.104561 6.308709
v -49.256538 60.193478 6.308709
v -62.921249 52.984241 6.308710
v -59.419212 49.183964 6.307961
v -60.627335 48.572533 10.386263
v -60.627335 48.572533 6.717766
v -63.620003 51.838562 6.718430
v -63.620003 51.838562 10.387573
v -63.727516 52.241295 10.797413
v -60.236130 48.431232 10.795933
v -48.437042 59.304283 10.795931
v -51.933716 63.109383 10.797411
v -60.236130 48.431232 6.307961
v -63.727516 52.241295 6.308710
v -49.393562 58.959732 1.676852
v -52.382210 62.212322 1.675543
v -62.797897 52.614292 1.675544
v -59.813919 49.357418 1.676853
v -59.537407 48.972275 2.756308
v -60.015305 48.531677 2.305594
v -60.015305 48.531677 5.926631
v -59.537407 48.972275 5.926631
v -62.166359 53.680019 2.750304
v -62.166359 53.680019 5.294437
v -59.014404 50.259701 5.294437
v -59.014404 50.259701 2.750304
v -54.689423 54.245346 2.750303
v -57.841248 57.665600 2.750303
v -54.689423 54.245346 5.294437
v -57.841248 57.665600 5.294437
v -58.215973 50.995659 3.513116
v -54.689423 54.245346 3.513116
v -54.689423 54.245346 4.576462
v -58.215973 50.995659 4.576462
v -61.367668 54.415794 3.513116
v -57.841248 57.665600 3.513116
v -61.367668 54.415794 4.576462
v -57.841248 57.665600 4.576462
v -49.071053 58.583065 1.949506
v -59.379112 49.084213 1.949507
v -58.839012 49.581806 2.408045
v -49.071053 58.583065 2.408044
v -62.921249 52.984241 2.591651
v -51.938995 63.104561 2.591650
v -48.437042 59.304283 2.591650
v -59.419212 49.183964 2.591651
v -49.678680 59.804379 2.484640
v -52.361183 62.715424 2.484640
v -49.256538 60.193478 2.484640
v -51.938995 63.104561 2.484640
v -60.627335 48.572533 2.231158
v -63.620003 51.838562 2.229849
v -63.620003 51.838562 5.898990
v -60.627335 48.572533 5.899653
v -63.727516 52.241295 1.820009
v -60.236130 48.431232 1.821490
v -48.437042 59.304283 1.821488
v -51.933716 63.109383 1.820007
v -48.015678 60.229290 10.940565
v -51.013603 63.473392 10.941875
v -40.597977 73.071541 10.941875
v -37.595421 69.831886 10.940565
v -37.234093 69.524879 9.861111
v -36.756035 69.965401 10.311825
v -36.756035 69.965401 6.690786
v -37.234093 69.524879 6.690786
v -41.711655 72.529030 9.867115
v -41.711655 72.529030 7.322980
v -38.559921 69.108650 7.322980
v -38.559921 69.108650 9.867115
v -46.036827 68.543388 9.867117
v -42.885033 65.123055 9.867117
v -46.036827 68.543388 7.322980
v -42.885033 65.123055 7.322980
v -39.358475 68.372917 9.104301
v -42.885033 65.123055 9.104301
v -42.885033 65.123055 8.040956
v -39.358475 68.372917 8.040956
v -46.036827 68.543388 9.104301
v -42.510300 71.793098 9.104301
v -42.510300 71.793098 8.040956
v -46.036827 68.543388 8.040956
v -47.666618 59.877438 10.667913
v -37.358452 69.376228 10.667913
v -37.898636 68.878563 10.209373
v -47.666618 59.877438 10.209375
v -40.956711 73.224663 10.025768
v -37.454857 69.424431 10.025768
v -48.834320 60.582588 6.308709
v -48.834320 60.582588 10.132780
v -51.516785 63.493641 10.132780
v -51.516785 63.493641 6.308709
v -37.454857 69.424431 6.307959
v -40.956711 73.224663 6.308707
v -36.746758 70.578575 10.386261
v -39.757797 73.827568 10.387569
v -39.757797 73.827568 6.718427
v -36.746758 70.578575 6.717763
v -40.150375 73.967690 10.797411
v -36.637932 70.177086 10.795929
v -51.944275 63.099724 10.797411
v -36.637932 70.177086 6.307959
v -40.150375 73.967674 6.308707
v -48.015678 60.229290 1.676852
v -37.595421 69.831886 1.676851
v -40.597977 73.071541 1.675541
v -51.013603 63.473392 1.675543
v -36.756035 69.965401 5.926646
v -36.756035 69.965401 2.305591
v -37.234093 69.524879 2.756322
v -37.234093 69.524879 5.926646
v -38.559921 69.108650 5.294435
v -41.711655 72.529030 5.294435
v -41.711655 72.529030 2.750301
v -38.559921 69.108650 2.750301
v -46.036827 68.543388 2.750301
v -42.885033 65.123055 2.750301
v -42.885033 65.123055 5.294436
v -46.036827 68.543388 5.294436
v -39.358475 68.372917 3.513115
v -42.885033 65.123055 3.513115
v -39.358475 68.372917 4.576460
v -42.885033 65.123055 4.576460
v -46.036827 68.543388 3.513115
v -42.510300 71.793098 3.513115
v -42.510300 71.793098 4.576460
v -46.036827 68.543388 4.576460
v -37.898636 68.878563 2.408043
v -37.358452 69.376228 1.949504
v -47.666618 59.877438 1.949505
v -47.666618 59.877438 2.408044
v -40.956711 73.224663 2.591648
v -37.454857 69.424431 2.591648
v -51.516785 63.493641 2.484640
v -48.834320 60.582588 2.484640
v -36.746758 70.578575 2.231156
v -36.746758 70.578575 5.899651
v -39.757797 73.827568 5.898987
v -39.757797 73.827568 2.229846
v -40.150375 73.967690 1.820006
v -36.637932 70.177086 1.821487
v -51.944275 63.099724 1.820007
v -55.862335 65.979652 10.940565
v -52.864418 62.735512 10.941875
v -63.280144 53.137554 10.941877
v -66.282555 56.377090 10.940567
v -66.643913 56.684238 9.861097
v -67.122063 56.243679 10.311829
v -67.122093 56.243725 6.690772
v -66.643974 56.684193 6.690772
v -65.318169 57.100334 7.322982
v -65.318169 57.100334 9.867119
v -60.993019 61.086010 9.867117
v -60.993019 61.086010 7.322982
v -64.519493 57.836163 9.104303
v -60.993019 61.086010 9.104303
v -60.993019 61.086010 8.040957
v -64.519493 57.836163 8.040958
v -56.211365 66.331718 10.667913
v -66.519493 56.832817 10.667915
v -65.979546 57.330486 10.209377
v -56.211365 66.331718 10.209375
v -66.423241 56.784737 10.025770
v -55.440918 66.904793 10.025768
v -55.043671 65.626472 6.308709
v -55.043671 65.626472 10.132780
v -54.621582 66.015602 10.132780
v -54.621582 66.015602 6.308709
v -66.423241 56.784737 6.307961
v -67.131096 55.630371 10.386263
v -64.120171 52.381420 10.387573
v -64.120171 52.381420 6.718430
v -67.131096 55.630371 6.717766
v -67.240166 56.031956 10.795933
v -55.440918 66.904793 10.795931
v -67.240166 56.031956 6.307961
v -55.862335 65.979652 1.676852
v -66.282555 56.377090 1.676853
v -63.280144 53.137554 1.675544
v -52.864388 62.735497 1.675543
v -67.122093 56.243725 5.926631
v -67.122093 56.243725 2.305594
v -66.643974 56.684193 2.756308
v -66.643974 56.684193 5.926631
v -65.318169 57.100334 5.294437
v -65.318169 57.100334 2.750304
v -60.993019 61.086010 2.750303
v -60.993019 61.086010 5.294437
v -64.519493 57.836163 3.513116
v -60.993019 61.086010 3.513116
v -64.519493 57.836163 4.576462
v -60.993019 61.086010 4.576462
v -65.979546 57.330486 2.408045
v -66.519493 56.832817 1.949507
v -56.211365 66.331718 1.949506
v -56.211365 66.331718 2.408044
v -66.423241 56.784737 2.591651
v -55.440918 66.904793 2.591650
v -55.043671 65.626472 2.484640
v -54.621582 66.015602 2.484640
v -67.131096 55.630371 2.231158
v -67.131096 55.630371 5.899653
v -64.120171 52.381420 5.898990
v -64.120171 52.381420 2.229849
v -67.240166 56.031956 1.821490
v -55.440918 66.904793 1.821488
v -54.484467 67.249275 10.940565
v -44.064079 76.851692 10.940565
v -41.080124 73.594780 10.941875
v -51.495850 63.996819 10.941875
v -43.862602 77.677284 6.690786
v -43.862602 77.677284 10.311825
v -44.340691 77.236839 9.861111
v -44.340691 77.236839 6.690786
v -44.863426 75.949196 7.322980
v -44.863426 75.949196 9.867115
v -49.188606 71.963722 9.867117
v -49.188606 71.963722 7.322980
v -45.662041 75.213356 9.104301
v -49.188606 71.963722 9.104301
v -45.662041 75.213356 8.040956
v -49.188606 71.963722 8.040956
v -45.039024 76.627266 10.209373
v -44.498955 77.124855 10.667913
v -54.806915 67.625984 10.667913
v -54.806915 67.625984 10.209375
v -44.458733 77.025032 10.025768
v -54.199341 66.404594 10.132780
v -54.199341 66.404594 6.308709
v -44.458733 77.025032 6.307959
v -43.250633 77.636436 10.386261
v -43.250633 77.636436 6.717763
v -40.258102 74.370461 6.718427
v -40.258102 74.370461 10.387569
v -43.641869 77.777855 10.795929
v -43.641869 77.777855 6.307959
v -54.484467 67.249275 1.676852
v -51.495850 63.996819 1.675543
v -41.080124 73.594780 1.675541
v -44.064079 76.851692 1.676851
v -44.340691 77.236839 2.756322
v -43.862602 77.677284 2.305591
v -43.862602 77.677284 5.926646
v -44.340691 77.236839 5.926646
v -44.863426 75.949196 5.294435
v -44.863426 75.949196 2.750301
v -49.188606 71.963722 2.750301
v -49.188606 71.963722 5.294436
v -45.662041 75.213356 3.513115
v -49.188606 71.963722 3.513115
v -49.188606 71.963722 4.576460
v -45.662041 75.213356 4.576460
v -54.806915 67.625969 1.949505
v -44.498955 77.124855 1.949504
v -45.039024 76.627266 2.408043
v -54.806915 67.625969 2.408044
v -44.458733 77.025032 2.591648
v -54.199341 66.404594 2.484640
v -43.250633 77.636436 2.231156
v -40.258102 74.370461 2.229846
v -40.258102 74.370461 5.898987
v -43.250633 77.636436 5.899651
v -43.641869 77.777855 1.821487
v -56.539032 54.263462 5.223114
v -56.539032 54.263462 7.112449
v 45.522293 -53.857555 5.364042
v -55.210938 55.487381 5.223114
v 47.400436 -55.895679 6.308709
v 53.173454 -56.692265 6.308709
v 51.295250 -54.654049 5.364042
v -52.485939 57.998436 5.223114
v -49.609993 60.648674 5.223114
v -49.609993 60.648674 7.112448
v -52.485939 57.998436 7.112449
v 51.295250 -54.654049 7.253376
v 45.522293 -53.857555 7.253377
v -55.210938 55.487381 7.112449
v -42.680740 67.033821 7.112447
v -42.680740 67.033821 5.223113
v -44.009087 65.810036 5.223113
v 56.754646 -43.507069 5.364040
v 57.077545 -49.325535 5.364041
v 58.955788 -51.363720 6.308708
v 58.632683 -45.545033 6.308708
v -46.734001 63.298939 5.223113
v -46.734001 63.298939 7.112448
v 57.077545 -49.325535 7.253376
v 56.754646 -43.507069 7.253375
v -44.009087 65.810036 7.112447
v -66.595421 56.053722 7.962304
v -60.986122 49.966518 7.962304
v -60.986122 49.966518 4.655117
v -66.595421 56.053722 4.655117
v -43.716270 77.137169 7.962301
v -38.106918 71.049950 7.962301
v -43.716270 77.137169 4.655114
v -38.106918 71.049950 4.655114
v -80.994926 96.014427 7.258445
v -56.060730 68.956154 7.258445
v -56.747711 68.323021 7.405377
v -81.681908 95.381142 7.405377
v -55.557861 69.419594 6.857043
v -80.491966 96.477882 6.857043
v -80.307823 96.647408 6.308709
v -55.373749 69.589333 6.308709
v -80.491966 96.477882 5.760374
v -55.557861 69.419594 5.760374
v -80.994926 96.014427 5.358972
v -56.060730 68.956154 5.358972
v -81.681908 95.381142 5.212039
v -56.747711 68.323021 5.212039
v -57.434784 67.689949 5.358972
v -82.368950 94.748070 5.358972
v -57.937744 67.226402 5.760375
v -82.871880 94.284584 5.760375
v -83.056023 94.115013 6.308709
v -58.121796 67.056679 6.308709
v -57.937744 67.226402 6.857043
v -82.871880 94.284584 6.857043
v -55.768158 69.225639 4.954543
v -55.051056 69.886589 5.526877
v -82.368950 94.748070 7.258445
v -57.434784 67.689919 7.258445
v -56.747711 68.323021 7.872371
v -57.727386 67.420341 7.662875
v -56.747711 68.323021 4.745047
v -57.727386 67.420341 4.954543
v -55.768158 69.225639 7.662875
v -55.051056 69.886589 7.090539
v -58.444359 66.759468 5.526878
v -58.706993 66.517555 6.308709
v -54.788605 70.128365 6.308708
v -53.711670 66.993950 7.662875
v -54.691284 66.091194 7.872371
v -55.670868 65.188515 7.662875
v -52.994576 67.654839 5.526877
v -52.732002 67.896736 6.308708
v -53.711670 66.993950 4.954543
v -54.691284 66.091194 4.745047
v -55.670868 65.188515 4.954543
v -52.994576 67.654839 7.090539
v -56.387939 64.527626 7.090539
v -58.444420 66.759422 7.090539
v -56.650452 64.285835 6.308709
v -56.387939 64.527702 5.526878
v -82.820610 93.965355 4.719652
v -80.177727 96.400688 4.719651
v -81.308769 97.628029 4.719651
v -83.951744 95.192604 4.719652
v -80.732018 98.159676 5.202514
v -79.600853 96.932213 5.202514
v -79.600853 96.932213 7.414903
v -80.732018 98.159676 7.414903
v -80.177727 96.400688 7.897767
v -84.528526 94.660988 7.414904
v -83.397423 93.433754 7.414904
v -83.397423 93.433754 5.202514
v -84.528526 94.660988 5.202514
v -81.308769 97.628029 7.897767
v -82.820610 93.965355 7.897767
v -83.951744 95.192604 7.897767
v -13.333076 16.544510 4.524394
v -12.739784 17.091253 4.266471
v -32.068169 38.066113 4.266471
v -32.661461 37.519344 4.524394
v -12.146446 17.637907 4.524394
v -31.474846 38.612782 4.524394
v -13.550240 16.344423 5.168614
v -32.878532 37.319363 5.168614
v -11.929379 17.838022 5.168613
v -31.257721 38.812912 5.168613
v 0.000000 55.656200 4.000000
v 0.000000 70.710701 0.000000
v 70.710701 0.000000 0.000000
v 55.656200 0.000000 4.000000
v 0.000000 -70.710602 0.000000
v 0.000000 -55.656101 4.000000
v -70.710701 0.000000 0.000000
v -55.656101 0.000000 4.000000
v 0.000000 55.656200 -4.000000
v 55.656200 0.000000 -4.000000
v 0.000000 -55.656101 -4.000000
v -55.656101 0.000000 -4.000000
v 58.278511 -56.430531 6.308709
v 56.400238 -54.392345 7.253376
v 56.400238 -54.392345 5.364041
v 42.683151 -53.441723 6.308710
v 40.805122 -51.403591 5.364042
v 40.805122 -51.403591 7.253377
v 54.693710 -38.605350 5.364040
v 56.571693 -40.643330 6.308708
v 54.693710 -38.605350 7.253375
v -49.393562 58.959732 10.940565
v -59.813919 49.357418 10.940567
v -62.797897 52.614292 10.941877
v -52.382149 62.212322 10.941875
v -60.015305 48.531677 6.690772
v -60.015305 48.531677 10.311829
v -59.537498 48.972240 9.861097
v -59.537407 48.972275 6.690772
v -59.014404 50.259701 7.322982
v -62.166359 53.680019 7.322982
v -62.166359 53.680019 9.867119
v -59.014404 50.259701 9.867119
v -57.841248 57.665600 9.867117
v -54.689423 54.245346 9.867117
v -54.689423 54.245346 7.322982
v -57.841248 57.665600 7.322982
v -58.215973 50.995659 9.104303
v -54.689423 54.245346 9.104303
v -58.215973 50.995659 8.040958
v -54.689423 54.245346 8.040957
v -57.841248 57.665600 9.104303
v -61.367668 54.415794 9.104303
v -61.367668 54.415794 8.040958
v -57.841248 57.665600 8.040957
v -58.839043 49.581806 10.209377
v -59.379112 49.084213 10.667915
v -49.071053 58.583065 10.667913
v -49.071053 58.583065 10.209375
v -62.921249 52.984241 10.025770
v -59.419212 49.183964 10.025770
v -48.437042 59.304283 10.025768
v -51.938995 63.104576 10.025768
v -52.361183 62.715424 10.132780
v -49.678680 59.804379 10.132780
v -49.678680 59.804379 6.308709
v -52.361183 62.715424 6.308709
v -49.256538 60.193478 10.132780
v -51.938995 63.104576 10.132780
v -51.938995 63.104561 6.308709
v -49.256538 60.193478 6.308709
v -62.921249 52.984241 6.308710
v -59.419212 49.183964 6.307961
v -60.627335 48.572533 10.386263
v -60.627335 48.572533 6.717766
v -63.620003 51.838562 6.718430
v -63.620003 51.838562 10.387573
v -63.727516 52.241295 10.797413
v -60.236130 48.431232 10.795933
v -48.437042 59.304283 10.795931
v -51.933716 63.109383 10.797411
v -60.236130 48.431232 6.307961
v -63.727516 52.241295 6.308710
v -49.393562 58.959732 1.676852
v -52.382210 62.212322 1.675543
v -62.797897 52.614292 1.675544
v -59.813919 49.357418 1.676853
v -59.537407 48.972275 2.756308
v -60.015305 48.531677 2.305594
v -60.015305 48.531677 5.926631
v -59.537407 48.972275 5.926631
v -62.166359 53.680019 2.750304
v -62.166359 53.680019 5.294437
v -59.014404 50.259701 5.294437
v -59.014404 50.259701 2.750304
v -54.689423 54.245346 2.750303
v -57.841248 57.665600 2.750303
v -54.689423 54.245346 5.294437
v -57.841248 57.665600 5.294437
v -58.215973 50.995659 3.513116
v -54.689423 54.245346 3.513116
v -54.689423 54.245346 4.576462
v -58.215973 50.995659 4.576462
v -61.367668 54.415794 3.513116
v -57.841248 57.665600 3.513116
v -61.367668 54.415794 4.576462
v -57.841248 57.665600 4.576462
v -49.071053 58.583065 1.949506
v -59.379112 49.084213 1.949507
v -58.839012 49.581806 2.408045
v -49.071053 58.583065 2.408044
v -62.921249 52.984241 2.591651
v -51.938995 63.104561 2.591650
v -48.437042 59.304283 2.591650
v -59.419212 49.183964 2.591651
v -49.678680 59.804379 2.484640
v -52.361183 62.715424 2.484640
v -49.256538 60.193478 2.484640
v -51.938995 63.104561 2.484640
v -60.627335 48.572533 2.231158
v -63.620003 51.838562 2.229849
v -63.620003 51.838562 5.898990
v -60.627335 48.572533 5.899653
v -63.727516 52.241295 1.820009
v -60.236130 48.431232 1.821490
v -48.437042 59.304283 1.821488
v -51.933716 63.109383 1.820007
v -48.015678 60.229290 10.940565
v -51.013603 63.473392 10.941875
v -40.597977 73.071541 10.941875
v -37.595421 69.831886 10.940565
v -37.234093 69.524879 9.861111
v -36.756035 69.965401 10.311825
v -36.756035 69.965401 6.690786
v -37.234093 69.524879 6.690786
v -41.711655 72.529030 9.867115
v -41.711655 72.529030 7.322980
v -38.559921 69.108650 7.322980
v -38.559921 69.108650 9.867115
v -46.036827 68.543388 9.867117
v -42.885033 65.123055 9.867117
v -46.036827 68.543388 7.322980
v -42.885033 65.123055 7.322980
v -39.358475 68.372917 9.104301
v -42.885033 65.123055 9.104301
v -42.885033 65.123055 8.040956
v -39.358475 68.372917 8.040956
v -46.036827 68.543388 9.104301
v -42.510300 71.793098 9.104301
v -42.510300 71.793098 8.040956
v -46.036827 68.543388 8.040956
v -47.666618 59.877438 10.667913
v -37.358452 69.376228 10.667913
v -37.898636 68.878563 10.209373
v -47.666618 59.877438 10.209375
v -40.956711 73.224663 10.025768
v -37.454857 69.424431 10.025768
v -48.834320 60.582588 6.308709
v -48.834320 60.582588 10.132780
v -51.516785 63.493641 10.132780
v -51.516785 63.493641 6.308709
v -37.454857 69.424431 6.307959
v -40.956711 73.224663 6.308707
v -36.746758 70.578575 10.386261
v -39.757797 73.827568 10.387569
v -39.757797 73.827568 6.718427
v -36.746758 70.578575 6.717763
v -40.150375 73.967690 10.797411
v -36.637932 70.177086 10.795929
v -51.944275 63.099724 10.797411
v -36.637932 70.177086 6.307959
v -40.150375 73.967674 6.308707
v -48.015678 60.229290 1.676852
v -37.595421 69.831886 1.676851
v -40.597977 73.071541 1.675541
v -51.013603 63.473392 1.675543
v -36.756035 69.965401 5.926646
v -36.756035 69.965401 2.305591
v -37.234093 69.524879 2.756322
v -37.234093 69.524879 5.926646
v -38.559921 69.108650 5.294435
v -41.711655 72.529030 5.294435
v -41.711655 72.529030 2.750301
v -38.559921 69.108650 2.750301
v -46.036827 68.543388 2.750301
v -42.885033 65.123055 2.750301
v -42.885033 65.123055 5.294436
v -46.036827 68.543388 5.294436
v -39.358475 68.372917 3.513115
v -42.885033 65.123055 3.513115
v -39.358475 68.372917 4.576460
v -42.885033 65.123055 4.576460
v -46.036827 68.543388 3.513115
v -42.510300 71.793098 3.513115
v -42.510300 71.793098 4.576460
v -46.036827 68.543388 4.576460
v -37.898636 68.878563 2.408043
v -37.358452 69.376228 1.949504
v -47.666618 59.877438 1.949505
v -47.666618 59.877438 2.408044
v -40.956711 73.224663 2.591648
v -37.454857 69.424431 2.591648
v -51.516785 63.493641 2.484640
v -48.834320 60.582588 2.484640
v -36.746758 70.578575 2.231156
v -36.746758 70.578575 5.899651
v -39.757797 73.827568 5.898987
v -39.757797 73.827568 2.229846
v -40.150375 73.967690 1.820006
v -36.637932 70.177086 1.821487
v -51.944275 63.099724 1.820007
v -55.862335 65.979652 10.940565
v -52.864418 62.735512 10.941875
v -63.280144 53.137554 10.941877
v -66.282555 56.377090 10.940567
v -66.643913 56.684238 9.861097
v -67.122063 56.243679 10.311829
v -67.122093 56.243725 6.690772
v -66.643974 56.684193 6.690772
v -65.318169 57.100334 7.322982
v -65.318169 57.100334 9.867119
v -60.993019 61.086010 9.867117
v -60.993019 61.086010 7.322982
v -64.519493 57.836163 9.104303
v -60.993019 61.086010 9.104303
v -60.993019 61.086010 8.040957
v -64.519493 57.836163 8.040958
v -56.211365 66.331718 10.667913
v -66.519493 56.832817 10.667915
v -65.979546 57.330486 10.209377
v -56.211365 66.331718 10.209375
v -66.423241 56.784737 10.025770
v -55.440918 66.904793 10.025768
v -55.043671 65.626472 6.308709
v -55.043671 65.626472 10.132780
v -54.621582 66.015602 10.132780
v -54.621582 66.015602 6.308709
v -66.423241 56.784737 6.307961
v -67.131096 55.630371 10.386263
v -64.120171 52.381420 10.387573
v -64.120171 52.381420 6.718430
v -67.131096 55.630371 6.717766
v -67.240166 56.031956 10.795933
v -55.440918 66.904793 10.795931
v -67.240166 56.031956 6.307961
v -55.862335 65.979652 1.676852
v -66.282555 56.377090 1.676853
v -63.280144 53.137554 1.675544
v -52.864388 62.735497 1.675543
v -67.122093 56.243725 5.926631
v -67.122093 56.243725 2.305594
v -66.643974 56.684193 2.756308
v -66.643974 56.684193 5.926631
v -65.318169 57.100334 5.294437
v -65.318169 57.100334 2.750304
v -60.993019 61.086010 2.750303
v -60.993019 61.086010 5.294437
v -64.519493 57.836163 3.513116
v -60.993019 61.086010 3.513116
v -64.519493 57.836163 4.576462
v -60.993019 61.086010 4.576462
v -65.979546 57.330486 2.408045
v -66.519493 56.832817 1.949507
v -56.211365 66.331718 1.949506
v -56.211365 66.331718 2.408044
v -66.423241 56.784737 2.591651
v -55.440918 66.904793 2.591650
v -55.043671 65.626472 2.484640
v -54.621582 66.015602 2.484640
v -67.131096 55.630371 2.231158
v -67.131096 55.630371 5.899653
v -64.120171 52.381420 5.898990
v -64.120171 52.381420 2.229849
v -67.240166 56.031956 1.821490
v -55.440918 66.904793 1.821488
v -54.484467 67.249275 10.940565
v -44.064079 76.851692 10.940565
v -41.080124 73.594780 10.941875
v -51.495850 63.996819 10.941875
v -43.862602 77.677284 6.690786
v -43.862602 77.677284 10.311825
v -44.340691 77.236839 9.861111
v -44.340691 77.236839 6.690786
v -44.863426 75.949196 7.322980
v -44.863426 75.949196 9.867115
v -49.188606 71.963722 9.867117
v -49.188606 71.963722 7.322980
v -45.662041 75.213356 9.104301
v -49.188606 71.963722 9.104301
v -45.662041 75.213356 8.040956
v -49.188606 71.963722 8.040956
v -45.039024 76.627266 10.209373
v -44.498955 77.124855 10.667913
v -54.806915 67.625984 10.667913
v -54.806915 67.625984 10.209375
v -44.458733 77.025032 10.025768
v -54.199341 66.404594 10.132780
v -54.199341 66.404594 6.308709
v -44.458733 77.025032 6.307959
v -43.250633 77.636436 10.386261
v -43.250633 77.636436 6.717763
v -40.258102 74.370461 6.718427
v -40.258102 74.370461 10.387569
v -43.641869 77.777855 10.795929
v -43.641869 77.777855 6.307959
v -54.484467 67.249275 1.676852
v -51.495850 63.996819 1.675543
v -41.080124 73.594780 1.675541
v -44.064079 76.851692 1.676851
v -44.340691 77.236839 2.756322
v -43.862602 77.677284 2.305591
v -43.862602 77.677284 5.926646
v -44.340691 77.236839 5.926646
v -44.863426 75.949196 5.294435
v -44.863426 75.949196 2.750301
v -49.188606 71.963722 2.750301
v -49.188606 71.963722 5.294436
v -45.662041 75.213356 3.513115
v -49.188606 71.963722 3.513115
v -49.188606 71.963722 4.576460
v -45.662041 75.213356 4.576460
v -54.806915 67.625969 1.949505
v -44.498955 77.124855 1.949504
v -45.039024 76.627266 2.408043
v -54.806915 67.625969 2.408044
v -44.458733 77.025032 2.591648
v -54.199341 66.404594 2.484640
v -43.250633 77.636436 2.231156
v -40.258102 74.370461 2.229846
v -40.258102 74.370461 5.898987
v -43.250633 77.636436 5.899651
v -43.641869 77.777855 1.821487
v -56.539032 54.263462 5.223114
v -56.539032 54.263462 7.112449
v 45.522293 -53.857555 5.364042
v -55.210938 55.487381 5.223114
v 47.400436 -55.895679 6.308709
v 53.173454 -56.692265 6.308709
v 51.295250 -54.654049 5.364042
v -52.485939 57.998436 5.223114
v -49.609993 60.648674 5.223114
v -49.609993 60.648674 7.112448
v -52.485939 57.998436 7.112449
v 51.295250 -54.654049 7.253376
v 45.522293 -53.857555 7.253377
v -55.210938 55.487381 7.112449
v -42.680740 67.033821 7.112447
v -42.680740 67.033821 5.223113
v -44.009087 65.810036 5.223113
v 56.754646 -43.507069 5.364040
v 57.077545 -49.325535 5.364041
v 58.955788 -51.363720 6.308708
v 58.632683 -45.545033 6.308708
v -46.734001 63.298939 5.223113
v -46.734001 63.298939 7.112448
v 57.077545 -49.325535 7.253376
v 56.754646 -43.507069 7.253375
v -44.009087 65.810036 7.112447
v -66.595421 56.053722 7.962304
v -60.986122 49.966518 7.962304
v -60.986122 49.966518 4.655117
v -66.595421 56.053722 4.655117
v -43.716270 77.137169 7.962301
v -38.106918 71.049950 7.962301
v -43.716270 77.137169 4.655114
v -38.106918 71.049950 4.655114
v -80.994926 96.014427 7.258445
v -56.060730 68.956154 7.258445
v -56.747711 68.323021 7.405377
v -81.681908 95.381142 7.405377
v -55.557861 69.419594 6.857043
v -80.491966 96.477882 6.857043
v -80.307823 96.647408 6.308709
v -55.373749 69.589333 6.308709
v -80.491966 96.477882 5.760374
v -55.557861 69.419594 5.760374
v -80.994926 96.014427 5.358972
v -56.060730 68.956154 5.358972
v -81.681908 95.381142 5.212039
v -56.747711 68.323021 5.212039
v -57.434784 67.689949 5.358972
v -82.368950 94.748070 5.358972
v -57.937744 67.226402 5.760375
v -82.871880 94.284584 5.760375
v -83.056023 94.115013 6.308709
v -58.121796 67.056679 6.308709
v -57.937744 67.226402 6.857043
v -82.871880 94.284584 6.857043
v -55.768158 69.225639 4.954543
v -55.051056 69.886589 5.526877
v -82.368950 94.748070 7.258445
v -57.434784 67.689919 7.258445
v -56.747711 68.323021 7.872371
v -57.727386 67.420341 7.662875
v -56.747711 68.323021 4.745047
v -57.727386 67.420341 4.954543
v -55.768158 69.225639 7.662875
v -55.051056 69.886589 7.090539
v -58.444359 66.759468 5.526878
v -58.706993 66.517555 6.308709
v -54.788605 70.128365 6.308708
v -53.711670 66.993950 7.662875
v -54.691284 66.091194 7.872371
v -55.670868 65.188515 7.662875
v -52.994576 67.654839 5.526877
v -52.732002 67.896736 6.308708
v -53.711670 66.993950 4.954543
v -54.691284 66.091194 4.745047
v -55.670868 65.188515 4.954543
v -52.994576 67.654839 7.090539
v -56.387939 64.527626 7.090539
v -58.444420 66.759422 7.090539
v -56.650452 64.285835 6.308709
v -56.387939 64.527702 5.526878
v -82.820610 93.965355 4.719652
v -80.177727 96.400688 4.719651
v -81.308769 97.628029 4.719651
v -83.951744 95.192604 4.719652
v -80.732018 98.159676 5.202514
v -79.600853 96.932213 5.202514
v -79.600853 96.932213 7.414903
v -80.732018 98.159676 7.414903
v -80.177727 96.400688 7.897767
v -84.528526 94.660988 7.414904
v -83.397423 93.433754 7.414904
v -83.397423 93.433754 5.202514
v -84.528526 94.660988 5.202514
v -81.308769 97.628029 7.897767
v -82.820610 93.965355 7.897767
v -83.951744 95.192604 7.897767
v -13.333076 16.544510 4.524394
v -12.739784 17.091253 4.266471
v -32.068169 38.066113 4.266471
v -32.661461 37.519344 4.524394
v -12.146446 17.637907 4.524394
v -31.474846 38.612782 4.524394
v -13.550240 16.344423 5.168614
v -32.878532 37.319363 5.168614
v -11.929379 17.838022 5.168613
v -31.257721 38.812912 5.168613
v 0.000000 55.656200 4.000000
v 0.000000 70.710701 0.000000
v 70.710701 0.000000 0.000000
v 55.656200 0.000000 4.000000
v 0.000000 -70.710602 0.000000
v 0.000000 -55.656101 4.000000
v -70.710701 0.000000 0.000000
v -55.656101 0.000000 4.000000
v 0.000000 55.656200 -4.000000
v 55.656200 0.000000 -4.000000
v 0.000000 -55.656101 -4.000000
v -55.656101 0.000000 -4.000000
v 58.278511 -56.430531 6.308709
v 56.400238 -54.392345 7.253376
v 56.400238 -54.392345 5.364041
v 42.683151 -53.441723 6.308710
v 40.805122 -51.403591 5.364042
v 40.805122 -51.403591 7.253377
v 54.693710 -38.605350 5.364040
v 56.571693 -40.643330 6.308708
v 54.693710 -38.605350 7.253375
v -49.393562 58.959732 10.940565
v -59.813919 49.357418 10.940567
v -62.797897 52.614292 10.941877
v -52.382149 62.212322 10.941875
v -60.015305 48.531677 6.690772
v -60.015305 48.531677 10.311829
v -59.537498 48.972240 9.861097
v -59.537407 48.972275 6.690772
v -59.014404 50.259701 7.322982
v -62.166359 53.680019 7.322982
v -62.166359 53.680019 9.867119
v -59.014404 50.259701 9.867119
v -57.841248 57.665600 9.867117
v -54.689423 54.245346 9.867117
v -54.689423 54.245346 7.322982
v -57.841248 57.665600 7.322982
v -58.215973 50.995659 9.104303
v -54.689423 54.245346 9.104303
v -58.215973 50.995659 8.040958
v -54.689423 54.245346 8.040957
v -57.841248 57.665600 9.104303
v -61.367668 54.415794 9.104303
v -61.367668 54.415794 8.040958
v -57.841248 57.665600 8.040957
v -58.839043 49.581806 10.209377
v -59.379112 49.084213 10.667915
v -49.071053 58.583065 10.667913
v -49.071053 58.583065 10.209375
v -62.921249 52.984241 10.025770
v -59.419212 49.183964 10.025770
v -48.437042 59.304283 10.025768
v -51.938995 63.104576 10.025768
v -52.361183 62.715424 10.132780
v -49.678680 59.804379 10.132780
v -49.678680 59.804379 6.308709
v -52.361183 62.715424 6.308709
v -49.256538 60.193478 10.132780
v -51.938995 63.104576 10.132780
v -51.938995 63.104561 6.308709
v -49.256538 60.193478 6.308709
v -62.921249 52.984241 6.308710
v -59.419212 49.183964 6.307961
v -60.627335 48.572533 10.386263
v -60.627335 48.572533 6.717766
v -63.620003 51.838562 6.718430
v -63.620003 51.838562 10.387573
v -63.727516 52.241295 10.797413
v -60.236130 48.431232 10.795933
v -48.437042 59.304283 10.795931
v -51.933716 63.109383 10.797411
v -60.236130 48.431232 6.307961
v -63.727516 52.241295 6.308710
v -49.393562 58.959732 1.676852
v -52.382210 62.212322 1.675543
v -62.797897 52.614292 1.675544
v -59.813919 49.357418 1.676853
v -59.537407 48.972275 2.756308
v -60.015305 48.531677 2.305594
v -60.015305 48.531677 5.926631
v -59.537407 48.972275 5.926631
v -62.166359 53.680019 2.750304
v -62.166359 53.680019 5.294437
v -59.014404 50.259701 5.294437
v -59.014404 50.259701 2.750304
v -54.689423 54.245346 2.750303
v -57.841248 57.665600 2.750303
v -54.689423 54.245346 5.294437
v -57.841248 57.665600 5.294437
v -58.215973 50.995659 3.513116
v -54.689423 54.245346 3.513116
v -54.689423 54.245346 4.576462
v -58.215973 50.995659 4.576462
v -61.367668 54.415794 3.513116
v -57.841248 57.665600 3.513116
v -61.367668 54.415794 4.576462
v -57.841248 57.665600 4.576462
v -49.071053 58.583065 1.949506
v -59.379112 49.084213 1.949507
v -58.839012 49.581806 2.408045
v -49.071053 58.583065 2.408044
v -62.921249 52.984241 2.591651
v -51.938995 63.104561 2.591650
v -48.437042 59.304283 2.591650
v -59.419212 49.183964 2.591651
v -49.678680 59.804379 2.484640
v -52.361183 62.715424 2.484640
v -49.256538 60.193478 2.484640
v -51.938995 63.104561 2.484640
v -60.627335 48.572533 2.231158
v -63.620003 51.838562 2.229849
v -63.620003 51.838562 5.898990
v -60.627335 48.572533 5.899653
v -63.727516 52.241295 1.820009
v -60.236130 48.431232 1.821490
v -48.437042 59.304283 1.821488
v -51.933716 63.109383 1.820007
v -48.015678 60.229290 10.940565
v -51.013603 63.473392 10.941875
v -40.597977 73.071541 10.941875
v -37.595421 69.831886 10.940565
v -37.234093 69.524879 9.861111
v -36.756035 69.965401 10.311825
v -36.756035 69.965401 6.690786
v -37.234093 69.524879 6.690786
v -41.711655 72.529030 9.867115
v -41.711655 72.529030 7.322980
v -38.559921 69.108650 7.322980
v -38.559921 69.108650 9.867115
v -46.036827 68.543388 9.867117
v -42.885033 65.123055 9.867117
v -46.036827 68.543388 7.322980
v -42.885033 65.123055 7.322980
v -39.358475 68.372917 9.104301
v -42.885033 65.123055 9.104301
v -42.885033 65.123055 8.040956
v -39.358475 68.372917 8.040956
v -46.036827 68.543388 9.104301
v -42.510300 71.793098 9.104301
v -42.510300 71.793098 8.040956
v -46.036827 68.543388 8.040956
v -47.666618 59.877438 10.667913
v -37.358452 69.376228 10.667913
v -37.898636 68.878563 10.209373
v -47.666618 59.877438 10.209375
v -40.956711 73.224663 10.025768
v -37.454857 69.424431 10.025768
v -48.834320 60.582588 6.308709
v -48.834320 60.582588 10.132780
v -51.516785 63.493641 10.132780
v -51.516785 63.493641 6.308709
v -37.454857 69.424431 6.307959
v -40.956711 73.224663 6.308707
v -36.746758 70.578575 10.386261
v -39.757797 73.827568 10.387569
v -39.757797 73.827568 6.718427
v -36.746758 70.578575 6.717763
v -40.150375 73.967690 10.797411
v -36.637932 70.177086 10.795929
v -51.944275 63.099724 10.797411
v -36.637932 70.177086 6.307959
v -40.150375 73.967674 6.308707
v -48.015678 60.229290 1.676852
v -37.595421 69.831886 1.676851
v -40.597977 73.071541 1.675541
v -51.013603 63.473392 1.675543
v -36.756035 69.965401 5.926646
v -36.756035 69.965401 2.305591
v -37.234093 69.524879 2.756322
v -37.234093 69.524879 5.926646
v -38.559921 69.108650 5.294435
v -41.711655 72.529030 5.294435
v -41.711655 72.529030 2.750301
v -38.559921 69.108650 2.750301
v -46.036827 68.543388 2.750301
v -42.885033 65.123055 2.750301
v -42.885033 65.123055 5.294436
v -46.036827 68.543388 5.294436
v -39.358475 68.372917 3.513115
v -42.885033 65.123055 3.513115
v -39.358475 68.372917 4.576460
v -42.885033 65.123055 4.576460
v -46.036827 68.543388 3.513115
v -42.510300 71.793098 3.513115
v -42.510300 71.793098 4.576460
v -46.036827 68.543388 4.576460
v -37.898636 68.878563 2.408043
v -37.358452 69.376228 1.949504
v -47.666618 59.877438 1.949505
v -47.666618 59.877438 2.408044
v -40.956711 73.224663 2.591648
v -37.454857 69.424431 2.591648
v -51.516785 63.493641 2.484640
v -48.834320 60.582588 2.484640
v -36.746758 70.578575 2.231156
v -36.746758 70.578575 5.899651
v -39.757797 73.827568 5.898987
v -39.757797 73.827568 2.229846
v -40.150375 73.967690 1.820006
v -36.637932 70.177086 1.821487
v -51.944275 63.099724 1.820007
v -55.862335 65.979652 10.940565
v -52.864418 62.735512 10.941875
v -63.280144 53.137554 10.941877
v -66.282555 56.377090 10.940567
v -66.643913 56.684238 9.861097
v -67.122063 56.243679 10.311829
v -67.122093 56.243725 6.690772
v -66.643974 56.684193 6.690772
v -65.318169 57.100334 7.322982
v -65.318169 57.100334 9.867119
v -60.993019 61.086010 9.867117
v -60.993019 61.086010 7.322982
v -64.519493 57.836163 9.104303
v -60.993019 61.086010 9.104303
v -60.993019 61.086010 8.040957
v -64.519493 57.836163 8.040958
v -56.211365 66.331718 10.667913
v -66.519493 56.832817 10.667915
v -65.979546 57.330486 10.209377
v -56.211365 66.331718 10.209375
v -66.423241 56.784737 10.025770
v -55.440918 66.904793 10.025768
v -55.043671 65.626472 6.308709
v -55.043671 65.626472 10.132780
v -54.621582 66.015602 10.132780
v -54.621582 66.015602 6.308709
v -66.423241 56.784737 6.307961
v -67.131096 55.630371 10.386263
v -64.120171 52.381420 10.387573
v -64.120171 52.381420 6.718430
v -67.131096 55.630371 6.717766
v -67.240166 56.031956 10.795933
v -55.440918 66.904793 10.795931
v -67.240166 56.031956 6.307961
v -55.862335 65.979652 1.676852
v -66.282555 56.377090 1.676853
v -63.280144 53.137554 1.675544
v -52.864388 62.735497 1.675543
v -67.122093 56.243725 5.926631
v -67.122093 56.243725 2.305594
v -66.643974 56.684193 2.756308
v -66.643974 56.684193 5.926631
v -65.318169 57.100334 5.294437
v -65.318169 57.100334 2.750304
v -60.993019 61.086010 2.750303
v -60.993019 61.086010 5.294437
v -64.519493 57.836163 3.513116
v -60.993019 61.086010 3.513116
v -64.519493 57.836163 4.576462
v -60.993019 61.086010 4.576462
v -65.979546 57.330486 2.408045
v -66.519493 56.832817 1.949507
v -56.211365 66.331718 1.949506
v -56.211365 66.331718 2.408044
v -66.423241 56.784737 2.591651
v -55.440918 66.904793 2.591650
v -55.043671 65.626472 2.484640
v -54.621582 66.015602 2.484640
v -67.131096 55.630371 2.231158
v -67.131096 55.630371 5.899653
v -64.120171 52.381420 5.898990
v -64.120171 52.381420 2.229849
v -67.240166 56.031956 1.821490
v -55.440918 66.904793 1.821488
v -54.484467 67.249275 10.940565
v -44.064079 76.851692 10.940565
v -41.080124 73.594780 10.941875
v -51.495850 63.996819 10.941875
v -43.862602 77.677284 6.690786
v -43.862602 77.677284 10.311825
v -44.340691 77.236839 9.861111
v -44.340691 77.236839 6.690786
v -44.863426 75.949196 7.322980
v -44.863426 75.949196 9.867115
v -49.188606 71.963722 9.867117
v -49.188606 71.963722 7.322980
v -45.662041 75.213356 9.104301
v -49.188606 71.963722 9.104301
v -45.662041 75.213356 8.040956
v -49.188606 71.963722 8.040956
v -45.039024 76.627266 10.209373
v -44.498955 77.124855 10.667913
v -54.806915 67.625984 10.667913
v -54.806915 67.625984 10.209375
v -44.458733 77.025032 10.025768
v -54.199341 66.404594 10.132780
v -54.199341 66.404594 6.308709
v -44.458733 77.025032 6.307959
v -43.250633 77.636436 10.386261
v -43.250633 77.636436 6.717763
v -40.258102 74.370461 6.718427
v -40.258102 74.370461 10.387569
v -43.641869 77.777855 10.795929
v -43.641869 77.777855 6.307959
v -54.484467 67.249275 1.676852
v -51.495850 63.996819 1.675543
v -41.080124 73.594780 1.675541
v -44.064079 76.851692 1.676851
v -44.340691 77.236839 2.756322
v -43.862602 77.677284 2.305591
v -43.862602 77.677284 5.926646
v -44.340691 77.236839 5.926646
v -44.863426 75.949196 5.294435
v -44.863426 75.949196 2.750301
v -49.188606 71.963722 2.750301
v -49.188606 71.963722 5.294436
v -45.662041 75.213356 3.513115
v -49.188606 71.963722 3.513115
v -49.188606 71.963722 4.576460
v -45.662041 75.213356 4.576460
v -54.806915 67.625969 1.949505
v -44.498955 77.124855 1.949504
v -45.039024 76.627266 2.408043
v -54.806915 67.625969 2.408044
v -44.458733 77.025032 2.591648
v -54.199341 66.404594 2.484640
v -43.250633 77.636436 2.231156
v -40.258102 74.370461 2.229846
v -40.258102 74.370461 5.898987
v -43.250633 77.636436 5.899651
v -43.641869 77.777855 1.821487
v -56.539032 54.263462 5.223114
v -56.539032 54.263462 7.112449
v 45.522293 -53.857555 5.364042
v -55.210938 55.487381 5.223114
v 47.400436 -55.895679 6.308709
v 53.173454 -56.692265 6.308709
v 51.295250 -54.654049 5.364042
v -52.485939 57.998436 5.223114
v -49.609993 60.648674 5.223114
v -49.609993 60.648674 7.112448
v -52.485939 57.998436 7.112449
v 51.295250 -54.654049 7.253376
v 45.522293 -53.857555 7.253377
v -55.210938 55.487381 7.112449
v -42.680740 67.033821 7.112447
v -42.680740 67.033821 5.223113
v -44.009087 65.810036 5.223113
v 56.754646 -43.507069 5.364040
v 57.077545 -49.325535 5.364041
v 58.955788 -51.363720 6.308708
v 58.632683 -45.545033 6.308708
v -46.734001 63.298939 5.223113
v -46.734001 63.298939 7.112448
v 57.077545 -49.325535 7.253376
v 56.754646 -43.507069 7.253375
v -44.009087 65.810036 7.112447
v -66.595421 56.053722 7.962304
v -60.986122 49.966518 7.962304
v -60.986122 49.966518 4.655117
v -66.595421 56.053722 4.655117
v -43.716270 77.137169 7.962301
v -38.106918 71.049950 7.962301
v -43.716270 77.137169 4.655114
v -38.106918 71.049950 4.655114
v -80.994926 96.014427 7.258445
v -56.060730 68.956154 7.258445
v -56.747711 68.323021 7.405377
v -81.681908 95.381142 7.405377
v -55.557861 69.419594 6.857043
v -80.491966 96.477882 6.857043
v -80.307823 96.647408 6.308709
v -55.373749 69.589333 6.308709
v -80.491966 96.477882 5.760374
v -55.557861 69.419594 5.760374
v -80.994926 96.014427 5.358972
v -56.060730 68.956154 5.358972
v -81.681908 95.381142 5.212039
v -56.747711 68.323021 5.212039
v -57.434784 67.689949 5.358972
v -82.368950 94.748070 5.358972
v -57.937744 67.226402 5.760375
v -82.871880 94.284584 5.760375
v -83.056023 94.115013 6.308709
v -58.121796 67.056679 6.308709
v -57.937744 67.226402 6.857043
v -82.871880 94.284584 6.857043
v -55.768158 69.225639 4.954543
v -55.051056 69.886589 5.526877
v -82.368950 94.748070 7.258445
v -57.434784 67.689919 7.258445
v -56.747711 68.323021 7.872371
v -57.727386 67.420341 7.662875
v -56.747711 68.323021 4.745047
v -57.727386 67.420341 4.954543
v -55.768158 69.225639 7.662875
v -55.051056 69.886589 7.090539
v -58.444359 66.759468 5.526878
v -58.706993 66.517555 6.308709
v -54.788605 70.128365 6.308708
v -53.711670 66.993950 7.662875
v -54.691284 66.091194 7.872371
v -55.670868 65.188515 7.662875
v -52.994576 67.654839 5.526877
v -52.732002 67.896736 6.308708
v -53.711670 66.993950 4.954543
v -54.691284 66.091194 4.745047
v -55.670868 65.188515 4.954543
v -52.994576 67.654839 7.090539
v -56.387939 64.527626 7.090539
v -58.444420 66.759422 7.090539
v -56.650452 64.285835 6.308709
v -56.387939 64.527702 5.526878
v -82.820610 93.965355 4.719652
v -80.177727 96.400688 4.719651
v -81.308769 97.628029 4.719651
v -83.951744 95.192604 4.719652
v -80.732018 98.159676 5.202514
v -79.600853 96.932213 5.202514
v -79.600853 96.932213 7.414903
v -80.732018 98.159676 7.414903
v -80.177727 96.400688 7.897767
v -84.528526 94.660988 7.414904
v -83.397423 93.433754 7.414904
v -83.397423 93.433754 5.202514
v -84.528526 94.660988 5.202514
v -81.308769 97.628029 7.897767
v -82.820610 93.965355 7.897767
v -83.951744 95.192604 7.897767
v -13.333076 16.544510 4.524394
v -12.739784 17.091253 4.266471
v -32.068169 38.066113 4.266471
v -32.661461 37.519344 4.524394
v -12.146446 17.637907 4.524394
v -31.474846 38.612782 4.524394
v -13.550240 16.344423 5.168614
v -32.878532 37.319363 5.168614
v -11.929379 17.838022 5.168613
v -31.257721 38.812912 5.168613
# 2522 vertices

vt 0.03976 0.96324
vt 0.04235 0.96854
vt 0.03742 0.95789
vt 0.10049 0.95185
vt 0.11584 0.94318
vt 0.11794 0.95437
vt 0.11577 0.94319
vt 0.10042 0.95186
vt 0.11787 0.95438
vt 0.55390 0.71543
vt 0.55384 0.80075
vt 0.52725 0.80066
vt 0.52730 0.71538
vt 0.55667 0.80502
vt 0.55667 0.80502
vt 0.55668 0.80110
vt 0.14884 0.92928
vt 0.17674 0.92684
vt 0.17540 0.91157
vt 0.14750 0.91401
vt 0.17538 0.91157
vt 0.14748 0.91401
vt 0.14882 0.92928
vt 0.17672 0.92684
vt 0.14790 0.91859
vt 0.14788 0.91859
vt 0.14846 0.92497
vt 0.14844 0.92497
vt 0.17578 0.91615
vt 0.17580 0.91615
vt 0.17636 0.92253
vt 0.17634 0.92253
vt 0.55683 0.79552
vt 0.55683 0.79994
vt 0.55688 0.71554
vt 0.52511 0.79970
vt 0.55622 0.79971
vt 0.55628 0.70979
vt 0.52516 0.70978
vt 0.97544 0.88970
vt 0.97544 0.88971
vt 0.95240 0.88971
vt 0.95240 0.88970
vt 0.97544 0.88625
vt 0.97544 0.88624
vt 0.95240 0.88624
vt 0.95240 0.88625
vt 0.55399 0.80756
vt 0.52732 0.80746
vt 0.52510 0.80630
vt 0.55622 0.80640
vt 0.52516 0.70973
vt 0.52730 0.71538
vt 0.55668 0.80110
vt 0.55667 0.80502
vt 0.38841 0.14828
vt 0.36041 0.14830
vt 0.36039 0.11289
vt 0.38839 0.11287
vt 0.36040 0.14176
vt 0.38841 0.14174
vt 0.55683 0.79552
vt 0.55628 0.70979
vt 0.39895 0.96478
vt 0.39495 0.98747
vt 0.41842 0.99160
vt 0.42242 0.96892
vt 0.39495 0.98746
vt 0.41842 0.99160
vt 0.39895 0.96478
vt 0.42242 0.96892
vt 0.52516 0.70973
vt 0.55390 0.70415
vt 0.52731 0.70417
vt 0.52736 0.61889
vt 0.55396 0.61883
vt 0.55679 0.61849
vt 0.55679 0.61457
vt 0.33333 0.88420
vt 0.33333 0.86887
vt 0.30533 0.86887
vt 0.30533 0.88420
vt 0.33335 0.88420
vt 0.30535 0.88420
vt 0.33335 0.86887
vt 0.30535 0.86887
vt 0.30533 0.87961
vt 0.30535 0.87961
vt 0.30535 0.87320
vt 0.30533 0.87320
vt 0.33335 0.87961
vt 0.33334 0.87961
vt 0.33334 0.87320
vt 0.33335 0.87320
vt 0.55689 0.70405
vt 0.55694 0.61965
vt 0.55694 0.62407
vt 0.52522 0.61986
vt 0.55633 0.61987
vt 0.88155 0.93862
vt 0.88456 0.91578
vt 0.90819 0.91889
vt 0.90519 0.94173
vt 0.88456 0.91578
vt 0.90819 0.91889
vt 0.88156 0.93862
vt 0.90519 0.94173
vt 0.55412 0.61203
vt 0.52744 0.61209
vt 0.52522 0.61325
vt 0.55634 0.61319
vt 0.52516 0.70982
vt 0.52522 0.61325
vt 0.30533 0.83074
vt 0.33333 0.83072
vt 0.33335 0.86614
vt 0.30535 0.86615
vt 0.30533 0.83728
vt 0.33334 0.83726
vt 0.38811 0.85614
vt 0.36428 0.85588
vt 0.36453 0.83284
vt 0.38836 0.83310
vt 0.36428 0.85588
vt 0.38812 0.85614
vt 0.38837 0.83310
vt 0.36453 0.83284
vt 0.49642 0.71540
vt 0.52302 0.71538
vt 0.52296 0.80066
vt 0.49637 0.80072
vt 0.49353 0.80106
vt 0.49353 0.80498
vt 0.49353 0.80106
vt 0.20463 0.92440
vt 0.20330 0.90913
vt 0.20328 0.90913
vt 0.20461 0.92440
vt 0.20370 0.91371
vt 0.20368 0.91371
vt 0.20424 0.92009
vt 0.20425 0.92009
vt 0.49344 0.71551
vt 0.49338 0.79991
vt 0.49339 0.79548
vt 0.49399 0.79968
vt 0.49404 0.70976
vt 0.47012 0.99751
vt 0.47559 0.97513
vt 0.45244 0.96947
vt 0.44697 0.99185
vt 0.47559 0.97513
vt 0.45244 0.96947
vt 0.47012 0.99751
vt 0.44697 0.99184
vt 0.49621 0.80752
vt 0.52288 0.80746
vt 0.49398 0.80636
vt 0.52302 0.71538
vt 0.49353 0.80106
vt 0.41642 0.14827
vt 0.41639 0.11285
vt 0.41641 0.14173
vt 0.95134 0.45042
vt 0.97504 0.44782
vt 0.97253 0.42492
vt 0.94884 0.42751
vt 0.95134 0.45042
vt 0.97503 0.44782
vt 0.94883 0.42751
vt 0.97253 0.42492
vt 0.49643 0.70412
vt 0.49648 0.61880
vt 0.52308 0.61889
vt 0.52302 0.70417
vt 0.49365 0.61453
vt 0.49365 0.61845
vt 0.36134 0.86887
vt 0.36134 0.88420
vt 0.36136 0.88420
vt 0.36136 0.86887
vt 0.36134 0.87961
vt 0.36136 0.87961
vt 0.36134 0.87320
vt 0.36136 0.87320
vt 0.49349 0.62403
vt 0.49350 0.61961
vt 0.49344 0.70401
vt 0.49410 0.61984
vt 0.36173 0.50352
vt 0.38555 0.50248
vt 0.38454 0.47946
vt 0.36073 0.48050
vt 0.36174 0.50352
vt 0.38555 0.50248
vt 0.36073 0.48050
vt 0.38454 0.47946
vt 0.49633 0.61199
vt 0.52300 0.61209
vt 0.49411 0.61315
vt 0.36134 0.83071
vt 0.36136 0.86612
vt 0.36134 0.83724
vt 0.49344 0.70401
vt 0.14492 0.93222
vt 0.14492 0.90918
vt 0.12109 0.90918
vt 0.12109 0.93222
vt 0.14492 0.90918
vt 0.12109 0.90918
vt 0.14492 0.93222
vt 0.12109 0.93222
vt 0.96592 0.78284
vt 0.96802 0.79403
vt 0.08623 0.94873
vt 0.96591 0.78284
vt 0.07088 0.95740
vt 0.04425 0.96240
vt 0.05960 0.95373
vt 0.96590 0.78285
vt 0.96588 0.78285
vt 0.96798 0.79404
vt 0.96800 0.79403
vt 0.06170 0.96492
vt 0.08833 0.95992
vt 0.96801 0.79403
vt 0.96795 0.79404
vt 0.96585 0.78286
vt 0.96586 0.78285
vt 0.08618 0.94874
vt 0.05957 0.95373
vt 0.04422 0.96240
vt 0.07082 0.95741
vt 0.96587 0.78285
vt 0.96797 0.79404
vt 0.06167 0.96492
vt 0.08828 0.95993
vt 0.96796 0.79404
vt 0.11075 0.82410
vt 0.06110 0.82847
vt 0.09431 0.63749
vt 0.04466 0.64186
vt 0.95969 0.49537
vt 0.95969 0.49551
vt 0.95880 0.50113
vt 0.95880 0.50100
vt 0.96211 0.49139
vt 0.96211 0.49125
vt 0.96541 0.48975
vt 0.96541 0.48988
vt 0.96871 0.49125
vt 0.96871 0.49139
vt 0.97113 0.49537
vt 0.97113 0.49551
vt 0.97202 0.50100
vt 0.97202 0.50113
vt 0.97113 0.50676
vt 0.97113 0.50662
vt 0.96871 0.51088
vt 0.96871 0.51074
vt 0.96541 0.51225
vt 0.96541 0.51238
vt 0.96211 0.51088
vt 0.96211 0.51074
vt 0.97357 0.49311
vt 0.97012 0.48724
vt 0.95969 0.50662
vt 0.95969 0.50676
vt 0.95599 0.50113
vt 0.95725 0.50916
vt 0.97483 0.50113
vt 0.97357 0.50916
vt 0.95725 0.49311
vt 0.96070 0.48724
vt 0.97012 0.51503
vt 0.96541 0.51718
vt 0.96541 0.48509
vt 0.95725 0.49312
vt 0.95599 0.50115
vt 0.95725 0.50917
vt 0.97012 0.48725
vt 0.96541 0.48510
vt 0.97357 0.49312
vt 0.97483 0.50115
vt 0.97357 0.50917
vt 0.96070 0.48725
vt 0.96070 0.51504
vt 0.96070 0.51503
vt 0.96541 0.51719
vt 0.97012 0.51504
vt 0.37982 0.40579
vt 0.37982 0.38415
vt 0.37982 0.38415
vt 0.37982 0.40579
vt 0.37691 0.37942
vt 0.37691 0.37943
vt 0.36358 0.37943
vt 0.36358 0.37942
vt 0.36067 0.38415
vt 0.36358 0.41051
vt 0.36358 0.41051
vt 0.37691 0.41051
vt 0.37691 0.41051
vt 0.36067 0.38415
vt 0.36067 0.40579
vt 0.36067 0.40579
vt 0.79697 0.81395
vt 0.79702 0.73502
vt 0.55969 0.73654
vt 0.55974 0.81437
vt 0.04634 0.98693
vt 0.05095 0.99186
vt 0.04885 0.98067
vt 0.10908 0.97516
vt 0.12443 0.96649
vt 0.12653 0.97768
vt 0.12436 0.96651
vt 0.10901 0.97518
vt 0.12646 0.97769
vt 0.42136 0.70390
vt 0.42131 0.78922
vt 0.39472 0.78913
vt 0.39477 0.70384
vt 0.42414 0.79348
vt 0.42414 0.79348
vt 0.42414 0.78957
vt 0.81788 0.80313
vt 0.84578 0.80069
vt 0.84444 0.78542
vt 0.81654 0.78786
vt 0.84442 0.78542
vt 0.81652 0.78786
vt 0.81786 0.80313
vt 0.84575 0.80069
vt 0.81694 0.79244
vt 0.81692 0.79244
vt 0.81750 0.79882
vt 0.81748 0.79882
vt 0.84482 0.79000
vt 0.84484 0.79000
vt 0.84539 0.79638
vt 0.84538 0.79638
vt 0.42430 0.78399
vt 0.42430 0.78841
vt 0.42435 0.70401
vt 0.39257 0.78816
vt 0.42369 0.78818
vt 0.42375 0.69826
vt 0.39263 0.69824
vt 0.68878 0.88135
vt 0.68878 0.88137
vt 0.66574 0.88137
vt 0.66574 0.88135
vt 0.68878 0.87791
vt 0.68878 0.87789
vt 0.66574 0.87789
vt 0.66574 0.87791
vt 0.42146 0.79602
vt 0.39479 0.79593
vt 0.39257 0.79476
vt 0.42369 0.79487
vt 0.39263 0.69820
vt 0.39477 0.70384
vt 0.42414 0.78957
vt 0.42414 0.79348
vt 0.38841 0.18632
vt 0.36041 0.18634
vt 0.36039 0.15093
vt 0.38839 0.15091
vt 0.36040 0.17980
vt 0.38841 0.17979
vt 0.42430 0.78399
vt 0.42375 0.69826
vt 0.25317 0.76107
vt 0.24917 0.78376
vt 0.27264 0.78790
vt 0.27664 0.76521
vt 0.24916 0.78376
vt 0.27264 0.78790
vt 0.25316 0.76107
vt 0.27664 0.76521
vt 0.39263 0.69820
vt 0.42137 0.69262
vt 0.39478 0.69264
vt 0.39483 0.60736
vt 0.42142 0.60730
vt 0.42426 0.60695
vt 0.42426 0.60304
vt 0.66073 0.89966
vt 0.66073 0.88434
vt 0.63273 0.88434
vt 0.63273 0.89966
vt 0.66076 0.89966
vt 0.63275 0.89966
vt 0.66076 0.88434
vt 0.63275 0.88434
vt 0.63273 0.89507
vt 0.63275 0.89507
vt 0.63275 0.88866
vt 0.63273 0.88866
vt 0.66076 0.89507
vt 0.66074 0.89507
vt 0.66074 0.88866
vt 0.66076 0.88866
vt 0.42436 0.69251
vt 0.42441 0.60811
vt 0.42441 0.61253
vt 0.39269 0.60832
vt 0.42380 0.60834
vt 0.47562 0.99458
vt 0.47862 0.97174
vt 0.50225 0.97485
vt 0.49925 0.99769
vt 0.47863 0.97174
vt 0.50226 0.97485
vt 0.47562 0.99458
vt 0.49925 0.99769
vt 0.42158 0.60049
vt 0.39491 0.60055
vt 0.39269 0.60172
vt 0.42381 0.60165
vt 0.39263 0.69828
vt 0.39269 0.60172
vt 0.86196 0.63513
vt 0.88996 0.63512
vt 0.88999 0.67053
vt 0.86198 0.67055
vt 0.86196 0.64167
vt 0.88997 0.64166
vt 0.38468 0.57905
vt 0.36084 0.57879
vt 0.36110 0.55575
vt 0.38493 0.55601
vt 0.36085 0.57879
vt 0.38468 0.57905
vt 0.38493 0.55601
vt 0.36110 0.55575
vt 0.36389 0.70386
vt 0.39048 0.70384
vt 0.39043 0.78912
vt 0.36383 0.78918
vt 0.36100 0.78953
vt 0.36100 0.79344
vt 0.36100 0.78953
vt 0.87367 0.79825
vt 0.87234 0.78298
vt 0.87232 0.78298
vt 0.87365 0.79825
vt 0.87273 0.78756
vt 0.87272 0.78756
vt 0.87327 0.79394
vt 0.87329 0.79394
vt 0.36090 0.70397
vt 0.36085 0.78837
vt 0.36085 0.78395
vt 0.36146 0.78814
vt 0.36151 0.69822
vt 0.44386 0.99530
vt 0.44933 0.97292
vt 0.42618 0.96726
vt 0.42071 0.98964
vt 0.44933 0.97292
vt 0.42618 0.96726
vt 0.44386 0.99530
vt 0.42070 0.98964
vt 0.36368 0.79599
vt 0.39035 0.79593
vt 0.36145 0.79483
vt 0.39048 0.70384
vt 0.36100 0.78953
vt 0.41642 0.18631
vt 0.41639 0.15089
vt 0.41641 0.17977
vt 0.11615 0.82543
vt 0.13984 0.82284
vt 0.13734 0.79993
vt 0.11364 0.80253
vt 0.11615 0.82543
vt 0.13984 0.82284
vt 0.11364 0.80253
vt 0.13733 0.79993
vt 0.36390 0.69258
vt 0.36395 0.60726
vt 0.39054 0.60735
vt 0.39049 0.69264
vt 0.36112 0.60300
vt 0.36111 0.60691
vt 0.68874 0.88434
vt 0.68874 0.89966
vt 0.68876 0.89966
vt 0.68876 0.88434
vt 0.68874 0.89507
vt 0.68876 0.89507
vt 0.68874 0.88866
vt 0.68876 0.88866
vt 0.36096 0.61249
vt 0.36096 0.60807
vt 0.36091 0.69247
vt 0.36157 0.60830
vt 0.36173 0.52830
vt 0.38555 0.52726
vt 0.38454 0.50425
vt 0.36073 0.50529
vt 0.36174 0.52830
vt 0.38555 0.52726
vt 0.36073 0.50529
vt 0.38454 0.50425
vt 0.36380 0.60046
vt 0.39047 0.60055
vt 0.36157 0.60161
vt 0.91797 0.63510
vt 0.91799 0.67051
vt 0.91797 0.64164
vt 0.36091 0.69247
vt 0.85936 0.67059
vt 0.85936 0.64755
vt 0.83553 0.64755
vt 0.83553 0.67059
vt 0.85937 0.64755
vt 0.83553 0.64755
vt 0.85937 0.67059
vt 0.83553 0.67059
vt 0.97451 0.80616
vt 0.97661 0.81734
vt 0.09483 0.97205
vt 0.97450 0.80616
vt 0.07947 0.98072
vt 0.05284 0.98571
vt 0.06820 0.97704
vt 0.97449 0.80616
vt 0.97448 0.80616
vt 0.97657 0.81735
vt 0.97659 0.81735
vt 0.07029 0.98823
vt 0.09692 0.98323
vt 0.97660 0.81735
vt 0.97654 0.81736
vt 0.97444 0.80617
vt 0.97445 0.80617
vt 0.09477 0.97206
vt 0.06817 0.97705
vt 0.05281 0.98572
vt 0.07942 0.98073
vt 0.97446 0.80617
vt 0.97656 0.81735
vt 0.07027 0.98824
vt 0.09687 0.98325
vt 0.97655 0.81736
vt 0.06854 0.94730
vt 0.01889 0.95168
vt 0.05209 0.76069
vt 0.00244 0.76507
vt 0.95969 0.46077
vt 0.95969 0.46090
vt 0.95880 0.46653
vt 0.95880 0.46639
vt 0.96211 0.45679
vt 0.96211 0.45665
vt 0.96541 0.45514
vt 0.96541 0.45528
vt 0.96871 0.45665
vt 0.96871 0.45679
vt 0.97113 0.46077
vt 0.97113 0.46090
vt 0.97202 0.46639
vt 0.97202 0.46653
vt 0.97113 0.47215
vt 0.97113 0.47202
vt 0.96871 0.47627
vt 0.96871 0.47613
vt 0.96541 0.47764
vt 0.96541 0.47778
vt 0.96211 0.47627
vt 0.96211 0.47613
vt 0.97357 0.45851
vt 0.97012 0.45264
vt 0.95969 0.47202
vt 0.95969 0.47215
vt 0.95599 0.46653
vt 0.95725 0.47455
vt 0.97483 0.46653
vt 0.97357 0.47455
vt 0.95725 0.45851
vt 0.96070 0.45264
vt 0.97012 0.48042
vt 0.96541 0.48257
vt 0.96541 0.45049
vt 0.95725 0.45852
vt 0.95599 0.46654
vt 0.95725 0.47456
vt 0.97012 0.45265
vt 0.96541 0.45050
vt 0.97357 0.45852
vt 0.97483 0.46654
vt 0.97357 0.47456
vt 0.96070 0.45265
vt 0.96070 0.48043
vt 0.96070 0.48042
vt 0.96541 0.48258
vt 0.97012 0.48043
vt 0.38007 0.47353
vt 0.38007 0.45189
vt 0.38007 0.45188
vt 0.38007 0.47352
vt 0.37716 0.44716
vt 0.37716 0.44717
vt 0.36383 0.44717
vt 0.36383 0.44716
vt 0.36092 0.45189
vt 0.36383 0.47825
vt 0.36383 0.47825
vt 0.37716 0.47825
vt 0.37716 0.47825
vt 0.36092 0.45188
vt 0.36092 0.47353
vt 0.36092 0.47352
vt 0.30243 0.90599
vt 0.30248 0.82706
vt 0.06515 0.82858
vt 0.06521 0.90641
vt 0.03965 0.97570
vt 0.04454 0.98058
vt 0.04768 0.96853
vt 0.10267 0.96388
vt 0.11803 0.95521
vt 0.12013 0.96640
vt 0.11796 0.95522
vt 0.10260 0.96389
vt 0.12006 0.96641
vt 0.48763 0.70954
vt 0.48758 0.79486
vt 0.46098 0.79477
vt 0.46103 0.70949
vt 0.49041 0.79913
vt 0.49041 0.79913
vt 0.49041 0.79521
vt 0.94133 0.42468
vt 0.96923 0.42224
vt 0.96789 0.40697
vt 0.93999 0.40941
vt 0.96787 0.40697
vt 0.93997 0.40941
vt 0.94131 0.42468
vt 0.96920 0.42224
vt 0.94039 0.41399
vt 0.94037 0.41399
vt 0.94095 0.42037
vt 0.94093 0.42037
vt 0.96827 0.41155
vt 0.96829 0.41155
vt 0.96884 0.41793
vt 0.96883 0.41793
vt 0.49056 0.78963
vt 0.49056 0.79405
vt 0.49061 0.70965
vt 0.45884 0.79380
vt 0.48996 0.79382
vt 0.49001 0.70390
vt 0.45890 0.70388
vt 0.97569 0.98958
vt 0.97569 0.98960
vt 0.95265 0.98960
vt 0.95265 0.98958
vt 0.97569 0.98614
vt 0.97569 0.98613
vt 0.95265 0.98613
vt 0.95265 0.98614
vt 0.48773 0.80167
vt 0.46106 0.80157
vt 0.45884 0.80041
vt 0.48995 0.80051
vt 0.45890 0.70384
vt 0.46103 0.70949
vt 0.49041 0.79521
vt 0.49041 0.79913
vt 0.38841 0.22437
vt 0.36041 0.22438
vt 0.36039 0.18897
vt 0.38839 0.18895
vt 0.36040 0.21784
vt 0.38841 0.21783
vt 0.49056 0.78963
vt 0.49001 0.70390
vt 0.27894 0.76328
vt 0.27494 0.78597
vt 0.29841 0.79011
vt 0.30241 0.76742
vt 0.27493 0.78597
vt 0.29841 0.79011
vt 0.27893 0.76328
vt 0.30241 0.76742
vt 0.45890 0.70384
vt 0.48764 0.69826
vt 0.46104 0.69828
vt 0.46109 0.61300
vt 0.48769 0.61294
vt 0.49052 0.61260
vt 0.49053 0.60868
vt 0.66073 0.91782
vt 0.66073 0.90250
vt 0.63273 0.90250
vt 0.63273 0.91782
vt 0.66076 0.91782
vt 0.63275 0.91782
vt 0.66076 0.90250
vt 0.63275 0.90250
vt 0.63273 0.91323
vt 0.63275 0.91323
vt 0.63275 0.90682
vt 0.63273 0.90682
vt 0.66076 0.91323
vt 0.66074 0.91323
vt 0.66074 0.90682
vt 0.66076 0.90682
vt 0.49062 0.69816
vt 0.49067 0.61376
vt 0.49067 0.61818
vt 0.45895 0.61396
vt 0.49007 0.61398
vt 0.60348 0.91432
vt 0.60649 0.89148
vt 0.63012 0.89459
vt 0.62712 0.91743
vt 0.60649 0.89148
vt 0.63012 0.89459
vt 0.60349 0.91432
vt 0.62712 0.91743
vt 0.48785 0.60614
vt 0.46118 0.60620
vt 0.45896 0.60736
vt 0.49007 0.60730
vt 0.45890 0.70393
vt 0.45896 0.60736
vt 0.92062 0.63513
vt 0.94862 0.63512
vt 0.94864 0.67053
vt 0.92064 0.67055
vt 0.92062 0.64167
vt 0.94863 0.64166
vt 0.44333 0.13605
vt 0.41950 0.13579
vt 0.41975 0.11275
vt 0.44359 0.11301
vt 0.41950 0.13579
vt 0.44334 0.13605
vt 0.44359 0.11301
vt 0.41976 0.11275
vt 0.43015 0.70951
vt 0.45675 0.70949
vt 0.45670 0.79477
vt 0.43010 0.79483
vt 0.42727 0.79517
vt 0.42726 0.79909
vt 0.42727 0.79517
vt 0.99712 0.41979
vt 0.99579 0.40453
vt 0.99577 0.40453
vt 0.99710 0.41980
vt 0.99618 0.40910
vt 0.99617 0.40911
vt 0.99672 0.41549
vt 0.99674 0.41549
vt 0.42717 0.70961
vt 0.42712 0.79401
vt 0.42712 0.78959
vt 0.42772 0.79379
vt 0.42778 0.70387
vt 0.49368 0.87013
vt 0.49916 0.84776
vt 0.47600 0.84209
vt 0.47053 0.86447
vt 0.49915 0.84775
vt 0.47600 0.84209
vt 0.49368 0.87013
vt 0.47053 0.86447
vt 0.42994 0.80163
vt 0.45661 0.80157
vt 0.42772 0.80047
vt 0.45675 0.70949
vt 0.42727 0.79517
vt 0.41642 0.22435
vt 0.41639 0.18893
vt 0.41641 0.21781
vt 0.36305 0.37679
vt 0.38674 0.37419
vt 0.38424 0.35129
vt 0.36054 0.35389
vt 0.36305 0.37679
vt 0.38674 0.37419
vt 0.36054 0.35389
vt 0.38423 0.35129
vt 0.43016 0.69823
vt 0.43021 0.61291
vt 0.45681 0.61300
vt 0.45676 0.69828
vt 0.42738 0.60864
vt 0.42738 0.61256
vt 0.68874 0.90250
vt 0.68874 0.91782
vt 0.68876 0.91782
vt 0.68876 0.90250
vt 0.68874 0.91323
vt 0.68876 0.91323
vt 0.68874 0.90682
vt 0.68876 0.90682
vt 0.42723 0.61814
vt 0.42723 0.61372
vt 0.42718 0.69812
vt 0.42784 0.61395
vt 0.36173 0.55309
vt 0.38555 0.55205
vt 0.38454 0.52904
vt 0.36073 0.53008
vt 0.36174 0.55309
vt 0.38555 0.55205
vt 0.36073 0.53008
vt 0.38454 0.52904
vt 0.43006 0.60610
vt 0.45673 0.60620
vt 0.42784 0.60726
vt 0.97663 0.63510
vt 0.97665 0.67051
vt 0.97663 0.64164
vt 0.42718 0.69812
vt 0.97668 0.63231
vt 0.97668 0.60927
vt 0.95284 0.60927
vt 0.95284 0.63231
vt 0.97668 0.60927
vt 0.95285 0.60927
vt 0.97668 0.63231
vt 0.95285 0.63231
vt 0.96813 0.79487
vt 0.97022 0.80606
vt 0.08842 0.96076
vt 0.96812 0.79487
vt 0.07307 0.96943
vt 0.04644 0.97443
vt 0.06179 0.96576
vt 0.96811 0.79487
vt 0.97333 0.79402
vt 0.97019 0.80606
vt 0.97020 0.80606
vt 0.06389 0.97695
vt 0.09052 0.97195
vt 0.97022 0.80606
vt 0.97015 0.80607
vt 0.96806 0.79488
vt 0.96806 0.79488
vt 0.08837 0.96077
vt 0.06176 0.96576
vt 0.04641 0.97443
vt 0.07301 0.96944
vt 0.96808 0.79488
vt 0.97018 0.80607
vt 0.06386 0.97695
vt 0.09046 0.97196
vt 0.97016 0.80607
vt 0.16057 0.78581
vt 0.11092 0.79018
vt 0.14413 0.59920
vt 0.09448 0.60358
vt 0.98202 0.38026
vt 0.98202 0.38040
vt 0.98114 0.38603
vt 0.98114 0.38589
vt 0.98444 0.37628
vt 0.98444 0.37615
vt 0.98775 0.37464
vt 0.98775 0.37478
vt 0.99105 0.37615
vt 0.99105 0.37628
vt 0.99347 0.38026
vt 0.99347 0.38040
vt 0.99435 0.38589
vt 0.99435 0.38603
vt 0.99347 0.39165
vt 0.99347 0.39152
vt 0.99105 0.39577
vt 0.99105 0.39563
vt 0.98775 0.39714
vt 0.98775 0.39728
vt 0.98444 0.39577
vt 0.98444 0.39563
vt 0.99590 0.37801
vt 0.99246 0.37214
vt 0.98202 0.39152
vt 0.98202 0.39165
vt 0.97832 0.38603
vt 0.97959 0.39405
vt 0.99717 0.38603
vt 0.99590 0.39405
vt 0.97959 0.37801
vt 0.98304 0.37214
vt 0.99246 0.39992
vt 0.98775 0.40207
vt 0.98775 0.36999
vt 0.97959 0.37802
vt 0.97832 0.38604
vt 0.97959 0.39406
vt 0.99246 0.37215
vt 0.98775 0.37000
vt 0.99590 0.37802
vt 0.99717 0.38604
vt 0.99590 0.39406
vt 0.98304 0.37215
vt 0.98304 0.39993
vt 0.98304 0.39992
vt 0.98775 0.40208
vt 0.99246 0.39993
vt 0.37982 0.43966
vt 0.37982 0.41802
vt 0.37982 0.41802
vt 0.37982 0.43965
vt 0.37691 0.41329
vt 0.37691 0.41330
vt 0.36358 0.41330
vt 0.36358 0.41329
vt 0.36067 0.41802
vt 0.36358 0.44438
vt 0.36358 0.44438
vt 0.37691 0.44438
vt 0.37691 0.44438
vt 0.36067 0.41802
vt 0.36067 0.43966
vt 0.36067 0.43965
vt 0.71051 0.92765
vt 0.70918 0.94277
vt 0.97654 0.96616
vt 0.92094 0.94606
vt 0.44183 0.91938
vt 0.50007 0.90924
vt 0.70786 0.95790
vt 0.91830 0.97631
vt 0.49743 0.93949
vt 0.99255 0.42857
vt 0.98820 0.43796
vt 0.99691 0.43796
vt 0.99255 0.44234
vt 0.99691 0.45173
vt 0.98820 0.45173
vt 0.99691 0.51068
vt 0.99255 0.50129
vt 0.98820 0.51068
vt 0.90523 0.77997
vt 0.84687 0.77997
vt 0.83016 0.77998
vt 0.88849 0.77998
vt 0.84574 0.75617
vt 0.84574 0.77645
vt 0.84842 0.77393
vt 0.84842 0.75617
vt 0.97492 0.51971
vt 0.97492 0.53270
vt 0.96527 0.53270
vt 0.96527 0.51971
vt 0.96527 0.54782
vt 0.96527 0.53484
vt 0.97492 0.53484
vt 0.97492 0.54782
vt 0.96816 0.52251
vt 0.96816 0.53484
vt 0.97220 0.52251
vt 0.97220 0.53484
vt 0.96816 0.54782
vt 0.96816 0.53549
vt 0.97220 0.53549
vt 0.97220 0.54782
vt 0.85233 0.77588
vt 0.84931 0.77845
vt 0.90704 0.77845
vt 0.90704 0.77588
vt 0.82947 0.77485
vt 0.84908 0.77485
vt 0.91059 0.77485
vt 0.89098 0.77485
vt 0.97540 0.88212
vt 0.97540 0.87107
vt 0.96089 0.87107
vt 0.96089 0.88212
vt 0.97540 0.87255
vt 0.97540 0.88360
vt 0.96089 0.88360
vt 0.96089 0.87255
vt 0.82947 0.75403
vt 0.84908 0.75403
vt 0.84231 0.77687
vt 0.84231 0.75632
vt 0.82555 0.75633
vt 0.82555 0.77688
vt 0.82495 0.77917
vt 0.84451 0.77916
vt 0.91059 0.77916
vt 0.89101 0.77917
vt 0.84451 0.75403
vt 0.82495 0.75403
vt 0.90523 0.72809
vt 0.88849 0.72808
vt 0.83016 0.72808
vt 0.84687 0.72809
vt 0.84842 0.73413
vt 0.84574 0.73161
vt 0.84574 0.75189
vt 0.84842 0.75189
vt 0.02263 0.73174
vt 0.03459 0.71876
vt 0.05101 0.73388
vt 0.03904 0.74686
vt 0.03762 0.72155
vt 0.02566 0.73453
vt 0.90704 0.72962
vt 0.84931 0.72962
vt 0.85233 0.73218
vt 0.90704 0.73218
vt 0.82947 0.73321
vt 0.89098 0.73321
vt 0.91059 0.73321
vt 0.84908 0.73321
vt 0.37682 0.85889
vt 0.37714 0.87340
vt 0.36696 0.87362
vt 0.36665 0.85911
vt 0.37874 0.87337
vt 0.36856 0.87359
vt 0.37843 0.85886
vt 0.36825 0.85908
vt 0.84231 0.73119
vt 0.82555 0.73119
vt 0.82555 0.75174
vt 0.84231 0.75174
vt 0.82495 0.72889
vt 0.84451 0.72890
vt 0.91059 0.72890
vt 0.89101 0.72889
vt 0.91295 0.77997
vt 0.89616 0.77998
vt 0.95450 0.77998
vt 0.97131 0.77997
vt 0.97334 0.77393
vt 0.97601 0.77645
vt 0.97601 0.75617
vt 0.97334 0.75617
vt 0.38697 0.34198
vt 0.40218 0.33303
vt 0.37565 0.32274
vt 0.39087 0.31379
vt 0.40009 0.32948
vt 0.38488 0.33843
vt 0.91491 0.77845
vt 0.97264 0.77845
vt 0.96961 0.77588
vt 0.91491 0.77588
vt 0.95249 0.77485
vt 0.97210 0.77485
vt 0.88064 0.92467
vt 0.87985 0.93916
vt 0.86968 0.93861
vt 0.87048 0.92412
vt 0.87825 0.93908
vt 0.86808 0.93852
vt 0.87904 0.92458
vt 0.86888 0.92403
vt 0.97210 0.75403
vt 0.95249 0.75403
vt 0.97607 0.77687
vt 0.95920 0.77688
vt 0.95920 0.75633
vt 0.97607 0.75632
vt 0.95700 0.77917
vt 0.97668 0.77916
vt 0.89095 0.77917
vt 0.97668 0.75403
vt 0.95700 0.75403
vt 0.91295 0.72809
vt 0.97131 0.72809
vt 0.95450 0.72808
vt 0.89616 0.72808
vt 0.97601 0.75189
vt 0.97601 0.73161
vt 0.97334 0.73413
vt 0.97334 0.75189
vt 0.11479 0.92820
vt 0.09957 0.93715
vt 0.08825 0.91791
vt 0.10347 0.90896
vt 0.11270 0.92465
vt 0.09748 0.93360
vt 0.96961 0.73218
vt 0.97264 0.72962
vt 0.91491 0.72962
vt 0.91491 0.73218
vt 0.95249 0.73321
vt 0.97210 0.73321
vt 0.67446 0.83456
vt 0.68429 0.83192
vt 0.68054 0.81790
vt 0.67070 0.82054
vt 0.68275 0.83234
vt 0.67291 0.83497
vt 0.66916 0.82095
vt 0.67899 0.81832
vt 0.97607 0.73119
vt 0.97607 0.75174
vt 0.95920 0.75174
vt 0.95920 0.73119
vt 0.95700 0.72889
vt 0.97668 0.72890
vt 0.89095 0.72889
vt 0.86900 0.77997
vt 0.88579 0.77998
vt 0.82746 0.77998
vt 0.81064 0.77997
vt 0.80862 0.77393
vt 0.80594 0.77645
vt 0.80594 0.75617
vt 0.80862 0.75617
vt 0.97492 0.54568
vt 0.96527 0.54568
vt 0.96527 0.56080
vt 0.97492 0.56080
vt 0.96816 0.54847
vt 0.96816 0.56080
vt 0.97220 0.56080
vt 0.97220 0.54847
vt 0.86705 0.77845
vt 0.80931 0.77845
vt 0.81234 0.77588
vt 0.86705 0.77588
vt 0.80985 0.77485
vt 0.87136 0.77485
vt 0.97558 0.98201
vt 0.96107 0.98201
vt 0.96107 0.97096
vt 0.97558 0.97096
vt 0.96107 0.98349
vt 0.96107 0.97244
vt 0.97558 0.98349
vt 0.97558 0.97244
vt 0.80985 0.75403
vt 0.80589 0.77687
vt 0.82275 0.77688
vt 0.82275 0.75633
vt 0.80589 0.75632
vt 0.80528 0.77916
vt 0.87136 0.77916
vt 0.80528 0.75403
vt 0.86900 0.72809
vt 0.81064 0.72809
vt 0.82746 0.72808
vt 0.88579 0.72808
vt 0.80594 0.75189
vt 0.80594 0.73161
vt 0.80862 0.73413
vt 0.80862 0.75189
vt 0.01067 0.74472
vt 0.02708 0.75985
vt 0.01370 0.74751
vt 0.81234 0.73218
vt 0.80931 0.72962
vt 0.86705 0.72962
vt 0.86705 0.73218
vt 0.80985 0.73321
vt 0.87136 0.73321
vt 0.53426 0.86194
vt 0.52414 0.86083
vt 0.52572 0.84640
vt 0.53584 0.84751
vt 0.53585 0.86212
vt 0.52573 0.86101
vt 0.53743 0.84769
vt 0.52731 0.84658
vt 0.80589 0.73119
vt 0.80589 0.75174
vt 0.82275 0.75174
vt 0.82275 0.73119
vt 0.80528 0.72890
vt 0.87136 0.72890
vt 0.87672 0.77997
vt 0.93508 0.77997
vt 0.95180 0.77998
vt 0.89346 0.77998
vt 0.93621 0.75617
vt 0.93621 0.77645
vt 0.93353 0.77393
vt 0.93353 0.75617
vt 0.37175 0.35093
vt 0.36044 0.33169
vt 0.36966 0.34738
vt 0.92962 0.77588
vt 0.93265 0.77845
vt 0.87491 0.77845
vt 0.87491 0.77588
vt 0.93287 0.77485
vt 0.37262 0.59708
vt 0.36247 0.59630
vt 0.36358 0.58183
vt 0.37373 0.58261
vt 0.37103 0.59696
vt 0.36087 0.59618
vt 0.37213 0.58248
vt 0.36198 0.58171
vt 0.93287 0.75403
vt 0.93964 0.77687
vt 0.93964 0.75632
vt 0.95640 0.75633
vt 0.95640 0.77688
vt 0.93745 0.77916
vt 0.93745 0.75403
vt 0.87672 0.72809
vt 0.89346 0.72808
vt 0.95180 0.72808
vt 0.93508 0.72809
vt 0.93353 0.73413
vt 0.93621 0.73161
vt 0.93621 0.75189
vt 0.93353 0.75189
vt 0.08436 0.94610
vt 0.07304 0.92686
vt 0.08227 0.94255
vt 0.87491 0.72962
vt 0.93265 0.72962
vt 0.92962 0.73218
vt 0.87491 0.73218
vt 0.93287 0.73321
vt 0.66637 0.82985
vt 0.65186 0.82985
vt 0.65186 0.81881
vt 0.66637 0.81881
vt 0.65186 0.82838
vt 0.65186 0.81733
vt 0.66637 0.82838
vt 0.66637 0.81733
vt 0.93964 0.73119
vt 0.95640 0.73119
vt 0.95640 0.75174
vt 0.93964 0.75174
vt 0.93745 0.72890
vt 0.99756 0.93846
vt 0.98885 0.93846
vt 0.99691 0.44042
vt 0.99756 0.94410
vt 0.99255 0.43104
vt 0.99255 0.42737
vt 0.99691 0.43676
vt 0.99756 0.95567
vt 0.99756 0.96788
vt 0.98885 0.96788
vt 0.98885 0.95567
vt 0.98820 0.43676
vt 0.98820 0.44042
vt 0.98885 0.94410
vt 0.98885 0.99729
vt 0.99756 0.99729
vt 0.99756 0.99165
vt 0.99691 0.48810
vt 0.99691 0.46130
vt 0.99255 0.45191
vt 0.99255 0.47871
vt 0.99756 0.98008
vt 0.98885 0.98008
vt 0.98820 0.46130
vt 0.98820 0.48810
vt 0.98885 0.99165
vt 0.24751 0.71746
vt 0.26778 0.69344
vt 0.33776 0.79361
vt 0.35802 0.76960
vt 0.24522 0.65464
vt 0.24522 0.76978
vt 0.24590 0.76661
vt 0.24590 0.65146
vt 0.24337 0.77210
vt 0.24337 0.65696
vt 0.24083 0.65781
vt 0.24083 0.77296
vt 0.23830 0.65696
vt 0.23830 0.77210
vt 0.23645 0.65464
vt 0.23645 0.76978
vt 0.23577 0.65146
vt 0.23577 0.76661
vt 0.23645 0.76344
vt 0.23645 0.64829
vt 0.23830 0.76111
vt 0.23830 0.64597
vt 0.24083 0.64512
vt 0.24083 0.76026
vt 0.24337 0.76111
vt 0.24337 0.64597
vt 0.23458 0.77113
vt 0.23722 0.77445
vt 0.24522 0.64829
vt 0.24522 0.76344
vt 0.24806 0.76661
vt 0.24709 0.76209
vt 0.23361 0.76661
vt 0.23458 0.76209
vt 0.24709 0.77113
vt 0.24444 0.77445
vt 0.23722 0.75877
vt 0.24083 0.75756
vt 0.24083 0.77566
vt 0.24709 0.78063
vt 0.24806 0.77611
vt 0.24709 0.77158
vt 0.23722 0.78394
vt 0.24083 0.78515
vt 0.23458 0.78063
vt 0.23361 0.77611
vt 0.23458 0.77158
vt 0.24444 0.78394
vt 0.24444 0.76827
vt 0.24444 0.75877
vt 0.24083 0.76706
vt 0.23722 0.76827
vt 0.92472 0.93250
vt 0.93475 0.94174
vt 0.93046 0.94640
vt 0.92043 0.93715
vt 0.93265 0.94842
vt 0.93694 0.94376
vt 0.91824 0.93514
vt 0.92253 0.93048
vt 0.89122 0.84694
vt 0.88931 0.84933
vt 0.97393 0.91685
vt 0.97584 0.91446
vt 0.88740 0.85172
vt 0.97202 0.91924
vt 0.89192 0.84606
vt 0.97654 0.91358
vt 0.88670 0.85260
vt 0.97132 0.92012
vt 0.60031 0.94900
vt 0.59899 0.96412
vt 0.86634 0.98752
vt 0.81075 0.96741
vt 0.33163 0.94073
vt 0.38987 0.93059
vt 0.59766 0.97925
vt 0.80810 0.99766
vt 0.38723 0.96084
vt 0.35297 0.11418
vt 0.34862 0.12357
vt 0.35732 0.12357
vt 0.35297 0.12795
vt 0.35732 0.13733
vt 0.34862 0.13733
vt 0.35732 0.19629
vt 0.35297 0.18690
vt 0.34862 0.19629
vt 0.90523 0.72524
vt 0.84687 0.72524
vt 0.83016 0.72525
vt 0.88849 0.72525
vt 0.84574 0.70144
vt 0.84574 0.72172
vt 0.84842 0.71920
vt 0.84842 0.70144
vt 0.03469 0.95412
vt 0.03469 0.96710
vt 0.02503 0.96710
vt 0.02503 0.95412
vt 0.02503 0.98223
vt 0.02503 0.96925
vt 0.03469 0.96925
vt 0.03469 0.98223
vt 0.02793 0.95692
vt 0.02793 0.96925
vt 0.03196 0.95692
vt 0.03196 0.96925
vt 0.02793 0.98223
vt 0.02793 0.96990
vt 0.03196 0.96990
vt 0.03196 0.98223
vt 0.85233 0.72115
vt 0.84931 0.72372
vt 0.90704 0.72372
vt 0.90704 0.72115
vt 0.82947 0.72012
vt 0.84908 0.72012
vt 0.91059 0.72012
vt 0.89098 0.72012
vt 0.88042 0.91820
vt 0.88042 0.90715
vt 0.86590 0.90715
vt 0.86590 0.91820
vt 0.88042 0.90862
vt 0.88042 0.91967
vt 0.86590 0.91967
vt 0.86590 0.90862
vt 0.82947 0.69930
vt 0.84908 0.69930
vt 0.84231 0.72214
vt 0.84231 0.70159
vt 0.82555 0.70159
vt 0.82555 0.72215
vt 0.82495 0.72444
vt 0.84451 0.72443
vt 0.91059 0.72443
vt 0.89101 0.72444
vt 0.84451 0.69930
vt 0.82495 0.69930
vt 0.90523 0.67336
vt 0.88849 0.67335
vt 0.83016 0.67335
vt 0.84687 0.67336
vt 0.84842 0.67940
vt 0.84574 0.67688
vt 0.84574 0.69716
vt 0.84842 0.69716
vt 0.43519 0.85102
vt 0.44716 0.83803
vt 0.46357 0.85316
vt 0.45161 0.86614
vt 0.45019 0.84083
vt 0.43823 0.85381
vt 0.90704 0.67488
vt 0.84931 0.67488
vt 0.85233 0.67745
vt 0.90704 0.67745
vt 0.82947 0.67848
vt 0.89098 0.67848
vt 0.91059 0.67848
vt 0.84908 0.67848
vt 0.45659 0.11279
vt 0.45690 0.12730
vt 0.44673 0.12752
vt 0.44641 0.11301
vt 0.45851 0.12726
vt 0.44833 0.12749
vt 0.45819 0.11275
vt 0.44801 0.11298
vt 0.84231 0.67646
vt 0.82555 0.67645
vt 0.82555 0.69701
vt 0.84231 0.69701
vt 0.82495 0.67416
vt 0.84451 0.67417
vt 0.91059 0.67417
vt 0.89101 0.67416
vt 0.91295 0.72524
vt 0.89616 0.72525
vt 0.95450 0.72525
vt 0.97131 0.72524
vt 0.97334 0.71920
vt 0.97601 0.72172
vt 0.97601 0.70144
vt 0.97334 0.70144
vt 0.38697 0.28406
vt 0.40218 0.27511
vt 0.37565 0.26482
vt 0.39087 0.25587
vt 0.40009 0.27156
vt 0.38488 0.28051
vt 0.91491 0.72372
vt 0.97264 0.72372
vt 0.96961 0.72115
vt 0.91491 0.72115
vt 0.95249 0.72012
vt 0.97210 0.72012
vt 0.97538 0.83853
vt 0.97459 0.85302
vt 0.96442 0.85246
vt 0.96521 0.83797
vt 0.97299 0.85293
vt 0.96282 0.85238
vt 0.97378 0.83844
vt 0.96361 0.83788
vt 0.97210 0.69930
vt 0.95249 0.69930
vt 0.97607 0.72214
vt 0.95920 0.72215
vt 0.95920 0.70159
vt 0.97607 0.70159
vt 0.95700 0.72444
vt 0.97668 0.72443
vt 0.89095 0.72444
vt 0.97668 0.69930
vt 0.95700 0.69930
vt 0.91295 0.67336
vt 0.97131 0.67336
vt 0.95450 0.67335
vt 0.89616 0.67335
vt 0.97601 0.69716
vt 0.97601 0.67688
vt 0.97334 0.67940
vt 0.97334 0.69716
vt 0.40194 0.24615
vt 0.38672 0.25510
vt 0.37541 0.23586
vt 0.39062 0.22691
vt 0.39985 0.24260
vt 0.38463 0.25155
vt 0.96961 0.67745
vt 0.97264 0.67488
vt 0.91491 0.67488
vt 0.91491 0.67745
vt 0.95249 0.67848
vt 0.97210 0.67848
vt 0.68820 0.83210
vt 0.69804 0.82947
vt 0.69428 0.81545
vt 0.68445 0.81809
vt 0.69649 0.82988
vt 0.68666 0.83252
vt 0.68290 0.81850
vt 0.69273 0.81586
vt 0.97607 0.67646
vt 0.97607 0.69701
vt 0.95920 0.69701
vt 0.95920 0.67645
vt 0.95700 0.67416
vt 0.97668 0.67417
vt 0.89095 0.67416
vt 0.86900 0.72524
vt 0.88579 0.72525
vt 0.82746 0.72525
vt 0.81064 0.72524
vt 0.80862 0.71920
vt 0.80594 0.72172
vt 0.80594 0.70144
vt 0.80862 0.70144
vt 0.03469 0.98009
vt 0.02503 0.98009
vt 0.02503 0.99521
vt 0.03469 0.99521
vt 0.02793 0.98288
vt 0.02793 0.99521
vt 0.03196 0.99521
vt 0.03196 0.98288
vt 0.86705 0.72372
vt 0.80931 0.72372
vt 0.81234 0.72115
vt 0.86705 0.72115
vt 0.80985 0.72012
vt 0.87136 0.72012
vt 0.02209 0.98079
vt 0.00758 0.98079
vt 0.00758 0.96974
vt 0.02209 0.96974
vt 0.00758 0.98226
vt 0.00758 0.97121
vt 0.02209 0.98226
vt 0.02209 0.97121
vt 0.80985 0.69930
vt 0.80589 0.72214
vt 0.82275 0.72215
vt 0.82275 0.70159
vt 0.80589 0.70159
vt 0.80528 0.72443
vt 0.87136 0.72443
vt 0.80528 0.69930
vt 0.86900 0.67336
vt 0.81064 0.67336
vt 0.82746 0.67335
vt 0.88579 0.67335
vt 0.80594 0.69716
vt 0.80594 0.67688
vt 0.80862 0.67940
vt 0.80862 0.69716
vt 0.42323 0.86400
vt 0.43965 0.87912
vt 0.42626 0.86679
vt 0.81234 0.67745
vt 0.80931 0.67488
vt 0.86705 0.67488
vt 0.86705 0.67745
vt 0.80985 0.67848
vt 0.87136 0.67848
vt 0.59979 0.90759
vt 0.58966 0.90648
vt 0.59124 0.89205
vt 0.60137 0.89316
vt 0.60138 0.90777
vt 0.59126 0.90666
vt 0.60296 0.89334
vt 0.59284 0.89223
vt 0.80589 0.67646
vt 0.80589 0.69701
vt 0.82275 0.69701
vt 0.82275 0.67645
vt 0.80528 0.67417
vt 0.87136 0.67417
vt 0.87672 0.72524
vt 0.93508 0.72524
vt 0.95180 0.72525
vt 0.89346 0.72525
vt 0.93621 0.70144
vt 0.93621 0.72172
vt 0.93353 0.71920
vt 0.93353 0.70144
vt 0.37175 0.29301
vt 0.36044 0.27377
vt 0.36966 0.28946
vt 0.92962 0.72115
vt 0.93265 0.72372
vt 0.87491 0.72372
vt 0.87491 0.72115
vt 0.93287 0.72012
vt 0.43104 0.85282
vt 0.42088 0.85204
vt 0.42199 0.83757
vt 0.43214 0.83834
vt 0.42944 0.85269
vt 0.41929 0.85192
vt 0.43055 0.83822
vt 0.42039 0.83744
vt 0.93287 0.69930
vt 0.93964 0.72214
vt 0.93964 0.70159
vt 0.95640 0.70159
vt 0.95640 0.72215
vt 0.93745 0.72443
vt 0.93745 0.69930
vt 0.87672 0.67336
vt 0.89346 0.67335
vt 0.95180 0.67335
vt 0.93508 0.67336
vt 0.93353 0.67940
vt 0.93621 0.67688
vt 0.93621 0.69716
vt 0.93353 0.69716
vt 0.37151 0.26405
vt 0.36019 0.24481
vt 0.36942 0.26050
vt 0.87491 0.67488
vt 0.93265 0.67488
vt 0.92962 0.67745
vt 0.87491 0.67745
vt 0.93287 0.67848
vt 0.96236 0.53240
vt 0.94784 0.53240
vt 0.94784 0.52135
vt 0.96236 0.52135
vt 0.94784 0.53092
vt 0.94784 0.51987
vt 0.96236 0.53092
vt 0.96236 0.51987
vt 0.93964 0.67646
vt 0.95640 0.67645
vt 0.95640 0.69701
vt 0.93964 0.69701
vt 0.93745 0.67417
vt 0.35797 0.62407
vt 0.34927 0.62407
vt 0.35732 0.12603
vt 0.35797 0.62971
vt 0.35297 0.11664
vt 0.35297 0.11297
vt 0.35732 0.12236
vt 0.35797 0.64127
vt 0.35797 0.65348
vt 0.34927 0.65348
vt 0.34927 0.64127
vt 0.34862 0.12236
vt 0.34862 0.12603
vt 0.34927 0.62971
vt 0.34927 0.68289
vt 0.35797 0.68289
vt 0.35797 0.67726
vt 0.35732 0.17371
vt 0.35732 0.14691
vt 0.35297 0.13752
vt 0.35297 0.16432
vt 0.35797 0.66569
vt 0.34927 0.66569
vt 0.34862 0.14691
vt 0.34862 0.17371
vt 0.34927 0.67726
vt 0.24751 0.67303
vt 0.26778 0.64902
vt 0.33776 0.74919
vt 0.35802 0.72518
vt 0.21086 0.65169
vt 0.21086 0.76684
vt 0.21154 0.76367
vt 0.21154 0.64852
vt 0.20901 0.76916
vt 0.20901 0.65401
vt 0.20647 0.65486
vt 0.20647 0.77001
vt 0.20394 0.65401
vt 0.20394 0.76916
vt 0.20209 0.65169
vt 0.20209 0.76684
vt 0.20141 0.64852
vt 0.20141 0.76367
vt 0.20209 0.76049
vt 0.20209 0.64535
vt 0.20394 0.75817
vt 0.20394 0.64302
vt 0.20647 0.64217
vt 0.20647 0.75732
vt 0.20901 0.75817
vt 0.20901 0.64302
vt 0.20022 0.76819
vt 0.20286 0.77150
vt 0.21086 0.64535
vt 0.21086 0.76049
vt 0.21370 0.76367
vt 0.21273 0.75914
vt 0.19925 0.76367
vt 0.20022 0.75914
vt 0.21273 0.76819
vt 0.21008 0.77150
vt 0.20286 0.75583
vt 0.20647 0.75462
vt 0.20647 0.77271
vt 0.21273 0.77769
vt 0.21370 0.77316
vt 0.21273 0.76864
vt 0.20286 0.78100
vt 0.20647 0.78221
vt 0.20022 0.77769
vt 0.19925 0.77316
vt 0.20022 0.76864
vt 0.21008 0.78100
vt 0.21008 0.76533
vt 0.21008 0.75583
vt 0.20647 0.76411
vt 0.20286 0.76533
vt 0.88570 0.89961
vt 0.89573 0.90885
vt 0.89144 0.91351
vt 0.88141 0.90427
vt 0.89363 0.91553
vt 0.89792 0.91087
vt 0.87922 0.90225
vt 0.88351 0.89759
vt 0.27274 0.64028
vt 0.27083 0.64268
vt 0.35545 0.71020
vt 0.35736 0.70781
vt 0.26892 0.64507
vt 0.35354 0.71259
vt 0.27344 0.63941
vt 0.35806 0.70693
vt 0.26822 0.64595
vt 0.35284 0.71347
vt 0.39170 0.80125
vt 0.39037 0.81638
vt 0.65773 0.83977
vt 0.60213 0.81966
vt 0.12302 0.79299
vt 0.18126 0.78284
vt 0.38905 0.83150
vt 0.59948 0.84991
vt 0.17861 0.81309
vt 0.98225 0.42857
vt 0.97790 0.43796
vt 0.98660 0.43796
vt 0.98225 0.44234
vt 0.98660 0.45173
vt 0.97790 0.45173
vt 0.98660 0.51068
vt 0.98225 0.50129
vt 0.97790 0.51068
vt 0.79160 0.92404
vt 0.73324 0.92404
vt 0.71652 0.92405
vt 0.77486 0.92405
vt 0.73211 0.90024
vt 0.73211 0.92052
vt 0.73479 0.91799
vt 0.73479 0.90024
vt 0.97517 0.56340
vt 0.97517 0.57638
vt 0.96551 0.57638
vt 0.96551 0.56340
vt 0.96551 0.59151
vt 0.96551 0.57853
vt 0.97517 0.57853
vt 0.97517 0.59151
vt 0.96841 0.56619
vt 0.96841 0.57853
vt 0.97244 0.56619
vt 0.97244 0.57853
vt 0.96841 0.59151
vt 0.96841 0.57917
vt 0.97244 0.57917
vt 0.97244 0.59151
vt 0.73870 0.91994
vt 0.73567 0.92251
vt 0.79341 0.92251
vt 0.79341 0.91994
vt 0.71583 0.91892
vt 0.73545 0.91892
vt 0.79696 0.91892
vt 0.77734 0.91892
vt 0.97540 0.86690
vt 0.97540 0.85585
vt 0.96089 0.85585
vt 0.96089 0.86690
vt 0.97540 0.85733
vt 0.97540 0.86838
vt 0.96089 0.86838
vt 0.96089 0.85733
vt 0.71583 0.89810
vt 0.73545 0.89809
vt 0.72868 0.92093
vt 0.72868 0.90039
vt 0.71192 0.90039
vt 0.71192 0.92094
vt 0.71132 0.92324
vt 0.73087 0.92323
vt 0.79696 0.92323
vt 0.77737 0.92324
vt 0.73087 0.89809
vt 0.71132 0.89810
vt 0.79160 0.87215
vt 0.77486 0.87215
vt 0.71652 0.87215
vt 0.73324 0.87215
vt 0.73479 0.87820
vt 0.73211 0.87568
vt 0.73211 0.89596
vt 0.73479 0.89596
vt 0.39347 0.85887
vt 0.40543 0.84589
vt 0.42185 0.86102
vt 0.40989 0.87400
vt 0.40846 0.84868
vt 0.39650 0.86166
vt 0.79341 0.87368
vt 0.73567 0.87368
vt 0.73870 0.87625
vt 0.79341 0.87625
vt 0.71583 0.87728
vt 0.77734 0.87728
vt 0.79696 0.87728
vt 0.73545 0.87728
vt 0.16428 0.81030
vt 0.16460 0.82481
vt 0.15442 0.82503
vt 0.15410 0.81052
vt 0.16620 0.82477
vt 0.15602 0.82499
vt 0.16588 0.81026
vt 0.15571 0.81048
vt 0.72868 0.87526
vt 0.71192 0.87525
vt 0.71192 0.89580
vt 0.72868 0.89581
vt 0.71132 0.87296
vt 0.73087 0.87296
vt 0.79696 0.87296
vt 0.77737 0.87296
vt 0.79932 0.92404
vt 0.78253 0.92405
vt 0.84086 0.92405
vt 0.85768 0.92404
vt 0.85970 0.91799
vt 0.86238 0.92052
vt 0.86238 0.90024
vt 0.85970 0.90024
vt 0.38697 0.31302
vt 0.40218 0.30407
vt 0.37565 0.29378
vt 0.39087 0.28483
vt 0.40009 0.30052
vt 0.38488 0.30947
vt 0.80127 0.92251
vt 0.85901 0.92251
vt 0.85598 0.91994
vt 0.80127 0.91994
vt 0.83885 0.91892
vt 0.85847 0.91892
vt 0.97538 0.82233
vt 0.97459 0.83682
vt 0.96442 0.83627
vt 0.96521 0.82177
vt 0.97299 0.83673
vt 0.96282 0.83618
vt 0.97378 0.82224
vt 0.96361 0.82169
vt 0.85847 0.89809
vt 0.83885 0.89810
vt 0.86243 0.92093
vt 0.84557 0.92094
vt 0.84557 0.90039
vt 0.86243 0.90039
vt 0.84337 0.92324
vt 0.86304 0.92323
vt 0.77731 0.92324
vt 0.86304 0.89809
vt 0.84337 0.89810
vt 0.79932 0.87215
vt 0.85768 0.87215
vt 0.84086 0.87215
vt 0.78253 0.87215
vt 0.86238 0.89596
vt 0.86238 0.87568
vt 0.85970 0.87820
vt 0.85970 0.89596
vt 0.09417 0.61920
vt 0.07896 0.62815
vt 0.06764 0.60891
vt 0.08285 0.59996
vt 0.09208 0.61565
vt 0.07687 0.62460
vt 0.85598 0.87625
vt 0.85901 0.87368
vt 0.80127 0.87368
vt 0.80127 0.87625
vt 0.83885 0.87728
vt 0.85847 0.87728
vt 0.80797 0.80953
vt 0.81781 0.80689
vt 0.81405 0.79287
vt 0.80422 0.79551
vt 0.81626 0.80730
vt 0.80643 0.80994
vt 0.80267 0.79592
vt 0.81250 0.79329
vt 0.86243 0.87526
vt 0.86243 0.89581
vt 0.84557 0.89580
vt 0.84557 0.87525
vt 0.84337 0.87296
vt 0.86304 0.87296
vt 0.77731 0.87296
vt 0.75537 0.92404
vt 0.77216 0.92405
vt 0.71382 0.92405
vt 0.69701 0.92404
vt 0.69498 0.91799
vt 0.69230 0.92052
vt 0.69230 0.90024
vt 0.69498 0.90024
vt 0.97517 0.58936
vt 0.96551 0.58936
vt 0.96551 0.60449
vt 0.97517 0.60449
vt 0.96841 0.59216
vt 0.96841 0.60449
vt 0.97244 0.60449
vt 0.97244 0.59216
vt 0.75341 0.92251
vt 0.69568 0.92251
vt 0.69870 0.91994
vt 0.75341 0.91994
vt 0.69622 0.91892
vt 0.75773 0.91892
vt 0.02209 0.96557
vt 0.00758 0.96557
vt 0.00758 0.95452
vt 0.02209 0.95452
vt 0.00758 0.96705
vt 0.00758 0.95600
vt 0.02209 0.96705
vt 0.02209 0.95600
vt 0.69622 0.89809
vt 0.69225 0.92093
vt 0.70912 0.92094
vt 0.70912 0.90039
vt 0.69225 0.90039
vt 0.69164 0.92323
vt 0.75773 0.92323
vt 0.69164 0.89809
vt 0.75537 0.87215
vt 0.69701 0.87215
vt 0.71382 0.87215
vt 0.77216 0.87215
vt 0.69230 0.89596
vt 0.69230 0.87568
vt 0.69498 0.87820
vt 0.69498 0.89596
vt 0.38151 0.87185
vt 0.39792 0.88698
vt 0.38454 0.87464
vt 0.69870 0.87625
vt 0.69568 0.87368
vt 0.75341 0.87368
vt 0.75341 0.87625
vt 0.69622 0.87728
vt 0.75773 0.87728
vt 0.52051 0.86096
vt 0.51039 0.85985
vt 0.51197 0.84542
vt 0.52209 0.84653
vt 0.52210 0.86113
vt 0.51198 0.86003
vt 0.52368 0.84671
vt 0.51356 0.84560
vt 0.69225 0.87526
vt 0.69225 0.89581
vt 0.70912 0.89580
vt 0.70912 0.87525
vt 0.69164 0.87296
vt 0.75773 0.87296
vt 0.76309 0.92404
vt 0.82145 0.92404
vt 0.83816 0.92405
vt 0.77983 0.92405
vt 0.82258 0.90024
vt 0.82258 0.92052
vt 0.81990 0.91799
vt 0.81990 0.90024
vt 0.37175 0.32197
vt 0.36044 0.30273
vt 0.36966 0.31842
vt 0.81599 0.91994
vt 0.81901 0.92251
vt 0.76128 0.92251
vt 0.76128 0.91994
vt 0.81924 0.91892
vt 0.31716 0.90239
vt 0.30701 0.90162
vt 0.30811 0.88714
vt 0.31826 0.88792
vt 0.31556 0.90227
vt 0.30541 0.90149
vt 0.31667 0.88780
vt 0.30651 0.88702
vt 0.81924 0.89809
vt 0.82601 0.92093
vt 0.82601 0.90039
vt 0.84277 0.90039
vt 0.84277 0.92094
vt 0.82381 0.92323
vt 0.82381 0.89809
vt 0.76309 0.87215
vt 0.77983 0.87215
vt 0.83816 0.87215
vt 0.82145 0.87215
vt 0.81990 0.87820
vt 0.82258 0.87568
vt 0.82258 0.89596
vt 0.81990 0.89596
vt 0.06374 0.63710
vt 0.05242 0.61786
vt 0.06165 0.63355
vt 0.76128 0.87368
vt 0.81901 0.87368
vt 0.81599 0.87625
vt 0.76128 0.87625
vt 0.81924 0.87728
vt 0.96236 0.54761
vt 0.94784 0.54761
vt 0.94784 0.53656
vt 0.96236 0.53656
vt 0.94784 0.54614
vt 0.94784 0.53509
vt 0.96236 0.54614
vt 0.96236 0.53509
vt 0.82601 0.87526
vt 0.84277 0.87525
vt 0.84277 0.89580
vt 0.82601 0.89581
vt 0.82381 0.87296
vt 0.98725 0.93846
vt 0.97854 0.93846
vt 0.98660 0.44042
vt 0.98725 0.94410
vt 0.98225 0.43104
vt 0.98225 0.42737
vt 0.98660 0.43676
vt 0.98725 0.95567
vt 0.98725 0.96788
vt 0.97854 0.96788
vt 0.97854 0.95567
vt 0.97790 0.43676
vt 0.97790 0.44042
vt 0.97854 0.94410
vt 0.97854 0.99729
vt 0.98725 0.99729
vt 0.98725 0.99165
vt 0.98660 0.48810
vt 0.98660 0.46130
vt 0.98225 0.45191
vt 0.98225 0.47871
vt 0.98725 0.98008
vt 0.97854 0.98008
vt 0.97790 0.46130
vt 0.97790 0.48810
vt 0.97854 0.99165
vt 0.86599 0.87968
vt 0.88626 0.85567
vt 0.95624 0.95584
vt 0.97650 0.93183
vt 0.22804 0.65316
vt 0.22804 0.76831
vt 0.22872 0.76514
vt 0.22872 0.64999
vt 0.22619 0.77063
vt 0.22619 0.65549
vt 0.22365 0.65634
vt 0.22365 0.77148
vt 0.22112 0.65549
vt 0.22112 0.77063
vt 0.21927 0.65316
vt 0.21927 0.76831
vt 0.21859 0.64999
vt 0.21859 0.76514
vt 0.21927 0.76196
vt 0.21927 0.64682
vt 0.22112 0.75964
vt 0.22112 0.64450
vt 0.22365 0.64365
vt 0.22365 0.75879
vt 0.22619 0.75964
vt 0.22619 0.64450
vt 0.21740 0.76966
vt 0.22004 0.77297
vt 0.22804 0.64682
vt 0.22804 0.76196
vt 0.23088 0.76514
vt 0.22991 0.76061
vt 0.21643 0.76514
vt 0.21740 0.76061
vt 0.22991 0.76966
vt 0.22726 0.77297
vt 0.22004 0.75730
vt 0.22365 0.75609
vt 0.22365 0.77418
vt 0.22991 0.77916
vt 0.23088 0.77463
vt 0.22991 0.77011
vt 0.22004 0.78247
vt 0.22365 0.78368
vt 0.21740 0.77916
vt 0.21643 0.77463
vt 0.21740 0.77011
vt 0.22726 0.78247
vt 0.22726 0.76680
vt 0.22726 0.75730
vt 0.22365 0.76559
vt 0.22004 0.76680
vt 0.31508 0.77788
vt 0.32511 0.78712
vt 0.32082 0.79178
vt 0.31079 0.78253
vt 0.32301 0.79380
vt 0.32730 0.78914
vt 0.30860 0.78052
vt 0.31289 0.77586
vt 0.27274 0.62629
vt 0.27083 0.62869
vt 0.35545 0.69621
vt 0.35736 0.69382
vt 0.26892 0.63108
vt 0.35354 0.69860
vt 0.27344 0.62542
vt 0.35806 0.69294
vt 0.26822 0.63196
vt 0.35284 0.69948
# 2147 texture vertices

vn -0.08482 -0.99616 0.02150
vn -0.08482 -0.99616 0.02150
vn -0.29095 0.95674 0.00000
vn -0.03546 0.99373 -0.10600
vn -0.03548 0.99373 0.10607
vn -0.03670 -0.99369 -0.10600
vn -0.29215 -0.95637 0.00000
vn -0.03673 -0.99368 0.10607
vn -0.15249 -0.04863 0.98711
vn -0.15230 0.04893 0.98712
vn 0.16921 0.04789 0.98442
vn 0.16895 -0.04821 0.98445
vn -0.98910 0.13142 -0.06638
vn -0.99275 0.07172 0.09648
vn -0.98514 -0.15721 0.06919
vn -0.98929 -0.13008 -0.06628
vn 0.00062 1.00000 0.00000
vn 0.00062 1.00000 0.00000
vn 0.00062 1.00000 0.00000
vn 0.00062 1.00000 0.00000
vn -0.00000 -0.00000 1.00000
vn -0.00000 -0.00000 1.00000
vn -0.00000 -0.00000 1.00000
vn -0.00000 -0.00000 1.00000
vn 0.00000 0.00000 -1.00000
vn 0.00000 0.00000 -1.00000
vn 0.00000 0.00000 -1.00000
vn 0.00000 0.00000 -1.00000
vn -1.00000 0.00059 -0.00003
vn -1.00000 0.00058 -0.00003
vn -1.00000 0.00062 -0.00001
vn -1.00000 0.00062 0.00000
vn -1.00000 0.00059 0.00004
vn -1.00000 0.00062 0.00000
vn -1.00000 0.00062 0.00001
vn -1.00000 0.00058 0.00003
vn 0.00000 0.00000 -1.00000
vn 0.00000 0.00000 -1.00000
vn 0.00000 0.00000 -1.00000
vn 0.00000 0.00000 -1.00000
vn -0.00062 -1.00000 0.00000
vn -0.00062 -1.00000 0.00000
vn -0.00062 -1.00000 0.00000
vn -0.00000 -0.00000 1.00000
vn -0.00000 -0.00000 1.00000
vn -0.00000 -0.00000 1.00000
vn -0.00000 -0.00000 1.00000
vn -0.00062 -1.00000 0.00000
vn -0.00062 -1.00000 0.00000
vn -0.00062 -1.00000 0.00000
vn -0.00062 -1.00000 0.00000
vn -0.96900 0.01415 -0.24665
vn -0.96773 0.05084 0.24682
vn -0.94986 -0.02966 0.31125
vn -0.97225 -0.02984 -0.23203
vn 0.00000 0.00000 -1.00000
vn 0.00000 0.00000 -1.00000
vn 0.00000 0.00000 -1.00000
vn 0.00000 0.00000 -1.00000
vn 0.00062 1.00000 0.00000
vn 0.00062 1.00000 0.00000
vn 0.00062 1.00000 0.00000
vn 0.00062 1.00000 0.00000
vn 0.00000 0.00000 1.00000
vn -0.00062 -1.00000 -0.00000
vn -0.00062 -1.00000 -0.00000
vn -0.00062 -1.00000 -0.00000
vn -0.00062 -1.00000 -0.00000
vn 0.00000 0.00000 -1.00000
vn 1.00000 -0.00059 -0.00000
vn 1.00000 -0.00059 -0.00000
vn 1.00000 -0.00059 -0.00000
vn 1.00000 -0.00059 -0.00000
vn -1.00000 0.00065 0.00000
vn -1.00000 0.00065 0.00000
vn -1.00000 0.00065 0.00000
vn -1.00000 0.00065 0.00000
vn -0.00062 -1.00000 0.00000
vn -0.00062 -1.00000 -0.00000
vn -0.00062 -1.00000 0.00000
vn -0.00062 -1.00000 0.00000
vn -0.00062 -1.00000 0.00000
vn -0.00062 -1.00000 0.00000
vn -0.00062 -1.00000 0.00000
vn -0.18226 0.96958 0.16341
vn -0.18220 0.96958 -0.16344
vn 0.18805 0.96850 -0.16325
vn 0.18800 0.96850 0.16328
vn 0.00028 0.45398 0.89101
vn -0.11491 0.43341 0.89384
vn -0.16427 -0.10568 0.98074
vn -0.00008 -0.11781 0.99304
vn -0.68872 0.72503 0.00000
vn -0.47134 0.88195 0.00013
vn 0.00062 1.00000 -0.00001
vn 0.00063 1.00000 0.00000
vn -0.99726 -0.05567 -0.04879
vn -0.99781 0.00061 -0.06616
vn -0.99877 -0.02783 0.04106
vn -0.99939 0.00061 0.03482
vn -0.99370 -0.11205 0.00014
vn -1.00000 0.00057 0.00021
vn -0.15249 -0.04863 -0.98711
vn 0.16894 -0.04821 -0.98445
vn 0.16921 0.04789 -0.98442
vn -0.15230 0.04893 -0.98712
vn -0.98514 -0.15721 -0.06919
vn -0.99275 0.07172 -0.09648
vn -0.98909 0.13134 0.06668
vn -0.98928 -0.13000 0.06659
vn 0.00062 1.00000 0.00000
vn 0.00062 1.00000 0.00000
vn 0.00062 1.00000 0.00000
vn -0.00000 -0.00000 1.00000
vn -0.00000 -0.00000 1.00000
vn -0.00000 -0.00000 1.00000
vn -0.00000 -0.00000 1.00000
vn -1.00000 0.00062 0.00001
vn -1.00000 0.00058 0.00003
vn -1.00000 0.00059 0.00003
vn -1.00000 0.00062 0.00000
vn -1.00000 0.00062 -0.00001
vn -1.00000 0.00059 -0.00004
vn -1.00000 0.00058 -0.00003
vn 0.00000 0.00000 1.00000
vn -0.00062 -1.00000 0.00000
vn 0.00000 0.00000 -1.00000
vn 0.00000 0.00000 -1.00000
vn 0.00000 0.00000 -1.00000
vn 0.00000 0.00000 -1.00000
vn -0.00062 -1.00000 0.00000
vn -0.00062 -1.00000 0.00000
vn -0.94987 -0.02966 -0.31125
vn -0.96773 0.05084 -0.24682
vn -0.96900 0.01415 0.24665
vn -0.97225 -0.02984 0.23203
vn -0.00000 -0.00000 1.00000
vn -0.00000 -0.00000 1.00000
vn -0.00000 -0.00000 1.00000
vn -0.00000 -0.00000 1.00000
vn 0.00062 1.00000 0.00000
vn 0.00062 1.00000 0.00000
vn -0.00062 -1.00000 -0.00000
vn -0.00062 -1.00000 -0.00000
vn 1.00000 -0.00059 -0.00000
vn 1.00000 -0.00059 -0.00000
vn 1.00000 -0.00059 -0.00000
vn 1.00000 -0.00059 -0.00000
vn -1.00000 0.00065 0.00000
vn -1.00000 0.00065 0.00000
vn -1.00000 0.00065 0.00000
vn -1.00000 0.00065 0.00000
vn -0.00062 -1.00000 -0.00000
vn -0.18226 0.96958 -0.16341
vn 0.18800 0.96850 -0.16328
vn 0.18801 0.96850 0.16330
vn -0.18210 0.96950 0.16407
vn 0.00028 0.45398 -0.89101
vn -0.11491 0.43341 -0.89384
vn -0.16427 -0.10568 -0.98074
vn -0.00008 -0.11781 -0.99304
vn -0.68872 0.72503 0.00000
vn 0.00063 1.00000 0.00000
vn -0.99726 -0.05567 0.04879
vn -0.99781 0.00061 0.06616
vn -0.99877 -0.02783 -0.04106
vn -0.99939 0.00061 -0.03482
vn -0.15247 0.04882 0.98710
vn 0.16902 0.04800 0.98444
vn 0.16915 -0.04810 0.98442
vn -0.15233 -0.04874 0.98713
vn -0.98494 0.15843 0.06924
vn -0.99285 -0.07042 0.09640
vn -0.98928 -0.13014 -0.06627
vn -0.98912 0.13134 -0.06627
vn -0.00062 -1.00000 0.00000
vn -0.00062 -1.00000 0.00000
vn -0.00062 -1.00000 0.00000
vn -0.00000 -0.00000 1.00000
vn -0.00000 -0.00000 1.00000
vn -0.00000 -0.00000 1.00000
vn -0.00000 -0.00000 1.00000
vn 0.00000 0.00000 -1.00000
vn 0.00000 0.00000 -1.00000
vn 0.00000 0.00000 -1.00000
vn 0.00000 0.00000 -1.00000
vn -1.00000 0.00061 -0.00000
vn -1.00000 0.00062 -0.00001
vn -1.00000 0.00062 -0.00001
vn -1.00000 0.00061 0.00000
vn -1.00000 0.00061 0.00000
vn -1.00000 0.00061 0.00000
vn -1.00000 0.00062 0.00001
vn -1.00000 0.00062 0.00001
vn 0.00000 0.00000 -1.00000
vn 0.00062 1.00000 0.00000
vn 0.00062 1.00000 0.00000
vn 0.00063 1.00000 0.00000
vn 0.00063 1.00000 0.00000
vn -0.00000 -0.00000 1.00000
vn -0.00000 -0.00000 1.00000
vn -0.00000 -0.00000 1.00000
vn -0.00000 -0.00000 1.00000
vn 0.00062 1.00000 0.00000
vn 0.00062 1.00000 0.00000
vn 0.00062 1.00000 0.00000
vn 0.00062 1.00000 0.00000
vn -0.94985 0.03083 0.31117
vn -0.96778 -0.04964 0.24687
vn -0.96901 -0.01293 -0.24668
vn -0.97223 0.03104 -0.23197
vn 0.00000 0.00000 -1.00000
vn 0.00000 0.00000 -1.00000
vn -0.00063 -1.00000 -0.00000
vn -0.00063 -1.00000 -0.00000
vn 0.00062 1.00000 0.00000
vn 0.00062 1.00000 0.00000
vn 1.00000 -0.00069 -0.00000
vn 1.00000 -0.00069 -0.00000
vn 1.00000 -0.00069 -0.00000
vn 1.00000 -0.00069 -0.00000
vn -1.00000 0.00065 0.00000
vn -1.00000 0.00065 0.00000
vn -1.00000 0.00065 0.00000
vn -1.00000 0.00065 0.00000
vn 0.00062 1.00000 0.00000
vn 0.00062 1.00000 0.00000
vn 0.00062 1.00000 0.00000
vn 0.00062 1.00000 0.00000
vn -0.18341 -0.96936 0.16340
vn 0.18682 -0.96872 0.16331
vn 0.18687 -0.96872 -0.16327
vn -0.18336 -0.96936 -0.16344
vn -0.00028 -0.45398 0.89101
vn -0.11545 -0.43323 0.89386
vn -0.09238 0.11390 0.98919
vn 0.00007 0.11781 0.99304
vn -0.47246 -0.88135 0.00013
vn -0.68961 -0.72418 0.00000
vn -0.00060 -1.00000 0.00000
vn -0.00061 -1.00000 -0.00001
vn -0.99718 0.05694 -0.04880
vn -0.99874 0.02898 0.04090
vn -0.99356 0.11333 0.00014
vn -1.00000 0.00061 0.00022
vn -0.15247 0.04882 -0.98710
vn -0.15233 -0.04874 -0.98713
vn 0.16915 -0.04810 -0.98442
vn 0.16902 0.04800 -0.98444
vn -0.98927 -0.13005 0.06658
vn -0.99285 -0.07042 -0.09640
vn -0.98494 0.15843 -0.06924
vn -0.98911 0.13126 0.06658
vn 0.00000 0.00000 -1.00000
vn 0.00000 0.00000 -1.00000
vn 0.00000 0.00000 -1.00000
vn 0.00000 0.00000 -1.00000
vn -0.00000 -0.00000 1.00000
vn -0.00000 -0.00000 1.00000
vn -1.00000 0.00062 0.00001
vn -1.00000 0.00062 0.00001
vn -1.00000 0.00061 0.00000
vn -1.00000 0.00062 -0.00001
vn -1.00000 0.00061 0.00000
vn -1.00000 0.00061 -0.00000
vn -1.00000 0.00062 -0.00001
vn 0.00063 1.00000 0.00000
vn 0.00062 1.00000 0.00000
vn 0.00000 0.00000 -1.00000
vn 0.00000 0.00000 -1.00000
vn 0.00000 0.00000 -1.00000
vn 0.00000 0.00000 -1.00000
vn 0.00062 1.00000 0.00000
vn -0.96901 -0.01293 0.24668
vn -0.96778 -0.04964 -0.24688
vn -0.94985 0.03083 -0.31117
vn -0.97223 0.03104 0.23198
vn -0.00000 -0.00000 1.00000
vn -0.00000 -0.00000 1.00000
vn -0.00063 -1.00000 -0.00000
vn -0.00063 -1.00000 -0.00000
vn -0.00063 -1.00000 -0.00000
vn -0.00063 -1.00000 -0.00000
vn 0.00062 1.00000 0.00000
vn 0.00062 1.00000 0.00000
vn 0.00062 1.00000 0.00000
vn 0.00062 1.00000 0.00000
vn 1.00000 -0.00069 -0.00000
vn 1.00000 -0.00069 -0.00000
vn 1.00000 -0.00069 -0.00000
vn 1.00000 -0.00069 -0.00000
vn -1.00000 0.00065 0.00000
vn -1.00000 0.00065 0.00000
vn -1.00000 0.00065 0.00000
vn -1.00000 0.00065 0.00000
vn 0.00062 1.00000 0.00000
vn 0.00062 1.00000 0.00000
vn 0.00062 1.00000 0.00000
vn 0.00062 1.00000 0.00000
vn 0.00062 1.00000 0.00000
vn 0.00062 1.00000 0.00000
vn -0.18341 -0.96936 -0.16340
vn -0.18325 -0.96928 0.16407
vn 0.18683 -0.96872 0.16332
vn 0.18682 -0.96872 -0.16331
vn -0.00028 -0.45398 -0.89101
vn -0.11545 -0.43323 -0.89386
vn -0.09238 0.11390 -0.98919
vn 0.00007 0.11781 -0.99304
vn -0.68962 -0.72418 0.00000
vn -0.00060 -1.00000 -0.00000
vn -0.99718 0.05694 0.04880
vn -0.99874 0.02898 -0.04090
vn 0.15245 -0.04882 0.98711
vn -0.16904 -0.04800 0.98444
vn -0.16909 0.04810 0.98443
vn 0.15234 0.04874 0.98713
vn 0.98492 -0.15853 0.06929
vn 0.99284 0.07048 0.09649
vn 0.98926 0.13024 -0.06634
vn 0.98911 -0.13141 -0.06633
vn 0.00062 1.00000 0.00000
vn -0.00000 -0.00000 1.00000
vn -0.00000 -0.00000 1.00000
vn 0.00000 0.00000 -1.00000
vn 0.00000 0.00000 -1.00000
vn 1.00000 -0.00061 -0.00001
vn 1.00000 -0.00065 -0.00003
vn 1.00000 -0.00065 -0.00004
vn 1.00000 -0.00061 0.00000
vn 1.00000 -0.00061 0.00001
vn 1.00000 -0.00061 0.00000
vn 1.00000 -0.00065 0.00004
vn 1.00000 -0.00065 0.00003
vn 0.00000 0.00000 -1.00000
vn 0.00000 0.00000 -1.00000
vn -0.00063 -1.00000 0.00000
vn -0.00063 -1.00000 0.00000
vn -0.00000 -0.00000 1.00000
vn -0.00000 -0.00000 1.00000
vn -0.00062 -1.00000 0.00000
vn -0.00062 -1.00000 0.00000
vn 0.94982 -0.03084 0.31127
vn 0.96777 0.04965 0.24689
vn 0.96900 0.01294 -0.24672
vn 0.97221 -0.03105 -0.23205
vn 0.00000 0.00000 -1.00000
vn 0.00000 0.00000 -1.00000
vn 0.00062 1.00000 0.00000
vn 0.00062 1.00000 0.00000
vn -0.00062 -1.00000 -0.00000
vn -0.00062 -1.00000 -0.00000
vn -0.00062 -1.00000 -0.00000
vn -0.00062 -1.00000 -0.00000
vn -1.00000 0.00059 0.00000
vn -1.00000 0.00059 0.00000
vn -1.00000 0.00059 0.00000
vn -1.00000 0.00059 0.00000
vn 1.00000 -0.00055 -0.00000
vn 1.00000 -0.00055 -0.00000
vn 1.00000 -0.00055 -0.00000
vn 1.00000 -0.00055 -0.00000
vn -0.00062 -1.00000 0.00000
vn -0.00062 -1.00000 0.00000
vn -0.00062 -1.00000 0.00000
vn -0.00062 -1.00000 0.00000
vn 0.18341 0.96936 0.16339
vn -0.18676 0.96874 0.16329
vn -0.18681 0.96874 -0.16325
vn 0.18336 0.96937 -0.16342
vn 0.11546 0.43324 0.89385
vn 0.16414 -0.10589 0.98074
vn 0.47243 0.88137 0.00013
vn 0.68957 0.72422 0.00000
vn 0.99718 -0.05699 -0.04877
vn 0.99781 -0.00062 -0.06618
vn 0.99874 -0.02904 0.04100
vn 0.99939 -0.00062 0.03484
vn 0.99355 -0.11342 0.00014
vn 1.00000 -0.00060 0.00021
vn 0.15245 -0.04882 -0.98711
vn 0.15234 0.04874 -0.98713
vn -0.16909 0.04810 -0.98443
vn -0.16904 -0.04800 -0.98444
vn 0.98925 0.13016 0.06665
vn 0.99284 0.07048 -0.09649
vn 0.98492 -0.15853 -0.06930
vn 0.98910 -0.13133 0.06664
vn -0.00000 -0.00000 1.00000
vn -0.00000 -0.00000 1.00000
vn 1.00000 -0.00065 0.00004
vn 1.00000 -0.00065 0.00003
vn 1.00000 -0.00061 0.00001
vn 1.00000 -0.00061 0.00000
vn 1.00000 -0.00065 -0.00004
vn 1.00000 -0.00061 -0.00001
vn 1.00000 -0.00065 -0.00003
vn 0.00000 0.00000 -1.00000
vn 0.00000 0.00000 -1.00000
vn -0.00062 -1.00000 0.00000
vn -0.00062 -1.00000 0.00000
vn 0.96900 0.01294 0.24672
vn 0.96777 0.04965 -0.24689
vn 0.94982 -0.03084 -0.31127
vn 0.97221 -0.03105 0.23205
vn -0.00000 -0.00000 1.00000
vn -0.00000 -0.00000 1.00000
vn 0.00062 1.00000 0.00000
vn 0.00062 1.00000 0.00000
vn 0.00062 1.00000 0.00000
vn 0.00062 1.00000 0.00000
vn -0.00062 -1.00000 -0.00000
vn -0.00062 -1.00000 -0.00000
vn -0.00062 -1.00000 -0.00000
vn -0.00062 -1.00000 -0.00000
vn -1.00000 0.00059 0.00000
vn -1.00000 0.00059 0.00000
vn -1.00000 0.00059 0.00000
vn -1.00000 0.00059 0.00000
vn 1.00000 -0.00055 -0.00000
vn 1.00000 -0.00055 -0.00000
vn 1.00000 -0.00055 -0.00000
vn 1.00000 -0.00055 -0.00000
vn -0.00062 -1.00000 0.00000
vn 0.18341 0.96936 -0.16339
vn 0.18325 0.96928 0.16405
vn -0.18677 0.96873 0.16331
vn -0.18676 0.96874 -0.16329
vn 0.11546 0.43324 -0.89385
vn 0.16415 -0.10589 -0.98074
vn 0.68957 0.72422 0.00000
vn 0.99718 -0.05700 0.04877
vn 0.99781 -0.00062 0.06618
vn 0.99874 -0.02904 -0.04100
vn 0.99939 -0.00062 -0.03484
vn 0.15250 0.04863 0.98711
vn 0.15228 -0.04893 0.98713
vn -0.16920 -0.04789 0.98442
vn -0.16894 0.04821 0.98445
vn 0.98910 -0.13143 -0.06631
vn 0.99275 -0.07168 0.09645
vn 0.98511 0.15733 0.06935
vn 0.98926 0.13019 -0.06638
vn -0.00062 -1.00000 0.00000
vn -0.00062 -1.00000 0.00000
vn -0.00000 -0.00000 1.00000
vn -0.00000 -0.00000 1.00000
vn 0.00000 0.00000 -1.00000
vn 0.00000 0.00000 -1.00000
vn 1.00000 -0.00063 -0.00001
vn 1.00000 -0.00062 -0.00001
vn 1.00000 -0.00063 -0.00000
vn 1.00000 -0.00063 0.00000
vn 1.00000 -0.00063 0.00001
vn 1.00000 -0.00063 0.00000
vn 1.00000 -0.00063 0.00000
vn 1.00000 -0.00062 0.00001
vn 0.00062 1.00000 0.00000
vn 0.00062 1.00000 0.00000
vn -0.00000 -0.00000 1.00000
vn -0.00000 -0.00000 1.00000
vn 0.00062 1.00000 0.00000
vn 0.00062 1.00000 0.00000
vn 0.96897 -0.01416 -0.24676
vn 0.96771 -0.05086 0.24687
vn 0.94985 0.02966 0.31128
vn 0.97224 0.02984 -0.23206
vn 0.00000 0.00000 -1.00000
vn -0.00062 -1.00000 -0.00000
vn -0.00062 -1.00000 -0.00000
vn -0.00062 -1.00000 -0.00000
vn -0.00062 -1.00000 -0.00000
vn 0.00062 1.00000 0.00000
vn 0.00062 1.00000 0.00000
vn 0.00062 1.00000 0.00000
vn 0.00062 1.00000 0.00000
vn -1.00000 0.00069 0.00000
vn -1.00000 0.00069 0.00000
vn -1.00000 0.00069 0.00000
vn -1.00000 0.00069 0.00000
vn 1.00000 -0.00070 -0.00000
vn 1.00000 -0.00070 -0.00000
vn 1.00000 -0.00070 -0.00000
vn 1.00000 -0.00070 -0.00000
vn 0.00062 1.00000 0.00000
vn 0.00062 1.00000 0.00000
vn 0.00063 1.00000 0.00000
vn 0.00063 1.00000 0.00000
vn 0.18220 -0.96959 0.16339
vn 0.18215 -0.96960 -0.16342
vn -0.18806 -0.96849 -0.16325
vn -0.18802 -0.96850 0.16330
vn 0.11491 -0.43339 0.89385
vn 0.09252 0.11377 0.98919
vn 0.68870 -0.72504 0.00000
vn 0.47135 -0.88195 0.00013
vn 0.99725 0.05578 -0.04876
vn 0.99878 0.02776 0.04093
vn 0.99369 0.11220 0.00014
vn 1.00000 -0.00063 0.00022
vn 0.15250 0.04863 -0.98711
vn -0.16894 0.04821 -0.98445
vn -0.16920 -0.04789 -0.98442
vn 0.15228 -0.04893 -0.98713
vn 0.98511 0.15733 -0.06935
vn 0.99275 -0.07168 -0.09645
vn 0.98910 -0.13135 0.06662
vn 0.98925 0.13011 0.06669
vn 0.00000 0.00000 -1.00000
vn 0.00000 0.00000 -1.00000
vn 1.00000 -0.00063 0.00000
vn 1.00000 -0.00062 0.00001
vn 1.00000 -0.00063 0.00001
vn 1.00000 -0.00063 -0.00000
vn 1.00000 -0.00063 0.00000
vn 1.00000 -0.00063 -0.00001
vn 1.00000 -0.00062 -0.00001
vn 0.00062 1.00000 0.00000
vn 0.00062 1.00000 0.00000
vn 0.00000 0.00000 -1.00000
vn 0.00000 0.00000 -1.00000
vn 0.94985 0.02966 -0.31128
vn 0.96771 -0.05086 -0.24687
vn 0.96897 -0.01416 0.24676
vn 0.97224 0.02984 0.23207
vn -0.00000 -0.00000 1.00000
vn -0.00062 -1.00000 -0.00000
vn -0.00062 -1.00000 -0.00000
vn -0.00062 -1.00000 -0.00000
vn -0.00062 -1.00000 -0.00000
vn 0.00062 1.00000 0.00000
vn 0.00062 1.00000 0.00000
vn -1.00000 0.00069 0.00000
vn -1.00000 0.00069 0.00000
vn -1.00000 0.00069 0.00000
vn -1.00000 0.00069 0.00000
vn 1.00000 -0.00070 -0.00000
vn 1.00000 -0.00070 -0.00000
vn 1.00000 -0.00070 -0.00000
vn 0.18220 -0.96959 -0.16338
vn -0.18802 -0.96850 -0.16330
vn -0.18802 -0.96849 0.16331
vn 0.18204 -0.96951 0.16405
vn 0.11491 -0.43339 -0.89385
vn 0.09252 0.11377 -0.98919
vn 0.68871 -0.72504 0.00000
vn 0.99725 0.05578 0.04876
vn 0.99878 0.02776 -0.04093
vn 0.00077 1.00000 0.00000
vn 0.00077 1.00000 0.00000
vn -0.00095 0.00261 -1.00000
vn -0.15011 0.35510 -0.92270
vn -0.00096 0.00001 -1.00000
vn -0.00098 0.00000 -1.00000
vn -0.29294 0.41845 -0.85970
vn -0.30608 0.31589 -0.89807
vn -0.16176 0.18514 -0.96931
vn 1.00000 -0.00063 -0.00000
vn 1.00000 -0.00062 0.00000
vn 1.00000 -0.00062 -0.00000
vn 1.00000 -0.00063 -0.00000
vn 0.00092 -0.00000 1.00000
vn -0.13076 0.00008 0.99141
vn -0.16460 0.18211 0.96940
vn 0.00093 -0.00001 1.00000
vn -0.14930 0.35405 0.92323
vn 0.00096 -0.00001 1.00000
vn 1.00000 -0.00062 -0.00000
vn 1.00000 -0.00062 0.00000
vn -0.29294 0.41845 0.85970
vn -0.44480 0.29323 0.84627
vn -0.13104 0.00007 -0.99138
vn -0.00092 0.00000 -1.00000
vn -0.00093 0.00001 -1.00000
vn 1.00000 -0.00061 0.00000
vn 1.00000 -0.00061 0.00000
vn 0.00095 -0.00261 1.00000
vn 0.00098 -0.00000 1.00000
vn -0.94780 0.18285 0.26121
vn -0.95299 0.18385 0.24087
vn -0.95748 0.18472 0.22159
vn -0.00048 -1.00000 0.00000
vn -0.00048 -1.00000 0.00000
vn -0.00095 -0.00261 -1.00000
vn -0.00098 0.00000 -1.00000
vn -0.00096 -0.00001 -1.00000
vn -0.15055 -0.35491 -0.92270
vn -0.16199 -0.18494 -0.96931
vn -0.30647 -0.31553 -0.89806
vn -0.29345 -0.41808 -0.85970
vn 1.00000 -0.00062 0.00000
vn 1.00000 -0.00062 0.00000
vn -0.16483 -0.18190 0.96940
vn 0.00093 0.00001 1.00000
vn -0.14974 -0.35387 0.92323
vn 0.00096 0.00001 1.00000
vn 1.00000 -0.00064 0.00000
vn 1.00000 -0.00064 0.00000
vn -0.29345 -0.41808 0.85970
vn -0.44518 -0.29265 0.84627
vn -0.00093 -0.00001 -1.00000
vn 1.00000 -0.00066 0.00000
vn 1.00000 -0.00066 0.00000
vn 0.00095 0.00261 1.00000
vn 0.00098 -0.00000 1.00000
vn -0.95322 -0.18252 0.24096
vn -0.94821 -0.18156 0.26065
vn -0.95758 -0.18336 0.22230
vn 0.00062 1.00000 0.00000
vn 0.00062 1.00000 0.00000
vn -0.00000 -0.00000 1.00000
vn -0.00000 -0.00000 1.00000
vn -0.00000 -0.00000 1.00000
vn -0.00000 -0.00000 1.00000
vn -0.00062 -1.00000 0.00000
vn -0.00062 -1.00000 -0.00000
vn 0.00000 0.00000 -1.00000
vn 0.00000 0.00000 -1.00000
vn 0.00000 0.00000 -1.00000
vn 0.00000 0.00000 -1.00000
vn 1.00000 -0.00062 0.00000
vn 1.00000 -0.00062 0.00000
vn 1.00000 -0.00062 0.00000
vn 1.00000 -0.00062 0.00000
vn -1.00000 0.00062 0.00000
vn -1.00000 0.00062 0.00000
vn -1.00000 0.00062 0.00000
vn -0.00021 -0.33682 0.94157
vn -0.00021 -0.33681 0.94157
vn 0.00000 0.00000 1.00000
vn -0.00000 -0.00001 1.00000
vn -0.00046 -0.74255 0.66979
vn -0.00046 -0.74250 0.66984
vn -0.00062 -1.00000 -0.00001
vn -0.00062 -1.00000 -0.00001
vn -0.00046 -0.74251 -0.66984
vn -0.00046 -0.74256 -0.66978
vn -0.00021 -0.33682 -0.94157
vn -0.00021 -0.33681 -0.94157
vn 0.00000 -0.00000 -1.00000
vn 0.00000 0.00000 -1.00000
vn 0.00021 0.33682 -0.94157
vn 0.00021 0.33680 -0.94158
vn 0.00046 0.74255 -0.66979
vn 0.00046 0.74257 -0.66977
vn 0.00062 1.00000 0.00000
vn 0.00062 1.00000 0.00000
vn 0.00046 0.74255 0.66979
vn 0.00046 0.74257 0.66977
vn 1.00000 -0.00063 -0.00005
vn 1.00000 -0.00062 0.00003
vn 1.00000 -0.00063 0.00001
vn 1.00000 -0.00062 -0.00006
vn 0.00021 0.33681 0.94157
vn 0.00021 0.33683 0.94157
vn 1.00000 -0.00060 0.00001
vn 1.00000 -0.00063 -0.00002
vn 1.00000 -0.00064 -0.00002
vn 1.00000 -0.00059 0.00000
vn 1.00000 -0.00060 -0.00001
vn 1.00000 -0.00059 0.00000
vn 1.00000 -0.00064 0.00001
vn 1.00000 -0.00063 0.00001
vn 1.00000 -0.00063 0.00005
vn 1.00000 -0.00062 0.00006
vn 1.00000 -0.00063 -0.00001
vn 1.00000 -0.00062 -0.00003
vn 1.00000 -0.00064 0.00001
vn 1.00000 -0.00059 0.00003
vn 1.00000 -0.00065 0.00000
vn 1.00000 -0.00074 0.00000
vn 1.00000 -0.00060 0.00000
vn 1.00000 -0.00062 0.00000
vn -0.00021 -0.33680 0.94158
vn -0.00000 0.00001 1.00000
vn 0.00000 0.00000 1.00000
vn -0.00021 -0.33682 0.94157
vn 0.00021 0.33681 0.94157
vn 0.00021 0.33681 0.94157
vn -0.00046 -0.74254 -0.66980
vn -0.00062 -1.00000 0.00000
vn -0.00062 -1.00000 -0.00000
vn -0.00046 -0.74254 -0.66980
vn -0.00021 -0.33682 -0.94157
vn -0.00021 -0.33680 -0.94158
vn 0.00000 0.00000 -1.00000
vn -0.00000 0.00001 -1.00000
vn 0.00021 0.33681 -0.94157
vn 0.00021 0.33682 -0.94157
vn -0.00046 -0.74254 0.66980
vn -0.00046 -0.74254 0.66980
vn 0.00047 0.74254 0.66980
vn 0.00046 0.74254 0.66980
vn 0.00063 1.00000 -0.00002
vn 0.00062 1.00000 -0.00001
vn 0.00047 0.74253 -0.66981
vn 0.00046 0.74253 -0.66981
vn 1.00000 -0.00064 -0.00001
vn 1.00000 -0.00059 -0.00003
vn 0.00017 0.27255 -0.96214
vn -0.00016 -0.27254 -0.96214
vn -0.00017 -0.27255 -0.96214
vn 0.00017 0.27254 -0.96215
vn -0.00052 -0.87306 -0.48762
vn -0.00052 -0.87306 -0.48762
vn -0.00052 -0.87306 0.48761
vn -0.00052 -0.87305 0.48763
vn -1.00000 0.00071 0.00000
vn -1.00000 0.00066 0.00000
vn -1.00000 0.00066 0.00000
vn -1.00000 0.00071 0.00000
vn 0.00053 0.87306 0.48762
vn 0.00053 0.87305 0.48763
vn 0.00053 0.87305 -0.48762
vn 0.00053 0.87305 -0.48763
vn -0.00017 -0.27255 0.96214
vn -0.00016 -0.27254 0.96214
vn 0.00017 0.27255 0.96214
vn 0.00017 0.27254 0.96215
vn 1.00000 -0.00066 0.00000
vn 1.00000 -0.00064 0.00000
vn 1.00000 -0.00064 0.00000
vn 1.00000 -0.00061 0.00000
vn 1.00000 -0.00061 0.00000
vn 1.00000 -0.00056 0.00000
vn 1.00000 -0.00056 0.00000
vn -1.00000 0.00059 0.00000
vn -1.00000 0.00059 0.00000
vn -1.00000 0.00061 0.00000
vn -1.00000 0.00061 0.00000
vn 0.00092 0.00004 1.00000
vn 0.00092 0.00004 1.00000
vn 0.00092 0.00003 1.00000
vn 0.00093 0.00003 1.00000
vn -0.00291 -1.00000 0.00000
vn -0.36923 0.29234 -0.88216
vn -0.16543 0.18286 -0.96912
vn -0.53129 0.00025 0.84719
vn -0.36923 0.29234 0.88216
vn -0.53173 0.00025 -0.84691
vn -0.00092 0.00000 -1.00000
vn -0.82084 0.22970 0.52294
vn -0.82084 0.22970 -0.52294
vn -0.16566 -0.18265 -0.96912
vn -0.36962 -0.29189 -0.88215
vn -0.36962 -0.29189 0.88215
vn -0.82144 -0.22861 0.52247
vn -0.82144 -0.22861 -0.52247
vn 0.00658 -0.99996 -0.00637
vn 0.00658 -0.99996 -0.00637
vn 0.00658 -0.99996 -0.00637
vn -0.34786 0.23454 -0.90774
vn -0.17339 0.17460 -0.96925
vn 0.99733 0.03130 0.06604
vn 0.90450 0.00135 0.42647
vn 0.95009 -0.00115 0.31197
vn -0.51755 0.00024 0.85565
vn -0.36755 0.29218 0.88292
vn -0.30949 0.00116 -0.95090
vn -0.00092 -0.00002 -1.00000
vn -0.00094 -0.00295 -1.00000
vn -0.80122 0.23391 0.55076
vn -0.51228 0.14955 -0.84570
vn -0.17383 -0.17423 -0.96924
vn -0.34765 -0.23309 -0.90819
vn 0.99733 -0.03225 0.06545
vn -0.36793 -0.29172 0.88290
vn -0.00093 0.00292 -1.00000
vn -0.80183 -0.23284 0.55032
vn -0.51011 -0.14813 -0.84726
vn 0.00000 0.19159 0.98147
vn -0.00000 0.25679 0.96647
vn 0.25679 0.00000 0.96647
vn 0.19159 -0.00000 0.98148
vn 0.00000 -0.25679 0.96647
vn -0.00000 -0.19159 0.98148
vn -0.25679 -0.00000 0.96647
vn -0.19159 0.00000 0.98148
vn 0.25679 0.00000 -0.96647
vn -0.00000 0.25679 -0.96647
vn 0.00000 0.19159 -0.98147
vn 0.19159 -0.00000 -0.98148
vn 0.00000 -0.25679 -0.96647
vn -0.00000 -0.19159 -0.98148
vn -0.25679 -0.00000 -0.96647
vn -0.19159 0.00000 -0.98148
vn 0.73537 0.67767 0.00000
vn -0.50586 -0.86261 0.00000
vn -0.70633 -0.69990 -0.10601
vn -0.70631 -0.69991 0.10608
vn 0.75520 0.64687 -0.10600
vn 0.90101 0.43380 0.00000
vn 0.75521 0.64685 0.10607
vn 0.13911 -0.07911 0.98711
vn 0.06725 -0.14501 0.98714
vn -0.14988 0.09187 0.98443
vn -0.07909 0.15678 0.98446
vn 0.57418 -0.81603 -0.06649
vn 0.62052 -0.77822 0.09659
vn 0.78352 -0.61751 0.06914
vn 0.76644 -0.63888 -0.06631
vn -0.73537 -0.67767 0.00000
vn -0.73537 -0.67766 0.00000
vn -0.73537 -0.67766 0.00000
vn -0.73537 -0.67767 0.00000
vn 0.00000 0.00000 1.00000
vn 0.00000 0.00000 1.00000
vn 0.00000 0.00000 1.00000
vn 0.00000 0.00000 1.00000
vn 0.67771 -0.73533 -0.00008
vn 0.67772 -0.73532 -0.00006
vn 0.67765 -0.73538 -0.00002
vn 0.67765 -0.73538 0.00000
vn 0.67771 -0.73533 0.00009
vn 0.67765 -0.73538 0.00002
vn 0.67772 -0.73532 0.00007
vn 0.73538 0.67766 0.00000
vn 0.73538 0.67765 0.00000
vn 0.73538 0.67765 0.00000
vn 0.73538 0.67766 0.00000
vn 0.00000 0.00000 1.00000
vn 0.00000 0.00000 1.00000
vn 0.00000 0.00000 1.00000
vn 0.00000 0.00000 1.00000
vn 0.73537 0.67766 0.00000
vn 0.73539 0.67765 0.00000
vn 0.73539 0.67765 0.00000
vn 0.73537 0.67766 0.00000
vn 0.64668 -0.72175 -0.24674
vn 0.61884 -0.74569 0.24696
vn 0.66585 -0.67786 0.31170
vn 0.68120 -0.69423 -0.23241
vn -0.00000 -0.00000 -1.00000
vn -0.00000 -0.00000 -1.00000
vn -0.00000 -0.00000 -1.00000
vn -0.00000 -0.00000 -1.00000
vn -0.73538 -0.67765 0.00000
vn 0.73540 0.67764 -0.00000
vn 0.73539 0.67764 0.00000
vn 0.73540 0.67764 -0.00000
vn 0.73540 0.67764 -0.00000
vn -0.67774 0.73530 -0.00000
vn -0.67774 0.73530 -0.00000
vn -0.67775 0.73529 -0.00000
vn -0.67775 0.73529 0.00000
vn 0.67774 -0.73530 0.00000
vn 0.73537 0.67766 0.00000
vn 0.73539 0.67765 0.00000
vn 0.73537 0.67766 0.00000
vn 0.73539 0.67765 0.00000
vn 0.73537 0.67766 0.00000
vn -0.58901 -0.79142 0.16348
vn -0.58905 -0.79138 -0.16352
vn -0.83938 -0.51839 -0.16346
vn -0.83934 -0.51843 0.16349
vn -0.33369 -0.30750 0.89112
vn -0.24054 -0.37821 0.89392
vn 0.18895 -0.04903 0.98076
vn 0.08658 0.07979 0.99305
vn -0.06578 -0.99783 0.00000
vn -0.32838 -0.94455 0.00013
vn -0.73541 -0.67762 -0.00001
vn -0.73544 -0.67759 0.00000
vn 0.71711 -0.69524 -0.04890
vn 0.67621 -0.73372 -0.06622
vn 0.69778 -0.71513 0.04120
vn 0.67729 -0.73489 0.03483
vn 0.75619 -0.65435 0.00014
vn 0.67775 -0.73529 0.00021
vn 0.13911 -0.07911 -0.98711
vn -0.07911 0.15679 -0.98446
vn -0.14988 0.09187 -0.98443
vn 0.06726 -0.14501 -0.98714
vn 0.78358 -0.61743 -0.06919
vn 0.62051 -0.77823 -0.09660
vn 0.57423 -0.81596 0.06680
vn 0.76638 -0.63893 0.06662
vn -0.73537 -0.67767 0.00000
vn -0.00000 -0.00000 -1.00000
vn -0.00000 -0.00000 -1.00000
vn -0.00000 -0.00000 -1.00000
vn -0.00000 -0.00000 -1.00000
vn 0.67765 -0.73538 0.00002
vn 0.67772 -0.73532 0.00006
vn 0.67771 -0.73533 0.00008
vn 0.67765 -0.73538 0.00000
vn 0.67765 -0.73538 -0.00002
vn 0.67771 -0.73533 -0.00009
vn 0.67772 -0.73532 -0.00007
vn 0.73538 0.67765 0.00000
vn 0.73538 0.67765 0.00000
vn 0.66585 -0.67786 -0.31170
vn 0.61884 -0.74569 -0.24697
vn 0.64668 -0.72174 0.24677
vn 0.68120 -0.69423 0.23240
vn 0.00000 0.00000 1.00000
vn 0.00000 0.00000 1.00000
vn 0.00000 0.00000 1.00000
vn 0.00000 0.00000 1.00000
vn -0.73538 -0.67765 0.00000
vn 0.73539 0.67764 0.00000
vn -0.67774 0.73530 0.00000
vn -0.67774 0.73530 0.00000
vn 0.73537 0.67766 0.00000
vn -0.58901 -0.79142 -0.16348
vn -0.83934 -0.51843 -0.16349
vn -0.83935 -0.51842 0.16351
vn -0.58906 -0.79124 0.16415
vn -0.33369 -0.30750 -0.89112
vn -0.24054 -0.37821 -0.89392
vn 0.18895 -0.04903 -0.98076
vn 0.08658 0.07978 -0.99304
vn -0.06578 -0.99783 0.00000
vn -0.73544 -0.67759 0.00000
vn 0.71715 -0.69520 0.04886
vn 0.67621 -0.73372 0.06622
vn 0.69778 -0.71513 -0.04120
vn 0.67729 -0.73489 -0.03483
vn 0.06753 -0.14514 0.98710
vn -0.14978 0.09159 0.98447
vn -0.07933 0.15686 0.98443
vn 0.13904 -0.07885 0.98714
vn 0.55131 -0.83141 0.06938
vn 0.72499 -0.68197 0.09647
vn 0.76647 -0.63885 -0.06634
vn 0.57410 -0.81609 -0.06640
vn 0.73538 0.67765 0.00000
vn 0.73538 0.67765 0.00000
vn 0.73540 0.67764 0.00000
vn 0.73540 0.67764 0.00000
vn 0.00000 0.00000 1.00000
vn 0.00000 0.00000 1.00000
vn 0.00000 0.00000 1.00000
vn 0.00000 0.00000 1.00000
vn 0.67767 -0.73537 -0.00001
vn 0.67761 -0.73542 -0.00005
vn 0.67762 -0.73541 -0.00007
vn 0.67767 -0.73537 0.00000
vn 0.67767 -0.73537 0.00001
vn 0.67762 -0.73541 0.00007
vn 0.67761 -0.73542 0.00005
vn -0.73538 -0.67766 0.00000
vn -0.73538 -0.67766 0.00000
vn -0.73537 -0.67767 0.00000
vn -0.73537 -0.67767 0.00000
vn -0.73539 -0.67765 0.00000
vn -0.73539 -0.67765 0.00000
vn -0.73539 -0.67765 0.00000
vn -0.73539 -0.67765 0.00000
vn 0.62139 -0.71897 0.31138
vn 0.69276 -0.67756 0.24698
vn 0.66653 -0.70333 -0.24710
vn 0.63643 -0.73557 -0.23217
vn 0.73539 0.67764 0.00000
vn 0.73539 0.67764 0.00000
vn -0.73540 -0.67764 0.00000
vn -0.73539 -0.67764 0.00000
vn -0.73540 -0.67764 0.00000
vn -0.73540 -0.67764 0.00000
vn -0.67765 0.73538 -0.00000
vn -0.67767 0.73537 -0.00000
vn -0.67766 0.73537 -0.00000
vn -0.67765 0.73538 0.00000
vn 0.67769 -0.73535 0.00000
vn 0.67769 -0.73535 0.00000
vn -0.73539 -0.67765 0.00000
vn -0.73539 -0.67765 0.00000
vn -0.73539 -0.67765 0.00000
vn -0.73538 -0.67765 0.00000
vn -0.73539 -0.67765 0.00000
vn 0.83686 0.52240 0.16357
vn 0.58528 0.79419 0.16343
vn 0.58523 0.79423 -0.16340
vn 0.83683 0.52245 -0.16360
vn 0.33371 0.30751 0.89111
vn 0.39653 0.20886 0.89395
vn -0.02106 -0.14508 0.98920
vn -0.08658 -0.07978 0.99305
vn 0.96820 0.25019 0.00013
vn 0.99987 -0.01598 0.00000
vn 0.73535 0.67769 -0.00000
vn 0.73537 0.67767 -0.00001
vn 0.63429 -0.77154 -0.04899
vn 0.65593 -0.75372 0.04084
vn 0.59026 -0.80721 0.00014
vn 0.67758 -0.73544 0.00022
vn 0.06753 -0.14514 -0.98710
vn 0.13904 -0.07885 -0.98714
vn -0.07933 0.15686 -0.98443
vn -0.14978 0.09159 -0.98447
vn 0.76640 -0.63890 0.06665
vn 0.72499 -0.68197 -0.09647
vn 0.55131 -0.83141 -0.06937
vn 0.57415 -0.81603 0.06671
vn 0.73540 0.67764 0.00000
vn 0.73538 0.67765 0.00000
vn 0.73538 0.67765 0.00000
vn 0.00000 0.00000 1.00000
vn 0.00000 0.00000 1.00000
vn 0.00000 0.00000 1.00000
vn 0.00000 0.00000 1.00000
vn 0.67762 -0.73541 0.00007
vn 0.67761 -0.73542 0.00005
vn 0.67767 -0.73537 0.00001
vn 0.67762 -0.73541 -0.00007
vn 0.67767 -0.73537 -0.00001
vn 0.67761 -0.73542 -0.00005
vn -0.73537 -0.67767 0.00000
vn -0.73538 -0.67766 0.00000
vn -0.73539 -0.67765 0.00000
vn -0.73539 -0.67765 0.00000
vn 0.66653 -0.70333 0.24710
vn 0.69276 -0.67756 -0.24698
vn 0.62139 -0.71897 -0.31138
vn 0.63642 -0.73557 0.23218
vn 0.00000 0.00000 1.00000
vn 0.00000 0.00000 1.00000
vn -0.73539 -0.67764 0.00000
vn -0.67767 0.73537 0.00000
vn -0.67767 0.73537 0.00000
vn -0.73539 -0.67765 0.00000
vn -0.73539 -0.67765 0.00000
vn -0.73539 -0.67765 0.00000
vn -0.73539 -0.67765 0.00000
vn 0.83686 0.52240 -0.16357
vn 0.83669 0.52247 0.16423
vn 0.58525 0.79420 0.16345
vn 0.58528 0.79419 -0.16343
vn 0.33371 0.30751 -0.89111
vn 0.39653 0.20886 -0.89395
vn -0.02106 -0.14508 -0.98920
vn -0.08658 -0.07978 -0.99305
vn 0.99987 -0.01598 0.00000
vn 0.73535 0.67769 0.00000
vn 0.63430 -0.77154 0.04899
vn 0.65593 -0.75372 -0.04084
vn -0.06752 0.14512 0.98711
vn 0.14981 -0.09164 0.98446
vn 0.07924 -0.15678 0.98445
vn -0.13900 0.07882 0.98715
vn -0.55143 0.83134 0.06929
vn -0.72503 0.68193 0.09647
vn -0.76651 0.63879 -0.06641
vn -0.57421 0.81602 -0.06634
vn -0.73538 -0.67765 0.00000
vn -0.73538 -0.67765 -0.00000
vn 0.00000 0.00000 1.00000
vn 0.00000 0.00000 1.00000
vn -0.67767 0.73536 -0.00002
vn -0.67761 0.73542 -0.00006
vn -0.67762 0.73541 -0.00008
vn -0.67768 0.73536 0.00000
vn -0.67767 0.73536 0.00002
vn -0.67768 0.73536 0.00000
vn -0.67762 0.73541 0.00008
vn -0.67761 0.73542 0.00006
vn 0.73539 0.67765 0.00000
vn 0.73539 0.67765 0.00000
vn 0.00000 0.00000 1.00000
vn 0.00000 0.00000 1.00000
vn 0.73540 0.67764 0.00000
vn 0.73540 0.67764 0.00000
vn -0.62133 0.71894 0.31156
vn -0.69274 0.67760 0.24692
vn -0.66658 0.70337 -0.24688
vn -0.63638 0.73557 -0.23230
vn -0.00000 -0.00000 -1.00000
vn -0.00000 -0.00000 -1.00000
vn -0.73539 -0.67765 0.00000
vn 0.73537 0.67766 -0.00000
vn 0.73537 0.67766 -0.00000
vn 0.73537 0.67766 -0.00000
vn 0.67775 -0.73529 0.00000
vn 0.67774 -0.73530 0.00000
vn 0.67774 -0.73530 0.00000
vn 0.67775 -0.73529 0.00000
vn -0.67782 0.73523 0.00000
vn 0.73540 0.67764 0.00000
vn 0.73540 0.67764 0.00000
vn -0.83676 -0.52259 0.16349
vn -0.58526 -0.79420 0.16346
vn -0.58522 -0.79423 -0.16342
vn -0.83673 -0.52263 -0.16353
vn -0.39652 -0.20883 0.89396
vn -0.03346 0.19234 0.98076
vn -0.96815 -0.25036 0.00013
vn -0.99988 0.01560 0.00000
vn -0.63438 0.77147 -0.04890
vn -0.67618 0.73375 -0.06624
vn -0.65590 0.75374 0.04101
vn -0.67726 0.73492 0.03487
vn -0.59039 0.80712 0.00014
vn -0.67759 0.73544 0.00021
vn -0.06752 0.14512 -0.98711
vn -0.13901 0.07882 -0.98715
vn 0.07924 -0.15678 -0.98445
vn 0.14982 -0.09165 -0.98446
vn -0.76644 0.63885 0.06672
vn -0.72505 0.68190 -0.09652
vn -0.55143 0.83134 -0.06927
vn -0.57426 0.81596 0.06665
vn -0.73538 -0.67765 0.00000
vn -0.00000 -0.00000 -1.00000
vn -0.00000 -0.00000 -1.00000
vn -0.67762 0.73541 0.00008
vn -0.67761 0.73542 0.00006
vn -0.67767 0.73536 0.00002
vn -0.67762 0.73541 -0.00008
vn -0.67767 0.73536 -0.00002
vn -0.67761 0.73542 -0.00006
vn 0.73539 0.67765 0.00000
vn -0.66658 0.70337 0.24688
vn -0.69274 0.67760 -0.24692
vn -0.62133 0.71894 -0.31156
vn -0.63638 0.73557 0.23229
vn 0.00000 0.00000 1.00000
vn 0.00000 0.00000 1.00000
vn 0.73537 0.67766 0.00000
vn 0.67774 -0.73530 0.00000
vn 0.67774 -0.73530 0.00000
vn -0.67782 0.73523 0.00000
vn 0.73540 0.67764 0.00000
vn 0.73540 0.67764 0.00000
vn -0.83676 -0.52259 -0.16350
vn -0.83659 -0.52265 0.16416
vn -0.58525 -0.79420 0.16348
vn -0.58526 -0.79420 -0.16346
vn -0.39652 -0.20883 -0.89396
vn -0.03346 0.19234 -0.98076
vn -0.99988 0.01555 0.00000
vn -0.63437 0.77148 0.04891
vn -0.67618 0.73376 0.06623
vn -0.65585 0.75377 -0.04109
vn -0.67725 0.73492 -0.03487
vn -0.13911 0.07910 0.98711
vn -0.06726 0.14501 0.98714
vn 0.14983 -0.09181 0.98444
vn 0.07908 -0.15676 0.98446
vn -0.57426 0.81598 -0.06635
vn -0.62064 0.77813 0.09649
vn -0.78370 0.61725 0.06944
vn -0.76655 0.63873 -0.06646
vn 0.73537 0.67766 0.00000
vn 0.73537 0.67766 0.00000
vn 0.00000 0.00000 1.00000
vn 0.00000 0.00000 1.00000
vn -0.67763 0.73541 0.00002
vn -0.67762 0.73541 0.00002
vn -0.67764 0.73539 0.00000
vn -0.67764 0.73539 0.00000
vn -0.67763 0.73541 -0.00003
vn -0.67764 0.73539 -0.00000
vn -0.67762 0.73541 -0.00002
vn -0.73538 -0.67765 0.00000
vn -0.73539 -0.67765 0.00000
vn -0.73539 -0.67765 0.00000
vn -0.64662 0.72170 -0.24703
vn -0.61881 0.74571 0.24696
vn -0.66586 0.67787 0.31165
vn -0.68120 0.69424 -0.23238
vn 0.73537 0.67767 0.00000
vn 0.73537 0.67767 0.00000
vn -0.73537 -0.67766 0.00000
vn -0.73537 -0.67766 -0.00000
vn -0.73537 -0.67766 0.00000
vn -0.73537 -0.67766 0.00000
vn 0.67766 -0.73537 0.00000
vn 0.67767 -0.73537 0.00000
vn 0.67765 -0.73538 0.00000
vn 0.67765 -0.73538 0.00000
vn -0.67756 0.73547 0.00000
vn -0.67756 0.73547 0.00000
vn -0.73538 -0.67765 0.00000
vn -0.73538 -0.67765 0.00000
vn 0.58911 0.79135 0.16345
vn 0.58914 0.79132 -0.16348
vn 0.83928 0.51857 -0.16338
vn 0.83925 0.51861 0.16341
vn 0.24053 0.37820 0.89393
vn -0.14629 -0.00915 0.98920
vn 0.06576 0.99784 0.00000
vn 0.32835 0.94456 0.00013
vn -0.71726 0.69509 -0.04886
vn -0.69770 0.71522 0.04089
vn -0.75637 0.65415 0.00014
vn -0.67769 0.73534 0.00022
vn -0.13911 0.07910 -0.98711
vn 0.07908 -0.15676 -0.98446
vn 0.14983 -0.09181 -0.98444
vn -0.06726 0.14501 -0.98714
vn -0.78370 0.61725 -0.06943
vn -0.62064 0.77813 -0.09649
vn -0.57431 0.81592 0.06666
vn -0.76649 0.63878 0.06677
vn 0.00000 0.00000 1.00000
vn 0.00000 0.00000 1.00000
vn -0.67764 0.73539 -0.00000
vn -0.67762 0.73541 -0.00002
vn -0.67763 0.73541 -0.00002
vn -0.67764 0.73539 0.00000
vn -0.67763 0.73541 0.00003
vn -0.67762 0.73541 0.00002
vn -0.73538 -0.67765 0.00000
vn -0.73538 -0.67765 -0.00000
vn -0.73539 -0.67765 0.00000
vn -0.66586 0.67788 -0.31163
vn -0.61881 0.74571 -0.24696
vn -0.64662 0.72170 0.24703
vn -0.68120 0.69424 0.23237
vn 0.00000 0.00000 1.00000
vn 0.73537 0.67767 0.00000
vn -0.73537 -0.67766 0.00000
vn 0.67767 -0.73537 0.00000
vn 0.67767 -0.73537 0.00000
vn -0.67756 0.73547 0.00000
vn -0.73539 -0.67765 0.00000
vn 0.58910 0.79135 -0.16345
vn 0.83925 0.51861 -0.16341
vn 0.83925 0.51859 0.16344
vn 0.58915 0.79118 0.16411
vn 0.24053 0.37820 -0.89393
vn -0.14629 -0.00915 -0.98920
vn 0.06576 0.99784 0.00000
vn -0.71726 0.69509 0.04886
vn -0.69770 0.71522 -0.04089
vn -0.73548 -0.67755 0.00000
vn -0.73548 -0.67755 -0.00000
vn -0.00128 -0.00247 -1.00000
vn -0.15914 -0.35099 -0.92276
vn 0.00065 -0.00072 -1.00000
vn 0.00066 -0.00072 -1.00000
vn -0.10885 -0.49883 -0.85983
vn -0.00084 -0.42114 -0.90699
vn -0.02220 -0.24547 -0.96915
vn -0.67766 0.73538 0.00000
vn -0.67766 0.73538 0.00000
vn -0.67766 0.73538 0.00000
vn -0.67766 0.73538 0.00000
vn -0.00062 0.00068 1.00000
vn 0.15671 -0.17007 0.97289
vn -0.02221 -0.24435 0.96943
vn -0.00063 0.00069 1.00000
vn -0.15892 -0.34969 0.92329
vn -0.00065 0.00072 1.00000
vn -0.67766 0.73537 0.00000
vn -0.67766 0.73537 0.00000
vn -0.10885 -0.49883 0.85983
vn -0.00084 -0.42114 0.90699
vn 0.15705 -0.17043 -0.97277
vn 0.00062 -0.00068 -1.00000
vn 0.00063 -0.00069 -1.00000
vn -0.67768 0.73536 0.00000
vn 0.00128 0.00247 1.00000
vn -0.00066 0.00072 1.00000
vn 0.02074 -0.40462 0.91425
vn 0.02074 -0.40462 -0.91425
vn 0.73528 0.67776 0.00000
vn 0.73528 0.67776 0.00000
vn 0.00256 0.00107 -1.00000
vn 0.00066 -0.00072 -1.00000
vn 0.00066 -0.00070 -1.00000
vn 0.36281 0.12998 -0.92275
vn 0.24646 0.00211 -0.96915
vn 0.41980 -0.03352 -0.90700
vn 0.50607 0.06780 -0.85983
vn -0.67766 0.73537 0.00000
vn -0.67766 0.73537 0.00000
vn 0.24535 0.00221 0.96943
vn -0.00064 0.00068 1.00000
vn 0.36150 0.12987 0.92328
vn -0.00066 0.00070 1.00000
vn -0.67762 0.73541 0.00000
vn -0.67762 0.73541 0.00000
vn 0.50607 0.06780 0.85983
vn 0.41980 -0.03352 0.90700
vn 0.00064 -0.00068 -1.00000
vn -0.67757 0.73546 0.00000
vn -0.00256 -0.00107 1.00000
vn -0.00066 0.00072 1.00000
vn 0.40157 -0.05368 0.91425
vn 0.40157 -0.05368 -0.91425
vn -0.73538 -0.67765 0.00000
vn -0.73538 -0.67765 0.00000
vn 0.00000 0.00000 1.00000
vn 0.00000 0.00000 1.00000
vn 0.00000 0.00000 1.00000
vn 0.00000 0.00000 1.00000
vn 0.73538 0.67765 0.00000
vn 0.73538 0.67765 0.00000
vn -0.00000 -0.00000 -1.00000
vn -0.00000 -0.00000 -1.00000
vn -0.00000 -0.00000 -1.00000
vn -0.00000 -0.00000 -1.00000
vn -0.67766 0.73538 0.00000
vn -0.67766 0.73538 0.00000
vn 0.67766 -0.73538 0.00000
vn 0.67766 -0.73538 0.00000
vn 0.67766 -0.73538 0.00000
vn 0.67766 -0.73538 0.00000
vn 0.24757 0.22814 0.94163
vn 0.24758 0.22814 0.94162
vn 0.00000 0.00000 1.00000
vn -0.00000 -0.00000 1.00000
vn 0.54591 0.50306 0.67001
vn 0.54594 0.50308 0.66997
vn 0.73538 0.67765 -0.00001
vn 0.73538 0.67765 0.00002
vn 0.54594 0.50308 -0.66997
vn 0.54591 0.50306 -0.67001
vn 0.24758 0.22814 -0.94163
vn 0.24758 0.22815 -0.94162
vn -0.00000 -0.00000 -1.00000
vn 0.00000 0.00000 -1.00000
vn -0.24756 -0.22813 -0.94163
vn -0.24757 -0.22814 -0.94163
vn -0.54593 -0.50307 -0.66998
vn -0.54595 -0.50309 -0.66996
vn -0.73538 -0.67765 -0.00000
vn -0.73538 -0.67765 0.00000
vn -0.54593 -0.50307 0.66998
vn -0.54595 -0.50309 0.66996
vn -0.67763 0.73540 -0.00016
vn -0.67762 0.73542 -0.00008
vn -0.67766 0.73538 -0.00013
vn -0.67763 0.73541 -0.00015
vn -0.24757 -0.22814 0.94163
vn -0.24756 -0.22813 0.94163
vn -0.67765 0.73538 0.00002
vn -0.67765 0.73538 -0.00007
vn -0.67763 0.73541 -0.00006
vn -0.67767 0.73537 0.00000
vn -0.67765 0.73539 -0.00003
vn -0.67766 0.73538 0.00000
vn -0.67764 0.73539 0.00003
vn -0.67767 0.73537 0.00004
vn -0.67763 0.73540 0.00016
vn -0.67763 0.73541 0.00015
vn -0.67766 0.73538 0.00013
vn -0.67762 0.73542 0.00008
vn -0.67767 0.73536 0.00003
vn -0.67773 0.73531 0.00007
vn -0.67765 0.73539 -0.00000
vn -0.67756 0.73547 -0.00000
vn -0.67753 0.73549 -0.00000
vn -0.67759 0.73544 -0.00000
vn 0.24756 0.22813 0.94163
vn -0.00001 -0.00001 1.00000
vn -0.00000 0.00000 1.00000
vn 0.24757 0.22813 0.94163
vn -0.24758 -0.22814 0.94162
vn -0.24757 -0.22812 0.94163
vn 0.54591 0.50308 -0.66999
vn 0.73536 0.67768 0.00000
vn 0.73539 0.67765 0.00000
vn 0.54597 0.50309 -0.66994
vn 0.24757 0.22813 -0.94163
vn 0.24756 0.22813 -0.94163
vn -0.00000 0.00000 -1.00000
vn -0.00001 -0.00001 -1.00000
vn -0.24758 -0.22813 -0.94163
vn -0.24759 -0.22814 -0.94162
vn 0.54591 0.50308 0.66999
vn 0.54597 0.50309 0.66994
vn -0.54596 -0.50308 0.66995
vn -0.54593 -0.50306 0.66999
vn -0.73540 -0.67763 -0.00002
vn -0.73538 -0.67766 -0.00004
vn -0.54596 -0.50307 -0.66996
vn -0.54592 -0.50305 -0.67001
vn -0.67767 0.73537 -0.00004
vn -0.67772 0.73532 -0.00008
vn -0.20029 -0.18461 -0.96219
vn 0.20033 0.18461 -0.96218
vn 0.20033 0.18462 -0.96218
vn -0.20032 -0.18463 -0.96218
vn 0.64197 0.59161 -0.48772
vn 0.64197 0.59160 -0.48773
vn 0.64197 0.59161 0.48772
vn 0.64197 0.59160 0.48773
vn 0.67761 -0.73542 0.00000
vn 0.67763 -0.73540 0.00000
vn 0.67763 -0.73540 0.00000
vn 0.67761 -0.73542 0.00000
vn -0.64192 -0.59164 0.48775
vn -0.64192 -0.59164 0.48775
vn -0.64192 -0.59164 -0.48774
vn -0.64192 -0.59163 -0.48776
vn 0.20033 0.18462 0.96218
vn 0.20033 0.18461 0.96218
vn -0.20029 -0.18461 0.96219
vn -0.20032 -0.18463 0.96218
vn -0.67773 0.73531 0.00000
vn -0.67768 0.73536 0.00000
vn -0.67773 0.73531 0.00000
vn -0.67769 0.73535 0.00000
vn -0.67769 0.73535 0.00000
vn -0.67777 0.73527 0.00000
vn -0.67777 0.73527 0.00000
vn 0.67770 -0.73534 0.00000
vn 0.67770 -0.73534 0.00000
vn 0.67766 -0.73537 0.00000
vn 0.67766 -0.73537 0.00000
vn -0.48777 -0.44948 -0.74836
vn 0.00001 0.00001 -1.00000
vn 0.00000 0.00000 -1.00000
vn -0.48782 -0.44952 -0.74831
vn 0.48779 0.44950 -0.74834
vn 0.48777 0.44948 -0.74836
vn -0.66850 -0.61603 -0.41668
vn -0.66856 -0.61607 -0.41652
vn 0.66852 0.61604 -0.41662
vn 0.66850 0.61602 -0.41668
vn 0.67765 -0.73539 0.00003
vn 0.67763 -0.73540 0.00009
vn 0.67764 -0.73539 0.00001
vn 0.67763 -0.73541 0.00008
vn 0.67763 -0.73541 -0.00019
vn -0.67765 0.73539 -0.00006
vn -0.67765 0.73539 -0.00005
vn -0.67765 0.73539 -0.00003
vn -0.67764 0.73539 -0.00002
vn -0.67764 0.73539 0.00018
vn 0.00000 0.00000 1.00000
vn 0.00000 0.00000 1.00000
vn 0.00000 0.00000 1.00000
vn 0.00000 0.00000 1.00000
# 1426 normal vertices

g blade
f 324/3/1 322/2/2 336/1/1
f 305/6/5 303/5/4 314/4/3
f 320/9/8 333/8/7 318/7/6
f 38/12/11 5/11/10 40/10/9
f 39/13/12 38/12/11 40/10/9
f 46/16/15 45/15/14 50/14/13
f 52/16/16 46/16/15 50/14/13
f 10/19/19 34/18/18 32/17/17
f 13/20/20 10/19/19 32/17/17
f 15/22/23 16/21/22 10/19/21
f 13/20/24 15/22/23 10/19/21
f 31/23/27 32/17/26 34/18/25
f 33/24/28 31/23/27 34/18/25
f 15/22/31 13/20/30 1/25/29
f 17/26/32 15/22/31 1/25/29
f 31/23/35 14/28/34 12/27/33
f 32/17/36 31/23/35 12/27/33
f 18/30/39 21/29/38 17/26/37
f 1/25/40 18/30/39 17/26/37
f 19/31/42 18/30/42 1/25/41
f 12/27/43 19/31/42 1/25/41
f 14/28/46 20/32/45 19/31/44
f 12/27/47 14/28/46 19/31/44
f 21/29/50 16/21/49 15/22/48
f 17/26/51 21/29/50 15/22/48
f 47/35/54 41/34/53 7/33/52
f 48/35/55 47/35/54 7/33/52
f 6/38/58 51/37/57 11/36/56
f 22/39/59 6/38/58 11/36/56
f 24/42/62 26/41/61 25/40/60
f 23/43/63 24/42/62 25/40/60
f 25/40/64 26/41/64 30/44/64
f 29/45/64 25/40/64 30/44/64
f 30/44/67 28/47/66 27/46/65
f 29/45/68 30/44/67 27/46/65
f 28/47/69 24/42/69 23/43/69
f 27/46/69 28/47/69 23/43/69
f 29/45/72 27/46/71 23/43/70
f 25/40/73 29/45/72 23/43/70
f 26/41/76 24/42/75 28/47/74
f 30/44/77 26/41/76 28/47/74
f 20/32/80 14/28/79 31/23/78
f 33/24/81 20/32/80 31/23/78
f 1/25/29 13/20/30 32/17/36
f 12/27/33 1/25/29 32/17/36
f 36/36/84 11/36/83 51/37/82
f 3/37/82 36/36/84 51/37/82
f 43/49/87 44/48/86 37/48/85
f 42/49/88 43/49/87 37/48/85
f 5/11/10 38/12/11 8/50/89
f 49/51/90 5/11/10 8/50/89
f 5/11/10 49/51/90 2/38/91
f 40/10/9 5/11/10 2/38/91
f 40/10/9 2/38/91 9/52/92
f 39/13/12 40/10/9 9/52/92
f 39/13/12 9/52/92 8/50/89
f 38/12/11 39/13/12 8/50/89
f 42/49/88 37/48/85 49/51/90
f 8/50/89 42/49/88 49/51/90
f 44/48/86 4/51/94 49/51/93
f 37/48/85 44/48/86 49/51/93
f 42/49/88 8/50/96 35/50/95
f 43/49/87 42/49/88 35/50/95
f 43/49/87 35/50/95 4/51/94
f 44/48/86 43/49/87 4/51/94
f 41/34/53 47/35/54 2/38/91
f 49/51/90 41/34/53 2/38/91
f 48/35/55 7/33/52 51/37/97
f 6/38/98 48/35/55 51/37/97
f 41/34/53 49/51/99 51/37/97
f 7/33/52 41/34/53 51/37/97
f 48/35/55 6/38/98 2/38/100
f 47/35/54 48/35/55 2/38/100
f 45/15/14 49/51/93 4/51/94
f 50/14/13 45/15/14 4/51/94
f 52/16/16 3/37/101 51/37/97
f 46/16/15 52/16/16 51/37/97
f 52/16/16 50/14/13 4/51/102
f 3/37/101 52/16/16 4/51/102
f 45/15/14 46/16/15 51/37/97
f 49/51/99 45/15/14 51/37/97
f 82/12/105 83/53/104 84/10/103
f 55/11/106 82/12/105 84/10/103
f 94/14/109 89/55/108 90/54/107
f 96/16/110 94/14/109 90/54/107
f 78/57/112 80/56/18 60/56/111
f 63/57/113 78/57/112 60/56/111
f 65/58/69 63/57/69 60/56/69
f 66/59/69 65/58/69 60/56/69
f 80/56/116 78/57/115 77/58/114
f 79/59/117 80/56/116 77/58/114
f 53/60/120 63/57/119 65/58/118
f 67/58/121 53/60/120 65/58/118
f 62/60/123 64/58/32 77/58/122
f 78/57/124 62/60/123 77/58/122
f 67/58/64 71/59/64 68/61/64
f 53/60/125 67/58/64 68/61/64
f 53/60/41 68/61/42 69/61/126
f 62/60/43 53/60/41 69/61/126
f 64/58/129 62/60/128 69/61/127
f 70/59/130 64/58/129 69/61/127
f 65/58/48 66/59/132 71/59/131
f 67/58/51 65/58/48 71/59/131
f 57/62/135 85/34/134 91/35/133
f 92/35/136 57/62/135 91/35/133
f 56/63/139 72/39/138 61/36/137
f 95/37/140 56/63/139 61/36/137
f 73/66/141 74/65/142 24/64/141
f 23/67/142 73/66/141 24/64/141
f 73/66/69 75/69/69 76/68/69
f 74/65/69 73/66/69 76/68/69
f 27/71/143 28/70/144 76/68/143
f 75/69/144 27/71/143 76/68/143
f 23/67/64 24/64/64 28/70/64
f 27/71/64 23/67/64 28/70/64
f 23/67/147 27/71/146 75/69/145
f 73/66/148 23/67/147 75/69/145
f 28/70/151 24/64/150 74/65/149
f 76/68/152 28/70/151 74/65/149
f 77/58/78 64/58/79 70/59/80
f 79/59/81 77/58/78 70/59/80
f 78/57/124 63/57/119 53/60/120
f 62/60/123 78/57/124 53/60/120
f 3/37/82 95/37/153 61/36/84
f 36/36/84 3/37/82 61/36/84
f 87/49/156 86/49/155 81/48/154
f 88/48/157 87/49/156 81/48/154
f 55/11/106 93/51/159 58/50/158
f 82/12/105 55/11/106 58/50/158
f 54/63/160 93/51/159 55/11/106
f 84/10/103 54/63/160 55/11/106
f 59/72/161 54/63/160 84/10/103
f 83/53/104 59/72/161 84/10/103
f 58/50/158 59/72/161 83/53/104
f 82/12/105 58/50/158 83/53/104
f 86/49/155 58/50/158 93/51/159
f 81/48/154 86/49/155 93/51/159
f 81/48/154 93/51/162 4/51/94
f 88/48/157 81/48/154 4/51/94
f 35/50/95 58/50/163 86/49/155
f 87/49/156 35/50/95 86/49/155
f 4/51/94 35/50/95 87/49/156
f 88/48/157 4/51/94 87/49/156
f 85/34/134 93/51/159 54/63/160
f 91/35/133 85/34/134 54/63/160
f 92/35/136 56/63/165 95/37/164
f 57/62/135 92/35/136 95/37/164
f 95/37/164 93/51/166 85/34/134
f 57/62/135 95/37/164 85/34/134
f 54/63/167 56/63/165 92/35/136
f 91/35/133 54/63/167 92/35/136
f 4/51/94 93/51/162 89/55/108
f 94/14/109 4/51/94 89/55/108
f 95/37/164 3/37/101 96/16/110
f 90/54/107 95/37/164 96/16/110
f 96/16/110 3/37/101 4/51/102
f 94/14/109 96/16/110 4/51/102
f 89/55/108 93/51/166 95/37/164
f 90/54/107 89/55/108 95/37/164
f 127/75/170 128/74/169 129/73/168
f 100/76/171 127/75/170 129/73/168
f 139/78/174 134/78/173 135/77/172
f 141/77/175 139/78/174 135/77/172
f 121/81/178 123/80/177 104/79/176
f 107/82/178 121/81/178 104/79/176
f 107/82/181 104/79/180 110/83/179
f 109/84/182 107/82/181 110/83/179
f 122/85/185 123/80/184 121/81/183
f 120/86/186 122/85/185 121/81/183
f 97/87/189 107/82/188 109/84/187
f 111/88/190 97/87/189 109/84/187
f 106/90/193 108/89/192 120/86/191
f 121/81/194 106/90/193 120/86/191
f 97/87/69 111/88/195 115/91/69
f 112/92/69 97/87/69 115/91/69
f 97/87/198 112/92/197 113/93/196
f 106/90/199 97/87/198 113/93/196
f 106/90/202 113/93/201 114/94/200
f 108/89/203 106/90/202 114/94/200
f 109/84/206 110/83/205 115/91/204
f 111/88/207 109/84/206 115/91/204
f 101/97/210 130/96/209 136/95/208
f 137/95/211 101/97/210 136/95/208
f 6/38/58 22/39/59 105/98/212
f 140/99/213 6/38/58 105/98/212
f 118/102/214 119/101/215 117/100/214
f 116/103/215 118/102/214 117/100/214
f 118/102/64 29/105/125 30/104/64
f 119/101/64 118/102/64 30/104/64
f 27/107/216 28/106/217 30/104/216
f 29/105/217 27/107/216 30/104/216
f 116/103/69 117/100/69 28/106/69
f 27/107/195 116/103/69 28/106/69
f 116/103/220 27/107/219 29/105/218
f 118/102/221 116/103/220 29/105/218
f 28/106/224 117/100/223 119/101/222
f 30/104/225 28/106/224 119/101/222
f 120/86/227 108/89/226 114/94/205
f 122/85/205 120/86/227 114/94/205
f 121/81/194 107/82/188 97/87/189
f 106/90/193 121/81/194 97/87/189
f 125/98/229 98/99/228 140/99/228
f 105/98/229 125/98/229 140/99/228
f 132/109/232 131/109/231 126/108/230
f 133/108/233 132/109/232 126/108/230
f 100/76/171 138/111/235 102/110/234
f 127/75/170 100/76/171 102/110/234
f 2/38/236 138/111/235 100/76/171
f 129/73/168 2/38/236 100/76/171
f 103/112/237 2/38/236 129/73/168
f 128/74/169 103/112/237 129/73/168
f 102/110/234 103/112/237 128/74/169
f 127/75/170 102/110/234 128/74/169
f 131/109/231 102/110/234 138/111/235
f 126/108/230 131/109/231 138/111/235
f 138/111/239 99/111/238 133/108/233
f 126/108/230 138/111/239 133/108/233
f 124/113/241 102/110/240 131/109/231
f 132/109/232 124/113/241 131/109/231
f 99/111/238 124/113/241 132/109/232
f 133/108/233 99/111/238 132/109/232
f 130/96/209 138/111/235 2/38/100
f 136/95/208 130/96/209 2/38/100
f 137/95/211 6/38/98 140/99/242
f 101/97/210 137/95/211 140/99/242
f 140/99/242 138/111/243 130/96/209
f 101/97/210 140/99/242 130/96/209
f 2/38/100 6/38/98 137/95/211
f 136/95/208 2/38/100 137/95/211
f 99/111/238 138/111/239 134/78/173
f 139/78/174 99/111/238 134/78/173
f 140/99/242 98/99/244 141/77/175
f 135/77/172 140/99/242 141/77/175
f 98/99/244 99/111/245 139/78/174
f 141/77/175 98/99/244 139/78/174
f 134/78/173 138/111/243 140/99/242
f 135/77/172 134/78/173 140/99/242
f 166/75/248 143/76/247 168/73/246
f 167/74/249 166/75/248 168/73/246
f 174/77/252 173/78/251 178/78/250
f 180/77/253 174/77/252 178/78/250
f 147/115/176 164/115/177 162/114/178
f 150/114/178 147/115/176 162/114/178
f 153/116/256 147/115/255 150/114/254
f 152/117/257 153/116/256 150/114/254
f 163/116/179 161/117/182 162/114/258
f 164/115/259 163/116/179 162/114/258
f 152/117/262 150/114/261 142/118/260
f 154/117/190 152/117/262 142/118/260
f 161/117/265 151/117/264 149/118/263
f 162/114/266 161/117/265 149/118/263
f 142/118/64 155/119/64 158/116/64
f 154/117/64 142/118/64 158/116/64
f 156/119/268 155/119/197 142/118/267
f 149/118/198 156/119/268 142/118/267
f 157/116/271 156/119/270 149/118/269
f 151/117/272 157/116/271 149/118/269
f 158/116/273 153/116/205 152/117/206
f 154/117/207 158/116/273 152/117/206
f 175/95/276 169/96/275 144/97/274
f 176/95/277 175/95/276 144/97/274
f 56/63/139 179/99/279 148/98/278
f 72/39/138 56/63/139 148/98/278
f 117/122/282 160/121/281 159/120/280
f 116/123/283 117/122/282 159/120/280
f 159/120/69 160/121/69 76/124/69
f 75/125/195 159/120/69 76/124/69
f 76/124/286 28/127/285 27/126/284
f 75/125/287 76/124/286 27/126/284
f 28/127/64 117/122/64 116/123/64
f 27/126/125 28/127/64 116/123/64
f 75/125/290 27/126/289 116/123/288
f 159/120/291 75/125/290 116/123/288
f 160/121/294 117/122/293 28/127/292
f 76/124/295 160/121/294 28/127/292
f 157/116/298 151/117/297 161/117/296
f 163/116/299 157/116/298 161/117/296
f 142/118/260 150/114/261 162/114/266
f 149/118/263 142/118/260 162/114/266
f 148/98/301 179/99/300 98/99/228
f 125/98/229 148/98/301 98/99/228
f 171/109/304 172/108/303 165/108/302
f 170/109/305 171/109/304 165/108/302
f 143/76/247 166/75/248 145/110/306
f 177/111/307 143/76/247 145/110/306
f 143/76/247 177/111/307 54/63/308
f 168/73/246 143/76/247 54/63/308
f 168/73/246 54/63/308 146/112/309
f 167/74/249 168/73/246 146/112/309
f 167/74/249 146/112/309 145/110/306
f 166/75/248 167/74/249 145/110/306
f 170/109/305 165/108/302 177/111/307
f 145/110/306 170/109/305 177/111/307
f 165/108/302 172/108/303 99/111/238
f 177/111/310 165/108/302 99/111/238
f 170/109/305 145/110/311 124/113/241
f 171/109/304 170/109/305 124/113/241
f 171/109/304 124/113/241 99/111/238
f 172/108/303 171/109/304 99/111/238
f 169/96/275 175/95/276 54/63/167
f 177/111/307 169/96/275 54/63/167
f 176/95/277 144/97/274 179/99/312
f 56/63/165 176/95/277 179/99/312
f 169/96/275 177/111/313 179/99/312
f 144/97/274 169/96/275 179/99/312
f 176/95/277 56/63/165 54/63/167
f 175/95/276 176/95/277 54/63/167
f 173/78/251 177/111/310 99/111/238
f 178/78/250 173/78/251 99/111/238
f 180/77/253 98/99/244 179/99/312
f 174/77/252 180/77/253 179/99/312
f 178/78/250 99/111/245 98/99/244
f 180/77/253 178/78/250 98/99/244
f 173/78/251 174/77/252 179/99/312
f 177/111/313 173/78/251 179/99/312
f 200/130/316 201/129/315 202/128/314
f 185/131/317 200/130/316 202/128/314
f 212/133/320 207/133/319 208/132/318
f 214/134/321 212/133/320 208/132/318
f 198/135/322 34/18/18 10/19/19
f 189/136/322 198/135/322 10/19/19
f 191/137/324 189/136/323 10/19/21
f 16/21/22 191/137/324 10/19/21
f 34/18/25 198/135/326 197/138/325
f 33/24/28 34/18/25 197/138/325
f 181/139/329 189/136/328 191/137/327
f 192/140/330 181/139/329 191/137/327
f 188/142/333 190/141/332 197/138/331
f 198/135/334 188/142/333 197/138/331
f 181/139/336 192/140/335 21/29/38
f 18/30/39 181/139/336 21/29/38
f 181/139/337 18/30/42 19/31/42
f 188/142/338 181/139/337 19/31/42
f 188/142/339 19/31/44 20/32/45
f 190/141/340 188/142/339 20/32/45
f 191/137/341 16/21/49 21/29/50
f 192/140/342 191/137/341 21/29/50
f 187/145/345 203/144/344 209/143/343
f 210/143/346 187/145/345 209/143/343
f 22/39/59 11/36/56 213/146/347
f 186/147/348 22/39/59 213/146/347
f 25/150/349 194/149/350 193/148/349
f 23/151/350 25/150/349 193/148/349
f 29/153/125 196/152/64 194/149/64
f 25/150/125 29/153/125 194/149/64
f 27/155/353 195/154/352 196/152/351
f 29/153/354 27/155/353 196/152/351
f 27/155/195 23/151/195 193/148/69
f 195/154/69 27/155/195 193/148/69
f 23/151/357 27/155/356 29/153/355
f 25/150/358 23/151/357 29/153/355
f 195/154/361 193/148/360 194/149/359
f 196/152/362 195/154/361 194/149/359
f 197/138/364 190/141/363 20/32/80
f 33/24/81 197/138/364 20/32/80
f 198/135/334 189/136/328 181/139/329
f 188/142/333 198/135/334 181/139/329
f 36/36/84 183/146/366 213/146/365
f 11/36/83 36/36/84 213/146/365
f 205/157/369 204/157/368 199/156/367
f 206/156/370 205/157/369 199/156/367
f 185/131/317 211/158/371 8/50/89
f 200/130/316 185/131/317 8/50/89
f 182/147/372 211/158/371 185/131/317
f 202/128/314 182/147/372 185/131/317
f 9/52/92 182/147/372 202/128/314
f 201/129/315 9/52/92 202/128/314
f 8/50/89 9/52/92 201/129/315
f 200/130/316 8/50/89 201/129/315
f 204/157/368 8/50/89 211/158/371
f 199/156/367 204/157/368 211/158/371
f 211/158/374 184/158/373 206/156/370
f 199/156/367 211/158/374 206/156/370
f 35/50/95 8/50/96 204/157/368
f 205/157/369 35/50/95 204/157/368
f 184/158/373 35/50/95 205/157/369
f 206/156/370 184/158/373 205/157/369
f 203/144/344 211/158/371 182/147/372
f 209/143/343 203/144/344 182/147/372
f 210/143/346 186/147/376 213/146/375
f 187/145/345 210/143/346 213/146/375
f 213/146/375 211/158/377 203/144/344
f 187/145/345 213/146/375 203/144/344
f 182/147/378 186/147/376 210/143/346
f 209/143/343 182/147/378 210/143/346
f 184/158/373 211/158/374 207/133/319
f 212/133/320 184/158/373 207/133/319
f 213/146/375 183/146/379 214/134/321
f 208/132/318 213/146/375 214/134/321
f 214/134/321 183/146/379 184/158/380
f 212/133/320 214/134/321 184/158/380
f 207/133/319 211/158/377 213/146/375
f 208/132/318 207/133/319 213/146/375
f 230/130/383 217/131/382 232/128/381
f 231/159/384 230/130/383 232/128/381
f 238/160/387 237/133/386 242/133/385
f 244/134/388 238/160/387 242/133/385
f 60/56/111 80/56/18 228/161/322
f 221/161/322 60/56/111 228/161/322
f 223/162/195 66/59/69 60/56/69
f 221/161/69 223/162/195 60/56/69
f 227/162/390 228/161/389 80/56/116
f 79/59/117 227/162/390 80/56/116
f 223/162/393 221/161/392 215/163/391
f 224/162/394 223/162/393 215/163/391
f 227/162/396 222/162/330 220/163/395
f 228/161/397 227/162/396 220/163/395
f 215/163/64 68/61/64 71/59/64
f 224/162/64 215/163/64 71/59/64
f 69/61/126 68/61/42 215/163/337
f 220/163/338 69/61/126 215/163/337
f 70/59/130 69/61/127 220/163/398
f 222/162/399 70/59/130 220/163/398
f 71/59/131 66/59/132 223/162/400
f 224/162/401 71/59/131 223/162/400
f 239/143/404 233/144/403 219/145/402
f 240/143/405 239/143/404 219/145/402
f 243/146/406 61/36/137 72/39/138
f 218/147/407 243/146/406 72/39/138
f 193/166/410 225/165/409 73/164/408
f 23/167/411 193/166/410 73/164/408
f 225/165/69 226/169/69 75/168/195
f 73/164/195 225/165/69 75/168/195
f 226/169/414 195/171/413 27/170/412
f 75/168/415 226/169/414 27/170/412
f 27/170/125 195/171/64 193/166/64
f 23/167/125 27/170/125 193/166/64
f 75/168/418 27/170/417 23/167/416
f 73/164/419 75/168/418 23/167/416
f 225/165/422 193/166/421 195/171/420
f 226/169/423 225/165/422 195/171/420
f 70/59/80 222/162/363 227/162/364
f 79/59/81 70/59/80 227/162/364
f 215/163/391 221/161/392 228/161/397
f 220/163/395 215/163/391 228/161/397
f 61/36/84 243/146/424 183/146/366
f 36/36/84 61/36/84 183/146/366
f 235/157/427 236/156/426 229/156/425
f 234/157/428 235/157/427 229/156/425
f 217/131/382 230/130/383 58/50/158
f 241/158/429 217/131/382 58/50/158
f 217/131/382 241/158/429 216/147/430
f 232/128/381 217/131/382 216/147/430
f 232/128/381 216/147/430 59/72/161
f 231/159/384 232/128/381 59/72/161
f 231/159/384 59/72/161 58/50/158
f 230/130/383 231/159/384 58/50/158
f 234/157/428 229/156/425 241/158/429
f 58/50/158 234/157/428 241/158/429
f 229/156/425 236/156/426 184/158/373
f 241/158/431 229/156/425 184/158/373
f 234/157/428 58/50/163 35/50/95
f 235/157/427 234/157/428 35/50/95
f 235/157/427 35/50/95 184/158/373
f 236/156/426 235/157/427 184/158/373
f 233/144/403 239/143/404 216/147/430
f 241/158/429 233/144/403 216/147/430
f 240/143/405 219/145/402 243/146/432
f 218/147/433 240/143/405 243/146/432
f 233/144/403 241/158/434 243/146/432
f 219/145/402 233/144/403 243/146/432
f 240/143/405 218/147/433 216/147/435
f 239/143/404 240/143/405 216/147/435
f 237/133/386 241/158/431 184/158/373
f 242/133/385 237/133/386 184/158/373
f 244/134/388 183/146/379 243/146/432
f 238/160/387 244/134/388 243/146/432
f 244/134/388 242/133/385 184/158/380
f 183/146/379 244/134/388 184/158/380
f 237/133/386 238/160/387 243/146/432
f 241/158/434 237/133/386 243/146/432
f 260/174/438 248/173/437 262/172/436
f 261/175/439 260/174/438 262/172/436
f 268/177/442 267/176/441 272/176/440
f 274/177/443 268/177/442 272/176/440
f 104/79/176 123/80/177 258/178/444
f 251/179/445 104/79/176 258/178/444
f 110/83/179 104/79/180 251/179/446
f 253/180/447 110/83/179 251/179/446
f 122/85/185 257/181/449 258/178/448
f 123/80/184 122/85/185 258/178/448
f 253/180/452 251/179/451 245/182/450
f 254/183/453 253/180/452 245/182/450
f 257/181/456 252/185/455 250/184/454
f 258/178/457 257/181/456 250/184/454
f 245/182/69 112/92/69 115/91/69
f 254/183/69 245/182/69 115/91/69
f 113/93/196 112/92/197 245/182/458
f 250/184/459 113/93/196 245/182/458
f 114/94/200 113/93/201 250/184/460
f 252/185/461 114/94/200 250/184/460
f 115/91/204 110/83/205 253/180/462
f 254/183/463 115/91/204 253/180/462
f 269/188/466 263/187/465 249/186/464
f 270/188/467 269/188/466 249/186/464
f 273/189/468 105/98/212 22/39/59
f 186/147/348 273/189/468 22/39/59
f 255/192/471 256/191/470 118/190/469
f 116/193/472 255/192/471 118/190/469
f 256/191/64 196/195/64 29/194/64
f 118/190/64 256/191/64 29/194/64
f 196/195/475 195/197/474 27/196/473
f 29/194/476 196/195/475 27/196/473
f 27/196/69 195/197/69 255/192/69
f 116/193/195 27/196/69 255/192/69
f 29/194/479 27/196/478 116/193/477
f 118/190/480 29/194/479 116/193/477
f 256/191/483 255/192/482 195/197/481
f 196/195/484 256/191/483 195/197/481
f 114/94/205 252/185/486 257/181/485
f 122/85/205 114/94/205 257/181/485
f 245/182/450 251/179/451 258/178/457
f 250/184/454 245/182/450 258/178/457
f 125/98/229 105/98/229 273/189/487
f 246/189/488 125/98/229 273/189/487
f 265/199/491 266/198/490 259/198/489
f 264/199/492 265/199/491 259/198/489
f 248/173/437 260/174/438 102/110/234
f 271/200/493 248/173/437 102/110/234
f 262/172/436 248/173/437 271/200/493
f 182/147/494 262/172/436 271/200/493
f 262/172/436 182/147/494 103/112/237
f 261/175/439 262/172/436 103/112/237
f 261/175/439 103/112/237 102/110/234
f 260/174/438 261/175/439 102/110/234
f 264/199/492 259/198/489 271/200/493
f 102/110/234 264/199/492 271/200/493
f 266/198/490 247/200/496 271/200/495
f 259/198/489 266/198/490 271/200/495
f 264/199/492 102/110/240 124/113/241
f 265/199/491 264/199/492 124/113/241
f 265/199/491 124/113/241 247/200/496
f 266/198/490 265/199/491 247/200/496
f 263/187/465 269/188/466 182/147/378
f 271/200/493 263/187/465 182/147/378
f 270/188/467 249/186/464 273/189/497
f 186/147/376 270/188/467 273/189/497
f 263/187/465 271/200/498 273/189/497
f 249/186/464 263/187/465 273/189/497
f 270/188/467 186/147/376 182/147/378
f 269/188/466 270/188/467 182/147/378
f 267/176/441 271/200/495 247/200/496
f 272/176/440 267/176/441 247/200/496
f 274/177/443 246/189/499 273/189/497
f 268/177/442 274/177/443 273/189/497
f 272/176/440 247/200/500 246/189/499
f 274/177/443 272/176/440 246/189/499
f 267/176/441 268/177/442 273/189/497
f 271/200/498 267/176/441 273/189/497
f 287/174/503 288/175/502 289/172/501
f 276/173/504 287/174/503 289/172/501
f 299/176/507 294/176/506 295/177/505
f 301/177/508 299/176/507 295/177/505
f 285/201/444 164/115/177 147/115/176
f 279/201/445 285/201/444 147/115/176
f 279/201/509 147/115/255 153/116/256
f 281/202/510 279/201/509 153/116/256
f 163/116/179 164/115/259 285/201/446
f 284/202/447 163/116/179 285/201/446
f 275/203/513 279/201/512 281/202/511
f 282/202/453 275/203/513 281/202/511
f 278/203/516 280/202/515 284/202/514
f 285/201/517 278/203/516 284/202/514
f 275/203/64 282/202/64 158/116/64
f 155/119/64 275/203/64 158/116/64
f 275/203/518 155/119/197 156/119/268
f 278/203/519 275/203/518 156/119/268
f 278/203/520 156/119/270 157/116/271
f 280/202/521 278/203/520 157/116/271
f 281/202/462 153/116/205 158/116/273
f 282/202/463 281/202/462 158/116/273
f 277/186/524 290/187/523 296/204/522
f 297/204/525 277/186/524 296/204/522
f 72/39/138 148/98/278 300/189/526
f 218/147/407 72/39/138 300/189/526
f 159/207/529 283/206/528 255/205/527
f 116/208/530 159/207/529 255/205/527
f 75/210/69 226/209/69 283/206/69
f 159/207/69 75/210/69 283/206/69
f 27/212/531 195/211/532 226/209/531
f 75/210/532 27/212/531 226/209/531
f 27/212/64 116/208/125 255/205/64
f 195/211/64 27/212/64 255/205/64
f 116/208/535 27/212/534 75/210/533
f 159/207/536 116/208/535 75/210/533
f 195/211/539 255/205/538 283/206/537
f 226/209/537 195/211/539 283/206/537
f 284/202/462 280/202/463 157/116/298
f 163/116/299 284/202/462 157/116/298
f 285/201/517 279/201/512 275/203/513
f 278/203/516 285/201/517 275/203/513
f 246/189/488 300/189/487 148/98/301
f 125/98/229 246/189/488 148/98/301
f 292/199/542 291/199/541 286/198/540
f 293/198/543 292/199/542 286/198/540
f 276/173/504 298/200/544 145/110/306
f 287/174/503 276/173/504 145/110/306
f 289/172/501 216/147/545 298/200/544
f 276/173/504 289/172/501 298/200/544
f 146/112/309 216/147/545 289/172/501
f 288/175/502 146/112/309 289/172/501
f 145/110/306 146/112/309 288/175/502
f 287/174/503 145/110/306 288/175/502
f 291/199/541 145/110/306 298/200/544
f 286/198/540 291/199/541 298/200/544
f 286/198/540 298/200/546 247/200/496
f 293/198/543 286/198/540 247/200/496
f 124/113/241 145/110/311 291/199/541
f 292/199/542 124/113/241 291/199/541
f 247/200/496 124/113/241 292/199/542
f 293/198/543 247/200/496 292/199/542
f 290/187/523 298/200/544 216/147/435
f 296/204/522 290/187/523 216/147/435
f 297/204/525 218/147/433 300/189/547
f 277/186/524 297/204/525 300/189/547
f 300/189/547 298/200/548 290/187/523
f 277/186/524 300/189/547 290/187/523
f 216/147/435 218/147/433 297/204/525
f 296/204/522 216/147/435 297/204/525
f 247/200/496 298/200/546 294/176/506
f 299/176/507 247/200/496 294/176/506
f 300/189/547 246/189/499 301/177/508
f 295/177/505 300/189/547 301/177/508
f 246/189/499 247/200/500 299/176/507
f 301/177/508 246/189/499 299/176/507
f 294/176/506 298/200/548 300/189/547
f 295/177/505 294/176/506 300/189/547
f 302/213/549 303/5/4 305/6/5
f 304/214/550 302/213/549 305/6/5
f 313/216/553 311/215/552 303/5/551
f 302/213/554 313/216/553 303/5/551
f 307/219/557 316/218/556 315/217/555
f 311/215/552 307/219/557 315/217/555
f 321/222/560 323/221/559 309/220/558
f 306/223/561 321/222/560 309/220/558
f 308/224/564 322/2/563 321/222/562
f 306/223/565 308/224/564 321/222/562
f 312/225/566 308/224/564 306/223/565
f 310/226/567 312/225/566 306/223/565
f 306/223/561 309/220/558 313/216/568
f 310/226/569 306/223/561 313/216/568
f 308/224/564 312/225/566 315/217/570
f 316/218/571 308/224/564 315/217/570
f 323/221/573 324/3/572 307/219/557
f 309/220/574 323/221/573 307/219/557
f 310/226/569 313/216/568 302/213/575
f 304/214/576 310/226/569 302/213/575
f 305/6/577 312/225/566 310/226/567
f 304/214/578 305/6/577 310/226/567
f 311/215/552 315/217/555 314/4/3
f 303/5/4 311/215/552 314/4/3
f 309/220/574 307/219/557 311/215/552
f 313/216/553 309/220/574 311/215/552
f 322/2/563 308/224/564 316/218/571
f 336/1/580 322/2/579 316/218/571
f 324/3/581 336/1/580 316/218/571
f 307/219/557 324/3/572 316/218/556
f 312/225/566 305/6/5 314/4/3
f 315/217/570 312/225/566 314/4/3
f 317/228/583 319/227/582 320/9/8
f 318/7/6 317/228/583 320/9/8
f 332/229/586 317/228/585 318/7/584
f 330/230/587 332/229/586 318/7/584
f 334/233/590 335/232/589 326/231/588
f 330/230/587 334/233/590 326/231/588
f 328/234/591 323/221/559 321/222/560
f 325/235/592 328/234/591 321/222/560
f 321/222/562 322/2/563 327/236/593
f 325/235/594 321/222/562 327/236/593
f 325/235/594 327/236/593 331/237/595
f 329/238/596 325/235/594 331/237/595
f 332/229/597 328/234/591 325/235/592
f 329/238/598 332/229/597 325/235/592
f 327/236/593 335/232/600 334/233/599
f 331/237/595 327/236/593 334/233/599
f 323/221/573 328/234/601 326/231/588
f 324/3/572 323/221/573 326/231/588
f 317/228/602 332/229/597 329/238/598
f 319/227/603 317/228/602 329/238/598
f 329/238/596 331/237/595 320/9/604
f 319/227/605 329/238/596 320/9/604
f 333/8/7 334/233/590 330/230/587
f 318/7/6 333/8/7 330/230/587
f 328/234/601 332/229/586 330/230/587
f 326/231/588 328/234/601 330/230/587
f 322/2/607 336/1/606 335/232/600
f 327/236/593 322/2/563 335/232/600
f 335/232/600 336/1/606 324/3/608
f 326/231/588 335/232/589 324/3/572
f 331/237/595 334/233/599 333/8/7
f 320/9/8 331/237/595 333/8/7
f 338/240/609 340/240/610 339/239/609
f 337/239/610 338/240/609 339/239/609
f 340/240/613 344/242/612 343/241/611
f 339/239/614 340/240/613 343/241/611
f 344/242/615 342/242/616 341/241/615
f 343/241/616 344/242/615 341/241/615
f 341/241/619 342/242/618 338/240/617
f 337/239/620 341/241/619 338/240/617
f 343/241/623 341/241/622 337/239/621
f 339/239/624 343/241/623 337/239/621
f 340/240/627 338/240/626 342/242/625
f 344/242/626 340/240/627 342/242/625
f 346/245/630 348/244/629 347/243/628
f 345/246/631 346/245/630 347/243/628
f 347/243/628 348/244/629 350/247/632
f 349/248/633 347/243/628 350/247/632
f 350/247/632 352/250/635 351/249/634
f 349/248/633 350/247/632 351/249/634
f 352/250/635 354/252/637 353/251/636
f 351/249/634 352/250/635 353/251/636
f 354/252/637 356/254/639 355/253/638
f 353/251/636 354/252/637 355/253/638
f 356/254/639 358/256/641 357/255/640
f 355/253/638 356/254/639 357/255/640
f 357/255/640 358/256/641 360/257/642
f 359/258/643 357/255/640 360/257/642
f 359/258/643 360/257/642 362/259/644
f 361/260/645 359/258/643 362/259/644
f 362/259/644 364/262/647 363/261/646
f 361/260/645 362/259/644 363/261/646
f 363/261/646 364/262/647 366/263/648
f 365/264/649 363/261/646 366/263/648
f 354/252/652 373/266/651 374/265/650
f 356/254/653 354/252/652 374/265/650
f 366/263/648 368/268/655 367/267/654
f 365/264/649 366/263/648 367/267/654
f 367/267/654 368/268/655 346/245/630
f 345/246/631 367/267/654 346/245/630
f 368/268/658 380/270/657 370/269/656
f 346/245/659 368/268/658 370/269/656
f 360/257/662 358/256/661 375/271/660
f 376/272/663 360/257/662 375/271/660
f 350/247/666 348/244/665 369/273/664
f 371/274/667 350/247/666 369/273/664
f 364/262/670 362/259/669 377/275/668
f 378/276/671 364/262/670 377/275/668
f 352/250/673 372/277/672 373/266/651
f 354/252/652 352/250/673 373/266/651
f 370/269/676 388/279/675 387/278/674
f 369/273/677 370/269/676 387/278/674
f 380/270/679 381/280/678 388/279/675
f 370/269/676 380/270/679 388/279/675
f 372/277/682 382/282/681 383/281/680
f 373/266/683 372/277/682 383/281/680
f 374/265/684 373/266/683 383/281/680
f 384/283/685 374/265/684 383/281/680
f 375/271/686 374/265/684 384/283/685
f 386/284/687 375/271/686 384/283/685
f 376/272/688 375/271/686 386/284/687
f 385/285/689 376/272/688 386/284/687
f 372/277/682 371/274/691 389/286/690
f 382/282/681 372/277/682 389/286/690
f 379/288/693 392/287/692 381/280/678
f 380/270/679 379/288/693 381/280/678
f 369/273/677 387/278/674 389/286/690
f 371/274/691 369/273/677 389/286/690
f 379/288/693 378/276/695 391/289/694
f 392/287/692 379/288/693 391/289/694
f 377/275/697 390/290/696 391/289/694
f 378/276/695 377/275/697 391/289/694
f 377/275/697 376/272/688 385/285/689
f 390/290/696 377/275/697 385/285/689
f 364/262/670 378/276/671 379/288/698
f 366/263/699 364/262/670 379/288/698
f 352/250/673 350/247/666 371/274/667
f 372/277/672 352/250/673 371/274/667
f 362/259/669 360/257/662 376/272/663
f 377/275/668 362/259/669 376/272/663
f 348/244/665 346/245/659 370/269/656
f 369/273/664 348/244/665 370/269/656
f 356/254/653 374/265/650 375/271/660
f 358/256/661 356/254/653 375/271/660
f 366/263/699 379/288/698 380/270/657
f 368/268/658 366/263/699 380/270/657
f 402/293/702 403/292/701 396/291/700
f 393/294/703 402/293/702 396/291/700
f 407/297/706 404/296/705 401/295/704
f 406/298/707 407/297/706 401/295/704
f 408/299/710 403/292/709 404/296/708
f 407/297/711 408/299/710 404/296/708
f 395/302/714 400/301/713 397/300/712
f 394/303/715 395/302/714 397/300/712
f 399/305/718 408/299/717 405/304/716
f 398/306/719 399/305/718 405/304/716
f 393/294/703 396/291/700 395/302/714
f 394/303/715 393/294/703 395/302/714
f 398/306/719 397/300/712 400/301/713
f 399/305/718 398/306/719 400/301/713
f 406/298/707 405/304/716 408/299/717
f 407/297/706 406/298/707 408/299/717
f 403/292/701 402/293/702 401/295/704
f 404/296/705 403/292/701 401/295/704
f 398/306/722 393/294/721 394/303/720
f 397/300/720 398/306/722 394/303/720
f 398/306/722 405/304/724 402/293/723
f 393/294/721 398/306/722 402/293/723
f 405/304/724 406/298/726 401/295/725
f 402/293/723 405/304/724 401/295/725
f 399/305/729 400/301/728 395/302/727
f 396/291/730 399/305/729 395/302/727
f 408/299/710 399/305/729 396/291/730
f 403/292/709 408/299/710 396/291/730
f 412/309/733 411/308/732 410/307/731
f 409/310/734 412/309/733 410/307/731
g blade_damaged
f 415/313/735 414/312/735 413/311/735
f 418/316/5 417/315/4 416/314/3
f 421/319/8 420/318/7 419/317/6
f 424/322/11 423/321/10 422/320/9
f 425/323/12 424/322/11 422/320/9
f 428/326/15 427/325/14 426/324/13
f 429/326/16 428/326/15 426/324/13
f 432/329/19 431/328/18 430/327/17
f 433/330/20 432/329/19 430/327/17
f 435/332/23 434/331/22 432/329/21
f 433/330/24 435/332/23 432/329/21
f 436/333/27 430/327/26 431/328/25
f 437/334/28 436/333/27 431/328/25
f 435/332/31 433/330/30 438/335/29
f 439/336/32 435/332/31 438/335/29
f 436/333/35 441/338/34 440/337/33
f 430/327/36 436/333/35 440/337/33
f 443/340/39 442/339/38 439/336/37
f 438/335/40 443/340/39 439/336/37
f 444/341/42 443/340/42 438/335/41
f 440/337/43 444/341/42 438/335/41
f 441/338/46 445/342/45 444/341/44
f 440/337/47 441/338/46 444/341/44
f 442/339/50 434/331/49 435/332/48
f 439/336/51 442/339/50 435/332/48
f 448/345/54 447/344/53 446/343/52
f 449/345/55 448/345/54 446/343/52
f 452/348/58 451/347/57 450/346/56
f 453/349/59 452/348/58 450/346/56
f 456/352/62 455/351/61 454/350/60
f 457/353/63 456/352/62 454/350/60
f 454/350/64 455/351/64 458/354/64
f 459/355/64 454/350/64 458/354/64
f 458/354/67 461/357/66 460/356/65
f 459/355/68 458/354/67 460/356/65
f 461/357/69 456/352/69 457/353/69
f 460/356/69 461/357/69 457/353/69
f 459/355/72 460/356/71 457/353/70
f 454/350/73 459/355/72 457/353/70
f 455/351/76 456/352/75 461/357/74
f 458/354/77 455/351/76 461/357/74
f 445/342/80 441/338/79 436/333/78
f 437/334/81 445/342/80 436/333/78
f 438/335/29 433/330/30 430/327/36
f 440/337/33 438/335/29 430/327/36
f 462/346/84 450/346/83 451/347/82
f 463/347/82 462/346/84 451/347/82
f 466/359/87 465/358/86 464/358/85
f 467/359/88 466/359/87 464/358/85
f 423/321/10 424/322/11 468/360/89
f 469/361/90 423/321/10 468/360/89
f 423/321/10 469/361/90 470/348/91
f 422/320/9 423/321/10 470/348/91
f 422/320/9 470/348/91 471/362/92
f 425/323/12 422/320/9 471/362/92
f 425/323/12 471/362/92 468/360/89
f 424/322/11 425/323/12 468/360/89
f 467/359/88 464/358/85 469/361/90
f 468/360/89 467/359/88 469/361/90
f 465/358/86 472/361/94 469/361/93
f 464/358/85 465/358/86 469/361/93
f 467/359/88 468/360/96 473/360/95
f 466/359/87 467/359/88 473/360/95
f 466/359/87 473/360/95 472/361/94
f 465/358/86 466/359/87 472/361/94
f 447/344/53 448/345/54 470/348/91
f 469/361/90 447/344/53 470/348/91
f 449/345/55 446/343/52 451/347/97
f 452/348/98 449/345/55 451/347/97
f 447/344/53 469/361/99 451/347/97
f 446/343/52 447/344/53 451/347/97
f 449/345/55 452/348/98 470/348/100
f 448/345/54 449/345/55 470/348/100
f 427/325/14 469/361/93 472/361/94
f 426/324/13 427/325/14 472/361/94
f 429/326/16 463/347/101 451/347/97
f 428/326/15 429/326/16 451/347/97
f 429/326/16 426/324/13 472/361/102
f 463/347/101 429/326/16 472/361/102
f 427/325/14 428/326/15 451/347/97
f 469/361/99 427/325/14 451/347/97
f 476/322/105 475/363/104 474/320/103
f 477/321/106 476/322/105 474/320/103
f 480/324/109 479/365/108 478/364/107
f 481/326/110 480/324/109 478/364/107
f 484/367/112 483/366/18 482/366/111
f 485/367/113 484/367/112 482/366/111
f 486/368/69 485/367/69 482/366/69
f 487/369/69 486/368/69 482/366/69
f 483/366/116 484/367/115 488/368/114
f 489/369/117 483/366/116 488/368/114
f 490/370/120 485/367/119 486/368/118
f 491/368/121 490/370/120 486/368/118
f 493/370/123 492/368/32 488/368/122
f 484/367/124 493/370/123 488/368/122
f 491/368/64 495/369/64 494/371/64
f 490/370/125 491/368/64 494/371/64
f 490/370/41 494/371/42 496/371/126
f 493/370/43 490/370/41 496/371/126
f 492/368/129 493/370/128 496/371/127
f 497/369/130 492/368/129 496/371/127
f 486/368/48 487/369/132 495/369/131
f 491/368/51 486/368/48 495/369/131
f 500/372/135 499/344/134 498/345/133
f 501/345/136 500/372/135 498/345/133
f 504/373/139 503/349/138 502/346/137
f 505/347/140 504/373/139 502/346/137
f 507/376/141 506/375/142 456/374/141
f 457/377/142 507/376/141 456/374/141
f 507/376/69 509/379/69 508/378/69
f 506/375/69 507/376/69 508/378/69
f 460/381/143 461/380/144 508/378/143
f 509/379/144 460/381/143 508/378/143
f 457/377/64 456/374/64 461/380/64
f 460/381/64 457/377/64 461/380/64
f 457/377/147 460/381/146 509/379/145
f 507/376/148 457/377/147 509/379/145
f 461/380/151 456/374/150 506/375/149
f 508/378/152 461/380/151 506/375/149
f 488/368/78 492/368/79 497/369/80
f 489/369/81 488/368/78 497/369/80
f 484/367/124 485/367/119 490/370/120
f 493/370/123 484/367/124 490/370/120
f 463/347/82 505/347/153 502/346/84
f 462/346/84 463/347/82 502/346/84
f 512/359/156 511/359/155 510/358/154
f 513/358/157 512/359/156 510/358/154
f 477/321/106 515/361/159 514/360/158
f 476/322/105 477/321/106 514/360/158
f 516/373/160 515/361/159 477/321/106
f 474/320/103 516/373/160 477/321/106
f 517/382/161 516/373/160 474/320/103
f 475/363/104 517/382/161 474/320/103
f 514/360/158 517/382/161 475/363/104
f 476/322/105 514/360/158 475/363/104
f 511/359/155 514/360/158 515/361/159
f 510/358/154 511/359/155 515/361/159
f 510/358/154 515/361/162 472/361/94
f 513/358/157 510/358/154 472/361/94
f 473/360/95 514/360/163 511/359/155
f 512/359/156 473/360/95 511/359/155
f 472/361/94 473/360/95 512/359/156
f 513/358/157 472/361/94 512/359/156
f 499/344/134 515/361/159 516/373/160
f 498/345/133 499/344/134 516/373/160
f 501/345/136 504/373/165 505/347/164
f 500/372/135 501/345/136 505/347/164
f 505/347/164 515/361/166 499/344/134
f 500/372/135 505/347/164 499/344/134
f 516/373/167 504/373/165 501/345/136
f 498/345/133 516/373/167 501/345/136
f 472/361/94 515/361/162 479/365/108
f 480/324/109 472/361/94 479/365/108
f 505/347/164 463/347/101 481/326/110
f 478/364/107 505/347/164 481/326/110
f 481/326/110 463/347/101 472/361/102
f 480/324/109 481/326/110 472/361/102
f 479/365/108 515/361/166 505/347/164
f 478/364/107 479/365/108 505/347/164
f 520/385/170 519/384/169 518/383/168
f 521/386/171 520/385/170 518/383/168
f 524/388/174 523/388/173 522/387/172
f 525/387/175 524/388/174 522/387/172
f 528/391/178 527/390/177 526/389/176
f 529/392/178 528/391/178 526/389/176
f 529/392/181 526/389/180 530/393/179
f 531/394/182 529/392/181 530/393/179
f 532/395/185 527/390/184 528/391/183
f 533/396/186 532/395/185 528/391/183
f 534/397/189 529/392/188 531/394/187
f 535/398/190 534/397/189 531/394/187
f 537/400/193 536/399/192 533/396/191
f 528/391/194 537/400/193 533/396/191
f 534/397/69 535/398/195 538/401/69
f 539/402/69 534/397/69 538/401/69
f 534/397/198 539/402/197 540/403/196
f 537/400/199 534/397/198 540/403/196
f 537/400/202 540/403/201 541/404/200
f 536/399/203 537/400/202 541/404/200
f 531/394/206 530/393/205 538/401/204
f 535/398/207 531/394/206 538/401/204
f 544/407/210 543/406/209 542/405/208
f 545/405/211 544/407/210 542/405/208
f 452/348/58 453/349/59 546/408/212
f 547/409/213 452/348/58 546/408/212
f 550/412/214 549/411/215 548/410/214
f 551/413/215 550/412/214 548/410/214
f 550/412/64 459/415/125 458/414/64
f 549/411/64 550/412/64 458/414/64
f 460/417/216 461/416/217 458/414/216
f 459/415/217 460/417/216 458/414/216
f 551/413/69 548/410/69 461/416/69
f 460/417/195 551/413/69 461/416/69
f 551/413/220 460/417/219 459/415/218
f 550/412/221 551/413/220 459/415/218
f 461/416/224 548/410/223 549/411/222
f 458/414/225 461/416/224 549/411/222
f 533/396/227 536/399/226 541/404/205
f 532/395/205 533/396/227 541/404/205
f 528/391/194 529/392/188 534/397/189
f 537/400/193 528/391/194 534/397/189
f 553/408/229 552/409/228 547/409/228
f 546/408/229 553/408/229 547/409/228
f 556/419/232 555/419/231 554/418/230
f 557/418/233 556/419/232 554/418/230
f 521/386/171 559/421/235 558/420/234
f 520/385/170 521/386/171 558/420/234
f 470/348/236 559/421/235 521/386/171
f 518/383/168 470/348/236 521/386/171
f 560/422/237 470/348/236 518/383/168
f 519/384/169 560/422/237 518/383/168
f 558/420/234 560/422/237 519/384/169
f 520/385/170 558/420/234 519/384/169
f 555/419/231 558/420/234 559/421/235
f 554/418/230 555/419/231 559/421/235
f 559/421/239 561/421/238 557/418/233
f 554/418/230 559/421/239 557/418/233
f 562/423/241 558/420/240 555/419/231
f 556/419/232 562/423/241 555/419/231
f 561/421/238 562/423/241 556/419/232
f 557/418/233 561/421/238 556/419/232
f 543/406/209 559/421/235 470/348/100
f 542/405/208 543/406/209 470/348/100
f 545/405/211 452/348/98 547/409/242
f 544/407/210 545/405/211 547/409/242
f 547/409/242 559/421/243 543/406/209
f 544/407/210 547/409/242 543/406/209
f 470/348/100 452/348/98 545/405/211
f 542/405/208 470/348/100 545/405/211
f 561/421/238 559/421/239 523/388/173
f 524/388/174 561/421/238 523/388/173
f 547/409/242 552/409/244 525/387/175
f 522/387/172 547/409/242 525/387/175
f 552/409/244 561/421/245 524/388/174
f 525/387/175 552/409/244 524/388/174
f 523/388/173 559/421/243 547/409/242
f 522/387/172 523/388/173 547/409/242
f 565/385/248 564/386/247 563/383/246
f 566/384/249 565/385/248 563/383/246
f 569/387/252 568/388/251 567/388/250
f 570/387/253 569/387/252 567/388/250
f 573/425/176 572/425/177 571/424/178
f 574/424/178 573/425/176 571/424/178
f 575/426/256 573/425/255 574/424/254
f 576/427/257 575/426/256 574/424/254
f 578/426/179 577/427/182 571/424/258
f 572/425/259 578/426/179 571/424/258
f 576/427/262 574/424/261 579/428/260
f 580/427/190 576/427/262 579/428/260
f 577/427/265 582/427/264 581/428/263
f 571/424/266 577/427/265 581/428/263
f 579/428/64 584/429/64 583/426/64
f 580/427/64 579/428/64 583/426/64
f 585/429/268 584/429/197 579/428/267
f 581/428/198 585/429/268 579/428/267
f 586/426/271 585/429/270 581/428/269
f 582/427/272 586/426/271 581/428/269
f 583/426/273 575/426/205 576/427/206
f 580/427/207 583/426/273 576/427/206
f 589/405/276 588/406/275 587/407/274
f 590/405/277 589/405/276 587/407/274
f 504/373/139 592/409/279 591/408/278
f 503/349/138 504/373/139 591/408/278
f 548/432/282 594/431/281 593/430/280
f 551/433/283 548/432/282 593/430/280
f 593/430/69 594/431/69 508/434/69
f 509/435/195 593/430/69 508/434/69
f 508/434/286 461/437/285 460/436/284
f 509/435/287 508/434/286 460/436/284
f 461/437/64 548/432/64 551/433/64
f 460/436/125 461/437/64 551/433/64
f 509/435/290 460/436/289 551/433/288
f 593/430/291 509/435/290 551/433/288
f 594/431/294 548/432/293 461/437/292
f 508/434/295 594/431/294 461/437/292
f 586/426/298 582/427/297 577/427/296
f 578/426/299 586/426/298 577/427/296
f 579/428/260 574/424/261 571/424/266
f 581/428/263 579/428/260 571/424/266
f 591/408/301 592/409/300 552/409/228
f 553/408/229 591/408/301 552/409/228
f 597/419/304 596/418/303 595/418/302
f 598/419/305 597/419/304 595/418/302
f 564/386/247 565/385/248 599/420/306
f 600/421/307 564/386/247 599/420/306
f 564/386/247 600/421/307 516/373/308
f 563/383/246 564/386/247 516/373/308
f 563/383/246 516/373/308 601/422/309
f 566/384/249 563/383/246 601/422/309
f 566/384/249 601/422/309 599/420/306
f 565/385/248 566/384/249 599/420/306
f 598/419/305 595/418/302 600/421/307
f 599/420/306 598/419/305 600/421/307
f 595/418/302 596/418/303 561/421/238
f 600/421/310 595/418/302 561/421/238
f 598/419/305 599/420/311 562/423/241
f 597/419/304 598/419/305 562/423/241
f 597/419/304 562/423/241 561/421/238
f 596/418/303 597/419/304 561/421/238
f 588/406/275 589/405/276 516/373/167
f 600/421/307 588/406/275 516/373/167
f 590/405/277 587/407/274 592/409/312
f 504/373/165 590/405/277 592/409/312
f 588/406/275 600/421/313 592/409/312
f 587/407/274 588/406/275 592/409/312
f 590/405/277 504/373/165 516/373/167
f 589/405/276 590/405/277 516/373/167
f 568/388/251 600/421/310 561/421/238
f 567/388/250 568/388/251 561/421/238
f 570/387/253 552/409/244 592/409/312
f 569/387/252 570/387/253 592/409/312
f 567/388/250 561/421/245 552/409/244
f 570/387/253 567/388/250 552/409/244
f 568/388/251 569/387/252 592/409/312
f 600/421/313 568/388/251 592/409/312
f 604/440/316 603/439/315 602/438/314
f 605/441/317 604/440/316 602/438/314
f 608/443/320 607/443/319 606/442/318
f 609/444/321 608/443/320 606/442/318
f 610/445/322 431/328/18 432/329/19
f 611/446/322 610/445/322 432/329/19
f 612/447/324 611/446/323 432/329/21
f 434/331/22 612/447/324 432/329/21
f 431/328/25 610/445/326 613/448/325
f 437/334/28 431/328/25 613/448/325
f 614/449/329 611/446/328 612/447/327
f 615/450/330 614/449/329 612/447/327
f 617/452/333 616/451/332 613/448/331
f 610/445/334 617/452/333 613/448/331
f 614/449/336 615/450/335 442/339/38
f 443/340/39 614/449/336 442/339/38
f 614/449/337 443/340/42 444/341/42
f 617/452/338 614/449/337 444/341/42
f 617/452/339 444/341/44 445/342/45
f 616/451/340 617/452/339 445/342/45
f 612/447/341 434/331/49 442/339/50
f 615/450/342 612/447/341 442/339/50
f 620/455/345 619/454/344 618/453/343
f 621/453/346 620/455/345 618/453/343
f 453/349/59 450/346/56 622/456/347
f 623/457/348 453/349/59 622/456/347
f 454/460/349 625/459/350 624/458/349
f 457/461/350 454/460/349 624/458/349
f 459/463/125 626/462/64 625/459/64
f 454/460/125 459/463/125 625/459/64
f 460/465/353 627/464/352 626/462/351
f 459/463/354 460/465/353 626/462/351
f 460/465/195 457/461/195 624/458/69
f 627/464/69 460/465/195 624/458/69
f 457/461/357 460/465/356 459/463/355
f 454/460/358 457/461/357 459/463/355
f 627/464/361 624/458/360 625/459/359
f 626/462/362 627/464/361 625/459/359
f 613/448/364 616/451/363 445/342/80
f 437/334/81 613/448/364 445/342/80
f 610/445/334 611/446/328 614/449/329
f 617/452/333 610/445/334 614/449/329
f 462/346/84 628/456/366 622/456/365
f 450/346/83 462/346/84 622/456/365
f 631/467/369 630/467/368 629/466/367
f 632/466/370 631/467/369 629/466/367
f 605/441/317 633/468/371 468/360/89
f 604/440/316 605/441/317 468/360/89
f 634/457/372 633/468/371 605/441/317
f 602/438/314 634/457/372 605/441/317
f 471/362/92 634/457/372 602/438/314
f 603/439/315 471/362/92 602/438/314
f 468/360/89 471/362/92 603/439/315
f 604/440/316 468/360/89 603/439/315
f 630/467/368 468/360/89 633/468/371
f 629/466/367 630/467/368 633/468/371
f 633/468/374 635/468/373 632/466/370
f 629/466/367 633/468/374 632/466/370
f 473/360/95 468/360/96 630/467/368
f 631/467/369 473/360/95 630/467/368
f 635/468/373 473/360/95 631/467/369
f 632/466/370 635/468/373 631/467/369
f 619/454/344 633/468/371 634/457/372
f 618/453/343 619/454/344 634/457/372
f 621/453/346 623/457/376 622/456/375
f 620/455/345 621/453/346 622/456/375
f 622/456/375 633/468/377 619/454/344
f 620/455/345 622/456/375 619/454/344
f 634/457/378 623/457/376 621/453/346
f 618/453/343 634/457/378 621/453/346
f 635/468/373 633/468/374 607/443/319
f 608/443/320 635/468/373 607/443/319
f 622/456/375 628/456/379 609/444/321
f 606/442/318 622/456/375 609/444/321
f 609/444/321 628/456/379 635/468/380
f 608/443/320 609/444/321 635/468/380
f 607/443/319 633/468/377 622/456/375
f 606/442/318 607/443/319 622/456/375
f 638/440/383 637/441/382 636/438/381
f 639/469/384 638/440/383 636/438/381
f 642/470/387 641/443/386 640/443/385
f 643/444/388 642/470/387 640/443/385
f 482/366/111 483/366/18 644/471/322
f 645/471/322 482/366/111 644/471/322
f 646/472/195 487/369/69 482/366/69
f 645/471/69 646/472/195 482/366/69
f 647/472/390 644/471/389 483/366/116
f 489/369/117 647/472/390 483/366/116
f 646/472/393 645/471/392 648/473/391
f 649/472/394 646/472/393 648/473/391
f 647/472/396 651/472/330 650/473/395
f 644/471/397 647/472/396 650/473/395
f 648/473/64 494/371/64 495/369/64
f 649/472/64 648/473/64 495/369/64
f 496/371/126 494/371/42 648/473/337
f 650/473/338 496/371/126 648/473/337
f 497/369/130 496/371/127 650/473/398
f 651/472/399 497/369/130 650/473/398
f 495/369/131 487/369/132 646/472/400
f 649/472/401 495/369/131 646/472/400
f 654/453/404 653/454/403 652/455/402
f 655/453/405 654/453/404 652/455/402
f 656/456/406 502/346/137 503/349/138
f 657/457/407 656/456/406 503/349/138
f 624/476/410 658/475/409 507/474/408
f 457/477/411 624/476/410 507/474/408
f 658/475/69 659/479/69 509/478/195
f 507/474/195 658/475/69 509/478/195
f 659/479/414 627/481/413 460/480/412
f 509/478/415 659/479/414 460/480/412
f 460/480/125 627/481/64 624/476/64
f 457/477/125 460/480/125 624/476/64
f 509/478/418 460/480/417 457/477/416
f 507/474/419 509/478/418 457/477/416
f 658/475/422 624/476/421 627/481/420
f 659/479/423 658/475/422 627/481/420
f 497/369/80 651/472/363 647/472/364
f 489/369/81 497/369/80 647/472/364
f 648/473/391 645/471/392 644/471/397
f 650/473/395 648/473/391 644/471/397
f 502/346/84 656/456/424 628/456/366
f 462/346/84 502/346/84 628/456/366
f 662/467/427 661/466/426 660/466/425
f 663/467/428 662/467/427 660/466/425
f 637/441/382 638/440/383 514/360/158
f 664/468/429 637/441/382 514/360/158
f 637/441/382 664/468/429 665/457/430
f 636/438/381 637/441/382 665/457/430
f 636/438/381 665/457/430 517/382/161
f 639/469/384 636/438/381 517/382/161
f 639/469/384 517/382/161 514/360/158
f 638/440/383 639/469/384 514/360/158
f 663/467/428 660/466/425 664/468/429
f 514/360/158 663/467/428 664/468/429
f 660/466/425 661/466/426 635/468/373
f 664/468/431 660/466/425 635/468/373
f 663/467/428 514/360/163 473/360/95
f 662/467/427 663/467/428 473/360/95
f 662/467/427 473/360/95 635/468/373
f 661/466/426 662/467/427 635/468/373
f 653/454/403 654/453/404 665/457/430
f 664/468/429 653/454/403 665/457/430
f 655/453/405 652/455/402 656/456/432
f 657/457/433 655/453/405 656/456/432
f 653/454/403 664/468/434 656/456/432
f 652/455/402 653/454/403 656/456/432
f 655/453/405 657/457/433 665/457/435
f 654/453/404 655/453/405 665/457/435
f 641/443/386 664/468/431 635/468/373
f 640/443/385 641/443/386 635/468/373
f 643/444/388 628/456/379 656/456/432
f 642/470/387 643/444/388 656/456/432
f 643/444/388 640/443/385 635/468/380
f 628/456/379 643/444/388 635/468/380
f 641/443/386 642/470/387 656/456/432
f 664/468/434 641/443/386 656/456/432
f 668/484/438 667/483/437 666/482/436
f 669/485/439 668/484/438 666/482/436
f 672/487/442 671/486/441 670/486/440
f 673/487/443 672/487/442 670/486/440
f 526/389/176 527/390/177 674/488/444
f 675/489/445 526/389/176 674/488/444
f 530/393/179 526/389/180 675/489/446
f 676/490/447 530/393/179 675/489/446
f 532/395/185 677/491/449 674/488/448
f 527/390/184 532/395/185 674/488/448
f 676/490/452 675/489/451 678/492/450
f 679/493/453 676/490/452 678/492/450
f 677/491/456 681/495/455 680/494/454
f 674/488/457 677/491/456 680/494/454
f 678/492/69 539/402/69 538/401/69
f 679/493/69 678/492/69 538/401/69
f 540/403/196 539/402/197 678/492/458
f 680/494/459 540/403/196 678/492/458
f 541/404/200 540/403/201 680/494/460
f 681/495/461 541/404/200 680/494/460
f 538/401/204 530/393/205 676/490/462
f 679/493/463 538/401/204 676/490/462
f 684/498/466 683/497/465 682/496/464
f 685/498/467 684/498/466 682/496/464
f 686/499/468 546/408/212 453/349/59
f 623/457/348 686/499/468 453/349/59
f 688/502/471 687/501/470 550/500/469
f 551/503/472 688/502/471 550/500/469
f 687/501/64 626/505/64 459/504/64
f 550/500/64 687/501/64 459/504/64
f 626/505/475 627/507/474 460/506/473
f 459/504/476 626/505/475 460/506/473
f 460/506/69 627/507/69 688/502/69
f 551/503/195 460/506/69 688/502/69
f 459/504/479 460/506/478 551/503/477
f 550/500/480 459/504/479 551/503/477
f 687/501/483 688/502/482 627/507/481
f 626/505/484 687/501/483 627/507/481
f 541/404/205 681/495/486 677/491/485
f 532/395/205 541/404/205 677/491/485
f 678/492/450 675/489/451 674/488/457
f 680/494/454 678/492/450 674/488/457
f 553/408/229 546/408/229 686/499/487
f 689/499/488 553/408/229 686/499/487
f 692/509/491 691/508/490 690/508/489
f 693/509/492 692/509/491 690/508/489
f 667/483/437 668/484/438 558/420/234
f 694/510/493 667/483/437 558/420/234
f 666/482/436 667/483/437 694/510/493
f 634/457/494 666/482/436 694/510/493
f 666/482/436 634/457/494 560/422/237
f 669/485/439 666/482/436 560/422/237
f 669/485/439 560/422/237 558/420/234
f 668/484/438 669/485/439 558/420/234
f 693/509/492 690/508/489 694/510/493
f 558/420/234 693/509/492 694/510/493
f 691/508/490 695/510/496 694/510/495
f 690/508/489 691/508/490 694/510/495
f 693/509/492 558/420/240 562/423/241
f 692/509/491 693/509/492 562/423/241
f 692/509/491 562/423/241 695/510/496
f 691/508/490 692/509/491 695/510/496
f 683/497/465 684/498/466 634/457/378
f 694/510/493 683/497/465 634/457/378
f 685/498/467 682/496/464 686/499/497
f 623/457/376 685/498/467 686/499/497
f 683/497/465 694/510/498 686/499/497
f 682/496/464 683/497/465 686/499/497
f 685/498/467 623/457/376 634/457/378
f 684/498/466 685/498/467 634/457/378
f 671/486/441 694/510/495 695/510/496
f 670/486/440 671/486/441 695/510/496
f 673/487/443 689/499/499 686/499/497
f 672/487/442 673/487/443 686/499/497
f 670/486/440 695/510/500 689/499/499
f 673/487/443 670/486/440 689/499/499
f 671/486/441 672/487/442 686/499/497
f 694/510/498 671/486/441 686/499/497
f 698/484/503 697/485/502 696/482/501
f 699/483/504 698/484/503 696/482/501
f 702/486/507 701/486/506 700/487/505
f 703/487/508 702/486/507 700/487/505
f 704/511/444 572/425/177 573/425/176
f 705/511/445 704/511/444 573/425/176
f 705/511/509 573/425/255 575/426/256
f 706/512/510 705/511/509 575/426/256
f 578/426/179 572/425/259 704/511/446
f 707/512/447 578/426/179 704/511/446
f 708/513/513 705/511/512 706/512/511
f 709/512/453 708/513/513 706/512/511
f 711/513/516 710/512/515 707/512/514
f 704/511/517 711/513/516 707/512/514
f 708/513/64 709/512/64 583/426/64
f 584/429/64 708/513/64 583/426/64
f 708/513/518 584/429/197 585/429/268
f 711/513/519 708/513/518 585/429/268
f 711/513/520 585/429/270 586/426/271
f 710/512/521 711/513/520 586/426/271
f 706/512/462 575/426/205 583/426/273
f 709/512/463 706/512/462 583/426/273
f 714/496/524 713/497/523 712/514/522
f 715/514/525 714/496/524 712/514/522
f 503/349/138 591/408/278 716/499/526
f 657/457/407 503/349/138 716/499/526
f 593/517/529 717/516/528 688/515/527
f 551/518/530 593/517/529 688/515/527
f 509/520/69 659/519/69 717/516/69
f 593/517/69 509/520/69 717/516/69
f 460/522/531 627/521/532 659/519/531
f 509/520/532 460/522/531 659/519/531
f 460/522/64 551/518/125 688/515/64
f 627/521/64 460/522/64 688/515/64
f 551/518/535 460/522/534 509/520/533
f 593/517/536 551/518/535 509/520/533
f 627/521/539 688/515/538 717/516/537
f 659/519/537 627/521/539 717/516/537
f 707/512/462 710/512/463 586/426/298
f 578/426/299 707/512/462 586/426/298
f 704/511/517 705/511/512 708/513/513
f 711/513/516 704/511/517 708/513/513
f 689/499/488 716/499/487 591/408/301
f 553/408/229 689/499/488 591/408/301
f 720/509/542 719/509/541 718/508/540
f 721/508/543 720/509/542 718/508/540
f 699/483/504 722/510/544 599/420/306
f 698/484/503 699/483/504 599/420/306
f 696/482/501 665/457/545 722/510/544
f 699/483/504 696/482/501 722/510/544
f 601/422/309 665/457/545 696/482/501
f 697/485/502 601/422/309 696/482/501
f 599/420/306 601/422/309 697/485/502
f 698/484/503 599/420/306 697/485/502
f 719/509/541 599/420/306 722/510/544
f 718/508/540 719/509/541 722/510/544
f 718/508/540 722/510/546 695/510/496
f 721/508/543 718/508/540 695/510/496
f 562/423/241 599/420/311 719/509/541
f 720/509/542 562/423/241 719/509/541
f 695/510/496 562/423/241 720/509/542
f 721/508/543 695/510/496 720/509/542
f 713/497/523 722/510/544 665/457/435
f 712/514/522 713/497/523 665/457/435
f 715/514/525 657/457/433 716/499/547
f 714/496/524 715/514/525 716/499/547
f 716/499/547 722/510/548 713/497/523
f 714/496/524 716/499/547 713/497/523
f 665/457/435 657/457/433 715/514/525
f 712/514/522 665/457/435 715/514/525
f 695/510/496 722/510/546 701/486/506
f 702/486/507 695/510/496 701/486/506
f 716/499/547 689/499/499 703/487/508
f 700/487/505 716/499/547 703/487/508
f 689/499/499 695/510/500 702/486/507
f 703/487/508 689/499/499 702/486/507
f 701/486/506 722/510/548 716/499/547
f 700/487/505 701/486/506 716/499/547
f 723/523/549 417/315/4 418/316/5
f 724/524/550 723/523/549 418/316/5
f 726/526/553 725/525/552 417/315/551
f 723/523/554 726/526/553 417/315/551
f 729/529/737 728/528/736 727/527/555
f 725/525/552 729/529/737 727/527/555
f 732/532/560 731/531/559 730/530/558
f 733/533/561 732/532/560 730/530/558
f 734/534/564 414/312/738 732/532/562
f 733/533/565 734/534/564 732/532/562
f 735/535/566 734/534/564 733/533/565
f 736/536/567 735/535/566 733/533/565
f 733/533/561 730/530/558 726/526/568
f 736/536/569 733/533/561 726/526/568
f 734/534/564 735/535/566 727/527/570
f 728/528/739 734/534/564 727/527/570
f 731/531/741 415/313/740 729/529/737
f 730/530/574 731/531/741 729/529/737
f 736/536/569 726/526/568 723/523/575
f 724/524/576 736/536/569 723/523/575
f 418/316/577 735/535/566 736/536/567
f 724/524/578 418/316/577 736/536/567
f 725/525/552 727/527/555 416/314/3
f 417/315/4 725/525/552 416/314/3
f 730/530/574 729/529/737 725/525/552
f 726/526/553 730/530/574 725/525/552
f 414/312/738 734/534/564 728/528/739
f 413/311/742 414/312/738 728/528/739
f 415/313/740 413/311/743 728/528/736
f 729/529/737 415/313/740 728/528/736
f 735/535/566 418/316/5 416/314/3
f 727/527/570 735/535/566 416/314/3
f 738/538/583 737/537/582 421/319/8
f 419/317/6 738/538/583 421/319/8
f 739/539/586 738/538/585 419/317/584
f 740/540/587 739/539/586 419/317/584
f 743/543/590 742/542/745 741/541/744
f 740/540/587 743/543/590 741/541/744
f 744/544/591 731/531/559 732/532/560
f 745/545/592 744/544/591 732/532/560
f 732/532/562 414/312/738 746/546/593
f 745/545/594 732/532/562 746/546/593
f 745/545/594 746/546/593 747/547/595
f 748/548/596 745/545/594 747/547/595
f 739/539/597 744/544/591 745/545/592
f 748/548/598 739/539/597 745/545/592
f 746/546/593 742/542/746 743/543/599
f 747/547/595 746/546/593 743/543/599
f 731/531/741 744/544/601 741/541/744
f 415/313/740 731/531/741 741/541/744
f 738/538/602 739/539/597 748/548/598
f 737/537/603 738/538/602 748/548/598
f 748/548/596 747/547/595 421/319/604
f 737/537/605 748/548/596 421/319/604
f 420/318/7 743/543/590 740/540/587
f 419/317/6 420/318/7 740/540/587
f 744/544/601 739/539/586 740/540/587
f 741/541/744 744/544/601 740/540/587
f 414/312/738 413/311/747 742/542/746
f 746/546/593 414/312/738 742/542/746
f 742/542/745 413/311/748 415/313/740
f 741/541/744 742/542/745 415/313/740
f 747/547/595 743/543/599 420/318/7
f 421/319/8 747/547/595 420/318/7
f 751/550/609 750/550/610 749/549/609
f 752/549/610 751/550/609 749/549/609
f 750/550/613 754/552/612 753/551/611
f 749/549/614 750/550/613 753/551/611
f 754/552/615 756/552/616 755/551/615
f 753/551/616 754/552/615 755/551/615
f 755/551/619 756/552/618 751/550/617
f 752/549/620 755/551/619 751/550/617
f 753/551/623 755/551/622 752/549/621
f 749/549/624 753/551/623 752/549/621
f 750/550/627 751/550/626 756/552/625
f 754/552/626 750/550/627 756/552/625
f 759/555/630 758/554/629 757/553/628
f 760/556/631 759/555/630 757/553/628
f 757/553/628 758/554/629 761/557/632
f 762/558/633 757/553/628 761/557/632
f 761/557/632 764/560/635 763/559/634
f 762/558/633 761/557/632 763/559/634
f 764/560/635 766/562/637 765/561/636
f 763/559/634 764/560/635 765/561/636
f 766/562/637 768/564/639 767/563/638
f 765/561/636 766/562/637 767/563/638
f 768/564/639 770/566/641 769/565/640
f 767/563/638 768/564/639 769/565/640
f 769/565/640 770/566/641 771/567/642
f 772/568/643 769/565/640 771/567/642
f 772/568/643 771/567/642 773/569/644
f 774/570/645 772/568/643 773/569/644
f 773/569/644 776/572/647 775/571/646
f 774/570/645 773/569/644 775/571/646
f 775/571/646 776/572/647 777/573/648
f 778/574/649 775/571/646 777/573/648
f 766/562/652 780/576/651 779/575/650
f 768/564/653 766/562/652 779/575/650
f 777/573/648 782/578/655 781/577/654
f 778/574/649 777/573/648 781/577/654
f 781/577/654 782/578/655 759/555/630
f 760/556/631 781/577/654 759/555/630
f 782/578/658 784/580/657 783/579/656
f 759/555/659 782/578/658 783/579/656
f 771/567/662 770/566/661 785/581/660
f 786/582/663 771/567/662 785/581/660
f 761/557/666 758/554/665 787/583/664
f 788/584/667 761/557/666 787/583/664
f 776/572/670 773/569/669 789/585/668
f 790/586/671 776/572/670 789/585/668
f 764/560/673 791/587/672 780/576/651
f 766/562/652 764/560/673 780/576/651
f 783/579/676 793/589/675 792/588/674
f 787/583/677 783/579/676 792/588/674
f 784/580/679 794/590/678 793/589/675
f 783/579/676 784/580/679 793/589/675
f 791/587/682 796/592/681 795/591/680
f 780/576/683 791/587/682 795/591/680
f 779/575/684 780/576/683 795/591/680
f 797/593/685 779/575/684 795/591/680
f 785/581/686 779/575/684 797/593/685
f 798/594/687 785/581/686 797/593/685
f 786/582/688 785/581/686 798/594/687
f 799/595/689 786/582/688 798/594/687
f 791/587/682 788/584/691 800/596/690
f 796/592/681 791/587/682 800/596/690
f 802/598/693 801/597/692 794/590/678
f 784/580/679 802/598/693 794/590/678
f 787/583/677 792/588/674 800/596/690
f 788/584/691 787/583/677 800/596/690
f 802/598/693 790/586/695 803/599/694
f 801/597/692 802/598/693 803/599/694
f 789/585/697 804/600/696 803/599/694
f 790/586/695 789/585/697 803/599/694
f 789/585/697 786/582/688 799/595/689
f 804/600/696 789/585/697 799/595/689
f 776/572/670 790/586/671 802/598/698
f 777/573/699 776/572/670 802/598/698
f 764/560/673 761/557/666 788/584/667
f 791/587/672 764/560/673 788/584/667
f 773/569/669 771/567/662 786/582/663
f 789/585/668 773/569/669 786/582/663
f 758/554/665 759/555/659 783/579/656
f 787/583/664 758/554/665 783/579/656
f 768/564/653 779/575/650 785/581/660
f 770/566/661 768/564/653 785/581/660
f 777/573/699 802/598/698 784/580/657
f 782/578/658 777/573/699 784/580/657
f 807/603/702 806/602/701 805/601/700
f 808/604/703 807/603/702 805/601/700
f 811/607/706 810/606/705 809/605/704
f 812/608/707 811/607/706 809/605/704
f 813/609/710 806/602/709 810/606/708
f 811/607/711 813/609/710 810/606/708
f 816/612/714 815/611/713 814/610/712
f 817/613/715 816/612/714 814/610/712
f 819/615/718 813/609/717 818/614/716
f 820/616/719 819/615/718 818/614/716
f 808/604/703 805/601/700 816/612/714
f 817/613/715 808/604/703 816/612/714
f 820/616/719 814/610/712 815/611/713
f 819/615/718 820/616/719 815/611/713
f 812/608/707 818/614/716 813/609/717
f 811/607/706 812/608/707 813/609/717
f 806/602/701 807/603/702 809/605/704
f 810/606/705 806/602/701 809/605/704
f 820/616/722 808/604/721 817/613/720
f 814/610/720 820/616/722 817/613/720
f 820/616/722 818/614/724 807/603/723
f 808/604/721 820/616/722 807/603/723
f 818/614/724 812/608/726 809/605/725
f 807/603/723 818/614/724 809/605/725
f 819/615/729 815/611/728 816/612/727
f 805/601/730 819/615/729 816/612/727
f 813/609/710 819/615/729 805/601/730
f 806/602/709 813/609/710 805/601/730
f 824/619/733 823/618/732 822/617/731
f 821/620/734 824/619/733 822/617/731
g effect
f 827/623/751 826/622/750 825/621/749
f 830/626/5 829/625/4 828/624/3
f 833/629/8 832/628/7 831/627/6
f 836/632/11 835/631/10 834/630/9
f 837/633/12 836/632/11 834/630/9
f 840/636/15 839/635/14 838/634/13
f 841/636/16 840/636/15 838/634/13
f 844/639/19 843/638/18 842/637/17
f 845/640/20 844/639/19 842/637/17
f 847/642/23 846/641/22 844/639/21
f 845/640/24 847/642/23 844/639/21
f 848/643/27 842/637/26 843/638/25
f 849/644/28 848/643/27 843/638/25
f 847/642/31 845/640/30 850/645/29
f 851/646/32 847/642/31 850/645/29
f 848/643/35 853/648/34 852/647/33
f 842/637/36 848/643/35 852/647/33
f 855/650/39 854/649/38 851/646/37
f 850/645/40 855/650/39 851/646/37
f 856/651/42 855/650/42 850/645/41
f 852/647/43 856/651/42 850/645/41
f 853/648/46 857/652/45 856/651/44
f 852/647/47 853/648/46 856/651/44
f 854/649/50 846/641/49 847/642/48
f 851/646/51 854/649/50 847/642/48
f 860/655/54 859/654/53 858/653/52
f 861/655/55 860/655/54 858/653/52
f 864/658/58 863/657/57 862/656/56
f 865/659/59 864/658/58 862/656/56
f 868/662/62 867/661/61 866/660/60
f 869/663/63 868/662/62 866/660/60
f 866/660/64 867/661/64 870/664/64
f 871/665/64 866/660/64 870/664/64
f 870/664/67 873/667/66 872/666/65
f 871/665/68 870/664/67 872/666/65
f 873/667/69 868/662/69 869/663/69
f 872/666/69 873/667/69 869/663/69
f 871/665/72 872/666/71 869/663/70
f 866/660/73 871/665/72 869/663/70
f 867/661/76 868/662/75 873/667/74
f 870/664/77 867/661/76 873/667/74
f 857/652/80 853/648/79 848/643/78
f 849/644/81 857/652/80 848/643/78
f 850/645/29 845/640/30 842/637/36
f 852/647/33 850/645/29 842/637/36
f 874/656/84 862/656/83 863/657/82
f 875/657/82 874/656/84 863/657/82
f 878/669/87 877/668/86 876/668/85
f 879/669/88 878/669/87 876/668/85
f 835/631/10 836/632/11 880/670/89
f 881/671/90 835/631/10 880/670/89
f 835/631/10 881/671/90 882/658/91
f 834/630/9 835/631/10 882/658/91
f 834/630/9 882/658/91 883/672/92
f 837/633/12 834/630/9 883/672/92
f 837/633/12 883/672/92 880/670/89
f 836/632/11 837/633/12 880/670/89
f 879/669/88 876/668/85 881/671/90
f 880/670/89 879/669/88 881/671/90
f 877/668/86 884/671/94 881/671/93
f 876/668/85 877/668/86 881/671/93
f 879/669/88 880/670/96 885/670/95
f 878/669/87 879/669/88 885/670/95
f 878/669/87 885/670/95 884/671/94
f 877/668/86 878/669/87 884/671/94
f 859/654/53 860/655/54 882/658/91
f 881/671/90 859/654/53 882/658/91
f 861/655/55 858/653/52 863/657/97
f 864/658/98 861/655/55 863/657/97
f 859/654/53 881/671/99 863/657/97
f 858/653/52 859/654/53 863/657/97
f 861/655/55 864/658/98 882/658/100
f 860/655/54 861/655/55 882/658/100
f 839/635/14 881/671/93 884/671/94
f 838/634/13 839/635/14 884/671/94
f 841/636/16 875/657/101 863/657/97
f 840/636/15 841/636/16 863/657/97
f 841/636/16 838/634/13 884/671/102
f 875/657/101 841/636/16 884/671/102
f 839/635/14 840/636/15 863/657/97
f 881/671/99 839/635/14 863/657/97
f 888/632/105 887/673/104 886/630/103
f 889/631/106 888/632/105 886/630/103
f 892/634/109 891/675/108 890/674/107
f 893/636/110 892/634/109 890/674/107
f 896/677/112 895/676/18 894/676/111
f 897/677/113 896/677/112 894/676/111
f 898/678/69 897/677/69 894/676/69
f 899/679/69 898/678/69 894/676/69
f 895/676/116 896/677/115 900/678/114
f 901/679/117 895/676/116 900/678/114
f 902/680/120 897/677/119 898/678/118
f 903/678/121 902/680/120 898/678/118
f 905/680/123 904/678/32 900/678/122
f 896/677/124 905/680/123 900/678/122
f 903/678/64 907/679/64 906/681/64
f 902/680/125 903/678/64 906/681/64
f 902/680/41 906/681/42 908/681/126
f 905/680/43 902/680/41 908/681/126
f 904/678/129 905/680/128 908/681/127
f 909/679/130 904/678/129 908/681/127
f 898/678/48 899/679/132 907/679/131
f 903/678/51 898/678/48 907/679/131
f 912/682/135 911/654/134 910/655/133
f 913/655/136 912/682/135 910/655/133
f 916/683/139 915/659/138 914/656/137
f 917/657/140 916/683/139 914/656/137
f 919/686/141 918/685/142 868/684/141
f 869/687/142 919/686/141 868/684/141
f 919/686/69 921/689/69 920/688/69
f 918/685/69 919/686/69 920/688/69
f 872/691/143 873/690/144 920/688/143
f 921/689/144 872/691/143 920/688/143
f 869/687/64 868/684/64 873/690/64
f 872/691/64 869/687/64 873/690/64
f 869/687/147 872/691/146 921/689/145
f 919/686/148 869/687/147 921/689/145
f 873/690/151 868/684/150 918/685/149
f 920/688/152 873/690/151 918/685/149
f 900/678/78 904/678/79 909/679/80
f 901/679/81 900/678/78 909/679/80
f 896/677/124 897/677/119 902/680/120
f 905/680/123 896/677/124 902/680/120
f 875/657/82 917/657/153 914/656/84
f 874/656/84 875/657/82 914/656/84
f 924/669/156 923/669/155 922/668/154
f 925/668/157 924/669/156 922/668/154
f 889/631/106 927/671/159 926/670/158
f 888/632/105 889/631/106 926/670/158
f 928/683/160 927/671/159 889/631/106
f 886/630/103 928/683/160 889/631/106
f 929/692/161 928/683/160 886/630/103
f 887/673/104 929/692/161 886/630/103
f 926/670/158 929/692/161 887/673/104
f 888/632/105 926/670/158 887/673/104
f 923/669/155 926/670/158 927/671/159
f 922/668/154 923/669/155 927/671/159
f 922/668/154 927/671/162 884/671/94
f 925/668/157 922/668/154 884/671/94
f 885/670/95 926/670/163 923/669/155
f 924/669/156 885/670/95 923/669/155
f 884/671/94 885/670/95 924/669/156
f 925/668/157 884/671/94 924/669/156
f 911/654/134 927/671/159 928/683/160
f 910/655/133 911/654/134 928/683/160
f 913/655/136 916/683/165 917/657/164
f 912/682/135 913/655/136 917/657/164
f 917/657/164 927/671/166 911/654/134
f 912/682/135 917/657/164 911/654/134
f 928/683/167 916/683/165 913/655/136
f 910/655/133 928/683/167 913/655/136
f 884/671/94 927/671/162 891/675/108
f 892/634/109 884/671/94 891/675/108
f 917/657/164 875/657/101 893/636/110
f 890/674/107 917/657/164 893/636/110
f 893/636/110 875/657/101 884/671/102
f 892/634/109 893/636/110 884/671/102
f 891/675/108 927/671/166 917/657/164
f 890/674/107 891/675/108 917/657/164
f 932/695/170 931/694/169 930/693/168
f 933/696/171 932/695/170 930/693/168
f 936/698/174 935/698/173 934/697/172
f 937/697/175 936/698/174 934/697/172
f 940/701/178 939/700/177 938/699/176
f 941/702/178 940/701/178 938/699/176
f 941/702/181 938/699/180 942/703/179
f 943/704/182 941/702/181 942/703/179
f 944/705/185 939/700/184 940/701/183
f 945/706/186 944/705/185 940/701/183
f 946/707/189 941/702/188 943/704/187
f 947/708/190 946/707/189 943/704/187
f 949/710/193 948/709/192 945/706/191
f 940/701/194 949/710/193 945/706/191
f 946/707/69 947/708/195 950/711/69
f 951/712/69 946/707/69 950/711/69
f 946/707/198 951/712/197 952/713/196
f 949/710/199 946/707/198 952/713/196
f 949/710/202 952/713/201 953/714/200
f 948/709/203 949/710/202 953/714/200
f 943/704/206 942/703/205 950/711/204
f 947/708/207 943/704/206 950/711/204
f 956/717/210 955/716/209 954/715/208
f 957/715/211 956/717/210 954/715/208
f 864/658/58 865/659/59 958/718/212
f 959/719/213 864/658/58 958/718/212
f 962/722/214 961/721/215 960/720/214
f 963/723/215 962/722/214 960/720/214
f 962/722/64 871/725/125 870/724/64
f 961/721/64 962/722/64 870/724/64
f 872/727/216 873/726/217 870/724/216
f 871/725/217 872/727/216 870/724/216
f 963/723/69 960/720/69 873/726/69
f 872/727/195 963/723/69 873/726/69
f 963/723/220 872/727/219 871/725/218
f 962/722/221 963/723/220 871/725/218
f 873/726/224 960/720/223 961/721/222
f 870/724/225 873/726/224 961/721/222
f 945/706/227 948/709/226 953/714/205
f 944/705/205 945/706/227 953/714/205
f 940/701/194 941/702/188 946/707/189
f 949/710/193 940/701/194 946/707/189
f 965/718/229 964/719/228 959/719/228
f 958/718/229 965/718/229 959/719/228
f 968/729/232 967/729/231 966/728/230
f 969/728/233 968/729/232 966/728/230
f 933/696/171 971/731/235 970/730/234
f 932/695/170 933/696/171 970/730/234
f 882/658/236 971/731/235 933/696/171
f 930/693/168 882/658/236 933/696/171
f 972/732/237 882/658/236 930/693/168
f 931/694/169 972/732/237 930/693/168
f 970/730/234 972/732/237 931/694/169
f 932/695/170 970/730/234 931/694/169
f 967/729/231 970/730/234 971/731/235
f 966/728/230 967/729/231 971/731/235
f 971/731/239 973/731/238 969/728/233
f 966/728/230 971/731/239 969/728/233
f 974/733/241 970/730/240 967/729/231
f 968/729/232 974/733/241 967/729/231
f 973/731/238 974/733/241 968/729/232
f 969/728/233 973/731/238 968/729/232
f 955/716/209 971/731/235 882/658/100
f 954/715/208 955/716/209 882/658/100
f 957/715/211 864/658/98 959/719/242
f 956/717/210 957/715/211 959/719/242
f 959/719/242 971/731/243 955/716/209
f 956/717/210 959/719/242 955/716/209
f 882/658/100 864/658/98 957/715/211
f 954/715/208 882/658/100 957/715/211
f 973/731/238 971/731/239 935/698/173
f 936/698/174 973/731/238 935/698/173
f 959/719/242 964/719/244 937/697/175
f 934/697/172 959/719/242 937/697/175
f 964/719/244 973/731/245 936/698/174
f 937/697/175 964/719/244 936/698/174
f 935/698/173 971/731/243 959/719/242
f 934/697/172 935/698/173 959/719/242
f 977/695/248 976/696/247 975/693/246
f 978/694/249 977/695/248 975/693/246
f 981/697/252 980/698/251 979/698/250
f 982/697/253 981/697/252 979/698/250
f 985/735/176 984/735/177 983/734/178
f 986/734/178 985/735/176 983/734/178
f 987/736/256 985/735/255 986/734/254
f 988/737/257 987/736/256 986/734/254
f 990/736/179 989/737/182 983/734/258
f 984/735/259 990/736/179 983/734/258
f 988/737/262 986/734/261 991/738/260
f 992/737/190 988/737/262 991/738/260
f 989/737/265 994/737/264 993/738/263
f 983/734/266 989/737/265 993/738/263
f 991/738/64 996/739/64 995/736/64
f 992/737/64 991/738/64 995/736/64
f 997/739/268 996/739/197 991/738/267
f 993/738/198 997/739/268 991/738/267
f 998/736/271 997/739/270 993/738/269
f 994/737/272 998/736/271 993/738/269
f 995/736/273 987/736/205 988/737/206
f 992/737/207 995/736/273 988/737/206
f 1001/715/276 1000/716/275 999/717/274
f 1002/715/277 1001/715/276 999/717/274
f 916/683/139 1004/719/279 1003/718/278
f 915/659/138 916/683/139 1003/718/278
f 960/742/282 1006/741/281 1005/740/280
f 963/743/283 960/742/282 1005/740/280
f 1005/740/69 1006/741/69 920/744/69
f 921/745/195 1005/740/69 920/744/69
f 920/744/286 873/747/285 872/746/284
f 921/745/287 920/744/286 872/746/284
f 873/747/64 960/742/64 963/743/64
f 872/746/125 873/747/64 963/743/64
f 921/745/290 872/746/289 963/743/288
f 1005/740/291 921/745/290 963/743/288
f 1006/741/294 960/742/293 873/747/292
f 920/744/295 1006/741/294 873/747/292
f 998/736/298 994/737/297 989/737/296
f 990/736/299 998/736/298 989/737/296
f 991/738/260 986/734/261 983/734/266
f 993/738/263 991/738/260 983/734/266
f 1003/718/301 1004/719/300 964/719/228
f 965/718/229 1003/718/301 964/719/228
f 1009/729/304 1008/728/303 1007/728/302
f 1010/729/305 1009/729/304 1007/728/302
f 976/696/247 977/695/248 1011/730/306
f 1012/731/307 976/696/247 1011/730/306
f 976/696/247 1012/731/307 928/683/308
f 975/693/246 976/696/247 928/683/308
f 975/693/246 928/683/308 1013/732/309
f 978/694/249 975/693/246 1013/732/309
f 978/694/249 1013/732/309 1011/730/306
f 977/695/248 978/694/249 1011/730/306
f 1010/729/305 1007/728/302 1012/731/307
f 1011/730/306 1010/729/305 1012/731/307
f 1007/728/302 1008/728/303 973/731/238
f 1012/731/310 1007/728/302 973/731/238
f 1010/729/305 1011/730/311 974/733/241
f 1009/729/304 1010/729/305 974/733/241
f 1009/729/304 974/733/241 973/731/238
f 1008/728/303 1009/729/304 973/731/238
f 1000/716/275 1001/715/276 928/683/167
f 1012/731/307 1000/716/275 928/683/167
f 1002/715/277 999/717/274 1004/719/312
f 916/683/165 1002/715/277 1004/719/312
f 1000/716/275 1012/731/313 1004/719/312
f 999/717/274 1000/716/275 1004/719/312
f 1002/715/277 916/683/165 928/683/167
f 1001/715/276 1002/715/277 928/683/167
f 980/698/251 1012/731/310 973/731/238
f 979/698/250 980/698/251 973/731/238
f 982/697/253 964/719/244 1004/719/312
f 981/697/252 982/697/253 1004/719/312
f 979/698/250 973/731/245 964/719/244
f 982/697/253 979/698/250 964/719/244
f 980/698/251 981/697/252 1004/719/312
f 1012/731/313 980/698/251 1004/719/312
f 1016/750/316 1015/749/315 1014/748/314
f 1017/751/317 1016/750/316 1014/748/314
f 1020/753/320 1019/753/319 1018/752/318
f 1021/754/321 1020/753/320 1018/752/318
f 1022/755/322 843/638/18 844/639/19
f 1023/756/322 1022/755/322 844/639/19
f 1024/757/324 1023/756/323 844/639/21
f 846/641/22 1024/757/324 844/639/21
f 843/638/25 1022/755/326 1025/758/325
f 849/644/28 843/638/25 1025/758/325
f 1026/759/329 1023/756/328 1024/757/327
f 1027/760/330 1026/759/329 1024/757/327
f 1029/762/333 1028/761/332 1025/758/331
f 1022/755/334 1029/762/333 1025/758/331
f 1026/759/336 1027/760/335 854/649/38
f 855/650/39 1026/759/336 854/649/38
f 1026/759/337 855/650/42 856/651/42
f 1029/762/338 1026/759/337 856/651/42
f 1029/762/339 856/651/44 857/652/45
f 1028/761/340 1029/762/339 857/652/45
f 1024/757/341 846/641/49 854/649/50
f 1027/760/342 1024/757/341 854/649/50
f 1032/765/345 1031/764/344 1030/763/343
f 1033/763/346 1032/765/345 1030/763/343
f 865/659/59 862/656/56 1034/766/347
f 1035/767/348 865/659/59 1034/766/347
f 866/770/349 1037/769/350 1036/768/349
f 869/771/350 866/770/349 1036/768/349
f 871/773/125 1038/772/64 1037/769/64
f 866/770/125 871/773/125 1037/769/64
f 872/775/353 1039/774/352 1038/772/351
f 871/773/354 872/775/353 1038/772/351
f 872/775/195 869/771/195 1036/768/69
f 1039/774/69 872/775/195 1036/768/69
f 869/771/357 872/775/356 871/773/355
f 866/770/358 869/771/357 871/773/355
f 1039/774/361 1036/768/360 1037/769/359
f 1038/772/362 1039/774/361 1037/769/359
f 1025/758/364 1028/761/363 857/652/80
f 849/644/81 1025/758/364 857/652/80
f 1022/755/334 1023/756/328 1026/759/329
f 1029/762/333 1022/755/334 1026/759/329
f 874/656/84 1040/766/366 1034/766/365
f 862/656/83 874/656/84 1034/766/365
f 1043/777/369 1042/777/368 1041/776/367
f 1044/776/370 1043/777/369 1041/776/367
f 1017/751/317 1045/778/371 880/670/89
f 1016/750/316 1017/751/317 880/670/89
f 1046/767/372 1045/778/371 1017/751/317
f 1014/748/314 1046/767/372 1017/751/317
f 883/672/92 1046/767/372 1014/748/314
f 1015/749/315 883/672/92 1014/748/314
f 880/670/89 883/672/92 1015/749/315
f 1016/750/316 880/670/89 1015/749/315
f 1042/777/368 880/670/89 1045/778/371
f 1041/776/367 1042/777/368 1045/778/371
f 1045/778/374 1047/778/373 1044/776/370
f 1041/776/367 1045/778/374 1044/776/370
f 885/670/95 880/670/96 1042/777/368
f 1043/777/369 885/670/95 1042/777/368
f 1047/778/373 885/670/95 1043/777/369
f 1044/776/370 1047/778/373 1043/777/369
f 1031/764/344 1045/778/371 1046/767/372
f 1030/763/343 1031/764/344 1046/767/372
f 1033/763/346 1035/767/376 1034/766/375
f 1032/765/345 1033/763/346 1034/766/375
f 1034/766/375 1045/778/377 1031/764/344
f 1032/765/345 1034/766/375 1031/764/344
f 1046/767/378 1035/767/376 1033/763/346
f 1030/763/343 1046/767/378 1033/763/346
f 1047/778/373 1045/778/374 1019/753/319
f 1020/753/320 1047/778/373 1019/753/319
f 1034/766/375 1040/766/379 1021/754/321
f 1018/752/318 1034/766/375 1021/754/321
f 1021/754/321 1040/766/379 1047/778/380
f 1020/753/320 1021/754/321 1047/778/380
f 1019/753/319 1045/778/377 1034/766/375
f 1018/752/318 1019/753/319 1034/766/375
f 1050/750/383 1049/751/382 1048/748/381
f 1051/779/384 1050/750/383 1048/748/381
f 1054/780/387 1053/753/386 1052/753/385
f 1055/754/388 1054/780/387 1052/753/385
f 894/676/111 895/676/18 1056/781/322
f 1057/781/322 894/676/111 1056/781/322
f 1058/782/195 899/679/69 894/676/69
f 1057/781/69 1058/782/195 894/676/69
f 1059/782/390 1056/781/389 895/676/116
f 901/679/117 1059/782/390 895/676/116
f 1058/782/393 1057/781/392 1060/783/391
f 1061/782/394 1058/782/393 1060/783/391
f 1059/782/396 1063/782/330 1062/783/395
f 1056/781/397 1059/782/396 1062/783/395
f 1060/783/64 906/681/64 907/679/64
f 1061/782/64 1060/783/64 907/679/64
f 908/681/126 906/681/42 1060/783/337
f 1062/783/338 908/681/126 1060/783/337
f 909/679/130 908/681/127 1062/783/398
f 1063/782/399 909/679/130 1062/783/398
f 907/679/131 899/679/132 1058/782/400
f 1061/782/401 907/679/131 1058/782/400
f 1066/763/404 1065/764/403 1064/765/402
f 1067/763/405 1066/763/404 1064/765/402
f 1068/766/406 914/656/137 915/659/138
f 1069/767/407 1068/766/406 915/659/138
f 1036/786/410 1070/785/409 919/784/408
f 869/787/411 1036/786/410 919/784/408
f 1070/785/69 1071/789/69 921/788/195
f 919/784/195 1070/785/69 921/788/195
f 1071/789/414 1039/791/413 872/790/412
f 921/788/415 1071/789/414 872/790/412
f 872/790/125 1039/791/64 1036/786/64
f 869/787/125 872/790/125 1036/786/64
f 921/788/418 872/790/417 869/787/416
f 919/784/419 921/788/418 869/787/416
f 1070/785/422 1036/786/421 1039/791/420
f 1071/789/423 1070/785/422 1039/791/420
f 909/679/80 1063/782/363 1059/782/364
f 901/679/81 909/679/80 1059/782/364
f 1060/783/391 1057/781/392 1056/781/397
f 1062/783/395 1060/783/391 1056/781/397
f 914/656/84 1068/766/424 1040/766/366
f 874/656/84 914/656/84 1040/766/366
f 1074/777/427 1073/776/426 1072/776/425
f 1075/777/428 1074/777/427 1072/776/425
f 1049/751/382 1050/750/383 926/670/158
f 1076/778/429 1049/751/382 926/670/158
f 1049/751/382 1076/778/429 1077/767/430
f 1048/748/381 1049/751/382 1077/767/430
f 1048/748/381 1077/767/430 929/692/161
f 1051/779/384 1048/748/381 929/692/161
f 1051/779/384 929/692/161 926/670/158
f 1050/750/383 1051/779/384 926/670/158
f 1075/777/428 1072/776/425 1076/778/429
f 926/670/158 1075/777/428 1076/778/429
f 1072/776/425 1073/776/426 1047/778/373
f 1076/778/431 1072/776/425 1047/778/373
f 1075/777/428 926/670/163 885/670/95
f 1074/777/427 1075/777/428 885/670/95
f 1074/777/427 885/670/95 1047/778/373
f 1073/776/426 1074/777/427 1047/778/373
f 1065/764/403 1066/763/404 1077/767/430
f 1076/778/429 1065/764/403 1077/767/430
f 1067/763/405 1064/765/402 1068/766/432
f 1069/767/433 1067/763/405 1068/766/432
f 1065/764/403 1076/778/434 1068/766/432
f 1064/765/402 1065/764/403 1068/766/432
f 1067/763/405 1069/767/433 1077/767/435
f 1066/763/404 1067/763/405 1077/767/435
f 1053/753/386 1076/778/431 1047/778/373
f 1052/753/385 1053/753/386 1047/778/373
f 1055/754/388 1040/766/379 1068/766/432
f 1054/780/387 1055/754/388 1068/766/432
f 1055/754/388 1052/753/385 1047/778/380
f 1040/766/379 1055/754/388 1047/778/380
f 1053/753/386 1054/780/387 1068/766/432
f 1076/778/434 1053/753/386 1068/766/432
f 1080/794/438 1079/793/437 1078/792/436
f 1081/795/439 1080/794/438 1078/792/436
f 1084/797/442 1083/796/441 1082/796/440
f 1085/797/443 1084/797/442 1082/796/440
f 938/699/176 939/700/177 1086/798/444
f 1087/799/445 938/699/176 1086/798/444
f 942/703/179 938/699/180 1087/799/446
f 1088/800/447 942/703/179 1087/799/446
f 944/705/185 1089/801/449 1086/798/448
f 939/700/184 944/705/185 1086/798/448
f 1088/800/452 1087/799/451 1090/802/450
f 1091/803/453 1088/800/452 1090/802/450
f 1089/801/456 1093/805/455 1092/804/454
f 1086/798/457 1089/801/456 1092/804/454
f 1090/802/69 951/712/69 950/711/69
f 1091/803/69 1090/802/69 950/711/69
f 952/713/196 951/712/197 1090/802/458
f 1092/804/459 952/713/196 1090/802/458
f 953/714/200 952/713/201 1092/804/460
f 1093/805/461 953/714/200 1092/804/460
f 950/711/204 942/703/205 1088/800/462
f 1091/803/463 950/711/204 1088/800/462
f 1096/808/466 1095/807/465 1094/806/464
f 1097/808/467 1096/808/466 1094/806/464
f 1098/809/468 958/718/212 865/659/59
f 1035/767/348 1098/809/468 865/659/59
f 1100/812/471 1099/811/470 962/810/469
f 963/813/472 1100/812/471 962/810/469
f 1099/811/64 1038/815/64 871/814/64
f 962/810/64 1099/811/64 871/814/64
f 1038/815/475 1039/817/474 872/816/473
f 871/814/476 1038/815/475 872/816/473
f 872/816/69 1039/817/69 1100/812/69
f 963/813/195 872/816/69 1100/812/69
f 871/814/479 872/816/478 963/813/477
f 962/810/480 871/814/479 963/813/477
f 1099/811/483 1100/812/482 1039/817/481
f 1038/815/484 1099/811/483 1039/817/481
f 953/714/205 1093/805/486 1089/801/485
f 944/705/205 953/714/205 1089/801/485
f 1090/802/450 1087/799/451 1086/798/457
f 1092/804/454 1090/802/450 1086/798/457
f 965/718/229 958/718/229 1098/809/487
f 1101/809/488 965/718/229 1098/809/487
f 1104/819/491 1103/818/490 1102/818/489
f 1105/819/492 1104/819/491 1102/818/489
f 1079/793/437 1080/794/438 970/730/234
f 1106/820/493 1079/793/437 970/730/234
f 1078/792/436 1079/793/437 1106/820/493
f 1046/767/494 1078/792/436 1106/820/493
f 1078/792/436 1046/767/494 972/732/237
f 1081/795/439 1078/792/436 972/732/237
f 1081/795/439 972/732/237 970/730/234
f 1080/794/438 1081/795/439 970/730/234
f 1105/819/492 1102/818/489 1106/820/493
f 970/730/234 1105/819/492 1106/820/493
f 1103/818/490 1107/820/496 1106/820/495
f 1102/818/489 1103/818/490 1106/820/495
f 1105/819/492 970/730/240 974/733/241
f 1104/819/491 1105/819/492 974/733/241
f 1104/819/491 974/733/241 1107/820/496
f 1103/818/490 1104/819/491 1107/820/496
f 1095/807/465 1096/808/466 1046/767/378
f 1106/820/493 1095/807/465 1046/767/378
f 1097/808/467 1094/806/464 1098/809/497
f 1035/767/376 1097/808/467 1098/809/497
f 1095/807/465 1106/820/498 1098/809/497
f 1094/806/464 1095/807/465 1098/809/497
f 1097/808/467 1035/767/376 1046/767/378
f 1096/808/466 1097/808/467 1046/767/378
f 1083/796/441 1106/820/495 1107/820/496
f 1082/796/440 1083/796/441 1107/820/496
f 1085/797/443 1101/809/499 1098/809/497
f 1084/797/442 1085/797/443 1098/809/497
f 1082/796/440 1107/820/500 1101/809/499
f 1085/797/443 1082/796/440 1101/809/499
f 1083/796/441 1084/797/442 1098/809/497
f 1106/820/498 1083/796/441 1098/809/497
f 1110/794/503 1109/795/502 1108/792/501
f 1111/793/504 1110/794/503 1108/792/501
f 1114/796/507 1113/796/506 1112/797/505
f 1115/797/508 1114/796/507 1112/797/505
f 1116/821/444 984/735/177 985/735/176
f 1117/821/445 1116/821/444 985/735/176
f 1117/821/509 985/735/255 987/736/256
f 1118/822/510 1117/821/509 987/736/256
f 990/736/179 984/735/259 1116/821/446
f 1119/822/447 990/736/179 1116/821/446
f 1120/823/513 1117/821/512 1118/822/511
f 1121/822/453 1120/823/513 1118/822/511
f 1123/823/516 1122/822/515 1119/822/514
f 1116/821/517 1123/823/516 1119/822/514
f 1120/823/64 1121/822/64 995/736/64
f 996/739/64 1120/823/64 995/736/64
f 1120/823/518 996/739/197 997/739/268
f 1123/823/519 1120/823/518 997/739/268
f 1123/823/520 997/739/270 998/736/271
f 1122/822/521 1123/823/520 998/736/271
f 1118/822/462 987/736/205 995/736/273
f 1121/822/463 1118/822/462 995/736/273
f 1126/806/524 1125/807/523 1124/824/522
f 1127/824/525 1126/806/524 1124/824/522
f 915/659/138 1003/718/278 1128/809/526
f 1069/767/407 915/659/138 1128/809/526
f 1005/827/529 1129/826/528 1100/825/527
f 963/828/530 1005/827/529 1100/825/527
f 921/830/69 1071/829/69 1129/826/69
f 1005/827/69 921/830/69 1129/826/69
f 872/832/531 1039/831/532 1071/829/531
f 921/830/532 872/832/531 1071/829/531
f 872/832/64 963/828/125 1100/825/64
f 1039/831/64 872/832/64 1100/825/64
f 963/828/535 872/832/534 921/830/533
f 1005/827/536 963/828/535 921/830/533
f 1039/831/539 1100/825/538 1129/826/537
f 1071/829/537 1039/831/539 1129/826/537
f 1119/822/462 1122/822/463 998/736/298
f 990/736/299 1119/822/462 998/736/298
f 1116/821/517 1117/821/512 1120/823/513
f 1123/823/516 1116/821/517 1120/823/513
f 1101/809/488 1128/809/487 1003/718/301
f 965/718/229 1101/809/488 1003/718/301
f 1132/819/542 1131/819/541 1130/818/540
f 1133/818/543 1132/819/542 1130/818/540
f 1111/793/504 1134/820/544 1011/730/306
f 1110/794/503 1111/793/504 1011/730/306
f 1108/792/501 1077/767/545 1134/820/544
f 1111/793/504 1108/792/501 1134/820/544
f 1013/732/309 1077/767/545 1108/792/501
f 1109/795/502 1013/732/309 1108/792/501
f 1011/730/306 1013/732/309 1109/795/502
f 1110/794/503 1011/730/306 1109/795/502
f 1131/819/541 1011/730/306 1134/820/544
f 1130/818/540 1131/819/541 1134/820/544
f 1130/818/540 1134/820/546 1107/820/496
f 1133/818/543 1130/818/540 1107/820/496
f 974/733/241 1011/730/311 1131/819/541
f 1132/819/542 974/733/241 1131/819/541
f 1107/820/496 974/733/241 1132/819/542
f 1133/818/543 1107/820/496 1132/819/542
f 1125/807/523 1134/820/544 1077/767/435
f 1124/824/522 1125/807/523 1077/767/435
f 1127/824/525 1069/767/433 1128/809/547
f 1126/806/524 1127/824/525 1128/809/547
f 1128/809/547 1134/820/548 1125/807/523
f 1126/806/524 1128/809/547 1125/807/523
f 1077/767/435 1069/767/433 1127/824/525
f 1124/824/522 1077/767/435 1127/824/525
f 1107/820/496 1134/820/546 1113/796/506
f 1114/796/507 1107/820/496 1113/796/506
f 1128/809/547 1101/809/499 1115/797/508
f 1112/797/505 1128/809/547 1115/797/508
f 1101/809/499 1107/820/500 1114/796/507
f 1115/797/508 1101/809/499 1114/796/507
f 1113/796/506 1134/820/548 1128/809/547
f 1112/797/505 1113/796/506 1128/809/547
f 1135/833/549 829/625/4 830/626/5
f 1136/834/550 1135/833/549 830/626/5
f 1138/836/553 1137/835/552 829/625/551
f 1135/833/554 1138/836/553 829/625/551
f 1141/839/753 1140/838/752 1139/837/555
f 1137/835/552 1141/839/753 1139/837/555
f 1144/842/756 1143/841/755 1142/840/754
f 1145/843/561 1144/842/756 1142/840/754
f 1146/844/564 826/622/757 1144/842/562
f 1145/843/565 1146/844/564 1144/842/562
f 1147/845/566 1146/844/564 1145/843/565
f 1148/846/567 1147/845/566 1145/843/565
f 1145/843/561 1142/840/754 1138/836/568
f 1148/846/569 1145/843/561 1138/836/568
f 1146/844/564 1147/845/566 1139/837/570
f 1140/838/758 1146/844/564 1139/837/570
f 1143/841/760 827/623/759 1141/839/753
f 1142/840/761 1143/841/760 1141/839/753
f 1148/846/569 1138/836/568 1135/833/575
f 1136/834/576 1148/846/569 1135/833/575
f 830/626/577 1147/845/566 1148/846/567
f 1136/834/578 830/626/577 1148/846/567
f 1137/835/552 1139/837/555 828/624/3
f 829/625/4 1137/835/552 828/624/3
f 1142/840/761 1141/839/753 1137/835/552
f 1138/836/553 1142/840/761 1137/835/552
f 826/622/757 1146/844/564 1140/838/758
f 825/621/762 826/622/757 1140/838/758
f 827/623/759 825/621/763 1140/838/752
f 1141/839/753 827/623/759 1140/838/752
f 1147/845/566 830/626/5 828/624/3
f 1139/837/570 1147/845/566 828/624/3
f 1150/848/583 1149/847/582 833/629/8
f 831/627/6 1150/848/583 833/629/8
f 1151/849/586 1150/848/585 831/627/584
f 1152/850/587 1151/849/586 831/627/584
f 1155/853/590 1154/852/765 1153/851/764
f 1152/850/587 1155/853/590 1153/851/764
f 1156/854/766 1143/841/755 1144/842/756
f 1157/855/592 1156/854/766 1144/842/756
f 1144/842/562 826/622/757 1158/856/593
f 1157/855/594 1144/842/562 1158/856/593
f 1157/855/594 1158/856/593 1159/857/595
f 1160/858/596 1157/855/594 1159/857/595
f 1151/849/597 1156/854/766 1157/855/592
f 1160/858/598 1151/849/597 1157/855/592
f 1158/856/593 1154/852/767 1155/853/599
f 1159/857/595 1158/856/593 1155/853/599
f 1143/841/760 1156/854/768 1153/851/764
f 827/623/759 1143/841/760 1153/851/764
f 1150/848/602 1151/849/597 1160/858/598
f 1149/847/603 1150/848/602 1160/858/598
f 1160/858/596 1159/857/595 833/629/604
f 1149/847/605 1160/858/596 833/629/604
f 832/628/7 1155/853/590 1152/850/587
f 831/627/6 832/628/7 1152/850/587
f 1156/854/768 1151/849/586 1152/850/587
f 1153/851/764 1156/854/768 1152/850/587
f 826/622/757 825/621/769 1154/852/767
f 1158/856/593 826/622/757 1154/852/767
f 1154/852/765 825/621/770 827/623/759
f 1153/851/764 1154/852/765 827/623/759
f 1159/857/595 1155/853/599 832/628/7
f 833/629/8 1159/857/595 832/628/7
f 1163/860/609 1162/860/610 1161/859/609
f 1164/859/610 1163/860/609 1161/859/609
f 1162/860/613 1166/862/612 1165/861/611
f 1161/859/614 1162/860/613 1165/861/611
f 1166/862/615 1168/862/616 1167/861/615
f 1165/861/616 1166/862/615 1167/861/615
f 1167/861/619 1168/862/618 1163/860/617
f 1164/859/620 1167/861/619 1163/860/617
f 1165/861/623 1167/861/622 1164/859/621
f 1161/859/624 1165/861/623 1164/859/621
f 1162/860/627 1163/860/626 1168/862/625
f 1166/862/626 1162/860/627 1168/862/625
f 1171/865/630 1170/864/629 1169/863/628
f 1172/866/631 1171/865/630 1169/863/628
f 1169/863/628 1170/864/629 1173/867/632
f 1174/868/633 1169/863/628 1173/867/632
f 1173/867/632 1176/870/635 1175/869/634
f 1174/868/633 1173/867/632 1175/869/634
f 1176/870/635 1178/872/637 1177/871/636
f 1175/869/634 1176/870/635 1177/871/636
f 1178/872/637 1180/874/639 1179/873/638
f 1177/871/636 1178/872/637 1179/873/638
f 1180/874/639 1182/876/641 1181/875/640
f 1179/873/638 1180/874/639 1181/875/640
f 1181/875/640 1182/876/641 1183/877/642
f 1184/878/643 1181/875/640 1183/877/642
f 1184/878/643 1183/877/642 1185/879/644
f 1186/880/645 1184/878/643 1185/879/644
f 1185/879/644 1188/882/647 1187/881/646
f 1186/880/645 1185/879/644 1187/881/646
f 1187/881/646 1188/882/647 1189/883/648
f 1190/884/649 1187/881/646 1189/883/648
f 1178/872/652 1192/886/651 1191/885/650
f 1180/874/653 1178/872/652 1191/885/650
f 1189/883/648 1194/888/655 1193/887/654
f 1190/884/649 1189/883/648 1193/887/654
f 1193/887/654 1194/888/655 1171/865/630
f 1172/866/631 1193/887/654 1171/865/630
f 1194/888/658 1196/890/657 1195/889/656
f 1171/865/659 1194/888/658 1195/889/656
f 1183/877/662 1182/876/661 1197/891/660
f 1198/892/663 1183/877/662 1197/891/660
f 1173/867/666 1170/864/665 1199/893/664
f 1200/894/667 1173/867/666 1199/893/664
f 1188/882/670 1185/879/669 1201/895/668
f 1202/896/671 1188/882/670 1201/895/668
f 1176/870/673 1203/897/672 1192/886/651
f 1178/872/652 1176/870/673 1192/886/651
f 1195/889/676 1205/899/675 1204/898/674
f 1199/893/677 1195/889/676 1204/898/674
f 1196/890/679 1206/900/678 1205/899/675
f 1195/889/676 1196/890/679 1205/899/675
f 1203/897/682 1208/902/681 1207/901/680
f 1192/886/683 1203/897/682 1207/901/680
f 1191/885/684 1192/886/683 1207/901/680
f 1209/903/685 1191/885/684 1207/901/680
f 1197/891/686 1191/885/684 1209/903/685
f 1210/904/687 1197/891/686 1209/903/685
f 1198/892/688 1197/891/686 1210/904/687
f 1211/905/689 1198/892/688 1210/904/687
f 1203/897/682 1200/894/691 1212/906/690
f 1208/902/681 1203/897/682 1212/906/690
f 1214/908/693 1213/907/692 1206/900/678
f 1196/890/679 1214/908/693 1206/900/678
f 1199/893/677 1204/898/674 1212/906/690
f 1200/894/691 1199/893/677 1212/906/690
f 1214/908/693 1202/896/695 1215/909/694
f 1213/907/692 1214/908/693 1215/909/694
f 1201/895/697 1216/910/696 1215/909/694
f 1202/896/695 1201/895/697 1215/909/694
f 1201/895/697 1198/892/688 1211/905/689
f 1216/910/696 1201/895/697 1211/905/689
f 1188/882/670 1202/896/671 1214/908/698
f 1189/883/699 1188/882/670 1214/908/698
f 1176/870/673 1173/867/666 1200/894/667
f 1203/897/672 1176/870/673 1200/894/667
f 1185/879/669 1183/877/662 1198/892/663
f 1201/895/668 1185/879/669 1198/892/663
f 1170/864/665 1171/865/659 1195/889/656
f 1199/893/664 1170/864/665 1195/889/656
f 1180/874/653 1191/885/650 1197/891/660
f 1182/876/661 1180/874/653 1197/891/660
f 1189/883/699 1214/908/698 1196/890/657
f 1194/888/658 1189/883/699 1196/890/657
f 1219/913/702 1218/912/701 1217/911/700
f 1220/914/703 1219/913/702 1217/911/700
f 1223/917/706 1222/916/705 1221/915/704
f 1224/918/707 1223/917/706 1221/915/704
f 1225/919/710 1218/912/709 1222/916/708
f 1223/917/711 1225/919/710 1222/916/708
f 1228/922/714 1227/921/713 1226/920/712
f 1229/923/715 1228/922/714 1226/920/712
f 1231/925/718 1225/919/717 1230/924/716
f 1232/926/719 1231/925/718 1230/924/716
f 1220/914/703 1217/911/700 1228/922/714
f 1229/923/715 1220/914/703 1228/922/714
f 1232/926/719 1226/920/712 1227/921/713
f 1231/925/718 1232/926/719 1227/921/713
f 1224/918/707 1230/924/716 1225/919/717
f 1223/917/706 1224/918/707 1225/919/717
f 1218/912/701 1219/913/702 1221/915/704
f 1222/916/705 1218/912/701 1221/915/704
f 1232/926/722 1220/914/721 1229/923/720
f 1226/920/720 1232/926/722 1229/923/720
f 1232/926/722 1230/924/724 1219/913/723
f 1220/914/721 1232/926/722 1219/913/723
f 1230/924/724 1224/918/726 1221/915/725
f 1219/913/723 1230/924/724 1221/915/725
f 1231/925/729 1227/921/728 1228/922/727
f 1217/911/730 1231/925/729 1228/922/727
f 1225/919/710 1231/925/729 1217/911/730
f 1218/912/709 1225/919/710 1217/911/730
g item_blade
f 1235/929/773 1234/928/772 1233/927/771
f 1236/930/774 1235/929/773 1233/927/771
f 1237/928/775 1235/929/773 1236/930/774
f 1238/927/776 1237/928/775 1236/930/774
f 1239/931/777 1237/928/775 1238/927/776
f 1240/932/778 1239/931/777 1238/927/776
f 1234/928/772 1239/931/777 1240/932/778
f 1233/927/771 1234/928/772 1240/932/778
f 1240/932/778 1238/927/776 1236/930/774
f 1233/927/771 1240/932/778 1236/930/774
f 1241/933/781 1234/928/780 1235/929/779
f 1242/934/782 1241/933/781 1235/929/779
f 1242/934/782 1235/929/779 1237/928/783
f 1243/933/784 1242/934/782 1237/928/783
f 1243/933/784 1237/928/783 1239/931/785
f 1244/935/786 1243/933/784 1239/931/785
f 1244/935/786 1239/931/785 1234/928/780
f 1241/933/781 1244/935/786 1234/928/780
f 1242/934/782 1243/933/784 1244/935/786
f 1241/933/781 1242/934/782 1244/935/786
f 1247/938/787 1246/937/787 1245/936/787
f 1250/941/790 1249/940/789 1248/939/788
f 1253/944/793 1252/943/792 1251/942/791
f 1256/947/796 1255/946/795 1254/945/794
f 1257/948/797 1256/947/796 1254/945/794
f 1260/951/800 1259/950/799 1258/949/798
f 1261/952/801 1260/951/800 1258/949/798
f 1264/955/804 1263/954/803 1262/953/802
f 1265/956/805 1264/955/804 1262/953/802
f 1267/958/808 1266/957/807 1264/955/806
f 1265/956/809 1267/958/808 1264/955/806
f 1268/959/69 1262/953/69 1263/954/69
f 1269/960/69 1268/959/69 1263/954/69
f 1267/958/812 1265/956/811 1270/961/810
f 1271/962/813 1267/958/812 1270/961/810
f 1268/959/815 1273/964/813 1272/963/814
f 1262/953/816 1268/959/815 1272/963/814
f 1275/966/69 1274/965/69 1271/962/69
f 1270/961/69 1275/966/69 1271/962/69
f 1276/967/819 1275/966/818 1270/961/817
f 1272/963/820 1276/967/819 1270/961/817
f 1273/964/823 1277/968/822 1276/967/821
f 1272/963/824 1273/964/823 1276/967/821
f 1274/965/827 1266/957/826 1267/958/825
f 1271/962/828 1274/965/827 1267/958/825
f 1280/971/831 1279/970/830 1278/969/829
f 1281/972/832 1280/971/831 1278/969/829
f 1284/975/835 1283/974/834 1282/973/833
f 1285/976/836 1284/975/835 1282/973/833
f 1288/979/837 1287/978/837 1286/977/837
f 1289/980/837 1288/979/837 1286/977/837
f 1286/977/64 1287/978/64 1290/981/64
f 1291/982/125 1286/977/64 1290/981/64
f 1290/981/840 1293/984/839 1292/983/838
f 1291/982/841 1290/981/840 1292/983/838
f 1293/984/69 1288/979/69 1289/980/69
f 1292/983/69 1293/984/69 1289/980/69
f 1291/982/844 1292/983/843 1289/980/842
f 1286/977/845 1291/982/844 1289/980/842
f 1287/978/846 1288/979/846 1293/984/846
f 1290/981/846 1287/978/846 1293/984/846
f 1277/968/827 1273/964/825 1268/959/847
f 1269/960/848 1277/968/827 1268/959/847
f 1270/961/810 1265/956/811 1262/953/816
f 1272/963/814 1270/961/810 1262/953/816
f 1294/985/850 1282/973/826 1283/974/849
f 1295/986/851 1294/985/850 1283/974/849
f 1298/989/854 1297/988/853 1296/987/852
f 1299/990/855 1298/989/854 1296/987/852
f 1255/946/795 1256/947/796 1300/991/856
f 1301/992/857 1255/946/795 1300/991/856
f 1255/946/795 1301/992/857 1302/993/858
f 1254/945/794 1255/946/795 1302/993/858
f 1254/945/794 1302/993/858 1303/994/859
f 1257/948/797 1254/945/794 1303/994/859
f 1257/948/797 1303/994/859 1300/991/856
f 1256/947/796 1257/948/797 1300/991/856
f 1299/990/855 1296/987/852 1301/992/857
f 1300/991/856 1299/990/855 1301/992/857
f 1297/988/853 1304/995/861 1301/992/860
f 1296/987/852 1297/988/853 1301/992/860
f 1299/990/855 1300/991/863 1305/996/862
f 1298/989/854 1299/990/855 1305/996/862
f 1298/989/854 1305/996/862 1304/995/861
f 1297/988/853 1298/989/854 1304/995/861
f 1279/970/830 1280/971/831 1302/993/858
f 1301/992/857 1279/970/830 1302/993/858
f 1281/972/832 1278/969/829 1283/974/864
f 1284/975/865 1281/972/832 1283/974/864
f 1279/970/830 1301/992/866 1283/974/864
f 1278/969/829 1279/970/830 1283/974/864
f 1281/972/832 1284/975/865 1302/993/867
f 1280/971/831 1281/972/832 1302/993/867
f 1259/950/799 1301/992/860 1304/995/861
f 1258/949/798 1259/950/799 1304/995/861
f 1261/952/801 1295/986/868 1283/974/864
f 1260/951/800 1261/952/801 1283/974/864
f 1261/952/801 1258/949/798 1304/995/869
f 1295/986/868 1261/952/801 1304/995/869
f 1259/950/799 1260/951/800 1283/974/864
f 1301/992/866 1259/950/799 1283/974/864
f 1308/999/872 1307/998/871 1306/997/870
f 1309/1000/873 1308/999/872 1306/997/870
f 1312/1003/876 1311/1002/875 1310/1001/874
f 1313/1004/877 1312/1003/876 1310/1001/874
f 1316/1006/878 1315/1005/803 1314/1005/804
f 1317/1006/805 1316/1006/878 1314/1005/804
f 1318/1007/881 1317/1006/880 1314/1005/879
f 1319/1008/882 1318/1007/881 1314/1005/879
f 1315/1005/64 1316/1006/64 1320/1007/64
f 1321/1008/64 1315/1005/64 1320/1007/64
f 1322/1009/885 1317/1006/884 1318/1007/883
f 1323/1007/886 1322/1009/885 1318/1007/883
f 1325/1009/888 1324/1007/886 1320/1007/887
f 1316/1006/889 1325/1009/888 1320/1007/887
f 1323/1007/64 1327/1008/64 1326/1010/64
f 1322/1009/64 1323/1007/64 1326/1010/64
f 1322/1009/820 1326/1010/891 1328/1010/890
f 1325/1009/817 1322/1009/820 1328/1010/890
f 1324/1007/69 1325/1009/69 1328/1010/69
f 1329/1008/69 1324/1007/69 1328/1010/69
f 1318/1007/847 1319/1008/848 1327/1008/827
f 1323/1007/825 1318/1007/847 1327/1008/827
f 1332/1013/894 1331/1012/893 1330/1011/892
f 1333/1014/895 1332/1013/894 1330/1011/892
f 1336/1017/898 1335/1016/897 1334/1015/896
f 1337/1018/899 1336/1017/898 1334/1015/896
f 1339/1021/900 1338/1020/837 1288/1019/900
f 1289/1022/837 1339/1021/900 1288/1019/900
f 1339/1021/69 1341/1024/69 1340/1023/69
f 1338/1020/69 1339/1021/69 1340/1023/69
f 1292/1026/901 1293/1025/839 1340/1023/901
f 1341/1024/839 1292/1026/901 1340/1023/901
f 1289/1022/64 1288/1019/64 1293/1025/64
f 1292/1026/64 1289/1022/64 1293/1025/64
f 1289/1022/902 1292/1026/903 1341/1024/902
f 1339/1021/903 1289/1022/902 1341/1024/902
f 1293/1025/846 1288/1019/846 1338/1020/846
f 1340/1023/846 1293/1025/846 1338/1020/846
f 1320/1007/828 1324/1007/825 1329/1008/850
f 1321/1008/826 1320/1007/828 1329/1008/850
f 1316/1006/889 1317/1006/884 1322/1009/885
f 1325/1009/888 1316/1006/889 1322/1009/885
f 1295/986/851 1337/1018/904 1334/1015/850
f 1294/985/850 1295/986/851 1334/1015/850
f 1344/1029/907 1343/1028/906 1342/1027/905
f 1345/1030/908 1344/1029/907 1342/1027/905
f 1309/1000/873 1347/1032/910 1346/1031/909
f 1308/999/872 1309/1000/873 1346/1031/909
f 1348/1033/911 1347/1032/910 1309/1000/873
f 1306/997/870 1348/1033/911 1309/1000/873
f 1349/1034/912 1348/1033/911 1306/997/870
f 1307/998/871 1349/1034/912 1306/997/870
f 1346/1031/909 1349/1034/912 1307/998/871
f 1308/999/872 1346/1031/909 1307/998/871
f 1343/1028/906 1346/1031/909 1347/1032/910
f 1342/1027/905 1343/1028/906 1347/1032/910
f 1342/1027/905 1347/1032/913 1304/995/861
f 1345/1030/908 1342/1027/905 1304/995/861
f 1305/996/862 1346/1031/914 1343/1028/906
f 1344/1029/907 1305/996/862 1343/1028/906
f 1304/995/861 1305/996/862 1344/1029/907
f 1345/1030/908 1304/995/861 1344/1029/907
f 1331/1012/893 1347/1032/910 1348/1033/911
f 1330/1011/892 1331/1012/893 1348/1033/911
f 1333/1014/895 1336/1017/916 1337/1018/915
f 1332/1013/894 1333/1014/895 1337/1018/915
f 1337/1018/915 1347/1032/917 1331/1012/893
f 1332/1013/894 1337/1018/915 1331/1012/893
f 1348/1033/918 1336/1017/916 1333/1014/895
f 1330/1011/892 1348/1033/918 1333/1014/895
f 1304/995/861 1347/1032/913 1311/1002/875
f 1312/1003/876 1304/995/861 1311/1002/875
f 1337/1018/915 1295/986/868 1313/1004/877
f 1310/1001/874 1337/1018/915 1313/1004/877
f 1313/1004/877 1295/986/868 1304/995/869
f 1312/1003/876 1313/1004/877 1304/995/869
f 1311/1002/875 1347/1032/917 1337/1018/915
f 1310/1001/874 1311/1002/875 1337/1018/915
f 1352/1037/921 1351/1036/920 1350/1035/919
f 1353/1038/922 1352/1037/921 1350/1035/919
f 1356/1041/925 1355/1040/924 1354/1039/923
f 1357/1042/926 1356/1041/925 1354/1039/923
f 1360/1044/929 1359/1043/928 1358/1043/927
f 1361/1044/930 1360/1044/929 1358/1043/927
f 1361/1044/933 1358/1043/932 1362/1045/931
f 1363/1046/934 1361/1044/933 1362/1045/931
f 1364/1045/69 1359/1043/69 1360/1044/69
f 1365/1046/69 1364/1045/69 1360/1044/69
f 1366/1047/937 1361/1044/936 1363/1046/935
f 1367/1046/938 1366/1047/937 1363/1046/935
f 1369/1047/940 1368/1046/938 1365/1046/939
f 1360/1044/941 1369/1047/940 1365/1046/939
f 1366/1047/69 1367/1046/69 1370/1045/69
f 1371/1048/69 1366/1047/69 1370/1045/69
f 1366/1047/944 1371/1048/943 1372/1048/942
f 1369/1047/945 1366/1047/944 1372/1048/942
f 1369/1047/64 1372/1048/64 1373/1045/64
f 1368/1046/64 1369/1047/64 1373/1045/64
f 1363/1046/948 1362/1045/947 1370/1045/946
f 1367/1046/949 1363/1046/948 1370/1045/946
f 1376/1051/952 1375/1050/951 1374/1049/950
f 1377/1052/953 1376/1051/952 1374/1049/950
f 1284/975/835 1285/976/836 1378/1053/69
f 1379/1054/69 1284/975/835 1378/1053/69
f 1382/1057/954 1381/1056/955 1380/1055/954
f 1383/1058/955 1382/1057/954 1380/1055/954
f 1382/1057/64 1291/1060/64 1290/1059/64
f 1381/1056/64 1382/1057/64 1290/1059/64
f 1292/1062/958 1293/1061/957 1290/1059/956
f 1291/1060/959 1292/1062/958 1290/1059/956
f 1383/1058/69 1380/1055/69 1293/1061/69
f 1292/1062/69 1383/1058/69 1293/1061/69
f 1383/1058/962 1292/1062/961 1291/1060/960
f 1382/1057/963 1383/1058/962 1291/1060/960
f 1293/1061/964 1380/1055/965 1381/1056/964
f 1290/1059/965 1293/1061/964 1381/1056/964
f 1365/1046/966 1368/1046/949 1373/1045/946
f 1364/1045/947 1365/1046/966 1373/1045/946
f 1360/1044/941 1361/1044/936 1366/1047/937
f 1369/1047/940 1360/1044/941 1366/1047/937
f 1385/1064/969 1384/1063/968 1379/1054/967
f 1378/1053/970 1385/1064/969 1379/1054/967
f 1388/1067/973 1387/1066/972 1386/1065/971
f 1389/1068/974 1388/1067/973 1386/1065/971
f 1353/1038/922 1391/1070/976 1390/1069/975
f 1352/1037/921 1353/1038/922 1390/1069/975
f 1302/993/977 1391/1070/976 1353/1038/922
f 1350/1035/919 1302/993/977 1353/1038/922
f 1392/1071/978 1302/993/977 1350/1035/919
f 1351/1036/920 1392/1071/978 1350/1035/919
f 1390/1069/975 1392/1071/978 1351/1036/920
f 1352/1037/921 1390/1069/975 1351/1036/920
f 1387/1066/972 1390/1069/975 1391/1070/976
f 1386/1065/971 1387/1066/972 1391/1070/976
f 1391/1070/980 1393/1072/979 1389/1068/974
f 1386/1065/971 1391/1070/980 1389/1068/974
f 1394/1073/982 1390/1069/981 1387/1066/972
f 1388/1067/973 1394/1073/982 1387/1066/972
f 1393/1072/979 1394/1073/982 1388/1067/973
f 1389/1068/974 1393/1072/979 1388/1067/973
f 1375/1050/951 1391/1070/976 1302/993/867
f 1374/1049/950 1375/1050/951 1302/993/867
f 1377/1052/953 1284/975/865 1379/1054/983
f 1376/1051/952 1377/1052/953 1379/1054/983
f 1379/1054/983 1391/1070/984 1375/1050/951
f 1376/1051/952 1379/1054/983 1375/1050/951
f 1302/993/867 1284/975/865 1377/1052/953
f 1374/1049/950 1302/993/867 1377/1052/953
f 1393/1072/979 1391/1070/980 1355/1040/924
f 1356/1041/925 1393/1072/979 1355/1040/924
f 1379/1054/983 1384/1063/985 1357/1042/926
f 1354/1039/923 1379/1054/983 1357/1042/926
f 1384/1063/985 1393/1072/986 1356/1041/925
f 1357/1042/926 1384/1063/985 1356/1041/925
f 1355/1040/924 1391/1070/984 1379/1054/983
f 1354/1039/923 1355/1040/924 1379/1054/983
f 1397/1076/989 1396/1075/988 1395/1074/987
f 1398/1077/990 1397/1076/989 1395/1074/987
f 1401/1080/993 1400/1079/992 1399/1078/991
f 1402/1081/994 1401/1080/993 1399/1078/991
f 1405/1083/997 1404/1083/996 1403/1082/995
f 1406/1082/995 1405/1083/997 1403/1082/995
f 1407/1084/69 1405/1083/69 1406/1082/69
f 1408/1085/69 1407/1084/69 1406/1082/69
f 1410/1084/1000 1409/1085/999 1403/1082/998
f 1404/1083/1001 1410/1084/1000 1403/1082/998
f 1408/1085/1004 1406/1082/1003 1411/1086/1002
f 1412/1085/938 1408/1085/1004 1411/1086/1002
f 1409/1085/1006 1414/1085/938 1413/1086/1005
f 1403/1082/1007 1409/1085/1006 1413/1086/1005
f 1411/1086/64 1416/1087/64 1415/1084/64
f 1412/1085/64 1411/1086/64 1415/1084/64
f 1417/1087/1009 1416/1087/943 1411/1086/1008
f 1413/1086/944 1417/1087/1009 1411/1086/1008
f 1418/1084/69 1417/1087/69 1413/1086/69
f 1414/1085/69 1418/1084/69 1413/1086/69
f 1415/1084/1011 1407/1084/947 1408/1085/1010
f 1412/1085/949 1415/1084/1011 1408/1085/1010
f 1421/1090/1014 1420/1089/1013 1419/1088/1012
f 1422/1091/1015 1421/1090/1014 1419/1088/1012
f 1336/1017/898 1424/1093/1017 1423/1092/1016
f 1335/1016/897 1336/1017/898 1423/1092/1016
f 1380/1096/954 1426/1095/954 1425/1094/954
f 1383/1097/954 1380/1096/954 1425/1094/954
f 1425/1094/69 1426/1095/69 1340/1098/69
f 1341/1099/69 1425/1094/69 1340/1098/69
f 1340/1098/1018 1293/1101/957 1292/1100/1018
f 1341/1099/957 1340/1098/1018 1292/1100/1018
f 1293/1101/64 1380/1096/64 1383/1097/64
f 1292/1100/64 1293/1101/64 1383/1097/64
f 1341/1099/1019 1292/1100/1020 1383/1097/1019
f 1425/1094/1020 1341/1099/1019 1383/1097/1019
f 1426/1095/965 1380/1096/964 1293/1101/965
f 1340/1098/964 1426/1095/965 1293/1101/965
f 1418/1084/1023 1414/1085/1022 1409/1085/1021
f 1410/1084/947 1418/1084/1023 1409/1085/1021
f 1411/1086/1002 1406/1082/1003 1403/1082/1007
f 1413/1086/1005 1411/1086/1002 1403/1082/1007
f 1423/1092/969 1424/1093/1024 1384/1063/968
f 1385/1064/969 1423/1092/969 1384/1063/968
f 1429/1104/1027 1428/1103/1026 1427/1102/1025
f 1430/1105/1028 1429/1104/1027 1427/1102/1025
f 1396/1075/988 1397/1076/989 1431/1106/1029
f 1432/1107/1030 1396/1075/988 1431/1106/1029
f 1396/1075/988 1432/1107/1030 1348/1033/1031
f 1395/1074/987 1396/1075/988 1348/1033/1031
f 1395/1074/987 1348/1033/1031 1433/1108/1032
f 1398/1077/990 1395/1074/987 1433/1108/1032
f 1398/1077/990 1433/1108/1032 1431/1106/1029
f 1397/1076/989 1398/1077/990 1431/1106/1029
f 1430/1105/1028 1427/1102/1025 1432/1107/1030
f 1431/1106/1029 1430/1105/1028 1432/1107/1030
f 1427/1102/1025 1428/1103/1026 1393/1072/979
f 1432/1107/1033 1427/1102/1025 1393/1072/979
f 1430/1105/1028 1431/1106/1034 1394/1073/982
f 1429/1104/1027 1430/1105/1028 1394/1073/982
f 1429/1104/1027 1394/1073/982 1393/1072/979
f 1428/1103/1026 1429/1104/1027 1393/1072/979
f 1420/1089/1013 1421/1090/1014 1348/1033/918
f 1432/1107/1030 1420/1089/1013 1348/1033/918
f 1422/1091/1015 1419/1088/1012 1424/1093/1035
f 1336/1017/916 1422/1091/1015 1424/1093/1035
f 1420/1089/1013 1432/1107/1036 1424/1093/1035
f 1419/1088/1012 1420/1089/1013 1424/1093/1035
f 1422/1091/1015 1336/1017/916 1348/1033/918
f 1421/1090/1014 1422/1091/1015 1348/1033/918
f 1400/1079/992 1432/1107/1033 1393/1072/979
f 1399/1078/991 1400/1079/992 1393/1072/979
f 1402/1081/994 1384/1063/985 1424/1093/1035
f 1401/1080/993 1402/1081/994 1424/1093/1035
f 1399/1078/991 1393/1072/986 1384/1063/985
f 1402/1081/994 1399/1078/991 1384/1063/985
f 1400/1079/992 1401/1080/993 1424/1093/1035
f 1432/1107/1036 1400/1079/992 1424/1093/1035
f 1436/1111/1039 1435/1110/1038 1434/1109/1037
f 1437/1112/1040 1436/1111/1039 1434/1109/1037
f 1440/1115/1043 1439/1114/1042 1438/1113/1041
f 1441/1116/1044 1440/1115/1043 1438/1113/1041
f 1442/1117/1045 1263/954/803 1264/955/804
f 1443/1118/1046 1442/1117/1045 1264/955/804
f 1444/1119/1048 1443/1118/1047 1264/955/806
f 1266/957/807 1444/1119/1048 1264/955/806
f 1263/954/69 1442/1117/69 1445/1120/195
f 1269/960/69 1263/954/69 1445/1120/195
f 1446/1121/1051 1443/1118/1050 1444/1119/1049
f 1447/1122/1052 1446/1121/1051 1444/1119/1049
f 1449/1124/1055 1448/1123/1054 1445/1120/1053
f 1442/1117/1056 1449/1124/1055 1445/1120/1053
f 1446/1121/69 1447/1122/195 1274/965/69
f 1275/966/69 1446/1121/69 1274/965/69
f 1446/1121/1057 1275/966/818 1276/967/819
f 1449/1124/1058 1446/1121/1057 1276/967/819
f 1449/1124/1059 1276/967/821 1277/968/822
f 1448/1123/1060 1449/1124/1059 1277/968/822
f 1444/1119/1061 1266/957/826 1274/965/827
f 1447/1122/1062 1444/1119/1061 1274/965/827
f 1452/1127/1065 1451/1126/1064 1450/1125/1063
f 1453/1128/1066 1452/1127/1065 1450/1125/1063
f 1285/976/836 1282/973/833 1454/1129/1067
f 1455/1130/1068 1285/976/836 1454/1129/1067
f 1286/1133/1069 1457/1132/1069 1456/1131/1069
f 1289/1134/1069 1286/1133/1069 1456/1131/1069
f 1291/1136/64 1458/1135/64 1457/1132/125
f 1286/1133/64 1291/1136/64 1457/1132/125
f 1292/1138/1071 1459/1137/904 1458/1135/1070
f 1291/1136/1072 1292/1138/1071 1458/1135/1070
f 1292/1138/69 1289/1134/69 1456/1131/195
f 1459/1137/69 1292/1138/69 1456/1131/195
f 1289/1134/1075 1292/1138/1074 1291/1136/1073
f 1286/1133/1076 1289/1134/1075 1291/1136/1073
f 1459/1137/1077 1456/1131/1077 1457/1132/1077
f 1458/1135/1077 1459/1137/1077 1457/1132/1077
f 1445/1120/1078 1448/1123/1062 1277/968/827
f 1269/960/848 1445/1120/1078 1277/968/827
f 1442/1117/1056 1443/1118/1050 1446/1121/1051
f 1449/1124/1055 1442/1117/1056 1446/1121/1051
f 1294/985/850 1460/1139/1079 1454/1129/1079
f 1282/973/826 1294/985/850 1454/1129/1079
f 1463/1142/1082 1462/1141/1081 1461/1140/1080
f 1464/1143/1083 1463/1142/1082 1461/1140/1080
f 1437/1112/1040 1465/1144/1084 1300/991/856
f 1436/1111/1039 1437/1112/1040 1300/991/856
f 1466/1145/1085 1465/1144/1084 1437/1112/1040
f 1434/1109/1037 1466/1145/1085 1437/1112/1040
f 1303/994/859 1466/1145/1085 1434/1109/1037
f 1435/1110/1038 1303/994/859 1434/1109/1037
f 1300/991/856 1303/994/859 1435/1110/1038
f 1436/1111/1039 1300/991/856 1435/1110/1038
f 1462/1141/1081 1300/991/856 1465/1144/1084
f 1461/1140/1080 1462/1141/1081 1465/1144/1084
f 1465/1144/1087 1467/1146/1086 1464/1143/1083
f 1461/1140/1080 1465/1144/1087 1464/1143/1083
f 1305/996/862 1300/991/863 1462/1141/1081
f 1463/1142/1082 1305/996/862 1462/1141/1081
f 1467/1146/1086 1305/996/862 1463/1142/1082
f 1464/1143/1083 1467/1146/1086 1463/1142/1082
f 1451/1126/1064 1465/1144/1084 1466/1145/1085
f 1450/1125/1063 1451/1126/1064 1466/1145/1085
f 1453/1128/1066 1455/1130/1089 1454/1129/1088
f 1452/1127/1065 1453/1128/1066 1454/1129/1088
f 1454/1129/1088 1465/1144/1090 1451/1126/1064
f 1452/1127/1065 1454/1129/1088 1451/1126/1064
f 1466/1145/1091 1455/1130/1089 1453/1128/1066
f 1450/1125/1063 1466/1145/1091 1453/1128/1066
f 1467/1146/1086 1465/1144/1087 1439/1114/1042
f 1440/1115/1043 1467/1146/1086 1439/1114/1042
f 1454/1129/1088 1460/1139/1092 1441/1116/1044
f 1438/1113/1041 1454/1129/1088 1441/1116/1044
f 1441/1116/1044 1460/1139/1092 1467/1146/1093
f 1440/1115/1043 1441/1116/1044 1467/1146/1093
f 1439/1114/1042 1465/1144/1090 1454/1129/1088
f 1438/1113/1041 1439/1114/1042 1454/1129/1088
f 1470/1149/1096 1469/1148/1095 1468/1147/1094
f 1471/1150/1097 1470/1149/1096 1468/1147/1094
f 1474/1153/1100 1473/1152/1099 1472/1151/1098
f 1475/1154/1101 1474/1153/1100 1472/1151/1098
f 1314/1005/804 1315/1005/803 1476/1155/1102
f 1477/1155/1102 1314/1005/804 1476/1155/1102
f 1478/1156/1103 1319/1008/882 1314/1005/879
f 1477/1155/1104 1478/1156/1103 1314/1005/879
f 1479/1156/125 1476/1155/64 1315/1005/64
f 1321/1008/64 1479/1156/125 1315/1005/64
f 1478/1156/1107 1477/1155/1106 1480/1157/1105
f 1481/1156/1052 1478/1156/1107 1480/1157/1105
f 1479/1156/1109 1483/1156/1052 1482/1157/1108
f 1476/1155/1110 1479/1156/1109 1482/1157/1108
f 1480/1157/64 1326/1010/64 1327/1008/64
f 1481/1156/125 1480/1157/64 1327/1008/64
f 1328/1010/890 1326/1010/891 1480/1157/1058
f 1482/1157/1111 1328/1010/890 1480/1157/1058
f 1329/1008/69 1328/1010/69 1482/1157/69
f 1483/1156/195 1329/1008/69 1482/1157/69
f 1327/1008/827 1319/1008/848 1478/1156/1061
f 1481/1156/1062 1327/1008/827 1478/1156/1061
f 1486/1160/1114 1485/1159/1113 1484/1158/1112
f 1487/1161/1115 1486/1160/1114 1484/1158/1112
f 1488/1162/1116 1334/1015/896 1335/1016/897
f 1489/1163/1117 1488/1162/1116 1335/1016/897
f 1456/1166/1069 1490/1165/1069 1339/1164/1069
f 1289/1167/1069 1456/1166/1069 1339/1164/1069
f 1490/1165/195 1491/1169/69 1341/1168/69
f 1339/1164/69 1490/1165/195 1341/1168/69
f 1491/1169/1118 1459/1171/904 1292/1170/1118
f 1341/1168/904 1491/1169/1118 1292/1170/1118
f 1292/1170/64 1459/1171/64 1456/1166/125
f 1289/1167/64 1292/1170/64 1456/1166/125
f 1341/1168/1119 1292/1170/1120 1289/1167/1119
f 1339/1164/1120 1341/1168/1119 1289/1167/1119
f 1490/1165/1121 1456/1166/1121 1459/1171/1121
f 1491/1169/1121 1490/1165/1121 1459/1171/1121
f 1329/1008/850 1483/1156/1122 1479/1156/1078
f 1321/1008/826 1329/1008/850 1479/1156/1078
f 1480/1157/1105 1477/1155/1106 1476/1155/1110
f 1482/1157/1108 1480/1157/1105 1476/1155/1110
f 1334/1015/850 1488/1162/1123 1460/1139/1079
f 1294/985/850 1334/1015/850 1460/1139/1079
f 1494/1174/1126 1493/1173/1125 1492/1172/1124
f 1495/1175/1127 1494/1174/1126 1492/1172/1124
f 1469/1148/1095 1470/1149/1096 1346/1031/909
f 1496/1176/1128 1469/1148/1095 1346/1031/909
f 1469/1148/1095 1496/1176/1128 1497/1177/1129
f 1468/1147/1094 1469/1148/1095 1497/1177/1129
f 1468/1147/1094 1497/1177/1129 1349/1034/912
f 1471/1150/1097 1468/1147/1094 1349/1034/912
f 1471/1150/1097 1349/1034/912 1346/1031/909
f 1470/1149/1096 1471/1150/1097 1346/1031/909
f 1495/1175/1127 1492/1172/1124 1496/1176/1128
f 1346/1031/909 1495/1175/1127 1496/1176/1128
f 1492/1172/1124 1493/1173/1125 1467/1146/1086
f 1496/1176/1130 1492/1172/1124 1467/1146/1086
f 1495/1175/1127 1346/1031/914 1305/996/862
f 1494/1174/1126 1495/1175/1127 1305/996/862
f 1494/1174/1126 1305/996/862 1467/1146/1086
f 1493/1173/1125 1494/1174/1126 1467/1146/1086
f 1485/1159/1113 1486/1160/1114 1497/1177/1129
f 1496/1176/1128 1485/1159/1113 1497/1177/1129
f 1487/1161/1115 1484/1158/1112 1488/1162/1131
f 1489/1163/1132 1487/1161/1115 1488/1162/1131
f 1485/1159/1113 1496/1176/1133 1488/1162/1131
f 1484/1158/1112 1485/1159/1113 1488/1162/1131
f 1487/1161/1115 1489/1163/1132 1497/1177/1134
f 1486/1160/1114 1487/1161/1115 1497/1177/1134
f 1473/1152/1099 1496/1176/1130 1467/1146/1086
f 1472/1151/1098 1473/1152/1099 1467/1146/1086
f 1475/1154/1101 1460/1139/1092 1488/1162/1131
f 1474/1153/1100 1475/1154/1101 1488/1162/1131
f 1475/1154/1101 1472/1151/1098 1467/1146/1093
f 1460/1139/1092 1475/1154/1101 1467/1146/1093
f 1473/1152/1099 1474/1153/1100 1488/1162/1131
f 1496/1176/1133 1473/1152/1099 1488/1162/1131
f 1500/1180/1137 1499/1179/1136 1498/1178/1135
f 1501/1181/1138 1500/1180/1137 1498/1178/1135
f 1504/1184/1141 1503/1183/1140 1502/1182/1139
f 1505/1185/1142 1504/1184/1141 1502/1182/1139
f 1358/1043/927 1359/1043/928 1506/1186/1143
f 1507/1186/1144 1358/1043/927 1506/1186/1143
f 1362/1045/931 1358/1043/932 1507/1186/1145
f 1508/1187/1146 1362/1045/931 1507/1186/1145
f 1364/1045/69 1509/1187/69 1506/1186/69
f 1359/1043/69 1364/1045/69 1506/1186/69
f 1508/1187/1149 1507/1186/1148 1510/1188/1147
f 1511/1187/1150 1508/1187/1149 1510/1188/1147
f 1509/1187/1152 1513/1187/1150 1512/1188/1151
f 1506/1186/1153 1509/1187/1152 1512/1188/1151
f 1510/1188/195 1371/1048/69 1370/1045/69
f 1511/1187/69 1510/1188/195 1370/1045/69
f 1372/1048/942 1371/1048/943 1510/1188/1154
f 1512/1188/1154 1372/1048/942 1510/1188/1154
f 1373/1045/64 1372/1048/64 1512/1188/125
f 1513/1187/64 1373/1045/64 1512/1188/125
f 1370/1045/946 1362/1045/947 1508/1187/1155
f 1511/1187/1156 1370/1045/946 1508/1187/1155
f 1516/1191/1159 1515/1190/1158 1514/1189/1157
f 1517/1192/1160 1516/1191/1159 1514/1189/1157
f 1518/1193/69 1378/1053/69 1285/976/836
f 1455/1130/1068 1518/1193/69 1285/976/836
f 1520/1196/1161 1519/1195/1162 1382/1194/1161
f 1383/1197/1162 1520/1196/1161 1382/1194/1161
f 1519/1195/64 1458/1199/125 1291/1198/64
f 1382/1194/64 1519/1195/64 1291/1198/64
f 1458/1199/1165 1459/1201/1164 1292/1200/1163
f 1291/1198/1166 1458/1199/1165 1292/1200/1163
f 1292/1200/69 1459/1201/195 1520/1196/69
f 1383/1197/69 1292/1200/69 1520/1196/69
f 1291/1198/1169 1292/1200/1168 1383/1197/1167
f 1382/1194/1170 1291/1198/1169 1383/1197/1167
f 1519/1195/1171 1520/1196/1172 1459/1201/1171
f 1458/1199/1172 1519/1195/1171 1459/1201/1171
f 1373/1045/946 1513/1187/1156 1509/1187/1156
f 1364/1045/947 1373/1045/946 1509/1187/1156
f 1510/1188/1147 1507/1186/1148 1506/1186/1153
f 1512/1188/1151 1510/1188/1147 1506/1186/1153
f 1385/1064/969 1378/1053/970 1518/1193/1173
f 1521/1202/1174 1385/1064/969 1518/1193/1173
f 1524/1205/1177 1523/1204/1176 1522/1203/1175
f 1525/1206/1178 1524/1205/1177 1522/1203/1175
f 1499/1179/1136 1500/1180/1137 1390/1069/975
f 1526/1207/1179 1499/1179/1136 1390/1069/975
f 1498/1178/1135 1499/1179/1136 1526/1207/1179
f 1466/1145/1180 1498/1178/1135 1526/1207/1179
f 1498/1178/1135 1466/1145/1180 1392/1071/978
f 1501/1181/1138 1498/1178/1135 1392/1071/978
f 1501/1181/1138 1392/1071/978 1390/1069/975
f 1500/1180/1137 1501/1181/1138 1390/1069/975
f 1525/1206/1178 1522/1203/1175 1526/1207/1179
f 1390/1069/975 1525/1206/1178 1526/1207/1179
f 1523/1204/1176 1527/1208/1182 1526/1207/1181
f 1522/1203/1175 1523/1204/1176 1526/1207/1181
f 1525/1206/1178 1390/1069/981 1394/1073/982
f 1524/1205/1177 1525/1206/1178 1394/1073/982
f 1524/1205/1177 1394/1073/982 1527/1208/1182
f 1523/1204/1176 1524/1205/1177 1527/1208/1182
f 1515/1190/1158 1516/1191/1159 1466/1145/1091
f 1526/1207/1179 1515/1190/1158 1466/1145/1091
f 1517/1192/1160 1514/1189/1157 1518/1193/1183
f 1455/1130/1089 1517/1192/1160 1518/1193/1183
f 1515/1190/1158 1526/1207/1184 1518/1193/1183
f 1514/1189/1157 1515/1190/1158 1518/1193/1183
f 1517/1192/1160 1455/1130/1089 1466/1145/1091
f 1516/1191/1159 1517/1192/1160 1466/1145/1091
f 1503/1183/1140 1526/1207/1181 1527/1208/1182
f 1502/1182/1139 1503/1183/1140 1527/1208/1182
f 1505/1185/1142 1521/1202/1185 1518/1193/1183
f 1504/1184/1141 1505/1185/1142 1518/1193/1183
f 1502/1182/1139 1527/1208/1186 1521/1202/1185
f 1505/1185/1142 1502/1182/1139 1521/1202/1185
f 1503/1183/1140 1504/1184/1141 1518/1193/1183
f 1526/1207/1184 1503/1183/1140 1518/1193/1183
f 1530/1211/1189 1529/1210/1188 1528/1209/1187
f 1531/1212/1190 1530/1211/1189 1528/1209/1187
f 1534/1215/1193 1533/1214/1192 1532/1213/1191
f 1535/1216/1194 1534/1215/1193 1532/1213/1191
f 1536/1217/1143 1404/1083/996 1405/1083/997
f 1537/1217/1143 1536/1217/1143 1405/1083/997
f 1537/1217/69 1405/1083/69 1407/1084/69
f 1538/1218/69 1537/1217/69 1407/1084/69
f 1410/1084/1000 1404/1083/1001 1536/1217/1195
f 1539/1218/1196 1410/1084/1000 1536/1217/1195
f 1540/1219/1199 1537/1217/1198 1538/1218/1197
f 1541/1218/1150 1540/1219/1199 1538/1218/1197
f 1543/1219/1201 1542/1218/1150 1539/1218/1200
f 1536/1217/1202 1543/1219/1201 1539/1218/1200
f 1540/1219/125 1541/1218/64 1415/1084/64
f 1416/1087/64 1540/1219/125 1415/1084/64
f 1540/1219/1203 1416/1087/943 1417/1087/1009
f 1543/1219/1204 1540/1219/1203 1417/1087/1009
f 1543/1219/195 1417/1087/69 1418/1084/69
f 1542/1218/69 1543/1219/195 1418/1084/69
f 1538/1218/1205 1407/1084/947 1415/1084/1011
f 1541/1218/1156 1538/1218/1205 1415/1084/1011
f 1546/1222/1208 1545/1221/1207 1544/1220/1206
f 1547/1223/1209 1546/1222/1208 1544/1220/1206
f 1335/1016/897 1423/1092/1016 1548/1224/1210
f 1489/1163/1117 1335/1016/897 1548/1224/1210
f 1425/1227/1211 1549/1226/1161 1520/1225/1211
f 1383/1228/1161 1425/1227/1211 1520/1225/1211
f 1341/1230/69 1491/1229/195 1549/1226/69
f 1425/1227/69 1341/1230/69 1549/1226/69
f 1292/1232/1212 1459/1231/1164 1491/1229/1212
f 1341/1230/1164 1292/1232/1212 1491/1229/1212
f 1292/1232/64 1383/1228/64 1520/1225/64
f 1459/1231/125 1292/1232/64 1520/1225/64
f 1383/1228/1213 1292/1232/1214 1341/1230/1213
f 1425/1227/1214 1383/1228/1213 1341/1230/1213
f 1459/1231/1215 1520/1225/1172 1549/1226/1215
f 1491/1229/1172 1459/1231/1215 1549/1226/1215
f 1539/1218/1216 1542/1218/1156 1418/1084/1023
f 1410/1084/947 1539/1218/1216 1418/1084/1023
f 1536/1217/1202 1537/1217/1198 1540/1219/1199
f 1543/1219/1201 1536/1217/1202 1540/1219/1199
f 1521/1202/1174 1548/1224/1174 1423/1092/969
f 1385/1064/969 1521/1202/1174 1423/1092/969
f 1552/1235/1219 1551/1234/1218 1550/1233/1217
f 1553/1236/1220 1552/1235/1219 1550/1233/1217
f 1531/1212/1190 1554/1237/1221 1431/1106/1029
f 1530/1211/1189 1531/1212/1190 1431/1106/1029
f 1528/1209/1187 1497/1177/1222 1554/1237/1221
f 1531/1212/1190 1528/1209/1187 1554/1237/1221
f 1433/1108/1032 1497/1177/1222 1528/1209/1187
f 1529/1210/1188 1433/1108/1032 1528/1209/1187
f 1431/1106/1029 1433/1108/1032 1529/1210/1188
f 1530/1211/1189 1431/1106/1029 1529/1210/1188
f 1551/1234/1218 1431/1106/1029 1554/1237/1221
f 1550/1233/1217 1551/1234/1218 1554/1237/1221
f 1550/1233/1217 1554/1237/1223 1527/1208/1182
f 1553/1236/1220 1550/1233/1217 1527/1208/1182
f 1394/1073/982 1431/1106/1034 1551/1234/1218
f 1552/1235/1219 1394/1073/982 1551/1234/1218
f 1527/1208/1182 1394/1073/982 1552/1235/1219
f 1553/1236/1220 1527/1208/1182 1552/1235/1219
f 1545/1221/1207 1554/1237/1221 1497/1177/1134
f 1544/1220/1206 1545/1221/1207 1497/1177/1134
f 1547/1223/1209 1489/1163/1132 1548/1224/1224
f 1546/1222/1208 1547/1223/1209 1548/1224/1224
f 1548/1224/1224 1554/1237/1225 1545/1221/1207
f 1546/1222/1208 1548/1224/1224 1545/1221/1207
f 1497/1177/1134 1489/1163/1132 1547/1223/1209
f 1544/1220/1206 1497/1177/1134 1547/1223/1209
f 1527/1208/1182 1554/1237/1223 1533/1214/1192
f 1534/1215/1193 1527/1208/1182 1533/1214/1192
f 1548/1224/1224 1521/1202/1185 1535/1216/1194
f 1532/1213/1191 1548/1224/1224 1535/1216/1194
f 1521/1202/1185 1527/1208/1186 1534/1215/1193
f 1535/1216/1194 1521/1202/1185 1534/1215/1193
f 1533/1214/1192 1554/1237/1225 1548/1224/1224
f 1532/1213/1191 1533/1214/1192 1548/1224/1224
f 1555/1238/1226 1249/940/789 1250/941/790
f 1556/1239/1227 1555/1238/1226 1250/941/790
f 1558/1241/1230 1557/1240/1229 1249/940/1228
f 1555/1238/1231 1558/1241/1230 1249/940/1228
f 1561/1244/1234 1560/1243/1233 1559/1242/1232
f 1557/1240/1229 1561/1244/1234 1559/1242/1232
f 1564/1247/1237 1563/1246/1236 1562/1245/1235
f 1565/1248/1238 1564/1247/1237 1562/1245/1235
f 1566/1249/1241 1246/937/1240 1564/1247/1239
f 1565/1248/1242 1566/1249/1241 1564/1247/1239
f 1567/1250/1243 1566/1249/1241 1565/1248/1242
f 1568/1251/1244 1567/1250/1243 1565/1248/1242
f 1565/1248/1238 1562/1245/1235 1558/1241/1245
f 1568/1251/1246 1565/1248/1238 1558/1241/1245
f 1566/1249/1241 1567/1250/1243 1559/1242/1247
f 1560/1243/1248 1566/1249/1241 1559/1242/1247
f 1563/1246/1250 1247/938/1249 1561/1244/1234
f 1562/1245/1251 1563/1246/1250 1561/1244/1234
f 1568/1251/1246 1558/1241/1245 1555/1238/1252
f 1556/1239/1252 1568/1251/1246 1555/1238/1252
f 1250/941/1253 1567/1250/1243 1568/1251/1244
f 1556/1239/1254 1250/941/1253 1568/1251/1244
f 1557/1240/1229 1559/1242/1232 1248/939/788
f 1249/940/789 1557/1240/1229 1248/939/788
f 1562/1245/1251 1561/1244/1234 1557/1240/1229
f 1558/1241/1230 1562/1245/1251 1557/1240/1229
f 1246/937/1240 1566/1249/1241 1560/1243/1248
f 1245/936/1255 1246/937/1240 1560/1243/1248
f 1247/938/1249 1245/936/1256 1560/1243/1233
f 1561/1244/1234 1247/938/1249 1560/1243/1233
f 1567/1250/1243 1250/941/790 1248/939/788
f 1559/1242/1247 1567/1250/1243 1248/939/788
f 1570/1253/1258 1569/1252/1257 1253/944/793
f 1251/942/791 1570/1253/1258 1253/944/793
f 1571/1254/1261 1570/1253/1260 1251/942/1259
f 1572/1255/1262 1571/1254/1261 1251/942/1259
f 1575/1258/1265 1574/1257/1264 1573/1256/1263
f 1572/1255/1262 1575/1258/1265 1573/1256/1263
f 1576/1259/1266 1563/1246/1236 1564/1247/1237
f 1577/1260/1267 1576/1259/1266 1564/1247/1237
f 1564/1247/1239 1246/937/1240 1578/1261/1268
f 1577/1260/1269 1564/1247/1239 1578/1261/1268
f 1577/1260/1269 1578/1261/1268 1579/1262/1270
f 1580/1263/1271 1577/1260/1269 1579/1262/1270
f 1571/1254/1272 1576/1259/1266 1577/1260/1267
f 1580/1263/1273 1571/1254/1272 1577/1260/1267
f 1578/1261/1268 1574/1257/1275 1575/1258/1274
f 1579/1262/1270 1578/1261/1268 1575/1258/1274
f 1563/1246/1250 1576/1259/1276 1573/1256/1263
f 1247/938/1249 1563/1246/1250 1573/1256/1263
f 1570/1253/1277 1571/1254/1272 1580/1263/1273
f 1569/1252/1277 1570/1253/1277 1580/1263/1273
f 1580/1263/1271 1579/1262/1270 1253/944/1278
f 1569/1252/1279 1580/1263/1271 1253/944/1278
f 1252/943/792 1575/1258/1265 1572/1255/1262
f 1251/942/791 1252/943/792 1572/1255/1262
f 1576/1259/1276 1571/1254/1261 1572/1255/1262
f 1573/1256/1263 1576/1259/1276 1572/1255/1262
f 1246/937/1240 1245/936/1280 1574/1257/1275
f 1578/1261/1268 1246/937/1240 1574/1257/1275
f 1574/1257/1264 1245/936/1281 1247/938/1249
f 1573/1256/1263 1574/1257/1264 1247/938/1249
f 1579/1262/1270 1575/1258/1274 1252/943/792
f 1253/944/793 1579/1262/1270 1252/943/792
f 1583/1265/1282 1582/1265/1283 1581/1264/1282
f 1584/1264/1283 1583/1265/1282 1581/1264/1282
f 1582/1265/1286 1586/1267/1285 1585/1266/1284
f 1581/1264/1287 1582/1265/1286 1585/1266/1284
f 1586/1267/1288 1588/1267/1289 1587/1266/1288
f 1585/1266/1289 1586/1267/1288 1587/1266/1288
f 1587/1266/1292 1588/1267/1291 1583/1265/1290
f 1584/1264/1293 1587/1266/1292 1583/1265/1290
f 1585/1266/1294 1587/1266/1294 1584/1264/1294
f 1581/1264/1295 1585/1266/1294 1584/1264/1294
f 1582/1265/1298 1583/1265/1297 1588/1267/1296
f 1586/1267/1299 1582/1265/1298 1588/1267/1296
f 1591/1270/1302 1590/1269/1301 1589/1268/1300
f 1592/1271/1303 1591/1270/1302 1589/1268/1300
f 1589/1268/1300 1590/1269/1301 1593/1272/1304
f 1594/1273/1305 1589/1268/1300 1593/1272/1304
f 1593/1272/1304 1596/1275/1307 1595/1274/1306
f 1594/1273/1305 1593/1272/1304 1595/1274/1306
f 1596/1275/1307 1598/1277/1309 1597/1276/1308
f 1595/1274/1306 1596/1275/1307 1597/1276/1308
f 1598/1277/1309 1600/1279/1311 1599/1278/1310
f 1597/1276/1308 1598/1277/1309 1599/1278/1310
f 1600/1279/1311 1602/1281/1313 1601/1280/1312
f 1599/1278/1310 1600/1279/1311 1601/1280/1312
f 1601/1280/1312 1602/1281/1313 1603/1282/1314
f 1604/1283/1315 1601/1280/1312 1603/1282/1314
f 1604/1283/1315 1603/1282/1314 1605/1284/1316
f 1606/1285/1317 1604/1283/1315 1605/1284/1316
f 1605/1284/1316 1608/1287/1319 1607/1286/1318
f 1606/1285/1317 1605/1284/1316 1607/1286/1318
f 1607/1286/1318 1608/1287/1319 1609/1288/1320
f 1610/1289/1321 1607/1286/1318 1609/1288/1320
f 1598/1277/1324 1612/1291/1323 1611/1290/1322
f 1600/1279/1325 1598/1277/1324 1611/1290/1322
f 1609/1288/1320 1614/1293/1327 1613/1292/1326
f 1610/1289/1321 1609/1288/1320 1613/1292/1326
f 1613/1292/1326 1614/1293/1327 1591/1270/1302
f 1592/1271/1303 1613/1292/1326 1591/1270/1302
f 1614/1293/1330 1616/1295/1329 1615/1294/1328
f 1591/1270/1331 1614/1293/1330 1615/1294/1328
f 1603/1282/1334 1602/1281/1333 1617/1296/1332
f 1618/1297/1335 1603/1282/1334 1617/1296/1332
f 1593/1272/1338 1590/1269/1337 1619/1298/1336
f 1620/1299/1339 1593/1272/1338 1619/1298/1336
f 1608/1287/1342 1605/1284/1341 1621/1300/1340
f 1622/1301/1343 1608/1287/1342 1621/1300/1340
f 1596/1275/1345 1623/1302/1344 1612/1291/1323
f 1598/1277/1324 1596/1275/1345 1612/1291/1323
f 1615/1294/1348 1625/1304/1347 1624/1303/1346
f 1619/1298/1349 1615/1294/1348 1624/1303/1346
f 1616/1295/1351 1626/1305/1350 1625/1304/1347
f 1615/1294/1348 1616/1295/1351 1625/1304/1347
f 1623/1302/1354 1628/1307/1353 1627/1306/1352
f 1612/1291/1355 1623/1302/1354 1627/1306/1352
f 1611/1290/1356 1612/1291/1355 1627/1306/1352
f 1629/1308/1357 1611/1290/1356 1627/1306/1352
f 1617/1296/1358 1611/1290/1356 1629/1308/1357
f 1630/1309/1359 1617/1296/1358 1629/1308/1357
f 1618/1297/1360 1617/1296/1358 1630/1309/1359
f 1631/1310/1361 1618/1297/1360 1630/1309/1359
f 1623/1302/1354 1620/1299/1363 1632/1311/1362
f 1628/1307/1353 1623/1302/1354 1632/1311/1362
f 1634/1313/1365 1633/1312/1364 1626/1305/1350
f 1616/1295/1351 1634/1313/1365 1626/1305/1350
f 1619/1298/1349 1624/1303/1346 1632/1311/1362
f 1620/1299/1363 1619/1298/1349 1632/1311/1362
f 1634/1313/1365 1622/1301/1367 1635/1314/1366
f 1633/1312/1364 1634/1313/1365 1635/1314/1366
f 1621/1300/1369 1636/1315/1368 1635/1314/1366
f 1622/1301/1367 1621/1300/1369 1635/1314/1366
f 1621/1300/1369 1618/1297/1360 1631/1310/1361
f 1636/1315/1368 1621/1300/1369 1631/1310/1361
f 1608/1287/1342 1622/1301/1343 1634/1313/1370
f 1609/1288/1371 1608/1287/1342 1634/1313/1370
f 1596/1275/1345 1593/1272/1338 1620/1299/1339
f 1623/1302/1344 1596/1275/1345 1620/1299/1339
f 1605/1284/1341 1603/1282/1334 1618/1297/1335
f 1621/1300/1340 1605/1284/1341 1618/1297/1335
f 1590/1269/1337 1591/1270/1331 1615/1294/1328
f 1619/1298/1336 1590/1269/1337 1615/1294/1328
f 1600/1279/1325 1611/1290/1322 1617/1296/1332
f 1602/1281/1333 1600/1279/1325 1617/1296/1332
f 1609/1288/1371 1634/1313/1370 1616/1295/1329
f 1614/1293/1330 1609/1288/1371 1616/1295/1329
f 1639/1318/1374 1638/1317/1373 1637/1316/1372
f 1640/1319/1375 1639/1318/1374 1637/1316/1372
f 1643/1321/1378 1642/1321/1377 1641/1320/1376
f 1644/1320/1379 1643/1321/1378 1641/1320/1376
f 1645/1317/1382 1638/1317/1381 1642/1321/1380
f 1643/1321/1383 1645/1317/1382 1642/1321/1380
f 1648/1323/1386 1647/1323/1385 1646/1322/1384
f 1649/1322/1387 1648/1323/1386 1646/1322/1384
f 1651/1316/1390 1645/1317/1389 1650/1318/1388
f 1652/1319/1391 1651/1316/1390 1650/1318/1388
f 1640/1319/1375 1637/1316/1372 1648/1323/1386
f 1649/1322/1387 1640/1319/1375 1648/1323/1386
f 1652/1319/1391 1646/1322/1384 1647/1323/1385
f 1651/1316/1390 1652/1319/1391 1647/1323/1385
f 1644/1320/1379 1650/1318/1388 1645/1317/1389
f 1643/1321/1378 1644/1320/1379 1645/1317/1389
f 1638/1317/1373 1639/1318/1374 1641/1320/1376
f 1642/1321/1377 1638/1317/1373 1641/1320/1376
f 1652/1319/1393 1640/1319/1393 1649/1322/1392
f 1646/1322/1394 1652/1319/1393 1649/1322/1392
f 1652/1319/1393 1650/1318/1396 1639/1318/1395
f 1640/1319/1393 1652/1319/1393 1639/1318/1395
f 1650/1318/1396 1644/1320/1398 1641/1320/1397
f 1639/1318/1395 1650/1318/1396 1641/1320/1397
f 1651/1316/1401 1647/1323/1400 1648/1323/1399
f 1637/1316/1402 1651/1316/1401 1648/1323/1399
f 1645/1317/1382 1651/1316/1401 1637/1316/1402
f 1638/1317/1381 1645/1317/1382 1637/1316/1402
f 1655/1326/1405 1654/1325/1404 1653/1324/1403
f 1656/1327/1406 1655/1326/1405 1653/1324/1403
f 1655/1326/1405 1658/1329/1408 1657/1328/1407
f 1654/1325/1404 1655/1326/1405 1657/1328/1407
f 1656/1327/1406 1653/1324/1403 1659/1330/1409
f 1660/1331/1410 1656/1327/1406 1659/1330/1409
f 1658/1329/1408 1662/1333/1412 1661/1332/1411
f 1657/1328/1407 1658/1329/1408 1661/1332/1411
f 1653/1324/1415 1661/1332/1414 1659/1330/1413
f 1653/1324/1415 1657/1328/1416 1661/1332/1414
f 1653/1324/1415 1654/1325/1417 1657/1328/1416
f 1658/1329/1420 1660/1331/1419 1662/1333/1418
f 1658/1329/1420 1656/1327/1421 1660/1331/1419
f 1658/1329/1420 1655/1326/1422 1656/1327/1421
f 1662/1333/1425 1660/1331/1424 1659/1330/1423
f 1661/1332/1426 1662/1333/1425 1659/1330/1423
g item_damaged
f 1665/1336/773 1664/1335/772 1663/1334/771
f 1666/1337/774 1665/1336/773 1663/1334/771
f 1667/1335/775 1665/1336/773 1666/1337/774
f 1668/1334/776 1667/1335/775 1666/1337/774
f 1669/1338/777 1667/1335/775 1668/1334/776
f 1670/1339/778 1669/1338/777 1668/1334/776
f 1664/1335/772 1669/1338/777 1670/1339/778
f 1663/1334/771 1664/1335/772 1670/1339/778
f 1670/1339/778 1668/1334/776 1666/1337/774
f 1663/1334/771 1670/1339/778 1666/1337/774
f 1671/1340/781 1664/1335/780 1665/1336/779
f 1672/1341/782 1671/1340/781 1665/1336/779
f 1672/1341/782 1665/1336/779 1667/1335/783
f 1673/1340/784 1672/1341/782 1667/1335/783
f 1673/1340/784 1667/1335/783 1669/1338/785
f 1674/1342/786 1673/1340/784 1669/1338/785
f 1674/1342/786 1669/1338/785 1664/1335/780
f 1671/1340/781 1674/1342/786 1664/1335/780
f 1672/1341/782 1673/1340/784 1674/1342/786
f 1671/1340/781 1672/1341/782 1674/1342/786
f 1677/1345/787 1676/1344/787 1675/1343/787
f 1680/1348/790 1679/1347/789 1678/1346/788
f 1683/1351/793 1682/1350/792 1681/1349/791
f 1686/1354/796 1685/1353/795 1684/1352/794
f 1687/1355/797 1686/1354/796 1684/1352/794
f 1690/1358/800 1689/1357/799 1688/1356/798
f 1691/1359/801 1690/1358/800 1688/1356/798
f 1694/1362/804 1693/1361/803 1692/1360/802
f 1695/1363/805 1694/1362/804 1692/1360/802
f 1697/1365/808 1696/1364/807 1694/1362/806
f 1695/1363/809 1697/1365/808 1694/1362/806
f 1698/1366/69 1692/1360/69 1693/1361/69
f 1699/1367/69 1698/1366/69 1693/1361/69
f 1697/1365/812 1695/1363/811 1700/1368/810
f 1701/1369/813 1697/1365/812 1700/1368/810
f 1698/1366/815 1703/1371/813 1702/1370/814
f 1692/1360/816 1698/1366/815 1702/1370/814
f 1705/1373/69 1704/1372/69 1701/1369/69
f 1700/1368/69 1705/1373/69 1701/1369/69
f 1706/1374/819 1705/1373/818 1700/1368/817
f 1702/1370/820 1706/1374/819 1700/1368/817
f 1703/1371/823 1707/1375/822 1706/1374/821
f 1702/1370/824 1703/1371/823 1706/1374/821
f 1704/1372/827 1696/1364/826 1697/1365/825
f 1701/1369/828 1704/1372/827 1697/1365/825
f 1710/1378/831 1709/1377/830 1708/1376/829
f 1711/1379/832 1710/1378/831 1708/1376/829
f 1714/1382/835 1713/1381/834 1712/1380/833
f 1715/1383/836 1714/1382/835 1712/1380/833
f 1718/1386/837 1717/1385/837 1716/1384/837
f 1719/1387/837 1718/1386/837 1716/1384/837
f 1716/1384/64 1717/1385/64 1720/1388/64
f 1721/1389/125 1716/1384/64 1720/1388/64
f 1720/1388/840 1723/1391/839 1722/1390/838
f 1721/1389/841 1720/1388/840 1722/1390/838
f 1723/1391/69 1718/1386/69 1719/1387/69
f 1722/1390/69 1723/1391/69 1719/1387/69
f 1721/1389/844 1722/1390/843 1719/1387/842
f 1716/1384/845 1721/1389/844 1719/1387/842
f 1717/1385/846 1718/1386/846 1723/1391/846
f 1720/1388/846 1717/1385/846 1723/1391/846
f 1707/1375/827 1703/1371/825 1698/1366/847
f 1699/1367/848 1707/1375/827 1698/1366/847
f 1700/1368/810 1695/1363/811 1692/1360/816
f 1702/1370/814 1700/1368/810 1692/1360/816
f 1724/1392/850 1712/1380/826 1713/1381/849
f 1725/1393/851 1724/1392/850 1713/1381/849
f 1728/1396/854 1727/1395/853 1726/1394/852
f 1729/1397/855 1728/1396/854 1726/1394/852
f 1685/1353/795 1686/1354/796 1730/1398/856
f 1731/1399/857 1685/1353/795 1730/1398/856
f 1685/1353/795 1731/1399/857 1732/1400/858
f 1684/1352/794 1685/1353/795 1732/1400/858
f 1684/1352/794 1732/1400/858 1733/1401/859
f 1687/1355/797 1684/1352/794 1733/1401/859
f 1687/1355/797 1733/1401/859 1730/1398/856
f 1686/1354/796 1687/1355/797 1730/1398/856
f 1729/1397/855 1726/1394/852 1731/1399/857
f 1730/1398/856 1729/1397/855 1731/1399/857
f 1727/1395/853 1734/1402/861 1731/1399/860
f 1726/1394/852 1727/1395/853 1731/1399/860
f 1729/1397/855 1730/1398/863 1735/1403/862
f 1728/1396/854 1729/1397/855 1735/1403/862
f 1728/1396/854 1735/1403/862 1734/1402/861
f 1727/1395/853 1728/1396/854 1734/1402/861
f 1709/1377/830 1710/1378/831 1732/1400/858
f 1731/1399/857 1709/1377/830 1732/1400/858
f 1711/1379/832 1708/1376/829 1713/1381/864
f 1714/1382/865 1711/1379/832 1713/1381/864
f 1709/1377/830 1731/1399/866 1713/1381/864
f 1708/1376/829 1709/1377/830 1713/1381/864
f 1711/1379/832 1714/1382/865 1732/1400/867
f 1710/1378/831 1711/1379/832 1732/1400/867
f 1689/1357/799 1731/1399/860 1734/1402/861
f 1688/1356/798 1689/1357/799 1734/1402/861
f 1691/1359/801 1725/1393/868 1713/1381/864
f 1690/1358/800 1691/1359/801 1713/1381/864
f 1691/1359/801 1688/1356/798 1734/1402/869
f 1725/1393/868 1691/1359/801 1734/1402/869
f 1689/1357/799 1690/1358/800 1713/1381/864
f 1731/1399/866 1689/1357/799 1713/1381/864
f 1738/1406/872 1737/1405/871 1736/1404/870
f 1739/1407/873 1738/1406/872 1736/1404/870
f 1742/1410/876 1741/1409/875 1740/1408/874
f 1743/1411/877 1742/1410/876 1740/1408/874
f 1746/1413/878 1745/1412/803 1744/1412/804
f 1747/1413/805 1746/1413/878 1744/1412/804
f 1748/1414/881 1747/1413/880 1744/1412/879
f 1749/1415/882 1748/1414/881 1744/1412/879
f 1745/1412/64 1746/1413/64 1750/1414/64
f 1751/1415/64 1745/1412/64 1750/1414/64
f 1752/1416/885 1747/1413/884 1748/1414/883
f 1753/1414/886 1752/1416/885 1748/1414/883
f 1755/1416/888 1754/1414/886 1750/1414/887
f 1746/1413/889 1755/1416/888 1750/1414/887
f 1753/1414/64 1757/1415/64 1756/1417/64
f 1752/1416/64 1753/1414/64 1756/1417/64
f 1752/1416/820 1756/1417/891 1758/1417/890
f 1755/1416/817 1752/1416/820 1758/1417/890
f 1754/1414/69 1755/1416/69 1758/1417/69
f 1759/1415/69 1754/1414/69 1758/1417/69
f 1748/1414/847 1749/1415/848 1757/1415/827
f 1753/1414/825 1748/1414/847 1757/1415/827
f 1762/1420/894 1761/1419/893 1760/1418/892
f 1763/1421/895 1762/1420/894 1760/1418/892
f 1766/1424/898 1765/1423/897 1764/1422/896
f 1767/1425/899 1766/1424/898 1764/1422/896
f 1769/1428/900 1768/1427/837 1718/1426/900
f 1719/1429/837 1769/1428/900 1718/1426/900
f 1769/1428/69 1771/1431/69 1770/1430/69
f 1768/1427/69 1769/1428/69 1770/1430/69
f 1722/1433/901 1723/1432/839 1770/1430/901
f 1771/1431/839 1722/1433/901 1770/1430/901
f 1719/1429/64 1718/1426/64 1723/1432/64
f 1722/1433/64 1719/1429/64 1723/1432/64
f 1719/1429/902 1722/1433/903 1771/1431/902
f 1769/1428/903 1719/1429/902 1771/1431/902
f 1723/1432/846 1718/1426/846 1768/1427/846
f 1770/1430/846 1723/1432/846 1768/1427/846
f 1750/1414/828 1754/1414/825 1759/1415/850
f 1751/1415/826 1750/1414/828 1759/1415/850
f 1746/1413/889 1747/1413/884 1752/1416/885
f 1755/1416/888 1746/1413/889 1752/1416/885
f 1725/1393/851 1767/1425/904 1764/1422/850
f 1724/1392/850 1725/1393/851 1764/1422/850
f 1774/1436/907 1773/1435/906 1772/1434/905
f 1775/1437/908 1774/1436/907 1772/1434/905
f 1739/1407/873 1777/1439/910 1776/1438/909
f 1738/1406/872 1739/1407/873 1776/1438/909
f 1778/1440/911 1777/1439/910 1739/1407/873
f 1736/1404/870 1778/1440/911 1739/1407/873
f 1779/1441/912 1778/1440/911 1736/1404/870
f 1737/1405/871 1779/1441/912 1736/1404/870
f 1776/1438/909 1779/1441/912 1737/1405/871
f 1738/1406/872 1776/1438/909 1737/1405/871
f 1773/1435/906 1776/1438/909 1777/1439/910
f 1772/1434/905 1773/1435/906 1777/1439/910
f 1772/1434/905 1777/1439/913 1734/1402/861
f 1775/1437/908 1772/1434/905 1734/1402/861
f 1735/1403/862 1776/1438/914 1773/1435/906
f 1774/1436/907 1735/1403/862 1773/1435/906
f 1734/1402/861 1735/1403/862 1774/1436/907
f 1775/1437/908 1734/1402/861 1774/1436/907
f 1761/1419/893 1777/1439/910 1778/1440/911
f 1760/1418/892 1761/1419/893 1778/1440/911
f 1763/1421/895 1766/1424/916 1767/1425/915
f 1762/1420/894 1763/1421/895 1767/1425/915
f 1767/1425/915 1777/1439/917 1761/1419/893
f 1762/1420/894 1767/1425/915 1761/1419/893
f 1778/1440/918 1766/1424/916 1763/1421/895
f 1760/1418/892 1778/1440/918 1763/1421/895
f 1734/1402/861 1777/1439/913 1741/1409/875
f 1742/1410/876 1734/1402/861 1741/1409/875
f 1767/1425/915 1725/1393/868 1743/1411/877
f 1740/1408/874 1767/1425/915 1743/1411/877
f 1743/1411/877 1725/1393/868 1734/1402/869
f 1742/1410/876 1743/1411/877 1734/1402/869
f 1741/1409/875 1777/1439/917 1767/1425/915
f 1740/1408/874 1741/1409/875 1767/1425/915
f 1782/1444/921 1781/1443/920 1780/1442/919
f 1783/1445/922 1782/1444/921 1780/1442/919
f 1786/1448/925 1785/1447/924 1784/1446/923
f 1787/1449/926 1786/1448/925 1784/1446/923
f 1790/1451/929 1789/1450/928 1788/1450/927
f 1791/1451/930 1790/1451/929 1788/1450/927
f 1791/1451/933 1788/1450/932 1792/1452/931
f 1793/1453/934 1791/1451/933 1792/1452/931
f 1794/1452/69 1789/1450/69 1790/1451/69
f 1795/1453/69 1794/1452/69 1790/1451/69
f 1796/1454/937 1791/1451/936 1793/1453/935
f 1797/1453/938 1796/1454/937 1793/1453/935
f 1799/1454/940 1798/1453/938 1795/1453/939
f 1790/1451/941 1799/1454/940 1795/1453/939
f 1796/1454/69 1797/1453/69 1800/1452/69
f 1801/1455/69 1796/1454/69 1800/1452/69
f 1796/1454/944 1801/1455/943 1802/1455/942
f 1799/1454/945 1796/1454/944 1802/1455/942
f 1799/1454/64 1802/1455/64 1803/1452/64
f 1798/1453/64 1799/1454/64 1803/1452/64
f 1793/1453/948 1792/1452/947 1800/1452/946
f 1797/1453/949 1793/1453/948 1800/1452/946
f 1806/1458/952 1805/1457/951 1804/1456/950
f 1807/1459/953 1806/1458/952 1804/1456/950
f 1714/1382/835 1715/1383/836 1808/1460/69
f 1809/1461/69 1714/1382/835 1808/1460/69
f 1812/1464/954 1811/1463/955 1810/1462/954
f 1813/1465/955 1812/1464/954 1810/1462/954
f 1812/1464/64 1721/1467/64 1720/1466/64
f 1811/1463/64 1812/1464/64 1720/1466/64
f 1722/1469/958 1723/1468/957 1720/1466/956
f 1721/1467/959 1722/1469/958 1720/1466/956
f 1813/1465/69 1810/1462/69 1723/1468/69
f 1722/1469/69 1813/1465/69 1723/1468/69
f 1813/1465/962 1722/1469/961 1721/1467/960
f 1812/1464/963 1813/1465/962 1721/1467/960
f 1723/1468/964 1810/1462/965 1811/1463/964
f 1720/1466/965 1723/1468/964 1811/1463/964
f 1795/1453/966 1798/1453/949 1803/1452/946
f 1794/1452/947 1795/1453/966 1803/1452/946
f 1790/1451/941 1791/1451/936 1796/1454/937
f 1799/1454/940 1790/1451/941 1796/1454/937
f 1815/1471/969 1814/1470/968 1809/1461/967
f 1808/1460/970 1815/1471/969 1809/1461/967
f 1818/1474/973 1817/1473/972 1816/1472/971
f 1819/1475/974 1818/1474/973 1816/1472/971
f 1783/1445/922 1821/1477/976 1820/1476/975
f 1782/1444/921 1783/1445/922 1820/1476/975
f 1732/1400/977 1821/1477/976 1783/1445/922
f 1780/1442/919 1732/1400/977 1783/1445/922
f 1822/1478/978 1732/1400/977 1780/1442/919
f 1781/1443/920 1822/1478/978 1780/1442/919
f 1820/1476/975 1822/1478/978 1781/1443/920
f 1782/1444/921 1820/1476/975 1781/1443/920
f 1817/1473/972 1820/1476/975 1821/1477/976
f 1816/1472/971 1817/1473/972 1821/1477/976
f 1821/1477/980 1823/1479/979 1819/1475/974
f 1816/1472/971 1821/1477/980 1819/1475/974
f 1824/1480/982 1820/1476/981 1817/1473/972
f 1818/1474/973 1824/1480/982 1817/1473/972
f 1823/1479/979 1824/1480/982 1818/1474/973
f 1819/1475/974 1823/1479/979 1818/1474/973
f 1805/1457/951 1821/1477/976 1732/1400/867
f 1804/1456/950 1805/1457/951 1732/1400/867
f 1807/1459/953 1714/1382/865 1809/1461/983
f 1806/1458/952 1807/1459/953 1809/1461/983
f 1809/1461/983 1821/1477/984 1805/1457/951
f 1806/1458/952 1809/1461/983 1805/1457/951
f 1732/1400/867 1714/1382/865 1807/1459/953
f 1804/1456/950 1732/1400/867 1807/1459/953
f 1823/1479/979 1821/1477/980 1785/1447/924
f 1786/1448/925 1823/1479/979 1785/1447/924
f 1809/1461/983 1814/1470/985 1787/1449/926
f 1784/1446/923 1809/1461/983 1787/1449/926
f 1814/1470/985 1823/1479/986 1786/1448/925
f 1787/1449/926 1814/1470/985 1786/1448/925
f 1785/1447/924 1821/1477/984 1809/1461/983
f 1784/1446/923 1785/1447/924 1809/1461/983
f 1827/1483/989 1826/1482/988 1825/1481/987
f 1828/1484/990 1827/1483/989 1825/1481/987
f 1831/1487/993 1830/1486/992 1829/1485/991
f 1832/1488/994 1831/1487/993 1829/1485/991
f 1835/1490/997 1834/1490/996 1833/1489/995
f 1836/1489/995 1835/1490/997 1833/1489/995
f 1837/1491/69 1835/1490/69 1836/1489/69
f 1838/1492/69 1837/1491/69 1836/1489/69
f 1840/1491/1000 1839/1492/999 1833/1489/998
f 1834/1490/1001 1840/1491/1000 1833/1489/998
f 1838/1492/1004 1836/1489/1003 1841/1493/1002
f 1842/1492/938 1838/1492/1004 1841/1493/1002
f 1839/1492/1006 1844/1492/938 1843/1493/1005
f 1833/1489/1007 1839/1492/1006 1843/1493/1005
f 1841/1493/64 1846/1494/64 1845/1491/64
f 1842/1492/64 1841/1493/64 1845/1491/64
f 1847/1494/1009 1846/1494/943 1841/1493/1008
f 1843/1493/944 1847/1494/1009 1841/1493/1008
f 1848/1491/69 1847/1494/69 1843/1493/69
f 1844/1492/69 1848/1491/69 1843/1493/69
f 1845/1491/1011 1837/1491/947 1838/1492/1010
f 1842/1492/949 1845/1491/1011 1838/1492/1010
f 1851/1497/1014 1850/1496/1013 1849/1495/1012
f 1852/1498/1015 1851/1497/1014 1849/1495/1012
f 1766/1424/898 1854/1500/1017 1853/1499/1016
f 1765/1423/897 1766/1424/898 1853/1499/1016
f 1810/1503/954 1856/1502/954 1855/1501/954
f 1813/1504/954 1810/1503/954 1855/1501/954
f 1855/1501/69 1856/1502/69 1770/1505/69
f 1771/1506/69 1855/1501/69 1770/1505/69
f 1770/1505/1018 1723/1508/957 1722/1507/1018
f 1771/1506/957 1770/1505/1018 1722/1507/1018
f 1723/1508/64 1810/1503/64 1813/1504/64
f 1722/1507/64 1723/1508/64 1813/1504/64
f 1771/1506/1019 1722/1507/1020 1813/1504/1019
f 1855/1501/1020 1771/1506/1019 1813/1504/1019
f 1856/1502/965 1810/1503/964 1723/1508/965
f 1770/1505/964 1856/1502/965 1723/1508/965
f 1848/1491/1023 1844/1492/1022 1839/1492/1021
f 1840/1491/947 1848/1491/1023 1839/1492/1021
f 1841/1493/1002 1836/1489/1003 1833/1489/1007
f 1843/1493/1005 1841/1493/1002 1833/1489/1007
f 1853/1499/969 1854/1500/1024 1814/1470/968
f 1815/1471/969 1853/1499/969 1814/1470/968
f 1859/1511/1027 1858/1510/1026 1857/1509/1025
f 1860/1512/1028 1859/1511/1027 1857/1509/1025
f 1826/1482/988 1827/1483/989 1861/1513/1029
f 1862/1514/1030 1826/1482/988 1861/1513/1029
f 1826/1482/988 1862/1514/1030 1778/1440/1031
f 1825/1481/987 1826/1482/988 1778/1440/1031
f 1825/1481/987 1778/1440/1031 1863/1515/1032
f 1828/1484/990 1825/1481/987 1863/1515/1032
f 1828/1484/990 1863/1515/1032 1861/1513/1029
f 1827/1483/989 1828/1484/990 1861/1513/1029
f 1860/1512/1028 1857/1509/1025 1862/1514/1030
f 1861/1513/1029 1860/1512/1028 1862/1514/1030
f 1857/1509/1025 1858/1510/1026 1823/1479/979
f 1862/1514/1033 1857/1509/1025 1823/1479/979
f 1860/1512/1028 1861/1513/1034 1824/1480/982
f 1859/1511/1027 1860/1512/1028 1824/1480/982
f 1859/1511/1027 1824/1480/982 1823/1479/979
f 1858/1510/1026 1859/1511/1027 1823/1479/979
f 1850/1496/1013 1851/1497/1014 1778/1440/918
f 1862/1514/1030 1850/1496/1013 1778/1440/918
f 1852/1498/1015 1849/1495/1012 1854/1500/1035
f 1766/1424/916 1852/1498/1015 1854/1500/1035
f 1850/1496/1013 1862/1514/1036 1854/1500/1035
f 1849/1495/1012 1850/1496/1013 1854/1500/1035
f 1852/1498/1015 1766/1424/916 1778/1440/918
f 1851/1497/1014 1852/1498/1015 1778/1440/918
f 1830/1486/992 1862/1514/1033 1823/1479/979
f 1829/1485/991 1830/1486/992 1823/1479/979
f 1832/1488/994 1814/1470/985 1854/1500/1035
f 1831/1487/993 1832/1488/994 1854/1500/1035
f 1829/1485/991 1823/1479/986 1814/1470/985
f 1832/1488/994 1829/1485/991 1814/1470/985
f 1830/1486/992 1831/1487/993 1854/1500/1035
f 1862/1514/1036 1830/1486/992 1854/1500/1035
f 1866/1518/1039 1865/1517/1038 1864/1516/1037
f 1867/1519/1040 1866/1518/1039 1864/1516/1037
f 1870/1522/1043 1869/1521/1042 1868/1520/1041
f 1871/1523/1044 1870/1522/1043 1868/1520/1041
f 1872/1524/1045 1693/1361/803 1694/1362/804
f 1873/1525/1046 1872/1524/1045 1694/1362/804
f 1874/1526/1048 1873/1525/1047 1694/1362/806
f 1696/1364/807 1874/1526/1048 1694/1362/806
f 1693/1361/69 1872/1524/69 1875/1527/195
f 1699/1367/69 1693/1361/69 1875/1527/195
f 1876/1528/1051 1873/1525/1050 1874/1526/1049
f 1877/1529/1052 1876/1528/1051 1874/1526/1049
f 1879/1531/1055 1878/1530/1054 1875/1527/1053
f 1872/1524/1056 1879/1531/1055 1875/1527/1053
f 1876/1528/69 1877/1529/195 1704/1372/69
f 1705/1373/69 1876/1528/69 1704/1372/69
f 1876/1528/1057 1705/1373/818 1706/1374/819
f 1879/1531/1058 1876/1528/1057 1706/1374/819
f 1879/1531/1059 1706/1374/821 1707/1375/822
f 1878/1530/1060 1879/1531/1059 1707/1375/822
f 1874/1526/1061 1696/1364/826 1704/1372/827
f 1877/1529/1062 1874/1526/1061 1704/1372/827
f 1882/1534/1065 1881/1533/1064 1880/1532/1063
f 1883/1535/1066 1882/1534/1065 1880/1532/1063
f 1715/1383/836 1712/1380/833 1884/1536/1067
f 1885/1537/1068 1715/1383/836 1884/1536/1067
f 1716/1540/1069 1887/1539/1069 1886/1538/1069
f 1719/1541/1069 1716/1540/1069 1886/1538/1069
f 1721/1543/64 1888/1542/64 1887/1539/125
f 1716/1540/64 1721/1543/64 1887/1539/125
f 1722/1545/1071 1889/1544/904 1888/1542/1070
f 1721/1543/1072 1722/1545/1071 1888/1542/1070
f 1722/1545/69 1719/1541/69 1886/1538/195
f 1889/1544/69 1722/1545/69 1886/1538/195
f 1719/1541/1075 1722/1545/1074 1721/1543/1073
f 1716/1540/1076 1719/1541/1075 1721/1543/1073
f 1889/1544/1077 1886/1538/1077 1887/1539/1077
f 1888/1542/1077 1889/1544/1077 1887/1539/1077
f 1875/1527/1078 1878/1530/1062 1707/1375/827
f 1699/1367/848 1875/1527/1078 1707/1375/827
f 1872/1524/1056 1873/1525/1050 1876/1528/1051
f 1879/1531/1055 1872/1524/1056 1876/1528/1051
f 1724/1392/850 1890/1546/1079 1884/1536/1079
f 1712/1380/826 1724/1392/850 1884/1536/1079
f 1893/1549/1082 1892/1548/1081 1891/1547/1080
f 1894/1550/1083 1893/1549/1082 1891/1547/1080
f 1867/1519/1040 1895/1551/1084 1730/1398/856
f 1866/1518/1039 1867/1519/1040 1730/1398/856
f 1896/1552/1085 1895/1551/1084 1867/1519/1040
f 1864/1516/1037 1896/1552/1085 1867/1519/1040
f 1733/1401/859 1896/1552/1085 1864/1516/1037
f 1865/1517/1038 1733/1401/859 1864/1516/1037
f 1730/1398/856 1733/1401/859 1865/1517/1038
f 1866/1518/1039 1730/1398/856 1865/1517/1038
f 1892/1548/1081 1730/1398/856 1895/1551/1084
f 1891/1547/1080 1892/1548/1081 1895/1551/1084
f 1895/1551/1087 1897/1553/1086 1894/1550/1083
f 1891/1547/1080 1895/1551/1087 1894/1550/1083
f 1735/1403/862 1730/1398/863 1892/1548/1081
f 1893/1549/1082 1735/1403/862 1892/1548/1081
f 1897/1553/1086 1735/1403/862 1893/1549/1082
f 1894/1550/1083 1897/1553/1086 1893/1549/1082
f 1881/1533/1064 1895/1551/1084 1896/1552/1085
f 1880/1532/1063 1881/1533/1064 1896/1552/1085
f 1883/1535/1066 1885/1537/1089 1884/1536/1088
f 1882/1534/1065 1883/1535/1066 1884/1536/1088
f 1884/1536/1088 1895/1551/1090 1881/1533/1064
f 1882/1534/1065 1884/1536/1088 1881/1533/1064
f 1896/1552/1091 1885/1537/1089 1883/1535/1066
f 1880/1532/1063 1896/1552/1091 1883/1535/1066
f 1897/1553/1086 1895/1551/1087 1869/1521/1042
f 1870/1522/1043 1897/1553/1086 1869/1521/1042
f 1884/1536/1088 1890/1546/1092 1871/1523/1044
f 1868/1520/1041 1884/1536/1088 1871/1523/1044
f 1871/1523/1044 1890/1546/1092 1897/1553/1093
f 1870/1522/1043 1871/1523/1044 1897/1553/1093
f 1869/1521/1042 1895/1551/1090 1884/1536/1088
f 1868/1520/1041 1869/1521/1042 1884/1536/1088
f 1900/1556/1096 1899/1555/1095 1898/1554/1094
f 1901/1557/1097 1900/1556/1096 1898/1554/1094
f 1904/1560/1100 1903/1559/1099 1902/1558/1098
f 1905/1561/1101 1904/1560/1100 1902/1558/1098
f 1744/1412/804 1745/1412/803 1906/1562/1102
f 1907/1562/1102 1744/1412/804 1906/1562/1102
f 1908/1563/1103 1749/1415/882 1744/1412/879
f 1907/1562/1104 1908/1563/1103 1744/1412/879
f 1909/1563/125 1906/1562/64 1745/1412/64
f 1751/1415/64 1909/1563/125 1745/1412/64
f 1908/1563/1107 1907/1562/1106 1910/1564/1105
f 1911/1563/1052 1908/1563/1107 1910/1564/1105
f 1909/1563/1109 1913/1563/1052 1912/1564/1108
f 1906/1562/1110 1909/1563/1109 1912/1564/1108
f 1910/1564/64 1756/1417/64 1757/1415/64
f 1911/1563/125 1910/1564/64 1757/1415/64
f 1758/1417/890 1756/1417/891 1910/1564/1058
f 1912/1564/1111 1758/1417/890 1910/1564/1058
f 1759/1415/69 1758/1417/69 1912/1564/69
f 1913/1563/195 1759/1415/69 1912/1564/69
f 1757/1415/827 1749/1415/848 1908/1563/1061
f 1911/1563/1062 1757/1415/827 1908/1563/1061
f 1916/1567/1114 1915/1566/1113 1914/1565/1112
f 1917/1568/1115 1916/1567/1114 1914/1565/1112
f 1918/1569/1116 1764/1422/896 1765/1423/897
f 1919/1570/1117 1918/1569/1116 1765/1423/897
f 1886/1573/1069 1920/1572/1069 1769/1571/1069
f 1719/1574/1069 1886/1573/1069 1769/1571/1069
f 1920/1572/195 1921/1576/69 1771/1575/69
f 1769/1571/69 1920/1572/195 1771/1575/69
f 1921/1576/1118 1889/1578/904 1722/1577/1118
f 1771/1575/904 1921/1576/1118 1722/1577/1118
f 1722/1577/64 1889/1578/64 1886/1573/125
f 1719/1574/64 1722/1577/64 1886/1573/125
f 1771/1575/1119 1722/1577/1120 1719/1574/1119
f 1769/1571/1120 1771/1575/1119 1719/1574/1119
f 1920/1572/1121 1886/1573/1121 1889/1578/1121
f 1921/1576/1121 1920/1572/1121 1889/1578/1121
f 1759/1415/850 1913/1563/1122 1909/1563/1078
f 1751/1415/826 1759/1415/850 1909/1563/1078
f 1910/1564/1105 1907/1562/1106 1906/1562/1110
f 1912/1564/1108 1910/1564/1105 1906/1562/1110
f 1764/1422/850 1918/1569/1123 1890/1546/1079
f 1724/1392/850 1764/1422/850 1890/1546/1079
f 1924/1581/1126 1923/1580/1125 1922/1579/1124
f 1925/1582/1127 1924/1581/1126 1922/1579/1124
f 1899/1555/1095 1900/1556/1096 1776/1438/909
f 1926/1583/1128 1899/1555/1095 1776/1438/909
f 1899/1555/1095 1926/1583/1128 1927/1584/1129
f 1898/1554/1094 1899/1555/1095 1927/1584/1129
f 1898/1554/1094 1927/1584/1129 1779/1441/912
f 1901/1557/1097 1898/1554/1094 1779/1441/912
f 1901/1557/1097 1779/1441/912 1776/1438/909
f 1900/1556/1096 1901/1557/1097 1776/1438/909
f 1925/1582/1127 1922/1579/1124 1926/1583/1128
f 1776/1438/909 1925/1582/1127 1926/1583/1128
f 1922/1579/1124 1923/1580/1125 1897/1553/1086
f 1926/1583/1130 1922/1579/1124 1897/1553/1086
f 1925/1582/1127 1776/1438/914 1735/1403/862
f 1924/1581/1126 1925/1582/1127 1735/1403/862
f 1924/1581/1126 1735/1403/862 1897/1553/1086
f 1923/1580/1125 1924/1581/1126 1897/1553/1086
f 1915/1566/1113 1916/1567/1114 1927/1584/1129
f 1926/1583/1128 1915/1566/1113 1927/1584/1129
f 1917/1568/1115 1914/1565/1112 1918/1569/1131
f 1919/1570/1132 1917/1568/1115 1918/1569/1131
f 1915/1566/1113 1926/1583/1133 1918/1569/1131
f 1914/1565/1112 1915/1566/1113 1918/1569/1131
f 1917/1568/1115 1919/1570/1132 1927/1584/1134
f 1916/1567/1114 1917/1568/1115 1927/1584/1134
f 1903/1559/1099 1926/1583/1130 1897/1553/1086
f 1902/1558/1098 1903/1559/1099 1897/1553/1086
f 1905/1561/1101 1890/1546/1092 1918/1569/1131
f 1904/1560/1100 1905/1561/1101 1918/1569/1131
f 1905/1561/1101 1902/1558/1098 1897/1553/1093
f 1890/1546/1092 1905/1561/1101 1897/1553/1093
f 1903/1559/1099 1904/1560/1100 1918/1569/1131
f 1926/1583/1133 1903/1559/1099 1918/1569/1131
f 1930/1587/1137 1929/1586/1136 1928/1585/1135
f 1931/1588/1138 1930/1587/1137 1928/1585/1135
f 1934/1591/1141 1933/1590/1140 1932/1589/1139
f 1935/1592/1142 1934/1591/1141 1932/1589/1139
f 1788/1450/927 1789/1450/928 1936/1593/1143
f 1937/1593/1144 1788/1450/927 1936/1593/1143
f 1792/1452/931 1788/1450/932 1937/1593/1145
f 1938/1594/1146 1792/1452/931 1937/1593/1145
f 1794/1452/69 1939/1594/69 1936/1593/69
f 1789/1450/69 1794/1452/69 1936/1593/69
f 1938/1594/1149 1937/1593/1148 1940/1595/1147
f 1941/1594/1150 1938/1594/1149 1940/1595/1147
f 1939/1594/1152 1943/1594/1150 1942/1595/1151
f 1936/1593/1153 1939/1594/1152 1942/1595/1151
f 1940/1595/195 1801/1455/69 1800/1452/69
f 1941/1594/69 1940/1595/195 1800/1452/69
f 1802/1455/942 1801/1455/943 1940/1595/1154
f 1942/1595/1154 1802/1455/942 1940/1595/1154
f 1803/1452/64 1802/1455/64 1942/1595/125
f 1943/1594/64 1803/1452/64 1942/1595/125
f 1800/1452/946 1792/1452/947 1938/1594/1155
f 1941/1594/1156 1800/1452/946 1938/1594/1155
f 1946/1598/1159 1945/1597/1158 1944/1596/1157
f 1947/1599/1160 1946/1598/1159 1944/1596/1157
f 1948/1600/69 1808/1460/69 1715/1383/836
f 1885/1537/1068 1948/1600/69 1715/1383/836
f 1950/1603/1161 1949/1602/1162 1812/1601/1161
f 1813/1604/1162 1950/1603/1161 1812/1601/1161
f 1949/1602/64 1888/1606/125 1721/1605/64
f 1812/1601/64 1949/1602/64 1721/1605/64
f 1888/1606/1165 1889/1608/1164 1722/1607/1163
f 1721/1605/1166 1888/1606/1165 1722/1607/1163
f 1722/1607/69 1889/1608/195 1950/1603/69
f 1813/1604/69 1722/1607/69 1950/1603/69
f 1721/1605/1169 1722/1607/1168 1813/1604/1167
f 1812/1601/1170 1721/1605/1169 1813/1604/1167
f 1949/1602/1171 1950/1603/1172 1889/1608/1171
f 1888/1606/1172 1949/1602/1171 1889/1608/1171
f 1803/1452/946 1943/1594/1156 1939/1594/1156
f 1794/1452/947 1803/1452/946 1939/1594/1156
f 1940/1595/1147 1937/1593/1148 1936/1593/1153
f 1942/1595/1151 1940/1595/1147 1936/1593/1153
f 1815/1471/969 1808/1460/970 1948/1600/1173
f 1951/1609/1174 1815/1471/969 1948/1600/1173
f 1954/1612/1177 1953/1611/1176 1952/1610/1175
f 1955/1613/1178 1954/1612/1177 1952/1610/1175
f 1929/1586/1136 1930/1587/1137 1820/1476/975
f 1956/1614/1179 1929/1586/1136 1820/1476/975
f 1928/1585/1135 1929/1586/1136 1956/1614/1179
f 1896/1552/1180 1928/1585/1135 1956/1614/1179
f 1928/1585/1135 1896/1552/1180 1822/1478/978
f 1931/1588/1138 1928/1585/1135 1822/1478/978
f 1931/1588/1138 1822/1478/978 1820/1476/975
f 1930/1587/1137 1931/1588/1138 1820/1476/975
f 1955/1613/1178 1952/1610/1175 1956/1614/1179
f 1820/1476/975 1955/1613/1178 1956/1614/1179
f 1953/1611/1176 1957/1615/1182 1956/1614/1181
f 1952/1610/1175 1953/1611/1176 1956/1614/1181
f 1955/1613/1178 1820/1476/981 1824/1480/982
f 1954/1612/1177 1955/1613/1178 1824/1480/982
f 1954/1612/1177 1824/1480/982 1957/1615/1182
f 1953/1611/1176 1954/1612/1177 1957/1615/1182
f 1945/1597/1158 1946/1598/1159 1896/1552/1091
f 1956/1614/1179 1945/1597/1158 1896/1552/1091
f 1947/1599/1160 1944/1596/1157 1948/1600/1183
f 1885/1537/1089 1947/1599/1160 1948/1600/1183
f 1945/1597/1158 1956/1614/1184 1948/1600/1183
f 1944/1596/1157 1945/1597/1158 1948/1600/1183
f 1947/1599/1160 1885/1537/1089 1896/1552/1091
f 1946/1598/1159 1947/1599/1160 1896/1552/1091
f 1933/1590/1140 1956/1614/1181 1957/1615/1182
f 1932/1589/1139 1933/1590/1140 1957/1615/1182
f 1935/1592/1142 1951/1609/1185 1948/1600/1183
f 1934/1591/1141 1935/1592/1142 1948/1600/1183
f 1932/1589/1139 1957/1615/1186 1951/1609/1185
f 1935/1592/1142 1932/1589/1139 1951/1609/1185
f 1933/1590/1140 1934/1591/1141 1948/1600/1183
f 1956/1614/1184 1933/1590/1140 1948/1600/1183
f 1960/1618/1189 1959/1617/1188 1958/1616/1187
f 1961/1619/1190 1960/1618/1189 1958/1616/1187
f 1964/1622/1193 1963/1621/1192 1962/1620/1191
f 1965/1623/1194 1964/1622/1193 1962/1620/1191
f 1966/1624/1143 1834/1490/996 1835/1490/997
f 1967/1624/1143 1966/1624/1143 1835/1490/997
f 1967/1624/69 1835/1490/69 1837/1491/69
f 1968/1625/69 1967/1624/69 1837/1491/69
f 1840/1491/1000 1834/1490/1001 1966/1624/1195
f 1969/1625/1196 1840/1491/1000 1966/1624/1195
f 1970/1626/1199 1967/1624/1198 1968/1625/1197
f 1971/1625/1150 1970/1626/1199 1968/1625/1197
f 1973/1626/1201 1972/1625/1150 1969/1625/1200
f 1966/1624/1202 1973/1626/1201 1969/1625/1200
f 1970/1626/125 1971/1625/64 1845/1491/64
f 1846/1494/64 1970/1626/125 1845/1491/64
f 1970/1626/1203 1846/1494/943 1847/1494/1009
f 1973/1626/1204 1970/1626/1203 1847/1494/1009
f 1973/1626/195 1847/1494/69 1848/1491/69
f 1972/1625/69 1973/1626/195 1848/1491/69
f 1968/1625/1205 1837/1491/947 1845/1491/1011
f 1971/1625/1156 1968/1625/1205 1845/1491/1011
f 1976/1629/1208 1975/1628/1207 1974/1627/1206
f 1977/1630/1209 1976/1629/1208 1974/1627/1206
f 1765/1423/897 1853/1499/1016 1978/1631/1210
f 1919/1570/1117 1765/1423/897 1978/1631/1210
f 1855/1634/1211 1979/1633/1161 1950/1632/1211
f 1813/1635/1161 1855/1634/1211 1950/1632/1211
f 1771/1637/69 1921/1636/195 1979/1633/69
f 1855/1634/69 1771/1637/69 1979/1633/69
f 1722/1639/1212 1889/1638/1164 1921/1636/1212
f 1771/1637/1164 1722/1639/1212 1921/1636/1212
f 1722/1639/64 1813/1635/64 1950/1632/64
f 1889/1638/125 1722/1639/64 1950/1632/64
f 1813/1635/1213 1722/1639/1214 1771/1637/1213
f 1855/1634/1214 1813/1635/1213 1771/1637/1213
f 1889/1638/1215 1950/1632/1172 1979/1633/1215
f 1921/1636/1172 1889/1638/1215 1979/1633/1215
f 1969/1625/1216 1972/1625/1156 1848/1491/1023
f 1840/1491/947 1969/1625/1216 1848/1491/1023
f 1966/1624/1202 1967/1624/1198 1970/1626/1199
f 1973/1626/1201 1966/1624/1202 1970/1626/1199
f 1951/1609/1174 1978/1631/1174 1853/1499/969
f 1815/1471/969 1951/1609/1174 1853/1499/969
f 1982/1642/1219 1981/1641/1218 1980/1640/1217
f 1983/1643/1220 1982/1642/1219 1980/1640/1217
f 1961/1619/1190 1984/1644/1221 1861/1513/1029
f 1960/1618/1189 1961/1619/1190 1861/1513/1029
f 1958/1616/1187 1927/1584/1222 1984/1644/1221
f 1961/1619/1190 1958/1616/1187 1984/1644/1221
f 1863/1515/1032 1927/1584/1222 1958/1616/1187
f 1959/1617/1188 1863/1515/1032 1958/1616/1187
f 1861/1513/1029 1863/1515/1032 1959/1617/1188
f 1960/1618/1189 1861/1513/1029 1959/1617/1188
f 1981/1641/1218 1861/1513/1029 1984/1644/1221
f 1980/1640/1217 1981/1641/1218 1984/1644/1221
f 1980/1640/1217 1984/1644/1223 1957/1615/1182
f 1983/1643/1220 1980/1640/1217 1957/1615/1182
f 1824/1480/982 1861/1513/1034 1981/1641/1218
f 1982/1642/1219 1824/1480/982 1981/1641/1218
f 1957/1615/1182 1824/1480/982 1982/1642/1219
f 1983/1643/1220 1957/1615/1182 1982/1642/1219
f 1975/1628/1207 1984/1644/1221 1927/1584/1134
f 1974/1627/1206 1975/1628/1207 1927/1584/1134
f 1977/1630/1209 1919/1570/1132 1978/1631/1224
f 1976/1629/1208 1977/1630/1209 1978/1631/1224
f 1978/1631/1224 1984/1644/1225 1975/1628/1207
f 1976/1629/1208 1978/1631/1224 1975/1628/1207
f 1927/1584/1134 1919/1570/1132 1977/1630/1209
f 1974/1627/1206 1927/1584/1134 1977/1630/1209
f 1957/1615/1182 1984/1644/1223 1963/1621/1192
f 1964/1622/1193 1957/1615/1182 1963/1621/1192
f 1978/1631/1224 1951/1609/1185 1965/1623/1194
f 1962/1620/1191 1978/1631/1224 1965/1623/1194
f 1951/1609/1185 1957/1615/1186 1964/1622/1193
f 1965/1623/1194 1951/1609/1185 1964/1622/1193
f 1963/1621/1192 1984/1644/1225 1978/1631/1224
f 1962/1620/1191 1963/1621/1192 1978/1631/1224
f 1985/1645/1226 1679/1347/789 1680/1348/790
f 1986/1646/1227 1985/1645/1226 1680/1348/790
f 1988/1648/1230 1987/1647/1229 1679/1347/1228
f 1985/1645/1231 1988/1648/1230 1679/1347/1228
f 1991/1651/1234 1990/1650/1233 1989/1649/1232
f 1987/1647/1229 1991/1651/1234 1989/1649/1232
f 1994/1654/1237 1993/1653/1236 1992/1652/1235
f 1995/1655/1238 1994/1654/1237 1992/1652/1235
f 1996/1656/1241 1676/1344/1240 1994/1654/1239
f 1995/1655/1242 1996/1656/1241 1994/1654/1239
f 1997/1657/1243 1996/1656/1241 1995/1655/1242
f 1998/1658/1244 1997/1657/1243 1995/1655/1242
f 1995/1655/1238 1992/1652/1235 1988/1648/1245
f 1998/1658/1246 1995/1655/1238 1988/1648/1245
f 1996/1656/1241 1997/1657/1243 1989/1649/1247
f 1990/1650/1248 1996/1656/1241 1989/1649/1247
f 1993/1653/1250 1677/1345/1249 1991/1651/1234
f 1992/1652/1251 1993/1653/1250 1991/1651/1234
f 1998/1658/1246 1988/1648/1245 1985/1645/1252
f 1986/1646/1252 1998/1658/1246 1985/1645/1252
f 1680/1348/1253 1997/1657/1243 1998/1658/1244
f 1986/1646/1254 1680/1348/1253 1998/1658/1244
f 1987/1647/1229 1989/1649/1232 1678/1346/788
f 1679/1347/789 1987/1647/1229 1678/1346/788
f 1992/1652/1251 1991/1651/1234 1987/1647/1229
f 1988/1648/1230 1992/1652/1251 1987/1647/1229
f 1676/1344/1240 1996/1656/1241 1990/1650/1248
f 1675/1343/1255 1676/1344/1240 1990/1650/1248
f 1677/1345/1249 1675/1343/1256 1990/1650/1233
f 1991/1651/1234 1677/1345/1249 1990/1650/1233
f 1997/1657/1243 1680/1348/790 1678/1346/788
f 1989/1649/1247 1997/1657/1243 1678/1346/788
f 2000/1660/1258 1999/1659/1257 1683/1351/793
f 1681/1349/791 2000/1660/1258 1683/1351/793
f 2001/1661/1261 2000/1660/1260 1681/1349/1259
f 2002/1662/1262 2001/1661/1261 1681/1349/1259
f 2005/1665/1265 2004/1664/1264 2003/1663/1263
f 2002/1662/1262 2005/1665/1265 2003/1663/1263
f 2006/1666/1266 1993/1653/1236 1994/1654/1237
f 2007/1667/1267 2006/1666/1266 1994/1654/1237
f 1994/1654/1239 1676/1344/1240 2008/1668/1268
f 2007/1667/1269 1994/1654/1239 2008/1668/1268
f 2007/1667/1269 2008/1668/1268 2009/1669/1270
f 2010/1670/1271 2007/1667/1269 2009/1669/1270
f 2001/1661/1272 2006/1666/1266 2007/1667/1267
f 2010/1670/1273 2001/1661/1272 2007/1667/1267
f 2008/1668/1268 2004/1664/1275 2005/1665/1274
f 2009/1669/1270 2008/1668/1268 2005/1665/1274
f 1993/1653/1250 2006/1666/1276 2003/1663/1263
f 1677/1345/1249 1993/1653/1250 2003/1663/1263
f 2000/1660/1277 2001/1661/1272 2010/1670/1273
f 1999/1659/1277 2000/1660/1277 2010/1670/1273
f 2010/1670/1271 2009/1669/1270 1683/1351/1278
f 1999/1659/1279 2010/1670/1271 1683/1351/1278
f 1682/1350/792 2005/1665/1265 2002/1662/1262
f 1681/1349/791 1682/1350/792 2002/1662/1262
f 2006/1666/1276 2001/1661/1261 2002/1662/1262
f 2003/1663/1263 2006/1666/1276 2002/1662/1262
f 1676/1344/1240 1675/1343/1280 2004/1664/1275
f 2008/1668/1268 1676/1344/1240 2004/1664/1275
f 2004/1664/1264 1675/1343/1281 1677/1345/1249
f 2003/1663/1263 2004/1664/1264 1677/1345/1249
f 2009/1669/1270 2005/1665/1274 1682/1350/792
f 1683/1351/793 2009/1669/1270 1682/1350/792
f 2013/1672/1282 2012/1672/1283 2011/1671/1282
f 2014/1671/1283 2013/1672/1282 2011/1671/1282
f 2012/1672/1286 2016/1674/1285 2015/1673/1284
f 2011/1671/1287 2012/1672/1286 2015/1673/1284
f 2016/1674/1288 2018/1674/1289 2017/1673/1288
f 2015/1673/1289 2016/1674/1288 2017/1673/1288
f 2017/1673/1292 2018/1674/1291 2013/1672/1290
f 2014/1671/1293 2017/1673/1292 2013/1672/1290
f 2015/1673/1294 2017/1673/1294 2014/1671/1294
f 2011/1671/1295 2015/1673/1294 2014/1671/1294
f 2012/1672/1298 2013/1672/1297 2018/1674/1296
f 2016/1674/1299 2012/1672/1298 2018/1674/1296
f 2021/1677/1302 2020/1676/1301 2019/1675/1300
f 2022/1678/1303 2021/1677/1302 2019/1675/1300
f 2019/1675/1300 2020/1676/1301 2023/1679/1304
f 2024/1680/1305 2019/1675/1300 2023/1679/1304
f 2023/1679/1304 2026/1682/1307 2025/1681/1306
f 2024/1680/1305 2023/1679/1304 2025/1681/1306
f 2026/1682/1307 2028/1684/1309 2027/1683/1308
f 2025/1681/1306 2026/1682/1307 2027/1683/1308
f 2028/1684/1309 2030/1686/1311 2029/1685/1310
f 2027/1683/1308 2028/1684/1309 2029/1685/1310
f 2030/1686/1311 2032/1688/1313 2031/1687/1312
f 2029/1685/1310 2030/1686/1311 2031/1687/1312
f 2031/1687/1312 2032/1688/1313 2033/1689/1314
f 2034/1690/1315 2031/1687/1312 2033/1689/1314
f 2034/1690/1315 2033/1689/1314 2035/1691/1316
f 2036/1692/1317 2034/1690/1315 2035/1691/1316
f 2035/1691/1316 2038/1694/1319 2037/1693/1318
f 2036/1692/1317 2035/1691/1316 2037/1693/1318
f 2037/1693/1318 2038/1694/1319 2039/1695/1320
f 2040/1696/1321 2037/1693/1318 2039/1695/1320
f 2028/1684/1324 2042/1698/1323 2041/1697/1322
f 2030/1686/1325 2028/1684/1324 2041/1697/1322
f 2039/1695/1320 2044/1700/1327 2043/1699/1326
f 2040/1696/1321 2039/1695/1320 2043/1699/1326
f 2043/1699/1326 2044/1700/1327 2021/1677/1302
f 2022/1678/1303 2043/1699/1326 2021/1677/1302
f 2044/1700/1330 2046/1702/1329 2045/1701/1328
f 2021/1677/1331 2044/1700/1330 2045/1701/1328
f 2033/1689/1334 2032/1688/1333 2047/1703/1332
f 2048/1704/1335 2033/1689/1334 2047/1703/1332
f 2023/1679/1338 2020/1676/1337 2049/1705/1336
f 2050/1706/1339 2023/1679/1338 2049/1705/1336
f 2038/1694/1342 2035/1691/1341 2051/1707/1340
f 2052/1708/1343 2038/1694/1342 2051/1707/1340
f 2026/1682/1345 2053/1709/1344 2042/1698/1323
f 2028/1684/1324 2026/1682/1345 2042/1698/1323
f 2045/1701/1348 2055/1711/1347 2054/1710/1346
f 2049/1705/1349 2045/1701/1348 2054/1710/1346
f 2046/1702/1351 2056/1712/1350 2055/1711/1347
f 2045/1701/1348 2046/1702/1351 2055/1711/1347
f 2053/1709/1354 2058/1714/1353 2057/1713/1352
f 2042/1698/1355 2053/1709/1354 2057/1713/1352
f 2041/1697/1356 2042/1698/1355 2057/1713/1352
f 2059/1715/1357 2041/1697/1356 2057/1713/1352
f 2047/1703/1358 2041/1697/1356 2059/1715/1357
f 2060/1716/1359 2047/1703/1358 2059/1715/1357
f 2048/1704/1360 2047/1703/1358 2060/1716/1359
f 2061/1717/1361 2048/1704/1360 2060/1716/1359
f 2053/1709/1354 2050/1706/1363 2062/1718/1362
f 2058/1714/1353 2053/1709/1354 2062/1718/1362
f 2064/1720/1365 2063/1719/1364 2056/1712/1350
f 2046/1702/1351 2064/1720/1365 2056/1712/1350
f 2049/1705/1349 2054/1710/1346 2062/1718/1362
f 2050/1706/1363 2049/1705/1349 2062/1718/1362
f 2064/1720/1365 2052/1708/1367 2065/1721/1366
f 2063/1719/1364 2064/1720/1365 2065/1721/1366
f 2051/1707/1369 2066/1722/1368 2065/1721/1366
f 2052/1708/1367 2051/1707/1369 2065/1721/1366
f 2051/1707/1369 2048/1704/1360 2061/1717/1361
f 2066/1722/1368 2051/1707/1369 2061/1717/1361
f 2038/1694/1342 2052/1708/1343 2064/1720/1370
f 2039/1695/1371 2038/1694/1342 2064/1720/1370
f 2026/1682/1345 2023/1679/1338 2050/1706/1339
f 2053/1709/1344 2026/1682/1345 2050/1706/1339
f 2035/1691/1341 2033/1689/1334 2048/1704/1335
f 2051/1707/1340 2035/1691/1341 2048/1704/1335
f 2020/1676/1337 2021/1677/1331 2045/1701/1328
f 2049/1705/1336 2020/1676/1337 2045/1701/1328
f 2030/1686/1325 2041/1697/1322 2047/1703/1332
f 2032/1688/1333 2030/1686/1325 2047/1703/1332
f 2039/1695/1371 2064/1720/1370 2046/1702/1329
f 2044/1700/1330 2039/1695/1371 2046/1702/1329
f 2069/1725/1374 2068/1724/1373 2067/1723/1372
f 2070/1726/1375 2069/1725/1374 2067/1723/1372
f 2073/1728/1378 2072/1728/1377 2071/1727/1376
f 2074/1727/1379 2073/1728/1378 2071/1727/1376
f 2075/1724/1382 2068/1724/1381 2072/1728/1380
f 2073/1728/1383 2075/1724/1382 2072/1728/1380
f 2078/1730/1386 2077/1730/1385 2076/1729/1384
f 2079/1729/1387 2078/1730/1386 2076/1729/1384
f 2081/1723/1390 2075/1724/1389 2080/1725/1388
f 2082/1726/1391 2081/1723/1390 2080/1725/1388
f 2070/1726/1375 2067/1723/1372 2078/1730/1386
f 2079/1729/1387 2070/1726/1375 2078/1730/1386
f 2082/1726/1391 2076/1729/1384 2077/1730/1385
f 2081/1723/1390 2082/1726/1391 2077/1730/1385
f 2074/1727/1379 2080/1725/1388 2075/1724/1389
f 2073/1728/1378 2074/1727/1379 2075/1724/1389
f 2068/1724/1373 2069/1725/1374 2071/1727/1376
f 2072/1728/1377 2068/1724/1373 2071/1727/1376
f 2082/1726/1393 2070/1726/1393 2079/1729/1392
f 2076/1729/1394 2082/1726/1393 2079/1729/1392
f 2082/1726/1393 2080/1725/1396 2069/1725/1395
f 2070/1726/1393 2082/1726/1393 2069/1725/1395
f 2080/1725/1396 2074/1727/1398 2071/1727/1397
f 2069/1725/1395 2080/1725/1396 2071/1727/1397
f 2081/1723/1401 2077/1730/1400 2078/1730/1399
f 2067/1723/1402 2081/1723/1401 2078/1730/1399
f 2075/1724/1382 2081/1723/1401 2067/1723/1402
f 2068/1724/1381 2075/1724/1382 2067/1723/1402
f 2085/1733/1405 2084/1732/1404 2083/1731/1403
f 2086/1734/1406 2085/1733/1405 2083/1731/1403
f 2085/1733/1405 2088/1736/1408 2087/1735/1407
f 2084/1732/1404 2085/1733/1405 2087/1735/1407
f 2086/1734/1406 2083/1731/1403 2089/1737/1409
f 2090/1738/1410 2086/1734/1406 2089/1737/1409
f 2088/1736/1408 2092/1740/1412 2091/1739/1411
f 2087/1735/1407 2088/1736/1408 2091/1739/1411
f 2083/1731/1415 2091/1739/1414 2089/1737/1413
f 2083/1731/1415 2087/1735/1416 2091/1739/1414
f 2083/1731/1415 2084/1732/1417 2087/1735/1416
f 2088/1736/1420 2090/1738/1419 2092/1740/1418
f 2088/1736/1420 2086/1734/1421 2090/1738/1419
f 2088/1736/1420 2085/1733/1422 2086/1734/1421
f 2092/1740/1425 2090/1738/1424 2089/1737/1423
f 2091/1739/1426 2092/1740/1425 2089/1737/1423
g item_bladens
f 2095/1743/773 2094/1742/772 2093/1741/771
f 2096/1744/774 2095/1743/773 2093/1741/771
f 2097/1742/775 2095/1743/773 2096/1744/774
f 2098/1741/776 2097/1742/775 2096/1744/774
f 2099/1745/777 2097/1742/775 2098/1741/776
f 2100/1746/778 2099/1745/777 2098/1741/776
f 2094/1742/772 2099/1745/777 2100/1746/778
f 2093/1741/771 2094/1742/772 2100/1746/778
f 2100/1746/778 2098/1741/776 2096/1744/774
f 2093/1741/771 2100/1746/778 2096/1744/774
f 2101/1747/781 2094/1742/780 2095/1743/779
f 2102/1748/782 2101/1747/781 2095/1743/779
f 2102/1748/782 2095/1743/779 2097/1742/783
f 2103/1747/784 2102/1748/782 2097/1742/783
f 2103/1747/784 2097/1742/783 2099/1745/785
f 2104/1749/786 2103/1747/784 2099/1745/785
f 2104/1749/786 2099/1745/785 2094/1742/780
f 2101/1747/781 2104/1749/786 2094/1742/780
f 2102/1748/782 2103/1747/784 2104/1749/786
f 2101/1747/781 2102/1748/782 2104/1749/786
f 2107/1752/787 2106/1751/787 2105/1750/787
f 2110/1755/790 2109/1754/789 2108/1753/788
f 2113/1758/793 2112/1757/792 2111/1756/791
f 2116/1761/796 2115/1760/795 2114/1759/794
f 2117/1762/797 2116/1761/796 2114/1759/794
f 2120/1765/800 2119/1764/799 2118/1763/798
f 2121/1766/801 2120/1765/800 2118/1763/798
f 2124/1769/804 2123/1768/803 2122/1767/802
f 2125/1770/805 2124/1769/804 2122/1767/802
f 2127/1772/808 2126/1771/807 2124/1769/806
f 2125/1770/809 2127/1772/808 2124/1769/806
f 2128/1773/69 2122/1767/69 2123/1768/69
f 2129/1774/69 2128/1773/69 2123/1768/69
f 2127/1772/812 2125/1770/811 2130/1775/810
f 2131/1776/813 2127/1772/812 2130/1775/810
f 2128/1773/815 2133/1778/813 2132/1777/814
f 2122/1767/816 2128/1773/815 2132/1777/814
f 2135/1780/69 2134/1779/69 2131/1776/69
f 2130/1775/69 2135/1780/69 2131/1776/69
f 2136/1781/819 2135/1780/818 2130/1775/817
f 2132/1777/820 2136/1781/819 2130/1775/817
f 2133/1778/823 2137/1782/822 2136/1781/821
f 2132/1777/824 2133/1778/823 2136/1781/821
f 2134/1779/827 2126/1771/826 2127/1772/825
f 2131/1776/828 2134/1779/827 2127/1772/825
f 2140/1785/831 2139/1784/830 2138/1783/829
f 2141/1786/832 2140/1785/831 2138/1783/829
f 2144/1789/835 2143/1788/834 2142/1787/833
f 2145/1790/836 2144/1789/835 2142/1787/833
f 2148/1793/837 2147/1792/837 2146/1791/837
f 2149/1794/837 2148/1793/837 2146/1791/837
f 2146/1791/64 2147/1792/64 2150/1795/64
f 2151/1796/125 2146/1791/64 2150/1795/64
f 2150/1795/840 2153/1798/839 2152/1797/838
f 2151/1796/841 2150/1795/840 2152/1797/838
f 2153/1798/69 2148/1793/69 2149/1794/69
f 2152/1797/69 2153/1798/69 2149/1794/69
f 2151/1796/844 2152/1797/843 2149/1794/842
f 2146/1791/845 2151/1796/844 2149/1794/842
f 2147/1792/846 2148/1793/846 2153/1798/846
f 2150/1795/846 2147/1792/846 2153/1798/846
f 2137/1782/827 2133/1778/825 2128/1773/847
f 2129/1774/848 2137/1782/827 2128/1773/847
f 2130/1775/810 2125/1770/811 2122/1767/816
f 2132/1777/814 2130/1775/810 2122/1767/816
f 2154/1799/850 2142/1787/826 2143/1788/849
f 2155/1800/851 2154/1799/850 2143/1788/849
f 2158/1803/854 2157/1802/853 2156/1801/852
f 2159/1804/855 2158/1803/854 2156/1801/852
f 2115/1760/795 2116/1761/796 2160/1805/856
f 2161/1806/857 2115/1760/795 2160/1805/856
f 2115/1760/795 2161/1806/857 2162/1807/858
f 2114/1759/794 2115/1760/795 2162/1807/858
f 2114/1759/794 2162/1807/858 2163/1808/859
f 2117/1762/797 2114/1759/794 2163/1808/859
f 2117/1762/797 2163/1808/859 2160/1805/856
f 2116/1761/796 2117/1762/797 2160/1805/856
f 2159/1804/855 2156/1801/852 2161/1806/857
f 2160/1805/856 2159/1804/855 2161/1806/857
f 2157/1802/853 2164/1809/861 2161/1806/860
f 2156/1801/852 2157/1802/853 2161/1806/860
f 2159/1804/855 2160/1805/863 2165/1810/862
f 2158/1803/854 2159/1804/855 2165/1810/862
f 2158/1803/854 2165/1810/862 2164/1809/861
f 2157/1802/853 2158/1803/854 2164/1809/861
f 2139/1784/830 2140/1785/831 2162/1807/858
f 2161/1806/857 2139/1784/830 2162/1807/858
f 2141/1786/832 2138/1783/829 2143/1788/864
f 2144/1789/865 2141/1786/832 2143/1788/864
f 2139/1784/830 2161/1806/866 2143/1788/864
f 2138/1783/829 2139/1784/830 2143/1788/864
f 2141/1786/832 2144/1789/865 2162/1807/867
f 2140/1785/831 2141/1786/832 2162/1807/867
f 2119/1764/799 2161/1806/860 2164/1809/861
f 2118/1763/798 2119/1764/799 2164/1809/861
f 2121/1766/801 2155/1800/868 2143/1788/864
f 2120/1765/800 2121/1766/801 2143/1788/864
f 2121/1766/801 2118/1763/798 2164/1809/869
f 2155/1800/868 2121/1766/801 2164/1809/869
f 2119/1764/799 2120/1765/800 2143/1788/864
f 2161/1806/866 2119/1764/799 2143/1788/864
f 2168/1813/872 2167/1812/871 2166/1811/870
f 2169/1814/873 2168/1813/872 2166/1811/870
f 2172/1817/876 2171/1816/875 2170/1815/874
f 2173/1818/877 2172/1817/876 2170/1815/874
f 2176/1820/878 2175/1819/803 2174/1819/804
f 2177/1820/805 2176/1820/878 2174/1819/804
f 2178/1821/881 2177/1820/880 2174/1819/879
f 2179/1822/882 2178/1821/881 2174/1819/879
f 2175/1819/64 2176/1820/64 2180/1821/64
f 2181/1822/64 2175/1819/64 2180/1821/64
f 2182/1823/885 2177/1820/884 2178/1821/883
f 2183/1821/886 2182/1823/885 2178/1821/883
f 2185/1823/888 2184/1821/886 2180/1821/887
f 2176/1820/889 2185/1823/888 2180/1821/887
f 2183/1821/64 2187/1822/64 2186/1824/64
f 2182/1823/64 2183/1821/64 2186/1824/64
f 2182/1823/820 2186/1824/891 2188/1824/890
f 2185/1823/817 2182/1823/820 2188/1824/890
f 2184/1821/69 2185/1823/69 2188/1824/69
f 2189/1822/69 2184/1821/69 2188/1824/69
f 2178/1821/847 2179/1822/848 2187/1822/827
f 2183/1821/825 2178/1821/847 2187/1822/827
f 2192/1827/894 2191/1826/893 2190/1825/892
f 2193/1828/895 2192/1827/894 2190/1825/892
f 2196/1831/898 2195/1830/897 2194/1829/896
f 2197/1832/899 2196/1831/898 2194/1829/896
f 2199/1835/900 2198/1834/837 2148/1833/900
f 2149/1836/837 2199/1835/900 2148/1833/900
f 2199/1835/69 2201/1838/69 2200/1837/69
f 2198/1834/69 2199/1835/69 2200/1837/69
f 2152/1840/901 2153/1839/839 2200/1837/901
f 2201/1838/839 2152/1840/901 2200/1837/901
f 2149/1836/64 2148/1833/64 2153/1839/64
f 2152/1840/64 2149/1836/64 2153/1839/64
f 2149/1836/902 2152/1840/903 2201/1838/902
f 2199/1835/903 2149/1836/902 2201/1838/902
f 2153/1839/846 2148/1833/846 2198/1834/846
f 2200/1837/846 2153/1839/846 2198/1834/846
f 2180/1821/828 2184/1821/825 2189/1822/850
f 2181/1822/826 2180/1821/828 2189/1822/850
f 2176/1820/889 2177/1820/884 2182/1823/885
f 2185/1823/888 2176/1820/889 2182/1823/885
f 2155/1800/851 2197/1832/904 2194/1829/850
f 2154/1799/850 2155/1800/851 2194/1829/850
f 2204/1843/907 2203/1842/906 2202/1841/905
f 2205/1844/908 2204/1843/907 2202/1841/905
f 2169/1814/873 2207/1846/910 2206/1845/909
f 2168/1813/872 2169/1814/873 2206/1845/909
f 2208/1847/911 2207/1846/910 2169/1814/873
f 2166/1811/870 2208/1847/911 2169/1814/873
f 2209/1848/912 2208/1847/911 2166/1811/870
f 2167/1812/871 2209/1848/912 2166/1811/870
f 2206/1845/909 2209/1848/912 2167/1812/871
f 2168/1813/872 2206/1845/909 2167/1812/871
f 2203/1842/906 2206/1845/909 2207/1846/910
f 2202/1841/905 2203/1842/906 2207/1846/910
f 2202/1841/905 2207/1846/913 2164/1809/861
f 2205/1844/908 2202/1841/905 2164/1809/861
f 2165/1810/862 2206/1845/914 2203/1842/906
f 2204/1843/907 2165/1810/862 2203/1842/906
f 2164/1809/861 2165/1810/862 2204/1843/907
f 2205/1844/908 2164/1809/861 2204/1843/907
f 2191/1826/893 2207/1846/910 2208/1847/911
f 2190/1825/892 2191/1826/893 2208/1847/911
f 2193/1828/895 2196/1831/916 2197/1832/915
f 2192/1827/894 2193/1828/895 2197/1832/915
f 2197/1832/915 2207/1846/917 2191/1826/893
f 2192/1827/894 2197/1832/915 2191/1826/893
f 2208/1847/918 2196/1831/916 2193/1828/895
f 2190/1825/892 2208/1847/918 2193/1828/895
f 2164/1809/861 2207/1846/913 2171/1816/875
f 2172/1817/876 2164/1809/861 2171/1816/875
f 2197/1832/915 2155/1800/868 2173/1818/877
f 2170/1815/874 2197/1832/915 2173/1818/877
f 2173/1818/877 2155/1800/868 2164/1809/869
f 2172/1817/876 2173/1818/877 2164/1809/869
f 2171/1816/875 2207/1846/917 2197/1832/915
f 2170/1815/874 2171/1816/875 2197/1832/915
f 2212/1851/921 2211/1850/920 2210/1849/919
f 2213/1852/922 2212/1851/921 2210/1849/919
f 2216/1855/925 2215/1854/924 2214/1853/923
f 2217/1856/926 2216/1855/925 2214/1853/923
f 2220/1858/929 2219/1857/928 2218/1857/927
f 2221/1858/930 2220/1858/929 2218/1857/927
f 2221/1858/933 2218/1857/932 2222/1859/931
f 2223/1860/934 2221/1858/933 2222/1859/931
f 2224/1859/69 2219/1857/69 2220/1858/69
f 2225/1860/69 2224/1859/69 2220/1858/69
f 2226/1861/937 2221/1858/936 2223/1860/935
f 2227/1860/938 2226/1861/937 2223/1860/935
f 2229/1861/940 2228/1860/938 2225/1860/939
f 2220/1858/941 2229/1861/940 2225/1860/939
f 2226/1861/69 2227/1860/69 2230/1859/69
f 2231/1862/69 2226/1861/69 2230/1859/69
f 2226/1861/944 2231/1862/943 2232/1862/942
f 2229/1861/945 2226/1861/944 2232/1862/942
f 2229/1861/64 2232/1862/64 2233/1859/64
f 2228/1860/64 2229/1861/64 2233/1859/64
f 2223/1860/948 2222/1859/947 2230/1859/946
f 2227/1860/949 2223/1860/948 2230/1859/946
f 2236/1865/952 2235/1864/951 2234/1863/950
f 2237/1866/953 2236/1865/952 2234/1863/950
f 2144/1789/835 2145/1790/836 2238/1867/69
f 2239/1868/69 2144/1789/835 2238/1867/69
f 2242/1871/954 2241/1870/955 2240/1869/954
f 2243/1872/955 2242/1871/954 2240/1869/954
f 2242/1871/64 2151/1874/64 2150/1873/64
f 2241/1870/64 2242/1871/64 2150/1873/64
f 2152/1876/958 2153/1875/957 2150/1873/956
f 2151/1874/959 2152/1876/958 2150/1873/956
f 2243/1872/69 2240/1869/69 2153/1875/69
f 2152/1876/69 2243/1872/69 2153/1875/69
f 2243/1872/962 2152/1876/961 2151/1874/960
f 2242/1871/963 2243/1872/962 2151/1874/960
f 2153/1875/964 2240/1869/965 2241/1870/964
f 2150/1873/965 2153/1875/964 2241/1870/964
f 2225/1860/966 2228/1860/949 2233/1859/946
f 2224/1859/947 2225/1860/966 2233/1859/946
f 2220/1858/941 2221/1858/936 2226/1861/937
f 2229/1861/940 2220/1858/941 2226/1861/937
f 2245/1878/969 2244/1877/968 2239/1868/967
f 2238/1867/970 2245/1878/969 2239/1868/967
f 2248/1881/973 2247/1880/972 2246/1879/971
f 2249/1882/974 2248/1881/973 2246/1879/971
f 2213/1852/922 2251/1884/976 2250/1883/975
f 2212/1851/921 2213/1852/922 2250/1883/975
f 2162/1807/977 2251/1884/976 2213/1852/922
f 2210/1849/919 2162/1807/977 2213/1852/922
f 2252/1885/978 2162/1807/977 2210/1849/919
f 2211/1850/920 2252/1885/978 2210/1849/919
f 2250/1883/975 2252/1885/978 2211/1850/920
f 2212/1851/921 2250/1883/975 2211/1850/920
f 2247/1880/972 2250/1883/975 2251/1884/976
f 2246/1879/971 2247/1880/972 2251/1884/976
f 2251/1884/980 2253/1886/979 2249/1882/974
f 2246/1879/971 2251/1884/980 2249/1882/974
f 2254/1887/982 2250/1883/981 2247/1880/972
f 2248/1881/973 2254/1887/982 2247/1880/972
f 2253/1886/979 2254/1887/982 2248/1881/973
f 2249/1882/974 2253/1886/979 2248/1881/973
f 2235/1864/951 2251/1884/976 2162/1807/867
f 2234/1863/950 2235/1864/951 2162/1807/867
f 2237/1866/953 2144/1789/865 2239/1868/983
f 2236/1865/952 2237/1866/953 2239/1868/983
f 2239/1868/983 2251/1884/984 2235/1864/951
f 2236/1865/952 2239/1868/983 2235/1864/951
f 2162/1807/867 2144/1789/865 2237/1866/953
f 2234/1863/950 2162/1807/867 2237/1866/953
f 2253/1886/979 2251/1884/980 2215/1854/924
f 2216/1855/925 2253/1886/979 2215/1854/924
f 2239/1868/983 2244/1877/985 2217/1856/926
f 2214/1853/923 2239/1868/983 2217/1856/926
f 2244/1877/985 2253/1886/986 2216/1855/925
f 2217/1856/926 2244/1877/985 2216/1855/925
f 2215/1854/924 2251/1884/984 2239/1868/983
f 2214/1853/923 2215/1854/924 2239/1868/983
f 2257/1890/989 2256/1889/988 2255/1888/987
f 2258/1891/990 2257/1890/989 2255/1888/987
f 2261/1894/993 2260/1893/992 2259/1892/991
f 2262/1895/994 2261/1894/993 2259/1892/991
f 2265/1897/997 2264/1897/996 2263/1896/995
f 2266/1896/995 2265/1897/997 2263/1896/995
f 2267/1898/69 2265/1897/69 2266/1896/69
f 2268/1899/69 2267/1898/69 2266/1896/69
f 2270/1898/1000 2269/1899/999 2263/1896/998
f 2264/1897/1001 2270/1898/1000 2263/1896/998
f 2268/1899/1004 2266/1896/1003 2271/1900/1002
f 2272/1899/938 2268/1899/1004 2271/1900/1002
f 2269/1899/1006 2274/1899/938 2273/1900/1005
f 2263/1896/1007 2269/1899/1006 2273/1900/1005
f 2271/1900/64 2276/1901/64 2275/1898/64
f 2272/1899/64 2271/1900/64 2275/1898/64
f 2277/1901/1009 2276/1901/943 2271/1900/1008
f 2273/1900/944 2277/1901/1009 2271/1900/1008
f 2278/1898/69 2277/1901/69 2273/1900/69
f 2274/1899/69 2278/1898/69 2273/1900/69
f 2275/1898/1011 2267/1898/947 2268/1899/1010
f 2272/1899/949 2275/1898/1011 2268/1899/1010
f 2281/1904/1014 2280/1903/1013 2279/1902/1012
f 2282/1905/1015 2281/1904/1014 2279/1902/1012
f 2196/1831/898 2284/1907/1017 2283/1906/1016
f 2195/1830/897 2196/1831/898 2283/1906/1016
f 2240/1910/954 2286/1909/954 2285/1908/954
f 2243/1911/954 2240/1910/954 2285/1908/954
f 2285/1908/69 2286/1909/69 2200/1912/69
f 2201/1913/69 2285/1908/69 2200/1912/69
f 2200/1912/1018 2153/1915/957 2152/1914/1018
f 2201/1913/957 2200/1912/1018 2152/1914/1018
f 2153/1915/64 2240/1910/64 2243/1911/64
f 2152/1914/64 2153/1915/64 2243/1911/64
f 2201/1913/1019 2152/1914/1020 2243/1911/1019
f 2285/1908/1020 2201/1913/1019 2243/1911/1019
f 2286/1909/965 2240/1910/964 2153/1915/965
f 2200/1912/964 2286/1909/965 2153/1915/965
f 2278/1898/1023 2274/1899/1022 2269/1899/1021
f 2270/1898/947 2278/1898/1023 2269/1899/1021
f 2271/1900/1002 2266/1896/1003 2263/1896/1007
f 2273/1900/1005 2271/1900/1002 2263/1896/1007
f 2283/1906/969 2284/1907/1024 2244/1877/968
f 2245/1878/969 2283/1906/969 2244/1877/968
f 2289/1918/1027 2288/1917/1026 2287/1916/1025
f 2290/1919/1028 2289/1918/1027 2287/1916/1025
f 2256/1889/988 2257/1890/989 2291/1920/1029
f 2292/1921/1030 2256/1889/988 2291/1920/1029
f 2256/1889/988 2292/1921/1030 2208/1847/1031
f 2255/1888/987 2256/1889/988 2208/1847/1031
f 2255/1888/987 2208/1847/1031 2293/1922/1032
f 2258/1891/990 2255/1888/987 2293/1922/1032
f 2258/1891/990 2293/1922/1032 2291/1920/1029
f 2257/1890/989 2258/1891/990 2291/1920/1029
f 2290/1919/1028 2287/1916/1025 2292/1921/1030
f 2291/1920/1029 2290/1919/1028 2292/1921/1030
f 2287/1916/1025 2288/1917/1026 2253/1886/979
f 2292/1921/1033 2287/1916/1025 2253/1886/979
f 2290/1919/1028 2291/1920/1034 2254/1887/982
f 2289/1918/1027 2290/1919/1028 2254/1887/982
f 2289/1918/1027 2254/1887/982 2253/1886/979
f 2288/1917/1026 2289/1918/1027 2253/1886/979
f 2280/1903/1013 2281/1904/1014 2208/1847/918
f 2292/1921/1030 2280/1903/1013 2208/1847/918
f 2282/1905/1015 2279/1902/1012 2284/1907/1035
f 2196/1831/916 2282/1905/1015 2284/1907/1035
f 2280/1903/1013 2292/1921/1036 2284/1907/1035
f 2279/1902/1012 2280/1903/1013 2284/1907/1035
f 2282/1905/1015 2196/1831/916 2208/1847/918
f 2281/1904/1014 2282/1905/1015 2208/1847/918
f 2260/1893/992 2292/1921/1033 2253/1886/979
f 2259/1892/991 2260/1893/992 2253/1886/979
f 2262/1895/994 2244/1877/985 2284/1907/1035
f 2261/1894/993 2262/1895/994 2284/1907/1035
f 2259/1892/991 2253/1886/986 2244/1877/985
f 2262/1895/994 2259/1892/991 2244/1877/985
f 2260/1893/992 2261/1894/993 2284/1907/1035
f 2292/1921/1036 2260/1893/992 2284/1907/1035
f 2296/1925/1039 2295/1924/1038 2294/1923/1037
f 2297/1926/1040 2296/1925/1039 2294/1923/1037
f 2300/1929/1043 2299/1928/1042 2298/1927/1041
f 2301/1930/1044 2300/1929/1043 2298/1927/1041
f 2302/1931/1045 2123/1768/803 2124/1769/804
f 2303/1932/1046 2302/1931/1045 2124/1769/804
f 2304/1933/1048 2303/1932/1047 2124/1769/806
f 2126/1771/807 2304/1933/1048 2124/1769/806
f 2123/1768/69 2302/1931/69 2305/1934/195
f 2129/1774/69 2123/1768/69 2305/1934/195
f 2306/1935/1051 2303/1932/1050 2304/1933/1049
f 2307/1936/1052 2306/1935/1051 2304/1933/1049
f 2309/1938/1055 2308/1937/1054 2305/1934/1053
f 2302/1931/1056 2309/1938/1055 2305/1934/1053
f 2306/1935/69 2307/1936/195 2134/1779/69
f 2135/1780/69 2306/1935/69 2134/1779/69
f 2306/1935/1057 2135/1780/818 2136/1781/819
f 2309/1938/1058 2306/1935/1057 2136/1781/819
f 2309/1938/1059 2136/1781/821 2137/1782/822
f 2308/1937/1060 2309/1938/1059 2137/1782/822
f 2304/1933/1061 2126/1771/826 2134/1779/827
f 2307/1936/1062 2304/1933/1061 2134/1779/827
f 2312/1941/1065 2311/1940/1064 2310/1939/1063
f 2313/1942/1066 2312/1941/1065 2310/1939/1063
f 2145/1790/836 2142/1787/833 2314/1943/1067
f 2315/1944/1068 2145/1790/836 2314/1943/1067
f 2146/1947/1069 2317/1946/1069 2316/1945/1069
f 2149/1948/1069 2146/1947/1069 2316/1945/1069
f 2151/1950/64 2318/1949/64 2317/1946/125
f 2146/1947/64 2151/1950/64 2317/1946/125
f 2152/1952/1071 2319/1951/904 2318/1949/1070
f 2151/1950/1072 2152/1952/1071 2318/1949/1070
f 2152/1952/69 2149/1948/69 2316/1945/195
f 2319/1951/69 2152/1952/69 2316/1945/195
f 2149/1948/1075 2152/1952/1074 2151/1950/1073
f 2146/1947/1076 2149/1948/1075 2151/1950/1073
f 2319/1951/1077 2316/1945/1077 2317/1946/1077
f 2318/1949/1077 2319/1951/1077 2317/1946/1077
f 2305/1934/1078 2308/1937/1062 2137/1782/827
f 2129/1774/848 2305/1934/1078 2137/1782/827
f 2302/1931/1056 2303/1932/1050 2306/1935/1051
f 2309/1938/1055 2302/1931/1056 2306/1935/1051
f 2154/1799/850 2320/1953/1079 2314/1943/1079
f 2142/1787/826 2154/1799/850 2314/1943/1079
f 2323/1956/1082 2322/1955/1081 2321/1954/1080
f 2324/1957/1083 2323/1956/1082 2321/1954/1080
f 2297/1926/1040 2325/1958/1084 2160/1805/856
f 2296/1925/1039 2297/1926/1040 2160/1805/856
f 2326/1959/1085 2325/1958/1084 2297/1926/1040
f 2294/1923/1037 2326/1959/1085 2297/1926/1040
f 2163/1808/859 2326/1959/1085 2294/1923/1037
f 2295/1924/1038 2163/1808/859 2294/1923/1037
f 2160/1805/856 2163/1808/859 2295/1924/1038
f 2296/1925/1039 2160/1805/856 2295/1924/1038
f 2322/1955/1081 2160/1805/856 2325/1958/1084
f 2321/1954/1080 2322/1955/1081 2325/1958/1084
f 2325/1958/1087 2327/1960/1086 2324/1957/1083
f 2321/1954/1080 2325/1958/1087 2324/1957/1083
f 2165/1810/862 2160/1805/863 2322/1955/1081
f 2323/1956/1082 2165/1810/862 2322/1955/1081
f 2327/1960/1086 2165/1810/862 2323/1956/1082
f 2324/1957/1083 2327/1960/1086 2323/1956/1082
f 2311/1940/1064 2325/1958/1084 2326/1959/1085
f 2310/1939/1063 2311/1940/1064 2326/1959/1085
f 2313/1942/1066 2315/1944/1089 2314/1943/1088
f 2312/1941/1065 2313/1942/1066 2314/1943/1088
f 2314/1943/1088 2325/1958/1090 2311/1940/1064
f 2312/1941/1065 2314/1943/1088 2311/1940/1064
f 2326/1959/1091 2315/1944/1089 2313/1942/1066
f 2310/1939/1063 2326/1959/1091 2313/1942/1066
f 2327/1960/1086 2325/1958/1087 2299/1928/1042
f 2300/1929/1043 2327/1960/1086 2299/1928/1042
f 2314/1943/1088 2320/1953/1092 2301/1930/1044
f 2298/1927/1041 2314/1943/1088 2301/1930/1044
f 2301/1930/1044 2320/1953/1092 2327/1960/1093
f 2300/1929/1043 2301/1930/1044 2327/1960/1093
f 2299/1928/1042 2325/1958/1090 2314/1943/1088
f 2298/1927/1041 2299/1928/1042 2314/1943/1088
f 2330/1963/1096 2329/1962/1095 2328/1961/1094
f 2331/1964/1097 2330/1963/1096 2328/1961/1094
f 2334/1967/1100 2333/1966/1099 2332/1965/1098
f 2335/1968/1101 2334/1967/1100 2332/1965/1098
f 2174/1819/804 2175/1819/803 2336/1969/1102
f 2337/1969/1102 2174/1819/804 2336/1969/1102
f 2338/1970/1103 2179/1822/882 2174/1819/879
f 2337/1969/1104 2338/1970/1103 2174/1819/879
f 2339/1970/125 2336/1969/64 2175/1819/64
f 2181/1822/64 2339/1970/125 2175/1819/64
f 2338/1970/1107 2337/1969/1106 2340/1971/1105
f 2341/1970/1052 2338/1970/1107 2340/1971/1105
f 2339/1970/1109 2343/1970/1052 2342/1971/1108
f 2336/1969/1110 2339/1970/1109 2342/1971/1108
f 2340/1971/64 2186/1824/64 2187/1822/64
f 2341/1970/125 2340/1971/64 2187/1822/64
f 2188/1824/890 2186/1824/891 2340/1971/1058
f 2342/1971/1111 2188/1824/890 2340/1971/1058
f 2189/1822/69 2188/1824/69 2342/1971/69
f 2343/1970/195 2189/1822/69 2342/1971/69
f 2187/1822/827 2179/1822/848 2338/1970/1061
f 2341/1970/1062 2187/1822/827 2338/1970/1061
f 2346/1974/1114 2345/1973/1113 2344/1972/1112
f 2347/1975/1115 2346/1974/1114 2344/1972/1112
f 2348/1976/1116 2194/1829/896 2195/1830/897
f 2349/1977/1117 2348/1976/1116 2195/1830/897
f 2316/1980/1069 2350/1979/1069 2199/1978/1069
f 2149/1981/1069 2316/1980/1069 2199/1978/1069
f 2350/1979/195 2351/1983/69 2201/1982/69
f 2199/1978/69 2350/1979/195 2201/1982/69
f 2351/1983/1118 2319/1985/904 2152/1984/1118
f 2201/1982/904 2351/1983/1118 2152/1984/1118
f 2152/1984/64 2319/1985/64 2316/1980/125
f 2149/1981/64 2152/1984/64 2316/1980/125
f 2201/1982/1119 2152/1984/1120 2149/1981/1119
f 2199/1978/1120 2201/1982/1119 2149/1981/1119
f 2350/1979/1121 2316/1980/1121 2319/1985/1121
f 2351/1983/1121 2350/1979/1121 2319/1985/1121
f 2189/1822/850 2343/1970/1122 2339/1970/1078
f 2181/1822/826 2189/1822/850 2339/1970/1078
f 2340/1971/1105 2337/1969/1106 2336/1969/1110
f 2342/1971/1108 2340/1971/1105 2336/1969/1110
f 2194/1829/850 2348/1976/1123 2320/1953/1079
f 2154/1799/850 2194/1829/850 2320/1953/1079
f 2354/1988/1126 2353/1987/1125 2352/1986/1124
f 2355/1989/1127 2354/1988/1126 2352/1986/1124
f 2329/1962/1095 2330/1963/1096 2206/1845/909
f 2356/1990/1128 2329/1962/1095 2206/1845/909
f 2329/1962/1095 2356/1990/1128 2357/1991/1129
f 2328/1961/1094 2329/1962/1095 2357/1991/1129
f 2328/1961/1094 2357/1991/1129 2209/1848/912
f 2331/1964/1097 2328/1961/1094 2209/1848/912
f 2331/1964/1097 2209/1848/912 2206/1845/909
f 2330/1963/1096 2331/1964/1097 2206/1845/909
f 2355/1989/1127 2352/1986/1124 2356/1990/1128
f 2206/1845/909 2355/1989/1127 2356/1990/1128
f 2352/1986/1124 2353/1987/1125 2327/1960/1086
f 2356/1990/1130 2352/1986/1124 2327/1960/1086
f 2355/1989/1127 2206/1845/914 2165/1810/862
f 2354/1988/1126 2355/1989/1127 2165/1810/862
f 2354/1988/1126 2165/1810/862 2327/1960/1086
f 2353/1987/1125 2354/1988/1126 2327/1960/1086
f 2345/1973/1113 2346/1974/1114 2357/1991/1129
f 2356/1990/1128 2345/1973/1113 2357/1991/1129
f 2347/1975/1115 2344/1972/1112 2348/1976/1131
f 2349/1977/1132 2347/1975/1115 2348/1976/1131
f 2345/1973/1113 2356/1990/1133 2348/1976/1131
f 2344/1972/1112 2345/1973/1113 2348/1976/1131
f 2347/1975/1115 2349/1977/1132 2357/1991/1134
f 2346/1974/1114 2347/1975/1115 2357/1991/1134
f 2333/1966/1099 2356/1990/1130 2327/1960/1086
f 2332/1965/1098 2333/1966/1099 2327/1960/1086
f 2335/1968/1101 2320/1953/1092 2348/1976/1131
f 2334/1967/1100 2335/1968/1101 2348/1976/1131
f 2335/1968/1101 2332/1965/1098 2327/1960/1093
f 2320/1953/1092 2335/1968/1101 2327/1960/1093
f 2333/1966/1099 2334/1967/1100 2348/1976/1131
f 2356/1990/1133 2333/1966/1099 2348/1976/1131
f 2360/1994/1137 2359/1993/1136 2358/1992/1135
f 2361/1995/1138 2360/1994/1137 2358/1992/1135
f 2364/1998/1141 2363/1997/1140 2362/1996/1139
f 2365/1999/1142 2364/1998/1141 2362/1996/1139
f 2218/1857/927 2219/1857/928 2366/2000/1143
f 2367/2000/1144 2218/1857/927 2366/2000/1143
f 2222/1859/931 2218/1857/932 2367/2000/1145
f 2368/2001/1146 2222/1859/931 2367/2000/1145
f 2224/1859/69 2369/2001/69 2366/2000/69
f 2219/1857/69 2224/1859/69 2366/2000/69
f 2368/2001/1149 2367/2000/1148 2370/2002/1147
f 2371/2001/1150 2368/2001/1149 2370/2002/1147
f 2369/2001/1152 2373/2001/1150 2372/2002/1151
f 2366/2000/1153 2369/2001/1152 2372/2002/1151
f 2370/2002/195 2231/1862/69 2230/1859/69
f 2371/2001/69 2370/2002/195 2230/1859/69
f 2232/1862/942 2231/1862/943 2370/2002/1154
f 2372/2002/1154 2232/1862/942 2370/2002/1154
f 2233/1859/64 2232/1862/64 2372/2002/125
f 2373/2001/64 2233/1859/64 2372/2002/125
f 2230/1859/946 2222/1859/947 2368/2001/1155
f 2371/2001/1156 2230/1859/946 2368/2001/1155
f 2376/2005/1159 2375/2004/1158 2374/2003/1157
f 2377/2006/1160 2376/2005/1159 2374/2003/1157
f 2378/2007/69 2238/1867/69 2145/1790/836
f 2315/1944/1068 2378/2007/69 2145/1790/836
f 2380/2010/1161 2379/2009/1162 2242/2008/1161
f 2243/2011/1162 2380/2010/1161 2242/2008/1161
f 2379/2009/64 2318/2013/125 2151/2012/64
f 2242/2008/64 2379/2009/64 2151/2012/64
f 2318/2013/1165 2319/2015/1164 2152/2014/1163
f 2151/2012/1166 2318/2013/1165 2152/2014/1163
f 2152/2014/69 2319/2015/195 2380/2010/69
f 2243/2011/69 2152/2014/69 2380/2010/69
f 2151/2012/1169 2152/2014/1168 2243/2011/1167
f 2242/2008/1170 2151/2012/1169 2243/2011/1167
f 2379/2009/1171 2380/2010/1172 2319/2015/1171
f 2318/2013/1172 2379/2009/1171 2319/2015/1171
f 2233/1859/946 2373/2001/1156 2369/2001/1156
f 2224/1859/947 2233/1859/946 2369/2001/1156
f 2370/2002/1147 2367/2000/1148 2366/2000/1153
f 2372/2002/1151 2370/2002/1147 2366/2000/1153
f 2245/1878/969 2238/1867/970 2378/2007/1173
f 2381/2016/1174 2245/1878/969 2378/2007/1173
f 2384/2019/1177 2383/2018/1176 2382/2017/1175
f 2385/2020/1178 2384/2019/1177 2382/2017/1175
f 2359/1993/1136 2360/1994/1137 2250/1883/975
f 2386/2021/1179 2359/1993/1136 2250/1883/975
f 2358/1992/1135 2359/1993/1136 2386/2021/1179
f 2326/1959/1180 2358/1992/1135 2386/2021/1179
f 2358/1992/1135 2326/1959/1180 2252/1885/978
f 2361/1995/1138 2358/1992/1135 2252/1885/978
f 2361/1995/1138 2252/1885/978 2250/1883/975
f 2360/1994/1137 2361/1995/1138 2250/1883/975
f 2385/2020/1178 2382/2017/1175 2386/2021/1179
f 2250/1883/975 2385/2020/1178 2386/2021/1179
f 2383/2018/1176 2387/2022/1182 2386/2021/1181
f 2382/2017/1175 2383/2018/1176 2386/2021/1181
f 2385/2020/1178 2250/1883/981 2254/1887/982
f 2384/2019/1177 2385/2020/1178 2254/1887/982
f 2384/2019/1177 2254/1887/982 2387/2022/1182
f 2383/2018/1176 2384/2019/1177 2387/2022/1182
f 2375/2004/1158 2376/2005/1159 2326/1959/1091
f 2386/2021/1179 2375/2004/1158 2326/1959/1091
f 2377/2006/1160 2374/2003/1157 2378/2007/1183
f 2315/1944/1089 2377/2006/1160 2378/2007/1183
f 2375/2004/1158 2386/2021/1184 2378/2007/1183
f 2374/2003/1157 2375/2004/1158 2378/2007/1183
f 2377/2006/1160 2315/1944/1089 2326/1959/1091
f 2376/2005/1159 2377/2006/1160 2326/1959/1091
f 2363/1997/1140 2386/2021/1181 2387/2022/1182
f 2362/1996/1139 2363/1997/1140 2387/2022/1182
f 2365/1999/1142 2381/2016/1185 2378/2007/1183
f 2364/1998/1141 2365/1999/1142 2378/2007/1183
f 2362/1996/1139 2387/2022/1186 2381/2016/1185
f 2365/1999/1142 2362/1996/1139 2381/2016/1185
f 2363/1997/1140 2364/1998/1141 2378/2007/1183
f 2386/2021/1184 2363/1997/1140 2378/2007/1183
f 2390/2025/1189 2389/2024/1188 2388/2023/1187
f 2391/2026/1190 2390/2025/1189 2388/2023/1187
f 2394/2029/1193 2393/2028/1192 2392/2027/1191
f 2395/2030/1194 2394/2029/1193 2392/2027/1191
f 2396/2031/1143 2264/1897/996 2265/1897/997
f 2397/2031/1143 2396/2031/1143 2265/1897/997
f 2397/2031/69 2265/1897/69 2267/1898/69
f 2398/2032/69 2397/2031/69 2267/1898/69
f 2270/1898/1000 2264/1897/1001 2396/2031/1195
f 2399/2032/1196 2270/1898/1000 2396/2031/1195
f 2400/2033/1199 2397/2031/1198 2398/2032/1197
f 2401/2032/1150 2400/2033/1199 2398/2032/1197
f 2403/2033/1201 2402/2032/1150 2399/2032/1200
f 2396/2031/1202 2403/2033/1201 2399/2032/1200
f 2400/2033/125 2401/2032/64 2275/1898/64
f 2276/1901/64 2400/2033/125 2275/1898/64
f 2400/2033/1203 2276/1901/943 2277/1901/1009
f 2403/2033/1204 2400/2033/1203 2277/1901/1009
f 2403/2033/195 2277/1901/69 2278/1898/69
f 2402/2032/69 2403/2033/195 2278/1898/69
f 2398/2032/1205 2267/1898/947 2275/1898/1011
f 2401/2032/1156 2398/2032/1205 2275/1898/1011
f 2406/2036/1208 2405/2035/1207 2404/2034/1206
f 2407/2037/1209 2406/2036/1208 2404/2034/1206
f 2195/1830/897 2283/1906/1016 2408/2038/1210
f 2349/1977/1117 2195/1830/897 2408/2038/1210
f 2285/2041/1211 2409/2040/1161 2380/2039/1211
f 2243/2042/1161 2285/2041/1211 2380/2039/1211
f 2201/2044/69 2351/2043/195 2409/2040/69
f 2285/2041/69 2201/2044/69 2409/2040/69
f 2152/2046/1212 2319/2045/1164 2351/2043/1212
f 2201/2044/1164 2152/2046/1212 2351/2043/1212
f 2152/2046/64 2243/2042/64 2380/2039/64
f 2319/2045/125 2152/2046/64 2380/2039/64
f 2243/2042/1213 2152/2046/1214 2201/2044/1213
f 2285/2041/1214 2243/2042/1213 2201/2044/1213
f 2319/2045/1215 2380/2039/1172 2409/2040/1215
f 2351/2043/1172 2319/2045/1215 2409/2040/1215
f 2399/2032/1216 2402/2032/1156 2278/1898/1023
f 2270/1898/947 2399/2032/1216 2278/1898/1023
f 2396/2031/1202 2397/2031/1198 2400/2033/1199
f 2403/2033/1201 2396/2031/1202 2400/2033/1199
f 2381/2016/1174 2408/2038/1174 2283/1906/969
f 2245/1878/969 2381/2016/1174 2283/1906/969
f 2412/2049/1219 2411/2048/1218 2410/2047/1217
f 2413/2050/1220 2412/2049/1219 2410/2047/1217
f 2391/2026/1190 2414/2051/1221 2291/1920/1029
f 2390/2025/1189 2391/2026/1190 2291/1920/1029
f 2388/2023/1187 2357/1991/1222 2414/2051/1221
f 2391/2026/1190 2388/2023/1187 2414/2051/1221
f 2293/1922/1032 2357/1991/1222 2388/2023/1187
f 2389/2024/1188 2293/1922/1032 2388/2023/1187
f 2291/1920/1029 2293/1922/1032 2389/2024/1188
f 2390/2025/1189 2291/1920/1029 2389/2024/1188
f 2411/2048/1218 2291/1920/1029 2414/2051/1221
f 2410/2047/1217 2411/2048/1218 2414/2051/1221
f 2410/2047/1217 2414/2051/1223 2387/2022/1182
f 2413/2050/1220 2410/2047/1217 2387/2022/1182
f 2254/1887/982 2291/1920/1034 2411/2048/1218
f 2412/2049/1219 2254/1887/982 2411/2048/1218
f 2387/2022/1182 2254/1887/982 2412/2049/1219
f 2413/2050/1220 2387/2022/1182 2412/2049/1219
f 2405/2035/1207 2414/2051/1221 2357/1991/1134
f 2404/2034/1206 2405/2035/1207 2357/1991/1134
f 2407/2037/1209 2349/1977/1132 2408/2038/1224
f 2406/2036/1208 2407/2037/1209 2408/2038/1224
f 2408/2038/1224 2414/2051/1225 2405/2035/1207
f 2406/2036/1208 2408/2038/1224 2405/2035/1207
f 2357/1991/1134 2349/1977/1132 2407/2037/1209
f 2404/2034/1206 2357/1991/1134 2407/2037/1209
f 2387/2022/1182 2414/2051/1223 2393/2028/1192
f 2394/2029/1193 2387/2022/1182 2393/2028/1192
f 2408/2038/1224 2381/2016/1185 2395/2030/1194
f 2392/2027/1191 2408/2038/1224 2395/2030/1194
f 2381/2016/1185 2387/2022/1186 2394/2029/1193
f 2395/2030/1194 2381/2016/1185 2394/2029/1193
f 2393/2028/1192 2414/2051/1225 2408/2038/1224
f 2392/2027/1191 2393/2028/1192 2408/2038/1224
f 2415/2052/1226 2109/1754/789 2110/1755/790
f 2416/2053/1227 2415/2052/1226 2110/1755/790
f 2418/2055/1230 2417/2054/1229 2109/1754/1228
f 2415/2052/1231 2418/2055/1230 2109/1754/1228
f 2421/2058/1234 2420/2057/1233 2419/2056/1232
f 2417/2054/1229 2421/2058/1234 2419/2056/1232
f 2424/2061/1237 2423/2060/1236 2422/2059/1235
f 2425/2062/1238 2424/2061/1237 2422/2059/1235
f 2426/2063/1241 2106/1751/1240 2424/2061/1239
f 2425/2062/1242 2426/2063/1241 2424/2061/1239
f 2427/2064/1243 2426/2063/1241 2425/2062/1242
f 2428/2065/1244 2427/2064/1243 2425/2062/1242
f 2425/2062/1238 2422/2059/1235 2418/2055/1245
f 2428/2065/1246 2425/2062/1238 2418/2055/1245
f 2426/2063/1241 2427/2064/1243 2419/2056/1247
f 2420/2057/1248 2426/2063/1241 2419/2056/1247
f 2423/2060/1250 2107/1752/1249 2421/2058/1234
f 2422/2059/1251 2423/2060/1250 2421/2058/1234
f 2428/2065/1246 2418/2055/1245 2415/2052/1252
f 2416/2053/1252 2428/2065/1246 2415/2052/1252
f 2110/1755/1253 2427/2064/1243 2428/2065/1244
f 2416/2053/1254 2110/1755/1253 2428/2065/1244
f 2417/2054/1229 2419/2056/1232 2108/1753/788
f 2109/1754/789 2417/2054/1229 2108/1753/788
f 2422/2059/1251 2421/2058/1234 2417/2054/1229
f 2418/2055/1230 2422/2059/1251 2417/2054/1229
f 2106/1751/1240 2426/2063/1241 2420/2057/1248
f 2105/1750/1255 2106/1751/1240 2420/2057/1248
f 2107/1752/1249 2105/1750/1256 2420/2057/1233
f 2421/2058/1234 2107/1752/1249 2420/2057/1233
f 2427/2064/1243 2110/1755/790 2108/1753/788
f 2419/2056/1247 2427/2064/1243 2108/1753/788
f 2430/2067/1258 2429/2066/1257 2113/1758/793
f 2111/1756/791 2430/2067/1258 2113/1758/793
f 2431/2068/1261 2430/2067/1260 2111/1756/1259
f 2432/2069/1262 2431/2068/1261 2111/1756/1259
f 2435/2072/1265 2434/2071/1264 2433/2070/1263
f 2432/2069/1262 2435/2072/1265 2433/2070/1263
f 2436/2073/1266 2423/2060/1236 2424/2061/1237
f 2437/2074/1267 2436/2073/1266 2424/2061/1237
f 2424/2061/1239 2106/1751/1240 2438/2075/1268
f 2437/2074/1269 2424/2061/1239 2438/2075/1268
f 2437/2074/1269 2438/2075/1268 2439/2076/1270
f 2440/2077/1271 2437/2074/1269 2439/2076/1270
f 2431/2068/1272 2436/2073/1266 2437/2074/1267
f 2440/2077/1273 2431/2068/1272 2437/2074/1267
f 2438/2075/1268 2434/2071/1275 2435/2072/1274
f 2439/2076/1270 2438/2075/1268 2435/2072/1274
f 2423/2060/1250 2436/2073/1276 2433/2070/1263
f 2107/1752/1249 2423/2060/1250 2433/2070/1263
f 2430/2067/1277 2431/2068/1272 2440/2077/1273
f 2429/2066/1277 2430/2067/1277 2440/2077/1273
f 2440/2077/1271 2439/2076/1270 2113/1758/1278
f 2429/2066/1279 2440/2077/1271 2113/1758/1278
f 2112/1757/792 2435/2072/1265 2432/2069/1262
f 2111/1756/791 2112/1757/792 2432/2069/1262
f 2436/2073/1276 2431/2068/1261 2432/2069/1262
f 2433/2070/1263 2436/2073/1276 2432/2069/1262
f 2106/1751/1240 2105/1750/1280 2434/2071/1275
f 2438/2075/1268 2106/1751/1240 2434/2071/1275
f 2434/2071/1264 2105/1750/1281 2107/1752/1249
f 2433/2070/1263 2434/2071/1264 2107/1752/1249
f 2439/2076/1270 2435/2072/1274 2112/1757/792
f 2113/1758/793 2439/2076/1270 2112/1757/792
f 2443/2079/1282 2442/2079/1283 2441/2078/1282
f 2444/2078/1283 2443/2079/1282 2441/2078/1282
f 2442/2079/1286 2446/2081/1285 2445/2080/1284
f 2441/2078/1287 2442/2079/1286 2445/2080/1284
f 2446/2081/1288 2448/2081/1289 2447/2080/1288
f 2445/2080/1289 2446/2081/1288 2447/2080/1288
f 2447/2080/1292 2448/2081/1291 2443/2079/1290
f 2444/2078/1293 2447/2080/1292 2443/2079/1290
f 2445/2080/1294 2447/2080/1294 2444/2078/1294
f 2441/2078/1295 2445/2080/1294 2444/2078/1294
f 2442/2079/1298 2443/2079/1297 2448/2081/1296
f 2446/2081/1299 2442/2079/1298 2448/2081/1296
f 2451/2084/1302 2450/2083/1301 2449/2082/1300
f 2452/2085/1303 2451/2084/1302 2449/2082/1300
f 2449/2082/1300 2450/2083/1301 2453/2086/1304
f 2454/2087/1305 2449/2082/1300 2453/2086/1304
f 2453/2086/1304 2456/2089/1307 2455/2088/1306
f 2454/2087/1305 2453/2086/1304 2455/2088/1306
f 2456/2089/1307 2458/2091/1309 2457/2090/1308
f 2455/2088/1306 2456/2089/1307 2457/2090/1308
f 2458/2091/1309 2460/2093/1311 2459/2092/1310
f 2457/2090/1308 2458/2091/1309 2459/2092/1310
f 2460/2093/1311 2462/2095/1313 2461/2094/1312
f 2459/2092/1310 2460/2093/1311 2461/2094/1312
f 2461/2094/1312 2462/2095/1313 2463/2096/1314
f 2464/2097/1315 2461/2094/1312 2463/2096/1314
f 2464/2097/1315 2463/2096/1314 2465/2098/1316
f 2466/2099/1317 2464/2097/1315 2465/2098/1316
f 2465/2098/1316 2468/2101/1319 2467/2100/1318
f 2466/2099/1317 2465/2098/1316 2467/2100/1318
f 2467/2100/1318 2468/2101/1319 2469/2102/1320
f 2470/2103/1321 2467/2100/1318 2469/2102/1320
f 2458/2091/1324 2472/2105/1323 2471/2104/1322
f 2460/2093/1325 2458/2091/1324 2471/2104/1322
f 2469/2102/1320 2474/2107/1327 2473/2106/1326
f 2470/2103/1321 2469/2102/1320 2473/2106/1326
f 2473/2106/1326 2474/2107/1327 2451/2084/1302
f 2452/2085/1303 2473/2106/1326 2451/2084/1302
f 2474/2107/1330 2476/2109/1329 2475/2108/1328
f 2451/2084/1331 2474/2107/1330 2475/2108/1328
f 2463/2096/1334 2462/2095/1333 2477/2110/1332
f 2478/2111/1335 2463/2096/1334 2477/2110/1332
f 2453/2086/1338 2450/2083/1337 2479/2112/1336
f 2480/2113/1339 2453/2086/1338 2479/2112/1336
f 2468/2101/1342 2465/2098/1341 2481/2114/1340
f 2482/2115/1343 2468/2101/1342 2481/2114/1340
f 2456/2089/1345 2483/2116/1344 2472/2105/1323
f 2458/2091/1324 2456/2089/1345 2472/2105/1323
f 2475/2108/1348 2485/2118/1347 2484/2117/1346
f 2479/2112/1349 2475/2108/1348 2484/2117/1346
f 2476/2109/1351 2486/2119/1350 2485/2118/1347
f 2475/2108/1348 2476/2109/1351 2485/2118/1347
f 2483/2116/1354 2488/2121/1353 2487/2120/1352
f 2472/2105/1355 2483/2116/1354 2487/2120/1352
f 2471/2104/1356 2472/2105/1355 2487/2120/1352
f 2489/2122/1357 2471/2104/1356 2487/2120/1352
f 2477/2110/1358 2471/2104/1356 2489/2122/1357
f 2490/2123/1359 2477/2110/1358 2489/2122/1357
f 2478/2111/1360 2477/2110/1358 2490/2123/1359
f 2491/2124/1361 2478/2111/1360 2490/2123/1359
f 2483/2116/1354 2480/2113/1363 2492/2125/1362
f 2488/2121/1353 2483/2116/1354 2492/2125/1362
f 2494/2127/1365 2493/2126/1364 2486/2119/1350
f 2476/2109/1351 2494/2127/1365 2486/2119/1350
f 2479/2112/1349 2484/2117/1346 2492/2125/1362
f 2480/2113/1363 2479/2112/1349 2492/2125/1362
f 2494/2127/1365 2482/2115/1367 2495/2128/1366
f 2493/2126/1364 2494/2127/1365 2495/2128/1366
f 2481/2114/1369 2496/2129/1368 2495/2128/1366
f 2482/2115/1367 2481/2114/1369 2495/2128/1366
f 2481/2114/1369 2478/2111/1360 2491/2124/1361
f 2496/2129/1368 2481/2114/1369 2491/2124/1361
f 2468/2101/1342 2482/2115/1343 2494/2127/1370
f 2469/2102/1371 2468/2101/1342 2494/2127/1370
f 2456/2089/1345 2453/2086/1338 2480/2113/1339
f 2483/2116/1344 2456/2089/1345 2480/2113/1339
f 2465/2098/1341 2463/2096/1334 2478/2111/1335
f 2481/2114/1340 2465/2098/1341 2478/2111/1335
f 2450/2083/1337 2451/2084/1331 2475/2108/1328
f 2479/2112/1336 2450/2083/1337 2475/2108/1328
f 2460/2093/1325 2471/2104/1322 2477/2110/1332
f 2462/2095/1333 2460/2093/1325 2477/2110/1332
f 2469/2102/1371 2494/2127/1370 2476/2109/1329
f 2474/2107/1330 2469/2102/1371 2476/2109/1329
f 2499/2132/1374 2498/2131/1373 2497/2130/1372
f 2500/2133/1375 2499/2132/1374 2497/2130/1372
f 2503/2135/1378 2502/2135/1377 2501/2134/1376
f 2504/2134/1379 2503/2135/1378 2501/2134/1376
f 2505/2131/1382 2498/2131/1381 2502/2135/1380
f 2503/2135/1383 2505/2131/1382 2502/2135/1380
f 2508/2137/1386 2507/2137/1385 2506/2136/1384
f 2509/2136/1387 2508/2137/1386 2506/2136/1384
f 2511/2130/1390 2505/2131/1389 2510/2132/1388
f 2512/2133/1391 2511/2130/1390 2510/2132/1388
f 2500/2133/1375 2497/2130/1372 2508/2137/1386
f 2509/2136/1387 2500/2133/1375 2508/2137/1386
f 2512/2133/1391 2506/2136/1384 2507/2137/1385
f 2511/2130/1390 2512/2133/1391 2507/2137/1385
f 2504/2134/1379 2510/2132/1388 2505/2131/1389
f 2503/2135/1378 2504/2134/1379 2505/2131/1389
f 2498/2131/1373 2499/2132/1374 2501/2134/1376
f 2502/2135/1377 2498/2131/1373 2501/2134/1376
f 2512/2133/1393 2500/2133/1393 2509/2136/1392
f 2506/2136/1394 2512/2133/1393 2509/2136/1392
f 2512/2133/1393 2510/2132/1396 2499/2132/1395
f 2500/2133/1393 2512/2133/1393 2499/2132/1395
f 2510/2132/1396 2504/2134/1398 2501/2134/1397
f 2499/2132/1395 2510/2132/1396 2501/2134/1397
f 2511/2130/1401 2507/2137/1400 2508/2137/1399
f 2497/2130/1402 2511/2130/1401 2508/2137/1399
f 2505/2131/1382 2511/2130/1401 2497/2130/1402
f 2498/2131/1381 2505/2131/1382 2497/2130/1402
f 2515/2140/1405 2514/2139/1404 2513/2138/1403
f 2516/2141/1406 2515/2140/1405 2513/2138/1403
f 2515/2140/1405 2518/2143/1408 2517/2142/1407
f 2514/2139/1404 2515/2140/1405 2517/2142/1407
f 2516/2141/1406 2513/2138/1403 2519/2144/1409
f 2520/2145/1410 2516/2141/1406 2519/2144/1409
f 2518/2143/1408 2522/2147/1412 2521/2146/1411
f 2517/2142/1407 2518/2143/1408 2521/2146/1411
f 2513/2138/1415 2521/2146/1414 2519/2144/1413
f 2513/2138/1415 2517/2142/1416 2521/2146/1414
f 2513/2138/1415 2514/2139/1417 2517/2142/1416
f 2518/2143/1420 2520/2145/1419 2522/2147/1418
f 2518/2143/1420 2516/2141/1421 2520/2145/1419
f 2518/2143/1420 2515/2140/1422 2516/2141/1421
f 2522/2147/1425 2520/2145/1424 2519/2144/1423
f 2521/2146/1426 2522/2147/1425 2519/2144/1423
# 4930 elements

