# Blender 4.1.0
# www.blender.org
mtllib white.mtl
o effect
v -32.466389 -4.967739 0.969532
v -32.451363 -4.682237 0.566823
v -38.579144 -4.754364 0.969532
v -32.451363 -4.682237 1.372241
v -38.570129 -4.468863 1.759923
v -47.174267 -4.333625 1.732875
v -47.186291 -4.619127 0.969532
v -61.599651 -4.039108 1.690801
v -79.733559 -3.576295 1.639711
v -61.617683 -4.321605 0.969532
v -79.754593 -3.861797 0.969532
v -61.599651 -4.039108 0.248263
v -47.174267 -4.333625 0.206189
v -38.570129 -4.468863 0.179141
v -79.733559 -3.576295 0.299353
v -98.883255 -3.546243 0.969532
v -98.859207 -3.263747 0.356453
v -114.150116 -3.489144 0.969532
v -114.120071 -3.203642 0.401533
v -131.421509 -3.290796 0.449617
v -131.451569 -3.570288 0.969532
v -150.348816 -3.765633 0.969532
v -150.315735 -3.486141 1.432346
v -131.421509 -3.290796 1.489447
v -114.120071 -3.203642 1.537531
v -98.859207 -3.263747 1.582611
v -165.552567 -3.804703 1.387267
v -165.591614 -4.087201 0.969532
v -178.559448 -4.180365 1.351204
v -178.601532 -4.462862 0.969532
v -193.742157 -4.838524 1.306124
v -204.894791 -5.268281 1.276071
v -193.784241 -5.118016 0.969532
v -204.939865 -5.550778 0.969532
v -193.742157 -4.838524 0.632940
v -178.559448 -4.180365 0.587860
v -165.552567 -3.804703 0.551797
v -150.315735 -3.486141 0.506718
v -204.894791 -5.268281 0.662993
v -213.886612 -5.884366 0.969532
v -213.838531 -5.604875 0.690040
v -222.818298 -6.296091 0.969532
v -222.764221 -6.016600 0.714082
v -226.944580 -6.154843 0.726104
v -226.995667 -6.437340 0.969532
v -231.515625 -6.626674 0.969532
v -228.988174 -6.245002 0.786209
v -228.988174 -6.245002 1.152856
v -226.944580 -6.154843 1.212960
v -222.764221 -6.016600 1.224983
v -213.838531 -5.604875 1.249024
v -32.063679 5.779171 0.969532
v -32.201923 2.034581 0.338422
v -32.328148 -1.334346 0.969532
v -32.201923 2.034581 1.600642
v -32.316124 -1.048844 1.777954
v -38.416859 -0.904591 1.759923
v -38.296646 2.091681 1.585616
v -46.861717 2.241945 1.567584
v -47.002968 -0.772359 1.732875
v -61.461407 2.443298 1.534526
v -79.285767 2.764863 1.492452
v -61.428349 -0.507894 1.690801
v -61.599651 -4.039108 1.690801
v -79.733559 -3.576295 1.639711
v -79.411995 -0.045081 1.639711
v -98.609772 0.105181 1.582611
v -98.495567 2.861031 1.447373
v -98.859207 -3.263747 1.582611
v -114.120071 -3.203642 1.537531
v -131.421509 -3.290796 1.489447
v -113.933731 0.063106 1.537531
v -131.322327 -0.081149 1.486442
v -113.774452 2.782892 1.414315
v -131.139008 2.596563 1.372241
v -149.964142 2.016541 1.330167
v -150.144440 -0.534949 1.432346
v -165.309128 1.514657 1.297108
v -165.444366 -0.949680 1.387267
v -178.304001 1.057852 1.267055
v -193.447647 0.276476 1.230992
v -178.436218 -1.451564 1.351204
v -193.636978 -2.136770 1.306124
v -178.559448 -4.180365 1.351204
v -193.742157 -4.838524 1.306124
v -204.894791 -5.268281 1.276071
v -204.777573 -2.632644 1.273066
v -213.838531 -5.604875 1.249024
v -213.706299 -2.969237 1.249024
v -222.764221 -6.016600 1.224983
v -226.190262 -5.304347 1.212960
v -224.098572 -3.666464 1.218971
v -222.526810 -3.140539 1.221976
v -223.326202 -3.305830 1.221976
v -224.669571 -4.033110 1.218971
v -225.703400 -4.817490 1.215966
v -226.601990 -5.812240 1.212960
v -225.207520 -4.423797 1.215966
v -226.944580 -6.154843 1.212960
v -228.988174 -6.245002 1.152856
v -228.549408 -5.622907 1.155860
v -227.963379 -4.784431 1.155860
v -227.293182 -3.997046 1.155860
v -226.574936 -3.284793 1.158865
v -225.763489 -2.608603 1.158865
v -224.825851 -1.977493 1.161870
v -223.710907 -1.418509 1.164876
v -222.442657 -1.139017 1.167881
v -213.559021 -0.799419 1.185913
v -204.627304 -0.354636 1.206950
v -165.552567 -3.804703 1.387267
v -150.315735 -3.486141 1.432346
v -47.174267 -4.333625 1.732875
v -38.570129 -4.468863 1.759923
v -32.451363 -4.682237 1.372241
v -32.466389 -4.967739 0.969532
v -32.451363 -4.682237 0.566823
v -32.316124 -1.048844 0.161110
v -38.570129 -4.468863 0.179141
v -38.416859 -0.904591 0.179141
v -38.296646 2.091681 0.353448
v -47.002968 -0.772359 0.206189
v -46.861717 2.241945 0.371480
v -61.428349 -0.507894 0.248263
v -61.461407 2.443298 0.404538
v -79.285767 2.767868 0.446612
v -79.411995 -0.045081 0.299353
v -61.599651 -4.039108 0.248263
v -98.609772 0.105181 0.356453
v -79.733559 -3.576295 0.299353
v -98.859207 -3.263747 0.356453
v -113.933731 0.063106 0.401533
v -114.120071 -3.203642 0.401533
v -131.421509 -3.290796 0.449617
v -131.322327 -0.081149 0.452622
v -150.144440 -0.537954 0.506718
v -113.774452 2.782892 0.524749
v -131.139008 2.596563 0.566823
v -149.964142 2.019546 0.608897
v -165.444366 -0.949680 0.551797
v -165.309128 1.514657 0.641956
v -178.436218 -1.451564 0.587860
v -178.304001 1.057852 0.672009
v -193.636978 -2.136770 0.632940
v -193.447647 0.276476 0.708072
v -204.627304 -0.354636 0.732114
v -204.777573 -2.632644 0.665998
v -193.742157 -4.838524 0.632940
v -204.894791 -5.268281 0.662993
v -213.706299 -2.969237 0.690040
v -222.526810 -3.140539 0.717088
v -213.559021 -0.799419 0.753151
v -213.838531 -5.604875 0.690040
v -222.764221 -6.016600 0.714082
v -223.326202 -3.305830 0.717088
v -224.098572 -3.666464 0.720093
v -224.669571 -4.033110 0.720093
v -225.703400 -4.817490 0.723098
v -226.601990 -5.812240 0.726104
v -225.207520 -4.423797 0.723098
v -226.944580 -6.154843 0.726104
v -226.190262 -5.304347 0.726104
v -227.293182 -3.997046 0.783204
v -227.963379 -4.784431 0.783204
v -228.549408 -5.622907 0.783204
v -228.988174 -6.245002 0.786209
v -226.574936 -3.284793 0.780199
v -225.763489 -2.608603 0.780199
v -224.825851 -1.977493 0.777194
v -223.710907 -1.418509 0.774188
v -222.442657 -1.139017 0.771183
v -178.559448 -4.180365 0.587860
v -165.552567 -3.804703 0.551797
v -150.315735 -3.486141 0.506718
v -98.495567 2.870046 0.491691
v -47.174267 -4.333625 0.206189
v -32.063679 5.779171 0.969532
v -32.201923 2.034581 0.338422
v -38.296646 2.091681 0.353448
v -38.146381 5.728080 0.969532
v -46.690418 5.887359 0.969532
v -38.296646 2.091681 0.353448
v -38.146381 5.728080 0.969532
v -46.861717 2.241945 0.371480
v -61.503483 6.022596 0.969532
v -61.461407 2.443298 0.404538
v -46.861717 2.241945 0.371480
v -46.690418 5.887359 0.969532
v -79.135506 6.169854 0.969532
v -79.285767 2.767868 0.446612
v -61.461407 2.443298 0.404538
v -61.503483 6.022596 0.969532
v -98.354324 6.139800 0.969532
v -98.495567 2.870046 0.491691
v -79.285767 2.767868 0.446612
v -79.135506 6.169854 0.969532
v -113.588135 6.076687 0.969532
v -113.774452 2.782892 0.524749
v -98.495567 2.870046 0.491691
v -98.354324 6.139800 0.969532
v -130.913620 5.848284 0.969532
v -131.139008 2.596563 0.566823
v -113.774452 2.782892 0.524749
v -113.588135 6.076687 0.969532
v -149.753754 5.301321 0.969532
v -149.964142 2.019546 0.608897
v -131.139008 2.596563 0.566823
v -130.913620 5.848284 0.969532
v -165.122803 4.709278 0.969532
v -165.309128 1.514657 0.641956
v -149.964142 2.019546 0.608897
v -149.753754 5.301321 0.969532
v -178.102631 4.060135 0.969532
v -178.304001 1.057852 0.672009
v -165.309128 1.514657 0.641956
v -165.122803 4.709278 0.969532
v -193.213226 3.206632 0.969532
v -193.447647 0.276476 0.708072
v -178.304001 1.057852 0.672009
v -178.102631 4.060135 0.969532
v -204.450012 2.404219 0.969532
v -193.447647 0.276476 0.708072
v -204.627304 -0.354636 0.732114
v -193.213226 3.206632 0.969532
v -213.378708 1.836219 0.969532
v -213.559021 -0.799419 0.753151
v -204.627304 -0.354636 0.732114
v -204.450012 2.404219 0.969532
v -222.334473 1.289255 0.969532
v -222.442657 -1.139017 0.771183
v -213.559021 -0.799419 0.753151
v -213.378708 1.836219 0.969532
v -224.173706 0.871520 0.969532
v -223.710907 -1.418509 0.774188
v -222.442657 -1.139017 0.771183
v -222.334473 1.289255 0.969532
v -225.709396 0.072114 0.969532
v -224.825851 -1.977493 0.777194
v -223.710907 -1.418509 0.774188
v -224.173706 0.871520 0.969532
v -227.079819 -0.883568 0.969532
v -225.763489 -2.608603 0.780199
v -224.825851 -1.977493 0.777194
v -225.709396 0.072114 0.969532
v -228.227844 -1.908371 0.969532
v -226.574936 -3.284793 0.780199
v -225.763489 -2.608603 0.780199
v -227.079819 -0.883568 0.969532
v -229.216583 -2.999290 0.969532
v -227.293182 -3.997046 0.783204
v -226.574936 -3.284793 0.780199
v -228.227844 -1.908371 0.969532
v -230.112152 -4.144306 0.969532
v -229.216583 -2.999290 0.969532
v -227.293182 -3.997046 0.783204
v -227.963379 -4.784431 0.783204
v -231.515625 -6.626674 0.969532
v -228.988174 -6.245002 0.786209
v -228.549408 -5.622907 0.783204
v -230.908569 -5.385489 0.969532
v -230.908569 -5.385489 0.969532
v -228.549408 -5.622907 0.783204
v -227.963379 -4.784431 0.783204
v -230.112152 -4.144306 0.969532
v -38.296646 2.091681 1.585616
v -38.146381 5.728080 0.969532
v -46.861717 2.241945 1.567584
v -46.690418 5.887359 0.969532
v -32.201923 2.034581 1.600642
v -38.146381 5.728080 0.969532
v -32.063679 5.779171 0.969532
v -38.296646 2.091681 1.585616
v -61.461407 2.443298 1.534526
v -61.503483 6.022596 0.969532
v -46.690418 5.887359 0.969532
v -46.861717 2.241945 1.567584
v -79.285767 2.764863 1.492452
v -79.135506 6.169854 0.969532
v -61.503483 6.022596 0.969532
v -61.461407 2.443298 1.534526
v -98.495567 2.861031 1.447373
v -79.135506 6.169854 0.969532
v -98.354324 6.139800 0.969532
v -79.285767 2.764863 1.492452
v -113.774452 2.782892 1.414315
v -113.588135 6.076687 0.969532
v -98.354324 6.139800 0.969532
v -98.495567 2.861031 1.447373
v -131.139008 2.596563 1.372241
v -113.774452 2.782892 1.414315
v -130.913620 5.848284 0.969532
v -113.588135 6.076687 0.969532
v -149.964142 2.016541 1.330167
v -149.753754 5.301321 0.969532
v -130.913620 5.848284 0.969532
v -131.139008 2.596563 1.372241
v -165.309128 1.514657 1.297108
v -165.122803 4.709278 0.969532
v -149.753754 5.301321 0.969532
v -149.964142 2.016541 1.330167
v -178.304001 1.057852 1.267055
v -178.102631 4.060135 0.969532
v -165.122803 4.709278 0.969532
v -165.309128 1.514657 1.297108
v -193.447647 0.276476 1.230992
v -193.213226 3.206632 0.969532
v -178.102631 4.060135 0.969532
v -178.304001 1.057852 1.267055
v -204.627304 -0.354636 1.206950
v -204.450012 2.404219 0.969532
v -193.213226 3.206632 0.969532
v -193.447647 0.276476 1.230992
v -213.559021 -0.799419 1.185913
v -213.378708 1.836219 0.969532
v -204.450012 2.404219 0.969532
v -204.627304 -0.354636 1.206950
v -222.442657 -1.139017 1.167881
v -222.334473 1.289255 0.969532
v -213.378708 1.836219 0.969532
v -213.559021 -0.799419 1.185913
v -223.710907 -1.418509 1.164876
v -224.173706 0.871520 0.969532
v -222.442657 -1.139017 1.167881
v -222.334473 1.289255 0.969532
v -224.825851 -1.977493 1.161870
v -225.709396 0.072114 0.969532
v -224.173706 0.871520 0.969532
v -223.710907 -1.418509 1.164876
v -225.763489 -2.608603 1.158865
v -227.079819 -0.883568 0.969532
v -225.709396 0.072114 0.969532
v -224.825851 -1.977493 1.161870
v -226.574936 -3.284793 1.158865
v -228.227844 -1.908371 0.969532
v -227.079819 -0.883568 0.969532
v -225.763489 -2.608603 1.158865
v -227.293182 -3.997046 1.155860
v -226.574936 -3.284793 1.158865
v -229.216583 -2.999290 0.969532
v -228.227844 -1.908371 0.969532
v -227.963379 -4.784431 1.155860
v -227.293182 -3.997046 1.155860
v -230.112152 -4.144306 0.969532
v -229.216583 -2.999290 0.969532
v -228.549408 -5.622907 1.155860
v -230.908569 -5.385489 0.969532
v -230.112152 -4.144306 0.969532
v -227.963379 -4.784431 1.155860
v -228.988174 -6.245002 1.152856
v -231.515625 -6.626674 0.969532
v -228.549408 -5.622907 1.155860
v -230.908569 -5.385489 0.969532
v -0.421005 -4.601092 -2.276179
v -0.096436 1.157040 -2.276179
v 0.062851 4.033101 0.969532
v -0.583290 -7.480157 0.969533
v 31.423027 -6.945214 0.969533
v 31.942947 -1.184077 0.969532
v -31.044889 -3.414006 0.969532
v -31.005819 2.788909 0.969532
v 30.647667 -6.876093 -2.276179
v 20.081078 -5.968496 -2.276179
v 19.879715 -8.805488 0.969533
v 30.392220 -9.755159 0.969533
v 31.158562 -1.123972 -2.276179
v 20.486786 -0.294513 -2.276179
v 31.417015 1.755095 0.969532
v 20.688141 2.542479 0.969532
v -20.469280 -3.762619 -2.276179
v -30.422792 -3.432037 -2.276179
v -30.446835 -6.533494 0.969532
v -20.568455 -6.791948 0.969533
v -20.264923 2.287026 -2.276179
v -30.371704 2.758856 -2.276179
v -20.165745 5.310346 0.969532
v -30.347662 5.857308 0.969532
v 10.061440 -5.205154 -2.276179
v -0.258717 -1.722026 -2.276179
v -10.792252 -4.129262 -2.276179
v -0.541214 -6.758889 -1.464751
v 10.395031 0.450798 -2.276179
v 0.020771 3.314836 -1.464751
v -10.491722 1.779134 -2.276179
v 10.563328 3.281779 0.969532
v -10.338451 4.736336 0.969532
v 9.896149 -8.036136 0.969533
v -10.945522 -7.083461 0.969533
v 31.684486 -4.063143 0.969532
v 31.227684 -6.930188 -1.464751
v 31.032341 -9.087985 0.969533
v 31.942947 0.991751 0.969532
v 31.747597 -1.169051 -1.464751
v -30.891619 -3.420016 -1.464751
v -31.026855 -0.312548 0.969532
v -30.909651 -5.746109 0.969532
v -30.849545 2.779893 -1.464751
v -30.831512 5.105986 0.969532
v 30.452309 -9.033889 -1.464750
v 30.903114 -4.000032 -2.276179
v 20.282433 -3.131505 -2.276179
v 19.930801 -8.099245 -1.464750
v 31.350906 1.033825 -1.464751
v 20.640053 1.830226 -1.464751
v -20.541409 -6.034616 -1.464751
v -20.370106 -0.736293 -2.276179
v -27.621866 -3.525201 -2.276179
v -30.398752 -0.336591 -2.276179
v -30.440826 -5.758130 -1.464751
v -27.666943 -6.602616 0.969532
v -20.189789 4.553014 -1.464751
v -27.528700 2.626623 -2.276179
v -30.350666 5.081944 -1.464751
v -27.480619 5.704039 0.969532
v 30.936165 -8.516980 -0.833640
v 31.489151 -4.048117 -1.464751
v 9.938221 -7.329892 -1.464751
v 10.232735 -2.377178 -2.276179
v -10.909458 -6.347165 -1.464751
v -10.638981 -1.175064 -2.276179
v -30.783428 -5.145051 -0.833641
v -30.870581 -0.321564 -1.464751
v 31.813713 0.441784 -0.833641
v 10.518242 2.575536 -1.464751
v -10.374519 3.997036 -1.464751
v -30.711300 4.498918 -0.833641
v -27.657928 -5.836267 -1.464751
v -27.576786 -0.450791 -2.276179
v -27.492640 4.934685 -1.464751
v 27.618332 -6.569554 -2.014719
v 27.389931 -9.226228 1.047670
v 28.099182 -0.934639 -2.014719
v 28.327583 1.719031 1.047669
v 27.447029 -8.589108 -1.299459
v 27.855751 -3.750593 -2.005703
v 28.270477 1.087920 -1.299460
v 28.354630 -0.949665 -2.014719
v 28.531944 1.066883 -1.299460
v 28.114197 -3.771630 -2.005703
v 28.589035 1.700999 1.047669
v 27.873787 -6.593596 -2.014719
v 27.702477 -8.610145 -1.299459
v 27.642372 -9.247266 1.047670
v 28.775375 1.226164 -1.464751
v 28.595055 -0.925623 -2.276179
v 28.835472 1.944427 0.969532
v 28.348618 -3.792667 -2.276179
v 28.108192 -6.659712 -2.276179
v 27.924873 -8.808494 -1.464750
v 27.861763 -9.529762 0.969533
v 28.081146 1.277253 -1.464751
v 27.900833 -0.868522 -2.276179
v 28.141251 1.995517 0.969532
v 27.663414 -3.735567 -2.276179
v 27.422981 -6.599607 -2.276179
v 27.239662 -8.748387 -1.464750
v 27.182571 -9.466651 0.969533
v -0.421005 -4.601091 4.215243
v -0.096436 1.157040 4.215243
v 30.647667 -6.876092 4.215243
v 20.081078 -5.968495 4.215243
v 31.158562 -1.123972 4.215243
v 20.486786 -0.294513 4.215243
v -20.469280 -3.762619 4.215243
v -30.422792 -3.432037 4.215243
v -20.264923 2.287026 4.215243
v -30.371704 2.758856 4.215243
v 10.061440 -5.205153 4.215243
v -0.258717 -1.722026 4.215243
v -10.792252 -4.129261 4.215243
v -0.541214 -6.758889 3.403816
v 10.395031 0.450798 4.215243
v 0.020771 3.314836 3.403815
v -10.491722 1.779134 4.215243
v 31.227684 -6.930188 3.403816
v 31.747597 -1.169051 3.403815
v -30.891619 -3.420016 3.403815
v -30.849545 2.779893 3.403815
v 30.452309 -9.033889 3.403816
v 30.903114 -4.000031 4.215243
v 20.282433 -3.131505 4.215243
v 19.930801 -8.099245 3.403816
v 31.350906 1.033825 3.403815
v 20.640053 1.830226 3.403815
v -20.541409 -6.034616 3.403816
v -20.370106 -0.736293 4.215243
v -27.621866 -3.525201 4.215243
v -30.398752 -0.336591 4.215243
v -30.440826 -5.758130 3.403816
v -20.189789 4.553014 3.403815
v -27.528700 2.626623 4.215243
v -30.350666 5.081944 3.403815
v 30.936165 -8.516980 2.772706
v 31.489151 -4.048117 3.403815
v 9.938221 -7.329892 3.403816
v 10.232735 -2.377178 4.215243
v -10.909458 -6.347165 3.403816
v -10.638981 -1.175064 4.215243
v -30.783428 -5.145051 2.772705
v -30.870581 -0.321564 3.403815
v 31.813713 0.441784 2.772705
v 10.518242 2.575536 3.403815
v -10.374519 3.997036 3.403815
v -30.711300 4.498918 2.772705
v -27.657928 -5.836267 3.403816
v -27.576786 -0.450791 4.215243
v -27.492640 4.934685 3.403815
v 27.618332 -6.569554 3.953784
v 27.389931 -9.226228 0.891396
v 28.099182 -0.934639 3.953783
v 28.327583 1.719031 0.891395
v 27.447029 -8.589108 3.238525
v 27.855751 -3.750593 3.944767
v 28.270477 1.087920 3.238524
v 28.354630 -0.949665 3.953783
v 28.531944 1.066883 3.238524
v 28.114197 -3.771630 3.944767
v 28.589035 1.700999 0.891395
v 27.873787 -6.593596 3.953784
v 27.702477 -8.610145 3.238525
v 27.642372 -9.247266 0.891396
v 28.775375 1.226164 3.403815
v 28.595055 -0.925623 4.215243
v 28.348618 -3.792667 4.215243
v 28.108192 -6.659711 4.215243
v 27.924873 -8.808494 3.403816
v 28.081146 1.277253 3.403815
v 27.900833 -0.868522 4.215243
v 27.663414 -3.735567 4.215243
v 27.422981 -6.599607 4.215243
v 27.239662 -8.748387 3.403816
v -30.942709 -0.402707 0.969532
v -31.059914 -3.627381 -3.066568
v -30.942709 -0.393691 -3.087607
v -30.822498 2.824972 -3.066569
v -31.162096 -6.323124 -1.972645
v -31.198158 -7.347927 0.969533
v -30.723322 5.514705 -1.972646
v -30.684254 6.542513 0.969532
v -30.942709 -0.393691 5.026671
v -31.059914 -3.627381 5.005633
v -30.822498 2.824972 5.005633
v -31.162096 -6.323124 3.911710
v -30.723322 5.514705 3.911709
v -30.311598 -0.423744 0.969532
v -30.431807 -3.651423 -3.066568
v -30.530983 -6.344161 -1.972645
v -30.567049 -7.371970 0.969533
v -30.311598 -0.414728 -3.087607
v -30.191387 2.800930 -3.066569
v -30.092213 5.493668 -1.972646
v -30.053143 6.518472 0.969532
v -30.530983 -6.344161 3.911710
v -30.431807 -3.651423 5.005633
v -30.311598 -0.414728 5.026671
v -30.191387 2.800930 5.005633
v -30.092213 5.493668 3.911709
v -31.059914 -3.627381 -3.066568
v -30.431807 -3.651423 -3.066568
v -30.942709 -0.393691 -3.087607
v -31.162096 -6.323124 -1.972645
v -30.530983 -6.344161 -1.972645
v -30.311598 -0.414728 -3.087607
v -30.191387 2.800930 -3.066569
v -30.822498 2.824972 -3.066569
v -30.723322 5.514705 -1.972646
v -30.092213 5.493668 -1.972646
v -30.053143 6.518472 0.969532
v -30.684254 6.542513 0.969532
v -30.723322 5.514705 3.911709
v -30.092213 5.493668 3.911709
v -30.822498 2.824972 5.005633
v -30.191387 2.800930 5.005633
v -30.942709 -0.393691 5.026671
v -30.311598 -0.414728 5.026671
v -30.431807 -3.651423 5.005633
v -31.162096 -6.323124 3.911710
v -30.530983 -6.344161 3.911710
v -31.059914 -3.627381 5.005633
v -30.567049 -7.371970 0.969533
v -31.198158 -7.347927 0.969533
v -30.458860 13.352497 0.969531
v -30.452848 13.463692 -2.240116
v -30.723322 6.272038 0.969532
v -30.452848 13.463692 4.179178
v -30.720318 6.257010 4.179178
v -30.954729 0.006012 0.969532
v -30.954729 0.006012 4.179179
v -30.741354 5.740101 4.942523
v -30.470882 13.054974 6.150648
v -30.777416 4.793437 5.459432
v -30.795450 4.225437 6.201737
v -30.512953 11.882912 8.173206
v -30.561035 10.680796 9.438432
v -30.621143 9.036904 10.135659
v -30.810474 3.918897 6.895959
v -30.822498 3.573289 7.641272
v -30.666224 7.792714 11.737478
v -30.732338 6.052652 12.624038
v -30.846540 2.897099 8.040974
v -30.876593 2.097692 8.031960
v -30.771408 4.985775 12.927572
v -30.810474 3.918898 13.234113
v -30.906643 1.289271 8.004911
v -30.930689 0.646139 8.230309
v -30.879599 1.962456 13.375361
v -30.954729 0.006013 13.375361
v -31.026855 -1.947424 13.375361
v -30.954729 0.006013 8.933545
v -30.975765 -0.634113 8.230309
v -30.999809 -1.274240 8.004911
v -31.098984 -3.903866 13.234113
v -31.029861 -2.079658 8.031960
v -31.138052 -4.970744 12.927572
v -31.059914 -2.888079 8.040974
v -31.177120 -6.037621 12.624038
v -31.243238 -7.777683 11.737480
v -31.083958 -3.558259 7.641273
v -31.288317 -9.021871 10.135661
v -31.351427 -10.668769 9.438434
v -31.111004 -4.216417 6.201738
v -31.098984 -3.903867 6.895960
v -31.132042 -4.775401 5.459433
v -31.393501 -11.870885 8.173208
v -31.165098 -5.731082 4.942523
v -31.186134 -6.244987 4.179179
v -31.438580 -13.045954 6.150650
v -31.450600 -13.448662 4.179180
v -31.186134 -6.257008 0.969532
v -31.447594 -13.337467 0.969533
v -31.450600 -13.448662 -2.240114
v -31.186134 -6.244987 -2.240114
v -31.165098 -5.731083 -3.003458
v -30.954729 0.006012 -2.240115
v -30.720318 6.257010 -2.240115
v -30.741354 5.740100 -3.003459
v -30.470882 13.054974 -4.211586
v -30.512953 11.882910 -6.234144
v -30.561035 10.680794 -7.499370
v -30.777416 4.793436 -3.520369
v -30.795450 4.225436 -4.262674
v -30.621143 9.036902 -8.196597
v -30.810474 3.918896 -4.956896
v -30.822498 3.573288 -5.702209
v -30.846540 2.897099 -6.101910
v -30.666224 7.792712 -9.798416
v -30.732338 6.052650 -10.684974
v -30.771408 4.985773 -10.988508
v -30.810474 3.918896 -11.295049
v -30.876593 2.097692 -6.092895
v -30.906643 1.289270 -6.065847
v -30.930689 0.646137 -6.291244
v -30.879599 1.962454 -11.436297
v -30.954729 0.006011 -11.436297
v -30.954729 0.006011 -6.994481
v -30.975765 -0.634115 -6.291244
v -31.026855 -1.947426 -11.436297
v -31.098984 -3.903868 -11.295049
v -30.999809 -1.274240 -6.065847
v -31.029861 -2.079659 -6.092895
v -31.059914 -2.888080 -6.101910
v -31.138052 -4.970746 -10.988508
v -31.177120 -6.037623 -10.684974
v -31.243238 -7.777685 -9.798414
v -31.083958 -3.558259 -5.702208
v -31.098984 -3.903867 -4.956895
v -31.351427 -10.668771 -7.499368
v -31.111004 -4.216418 -4.262673
v -31.288317 -9.021873 -8.196595
v -31.393501 -11.870887 -6.234142
v -31.132042 -4.775402 -3.520368
v -31.438580 -13.045954 -4.211584
v -30.452848 13.463692 -2.240116
v -30.458860 13.352497 0.969531
v -32.418304 13.424623 0.969531
v -32.412296 13.535817 -2.240116
v -30.470882 13.054974 -4.211586
v -32.427322 13.130103 -4.211586
v -30.512953 11.882910 -6.234144
v -32.472397 11.955036 -6.234144
v -30.561035 10.680794 -7.499370
v -32.514473 10.752921 -7.499370
v -30.621143 9.036902 -8.196597
v -32.577583 9.109028 -8.196597
v -30.666224 7.792712 -9.798416
v -32.622665 7.864839 -9.798416
v -30.732338 6.052650 -10.684974
v -32.685776 6.121772 -10.684974
v -30.771408 4.985773 -10.988508
v -30.810474 3.918896 -11.295049
v -32.727852 5.054895 -10.988508
v -32.769924 3.991023 -11.295049
v -30.879599 1.962454 -11.436297
v -32.839043 2.034580 -11.436297
v -30.954729 0.006011 -11.436297
v -32.911171 0.081143 -11.436297
v -31.026855 -1.947426 -11.436297
v -32.986305 -1.878305 -11.436297
v -31.098984 -3.903868 -11.295049
v -33.055428 -3.831742 -11.295049
v -31.138052 -4.970746 -10.988508
v -33.094498 -4.898619 -10.988508
v -33.136570 -5.965496 -10.684974
v -31.177120 -6.037623 -10.684974
v -31.243238 -7.777685 -9.798414
v -33.202682 -7.705558 -9.798414
v -31.288317 -9.021873 -8.196595
v -31.351427 -10.668771 -7.499368
v -33.244759 -8.949748 -8.196595
v -33.307869 -10.593639 -7.499368
v -33.352951 -11.798760 -6.234142
v -31.393501 -11.870887 -6.234142
v -31.438580 -13.045954 -4.211584
v -33.395020 -12.970822 -4.211584
v -31.450600 -13.448662 -2.240114
v -31.447594 -13.337467 0.969533
v -33.410049 -13.376535 -2.240114
v -33.404037 -13.265340 0.969533
v -33.410049 -13.376535 4.179180
v -31.450600 -13.448662 4.179180
v -31.438580 -13.045954 6.150650
v -33.395020 -12.970822 6.150650
v -31.393501 -11.870885 8.173208
v -31.351427 -10.668769 9.438434
v -33.352951 -11.798759 8.173208
v -33.307869 -10.593637 9.438434
v -33.244759 -8.949746 10.135661
v -31.288317 -9.021871 10.135661
v -31.243238 -7.777683 11.737480
v -33.202682 -7.705556 11.737480
v -31.177120 -6.037621 12.624038
v -31.138052 -4.970744 12.927572
v -33.136570 -5.965494 12.624038
v -33.094498 -4.898617 12.927572
v -31.098984 -3.903866 13.234113
v -33.055428 -3.831740 13.234113
v -32.986305 -1.878303 13.375361
v -31.026855 -1.947424 13.375361
v -30.954729 0.006013 13.375361
v -30.879599 1.962456 13.375361
v -32.911171 0.081145 13.375361
v -32.839043 2.034582 13.375361
v -32.769924 3.991025 13.234113
v -30.810474 3.918898 13.234113
v -30.771408 4.985775 12.927572
v -32.727852 5.054897 12.927572
v -30.732338 6.052652 12.624038
v -30.666224 7.792714 11.737478
v -32.685776 6.121774 12.624038
v -32.622665 7.864841 11.737478
v -32.577583 9.109030 10.135659
v -30.621143 9.036904 10.135659
v -30.561035 10.680796 9.438432
v -30.512953 11.882912 8.173206
v -32.514473 10.752923 9.438432
v -32.472397 11.955038 8.173206
v -30.470882 13.054974 6.150648
v -32.427322 13.130103 6.150648
v -32.412296 13.535817 4.179178
v -30.452848 13.463692 4.179178
v -30.720318 6.257010 -2.240115
v -30.741354 5.740100 -3.003459
v -32.700802 5.815234 -3.003459
v -32.679764 6.332142 -2.240115
v -32.911171 0.081144 -2.240115
v -30.954729 0.006012 -2.240115
v -33.142578 -6.169856 -2.240114
v -31.186134 -6.244987 -2.240114
v -32.736862 4.862556 -3.520369
v -32.754898 4.300568 -4.262674
v -30.777416 4.793436 -3.520369
v -30.795450 4.225436 -4.262674
v -30.810474 3.918896 -4.956896
v -32.769924 3.991024 -4.956896
v -32.778938 3.645416 -5.702209
v -30.822498 3.573288 -5.702209
v -32.805984 2.972230 -6.101910
v -32.833035 2.166814 -6.092895
v -30.846540 2.897099 -6.101910
v -30.876593 2.097692 -6.092895
v -32.866093 1.358392 -6.065847
v -30.906643 1.289270 -6.065847
v -30.930689 0.646137 -6.291244
v -32.890137 0.718264 -6.291244
v -32.911171 0.081143 -6.994481
v -30.954729 0.006011 -6.994481
v -32.935211 -0.561989 -6.291244
v -32.959255 -1.202114 -6.065847
v -30.975765 -0.634115 -6.291244
v -30.999809 -1.274240 -6.065847
v -31.029861 -2.079659 -6.092895
v -32.989311 -2.007531 -6.092895
v -33.019363 -2.815953 -6.101910
v -33.043404 -3.486132 -5.702208
v -31.059914 -2.888080 -6.101910
v -31.083958 -3.558259 -5.702208
v -31.098984 -3.903867 -4.956895
v -33.055428 -3.831742 -4.956895
v -33.070450 -4.144291 -4.262673
v -33.088482 -4.703274 -3.520368
v -31.111004 -4.216418 -4.262673
v -31.132042 -4.775402 -3.520368
v -33.124546 -5.655951 -3.003458
v -31.165098 -5.731083 -3.003458
v -31.186134 -6.244987 -2.240114
v -33.142578 -6.169856 -2.240114
v -32.679764 6.332143 4.179178
v -32.700802 5.815235 4.942523
v -30.741354 5.740101 4.942523
v -30.720318 6.257010 4.179178
v -30.954729 0.006012 4.179179
v -32.911171 0.081144 4.179179
v -31.186134 -6.244987 4.179179
v -33.142578 -6.169855 4.179179
v -30.777416 4.793437 5.459432
v -30.795450 4.225437 6.201737
v -32.736862 4.862557 5.459432
v -32.754898 4.300569 6.201737
v -32.769924 3.991024 6.895959
v -30.810474 3.918897 6.895959
v -30.822498 3.573289 7.641272
v -32.778938 3.645416 7.641272
v -30.846540 2.897099 8.040974
v -30.876593 2.097692 8.031960
v -32.805984 2.972231 8.040974
v -32.833035 2.166815 8.031960
v -30.906643 1.289271 8.004911
v -32.866093 1.358392 8.004911
v -32.890137 0.718266 8.230309
v -30.930689 0.646139 8.230309
v -30.954729 0.006013 8.933545
v -32.911171 0.081145 8.933545
v -30.975765 -0.634113 8.230309
v -30.999809 -1.274240 8.004911
v -32.935211 -0.561987 8.230309
v -32.959255 -1.202114 8.004911
v -32.989311 -2.007530 8.031960
v -31.029861 -2.079658 8.031960
v -31.059914 -2.888079 8.040974
v -31.083958 -3.558259 7.641273
v -33.019363 -2.815953 8.040974
v -33.043404 -3.486131 7.641273
v -33.055428 -3.831741 6.895960
v -31.098984 -3.903867 6.895960
v -31.111004 -4.216417 6.201738
v -31.132042 -4.775401 5.459433
v -33.070450 -4.144290 6.201738
v -33.088482 -4.703273 5.459433
v -31.165098 -5.731082 4.942523
v -33.124546 -5.655951 4.942523
v -33.142578 -6.169855 4.179179
v -31.186134 -6.244987 4.179179
v -47.216343 -5.169095 0.978548
v -47.201317 -4.850534 1.901171
v -47.201317 -4.850534 0.055925
v -31.477650 -5.283295 0.969532
v -31.468632 -5.048882 2.090504
v -31.315367 -0.907595 2.168642
v -46.861717 3.185606 1.780960
v -47.033020 -0.847491 2.141594
v -31.168104 3.071406 1.729870
v -31.062920 5.926429 0.969532
v -31.168104 3.071406 0.209194
v -46.738503 6.145814 0.978548
v -46.861717 3.185606 0.176136
v -47.033020 -0.847491 -0.184499
v -31.315367 -0.907595 -0.229578
v -31.468632 -5.048882 -0.151440
v -32.418304 13.424623 0.969531
v -32.682770 6.344164 0.969532
v -32.412296 13.535817 -2.240116
v -32.679764 6.332142 -2.240115
v -32.412296 13.535817 4.179178
v -32.679764 6.332143 4.179178
v -32.427322 13.130103 6.150648
v -32.472397 11.955038 8.173206
v -32.700802 5.815235 4.942523
v -32.736862 4.862557 5.459432
v -32.754898 4.300569 6.201737
v -32.514473 10.752923 9.438432
v -32.577583 9.109030 10.135659
v -32.622665 7.864841 11.737478
v -32.778938 3.645416 7.641272
v -32.769924 3.991024 6.895959
v -32.805984 2.972231 8.040974
v -32.685776 6.121774 12.624038
v -32.833035 2.166815 8.031960
v -32.727852 5.054897 12.927572
v -32.866093 1.358392 8.004911
v -32.769924 3.991025 13.234113
v -32.839043 2.034582 13.375361
v -32.911171 0.081145 8.933545
v -32.890137 0.718266 8.230309
v -32.911171 0.081145 13.375361
v -32.986305 -1.878303 13.375361
v -32.935211 -0.561987 8.230309
v -33.055428 -3.831740 13.234113
v -32.959255 -1.202114 8.004911
v -32.989311 -2.007530 8.031960
v -33.136570 -5.965494 12.624038
v -33.094498 -4.898617 12.927572
v -33.019363 -2.815953 8.040974
v -33.043404 -3.486131 7.641273
v -33.055428 -3.831741 6.895960
v -33.202682 -7.705556 11.737480
v -33.244759 -8.949746 10.135661
v -33.307869 -10.593637 9.438434
v -33.352951 -11.798759 8.173208
v -33.070450 -4.144290 6.201738
v -33.088482 -4.703273 5.459433
v -33.124546 -5.655951 4.942523
v -33.395020 -12.970822 6.150650
v -33.410049 -13.376535 4.179180
v -33.142578 -6.169855 4.179179
v -33.404037 -13.265340 0.969533
v -33.410049 -13.376535 -2.240114
v -33.145584 -6.181876 0.969532
v -33.142578 -6.169856 -2.240114
v -32.911171 0.081144 -2.240115
v -32.911171 0.081144 0.969532
v -32.911171 0.081144 4.179179
v -33.395020 -12.970822 -4.211584
v -33.124546 -5.655951 -3.003458
v -33.352951 -11.798760 -6.234142
v -33.088482 -4.703274 -3.520368
v -33.307869 -10.593639 -7.499368
v -33.070450 -4.144291 -4.262673
v -33.055428 -3.831742 -4.956895
v -33.244759 -8.949748 -8.196595
v -33.202682 -7.705558 -9.798414
v -33.043404 -3.486132 -5.702208
v -33.019363 -2.815953 -6.101910
v -32.989311 -2.007531 -6.092895
v -33.094498 -4.898619 -10.988508
v -33.136570 -5.965496 -10.684974
v -33.055428 -3.831742 -11.295049
v -32.959255 -1.202114 -6.065847
v -32.935211 -0.561989 -6.291244
v -32.986305 -1.878305 -11.436297
v -32.911171 0.081143 -11.436297
v -32.911171 0.081143 -6.994481
v -32.890137 0.718264 -6.291244
v -32.769924 3.991023 -11.295049
v -32.839043 2.034580 -11.436297
v -32.866093 1.358392 -6.065847
v -32.833035 2.166814 -6.092895
v -32.805984 2.972230 -6.101910
v -32.727852 5.054895 -10.988508
v -32.685776 6.121772 -10.684974
v -32.622665 7.864839 -9.798416
v -32.778938 3.645416 -5.702209
v -32.769924 3.991024 -4.956896
v -32.514473 10.752921 -7.499370
v -32.577583 9.109028 -8.196597
v -32.754898 4.300568 -4.262674
v -32.736862 4.862556 -3.520369
v -32.472397 11.955036 -6.234144
v -32.427322 13.130103 -4.211586
v -32.700802 5.815234 -3.003459
v -39.630997 6.344163 0.969532
v -32.628677 5.686006 0.365469
v -32.613647 6.088715 0.969532
v -39.646023 5.947465 0.365469
v -39.646023 5.947465 1.573595
v -39.784264 2.199872 2.195690
v -32.628677 5.686006 1.573595
v -32.766918 1.941417 2.210716
v -39.901470 -0.880549 2.373001
v -32.881119 -1.142008 2.391033
v -40.048729 -4.937687 2.150610
v -33.031384 -5.196142 2.150610
v -33.046410 -5.502681 0.969532
v -40.060753 -5.244226 0.969532
v -40.048729 -4.937687 -0.211546
v -39.901470 -0.880549 -0.433937
v -33.031384 -5.196142 -0.211546
v -32.881119 -1.142008 -0.451969
v -39.784264 2.199872 -0.256626
v -32.766918 1.941417 -0.271652
v -32.881119 -1.142008 0.969532
v -32.766918 1.941417 0.969532
v -33.046410 -5.502681 0.969532
v -32.881119 -1.142008 -0.451969
v -32.766918 1.941417 -0.271652
v -33.031384 -5.196142 2.150610
v -32.881119 -1.142008 2.391033
v -32.766918 1.941417 2.210716
v -32.628677 5.686006 1.573595
v -32.613647 6.088715 0.969532
v -32.628677 5.686006 0.365469
v -33.031384 -5.196142 -0.211546
v -40.171947 -5.036862 0.969532
v -40.048729 -4.937687 2.150610
v -40.060753 -5.244226 0.969532
v -40.015671 -0.877543 0.969532
v -40.015671 -0.877543 -0.205536
v -40.162933 -4.769392 -0.064287
v -40.162933 -4.769392 2.003351
v -40.015671 -0.877543 2.144600
v -39.901470 -0.880549 2.373001
v -39.784264 2.199872 2.195690
v -39.904476 2.202877 1.997340
v -39.646023 5.947465 1.573595
v -39.630997 6.344163 0.969532
v -39.766235 5.938450 1.477426
v -39.754211 6.251000 0.969532
v -39.904476 2.202877 0.969532
v -39.904476 2.202877 -0.058276
v -39.901470 -0.880549 -0.433937
v -39.784264 2.199872 -0.256626
v -39.766235 5.938450 0.461638
v -39.646023 5.947465 0.365469
v -40.048729 -4.937687 -0.211546
vn -0.0271 -0.8279 -0.5602
vn -0.0145 -0.9998 -0.0118
vn -0.0201 -0.9998 -0.0032
vn -0.0231 -0.9378 0.3464
vn 0.0082 -0.8159 0.5781
vn -0.0174 -0.9365 0.3502
vn -0.0187 -0.9998 0.0003
vn -0.0220 -0.9308 0.3648
vn -0.0235 -0.9997 0.0003
vn -0.0198 -0.9197 0.3920
vn -0.0215 -0.9998 0.0004
vn -0.0218 -0.9306 -0.3654
vn -0.0176 -0.9363 -0.3508
vn -0.0131 -0.9403 -0.3402
vn -0.0200 -0.9195 -0.3927
vn -0.0107 -0.9999 0.0004
vn -0.0099 -0.9078 -0.4192
vn -0.0001 -1.0000 0.0004
vn -0.0005 -0.8933 -0.4494
vn 0.0069 -1.0000 0.0004
vn 0.0060 -0.8807 -0.4736
vn 0.0124 -0.8566 0.5158
vn 0.0150 -0.9999 0.0005
vn 0.0058 -0.8811 0.4729
vn -0.0002 -0.8937 0.4487
vn -0.0100 -0.9082 0.4185
vn 0.0198 -0.8294 0.5583
vn 0.0242 -0.9997 0.0005
vn 0.0278 -0.8052 0.5923
vn 0.0355 -0.9994 0.0005
vn 0.0308 -0.7712 0.6358
vn 0.0396 -0.9992 0.0006
vn 0.0273 -0.7375 0.6748
vn 0.0367 -0.9993 0.0006
vn 0.0307 -0.7705 -0.6367
vn 0.0277 -0.8046 -0.5931
vn 0.0195 -0.8288 -0.5592
vn 0.0124 -0.8561 -0.5167
vn 0.0270 -0.7367 -0.6757
vn 0.0408 -0.9992 0.0006
vn 0.0282 -0.7088 -0.7048
vn 0.0376 -0.9993 0.0008
vn 0.0263 -0.6766 -0.7359
vn 0.0213 -0.9998 0.0003
vn 0.0138 -0.6541 -0.7562
vn 0.0222 -0.5598 0.8283
vn 0.0419 -0.9991 -0.0000
vn 0.0222 -0.5598 -0.8284
vn 0.0152 -0.6549 0.7555
vn 0.0263 -0.6776 0.7349
vn 0.0284 -0.7097 0.7039
vn 0.9993 -0.0372 -0.0000
vn 0.9993 -0.0374 -0.0003
vn 0.8917 -0.0070 -0.4525
vn 0.8918 -0.0070 0.4524
vn 0.6872 -0.0445 0.7251
vn 0.0085 0.0189 0.9998
vn -0.0015 0.0581 0.9983
vn -0.0018 0.0552 0.9985
vn -0.0025 0.0274 0.9996
vn -0.0016 0.0530 0.9986
vn -0.0023 0.0264 0.9996
vn -0.0018 0.0524 0.9986
vn -0.0029 0.0001 1.0000
vn -0.0029 0.0003 1.0000
vn -0.0024 0.0264 0.9996
vn -0.0025 0.0493 0.9988
vn -0.0027 0.0247 0.9997
vn -0.0030 0.0002 1.0000
vn -0.0029 0.0002 1.0000
vn -0.0029 0.0228 0.9997
vn -0.0030 0.0010 1.0000
vn -0.0030 0.0456 0.9990
vn -0.0034 0.0430 0.9991
vn -0.0032 0.0220 0.9998
vn -0.0037 0.0404 0.9992
vn -0.0033 0.0202 0.9998
vn -0.0038 0.0370 0.9993
vn -0.0033 0.0184 0.9998
vn -0.0041 0.0339 0.9994
vn -0.0035 0.0169 0.9999
vn -0.0042 0.0316 0.9995
vn -0.0035 0.0157 0.9999
vn -0.0028 0.0001 1.0000
vn -0.0030 0.0012 1.0000
vn -0.0027 0.0002 1.0000
vn -0.0035 0.0152 0.9999
vn -0.0031 0.0146 0.9999
vn -0.0028 0.0009 1.0000
vn -0.0150 0.0126 0.9998
vn -0.0153 0.0110 0.9998
vn -0.0141 0.0131 0.9998
vn -0.0105 0.0146 0.9998
vn -0.0117 0.0134 0.9998
vn -0.0071 0.0153 0.9999
vn -0.0037 0.0153 0.9999
vn -0.0131 0.0128 0.9998
vn -0.0241 0.0241 0.9994
vn -0.0283 0.0172 0.9995
vn -0.0275 0.0164 0.9995
vn -0.0265 0.0199 0.9995
vn -0.0254 0.0224 0.9994
vn -0.0233 0.0227 0.9995
vn -0.0205 0.0258 0.9995
vn -0.0180 0.0261 0.9995
vn -0.0116 0.0274 0.9996
vn -0.0057 0.0274 0.9996
vn -0.0035 0.0293 0.9996
vn -0.0040 0.0294 0.9996
vn -0.0030 0.0001 1.0000
vn 0.0296 -0.0013 0.9996
vn 0.8314 -0.0729 0.5508
vn 0.9993 -0.0372 -0.0003
vn 0.8393 -0.0911 -0.5360
vn 0.6952 -0.0314 -0.7181
vn 0.0075 -0.0191 -0.9998
vn -0.0025 0.0292 -0.9996
vn -0.0018 0.0577 -0.9983
vn -0.0023 0.0276 -0.9996
vn -0.0015 0.0547 -0.9985
vn -0.0022 0.0265 -0.9996
vn -0.0015 0.0528 -0.9986
vn -0.0024 0.0265 -0.9996
vn -0.0019 0.0522 -0.9986
vn -0.0029 0.0001 -1.0000
vn -0.0029 0.0003 -1.0000
vn -0.0028 0.0248 -0.9997
vn -0.0030 0.0002 -1.0000
vn -0.0029 0.0229 -0.9997
vn -0.0029 0.0002 -1.0000
vn -0.0028 0.0010 -1.0000
vn -0.0031 0.0221 -0.9998
vn -0.0028 0.0453 -0.9990
vn -0.0034 0.0203 -0.9998
vn -0.0033 0.0427 -0.9991
vn -0.0037 0.0400 -0.9992
vn -0.0034 0.0186 -0.9998
vn -0.0037 0.0366 -0.9993
vn -0.0035 0.0171 -0.9998
vn -0.0039 0.0336 -0.9994
vn -0.0036 0.0158 -0.9999
vn -0.0041 0.0313 -0.9995
vn -0.0033 0.0153 -0.9999
vn -0.0038 0.0293 -0.9996
vn -0.0028 0.0012 -1.0000
vn -0.0034 0.0147 -0.9999
vn -0.0037 0.0292 -0.9996
vn -0.0032 0.0150 -0.9999
vn -0.0030 0.0003 -1.0000
vn -0.0027 0.0010 -1.0000
vn -0.0073 0.0150 -0.9999
vn -0.0099 0.0144 -0.9998
vn -0.0121 0.0130 -0.9998
vn -0.0124 0.0132 -0.9998
vn -0.0140 0.0118 -0.9998
vn -0.0153 0.0114 -0.9998
vn -0.0214 0.0199 -0.9996
vn -0.0143 0.0123 -0.9998
vn -0.0261 0.0219 -0.9994
vn -0.0266 0.0204 -0.9994
vn -0.0290 0.0181 -0.9994
vn -0.0301 0.0164 -0.9994
vn -0.0231 0.0239 -0.9994
vn -0.0211 0.0255 -0.9995
vn -0.0179 0.0266 -0.9995
vn -0.0121 0.0277 -0.9995
vn -0.0052 0.0276 -0.9996
vn -0.0025 0.0488 -0.9988
vn -0.0030 0.0001 -1.0000
vn -0.0011 0.1665 -0.9860
vn -0.0009 0.1662 -0.9861
vn -0.0012 0.1668 -0.9860
vn -0.0014 0.1671 -0.9859
vn 0.0014 0.1632 -0.9866
vn 0.0031 0.1669 -0.9860
vn 0.0025 0.1656 -0.9862
vn 0.0008 0.1619 -0.9868
vn 0.0012 0.1609 -0.9870
vn -0.0001 0.1559 -0.9878
vn 0.0002 0.1569 -0.9876
vn 0.0015 0.1618 -0.9868
vn 0.0012 0.1554 -0.9878
vn 0.0004 0.1519 -0.9884
vn 0.0005 0.1524 -0.9883
vn 0.0013 0.1559 -0.9878
vn -0.0004 0.1512 -0.9885
vn -0.0016 0.1447 -0.9895
vn -0.0014 0.1455 -0.9894
vn -0.0002 0.1519 -0.9884
vn -0.0009 0.1432 -0.9897
vn -0.0029 0.1340 -0.9910
vn -0.0026 0.1354 -0.9908
vn -0.0006 0.1446 -0.9895
vn -0.0020 0.1327 -0.9912
vn -0.0037 0.1232 -0.9924
vn -0.0035 0.1244 -0.9922
vn -0.0018 0.1339 -0.9910
vn -0.0038 0.1217 -0.9926
vn -0.0056 0.1096 -0.9940
vn -0.0054 0.1110 -0.9938
vn -0.0036 0.1231 -0.9924
vn -0.0044 0.1086 -0.9941
vn -0.0055 0.1023 -0.9947
vn -0.0053 0.1032 -0.9946
vn -0.0042 0.1095 -0.9940
vn -0.0052 0.1018 -0.9948
vn -0.0058 0.0990 -0.9951
vn -0.0057 0.0995 -0.9950
vn -0.0051 0.1023 -0.9947
vn -0.0058 0.0979 -0.9952
vn -0.0070 0.0894 -0.9960
vn -0.0068 0.0906 -0.9959
vn -0.0056 0.0990 -0.9951
vn -0.0069 0.0867 -0.9962
vn -0.0064 0.0894 -0.9960
vn -0.0065 0.0889 -0.9960
vn -0.0070 0.0862 -0.9963
vn -0.0056 0.0854 -0.9963
vn -0.0064 0.0823 -0.9966
vn -0.0063 0.0830 -0.9965
vn -0.0055 0.0861 -0.9963
vn -0.0050 0.0821 -0.9966
vn -0.0051 0.0816 -0.9966
vn -0.0051 0.0817 -0.9966
vn -0.0050 0.0822 -0.9966
vn -0.0196 0.0815 -0.9965
vn -0.0202 0.0809 -0.9965
vn -0.0192 0.0818 -0.9965
vn -0.0187 0.0822 -0.9964
vn -0.0405 0.0763 -0.9963
vn -0.0408 0.0759 -0.9963
vn -0.0403 0.0766 -0.9963
vn -0.0400 0.0769 -0.9962
vn -0.0505 0.0711 -0.9962
vn -0.0507 0.0706 -0.9962
vn -0.0503 0.0715 -0.9962
vn -0.0501 0.0719 -0.9962
vn -0.0575 0.0671 -0.9961
vn -0.0571 0.0685 -0.9960
vn -0.0578 0.0660 -0.9961
vn -0.0581 0.0650 -0.9962
vn -0.0649 0.0603 -0.9961
vn -0.0648 0.0611 -0.9960
vn -0.0650 0.0595 -0.9961
vn -0.0650 0.0589 -0.9961
vn -0.0687 0.0551 -0.9961
vn -0.0687 0.0537 -0.9962
vn -0.0688 0.0567 -0.9960
vn -0.0689 0.0586 -0.9959
vn -0.0780 0.0456 -0.9959
vn -0.0800 0.0516 -0.9955
vn -0.0759 0.0394 -0.9963
vn -0.0750 0.0367 -0.9965
vn -0.0731 0.0495 -0.9961
vn -0.0735 0.0514 -0.9960
vn -0.0728 0.0479 -0.9962
vn -0.0725 0.0465 -0.9963
vn 0.0025 0.1631 0.9866
vn 0.0009 0.1670 0.9860
vn 0.0014 0.1656 0.9862
vn 0.0030 0.1618 0.9868
vn -0.0012 0.1665 0.9860
vn -0.0014 0.1662 0.9861
vn -0.0011 0.1668 0.9860
vn -0.0009 0.1671 0.9859
vn 0.0002 0.1610 0.9870
vn 0.0014 0.1559 0.9878
vn 0.0012 0.1569 0.9876
vn -0.0000 0.1619 0.9868
vn 0.0006 0.1554 0.9878
vn 0.0013 0.1517 0.9884
vn 0.0012 0.1523 0.9883
vn 0.0005 0.1559 0.9878
vn -0.0014 0.1510 0.9885
vn -0.0002 0.1442 0.9895
vn -0.0004 0.1451 0.9894
vn -0.0016 0.1519 0.9884
vn -0.0026 0.1429 0.9897
vn -0.0006 0.1339 0.9910
vn -0.0009 0.1353 0.9908
vn -0.0029 0.1443 0.9895
vn -0.0019 0.1244 0.9922
vn -0.0038 0.1340 0.9910
vn -0.0036 0.1327 0.9912
vn -0.0016 0.1230 0.9924
vn -0.0057 0.1217 0.9926
vn -0.0032 0.1093 0.9940
vn -0.0035 0.1109 0.9938
vn -0.0060 0.1233 0.9923
vn -0.0055 0.1085 0.9941
vn -0.0039 0.1022 0.9948
vn -0.0042 0.1032 0.9946
vn -0.0057 0.1095 0.9940
vn -0.0058 0.1018 0.9948
vn -0.0049 0.0989 0.9951
vn -0.0051 0.0995 0.9950
vn -0.0059 0.1023 0.9947
vn -0.0072 0.0978 0.9952
vn -0.0050 0.0893 0.9960
vn -0.0054 0.0906 0.9959
vn -0.0075 0.0991 0.9950
vn -0.0070 0.0889 0.9960
vn -0.0062 0.0861 0.9963
vn -0.0063 0.0867 0.9962
vn -0.0072 0.0894 0.9960
vn -0.0064 0.0854 0.9963
vn -0.0052 0.0822 0.9966
vn -0.0055 0.0830 0.9965
vn -0.0066 0.0862 0.9963
vn -0.0051 0.0821 0.9966
vn -0.0050 0.0816 0.9967
vn -0.0050 0.0817 0.9966
vn -0.0191 0.0816 0.9965
vn -0.0185 0.0813 0.9965
vn -0.0196 0.0819 0.9965
vn -0.0205 0.0823 0.9964
vn -0.0402 0.0765 0.9963
vn -0.0397 0.0764 0.9963
vn -0.0406 0.0765 0.9962
vn -0.0411 0.0767 0.9962
vn -0.0502 0.0714 0.9962
vn -0.0498 0.0714 0.9962
vn -0.0506 0.0714 0.9962
vn -0.0512 0.0714 0.9961
vn -0.0580 0.0663 0.9961
vn -0.0590 0.0661 0.9961
vn -0.0570 0.0666 0.9962
vn -0.0557 0.0668 0.9962
vn -0.0645 0.0600 0.9961
vn -0.0639 0.0603 0.9961
vn -0.0652 0.0597 0.9961
vn -0.0656 0.0595 0.9961
vn -0.0680 0.0562 0.9961
vn -0.0669 0.0570 0.9961
vn -0.0692 0.0554 0.9961
vn -0.0700 0.0548 0.9960
vn -0.0733 0.0481 0.9962
vn -0.0739 0.0474 0.9961
vn -0.0723 0.0492 0.9962
vn -0.0715 0.0500 0.9962
vn -0.0773 0.0397 0.9962
vn -0.0780 0.0382 0.9962
vn -0.0749 0.0451 0.9962
vn -0.0739 0.0473 0.9961
vn -0.0480 -0.7320 -0.6797
vn -0.0344 -0.7299 -0.6827
vn -0.0085 -0.1776 -0.9841
vn -0.0120 -0.1797 -0.9836
vn -0.0000 -0.0000 -1.0000
vn -0.0072 -0.1737 -0.9848
vn -0.0263 -0.7257 -0.6875
vn 0.0120 0.1785 -0.9839
vn 0.0128 0.1810 -0.9834
vn 0.0527 0.7333 -0.6779
vn 0.0497 0.7307 -0.6809
vn 0.0444 0.7256 -0.6867
vn 0.0098 0.1744 -0.9846
vn 0.0688 0.9976 -0.0001
vn 0.0720 0.9974 0.0003
vn 0.0621 0.9981 -0.0000
vn -0.0652 -0.9979 0.0002
vn -0.0462 -0.9989 -0.0000
vn -0.0350 -0.9994 0.0001
vn 0.9344 -0.0839 -0.3462
vn 0.9960 -0.0899 -0.0000
vn 0.9903 -0.1386 -0.0038
vn 0.9097 -0.1976 -0.3652
vn 0.8980 -0.3650 -0.2456
vn 0.8730 -0.4872 -0.0215
vn 0.9411 0.2164 -0.2600
vn 0.9421 0.3351 -0.0101
vn 0.9989 -0.0459 0.0011
vn 0.9285 0.0148 -0.3710
vn -0.9562 -0.2088 -0.2050
vn -0.9461 -0.3233 -0.0205
vn -0.9996 -0.0292 -0.0035
vn -0.9477 -0.0841 -0.3079
vn -0.9566 0.0069 -0.2912
vn -1.0000 0.0064 -0.0001
vn -0.9990 0.0444 -0.0035
vn -0.9438 0.1013 -0.3145
vn -0.9493 0.2330 -0.2109
vn -0.9357 0.3522 -0.0210
vn 0.4035 -0.6840 -0.6078
vn 0.4248 -0.2050 -0.8817
vn 0.4528 -0.0402 -0.8907
vn -0.0146 -0.1794 -0.9837
vn -0.0604 -0.7315 -0.6792
vn -0.0832 -0.9965 -0.0002
vn 0.3305 -0.9438 -0.0102
vn 0.4469 0.1236 -0.8860
vn 0.4885 0.6162 -0.6178
vn 0.0542 0.7324 -0.6787
vn 0.0134 0.1805 -0.9835
vn 0.4759 0.8795 -0.0057
vn 0.0733 0.9973 -0.0000
vn -0.0200 -0.7182 -0.6956
vn -0.0056 -0.1679 -0.9858
vn -0.0053 -0.1703 -0.9854
vn -0.0217 -0.7208 -0.6928
vn -0.5089 -0.6123 -0.6050
vn -0.4850 -0.1476 -0.8619
vn -0.4987 0.0041 -0.8668
vn -0.0264 -0.9997 0.0002
vn -0.4780 -0.8783 -0.0087
vn -0.0292 -0.9996 0.0002
vn 0.0078 0.1681 -0.9857
vn 0.0092 0.1710 -0.9852
vn 0.0393 0.7211 -0.6918
vn 0.0372 0.7175 -0.6955
vn -0.4739 0.1591 -0.8661
vn -0.4742 0.6355 -0.6093
vn 0.0530 0.9986 -0.0000
vn 0.0553 0.9985 -0.0000
vn -0.4271 0.9041 -0.0094
vn -0.4128 0.1897 -0.8908
vn 0.4704 0.1105 -0.8755
vn 0.5280 0.5996 -0.6014
vn -0.3943 0.6937 -0.6028
vn -0.4123 0.0343 -0.9104
vn 0.4555 -0.0376 -0.8894
vn 0.5027 0.8315 -0.2365
vn -0.3537 0.9031 -0.2437
vn -0.4342 -0.1193 -0.8929
vn 0.4615 -0.1863 -0.8673
vn -0.4918 -0.6146 -0.6168
vn 0.4400 -0.6802 -0.5863
vn -0.4804 -0.8432 -0.2412
vn 0.3832 -0.8918 -0.2407
vn -0.3079 0.7106 -0.6326
vn -0.3754 0.1940 -0.9063
vn -0.3674 0.9301 -0.0032
vn -0.4129 0.0344 -0.9101
vn -0.4033 -0.1302 -0.9058
vn -0.4128 -0.6491 -0.6390
vn -0.5000 -0.8660 0.0029
vn 0.4332 0.6427 -0.6319
vn 0.4364 0.1259 -0.8909
vn 0.5240 0.8517 0.0027
vn 0.4562 -0.0376 -0.8891
vn 0.4183 -0.1947 -0.8872
vn 0.3333 -0.7065 -0.6243
vn 0.4000 -0.9165 -0.0034
vn -0.0345 -0.7298 0.6828
vn -0.0481 -0.7323 0.6793
vn -0.0118 -0.1795 0.9837
vn -0.0092 -0.1777 0.9840
vn -0.0000 -0.0000 1.0000
vn -0.0064 -0.1738 0.9848
vn -0.0262 -0.7258 0.6874
vn 0.0130 0.1808 0.9834
vn 0.0114 0.1787 0.9838
vn 0.0528 0.7336 0.6775
vn 0.0496 0.7305 0.6811
vn 0.0444 0.7256 0.6867
vn 0.0105 0.1744 0.9846
vn 0.9343 -0.0843 0.3463
vn 0.9173 -0.1727 0.3588
vn 0.9019 -0.3584 0.2409
vn 0.9471 0.2028 0.2490
vn 0.9313 0.0023 0.3642
vn -0.9583 -0.2035 0.2006
vn -0.9511 -0.0625 0.3024
vn -0.9566 0.0065 0.2912
vn -0.9481 0.0795 0.3080
vn -0.9515 0.2273 0.2074
vn 0.3861 -0.6898 0.6124
vn 0.4187 -0.1940 0.8872
vn 0.4528 -0.0407 0.8907
vn -0.0147 -0.1792 0.9837
vn -0.0609 -0.7314 0.6792
vn 0.4423 0.1182 0.8891
vn 0.4794 0.6212 0.6200
vn 0.0541 0.7323 0.6788
vn 0.0137 0.1807 0.9835
vn -0.0050 -0.1680 0.9858
vn -0.0201 -0.7183 0.6954
vn -0.0218 -0.7209 0.6927
vn -0.0060 -0.1702 0.9854
vn -0.4952 -0.6190 0.6096
vn -0.4792 -0.1379 0.8668
vn -0.4986 0.0035 0.8668
vn 0.0084 0.1682 0.9857
vn 0.0084 0.1711 0.9852
vn 0.0392 0.7210 0.6918
vn 0.0372 0.7175 0.6956
vn -0.4680 0.1499 0.8709
vn -0.4600 0.6416 0.6138
vn 0.4730 0.1077 0.8744
vn -0.4107 0.1921 0.8913
vn -0.3959 0.6859 0.6106
vn 0.5285 0.6071 0.5934
vn -0.4122 0.0358 0.9104
vn 0.4558 -0.0393 0.8892
vn -0.3578 0.9038 0.2348
vn 0.4986 0.8321 0.2429
vn -0.4365 -0.1162 0.8922
vn 0.4592 -0.1896 0.8678
vn -0.4924 -0.6218 0.6090
vn 0.4413 -0.6721 0.5946
vn -0.4764 -0.8434 0.2483
vn 0.3871 -0.8922 0.2328
vn -0.3073 0.7076 0.6363
vn -0.3772 0.1955 0.9052
vn -0.4127 0.0358 0.9102
vn -0.4007 -0.1286 0.9071
vn -0.4131 -0.6524 0.6354
vn 0.4336 0.1247 0.8924
vn 0.4334 0.6461 0.6283
vn 0.4557 -0.0392 0.8893
vn 0.4203 -0.1969 0.8858
vn 0.3338 -0.7028 0.6282
vn -0.9993 0.0371 -0.0006
vn -0.9993 0.0370 -0.0000
vn -0.9993 0.0368 0.0001
vn -0.9993 0.0371 -0.0001
vn -0.9993 0.0371 0.0001
vn -0.9993 0.0368 -0.0000
vn -0.9993 0.0372 -0.0000
vn -0.9993 0.0368 -0.0001
vn -0.9993 0.0371 0.0006
vn 0.9993 -0.0370 -0.0002
vn 0.9993 -0.0372 -0.0001
vn 0.9993 -0.0371 -0.0000
vn 0.9993 -0.0368 -0.0005
vn 0.9993 -0.0367 -0.0000
vn 0.9993 -0.0368 0.0005
vn 0.9993 -0.0371 0.0002
vn 0.9993 -0.0371 -0.0001
vn 0.9993 -0.0371 0.0001
vn 0.9993 -0.0370 0.0002
vn 0.9993 -0.0372 0.0001
vn 0.9993 -0.0371 -0.0002
vn -0.0075 -0.1948 -0.9808
vn -0.0073 -0.1945 -0.9809
vn -0.0246 -0.7237 -0.6897
vn -0.0242 -0.7246 -0.6887
vn 0.0073 0.1948 -0.9808
vn 0.0074 0.1946 -0.9809
vn 0.0246 0.7246 -0.6888
vn 0.0241 0.7236 -0.6898
vn 0.0378 0.9993 0.0004
vn 0.0246 0.7237 0.6896
vn 0.0242 0.7247 0.6886
vn 0.0073 0.1947 0.9808
vn 0.0074 0.1950 0.9808
vn -0.0073 -0.1947 0.9808
vn -0.0074 -0.1943 0.9809
vn -0.0246 -0.7244 0.6889
vn -0.0241 -0.7236 0.6898
vn -0.0378 -0.9993 -0.0004
vn 0.9993 -0.0371 0.0005
vn 0.9993 -0.0371 0.0004
vn 0.9993 -0.0372 0.0018
vn 0.9993 -0.0370 -0.0001
vn 0.9993 -0.0371 0.0006
vn 0.9993 -0.0364 -0.0020
vn 0.9993 -0.0371 0.0003
vn 0.9993 -0.0375 0.0013
vn 0.9993 -0.0373 0.0017
vn 0.9993 -0.0367 -0.0004
vn 0.9993 -0.0375 0.0019
vn 0.9993 -0.0362 -0.0004
vn 0.9993 -0.0372 0.0005
vn 0.9993 -0.0368 0.0004
vn 0.9993 -0.0366 0.0001
vn 0.9993 -0.0362 -0.0002
vn 0.9993 -0.0372 0.0003
vn 0.9993 -0.0367 -0.0005
vn 0.9993 -0.0376 -0.0000
vn 0.9993 -0.0361 0.0005
vn 0.9993 -0.0368 0.0003
vn 0.9993 -0.0363 0.0006
vn 0.9993 -0.0374 0.0003
vn 0.9993 -0.0367 0.0004
vn 0.9993 -0.0373 -0.0001
vn 0.9993 -0.0370 0.0004
vn 0.9993 -0.0373 0.0003
vn 0.9993 -0.0375 -0.0005
vn 0.9993 -0.0374 -0.0004
vn 0.9993 -0.0378 -0.0013
vn 0.9993 -0.0368 0.0008
vn 0.9993 -0.0369 0.0003
vn 0.9993 -0.0366 0.0007
vn 0.9993 -0.0371 -0.0006
vn 0.9993 -0.0369 -0.0000
vn 0.9993 -0.0368 -0.0001
vn 0.9993 -0.0369 -0.0004
vn 0.9993 -0.0368 0.0011
vn 0.9993 -0.0367 -0.0021
vn 0.9993 -0.0373 -0.0002
vn 0.9993 -0.0374 -0.0012
vn 0.9993 -0.0370 -0.0006
vn 0.9993 -0.0373 -0.0005
vn 0.9993 -0.0361 0.0011
vn 0.9993 -0.0372 -0.0007
vn 0.9993 -0.0366 -0.0001
vn 0.9993 -0.0382 -0.0019
vn 0.9993 -0.0363 0.0008
vn 0.9993 -0.0366 -0.0002
vn 0.9993 -0.0361 0.0002
vn 0.9993 -0.0367 0.0003
vn 0.9993 -0.0376 0.0003
vn 0.9994 -0.0354 0.0001
vn 0.9993 -0.0375 -0.0002
vn 0.9993 -0.0363 -0.0002
vn 0.9993 -0.0369 -0.0005
vn 0.9993 -0.0368 -0.0004
vn 0.9993 -0.0374 -0.0001
vn 0.9993 -0.0372 -0.0002
vn 0.9993 -0.0368 -0.0003
vn 0.9993 -0.0380 0.0007
vn 0.9993 -0.0374 -0.0000
vn 0.9993 -0.0381 0.0009
vn 0.9993 -0.0373 0.0006
vn 0.9993 -0.0369 -0.0006
vn 0.9993 -0.0369 -0.0001
vn 0.9993 -0.0371 -0.0007
vn 0.0368 0.9993 -0.0000
vn 0.0367 0.9957 -0.0848
vn 0.0370 0.9957 -0.0845
vn 0.0355 0.9336 -0.3566
vn 0.0355 0.9336 -0.3565
vn 0.0297 0.7997 -0.5997
vn 0.0295 0.7995 -0.5999
vn 0.0210 0.5691 -0.8220
vn 0.0210 0.5690 -0.8221
vn 0.0225 0.6092 -0.7927
vn 0.0235 0.6365 -0.7709
vn 0.0233 0.6364 -0.7710
vn 0.0131 0.3650 -0.9309
vn 0.0129 0.3646 -0.9311
vn 0.0097 0.2746 -0.9615
vn 0.0098 0.2748 -0.9615
vn 0.0063 0.1749 -0.9846
vn 0.0064 0.1751 -0.9845
vn 0.0013 0.0360 -0.9994
vn -0.0013 -0.0359 -0.9994
vn -0.0013 -0.0360 -0.9993
vn -0.0064 -0.1748 -0.9846
vn -0.0101 -0.2745 -0.9615
vn -0.0134 -0.3650 -0.9309
vn -0.0134 -0.3652 -0.9308
vn -0.0234 -0.6365 -0.7710
vn -0.0234 -0.6365 -0.7709
vn -0.0224 -0.6089 -0.7929
vn -0.0226 -0.6090 -0.7928
vn -0.0217 -0.5690 -0.8221
vn -0.0215 -0.5687 -0.8223
vn -0.0297 -0.7993 -0.6001
vn -0.0297 -0.7993 -0.6002
vn -0.0356 -0.9339 -0.3557
vn -0.0355 -0.9338 -0.3560
vn -0.0370 -0.9958 -0.0837
vn -0.0367 -0.9958 -0.0841
vn -0.0368 -0.9993 -0.0000
vn -0.0367 -0.9958 0.0833
vn -0.0370 -0.9958 0.0837
vn -0.0355 -0.9337 0.3564
vn -0.0355 -0.9336 0.3567
vn -0.0297 -0.7997 0.5996
vn -0.0297 -0.7997 0.5997
vn -0.0215 -0.5686 0.8223
vn -0.0217 -0.5683 0.8225
vn -0.0226 -0.6090 0.7928
vn -0.0224 -0.6092 0.7927
vn -0.0234 -0.6365 0.7709
vn -0.0234 -0.6365 0.7710
vn -0.0134 -0.3650 0.9309
vn -0.0134 -0.3652 0.9308
vn -0.0101 -0.2745 0.9615
vn -0.0064 -0.1748 0.9846
vn -0.0013 -0.0360 0.9994
vn -0.0013 -0.0361 0.9993
vn 0.0013 0.0360 0.9994
vn 0.0064 0.1747 0.9846
vn 0.0063 0.1750 0.9845
vn 0.0098 0.2747 0.9615
vn 0.0097 0.2749 0.9614
vn 0.0129 0.3652 0.9308
vn 0.0131 0.3648 0.9310
vn 0.0233 0.6364 0.7710
vn 0.0235 0.6363 0.7711
vn 0.0225 0.6092 0.7927
vn 0.0210 0.5691 0.8220
vn 0.0210 0.5690 0.8221
vn 0.0295 0.7999 0.5994
vn 0.0297 0.7997 0.5996
vn 0.0355 0.9333 0.3573
vn 0.0355 0.9334 0.3572
vn 0.0370 0.9957 0.0845
vn 0.0367 0.9958 0.0841
vn -0.0257 -0.6708 0.7412
vn -0.0252 -0.6716 0.7405
vn -0.0338 -0.8822 -0.4696
vn -0.0339 -0.8836 -0.4671
vn -0.0235 -0.6515 0.7583
vn -0.0238 -0.6508 0.7589
vn -0.0321 -0.8598 0.5096
vn -0.0324 -0.8595 0.5101
vn -0.0340 -0.9097 0.4138
vn -0.0335 -0.9103 0.4126
vn -0.0273 -0.7415 0.6703
vn -0.0276 -0.7408 0.6712
vn -0.0096 -0.2590 0.9658
vn -0.0099 -0.2578 0.9662
vn 0.0008 0.0223 0.9998
vn -0.0054 -0.1522 0.9883
vn -0.0055 -0.1510 0.9885
vn -0.0201 -0.5527 0.8331
vn -0.0207 -0.5516 0.8339
vn 0.0005 -0.0035 1.0000
vn -0.0006 0.0012 1.0000
vn 0.0207 0.5512 0.8341
vn 0.0203 0.5519 0.8337
vn 0.0056 0.1516 0.9884
vn 0.0056 0.1518 0.9884
vn -0.0008 -0.0223 0.9998
vn 0.0096 0.2599 0.9656
vn 0.0096 0.2600 0.9656
vn 0.0273 0.7420 0.6699
vn 0.0273 0.7419 0.6699
vn 0.0335 0.9088 0.4159
vn 0.0317 0.8599 0.5095
vn 0.0317 0.8599 0.5094
vn 0.0240 0.6522 0.7577
vn 0.0243 0.6517 0.7581
vn 0.0255 0.6716 0.7405
vn 0.0258 0.6715 0.7406
vn 0.0318 0.8287 0.5587
vn 0.0318 0.8287 0.5588
vn -0.0258 -0.6719 -0.7402
vn -0.0252 -0.6711 -0.7409
vn -0.0339 -0.8836 0.4671
vn -0.0338 -0.8822 0.4696
vn -0.0234 -0.6499 -0.7597
vn -0.0238 -0.6506 -0.7590
vn -0.0321 -0.8601 -0.5091
vn -0.0325 -0.8604 -0.5086
vn -0.0340 -0.9101 -0.4130
vn -0.0335 -0.9096 -0.4142
vn -0.0273 -0.7407 -0.6713
vn -0.0276 -0.7414 -0.6705
vn -0.0096 -0.2580 -0.9661
vn -0.0100 -0.2592 -0.9658
vn 0.0008 0.0223 -0.9998
vn -0.0053 -0.1508 -0.9885
vn -0.0056 -0.1521 -0.9884
vn -0.0201 -0.5514 -0.8340
vn -0.0208 -0.5525 -0.8332
vn 0.0007 0.0012 -1.0000
vn -0.0008 -0.0035 -1.0000
vn 0.0207 0.5516 -0.8339
vn 0.0203 0.5509 -0.8343
vn 0.0056 0.1518 -0.9884
vn 0.0056 0.1516 -0.9884
vn -0.0008 -0.0223 -0.9998
vn 0.0096 0.2600 -0.9656
vn 0.0096 0.2599 -0.9656
vn 0.0273 0.7419 -0.6699
vn 0.0273 0.7420 -0.6699
vn 0.0335 0.9088 -0.4159
vn 0.0317 0.8599 -0.5094
vn 0.0317 0.8599 -0.5095
vn 0.0240 0.6515 -0.7582
vn 0.0243 0.6521 -0.7578
vn 0.0255 0.6716 -0.7404
vn 0.0258 0.6717 -0.7403
vn 0.0318 0.8287 -0.5588
vn 0.0318 0.8288 -0.5587
vn 0.0119 0.9999 0.0028
vn 0.0119 0.6106 -0.7919
vn 0.0126 0.6276 -0.7784
vn 0.0128 0.6157 0.7879
vn 0.0111 0.9999 0.0026
vn 0.0036 -0.0420 -0.9991
vn -0.0018 -0.1754 -0.9845
vn -0.0045 -0.1852 -0.9827
vn 0.0017 -0.0128 -0.9999
vn -0.0155 -0.9999 0.0007
vn -0.0154 -0.9999 -0.0001
vn -0.0030 -0.1855 0.9826
vn -0.0011 -0.1757 0.9844
vn 0.0075 -0.0165 0.9998
vn 0.0004 -0.0452 0.9990
vn 0.0125 0.6319 0.7750
vn -0.9993 0.0372 0.0004
vn -0.9993 0.0372 -0.0001
vn -0.9993 0.0369 -0.0001
vn -0.9993 0.0370 0.0005
vn -0.9993 0.0372 -0.0003
vn -0.9993 0.0373 -0.0003
vn -0.9993 0.0373 -0.0001
vn -0.9993 0.0371 0.0003
vn -0.9993 0.0376 -0.0010
vn -0.9993 0.0364 0.0016
vn -0.9993 0.0370 0.0008
vn -0.9993 0.0378 -0.0004
vn -0.9993 0.0374 -0.0005
vn -0.9993 0.0371 0.0008
vn -0.9993 0.0368 0.0005
vn -0.9993 0.0377 -0.0002
vn -0.9994 0.0359 0.0003
vn -0.9993 0.0378 0.0003
vn -0.9992 0.0390 -0.0009
vn -0.9993 0.0386 -0.0013
vn -0.9993 0.0385 -0.0007
vn -0.9993 0.0376 -0.0006
vn -0.9994 0.0360 0.0004
vn -0.9994 0.0360 0.0005
vn -0.9993 0.0376 -0.0001
vn -0.9993 0.0364 0.0006
vn -0.9993 0.0373 0.0001
vn -0.9993 0.0367 -0.0005
vn -0.9993 0.0362 -0.0002
vn -0.9993 0.0374 0.0004
vn -0.9993 0.0373 0.0003
vn -0.9993 0.0382 0.0006
vn -0.9993 0.0380 0.0009
vn -0.9993 0.0368 -0.0003
vn -0.9993 0.0367 -0.0007
vn -0.9993 0.0369 -0.0008
vn -0.9993 0.0378 0.0016
vn -0.9993 0.0370 0.0001
vn -0.9993 0.0373 0.0008
vn -0.9993 0.0370 -0.0004
vn -0.9993 0.0376 0.0010
vn -0.9993 0.0364 -0.0018
vn -0.9993 0.0370 -0.0002
vn -0.9993 0.0371 0.0005
vn -0.9993 0.0370 -0.0003
vn -0.9993 0.0367 0.0002
vn -0.9993 0.0370 0.0002
vn -0.9993 0.0369 -0.0000
vn -0.9993 0.0368 0.0002
vn -0.9993 0.0370 0.0003
vn -0.9993 0.0363 0.0013
vn -0.9993 0.0373 -0.0005
vn -0.9993 0.0374 -0.0007
vn -0.9993 0.0381 -0.0017
vn -0.9993 0.0371 -0.0004
vn -0.9993 0.0365 0.0011
vn -0.9993 0.0368 0.0008
vn -0.9993 0.0371 -0.0000
vn -0.9993 0.0380 -0.0007
vn -0.9993 0.0383 -0.0008
vn -0.9993 0.0361 0.0002
vn -0.9993 0.0367 0.0003
vn -0.9993 0.0376 0.0003
vn -0.9994 0.0354 0.0001
vn -0.9993 0.0375 -0.0002
vn -0.9994 0.0360 -0.0000
vn -0.9993 0.0377 0.0007
vn -0.9994 0.0360 -0.0007
vn -0.9992 0.0388 0.0011
vn -0.9992 0.0387 0.0007
vn -0.9994 0.0360 -0.0015
vn -0.9993 0.0375 0.0002
vn -0.9992 0.0390 0.0015
vn -0.9993 0.0362 -0.0014
vn -0.9993 0.0367 -0.0008
vn -0.9993 0.0370 0.0007
vn -0.9993 0.0378 0.0008
vn -0.9993 0.0370 -0.0006
vn -0.9993 0.0377 0.0002
vn -0.9993 0.0371 -0.0003
vn -0.9993 0.0365 -0.0019
vn -0.9993 0.0374 0.0002
vn -0.9993 0.0374 0.0010
vn 0.0199 0.5440 -0.8388
vn 0.0195 0.5456 -0.8378
vn 0.0368 0.9993 -0.0002
vn 0.0199 0.5449 0.8383
vn 0.0194 0.5433 0.8393
vn 0.0027 0.1113 0.9938
vn 0.0019 0.1130 0.9936
vn -0.0024 0.0016 1.0000
vn -0.0017 0.0004 1.0000
vn -0.0244 -0.6333 0.7735
vn -0.0234 -0.6339 0.7731
vn -0.0233 -0.6328 -0.7740
vn -0.0244 -0.6333 -0.7735
vn -0.0017 0.0007 -1.0000
vn -0.0024 -0.0004 -1.0000
vn 0.0018 0.1108 -0.9938
vn 0.0028 0.1125 -0.9936
vn 0.9993 -0.0370 -0.0000
vn 0.9993 -0.0377 -0.0024
vn 0.9993 -0.0369 -0.0002
vn 0.9993 -0.0369 0.0031
vn -0.9644 -0.2644 0.0005
vn -0.8810 -0.4731 0.0006
vn -0.8877 -0.2851 0.3615
vn -0.9458 -0.1555 0.2851
vn -0.9447 -0.1507 -0.2913
vn -0.9709 0.0347 -0.2371
vn -0.9708 0.0388 0.2366
vn -0.8922 0.0383 0.4501
vn -0.8527 0.0847 0.5155
vn -0.9584 0.0654 0.2778
vn -0.5950 0.4080 0.6925
vn -0.8244 0.3639 0.4335
vn -0.5954 0.8034 -0.0076
vn -0.8226 0.5685 -0.0096
vn -0.9993 0.0366 -0.0000
vn -0.9594 0.0630 -0.2748
vn -0.8207 0.3802 -0.4265
vn -0.8929 0.0311 -0.4491
vn -0.8495 0.0823 -0.5212
vn -0.5911 0.4238 -0.6863
vn -0.8893 -0.2799 -0.3615
vt 0.985450 0.975500
vt 0.980400 0.975500
vt 0.980400 0.954440
vt 0.990270 0.954440
vt 0.989960 0.924820
vt 0.980400 0.924820
vt 0.989420 0.875110
vt 0.980400 0.875110
vt 0.988780 0.812600
vt 0.980400 0.812600
vt 0.980400 0.746650
vt 0.988060 0.746650
vt 0.980400 0.694120
vt 0.987520 0.694120
vt 0.980400 0.634710
vt 0.986880 0.634710
vt 0.986200 0.569910
vt 0.980400 0.569910
vt 0.985660 0.517700
vt 0.980400 0.517700
vt 0.985180 0.473350
vt 0.980400 0.473350
vt 0.984640 0.421810
vt 0.980400 0.421810
vt 0.984230 0.384010
vt 0.980400 0.384010
vt 0.980400 0.353750
vt 0.983890 0.353750
vt 0.980300 0.324040
vt 0.983790 0.324040
vt 0.980340 0.310130
vt 0.983830 0.310130
vt 0.983790 0.303390
vt 0.980210 0.295260
vt 0.960440 0.979450
vt 0.933640 0.984660
vt 0.946680 0.979450
vt 0.935380 0.979450
vt 0.935030 0.949350
vt 0.946020 0.949350
vt 0.945140 0.907540
vt 0.934100 0.907540
vt 0.943040 0.836220
vt 0.932260 0.837220
vt 0.940110 0.749090
vt 0.919310 0.837380
vt 0.916650 0.749140
vt 0.929950 0.749440
vt 0.934480 0.655330
vt 0.924630 0.655880
vt 0.912490 0.656050
vt 0.907340 0.581900
vt 0.919320 0.581270
vt 0.899910 0.498040
vt 0.929290 0.580760
vt 0.921990 0.496210
vt 0.912160 0.496730
vt 0.911470 0.404900
vt 0.901300 0.405720
vt 0.902510 0.331100
vt 0.892760 0.332490
vt 0.894250 0.267950
vt 0.885130 0.268970
vt 0.883120 0.195080
vt 0.875190 0.270280
vt 0.874280 0.195970
vt 0.864450 0.197520
vt 0.856360 0.144160
vt 0.849660 0.101420
vt 0.865960 0.142610
vt 0.859260 0.099880
vt 0.842500 0.058920
vt 0.840740 0.040350
vt 0.842820 0.041870
vt 0.844910 0.043790
vt 0.850110 0.050510
vt 0.848410 0.048080
vt 0.851910 0.053890
vt 0.853020 0.057610
vt 0.846660 0.045820
vt 0.839270 0.039020
vt 0.837600 0.029310
vt 0.840140 0.030860
vt 0.843550 0.032910
vt 0.846830 0.035450
vt 0.849860 0.038270
vt 0.852830 0.041600
vt 0.855720 0.045540
vt 0.858460 0.050420
vt 0.860300 0.056300
vt 0.867190 0.098800
vt 0.874270 0.141510
vt 0.883220 0.332880
vt 0.891020 0.406570
vt 0.921040 0.907540
vt 0.921960 0.949350
vt 0.922110 0.980190
vt 0.921940 0.982840
vt 0.959350 0.949350
vt 0.958530 0.907540
vt 0.956120 0.835010
vt 0.952430 0.748670
vt 0.946430 0.654650
vt 0.941380 0.580140
vt 0.933920 0.495580
vt 0.923810 0.403920
vt 0.914340 0.329410
vt 0.905310 0.266730
vt 0.893850 0.193990
vt 0.884340 0.140180
vt 0.876800 0.097500
vt 0.869130 0.054720
vt 0.866410 0.046220
vt 0.862530 0.039520
vt 0.858190 0.033740
vt 0.853730 0.029120
vt 0.849150 0.025340
vt 0.844420 0.022050
vt 0.834530 0.017530
vt 0.839410 0.019350
vt 0.212760 0.057300
vt 0.294850 0.056810
vt 0.294540 0.070310
vt 0.212430 0.070600
vt 0.211990 0.087150
vt 0.294140 0.087140
vt 0.374820 0.086700
vt 0.375180 0.069530
vt 0.375460 0.055820
vt 0.293700 0.103980
vt 0.211560 0.103700
vt 0.211230 0.116980
vt 0.293390 0.117460
vt 0.374260 0.117570
vt 0.374490 0.103860
vt 0.293260 0.132270
vt 0.211040 0.131770
vt 0.374210 0.132320
vt 0.212850 0.042490
vt 0.294860 0.041990
vt 0.375420 0.041060
vt 0.047000 0.085650
vt 0.031510 0.084870
vt 0.034450 0.065080
vt 0.049370 0.068750
vt 0.050060 0.058800
vt 0.042840 0.049070
vt 0.046960 0.112400
vt 0.039020 0.121500
vt 0.032240 0.104850
vt 0.047390 0.102690
vt 0.528810 0.056370
vt 0.536000 0.046730
vt 0.544100 0.063560
vt 0.529240 0.066780
vt 0.531250 0.084880
vt 0.546590 0.084400
vt 0.545480 0.105360
vt 0.530470 0.103060
vt 0.530710 0.113390
vt 0.538380 0.122630
vt 0.054740 0.058020
vt 0.054710 0.070040
vt 0.053570 0.085800
vt 0.133840 0.086610
vt 0.134490 0.070140
vt 0.134940 0.056900
vt 0.135130 0.042190
vt 0.052990 0.043750
vt 0.052730 0.101540
vt 0.051250 0.113370
vt 0.132570 0.116300
vt 0.133140 0.103080
vt 0.048730 0.127410
vt 0.132240 0.130990
vt 0.504120 0.054200
vt 0.504180 0.067980
vt 0.449830 0.068550
vt 0.449850 0.054680
vt 0.449840 0.085940
vt 0.504530 0.085260
vt 0.524540 0.055440
vt 0.524350 0.068050
vt 0.525200 0.085000
vt 0.504220 0.039590
vt 0.526540 0.041280
vt 0.449750 0.039990
vt 0.505090 0.102520
vt 0.449910 0.103340
vt 0.450030 0.117200
vt 0.505720 0.116290
vt 0.525530 0.101950
vt 0.526610 0.114490
vt 0.506310 0.130870
vt 0.450170 0.131880
vt 0.529150 0.128520
vt 0.072970 0.102190
vt 0.074850 0.102250
vt 0.073880 0.115310
vt 0.071960 0.115140
vt 0.073990 0.085990
vt 0.075880 0.086010
vt 0.073180 0.129880
vt 0.071110 0.129670
vt 0.074850 0.069760
vt 0.076710 0.069740
vt 0.075260 0.056760
vt 0.077160 0.056640
vt 0.075120 0.042170
vt 0.077170 0.042030
vt 0.070230 0.114990
vt 0.071280 0.102130
vt 0.069230 0.129480
vt 0.072270 0.085980
vt 0.073160 0.069790
vt 0.073540 0.056860
vt 0.073270 0.042310
vt 0.075400 0.115330
vt 0.076350 0.102270
vt 0.074710 0.129900
vt 0.077380 0.086030
vt 0.078210 0.069750
vt 0.078650 0.056650
vt 0.078670 0.042030
vt 0.259820 0.932220
vt 0.238910 0.940710
vt 0.284870 0.963520
vt 0.284920 0.932040
vt 0.309890 0.932220
vt 0.330790 0.940710
vt 0.230940 0.963520
vt 0.338770 0.963520
vt 0.284200 0.920050
vt 0.264960 0.920050
vt 0.264960 0.916290
vt 0.248930 0.920050
vt 0.284200 0.916290
vt 0.248930 0.916290
vt 0.303330 0.916290
vt 0.303330 0.920050
vt 0.319350 0.920050
vt 0.319350 0.916290
vt 0.336840 0.916290
vt 0.336840 0.920050
vt 0.231450 0.920050
vt 0.231450 0.916290
vt 0.709830 0.921750
vt 0.713130 0.962390
vt 0.620540 0.962390
vt 0.620350 0.921020
vt 0.613590 0.911170
vt 0.538590 0.962390
vt 0.538590 0.921020
vt 0.704140 0.895980
vt 0.601170 0.904490
vt 0.693940 0.869520
vt 0.593790 0.894930
vt 0.681890 0.849900
vt 0.668070 0.835800
vt 0.589760 0.886010
vt 0.644460 0.820280
vt 0.585230 0.876400
vt 0.619830 0.810330
vt 0.565890 0.871350
vt 0.576430 0.871210
vt 0.604060 0.806760
vt 0.589760 0.804290
vt 0.555350 0.871700
vt 0.546970 0.868790
vt 0.564540 0.801760
vt 0.538590 0.800650
vt 0.538590 0.859730
vt 0.512630 0.801760
vt 0.530210 0.868790
vt 0.521830 0.871700
vt 0.487430 0.804290
vt 0.473490 0.808230
vt 0.511290 0.871350
vt 0.459550 0.812170
vt 0.500750 0.871210
vt 0.433090 0.821390
vt 0.491960 0.876400
vt 0.408750 0.836170
vt 0.394910 0.851010
vt 0.483390 0.894930
vt 0.487430 0.886010
vt 0.476010 0.904490
vt 0.383980 0.869890
vt 0.463590 0.911170
vt 0.456830 0.921020
vt 0.372670 0.896710
vt 0.366250 0.921020
vt 0.456650 0.962390
vt 0.364040 0.962390
vt 0.704520 0.750920
vt 0.704520 0.768270
vt 0.675750 0.768270
vt 0.675750 0.750920
vt 0.658070 0.768270
vt 0.658070 0.750920
vt 0.639920 0.768270
vt 0.639920 0.750920
vt 0.628570 0.768270
vt 0.628570 0.750920
vt 0.613790 0.768270
vt 0.613790 0.750920
vt 0.599420 0.768270
vt 0.599420 0.750920
vt 0.583790 0.768270
vt 0.583790 0.750920
vt 0.574230 0.768270
vt 0.574230 0.750920
vt 0.564660 0.768270
vt 0.564660 0.750920
vt 0.547120 0.768270
vt 0.547120 0.750920
vt 0.529560 0.768270
vt 0.529560 0.750920
vt 0.512010 0.768270
vt 0.512010 0.750920
vt 0.494460 0.768270
vt 0.494460 0.750920
vt 0.484900 0.768270
vt 0.484900 0.750920
vt 0.475330 0.768270
vt 0.475330 0.750920
vt 0.459700 0.768270
vt 0.459700 0.750920
vt 0.445330 0.768270
vt 0.445330 0.750920
vt 0.430550 0.768270
vt 0.430550 0.750920
vt 0.419210 0.768270
vt 0.419210 0.750920
vt 0.401060 0.768270
vt 0.401060 0.750920
vt 0.383380 0.768270
vt 0.383380 0.750920
vt 0.354600 0.768270
vt 0.354600 0.750920
vt 0.524110 0.714980
vt 0.524110 0.739290
vt 0.514510 0.739290
vt 0.514510 0.714980
vt 0.435910 0.714980
vt 0.435910 0.739290
vt 0.357310 0.714980
vt 0.357310 0.739290
vt 0.536050 0.714980
vt 0.536050 0.739290
vt 0.545380 0.714980
vt 0.545380 0.739290
vt 0.554070 0.714980
vt 0.554070 0.739290
vt 0.563440 0.714980
vt 0.563440 0.739290
vt 0.571880 0.714980
vt 0.571880 0.739290
vt 0.582030 0.714980
vt 0.582030 0.739290
vt 0.592160 0.714980
vt 0.592160 0.739290
vt 0.600210 0.714980
vt 0.600210 0.739290
vt 0.609040 0.714980
vt 0.609040 0.739290
vt 0.617860 0.714980
vt 0.617860 0.739290
vt 0.625920 0.714980
vt 0.625920 0.739290
vt 0.636050 0.714980
vt 0.636050 0.739290
vt 0.646190 0.714980
vt 0.646190 0.739290
vt 0.654640 0.714980
vt 0.654640 0.739290
vt 0.664000 0.714980
vt 0.664000 0.739290
vt 0.672700 0.714980
vt 0.672700 0.739290
vt 0.682020 0.714980
vt 0.682020 0.739290
vt 0.693960 0.714980
vt 0.693960 0.739290
vt 0.703570 0.714980
vt 0.703570 0.739290
vt 0.836950 0.974820
vt 0.846730 0.974220
vt 0.848290 0.979310
vt 0.839020 0.979440
vt 0.867540 0.978860
vt 0.885280 0.973380
vt 0.885330 0.978140
vt 0.865420 0.974080
vt 0.898000 0.978100
vt 0.898510 0.973490
vt 0.336150 0.840540
vt 0.336150 0.798840
vt 0.341770 0.798840
vt 0.341770 0.840540
vt 0.301290 0.798840
vt 0.301290 0.840540
vt 0.272620 0.798840
vt 0.272620 0.840540
vt 0.234910 0.798840
vt 0.234910 0.840540
vt 0.223940 0.798840
vt 0.223940 0.840540
vt 0.271980 0.862880
vt 0.271980 0.877260
vt 0.303190 0.877260
vt 0.303190 0.864710
vt 0.230920 0.865320
vt 0.227820 0.877260
vt 0.345190 0.877260
vt 0.341150 0.871130
vt 0.229870 0.877260
vt 0.232560 0.866790
vt 0.271980 0.865350
vt 0.271980 0.863060
vt 0.303190 0.864850
vt 0.303190 0.866850
vt 0.341000 0.872120
vt 0.345180 0.877260
vt 0.344180 0.877260
s 1
usemtl 白楼剣刀身
f 2/1/1 1/2/2 3/3/3
f 5/4/4 3/3/3 1/2/2
f 1/2/2 4/1/5 5/4/4
f 3/3/3 5/4/4 6/5/6
f 7/6/7 6/5/6 8/7/8
f 6/5/6 7/6/7 3/3/3
f 10/8/9 8/7/8 9/9/10
f 8/7/8 10/8/9 7/6/7
f 9/9/10 11/10/11 10/8/9
f 12/7/12 10/8/9 11/10/11
f 10/8/9 12/7/12 13/5/13
f 13/5/13 7/6/7 10/8/9
f 7/6/7 13/5/13 14/4/14
f 14/4/14 3/3/3 7/6/7
f 3/3/3 14/4/14 2/1/1
f 11/10/11 15/9/15 12/7/12
f 16/11/16 17/12/17 15/9/15
f 15/9/15 11/10/11 16/11/16
f 18/13/18 19/14/19 17/12/17
f 17/12/17 16/11/16 18/13/18
f 19/14/19 18/13/18 21/15/20
f 21/15/20 20/16/21 19/14/19
f 23/17/22 22/18/23 21/15/20
f 20/16/21 21/15/20 22/18/23
f 24/16/24 21/15/20 18/13/18
f 21/15/20 24/16/24 23/17/22
f 18/13/18 25/14/25 24/16/24
f 25/14/25 18/13/18 16/11/16
f 16/11/16 26/12/26 25/14/25
f 26/12/26 16/11/16 11/10/11
f 11/10/11 9/9/10 26/12/26
f 22/18/23 23/17/22 27/19/27
f 28/20/28 27/19/27 29/21/29
f 27/19/27 28/20/28 22/18/23
f 30/22/30 29/21/29 31/23/31
f 29/21/29 30/22/30 28/20/28
f 33/24/32 31/23/31 32/25/33
f 31/23/31 33/24/32 30/22/30
f 32/25/33 34/26/34 33/24/32
f 35/23/35 33/24/32 34/26/34
f 36/21/36 30/22/30 33/24/32
f 33/24/32 35/23/35 36/21/36
f 30/22/30 36/21/36 37/19/37
f 37/19/37 28/20/28 30/22/30
f 28/20/28 37/19/37 38/17/38
f 38/17/38 22/18/23 28/20/28
f 22/18/23 38/17/38 20/16/21
f 34/26/34 39/25/39 35/23/35
f 40/27/40 41/28/41 39/25/39
f 39/25/39 34/26/34 40/27/40
f 42/29/42 43/30/43 41/28/41
f 41/28/41 40/27/40 42/29/42
f 43/30/43 42/29/42 45/31/44
f 45/31/44 44/32/45 43/30/43
f 48/33/46 46/34/47 45/31/44
f 45/31/44 46/34/47 47/33/48
f 44/32/45 45/31/44 47/33/48
f 48/33/46 45/31/44 49/32/49
f 49/32/49 45/31/44 42/29/42
f 42/29/42 50/30/50 49/32/49
f 50/30/50 42/29/42 40/27/40
f 40/27/40 51/28/51 50/30/50
f 51/28/51 40/27/40 34/26/34
f 34/26/34 32/25/33 51/28/51
f 52/35/52 54/36/53 53/37/54
f 55/37/55 54/36/53 52/35/52
f 55/37/55 56/38/56 54/36/53
f 57/39/57 56/38/56 55/37/55
f 55/37/55 58/40/58 57/39/57
f 57/39/57 58/40/58 59/41/59
f 59/41/59 60/42/60 57/39/57
f 60/42/60 59/41/59 61/43/61
f 63/44/62 61/43/61 62/45/63
f 61/43/61 63/44/62 60/42/60
f 60/42/60 63/44/62 64/46/64
f 65/47/65 64/46/64 63/44/62
f 63/44/62 66/48/66 65/47/65
f 62/45/63 66/48/66 63/44/62
f 68/49/67 67/50/68 66/48/66
f 66/48/66 67/50/68 69/51/69
f 66/48/66 62/45/63 68/49/67
f 69/51/69 65/47/65 66/48/66
f 70/52/70 69/51/69 67/50/68
f 67/50/68 72/53/71 70/52/70
f 71/54/72 70/52/70 72/53/71
f 74/55/73 72/53/71 67/50/68
f 75/56/74 73/57/75 72/53/71
f 72/53/71 73/57/75 71/54/72
f 72/53/71 74/55/73 75/56/74
f 73/57/75 75/56/74 76/58/76
f 77/59/77 76/58/76 78/60/78
f 76/58/76 77/59/77 73/57/75
f 78/60/78 79/61/79 77/59/77
f 79/61/79 78/60/78 80/62/80
f 82/63/81 80/62/80 81/64/82
f 80/62/80 82/63/81 79/61/79
f 79/61/79 82/63/81 84/65/64
f 81/64/82 83/66/83 82/63/81
f 82/63/81 83/66/83 85/67/84
f 85/67/84 84/65/64 82/63/81
f 86/68/85 85/67/84 83/66/83
f 88/69/86 86/68/85 87/70/87
f 83/66/83 87/70/87 86/68/85
f 87/70/87 89/71/88 88/69/86
f 90/72/89 88/69/86 89/71/88
f 97/73/90 90/72/89 91/74/91
f 91/74/91 90/72/89 96/75/92
f 92/76/93 95/77/94 90/72/89
f 94/78/95 92/76/93 90/72/89
f 89/71/88 93/79/96 90/72/89
f 93/79/96 94/78/95 90/72/89
f 98/80/97 90/72/89 95/77/94
f 98/80/97 96/75/92 90/72/89
f 97/73/90 99/81/98 90/72/89
f 100/82/99 99/81/98 97/73/90
f 97/73/90 101/83/100 100/82/99
f 101/83/100 97/73/90 91/74/91
f 91/74/91 102/84/101 101/83/100
f 96/75/92 103/85/102 102/84/101
f 102/84/101 91/74/91 96/75/92
f 98/80/97 104/86/103 103/85/102
f 103/85/102 96/75/92 98/80/97
f 104/86/103 98/80/97 95/77/94
f 95/77/94 105/87/104 104/86/103
f 105/87/104 95/77/94 92/76/93
f 92/76/93 106/88/105 105/87/104
f 106/88/105 92/76/93 94/78/95
f 94/78/95 107/89/106 106/88/105
f 93/79/96 108/90/107 107/89/106
f 107/89/106 94/78/95 93/79/96
f 108/90/107 93/79/96 89/71/88
f 89/71/88 109/91/108 108/90/107
f 109/91/108 89/71/88 87/70/87
f 87/70/87 110/92/109 109/91/108
f 110/92/109 87/70/87 83/66/83
f 83/66/83 81/64/82 110/92/109
f 84/65/64 111/93/64 79/61/79
f 77/59/77 79/61/79 111/93/64
f 111/93/64 112/94/70 77/59/77
f 73/57/75 77/59/77 112/94/70
f 112/94/70 71/54/72 73/57/75
f 67/50/68 68/49/67 74/55/73
f 64/46/64 113/95/110 60/42/60
f 113/95/110 114/96/111 57/39/57
f 57/39/57 60/42/60 113/95/110
f 57/39/57 114/96/111 115/97/112
f 115/97/112 56/38/56 57/39/57
f 54/36/53 56/38/56 115/97/112
f 115/97/112 116/98/113 54/36/53
f 116/98/113 117/97/114 118/38/115
f 118/38/115 54/36/53 116/98/113
f 54/36/53 118/38/115 53/37/54
f 118/38/115 117/97/114 119/96/116
f 119/96/116 120/39/117 118/38/115
f 118/38/115 120/39/117 121/40/118
f 121/40/118 53/37/54 118/38/115
f 121/40/118 120/39/117 122/42/119
f 122/42/119 123/41/120 121/40/118
f 123/41/120 122/42/119 124/44/121
f 124/44/121 125/43/122 123/41/120
f 127/48/123 126/45/124 125/43/122
f 125/43/122 124/44/121 127/48/123
f 127/48/123 124/44/121 128/46/125
f 128/46/125 130/47/126 127/48/123
f 126/45/124 127/48/123 129/50/127
f 129/50/127 127/48/123 130/47/126
f 130/47/126 131/51/128 129/50/127
f 132/53/129 129/50/127 131/51/128
f 131/51/128 133/52/130 132/53/129
f 133/52/130 134/54/131 135/57/132
f 135/57/132 132/53/129 133/52/130
f 137/55/133 132/53/129 135/57/132
f 136/59/134 135/57/132 134/54/131
f 138/56/135 135/57/132 136/59/134
f 135/57/132 138/56/135 137/55/133
f 136/59/134 139/58/136 138/56/135
f 140/61/137 141/60/138 139/58/136
f 139/58/136 136/59/134 140/61/137
f 141/60/138 140/61/137 142/63/139
f 142/63/139 143/62/140 141/60/138
f 143/62/140 142/63/139 144/66/141
f 144/66/141 145/64/142 143/62/140
f 147/70/143 146/92/144 145/64/142
f 145/64/142 144/66/141 147/70/143
f 147/70/143 144/66/141 148/67/128
f 148/67/128 149/68/145 147/70/143
f 150/71/146 147/70/143 149/68/145
f 146/92/144 147/70/143 150/71/146
f 152/91/147 150/71/146 151/79/148
f 151/79/148 150/71/146 153/69/149
f 150/71/146 152/91/147 146/92/144
f 149/68/145 153/69/149 150/71/146
f 153/69/149 154/72/150 151/79/148
f 154/72/150 155/78/151 151/79/148
f 154/72/150 156/76/152 155/78/151
f 154/72/150 157/77/153 156/76/152
f 157/77/153 154/72/150 160/80/154
f 154/72/150 158/75/155 160/80/154
f 158/75/155 154/72/150 162/74/156
f 154/72/150 161/81/157 159/73/158
f 162/74/156 154/72/150 159/73/158
f 163/85/159 158/75/155 162/74/156
f 164/84/160 162/74/156 159/73/158
f 162/74/156 164/84/160 163/85/159
f 159/73/158 165/83/161 164/84/160
f 161/81/157 166/82/162 165/83/161
f 165/83/161 159/73/158 161/81/157
f 158/75/155 163/85/159 167/86/163
f 167/86/163 160/80/154 158/75/155
f 160/80/154 167/86/163 168/87/164
f 168/87/164 157/77/153 160/80/154
f 157/77/153 168/87/164 169/88/165
f 169/88/165 156/76/152 157/77/153
f 156/76/152 169/88/165 170/89/166
f 170/89/166 155/78/151 156/76/152
f 155/78/151 170/89/166 171/90/167
f 171/90/167 151/79/148 155/78/151
f 151/79/148 171/90/167 152/91/147
f 172/65/125 148/67/128 144/66/141
f 144/66/141 142/63/139 172/65/125
f 173/93/125 172/65/125 142/63/139
f 142/63/139 140/61/137 173/93/125
f 174/94/128 173/93/125 140/61/137
f 140/61/137 136/59/134 174/94/128
f 134/54/131 174/94/128 136/59/134
f 132/53/129 137/55/133 175/49/168
f 175/49/168 129/50/127 132/53/129
f 129/50/127 175/49/168 126/45/124
f 176/95/169 128/46/125 124/44/121
f 124/44/121 122/42/119 176/95/169
f 119/96/116 176/95/169 122/42/119
f 122/42/119 120/39/117 119/96/116
f 177/35/170 178/37/171 179/40/172
f 179/40/172 180/99/173 177/35/170
f 181/100/174 183/99/175 182/40/176
f 182/40/176 184/41/177 181/100/174
f 187/41/178 186/43/179 185/101/180
f 185/101/180 188/100/181 187/41/178
f 191/43/182 190/45/183 189/102/184
f 189/102/184 192/101/185 191/43/182
f 195/45/186 194/49/187 193/103/188
f 193/103/188 196/102/189 195/45/186
f 199/49/190 198/55/191 197/104/192
f 197/104/192 200/103/193 199/49/190
f 203/55/194 202/56/195 201/105/196
f 201/105/196 204/104/197 203/55/194
f 207/56/198 206/58/199 205/106/200
f 205/106/200 208/105/201 207/56/198
f 211/58/202 210/60/203 209/107/204
f 209/107/204 212/106/205 211/58/202
f 215/60/206 214/62/207 213/108/208
f 213/108/208 216/107/209 215/60/206
f 219/62/210 218/64/211 217/109/212
f 217/109/212 220/108/213 219/62/210
f 221/110/214 224/109/215 222/64/216
f 222/64/216 223/92/217 221/110/214
f 227/92/218 226/91/219 225/111/220
f 225/111/220 228/110/221 227/92/218
f 231/91/222 230/90/223 229/112/224
f 229/112/224 232/111/225 231/91/222
f 235/90/226 234/89/227 233/113/228
f 233/113/228 236/112/229 235/90/226
f 239/89/230 238/88/231 237/114/232
f 237/114/232 240/113/233 239/89/230
f 243/88/234 242/87/235 241/115/236
f 241/115/236 244/114/237 243/88/234
f 247/87/238 246/86/239 245/116/240
f 245/116/240 248/115/241 247/87/238
f 251/86/242 250/85/243 249/117/244
f 249/117/244 252/116/245 251/86/242
f 253/118/246 254/117/247 255/85/248
f 255/85/248 256/84/249 253/118/246
f 259/83/250 258/82/251 257/119/252
f 257/119/252 260/120/253 259/83/250
f 263/84/254 262/83/255 261/120/256
f 261/120/256 264/118/257 263/84/254
f 267/41/258 265/40/259 266/99/260
f 266/99/260 268/100/261 267/41/258
f 269/37/262 271/35/263 270/99/264
f 270/99/264 272/40/265 269/37/262
f 275/100/266 274/101/267 273/43/268
f 273/43/268 276/41/269 275/100/266
f 279/101/270 278/102/271 277/45/272
f 277/45/272 280/43/273 279/101/270
f 282/102/274 283/103/275 281/49/276
f 281/49/276 284/45/277 282/102/274
f 287/103/278 286/104/279 285/55/280
f 285/55/280 288/49/281 287/103/278
f 289/56/282 290/55/283 292/104/284
f 292/104/284 291/105/285 289/56/282
f 295/105/286 294/106/287 293/58/288
f 293/58/288 296/56/289 295/105/286
f 299/106/290 298/107/291 297/60/292
f 297/60/292 300/58/293 299/106/290
f 303/107/294 302/108/295 301/62/296
f 301/62/296 304/60/297 303/107/294
f 307/108/298 306/109/299 305/64/300
f 305/64/300 308/62/301 307/108/298
f 311/109/302 310/110/303 309/92/304
f 309/92/304 312/64/305 311/109/302
f 315/110/306 314/111/307 313/91/308
f 313/91/308 316/92/309 315/110/306
f 319/111/310 318/112/311 317/90/312
f 317/90/312 320/91/307 319/111/310
f 324/112/313 322/113/314 321/89/315
f 321/89/315 323/90/316 324/112/313
f 327/113/317 326/114/318 325/88/319
f 325/88/319 328/89/320 327/113/317
f 331/114/321 330/115/322 329/87/323
f 329/87/323 332/88/324 331/114/321
f 335/115/325 334/116/326 333/86/327
f 333/86/327 336/87/328 335/115/325
f 337/85/329 338/86/330 340/116/331
f 340/116/331 339/117/332 337/85/329
f 341/84/333 342/85/334 344/117/335
f 344/117/335 343/118/336 341/84/333
f 347/118/337 346/120/338 345/83/339
f 345/83/339 348/84/340 347/118/337
f 352/120/341 350/119/342 349/82/343
f 349/82/343 351/83/344 352/120/341
usemtl 白楼剣鞘、柄、鍔
f 416/121/345 380/122/346 353/123/347
f 353/123/347 377/124/348 416/121/345
f 417/125/349 377/124/348 353/123/347
f 353/123/347 378/126/349 417/125/349
f 419/127/349 378/126/349 353/123/347
f 353/123/347 379/128/350 419/127/349
f 418/129/351 379/128/350 353/123/347
f 353/123/347 380/122/346 418/129/351
f 417/125/349 378/126/349 354/130/352
f 354/130/352 381/131/353 417/125/349
f 423/132/354 381/131/353 354/130/352
f 354/130/352 382/133/355 423/132/354
f 424/134/356 382/133/355 354/130/352
f 354/130/352 383/135/357 424/134/356
f 419/127/349 383/135/357 354/130/352
f 354/130/352 378/126/349 419/127/349
f 423/132/354 382/133/355 355/136/358
f 355/136/358 384/137/359 423/132/354
f 424/134/356 385/138/360 355/136/358
f 355/136/358 382/133/355 424/134/356
f 416/121/345 386/139/361 356/140/362
f 356/140/362 380/122/346 416/121/345
f 418/129/351 380/122/346 356/140/362
f 356/140/362 387/141/363 418/129/351
f 415/142/364 388/143/365 357/144/366
f 357/144/366 389/145/367 415/142/364
f 414/146/368 389/145/367 357/144/366
f 357/144/366 390/147/369 414/146/368
f 422/148/370 391/149/371 358/150/372
f 358/150/372 392/151/373 422/148/370
f 415/142/364 392/151/373 358/150/372
f 358/150/372 388/143/365 415/142/364
f 420/152/374 395/153/375 359/154/376
f 359/154/376 393/155/377 420/152/374
f 421/156/378 393/155/377 359/154/376
f 359/154/376 394/157/379 421/156/378
f 421/156/378 394/157/379 360/158/380
f 360/158/380 396/159/381 421/156/378
f 425/160/382 396/159/381 360/158/380
f 360/158/380 397/161/383 425/160/382
f 414/146/368 398/162/384 361/163/385
f 361/163/385 389/145/367 414/146/368
f 415/142/364 389/145/367 361/163/385
f 361/163/385 399/164/386 415/142/364
f 417/125/349 400/165/349 362/166/387
f 362/166/387 377/124/348 417/125/349
f 416/121/345 377/124/348 362/166/387
f 362/166/387 401/167/388 416/121/345
f 416/121/345 401/167/388 363/168/389
f 363/168/389 386/139/361 416/121/345
f 414/146/368 390/147/369 364/169/390
f 364/169/390 398/162/384 414/146/368
f 415/142/364 399/164/386 365/170/391
f 365/170/391 392/151/373 415/142/364
f 422/148/370 392/151/373 365/170/391
f 365/170/391 402/171/392 422/148/370
f 423/132/354 403/172/393 366/173/394
f 366/173/394 381/131/353 423/132/354
f 417/125/349 381/131/353 366/173/394
f 366/173/394 400/165/349 417/125/349
f 422/148/370 402/171/392 367/174/395
f 367/174/395 391/149/371 422/148/370
f 423/132/354 384/137/359 368/175/396
f 368/175/396 403/172/393 423/132/354
f 426/176/397 406/177/398 369/178/399
f 369/178/399 404/179/400 426/176/397
f 418/129/351 404/179/400 369/178/399
f 369/178/399 379/128/350 418/129/351
f 419/127/349 379/128/350 369/178/399
f 369/178/399 405/180/349 419/127/349
f 427/181/349 405/180/349 369/178/399
f 369/178/399 406/177/398 427/181/349
f 426/176/397 408/182/401 370/183/402
f 370/183/402 406/177/398 426/176/397
f 427/181/349 406/177/398 370/183/402
f 370/183/402 407/184/403 427/181/349
f 421/156/378 407/184/403 370/183/402
f 370/183/402 393/155/377 421/156/378
f 420/152/374 393/155/377 370/183/402
f 370/183/402 408/182/401 420/152/374
f 426/176/397 409/185/404 371/186/405
f 371/186/405 408/182/401 426/176/397
f 420/152/374 408/182/401 371/186/405
f 371/186/405 395/153/375 420/152/374
f 426/176/397 404/179/400 372/187/406
f 372/187/406 409/185/404 426/176/397
f 418/129/351 387/141/363 372/187/406
f 372/187/406 404/179/400 418/129/351
f 427/181/349 411/188/407 373/189/408
f 373/189/408 405/180/349 427/181/349
f 419/127/349 405/180/349 373/189/408
f 373/189/408 383/135/357 419/127/349
f 424/134/356 383/135/357 373/189/408
f 373/189/408 410/190/409 424/134/356
f 428/191/410 410/190/409 373/189/408
f 373/189/408 411/188/407 428/191/410
f 427/181/349 407/184/403 374/192/411
f 374/192/411 411/188/407 427/181/349
f 428/191/410 411/188/407 374/192/411
f 374/192/411 412/193/412 428/191/410
f 425/160/382 412/193/412 374/192/411
f 374/192/411 396/159/381 425/160/382
f 421/156/378 396/159/381 374/192/411
f 374/192/411 407/184/403 421/156/378
f 428/191/410 413/194/413 375/195/414
f 375/195/414 410/190/409 428/191/410
f 424/134/356 410/190/409 375/195/414
f 375/195/414 385/138/360 424/134/356
f 428/191/410 412/193/412 376/196/415
f 376/196/415 413/194/413 428/191/410
f 425/160/382 397/161/383 376/196/415
f 376/196/415 412/193/412 425/160/382
f 436/197/416 431/198/417 435/199/418
f 435/199/418 437/200/419 436/197/416
f 436/197/416 438/201/420 434/202/421
f 434/202/421 431/198/417 436/197/416
f 437/200/419 435/199/418 432/203/422
f 432/203/422 439/204/423 437/200/419
f 438/201/420 440/205/424 429/206/425
f 429/206/425 434/202/421 438/201/420
f 440/205/424 441/207/426 433/208/427
f 433/208/427 429/206/425 440/205/424
f 441/207/426 442/209/428 430/210/429
f 430/210/429 433/208/427 441/207/426
f 443/211/430 402/171/392 365/170/391
f 365/170/391 444/212/431 443/211/430
f 443/211/430 445/213/432 367/174/395
f 367/174/395 402/171/392 443/211/430
f 444/212/431 365/170/391 399/164/386
f 399/164/386 446/214/433 444/212/431
f 446/214/433 399/164/386 361/163/385
f 361/163/385 447/215/434 446/214/433
f 447/215/434 361/163/385 398/162/384
f 398/162/384 448/216/435 447/215/434
f 448/216/435 398/162/384 364/169/390
f 364/169/390 449/217/436 448/216/435
f 450/218/437 451/219/438 366/173/394
f 366/173/394 403/172/393 450/218/437
f 450/218/437 403/172/393 368/175/396
f 368/175/396 452/220/439 450/218/437
f 451/219/438 453/221/440 400/165/349
f 400/165/349 366/173/394 451/219/438
f 453/221/440 454/222/441 362/166/387
f 362/166/387 400/165/349 453/221/440
f 454/222/441 455/223/442 401/167/388
f 401/167/388 362/166/387 454/222/441
f 455/223/442 456/224/443 363/168/389
f 363/168/389 401/167/388 455/223/442
f 437/200/419 443/211/430 444/212/431
f 444/212/431 436/197/416 437/200/419
f 436/197/416 444/212/431 446/214/433
f 446/214/433 438/201/420 436/197/416
f 439/204/423 445/213/432 443/211/430
f 443/211/430 437/200/419 439/204/423
f 438/201/420 446/214/433 447/215/434
f 447/215/434 440/205/424 438/201/420
f 440/205/424 447/215/434 448/216/435
f 448/216/435 441/207/426 440/205/424
f 441/207/426 448/216/435 449/217/436
f 449/217/436 442/209/428 441/207/426
f 431/198/417 451/219/438 450/218/437
f 450/218/437 435/199/418 431/198/417
f 434/202/421 453/221/440 451/219/438
f 451/219/438 431/198/417 434/202/421
f 435/199/418 450/218/437 452/220/439
f 452/220/439 432/203/422 435/199/418
f 429/206/425 454/222/441 453/221/440
f 453/221/440 434/202/421 429/206/425
f 433/208/427 455/223/442 454/222/441
f 454/222/441 429/206/425 433/208/427
f 430/210/429 456/224/443 455/223/442
f 455/223/442 433/208/427 430/210/429
f 470/122/444 494/121/445 467/124/446
f 467/124/446 457/123/447 470/122/444
f 467/124/446 495/125/448 468/126/448
f 468/126/448 457/123/447 467/124/446
f 468/126/448 497/127/448 469/128/449
f 469/128/449 457/123/447 468/126/448
f 469/128/449 496/129/450 470/122/444
f 470/122/444 457/123/447 469/128/449
f 468/126/448 495/125/448 471/131/451
f 471/131/451 458/130/452 468/126/448
f 471/131/451 501/132/453 472/133/454
f 472/133/454 458/130/452 471/131/451
f 472/133/454 502/134/455 473/135/456
f 473/135/456 458/130/452 472/133/454
f 473/135/456 497/127/448 468/126/448
f 468/126/448 458/130/452 473/135/456
f 472/133/454 501/132/453 384/137/359
f 384/137/359 355/136/358 472/133/454
f 385/138/360 502/134/455 472/133/454
f 472/133/454 355/136/358 385/138/360
f 386/139/361 494/121/445 470/122/444
f 470/122/444 356/140/362 386/139/361
f 470/122/444 496/129/450 387/141/363
f 387/141/363 356/140/362 470/122/444
f 388/143/365 493/142/457 474/145/458
f 474/145/458 357/144/366 388/143/365
f 474/145/458 492/146/459 390/147/369
f 390/147/369 357/144/366 474/145/458
f 391/149/371 500/148/460 475/151/461
f 475/151/461 358/150/372 391/149/371
f 475/151/461 493/142/457 388/143/365
f 388/143/365 358/150/372 475/151/461
f 395/153/375 498/152/462 476/155/463
f 476/155/463 359/154/376 395/153/375
f 476/155/463 499/156/464 394/157/379
f 394/157/379 359/154/376 476/155/463
f 394/157/379 499/156/464 477/159/465
f 477/159/465 360/158/380 394/157/379
f 477/159/465 503/160/466 397/161/383
f 397/161/383 360/158/380 477/159/465
f 478/162/467 492/146/459 474/145/458
f 474/145/458 459/163/468 478/162/467
f 474/145/458 493/142/457 479/164/469
f 479/164/469 459/163/468 474/145/458
f 480/165/448 495/125/448 467/124/446
f 467/124/446 460/166/470 480/165/448
f 467/124/446 494/121/445 481/167/471
f 481/167/471 460/166/470 467/124/446
f 481/167/471 494/121/445 386/139/361
f 386/139/361 363/168/389 481/167/471
f 390/147/369 492/146/459 478/162/467
f 478/162/467 364/169/390 390/147/369
f 479/164/469 493/142/457 475/151/461
f 475/151/461 461/170/472 479/164/469
f 475/151/461 500/148/460 482/171/473
f 482/171/473 461/170/472 475/151/461
f 483/172/474 501/132/453 471/131/451
f 471/131/451 462/173/475 483/172/474
f 471/131/451 495/125/448 480/165/448
f 480/165/448 462/173/475 471/131/451
f 482/171/473 500/148/460 391/149/371
f 391/149/371 367/174/395 482/171/473
f 384/137/359 501/132/453 483/172/474
f 483/172/474 368/175/396 384/137/359
f 486/177/476 504/176/477 484/179/478
f 484/179/478 463/178/479 486/177/476
f 484/179/478 496/129/450 469/128/449
f 469/128/449 463/178/479 484/179/478
f 469/128/449 497/127/448 485/180/448
f 485/180/448 463/178/479 469/128/449
f 485/180/448 505/181/448 486/177/476
f 486/177/476 463/178/479 485/180/448
f 488/182/480 504/176/477 486/177/476
f 486/177/476 464/183/481 488/182/480
f 486/177/476 505/181/448 487/184/482
f 487/184/482 464/183/481 486/177/476
f 487/184/482 499/156/464 476/155/463
f 476/155/463 464/183/481 487/184/482
f 476/155/463 498/152/462 488/182/480
f 488/182/480 464/183/481 476/155/463
f 409/185/404 504/176/477 488/182/480
f 488/182/480 371/186/405 409/185/404
f 488/182/480 498/152/462 395/153/375
f 395/153/375 371/186/405 488/182/480
f 484/179/478 504/176/477 409/185/404
f 409/185/404 372/187/406 484/179/478
f 387/141/363 496/129/450 484/179/478
f 484/179/478 372/187/406 387/141/363
f 490/188/483 505/181/448 485/180/448
f 485/180/448 465/189/484 490/188/483
f 485/180/448 497/127/448 473/135/456
f 473/135/456 465/189/484 485/180/448
f 473/135/456 502/134/455 489/190/485
f 489/190/485 465/189/484 473/135/456
f 489/190/485 506/191/486 490/188/483
f 490/188/483 465/189/484 489/190/485
f 487/184/482 505/181/448 490/188/483
f 490/188/483 466/192/487 487/184/482
f 490/188/483 506/191/486 491/193/488
f 491/193/488 466/192/487 490/188/483
f 491/193/488 503/160/466 477/159/465
f 477/159/465 466/192/487 491/193/488
f 477/159/465 499/156/464 487/184/482
f 487/184/482 466/192/487 477/159/465
f 413/194/413 506/191/486 489/190/485
f 489/190/485 375/195/414 413/194/413
f 489/190/485 502/134/455 385/138/360
f 385/138/360 375/195/414 489/190/485
f 491/193/488 506/191/486 413/194/413
f 413/194/413 376/196/415 491/193/488
f 397/161/383 503/160/466 491/193/488
f 491/193/488 376/196/415 397/161/383
f 509/198/489 514/197/490 515/200/491
f 515/200/491 513/199/492 509/198/489
f 516/201/493 514/197/490 509/198/489
f 509/198/489 512/202/494 516/201/493
f 513/199/492 515/200/491 517/204/495
f 517/204/495 510/203/496 513/199/492
f 518/205/497 516/201/493 512/202/494
f 512/202/494 507/206/498 518/205/497
f 519/207/499 518/205/497 507/206/498
f 507/206/498 511/208/500 519/207/499
f 520/209/501 519/207/499 511/208/500
f 511/208/500 508/210/502 520/209/501
f 482/171/473 521/211/503 522/212/504
f 522/212/504 461/170/472 482/171/473
f 445/213/432 521/211/503 482/171/473
f 482/171/473 367/174/395 445/213/432
f 461/170/472 522/212/504 523/214/505
f 523/214/505 479/164/469 461/170/472
f 479/164/469 523/214/505 524/215/506
f 524/215/506 459/163/468 479/164/469
f 459/163/468 524/215/506 525/216/507
f 525/216/507 478/162/467 459/163/468
f 478/162/467 525/216/507 449/217/436
f 449/217/436 364/169/390 478/162/467
f 527/219/508 526/218/509 483/172/474
f 483/172/474 462/173/475 527/219/508
f 483/172/474 526/218/509 452/220/439
f 452/220/439 368/175/396 483/172/474
f 528/221/510 527/219/508 462/173/475
f 462/173/475 480/165/448 528/221/510
f 529/222/511 528/221/510 480/165/448
f 480/165/448 460/166/470 529/222/511
f 530/223/512 529/222/511 460/166/470
f 460/166/470 481/167/471 530/223/512
f 456/224/443 530/223/512 481/167/471
f 481/167/471 363/168/389 456/224/443
f 521/211/503 515/200/491 514/197/490
f 514/197/490 522/212/504 521/211/503
f 522/212/504 514/197/490 516/201/493
f 516/201/493 523/214/505 522/212/504
f 445/213/432 517/204/495 515/200/491
f 515/200/491 521/211/503 445/213/432
f 523/214/505 516/201/493 518/205/497
f 518/205/497 524/215/506 523/214/505
f 524/215/506 518/205/497 519/207/499
f 519/207/499 525/216/507 524/215/506
f 525/216/507 519/207/499 520/209/501
f 520/209/501 449/217/436 525/216/507
f 527/219/508 509/198/489 513/199/492
f 513/199/492 526/218/509 527/219/508
f 528/221/510 512/202/494 509/198/489
f 509/198/489 527/219/508 528/221/510
f 526/218/509 513/199/492 510/203/496
f 510/203/496 452/220/439 526/218/509
f 529/222/511 507/206/498 512/202/494
f 512/202/494 528/221/510 529/222/511
f 530/223/512 511/208/500 507/206/498
f 507/206/498 529/222/511 530/223/512
f 456/224/443 508/210/502 511/208/500
f 511/208/500 530/223/512 456/224/443
f 532/225/513 535/226/514 531/227/514
f 533/228/515 532/225/513 531/227/514
f 534/229/516 533/228/515 531/227/514
f 537/230/517 534/229/516 531/227/514
f 535/226/514 536/231/518 531/227/514
f 531/227/514 536/231/518 542/226/514
f 538/232/519 537/230/517 531/227/514
f 531/227/514 543/230/516 538/232/519
f 531/227/514 539/228/520 541/229/517
f 531/227/514 540/225/521 539/228/520
f 531/227/514 542/226/514 540/225/521
f 531/227/514 541/229/517 543/230/516
f 545/225/522 548/228/523 544/227/524
f 546/226/525 545/225/522 544/227/524
f 547/231/526 546/226/525 544/227/524
f 544/227/524 552/226/527 547/231/526
f 548/228/523 549/229/528 544/227/524
f 549/229/528 550/230/529 544/227/524
f 550/230/529 551/232/52 544/227/524
f 544/227/524 551/232/52 556/230/530
f 544/227/524 553/225/531 552/226/527
f 544/227/524 554/228/532 553/225/531
f 544/227/524 555/229/533 554/228/532
f 544/227/524 556/230/530 555/229/533
f 562/233/349 558/234/534 557/235/535
f 557/235/535 558/234/534 561/236/536
f 557/235/535 559/237/349 562/233/349
f 561/236/536 560/238/537 557/235/535
f 564/239/538 563/240/539 562/233/349
f 562/233/349 559/237/349 564/239/538
f 566/241/540 563/240/539 564/239/538
f 564/239/538 565/242/541 566/241/540
f 566/241/540 565/242/541 568/243/542
f 568/243/542 567/244/542 566/241/540
f 567/244/542 568/243/542 569/242/543
f 569/242/543 570/241/544 567/244/542
f 572/240/545 570/241/544 569/242/543
f 569/242/543 571/239/546 572/240/545
f 572/240/545 571/239/546 573/237/448
f 573/237/448 574/233/448 572/240/545
f 575/234/547 574/233/448 573/237/448
f 573/237/448 578/235/548 575/234/547
f 575/234/547 578/235/548 576/238/549
f 576/238/549 577/236/550 575/234/547
f 579/245/551 577/236/550 576/238/549
f 576/238/549 580/246/551 579/245/551
f 561/236/536 579/245/551 580/246/551
f 580/246/551 560/238/537 561/236/536
f 582/247/113 581/248/523 583/249/523
f 585/250/552 583/249/523 581/248/523
f 581/248/523 584/247/553 585/250/552
f 588/251/554 585/250/552 584/247/553
f 586/252/555 583/249/523 585/250/552
f 585/250/552 587/253/52 586/252/555
f 584/247/553 589/254/556 588/251/554
f 590/255/557 588/251/554 589/254/556
f 589/254/556 592/256/558 590/255/557
f 591/257/559 590/255/557 592/256/558
f 592/256/558 593/258/560 591/257/559
f 593/258/560 594/259/561 595/260/562
f 595/260/562 591/257/559 593/258/560
f 595/260/562 594/259/561 597/261/530
f 597/261/530 596/262/563 595/260/562
f 596/262/563 597/261/530 598/263/553
f 600/264/564 599/265/565 598/263/553
f 598/263/553 599/265/565 596/262/563
f 598/263/553 601/266/566 600/264/564
f 600/264/564 601/266/566 602/267/567
f 602/267/567 603/268/568 600/264/564
f 604/269/532 603/268/568 602/267/567
f 602/267/567 605/270/569 604/269/532
f 604/269/532 605/270/569 606/271/570
f 608/272/571 606/271/570 607/273/572
f 606/271/570 608/272/571 604/269/532
f 607/273/572 609/274/573 608/272/571
f 610/275/574 609/274/573 607/273/572
f 610/275/574 611/276/527 613/277/575
f 607/273/572 611/276/527 610/275/574
f 613/277/575 612/278/532 610/275/574
f 613/277/575 615/279/576 614/280/577
f 614/280/577 612/278/532 613/277/575
f 614/280/577 615/279/576 616/281/578
f 616/281/578 617/282/53 614/280/577
f 617/282/53 616/281/578 618/283/579
f 618/283/579 619/284/565 620/285/580
f 620/285/580 621/286/581 618/283/579
f 618/283/579 621/286/581 617/282/53
f 622/287/582 620/285/580 619/284/565
f 619/284/565 623/288/583 622/287/582
f 624/289/584 622/287/582 623/288/583
f 625/290/585 624/289/584 626/291/553
f 623/288/583 626/291/553 624/289/584
f 626/291/553 627/292/527 625/290/585
f 628/293/586 625/290/585 627/292/527
f 627/292/527 629/294/587 628/293/586
f 629/294/587 630/292/588 631/290/589
f 631/290/589 628/293/586 629/294/587
f 586/252/555 628/293/586 631/290/589
f 632/289/590 631/290/589 630/292/588
f 631/290/589 633/253/531 586/252/555
f 633/253/531 634/250/591 583/249/523
f 583/249/523 586/252/555 633/253/531
f 634/250/591 635/251/592 636/254/593
f 583/249/523 634/250/591 582/247/113
f 636/254/593 582/247/113 634/250/591
f 637/256/594 636/254/593 635/251/592
f 638/258/592 637/256/594 639/255/595
f 635/251/592 639/255/595 637/256/594
f 639/255/595 640/257/596 638/258/592
f 641/259/597 638/258/592 640/257/596
f 640/257/596 642/260/598 641/259/597
f 641/259/597 642/260/598 643/262/599
f 645/261/555 643/262/599 644/265/522
f 643/262/599 645/261/555 641/259/597
f 644/265/522 646/263/585 645/261/555
f 647/266/600 646/263/585 644/265/522
f 644/265/522 649/264/594 647/266/600
f 650/268/530 648/267/601 647/266/600
f 647/266/600 649/264/594 650/268/530
f 652/270/602 648/267/601 650/268/530
f 650/268/530 651/269/603 652/270/602
f 654/272/604 653/271/605 652/270/602
f 652/270/602 651/269/603 654/272/604
f 653/271/605 654/272/604 655/274/606
f 655/274/606 656/273/607 653/271/605
f 657/276/608 656/273/607 655/274/606
f 655/274/606 658/275/609 657/276/608
f 657/276/608 658/275/609 659/278/610
f 659/278/610 660/280/611 662/279/576
f 659/278/610 661/277/561 657/276/608
f 662/279/576 661/277/561 659/278/610
f 664/282/612 663/281/613 662/279/576
f 662/279/576 660/280/611 664/282/612
f 663/281/613 664/282/612 665/286/614
f 665/286/614 668/283/615 663/281/613
f 665/286/614 667/285/568 666/284/616
f 666/284/616 668/283/615 665/286/614
f 669/288/617 666/284/616 667/285/568
f 667/285/568 670/287/607 669/288/617
f 670/287/607 632/289/590 671/291/618
f 671/291/618 669/288/617 670/287/607
f 630/292/588 671/291/618 632/289/590
f 628/293/586 586/252/555 587/253/52
f 587/253/52 625/290/585 628/293/586
f 674/295/619 673/296/619 672/297/620
f 672/297/620 675/298/621 674/295/619
f 675/298/621 672/297/620 676/299/622
f 676/299/622 677/300/623 675/298/621
f 677/300/623 676/299/622 678/301/624
f 678/301/624 679/302/625 677/300/623
f 679/302/625 678/301/624 680/303/626
f 680/303/626 681/304/627 679/302/625
f 681/304/627 680/303/626 682/305/628
f 682/305/628 683/306/628 681/304/627
f 683/306/628 682/305/628 684/307/629
f 684/307/629 685/308/630 683/306/628
f 685/308/630 684/307/629 686/309/631
f 686/309/631 687/310/632 685/308/630
f 687/310/632 686/309/631 688/311/633
f 688/311/633 690/312/634 687/310/632
f 690/312/634 688/311/633 689/313/635
f 689/313/635 691/314/636 690/312/634
f 691/314/636 689/313/635 692/315/637
f 692/315/637 693/316/637 691/314/636
f 693/316/637 692/315/637 694/317/349
f 694/317/349 695/318/349 693/316/637
f 695/318/349 694/317/349 696/319/638
f 696/319/638 697/320/639 695/318/349
f 697/320/639 696/319/638 698/321/640
f 698/321/640 699/322/640 697/320/639
f 699/322/640 698/321/640 700/323/641
f 700/323/641 701/324/641 699/322/640
f 703/325/642 702/326/643 701/324/641
f 701/324/641 700/323/641 703/325/642
f 702/326/643 703/325/642 704/327/644
f 704/327/644 705/328/645 702/326/643
f 705/328/645 704/327/644 706/329/646
f 708/330/647 706/329/646 707/331/648
f 706/329/646 708/330/647 705/328/645
f 707/331/648 709/332/649 708/330/647
f 711/333/650 710/334/651 709/332/649
f 709/332/649 707/331/648 711/333/650
f 710/334/651 711/333/650 712/335/652
f 712/335/652 713/336/653 710/334/651
f 713/336/653 712/335/652 714/337/654
f 716/338/655 714/337/654 715/339/656
f 714/337/654 716/338/655 713/336/653
f 715/339/656 717/340/656 716/338/655
f 719/337/657 718/338/658 717/340/656
f 717/340/656 715/339/656 719/337/657
f 718/338/658 719/337/657 720/335/659
f 721/336/660 720/335/659 722/333/661
f 720/335/659 721/336/660 718/338/658
f 724/334/662 722/333/661 723/331/663
f 722/333/661 724/334/662 721/336/660
f 723/331/663 725/332/664 724/334/662
f 725/332/664 723/331/663 727/329/665
f 727/329/665 726/330/666 725/332/664
f 726/330/666 727/329/665 728/327/667
f 729/328/668 728/327/667 730/325/669
f 728/327/667 729/328/668 726/330/666
f 732/326/670 730/325/669 731/323/671
f 730/325/669 732/326/670 729/328/668
f 731/323/671 733/324/671 732/326/670
f 734/321/672 735/322/672 733/324/671
f 733/324/671 731/323/671 734/321/672
f 737/319/673 736/320/674 735/322/672
f 735/322/672 734/321/672 737/319/673
f 736/320/674 737/319/673 738/317/448
f 738/317/448 740/318/448 736/320/674
f 740/318/448 738/317/448 739/315/675
f 739/315/675 741/316/675 740/318/448
f 743/313/676 742/314/677 741/316/675
f 741/316/675 739/315/675 743/313/676
f 742/314/677 743/313/676 744/311/678
f 744/311/678 745/312/679 742/314/677
f 745/312/679 744/311/678 746/309/680
f 748/310/681 746/309/680 747/307/682
f 746/309/680 748/310/681 745/312/679
f 747/307/682 749/308/683 748/310/681
f 751/305/684 750/306/684 749/308/683
f 749/308/683 747/307/682 751/305/684
f 750/306/684 751/305/684 752/303/685
f 752/303/685 754/304/686 750/306/684
f 754/304/686 752/303/685 753/301/687
f 753/301/687 755/302/688 754/304/686
f 756/299/689 757/300/690 755/302/688
f 755/302/688 753/301/687 756/299/689
f 759/297/691 758/298/692 757/300/690
f 757/300/690 756/299/689 759/297/691
f 758/298/692 759/297/691 673/296/619
f 673/296/619 674/295/619 758/298/692
f 762/341/693 761/342/694 760/343/695
f 760/343/695 763/344/696 762/341/693
f 764/345/349 763/344/696 760/343/695
f 760/343/695 765/346/349 764/345/349
f 766/347/349 764/345/349 765/346/349
f 765/346/349 767/348/349 766/347/349
f 761/342/694 762/341/693 768/349/697
f 768/349/697 770/350/698 761/342/694
f 770/350/698 768/349/697 769/351/699
f 769/351/699 771/352/700 770/350/698
f 771/352/700 769/351/699 773/353/701
f 773/353/701 772/354/702 771/352/700
f 772/354/702 773/353/701 774/355/703
f 775/356/704 774/355/703 776/357/705
f 774/355/703 775/356/704 772/354/702
f 778/358/706 776/357/705 777/359/707
f 776/357/705 778/358/706 775/356/704
f 777/359/707 779/360/707 778/358/706
f 780/361/708 781/362/709 779/360/707
f 779/360/707 777/359/707 780/361/708
f 783/363/710 782/364/711 781/362/709
f 781/362/709 780/361/708 783/363/710
f 782/364/711 783/363/710 784/365/712
f 785/366/713 784/365/712 786/367/714
f 784/365/712 785/366/713 782/364/711
f 786/367/714 788/368/715 785/366/713
f 788/368/715 786/367/714 787/369/716
f 787/369/716 789/370/717 788/368/715
f 789/370/717 787/369/716 791/371/718
f 791/371/718 790/372/718 789/370/717
f 790/372/718 791/371/718 792/373/719
f 794/374/720 792/373/719 793/375/721
f 792/373/719 794/374/720 790/372/718
f 793/375/721 795/376/722 794/374/720
f 797/377/723 796/378/723 795/376/722
f 795/376/722 793/375/721 797/377/723
f 796/378/723 797/377/723 798/379/724
f 798/379/724 800/380/725 796/378/723
f 800/380/725 798/379/724 799/381/726
f 799/381/726 801/382/727 800/380/725
f 802/383/728 803/384/729 801/382/727
f 801/382/727 799/381/726 802/383/728
f 805/385/730 804/386/731 803/384/729
f 803/384/729 802/383/728 805/385/730
f 808/342/732 807/341/733 806/344/734
f 806/344/734 809/343/735 808/342/732
f 810/346/448 809/343/735 806/344/734
f 806/344/734 811/345/448 810/346/448
f 812/348/448 810/346/448 811/345/448
f 811/345/448 813/347/448 812/348/448
f 807/341/733 808/342/732 814/350/736
f 814/350/736 816/349/737 807/341/733
f 816/349/737 814/350/736 815/352/738
f 815/352/738 817/351/739 816/349/737
f 817/351/739 815/352/738 819/354/740
f 819/354/740 818/353/741 817/351/739
f 818/353/741 819/354/740 820/356/742
f 821/355/743 820/356/742 822/358/744
f 820/356/742 821/355/743 818/353/741
f 824/357/745 822/358/744 823/360/746
f 822/358/744 824/357/745 821/355/743
f 823/360/746 825/359/746 824/357/745
f 826/362/747 827/361/748 825/359/746
f 825/359/746 823/360/746 826/362/747
f 829/364/749 828/363/750 827/361/748
f 827/361/748 826/362/747 829/364/749
f 828/363/750 829/364/749 830/366/751
f 831/365/752 830/366/751 832/368/753
f 830/366/751 831/365/752 828/363/750
f 832/368/753 834/367/754 831/365/752
f 834/367/754 832/368/753 833/370/755
f 833/370/755 835/369/756 834/367/754
f 835/369/756 833/370/755 837/372/757
f 837/372/757 836/371/757 835/369/756
f 836/371/757 837/372/757 838/374/758
f 840/373/759 838/374/758 839/376/760
f 838/374/758 840/373/759 836/371/757
f 839/376/760 841/375/761 840/373/759
f 843/378/762 842/377/762 841/375/761
f 841/375/761 839/376/760 843/378/762
f 842/377/762 843/378/762 844/380/763
f 844/380/763 846/379/764 842/377/762
f 846/379/764 844/380/763 845/382/765
f 845/382/765 847/381/766 846/379/764
f 848/384/767 849/383/768 847/381/766
f 847/381/766 845/382/765 848/384/767
f 851/386/769 850/385/770 849/383/768
f 849/383/768 848/384/767 851/386/769
f 852/387/771 853/388/772 856/389/773
f 854/388/774 852/387/771 855/390/775
f 856/389/773 855/390/775 852/387/771
f 857/391/776 856/389/773 853/388/772
f 858/392/777 860/393/778 857/391/776
f 857/391/776 859/394/779 858/392/777
f 853/388/772 859/394/779 857/391/776
f 861/395/780 860/393/778 858/392/777
f 858/392/777 863/396/781 861/395/780
f 862/393/782 861/395/780 863/396/781
f 863/396/781 864/392/783 862/393/782
f 864/392/783 865/394/784 866/391/785
f 866/391/785 862/393/782 864/392/783
f 867/389/786 866/391/785 865/394/784
f 865/394/784 854/388/774 867/389/786
f 855/390/775 867/389/786 854/388/774
f 872/247/787 868/248/788 869/249/789
f 871/250/790 869/249/789 868/248/788
f 868/248/788 870/247/791 871/250/790
f 874/254/792 872/247/787 873/250/793
f 869/249/789 873/250/793 872/247/787
f 875/256/794 874/254/792 876/251/795
f 873/250/793 876/251/795 874/254/792
f 876/251/795 877/255/796 875/256/794
f 879/258/797 875/256/794 877/255/796
f 877/255/796 878/257/798 879/258/797
f 880/259/799 879/258/797 878/257/798
f 882/262/800 881/261/801 880/259/799
f 880/259/799 883/260/802 882/262/800
f 878/257/798 883/260/802 880/259/799
f 881/261/801 882/262/800 884/265/803
f 884/265/803 885/263/804 881/261/801
f 887/266/805 885/263/804 884/265/803
f 884/265/803 886/264/806 887/266/805
f 887/266/805 886/264/806 888/268/807
f 888/268/807 889/267/808 887/266/805
f 890/270/809 889/267/808 888/268/807
f 891/272/810 893/271/811 890/270/809
f 890/270/809 892/269/812 891/272/810
f 888/268/807 892/269/812 890/270/809
f 895/274/813 894/273/814 893/271/811
f 893/271/811 891/272/810 895/274/813
f 896/276/815 894/273/814 895/274/813
f 895/274/813 897/275/816 896/276/815
f 896/276/815 897/275/816 898/278/817
f 899/279/818 900/277/819 898/278/817
f 898/278/817 901/280/820 899/279/818
f 898/278/817 900/277/819 896/276/815
f 899/279/818 901/280/820 902/282/821
f 904/281/822 902/282/821 903/286/823
f 902/282/821 904/281/822 899/279/818
f 903/286/823 905/283/824 904/281/822
f 906/284/825 905/283/824 903/286/823
f 907/288/826 906/284/825 908/285/827
f 903/286/823 908/285/827 906/284/825
f 908/285/827 909/287/828 907/288/826
f 911/291/829 907/288/826 909/287/828
f 909/287/828 910/289/830 911/291/829
f 912/292/826 911/291/829 910/289/830
f 910/289/830 913/290/831 912/292/826
f 914/294/832 912/292/826 913/290/831
f 915/292/515 914/294/832 916/293/833
f 913/290/831 916/293/833 914/294/832
f 918/253/516 917/290/789 916/293/833
f 916/293/833 917/290/789 915/292/515
f 916/293/833 919/252/834 918/253/516
f 919/252/834 916/293/833 913/290/831
f 871/250/790 918/253/516 919/252/834
f 919/252/834 869/249/789 871/250/790
f 913/290/831 920/253/835 919/252/834
f 869/249/789 919/252/834 920/253/835
f 920/253/835 873/250/793 869/249/789
f 921/291/836 915/292/515 917/290/789
f 917/290/789 922/289/519 921/291/836
f 923/288/794 921/291/836 922/289/519
f 922/289/519 924/287/837 923/288/794
f 925/284/838 923/288/794 924/287/837
f 924/287/837 926/285/839 925/284/838
f 926/285/839 927/286/840 928/283/841
f 928/283/841 925/284/838 926/285/839
f 930/282/842 929/281/843 928/283/841
f 928/283/841 927/286/840 930/282/842
f 929/281/843 930/282/842 931/280/844
f 931/280/844 932/278/838 933/277/845
f 933/277/845 934/279/846 931/280/844
f 931/280/844 934/279/846 929/281/843
f 933/277/845 932/278/838 936/275/519
f 936/275/519 935/276/847 933/277/845
f 938/273/848 935/276/847 936/275/519
f 936/275/519 937/274/849 938/273/848
f 938/273/848 937/274/849 940/272/850
f 940/272/850 939/271/851 938/273/848
f 939/271/851 940/272/850 941/269/852
f 942/267/853 943/270/854 941/269/852
f 941/269/852 944/268/855 942/267/853
f 941/269/852 943/270/854 939/271/851
f 942/267/853 944/268/855 945/264/856
f 945/264/856 946/265/857 948/263/858
f 945/264/856 947/266/859 942/267/853
f 948/263/858 947/266/859 945/264/856
f 950/262/860 949/261/861 948/263/858
f 948/263/858 946/265/857 950/262/860
f 949/261/861 950/262/860 951/260/862
f 951/260/862 954/257/863 952/258/864
f 952/258/864 953/259/865 951/260/862
f 951/260/862 953/259/865 949/261/861
f 956/256/866 952/258/864 954/257/863
f 954/257/863 955/255/867 956/256/866
f 957/254/868 956/256/866 955/255/867
f 870/247/791 957/254/868 958/251/869
f 955/255/867 958/251/869 957/254/868
f 958/251/869 871/250/790 870/247/791
f 960/397/870 962/398/871 959/399/872
f 959/399/872 961/400/872 960/397/870
f 961/400/872 959/399/872 963/398/873
f 965/397/874 963/398/873 964/401/875
f 963/398/873 965/397/874 961/400/872
f 964/401/875 966/402/876 965/397/874
f 966/402/876 964/401/875 967/403/877
f 967/403/877 968/404/878 966/402/876
f 968/404/878 967/403/877 969/405/879
f 969/405/879 970/406/880 968/404/878
f 972/407/656 971/408/656 970/406/880
f 970/406/880 969/405/879 972/407/656
f 971/408/656 972/407/656 973/405/881
f 975/406/882 973/405/881 974/403/883
f 973/405/881 975/406/882 971/408/656
f 974/403/883 976/404/884 975/406/882
f 976/404/884 974/403/883 977/401/885
f 977/401/885 978/402/886 976/404/884
f 978/402/886 977/401/885 962/398/871
f 962/398/871 960/397/870 978/402/886
f 985/409/887 979/410/576 980/411/887
f 983/412/887 980/411/887 979/410/576
f 984/413/888 981/414/605 979/410/576
f 982/409/574 979/410/576 981/414/605
f 979/410/576 982/409/574 983/412/887
f 979/410/576 985/409/887 984/413/888
f 980/411/887 986/412/887 985/409/887
f 988/415/586 987/416/572 986/412/887
f 986/412/887 980/411/887 988/415/586
f 989/416/889 988/415/586 980/411/887
f 980/411/887 983/412/887 989/416/889
f 981/414/605 990/413/890 982/409/574
f 991/417/891 993/414/892 992/413/893
f 992/413/893 997/418/894 991/417/891
f 993/414/892 991/417/891 996/418/895
f 994/410/834 991/417/891 997/418/894
f 991/417/891 994/410/834 995/419/896
f 995/419/896 996/418/895 991/417/891
f 997/418/894 998/419/897 994/410/834
f 999/420/898 998/419/897 997/418/894
f 997/418/894 992/413/893 999/420/898
f 998/419/897 999/420/898 1000/421/899
f 1001/422/900 1000/421/899 1002/416/901
f 1000/421/899 1001/422/900 998/419/897
f 1004/423/902 1002/416/901 1003/424/903
f 1002/416/901 1004/423/902 1001/422/900
f 1003/424/903 1005/425/904 1004/423/902
f 1004/423/902 1005/425/904 1006/411/905
f 1006/411/905 1001/422/900 1004/423/902
f 1006/411/905 994/410/834 998/419/897
f 994/410/834 1006/411/905 1007/422/906
f 1007/422/906 1006/411/905 1005/425/904
f 998/419/897 1001/422/900 1006/411/905
f 1005/425/904 1010/423/907 1007/422/906
f 1007/422/906 995/419/896 994/410/834
f 1008/420/908 995/419/896 1007/422/906
f 1007/422/906 1009/421/909 1008/420/908
f 1009/421/909 1007/422/906 1010/423/907
f 1010/423/907 1011/416/910 1009/421/909
f 1011/416/910 1010/423/907 1005/425/904
f 1005/425/904 1003/424/903 1011/416/910
f 995/419/896 1008/420/908 1012/413/911
f 996/418/895 1012/413/911 993/414/892
f 1012/413/911 996/418/895 995/419/896
o sheath
v -31.751129 -7.780688 0.000001
v -38.660286 -7.522234 0.000001
v -31.477650 -5.283295 0.000000
v -31.468632 -5.048882 -1.120972
v -31.694029 -6.187887 2.281014
v -38.603188 -6.151823 3.305817
v -31.694029 -6.187887 -2.281013
v -31.315367 -0.907595 -1.199110
v -38.603188 -6.151824 -3.305816
v -31.501690 -1.075892 -2.936166
v -38.209496 4.471869 -3.627383
v -31.303343 4.288547 -2.761859
v -38.407845 -0.859511 -3.819721
v -31.168104 3.071406 -0.760338
v -31.062920 5.926429 -0.000000
v -31.204168 6.990301 -0.000001
v -31.168104 3.071406 0.760338
v -31.303343 4.288547 2.761859
v -31.315367 -0.907595 1.199110
v -31.468632 -5.048882 1.120972
v -31.501690 -1.075892 2.936166
v -38.407845 -0.859511 3.819721
v -47.005974 -0.688211 3.792673
v -38.209496 4.471869 3.627383
v -46.759537 4.604103 3.609351
v -47.228363 -6.058660 3.254727
v -61.671776 -5.737094 3.227679
v -47.273441 -7.453113 0.000001
v -61.728874 -7.140565 0.000001
v -47.228363 -6.058661 -3.254726
v -61.671776 -5.737095 -3.227679
v -47.005974 -0.688211 -3.792673
v -61.431355 -0.429757 -3.750599
v -79.415001 0.117204 -3.699509
v -46.759537 4.604102 -3.609351
v -61.335182 4.802449 -3.576293
v -79.048355 7.693536 -0.000001
v -79.132500 5.154067 -3.537225
v -61.428352 7.561303 -0.000001
v -46.630310 7.441094 -0.000001
v -79.132500 5.154068 3.537224
v -61.335182 4.802450 3.576293
v -61.431355 -0.429757 3.750599
v -79.415001 0.117204 3.699509
v -79.811691 -5.247235 3.197628
v -79.877808 -6.644693 0.000001
v -98.934341 -4.826497 3.167574
v -114.183174 -4.790434 3.146537
v -98.609772 0.180314 3.642409
v -99.003464 -6.226960 0.000000
v -114.252296 -6.190898 0.000000
v -98.934341 -4.826498 -3.167573
v -79.811691 -5.247236 -3.197627
v -98.609772 0.180314 -3.642409
v -113.936737 0.135233 -3.597330
v -98.315247 5.121006 -3.495151
v -98.252136 7.552285 -0.000001
v -113.473923 7.543268 -0.000001
v -113.573090 5.084942 -3.462092
v -131.322327 -0.018038 -3.546240
v -130.787384 7.272790 -0.000001
v -130.907608 4.871565 -3.423023
v -149.615509 6.683752 -0.000001
v -149.711685 4.180347 -3.383954
v -150.141449 -0.787393 -3.492145
v -131.484619 -4.973758 -3.128505
v -165.288086 -1.160050 -3.447065
v -150.387878 -5.130034 -3.104461
v -150.472031 -6.512466 0.000000
v -165.627686 -5.223199 -3.095447
v -165.711853 -6.587599 0.000000
v -178.700684 -6.876109 0.000001
v -165.627686 -5.223199 3.095448
v -178.619553 -5.532744 3.089437
v -193.799255 -6.115772 3.080420
v -165.288086 -1.160050 3.447065
v -178.439240 -1.403479 3.411002
v -193.639999 -2.088686 3.365922
v -193.126068 2.479352 3.287785
v -177.985443 3.254717 3.320843
v -164.972534 6.067668 -0.000000
v -177.940338 5.403498 -0.000000
v -164.933472 3.693490 3.350896
v -149.711685 4.180348 3.383954
v -150.141449 -0.787393 3.492145
v -131.322327 -0.018038 3.546240
v -150.387878 -5.130034 3.104462
v -131.559753 -6.368211 0.000000
v -131.484619 -4.973758 3.128505
v -113.936737 0.135233 3.597330
v -130.907608 4.871566 3.423023
v -113.573090 5.084943 3.462091
v -98.315247 5.121007 3.495150
v -114.183174 -4.790434 -3.146536
v -193.041931 4.528958 -0.000000
v -164.933472 3.693490 -3.350896
v -177.985443 3.254717 -3.320843
v -178.439240 -1.403479 -3.411002
v -193.639999 -2.088686 -3.365922
v -193.126068 2.479352 -3.287785
v -204.275711 3.708514 -0.000000
v -204.296738 1.830209 -3.263743
v -204.780594 -2.584559 -3.335870
v -193.799255 -6.115772 -3.080420
v -213.706299 -2.927163 -3.308822
v -204.954880 -6.476407 -3.080420
v -205.051056 -7.765675 0.000001
v -213.898636 -6.752894 -3.080420
v -213.991791 -8.006100 0.000001
v -233.817688 -7.323902 -3.254726
v -233.967941 -9.226247 0.000001
v -213.898636 -6.752894 3.080420
v -204.954880 -6.476407 3.080420
v -213.706299 -2.927163 3.308822
v -233.817688 -7.323901 3.254727
v -204.780594 -2.584559 3.335870
v -204.296738 1.830209 3.263743
v -213.207413 1.379415 3.242706
v -213.189377 3.131498 -0.000000
v -233.099426 1.685953 -0.000000
v -233.048325 0.132219 3.224674
v -233.529175 -4.009068 3.284780
v -234.680191 -4.970760 0.000000
v -233.048325 0.132219 -3.224674
v -233.529175 -4.009068 -3.284780
v -213.207413 1.379415 -3.242706
v -193.889420 -7.438099 0.000001
v -178.619553 -5.532744 -3.089436
v -38.095295 7.293835 -0.000001
v -202.908295 2.497383 -3.435044
v -202.827148 2.671689 -3.783658
v -202.755035 4.976746 -0.000000
v -203.344055 -2.431289 -5.923422
v -202.746017 4.583053 -0.000000
v -202.908295 2.497383 3.435044
v -202.827148 2.671689 3.783658
v -204.627304 -2.527459 4.661201
v -204.071335 2.954187 4.432799
v -203.356079 -2.461342 3.975996
v -204.008224 5.403496 -0.000000
v -204.071335 2.954187 -4.432799
v -204.813644 4.877571 -0.000000
v -204.867737 2.614589 3.777647
v -204.978943 1.956431 2.948187
v -205.378647 -2.482379 3.969985
v -205.354584 -2.431289 3.020314
v -205.489838 -6.278058 2.764865
v -205.619049 -6.990311 3.552250
v -205.682159 -7.528257 0.000001
v -205.489838 -6.278058 -3.017308
v -205.727249 -8.610162 0.000001
v -205.619049 -6.990312 -3.552249
v -204.885773 -7.377995 -4.162323
v -205.008987 -9.124066 0.000001
v -203.593475 -6.999327 3.552250
v -204.885773 -7.377994 4.162324
v -203.707703 -8.628192 0.000001
v -203.704681 -8.204448 0.000001
v -203.497330 -6.761909 3.227679
v -203.593475 -6.999328 -3.552249
v -203.356079 -2.461343 -6.383232
v -203.497330 -6.761909 -3.227679
v -204.627304 -2.527459 -7.068438
v -205.378647 -2.482379 -6.377222
v -205.354584 -2.431289 -5.424545
v -204.867737 2.614589 -3.777647
v -204.978943 1.956431 -3.197627
v -204.843689 3.822715 -0.000000
v -203.344055 -2.431289 3.516187
v -202.619781 2.512409 -3.435044
v -203.058548 -2.422275 -5.105984
v -202.583710 4.631137 -0.000000
v -202.526611 3.543223 -4.610113
v -203.058548 -2.434294 -5.565794
v -203.211807 -6.981296 -3.552249
v -202.241104 -2.461343 -6.257009
v -201.673111 3.903857 -5.268270
v -200.741486 5.154057 -0.000000
v -201.739243 5.571792 -0.000000
v -200.642303 3.891836 -5.039867
v -201.219315 -2.374189 -5.571804
v -202.604752 5.024830 -0.000000
v -202.619781 2.512409 3.435044
v -202.631790 2.710758 3.789668
v -203.058548 -2.422274 3.516187
v -203.058548 -2.434294 3.979001
v -201.778305 3.071393 4.444821
v -202.241104 -2.461342 4.670217
v -202.400391 -7.353951 4.159318
v -200.783554 2.803923 3.792673
v -201.219315 -2.374189 3.985012
v -200.771545 2.602568 3.441055
v -201.219315 -2.362168 3.525203
v -201.372589 -6.951241 3.552250
v -201.372589 -6.722840 3.227679
v -202.487549 -9.103028 0.000001
v -201.453720 -8.586120 0.000001
v -201.372589 -6.951242 -3.552249
v -202.400391 -7.353951 -4.159317
v -201.456741 -8.162374 0.000001
v -201.372589 -6.722841 -3.227679
v -201.219315 -2.362169 -4.772398
v -200.630280 3.693488 -4.688250
v -200.717438 4.760365 -0.000000
v -203.286957 -8.610162 0.000001
v -203.211807 -6.752893 -3.227679
v -203.292969 -8.186416 0.000001
v -203.211807 -6.981295 3.552250
v -203.211807 -6.752892 3.227679
v -200.023224 4.057127 -4.994789
v -200.657333 -2.347142 -4.772398
v -199.692627 4.808449 -0.000000
v -199.707672 4.282524 -5.340396
v -200.699402 -2.284030 -5.238217
v -201.186249 -6.843052 -3.564271
v -198.733948 4.580048 -5.995550
v -199.791809 -2.374189 -5.929433
v -199.007416 -2.350147 -5.601856
v -200.308716 -7.281825 -4.174345
v -199.491272 -6.939221 -3.561265
v -199.674622 -8.156363 0.000001
v -199.121628 -6.686777 -3.227679
v -199.701645 -8.577103 0.000001
v -199.121628 -6.686776 3.227679
v -199.491272 -6.939220 3.561266
v -200.531097 -9.033906 0.000001
v -200.308716 -7.281824 4.174345
v -201.186249 -6.843051 3.564272
v -201.390625 -8.474923 0.000001
v -201.186249 -6.843052 -3.564271
v -200.816605 -6.716830 -3.227679
v -201.366562 -8.057189 0.000001
v -200.816605 -6.716829 3.227679
v -199.007416 -2.350146 3.994028
v -200.699402 -2.284030 3.991023
v -201.186249 -6.843051 3.564272
v -199.791809 -2.374189 4.682239
v -198.189987 2.818949 3.789668
v -199.893982 2.855012 3.789668
v -198.914261 3.155541 4.444821
v -198.688873 5.685994 -0.000000
v -199.689621 5.202142 -0.000000
v -197.967575 5.199137 -0.000000
v -198.316208 4.138269 -4.997795
v -198.000641 4.240450 -5.340396
v -197.970596 4.808450 -0.000000
v -198.502548 2.713764 3.447065
v -198.965363 -2.293046 3.534219
v -198.965363 -2.293046 -4.778408
v -200.206528 2.629616 3.444060
v -200.657333 -2.347141 3.525203
v -200.816605 -6.716829 3.227679
v -200.816605 -6.716830 -3.227679
v -197.507782 4.177339 -5.000801
v -197.522812 4.375689 -5.358428
v -198.156937 -2.281025 -4.988778
v -198.159943 -2.265998 -4.528969
v -197.615982 4.970736 -0.000000
v -197.694107 2.749828 3.450071
v -197.643021 5.358418 -0.000000
v -197.703125 2.951182 3.804695
v -196.455948 4.745338 -6.016587
v -196.567123 5.920406 -0.000000
v -195.981110 5.472618 -0.000000
v -196.056244 3.032325 3.810705
v -196.636261 3.320832 4.465858
v -197.132126 -2.299056 4.691255
v -198.156937 -2.281025 3.997033
v -197.303421 -7.272808 4.162324
v -196.519058 -2.226929 4.003044
v -196.068253 2.401214 3.038346
v -196.681320 -6.876110 3.552250
v -196.498016 -2.142781 3.116484
v -196.645279 -6.139814 2.833987
v -196.723404 -7.447114 0.000001
v -196.765472 -8.523007 0.000001
v -196.681320 -6.876111 -3.552249
v -197.303421 -7.272809 -4.162323
v -197.390579 -9.033906 0.000001
v -198.397354 -8.547050 0.000001
v -198.316208 -6.900153 3.552250
v -198.406372 -8.126309 0.000001
v -198.322220 -6.674756 3.227679
v -198.159943 -2.265998 3.537224
v -198.322220 -6.674757 -3.227679
v -198.316208 -6.900154 -3.552249
v -197.132126 -2.299057 -5.683000
v -196.519058 -2.226929 -4.994788
v -196.645279 -6.139814 -2.978240
v -195.872910 4.456831 -5.361434
v -196.498016 -2.142781 -4.156313
v -195.902954 3.681467 -4.580060
v -195.990128 4.429784 -0.000000
v -52.719025 5.433560 -3.435045
v -53.049606 -0.814433 -5.923422
v -52.601818 8.072203 -0.000001
v -52.625862 8.568076 -0.000001
v -52.649902 5.655951 -3.783659
v -53.897099 5.950469 -4.432799
v -53.061626 -0.853502 -6.383232
v -53.205879 -6.596608 -3.552249
v -54.338875 -1.003766 -7.068438
v -53.112717 -6.287063 -3.227679
v -53.293034 -8.123293 0.000001
v -53.287022 -8.655229 0.000001
v -53.112717 -6.287062 3.227679
v -53.049606 -0.814433 3.516187
v -53.205879 -6.596607 3.552250
v -54.573288 -9.346445 0.000001
v -53.061626 -0.853502 3.975996
v -54.489140 -7.143569 4.162324
v -54.338875 -1.003766 4.661201
v -55.090195 -0.979724 3.969985
v -55.231445 -6.686766 3.552250
v -55.117245 -5.749117 2.746834
v -55.306576 -8.733366 0.000001
v -55.279530 -7.332903 0.000001
v -55.117245 -5.749117 -3.008292
v -55.063148 -0.904592 -5.403508
v -55.231445 -6.686767 -3.552249
v -55.090195 -0.979724 -6.377222
v -54.489140 -7.143570 -4.162323
v -54.681477 5.481645 -3.777647
v -54.780651 4.622131 -3.188611
v -54.687489 6.975273 -0.000001
v -54.780651 4.622132 2.927151
v -54.675468 8.342679 -0.000001
v -53.879066 9.048922 -0.000001
v -54.681477 5.481646 3.777647
v -53.897099 5.950470 4.432798
v -55.063148 -0.904592 2.999277
v -52.649902 5.655952 3.783658
v -52.719025 5.433561 3.435044
v -52.433521 5.463614 -3.435045
v -52.442539 8.144330 -0.000001
v -52.767109 -0.790391 -5.105984
v -52.361397 6.770914 -4.610113
v -52.767109 -0.805417 -5.565794
v -52.818199 -6.554533 -3.552249
v -51.513905 7.266786 -5.268270
v -51.949673 -0.799407 -6.257009
v -50.984974 -6.425306 -3.552249
v -52.003765 -6.987296 -4.159317
v -50.927872 -0.640126 -5.571804
v -50.987980 -6.139803 -3.227679
v -50.486095 7.302849 -5.039867
v -50.930878 -0.625100 -4.772398
v -50.471069 7.053411 -4.688250
v -50.579262 8.393770 -0.000001
v -50.612320 8.889642 -0.000001
v -51.619091 9.373492 -0.000001
v -50.600296 5.920417 3.792673
v -50.585270 5.667974 3.441055
v -51.949673 -0.799407 4.670217
v -50.927872 -0.640126 3.985012
v -51.601059 6.214936 4.444820
v -52.454559 5.716058 3.789668
v -52.767109 -0.790391 3.516187
v -52.472591 8.634192 -0.000001
v -52.433521 5.463614 3.435044
v -52.767109 -0.805417 3.979001
v -52.818199 -6.554533 3.552250
v -52.003765 -6.987295 4.159318
v -52.827213 -6.266025 3.227679
v -52.878304 -8.078214 0.000001
v -52.827213 -6.266026 -3.227679
v -52.866283 -8.610150 0.000001
v -52.054855 -9.196181 0.000001
v -50.984974 -6.425305 3.552250
v -51.030052 -8.492944 0.000001
v -51.045078 -7.961008 0.000001
v -50.987980 -6.139802 3.227679
v -50.930878 -0.625100 3.525203
v -49.870010 7.537261 -4.994789
v -50.365883 -0.577015 -4.772398
v -49.554459 8.510975 -0.000001
v -49.563473 7.843801 -5.340396
v -50.413967 -0.498878 -5.238217
v -48.589760 8.267547 -5.995550
v -49.497356 -0.567999 -5.929433
v -50.798645 -6.284058 -3.564271
v -50.431999 -6.100735 -3.227679
v -49.915092 -6.785941 -4.174345
v -49.280975 -8.396774 0.000001
v -50.798645 -6.284058 -3.564271
v -50.098412 -9.012858 0.000001
v -50.969948 -8.354700 0.000001
v -49.106667 -6.317115 -3.561265
v -49.262943 -7.861833 0.000001
v -48.712975 -0.498878 -5.601856
v -48.743027 -5.980524 -3.227679
v -48.676910 -0.423745 -4.778408
v -48.163010 7.726594 -4.997795
v -47.853462 7.879864 -5.340396
v -47.838436 9.081980 -0.000001
v -48.571728 9.662001 -0.000001
v -48.006733 6.067677 3.789668
v -47.835434 8.589113 -0.000001
v -48.319283 5.920417 3.447065
v -48.676910 -0.423745 3.534219
v -48.712975 -0.498878 3.994028
v -49.497356 -0.567999 4.682239
v -49.915092 -6.785940 4.174345
v -49.106667 -6.317114 3.561266
v -48.743027 -5.980523 3.227679
v -50.798645 -6.284057 3.564272
v -50.413967 -0.498878 3.991023
v -50.798645 -6.284057 3.564272
v -50.431999 -6.100734 3.227679
v -50.365883 -0.577015 3.525203
v -50.023281 5.731084 3.444060
v -49.716743 6.034618 3.789668
v -49.560467 9.003843 -0.000001
v -48.743031 6.458364 4.444820
v -50.954922 -7.822765 0.000001
v -50.431999 -6.100734 3.227679
v -50.431999 -6.100735 -3.227679
v -47.360596 7.819759 -5.000801
v -47.868488 -0.351618 -4.528969
v -47.483814 8.814509 -0.000001
v -47.375622 8.066194 -5.358428
v -47.871494 -0.366645 -4.988778
v -46.314758 8.586108 -6.016587
v -46.843689 -0.342603 -5.683000
v -47.931602 -6.211930 -3.552249
v -47.940617 -5.926428 -3.227679
v -46.909801 -6.632670 -4.162323
v -47.976681 -8.294595 0.000001
v -47.931602 -6.211929 3.552250
v -47.991707 -7.759654 0.000001
v -46.957886 -8.862594 0.000001
v -46.338799 -8.189410 0.000001
v -46.293716 -6.100734 3.552250
v -46.909801 -6.632669 4.162324
v -47.871494 -0.366645 3.997033
v -46.843689 -0.342603 4.691255
v -46.233612 -0.222391 4.003044
v -45.885002 5.667974 3.056377
v -45.878990 6.440333 3.810704
v -46.218586 -0.120211 3.137521
v -46.284702 -5.196143 2.852019
v -46.329781 -6.864077 0.000001
v -46.284702 -5.196143 -2.990262
v -46.293716 -6.100735 -3.552249
v -46.233612 -0.222391 -4.994788
v -45.728725 8.246511 -5.361434
v -46.218586 -0.120211 -4.174345
v -45.746758 7.302849 -4.601097
v -45.848938 8.249516 -0.000001
v -45.857952 9.529768 -0.000001
v -46.449997 10.067715 -0.000001
v -47.525887 6.257010 3.804694
v -46.471031 6.776926 4.465858
v -47.516872 9.304371 -0.000001
v -47.510860 6.007572 3.450071
v -47.868488 -0.351618 3.537224
v -47.940617 -5.926427 3.227679
vn 0.0353 -0.5750 0.8174
vn -0.0057 -0.9999 -0.0121
vn 0.5612 -0.8273 -0.0237
vn 0.6135 -0.4549 -0.6455
vn 0.6312 -0.4272 0.6473
vn 0.9928 -0.1186 0.0142
vn 0.9919 -0.0783 -0.1002
vn 0.9937 -0.0360 -0.1066
vn 0.7017 -0.0539 -0.7105
vn 0.0487 -0.5868 -0.8083
vn 0.0610 -0.0322 -0.9976
vn 0.0540 0.4395 -0.8966
vn 0.6554 0.2875 -0.6984
vn 0.9960 -0.0260 -0.0856
vn 0.9721 0.1075 0.2086
vn 0.9964 -0.0067 0.0849
vn 0.5863 0.8098 0.0242
vn 0.6514 0.3122 0.6915
vn 0.9943 -0.0351 0.1008
vn 0.9908 -0.1078 0.0818
vn 0.6973 -0.0573 0.7145
vn 0.0636 -0.0362 0.9973
vn 0.0050 0.4531 0.8914
vn -0.0034 -0.0324 0.9995
vn -0.0115 -0.5932 0.8050
vn 0.0637 0.4474 0.8921
vn -0.0157 -0.5891 0.8079
vn -0.0161 -0.9999 0.0009
vn -0.0249 -0.9997 0.0003
vn -0.0127 -0.5925 -0.8055
vn -0.0162 -0.5886 -0.8083
vn -0.0034 -0.0326 -0.9995
vn -0.0038 -0.0320 -0.9995
vn -0.0031 -0.0300 -0.9995
vn 0.0039 0.4530 -0.8915
vn 0.0036 0.4565 -0.8897
vn 0.0033 1.0000 -0.0019
vn 0.0108 0.9999 -0.0018
vn 0.0014 0.4735 -0.8808
vn 0.0129 0.9999 -0.0000
vn 0.0048 0.4551 0.8904
vn 0.0002 0.4720 0.8816
vn -0.0033 -0.0324 0.9995
vn -0.0159 -0.5852 0.8107
vn -0.0034 -0.0299 0.9995
vn -0.0248 -0.9997 0.0002
vn -0.0080 -0.5825 0.8128
vn -0.0123 -0.9999 0.0002
vn 0.0013 -0.5812 0.8137
vn -0.0026 -0.0321 0.9995
vn 0.0039 -1.0000 0.0001
vn -0.0084 -0.5822 -0.8130
vn -0.0154 -0.5849 -0.8109
vn -0.0029 -0.0319 -0.9995
vn -0.0024 0.4760 -0.8795
vn -0.0024 -0.0318 -0.9995
vn -0.0059 0.4723 -0.8814
vn -0.0038 1.0000 -0.0001
vn -0.0083 1.0000 0.0002
vn -0.0017 -0.0290 -0.9996
vn -0.0243 0.9997 0.0006
vn -0.0125 0.4746 -0.8801
vn -0.0358 0.9994 0.0002
vn -0.0191 0.4602 -0.8876
vn -0.0019 -0.0334 -0.9994
vn 0.0048 -0.5797 -0.8148
vn 0.0030 -0.5817 -0.8134
vn -0.0018 -0.0332 -0.9994
vn 0.0065 -1.0000 -0.0001
vn 0.0142 -0.9999 -0.0003
vn 0.0072 -0.5798 -0.8147
vn 0.0166 -0.5791 0.8151
vn 0.0303 -0.9995 -0.0004
vn 0.0078 -0.5800 0.8145
vn 0.0196 -0.5804 0.8141
vn -0.0015 -0.0284 0.9996
vn -0.0016 -0.0328 0.9995
vn -0.0257 0.4866 0.8733
vn -0.0012 -0.0264 0.9996
vn -0.0301 0.4931 0.8694
vn -0.0187 0.4674 0.8839
vn -0.0410 0.9992 -0.0028
vn -0.0500 0.9987 -0.0029
vn -0.0166 0.4605 0.8875
vn -0.0015 -0.0338 0.9994
vn 0.0037 -0.5816 0.8135
vn -0.0022 -0.0291 0.9996
vn 0.0089 -1.0000 -0.0000
vn 0.0041 -0.5798 0.8148
vn -0.0022 -0.0315 0.9995
vn -0.0050 0.4726 0.8813
vn -0.0142 0.4754 0.8797
vn -0.0038 0.4761 0.8794
vn 0.0009 -0.5807 -0.8141
vn -0.0204 0.4697 -0.8826
vn -0.0613 0.9981 -0.0024
vn -0.0240 0.4889 -0.8720
vn -0.0014 -0.0290 -0.9996
vn -0.0011 -0.0269 -0.9996
vn -0.0318 0.4951 -0.8682
vn -0.0637 0.9980 -0.0035
vn -0.0320 0.5078 -0.8609
vn -0.0014 -0.0248 -0.9997
vn 0.0193 -0.5804 -0.8141
vn 0.0170 -0.5815 -0.8134
vn -0.0005 -0.0222 -0.9998
vn 0.0295 -0.9996 -0.0010
vn 0.0386 -0.9992 -0.0050
vn 0.0187 -0.5827 -0.8125
vn -0.5352 -0.4150 -0.7358
vn 0.0264 -0.5802 0.8140
vn -0.5495 -0.8355 -0.0052
vn 0.0173 -0.5812 0.8136
vn -0.0013 -0.0242 0.9997
vn -0.5419 -0.4097 0.7338
vn 0.0006 -0.0206 0.9998
vn -0.0320 0.5049 0.8626
vn -0.0357 0.5195 0.8537
vn -0.5890 0.0634 0.8056
vn -0.0640 0.9980 -0.0006
vn -0.5786 0.8156 0.0018
vn -0.5248 0.4673 0.7115
vn -0.9991 0.0421 -0.0000
vn -0.5265 0.4651 -0.7117
vn -0.5872 0.0612 -0.8072
vn -0.0310 0.5199 -0.8536
vn 0.0339 -0.9994 -0.0006
vn 0.0168 -0.5788 -0.8153
vn 0.0437 0.9990 0.0094
vn 0.9738 -0.1895 0.1254
vn 0.8712 0.3208 -0.3715
vn 0.7297 0.6837 0.0106
vn 0.9972 -0.0725 -0.0186
vn 0.9997 0.0178 -0.0166
vn 0.8411 0.2626 0.4728
vn 0.9751 -0.1771 -0.1338
vn -0.1282 -0.0234 0.9915
vn 0.8402 -0.0767 0.5369
vn -0.0840 0.5127 0.8544
vn -0.1063 0.9942 0.0142
vn -0.8061 0.5918 0.0088
vn -0.0901 0.6615 -0.7445
vn -0.8448 0.3255 0.4248
vn -0.9138 0.0521 0.4027
vn -0.9944 0.0912 0.0537
vn -0.9975 0.0678 -0.0173
vn -0.9922 0.1116 -0.0557
vn -0.8905 -0.2473 0.3819
vn -0.9985 0.0507 -0.0186
vn -0.8538 -0.5205 0.0049
vn -0.9909 0.1171 0.0670
vn -0.9145 -0.2959 -0.2761
vn -0.1288 -0.7209 -0.6810
vn -0.1219 -0.9925 0.0110
vn 0.7491 -0.6624 0.0051
vn 0.7337 -0.4244 0.5307
vn -0.1195 -0.5770 0.8079
vn 0.9997 -0.0141 -0.0184
vn 0.9739 -0.1513 0.1691
vn 0.7499 -0.5214 -0.4072
vn 0.9664 -0.2310 -0.1124
vn -0.1128 -0.0513 -0.9923
vn 0.7797 -0.0715 -0.6220
vn -0.8712 0.0274 -0.4902
vn -0.9971 0.0721 0.0248
vn -0.9910 0.1273 -0.0404
vn -0.8554 0.3966 -0.3332
vn -0.9993 0.0340 -0.0172
vn 0.9971 -0.0714 0.0268
vn -0.8795 -0.0191 -0.4756
vn -0.9981 0.0610 -0.0020
vn -0.9971 0.0748 -0.0135
vn -0.8342 0.4046 -0.3747
vn -0.9987 -0.0448 -0.0236
vn -0.1986 0.6081 -0.7686
vn -0.8711 -0.3437 -0.3508
vn -0.0588 -0.1213 -0.9909
vn 0.7476 0.6563 0.1019
vn 0.6659 0.4967 -0.5566
vn -0.0746 0.9915 0.1062
vn -0.8322 0.5498 0.0718
vn 0.8422 -0.1204 -0.5256
vn -0.8597 0.3029 0.4113
vn -0.9982 0.0313 -0.0520
vn -0.9982 0.0591 -0.0003
vn -0.8998 0.0374 0.4348
vn -0.0618 -0.0304 0.9976
vn -0.0321 0.5086 0.8604
vn 0.8707 -0.0669 0.4872
vn -0.0464 -0.5830 0.8112
vn 0.8229 0.2851 0.4915
vn 0.9982 -0.0330 0.0510
vn 0.9981 -0.0617 -0.0021
vn 0.8233 -0.3559 0.4423
vn -0.0447 -0.9989 0.0115
vn 0.9995 -0.0259 -0.0191
vn 0.7900 -0.6131 0.0096
vn -0.0483 -0.6815 -0.7302
vn 0.8392 -0.4050 -0.3629
vn 1.0000 0.0065 -0.0018
vn 0.9996 -0.0244 0.0162
vn 0.9981 -0.0611 -0.0005
vn 0.9992 -0.0086 -0.0390
vn 0.9978 0.0600 0.0281
vn -0.8189 -0.5739 0.0088
vn -0.9996 0.0214 -0.0162
vn -0.9999 -0.0133 -0.0022
vn -0.8565 -0.2985 0.4211
vn -0.9995 0.0269 0.0183
vn -0.8976 0.0138 -0.4406
vn -0.9834 0.1318 0.1248
vn -0.7846 0.4912 -0.3782
vn -0.6527 0.5569 -0.5136
vn -0.9965 0.0237 -0.0799
vn -0.9899 0.0198 -0.1403
vn -0.1244 -0.1745 -0.9768
vn 0.0855 0.6032 -0.7930
vn 0.7676 -0.2121 -0.6049
vn 0.6791 -0.5582 -0.4767
vn -0.0159 -0.6603 -0.7508
vn 0.9941 -0.0879 -0.0638
vn 0.7737 -0.6335 -0.0049
vn 0.7539 -0.5311 -0.3867
vn 0.7623 -0.3715 0.5300
vn 0.6895 -0.4737 0.5478
vn -0.0464 -0.9989 0.0117
vn -0.8521 -0.5233 -0.0070
vn -0.0115 -0.5833 0.8122
vn -0.9315 -0.2953 0.2125
vn -0.9421 -0.2812 -0.1828
vn -0.5894 0.7488 0.3030
vn -0.9944 0.0827 -0.0657
vn -0.5114 0.8210 -0.2538
vn 0.8851 -0.1147 0.4510
vn 0.0252 -0.0355 0.9991
vn -0.9106 0.0899 0.4033
vn -0.9584 0.0766 0.2748
vn 0.9720 0.0542 0.2287
vn 0.0895 0.5004 0.8611
vn -0.6772 0.4387 0.5907
vn 0.0716 0.9834 0.1666
vn -0.7805 0.6164 0.1043
vn 0.8435 0.5235 0.1203
vn 0.6897 -0.5720 0.4440
vn 0.9540 0.2279 -0.1949
vn 0.9996 -0.0266 -0.0104
vn 0.7304 -0.4656 -0.4997
vn 0.9899 -0.1000 0.1001
vn 0.9949 -0.0966 -0.0301
vn -0.8056 0.3163 0.5009
vn -0.9925 0.0906 -0.0826
vn -0.7186 0.1364 -0.6819
vn -0.6971 0.2614 0.6676
vn -0.7989 0.4189 -0.4316
vn -0.9992 -0.0014 0.0396
vn -0.9967 -0.0698 -0.0415
vn -0.8690 -0.0342 -0.4937
vn -0.9980 0.0629 -0.0093
vn -0.8162 0.5673 0.1095
vn -0.9979 0.0405 -0.0499
vn 0.1268 0.5774 -0.8066
vn 0.0754 0.9835 0.1645
vn -0.8282 0.3238 0.4573
vn 0.9073 0.1955 0.3723
vn 0.8503 0.5100 0.1297
vn 0.1273 0.4965 0.8586
vn 0.1110 -0.0405 0.9930
vn 0.1005 -0.5815 0.8073
vn -0.8734 0.0356 0.4857
vn 0.9235 -0.0696 0.3772
vn 0.9977 -0.0597 0.0311
vn 0.9976 -0.0667 0.0169
vn 0.8913 -0.2942 0.3449
vn 0.9991 -0.0424 0.0054
vn 0.8496 -0.5273 0.0088
vn 0.9992 -0.0399 -0.0021
vn 0.1039 -0.6412 -0.7603
vn 0.8980 -0.3187 -0.3033
vn 0.0979 -0.9951 0.0120
vn -0.8211 -0.3306 0.4653
vn -0.7845 -0.6201 0.0099
vn -0.9994 0.0188 0.0306
vn -0.9998 -0.0208 -0.0017
vn -0.9981 0.0617 0.0067
vn -0.9995 0.0136 -0.0288
vn -0.8336 -0.3607 -0.4183
vn 0.1055 -0.1721 -0.9794
vn 0.9164 -0.1287 -0.3790
vn 0.9990 -0.0449 -0.0058
vn 0.9974 -0.0691 -0.0198
vn 0.8875 0.3170 -0.3344
vn 0.9977 -0.0629 -0.0245
vn 0.9998 -0.0098 0.0165
vn 0.8644 0.2953 -0.4069
vn 0.9864 -0.1199 0.1122
vn 0.9990 -0.0401 -0.0205
vn 0.7218 0.6920 0.0134
vn 0.9989 0.0443 -0.0164
vn -0.1211 0.5952 -0.7944
vn 0.7930 -0.0400 -0.6079
vn 0.9791 -0.1635 -0.1206
vn -0.1130 -0.0516 -0.9922
vn 0.7914 -0.4304 -0.4341
vn 0.9998 0.0050 -0.0191
vn 0.7868 -0.6172 0.0081
vn 0.9792 -0.0971 0.1783
vn 0.7660 -0.3464 0.5416
vn 0.9988 -0.0402 0.0271
vn -0.0924 -0.9956 0.0123
vn -0.0993 -0.5569 0.8246
vn 0.8437 -0.0458 0.5349
vn -0.8931 -0.2164 0.3943
vn -0.1276 -0.0211 0.9916
vn -0.9167 0.0260 0.3988
vn -0.8602 -0.5098 0.0081
vn -0.9960 0.0663 -0.0592
vn -0.9995 0.0272 -0.0181
vn -0.9951 0.0717 0.0679
vn -0.9166 -0.2633 -0.3008
vn -0.9988 0.0401 0.0276
vn -0.8810 0.0076 -0.4730
vn -0.1038 -0.6713 -0.7339
vn -0.9957 0.0837 -0.0406
vn -0.8868 0.3051 -0.3473
vn -0.9998 0.0135 -0.0169
vn -0.8474 0.5309 0.0118
vn -0.9971 0.0547 0.0535
vn -0.1497 0.9886 0.0148
vn -0.8702 0.2426 0.4288
vn -0.9991 0.0380 -0.0212
vn -0.1106 0.4779 0.8714
vn 0.8381 0.2409 0.4894
vn 0.9863 -0.1120 -0.1208
vn -0.8643 0.3186 -0.3893
vn -0.9990 0.0439 -0.0125
vn -0.9983 -0.0535 -0.0245
vn -0.8842 -0.0300 -0.4662
vn -0.9995 0.0311 -0.0015
vn -0.2375 0.5709 -0.7859
vn -0.8760 -0.3040 -0.3743
vn -0.0536 -0.1039 -0.9931
vn -0.0258 -0.6355 -0.7717
vn 0.8658 -0.3193 -0.3853
vn 0.8543 -0.0775 -0.5140
vn 0.9999 -0.0056 0.0137
vn 0.9995 -0.0311 0.0032
vn 0.6521 0.4967 -0.5728
vn 0.9992 0.0047 -0.0394
vn 0.7504 0.6505 0.1172
vn 0.9975 0.0656 0.0280
vn -0.1165 0.9864 0.1164
vn 0.8284 0.2555 0.4985
vn 0.9986 -0.0134 0.0506
vn 0.8759 -0.0379 0.4810
vn -0.0595 -0.0259 0.9979
vn -0.0533 0.4772 0.8772
vn -0.8826 0.2199 0.4155
vn -0.9978 0.0076 -0.0652
vn -0.9996 0.0297 -0.0007
vn -0.9019 0.0139 0.4318
vn -0.8672 0.4909 0.0836
vn -0.9996 -0.0002 0.0268
vn -0.8615 -0.2645 0.4334
vn -0.0264 -0.5606 0.8277
vn -0.9998 -0.0222 -0.0011
vn -0.8285 -0.5598 0.0112
vn -0.9997 -0.0046 -0.0243
vn -0.0133 -0.9998 0.0128
vn 0.8283 -0.5602 0.0117
vn 0.8472 -0.2754 0.4543
vn 0.9996 0.0274 -0.0026
vn 0.9999 -0.0053 -0.0153
vn 0.9994 -0.0323 -0.0078
vn -0.9028 -0.0019 -0.4301
vn -0.9874 0.0883 0.1316
vn -0.8376 0.3854 -0.3872
vn -0.7079 0.4866 -0.5120
vn -0.9967 0.0030 -0.0816
vn -0.9755 -0.0216 -0.2191
vn 0.0630 0.6061 -0.7929
vn -0.1155 -0.1470 -0.9824
vn -0.7146 0.1963 0.6714
vn 0.0101 -0.6167 -0.7872
vn 0.8198 -0.5726 0.0002
vn -0.0124 -0.9998 0.0126
vn 0.7388 -0.4610 -0.4916
vn -0.8544 -0.5196 -0.0014
vn -0.9709 -0.1838 -0.1534
vn 0.9964 -0.0547 -0.0646
vn 0.8065 -0.4205 -0.4156
vn 0.7866 -0.1530 -0.5982
vn 0.9978 -0.0603 -0.0272
vn 0.9548 0.2070 -0.2136
vn 0.7579 -0.4739 0.4483
vn 0.8510 0.5054 0.1427
vn 0.9999 -0.0097 -0.0121
vn 0.9725 0.0361 0.2301
vn 0.0407 0.9814 0.1874
vn 0.7681 -0.3688 -0.5234
vn 0.8921 -0.0761 0.4453
vn 0.9944 -0.0628 0.0854
vn 0.0310 -0.0288 0.9991
vn 0.7329 -0.3925 0.5557
vn 0.0115 -0.5590 0.8291
vn 0.7909 -0.2762 0.5461
vn -0.9620 -0.1950 0.1913
vn -0.9150 0.0565 0.3994
vn -0.9412 0.0378 0.3357
vn -0.7187 0.0962 -0.6886
vn -0.9939 0.0545 -0.0963
vn -0.7157 0.3584 0.5994
vn -0.8281 0.2272 0.5125
vn -0.8191 0.5589 0.1292
vn 0.0654 0.4748 0.8776
vn -0.6255 0.7259 -0.2860
vn -0.9965 0.0507 -0.0667
vn -0.6938 0.6396 0.3310
vn -0.8731 -0.0409 -0.4859
vn -0.9994 0.0352 0.0046
vn -0.9993 -0.0081 0.0355
vn -0.8276 0.3460 -0.4420
vn -0.9969 -0.0674 -0.0397
vn 0.1034 0.5864 -0.8034
vn 0.1165 -0.1374 -0.9836
vn -0.8393 -0.3204 -0.4392
vn -0.9997 -0.0027 -0.0263
vn -0.7892 -0.6140 0.0120
vn 0.1256 -0.5970 -0.7924
vn -0.9996 -0.0276 -0.0015
vn -0.8272 -0.2958 0.4777
vn 0.1317 -0.9912 0.0132
vn 0.8881 -0.4594 0.0109
vn 0.9119 -0.2133 0.3507
vn 0.1213 -0.5535 0.8240
vn 0.9277 -0.0389 0.3713
vn -0.8784 0.0139 0.4776
vn 0.1164 -0.0306 0.9927
vn 0.9993 -0.0359 0.0124
vn 0.9990 -0.0351 0.0265
vn 0.9113 0.1700 0.3749
vn 0.9999 -0.0127 -0.0046
vn 1.0000 -0.0073 -0.0017
vn 0.9205 -0.2340 -0.3129
vn 0.9999 -0.0121 0.0024
vn 0.9243 -0.0844 -0.3722
vn 0.9992 -0.0383 -0.0148
vn 0.8956 0.2927 -0.3350
vn 0.9991 -0.0364 -0.0221
vn 0.8607 0.4866 0.1494
vn 0.9999 0.0059 0.0149
vn 0.0466 0.9818 0.1841
vn -0.8461 0.5165 0.1317
vn -0.8536 0.2403 0.4622
vn 0.1035 0.4718 0.8756
vn -0.9983 0.0166 -0.0553
vn -0.9994 0.0328 -0.0067
vn -0.9996 0.0004 0.0273
vt 0.845330 0.939810
vt 0.832340 0.940750
vt 0.835750 0.971240
vt 0.846030 0.970090
vt 0.836950 0.974820
vt 0.846730 0.974220
vt 0.865420 0.974080
vt 0.865050 0.969570
vt 0.864560 0.939230
vt 0.883820 0.938750
vt 0.884840 0.969100
vt 0.885280 0.973380
vt 0.898510 0.973490
vt 0.899160 0.969400
vt 0.882260 0.897370
vt 0.862900 0.897750
vt 0.843170 0.898310
vt 0.840180 0.828310
vt 0.830210 0.898870
vt 0.827310 0.828850
vt 0.859720 0.827620
vt 0.855930 0.740020
vt 0.878810 0.826260
vt 0.890260 0.738380
vt 0.895260 0.824520
vt 0.874370 0.739380
vt 0.899030 0.896870
vt 0.836170 0.740240
vt 0.823410 0.740850
vt 0.831100 0.647360
vt 0.818440 0.648100
vt 0.825750 0.573340
vt 0.849540 0.646670
vt 0.813170 0.574250
vt 0.867640 0.645910
vt 0.843830 0.572210
vt 0.861970 0.571630
vt 0.883140 0.644610
vt 0.877420 0.570410
vt 0.836840 0.487900
vt 0.869970 0.486180
vt 0.854760 0.487430
vt 0.859860 0.394520
vt 0.844680 0.396320
vt 0.826640 0.397140
vt 0.818720 0.489660
vt 0.810870 0.398460
vt 0.818620 0.325820
vt 0.798610 0.399440
vt 0.792430 0.327720
vt 0.804270 0.326680
vt 0.797890 0.267810
vt 0.786600 0.269000
vt 0.789470 0.201990
vt 0.811800 0.266100
vt 0.827540 0.265130
vt 0.802510 0.200160
vt 0.817400 0.199340
vt 0.835680 0.324430
vt 0.849950 0.321880
vt 0.840730 0.262990
vt 0.806250 0.490630
vt 0.829850 0.197280
vt 0.820580 0.151050
vt 0.809340 0.153430
vt 0.795870 0.154410
vt 0.784080 0.156020
vt 0.791010 0.120470
vt 0.773970 0.156960
vt 0.771400 0.123080
vt 0.780490 0.121980
vt 0.770830 0.051740
vt 0.760770 0.052820
vt 0.802960 0.119690
vt 0.779560 0.050760
vt 0.812910 0.117680
vt 0.799730 0.047470
vt 0.790550 0.049990
vt 0.776170 0.039750
vt 0.778640 0.203170
vt 0.900550 0.938690
vt 0.679070 0.060510
vt 0.736830 0.060510
vt 0.631440 0.060510
vt 0.631440 0.043370
vt 0.679070 0.043370
vt 0.736830 0.043370
vt 0.736830 0.026220
vt 0.679070 0.026220
vt 0.631440 0.026220
vt 0.589260 0.026220
vt 0.570580 0.026220
vt 0.589260 0.043370
vt 0.570580 0.043370
vt 0.570580 0.060510
vt 0.589260 0.060510
vt 0.631440 0.065350
vt 0.679070 0.065350
vt 0.736830 0.065350
vt 0.679070 0.080940
vt 0.589260 0.065350
vt 0.631440 0.080940
vt 0.736830 0.096370
vt 0.679070 0.096480
vt 0.736830 0.080940
vt 0.631440 0.096550
vt 0.589260 0.080940
vt 0.589260 0.096560
vt 0.570580 0.080940
vt 0.570580 0.096690
vt 0.570580 0.065350
vt 0.631440 0.106000
vt 0.679070 0.105960
vt 0.736830 0.105920
vt 0.589260 0.106000
vt 0.631440 0.120270
vt 0.679070 0.120310
vt 0.631440 0.134660
vt 0.589260 0.134660
vt 0.589260 0.120270
vt 0.570580 0.134660
vt 0.570580 0.120390
vt 0.570580 0.106120
vt 0.589260 0.105990
vt 0.679070 0.134660
vt 0.736830 0.120350
vt 0.736830 0.134660
vt 0.679070 0.148280
vt 0.736830 0.148280
vt 0.631440 0.148280
vt 0.679070 0.161550
vt 0.736830 0.161550
vt 0.679070 0.176050
vt 0.736830 0.176050
vt 0.631440 0.161550
vt 0.589260 0.161550
vt 0.631440 0.176050
vt 0.589260 0.176050
vt 0.570580 0.176050
vt 0.570580 0.161550
vt 0.589260 0.148280
vt 0.570580 0.148280
s 1
usemtl 白楼剣鞘、柄、鍔
f 1018/426/912 1014/427/913 1013/428/914
f 1019/429/915 1013/428/914 1014/427/913
f 1017/429/916 1013/428/914 1015/430/917
f 1016/431/918 1015/430/917 1013/428/914
f 1013/428/914 1019/429/915 1016/431/918
f 1013/428/914 1017/429/916 1018/426/912
f 1020/432/919 1016/431/918 1019/429/915
f 1019/429/915 1022/433/920 1020/432/919
f 1022/433/920 1019/429/915 1021/426/921
f 1014/427/913 1021/426/921 1019/429/915
f 1021/426/921 1025/434/922 1022/433/920
f 1022/433/920 1025/434/922 1023/435/923
f 1023/435/923 1024/436/924 1022/433/920
f 1022/433/920 1024/436/924 1026/437/925
f 1026/437/925 1020/432/919 1022/433/920
f 1027/438/926 1026/437/925 1024/436/924
f 1029/437/927 1027/438/926 1028/439/928
f 1024/436/924 1028/439/928 1027/438/926
f 1028/439/928 1030/436/929 1029/437/927
f 1031/432/930 1029/437/927 1030/436/929
f 1032/431/931 1031/432/930 1033/433/932
f 1030/436/929 1033/433/932 1031/432/930
f 1033/433/932 1017/429/916 1032/431/931
f 1017/429/916 1033/433/932 1034/434/933
f 1034/434/933 1033/433/932 1030/436/929
f 1037/440/934 1035/441/935 1034/434/933
f 1034/434/933 1035/441/935 1038/442/936
f 1030/436/929 1036/435/937 1034/434/933
f 1034/434/933 1036/435/937 1037/440/934
f 1034/434/933 1018/426/912 1017/429/916
f 1038/442/936 1018/426/912 1034/434/933
f 1039/443/938 1038/442/936 1035/441/935
f 1040/444/939 1038/442/936 1039/443/938
f 1014/427/913 1018/426/912 1038/442/936
f 1038/442/936 1040/444/939 1014/427/913
f 1039/443/938 1041/445/940 1040/444/939
f 1042/442/941 1040/444/939 1041/445/940
f 1021/426/921 1014/427/913 1040/444/939
f 1040/444/939 1042/442/941 1021/426/921
f 1042/442/941 1043/443/942 1045/446/943
f 1041/445/940 1043/443/942 1042/442/941
f 1021/426/921 1042/442/941 1044/441/944
f 1045/446/943 1044/441/944 1042/442/941
f 1046/447/945 1045/446/943 1043/443/942
f 1047/440/946 1044/441/944 1045/446/943
f 1048/448/947 1045/446/943 1046/447/945
f 1045/446/943 1048/448/947 1047/440/946
f 1049/449/948 1051/450/949 1048/448/947
f 1048/448/947 1050/451/950 1049/449/948
f 1046/447/945 1050/451/950 1048/448/947
f 1047/440/946 1048/448/947 1051/450/949
f 1052/452/951 1051/450/949 1054/448/952
f 1051/450/949 1052/452/951 1047/440/946
f 1051/450/949 1049/449/948 1053/451/953
f 1053/451/953 1054/448/952 1051/450/949
f 1055/446/954 1054/448/952 1053/451/953
f 1054/448/952 1055/446/954 1035/441/935
f 1035/441/935 1037/440/934 1054/448/952
f 1054/448/952 1037/440/934 1052/452/951
f 1057/453/955 1039/443/938 1055/446/954
f 1035/441/935 1055/446/954 1039/443/938
f 1053/451/953 1056/447/956 1055/446/954
f 1055/446/954 1056/447/956 1057/453/955
f 1058/454/957 1057/453/955 1059/455/958
f 1057/453/955 1058/454/957 1041/445/940
f 1041/445/940 1039/443/938 1057/453/955
f 1059/455/958 1057/453/955 1056/447/956
f 1059/455/958 1062/456/959 1058/454/957
f 1060/457/960 1059/455/958 1061/458/961
f 1062/456/959 1059/455/958 1060/457/960
f 1056/447/956 1061/458/961 1059/455/958
f 1060/457/960 1063/459/962 1062/456/959
f 1064/455/963 1062/456/959 1063/459/962
f 1065/453/964 1058/454/957 1062/456/959
f 1062/456/959 1064/455/963 1065/453/964
f 1058/454/957 1065/453/964 1043/443/942
f 1065/453/964 1064/455/963 1066/458/965
f 1043/443/942 1065/453/964 1046/447/945
f 1066/458/965 1046/447/945 1065/453/964
f 1068/460/966 1066/458/965 1067/461/967
f 1067/461/967 1066/458/965 1064/455/963
f 1066/458/965 1068/460/966 1050/451/950
f 1050/451/950 1046/447/945 1066/458/965
f 1067/461/967 1071/462/968 1068/460/966
f 1050/451/950 1068/460/966 1069/463/969
f 1070/464/970 1069/463/969 1068/460/966
f 1068/460/966 1071/462/968 1070/464/970
f 1071/462/968 1067/461/967 1072/465/971
f 1073/466/972 1070/464/970 1071/462/968
f 1072/465/971 1074/467/973 1071/462/968
f 1071/462/968 1074/467/973 1073/466/972
f 1075/468/974 1073/466/972 1074/467/973
f 1074/467/973 1076/469/975 1075/468/974
f 1077/470/976 1076/469/975 1074/467/973
f 1074/467/973 1072/465/971 1077/470/976
f 1077/470/976 1072/465/971 1078/471/977
f 1078/471/977 1080/472/978 1077/470/976
f 1076/469/975 1077/470/976 1079/473/979
f 1079/473/979 1077/470/976 1080/472/978
f 1080/472/978 1081/474/980 1083/475/981
f 1081/474/980 1080/472/978 1078/471/977
f 1080/472/978 1082/476/982 1079/473/979
f 1083/475/981 1082/476/982 1080/472/978
f 1086/477/983 1084/478/984 1083/475/981
f 1082/476/982 1083/475/981 1084/478/984
f 1085/476/985 1083/475/981 1081/474/980
f 1083/475/981 1085/476/985 1086/477/983
f 1087/479/986 1086/477/983 1089/480/987
f 1084/478/984 1086/477/983 1087/479/986
f 1086/477/983 1085/476/985 1088/473/988
f 1088/473/988 1089/480/987 1086/477/983
f 1092/481/989 1089/480/987 1088/473/988
f 1089/480/987 1090/482/990 1087/479/986
f 1091/483/991 1090/482/990 1089/480/987
f 1089/480/987 1092/481/989 1091/483/991
f 1088/473/988 1095/484/992 1092/481/989
f 1093/485/993 1094/486/994 1092/481/989
f 1092/481/989 1095/484/992 1093/485/993
f 1091/483/991 1092/481/989 1094/486/994
f 1075/468/974 1093/485/993 1095/484/992
f 1095/484/992 1096/469/995 1075/468/974
f 1095/484/992 1088/473/988 1097/470/996
f 1097/470/996 1096/469/995 1095/484/992
f 1097/470/996 1088/473/988 1085/476/985
f 1085/476/985 1099/472/997 1097/470/996
f 1096/469/995 1097/470/996 1098/465/998
f 1098/465/998 1097/470/996 1099/472/997
f 1081/474/980 1099/472/997 1085/476/985
f 1099/472/997 1081/474/980 1100/487/999
f 1100/487/999 1101/471/1000 1099/472/997
f 1099/472/997 1101/471/1000 1098/465/998
f 1101/471/1000 1060/457/960 1102/461/1001
f 1102/461/1001 1098/465/998 1101/471/1000
f 1063/459/962 1060/457/960 1101/471/1000
f 1101/471/1000 1100/487/999 1063/459/962
f 1104/462/1002 1102/461/1001 1061/458/961
f 1061/458/961 1102/461/1001 1060/457/960
f 1103/467/1003 1098/465/998 1102/461/1001
f 1102/461/1001 1104/462/1002 1103/467/1003
f 1061/458/961 1105/460/1004 1104/462/1002
f 1069/463/969 1070/464/970 1104/462/1002
f 1104/462/1002 1105/460/1004 1069/463/969
f 1103/467/1003 1104/462/1002 1070/464/970
f 1105/460/1004 1061/458/961 1056/447/956
f 1049/449/948 1069/463/969 1105/460/1004
f 1105/460/1004 1053/451/953 1049/449/948
f 1056/447/956 1053/451/953 1105/460/1004
f 1098/465/998 1103/467/1003 1096/469/995
f 1096/469/995 1103/467/1003 1073/466/972
f 1070/464/970 1073/466/972 1103/467/1003
f 1078/471/977 1100/487/999 1081/474/980
f 1100/487/999 1078/471/977 1106/457/1005
f 1106/457/1005 1063/459/962 1100/487/999
f 1106/457/1005 1078/471/977 1072/465/971
f 1072/465/971 1067/461/967 1106/457/1005
f 1064/455/963 1106/457/1005 1067/461/967
f 1063/459/962 1106/457/1005 1064/455/963
f 1073/466/972 1075/468/974 1096/469/995
f 1094/486/994 1093/485/993 1108/484/1006
f 1094/486/994 1107/488/1007 1091/483/991
f 1107/488/1007 1094/486/994 1109/481/1008
f 1108/484/1006 1109/481/1008 1094/486/994
f 1109/481/1008 1110/480/1009 1111/482/1010
f 1110/480/1009 1109/481/1008 1108/484/1006
f 1111/482/1010 1112/483/1011 1109/481/1008
f 1109/481/1008 1112/483/1011 1107/488/1007
f 1113/489/1012 1107/488/1007 1112/483/1011
f 1112/483/1011 1114/490/1013 1113/489/1012
f 1115/491/1014 1114/490/1013 1112/483/1011
f 1112/483/1011 1111/482/1010 1115/491/1014
f 1115/491/1014 1111/482/1010 1116/479/1015
f 1116/479/1015 1118/492/1016 1115/491/1014
f 1114/490/1013 1115/491/1014 1117/493/1017
f 1117/493/1017 1115/491/1014 1118/492/1016
f 1118/492/1016 1119/494/1018 1121/495/1019
f 1119/494/1018 1118/492/1016 1116/479/1015
f 1118/492/1016 1120/496/1020 1117/493/1017
f 1121/495/1019 1120/496/1020 1118/492/1016
f 1122/497/1021 1120/496/1020 1121/495/1019
f 1124/496/1022 1121/495/1019 1119/494/1018
f 1121/495/1019 1123/498/1023 1122/497/1021
f 1123/498/1023 1121/495/1019 1124/496/1022
f 1119/494/1018 1125/492/1024 1124/496/1022
f 1124/496/1022 1125/492/1024 1128/491/1025
f 1127/497/1026 1124/496/1022 1126/493/1027
f 1128/491/1025 1126/493/1027 1124/496/1022
f 1124/496/1022 1127/497/1026 1123/498/1023
f 1129/490/1028 1128/491/1025 1090/482/990
f 1090/482/990 1128/491/1025 1125/492/1024
f 1128/491/1025 1129/490/1028 1130/499/1029
f 1130/499/1029 1126/493/1027 1128/491/1025
f 1134/500/1030 1126/493/1027 1130/499/1029
f 1113/489/1012 1131/501/1031 1130/499/1029
f 1130/499/1029 1129/490/1028 1113/489/1012
f 1130/499/1029 1131/501/1031 1132/502/1032
f 1132/502/1032 1133/503/1033 1130/499/1029
f 1130/499/1029 1133/503/1033 1134/500/1030
f 1135/504/1034 1127/497/1026 1134/500/1030
f 1126/493/1027 1134/500/1030 1127/497/1026
f 1135/504/1034 1134/500/1030 1133/503/1033
f 1135/504/1034 1123/498/1023 1127/497/1026
f 1122/497/1021 1123/498/1023 1135/504/1034
f 1132/502/1032 1136/503/1035 1135/504/1034
f 1136/503/1035 1137/500/1036 1135/504/1034
f 1135/504/1034 1133/503/1033 1132/502/1032
f 1137/500/1036 1122/497/1021 1135/504/1034
f 1120/496/1020 1122/497/1021 1137/500/1036
f 1137/500/1036 1117/493/1017 1120/496/1020
f 1117/493/1017 1137/500/1036 1136/503/1035
f 1136/503/1035 1138/499/1037 1117/493/1017
f 1131/501/1031 1138/499/1037 1136/503/1035
f 1136/503/1035 1132/502/1032 1131/501/1031
f 1117/493/1017 1138/499/1037 1114/490/1013
f 1114/490/1013 1138/499/1037 1131/501/1031
f 1131/501/1031 1113/489/1012 1114/490/1013
f 1090/482/990 1091/483/991 1129/490/1028
f 1129/490/1028 1091/483/991 1107/488/1007
f 1107/488/1007 1113/489/1012 1129/490/1028
f 1125/492/1024 1119/494/1018 1139/505/1038
f 1139/505/1038 1087/479/986 1125/492/1024
f 1125/492/1024 1087/479/986 1090/482/990
f 1116/479/1015 1139/505/1038 1119/494/1018
f 1087/479/986 1139/505/1038 1084/478/984
f 1140/477/1039 1084/478/984 1139/505/1038
f 1139/505/1038 1116/479/1015 1140/477/1039
f 1140/477/1039 1116/479/1015 1111/482/1010
f 1082/476/982 1140/477/1039 1110/480/1009
f 1084/478/984 1140/477/1039 1082/476/982
f 1111/482/1010 1110/480/1009 1140/477/1039
f 1108/484/1006 1079/473/979 1110/480/1009
f 1110/480/1009 1079/473/979 1082/476/982
f 1079/473/979 1108/484/1006 1076/469/975
f 1076/469/975 1108/484/1006 1093/485/993
f 1093/485/993 1075/468/974 1076/469/975
f 1069/463/969 1049/449/948 1050/451/950
f 1043/443/942 1041/445/940 1058/454/957
f 1141/506/1040 1052/452/951 1037/440/934
f 1052/452/951 1141/506/1040 1023/435/923
f 1023/435/923 1047/440/946 1052/452/951
f 1023/435/923 1141/506/1040 1028/439/928
f 1141/506/1040 1036/435/937 1030/436/929
f 1037/440/934 1036/435/937 1141/506/1040
f 1030/436/929 1028/439/928 1141/506/1040
f 1044/441/944 1047/440/946 1023/435/923
f 1023/435/923 1025/434/922 1044/441/944
f 1044/441/944 1025/434/922 1021/426/921
f 1015/430/917 1032/431/931 1017/429/916
f 1028/439/928 1024/436/924 1023/435/923
f 1142/507/1041 1143/507/1042 1144/508/1043
f 1143/507/1042 1142/507/1041 1145/509/1044
f 1144/508/1043 1146/508/1045 1142/507/1041
f 1146/508/1045 1144/508/1043 1148/507/1046
f 1148/507/1046 1147/507/1047 1146/508/1045
f 1149/510/1048 1151/509/1049 1148/507/1046
f 1148/507/1046 1150/511/1050 1149/510/1048
f 1147/507/1047 1148/507/1046 1151/509/1049
f 1152/512/1051 1150/511/1050 1148/507/1046
f 1148/507/1046 1144/508/1043 1152/512/1051
f 1154/513/1052 1152/512/1051 1153/511/1053
f 1153/511/1053 1152/512/1051 1144/508/1043
f 1152/512/1051 1154/513/1052 1155/514/1054
f 1155/514/1054 1150/511/1050 1152/512/1051
f 1155/514/1054 1157/515/1055 1149/510/1048
f 1149/510/1048 1150/511/1050 1155/514/1054
f 1156/514/1056 1155/514/1054 1154/513/1052
f 1155/514/1054 1156/514/1056 1158/515/1057
f 1158/515/1057 1157/515/1055 1155/514/1054
f 1157/515/1055 1158/515/1057 1159/516/1058
f 1160/516/1059 1159/516/1058 1161/517/1060
f 1159/516/1058 1160/516/1059 1157/515/1055
f 1163/517/1061 1161/517/1060 1162/516/1062
f 1161/517/1060 1163/517/1061 1160/516/1059
f 1163/517/1061 1164/516/1063 1165/518/1064
f 1162/516/1062 1164/516/1063 1163/517/1061
f 1160/516/1059 1163/517/1061 1166/519/1065
f 1165/518/1064 1166/519/1065 1163/517/1061
f 1166/519/1065 1169/520/1066 1167/521/1067
f 1167/521/1067 1168/518/1068 1166/519/1065
f 1166/519/1065 1168/518/1068 1160/516/1059
f 1169/520/1066 1166/519/1065 1165/518/1064
f 1169/520/1066 1170/520/1069 1171/521/1070
f 1170/520/1069 1169/520/1066 1172/521/1071
f 1165/518/1064 1172/521/1071 1169/520/1066
f 1171/521/1070 1167/521/1067 1169/520/1066
f 1172/521/1071 1174/521/1072 1170/520/1069
f 1175/510/1073 1173/509/1074 1172/521/1071
f 1174/521/1072 1172/521/1071 1173/509/1074
f 1172/521/1071 1165/518/1064 1175/510/1073
f 1164/516/1063 1176/515/1075 1175/510/1073
f 1153/511/1053 1175/510/1073 1176/515/1075
f 1173/509/1074 1175/510/1073 1153/511/1053
f 1175/510/1073 1165/518/1064 1164/516/1063
f 1177/515/1076 1176/515/1075 1164/516/1063
f 1176/515/1075 1177/515/1076 1179/514/1077
f 1176/515/1075 1178/514/1078 1153/511/1053
f 1179/514/1077 1178/514/1078 1176/515/1075
f 1178/514/1078 1179/514/1077 1180/513/1079
f 1180/513/1079 1154/513/1052 1178/514/1078
f 1154/513/1052 1180/513/1079 1156/514/1056
f 1153/511/1053 1178/514/1078 1154/513/1052
f 1164/516/1063 1162/516/1062 1177/515/1076
f 1173/509/1074 1145/509/1044 1174/521/1072
f 1153/511/1053 1143/507/1042 1173/509/1074
f 1145/509/1044 1173/509/1074 1143/507/1042
f 1167/521/1067 1171/521/1070 1181/509/1080
f 1151/509/1049 1181/509/1080 1147/507/1047
f 1181/509/1080 1151/509/1049 1167/521/1067
f 1151/509/1049 1149/510/1048 1168/518/1068
f 1168/518/1068 1149/510/1048 1157/515/1055
f 1168/518/1068 1167/521/1067 1151/509/1049
f 1157/515/1055 1160/516/1059 1168/518/1068
f 1144/508/1043 1143/507/1042 1153/511/1053
f 1186/522/1081 1183/522/1082 1182/523/1083
f 1185/523/1084 1182/523/1083 1184/524/1085
f 1182/523/1083 1185/523/1084 1186/522/1081
f 1186/522/1081 1185/523/1084 1189/525/1086
f 1187/526/1087 1186/522/1081 1188/527/1088
f 1183/522/1082 1186/522/1081 1187/526/1087
f 1189/525/1086 1188/527/1088 1186/522/1081
f 1190/528/1089 1192/529/1090 1189/525/1086
f 1189/525/1086 1191/530/1091 1190/528/1089
f 1194/524/1092 1191/530/1091 1189/525/1086
f 1189/525/1086 1185/523/1084 1194/524/1092
f 1193/531/1093 1188/527/1088 1189/525/1086
f 1189/525/1086 1192/529/1090 1193/531/1093
f 1184/524/1085 1194/524/1092 1185/523/1084
f 1191/530/1091 1194/524/1092 1196/523/1094
f 1194/524/1092 1184/524/1085 1195/523/1095
f 1195/523/1095 1196/523/1094 1194/524/1092
f 1196/523/1094 1195/523/1095 1197/522/1096
f 1197/522/1096 1198/522/1097 1196/523/1094
f 1196/523/1094 1198/522/1097 1200/527/1098
f 1196/523/1094 1199/525/1099 1191/530/1091
f 1200/527/1098 1199/525/1099 1196/523/1094
f 1203/531/1100 1200/527/1098 1201/532/1101
f 1201/532/1101 1200/527/1098 1198/522/1097
f 1200/527/1098 1203/531/1100 1202/529/1102
f 1202/529/1102 1199/525/1099 1200/527/1098
f 1204/529/1103 1202/529/1102 1203/531/1100
f 1203/531/1100 1205/531/1104 1204/529/1103
f 1205/531/1104 1203/531/1100 1206/533/1105
f 1201/532/1101 1206/533/1105 1203/531/1100
f 1206/533/1105 1201/532/1101 1208/534/1106
f 1207/533/1107 1206/533/1105 1209/535/1108
f 1206/533/1105 1207/533/1107 1205/531/1104
f 1208/534/1106 1209/535/1108 1206/533/1105
f 1211/532/1109 1210/533/1110 1209/535/1108
f 1212/535/1111 1209/535/1108 1210/533/1110
f 1209/535/1108 1208/534/1106 1211/532/1109
f 1209/535/1108 1212/535/1111 1207/533/1107
f 1210/533/1110 1213/533/1112 1212/535/1111
f 1213/533/1112 1210/533/1110 1193/531/1093
f 1193/531/1093 1214/531/1113 1213/533/1112
f 1192/529/1090 1215/529/1114 1214/531/1113
f 1214/531/1113 1193/531/1093 1192/529/1090
f 1215/529/1114 1192/529/1090 1190/528/1089
f 1190/528/1089 1216/528/1115 1215/529/1114
f 1216/528/1115 1190/528/1089 1202/529/1102
f 1202/529/1102 1204/529/1103 1216/528/1115
f 1217/536/1116 1187/526/1087 1211/532/1109
f 1188/527/1088 1211/532/1109 1187/526/1087
f 1211/532/1109 1208/534/1106 1217/536/1116
f 1210/533/1110 1211/532/1109 1188/527/1088
f 1218/526/1117 1187/526/1087 1217/536/1116
f 1217/536/1116 1219/536/1118 1218/526/1117
f 1219/536/1118 1217/536/1116 1220/526/1119
f 1220/526/1119 1217/536/1116 1208/534/1106
f 1198/522/1097 1220/526/1119 1201/532/1101
f 1221/526/1120 1220/526/1119 1198/522/1097
f 1208/534/1106 1201/532/1101 1220/526/1119
f 1220/526/1119 1221/526/1120 1219/536/1118
f 1198/522/1097 1197/522/1096 1221/526/1120
f 1187/526/1087 1218/526/1117 1183/522/1082
f 1188/527/1088 1193/531/1093 1210/533/1110
f 1202/529/1102 1190/528/1089 1191/530/1091
f 1191/530/1091 1199/525/1099 1202/529/1102
f 1226/537/1121 1223/537/1122 1222/538/1123
f 1225/538/1124 1222/538/1123 1224/539/1125
f 1222/538/1123 1225/538/1124 1226/537/1121
f 1223/537/1122 1226/537/1121 1227/540/1126
f 1227/540/1126 1226/537/1121 1229/541/1127
f 1226/537/1121 1225/538/1124 1228/542/1128
f 1228/542/1128 1229/541/1127 1226/537/1121
f 1229/541/1127 1230/543/1129 1232/544/1130
f 1230/543/1129 1229/541/1127 1228/542/1128
f 1229/541/1127 1231/545/1131 1227/540/1126
f 1232/544/1130 1231/545/1131 1229/541/1127
f 1233/546/1132 1235/546/1133 1232/544/1130
f 1232/544/1130 1234/544/1134 1233/546/1132
f 1234/544/1134 1232/544/1130 1230/543/1129
f 1231/545/1131 1232/544/1130 1235/546/1133
f 1235/546/1133 1233/546/1132 1236/544/1135
f 1236/544/1135 1237/544/1136 1235/546/1133
f 1238/547/1137 1235/546/1133 1237/544/1136
f 1235/546/1133 1238/547/1137 1231/545/1131
f 1231/545/1131 1238/547/1137 1241/548/1138
f 1237/544/1136 1239/545/1139 1238/547/1137
f 1238/547/1137 1239/545/1139 1240/549/1140
f 1240/549/1140 1241/548/1138 1238/547/1137
f 1241/548/1138 1242/549/1141 1231/545/1131
f 1243/549/1142 1242/549/1141 1241/548/1138
f 1241/548/1138 1244/548/1143 1243/549/1142
f 1244/548/1143 1241/548/1138 1240/549/1140
f 1240/549/1140 1245/549/1144 1244/548/1143
f 1239/545/1139 1237/544/1136 1246/543/1145
f 1246/543/1145 1249/541/1146 1239/545/1139
f 1247/537/1147 1248/540/1148 1239/545/1139
f 1239/545/1139 1249/541/1146 1247/537/1147
f 1249/541/1146 1246/543/1145 1250/550/1149
f 1250/550/1149 1252/542/1150 1249/541/1146
f 1251/538/1151 1247/537/1147 1249/541/1146
f 1249/541/1146 1252/542/1150 1251/538/1151
f 1253/551/1152 1252/542/1150 1250/550/1149
f 1251/538/1151 1252/542/1150 1253/551/1152
f 1253/551/1152 1254/539/1153 1251/538/1151
f 1250/550/1149 1255/552/1154 1253/551/1152
f 1254/539/1153 1253/551/1152 1228/542/1128
f 1228/542/1128 1253/551/1152 1255/552/1154
f 1256/550/1155 1257/550/1156 1255/552/1154
f 1255/552/1154 1258/552/1157 1256/550/1155
f 1255/552/1154 1257/550/1156 1228/542/1128
f 1258/552/1157 1255/552/1154 1250/550/1149
f 1250/550/1149 1259/550/1158 1258/552/1157
f 1246/543/1145 1260/543/1159 1259/550/1158
f 1259/550/1158 1250/550/1149 1246/543/1145
f 1237/544/1136 1236/544/1135 1260/543/1159
f 1260/543/1159 1246/543/1145 1237/544/1136
f 1228/542/1128 1257/550/1156 1230/543/1129
f 1257/550/1156 1256/550/1155 1261/543/1160
f 1261/543/1160 1230/543/1129 1257/550/1156
f 1230/543/1129 1261/543/1160 1234/544/1134
f 1228/542/1128 1225/538/1124 1254/539/1153
f 1254/539/1153 1224/539/1125 1262/538/1161
f 1262/538/1161 1251/538/1151 1254/539/1153
f 1224/539/1125 1254/539/1153 1225/538/1124
f 1251/538/1151 1262/538/1161 1263/537/1162
f 1247/537/1147 1263/537/1162 1264/540/1163
f 1263/537/1162 1247/537/1147 1251/538/1151
f 1264/540/1163 1248/540/1148 1247/537/1147
f 1227/540/1126 1265/540/1164 1223/537/1122
f 1267/553/1165 1266/553/1166 1270/554/1167
f 1266/553/1166 1267/553/1165 1268/555/1168
f 1268/555/1168 1269/555/1169 1266/553/1166
f 1272/554/1170 1270/554/1167 1271/553/1171
f 1270/554/1167 1272/554/1170 1267/553/1165
f 1274/556/1172 1267/553/1165 1272/554/1170
f 1275/557/1173 1272/554/1170 1273/553/1174
f 1271/553/1171 1273/553/1174 1272/554/1170
f 1272/554/1170 1275/557/1173 1274/556/1172
f 1277/558/1175 1276/559/1176 1275/557/1173
f 1274/556/1172 1275/557/1173 1276/559/1176
f 1273/553/1174 1278/556/1177 1275/557/1173
f 1275/557/1173 1278/556/1177 1277/558/1175
f 1277/558/1175 1278/556/1177 1279/560/1178
f 1279/560/1178 1278/556/1177 1273/553/1174
f 1281/561/1179 1279/560/1178 1280/555/1180
f 1273/553/1174 1280/555/1180 1279/560/1178
f 1279/560/1178 1282/562/1181 1277/558/1175
f 1282/562/1181 1279/560/1178 1281/561/1179
f 1283/558/1182 1277/558/1175 1282/562/1181
f 1282/562/1181 1285/562/1183 1283/558/1182
f 1281/561/1179 1284/563/1184 1282/562/1181
f 1285/562/1183 1282/562/1181 1284/563/1184
f 1284/563/1184 1286/563/1185 1285/562/1183
f 1286/563/1185 1284/563/1184 1288/564/1186
f 1288/564/1186 1287/564/1187 1286/563/1185
f 1290/561/1188 1289/563/1189 1288/564/1186
f 1287/564/1187 1288/564/1186 1289/563/1189
f 1291/565/1190 1288/564/1186 1284/563/1184
f 1288/564/1186 1291/565/1190 1290/561/1188
f 1293/566/1191 1292/567/1192 1291/565/1190
f 1290/561/1188 1291/565/1190 1292/567/1192
f 1284/563/1184 1281/561/1179 1291/565/1190
f 1291/565/1190 1281/561/1179 1293/566/1191
f 1280/555/1180 1293/566/1191 1281/561/1179
f 1295/566/1193 1293/566/1191 1280/555/1180
f 1293/566/1191 1295/566/1193 1294/567/1194
f 1294/567/1194 1292/567/1192 1293/566/1191
f 1280/555/1180 1296/555/1195 1295/566/1193
f 1273/553/1174 1271/553/1171 1296/555/1195
f 1296/555/1195 1280/555/1180 1273/553/1174
f 1292/567/1192 1294/567/1194 1297/566/1196
f 1297/566/1196 1298/566/1197 1292/567/1192
f 1298/566/1197 1297/566/1196 1269/555/1169
f 1298/566/1197 1268/555/1168 1299/560/1198
f 1299/560/1198 1290/561/1188 1298/566/1197
f 1292/567/1192 1298/566/1197 1290/561/1188
f 1269/555/1169 1268/555/1168 1298/566/1197
f 1289/563/1189 1290/561/1188 1299/560/1198
f 1299/560/1198 1300/562/1199 1289/563/1189
f 1274/556/1172 1299/560/1198 1268/555/1168
f 1300/562/1199 1299/560/1198 1274/556/1172
f 1301/563/1200 1289/563/1189 1300/562/1199
f 1300/562/1199 1303/562/1201 1301/563/1200
f 1274/556/1172 1302/558/1202 1300/562/1199
f 1303/562/1201 1300/562/1199 1302/558/1202
f 1302/558/1202 1304/558/1203 1303/562/1201
f 1276/559/1176 1305/559/1204 1304/558/1203
f 1304/558/1203 1302/558/1202 1276/559/1176
f 1305/559/1204 1276/559/1176 1277/558/1175
f 1277/558/1175 1283/558/1182 1305/559/1204
f 1276/559/1176 1302/558/1202 1274/556/1172
f 1289/563/1189 1301/563/1200 1287/564/1187
f 1268/555/1168 1267/553/1165 1274/556/1172
f 1310/507/1205 1306/507/1206 1307/509/1207
f 1309/508/1208 1308/508/1209 1306/507/1206
f 1306/507/1206 1310/507/1205 1309/508/1208
f 1309/508/1208 1310/507/1205 1311/511/1210
f 1311/511/1210 1310/507/1205 1312/509/1211
f 1307/509/1207 1312/509/1211 1310/507/1205
f 1312/509/1211 1307/509/1207 1315/521/1212
f 1314/510/1213 1312/509/1211 1313/521/1214
f 1315/521/1212 1313/521/1214 1312/509/1211
f 1312/509/1211 1314/510/1213 1311/511/1210
f 1313/521/1214 1315/521/1212 1316/520/1215
f 1316/520/1215 1317/520/1216 1313/521/1214
f 1317/520/1216 1316/520/1215 1318/521/1217
f 1318/521/1217 1320/521/1218 1317/520/1216
f 1320/521/1218 1318/521/1217 1319/509/1219
f 1321/519/1220 1317/520/1216 1320/521/1218
f 1320/521/1218 1323/518/1221 1321/519/1220
f 1319/509/1219 1322/509/1222 1320/521/1218
f 1323/518/1221 1320/521/1218 1322/509/1222
f 1321/519/1220 1323/518/1221 1326/516/1223
f 1322/509/1222 1324/510/1224 1323/518/1221
f 1323/518/1221 1324/510/1224 1325/515/1225
f 1325/515/1225 1326/516/1223 1323/518/1221
f 1326/516/1223 1328/517/1226 1321/519/1220
f 1327/516/1227 1326/516/1223 1325/515/1225
f 1326/516/1223 1327/516/1227 1329/517/1228
f 1329/517/1228 1328/517/1226 1326/516/1223
f 1328/517/1226 1329/517/1228 1330/516/1229
f 1332/516/1230 1330/516/1229 1331/515/1231
f 1330/516/1229 1332/516/1230 1328/517/1226
f 1332/516/1230 1333/515/1232 1314/510/1213
f 1331/515/1231 1333/515/1232 1332/516/1230
f 1328/517/1226 1332/516/1230 1334/518/1233
f 1314/510/1213 1334/518/1233 1332/516/1230
f 1317/520/1216 1321/519/1220 1334/518/1233
f 1334/518/1233 1313/521/1214 1317/520/1216
f 1313/521/1214 1334/518/1233 1314/510/1213
f 1334/518/1233 1321/519/1220 1328/517/1226
f 1333/515/1232 1331/515/1231 1336/514/1234
f 1333/515/1232 1335/514/1235 1311/511/1210
f 1311/511/1210 1314/510/1213 1333/515/1232
f 1336/514/1234 1335/514/1235 1333/515/1232
f 1335/514/1235 1336/514/1234 1337/513/1236
f 1339/513/1237 1337/513/1236 1338/514/1238
f 1337/513/1236 1339/513/1237 1335/514/1235
f 1340/512/1239 1339/513/1237 1341/514/1240
f 1339/513/1237 1340/512/1239 1311/511/1210
f 1338/514/1238 1341/514/1240 1339/513/1237
f 1311/511/1210 1335/514/1235 1339/513/1237
f 1341/514/1240 1338/514/1238 1343/515/1241
f 1341/514/1240 1325/515/1225 1324/510/1224
f 1343/515/1241 1325/515/1225 1341/514/1240
f 1341/514/1240 1342/511/1242 1340/512/1239
f 1324/510/1224 1342/511/1242 1341/514/1240
f 1325/515/1225 1343/515/1241 1327/516/1227
f 1340/512/1239 1342/511/1242 1344/507/1243
f 1344/507/1243 1342/511/1242 1324/510/1224
f 1324/510/1224 1322/509/1222 1344/507/1243
f 1345/507/1244 1344/507/1243 1322/509/1222
f 1344/507/1243 1345/507/1244 1308/508/1209
f 1308/508/1209 1309/508/1208 1344/507/1243
f 1344/507/1243 1309/508/1208 1340/512/1239
f 1322/509/1222 1319/509/1219 1345/507/1244
f 1311/511/1210 1340/512/1239 1309/508/1208
f 1349/523/1245 1346/523/1246 1347/524/1247
f 1350/522/1248 1348/522/1249 1346/523/1246
f 1346/523/1246 1349/523/1245 1350/522/1248
f 1350/522/1248 1349/523/1245 1352/525/1250
f 1351/526/1251 1350/522/1248 1353/527/1252
f 1348/522/1249 1350/522/1248 1351/526/1251
f 1352/525/1250 1353/527/1252 1350/522/1248
f 1353/527/1252 1355/532/1253 1351/526/1251
f 1354/533/1254 1355/532/1253 1353/527/1252
f 1353/527/1252 1356/531/1255 1354/533/1254
f 1356/531/1255 1353/527/1252 1352/525/1250
f 1357/533/1256 1354/533/1254 1356/531/1255
f 1356/531/1255 1359/531/1257 1357/533/1256
f 1352/525/1250 1358/529/1258 1356/531/1255
f 1359/531/1257 1356/531/1255 1358/529/1258
f 1358/529/1258 1360/529/1259 1359/531/1257
f 1362/528/1260 1361/528/1261 1360/529/1259
f 1360/529/1259 1358/529/1258 1362/528/1260
f 1362/528/1260 1358/529/1258 1352/525/1250
f 1352/525/1250 1363/530/1262 1362/528/1260
f 1364/529/1263 1362/528/1260 1363/530/1262
f 1361/528/1261 1362/528/1260 1364/529/1263
f 1364/529/1263 1365/529/1264 1361/528/1261
f 1365/529/1264 1364/529/1263 1367/531/1265
f 1366/527/1266 1367/531/1265 1364/529/1263
f 1364/529/1263 1368/525/1267 1366/527/1266
f 1363/530/1262 1368/525/1267 1364/529/1263
f 1369/523/1268 1368/525/1267 1363/530/1262
f 1366/527/1266 1368/525/1267 1369/523/1268
f 1369/523/1268 1372/523/1269 1370/522/1270
f 1370/522/1270 1373/522/1271 1369/523/1268
f 1363/530/1262 1371/524/1272 1369/523/1268
f 1372/523/1269 1369/523/1268 1371/524/1272
f 1369/523/1268 1373/522/1271 1366/527/1266
f 1373/522/1271 1370/522/1270 1376/526/1273
f 1373/522/1271 1374/526/1274 1375/532/1275
f 1376/526/1273 1374/526/1274 1373/522/1271
f 1375/532/1275 1366/527/1266 1373/522/1271
f 1374/526/1274 1376/526/1273 1377/536/1276
f 1379/536/1277 1377/536/1276 1378/526/1278
f 1377/536/1276 1379/536/1277 1374/526/1274
f 1378/526/1278 1351/526/1251 1379/536/1277
f 1379/536/1277 1351/526/1251 1355/532/1253
f 1355/532/1253 1380/534/1279 1379/536/1277
f 1374/526/1274 1379/536/1277 1380/534/1279
f 1382/535/1280 1380/534/1279 1355/532/1253
f 1380/534/1279 1382/535/1280 1381/533/1281
f 1381/533/1281 1375/532/1275 1380/534/1279
f 1380/534/1279 1375/532/1275 1374/526/1274
f 1355/532/1253 1354/533/1254 1382/535/1280
f 1383/535/1282 1382/535/1280 1354/533/1254
f 1382/535/1280 1383/535/1282 1384/533/1283
f 1384/533/1283 1381/533/1281 1382/535/1280
f 1381/533/1281 1384/533/1283 1385/531/1284
f 1367/531/1265 1385/531/1284 1365/529/1264
f 1385/531/1284 1367/531/1265 1381/533/1281
f 1354/533/1254 1357/533/1256 1383/535/1282
f 1375/532/1275 1381/533/1281 1367/531/1265
f 1351/526/1251 1378/526/1278 1348/522/1249
f 1367/531/1265 1366/527/1266 1375/532/1275
f 1371/524/1272 1347/524/1247 1372/523/1269
f 1352/525/1250 1349/523/1245 1371/524/1272
f 1347/524/1247 1371/524/1272 1349/523/1245
f 1371/524/1272 1363/530/1262 1352/525/1250
f 1390/537/1285 1387/537/1286 1386/538/1287
f 1389/538/1288 1386/538/1287 1388/539/1289
f 1386/538/1287 1389/538/1288 1390/537/1285
f 1387/537/1286 1390/537/1285 1393/540/1290
f 1390/537/1285 1389/538/1288 1391/542/1291
f 1391/542/1291 1392/541/1292 1390/537/1285
f 1393/540/1290 1390/537/1285 1392/541/1292
f 1393/540/1290 1394/540/1293 1387/537/1286
f 1392/541/1292 1395/545/1294 1393/540/1290
f 1396/546/1295 1398/547/1296 1395/545/1294
f 1395/545/1294 1400/544/1297 1396/546/1295
f 1399/548/1298 1397/549/1299 1395/545/1294
f 1395/545/1294 1398/547/1296 1399/548/1298
f 1400/544/1297 1395/545/1294 1392/541/1292
f 1401/546/1300 1396/546/1295 1400/544/1297
f 1400/544/1297 1403/544/1301 1401/546/1300
f 1392/541/1292 1402/543/1302 1400/544/1297
f 1403/544/1301 1400/544/1297 1402/543/1302
f 1402/543/1302 1404/543/1303 1403/544/1301
f 1406/550/1304 1405/550/1305 1404/543/1303
f 1404/543/1303 1402/543/1302 1406/550/1304
f 1405/550/1305 1406/550/1304 1407/552/1306
f 1407/552/1306 1406/550/1304 1391/542/1291
f 1391/542/1291 1406/550/1304 1402/543/1302
f 1407/552/1306 1410/552/1307 1405/550/1305
f 1409/550/1308 1407/552/1306 1408/551/1309
f 1391/542/1291 1408/551/1309 1407/552/1306
f 1410/552/1307 1407/552/1306 1409/550/1308
f 1409/550/1308 1411/550/1310 1410/552/1307
f 1413/543/1311 1412/543/1312 1411/550/1310
f 1411/550/1310 1409/550/1308 1413/543/1311
f 1414/541/1313 1413/543/1311 1409/550/1308
f 1412/543/1312 1413/543/1311 1416/544/1314
f 1413/543/1311 1414/541/1313 1415/545/1315
f 1415/545/1315 1416/544/1314 1413/543/1311
f 1398/547/1296 1396/546/1295 1416/544/1314
f 1417/544/1316 1416/544/1314 1396/546/1295
f 1416/544/1314 1417/544/1316 1412/543/1312
f 1416/544/1314 1415/545/1315 1398/547/1296
f 1396/546/1295 1401/546/1300 1417/544/1316
f 1398/547/1296 1415/545/1315 1418/549/1317
f 1419/537/1318 1420/540/1319 1415/545/1315
f 1415/545/1315 1414/541/1313 1419/537/1318
f 1421/540/1320 1420/540/1319 1419/537/1318
f 1419/537/1318 1422/537/1321 1421/540/1320
f 1424/538/1322 1423/538/1323 1422/537/1321
f 1422/537/1321 1419/537/1318 1424/538/1322
f 1408/551/1309 1425/539/1324 1424/538/1322
f 1424/538/1322 1426/542/1325 1408/551/1309
f 1423/538/1323 1424/538/1322 1425/539/1324
f 1424/538/1322 1419/537/1318 1414/541/1313
f 1414/541/1313 1426/542/1325 1424/538/1322
f 1408/551/1309 1426/542/1325 1409/550/1308
f 1409/550/1308 1426/542/1325 1414/541/1313
f 1425/539/1324 1388/539/1289 1423/538/1323
f 1388/539/1289 1425/539/1324 1389/538/1288
f 1425/539/1324 1408/551/1309 1391/542/1291
f 1391/542/1291 1389/538/1288 1425/539/1324
f 1418/549/1317 1399/548/1298 1398/547/1296
f 1418/549/1317 1428/549/1326 1427/548/1327
f 1427/548/1327 1399/548/1298 1418/549/1317
f 1399/548/1298 1427/548/1327 1429/549/1328
f 1429/549/1328 1397/549/1299 1399/548/1298
f 1402/543/1302 1392/541/1292 1391/542/1291
f 1434/555/1329 1431/555/1330 1430/553/1331
f 1433/553/1332 1430/553/1331 1432/554/1333
f 1430/553/1331 1433/553/1332 1434/555/1329
f 1434/555/1329 1433/553/1332 1435/556/1334
f 1435/556/1334 1436/560/1335 1434/555/1329
f 1437/566/1336 1434/555/1329 1436/560/1335
f 1431/555/1330 1434/555/1329 1437/566/1336
f 1438/566/1337 1437/566/1336 1440/567/1338
f 1437/566/1336 1438/566/1337 1431/555/1330
f 1440/567/1338 1437/566/1336 1439/561/1339
f 1436/560/1335 1439/561/1339 1437/566/1336
f 1440/567/1338 1442/567/1340 1438/566/1337
f 1441/566/1341 1440/567/1338 1443/565/1342
f 1442/567/1340 1440/567/1338 1441/566/1341
f 1439/561/1339 1443/565/1342 1440/567/1338
f 1444/564/1343 1443/565/1342 1439/561/1339
f 1443/565/1342 1444/564/1343 1445/563/1344
f 1443/565/1342 1446/561/1345 1441/566/1341
f 1445/563/1344 1446/561/1345 1443/565/1342
f 1446/561/1345 1445/563/1344 1449/562/1346
f 1447/555/1347 1441/566/1341 1446/561/1345
f 1446/561/1345 1448/560/1348 1447/555/1347
f 1449/562/1346 1448/560/1348 1446/561/1345
f 1449/562/1346 1452/562/1349 1450/558/1350
f 1450/558/1350 1451/558/1351 1449/562/1346
f 1448/560/1348 1449/562/1346 1451/558/1351
f 1452/562/1349 1449/562/1346 1445/563/1344
f 1445/563/1344 1453/563/1352 1452/562/1349
f 1453/563/1352 1445/563/1344 1444/564/1343
f 1444/564/1343 1454/564/1353 1453/563/1352
f 1456/563/1354 1455/563/1355 1454/564/1353
f 1454/564/1353 1444/564/1343 1456/563/1354
f 1455/563/1355 1456/563/1354 1457/562/1356
f 1439/561/1339 1456/563/1354 1444/564/1343
f 1456/563/1354 1439/561/1339 1436/560/1335
f 1436/560/1335 1457/562/1356 1456/563/1354
f 1457/562/1356 1459/562/1357 1455/563/1355
f 1435/556/1334 1458/558/1358 1457/562/1356
f 1459/562/1357 1457/562/1356 1458/558/1358
f 1457/562/1356 1436/560/1335 1435/556/1334
f 1458/558/1358 1460/558/1359 1459/562/1357
f 1462/559/1360 1461/559/1361 1460/558/1359
f 1460/558/1359 1458/558/1358 1462/559/1360
f 1461/559/1361 1462/559/1360 1451/558/1351
f 1462/559/1360 1458/558/1358 1435/556/1334
f 1435/556/1334 1463/557/1362 1462/559/1360
f 1451/558/1351 1462/559/1360 1463/557/1362
f 1463/557/1362 1466/554/1363 1464/553/1364
f 1464/553/1364 1465/556/1365 1463/557/1362
f 1463/557/1362 1465/556/1365 1451/558/1351
f 1466/554/1363 1463/557/1362 1435/556/1334
f 1435/556/1334 1433/553/1332 1466/554/1363
f 1432/554/1333 1466/554/1363 1433/553/1332
f 1467/553/1366 1464/553/1364 1466/554/1363
f 1466/554/1363 1432/554/1333 1467/553/1366
f 1464/553/1364 1467/553/1366 1468/555/1367
f 1447/555/1347 1468/555/1367 1469/566/1368
f 1468/555/1367 1447/555/1347 1464/553/1364
f 1441/566/1341 1469/566/1368 1442/567/1340
f 1469/566/1368 1441/566/1341 1447/555/1347
f 1451/558/1351 1465/556/1365 1448/560/1348
f 1448/560/1348 1465/556/1365 1464/553/1364
f 1464/553/1364 1447/555/1347 1448/560/1348
f 1451/558/1351 1450/558/1350 1461/559/1361
o blade
v -32.466389 -4.967739 0.552662
v -32.451363 -4.682237 0.149953
v -38.579144 -4.754364 0.552662
v -32.451363 -4.682237 0.955371
v -38.570129 -4.468863 1.343053
v -47.174267 -4.333625 1.316005
v -47.186291 -4.619127 0.552662
v -61.599651 -4.039108 1.273931
v -79.733559 -3.576295 1.222841
v -61.617683 -4.321605 0.552662
v -79.754593 -3.861797 0.552662
v -61.599651 -4.039108 -0.168607
v -47.174267 -4.333625 -0.210681
v -38.570129 -4.468863 -0.237729
v -79.733559 -3.576295 -0.117517
v -98.883255 -3.546243 0.552662
v -98.859207 -3.263747 -0.060417
v -114.150116 -3.489144 0.552662
v -114.120071 -3.203642 -0.015337
v -131.421509 -3.290796 0.032747
v -131.451569 -3.570288 0.552662
v -150.348816 -3.765633 0.552662
v -150.315735 -3.486141 1.015476
v -131.421509 -3.290796 1.072577
v -114.120071 -3.203642 1.120661
v -98.859207 -3.263747 1.165741
v -165.552567 -3.804703 0.970397
v -165.591614 -4.087201 0.552662
v -178.559448 -4.180365 0.934334
v -178.601532 -4.462862 0.552662
v -193.742157 -4.838524 0.889254
v -204.894791 -5.268281 0.859201
v -193.784241 -5.118016 0.552662
v -204.939865 -5.550778 0.552662
v -193.742157 -4.838524 0.216070
v -178.559448 -4.180365 0.170990
v -165.552567 -3.804703 0.134927
v -150.315735 -3.486141 0.089848
v -204.894791 -5.268281 0.246123
v -213.886612 -5.884366 0.552662
v -213.838531 -5.604875 0.273170
v -222.818298 -6.296091 0.552662
v -222.764221 -6.016600 0.297212
v -226.944580 -6.154843 0.309234
v -226.995667 -6.437340 0.552662
v -231.515625 -6.626674 0.552662
v -228.988174 -6.245002 0.369339
v -228.988174 -6.245002 0.735985
v -226.944580 -6.154843 0.796090
v -222.764221 -6.016600 0.808112
v -213.838531 -5.604875 0.832154
v -32.063679 5.779171 0.552661
v -32.201923 2.034581 -0.078448
v -32.328148 -1.334346 0.552662
v -32.201923 2.034581 1.183772
v -32.316124 -1.048844 1.361084
v -38.416859 -0.904591 1.343053
v -38.296646 2.091681 1.168746
v -46.861717 2.241945 1.150714
v -47.002968 -0.772359 1.316005
v -61.461407 2.443298 1.117656
v -79.285767 2.764863 1.075582
v -61.428349 -0.507894 1.273931
v -61.599651 -4.039108 1.273931
v -79.733559 -3.576295 1.222841
v -79.411995 -0.045081 1.222841
v -98.609772 0.105181 1.165741
v -98.495567 2.861031 1.030503
v -98.859207 -3.263747 1.165741
v -114.120071 -3.203642 1.120661
v -131.421509 -3.290796 1.072577
v -113.933731 0.063106 1.120661
v -131.322327 -0.081149 1.069572
v -113.774452 2.782892 0.997445
v -131.139008 2.596563 0.955371
v -149.964142 2.016541 0.913297
v -150.144440 -0.534949 1.015476
v -165.309128 1.514657 0.880238
v -165.444366 -0.949680 0.970397
v -178.304001 1.057852 0.850185
v -193.447647 0.276476 0.814122
v -178.436218 -1.451564 0.934334
v -193.636978 -2.136770 0.889254
v -178.559448 -4.180365 0.934334
v -193.742157 -4.838524 0.889254
v -204.894791 -5.268281 0.859201
v -204.777573 -2.632644 0.856196
v -213.838531 -5.604875 0.832154
v -213.706299 -2.969237 0.832154
v -222.764221 -6.016600 0.808112
v -226.190262 -5.304347 0.796090
v -224.098572 -3.666464 0.802101
v -222.526810 -3.140539 0.805106
v -223.326202 -3.305830 0.805106
v -224.669571 -4.033110 0.802101
v -225.703400 -4.817490 0.799096
v -226.601990 -5.812240 0.796090
v -225.207520 -4.423797 0.799096
v -226.944580 -6.154843 0.796090
v -228.988174 -6.245002 0.735985
v -228.549408 -5.622907 0.738990
v -227.963379 -4.784431 0.738990
v -227.293182 -3.997046 0.738990
v -226.574936 -3.284793 0.741995
v -225.763489 -2.608603 0.741995
v -224.825851 -1.977493 0.745000
v -223.710907 -1.418509 0.748006
v -222.442657 -1.139017 0.751011
v -213.559021 -0.799419 0.769043
v -204.627304 -0.354636 0.790080
v -165.552567 -3.804703 0.970397
v -150.315735 -3.486141 1.015476
v -47.174267 -4.333625 1.316005
v -38.570129 -4.468863 1.343053
v -32.451363 -4.682237 0.955371
v -32.466389 -4.967739 0.552662
v -32.451363 -4.682237 0.149953
v -32.316124 -1.048844 -0.255760
v -38.570129 -4.468863 -0.237729
v -38.416859 -0.904591 -0.237729
v -38.296646 2.091681 -0.063422
v -47.002968 -0.772359 -0.210681
v -46.861717 2.241945 -0.045390
v -61.428349 -0.507894 -0.168607
v -61.461407 2.443298 -0.012332
v -79.285767 2.767868 0.029742
v -79.411995 -0.045081 -0.117517
v -61.599651 -4.039108 -0.168607
v -98.609772 0.105181 -0.060417
v -79.733559 -3.576295 -0.117517
v -98.859207 -3.263747 -0.060417
v -113.933731 0.063106 -0.015337
v -114.120071 -3.203642 -0.015337
v -131.421509 -3.290796 0.032747
v -131.322327 -0.081149 0.035752
v -150.144440 -0.537954 0.089848
v -113.774452 2.782892 0.107879
v -131.139008 2.596563 0.149953
v -149.964142 2.019546 0.192027
v -165.444366 -0.949680 0.134927
v -165.309128 1.514657 0.225086
v -178.436218 -1.451564 0.170990
v -178.304001 1.057852 0.255139
v -193.636978 -2.136770 0.216070
v -193.447647 0.276476 0.291202
v -204.627304 -0.354636 0.315244
v -204.777573 -2.632644 0.249128
v -193.742157 -4.838524 0.216070
v -204.894791 -5.268281 0.246123
v -213.706299 -2.969237 0.273170
v -222.526810 -3.140539 0.300218
v -213.559021 -0.799419 0.336281
v -213.838531 -5.604875 0.273170
v -222.764221 -6.016600 0.297212
v -223.326202 -3.305830 0.300218
v -224.098572 -3.666464 0.303223
v -224.669571 -4.033110 0.303223
v -225.703400 -4.817490 0.306228
v -226.601990 -5.812240 0.309234
v -225.207520 -4.423797 0.306228
v -226.944580 -6.154843 0.309234
v -226.190262 -5.304347 0.309234
v -227.293182 -3.997046 0.366334
v -227.963379 -4.784431 0.366334
v -228.549408 -5.622907 0.366334
v -228.988174 -6.245002 0.369339
v -226.574936 -3.284793 0.363329
v -225.763489 -2.608603 0.363329
v -224.825851 -1.977493 0.360324
v -223.710907 -1.418509 0.357318
v -222.442657 -1.139017 0.354313
v -178.559448 -4.180365 0.170990
v -165.552567 -3.804703 0.134927
v -150.315735 -3.486141 0.089848
v -98.495567 2.870046 0.074821
v -47.174267 -4.333625 -0.210681
v -32.063679 5.779171 0.552661
v -32.201923 2.034581 -0.078448
v -38.296646 2.091681 -0.063422
v -38.146381 5.728080 0.552661
v -46.690418 5.887359 0.552661
v -38.296646 2.091681 -0.063422
v -38.146381 5.728080 0.552661
v -46.861717 2.241945 -0.045390
v -61.503483 6.022596 0.552661
v -61.461407 2.443298 -0.012332
v -46.861717 2.241945 -0.045390
v -46.690418 5.887359 0.552661
v -79.135506 6.169854 0.552661
v -79.285767 2.767868 0.029742
v -61.461407 2.443298 -0.012332
v -61.503483 6.022596 0.552661
v -98.354324 6.139800 0.552661
v -98.495567 2.870046 0.074821
v -79.285767 2.767868 0.029742
v -79.135506 6.169854 0.552661
v -113.588135 6.076687 0.552661
v -113.774452 2.782892 0.107879
v -98.495567 2.870046 0.074821
v -98.354324 6.139800 0.552661
v -130.913620 5.848284 0.552661
v -131.139008 2.596563 0.149953
v -113.774452 2.782892 0.107879
v -113.588135 6.076687 0.552661
v -149.753754 5.301321 0.552661
v -149.964142 2.019546 0.192027
v -131.139008 2.596563 0.149953
v -130.913620 5.848284 0.552661
v -165.122803 4.709278 0.552662
v -165.309128 1.514657 0.225086
v -149.964142 2.019546 0.192027
v -149.753754 5.301321 0.552661
v -178.102631 4.060135 0.552662
v -178.304001 1.057852 0.255139
v -165.309128 1.514657 0.225086
v -165.122803 4.709278 0.552662
v -193.213226 3.206632 0.552662
v -193.447647 0.276476 0.291202
v -178.304001 1.057852 0.255139
v -178.102631 4.060135 0.552662
v -204.450012 2.404219 0.552662
v -193.447647 0.276476 0.291202
v -204.627304 -0.354636 0.315244
v -193.213226 3.206632 0.552662
v -213.378708 1.836219 0.552662
v -213.559021 -0.799419 0.336281
v -204.627304 -0.354636 0.315244
v -204.450012 2.404219 0.552662
v -222.334473 1.289255 0.552662
v -222.442657 -1.139017 0.354313
v -213.559021 -0.799419 0.336281
v -213.378708 1.836219 0.552662
v -224.173706 0.871520 0.552662
v -223.710907 -1.418509 0.357318
v -222.442657 -1.139017 0.354313
v -222.334473 1.289255 0.552662
v -225.709396 0.072114 0.552662
v -224.825851 -1.977493 0.360324
v -223.710907 -1.418509 0.357318
v -224.173706 0.871520 0.552662
v -227.079819 -0.883568 0.552662
v -225.763489 -2.608603 0.363329
v -224.825851 -1.977493 0.360324
v -225.709396 0.072114 0.552662
v -228.227844 -1.908371 0.552662
v -226.574936 -3.284793 0.363329
v -225.763489 -2.608603 0.363329
v -227.079819 -0.883568 0.552662
v -229.216583 -2.999290 0.552662
v -227.293182 -3.997046 0.366334
v -226.574936 -3.284793 0.363329
v -228.227844 -1.908371 0.552662
v -230.112152 -4.144306 0.552662
v -229.216583 -2.999290 0.552662
v -227.293182 -3.997046 0.366334
v -227.963379 -4.784431 0.366334
v -231.515625 -6.626674 0.552662
v -228.988174 -6.245002 0.369339
v -228.549408 -5.622907 0.366334
v -230.908569 -5.385489 0.552662
v -230.908569 -5.385489 0.552662
v -228.549408 -5.622907 0.366334
v -227.963379 -4.784431 0.366334
v -230.112152 -4.144306 0.552662
v -38.296646 2.091681 1.168746
v -38.146381 5.728080 0.552661
v -46.861717 2.241945 1.150714
v -46.690418 5.887359 0.552661
v -32.201923 2.034581 1.183772
v -38.146381 5.728080 0.552661
v -32.063679 5.779171 0.552661
v -38.296646 2.091681 1.168746
v -61.461407 2.443298 1.117656
v -61.503483 6.022596 0.552661
v -46.690418 5.887359 0.552661
v -46.861717 2.241945 1.150714
v -79.285767 2.764863 1.075582
v -79.135506 6.169854 0.552661
v -61.503483 6.022596 0.552661
v -61.461407 2.443298 1.117656
v -98.495567 2.861031 1.030503
v -79.135506 6.169854 0.552661
v -98.354324 6.139800 0.552661
v -79.285767 2.764863 1.075582
v -113.774452 2.782892 0.997445
v -113.588135 6.076687 0.552661
v -98.354324 6.139800 0.552661
v -98.495567 2.861031 1.030503
v -131.139008 2.596563 0.955371
v -113.774452 2.782892 0.997445
v -130.913620 5.848284 0.552661
v -113.588135 6.076687 0.552661
v -149.964142 2.016541 0.913297
v -149.753754 5.301321 0.552661
v -130.913620 5.848284 0.552661
v -131.139008 2.596563 0.955371
v -165.309128 1.514657 0.880238
v -165.122803 4.709278 0.552662
v -149.753754 5.301321 0.552661
v -149.964142 2.016541 0.913297
v -178.304001 1.057852 0.850185
v -178.102631 4.060135 0.552662
v -165.122803 4.709278 0.552662
v -165.309128 1.514657 0.880238
v -193.447647 0.276476 0.814122
v -193.213226 3.206632 0.552662
v -178.102631 4.060135 0.552662
v -178.304001 1.057852 0.850185
v -204.627304 -0.354636 0.790080
v -204.450012 2.404219 0.552662
v -193.213226 3.206632 0.552662
v -193.447647 0.276476 0.814122
v -213.559021 -0.799419 0.769043
v -213.378708 1.836219 0.552662
v -204.450012 2.404219 0.552662
v -204.627304 -0.354636 0.790080
v -222.442657 -1.139017 0.751011
v -222.334473 1.289255 0.552662
v -213.378708 1.836219 0.552662
v -213.559021 -0.799419 0.769043
v -223.710907 -1.418509 0.748006
v -224.173706 0.871520 0.552662
v -222.442657 -1.139017 0.751011
v -222.334473 1.289255 0.552662
v -224.825851 -1.977493 0.745000
v -225.709396 0.072114 0.552662
v -224.173706 0.871520 0.552662
v -223.710907 -1.418509 0.748006
v -225.763489 -2.608603 0.741995
v -227.079819 -0.883568 0.552662
v -225.709396 0.072114 0.552662
v -224.825851 -1.977493 0.745000
v -226.574936 -3.284793 0.741995
v -228.227844 -1.908371 0.552662
v -227.079819 -0.883568 0.552662
v -225.763489 -2.608603 0.741995
v -227.293182 -3.997046 0.738990
v -226.574936 -3.284793 0.741995
v -229.216583 -2.999290 0.552662
v -228.227844 -1.908371 0.552662
v -227.963379 -4.784431 0.738990
v -227.293182 -3.997046 0.738990
v -230.112152 -4.144306 0.552662
v -229.216583 -2.999290 0.552662
v -228.549408 -5.622907 0.738990
v -230.908569 -5.385489 0.552662
v -230.112152 -4.144306 0.552662
v -227.963379 -4.784431 0.738990
v -228.988174 -6.245002 0.735985
v -231.515625 -6.626674 0.552662
v -228.549408 -5.622907 0.738990
v -230.908569 -5.385489 0.552662
v -0.421005 -4.601092 -2.693049
v -0.096436 1.157040 -2.693049
v 0.062851 4.033101 0.552662
v -0.583290 -7.480157 0.552662
v 31.423027 -6.945214 0.552662
v 31.942947 -1.184077 0.552662
v -31.044889 -3.414006 0.552662
v -31.005819 2.788909 0.552662
v 30.647667 -6.876093 -2.693049
v 20.081078 -5.968496 -2.693049
v 19.879715 -8.805488 0.552663
v 30.392220 -9.755159 0.552663
v 31.158562 -1.123972 -2.693049
v 20.486786 -0.294513 -2.693049
v 31.417015 1.755095 0.552662
v 20.688141 2.542479 0.552662
v -20.469280 -3.762619 -2.693049
v -30.422792 -3.432037 -2.693049
v -30.446835 -6.533494 0.552662
v -20.568455 -6.791948 0.552662
v -20.264923 2.287026 -2.693049
v -30.371704 2.758856 -2.693049
v -20.165745 5.310346 0.552661
v -30.347662 5.857308 0.552661
v 10.061440 -5.205154 -2.693049
v -0.258717 -1.722026 -2.693049
v -10.792252 -4.129262 -2.693049
v -0.541214 -6.758889 -1.881621
v 10.395031 0.450798 -2.693049
v 0.020771 3.314836 -1.881621
v -10.491722 1.779134 -2.693049
v 10.563328 3.281779 0.552662
v -10.338451 4.736336 0.552662
v 9.896149 -8.036136 0.552662
v -10.945522 -7.083461 0.552662
v 31.684486 -4.063143 0.552662
v 31.227684 -6.930188 -1.881621
v 31.032341 -9.087985 0.552663
v 31.942947 0.991751 0.552662
v 31.747597 -1.169051 -1.881621
v -30.891619 -3.420016 -1.881621
v -31.026855 -0.312548 0.552662
v -30.909651 -5.746109 0.552662
v -30.849545 2.779893 -1.881621
v -30.831512 5.105986 0.552662
v 30.452309 -9.033889 -1.881620
v 30.903114 -4.000032 -2.693049
v 20.282433 -3.131505 -2.693049
v 19.930801 -8.099245 -1.881620
v 31.350906 1.033825 -1.881621
v 20.640053 1.830226 -1.881621
v -20.541409 -6.034616 -1.881621
v -20.370106 -0.736293 -2.693049
v -27.621866 -3.525201 -2.693049
v -30.398752 -0.336591 -2.693049
v -30.440826 -5.758130 -1.881621
v -27.666943 -6.602616 0.552662
v -20.189789 4.553014 -1.881621
v -27.528700 2.626623 -2.693049
v -30.350666 5.081944 -1.881622
v -27.480619 5.704039 0.552661
v 30.936165 -8.516980 -1.250510
v 31.489151 -4.048117 -1.881621
v 9.938221 -7.329892 -1.881621
v 10.232735 -2.377178 -2.693049
v -10.909458 -6.347165 -1.881621
v -10.638981 -1.175064 -2.693049
v -30.783428 -5.145051 -1.250511
v -30.870581 -0.321564 -1.881621
v 31.813713 0.441784 -1.250511
v 10.518242 2.575536 -1.881621
v -10.374519 3.997036 -1.881621
v -30.711300 4.498918 -1.250511
v -27.657928 -5.836267 -1.881621
v -27.576786 -0.450791 -2.693049
v -27.492640 4.934685 -1.881622
v 27.618332 -6.569554 -2.431589
v 27.389931 -9.226228 0.630800
v 28.099182 -0.934639 -2.431589
v 28.327583 1.719031 0.630799
v 27.447029 -8.589108 -1.716329
v 27.855751 -3.750593 -2.422573
v 28.270477 1.087920 -1.716330
v 28.354630 -0.949665 -2.431589
v 28.531944 1.066883 -1.716330
v 28.114197 -3.771630 -2.422573
v 28.589035 1.700999 0.630799
v 27.873787 -6.593596 -2.431589
v 27.702477 -8.610145 -1.716329
v 27.642372 -9.247266 0.630800
v 28.775375 1.226164 -1.881621
v 28.595055 -0.925623 -2.693049
v 28.835472 1.944427 0.552662
v 28.348618 -3.792667 -2.693049
v 28.108192 -6.659712 -2.693049
v 27.924873 -8.808494 -1.881620
v 27.861763 -9.529762 0.552663
v 28.081146 1.277253 -1.881621
v 27.900833 -0.868522 -2.693049
v 28.141251 1.995517 0.552662
v 27.663414 -3.735567 -2.693049
v 27.422981 -6.599607 -2.693049
v 27.239662 -8.748387 -1.881620
v 27.182571 -9.466651 0.552663
v -0.421005 -4.601091 3.798373
v -0.096436 1.157040 3.798373
v 30.647667 -6.876092 3.798373
v 20.081078 -5.968495 3.798373
v 31.158562 -1.123972 3.798373
v 20.486786 -0.294513 3.798373
v -20.469280 -3.762619 3.798373
v -30.422792 -3.432037 3.798373
v -20.264923 2.287026 3.798373
v -30.371704 2.758856 3.798373
v 10.061440 -5.205153 3.798373
v -0.258717 -1.722026 3.798373
v -10.792252 -4.129261 3.798373
v -0.541214 -6.758889 2.986945
v 10.395031 0.450798 3.798373
v 0.020771 3.314836 2.986945
v -10.491722 1.779134 3.798373
v 31.227684 -6.930188 2.986945
v 31.747597 -1.169051 2.986945
v -30.891619 -3.420016 2.986945
v -30.849545 2.779893 2.986945
v 30.452309 -9.033889 2.986946
v 30.903114 -4.000031 3.798373
v 20.282433 -3.131505 3.798373
v 19.930801 -8.099245 2.986946
v 31.350906 1.033825 2.986945
v 20.640053 1.830226 2.986945
v -20.541409 -6.034616 2.986945
v -20.370106 -0.736293 3.798373
v -27.621866 -3.525201 3.798373
v -30.398752 -0.336591 3.798373
v -30.440826 -5.758130 2.986945
v -20.189789 4.553014 2.986945
v -27.528700 2.626623 3.798373
v -30.350666 5.081944 2.986944
v 30.936165 -8.516980 2.355835
v 31.489151 -4.048117 2.986945
v 9.938221 -7.329892 2.986945
v 10.232735 -2.377178 3.798373
v -10.909458 -6.347165 2.986945
v -10.638981 -1.175064 3.798373
v -30.783428 -5.145051 2.355835
v -30.870581 -0.321564 2.986945
v 31.813713 0.441784 2.355835
v 10.518242 2.575536 2.986945
v -10.374519 3.997036 2.986945
v -30.711300 4.498918 2.355834
v -27.657928 -5.836267 2.986945
v -27.576786 -0.450791 3.798373
v -27.492640 4.934685 2.986944
v 27.618332 -6.569554 3.536913
v 27.389931 -9.226228 0.474526
v 28.099182 -0.934639 3.536913
v 28.327583 1.719031 0.474525
v 27.447029 -8.589108 2.821655
v 27.855751 -3.750593 3.527897
v 28.270477 1.087920 2.821654
v 28.354630 -0.949665 3.536913
v 28.531944 1.066883 2.821654
v 28.114197 -3.771630 3.527897
v 28.589035 1.700999 0.474525
v 27.873787 -6.593596 3.536913
v 27.702477 -8.610145 2.821655
v 27.642372 -9.247266 0.474526
v 28.775375 1.226164 2.986945
v 28.595055 -0.925623 3.798373
v 28.348618 -3.792667 3.798373
v 28.108192 -6.659711 3.798373
v 27.924873 -8.808494 2.986946
v 28.081146 1.277253 2.986945
v 27.900833 -0.868522 3.798373
v 27.663414 -3.735567 3.798373
v 27.422981 -6.599607 3.798373
v 27.239662 -8.748387 2.986946
v -30.942709 -0.402707 0.552662
v -31.059914 -3.627381 -3.483438
v -30.942709 -0.393691 -3.504477
v -30.822498 2.824972 -3.483439
v -31.162096 -6.323124 -2.389515
v -31.198158 -7.347927 0.552662
v -30.723322 5.514705 -2.389516
v -30.684254 6.542513 0.552661
v -30.942709 -0.393691 4.609801
v -31.059914 -3.627381 4.588763
v -30.822498 2.824972 4.588763
v -31.162096 -6.323124 3.494839
v -30.723322 5.514705 3.494838
v -30.311598 -0.423744 0.552662
v -30.431807 -3.651423 -3.483438
v -30.530983 -6.344161 -2.389515
v -30.567049 -7.371970 0.552662
v -30.311598 -0.414728 -3.504477
v -30.191387 2.800930 -3.483439
v -30.092213 5.493668 -2.389516
v -30.053143 6.518472 0.552661
v -30.530983 -6.344161 3.494839
v -30.431807 -3.651423 4.588763
v -30.311598 -0.414728 4.609801
v -30.191387 2.800930 4.588763
v -30.092213 5.493668 3.494838
v -31.059914 -3.627381 -3.483438
v -30.431807 -3.651423 -3.483438
v -30.942709 -0.393691 -3.504477
v -31.162096 -6.323124 -2.389515
v -30.530983 -6.344161 -2.389515
v -30.311598 -0.414728 -3.504477
v -30.191387 2.800930 -3.483439
v -30.822498 2.824972 -3.483439
v -30.723322 5.514705 -2.389516
v -30.092213 5.493668 -2.389516
v -30.053143 6.518472 0.552661
v -30.684254 6.542513 0.552661
v -30.723322 5.514705 3.494838
v -30.092213 5.493668 3.494838
v -30.822498 2.824972 4.588763
v -30.191387 2.800930 4.588763
v -30.942709 -0.393691 4.609801
v -30.311598 -0.414728 4.609801
v -30.431807 -3.651423 4.588763
v -31.162096 -6.323124 3.494839
v -30.530983 -6.344161 3.494839
v -31.059914 -3.627381 4.588763
v -30.567049 -7.371970 0.552662
v -31.198158 -7.347927 0.552662
v -30.458860 13.352497 0.552661
v -30.452848 13.463692 -2.656986
v -30.723322 6.272038 0.552661
v -30.452848 13.463692 3.762308
v -30.720318 6.257010 3.762308
v -30.954729 0.006012 0.552662
v -30.954729 0.006012 3.762309
v -30.741354 5.740101 4.525652
v -30.470882 13.054974 5.733778
v -30.777416 4.793437 5.042562
v -30.795450 4.225437 5.784867
v -30.512953 11.882912 7.756336
v -30.561035 10.680796 9.021562
v -30.621143 9.036904 9.718789
v -30.810474 3.918897 6.479089
v -30.822498 3.573289 7.224401
v -30.666224 7.792714 11.320608
v -30.732338 6.052652 12.207168
v -30.846540 2.897099 7.624104
v -30.876593 2.097692 7.615089
v -30.771408 4.985775 12.510702
v -30.810474 3.918898 12.817243
v -30.906643 1.289271 7.588041
v -30.930689 0.646139 7.813438
v -30.879599 1.962456 12.958491
v -30.954729 0.006013 12.958491
v -31.026855 -1.947424 12.958491
v -30.954729 0.006013 8.516675
v -30.975765 -0.634113 7.813438
v -30.999809 -1.274240 7.588041
v -31.098984 -3.903866 12.817243
v -31.029861 -2.079658 7.615089
v -31.138052 -4.970744 12.510702
v -31.059914 -2.888079 7.624104
v -31.177120 -6.037621 12.207168
v -31.243238 -7.777683 11.320610
v -31.083958 -3.558259 7.224402
v -31.288317 -9.021871 9.718791
v -31.351427 -10.668769 9.021564
v -31.111004 -4.216417 5.784868
v -31.098984 -3.903867 6.479090
v -31.132042 -4.775401 5.042562
v -31.393501 -11.870885 7.756338
v -31.165098 -5.731082 4.525653
v -31.186134 -6.244987 3.762309
v -31.438580 -13.045954 5.733780
v -31.450600 -13.448662 3.762310
v -31.186134 -6.257008 0.552662
v -31.447594 -13.337467 0.552663
v -31.450600 -13.448662 -2.656984
v -31.186134 -6.244987 -2.656985
v -31.165098 -5.731083 -3.420329
v -30.954729 0.006012 -2.656985
v -30.720318 6.257010 -2.656986
v -30.741354 5.740100 -3.420330
v -30.470882 13.054974 -4.628456
v -30.512953 11.882910 -6.651014
v -30.561035 10.680794 -7.916240
v -30.777416 4.793436 -3.937239
v -30.795450 4.225436 -4.679544
v -30.621143 9.036902 -8.613467
v -30.810474 3.918896 -5.373766
v -30.822498 3.573288 -6.119079
v -30.846540 2.897099 -6.518780
v -30.666224 7.792712 -10.215286
v -30.732338 6.052650 -11.101844
v -30.771408 4.985773 -11.405378
v -30.810474 3.918896 -11.711919
v -30.876593 2.097692 -6.509765
v -30.906643 1.289270 -6.482717
v -30.930689 0.646137 -6.708114
v -30.879599 1.962454 -11.853168
v -30.954729 0.006011 -11.853168
v -30.954729 0.006011 -7.411351
v -30.975765 -0.634115 -6.708114
v -31.026855 -1.947426 -11.853168
v -31.098984 -3.903868 -11.711919
v -30.999809 -1.274240 -6.482717
v -31.029861 -2.079659 -6.509765
v -31.059914 -2.888080 -6.518780
v -31.138052 -4.970746 -11.405378
v -31.177120 -6.037623 -11.101844
v -31.243238 -7.777685 -10.215284
v -31.083958 -3.558259 -6.119078
v -31.098984 -3.903867 -5.373765
v -31.351427 -10.668771 -7.916238
v -31.111004 -4.216418 -4.679543
v -31.288317 -9.021873 -8.613465
v -31.393501 -11.870887 -6.651012
v -31.132042 -4.775402 -3.937238
v -31.438580 -13.045954 -4.628454
v -30.452848 13.463692 -2.656986
v -30.458860 13.352497 0.552661
v -32.418304 13.424623 0.552661
v -32.412296 13.535817 -2.656986
v -30.470882 13.054974 -4.628456
v -32.427322 13.130103 -4.628456
v -30.512953 11.882910 -6.651014
v -32.472397 11.955036 -6.651014
v -30.561035 10.680794 -7.916240
v -32.514473 10.752921 -7.916240
v -30.621143 9.036902 -8.613467
v -32.577583 9.109028 -8.613467
v -30.666224 7.792712 -10.215286
v -32.622665 7.864839 -10.215286
v -30.732338 6.052650 -11.101844
v -32.685776 6.121772 -11.101844
v -30.771408 4.985773 -11.405378
v -30.810474 3.918896 -11.711919
v -32.727852 5.054895 -11.405378
v -32.769924 3.991023 -11.711919
v -30.879599 1.962454 -11.853168
v -32.839043 2.034580 -11.853168
v -30.954729 0.006011 -11.853168
v -32.911171 0.081143 -11.853168
v -31.026855 -1.947426 -11.853168
v -32.986305 -1.878305 -11.853168
v -31.098984 -3.903868 -11.711919
v -33.055428 -3.831742 -11.711919
v -31.138052 -4.970746 -11.405378
v -33.094498 -4.898619 -11.405378
v -33.136570 -5.965496 -11.101844
v -31.177120 -6.037623 -11.101844
v -31.243238 -7.777685 -10.215284
v -33.202682 -7.705558 -10.215284
v -31.288317 -9.021873 -8.613465
v -31.351427 -10.668771 -7.916238
v -33.244759 -8.949748 -8.613465
v -33.307869 -10.593639 -7.916238
v -33.352951 -11.798760 -6.651012
v -31.393501 -11.870887 -6.651012
v -31.438580 -13.045954 -4.628454
v -33.395020 -12.970822 -4.628454
v -31.450600 -13.448662 -2.656984
v -31.447594 -13.337467 0.552663
v -33.410049 -13.376535 -2.656984
v -33.404037 -13.265340 0.552663
v -33.410049 -13.376535 3.762310
v -31.450600 -13.448662 3.762310
v -31.438580 -13.045954 5.733780
v -33.395020 -12.970822 5.733780
v -31.393501 -11.870885 7.756338
v -31.351427 -10.668769 9.021564
v -33.352951 -11.798759 7.756338
v -33.307869 -10.593637 9.021564
v -33.244759 -8.949746 9.718791
v -31.288317 -9.021871 9.718791
v -31.243238 -7.777683 11.320610
v -33.202682 -7.705556 11.320610
v -31.177120 -6.037621 12.207168
v -31.138052 -4.970744 12.510702
v -33.136570 -5.965494 12.207168
v -33.094498 -4.898617 12.510702
v -31.098984 -3.903866 12.817243
v -33.055428 -3.831740 12.817243
v -32.986305 -1.878303 12.958491
v -31.026855 -1.947424 12.958491
v -30.954729 0.006013 12.958491
v -30.879599 1.962456 12.958491
v -32.911171 0.081145 12.958491
v -32.839043 2.034582 12.958491
v -32.769924 3.991025 12.817243
v -30.810474 3.918898 12.817243
v -30.771408 4.985775 12.510702
v -32.727852 5.054897 12.510702
v -30.732338 6.052652 12.207168
v -30.666224 7.792714 11.320608
v -32.685776 6.121774 12.207168
v -32.622665 7.864841 11.320608
v -32.577583 9.109030 9.718789
v -30.621143 9.036904 9.718789
v -30.561035 10.680796 9.021562
v -30.512953 11.882912 7.756336
v -32.514473 10.752923 9.021562
v -32.472397 11.955038 7.756336
v -30.470882 13.054974 5.733778
v -32.427322 13.130103 5.733778
v -32.412296 13.535817 3.762308
v -30.452848 13.463692 3.762308
v -30.720318 6.257010 -2.656986
v -30.741354 5.740100 -3.420330
v -32.700802 5.815234 -3.420330
v -32.679764 6.332142 -2.656986
v -32.911171 0.081144 -2.656985
v -30.954729 0.006012 -2.656985
v -33.142578 -6.169856 -2.656985
v -31.186134 -6.244987 -2.656985
v -32.736862 4.862556 -3.937239
v -32.754898 4.300568 -4.679544
v -30.777416 4.793436 -3.937239
v -30.795450 4.225436 -4.679544
v -30.810474 3.918896 -5.373766
v -32.769924 3.991024 -5.373766
v -32.778938 3.645416 -6.119079
v -30.822498 3.573288 -6.119079
v -32.805984 2.972230 -6.518780
v -32.833035 2.166814 -6.509765
v -30.846540 2.897099 -6.518780
v -30.876593 2.097692 -6.509765
v -32.866093 1.358392 -6.482717
v -30.906643 1.289270 -6.482717
v -30.930689 0.646137 -6.708114
v -32.890137 0.718264 -6.708114
v -32.911171 0.081143 -7.411351
v -30.954729 0.006011 -7.411351
v -32.935211 -0.561989 -6.708114
v -32.959255 -1.202114 -6.482717
v -30.975765 -0.634115 -6.708114
v -30.999809 -1.274240 -6.482717
v -31.029861 -2.079659 -6.509765
v -32.989311 -2.007531 -6.509765
v -33.019363 -2.815953 -6.518780
v -33.043404 -3.486132 -6.119078
v -31.059914 -2.888080 -6.518780
v -31.083958 -3.558259 -6.119078
v -31.098984 -3.903867 -5.373765
v -33.055428 -3.831742 -5.373765
v -33.070450 -4.144291 -4.679543
v -33.088482 -4.703274 -3.937238
v -31.111004 -4.216418 -4.679543
v -31.132042 -4.775402 -3.937238
v -33.124546 -5.655951 -3.420329
v -31.165098 -5.731083 -3.420329
v -31.186134 -6.244987 -2.656985
v -33.142578 -6.169856 -2.656985
v -32.679764 6.332143 3.762308
v -32.700802 5.815235 4.525652
v -30.741354 5.740101 4.525652
v -30.720318 6.257010 3.762308
v -30.954729 0.006012 3.762309
v -32.911171 0.081144 3.762309
v -31.186134 -6.244987 3.762309
v -33.142578 -6.169855 3.762309
v -30.777416 4.793437 5.042562
v -30.795450 4.225437 5.784867
v -32.736862 4.862557 5.042562
v -32.754898 4.300569 5.784867
v -32.769924 3.991024 6.479089
v -30.810474 3.918897 6.479089
v -30.822498 3.573289 7.224401
v -32.778938 3.645416 7.224401
v -30.846540 2.897099 7.624104
v -30.876593 2.097692 7.615089
v -32.805984 2.972231 7.624104
v -32.833035 2.166815 7.615089
v -30.906643 1.289271 7.588041
v -32.866093 1.358392 7.588041
v -32.890137 0.718266 7.813438
v -30.930689 0.646139 7.813438
v -30.954729 0.006013 8.516675
v -32.911171 0.081145 8.516675
v -30.975765 -0.634113 7.813438
v -30.999809 -1.274240 7.588041
v -32.935211 -0.561987 7.813438
v -32.959255 -1.202114 7.588041
v -32.989311 -2.007530 7.615089
v -31.029861 -2.079658 7.615089
v -31.059914 -2.888079 7.624104
v -31.083958 -3.558259 7.224402
v -33.019363 -2.815953 7.624104
v -33.043404 -3.486131 7.224402
v -33.055428 -3.831741 6.479090
v -31.098984 -3.903867 6.479090
v -31.111004 -4.216417 5.784868
v -31.132042 -4.775401 5.042562
v -33.070450 -4.144290 5.784868
v -33.088482 -4.703273 5.042562
v -31.165098 -5.731082 4.525653
v -33.124546 -5.655951 4.525653
v -33.142578 -6.169855 3.762309
v -31.186134 -6.244987 3.762309
v -47.216343 -5.169095 0.561678
v -47.201317 -4.850534 1.484301
v -47.201317 -4.850534 -0.360945
v -31.477650 -5.283295 0.552662
v -31.468632 -5.048882 1.673634
v -31.315367 -0.907595 1.751772
v -46.861717 3.185606 1.364090
v -47.033020 -0.847491 1.724724
v -31.168104 3.071406 1.313000
v -31.062920 5.926429 0.552661
v -31.168104 3.071406 -0.207676
v -46.738503 6.145814 0.561677
v -46.861717 3.185606 -0.240734
v -47.033020 -0.847491 -0.601369
v -31.315367 -0.907595 -0.646448
v -31.468632 -5.048882 -0.568310
v -32.418304 13.424623 0.552661
v -32.682770 6.344164 0.552661
v -32.412296 13.535817 -2.656986
v -32.679764 6.332142 -2.656986
v -32.412296 13.535817 3.762308
v -32.679764 6.332143 3.762308
v -32.427322 13.130103 5.733778
v -32.472397 11.955038 7.756336
v -32.700802 5.815235 4.525652
v -32.736862 4.862557 5.042562
v -32.754898 4.300569 5.784867
v -32.514473 10.752923 9.021562
v -32.577583 9.109030 9.718789
v -32.622665 7.864841 11.320608
v -32.778938 3.645416 7.224401
v -32.769924 3.991024 6.479089
v -32.805984 2.972231 7.624104
v -32.685776 6.121774 12.207168
v -32.833035 2.166815 7.615089
v -32.727852 5.054897 12.510702
v -32.866093 1.358392 7.588041
v -32.769924 3.991025 12.817243
v -32.839043 2.034582 12.958491
v -32.911171 0.081145 8.516675
v -32.890137 0.718266 7.813438
v -32.911171 0.081145 12.958491
v -32.986305 -1.878303 12.958491
v -32.935211 -0.561987 7.813438
v -33.055428 -3.831740 12.817243
v -32.959255 -1.202114 7.588041
v -32.989311 -2.007530 7.615089
v -33.136570 -5.965494 12.207168
v -33.094498 -4.898617 12.510702
v -33.019363 -2.815953 7.624104
v -33.043404 -3.486131 7.224402
v -33.055428 -3.831741 6.479090
v -33.202682 -7.705556 11.320610
v -33.244759 -8.949746 9.718791
v -33.307869 -10.593637 9.021564
v -33.352951 -11.798759 7.756338
v -33.070450 -4.144290 5.784868
v -33.088482 -4.703273 5.042562
v -33.124546 -5.655951 4.525653
v -33.395020 -12.970822 5.733780
v -33.410049 -13.376535 3.762310
v -33.142578 -6.169855 3.762309
v -33.404037 -13.265340 0.552663
v -33.410049 -13.376535 -2.656984
v -33.145584 -6.181876 0.552662
v -33.142578 -6.169856 -2.656985
v -32.911171 0.081144 -2.656985
v -32.911171 0.081144 0.552662
v -32.911171 0.081144 3.762309
v -33.395020 -12.970822 -4.628454
v -33.124546 -5.655951 -3.420329
v -33.352951 -11.798760 -6.651012
v -33.088482 -4.703274 -3.937238
v -33.307869 -10.593639 -7.916238
v -33.070450 -4.144291 -4.679543
v -33.055428 -3.831742 -5.373765
v -33.244759 -8.949748 -8.613465
v -33.202682 -7.705558 -10.215284
v -33.043404 -3.486132 -6.119078
v -33.019363 -2.815953 -6.518780
v -32.989311 -2.007531 -6.509765
v -33.094498 -4.898619 -11.405378
v -33.136570 -5.965496 -11.101844
v -33.055428 -3.831742 -11.711919
v -32.959255 -1.202114 -6.482717
v -32.935211 -0.561989 -6.708114
v -32.986305 -1.878305 -11.853168
v -32.911171 0.081143 -11.853168
v -32.911171 0.081143 -7.411351
v -32.890137 0.718264 -6.708114
v -32.769924 3.991023 -11.711919
v -32.839043 2.034580 -11.853168
v -32.866093 1.358392 -6.482717
v -32.833035 2.166814 -6.509765
v -32.805984 2.972230 -6.518780
v -32.727852 5.054895 -11.405378
v -32.685776 6.121772 -11.101844
v -32.622665 7.864839 -10.215286
v -32.778938 3.645416 -6.119079
v -32.769924 3.991024 -5.373766
v -32.514473 10.752921 -7.916240
v -32.577583 9.109028 -8.613467
v -32.754898 4.300568 -4.679544
v -32.736862 4.862556 -3.937239
v -32.472397 11.955036 -6.651014
v -32.427322 13.130103 -4.628456
v -32.700802 5.815234 -3.420330
v -39.630997 6.344163 0.552661
v -32.628677 5.686006 -0.051401
v -32.613647 6.088715 0.552661
v -39.646023 5.947465 -0.051402
v -39.646023 5.947465 1.156724
v -39.784264 2.199872 1.778820
v -32.628677 5.686006 1.156724
v -32.766918 1.941417 1.793846
v -39.901470 -0.880549 1.956131
v -32.881119 -1.142008 1.974163
v -40.048729 -4.937687 1.733740
v -33.031384 -5.196142 1.733740
v -33.046410 -5.502681 0.552662
v -40.060753 -5.244226 0.552662
v -40.048729 -4.937687 -0.628416
v -39.901470 -0.880549 -0.850807
v -33.031384 -5.196142 -0.628416
v -32.881119 -1.142008 -0.868839
v -39.784264 2.199872 -0.673496
v -32.766918 1.941417 -0.688522
v -32.881119 -1.142008 0.552662
v -32.766918 1.941417 0.552662
v -33.046410 -5.502681 0.552662
v -32.881119 -1.142008 -0.868839
v -32.766918 1.941417 -0.688522
v -33.031384 -5.196142 1.733740
v -32.881119 -1.142008 1.974163
v -32.766918 1.941417 1.793846
v -32.628677 5.686006 1.156724
v -32.613647 6.088715 0.552661
v -32.628677 5.686006 -0.051401
v -33.031384 -5.196142 -0.628416
v -40.171947 -5.036862 0.552662
v -40.048729 -4.937687 1.733740
v -40.060753 -5.244226 0.552662
v -40.015671 -0.877543 0.552662
v -40.015671 -0.877543 -0.622406
v -40.162933 -4.769392 -0.481157
v -40.162933 -4.769392 1.586481
v -40.015671 -0.877543 1.727730
v -39.901470 -0.880549 1.956131
v -39.784264 2.199872 1.778820
v -39.904476 2.202877 1.580470
v -39.646023 5.947465 1.156724
v -39.630997 6.344163 0.552661
v -39.766235 5.938450 1.060555
v -39.754211 6.251000 0.552661
v -39.904476 2.202877 0.552662
v -39.904476 2.202877 -0.475146
v -39.901470 -0.880549 -0.850807
v -39.784264 2.199872 -0.673496
v -39.766235 5.938450 0.044767
v -39.646023 5.947465 -0.051402
v -40.048729 -4.937687 -0.628416
vn -0.0271 -0.8279 -0.5602
vn -0.0145 -0.9998 -0.0118
vn -0.0201 -0.9998 -0.0032
vn -0.0231 -0.9378 0.3464
vn 0.0082 -0.8159 0.5781
vn -0.0174 -0.9365 0.3502
vn -0.0187 -0.9998 0.0003
vn -0.0220 -0.9308 0.3648
vn -0.0235 -0.9997 0.0003
vn -0.0198 -0.9197 0.3920
vn -0.0215 -0.9998 0.0004
vn -0.0218 -0.9306 -0.3654
vn -0.0176 -0.9363 -0.3508
vn -0.0131 -0.9403 -0.3402
vn -0.0200 -0.9195 -0.3927
vn -0.0107 -0.9999 0.0004
vn -0.0099 -0.9078 -0.4192
vn -0.0001 -1.0000 0.0004
vn -0.0005 -0.8933 -0.4494
vn 0.0069 -1.0000 0.0004
vn 0.0060 -0.8807 -0.4736
vn 0.0124 -0.8566 0.5158
vn 0.0150 -0.9999 0.0005
vn 0.0058 -0.8811 0.4729
vn -0.0002 -0.8937 0.4487
vn -0.0100 -0.9082 0.4185
vn 0.0198 -0.8294 0.5583
vn 0.0242 -0.9997 0.0005
vn 0.0278 -0.8052 0.5923
vn 0.0355 -0.9994 0.0005
vn 0.0308 -0.7712 0.6358
vn 0.0396 -0.9992 0.0006
vn 0.0273 -0.7375 0.6748
vn 0.0367 -0.9993 0.0006
vn 0.0307 -0.7705 -0.6367
vn 0.0277 -0.8046 -0.5931
vn 0.0195 -0.8288 -0.5592
vn 0.0124 -0.8561 -0.5167
vn 0.0270 -0.7367 -0.6757
vn 0.0408 -0.9992 0.0006
vn 0.0282 -0.7088 -0.7048
vn 0.0376 -0.9993 0.0008
vn 0.0263 -0.6766 -0.7359
vn 0.0213 -0.9998 0.0003
vn 0.0138 -0.6541 -0.7562
vn 0.0222 -0.5598 0.8283
vn 0.0419 -0.9991 -0.0000
vn 0.0222 -0.5598 -0.8284
vn 0.0152 -0.6549 0.7555
vn 0.0263 -0.6776 0.7349
vn 0.0284 -0.7097 0.7039
vn 0.9993 -0.0372 -0.0000
vn 0.9993 -0.0374 -0.0003
vn 0.8917 -0.0070 -0.4525
vn 0.8918 -0.0070 0.4524
vn 0.6872 -0.0445 0.7251
vn 0.0085 0.0189 0.9998
vn -0.0015 0.0581 0.9983
vn -0.0018 0.0552 0.9985
vn -0.0025 0.0274 0.9996
vn -0.0016 0.0530 0.9986
vn -0.0023 0.0264 0.9996
vn -0.0018 0.0524 0.9986
vn -0.0029 0.0001 1.0000
vn -0.0029 0.0003 1.0000
vn -0.0024 0.0264 0.9996
vn -0.0025 0.0493 0.9988
vn -0.0027 0.0247 0.9997
vn -0.0030 0.0002 1.0000
vn -0.0029 0.0002 1.0000
vn -0.0029 0.0228 0.9997
vn -0.0030 0.0010 1.0000
vn -0.0030 0.0456 0.9990
vn -0.0034 0.0430 0.9991
vn -0.0032 0.0220 0.9998
vn -0.0037 0.0404 0.9992
vn -0.0033 0.0202 0.9998
vn -0.0038 0.0370 0.9993
vn -0.0033 0.0184 0.9998
vn -0.0041 0.0339 0.9994
vn -0.0035 0.0169 0.9999
vn -0.0042 0.0316 0.9995
vn -0.0035 0.0157 0.9999
vn -0.0028 0.0001 1.0000
vn -0.0030 0.0012 1.0000
vn -0.0027 0.0002 1.0000
vn -0.0035 0.0152 0.9999
vn -0.0031 0.0146 0.9999
vn -0.0028 0.0009 1.0000
vn -0.0150 0.0126 0.9998
vn -0.0153 0.0110 0.9998
vn -0.0141 0.0131 0.9998
vn -0.0105 0.0146 0.9998
vn -0.0117 0.0134 0.9998
vn -0.0071 0.0153 0.9999
vn -0.0037 0.0153 0.9999
vn -0.0131 0.0128 0.9998
vn -0.0241 0.0241 0.9994
vn -0.0283 0.0172 0.9995
vn -0.0275 0.0164 0.9995
vn -0.0265 0.0199 0.9995
vn -0.0254 0.0224 0.9994
vn -0.0233 0.0227 0.9995
vn -0.0205 0.0258 0.9995
vn -0.0180 0.0261 0.9995
vn -0.0116 0.0274 0.9996
vn -0.0057 0.0274 0.9996
vn -0.0035 0.0293 0.9996
vn -0.0040 0.0294 0.9996
vn -0.0030 0.0001 1.0000
vn 0.0296 -0.0013 0.9996
vn 0.8314 -0.0729 0.5508
vn 0.9993 -0.0372 -0.0003
vn 0.8393 -0.0911 -0.5360
vn 0.6952 -0.0314 -0.7181
vn 0.0075 -0.0191 -0.9998
vn -0.0025 0.0292 -0.9996
vn -0.0018 0.0577 -0.9983
vn -0.0023 0.0276 -0.9996
vn -0.0015 0.0547 -0.9985
vn -0.0022 0.0265 -0.9996
vn -0.0015 0.0528 -0.9986
vn -0.0024 0.0265 -0.9996
vn -0.0019 0.0522 -0.9986
vn -0.0029 0.0001 -1.0000
vn -0.0029 0.0003 -1.0000
vn -0.0028 0.0248 -0.9997
vn -0.0030 0.0002 -1.0000
vn -0.0029 0.0229 -0.9997
vn -0.0029 0.0002 -1.0000
vn -0.0028 0.0010 -1.0000
vn -0.0031 0.0221 -0.9998
vn -0.0028 0.0453 -0.9990
vn -0.0034 0.0203 -0.9998
vn -0.0033 0.0427 -0.9991
vn -0.0037 0.0400 -0.9992
vn -0.0034 0.0186 -0.9998
vn -0.0037 0.0366 -0.9993
vn -0.0035 0.0171 -0.9998
vn -0.0039 0.0336 -0.9994
vn -0.0036 0.0158 -0.9999
vn -0.0041 0.0313 -0.9995
vn -0.0033 0.0153 -0.9999
vn -0.0038 0.0293 -0.9996
vn -0.0028 0.0012 -1.0000
vn -0.0034 0.0147 -0.9999
vn -0.0037 0.0292 -0.9996
vn -0.0032 0.0150 -0.9999
vn -0.0030 0.0003 -1.0000
vn -0.0027 0.0010 -1.0000
vn -0.0073 0.0150 -0.9999
vn -0.0099 0.0144 -0.9998
vn -0.0121 0.0130 -0.9998
vn -0.0124 0.0132 -0.9998
vn -0.0140 0.0118 -0.9998
vn -0.0153 0.0114 -0.9998
vn -0.0214 0.0199 -0.9996
vn -0.0143 0.0123 -0.9998
vn -0.0261 0.0219 -0.9994
vn -0.0266 0.0204 -0.9994
vn -0.0290 0.0181 -0.9994
vn -0.0301 0.0164 -0.9994
vn -0.0231 0.0239 -0.9994
vn -0.0211 0.0255 -0.9995
vn -0.0179 0.0266 -0.9995
vn -0.0121 0.0277 -0.9995
vn -0.0052 0.0276 -0.9996
vn -0.0025 0.0488 -0.9988
vn -0.0030 0.0001 -1.0000
vn -0.0011 0.1665 -0.9860
vn -0.0009 0.1662 -0.9861
vn -0.0012 0.1668 -0.9860
vn -0.0014 0.1671 -0.9859
vn 0.0014 0.1632 -0.9866
vn 0.0031 0.1669 -0.9860
vn 0.0025 0.1656 -0.9862
vn 0.0008 0.1619 -0.9868
vn 0.0012 0.1609 -0.9870
vn -0.0001 0.1559 -0.9878
vn 0.0002 0.1569 -0.9876
vn 0.0015 0.1618 -0.9868
vn 0.0012 0.1554 -0.9878
vn 0.0004 0.1519 -0.9884
vn 0.0005 0.1524 -0.9883
vn 0.0013 0.1559 -0.9878
vn -0.0004 0.1512 -0.9885
vn -0.0016 0.1447 -0.9895
vn -0.0014 0.1455 -0.9894
vn -0.0002 0.1519 -0.9884
vn -0.0009 0.1432 -0.9897
vn -0.0029 0.1340 -0.9910
vn -0.0026 0.1354 -0.9908
vn -0.0006 0.1446 -0.9895
vn -0.0020 0.1327 -0.9912
vn -0.0037 0.1232 -0.9924
vn -0.0035 0.1244 -0.9922
vn -0.0018 0.1339 -0.9910
vn -0.0038 0.1217 -0.9926
vn -0.0056 0.1096 -0.9940
vn -0.0054 0.1110 -0.9938
vn -0.0036 0.1231 -0.9924
vn -0.0044 0.1086 -0.9941
vn -0.0055 0.1023 -0.9947
vn -0.0053 0.1032 -0.9946
vn -0.0042 0.1095 -0.9940
vn -0.0052 0.1018 -0.9948
vn -0.0058 0.0990 -0.9951
vn -0.0057 0.0995 -0.9950
vn -0.0051 0.1023 -0.9947
vn -0.0058 0.0979 -0.9952
vn -0.0070 0.0894 -0.9960
vn -0.0068 0.0906 -0.9959
vn -0.0056 0.0990 -0.9951
vn -0.0069 0.0867 -0.9962
vn -0.0064 0.0894 -0.9960
vn -0.0065 0.0889 -0.9960
vn -0.0070 0.0862 -0.9963
vn -0.0056 0.0854 -0.9963
vn -0.0064 0.0823 -0.9966
vn -0.0063 0.0830 -0.9965
vn -0.0055 0.0861 -0.9963
vn -0.0050 0.0821 -0.9966
vn -0.0051 0.0816 -0.9966
vn -0.0051 0.0817 -0.9966
vn -0.0050 0.0822 -0.9966
vn -0.0196 0.0815 -0.9965
vn -0.0202 0.0809 -0.9965
vn -0.0192 0.0818 -0.9965
vn -0.0187 0.0822 -0.9964
vn -0.0405 0.0763 -0.9963
vn -0.0408 0.0759 -0.9963
vn -0.0403 0.0766 -0.9963
vn -0.0400 0.0769 -0.9962
vn -0.0505 0.0711 -0.9962
vn -0.0507 0.0706 -0.9962
vn -0.0503 0.0715 -0.9962
vn -0.0501 0.0719 -0.9962
vn -0.0575 0.0671 -0.9961
vn -0.0571 0.0685 -0.9960
vn -0.0578 0.0660 -0.9961
vn -0.0581 0.0650 -0.9962
vn -0.0649 0.0603 -0.9961
vn -0.0648 0.0611 -0.9960
vn -0.0650 0.0595 -0.9961
vn -0.0650 0.0589 -0.9961
vn -0.0687 0.0551 -0.9961
vn -0.0687 0.0537 -0.9962
vn -0.0688 0.0567 -0.9960
vn -0.0689 0.0586 -0.9959
vn -0.0780 0.0456 -0.9959
vn -0.0800 0.0516 -0.9955
vn -0.0759 0.0394 -0.9963
vn -0.0750 0.0367 -0.9965
vn -0.0731 0.0495 -0.9961
vn -0.0735 0.0514 -0.9960
vn -0.0728 0.0479 -0.9962
vn -0.0725 0.0465 -0.9963
vn 0.0025 0.1631 0.9866
vn 0.0009 0.1670 0.9860
vn 0.0014 0.1656 0.9862
vn 0.0030 0.1618 0.9868
vn -0.0012 0.1665 0.9860
vn -0.0014 0.1662 0.9861
vn -0.0011 0.1668 0.9860
vn -0.0009 0.1671 0.9859
vn 0.0002 0.1610 0.9870
vn 0.0014 0.1559 0.9878
vn 0.0012 0.1569 0.9876
vn -0.0000 0.1619 0.9868
vn 0.0006 0.1554 0.9878
vn 0.0013 0.1517 0.9884
vn 0.0012 0.1523 0.9883
vn 0.0005 0.1559 0.9878
vn -0.0014 0.1510 0.9885
vn -0.0002 0.1442 0.9895
vn -0.0004 0.1451 0.9894
vn -0.0016 0.1519 0.9884
vn -0.0026 0.1429 0.9897
vn -0.0006 0.1339 0.9910
vn -0.0009 0.1353 0.9908
vn -0.0029 0.1443 0.9895
vn -0.0019 0.1244 0.9922
vn -0.0038 0.1340 0.9910
vn -0.0036 0.1327 0.9912
vn -0.0016 0.1230 0.9924
vn -0.0057 0.1217 0.9926
vn -0.0032 0.1093 0.9940
vn -0.0035 0.1109 0.9938
vn -0.0060 0.1233 0.9923
vn -0.0055 0.1085 0.9941
vn -0.0039 0.1022 0.9948
vn -0.0042 0.1032 0.9946
vn -0.0057 0.1095 0.9940
vn -0.0058 0.1018 0.9948
vn -0.0049 0.0989 0.9951
vn -0.0051 0.0995 0.9950
vn -0.0059 0.1023 0.9947
vn -0.0072 0.0978 0.9952
vn -0.0050 0.0893 0.9960
vn -0.0054 0.0906 0.9959
vn -0.0075 0.0991 0.9950
vn -0.0070 0.0889 0.9960
vn -0.0062 0.0861 0.9963
vn -0.0063 0.0867 0.9962
vn -0.0072 0.0894 0.9960
vn -0.0064 0.0854 0.9963
vn -0.0052 0.0822 0.9966
vn -0.0055 0.0830 0.9965
vn -0.0066 0.0862 0.9963
vn -0.0051 0.0821 0.9966
vn -0.0050 0.0816 0.9967
vn -0.0050 0.0817 0.9966
vn -0.0191 0.0816 0.9965
vn -0.0185 0.0813 0.9965
vn -0.0196 0.0819 0.9965
vn -0.0205 0.0823 0.9964
vn -0.0402 0.0765 0.9963
vn -0.0397 0.0764 0.9963
vn -0.0406 0.0765 0.9962
vn -0.0411 0.0767 0.9962
vn -0.0502 0.0714 0.9962
vn -0.0498 0.0714 0.9962
vn -0.0506 0.0714 0.9962
vn -0.0512 0.0714 0.9961
vn -0.0580 0.0663 0.9961
vn -0.0590 0.0661 0.9961
vn -0.0570 0.0666 0.9962
vn -0.0557 0.0668 0.9962
vn -0.0645 0.0600 0.9961
vn -0.0639 0.0603 0.9961
vn -0.0652 0.0597 0.9961
vn -0.0656 0.0595 0.9961
vn -0.0680 0.0562 0.9961
vn -0.0669 0.0570 0.9961
vn -0.0692 0.0554 0.9961
vn -0.0700 0.0548 0.9960
vn -0.0733 0.0481 0.9962
vn -0.0739 0.0474 0.9961
vn -0.0723 0.0492 0.9962
vn -0.0715 0.0500 0.9962
vn -0.0773 0.0397 0.9962
vn -0.0780 0.0382 0.9962
vn -0.0749 0.0451 0.9962
vn -0.0739 0.0473 0.9961
vn -0.0480 -0.7320 -0.6797
vn -0.0344 -0.7299 -0.6827
vn -0.0085 -0.1776 -0.9841
vn -0.0120 -0.1797 -0.9836
vn -0.0000 -0.0000 -1.0000
vn -0.0072 -0.1737 -0.9848
vn -0.0263 -0.7257 -0.6875
vn 0.0120 0.1785 -0.9839
vn 0.0128 0.1810 -0.9834
vn 0.0527 0.7333 -0.6779
vn 0.0497 0.7307 -0.6809
vn 0.0444 0.7256 -0.6867
vn 0.0098 0.1744 -0.9846
vn 0.0688 0.9976 -0.0001
vn 0.0720 0.9974 0.0003
vn 0.0621 0.9981 -0.0000
vn -0.0652 -0.9979 0.0002
vn -0.0462 -0.9989 -0.0000
vn -0.0350 -0.9994 0.0001
vn 0.9344 -0.0839 -0.3462
vn 0.9960 -0.0899 -0.0000
vn 0.9903 -0.1386 -0.0038
vn 0.9097 -0.1976 -0.3652
vn 0.8980 -0.3650 -0.2456
vn 0.8730 -0.4872 -0.0215
vn 0.9411 0.2164 -0.2600
vn 0.9421 0.3351 -0.0101
vn 0.9989 -0.0459 0.0011
vn 0.9285 0.0148 -0.3710
vn -0.9562 -0.2088 -0.2050
vn -0.9461 -0.3233 -0.0205
vn -0.9996 -0.0292 -0.0035
vn -0.9477 -0.0841 -0.3079
vn -0.9566 0.0069 -0.2912
vn -1.0000 0.0064 -0.0001
vn -0.9990 0.0444 -0.0035
vn -0.9438 0.1013 -0.3145
vn -0.9493 0.2330 -0.2109
vn -0.9357 0.3522 -0.0210
vn 0.4035 -0.6840 -0.6078
vn 0.4248 -0.2050 -0.8817
vn 0.4528 -0.0402 -0.8907
vn -0.0146 -0.1794 -0.9837
vn -0.0604 -0.7315 -0.6792
vn -0.0832 -0.9965 -0.0002
vn 0.3305 -0.9438 -0.0102
vn 0.4469 0.1236 -0.8860
vn 0.4885 0.6162 -0.6178
vn 0.0542 0.7324 -0.6787
vn 0.0134 0.1805 -0.9835
vn 0.4759 0.8795 -0.0057
vn 0.0733 0.9973 -0.0000
vn -0.0200 -0.7182 -0.6956
vn -0.0056 -0.1679 -0.9858
vn -0.0053 -0.1703 -0.9854
vn -0.0217 -0.7208 -0.6928
vn -0.5089 -0.6123 -0.6050
vn -0.4850 -0.1476 -0.8619
vn -0.4987 0.0041 -0.8668
vn -0.0264 -0.9997 0.0002
vn -0.4780 -0.8783 -0.0087
vn -0.0292 -0.9996 0.0002
vn 0.0078 0.1681 -0.9857
vn 0.0092 0.1710 -0.9852
vn 0.0393 0.7211 -0.6918
vn 0.0372 0.7175 -0.6955
vn -0.4739 0.1591 -0.8661
vn -0.4742 0.6355 -0.6093
vn 0.0530 0.9986 -0.0000
vn 0.0553 0.9985 -0.0000
vn -0.4271 0.9041 -0.0094
vn -0.4128 0.1897 -0.8908
vn 0.4704 0.1105 -0.8755
vn 0.5280 0.5996 -0.6014
vn -0.3943 0.6937 -0.6028
vn -0.4123 0.0343 -0.9104
vn 0.4555 -0.0376 -0.8894
vn 0.5027 0.8315 -0.2365
vn -0.3537 0.9031 -0.2437
vn -0.4342 -0.1193 -0.8929
vn 0.4615 -0.1863 -0.8673
vn -0.4918 -0.6146 -0.6168
vn 0.4400 -0.6802 -0.5863
vn -0.4804 -0.8432 -0.2412
vn 0.3832 -0.8918 -0.2407
vn -0.3079 0.7106 -0.6326
vn -0.3754 0.1940 -0.9063
vn -0.3674 0.9301 -0.0032
vn -0.4129 0.0344 -0.9101
vn -0.4033 -0.1302 -0.9058
vn -0.4128 -0.6491 -0.6390
vn -0.5000 -0.8660 0.0029
vn 0.4332 0.6427 -0.6319
vn 0.4364 0.1259 -0.8909
vn 0.5240 0.8517 0.0027
vn 0.4562 -0.0376 -0.8891
vn 0.4183 -0.1947 -0.8872
vn 0.3333 -0.7065 -0.6243
vn 0.4000 -0.9165 -0.0034
vn -0.0345 -0.7298 0.6828
vn -0.0481 -0.7323 0.6793
vn -0.0118 -0.1795 0.9837
vn -0.0092 -0.1777 0.9840
vn -0.0000 -0.0000 1.0000
vn -0.0064 -0.1738 0.9848
vn -0.0262 -0.7258 0.6874
vn 0.0130 0.1808 0.9834
vn 0.0114 0.1787 0.9838
vn 0.0528 0.7336 0.6775
vn 0.0496 0.7305 0.6811
vn 0.0444 0.7256 0.6867
vn 0.0105 0.1744 0.9846
vn 0.9343 -0.0843 0.3463
vn 0.9173 -0.1727 0.3588
vn 0.9019 -0.3584 0.2409
vn 0.9471 0.2028 0.2490
vn 0.9313 0.0023 0.3642
vn -0.9583 -0.2035 0.2006
vn -0.9511 -0.0625 0.3024
vn -0.9566 0.0065 0.2912
vn -0.9481 0.0795 0.3080
vn -0.9515 0.2273 0.2074
vn 0.3861 -0.6898 0.6124
vn 0.4187 -0.1940 0.8872
vn 0.4528 -0.0407 0.8907
vn -0.0147 -0.1792 0.9837
vn -0.0609 -0.7314 0.6792
vn 0.4423 0.1182 0.8891
vn 0.4794 0.6212 0.6200
vn 0.0541 0.7323 0.6788
vn 0.0137 0.1807 0.9835
vn -0.0050 -0.1680 0.9858
vn -0.0201 -0.7183 0.6954
vn -0.0218 -0.7209 0.6927
vn -0.0060 -0.1702 0.9854
vn -0.4952 -0.6190 0.6096
vn -0.4792 -0.1379 0.8668
vn -0.4986 0.0035 0.8668
vn 0.0084 0.1682 0.9857
vn 0.0084 0.1711 0.9852
vn 0.0392 0.7210 0.6918
vn 0.0372 0.7175 0.6956
vn -0.4680 0.1499 0.8709
vn -0.4600 0.6416 0.6138
vn 0.4730 0.1077 0.8744
vn -0.4107 0.1921 0.8913
vn -0.3959 0.6859 0.6106
vn 0.5285 0.6071 0.5934
vn -0.4122 0.0358 0.9104
vn 0.4558 -0.0393 0.8892
vn -0.3578 0.9038 0.2348
vn 0.4986 0.8321 0.2429
vn -0.4365 -0.1162 0.8922
vn 0.4592 -0.1896 0.8678
vn -0.4924 -0.6218 0.6090
vn 0.4413 -0.6721 0.5946
vn -0.4764 -0.8434 0.2483
vn 0.3871 -0.8922 0.2328
vn -0.3073 0.7076 0.6363
vn -0.3772 0.1955 0.9052
vn -0.4127 0.0358 0.9102
vn -0.4007 -0.1286 0.9071
vn -0.4131 -0.6524 0.6354
vn 0.4336 0.1247 0.8924
vn 0.4334 0.6461 0.6283
vn 0.4557 -0.0392 0.8893
vn 0.4203 -0.1969 0.8858
vn 0.3338 -0.7028 0.6282
vn -0.9993 0.0371 -0.0006
vn -0.9993 0.0370 -0.0000
vn -0.9993 0.0368 0.0001
vn -0.9993 0.0371 -0.0001
vn -0.9993 0.0371 0.0001
vn -0.9993 0.0368 -0.0000
vn -0.9993 0.0372 -0.0000
vn -0.9993 0.0368 -0.0001
vn -0.9993 0.0371 0.0006
vn 0.9993 -0.0370 -0.0002
vn 0.9993 -0.0372 -0.0001
vn 0.9993 -0.0371 -0.0000
vn 0.9993 -0.0368 -0.0005
vn 0.9993 -0.0367 -0.0000
vn 0.9993 -0.0368 0.0005
vn 0.9993 -0.0371 0.0002
vn 0.9993 -0.0371 -0.0001
vn 0.9993 -0.0371 0.0001
vn 0.9993 -0.0370 0.0002
vn 0.9993 -0.0372 0.0001
vn 0.9993 -0.0371 -0.0002
vn -0.0075 -0.1948 -0.9808
vn -0.0073 -0.1945 -0.9809
vn -0.0246 -0.7237 -0.6897
vn -0.0242 -0.7246 -0.6887
vn 0.0073 0.1948 -0.9808
vn 0.0074 0.1946 -0.9809
vn 0.0246 0.7246 -0.6888
vn 0.0241 0.7236 -0.6898
vn 0.0378 0.9993 0.0004
vn 0.0246 0.7237 0.6896
vn 0.0242 0.7247 0.6886
vn 0.0073 0.1947 0.9808
vn 0.0074 0.1950 0.9808
vn -0.0073 -0.1947 0.9808
vn -0.0074 -0.1943 0.9809
vn -0.0246 -0.7244 0.6889
vn -0.0241 -0.7236 0.6898
vn -0.0378 -0.9993 -0.0004
vn 0.9993 -0.0371 0.0005
vn 0.9993 -0.0371 0.0004
vn 0.9993 -0.0372 0.0018
vn 0.9993 -0.0370 -0.0001
vn 0.9993 -0.0371 0.0006
vn 0.9993 -0.0364 -0.0020
vn 0.9993 -0.0371 0.0003
vn 0.9993 -0.0375 0.0013
vn 0.9993 -0.0373 0.0017
vn 0.9993 -0.0367 -0.0004
vn 0.9993 -0.0375 0.0019
vn 0.9993 -0.0362 -0.0004
vn 0.9993 -0.0372 0.0005
vn 0.9993 -0.0368 0.0004
vn 0.9993 -0.0366 0.0001
vn 0.9993 -0.0362 -0.0002
vn 0.9993 -0.0372 0.0003
vn 0.9993 -0.0367 -0.0005
vn 0.9993 -0.0376 -0.0000
vn 0.9993 -0.0361 0.0005
vn 0.9993 -0.0368 0.0003
vn 0.9993 -0.0363 0.0006
vn 0.9993 -0.0374 0.0003
vn 0.9993 -0.0367 0.0004
vn 0.9993 -0.0373 -0.0001
vn 0.9993 -0.0370 0.0004
vn 0.9993 -0.0373 0.0003
vn 0.9993 -0.0375 -0.0005
vn 0.9993 -0.0374 -0.0004
vn 0.9993 -0.0378 -0.0013
vn 0.9993 -0.0368 0.0008
vn 0.9993 -0.0369 0.0003
vn 0.9993 -0.0366 0.0007
vn 0.9993 -0.0371 -0.0006
vn 0.9993 -0.0369 -0.0000
vn 0.9993 -0.0368 -0.0001
vn 0.9993 -0.0369 -0.0004
vn 0.9993 -0.0368 0.0011
vn 0.9993 -0.0367 -0.0021
vn 0.9993 -0.0373 -0.0002
vn 0.9993 -0.0374 -0.0012
vn 0.9993 -0.0370 -0.0006
vn 0.9993 -0.0373 -0.0005
vn 0.9993 -0.0361 0.0011
vn 0.9993 -0.0372 -0.0007
vn 0.9993 -0.0366 -0.0001
vn 0.9993 -0.0382 -0.0019
vn 0.9993 -0.0363 0.0008
vn 0.9993 -0.0366 -0.0002
vn 0.9993 -0.0361 0.0002
vn 0.9993 -0.0367 0.0003
vn 0.9993 -0.0376 0.0003
vn 0.9994 -0.0354 0.0001
vn 0.9993 -0.0375 -0.0002
vn 0.9993 -0.0363 -0.0002
vn 0.9993 -0.0369 -0.0005
vn 0.9993 -0.0368 -0.0004
vn 0.9993 -0.0374 -0.0001
vn 0.9993 -0.0372 -0.0002
vn 0.9993 -0.0368 -0.0003
vn 0.9993 -0.0380 0.0007
vn 0.9993 -0.0374 -0.0000
vn 0.9993 -0.0381 0.0009
vn 0.9993 -0.0373 0.0006
vn 0.9993 -0.0369 -0.0006
vn 0.9993 -0.0369 -0.0001
vn 0.9993 -0.0371 -0.0007
vn 0.0368 0.9993 -0.0000
vn 0.0367 0.9957 -0.0848
vn 0.0370 0.9957 -0.0845
vn 0.0355 0.9336 -0.3566
vn 0.0355 0.9336 -0.3565
vn 0.0297 0.7997 -0.5997
vn 0.0295 0.7995 -0.5999
vn 0.0210 0.5691 -0.8220
vn 0.0210 0.5690 -0.8221
vn 0.0225 0.6092 -0.7927
vn 0.0235 0.6365 -0.7709
vn 0.0233 0.6364 -0.7710
vn 0.0131 0.3650 -0.9309
vn 0.0129 0.3646 -0.9311
vn 0.0097 0.2746 -0.9615
vn 0.0098 0.2748 -0.9615
vn 0.0063 0.1749 -0.9846
vn 0.0064 0.1751 -0.9845
vn 0.0013 0.0360 -0.9994
vn -0.0013 -0.0359 -0.9994
vn -0.0013 -0.0360 -0.9993
vn -0.0064 -0.1748 -0.9846
vn -0.0101 -0.2745 -0.9615
vn -0.0134 -0.3650 -0.9309
vn -0.0134 -0.3652 -0.9308
vn -0.0234 -0.6365 -0.7710
vn -0.0234 -0.6365 -0.7709
vn -0.0224 -0.6089 -0.7929
vn -0.0226 -0.6090 -0.7928
vn -0.0217 -0.5690 -0.8221
vn -0.0215 -0.5687 -0.8223
vn -0.0297 -0.7993 -0.6001
vn -0.0297 -0.7993 -0.6002
vn -0.0356 -0.9339 -0.3557
vn -0.0355 -0.9338 -0.3560
vn -0.0370 -0.9958 -0.0837
vn -0.0367 -0.9958 -0.0841
vn -0.0368 -0.9993 -0.0000
vn -0.0367 -0.9958 0.0833
vn -0.0370 -0.9958 0.0837
vn -0.0355 -0.9337 0.3564
vn -0.0355 -0.9336 0.3567
vn -0.0297 -0.7997 0.5996
vn -0.0297 -0.7997 0.5997
vn -0.0215 -0.5686 0.8223
vn -0.0217 -0.5683 0.8225
vn -0.0226 -0.6090 0.7928
vn -0.0224 -0.6092 0.7927
vn -0.0234 -0.6365 0.7709
vn -0.0234 -0.6365 0.7710
vn -0.0134 -0.3650 0.9309
vn -0.0134 -0.3652 0.9308
vn -0.0101 -0.2745 0.9615
vn -0.0064 -0.1748 0.9846
vn -0.0013 -0.0360 0.9994
vn -0.0013 -0.0361 0.9993
vn 0.0013 0.0360 0.9994
vn 0.0064 0.1747 0.9846
vn 0.0063 0.1750 0.9845
vn 0.0098 0.2747 0.9615
vn 0.0097 0.2749 0.9614
vn 0.0129 0.3652 0.9308
vn 0.0131 0.3648 0.9310
vn 0.0233 0.6364 0.7710
vn 0.0235 0.6363 0.7711
vn 0.0225 0.6092 0.7927
vn 0.0210 0.5691 0.8220
vn 0.0210 0.5690 0.8221
vn 0.0295 0.7999 0.5994
vn 0.0297 0.7997 0.5996
vn 0.0355 0.9333 0.3573
vn 0.0355 0.9334 0.3572
vn 0.0370 0.9957 0.0845
vn 0.0367 0.9958 0.0841
vn -0.0257 -0.6708 0.7412
vn -0.0252 -0.6716 0.7405
vn -0.0338 -0.8822 -0.4696
vn -0.0339 -0.8836 -0.4671
vn -0.0235 -0.6515 0.7583
vn -0.0238 -0.6508 0.7589
vn -0.0321 -0.8598 0.5096
vn -0.0324 -0.8595 0.5101
vn -0.0340 -0.9097 0.4138
vn -0.0335 -0.9103 0.4126
vn -0.0273 -0.7415 0.6703
vn -0.0276 -0.7408 0.6712
vn -0.0096 -0.2590 0.9658
vn -0.0099 -0.2578 0.9662
vn 0.0008 0.0223 0.9998
vn -0.0054 -0.1522 0.9883
vn -0.0055 -0.1510 0.9885
vn -0.0201 -0.5527 0.8331
vn -0.0207 -0.5516 0.8339
vn 0.0005 -0.0035 1.0000
vn -0.0006 0.0012 1.0000
vn 0.0207 0.5512 0.8341
vn 0.0203 0.5519 0.8337
vn 0.0056 0.1516 0.9884
vn 0.0056 0.1518 0.9884
vn -0.0008 -0.0223 0.9998
vn 0.0096 0.2599 0.9656
vn 0.0096 0.2600 0.9656
vn 0.0273 0.7420 0.6699
vn 0.0273 0.7419 0.6699
vn 0.0335 0.9088 0.4159
vn 0.0317 0.8599 0.5095
vn 0.0317 0.8599 0.5094
vn 0.0240 0.6522 0.7577
vn 0.0243 0.6517 0.7581
vn 0.0255 0.6716 0.7405
vn 0.0258 0.6715 0.7406
vn 0.0318 0.8287 0.5587
vn 0.0318 0.8287 0.5588
vn -0.0258 -0.6719 -0.7402
vn -0.0252 -0.6711 -0.7409
vn -0.0339 -0.8836 0.4671
vn -0.0338 -0.8822 0.4696
vn -0.0234 -0.6499 -0.7597
vn -0.0238 -0.6506 -0.7590
vn -0.0321 -0.8601 -0.5091
vn -0.0325 -0.8604 -0.5086
vn -0.0340 -0.9101 -0.4130
vn -0.0335 -0.9096 -0.4142
vn -0.0273 -0.7407 -0.6713
vn -0.0276 -0.7414 -0.6705
vn -0.0096 -0.2580 -0.9661
vn -0.0100 -0.2592 -0.9658
vn 0.0008 0.0223 -0.9998
vn -0.0053 -0.1508 -0.9885
vn -0.0056 -0.1521 -0.9884
vn -0.0201 -0.5514 -0.8340
vn -0.0208 -0.5525 -0.8332
vn 0.0007 0.0012 -1.0000
vn -0.0008 -0.0035 -1.0000
vn 0.0207 0.5516 -0.8339
vn 0.0203 0.5509 -0.8343
vn 0.0056 0.1518 -0.9884
vn 0.0056 0.1516 -0.9884
vn -0.0008 -0.0223 -0.9998
vn 0.0096 0.2600 -0.9656
vn 0.0096 0.2599 -0.9656
vn 0.0273 0.7419 -0.6699
vn 0.0273 0.7420 -0.6699
vn 0.0335 0.9088 -0.4159
vn 0.0317 0.8599 -0.5094
vn 0.0317 0.8599 -0.5095
vn 0.0240 0.6515 -0.7582
vn 0.0243 0.6521 -0.7578
vn 0.0255 0.6716 -0.7404
vn 0.0258 0.6717 -0.7403
vn 0.0318 0.8287 -0.5588
vn 0.0318 0.8288 -0.5587
vn 0.0119 0.9999 0.0028
vn 0.0119 0.6106 -0.7919
vn 0.0126 0.6276 -0.7784
vn 0.0128 0.6157 0.7879
vn 0.0111 0.9999 0.0026
vn 0.0036 -0.0420 -0.9991
vn -0.0018 -0.1754 -0.9845
vn -0.0045 -0.1852 -0.9827
vn 0.0017 -0.0128 -0.9999
vn -0.0155 -0.9999 0.0007
vn -0.0154 -0.9999 -0.0001
vn -0.0030 -0.1855 0.9826
vn -0.0011 -0.1757 0.9844
vn 0.0075 -0.0165 0.9998
vn 0.0004 -0.0452 0.9990
vn 0.0125 0.6319 0.7750
vn -0.9993 0.0372 0.0004
vn -0.9993 0.0372 -0.0001
vn -0.9993 0.0369 -0.0001
vn -0.9993 0.0370 0.0005
vn -0.9993 0.0372 -0.0003
vn -0.9993 0.0373 -0.0003
vn -0.9993 0.0373 -0.0001
vn -0.9993 0.0371 0.0003
vn -0.9993 0.0376 -0.0010
vn -0.9993 0.0364 0.0016
vn -0.9993 0.0370 0.0008
vn -0.9993 0.0378 -0.0004
vn -0.9993 0.0374 -0.0005
vn -0.9993 0.0371 0.0008
vn -0.9993 0.0368 0.0005
vn -0.9993 0.0377 -0.0002
vn -0.9994 0.0359 0.0003
vn -0.9993 0.0378 0.0003
vn -0.9992 0.0390 -0.0009
vn -0.9993 0.0386 -0.0013
vn -0.9993 0.0385 -0.0007
vn -0.9993 0.0376 -0.0006
vn -0.9994 0.0360 0.0004
vn -0.9994 0.0360 0.0005
vn -0.9993 0.0376 -0.0001
vn -0.9993 0.0364 0.0006
vn -0.9993 0.0373 0.0001
vn -0.9993 0.0367 -0.0005
vn -0.9993 0.0362 -0.0002
vn -0.9993 0.0374 0.0004
vn -0.9993 0.0373 0.0003
vn -0.9993 0.0382 0.0006
vn -0.9993 0.0380 0.0009
vn -0.9993 0.0368 -0.0003
vn -0.9993 0.0367 -0.0007
vn -0.9993 0.0369 -0.0008
vn -0.9993 0.0378 0.0016
vn -0.9993 0.0370 0.0001
vn -0.9993 0.0373 0.0008
vn -0.9993 0.0370 -0.0004
vn -0.9993 0.0376 0.0010
vn -0.9993 0.0364 -0.0018
vn -0.9993 0.0370 -0.0002
vn -0.9993 0.0371 0.0005
vn -0.9993 0.0370 -0.0003
vn -0.9993 0.0367 0.0002
vn -0.9993 0.0370 0.0002
vn -0.9993 0.0369 -0.0000
vn -0.9993 0.0368 0.0002
vn -0.9993 0.0370 0.0003
vn -0.9993 0.0363 0.0013
vn -0.9993 0.0373 -0.0005
vn -0.9993 0.0374 -0.0007
vn -0.9993 0.0381 -0.0017
vn -0.9993 0.0371 -0.0004
vn -0.9993 0.0365 0.0011
vn -0.9993 0.0368 0.0008
vn -0.9993 0.0371 -0.0000
vn -0.9993 0.0380 -0.0007
vn -0.9993 0.0383 -0.0008
vn -0.9993 0.0361 0.0002
vn -0.9993 0.0367 0.0003
vn -0.9993 0.0376 0.0003
vn -0.9994 0.0354 0.0001
vn -0.9993 0.0375 -0.0002
vn -0.9994 0.0360 -0.0000
vn -0.9993 0.0377 0.0007
vn -0.9994 0.0360 -0.0007
vn -0.9992 0.0388 0.0011
vn -0.9992 0.0387 0.0007
vn -0.9994 0.0360 -0.0015
vn -0.9993 0.0375 0.0002
vn -0.9992 0.0390 0.0015
vn -0.9993 0.0362 -0.0014
vn -0.9993 0.0367 -0.0008
vn -0.9993 0.0370 0.0007
vn -0.9993 0.0378 0.0008
vn -0.9993 0.0370 -0.0006
vn -0.9993 0.0377 0.0002
vn -0.9993 0.0371 -0.0003
vn -0.9993 0.0365 -0.0019
vn -0.9993 0.0374 0.0002
vn -0.9993 0.0374 0.0010
vn 0.0199 0.5440 -0.8388
vn 0.0195 0.5456 -0.8378
vn 0.0368 0.9993 -0.0002
vn 0.0199 0.5449 0.8383
vn 0.0194 0.5433 0.8393
vn 0.0027 0.1113 0.9938
vn 0.0019 0.1130 0.9936
vn -0.0024 0.0016 1.0000
vn -0.0017 0.0004 1.0000
vn -0.0244 -0.6333 0.7735
vn -0.0234 -0.6339 0.7731
vn -0.0233 -0.6328 -0.7740
vn -0.0244 -0.6333 -0.7735
vn -0.0017 0.0007 -1.0000
vn -0.0024 -0.0004 -1.0000
vn 0.0018 0.1108 -0.9938
vn 0.0028 0.1125 -0.9936
vn 0.9993 -0.0370 -0.0000
vn 0.9993 -0.0377 -0.0024
vn 0.9993 -0.0369 -0.0002
vn 0.9993 -0.0369 0.0031
vn -0.9644 -0.2644 0.0005
vn -0.8810 -0.4731 0.0006
vn -0.8877 -0.2851 0.3615
vn -0.9458 -0.1555 0.2851
vn -0.9447 -0.1507 -0.2913
vn -0.9709 0.0347 -0.2371
vn -0.9708 0.0388 0.2366
vn -0.8922 0.0383 0.4501
vn -0.8527 0.0847 0.5155
vn -0.9584 0.0654 0.2778
vn -0.5950 0.4080 0.6925
vn -0.8244 0.3639 0.4335
vn -0.5954 0.8034 -0.0076
vn -0.8226 0.5685 -0.0096
vn -0.9993 0.0366 -0.0000
vn -0.9594 0.0630 -0.2748
vn -0.8207 0.3802 -0.4265
vn -0.8929 0.0311 -0.4491
vn -0.8495 0.0823 -0.5212
vn -0.5911 0.4238 -0.6863
vn -0.8893 -0.2799 -0.3615
vt 0.985450 0.975500
vt 0.980400 0.975500
vt 0.980400 0.954440
vt 0.990270 0.954440
vt 0.989960 0.924820
vt 0.980400 0.924820
vt 0.989420 0.875110
vt 0.980400 0.875110
vt 0.988780 0.812600
vt 0.980400 0.812600
vt 0.980400 0.746650
vt 0.988060 0.746650
vt 0.980400 0.694120
vt 0.987520 0.694120
vt 0.980400 0.634710
vt 0.986880 0.634710
vt 0.986200 0.569910
vt 0.980400 0.569910
vt 0.985660 0.517700
vt 0.980400 0.517700
vt 0.985180 0.473350
vt 0.980400 0.473350
vt 0.984640 0.421810
vt 0.980400 0.421810
vt 0.984230 0.384010
vt 0.980400 0.384010
vt 0.980400 0.353750
vt 0.983890 0.353750
vt 0.980300 0.324040
vt 0.983790 0.324040
vt 0.980340 0.310130
vt 0.983830 0.310130
vt 0.983790 0.303390
vt 0.980210 0.295260
vt 0.960440 0.979450
vt 0.933640 0.984660
vt 0.946680 0.979450
vt 0.935380 0.979450
vt 0.935030 0.949350
vt 0.946020 0.949350
vt 0.945140 0.907540
vt 0.934100 0.907540
vt 0.943040 0.836220
vt 0.932260 0.837220
vt 0.940110 0.749090
vt 0.919310 0.837380
vt 0.916650 0.749140
vt 0.929950 0.749440
vt 0.934480 0.655330
vt 0.924630 0.655880
vt 0.912490 0.656050
vt 0.907340 0.581900
vt 0.919320 0.581270
vt 0.899910 0.498040
vt 0.929290 0.580760
vt 0.921990 0.496210
vt 0.912160 0.496730
vt 0.911470 0.404900
vt 0.901300 0.405720
vt 0.902510 0.331100
vt 0.892760 0.332490
vt 0.894250 0.267950
vt 0.885130 0.268970
vt 0.883120 0.195080
vt 0.875190 0.270280
vt 0.874280 0.195970
vt 0.864450 0.197520
vt 0.856360 0.144160
vt 0.849660 0.101420
vt 0.865960 0.142610
vt 0.859260 0.099880
vt 0.842500 0.058920
vt 0.840740 0.040350
vt 0.842820 0.041870
vt 0.844910 0.043790
vt 0.850110 0.050510
vt 0.848410 0.048080
vt 0.851910 0.053890
vt 0.853020 0.057610
vt 0.846660 0.045820
vt 0.839270 0.039020
vt 0.837600 0.029310
vt 0.840140 0.030860
vt 0.843550 0.032910
vt 0.846830 0.035450
vt 0.849860 0.038270
vt 0.852830 0.041600
vt 0.855720 0.045540
vt 0.858460 0.050420
vt 0.860300 0.056300
vt 0.867190 0.098800
vt 0.874270 0.141510
vt 0.883220 0.332880
vt 0.891020 0.406570
vt 0.921040 0.907540
vt 0.921960 0.949350
vt 0.922110 0.980190
vt 0.921940 0.982840
vt 0.959350 0.949350
vt 0.958530 0.907540
vt 0.956120 0.835010
vt 0.952430 0.748670
vt 0.946430 0.654650
vt 0.941380 0.580140
vt 0.933920 0.495580
vt 0.923810 0.403920
vt 0.914340 0.329410
vt 0.905310 0.266730
vt 0.893850 0.193990
vt 0.884340 0.140180
vt 0.876800 0.097500
vt 0.869130 0.054720
vt 0.866410 0.046220
vt 0.862530 0.039520
vt 0.858190 0.033740
vt 0.853730 0.029120
vt 0.849150 0.025340
vt 0.844420 0.022050
vt 0.834530 0.017530
vt 0.839410 0.019350
vt 0.212760 0.057300
vt 0.294850 0.056810
vt 0.294540 0.070310
vt 0.212430 0.070600
vt 0.211990 0.087150
vt 0.294140 0.087140
vt 0.374820 0.086700
vt 0.375180 0.069530
vt 0.375460 0.055820
vt 0.293700 0.103980
vt 0.211560 0.103700
vt 0.211230 0.116980
vt 0.293390 0.117460
vt 0.374260 0.117570
vt 0.374490 0.103860
vt 0.293260 0.132270
vt 0.211040 0.131770
vt 0.374210 0.132320
vt 0.212850 0.042490
vt 0.294860 0.041990
vt 0.375420 0.041060
vt 0.047000 0.085650
vt 0.031510 0.084870
vt 0.034450 0.065080
vt 0.049370 0.068750
vt 0.050060 0.058800
vt 0.042840 0.049070
vt 0.046960 0.112400
vt 0.039020 0.121500
vt 0.032240 0.104850
vt 0.047390 0.102690
vt 0.528810 0.056370
vt 0.536000 0.046730
vt 0.544100 0.063560
vt 0.529240 0.066780
vt 0.531250 0.084880
vt 0.546590 0.084400
vt 0.545480 0.105360
vt 0.530470 0.103060
vt 0.530710 0.113390
vt 0.538380 0.122630
vt 0.054740 0.058020
vt 0.054710 0.070040
vt 0.053570 0.085800
vt 0.133840 0.086610
vt 0.134490 0.070140
vt 0.134940 0.056900
vt 0.135130 0.042190
vt 0.052990 0.043750
vt 0.052730 0.101540
vt 0.051250 0.113370
vt 0.132570 0.116300
vt 0.133140 0.103080
vt 0.048730 0.127410
vt 0.132240 0.130990
vt 0.504120 0.054200
vt 0.504180 0.067980
vt 0.449830 0.068550
vt 0.449850 0.054680
vt 0.449840 0.085940
vt 0.504530 0.085260
vt 0.524540 0.055440
vt 0.524350 0.068050
vt 0.525200 0.085000
vt 0.504220 0.039590
vt 0.526540 0.041280
vt 0.449750 0.039990
vt 0.505090 0.102520
vt 0.449910 0.103340
vt 0.450030 0.117200
vt 0.505720 0.116290
vt 0.525530 0.101950
vt 0.526610 0.114490
vt 0.506310 0.130870
vt 0.450170 0.131880
vt 0.529150 0.128520
vt 0.072970 0.102190
vt 0.074850 0.102250
vt 0.073880 0.115310
vt 0.071960 0.115140
vt 0.073990 0.085990
vt 0.075880 0.086010
vt 0.073180 0.129880
vt 0.071110 0.129670
vt 0.074850 0.069760
vt 0.076710 0.069740
vt 0.075260 0.056760
vt 0.077160 0.056640
vt 0.075120 0.042170
vt 0.077170 0.042030
vt 0.070230 0.114990
vt 0.071280 0.102130
vt 0.069230 0.129480
vt 0.072270 0.085980
vt 0.073160 0.069790
vt 0.073540 0.056860
vt 0.073270 0.042310
vt 0.075400 0.115330
vt 0.076350 0.102270
vt 0.074710 0.129900
vt 0.077380 0.086030
vt 0.078210 0.069750
vt 0.078650 0.056650
vt 0.078670 0.042030
vt 0.259820 0.932220
vt 0.238910 0.940710
vt 0.284870 0.963520
vt 0.284920 0.932040
vt 0.309890 0.932220
vt 0.330790 0.940710
vt 0.230940 0.963520
vt 0.338770 0.963520
vt 0.284200 0.920050
vt 0.264960 0.920050
vt 0.264960 0.916290
vt 0.248930 0.920050
vt 0.284200 0.916290
vt 0.248930 0.916290
vt 0.303330 0.916290
vt 0.303330 0.920050
vt 0.319350 0.920050
vt 0.319350 0.916290
vt 0.336840 0.916290
vt 0.336840 0.920050
vt 0.231450 0.920050
vt 0.231450 0.916290
vt 0.709830 0.921750
vt 0.713130 0.962390
vt 0.620540 0.962390
vt 0.620350 0.921020
vt 0.613590 0.911170
vt 0.538590 0.962390
vt 0.538590 0.921020
vt 0.704140 0.895980
vt 0.601170 0.904490
vt 0.693940 0.869520
vt 0.593790 0.894930
vt 0.681890 0.849900
vt 0.668070 0.835800
vt 0.589760 0.886010
vt 0.644460 0.820280
vt 0.585230 0.876400
vt 0.619830 0.810330
vt 0.565890 0.871350
vt 0.576430 0.871210
vt 0.604060 0.806760
vt 0.589760 0.804290
vt 0.555350 0.871700
vt 0.546970 0.868790
vt 0.564540 0.801760
vt 0.538590 0.800650
vt 0.538590 0.859730
vt 0.512630 0.801760
vt 0.530210 0.868790
vt 0.521830 0.871700
vt 0.487430 0.804290
vt 0.473490 0.808230
vt 0.511290 0.871350
vt 0.459550 0.812170
vt 0.500750 0.871210
vt 0.433090 0.821390
vt 0.491960 0.876400
vt 0.408750 0.836170
vt 0.394910 0.851010
vt 0.483390 0.894930
vt 0.487430 0.886010
vt 0.476010 0.904490
vt 0.383980 0.869890
vt 0.463590 0.911170
vt 0.456830 0.921020
vt 0.372670 0.896710
vt 0.366250 0.921020
vt 0.456650 0.962390
vt 0.364040 0.962390
vt 0.704520 0.750920
vt 0.704520 0.768270
vt 0.675750 0.768270
vt 0.675750 0.750920
vt 0.658070 0.768270
vt 0.658070 0.750920
vt 0.639920 0.768270
vt 0.639920 0.750920
vt 0.628570 0.768270
vt 0.628570 0.750920
vt 0.613790 0.768270
vt 0.613790 0.750920
vt 0.599420 0.768270
vt 0.599420 0.750920
vt 0.583790 0.768270
vt 0.583790 0.750920
vt 0.574230 0.768270
vt 0.574230 0.750920
vt 0.564660 0.768270
vt 0.564660 0.750920
vt 0.547120 0.768270
vt 0.547120 0.750920
vt 0.529560 0.768270
vt 0.529560 0.750920
vt 0.512010 0.768270
vt 0.512010 0.750920
vt 0.494460 0.768270
vt 0.494460 0.750920
vt 0.484900 0.768270
vt 0.484900 0.750920
vt 0.475330 0.768270
vt 0.475330 0.750920
vt 0.459700 0.768270
vt 0.459700 0.750920
vt 0.445330 0.768270
vt 0.445330 0.750920
vt 0.430550 0.768270
vt 0.430550 0.750920
vt 0.419210 0.768270
vt 0.419210 0.750920
vt 0.401060 0.768270
vt 0.401060 0.750920
vt 0.383380 0.768270
vt 0.383380 0.750920
vt 0.354600 0.768270
vt 0.354600 0.750920
vt 0.524110 0.714980
vt 0.524110 0.739290
vt 0.514510 0.739290
vt 0.514510 0.714980
vt 0.435910 0.714980
vt 0.435910 0.739290
vt 0.357310 0.714980
vt 0.357310 0.739290
vt 0.536050 0.714980
vt 0.536050 0.739290
vt 0.545380 0.714980
vt 0.545380 0.739290
vt 0.554070 0.714980
vt 0.554070 0.739290
vt 0.563440 0.714980
vt 0.563440 0.739290
vt 0.571880 0.714980
vt 0.571880 0.739290
vt 0.582030 0.714980
vt 0.582030 0.739290
vt 0.592160 0.714980
vt 0.592160 0.739290
vt 0.600210 0.714980
vt 0.600210 0.739290
vt 0.609040 0.714980
vt 0.609040 0.739290
vt 0.617860 0.714980
vt 0.617860 0.739290
vt 0.625920 0.714980
vt 0.625920 0.739290
vt 0.636050 0.714980
vt 0.636050 0.739290
vt 0.646190 0.714980
vt 0.646190 0.739290
vt 0.654640 0.714980
vt 0.654640 0.739290
vt 0.664000 0.714980
vt 0.664000 0.739290
vt 0.672700 0.714980
vt 0.672700 0.739290
vt 0.682020 0.714980
vt 0.682020 0.739290
vt 0.693960 0.714980
vt 0.693960 0.739290
vt 0.703570 0.714980
vt 0.703570 0.739290
vt 0.836950 0.974820
vt 0.846730 0.974220
vt 0.848290 0.979310
vt 0.839020 0.979440
vt 0.867540 0.978860
vt 0.885280 0.973380
vt 0.885330 0.978140
vt 0.865420 0.974080
vt 0.898000 0.978100
vt 0.898510 0.973490
vt 0.336150 0.840540
vt 0.336150 0.798840
vt 0.341770 0.798840
vt 0.341770 0.840540
vt 0.301290 0.798840
vt 0.301290 0.840540
vt 0.272620 0.798840
vt 0.272620 0.840540
vt 0.234910 0.798840
vt 0.234910 0.840540
vt 0.223940 0.798840
vt 0.223940 0.840540
vt 0.271980 0.862880
vt 0.271980 0.877260
vt 0.303190 0.877260
vt 0.303190 0.864710
vt 0.230920 0.865320
vt 0.227820 0.877260
vt 0.345190 0.877260
vt 0.341150 0.871130
vt 0.229870 0.877260
vt 0.232560 0.866790
vt 0.271980 0.865350
vt 0.271980 0.863060
vt 0.303190 0.864850
vt 0.303190 0.866850
vt 0.341000 0.872120
vt 0.345180 0.877260
vt 0.344180 0.877260
s 1
usemtl 白楼剣刀身.001
f 1471/568/1369 1470/569/1370 1472/570/1371
f 1474/571/1372 1472/570/1371 1470/569/1370
f 1470/569/1370 1473/568/1373 1474/571/1372
f 1472/570/1371 1474/571/1372 1475/572/1374
f 1476/573/1375 1475/572/1374 1477/574/1376
f 1475/572/1374 1476/573/1375 1472/570/1371
f 1479/575/1377 1477/574/1376 1478/576/1378
f 1477/574/1376 1479/575/1377 1476/573/1375
f 1478/576/1378 1480/577/1379 1479/575/1377
f 1481/574/1380 1479/575/1377 1480/577/1379
f 1479/575/1377 1481/574/1380 1482/572/1381
f 1482/572/1381 1476/573/1375 1479/575/1377
f 1476/573/1375 1482/572/1381 1483/571/1382
f 1483/571/1382 1472/570/1371 1476/573/1375
f 1472/570/1371 1483/571/1382 1471/568/1369
f 1480/577/1379 1484/576/1383 1481/574/1380
f 1485/578/1384 1486/579/1385 1484/576/1383
f 1484/576/1383 1480/577/1379 1485/578/1384
f 1487/580/1386 1488/581/1387 1486/579/1385
f 1486/579/1385 1485/578/1384 1487/580/1386
f 1488/581/1387 1487/580/1386 1490/582/1388
f 1490/582/1388 1489/583/1389 1488/581/1387
f 1492/584/1390 1491/585/1391 1490/582/1388
f 1489/583/1389 1490/582/1388 1491/585/1391
f 1493/583/1392 1490/582/1388 1487/580/1386
f 1490/582/1388 1493/583/1392 1492/584/1390
f 1487/580/1386 1494/581/1393 1493/583/1392
f 1494/581/1393 1487/580/1386 1485/578/1384
f 1485/578/1384 1495/579/1394 1494/581/1393
f 1495/579/1394 1485/578/1384 1480/577/1379
f 1480/577/1379 1478/576/1378 1495/579/1394
f 1491/585/1391 1492/584/1390 1496/586/1395
f 1497/587/1396 1496/586/1395 1498/588/1397
f 1496/586/1395 1497/587/1396 1491/585/1391
f 1499/589/1398 1498/588/1397 1500/590/1399
f 1498/588/1397 1499/589/1398 1497/587/1396
f 1502/591/1400 1500/590/1399 1501/592/1401
f 1500/590/1399 1502/591/1400 1499/589/1398
f 1501/592/1401 1503/593/1402 1502/591/1400
f 1504/590/1403 1502/591/1400 1503/593/1402
f 1505/588/1404 1499/589/1398 1502/591/1400
f 1502/591/1400 1504/590/1403 1505/588/1404
f 1499/589/1398 1505/588/1404 1506/586/1405
f 1506/586/1405 1497/587/1396 1499/589/1398
f 1497/587/1396 1506/586/1405 1507/584/1406
f 1507/584/1406 1491/585/1391 1497/587/1396
f 1491/585/1391 1507/584/1406 1489/583/1389
f 1503/593/1402 1508/592/1407 1504/590/1403
f 1509/594/1408 1510/595/1409 1508/592/1407
f 1508/592/1407 1503/593/1402 1509/594/1408
f 1511/596/1410 1512/597/1411 1510/595/1409
f 1510/595/1409 1509/594/1408 1511/596/1410
f 1512/597/1411 1511/596/1410 1514/598/1412
f 1514/598/1412 1513/599/1413 1512/597/1411
f 1517/600/1414 1515/601/1415 1514/598/1412
f 1514/598/1412 1515/601/1415 1516/600/1416
f 1513/599/1413 1514/598/1412 1516/600/1416
f 1517/600/1414 1514/598/1412 1518/599/1417
f 1518/599/1417 1514/598/1412 1511/596/1410
f 1511/596/1410 1519/597/1418 1518/599/1417
f 1519/597/1418 1511/596/1410 1509/594/1408
f 1509/594/1408 1520/595/1419 1519/597/1418
f 1520/595/1419 1509/594/1408 1503/593/1402
f 1503/593/1402 1501/592/1401 1520/595/1419
f 1521/602/1420 1523/603/1421 1522/604/1422
f 1524/604/1423 1523/603/1421 1521/602/1420
f 1524/604/1423 1525/605/1424 1523/603/1421
f 1526/606/1425 1525/605/1424 1524/604/1423
f 1524/604/1423 1527/607/1426 1526/606/1425
f 1526/606/1425 1527/607/1426 1528/608/1427
f 1528/608/1427 1529/609/1428 1526/606/1425
f 1529/609/1428 1528/608/1427 1530/610/1429
f 1532/611/1430 1530/610/1429 1531/612/1431
f 1530/610/1429 1532/611/1430 1529/609/1428
f 1529/609/1428 1532/611/1430 1533/613/1432
f 1534/614/1433 1533/613/1432 1532/611/1430
f 1532/611/1430 1535/615/1434 1534/614/1433
f 1531/612/1431 1535/615/1434 1532/611/1430
f 1537/616/1435 1536/617/1436 1535/615/1434
f 1535/615/1434 1536/617/1436 1538/618/1437
f 1535/615/1434 1531/612/1431 1537/616/1435
f 1538/618/1437 1534/614/1433 1535/615/1434
f 1539/619/1438 1538/618/1437 1536/617/1436
f 1536/617/1436 1541/620/1439 1539/619/1438
f 1540/621/1440 1539/619/1438 1541/620/1439
f 1543/622/1441 1541/620/1439 1536/617/1436
f 1544/623/1442 1542/624/1443 1541/620/1439
f 1541/620/1439 1542/624/1443 1540/621/1440
f 1541/620/1439 1543/622/1441 1544/623/1442
f 1542/624/1443 1544/623/1442 1545/625/1444
f 1546/626/1445 1545/625/1444 1547/627/1446
f 1545/625/1444 1546/626/1445 1542/624/1443
f 1547/627/1446 1548/628/1447 1546/626/1445
f 1548/628/1447 1547/627/1446 1549/629/1448
f 1551/630/1449 1549/629/1448 1550/631/1450
f 1549/629/1448 1551/630/1449 1548/628/1447
f 1548/628/1447 1551/630/1449 1553/632/1432
f 1550/631/1450 1552/633/1451 1551/630/1449
f 1551/630/1449 1552/633/1451 1554/634/1452
f 1554/634/1452 1553/632/1432 1551/630/1449
f 1555/635/1453 1554/634/1452 1552/633/1451
f 1557/636/1454 1555/635/1453 1556/637/1455
f 1552/633/1451 1556/637/1455 1555/635/1453
f 1556/637/1455 1558/638/1456 1557/636/1454
f 1559/639/1457 1557/636/1454 1558/638/1456
f 1566/640/1458 1559/639/1457 1560/641/1459
f 1560/641/1459 1559/639/1457 1565/642/1460
f 1561/643/1461 1564/644/1462 1559/639/1457
f 1563/645/1463 1561/643/1461 1559/639/1457
f 1558/638/1456 1562/646/1464 1559/639/1457
f 1562/646/1464 1563/645/1463 1559/639/1457
f 1567/647/1465 1559/639/1457 1564/644/1462
f 1567/647/1465 1565/642/1460 1559/639/1457
f 1566/640/1458 1568/648/1466 1559/639/1457
f 1569/649/1467 1568/648/1466 1566/640/1458
f 1566/640/1458 1570/650/1468 1569/649/1467
f 1570/650/1468 1566/640/1458 1560/641/1459
f 1560/641/1459 1571/651/1469 1570/650/1468
f 1565/642/1460 1572/652/1470 1571/651/1469
f 1571/651/1469 1560/641/1459 1565/642/1460
f 1567/647/1465 1573/653/1471 1572/652/1470
f 1572/652/1470 1565/642/1460 1567/647/1465
f 1573/653/1471 1567/647/1465 1564/644/1462
f 1564/644/1462 1574/654/1472 1573/653/1471
f 1574/654/1472 1564/644/1462 1561/643/1461
f 1561/643/1461 1575/655/1473 1574/654/1472
f 1575/655/1473 1561/643/1461 1563/645/1463
f 1563/645/1463 1576/656/1474 1575/655/1473
f 1562/646/1464 1577/657/1475 1576/656/1474
f 1576/656/1474 1563/645/1463 1562/646/1464
f 1577/657/1475 1562/646/1464 1558/638/1456
f 1558/638/1456 1578/658/1476 1577/657/1475
f 1578/658/1476 1558/638/1456 1556/637/1455
f 1556/637/1455 1579/659/1477 1578/658/1476
f 1579/659/1477 1556/637/1455 1552/633/1451
f 1552/633/1451 1550/631/1450 1579/659/1477
f 1553/632/1432 1580/660/1432 1548/628/1447
f 1546/626/1445 1548/628/1447 1580/660/1432
f 1580/660/1432 1581/661/1438 1546/626/1445
f 1542/624/1443 1546/626/1445 1581/661/1438
f 1581/661/1438 1540/621/1440 1542/624/1443
f 1536/617/1436 1537/616/1435 1543/622/1441
f 1533/613/1432 1582/662/1478 1529/609/1428
f 1582/662/1478 1583/663/1479 1526/606/1425
f 1526/606/1425 1529/609/1428 1582/662/1478
f 1526/606/1425 1583/663/1479 1584/664/1480
f 1584/664/1480 1525/605/1424 1526/606/1425
f 1523/603/1421 1525/605/1424 1584/664/1480
f 1584/664/1480 1585/665/1481 1523/603/1421
f 1585/665/1481 1586/664/1482 1587/605/1483
f 1587/605/1483 1523/603/1421 1585/665/1481
f 1523/603/1421 1587/605/1483 1522/604/1422
f 1587/605/1483 1586/664/1482 1588/663/1484
f 1588/663/1484 1589/606/1485 1587/605/1483
f 1587/605/1483 1589/606/1485 1590/607/1486
f 1590/607/1486 1522/604/1422 1587/605/1483
f 1590/607/1486 1589/606/1485 1591/609/1487
f 1591/609/1487 1592/608/1488 1590/607/1486
f 1592/608/1488 1591/609/1487 1593/611/1489
f 1593/611/1489 1594/610/1490 1592/608/1488
f 1596/615/1491 1595/612/1492 1594/610/1490
f 1594/610/1490 1593/611/1489 1596/615/1491
f 1596/615/1491 1593/611/1489 1597/613/1493
f 1597/613/1493 1599/614/1494 1596/615/1491
f 1595/612/1492 1596/615/1491 1598/617/1495
f 1598/617/1495 1596/615/1491 1599/614/1494
f 1599/614/1494 1600/618/1496 1598/617/1495
f 1601/620/1497 1598/617/1495 1600/618/1496
f 1600/618/1496 1602/619/1498 1601/620/1497
f 1602/619/1498 1603/621/1499 1604/624/1500
f 1604/624/1500 1601/620/1497 1602/619/1498
f 1606/622/1501 1601/620/1497 1604/624/1500
f 1605/626/1502 1604/624/1500 1603/621/1499
f 1607/623/1503 1604/624/1500 1605/626/1502
f 1604/624/1500 1607/623/1503 1606/622/1501
f 1605/626/1502 1608/625/1504 1607/623/1503
f 1609/628/1505 1610/627/1506 1608/625/1504
f 1608/625/1504 1605/626/1502 1609/628/1505
f 1610/627/1506 1609/628/1505 1611/630/1507
f 1611/630/1507 1612/629/1508 1610/627/1506
f 1612/629/1508 1611/630/1507 1613/633/1509
f 1613/633/1509 1614/631/1510 1612/629/1508
f 1616/637/1511 1615/659/1512 1614/631/1510
f 1614/631/1510 1613/633/1509 1616/637/1511
f 1616/637/1511 1613/633/1509 1617/634/1496
f 1617/634/1496 1618/635/1513 1616/637/1511
f 1619/638/1514 1616/637/1511 1618/635/1513
f 1615/659/1512 1616/637/1511 1619/638/1514
f 1621/658/1515 1619/638/1514 1620/646/1516
f 1620/646/1516 1619/638/1514 1622/636/1517
f 1619/638/1514 1621/658/1515 1615/659/1512
f 1618/635/1513 1622/636/1517 1619/638/1514
f 1622/636/1517 1623/639/1518 1620/646/1516
f 1623/639/1518 1624/645/1519 1620/646/1516
f 1623/639/1518 1625/643/1520 1624/645/1519
f 1623/639/1518 1626/644/1521 1625/643/1520
f 1626/644/1521 1623/639/1518 1629/647/1522
f 1623/639/1518 1627/642/1523 1629/647/1522
f 1627/642/1523 1623/639/1518 1631/641/1524
f 1623/639/1518 1630/648/1525 1628/640/1526
f 1631/641/1524 1623/639/1518 1628/640/1526
f 1632/652/1527 1627/642/1523 1631/641/1524
f 1633/651/1528 1631/641/1524 1628/640/1526
f 1631/641/1524 1633/651/1528 1632/652/1527
f 1628/640/1526 1634/650/1529 1633/651/1528
f 1630/648/1525 1635/649/1530 1634/650/1529
f 1634/650/1529 1628/640/1526 1630/648/1525
f 1627/642/1523 1632/652/1527 1636/653/1531
f 1636/653/1531 1629/647/1522 1627/642/1523
f 1629/647/1522 1636/653/1531 1637/654/1532
f 1637/654/1532 1626/644/1521 1629/647/1522
f 1626/644/1521 1637/654/1532 1638/655/1533
f 1638/655/1533 1625/643/1520 1626/644/1521
f 1625/643/1520 1638/655/1533 1639/656/1534
f 1639/656/1534 1624/645/1519 1625/643/1520
f 1624/645/1519 1639/656/1534 1640/657/1535
f 1640/657/1535 1620/646/1516 1624/645/1519
f 1620/646/1516 1640/657/1535 1621/658/1515
f 1641/632/1493 1617/634/1496 1613/633/1509
f 1613/633/1509 1611/630/1507 1641/632/1493
f 1642/660/1493 1641/632/1493 1611/630/1507
f 1611/630/1507 1609/628/1505 1642/660/1493
f 1643/661/1496 1642/660/1493 1609/628/1505
f 1609/628/1505 1605/626/1502 1643/661/1496
f 1603/621/1499 1643/661/1496 1605/626/1502
f 1601/620/1497 1606/622/1501 1644/616/1536
f 1644/616/1536 1598/617/1495 1601/620/1497
f 1598/617/1495 1644/616/1536 1595/612/1492
f 1645/662/1537 1597/613/1493 1593/611/1489
f 1593/611/1489 1591/609/1487 1645/662/1537
f 1588/663/1484 1645/662/1537 1591/609/1487
f 1591/609/1487 1589/606/1485 1588/663/1484
f 1646/602/1538 1647/604/1539 1648/607/1540
f 1648/607/1540 1649/666/1541 1646/602/1538
f 1650/667/1542 1652/666/1543 1651/607/1544
f 1651/607/1544 1653/608/1545 1650/667/1542
f 1656/608/1546 1655/610/1547 1654/668/1548
f 1654/668/1548 1657/667/1549 1656/608/1546
f 1660/610/1550 1659/612/1551 1658/669/1552
f 1658/669/1552 1661/668/1553 1660/610/1550
f 1664/612/1554 1663/616/1555 1662/670/1556
f 1662/670/1556 1665/669/1557 1664/612/1554
f 1668/616/1558 1667/622/1559 1666/671/1560
f 1666/671/1560 1669/670/1561 1668/616/1558
f 1672/622/1562 1671/623/1563 1670/672/1564
f 1670/672/1564 1673/671/1565 1672/622/1562
f 1676/623/1566 1675/625/1567 1674/673/1568
f 1674/673/1568 1677/672/1569 1676/623/1566
f 1680/625/1570 1679/627/1571 1678/674/1572
f 1678/674/1572 1681/673/1573 1680/625/1570
f 1684/627/1574 1683/629/1575 1682/675/1576
f 1682/675/1576 1685/674/1577 1684/627/1574
f 1688/629/1578 1687/631/1579 1686/676/1580
f 1686/676/1580 1689/675/1581 1688/629/1578
f 1690/677/1582 1693/676/1583 1691/631/1584
f 1691/631/1584 1692/659/1585 1690/677/1582
f 1696/659/1586 1695/658/1587 1694/678/1588
f 1694/678/1588 1697/677/1589 1696/659/1586
f 1700/658/1590 1699/657/1591 1698/679/1592
f 1698/679/1592 1701/678/1593 1700/658/1590
f 1704/657/1594 1703/656/1595 1702/680/1596
f 1702/680/1596 1705/679/1597 1704/657/1594
f 1708/656/1598 1707/655/1599 1706/681/1600
f 1706/681/1600 1709/680/1601 1708/656/1598
f 1712/655/1602 1711/654/1603 1710/682/1604
f 1710/682/1604 1713/681/1605 1712/655/1602
f 1716/654/1606 1715/653/1607 1714/683/1608
f 1714/683/1608 1717/682/1609 1716/654/1606
f 1720/653/1610 1719/652/1611 1718/684/1612
f 1718/684/1612 1721/683/1613 1720/653/1610
f 1722/685/1614 1723/684/1615 1724/652/1616
f 1724/652/1616 1725/651/1617 1722/685/1614
f 1728/650/1618 1727/649/1619 1726/686/1620
f 1726/686/1620 1729/687/1621 1728/650/1618
f 1732/651/1622 1731/650/1623 1730/687/1624
f 1730/687/1624 1733/685/1625 1732/651/1622
f 1736/608/1626 1734/607/1627 1735/666/1628
f 1735/666/1628 1737/667/1629 1736/608/1626
f 1738/604/1630 1740/602/1631 1739/666/1632
f 1739/666/1632 1741/607/1633 1738/604/1630
f 1744/667/1634 1743/668/1635 1742/610/1636
f 1742/610/1636 1745/608/1637 1744/667/1634
f 1748/668/1638 1747/669/1639 1746/612/1640
f 1746/612/1640 1749/610/1641 1748/668/1638
f 1751/669/1642 1752/670/1643 1750/616/1644
f 1750/616/1644 1753/612/1645 1751/669/1642
f 1756/670/1646 1755/671/1647 1754/622/1648
f 1754/622/1648 1757/616/1649 1756/670/1646
f 1758/623/1650 1759/622/1651 1761/671/1652
f 1761/671/1652 1760/672/1653 1758/623/1650
f 1764/672/1654 1763/673/1655 1762/625/1656
f 1762/625/1656 1765/623/1657 1764/672/1654
f 1768/673/1658 1767/674/1659 1766/627/1660
f 1766/627/1660 1769/625/1661 1768/673/1658
f 1772/674/1662 1771/675/1663 1770/629/1664
f 1770/629/1664 1773/627/1665 1772/674/1662
f 1776/675/1666 1775/676/1667 1774/631/1668
f 1774/631/1668 1777/629/1669 1776/675/1666
f 1780/676/1670 1779/677/1671 1778/659/1672
f 1778/659/1672 1781/631/1673 1780/676/1670
f 1784/677/1674 1783/678/1675 1782/658/1676
f 1782/658/1676 1785/659/1677 1784/677/1674
f 1788/678/1678 1787/679/1679 1786/657/1680
f 1786/657/1680 1789/658/1675 1788/678/1678
f 1793/679/1681 1791/680/1682 1790/656/1683
f 1790/656/1683 1792/657/1684 1793/679/1681
f 1796/680/1685 1795/681/1686 1794/655/1687
f 1794/655/1687 1797/656/1688 1796/680/1685
f 1800/681/1689 1799/682/1690 1798/654/1691
f 1798/654/1691 1801/655/1692 1800/681/1689
f 1804/682/1693 1803/683/1694 1802/653/1695
f 1802/653/1695 1805/654/1696 1804/682/1693
f 1806/652/1697 1807/653/1698 1809/683/1699
f 1809/683/1699 1808/684/1700 1806/652/1697
f 1810/651/1701 1811/652/1702 1813/684/1703
f 1813/684/1703 1812/685/1704 1810/651/1701
f 1816/685/1705 1815/687/1706 1814/650/1707
f 1814/650/1707 1817/651/1708 1816/685/1705
f 1821/687/1709 1819/686/1710 1818/649/1711
f 1818/649/1711 1820/650/1712 1821/687/1709
usemtl 白楼剣鞘、柄、鍔.001
f 1885/688/1713 1849/689/1714 1822/690/1715
f 1822/690/1715 1846/691/1716 1885/688/1713
f 1886/692/1717 1846/691/1716 1822/690/1715
f 1822/690/1715 1847/693/1717 1886/692/1717
f 1888/694/1717 1847/693/1717 1822/690/1715
f 1822/690/1715 1848/695/1718 1888/694/1717
f 1887/696/1719 1848/695/1718 1822/690/1715
f 1822/690/1715 1849/689/1714 1887/696/1719
f 1886/692/1717 1847/693/1717 1823/697/1720
f 1823/697/1720 1850/698/1721 1886/692/1717
f 1892/699/1722 1850/698/1721 1823/697/1720
f 1823/697/1720 1851/700/1723 1892/699/1722
f 1893/701/1724 1851/700/1723 1823/697/1720
f 1823/697/1720 1852/702/1725 1893/701/1724
f 1888/694/1717 1852/702/1725 1823/697/1720
f 1823/697/1720 1847/693/1717 1888/694/1717
f 1892/699/1722 1851/700/1723 1824/703/1726
f 1824/703/1726 1853/704/1727 1892/699/1722
f 1893/701/1724 1854/705/1728 1824/703/1726
f 1824/703/1726 1851/700/1723 1893/701/1724
f 1885/688/1713 1855/706/1729 1825/707/1730
f 1825/707/1730 1849/689/1714 1885/688/1713
f 1887/696/1719 1849/689/1714 1825/707/1730
f 1825/707/1730 1856/708/1731 1887/696/1719
f 1884/709/1732 1857/710/1733 1826/711/1734
f 1826/711/1734 1858/712/1735 1884/709/1732
f 1883/713/1736 1858/712/1735 1826/711/1734
f 1826/711/1734 1859/714/1737 1883/713/1736
f 1891/715/1738 1860/716/1739 1827/717/1740
f 1827/717/1740 1861/718/1741 1891/715/1738
f 1884/709/1732 1861/718/1741 1827/717/1740
f 1827/717/1740 1857/710/1733 1884/709/1732
f 1889/719/1742 1864/720/1743 1828/721/1744
f 1828/721/1744 1862/722/1745 1889/719/1742
f 1890/723/1746 1862/722/1745 1828/721/1744
f 1828/721/1744 1863/724/1747 1890/723/1746
f 1890/723/1746 1863/724/1747 1829/725/1748
f 1829/725/1748 1865/726/1749 1890/723/1746
f 1894/727/1750 1865/726/1749 1829/725/1748
f 1829/725/1748 1866/728/1751 1894/727/1750
f 1883/713/1736 1867/729/1752 1830/730/1753
f 1830/730/1753 1858/712/1735 1883/713/1736
f 1884/709/1732 1858/712/1735 1830/730/1753
f 1830/730/1753 1868/731/1754 1884/709/1732
f 1886/692/1717 1869/732/1717 1831/733/1755
f 1831/733/1755 1846/691/1716 1886/692/1717
f 1885/688/1713 1846/691/1716 1831/733/1755
f 1831/733/1755 1870/734/1756 1885/688/1713
f 1885/688/1713 1870/734/1756 1832/735/1757
f 1832/735/1757 1855/706/1729 1885/688/1713
f 1883/713/1736 1859/714/1737 1833/736/1758
f 1833/736/1758 1867/729/1752 1883/713/1736
f 1884/709/1732 1868/731/1754 1834/737/1759
f 1834/737/1759 1861/718/1741 1884/709/1732
f 1891/715/1738 1861/718/1741 1834/737/1759
f 1834/737/1759 1871/738/1760 1891/715/1738
f 1892/699/1722 1872/739/1761 1835/740/1762
f 1835/740/1762 1850/698/1721 1892/699/1722
f 1886/692/1717 1850/698/1721 1835/740/1762
f 1835/740/1762 1869/732/1717 1886/692/1717
f 1891/715/1738 1871/738/1760 1836/741/1763
f 1836/741/1763 1860/716/1739 1891/715/1738
f 1892/699/1722 1853/704/1727 1837/742/1764
f 1837/742/1764 1872/739/1761 1892/699/1722
f 1895/743/1765 1875/744/1766 1838/745/1767
f 1838/745/1767 1873/746/1768 1895/743/1765
f 1887/696/1719 1873/746/1768 1838/745/1767
f 1838/745/1767 1848/695/1718 1887/696/1719
f 1888/694/1717 1848/695/1718 1838/745/1767
f 1838/745/1767 1874/747/1717 1888/694/1717
f 1896/748/1717 1874/747/1717 1838/745/1767
f 1838/745/1767 1875/744/1766 1896/748/1717
f 1895/743/1765 1877/749/1769 1839/750/1770
f 1839/750/1770 1875/744/1766 1895/743/1765
f 1896/748/1717 1875/744/1766 1839/750/1770
f 1839/750/1770 1876/751/1771 1896/748/1717
f 1890/723/1746 1876/751/1771 1839/750/1770
f 1839/750/1770 1862/722/1745 1890/723/1746
f 1889/719/1742 1862/722/1745 1839/750/1770
f 1839/750/1770 1877/749/1769 1889/719/1742
f 1895/743/1765 1878/752/1772 1840/753/1773
f 1840/753/1773 1877/749/1769 1895/743/1765
f 1889/719/1742 1877/749/1769 1840/753/1773
f 1840/753/1773 1864/720/1743 1889/719/1742
f 1895/743/1765 1873/746/1768 1841/754/1774
f 1841/754/1774 1878/752/1772 1895/743/1765
f 1887/696/1719 1856/708/1731 1841/754/1774
f 1841/754/1774 1873/746/1768 1887/696/1719
f 1896/748/1717 1880/755/1775 1842/756/1776
f 1842/756/1776 1874/747/1717 1896/748/1717
f 1888/694/1717 1874/747/1717 1842/756/1776
f 1842/756/1776 1852/702/1725 1888/694/1717
f 1893/701/1724 1852/702/1725 1842/756/1776
f 1842/756/1776 1879/757/1777 1893/701/1724
f 1897/758/1778 1879/757/1777 1842/756/1776
f 1842/756/1776 1880/755/1775 1897/758/1778
f 1896/748/1717 1876/751/1771 1843/759/1779
f 1843/759/1779 1880/755/1775 1896/748/1717
f 1897/758/1778 1880/755/1775 1843/759/1779
f 1843/759/1779 1881/760/1780 1897/758/1778
f 1894/727/1750 1881/760/1780 1843/759/1779
f 1843/759/1779 1865/726/1749 1894/727/1750
f 1890/723/1746 1865/726/1749 1843/759/1779
f 1843/759/1779 1876/751/1771 1890/723/1746
f 1897/758/1778 1882/761/1781 1844/762/1782
f 1844/762/1782 1879/757/1777 1897/758/1778
f 1893/701/1724 1879/757/1777 1844/762/1782
f 1844/762/1782 1854/705/1728 1893/701/1724
f 1897/758/1778 1881/760/1780 1845/763/1783
f 1845/763/1783 1882/761/1781 1897/758/1778
f 1894/727/1750 1866/728/1751 1845/763/1783
f 1845/763/1783 1881/760/1780 1894/727/1750
f 1905/764/1784 1900/765/1785 1904/766/1786
f 1904/766/1786 1906/767/1787 1905/764/1784
f 1905/764/1784 1907/768/1788 1903/769/1789
f 1903/769/1789 1900/765/1785 1905/764/1784
f 1906/767/1787 1904/766/1786 1901/770/1790
f 1901/770/1790 1908/771/1791 1906/767/1787
f 1907/768/1788 1909/772/1792 1898/773/1793
f 1898/773/1793 1903/769/1789 1907/768/1788
f 1909/772/1792 1910/774/1794 1902/775/1795
f 1902/775/1795 1898/773/1793 1909/772/1792
f 1910/774/1794 1911/776/1796 1899/777/1797
f 1899/777/1797 1902/775/1795 1910/774/1794
f 1912/778/1798 1871/738/1760 1834/737/1759
f 1834/737/1759 1913/779/1799 1912/778/1798
f 1912/778/1798 1914/780/1800 1836/741/1763
f 1836/741/1763 1871/738/1760 1912/778/1798
f 1913/779/1799 1834/737/1759 1868/731/1754
f 1868/731/1754 1915/781/1801 1913/779/1799
f 1915/781/1801 1868/731/1754 1830/730/1753
f 1830/730/1753 1916/782/1802 1915/781/1801
f 1916/782/1802 1830/730/1753 1867/729/1752
f 1867/729/1752 1917/783/1803 1916/782/1802
f 1917/783/1803 1867/729/1752 1833/736/1758
f 1833/736/1758 1918/784/1804 1917/783/1803
f 1919/785/1805 1920/786/1806 1835/740/1762
f 1835/740/1762 1872/739/1761 1919/785/1805
f 1919/785/1805 1872/739/1761 1837/742/1764
f 1837/742/1764 1921/787/1807 1919/785/1805
f 1920/786/1806 1922/788/1808 1869/732/1717
f 1869/732/1717 1835/740/1762 1920/786/1806
f 1922/788/1808 1923/789/1809 1831/733/1755
f 1831/733/1755 1869/732/1717 1922/788/1808
f 1923/789/1809 1924/790/1810 1870/734/1756
f 1870/734/1756 1831/733/1755 1923/789/1809
f 1924/790/1810 1925/791/1811 1832/735/1757
f 1832/735/1757 1870/734/1756 1924/790/1810
f 1906/767/1787 1912/778/1798 1913/779/1799
f 1913/779/1799 1905/764/1784 1906/767/1787
f 1905/764/1784 1913/779/1799 1915/781/1801
f 1915/781/1801 1907/768/1788 1905/764/1784
f 1908/771/1791 1914/780/1800 1912/778/1798
f 1912/778/1798 1906/767/1787 1908/771/1791
f 1907/768/1788 1915/781/1801 1916/782/1802
f 1916/782/1802 1909/772/1792 1907/768/1788
f 1909/772/1792 1916/782/1802 1917/783/1803
f 1917/783/1803 1910/774/1794 1909/772/1792
f 1910/774/1794 1917/783/1803 1918/784/1804
f 1918/784/1804 1911/776/1796 1910/774/1794
f 1900/765/1785 1920/786/1806 1919/785/1805
f 1919/785/1805 1904/766/1786 1900/765/1785
f 1903/769/1789 1922/788/1808 1920/786/1806
f 1920/786/1806 1900/765/1785 1903/769/1789
f 1904/766/1786 1919/785/1805 1921/787/1807
f 1921/787/1807 1901/770/1790 1904/766/1786
f 1898/773/1793 1923/789/1809 1922/788/1808
f 1922/788/1808 1903/769/1789 1898/773/1793
f 1902/775/1795 1924/790/1810 1923/789/1809
f 1923/789/1809 1898/773/1793 1902/775/1795
f 1899/777/1797 1925/791/1811 1924/790/1810
f 1924/790/1810 1902/775/1795 1899/777/1797
f 1939/689/1812 1963/688/1813 1936/691/1814
f 1936/691/1814 1926/690/1815 1939/689/1812
f 1936/691/1814 1964/692/1816 1937/693/1816
f 1937/693/1816 1926/690/1815 1936/691/1814
f 1937/693/1816 1966/694/1816 1938/695/1817
f 1938/695/1817 1926/690/1815 1937/693/1816
f 1938/695/1817 1965/696/1818 1939/689/1812
f 1939/689/1812 1926/690/1815 1938/695/1817
f 1937/693/1816 1964/692/1816 1940/698/1819
f 1940/698/1819 1927/697/1820 1937/693/1816
f 1940/698/1819 1970/699/1821 1941/700/1822
f 1941/700/1822 1927/697/1820 1940/698/1819
f 1941/700/1822 1971/701/1823 1942/702/1824
f 1942/702/1824 1927/697/1820 1941/700/1822
f 1942/702/1824 1966/694/1816 1937/693/1816
f 1937/693/1816 1927/697/1820 1942/702/1824
f 1941/700/1822 1970/699/1821 1853/704/1727
f 1853/704/1727 1824/703/1726 1941/700/1822
f 1854/705/1728 1971/701/1823 1941/700/1822
f 1941/700/1822 1824/703/1726 1854/705/1728
f 1855/706/1729 1963/688/1813 1939/689/1812
f 1939/689/1812 1825/707/1730 1855/706/1729
f 1939/689/1812 1965/696/1818 1856/708/1731
f 1856/708/1731 1825/707/1730 1939/689/1812
f 1857/710/1733 1962/709/1825 1943/712/1826
f 1943/712/1826 1826/711/1734 1857/710/1733
f 1943/712/1826 1961/713/1827 1859/714/1737
f 1859/714/1737 1826/711/1734 1943/712/1826
f 1860/716/1739 1969/715/1828 1944/718/1829
f 1944/718/1829 1827/717/1740 1860/716/1739
f 1944/718/1829 1962/709/1825 1857/710/1733
f 1857/710/1733 1827/717/1740 1944/718/1829
f 1864/720/1743 1967/719/1830 1945/722/1831
f 1945/722/1831 1828/721/1744 1864/720/1743
f 1945/722/1831 1968/723/1832 1863/724/1747
f 1863/724/1747 1828/721/1744 1945/722/1831
f 1863/724/1747 1968/723/1832 1946/726/1833
f 1946/726/1833 1829/725/1748 1863/724/1747
f 1946/726/1833 1972/727/1834 1866/728/1751
f 1866/728/1751 1829/725/1748 1946/726/1833
f 1947/729/1835 1961/713/1827 1943/712/1826
f 1943/712/1826 1928/730/1836 1947/729/1835
f 1943/712/1826 1962/709/1825 1948/731/1837
f 1948/731/1837 1928/730/1836 1943/712/1826
f 1949/732/1816 1964/692/1816 1936/691/1814
f 1936/691/1814 1929/733/1838 1949/732/1816
f 1936/691/1814 1963/688/1813 1950/734/1839
f 1950/734/1839 1929/733/1838 1936/691/1814
f 1950/734/1839 1963/688/1813 1855/706/1729
f 1855/706/1729 1832/735/1757 1950/734/1839
f 1859/714/1737 1961/713/1827 1947/729/1835
f 1947/729/1835 1833/736/1758 1859/714/1737
f 1948/731/1837 1962/709/1825 1944/718/1829
f 1944/718/1829 1930/737/1840 1948/731/1837
f 1944/718/1829 1969/715/1828 1951/738/1841
f 1951/738/1841 1930/737/1840 1944/718/1829
f 1952/739/1842 1970/699/1821 1940/698/1819
f 1940/698/1819 1931/740/1843 1952/739/1842
f 1940/698/1819 1964/692/1816 1949/732/1816
f 1949/732/1816 1931/740/1843 1940/698/1819
f 1951/738/1841 1969/715/1828 1860/716/1739
f 1860/716/1739 1836/741/1763 1951/738/1841
f 1853/704/1727 1970/699/1821 1952/739/1842
f 1952/739/1842 1837/742/1764 1853/704/1727
f 1955/744/1844 1973/743/1845 1953/746/1846
f 1953/746/1846 1932/745/1847 1955/744/1844
f 1953/746/1846 1965/696/1818 1938/695/1817
f 1938/695/1817 1932/745/1847 1953/746/1846
f 1938/695/1817 1966/694/1816 1954/747/1816
f 1954/747/1816 1932/745/1847 1938/695/1817
f 1954/747/1816 1974/748/1816 1955/744/1844
f 1955/744/1844 1932/745/1847 1954/747/1816
f 1957/749/1848 1973/743/1845 1955/744/1844
f 1955/744/1844 1933/750/1849 1957/749/1848
f 1955/744/1844 1974/748/1816 1956/751/1850
f 1956/751/1850 1933/750/1849 1955/744/1844
f 1956/751/1850 1968/723/1832 1945/722/1831
f 1945/722/1831 1933/750/1849 1956/751/1850
f 1945/722/1831 1967/719/1830 1957/749/1848
f 1957/749/1848 1933/750/1849 1945/722/1831
f 1878/752/1772 1973/743/1845 1957/749/1848
f 1957/749/1848 1840/753/1773 1878/752/1772
f 1957/749/1848 1967/719/1830 1864/720/1743
f 1864/720/1743 1840/753/1773 1957/749/1848
f 1953/746/1846 1973/743/1845 1878/752/1772
f 1878/752/1772 1841/754/1774 1953/746/1846
f 1856/708/1731 1965/696/1818 1953/746/1846
f 1953/746/1846 1841/754/1774 1856/708/1731
f 1959/755/1851 1974/748/1816 1954/747/1816
f 1954/747/1816 1934/756/1852 1959/755/1851
f 1954/747/1816 1966/694/1816 1942/702/1824
f 1942/702/1824 1934/756/1852 1954/747/1816
f 1942/702/1824 1971/701/1823 1958/757/1853
f 1958/757/1853 1934/756/1852 1942/702/1824
f 1958/757/1853 1975/758/1854 1959/755/1851
f 1959/755/1851 1934/756/1852 1958/757/1853
f 1956/751/1850 1974/748/1816 1959/755/1851
f 1959/755/1851 1935/759/1855 1956/751/1850
f 1959/755/1851 1975/758/1854 1960/760/1856
f 1960/760/1856 1935/759/1855 1959/755/1851
f 1960/760/1856 1972/727/1834 1946/726/1833
f 1946/726/1833 1935/759/1855 1960/760/1856
f 1946/726/1833 1968/723/1832 1956/751/1850
f 1956/751/1850 1935/759/1855 1946/726/1833
f 1882/761/1781 1975/758/1854 1958/757/1853
f 1958/757/1853 1844/762/1782 1882/761/1781
f 1958/757/1853 1971/701/1823 1854/705/1728
f 1854/705/1728 1844/762/1782 1958/757/1853
f 1960/760/1856 1975/758/1854 1882/761/1781
f 1882/761/1781 1845/763/1783 1960/760/1856
f 1866/728/1751 1972/727/1834 1960/760/1856
f 1960/760/1856 1845/763/1783 1866/728/1751
f 1978/765/1857 1983/764/1858 1984/767/1859
f 1984/767/1859 1982/766/1860 1978/765/1857
f 1985/768/1861 1983/764/1858 1978/765/1857
f 1978/765/1857 1981/769/1862 1985/768/1861
f 1982/766/1860 1984/767/1859 1986/771/1863
f 1986/771/1863 1979/770/1864 1982/766/1860
f 1987/772/1865 1985/768/1861 1981/769/1862
f 1981/769/1862 1976/773/1866 1987/772/1865
f 1988/774/1867 1987/772/1865 1976/773/1866
f 1976/773/1866 1980/775/1868 1988/774/1867
f 1989/776/1869 1988/774/1867 1980/775/1868
f 1980/775/1868 1977/777/1870 1989/776/1869
f 1951/738/1841 1990/778/1871 1991/779/1872
f 1991/779/1872 1930/737/1840 1951/738/1841
f 1914/780/1800 1990/778/1871 1951/738/1841
f 1951/738/1841 1836/741/1763 1914/780/1800
f 1930/737/1840 1991/779/1872 1992/781/1873
f 1992/781/1873 1948/731/1837 1930/737/1840
f 1948/731/1837 1992/781/1873 1993/782/1874
f 1993/782/1874 1928/730/1836 1948/731/1837
f 1928/730/1836 1993/782/1874 1994/783/1875
f 1994/783/1875 1947/729/1835 1928/730/1836
f 1947/729/1835 1994/783/1875 1918/784/1804
f 1918/784/1804 1833/736/1758 1947/729/1835
f 1996/786/1876 1995/785/1877 1952/739/1842
f 1952/739/1842 1931/740/1843 1996/786/1876
f 1952/739/1842 1995/785/1877 1921/787/1807
f 1921/787/1807 1837/742/1764 1952/739/1842
f 1997/788/1878 1996/786/1876 1931/740/1843
f 1931/740/1843 1949/732/1816 1997/788/1878
f 1998/789/1879 1997/788/1878 1949/732/1816
f 1949/732/1816 1929/733/1838 1998/789/1879
f 1999/790/1880 1998/789/1879 1929/733/1838
f 1929/733/1838 1950/734/1839 1999/790/1880
f 1925/791/1811 1999/790/1880 1950/734/1839
f 1950/734/1839 1832/735/1757 1925/791/1811
f 1990/778/1871 1984/767/1859 1983/764/1858
f 1983/764/1858 1991/779/1872 1990/778/1871
f 1991/779/1872 1983/764/1858 1985/768/1861
f 1985/768/1861 1992/781/1873 1991/779/1872
f 1914/780/1800 1986/771/1863 1984/767/1859
f 1984/767/1859 1990/778/1871 1914/780/1800
f 1992/781/1873 1985/768/1861 1987/772/1865
f 1987/772/1865 1993/782/1874 1992/781/1873
f 1993/782/1874 1987/772/1865 1988/774/1867
f 1988/774/1867 1994/783/1875 1993/782/1874
f 1994/783/1875 1988/774/1867 1989/776/1869
f 1989/776/1869 1918/784/1804 1994/783/1875
f 1996/786/1876 1978/765/1857 1982/766/1860
f 1982/766/1860 1995/785/1877 1996/786/1876
f 1997/788/1878 1981/769/1862 1978/765/1857
f 1978/765/1857 1996/786/1876 1997/788/1878
f 1995/785/1877 1982/766/1860 1979/770/1864
f 1979/770/1864 1921/787/1807 1995/785/1877
f 1998/789/1879 1976/773/1866 1981/769/1862
f 1981/769/1862 1997/788/1878 1998/789/1879
f 1999/790/1880 1980/775/1868 1976/773/1866
f 1976/773/1866 1998/789/1879 1999/790/1880
f 1925/791/1811 1977/777/1870 1980/775/1868
f 1980/775/1868 1999/790/1880 1925/791/1811
f 2001/792/1881 2004/793/1882 2000/794/1882
f 2002/795/1883 2001/792/1881 2000/794/1882
f 2003/796/1884 2002/795/1883 2000/794/1882
f 2006/797/1885 2003/796/1884 2000/794/1882
f 2004/793/1882 2005/798/1886 2000/794/1882
f 2000/794/1882 2005/798/1886 2011/793/1882
f 2007/799/1887 2006/797/1885 2000/794/1882
f 2000/794/1882 2012/797/1884 2007/799/1887
f 2000/794/1882 2008/795/1888 2010/796/1885
f 2000/794/1882 2009/792/1889 2008/795/1888
f 2000/794/1882 2011/793/1882 2009/792/1889
f 2000/794/1882 2010/796/1885 2012/797/1884
f 2014/792/1890 2017/795/1891 2013/794/1892
f 2015/793/1893 2014/792/1890 2013/794/1892
f 2016/798/1894 2015/793/1893 2013/794/1892
f 2013/794/1892 2021/793/1895 2016/798/1894
f 2017/795/1891 2018/796/1896 2013/794/1892
f 2018/796/1896 2019/797/1897 2013/794/1892
f 2019/797/1897 2020/799/1420 2013/794/1892
f 2013/794/1892 2020/799/1420 2025/797/1898
f 2013/794/1892 2022/792/1899 2021/793/1895
f 2013/794/1892 2023/795/1900 2022/792/1899
f 2013/794/1892 2024/796/1901 2023/795/1900
f 2013/794/1892 2025/797/1898 2024/796/1901
f 2031/800/1717 2027/801/1902 2026/802/1903
f 2026/802/1903 2027/801/1902 2030/803/1904
f 2026/802/1903 2028/804/1717 2031/800/1717
f 2030/803/1904 2029/805/1905 2026/802/1903
f 2033/806/1906 2032/807/1907 2031/800/1717
f 2031/800/1717 2028/804/1717 2033/806/1906
f 2035/808/1908 2032/807/1907 2033/806/1906
f 2033/806/1906 2034/809/1909 2035/808/1908
f 2035/808/1908 2034/809/1909 2037/810/1910
f 2037/810/1910 2036/811/1910 2035/808/1908
f 2036/811/1910 2037/810/1910 2038/809/1911
f 2038/809/1911 2039/808/1912 2036/811/1910
f 2041/807/1913 2039/808/1912 2038/809/1911
f 2038/809/1911 2040/806/1914 2041/807/1913
f 2041/807/1913 2040/806/1914 2042/804/1816
f 2042/804/1816 2043/800/1816 2041/807/1913
f 2044/801/1915 2043/800/1816 2042/804/1816
f 2042/804/1816 2047/802/1916 2044/801/1915
f 2044/801/1915 2047/802/1916 2045/805/1917
f 2045/805/1917 2046/803/1918 2044/801/1915
f 2048/812/1919 2046/803/1918 2045/805/1917
f 2045/805/1917 2049/813/1919 2048/812/1919
f 2030/803/1904 2048/812/1919 2049/813/1919
f 2049/813/1919 2029/805/1905 2030/803/1904
f 2051/814/1481 2050/815/1891 2052/816/1891
f 2054/817/1920 2052/816/1891 2050/815/1891
f 2050/815/1891 2053/814/1921 2054/817/1920
f 2057/818/1922 2054/817/1920 2053/814/1921
f 2055/819/1923 2052/816/1891 2054/817/1920
f 2054/817/1920 2056/820/1420 2055/819/1923
f 2053/814/1921 2058/821/1924 2057/818/1922
f 2059/822/1925 2057/818/1922 2058/821/1924
f 2058/821/1924 2061/823/1926 2059/822/1925
f 2060/824/1927 2059/822/1925 2061/823/1926
f 2061/823/1926 2062/825/1928 2060/824/1927
f 2062/825/1928 2063/826/1929 2064/827/1930
f 2064/827/1930 2060/824/1927 2062/825/1928
f 2064/827/1930 2063/826/1929 2066/828/1898
f 2066/828/1898 2065/829/1931 2064/827/1930
f 2065/829/1931 2066/828/1898 2067/830/1921
f 2069/831/1932 2068/832/1933 2067/830/1921
f 2067/830/1921 2068/832/1933 2065/829/1931
f 2067/830/1921 2070/833/1934 2069/831/1932
f 2069/831/1932 2070/833/1934 2071/834/1935
f 2071/834/1935 2072/835/1936 2069/831/1932
f 2073/836/1900 2072/835/1936 2071/834/1935
f 2071/834/1935 2074/837/1937 2073/836/1900
f 2073/836/1900 2074/837/1937 2075/838/1938
f 2077/839/1939 2075/838/1938 2076/840/1940
f 2075/838/1938 2077/839/1939 2073/836/1900
f 2076/840/1940 2078/841/1941 2077/839/1939
f 2079/842/1942 2078/841/1941 2076/840/1940
f 2079/842/1942 2080/843/1895 2082/844/1943
f 2076/840/1940 2080/843/1895 2079/842/1942
f 2082/844/1943 2081/845/1900 2079/842/1942
f 2082/844/1943 2084/846/1944 2083/847/1945
f 2083/847/1945 2081/845/1900 2082/844/1943
f 2083/847/1945 2084/846/1944 2085/848/1946
f 2085/848/1946 2086/849/1421 2083/847/1945
f 2086/849/1421 2085/848/1946 2087/850/1947
f 2087/850/1947 2088/851/1933 2089/852/1948
f 2089/852/1948 2090/853/1949 2087/850/1947
f 2087/850/1947 2090/853/1949 2086/849/1421
f 2091/854/1950 2089/852/1948 2088/851/1933
f 2088/851/1933 2092/855/1951 2091/854/1950
f 2093/856/1952 2091/854/1950 2092/855/1951
f 2094/857/1953 2093/856/1952 2095/858/1921
f 2092/855/1951 2095/858/1921 2093/856/1952
f 2095/858/1921 2096/859/1895 2094/857/1953
f 2097/860/1954 2094/857/1953 2096/859/1895
f 2096/859/1895 2098/861/1955 2097/860/1954
f 2098/861/1955 2099/859/1956 2100/857/1957
f 2100/857/1957 2097/860/1954 2098/861/1955
f 2055/819/1923 2097/860/1954 2100/857/1957
f 2101/856/1958 2100/857/1957 2099/859/1956
f 2100/857/1957 2102/820/1899 2055/819/1923
f 2102/820/1899 2103/817/1959 2052/816/1891
f 2052/816/1891 2055/819/1923 2102/820/1899
f 2103/817/1959 2104/818/1960 2105/821/1961
f 2052/816/1891 2103/817/1959 2051/814/1481
f 2105/821/1961 2051/814/1481 2103/817/1959
f 2106/823/1962 2105/821/1961 2104/818/1960
f 2107/825/1960 2106/823/1962 2108/822/1963
f 2104/818/1960 2108/822/1963 2106/823/1962
f 2108/822/1963 2109/824/1964 2107/825/1960
f 2110/826/1965 2107/825/1960 2109/824/1964
f 2109/824/1964 2111/827/1966 2110/826/1965
f 2110/826/1965 2111/827/1966 2112/829/1967
f 2114/828/1923 2112/829/1967 2113/832/1890
f 2112/829/1967 2114/828/1923 2110/826/1965
f 2113/832/1890 2115/830/1953 2114/828/1923
f 2116/833/1968 2115/830/1953 2113/832/1890
f 2113/832/1890 2118/831/1962 2116/833/1968
f 2119/835/1898 2117/834/1969 2116/833/1968
f 2116/833/1968 2118/831/1962 2119/835/1898
f 2121/837/1970 2117/834/1969 2119/835/1898
f 2119/835/1898 2120/836/1971 2121/837/1970
f 2123/839/1972 2122/838/1973 2121/837/1970
f 2121/837/1970 2120/836/1971 2123/839/1972
f 2122/838/1973 2123/839/1972 2124/841/1974
f 2124/841/1974 2125/840/1975 2122/838/1973
f 2126/843/1976 2125/840/1975 2124/841/1974
f 2124/841/1974 2127/842/1977 2126/843/1976
f 2126/843/1976 2127/842/1977 2128/845/1978
f 2128/845/1978 2129/847/1979 2131/846/1944
f 2128/845/1978 2130/844/1929 2126/843/1976
f 2131/846/1944 2130/844/1929 2128/845/1978
f 2133/849/1980 2132/848/1981 2131/846/1944
f 2131/846/1944 2129/847/1979 2133/849/1980
f 2132/848/1981 2133/849/1980 2134/853/1982
f 2134/853/1982 2137/850/1983 2132/848/1981
f 2134/853/1982 2136/852/1936 2135/851/1984
f 2135/851/1984 2137/850/1983 2134/853/1982
f 2138/855/1985 2135/851/1984 2136/852/1936
f 2136/852/1936 2139/854/1975 2138/855/1985
f 2139/854/1975 2101/856/1958 2140/858/1986
f 2140/858/1986 2138/855/1985 2139/854/1975
f 2099/859/1956 2140/858/1986 2101/856/1958
f 2097/860/1954 2055/819/1923 2056/820/1420
f 2056/820/1420 2094/857/1953 2097/860/1954
f 2143/862/1987 2142/863/1987 2141/864/1988
f 2141/864/1988 2144/865/1989 2143/862/1987
f 2144/865/1989 2141/864/1988 2145/866/1990
f 2145/866/1990 2146/867/1991 2144/865/1989
f 2146/867/1991 2145/866/1990 2147/868/1992
f 2147/868/1992 2148/869/1993 2146/867/1991
f 2148/869/1993 2147/868/1992 2149/870/1994
f 2149/870/1994 2150/871/1995 2148/869/1993
f 2150/871/1995 2149/870/1994 2151/872/1996
f 2151/872/1996 2152/873/1996 2150/871/1995
f 2152/873/1996 2151/872/1996 2153/874/1997
f 2153/874/1997 2154/875/1998 2152/873/1996
f 2154/875/1998 2153/874/1997 2155/876/1999
f 2155/876/1999 2156/877/2000 2154/875/1998
f 2156/877/2000 2155/876/1999 2157/878/2001
f 2157/878/2001 2159/879/2002 2156/877/2000
f 2159/879/2002 2157/878/2001 2158/880/2003
f 2158/880/2003 2160/881/2004 2159/879/2002
f 2160/881/2004 2158/880/2003 2161/882/2005
f 2161/882/2005 2162/883/2005 2160/881/2004
f 2162/883/2005 2161/882/2005 2163/884/1717
f 2163/884/1717 2164/885/1717 2162/883/2005
f 2164/885/1717 2163/884/1717 2165/886/2006
f 2165/886/2006 2166/887/2007 2164/885/1717
f 2166/887/2007 2165/886/2006 2167/888/2008
f 2167/888/2008 2168/889/2008 2166/887/2007
f 2168/889/2008 2167/888/2008 2169/890/2009
f 2169/890/2009 2170/891/2009 2168/889/2008
f 2172/892/2010 2171/893/2011 2170/891/2009
f 2170/891/2009 2169/890/2009 2172/892/2010
f 2171/893/2011 2172/892/2010 2173/894/2012
f 2173/894/2012 2174/895/2013 2171/893/2011
f 2174/895/2013 2173/894/2012 2175/896/2014
f 2177/897/2015 2175/896/2014 2176/898/2016
f 2175/896/2014 2177/897/2015 2174/895/2013
f 2176/898/2016 2178/899/2017 2177/897/2015
f 2180/900/2018 2179/901/2019 2178/899/2017
f 2178/899/2017 2176/898/2016 2180/900/2018
f 2179/901/2019 2180/900/2018 2181/902/2020
f 2181/902/2020 2182/903/2021 2179/901/2019
f 2182/903/2021 2181/902/2020 2183/904/2022
f 2185/905/2023 2183/904/2022 2184/906/2024
f 2183/904/2022 2185/905/2023 2182/903/2021
f 2184/906/2024 2186/907/2024 2185/905/2023
f 2188/904/2025 2187/905/2026 2186/907/2024
f 2186/907/2024 2184/906/2024 2188/904/2025
f 2187/905/2026 2188/904/2025 2189/902/2027
f 2190/903/2028 2189/902/2027 2191/900/2029
f 2189/902/2027 2190/903/2028 2187/905/2026
f 2193/901/2030 2191/900/2029 2192/898/2031
f 2191/900/2029 2193/901/2030 2190/903/2028
f 2192/898/2031 2194/899/2032 2193/901/2030
f 2194/899/2032 2192/898/2031 2196/896/2033
f 2196/896/2033 2195/897/2034 2194/899/2032
f 2195/897/2034 2196/896/2033 2197/894/2035
f 2198/895/2036 2197/894/2035 2199/892/2037
f 2197/894/2035 2198/895/2036 2195/897/2034
f 2201/893/2038 2199/892/2037 2200/890/2039
f 2199/892/2037 2201/893/2038 2198/895/2036
f 2200/890/2039 2202/891/2039 2201/893/2038
f 2203/888/2040 2204/889/2040 2202/891/2039
f 2202/891/2039 2200/890/2039 2203/888/2040
f 2206/886/2041 2205/887/2042 2204/889/2040
f 2204/889/2040 2203/888/2040 2206/886/2041
f 2205/887/2042 2206/886/2041 2207/884/1816
f 2207/884/1816 2209/885/1816 2205/887/2042
f 2209/885/1816 2207/884/1816 2208/882/2043
f 2208/882/2043 2210/883/2043 2209/885/1816
f 2212/880/2044 2211/881/2045 2210/883/2043
f 2210/883/2043 2208/882/2043 2212/880/2044
f 2211/881/2045 2212/880/2044 2213/878/2046
f 2213/878/2046 2214/879/2047 2211/881/2045
f 2214/879/2047 2213/878/2046 2215/876/2048
f 2217/877/2049 2215/876/2048 2216/874/2050
f 2215/876/2048 2217/877/2049 2214/879/2047
f 2216/874/2050 2218/875/2051 2217/877/2049
f 2220/872/2052 2219/873/2052 2218/875/2051
f 2218/875/2051 2216/874/2050 2220/872/2052
f 2219/873/2052 2220/872/2052 2221/870/2053
f 2221/870/2053 2223/871/2054 2219/873/2052
f 2223/871/2054 2221/870/2053 2222/868/2055
f 2222/868/2055 2224/869/2056 2223/871/2054
f 2225/866/2057 2226/867/2058 2224/869/2056
f 2224/869/2056 2222/868/2055 2225/866/2057
f 2228/864/2059 2227/865/2060 2226/867/2058
f 2226/867/2058 2225/866/2057 2228/864/2059
f 2227/865/2060 2228/864/2059 2142/863/1987
f 2142/863/1987 2143/862/1987 2227/865/2060
f 2231/908/2061 2230/909/2062 2229/910/2063
f 2229/910/2063 2232/911/2064 2231/908/2061
f 2233/912/1717 2232/911/2064 2229/910/2063
f 2229/910/2063 2234/913/1717 2233/912/1717
f 2235/914/1717 2233/912/1717 2234/913/1717
f 2234/913/1717 2236/915/1717 2235/914/1717
f 2230/909/2062 2231/908/2061 2237/916/2065
f 2237/916/2065 2239/917/2066 2230/909/2062
f 2239/917/2066 2237/916/2065 2238/918/2067
f 2238/918/2067 2240/919/2068 2239/917/2066
f 2240/919/2068 2238/918/2067 2242/920/2069
f 2242/920/2069 2241/921/2070 2240/919/2068
f 2241/921/2070 2242/920/2069 2243/922/2071
f 2244/923/2072 2243/922/2071 2245/924/2073
f 2243/922/2071 2244/923/2072 2241/921/2070
f 2247/925/2074 2245/924/2073 2246/926/2075
f 2245/924/2073 2247/925/2074 2244/923/2072
f 2246/926/2075 2248/927/2075 2247/925/2074
f 2249/928/2076 2250/929/2077 2248/927/2075
f 2248/927/2075 2246/926/2075 2249/928/2076
f 2252/930/2078 2251/931/2079 2250/929/2077
f 2250/929/2077 2249/928/2076 2252/930/2078
f 2251/931/2079 2252/930/2078 2253/932/2080
f 2254/933/2081 2253/932/2080 2255/934/2082
f 2253/932/2080 2254/933/2081 2251/931/2079
f 2255/934/2082 2257/935/2083 2254/933/2081
f 2257/935/2083 2255/934/2082 2256/936/2084
f 2256/936/2084 2258/937/2085 2257/935/2083
f 2258/937/2085 2256/936/2084 2260/938/2086
f 2260/938/2086 2259/939/2086 2258/937/2085
f 2259/939/2086 2260/938/2086 2261/940/2087
f 2263/941/2088 2261/940/2087 2262/942/2089
f 2261/940/2087 2263/941/2088 2259/939/2086
f 2262/942/2089 2264/943/2090 2263/941/2088
f 2266/944/2091 2265/945/2091 2264/943/2090
f 2264/943/2090 2262/942/2089 2266/944/2091
f 2265/945/2091 2266/944/2091 2267/946/2092
f 2267/946/2092 2269/947/2093 2265/945/2091
f 2269/947/2093 2267/946/2092 2268/948/2094
f 2268/948/2094 2270/949/2095 2269/947/2093
f 2271/950/2096 2272/951/2097 2270/949/2095
f 2270/949/2095 2268/948/2094 2271/950/2096
f 2274/952/2098 2273/953/2099 2272/951/2097
f 2272/951/2097 2271/950/2096 2274/952/2098
f 2277/909/2100 2276/908/2101 2275/911/2102
f 2275/911/2102 2278/910/2103 2277/909/2100
f 2279/913/1816 2278/910/2103 2275/911/2102
f 2275/911/2102 2280/912/1816 2279/913/1816
f 2281/915/1816 2279/913/1816 2280/912/1816
f 2280/912/1816 2282/914/1816 2281/915/1816
f 2276/908/2101 2277/909/2100 2283/917/2104
f 2283/917/2104 2285/916/2105 2276/908/2101
f 2285/916/2105 2283/917/2104 2284/919/2106
f 2284/919/2106 2286/918/2107 2285/916/2105
f 2286/918/2107 2284/919/2106 2288/921/2108
f 2288/921/2108 2287/920/2109 2286/918/2107
f 2287/920/2109 2288/921/2108 2289/923/2110
f 2290/922/2111 2289/923/2110 2291/925/2112
f 2289/923/2110 2290/922/2111 2287/920/2109
f 2293/924/2113 2291/925/2112 2292/927/2114
f 2291/925/2112 2293/924/2113 2290/922/2111
f 2292/927/2114 2294/926/2114 2293/924/2113
f 2295/929/2115 2296/928/2116 2294/926/2114
f 2294/926/2114 2292/927/2114 2295/929/2115
f 2298/931/2117 2297/930/2118 2296/928/2116
f 2296/928/2116 2295/929/2115 2298/931/2117
f 2297/930/2118 2298/931/2117 2299/933/2119
f 2300/932/2120 2299/933/2119 2301/935/2121
f 2299/933/2119 2300/932/2120 2297/930/2118
f 2301/935/2121 2303/934/2122 2300/932/2120
f 2303/934/2122 2301/935/2121 2302/937/2123
f 2302/937/2123 2304/936/2124 2303/934/2122
f 2304/936/2124 2302/937/2123 2306/939/2125
f 2306/939/2125 2305/938/2125 2304/936/2124
f 2305/938/2125 2306/939/2125 2307/941/2126
f 2309/940/2127 2307/941/2126 2308/943/2128
f 2307/941/2126 2309/940/2127 2305/938/2125
f 2308/943/2128 2310/942/2129 2309/940/2127
f 2312/945/2130 2311/944/2130 2310/942/2129
f 2310/942/2129 2308/943/2128 2312/945/2130
f 2311/944/2130 2312/945/2130 2313/947/2131
f 2313/947/2131 2315/946/2132 2311/944/2130
f 2315/946/2132 2313/947/2131 2314/949/2133
f 2314/949/2133 2316/948/2134 2315/946/2132
f 2317/951/2135 2318/950/2136 2316/948/2134
f 2316/948/2134 2314/949/2133 2317/951/2135
f 2320/953/2137 2319/952/2138 2318/950/2136
f 2318/950/2136 2317/951/2135 2320/953/2137
f 2321/954/2139 2322/955/2140 2325/956/2141
f 2323/955/2142 2321/954/2139 2324/957/2143
f 2325/956/2141 2324/957/2143 2321/954/2139
f 2326/958/2144 2325/956/2141 2322/955/2140
f 2327/959/2145 2329/960/2146 2326/958/2144
f 2326/958/2144 2328/961/2147 2327/959/2145
f 2322/955/2140 2328/961/2147 2326/958/2144
f 2330/962/2148 2329/960/2146 2327/959/2145
f 2327/959/2145 2332/963/2149 2330/962/2148
f 2331/960/2150 2330/962/2148 2332/963/2149
f 2332/963/2149 2333/959/2151 2331/960/2150
f 2333/959/2151 2334/961/2152 2335/958/2153
f 2335/958/2153 2331/960/2150 2333/959/2151
f 2336/956/2154 2335/958/2153 2334/961/2152
f 2334/961/2152 2323/955/2142 2336/956/2154
f 2324/957/2143 2336/956/2154 2323/955/2142
f 2341/814/2155 2337/815/2156 2338/816/2157
f 2340/817/2158 2338/816/2157 2337/815/2156
f 2337/815/2156 2339/814/2159 2340/817/2158
f 2343/821/2160 2341/814/2155 2342/817/2161
f 2338/816/2157 2342/817/2161 2341/814/2155
f 2344/823/2162 2343/821/2160 2345/818/2163
f 2342/817/2161 2345/818/2163 2343/821/2160
f 2345/818/2163 2346/822/2164 2344/823/2162
f 2348/825/2165 2344/823/2162 2346/822/2164
f 2346/822/2164 2347/824/2166 2348/825/2165
f 2349/826/2167 2348/825/2165 2347/824/2166
f 2351/829/2168 2350/828/2169 2349/826/2167
f 2349/826/2167 2352/827/2170 2351/829/2168
f 2347/824/2166 2352/827/2170 2349/826/2167
f 2350/828/2169 2351/829/2168 2353/832/2171
f 2353/832/2171 2354/830/2172 2350/828/2169
f 2356/833/2173 2354/830/2172 2353/832/2171
f 2353/832/2171 2355/831/2174 2356/833/2173
f 2356/833/2173 2355/831/2174 2357/835/2175
f 2357/835/2175 2358/834/2176 2356/833/2173
f 2359/837/2177 2358/834/2176 2357/835/2175
f 2360/839/2178 2362/838/2179 2359/837/2177
f 2359/837/2177 2361/836/2180 2360/839/2178
f 2357/835/2175 2361/836/2180 2359/837/2177
f 2364/841/2181 2363/840/2182 2362/838/2179
f 2362/838/2179 2360/839/2178 2364/841/2181
f 2365/843/2183 2363/840/2182 2364/841/2181
f 2364/841/2181 2366/842/2184 2365/843/2183
f 2365/843/2183 2366/842/2184 2367/845/2185
f 2368/846/2186 2369/844/2187 2367/845/2185
f 2367/845/2185 2370/847/2188 2368/846/2186
f 2367/845/2185 2369/844/2187 2365/843/2183
f 2368/846/2186 2370/847/2188 2371/849/2189
f 2373/848/2190 2371/849/2189 2372/853/2191
f 2371/849/2189 2373/848/2190 2368/846/2186
f 2372/853/2191 2374/850/2192 2373/848/2190
f 2375/851/2193 2374/850/2192 2372/853/2191
f 2376/855/2194 2375/851/2193 2377/852/2195
f 2372/853/2191 2377/852/2195 2375/851/2193
f 2377/852/2195 2378/854/2196 2376/855/2194
f 2380/858/2197 2376/855/2194 2378/854/2196
f 2378/854/2196 2379/856/2198 2380/858/2197
f 2381/859/2194 2380/858/2197 2379/856/2198
f 2379/856/2198 2382/857/2199 2381/859/2194
f 2383/861/2200 2381/859/2194 2382/857/2199
f 2384/859/1883 2383/861/2200 2385/860/2201
f 2382/857/2199 2385/860/2201 2383/861/2200
f 2387/820/1884 2386/857/2157 2385/860/2201
f 2385/860/2201 2386/857/2157 2384/859/1883
f 2385/860/2201 2388/819/2202 2387/820/1884
f 2388/819/2202 2385/860/2201 2382/857/2199
f 2340/817/2158 2387/820/1884 2388/819/2202
f 2388/819/2202 2338/816/2157 2340/817/2158
f 2382/857/2199 2389/820/2203 2388/819/2202
f 2338/816/2157 2388/819/2202 2389/820/2203
f 2389/820/2203 2342/817/2161 2338/816/2157
f 2390/858/2204 2384/859/1883 2386/857/2157
f 2386/857/2157 2391/856/1887 2390/858/2204
f 2392/855/2162 2390/858/2204 2391/856/1887
f 2391/856/1887 2393/854/2205 2392/855/2162
f 2394/851/2206 2392/855/2162 2393/854/2205
f 2393/854/2205 2395/852/2207 2394/851/2206
f 2395/852/2207 2396/853/2208 2397/850/2209
f 2397/850/2209 2394/851/2206 2395/852/2207
f 2399/849/2210 2398/848/2211 2397/850/2209
f 2397/850/2209 2396/853/2208 2399/849/2210
f 2398/848/2211 2399/849/2210 2400/847/2212
f 2400/847/2212 2401/845/2206 2402/844/2213
f 2402/844/2213 2403/846/2214 2400/847/2212
f 2400/847/2212 2403/846/2214 2398/848/2211
f 2402/844/2213 2401/845/2206 2405/842/1887
f 2405/842/1887 2404/843/2215 2402/844/2213
f 2407/840/2216 2404/843/2215 2405/842/1887
f 2405/842/1887 2406/841/2217 2407/840/2216
f 2407/840/2216 2406/841/2217 2409/839/2218
f 2409/839/2218 2408/838/2219 2407/840/2216
f 2408/838/2219 2409/839/2218 2410/836/2220
f 2411/834/2221 2412/837/2222 2410/836/2220
f 2410/836/2220 2413/835/2223 2411/834/2221
f 2410/836/2220 2412/837/2222 2408/838/2219
f 2411/834/2221 2413/835/2223 2414/831/2224
f 2414/831/2224 2415/832/2225 2417/830/2226
f 2414/831/2224 2416/833/2227 2411/834/2221
f 2417/830/2226 2416/833/2227 2414/831/2224
f 2419/829/2228 2418/828/2229 2417/830/2226
f 2417/830/2226 2415/832/2225 2419/829/2228
f 2418/828/2229 2419/829/2228 2420/827/2230
f 2420/827/2230 2423/824/2231 2421/825/2232
f 2421/825/2232 2422/826/2233 2420/827/2230
f 2420/827/2230 2422/826/2233 2418/828/2229
f 2425/823/2234 2421/825/2232 2423/824/2231
f 2423/824/2231 2424/822/2235 2425/823/2234
f 2426/821/2236 2425/823/2234 2424/822/2235
f 2339/814/2159 2426/821/2236 2427/818/2237
f 2424/822/2235 2427/818/2237 2426/821/2236
f 2427/818/2237 2340/817/2158 2339/814/2159
f 2429/964/2238 2431/965/2239 2428/966/2240
f 2428/966/2240 2430/967/2240 2429/964/2238
f 2430/967/2240 2428/966/2240 2432/965/2241
f 2434/964/2242 2432/965/2241 2433/968/2243
f 2432/965/2241 2434/964/2242 2430/967/2240
f 2433/968/2243 2435/969/2244 2434/964/2242
f 2435/969/2244 2433/968/2243 2436/970/2245
f 2436/970/2245 2437/971/2246 2435/969/2244
f 2437/971/2246 2436/970/2245 2438/972/2247
f 2438/972/2247 2439/973/2248 2437/971/2246
f 2441/974/2024 2440/975/2024 2439/973/2248
f 2439/973/2248 2438/972/2247 2441/974/2024
f 2440/975/2024 2441/974/2024 2442/972/2249
f 2444/973/2250 2442/972/2249 2443/970/2251
f 2442/972/2249 2444/973/2250 2440/975/2024
f 2443/970/2251 2445/971/2252 2444/973/2250
f 2445/971/2252 2443/970/2251 2446/968/2253
f 2446/968/2253 2447/969/2254 2445/971/2252
f 2447/969/2254 2446/968/2253 2431/965/2239
f 2431/965/2239 2429/964/2238 2447/969/2254
f 2454/976/2255 2448/977/1944 2449/978/2255
f 2452/979/2255 2449/978/2255 2448/977/1944
f 2453/980/2256 2450/981/1973 2448/977/1944
f 2451/976/1942 2448/977/1944 2450/981/1973
f 2448/977/1944 2451/976/1942 2452/979/2255
f 2448/977/1944 2454/976/2255 2453/980/2256
f 2449/978/2255 2455/979/2255 2454/976/2255
f 2457/982/1954 2456/983/1940 2455/979/2255
f 2455/979/2255 2449/978/2255 2457/982/1954
f 2458/983/2257 2457/982/1954 2449/978/2255
f 2449/978/2255 2452/979/2255 2458/983/2257
f 2450/981/1973 2459/980/2258 2451/976/1942
f 2460/984/2259 2462/981/2260 2461/980/2261
f 2461/980/2261 2466/985/2262 2460/984/2259
f 2462/981/2260 2460/984/2259 2465/985/2263
f 2463/977/2202 2460/984/2259 2466/985/2262
f 2460/984/2259 2463/977/2202 2464/986/2264
f 2464/986/2264 2465/985/2263 2460/984/2259
f 2466/985/2262 2467/986/2265 2463/977/2202
f 2468/987/2266 2467/986/2265 2466/985/2262
f 2466/985/2262 2461/980/2261 2468/987/2266
f 2467/986/2265 2468/987/2266 2469/988/2267
f 2470/989/2268 2469/988/2267 2471/983/2269
f 2469/988/2267 2470/989/2268 2467/986/2265
f 2473/990/2270 2471/983/2269 2472/991/2271
f 2471/983/2269 2473/990/2270 2470/989/2268
f 2472/991/2271 2474/992/2272 2473/990/2270
f 2473/990/2270 2474/992/2272 2475/978/2273
f 2475/978/2273 2470/989/2268 2473/990/2270
f 2475/978/2273 2463/977/2202 2467/986/2265
f 2463/977/2202 2475/978/2273 2476/989/2274
f 2476/989/2274 2475/978/2273 2474/992/2272
f 2467/986/2265 2470/989/2268 2475/978/2273
f 2474/992/2272 2479/990/2275 2476/989/2274
f 2476/989/2274 2464/986/2264 2463/977/2202
f 2477/987/2276 2464/986/2264 2476/989/2274
f 2476/989/2274 2478/988/2277 2477/987/2276
f 2478/988/2277 2476/989/2274 2479/990/2275
f 2479/990/2275 2480/983/2278 2478/988/2277
f 2480/983/2278 2479/990/2275 2474/992/2272
f 2474/992/2272 2472/991/2271 2480/983/2278
f 2464/986/2264 2477/987/2276 2481/980/2279
f 2465/985/2263 2481/980/2279 2462/981/2260
f 2481/980/2279 2465/985/2263 2464/986/2264
o item_blade
v -51.377956 45.852913 16.979084
v -51.568851 45.640083 16.576376
v -46.753162 41.850094 16.979084
v -51.568851 45.640083 17.381794
v -46.939377 41.633492 17.769476
v -40.326023 36.127766 17.742428
v -40.137466 36.342480 16.979084
v -29.280857 26.844299 17.700354
v -15.454269 15.102139 17.649263
v -29.089508 27.052902 16.979084
v -15.258698 15.311195 16.979084
v -29.280857 26.844299 16.257814
v -40.326023 36.127766 16.215742
v -46.939377 41.633492 16.188694
v -15.454269 15.102139 16.308905
v -0.565285 3.059311 16.979084
v -0.761307 2.854481 16.366005
v 11.283989 -6.567490 16.979084
v 11.081398 -6.770889 16.411085
v 24.605103 -17.562401 16.459169
v 24.803925 -17.363686 16.979084
v 39.637863 -29.072594 16.979084
v 39.436684 -29.269409 17.441898
v 24.605103 -17.562401 17.498999
v 11.081398 -6.770889 17.547083
v -0.761307 2.854481 17.592163
v 51.498360 -38.584915 17.396820
v 51.706062 -38.389503 16.979084
v 61.859886 -46.456322 17.360756
v 62.069954 -46.262810 16.979084
v 74.092552 -55.473473 17.315676
v 83.044518 -62.138939 17.285624
v 74.300743 -55.282303 16.979084
v 83.256920 -61.947304 16.979084
v 74.092552 -55.473473 16.642492
v 61.859886 -46.456322 16.597412
v 51.498360 -38.584915 16.561350
v 39.436684 -29.269409 16.516270
v 83.044518 -62.138939 16.672544
v 90.431252 -67.303108 16.979084
v 90.218407 -67.490501 16.699593
v 97.642906 -72.588615 16.979084
v 97.425377 -72.772240 16.723635
v 100.766518 -75.288445 16.735657
v 100.983604 -75.100594 16.979084
v 104.621178 -77.790184 16.979084
v 102.414040 -76.500938 16.795761
v 102.414040 -76.500938 17.162407
v 100.766518 -75.288445 17.222513
v 97.425377 -72.772240 17.234535
v 90.218407 -67.490501 17.258577
v -58.436829 37.739311 16.979084
v -55.978889 40.567669 16.347973
v -53.766098 43.111118 16.979084
v -55.978889 40.567669 17.610193
v -53.954659 42.896408 17.787506
v -49.295837 38.954941 17.769476
v -51.270050 36.697823 17.595167
v -44.696541 31.204922 17.577135
v -42.694630 33.462872 17.742428
v -33.457199 21.884579 17.544077
v -19.782944 10.446667 17.502005
v -31.630604 24.202801 17.700354
v -29.280857 26.844299 17.700354
v -15.454269 15.102139 17.649263
v -17.920998 12.554955 17.649263
v -3.070023 0.388367 17.592163
v -4.888664 -1.685356 17.456924
v -0.761307 2.854481 17.592163
v 11.081398 -6.770889 17.547083
v 24.605103 -17.562401 17.498999
v 8.885933 -9.197060 17.547083
v 22.513336 -19.998833 17.495995
v 7.054848 -11.214424 17.423866
v 20.689934 -21.968346 17.381792
v 35.709175 -33.332512 17.339720
v 37.450996 -31.459373 17.441898
v 47.970116 -42.573189 17.306660
v 49.622139 -40.739609 17.396818
v 58.373207 -50.373886 17.276608
v 70.652824 -59.270599 17.240543
v 60.051201 -48.503319 17.360756
v 72.314903 -57.510750 17.315676
v 61.859886 -46.456322 17.360756
v 74.092552 -55.473473 17.315676
v 83.044518 -62.138939 17.285624
v 81.298988 -64.117180 17.282618
v 90.218407 -67.490501 17.258577
v 88.461189 -69.459328 17.258575
v 97.425377 -72.772240 17.234535
v 99.645485 -75.477104 17.222513
v 96.989098 -75.439308 17.228523
v 95.435387 -74.862206 17.231527
v 96.161446 -75.235283 17.231527
v 97.663719 -75.512276 17.228523
v 98.960869 -75.550545 17.225519
v 100.284782 -75.340141 17.222513
v 98.327736 -75.545784 17.225519
v 100.766518 -75.288445 17.222513
v 102.414040 -76.500938 17.162407
v 101.681984 -76.709846 17.165413
v 100.699501 -76.994759 17.165413
v 99.683556 -77.187080 17.165413
v 98.677361 -77.290749 17.168417
v 97.621239 -77.307838 17.168417
v 96.495171 -77.210640 17.171423
v 95.276344 -76.946007 17.174429
v 94.113594 -76.367561 17.177433
v 86.984627 -71.056053 17.195465
v 79.752205 -65.796272 17.216501
v 51.498360 -38.584915 17.396820
v 39.436684 -29.269409 17.441898
v -40.326023 36.127766 17.742428
v -46.939377 41.633492 17.769476
v -51.568851 45.640083 17.381794
v -51.377956 45.852913 16.979084
v -51.568851 45.640083 16.576376
v -53.954659 42.896408 16.170662
v -46.939377 41.633492 16.188694
v -49.295837 38.954941 16.188694
v -51.270050 36.697823 16.362999
v -42.694630 33.462872 16.215740
v -44.696541 31.204922 16.381031
v -31.630604 24.202801 16.257814
v -33.457199 21.884579 16.414089
v -19.784828 10.444328 16.456163
v -17.920998 12.554955 16.308905
v -29.280857 26.844299 16.257814
v -3.070023 0.388367 16.366005
v -15.454269 15.102139 16.308905
v -0.761307 2.854481 16.366005
v 8.885933 -9.197060 16.411085
v 11.081398 -6.770889 16.411085
v 24.605103 -17.562401 16.459169
v 22.513336 -19.998833 16.462173
v 37.452888 -31.457031 16.516270
v 7.054848 -11.214424 16.534302
v 20.689934 -21.968346 16.576374
v 35.707291 -33.334854 16.618448
v 49.622139 -40.739609 16.561350
v 47.970116 -42.573189 16.651508
v 60.051201 -48.503319 16.597412
v 58.373207 -50.373886 16.681561
v 72.314903 -57.510750 16.642492
v 70.652824 -59.270599 16.717625
v 79.752205 -65.796272 16.741667
v 81.298988 -64.117180 16.675550
v 74.092552 -55.473473 16.642492
v 83.044518 -62.138939 16.672544
v 88.461189 -69.459328 16.699593
v 95.435387 -74.862206 16.726641
v 86.984627 -71.056053 16.762703
v 90.218407 -67.490501 16.699593
v 97.425377 -72.772240 16.723635
v 96.161446 -75.235283 16.726641
v 96.989098 -75.439308 16.729645
v 97.663719 -75.512276 16.729645
v 98.960869 -75.550545 16.732651
v 100.284782 -75.340141 16.735657
v 98.327736 -75.545784 16.732651
v 100.766518 -75.288445 16.735657
v 99.645485 -75.477104 16.735657
v 99.683556 -77.187080 16.792757
v 100.699501 -76.994759 16.792757
v 101.681984 -76.709846 16.792757
v 102.414040 -76.500938 16.795761
v 98.677361 -77.290749 16.789751
v 97.621239 -77.307838 16.789751
v 96.495171 -77.210640 16.786747
v 95.276344 -76.946007 16.783741
v 94.113594 -76.367561 16.780735
v 61.859886 -46.456322 16.597412
v 51.498360 -38.584915 16.561350
v 39.436684 -29.269409 16.516270
v -4.894325 -1.692375 16.501244
v -40.326023 36.127766 16.215742
v -58.436829 37.739311 16.979084
v -55.978889 40.567669 16.347973
v -51.270050 36.697823 16.362999
v -53.669437 33.961235 16.979084
v -47.117962 28.474518 16.979084
v -51.270050 36.697823 16.362999
v -53.669437 33.961235 16.979084
v -44.696541 31.204922 16.381031
v -35.671017 19.071720 16.979084
v -33.457199 21.884579 16.414089
v -44.696541 31.204922 16.381031
v -47.117962 28.474518 16.979084
v -22.037086 7.890224 16.979084
v -19.784828 10.444328 16.456163
v -33.457199 21.884579 16.414089
v -35.671017 19.071720 16.979084
v -7.056557 -4.149193 16.979084
v -4.894325 -1.692375 16.501244
v -19.784828 10.444328 16.456163
v -22.037086 7.890224 16.979084
v 4.842430 -13.661667 16.979084
v 7.054848 -11.214424 16.534302
v -4.894325 -1.692375 16.501244
v -7.056557 -4.149193 16.979084
v 18.473511 -24.358307 16.979084
v 20.689934 -21.968346 16.576374
v 7.054848 -11.214424 16.534302
v 4.842430 -13.661667 16.979084
v 33.483681 -35.757637 16.979084
v 35.707291 -33.334854 16.618448
v 20.689934 -21.968346 16.576374
v 18.473511 -24.358307 16.979084
v 45.819923 -44.943222 16.979084
v 47.970116 -42.573189 16.651508
v 35.707291 -33.334854 16.618448
v 33.483681 -35.757637 16.979084
v 56.332039 -52.584740 16.979084
v 58.373207 -50.373886 16.681561
v 47.970116 -42.573189 16.651508
v 45.819923 -44.943222 16.979084
v 68.631203 -61.404564 16.979084
v 70.652824 -59.270599 16.717625
v 58.373207 -50.373886 16.681561
v 56.332039 -52.584740 16.979084
v 77.882576 -67.832741 16.979084
v 70.652824 -59.270599 16.717625
v 79.752205 -65.796272 16.741667
v 68.631203 -61.404564 16.979084
v 85.189980 -72.994698 16.979084
v 86.984627 -71.056053 16.762703
v 79.752205 -65.796272 16.741667
v 77.882576 -67.832741 16.979084
v 92.505272 -78.190056 16.979084
v 94.113594 -76.367561 16.780735
v 86.984627 -71.056053 16.762703
v 85.189980 -72.994698 16.979084
v 94.199287 -79.019249 16.979084
v 95.276344 -76.946007 16.783741
v 94.113594 -76.367561 16.780735
v 92.505272 -78.190056 16.979084
v 95.896553 -79.360802 16.979084
v 96.495171 -77.210640 16.786747
v 95.276344 -76.946007 16.783741
v 94.199287 -79.019249 16.979084
v 97.563255 -79.476967 16.979084
v 97.621239 -77.307838 16.789751
v 96.495171 -77.210640 16.786747
v 95.896553 -79.360802 16.979084
v 99.100197 -79.399742 16.979084
v 98.677361 -77.290749 16.789751
v 97.621239 -77.307838 16.789751
v 97.563255 -79.476967 16.979084
v 100.554649 -79.171059 16.979084
v 99.683556 -77.187080 16.792757
v 98.677361 -77.290749 16.789751
v 99.100197 -79.399742 16.979084
v 101.970512 -78.841789 16.979084
v 100.554649 -79.171059 16.979084
v 99.683556 -77.187080 16.792757
v 100.699501 -76.994759 16.792757
v 104.621178 -77.790184 16.979084
v 102.414040 -76.500938 16.795761
v 101.681984 -76.709846 16.792757
v 103.369560 -78.375420 16.979084
v 103.369560 -78.375420 16.979084
v 101.681984 -76.709846 16.792757
v 100.699501 -76.994759 16.792757
v 101.970512 -78.841789 16.979084
v -51.270050 36.697823 17.595167
v -53.669437 33.961235 16.979084
v -44.696541 31.204922 17.577135
v -47.117962 28.474518 16.979084
v -55.978889 40.567669 17.610193
v -53.669437 33.961235 16.979084
v -58.436829 37.739311 16.979084
v -51.270050 36.697823 17.595167
v -33.457199 21.884579 17.544077
v -35.671017 19.071720 16.979084
v -47.117962 28.474518 16.979084
v -44.696541 31.204922 17.577135
v -19.782944 10.446667 17.502005
v -22.037086 7.890224 16.979084
v -35.671017 19.071720 16.979084
v -33.457199 21.884579 17.544077
v -4.888664 -1.685356 17.456924
v -22.037086 7.890224 16.979084
v -7.056557 -4.149193 16.979084
v -19.782944 10.446667 17.502005
v 7.054848 -11.214424 17.423866
v 4.842430 -13.661667 16.979084
v -7.056557 -4.149193 16.979084
v -4.888664 -1.685356 17.456924
v 20.689934 -21.968346 17.381792
v 7.054848 -11.214424 17.423866
v 18.473511 -24.358307 16.979084
v 4.842430 -13.661667 16.979084
v 35.709175 -33.332512 17.339720
v 33.483681 -35.757637 16.979084
v 18.473511 -24.358307 16.979084
v 20.689934 -21.968346 17.381792
v 47.970116 -42.573189 17.306660
v 45.819923 -44.943222 16.979084
v 33.483681 -35.757637 16.979084
v 35.709175 -33.332512 17.339720
v 58.373207 -50.373886 17.276608
v 56.332039 -52.584740 16.979084
v 45.819923 -44.943222 16.979084
v 47.970116 -42.573189 17.306660
v 70.652824 -59.270599 17.240543
v 68.631203 -61.404564 16.979084
v 56.332039 -52.584740 16.979084
v 58.373207 -50.373886 17.276608
v 79.752205 -65.796272 17.216501
v 77.882576 -67.832741 16.979084
v 68.631203 -61.404564 16.979084
v 70.652824 -59.270599 17.240543
v 86.984627 -71.056053 17.195465
v 85.189980 -72.994698 16.979084
v 77.882576 -67.832741 16.979084
v 79.752205 -65.796272 17.216501
v 94.113594 -76.367561 17.177433
v 92.505272 -78.190056 16.979084
v 85.189980 -72.994698 16.979084
v 86.984627 -71.056053 17.195465
v 95.276344 -76.946007 17.174429
v 94.199287 -79.019249 16.979084
v 94.113594 -76.367561 17.177433
v 92.505272 -78.190056 16.979084
v 96.495171 -77.210640 17.171423
v 95.896553 -79.360802 16.979084
v 94.199287 -79.019249 16.979084
v 95.276344 -76.946007 17.174429
v 97.621239 -77.307838 17.168417
v 97.563255 -79.476967 16.979084
v 95.896553 -79.360802 16.979084
v 96.495171 -77.210640 17.171423
v 98.677361 -77.290749 17.168417
v 99.100197 -79.399742 16.979084
v 97.563255 -79.476967 16.979084
v 97.621239 -77.307838 17.168417
v 99.683556 -77.187080 17.165413
v 98.677361 -77.290749 17.168417
v 100.554649 -79.171059 16.979084
v 99.100197 -79.399742 16.979084
v 100.699501 -76.994759 17.165413
v 99.683556 -77.187080 17.165413
v 101.970512 -78.841789 16.979084
v 100.554649 -79.171059 16.979084
v 101.681984 -76.709846 17.165413
v 103.369560 -78.375420 16.979084
v 101.970512 -78.841789 16.979084
v 100.699501 -76.994759 17.165413
v 102.414040 -76.500938 17.162407
v 104.621178 -77.790184 16.979084
v 101.681984 -76.709846 17.165413
v 103.369560 -78.375420 16.979084
v -76.555107 65.680977 13.733374
v -80.421906 61.402046 13.733373
v -82.351089 59.263039 16.979084
v -74.621704 67.820442 16.979084
v -99.874069 87.492973 16.979084
v -103.894836 83.334312 16.979084
v -53.459789 45.535561 16.979084
v -57.383507 40.731174 16.979084
v -99.313843 86.952499 13.733374
v -91.657516 79.613754 13.733374
v -89.720100 81.695938 16.979084
v -97.307915 89.033493 16.979084
v -103.321930 82.795197 13.733373
v -95.534668 75.451263 13.733373
v -105.330200 80.716095 16.979084
v -97.472076 73.369072 16.979084
v -61.473991 52.444801 13.733374
v -53.932770 45.940063 13.733374
v -51.967403 48.339424 16.979084
v -59.495407 54.740860 16.979084
v -65.430183 47.863480 13.733373
v -57.858295 41.152576 13.733373
v -67.404999 45.572105 16.979084
v -59.821777 38.755554 16.979084
v -84.336441 72.730606 13.733374
v -78.488510 63.541515 13.733374
v -68.777336 58.804081 13.733374
v -75.107170 67.285355 14.544802
v -88.146133 68.536888 13.733373
v -81.867508 59.795788 14.544801
v -72.719742 54.393082 13.733373
v -90.054039 66.438629 16.979084
v -74.695168 52.187130 16.979084
v -82.430885 74.830757 16.979084
v -66.803795 61.007698 16.979084
v -101.886566 85.413414 16.979084
v -99.731430 87.358665 14.544802
v -98.225006 88.915878 16.979084
v -105.260513 81.640457 16.979084
v -103.752197 83.200005 14.544801
v -53.575340 45.636440 14.544802
v -55.420479 43.132423 16.979084
v -52.101311 47.435963 16.979084
v -57.499504 40.836281 14.544801
v -58.973534 39.036758 16.979084
v -97.807404 88.509705 14.544802
v -101.317886 84.873848 13.733374
v -93.594925 77.531570 13.733374
v -90.203156 81.178200 14.544802
v -104.826019 81.236099 14.544801
v -96.987595 73.893372 14.544801
v -59.991806 54.168259 14.544802
v -63.450691 50.151085 13.733373
v -56.054787 47.770607 13.733374
v -55.894363 43.545376 13.733373
v -52.458744 47.739586 14.544802
v -54.088139 50.138054 16.979084
v -66.910934 46.146591 14.544801
v -59.988548 43.039948 13.733373
v -59.332779 39.357281 14.544801
v -61.957542 40.674389 16.979084
v -98.508530 88.410995 15.175912
v -101.743927 85.279114 14.544802
v -82.906914 74.307358 14.544802
v -86.244797 70.636574 13.733374
v -67.294014 60.457134 14.544802
v -70.750877 56.600468 13.733373
v -52.576836 47.047272 15.175911
v -55.536480 43.237530 14.544801
v -104.814713 81.987480 15.175911
v -89.575661 66.960136 14.544801
v -74.203064 52.740028 14.544801
v -58.686089 39.584805 15.175911
v -54.576157 49.547115 14.544802
v -58.019558 45.405502 13.733373
v -61.465294 41.265778 14.544801
v -97.147934 84.812485 13.994833
v -95.302650 86.737320 17.057222
v -101.059067 80.727562 13.994833
v -102.902466 78.805069 17.057220
v -95.746994 86.277161 14.710093
v -99.102112 82.766968 14.003849
v -102.461891 79.260536 14.710093
v -101.248505 80.899597 13.994833
v -102.652237 79.441025 14.710093
v -99.290100 82.945557 14.003849
v -103.094688 78.983200 17.057220
v -97.331718 84.991531 13.994833
v -95.932655 86.453873 14.710093
v -95.485970 86.912140 17.057222
v -102.941719 79.469818 14.544801
v -101.450760 81.031784 13.733373
v -103.439331 78.948380 16.979084
v -99.459389 83.109070 13.733374
v -97.472702 85.190132 13.733374
v -95.981293 86.747879 14.544802
v -95.479454 87.269768 16.979084
v -102.433334 78.994308 14.544801
v -100.946152 80.551598 13.733373
v -102.930946 78.472870 16.979084
v -98.961807 82.634544 13.733374
v -96.976997 84.713264 13.733374
v -95.485588 86.271011 14.544802
v -94.990318 86.794334 16.979084
v -76.555107 65.680977 20.224796
v -80.421906 61.402046 20.224794
v -99.313843 86.952499 20.224796
v -91.657516 79.613754 20.224796
v -103.321930 82.795197 20.224794
v -95.534668 75.451263 20.224794
v -61.473991 52.444801 20.224796
v -53.932770 45.940063 20.224796
v -65.430183 47.863480 20.224794
v -57.858295 41.152576 20.224794
v -84.336441 72.730606 20.224796
v -78.488510 63.541515 20.224796
v -68.777336 58.804081 20.224796
v -75.107170 67.285355 19.413368
v -88.146133 68.536888 20.224794
v -81.867508 59.795788 19.413366
v -72.719742 54.393082 20.224794
v -99.731430 87.358665 19.413368
v -103.752197 83.200005 19.413366
v -53.575340 45.636440 19.413368
v -57.499504 40.836281 19.413366
v -97.807404 88.509705 19.413368
v -101.317886 84.873848 20.224796
v -93.594925 77.531570 20.224796
v -90.203156 81.178200 19.413368
v -104.826019 81.236099 19.413366
v -96.987595 73.893372 19.413366
v -59.991806 54.168259 19.413368
v -63.450691 50.151085 20.224794
v -56.054787 47.770607 20.224796
v -55.894363 43.545376 20.224794
v -52.458744 47.739586 19.413368
v -66.910934 46.146591 19.413366
v -59.988548 43.039948 20.224794
v -59.332779 39.357281 19.413366
v -98.508530 88.410995 18.782257
v -101.743927 85.279114 19.413368
v -82.906914 74.307358 19.413368
v -86.244797 70.636574 20.224796
v -67.294014 60.457134 19.413368
v -70.750877 56.600468 20.224794
v -52.576836 47.047272 18.782257
v -55.536480 43.237530 19.413366
v -104.814713 81.987480 18.782257
v -89.575661 66.960136 19.413366
v -74.203064 52.740028 19.413366
v -58.686089 39.584805 18.782257
v -54.576157 49.547115 19.413368
v -58.019558 45.405502 20.224794
v -61.465294 41.265778 19.413366
v -97.147934 84.812485 19.963335
v -95.302650 86.737320 16.900948
v -101.059067 80.727562 19.963335
v -102.902466 78.805069 16.900948
v -95.746994 86.277161 19.248077
v -99.102112 82.766968 19.954319
v -102.461891 79.260536 19.248075
v -101.248505 80.899597 19.963335
v -102.652237 79.441025 19.248075
v -99.290100 82.945557 19.954319
v -103.094688 78.983200 16.900948
v -97.331718 84.991531 19.963335
v -95.932655 86.453873 19.248077
v -95.485970 86.912140 16.900948
v -102.941719 79.469818 19.413366
v -101.450760 81.031784 20.224794
v -99.459389 83.109070 20.224796
v -97.472702 85.190132 20.224796
v -95.981293 86.747879 19.413368
v -102.433334 78.994308 19.413366
v -100.946152 80.551598 20.224794
v -98.961807 82.634544 20.224796
v -96.976997 84.713264 20.224796
v -95.485588 86.271011 19.413368
v -55.429398 43.255428 16.979084
v -53.314167 45.692242 12.942984
v -55.435059 43.248409 12.921946
v -57.548855 40.818161 12.942984
v -51.542618 47.726715 14.036907
v -50.871323 48.501881 16.979084
v -59.314293 38.786480 14.036906
v -59.989815 38.010864 16.979084
v -55.435059 43.248409 21.036222
v -53.314167 45.692242 21.015186
v -57.548855 40.818161 21.015184
v -51.542618 47.726715 19.921261
v -59.314293 38.786480 19.921261
v -55.907509 43.667923 16.979084
v -53.788055 46.105194 12.942984
v -52.020729 48.139214 14.036907
v -51.347542 48.916718 16.979084
v -55.913170 43.660908 12.921946
v -58.025078 41.233002 12.942984
v -59.792400 39.198975 14.036906
v -60.466042 38.425697 16.979084
v -52.020729 48.139214 19.921261
v -53.788055 46.105194 21.015186
v -55.913170 43.660908 21.036222
v -58.025078 41.233002 21.015184
v -59.792400 39.198975 19.921261
v -53.314167 45.692242 12.942984
v -53.788055 46.105194 12.942984
v -55.435059 43.248409 12.921946
v -51.542618 47.726715 14.036907
v -52.020729 48.139214 14.036907
v -55.913170 43.660908 12.921946
v -58.025078 41.233002 12.942984
v -57.548855 40.818161 12.942984
v -59.314293 38.786480 14.036906
v -59.792400 39.198975 14.036906
v -60.466042 38.425697 16.979084
v -59.989815 38.010864 16.979084
v -59.314293 38.786480 19.921261
v -59.792400 39.198975 19.921261
v -57.548855 40.818161 21.015184
v -58.025078 41.233002 21.015184
v -55.435059 43.248409 21.036222
v -55.913170 43.660908 21.036222
v -53.788055 46.105194 21.015186
v -51.542618 47.726715 19.921261
v -52.020729 48.139214 19.921261
v -53.314167 45.692242 21.015186
v -51.347542 48.916718 16.979084
v -50.871323 48.501881 16.979084
v -64.439613 32.850826 16.979082
v -64.514084 32.768036 13.769436
v -59.789635 38.196903 16.979084
v -64.514084 32.768036 20.188730
v -59.782543 38.210487 20.188730
v -55.676575 42.929699 16.979084
v -55.676575 42.929699 20.188730
v -59.441727 38.599693 20.952074
v -64.243515 33.074898 22.160200
v -58.819469 39.314026 21.468983
v -58.448921 39.744892 22.211288
v -63.475109 33.960934 24.182758
v -62.683159 34.866589 25.447983
v -61.604568 36.108616 26.145210
v -58.244827 39.974098 22.905512
v -58.018539 40.235603 23.650824
v -60.788551 37.048912 27.747030
v -59.644920 38.362034 28.633591
v -57.575409 40.746922 24.050526
v -57.050262 41.350388 24.041512
v -58.944870 39.168068 28.937124
v -58.244827 39.974098 29.243664
v -56.519455 41.960876 24.014463
v -56.097069 42.446457 24.239861
v -56.963039 41.453785 29.384914
v -55.676575 42.929699 29.384914
v -54.394341 44.405159 29.384914
v -55.676575 42.929699 24.943096
v -55.258423 43.414829 24.239861
v -54.837921 43.898071 24.014463
v -53.110214 45.882961 29.243664
v -54.309002 44.506218 24.041512
v -52.410168 46.688992 28.937124
v -53.778194 45.116703 24.050526
v -51.710121 47.495022 28.633591
v -50.566486 48.808147 27.747032
v -53.338837 45.623341 23.650826
v -49.750473 49.748440 26.145214
v -48.667656 50.990921 25.447987
v -52.904682 46.118732 22.211290
v -53.110214 45.882961 22.905512
v -52.537453 46.540691 21.468985
v -47.880383 51.900352 24.182760
v -51.911880 47.263931 20.952076
v -51.572948 47.650799 20.188732
v -47.107754 52.786835 22.160202
v -46.845631 53.092796 20.188732
v -51.565407 47.660156 16.979084
v -46.917763 53.008118 16.979086
v -46.845631 53.092796 13.769438
v -51.572948 47.650799 13.769438
v -51.911880 47.263931 13.006094
v -55.676575 42.929699 13.769437
v -59.782543 38.210487 13.769437
v -59.441727 38.599693 13.006092
v -64.243515 33.074898 11.797966
v -63.475109 33.960934 9.775408
v -62.683159 34.866589 8.510182
v -58.819469 39.314026 12.489183
v -58.448921 39.744892 11.746878
v -61.604568 36.108616 7.812955
v -58.244827 39.974098 11.052656
v -58.018539 40.235603 10.307343
v -57.575409 40.746922 9.907642
v -60.788551 37.048912 6.211136
v -59.644920 38.362034 5.324578
v -58.944870 39.168068 5.021044
v -58.244827 39.974098 4.714503
v -57.050262 41.350388 9.916656
v -56.519455 41.960876 9.943705
v -56.097069 42.446457 9.718307
v -56.963039 41.453785 4.573255
v -55.676575 42.929699 4.573255
v -55.676575 42.929699 9.015071
v -55.258423 43.414829 9.718307
v -54.394341 44.405159 4.573255
v -53.110214 45.882961 4.714503
v -54.837921 43.898071 9.943705
v -54.309002 44.506218 9.916656
v -53.778194 45.116703 9.907642
v -52.410168 46.688995 5.021044
v -51.710121 47.495026 5.324578
v -50.566486 48.808147 6.211138
v -53.338837 45.623341 10.307344
v -53.110214 45.882961 11.052656
v -48.667656 50.990925 8.510184
v -52.904682 46.118732 11.746879
v -49.750473 49.748444 7.812957
v -47.880383 51.900352 9.775410
v -52.537453 46.540691 12.489184
v -47.107754 52.786835 11.797968
v -64.514084 32.768036 13.769436
v -64.439613 32.850826 16.979082
v -62.959476 31.564819 16.979082
v -63.033947 31.482025 13.769436
v -64.243515 33.074898 11.797966
v -62.767601 31.788441 11.797966
v -63.475109 33.960934 9.775408
v -61.994972 32.674927 9.775408
v -62.683159 34.866589 8.510182
v -61.207699 33.584351 8.510182
v -61.604568 36.108616 7.812955
v -60.126770 34.824493 7.812955
v -60.788551 37.048912 6.211136
v -59.310749 35.764786 6.211136
v -59.644920 38.362034 5.324578
v -58.167572 37.082138 5.324578
v -58.944870 39.168068 5.021044
v -58.244827 39.974098 4.714503
v -57.465183 37.886280 5.021044
v -56.764683 38.688087 4.714503
v -56.963039 41.453785 4.573255
v -55.482903 40.167778 4.573255
v -55.676575 42.929699 4.573255
v -54.200661 41.643234 4.573255
v -54.394341 44.405159 4.573255
v -52.912308 43.121490 4.573255
v -53.110214 45.882961 4.714503
v -51.632412 44.598835 4.714503
v -52.410168 46.688995 5.021044
v -50.932365 45.404869 5.021044
v -50.229980 46.209015 5.324578
v -51.710121 47.495026 5.324578
v -50.566486 48.808147 6.211138
v -49.086349 47.522141 6.211138
v -49.750473 49.748444 7.812957
v -48.667656 50.990925 8.510184
v -48.272671 48.464321 7.812957
v -47.191738 49.704460 8.510184
v -46.400242 50.614342 9.775410
v -47.880383 51.900352 9.775410
v -47.107754 52.786835 11.797968
v -45.631836 51.500374 11.797968
v -46.845631 53.092796 13.769438
v -46.917763 53.008118 16.979086
v -45.365490 51.806786 13.769438
v -45.439964 51.723991 16.979086
v -45.365490 51.806786 20.188732
v -46.845631 53.092796 20.188732
v -47.107754 52.786835 22.160202
v -45.631836 51.500374 22.160202
v -47.880383 51.900352 24.182760
v -48.667656 50.990921 25.447987
v -46.400242 50.614342 24.182760
v -47.191738 49.704460 25.447987
v -48.272671 48.464317 26.145214
v -49.750473 49.748440 26.145214
v -50.566486 48.808147 27.747032
v -49.086349 47.522137 27.747032
v -51.710121 47.495022 28.633591
v -52.410168 46.688992 28.937124
v -50.229980 46.209015 28.633591
v -50.932365 45.404869 28.937124
v -53.110214 45.882961 29.243664
v -51.632412 44.598835 29.243664
v -52.912308 43.121490 29.384914
v -54.394341 44.405159 29.384914
v -55.676575 42.929699 29.384914
v -56.963039 41.453785 29.384914
v -54.200661 41.643234 29.384914
v -55.482903 40.167778 29.384914
v -56.764683 38.688087 29.243664
v -58.244827 39.974098 29.243664
v -58.944870 39.168068 28.937124
v -57.465183 37.886280 28.937124
v -59.644920 38.362034 28.633591
v -60.788551 37.048912 27.747030
v -58.167572 37.082138 28.633591
v -59.310749 35.764786 27.747030
v -60.126770 34.824493 26.145210
v -61.604568 36.108616 26.145210
v -62.683159 34.866589 25.447983
v -63.475109 33.960934 24.182758
v -61.207699 33.584351 25.447983
v -61.994972 32.674927 24.182758
v -64.243515 33.074898 22.160200
v -62.767601 31.788441 22.160200
v -63.033947 31.482025 20.188730
v -64.514084 32.768036 20.188730
v -59.782543 38.210487 13.769437
v -59.441727 38.599693 13.006092
v -57.963474 37.311340 13.006092
v -58.304291 36.922138 13.769437
v -54.200661 41.643234 13.769437
v -55.676575 42.929699 13.769437
v -50.097031 46.364334 13.769438
v -51.572948 47.650799 13.769438
v -57.337444 38.030357 12.489183
v -56.970669 38.456543 11.746878
v -58.819469 39.314026 12.489183
v -58.448921 39.744892 11.746878
v -58.244827 39.974098 11.052656
v -56.764683 38.688087 11.052656
v -56.540741 38.951485 10.307343
v -58.018539 40.235603 10.307343
v -56.097160 39.458572 9.907642
v -55.570576 40.068604 9.916656
v -57.575409 40.746922 9.907642
v -57.050262 41.350388 9.916656
v -55.037430 40.677204 9.943705
v -56.519455 41.960876 9.943705
v -56.097069 42.446457 9.718307
v -54.616928 41.160446 9.718307
v -54.200661 41.643234 9.015071
v -55.676575 42.929699 9.015071
v -53.778282 42.128819 9.718307
v -53.357784 42.612061 9.943705
v -55.258423 43.414829 9.718307
v -54.837921 43.898071 9.943705
v -54.309002 44.506218 9.916656
v -52.828861 43.220207 9.916656
v -52.298054 43.830688 9.907642
v -51.858696 44.337330 10.307344
v -53.778194 45.116703 9.907642
v -53.338837 45.623341 10.307344
v -53.110214 45.882961 11.052656
v -51.632412 44.598835 11.052656
v -51.424545 44.832726 11.746879
v -51.059658 45.256569 12.489184
v -52.904682 46.118732 11.746879
v -52.537453 46.540691 12.489184
v -50.433624 45.975582 13.006094
v -51.911880 47.263931 13.006094
v -51.572948 47.650799 13.769438
v -50.097031 46.364334 13.769438
v -58.304291 36.922138 20.188730
v -57.963474 37.311340 20.952074
v -59.441727 38.599693 20.952074
v -59.782543 38.210487 20.188730
v -55.676575 42.929699 20.188730
v -54.200661 41.643234 20.188730
v -51.572948 47.650799 20.188732
v -50.097031 46.364334 20.188732
v -58.819469 39.314026 21.468983
v -58.448921 39.744892 22.211288
v -57.337444 38.030357 21.468983
v -56.970669 38.456543 22.211288
v -56.764683 38.688087 22.905512
v -58.244827 39.974098 22.905512
v -58.018539 40.235603 23.650824
v -56.540741 38.951485 23.650824
v -57.575409 40.746922 24.050526
v -57.050262 41.350388 24.041512
v -56.097160 39.458572 24.050526
v -55.570576 40.068604 24.041512
v -56.519455 41.960876 24.014463
v -55.037430 40.677204 24.014463
v -54.616928 41.160446 24.239861
v -56.097069 42.446457 24.239861
v -55.676575 42.929699 24.943096
v -54.200661 41.643234 24.943096
v -55.258423 43.414829 24.239861
v -54.837921 43.898071 24.014463
v -53.778282 42.128819 24.239861
v -53.357784 42.612061 24.014463
v -52.828861 43.220207 24.041512
v -54.309002 44.506218 24.041512
v -53.778194 45.116703 24.050526
v -53.338837 45.623341 23.650826
v -52.298054 43.830688 24.050526
v -51.858696 44.337330 23.650826
v -51.632412 44.598835 22.905512
v -53.110214 45.882961 22.905512
v -52.904682 46.118732 22.211290
v -52.537453 46.540691 21.468985
v -51.424545 44.832726 22.211290
v -51.059658 45.256569 21.468985
v -51.911880 47.263931 20.952076
v -50.433624 45.975582 20.952076
v -50.097031 46.364334 20.188732
v -51.572948 47.650799 20.188732
v -39.768879 36.751762 16.988100
v -39.980526 36.513199 17.910723
v -39.980526 36.513199 16.065477
v -51.949619 46.719158 16.979084
v -52.103771 46.542332 18.100056
v -54.822392 43.414577 18.178194
v -45.288834 30.470291 17.790512
v -42.624077 33.502499 18.151146
v -57.434479 40.409393 17.739422
v -59.308342 38.252808 16.979084
v -57.434479 40.409393 16.218746
v -47.242748 28.243134 16.988100
v -45.288834 30.470291 16.185688
v -42.624077 33.502499 15.825053
v -54.822392 43.414577 15.779974
v -52.103771 46.542332 15.858112
v -62.959476 31.564819 16.979082
v -58.309494 36.910896 16.979084
v -63.033947 31.482025 13.769436
v -58.304291 36.922138 13.769437
v -63.033947 31.482025 20.188730
v -58.304291 36.922138 20.188730
v -62.767601 31.788441 22.160200
v -61.994972 32.674927 24.182758
v -57.963474 37.311340 20.952074
v -57.337444 38.030357 21.468983
v -56.970669 38.456543 22.211288
v -61.207699 33.584351 25.447983
v -60.126770 34.824493 26.145210
v -59.310749 35.764786 27.747030
v -56.540741 38.951485 23.650824
v -56.764683 38.688087 22.905512
v -56.097160 39.458572 24.050526
v -58.167572 37.082138 28.633591
v -55.570576 40.068604 24.041512
v -57.465183 37.886280 28.937124
v -55.037430 40.677204 24.014463
v -56.764683 38.688087 29.243664
v -55.482903 40.167778 29.384914
v -54.200661 41.643234 24.943096
v -54.616928 41.160446 24.239861
v -54.200661 41.643234 29.384914
v -52.912308 43.121490 29.384914
v -53.778282 42.128819 24.239861
v -51.632412 44.598835 29.243664
v -53.357784 42.612061 24.014463
v -52.828861 43.220207 24.041512
v -50.229980 46.209015 28.633591
v -50.932365 45.404869 28.937124
v -52.298054 43.830688 24.050526
v -51.858696 44.337330 23.650826
v -51.632412 44.598835 22.905512
v -49.086349 47.522137 27.747032
v -48.272671 48.464317 26.145214
v -47.191738 49.704460 25.447987
v -46.400242 50.614342 24.182760
v -51.424545 44.832726 22.211290
v -51.059658 45.256569 21.468985
v -50.433624 45.975582 20.952076
v -45.631836 51.500374 22.160202
v -45.365490 51.806786 20.188732
v -50.097031 46.364334 20.188732
v -45.439964 51.723991 16.979086
v -45.365490 51.806786 13.769438
v -50.087151 46.371803 16.979084
v -50.097031 46.364334 13.769438
v -54.200661 41.643234 13.769437
v -54.200661 41.643234 16.979084
v -54.200661 41.643234 20.188730
v -45.631836 51.500374 11.797968
v -50.433624 45.975582 13.006094
v -46.400242 50.614342 9.775410
v -51.059658 45.256569 12.489184
v -47.191738 49.704460 8.510184
v -51.424545 44.832726 11.746879
v -51.632412 44.598835 11.052656
v -48.272671 48.464321 7.812957
v -49.086349 47.522141 6.211138
v -51.858696 44.337330 10.307344
v -52.298054 43.830688 9.907642
v -52.828861 43.220207 9.916656
v -50.932365 45.404869 5.021044
v -50.229980 46.209015 5.324578
v -51.632412 44.598835 4.714503
v -53.357784 42.612061 9.943705
v -53.778282 42.128819 9.718307
v -52.912308 43.121490 4.573255
v -54.200661 41.643234 4.573255
v -54.200661 41.643234 9.015071
v -54.616928 41.160446 9.718307
v -56.764683 38.688087 4.714503
v -55.482903 40.167778 4.573255
v -55.037430 40.677204 9.943705
v -55.570576 40.068604 9.916656
v -56.097160 39.458572 9.907642
v -57.465183 37.886280 5.021044
v -58.167572 37.082138 5.324578
v -59.310749 35.764786 6.211136
v -56.540741 38.951485 10.307343
v -56.764683 38.688087 11.052656
v -61.207699 33.584351 8.510182
v -60.126770 34.824493 7.812955
v -56.970669 38.456543 11.746878
v -57.337444 38.030357 12.489183
v -61.994972 32.674927 9.775408
v -62.767601 31.788441 11.797966
v -57.963474 37.311340 13.006092
v -52.900368 32.549793 16.979084
v -57.938507 37.457214 16.375021
v -58.202972 37.153145 16.979084
v -52.639679 32.849190 16.375021
v -52.639679 32.849190 17.583147
v -50.179859 35.679886 18.205242
v -57.938507 37.457214 17.583147
v -55.480576 40.285576 18.220268
v -48.155167 38.004398 18.382553
v -53.456337 42.614311 18.400585
v -45.494041 41.070412 18.160162
v -50.794754 45.676102 18.160162
v -50.590656 45.905304 16.979084
v -45.292278 41.301502 16.979084
v -45.494041 41.070412 15.798006
v -48.155167 38.004398 15.575615
v -50.794754 45.676102 15.798006
v -53.456337 42.614311 15.557583
v -50.179859 35.679886 15.752926
v -55.480576 40.285576 15.737900
v -53.456337 42.614311 16.979084
v -55.480576 40.285576 16.979084
v -50.590656 45.905304 16.979084
v -53.456337 42.614311 15.557583
v -55.480576 40.285576 15.737900
v -50.794754 45.676102 18.160162
v -53.456337 42.614311 18.400585
v -55.480576 40.285576 18.220268
v -57.938507 37.457214 17.583147
v -58.202972 37.153145 16.979084
v -57.938507 37.457214 16.375021
v -50.794754 45.676102 15.798006
v -45.335869 41.070282 16.979084
v -45.494041 41.070412 18.160162
v -45.292278 41.301502 16.979084
v -48.068153 37.930382 16.979084
v -48.068153 37.930382 15.804016
v -45.510765 40.867714 15.945266
v -45.510765 40.867714 18.012903
v -48.068153 37.930382 18.154152
v -48.155167 38.004398 18.382553
v -50.179859 35.679886 18.205242
v -50.088161 35.602097 18.006891
v -52.639679 32.849190 17.583147
v -52.900368 32.549793 16.979084
v -52.540436 32.780754 17.486977
v -52.745972 32.544983 16.979084
v -50.088161 35.602097 16.979084
v -50.088161 35.602097 15.951276
v -48.155167 38.004398 15.575615
v -50.179859 35.679886 15.752926
v -52.540436 32.780754 16.471189
v -52.639679 32.849190 16.375021
v -45.494041 41.070412 15.798006
v 0.000046 55.656090 4.000004
v 55.656105 0.000031 3.999988
v -55.656105 0.000027 4.000010
v 0.000038 -55.656128 3.999995
v -70.710617 0.000038 0.000013
v 0.000053 70.710587 0.000004
v 0.000038 -70.710594 -0.000006
v 70.710686 0.000034 -0.000017
v 0.000038 70.710625 0.000008
v -70.710594 -0.000046 -0.000011
v -55.656113 -0.000050 -4.000010
v 0.000023 55.656109 -3.999992
v 70.710594 -0.000050 0.000010
v 55.656090 -0.000038 -3.999994
v 0.000046 -70.710686 -0.000011
v 0.000046 -55.656113 -4.000010
v 101.423439 -7.780693 25.561054
v 94.514290 -7.522240 25.561054
v 101.696922 -5.283302 25.561054
v 101.705925 -5.048882 24.440083
v 101.480537 -6.187889 27.842068
v 94.571388 -6.151833 28.866871
v 101.480537 -6.187889 23.280041
v 101.859215 -0.907600 24.361942
v 94.571388 -6.151833 22.255238
v 101.672874 -1.075897 22.624887
v 94.965080 4.471863 21.933670
v 101.871239 4.288536 22.799194
v 94.766716 -0.859520 21.741333
v 102.006462 3.071404 24.800714
v 102.111656 5.926426 25.561054
v 101.970390 6.990307 25.561054
v 102.006462 3.071404 26.321390
v 101.871239 4.288536 28.322910
v 101.859215 -0.907600 26.760162
v 101.705925 -5.048882 26.682026
v 101.672874 -1.075897 28.497219
v 94.766716 -0.859520 29.380775
v 86.168602 -0.688213 29.353725
v 94.965080 4.471863 29.188435
v 86.415016 4.604107 29.170403
v 85.946220 -6.058670 28.815781
v 71.502800 -5.737099 28.788731
v 85.901131 -7.453117 25.561054
v 71.445686 -7.140564 25.561054
v 85.946220 -6.058670 22.306328
v 71.502800 -5.737099 22.333374
v 86.168602 -0.688213 21.768379
v 71.743217 -0.429752 21.810453
v 53.759560 0.117203 21.861546
v 86.415016 4.604107 21.951702
v 71.839394 4.802444 21.984760
v 54.126213 7.693523 25.561052
v 54.042076 5.154060 22.023829
v 71.746208 7.561302 25.561052
v 86.544243 7.441097 25.561052
v 54.042076 5.154060 29.098278
v 71.839394 4.802444 29.137344
v 71.743217 -0.429752 29.311653
v 53.759560 0.117203 29.260563
v 53.362877 -5.247238 28.758680
v 53.296761 -6.644699 25.561054
v 34.240227 -4.826508 28.728628
v 18.991386 -4.790428 28.707588
v 34.564796 0.180321 29.203463
v 34.171104 -6.226959 25.561054
v 18.922264 -6.190903 25.561054
v 34.240227 -4.826508 22.393478
v 53.362877 -5.247238 22.363426
v 34.564796 0.180321 21.918644
v 19.237823 0.135231 21.963722
v 34.859322 5.121002 22.065903
v 34.922432 7.552284 25.561052
v 19.700645 7.543266 25.561054
v 19.601471 5.084938 22.098961
v 1.852226 -0.018040 22.014812
v 2.387184 7.272785 25.561052
v 2.266953 4.871559 22.138029
v -16.440941 6.683754 25.561052
v -16.537121 4.180351 22.177099
v -16.966888 -0.787388 22.068909
v 1.689941 -4.973755 22.432549
v -32.113525 -1.160057 22.113989
v -17.213318 -5.130043 22.456593
v -17.297470 -6.512466 25.561054
v -32.453117 -5.223198 22.465607
v -32.537296 -6.587593 25.561054
v -45.526123 -6.876106 25.561054
v -32.453117 -5.223198 28.656500
v -45.444992 -5.532745 28.650490
v -60.624695 -6.115776 28.641474
v -32.113525 -1.160057 29.008118
v -45.264679 -1.403488 28.972055
v -60.465446 -2.088684 28.926975
v -59.951515 2.479362 28.848839
v -44.810886 3.254723 28.881897
v -31.797966 6.067669 25.561052
v -44.765781 5.403503 25.561052
v -31.758907 3.693478 28.911949
v -16.537121 4.180351 28.945007
v -16.966888 -0.787388 29.053198
v 1.852226 -0.018040 29.107292
v -17.213318 -5.130043 28.665516
v 1.614807 -6.368217 25.561054
v 1.689941 -4.973755 28.689558
v 19.237823 0.135231 29.158382
v 2.266953 4.871559 28.984077
v 19.601471 5.084938 29.023144
v 34.859322 5.121002 29.056202
v 18.991386 -4.790428 22.414516
v -59.867378 4.528961 25.561052
v -31.758907 3.693478 22.210157
v -44.810886 3.254723 22.240210
v -45.264679 -1.403488 22.150051
v -60.465446 -2.088684 22.195131
v -59.951515 2.479362 22.273268
v -71.101151 3.708504 25.561054
v -71.122192 1.830204 22.297310
v -71.606041 -2.584564 22.225183
v -60.624695 -6.115776 22.480633
v -80.531738 -2.927155 22.252232
v -71.780327 -6.476418 22.480633
v -71.876495 -7.765678 25.561054
v -80.724083 -6.752892 22.480633
v -80.817230 -8.006096 25.561054
v -100.643127 -7.323891 22.306326
v -100.793388 -9.226242 25.561054
v -80.724083 -6.752892 28.641474
v -71.780327 -6.476418 28.641474
v -80.531738 -2.927155 28.869875
v -100.643127 -7.323891 28.815781
v -71.606041 -2.584564 28.896923
v -71.122192 1.830204 28.824795
v -80.032852 1.379429 28.803759
v -80.014809 3.131493 25.561052
v -99.924858 1.685955 25.561052
v -99.873764 0.132229 28.785727
v -100.354630 -4.009056 28.845833
v -101.505638 -4.970764 25.561054
v -99.873764 0.132229 22.336380
v -100.354630 -4.009056 22.276274
v -80.032852 1.379429 22.318348
v -60.714855 -7.438103 25.561054
v -45.444992 -5.532745 22.471617
v 95.079277 7.293835 25.561052
v -69.733734 2.497391 22.126009
v -69.652588 2.671692 21.777395
v -69.580475 4.976746 25.561052
v -70.169502 -2.431282 19.637630
v -69.571457 4.583054 25.561052
v -69.733734 2.497391 28.996098
v -69.652596 2.671692 29.344711
v -71.452744 -2.527458 30.222254
v -70.896782 2.954185 29.993851
v -70.181526 -2.461342 29.537048
v -70.833664 5.403500 25.561052
v -70.896782 2.954185 21.128254
v -71.639091 4.877579 25.561052
v -71.693176 2.614586 29.338699
v -71.804382 1.956436 28.509239
v -72.204102 -2.482376 29.531038
v -72.180023 -2.431282 28.581367
v -72.315292 -6.278053 28.325918
v -72.444504 -6.990318 29.113304
v -72.507607 -7.528252 25.561054
v -72.315292 -6.278053 22.543743
v -72.552689 -8.610153 25.561054
v -72.444504 -6.990318 22.008804
v -71.711220 -7.377991 21.398729
v -71.834435 -9.124062 25.561054
v -70.418922 -6.999321 29.113304
v -71.711220 -7.377991 29.723377
v -70.533150 -8.628181 25.561054
v -70.530121 -8.204460 25.561054
v -70.322762 -6.761909 28.788733
v -70.418922 -6.999321 22.008804
v -70.181519 -2.461342 19.177822
v -70.322762 -6.761909 22.333374
v -71.452744 -2.527458 18.492615
v -72.204102 -2.482376 19.183830
v -72.180023 -2.431282 20.136509
v -71.693176 2.614586 21.783405
v -71.804382 1.956436 22.363426
v -71.669136 3.822716 25.561054
v -70.169502 -2.431282 29.077240
v -69.445236 2.512413 22.126009
v -69.883987 -2.422272 20.455069
v -69.409149 4.631138 25.561052
v -69.352051 3.543213 20.950941
v -69.883980 -2.434296 19.995258
v -70.037254 -6.981300 22.008804
v -69.066551 -2.461349 19.304045
v -68.498550 3.903858 20.292782
v -67.566940 5.154064 25.561052
v -68.564682 5.571789 25.561052
v -67.467735 3.891830 20.521187
v -68.044762 -2.374191 19.989250
v -69.430191 5.024834 25.561052
v -69.445236 2.512413 28.996098
v -69.457237 2.710754 29.350721
v -69.883987 -2.422272 29.077240
v -69.883980 -2.434296 29.540054
v -68.603737 3.071392 30.005875
v -69.066551 -2.461349 30.231270
v -69.225838 -7.353943 29.720371
v -67.609001 2.803925 29.353725
v -68.044762 -2.374191 29.546066
v -67.596977 2.602562 29.002108
v -68.044746 -2.362167 29.086258
v -68.198036 -6.951241 29.113304
v -68.198036 -6.722847 28.788733
v -69.312988 -9.103035 25.561054
v -68.279160 -8.586113 25.561054
v -68.198029 -6.951241 22.008804
v -69.225838 -7.353943 21.401735
v -68.282173 -8.162376 25.561054
v -68.198029 -6.722847 22.333374
v -68.044746 -2.362167 20.788654
v -67.455719 3.693485 20.872803
v -67.542877 4.760361 25.561052
v -70.112396 -8.610161 25.561054
v -70.037247 -6.752899 22.333374
v -70.118408 -8.186409 25.561054
v -70.037254 -6.981300 29.113304
v -70.037254 -6.752899 28.788733
v -66.848671 4.057125 20.566265
v -67.482765 -2.347145 20.788654
v -66.518066 4.808449 25.561052
v -66.533112 4.282520 20.220657
v -67.524849 -2.284035 20.322836
v -68.011688 -6.843056 21.996782
v -65.559387 4.580048 19.565504
v -66.617249 -2.374184 19.631620
v -65.832855 -2.350143 19.959196
v -67.134155 -7.281822 21.386709
v -66.316711 -6.939217 21.999788
v -66.500061 -8.156372 25.561054
v -65.947067 -6.686783 22.333374
v -66.527092 -8.577095 25.561054
v -65.947075 -6.686783 28.788733
v -66.316711 -6.939217 29.122318
v -67.356544 -9.033913 25.561054
v -67.134155 -7.281822 29.735397
v -68.011688 -6.843056 29.125324
v -68.216064 -8.474915 25.561054
v -68.011688 -6.843056 21.996782
v -67.642044 -6.716827 22.333374
v -68.192009 -8.057182 25.561054
v -67.642044 -6.716827 28.788733
v -65.832863 -2.350143 29.555080
v -67.524849 -2.284035 29.552076
v -68.011688 -6.843056 29.125324
v -66.617256 -2.374184 30.243294
v -65.015427 2.818947 29.350719
v -66.719421 2.855019 29.350719
v -65.739693 3.155537 30.005875
v -65.514313 5.685989 25.561052
v -66.515053 5.202133 25.561052
v -64.793015 5.199139 25.561052
v -65.141647 4.138268 20.563259
v -64.826080 4.240448 20.220657
v -64.796036 4.808441 25.561052
v -65.327988 2.713760 29.008118
v -65.790810 -2.293045 29.095272
v -65.790802 -2.293045 20.782644
v -67.031975 2.629623 29.005112
v -67.482765 -2.347145 29.086258
v -67.642044 -6.716827 28.788733
v -67.642044 -6.716827 22.333374
v -64.333221 4.177345 20.560253
v -64.348251 4.375694 20.202625
v -64.982376 -2.281029 20.572275
v -64.985390 -2.265999 21.032085
v -64.441422 4.970734 25.561052
v -64.519554 2.749832 29.011124
v -64.468475 5.358425 25.561052
v -64.528557 2.951183 29.365747
v -63.281384 4.745338 19.544466
v -63.392570 5.920403 25.561052
v -62.806541 5.472618 25.561052
v -62.881691 3.032333 29.371758
v -63.461700 3.320835 30.026911
v -63.957558 -2.299065 30.252308
v -64.982376 -2.281029 29.558086
v -64.128876 -7.272797 29.723377
v -63.344494 -2.226929 29.564098
v -62.893688 2.401215 28.599400
v -63.506752 -6.876106 29.113304
v -63.323456 -2.142784 28.677536
v -63.470726 -6.139816 28.395042
v -63.548851 -7.447105 25.561054
v -63.590919 -8.523003 25.561054
v -63.506752 -6.876106 22.008804
v -64.128876 -7.272797 21.398729
v -64.216011 -9.033913 25.561054
v -65.222801 -8.547050 25.561054
v -65.141647 -6.900154 29.113304
v -65.231819 -8.126305 25.561054
v -65.147659 -6.674751 28.788733
v -64.985390 -2.265999 29.098278
v -65.147659 -6.674751 22.333374
v -65.141647 -6.900154 22.008804
v -63.957558 -2.299065 19.878054
v -63.344494 -2.226929 20.566265
v -63.470726 -6.139816 22.582813
v -62.698357 4.456829 20.199619
v -63.323456 -2.142784 21.404739
v -62.728401 3.681469 20.980993
v -62.815559 4.429783 25.561052
v 80.455544 5.433552 22.126009
v 80.124962 -0.814438 19.637630
v 80.572746 8.072201 25.561052
v 80.548698 8.568073 25.561052
v 80.524651 5.655945 21.777395
v 79.277473 5.950462 21.128254
v 80.112938 -0.853508 19.177822
v 79.968681 -6.596611 22.008804
v 78.835701 -1.003769 18.492615
v 80.061852 -6.287071 22.333374
v 79.881538 -8.123299 25.561054
v 79.887535 -8.655235 25.561054
v 80.061852 -6.287071 28.788733
v 80.124962 -0.814438 29.077240
v 79.968681 -6.596611 29.113304
v 78.601280 -9.346451 25.561054
v 80.112938 -0.853508 29.537048
v 78.685432 -7.143578 29.723377
v 78.835701 -1.003769 30.222254
v 78.084373 -0.979725 29.531038
v 77.943123 -6.686768 29.113304
v 78.057320 -5.749123 28.307888
v 77.868004 -8.733376 25.561054
v 77.895027 -7.332909 25.561054
v 78.057320 -5.749123 22.552761
v 78.111412 -0.904587 20.157545
v 77.943123 -6.686768 22.008804
v 78.084373 -0.979725 19.183830
v 78.685432 -7.143578 21.398729
v 78.493095 5.481644 21.783405
v 78.393913 4.622135 22.372442
v 78.487083 6.975262 25.561052
v 78.393913 4.622135 28.488203
v 78.499107 8.342670 25.561054
v 79.295509 9.048912 25.561052
v 78.493095 5.481644 29.338699
v 79.277473 5.950462 29.993851
v 78.111412 -0.904587 28.560329
v 80.524651 5.655945 29.344711
v 80.455544 5.433552 28.996096
v 80.741051 5.463612 22.126009
v 80.732018 8.144329 25.561052
v 80.407463 -0.790394 20.455069
v 80.813164 6.770920 20.950939
v 80.407463 -0.805420 19.995258
v 80.356377 -6.554535 22.008804
v 81.660667 7.266781 20.292782
v 81.224907 -0.799416 19.304043
v 82.189583 -6.425308 22.008804
v 81.170799 -6.987297 21.401735
v 82.246681 -0.640133 19.989248
v 82.186592 -6.139809 22.333374
v 82.688469 7.302849 20.521185
v 82.243690 -0.625107 20.788654
v 82.703499 7.053410 20.872803
v 82.595314 8.393764 25.561052
v 82.562248 8.889637 25.561052
v 81.555473 9.373489 25.561052
v 82.574272 5.920414 29.353725
v 82.589302 5.667965 29.002110
v 81.224907 -0.799416 30.231270
v 82.246681 -0.640133 29.546064
v 81.573509 6.214935 30.005875
v 80.720009 5.716057 29.350719
v 80.407463 -0.790394 29.077240
v 80.701973 8.634190 25.561052
v 80.741051 5.463612 28.996096
v 80.407463 -0.805420 29.540054
v 80.356377 -6.554535 29.113304
v 81.170799 -6.987297 29.720371
v 80.347359 -6.266029 28.788733
v 80.296272 -8.078217 25.561054
v 80.347359 -6.266029 22.333374
v 80.308281 -8.610153 25.561054
v 81.119713 -9.196182 25.561054
v 82.189583 -6.425308 29.113304
v 82.144524 -8.492950 25.561054
v 82.129478 -7.961006 25.561054
v 82.186592 -6.139809 28.788733
v 82.243690 -0.625107 29.086256
v 83.304558 7.537258 20.566265
v 82.808678 -0.577011 20.788654
v 83.620110 8.510971 25.561052
v 83.611092 7.843800 20.220657
v 82.760612 -0.498878 20.322836
v 84.584816 8.267540 19.565504
v 83.677208 -0.568005 19.631620
v 82.375923 -6.284065 21.996782
v 82.742577 -6.100731 22.333374
v 83.259468 -6.785942 21.386709
v 83.893593 -8.396782 25.561054
v 82.375923 -6.284065 21.996782
v 83.076164 -9.012871 25.561054
v 82.204628 -8.354713 25.561054
v 84.067894 -6.317108 21.999786
v 83.911613 -7.861839 25.561054
v 84.461586 -0.498878 19.959196
v 84.431541 -5.980522 22.333374
v 84.497658 -0.423752 20.782644
v 85.011559 7.726593 20.563259
v 85.321114 7.879856 20.220657
v 85.336128 9.081978 25.561052
v 84.602837 9.661995 25.561052
v 85.167839 6.067673 29.350719
v 85.339134 8.589108 25.561052
v 84.855278 5.920418 29.008118
v 84.497658 -0.423752 29.095272
v 84.461586 -0.498878 29.555080
v 83.677208 -0.568005 30.243292
v 83.259468 -6.785942 29.735399
v 84.067894 -6.317108 29.122318
v 84.431541 -5.980522 28.788733
v 82.375923 -6.284065 29.125326
v 82.760612 -0.498878 29.552076
v 82.375923 -6.284065 29.125326
v 82.742577 -6.100731 28.788733
v 82.808678 -0.577011 29.086256
v 83.151283 5.731075 29.005112
v 83.457832 6.034611 29.350719
v 83.614098 9.003838 25.561052
v 84.431541 6.458363 30.005875
v 82.219658 -7.822777 25.561054
v 82.742577 -6.100731 28.788733
v 82.742577 -6.100731 22.333374
v 85.813972 7.819756 20.560253
v 85.306084 -0.351624 21.032085
v 85.690758 8.814510 25.561052
v 85.798943 8.066196 20.202625
v 85.303078 -0.366653 20.572275
v 86.859810 8.586105 19.544466
v 86.330894 -0.342609 19.878054
v 85.242973 -6.211937 22.008804
v 85.233955 -5.926430 22.333374
v 86.264763 -6.632683 21.398729
v 85.197884 -8.294594 25.561054
v 85.242973 -6.211937 29.113304
v 85.182854 -7.759651 25.561054
v 86.216698 -8.862602 25.561054
v 86.835777 -8.189415 25.561054
v 86.880852 -6.100731 29.113304
v 86.264763 -6.632683 29.723377
v 85.303078 -0.366653 29.558086
v 86.330894 -0.342609 30.252308
v 86.940956 -0.222389 29.564096
v 87.289574 5.667973 28.617432
v 87.295586 6.440327 29.371758
v 86.955986 -0.120216 28.698574
v 86.889870 -5.196159 28.413071
v 86.844795 -6.864082 25.561054
v 86.889870 -5.196159 22.570791
v 86.880852 -6.100731 22.008804
v 86.940956 -0.222389 20.566265
v 87.445839 8.246510 20.199619
v 86.955986 -0.120216 21.386707
v 87.427818 7.302849 20.959957
v 87.325645 8.249516 25.561052
v 87.316612 9.529758 25.561052
v 86.724571 10.067715 25.561052
v 85.648674 6.257008 29.365747
v 86.703545 6.776924 30.026911
v 85.657707 9.304363 25.561052
v 85.663704 6.007576 29.011124
v 85.306084 -0.351624 29.098278
v 85.233955 -5.926430 28.788733
vn 0.5407 0.6275 -0.5602
vn 0.6388 0.7693 -0.0118
vn 0.6432 0.7657 -0.0032
vn 0.6066 0.7155 0.3464
vn 0.5057 0.6403 0.5781
vn 0.6014 0.7181 0.3502
vn 0.6421 0.7666 0.0003
vn 0.6013 0.7108 0.3648
vn 0.6458 0.7635 0.0003
vn 0.5927 0.7036 0.3920
vn 0.6442 0.7648 0.0004
vn 0.6011 0.7108 -0.3654
vn 0.6013 0.7179 -0.3508
vn 0.6004 0.7238 -0.3402
vn 0.5926 0.7033 -0.3927
vn 0.6359 0.7717 0.0004
vn 0.5775 0.7005 -0.4192
vn 0.6277 0.7785 0.0004
vn 0.5611 0.6951 -0.4494
vn 0.6222 0.7828 0.0004
vn 0.5481 0.6894 -0.4736
vn 0.5280 0.6747 0.5158
vn 0.6159 0.7878 0.0005
vn 0.5485 0.6896 0.4729
vn 0.5611 0.6956 0.4487
vn 0.5778 0.7007 0.4185
vn 0.5052 0.6581 0.5583
vn 0.6086 0.7935 0.0005
vn 0.4838 0.6443 0.5923
vn 0.5996 0.8003 0.0005
vn 0.4601 0.6197 0.6358
vn 0.5963 0.8027 0.0006
vn 0.4417 0.5913 0.6748
vn 0.5987 0.8010 0.0006
vn 0.4597 0.6191 -0.6367
vn 0.4835 0.6438 -0.5931
vn 0.5050 0.6575 -0.5592
vn 0.5277 0.6742 -0.5167
vn 0.4414 0.5904 -0.6757
vn 0.5954 0.8034 0.0006
vn 0.4230 0.5695 -0.7048
vn 0.5979 0.8016 0.0008
vn 0.4042 0.5432 -0.7359
vn 0.6109 0.7917 0.0003
vn 0.3999 0.5179 -0.7562
vn 0.3341 0.4497 0.8283
vn 0.5945 0.8041 -0.0000
vn 0.3341 0.4497 -0.8284
vn 0.3993 0.5194 0.7555
vn 0.4048 0.5441 0.7349
vn 0.4233 0.5703 0.7039
vn -0.7546 0.6561 -0.0000
vn -0.7545 0.6563 -0.0003
vn -0.6898 0.5652 -0.4525
vn -0.6899 0.5651 0.4524
vn -0.5070 0.4659 0.7251
vn -0.0185 -0.0094 0.9998
vn -0.0353 -0.0462 0.9983
vn -0.0333 -0.0441 0.9985
vn -0.0153 -0.0229 0.9996
vn -0.0320 -0.0423 0.9986
vn -0.0148 -0.0220 0.9996
vn -0.0315 -0.0419 0.9986
vn 0.0021 -0.0019 1.0000
vn 0.0021 -0.0020 1.0000
vn -0.0147 -0.0220 0.9996
vn -0.0290 -0.0399 0.9988
vn -0.0133 -0.0209 0.9997
vn 0.0022 -0.0020 1.0000
vn -0.0120 -0.0196 0.9997
vn 0.0017 -0.0026 1.0000
vn -0.0264 -0.0374 0.9990
vn -0.0243 -0.0356 0.9991
vn -0.0113 -0.0191 0.9998
vn -0.0225 -0.0337 0.9992
vn -0.0101 -0.0178 0.9998
vn -0.0203 -0.0311 0.9993
vn -0.0090 -0.0164 0.9998
vn -0.0181 -0.0290 0.9994
vn -0.0079 -0.0154 0.9999
vn -0.0166 -0.0272 0.9995
vn 0.0022 -0.0019 1.0000
vn -0.0072 -0.0145 0.9999
vn 0.0016 -0.0028 1.0000
vn 0.0020 -0.0019 1.0000
vn -0.0068 -0.0140 0.9999
vn -0.0068 -0.0133 0.9999
vn 0.0016 -0.0025 1.0000
vn 0.0038 -0.0193 0.9998
vn 0.0050 -0.0182 0.9998
vn 0.0028 -0.0191 0.9998
vn -0.0010 -0.0179 0.9998
vn 0.0007 -0.0178 0.9998
vn -0.0041 -0.0163 0.9999
vn -0.0067 -0.0143 0.9999
vn 0.0021 -0.0182 0.9998
vn 0.0036 -0.0339 0.9994
vn 0.0112 -0.0311 0.9995
vn 0.0111 -0.0300 0.9995
vn 0.0082 -0.0321 0.9995
vn 0.0058 -0.0334 0.9994
vn 0.0039 -0.0322 0.9995
vn -0.0002 -0.0330 0.9995
vn -0.0023 -0.0316 0.9995
vn -0.0082 -0.0286 0.9996
vn -0.0128 -0.0249 0.9996
vn -0.0157 -0.0250 0.9996
vn -0.0153 -0.0254 0.9996
vn 0.0023 -0.0020 1.0000
vn -0.0223 0.0196 0.9996
vn -0.6015 0.5786 0.5508
vn -0.7546 0.6562 -0.0003
vn -0.5962 0.5977 -0.5360
vn -0.5215 0.4608 -0.7181
vn 0.0062 0.0196 -0.9998
vn -0.0164 -0.0243 -0.9996
vn -0.0348 -0.0461 -0.9983
vn -0.0155 -0.0230 -0.9996
vn -0.0332 -0.0435 -0.9985
vn -0.0149 -0.0220 -0.9996
vn -0.0320 -0.0421 -0.9986
vn -0.0147 -0.0221 -0.9996
vn -0.0313 -0.0419 -0.9986
vn 0.0021 -0.0019 -1.0000
vn 0.0021 -0.0020 -1.0000
vn -0.0134 -0.0210 -0.9997
vn 0.0022 -0.0020 -1.0000
vn -0.0121 -0.0197 -0.9997
vn 0.0016 -0.0026 -1.0000
vn -0.0114 -0.0192 -0.9998
vn -0.0262 -0.0370 -0.9990
vn -0.0101 -0.0179 -0.9998
vn -0.0242 -0.0354 -0.9991
vn -0.0222 -0.0335 -0.9992
vn -0.0091 -0.0166 -0.9998
vn -0.0201 -0.0308 -0.9993
vn -0.0080 -0.0155 -0.9998
vn -0.0180 -0.0286 -0.9994
vn -0.0071 -0.0146 -0.9999
vn -0.0164 -0.0270 -0.9995
vn -0.0070 -0.0139 -0.9999
vn -0.0154 -0.0252 -0.9996
vn 0.0014 -0.0026 -1.0000
vn -0.0066 -0.0136 -0.9999
vn -0.0154 -0.0250 -0.9996
vn -0.0069 -0.0137 -0.9999
vn 0.0022 -0.0021 -1.0000
vn 0.0015 -0.0025 -1.0000
vn -0.0037 -0.0163 -0.9999
vn -0.0013 -0.0175 -0.9998
vn 0.0012 -0.0177 -0.9998
vn 0.0014 -0.0181 -0.9998
vn 0.0035 -0.0180 -0.9998
vn 0.0047 -0.0184 -0.9998
vn 0.0042 -0.0289 -0.9996
vn 0.0035 -0.0186 -0.9998
vn 0.0066 -0.0335 -0.9994
vn 0.0079 -0.0326 -0.9994
vn 0.0112 -0.0323 -0.9994
vn 0.0131 -0.0317 -0.9994
vn 0.0030 -0.0332 -0.9994
vn 0.0004 -0.0331 -0.9995
vn -0.0028 -0.0319 -0.9995
vn -0.0080 -0.0292 -0.9995
vn -0.0133 -0.0247 -0.9996
vn 0.0022 -0.0019 -1.0000
vn -0.0286 -0.0395 -0.9988
vn 0.0023 -0.0020 -1.0000
vn -0.1037 -0.1303 -0.9860
vn -0.1037 -0.1300 -0.9861
vn -0.1037 -0.1306 -0.9860
vn -0.1038 -0.1310 -0.9859
vn -0.1035 -0.1262 -0.9866
vn -0.1072 -0.1280 -0.9860
vn -0.1059 -0.1274 -0.9862
vn -0.1022 -0.1255 -0.9868
vn -0.1020 -0.1245 -0.9870
vn -0.0978 -0.1214 -0.9878
vn -0.0986 -0.1220 -0.9876
vn -0.1027 -0.1251 -0.9868
vn -0.0985 -0.1203 -0.9878
vn -0.0957 -0.1180 -0.9884
vn -0.0961 -0.1183 -0.9883
vn -0.0989 -0.1206 -0.9878
vn -0.0946 -0.1179 -0.9885
vn -0.0896 -0.1136 -0.9895
vn -0.0902 -0.1141 -0.9894
vn -0.0952 -0.1184 -0.9884
vn -0.0892 -0.1121 -0.9897
vn -0.0818 -0.1061 -0.9910
vn -0.0830 -0.1070 -0.9908
vn -0.0903 -0.1130 -0.9895
vn -0.0817 -0.1045 -0.9912
vn -0.0744 -0.0982 -0.9924
vn -0.0754 -0.0990 -0.9922
vn -0.0827 -0.1054 -0.9910
vn -0.0735 -0.0971 -0.9926
vn -0.0644 -0.0888 -0.9940
vn -0.0655 -0.0898 -0.9938
vn -0.0745 -0.0981 -0.9924
vn -0.0648 -0.0873 -0.9941
vn -0.0599 -0.0831 -0.9947
vn -0.0606 -0.0837 -0.9946
vn -0.0654 -0.0879 -0.9940
vn -0.0599 -0.0825 -0.9948
vn -0.0576 -0.0807 -0.9951
vn -0.0580 -0.0810 -0.9950
vn -0.0602 -0.0828 -0.9947
vn -0.0570 -0.0798 -0.9952
vn -0.0507 -0.0740 -0.9960
vn -0.0515 -0.0748 -0.9959
vn -0.0578 -0.0806 -0.9951
vn -0.0490 -0.0718 -0.9962
vn -0.0511 -0.0736 -0.9960
vn -0.0508 -0.0733 -0.9960
vn -0.0486 -0.0715 -0.9963
vn -0.0492 -0.0700 -0.9963
vn -0.0466 -0.0681 -0.9966
vn -0.0472 -0.0685 -0.9965
vn -0.0498 -0.0705 -0.9963
vn -0.0476 -0.0671 -0.9966
vn -0.0472 -0.0668 -0.9966
vn -0.0473 -0.0668 -0.9966
vn -0.0477 -0.0671 -0.9966
vn -0.0359 -0.0757 -0.9965
vn -0.0351 -0.0757 -0.9965
vn -0.0364 -0.0757 -0.9965
vn -0.0371 -0.0757 -0.9964
vn -0.0164 -0.0848 -0.9963
vn -0.0159 -0.0847 -0.9963
vn -0.0167 -0.0849 -0.9963
vn -0.0171 -0.0850 -0.9962
vn -0.0053 -0.0871 -0.9962
vn -0.0048 -0.0868 -0.9962
vn -0.0057 -0.0872 -0.9962
vn -0.0061 -0.0874 -0.9962
vn 0.0026 -0.0883 -0.9961
vn 0.0014 -0.0891 -0.9960
vn 0.0035 -0.0877 -0.9961
vn 0.0044 -0.0871 -0.9962
vn 0.0127 -0.0876 -0.9961
vn 0.0121 -0.0882 -0.9960
vn 0.0132 -0.0871 -0.9961
vn 0.0136 -0.0867 -0.9961
vn 0.0189 -0.0860 -0.9961
vn 0.0197 -0.0849 -0.9962
vn 0.0180 -0.0873 -0.9960
vn 0.0168 -0.0889 -0.9959
vn 0.0321 -0.0845 -0.9959
vn 0.0299 -0.0904 -0.9955
vn 0.0344 -0.0783 -0.9963
vn 0.0354 -0.0756 -0.9965
vn 0.0259 -0.0844 -0.9961
vn 0.0250 -0.0861 -0.9960
vn 0.0266 -0.0829 -0.9962
vn 0.0273 -0.0818 -0.9963
vn -0.1043 -0.1255 0.9866
vn -0.1055 -0.1295 0.9860
vn -0.1051 -0.1281 0.9862
vn -0.1039 -0.1240 0.9868
vn -0.1036 -0.1304 0.9860
vn -0.1033 -0.1303 0.9861
vn -0.1039 -0.1305 0.9860
vn -0.1042 -0.1306 0.9859
vn -0.1012 -0.1252 0.9870
vn -0.0990 -0.1205 0.9878
vn -0.0994 -0.1214 0.9876
vn -0.1016 -0.1260 0.9868
vn -0.0980 -0.1206 0.9878
vn -0.0962 -0.1173 0.9884
vn -0.0965 -0.1178 0.9883
vn -0.0982 -0.1211 0.9878
vn -0.0937 -0.1184 0.9885
vn -0.0903 -0.1124 0.9895
vn -0.0908 -0.1132 0.9894
vn -0.0941 -0.1192 0.9884
vn -0.0877 -0.1128 0.9897
vn -0.0836 -0.1046 0.9910
vn -0.0843 -0.1059 0.9908
vn -0.0884 -0.1142 0.9895
vn -0.0766 -0.0980 0.9922
vn -0.0811 -0.1068 0.9910
vn -0.0805 -0.1055 0.9912
vn -0.0759 -0.0968 0.9924
vn -0.0720 -0.0983 0.9926
vn -0.0662 -0.0871 0.9940
vn -0.0669 -0.0886 0.9938
vn -0.0727 -0.0998 0.9923
vn -0.0638 -0.0879 0.9941
vn -0.0611 -0.0821 0.9948
vn -0.0615 -0.0830 0.9946
vn -0.0643 -0.0888 0.9940
vn -0.0594 -0.0829 0.9948
vn -0.0583 -0.0801 0.9951
vn -0.0585 -0.0807 0.9950
vn -0.0596 -0.0834 0.9947
vn -0.0558 -0.0807 0.9952
vn -0.0521 -0.0727 0.9960
vn -0.0527 -0.0739 0.9959
vn -0.0564 -0.0819 0.9950
vn -0.0503 -0.0736 0.9960
vn -0.0493 -0.0709 0.9963
vn -0.0495 -0.0715 0.9962
vn -0.0505 -0.0741 0.9960
vn -0.0486 -0.0705 0.9963
vn -0.0475 -0.0673 0.9966
vn -0.0478 -0.0680 0.9965
vn -0.0489 -0.0712 0.9963
vn -0.0475 -0.0671 0.9966
vn -0.0474 -0.0667 0.9967
vn -0.0474 -0.0668 0.9966
vn -0.0476 -0.0672 0.9966
vn -0.0363 -0.0755 0.9965
vn -0.0366 -0.0749 0.9965
vn -0.0361 -0.0760 0.9965
vn -0.0357 -0.0769 0.9964
vn -0.0167 -0.0848 0.9963
vn -0.0170 -0.0844 0.9963
vn -0.0165 -0.0850 0.9962
vn -0.0161 -0.0855 0.9962
vn -0.0057 -0.0871 0.9962
vn -0.0060 -0.0868 0.9962
vn -0.0054 -0.0873 0.9962
vn -0.0049 -0.0877 0.9961
vn 0.0035 -0.0881 0.9961
vn 0.0044 -0.0885 0.9961
vn 0.0026 -0.0876 0.9962
vn 0.0014 -0.0870 0.9962
vn 0.0126 -0.0872 0.9961
vn 0.0119 -0.0870 0.9961
vn 0.0132 -0.0874 0.9961
vn 0.0138 -0.0875 0.9961
vn 0.0176 -0.0865 0.9961
vn 0.0163 -0.0864 0.9961
vn 0.0191 -0.0866 0.9961
vn 0.0201 -0.0866 0.9960
vn 0.0269 -0.0834 0.9962
vn 0.0278 -0.0833 0.9961
vn 0.0254 -0.0836 0.9962
vn 0.0243 -0.0838 0.9962
vn 0.0353 -0.0794 0.9962
vn 0.0368 -0.0787 0.9962
vn 0.0300 -0.0821 0.9962
vn 0.0278 -0.0832 0.9961
vn 0.4968 0.5397 -0.6797
vn 0.4849 0.5466 -0.6827
vn 0.1181 0.1330 -0.9841
vn 0.1221 0.1323 -0.9836
vn -0.0000 -0.0000 -1.0000
vn 0.1147 0.1307 -0.9848
vn 0.4760 0.5484 -0.6875
vn -0.1214 -0.1314 -0.9839
vn -0.1236 -0.1329 -0.9834
vn -0.5013 -0.5378 -0.6779
vn -0.4973 -0.5376 -0.6809
vn -0.4900 -0.5371 -0.6867
vn -0.1171 -0.1296 -0.9846
vn -0.6797 -0.7335 -0.0001
vn -0.6821 -0.7313 0.0003
vn -0.6748 -0.7380 -0.0000
vn 0.6771 0.7359 0.0002
vn 0.6630 0.7487 -0.0000
vn 0.6545 0.7560 0.0001
vn -0.6748 0.6518 -0.3462
vn -0.7189 0.6951 -0.0000
vn -0.6840 0.7295 -0.0038
vn -0.5842 0.7248 -0.3652
vn -0.4700 0.8478 -0.2456
vn -0.3739 0.9272 -0.0215
vn -0.8684 0.4222 -0.2600
vn -0.9438 0.3304 -0.0101
vn -0.7488 0.6627 0.0011
vn -0.7321 0.5712 -0.3710
vn 0.8755 -0.4377 -0.2050
vn 0.9394 -0.3421 -0.0205
vn 0.7965 -0.6047 -0.0035
vn 0.7905 -0.5294 -0.3079
vn 0.7404 -0.6058 -0.2912
vn 0.7744 -0.6327 -0.0001
vn 0.7498 -0.6616 -0.0035
vn 0.6712 -0.6713 -0.3145
vn 0.5928 -0.7772 -0.2109
vn 0.5074 -0.8615 -0.0210
vn 0.1152 0.7857 -0.6078
vn -0.2020 0.4263 -0.8817
vn -0.3272 0.3155 -0.8907
vn 0.1240 0.1305 -0.9837
vn 0.5061 0.5315 -0.6792
vn 0.6902 0.7236 -0.0002
vn 0.3351 0.9421 -0.0102
vn -0.4255 0.1843 -0.8860
vn -0.7670 -0.1731 -0.6178
vn -0.5019 -0.5362 -0.6787
vn -0.1237 -0.1321 -0.9835
vn -0.9225 -0.3859 -0.0057
vn -0.6830 -0.7304 -0.0000
vn 0.4664 0.5465 -0.6956
vn 0.1098 0.1272 -0.9858
vn 0.1110 0.1292 -0.9854
vn 0.4694 0.5475 -0.6928
vn 0.7805 0.1572 -0.6050
vn 0.4703 -0.1895 -0.8619
vn 0.3857 -0.3162 -0.8668
vn 0.6480 0.7616 0.0002
vn 0.9234 0.3838 -0.0087
vn 0.6501 0.7599 0.0002
vn -0.1116 -0.1260 -0.9857
vn -0.1145 -0.1274 -0.9852
vn -0.4831 -0.5367 -0.6918
vn -0.4793 -0.5353 -0.6955
vn 0.2691 -0.4213 -0.8661
vn -0.0298 -0.7923 -0.6093
vn -0.6680 -0.7441 -0.0000
vn -0.6698 -0.7426 -0.0000
vn -0.2350 -0.9720 -0.0094
vn 0.2023 -0.4068 -0.8908
vn -0.4355 0.2092 -0.8755
vn -0.7874 -0.1354 -0.6014
vn -0.1284 -0.7875 -0.6028
vn 0.2994 -0.2855 -0.9104
vn -0.3310 0.3152 -0.8894
vn -0.9132 -0.3318 -0.2365
vn -0.2914 -0.9250 -0.2437
vn 0.4129 -0.1796 -0.8929
vn -0.2423 0.4348 -0.8673
vn 0.7686 0.1697 -0.6168
vn 0.0843 0.8057 -0.5863
vn 0.9032 0.3550 -0.2412
vn 0.2614 0.9347 -0.2407
vn -0.2063 -0.7465 -0.6326
vn 0.1705 -0.3867 -0.9063
vn -0.2978 -0.9546 -0.0032
vn 0.2998 -0.2859 -0.9101
vn 0.3956 -0.1518 -0.9058
vn 0.7288 0.2462 -0.6390
vn 0.9328 0.3604 0.0029
vn -0.7406 -0.2285 -0.6319
vn -0.4188 0.1759 -0.8909
vn -0.9425 -0.3342 0.0027
vn -0.3316 0.3156 -0.8891
vn -0.2035 0.4141 -0.8872
vn 0.1840 0.7592 -0.6243
vn 0.2639 0.9646 -0.0034
vn 0.4849 0.5465 0.6828
vn 0.4971 0.5398 0.6793
vn 0.1219 0.1323 0.9837
vn 0.1187 0.1326 0.9840
vn -0.0000 -0.0000 1.0000
vn 0.1141 0.1312 0.9848
vn 0.4759 0.5486 0.6874
vn -0.1236 -0.1326 0.9834
vn -0.1210 -0.1320 0.9838
vn -0.5016 -0.5379 0.6775
vn -0.4971 -0.5375 0.6811
vn -0.4899 -0.5370 0.6867
vn -0.1177 -0.1292 0.9846
vn -0.6744 0.6521 0.3463
vn -0.6057 0.7102 0.3588
vn -0.4772 0.8451 0.2409
vn -0.8645 0.4366 0.2490
vn -0.7265 0.5828 0.3642
vn 0.8738 -0.4431 0.2006
vn 0.7797 -0.5483 0.3024
vn 0.7407 -0.6055 0.2912
vn 0.6881 -0.6570 0.3080
vn 0.5981 -0.7741 0.2074
vn 0.1324 0.7794 0.6124
vn -0.2042 0.4138 0.8872
vn -0.3269 0.3159 0.8907
vn 0.1240 0.1303 0.9837
vn 0.5065 0.5311 0.6792
vn -0.4185 0.1856 0.8891
vn -0.7631 -0.1827 0.6200
vn -0.5017 -0.5361 0.6788
vn -0.1240 -0.1321 0.9835
vn 0.1093 0.1276 0.9858
vn 0.4665 0.5466 0.6954
vn 0.4695 0.5475 0.6927
vn 0.1116 0.1287 0.9854
vn 0.7741 0.1710 0.6096
vn 0.4596 -0.1934 0.8668
vn 0.3859 -0.3157 0.8668
vn -0.1121 -0.1256 0.9857
vn -0.1140 -0.1279 0.9852
vn -0.4831 -0.5367 0.6918
vn -0.4793 -0.5352 0.6956
vn 0.2702 -0.4104 0.8709
vn -0.0446 -0.7882 0.6138
vn -0.4359 0.2131 0.8744
vn 0.1992 -0.4073 0.8913
vn -0.1223 -0.7825 0.6106
vn -0.7925 -0.1409 0.5934
vn 0.2984 -0.2866 0.9104
vn -0.3302 0.3167 0.8892
vn -0.2887 -0.9282 0.2348
vn -0.9104 -0.3348 0.2429
vn 0.4128 -0.1836 0.8922
vn -0.2385 0.4359 0.8678
vn 0.7736 0.1751 0.6090
vn 0.0783 0.8002 0.5946
vn 0.9003 0.3576 0.2483
vn 0.2586 0.9375 0.2328
vn -0.2049 -0.7437 0.6363
vn 0.1709 -0.3890 0.9052
vn 0.2988 -0.2869 0.9102
vn 0.3927 -0.1514 0.9071
vn 0.7311 0.2486 0.6354
vn -0.4158 0.1751 0.8924
vn -0.7429 -0.2309 0.6283
vn -0.3301 0.3165 0.8893
vn -0.2036 0.4170 0.8858
vn 0.1813 0.7567 0.6282
vn 0.7547 -0.6561 -0.0006
vn 0.7547 -0.6561 -0.0000
vn 0.7548 -0.6560 -0.0000
vn 0.7549 -0.6559 0.0001
vn 0.7547 -0.6561 -0.0001
vn 0.7547 -0.6561 0.0001
vn 0.7549 -0.6558 -0.0000
vn 0.7546 -0.6562 -0.0000
vn 0.7549 -0.6559 -0.0001
vn 0.7547 -0.6561 0.0006
vn -0.7548 0.6560 -0.0002
vn -0.7546 0.6562 -0.0001
vn -0.7547 0.6561 -0.0000
vn -0.7549 0.6559 -0.0005
vn -0.7549 0.6558 -0.0000
vn -0.7549 0.6559 0.0005
vn -0.7547 0.6561 0.0002
vn -0.7547 0.6561 -0.0001
vn -0.7546 0.6562 -0.0000
vn -0.7547 0.6561 0.0001
vn -0.7548 0.6560 0.0002
vn -0.7546 0.6562 0.0001
vn -0.7547 0.6561 -0.0002
vn 0.1281 0.1470 -0.9808
vn 0.1278 0.1468 -0.9809
vn 0.4734 0.5480 -0.6897
vn 0.4736 0.5489 -0.6887
vn -0.1280 -0.1471 -0.9808
vn -0.1279 -0.1468 -0.9809
vn -0.4739 -0.5486 -0.6888
vn -0.4729 -0.5482 -0.6898
vn -0.6566 -0.7542 0.0004
vn -0.4734 -0.5480 0.6896
vn -0.4737 -0.5490 0.6886
vn -0.1279 -0.1470 0.9808
vn -0.1282 -0.1471 0.9808
vn 0.1279 0.1469 0.9808
vn 0.1278 0.1466 0.9809
vn 0.4738 0.5485 0.6889
vn 0.4729 0.5482 0.6898
vn 0.6566 0.7542 -0.0004
vn -0.7546 0.6561 0.0005
vn -0.7546 0.6561 0.0004
vn -0.7546 0.6562 0.0018
vn -0.7547 0.6561 0.0006
vn -0.7551 0.6556 -0.0020
vn -0.7546 0.6561 0.0003
vn -0.7544 0.6564 0.0013
vn -0.7545 0.6563 0.0017
vn -0.7549 0.6558 -0.0004
vn -0.7544 0.6564 0.0019
vn -0.7553 0.6554 -0.0004
vn -0.7546 0.6562 0.0005
vn -0.7549 0.6559 0.0004
vn -0.7550 0.6557 0.0001
vn -0.7553 0.6554 -0.0002
vn -0.7546 0.6562 0.0003
vn -0.7550 0.6558 -0.0005
vn -0.7543 0.6565 -0.0000
vn -0.7553 0.6553 0.0005
vn -0.7549 0.6559 0.0003
vn -0.7552 0.6555 0.0006
vn -0.7545 0.6563 0.0003
vn -0.7549 0.6558 0.0004
vn -0.7545 0.6563 -0.0001
vn -0.7547 0.6560 0.0004
vn -0.7544 0.6564 -0.0005
vn -0.7548 0.6559 0.0004
vn -0.7545 0.6563 -0.0004
vn -0.7542 0.6566 -0.0013
vn -0.7549 0.6559 0.0008
vn -0.7548 0.6560 0.0003
vn -0.7550 0.6557 0.0007
vn -0.7546 0.6561 -0.0006
vn -0.7547 0.6561 0.0004
vn -0.7548 0.6559 -0.0000
vn -0.7549 0.6559 -0.0001
vn -0.7548 0.6559 -0.0004
vn -0.7549 0.6559 0.0011
vn -0.7549 0.6558 -0.0021
vn -0.7545 0.6562 -0.0002
vn -0.7544 0.6564 -0.0012
vn -0.7547 0.6560 -0.0006
vn -0.7545 0.6563 -0.0005
vn -0.7545 0.6563 -0.0012
vn -0.7553 0.6553 0.0011
vn -0.7546 0.6562 -0.0007
vn -0.7550 0.6557 -0.0001
vn -0.7540 0.6569 -0.0019
vn -0.7552 0.6555 0.0008
vn -0.7547 0.6560 -0.0001
vn -0.7547 0.6561 -0.0006
vn -0.7550 0.6557 -0.0002
vn -0.7553 0.6553 0.0002
vn -0.7549 0.6558 0.0003
vn -0.7543 0.6565 0.0003
vn -0.7558 0.6548 0.0001
vn -0.7544 0.6564 -0.0002
vn -0.7552 0.6555 -0.0002
vn -0.7548 0.6559 -0.0005
vn -0.7544 0.6564 -0.0001
vn -0.7546 0.6562 -0.0002
vn -0.7549 0.6559 -0.0003
vn -0.7540 0.6568 0.0007
vn -0.7545 0.6563 -0.0000
vn -0.7540 0.6569 0.0009
vn -0.7545 0.6563 0.0006
vn -0.7548 0.6559 -0.0006
vn -0.7548 0.6559 -0.0001
vn -0.7548 0.6560 -0.0005
vn -0.7547 0.6561 -0.0007
vn -0.6559 -0.7549 -0.0000
vn -0.6535 -0.7522 -0.0848
vn -0.6538 -0.7519 -0.0845
vn -0.6136 -0.7045 -0.3566
vn -0.6137 -0.7045 -0.3565
vn -0.5251 -0.6039 -0.5997
vn -0.5248 -0.6039 -0.5999
vn -0.3735 -0.4299 -0.8220
vn -0.3735 -0.4298 -0.8221
vn -0.3998 -0.4601 -0.7927
vn -0.3999 -0.4602 -0.7927
vn -0.4178 -0.4808 -0.7709
vn -0.4176 -0.4808 -0.7710
vn -0.2393 -0.2760 -0.9309
vn -0.2389 -0.2758 -0.9311
vn -0.1799 -0.2076 -0.9615
vn -0.1801 -0.2077 -0.9615
vn -0.1147 -0.1322 -0.9846
vn -0.1149 -0.1323 -0.9845
vn -0.0236 -0.0272 -0.9994
vn 0.0235 0.0272 -0.9994
vn 0.0236 0.0272 -0.9993
vn 0.1147 0.1321 -0.9846
vn 0.1147 0.1320 -0.9846
vn 0.1802 0.2074 -0.9615
vn 0.2396 0.2757 -0.9309
vn 0.2397 0.2758 -0.9308
vn 0.4177 0.4808 -0.7710
vn 0.4177 0.4808 -0.7709
vn 0.3997 0.4600 -0.7929
vn 0.3999 0.4599 -0.7928
vn 0.3740 0.4293 -0.8221
vn 0.3737 0.4292 -0.8223
vn 0.5249 0.6036 -0.6001
vn 0.5248 0.6036 -0.6002
vn 0.6139 0.7047 -0.3557
vn 0.6137 0.7047 -0.3560
vn 0.6539 0.7520 -0.0837
vn 0.6535 0.7522 -0.0841
vn 0.6559 0.7548 -0.0000
vn 0.6536 0.7522 0.0833
vn 0.6539 0.7520 0.0837
vn 0.6136 0.7046 0.3564
vn 0.6136 0.7045 0.3567
vn 0.5251 0.6039 0.5996
vn 0.5251 0.6039 0.5997
vn 0.3736 0.4291 0.8223
vn 0.3735 0.4288 0.8225
vn 0.3999 0.4599 0.7928
vn 0.3998 0.4601 0.7927
vn 0.4177 0.4808 0.7709
vn 0.4177 0.4808 0.7710
vn 0.2396 0.2757 0.9309
vn 0.2397 0.2758 0.9308
vn 0.1802 0.2074 0.9615
vn 0.1147 0.1320 0.9846
vn 0.0236 0.0272 0.9994
vn 0.0236 0.0273 0.9993
vn -0.0236 -0.0272 0.9994
vn -0.1147 -0.1320 0.9846
vn -0.1147 -0.1323 0.9845
vn -0.1801 -0.2076 0.9615
vn -0.1801 -0.2079 0.9614
vn -0.2393 -0.2762 0.9308
vn -0.2391 -0.2758 0.9310
vn -0.4176 -0.4808 0.7710
vn -0.4176 -0.4806 0.7711
vn -0.3998 -0.4601 0.7927
vn -0.3999 -0.4601 0.7927
vn -0.3735 -0.4298 0.8220
vn -0.3735 -0.4298 0.8221
vn -0.5250 -0.6042 0.5994
vn -0.5251 -0.6039 0.5996
vn -0.6135 -0.7043 0.3573
vn -0.6134 -0.7044 0.3572
vn -0.6538 -0.7519 0.0845
vn -0.6535 -0.7522 0.0841
vn 0.4410 0.5061 0.7412
vn 0.4412 0.5070 0.7405
vn 0.5801 0.6656 -0.4696
vn 0.5809 0.6666 -0.4671
vn 0.4272 0.4925 0.7583
vn 0.4270 0.4916 0.7589
vn 0.5646 0.6492 0.5096
vn 0.5647 0.6488 0.5101
vn 0.5975 0.6869 0.4138
vn 0.5975 0.6876 0.4126
vn 0.4867 0.5601 0.6703
vn 0.4865 0.5594 0.6712
vn 0.1701 0.1956 0.9658
vn 0.1695 0.1944 0.9662
vn -0.0146 -0.0169 0.9998
vn 0.0997 0.1151 0.9883
vn 0.0991 0.1141 0.9885
vn 0.3626 0.4177 0.8331
vn 0.3623 0.4164 0.8339
vn 0.0018 0.0031 1.0000
vn -0.0003 -0.0013 1.0000
vn -0.3621 -0.4161 0.8341
vn -0.3622 -0.4169 0.8337
vn -0.0995 -0.1145 0.9884
vn -0.0996 -0.1147 0.9884
vn 0.0147 0.0169 0.9998
vn -0.1706 -0.1964 0.9656
vn -0.4870 -0.5605 0.6699
vn -0.4869 -0.5604 0.6699
vn -0.5965 -0.6865 0.4159
vn -0.5644 -0.6495 0.5095
vn -0.5644 -0.6496 0.5094
vn -0.4281 -0.4927 0.7577
vn -0.4279 -0.4921 0.7581
vn -0.4414 -0.5068 0.7405
vn -0.4415 -0.5066 0.7406
vn -0.5449 -0.6252 0.5587
vn -0.5449 -0.6252 0.5588
vn 0.4418 0.5069 -0.7402
vn 0.4409 0.5066 -0.7409
vn 0.5809 0.6666 0.4671
vn 0.5801 0.6656 0.4696
vn 0.4262 0.4912 -0.7597
vn 0.4269 0.4915 -0.7590
vn 0.5649 0.6495 -0.5091
vn 0.5653 0.6494 -0.5086
vn 0.5977 0.6871 -0.4130
vn 0.5970 0.6871 -0.4142
vn 0.4861 0.5595 -0.6713
vn 0.4869 0.5598 -0.6705
vn 0.1694 0.1948 -0.9661
vn 0.1705 0.1956 -0.9658
vn -0.0146 -0.0169 -0.9998
vn 0.0988 0.1141 -0.9885
vn 0.0998 0.1149 -0.9884
vn 0.3617 0.4167 -0.8340
vn 0.3630 0.4171 -0.8332
vn -0.0013 -0.0005 -1.0000
vn 0.0028 0.0023 -1.0000
vn -0.3623 -0.4164 -0.8339
vn -0.3616 -0.4162 -0.8343
vn -0.0996 -0.1146 -0.9884
vn -0.0995 -0.1145 -0.9884
vn 0.0147 0.0169 -0.9998
vn -0.1707 -0.1964 -0.9656
vn -0.1706 -0.1963 -0.9656
vn -0.4869 -0.5604 -0.6699
vn -0.4870 -0.5605 -0.6699
vn -0.5965 -0.6865 -0.4159
vn -0.5644 -0.6496 -0.5094
vn -0.5644 -0.6495 -0.5095
vn -0.4276 -0.4921 -0.7582
vn -0.4282 -0.4924 -0.7578
vn -0.4414 -0.5069 -0.7404
vn -0.4417 -0.5068 -0.7403
vn -0.5449 -0.6252 -0.5588
vn -0.5450 -0.6252 -0.5587
vn -0.6369 -0.7710 0.0028
vn -0.3925 -0.4679 -0.7919
vn -0.4037 -0.4807 -0.7784
vn -0.3964 -0.4713 0.7879
vn -0.6363 -0.7715 0.0026
vn 0.0236 0.0350 -0.9991
vn 0.1115 0.1354 -0.9845
vn 0.1198 0.1413 -0.9827
vn 0.0068 0.0111 -0.9999
vn 0.6396 0.7687 0.0007
vn 0.6396 0.7687 -0.0001
vn 0.1188 0.1425 0.9826
vn 0.1111 0.1361 0.9844
vn 0.0045 0.0175 0.9998
vn 0.0280 0.0354 0.9990
vn -0.4063 -0.4841 0.7750
vn 0.7546 -0.6562 0.0004
vn 0.7546 -0.6562 -0.0001
vn 0.7548 -0.6560 -0.0001
vn 0.7547 -0.6560 0.0005
vn 0.7546 -0.6562 -0.0003
vn 0.7545 -0.6562 -0.0001
vn 0.7547 -0.6561 0.0003
vn 0.7544 -0.6564 -0.0010
vn 0.7551 -0.6556 0.0016
vn 0.7547 -0.6560 0.0008
vn 0.7542 -0.6567 -0.0004
vn 0.7545 -0.6563 -0.0005
vn 0.7547 -0.6561 0.0008
vn 0.7549 -0.6559 0.0005
vn 0.7543 -0.6565 -0.0002
vn 0.7555 -0.6552 0.0003
vn 0.7542 -0.6566 0.0003
vn 0.7534 -0.6575 -0.0009
vn 0.7537 -0.6572 -0.0013
vn 0.7537 -0.6572 -0.0007
vn 0.7543 -0.6565 -0.0006
vn 0.7554 -0.6553 0.0004
vn 0.7554 -0.6553 0.0005
vn 0.7544 -0.6565 -0.0001
vn 0.7551 -0.6556 0.0006
vn 0.7546 -0.6562 0.0001
vn 0.7550 -0.6558 -0.0005
vn 0.7553 -0.6554 -0.0002
vn 0.7545 -0.6563 0.0004
vn 0.7545 -0.6563 0.0003
vn 0.7539 -0.6569 0.0006
vn 0.7541 -0.6568 0.0009
vn 0.7549 -0.6559 -0.0003
vn 0.7549 -0.6558 -0.0007
vn 0.7548 -0.6559 -0.0008
vn 0.7542 -0.6566 0.0016
vn 0.7545 -0.6562 0.0008
vn 0.7548 -0.6560 -0.0004
vn 0.7543 -0.6565 0.0010
vn 0.7551 -0.6556 -0.0018
vn 0.7547 -0.6560 -0.0002
vn 0.7547 -0.6561 0.0005
vn 0.7547 -0.6561 -0.0004
vn 0.7547 -0.6560 -0.0003
vn 0.7549 -0.6558 0.0002
vn 0.7548 -0.6559 0.0001
vn 0.7548 -0.6560 0.0002
vn 0.7546 -0.6561 -0.0001
vn 0.7549 -0.6559 0.0002
vn 0.7548 -0.6560 0.0003
vn 0.7552 -0.6555 0.0013
vn 0.7544 -0.6564 -0.0007
vn 0.7540 -0.6568 -0.0017
vn 0.7551 -0.6556 0.0011
vn 0.7549 -0.6559 0.0008
vn 0.7546 -0.6562 -0.0005
vn 0.7541 -0.6568 -0.0007
vn 0.7539 -0.6570 -0.0008
vn 0.7553 -0.6554 0.0002
vn 0.7549 -0.6558 0.0003
vn 0.7543 -0.6565 0.0003
vn 0.7558 -0.6548 0.0001
vn 0.7544 -0.6564 -0.0002
vn 0.7554 -0.6553 -0.0000
vn 0.7542 -0.6566 0.0007
vn 0.7554 -0.6553 -0.0007
vn 0.7536 -0.6574 0.0011
vn 0.7536 -0.6573 0.0007
vn 0.7554 -0.6553 -0.0015
vn 0.7544 -0.6564 0.0002
vn 0.7534 -0.6575 0.0015
vn 0.7552 -0.6555 -0.0014
vn 0.7550 -0.6558 -0.0008
vn 0.7547 -0.6560 0.0007
vn 0.7542 -0.6566 0.0008
vn 0.7543 -0.6565 0.0002
vn 0.7547 -0.6561 -0.0003
vn 0.7550 -0.6557 -0.0019
vn 0.7545 -0.6563 0.0002
vn 0.7545 -0.6563 0.0010
vn -0.3569 -0.4110 -0.8388
vn -0.3576 -0.4125 -0.8378
vn -0.6559 -0.7549 -0.0002
vn -0.3575 -0.4117 0.8383
vn -0.3561 -0.4108 0.8393
vn -0.0720 -0.0849 0.9938
vn -0.0724 -0.0868 0.9936
vn 0.0008 -0.0027 1.0000
vn 0.0011 -0.0014 1.0000
vn 0.4165 0.4777 0.7735
vn 0.4160 0.4788 0.7731
vn 0.6559 0.7549 -0.0000
vn 0.4153 0.4780 -0.7740
vn 0.4165 0.4777 -0.7735
vn 0.0009 -0.0016 -1.0000
vn 0.0022 -0.0012 -1.0000
vn -0.0710 -0.0851 -0.9938
vn -0.0728 -0.0858 -0.9936
vn -0.7548 0.6560 -0.0000
vn -0.7543 0.6566 -0.0024
vn -0.7548 0.6559 0.0003
vn -0.7548 0.6559 0.0031
vn 0.9167 -0.3995 0.0005
vn 0.9828 -0.1847 0.0006
vn 0.8700 -0.3352 0.3615
vn 0.8339 -0.4726 0.2851
vn 0.8300 -0.4756 -0.2913
vn 0.7548 -0.6559 -0.0000
vn 0.7340 -0.6364 -0.2371
vn 0.7314 -0.6396 0.2366
vn 0.6705 -0.5898 0.4501
vn 0.6107 -0.6011 0.5155
vn 0.7051 -0.6525 0.2778
vn 0.2071 -0.6910 0.6925
vn 0.4134 -0.8007 0.4335
vn -0.0407 -0.9991 -0.0076
vn 0.2835 -0.9589 -0.0096
vn 0.7550 -0.6557 -0.0000
vn 0.7074 -0.6512 -0.2748
vn 0.4003 -0.8111 -0.4265
vn 0.6757 -0.5846 -0.4491
vn 0.6096 -0.5973 -0.5212
vn 0.1942 -0.7010 -0.6863
vn 0.8680 -0.3403 -0.3615
vn -0.2487 -0.2487 0.9361
vn -0.2487 0.2487 0.9361
vn 0.2487 -0.2487 0.9361
vn 0.2487 0.2487 0.9361
vn -0.2487 0.2487 -0.9361
vn 0.2487 0.2487 -0.9361
vn 0.2487 -0.2487 -0.9361
vn -0.2487 -0.2487 -0.9361
vn 0.0353 -0.5750 0.8174
vn -0.0057 -0.9999 -0.0121
vn 0.5612 -0.8273 -0.0237
vn 0.6135 -0.4549 -0.6455
vn 0.6312 -0.4272 0.6473
vn 0.9928 -0.1186 0.0142
vn 0.9919 -0.0783 -0.1002
vn 0.9937 -0.0360 -0.1066
vn 0.7017 -0.0539 -0.7105
vn 0.0487 -0.5868 -0.8083
vn 0.0610 -0.0322 -0.9976
vn 0.0540 0.4395 -0.8966
vn 0.6554 0.2875 -0.6984
vn 0.9960 -0.0260 -0.0856
vn 0.9721 0.1075 0.2086
vn 0.9964 -0.0067 0.0849
vn 0.5863 0.8098 0.0242
vn 0.6514 0.3122 0.6915
vn 0.9943 -0.0351 0.1008
vn 0.9908 -0.1078 0.0818
vn 0.6973 -0.0573 0.7145
vn 0.0636 -0.0362 0.9973
vn 0.0050 0.4531 0.8914
vn -0.0034 -0.0324 0.9995
vn -0.0115 -0.5932 0.8050
vn 0.0637 0.4474 0.8921
vn -0.0157 -0.5891 0.8079
vn -0.0161 -0.9999 0.0009
vn -0.0249 -0.9997 0.0003
vn -0.0127 -0.5925 -0.8055
vn -0.0162 -0.5886 -0.8083
vn -0.0034 -0.0326 -0.9995
vn -0.0038 -0.0320 -0.9995
vn -0.0031 -0.0300 -0.9995
vn 0.0039 0.4530 -0.8915
vn 0.0036 0.4565 -0.8897
vn 0.0033 1.0000 -0.0019
vn 0.0108 0.9999 -0.0018
vn 0.0014 0.4735 -0.8808
vn 0.0129 0.9999 -0.0000
vn 0.0048 0.4551 0.8904
vn 0.0002 0.4720 0.8816
vn -0.0033 -0.0324 0.9995
vn -0.0159 -0.5852 0.8107
vn -0.0034 -0.0299 0.9995
vn -0.0248 -0.9997 0.0002
vn -0.0080 -0.5825 0.8128
vn -0.0123 -0.9999 0.0002
vn 0.0013 -0.5812 0.8137
vn -0.0026 -0.0321 0.9995
vn 0.0039 -1.0000 0.0001
vn -0.0084 -0.5822 -0.8130
vn -0.0154 -0.5849 -0.8109
vn -0.0029 -0.0319 -0.9995
vn -0.0024 0.4760 -0.8795
vn -0.0024 -0.0318 -0.9995
vn -0.0059 0.4723 -0.8814
vn -0.0038 1.0000 -0.0001
vn -0.0083 1.0000 0.0002
vn -0.0017 -0.0290 -0.9996
vn -0.0243 0.9997 0.0006
vn -0.0125 0.4746 -0.8801
vn -0.0358 0.9994 0.0002
vn -0.0191 0.4602 -0.8876
vn -0.0019 -0.0334 -0.9994
vn 0.0048 -0.5797 -0.8148
vn 0.0030 -0.5817 -0.8134
vn -0.0018 -0.0332 -0.9994
vn 0.0065 -1.0000 -0.0001
vn 0.0142 -0.9999 -0.0003
vn 0.0072 -0.5798 -0.8147
vn 0.0166 -0.5791 0.8151
vn 0.0303 -0.9995 -0.0004
vn 0.0078 -0.5800 0.8145
vn 0.0196 -0.5804 0.8141
vn -0.0015 -0.0284 0.9996
vn -0.0016 -0.0328 0.9995
vn -0.0257 0.4866 0.8733
vn -0.0012 -0.0264 0.9996
vn -0.0301 0.4931 0.8694
vn -0.0187 0.4674 0.8839
vn -0.0410 0.9992 -0.0028
vn -0.0500 0.9987 -0.0029
vn -0.0166 0.4605 0.8875
vn -0.0015 -0.0338 0.9994
vn 0.0037 -0.5816 0.8135
vn -0.0022 -0.0291 0.9996
vn 0.0089 -1.0000 -0.0000
vn 0.0041 -0.5798 0.8148
vn -0.0022 -0.0315 0.9995
vn -0.0050 0.4726 0.8812
vn -0.0142 0.4754 0.8797
vn -0.0038 0.4761 0.8794
vn 0.0009 -0.5807 -0.8141
vn -0.0204 0.4697 -0.8826
vn -0.0613 0.9981 -0.0024
vn -0.0240 0.4889 -0.8720
vn -0.0014 -0.0290 -0.9996
vn -0.0011 -0.0269 -0.9996
vn -0.0318 0.4951 -0.8682
vn -0.0637 0.9980 -0.0035
vn -0.0320 0.5078 -0.8609
vn -0.0014 -0.0248 -0.9997
vn 0.0193 -0.5804 -0.8141
vn 0.0170 -0.5815 -0.8134
vn -0.0005 -0.0222 -0.9998
vn 0.0295 -0.9996 -0.0010
vn 0.0386 -0.9992 -0.0050
vn 0.0187 -0.5827 -0.8125
vn -0.5352 -0.4150 -0.7358
vn 0.0264 -0.5802 0.8140
vn -0.5495 -0.8355 -0.0052
vn 0.0173 -0.5812 0.8136
vn -0.0013 -0.0242 0.9997
vn -0.5419 -0.4097 0.7338
vn 0.0006 -0.0206 0.9998
vn -0.0320 0.5049 0.8626
vn -0.0357 0.5195 0.8537
vn -0.5890 0.0634 0.8056
vn -0.0640 0.9980 -0.0006
vn -0.5786 0.8156 0.0018
vn -0.5248 0.4673 0.7115
vn -0.9991 0.0421 -0.0000
vn -0.5265 0.4651 -0.7117
vn -0.5872 0.0612 -0.8072
vn -0.0310 0.5200 -0.8536
vn 0.0339 -0.9994 -0.0006
vn 0.0168 -0.5788 -0.8153
vn 0.0437 0.9990 0.0094
vn 0.9738 -0.1895 0.1253
vn 0.8712 0.3208 -0.3715
vn 0.7297 0.6837 0.0106
vn 0.9972 -0.0725 -0.0185
vn 0.9997 0.0178 -0.0166
vn 0.8411 0.2626 0.4728
vn 0.9751 -0.1771 -0.1338
vn -0.1282 -0.0234 0.9915
vn 0.8402 -0.0767 0.5369
vn -0.0840 0.5127 0.8544
vn -0.1063 0.9942 0.0142
vn -0.8061 0.5918 0.0088
vn -0.0901 0.6615 -0.7445
vn -0.8448 0.3255 0.4248
vn -0.9138 0.0521 0.4027
vn -0.9944 0.0912 0.0537
vn -0.9975 0.0678 -0.0173
vn -0.9922 0.1116 -0.0557
vn -0.8905 -0.2473 0.3819
vn -0.9985 0.0506 -0.0186
vn -0.8538 -0.5205 0.0049
vn -0.9909 0.1171 0.0670
vn -0.9145 -0.2959 -0.2761
vn -0.1288 -0.7209 -0.6810
vn -0.1219 -0.9925 0.0110
vn 0.7491 -0.6624 0.0051
vn 0.7337 -0.4244 0.5307
vn -0.1195 -0.5770 0.8079
vn 0.9997 -0.0141 -0.0184
vn 0.9739 -0.1513 0.1691
vn 0.7499 -0.5214 -0.4072
vn 0.9664 -0.2311 -0.1124
vn -0.1128 -0.0513 -0.9923
vn 0.7797 -0.0715 -0.6220
vn -0.8712 0.0274 -0.4902
vn -0.9971 0.0721 0.0248
vn -0.9910 0.1273 -0.0404
vn -0.8554 0.3966 -0.3332
vn -0.9993 0.0340 -0.0172
vn 0.9971 -0.0714 0.0268
vn -0.8795 -0.0191 -0.4756
vn -0.9981 0.0610 -0.0020
vn -0.9971 0.0748 -0.0135
vn -0.8342 0.4046 -0.3747
vn -0.9987 -0.0448 -0.0236
vn -0.1986 0.6081 -0.7686
vn -0.8711 -0.3436 -0.3508
vn -0.0588 -0.1213 -0.9909
vn 0.7476 0.6563 0.1019
vn 0.6659 0.4967 -0.5566
vn -0.0746 0.9915 0.1062
vn -0.8322 0.5498 0.0718
vn 0.8422 -0.1204 -0.5256
vn -0.8597 0.3029 0.4113
vn -0.9982 0.0313 -0.0520
vn -0.9982 0.0591 -0.0003
vn -0.8998 0.0374 0.4348
vn -0.0618 -0.0304 0.9976
vn -0.0321 0.5086 0.8604
vn 0.8707 -0.0669 0.4872
vn -0.0464 -0.5830 0.8111
vn 0.8229 0.2851 0.4915
vn 0.9982 -0.0330 0.0510
vn 0.9981 -0.0617 -0.0021
vn 0.8232 -0.3559 0.4423
vn -0.0447 -0.9989 0.0115
vn 0.9995 -0.0259 -0.0191
vn 0.7900 -0.6131 0.0096
vn -0.0483 -0.6815 -0.7302
vn 0.8392 -0.4050 -0.3629
vn 1.0000 0.0064 -0.0018
vn 0.9996 -0.0244 0.0162
vn 0.9981 -0.0611 -0.0005
vn 0.9992 -0.0086 -0.0390
vn 0.9978 0.0600 0.0281
vn -0.8189 -0.5739 0.0088
vn -0.9996 0.0214 -0.0162
vn -0.9999 -0.0133 -0.0022
vn -0.8565 -0.2985 0.4211
vn -0.9995 0.0269 0.0183
vn -0.8976 0.0138 -0.4406
vn -0.9834 0.1318 0.1249
vn -0.7846 0.4913 -0.3782
vn -0.6527 0.5569 -0.5136
vn -0.9965 0.0237 -0.0799
vn -0.9899 0.0198 -0.1403
vn -0.1244 -0.1745 -0.9768
vn 0.0855 0.6032 -0.7930
vn 0.7676 -0.2121 -0.6049
vn 0.6791 -0.5582 -0.4767
vn -0.0159 -0.6603 -0.7508
vn 0.9941 -0.0879 -0.0638
vn 0.7737 -0.6335 -0.0049
vn 0.7539 -0.5311 -0.3867
vn 0.7623 -0.3715 0.5300
vn 0.6895 -0.4737 0.5478
vn -0.0464 -0.9989 0.0117
vn -0.8521 -0.5233 -0.0070
vn -0.0115 -0.5833 0.8122
vn -0.9315 -0.2953 0.2125
vn -0.9421 -0.2813 -0.1828
vn -0.5895 0.7488 0.3030
vn -0.9944 0.0827 -0.0657
vn -0.5114 0.8210 -0.2538
vn 0.8851 -0.1147 0.4510
vn 0.0252 -0.0355 0.9991
vn -0.9106 0.0899 0.4033
vn -0.9584 0.0766 0.2748
vn 0.9720 0.0541 0.2287
vn 0.0895 0.5004 0.8611
vn -0.6772 0.4387 0.5907
vn 0.0716 0.9834 0.1666
vn -0.7805 0.6164 0.1043
vn 0.8435 0.5235 0.1203
vn 0.6897 -0.5720 0.4440
vn 0.9540 0.2279 -0.1949
vn 0.9996 -0.0265 -0.0104
vn 0.7304 -0.4656 -0.4997
vn 0.9899 -0.1000 0.1001
vn 0.9949 -0.0966 -0.0301
vn -0.8056 0.3163 0.5009
vn -0.9925 0.0906 -0.0826
vn -0.7186 0.1364 -0.6819
vn -0.6971 0.2614 0.6676
vn -0.7989 0.4189 -0.4316
vn -0.9992 -0.0014 0.0396
vn -0.9967 -0.0698 -0.0415
vn -0.8690 -0.0342 -0.4937
vn -0.9980 0.0629 -0.0093
vn -0.8162 0.5673 0.1095
vn -0.9979 0.0405 -0.0498
vn 0.1268 0.5774 -0.8066
vn 0.0754 0.9835 0.1645
vn -0.8282 0.3238 0.4574
vn 0.9073 0.1955 0.3723
vn 0.8503 0.5100 0.1297
vn 0.1273 0.4965 0.8586
vn 0.1110 -0.0405 0.9930
vn 0.1005 -0.5815 0.8073
vn -0.8734 0.0356 0.4857
vn 0.9235 -0.0696 0.3772
vn 0.9977 -0.0597 0.0311
vn 0.9976 -0.0667 0.0169
vn 0.8913 -0.2942 0.3449
vn 0.9991 -0.0424 0.0054
vn 0.8496 -0.5273 0.0088
vn 0.9992 -0.0399 -0.0021
vn 0.1039 -0.6412 -0.7603
vn 0.8980 -0.3187 -0.3033
vn 0.0979 -0.9951 0.0120
vn -0.8211 -0.3307 0.4653
vn -0.7845 -0.6201 0.0099
vn -0.9994 0.0187 0.0306
vn -0.9998 -0.0208 -0.0017
vn -0.9981 0.0617 0.0067
vn -0.9995 0.0136 -0.0288
vn -0.8336 -0.3607 -0.4183
vn 0.1055 -0.1721 -0.9794
vn 0.9164 -0.1287 -0.3790
vn 0.9990 -0.0448 -0.0058
vn 0.9974 -0.0691 -0.0198
vn 0.8875 0.3170 -0.3344
vn 0.9977 -0.0629 -0.0245
vn 0.9998 -0.0098 0.0165
vn 0.8644 0.2953 -0.4069
vn 0.9864 -0.1199 0.1122
vn 0.9990 -0.0401 -0.0205
vn 0.7218 0.6920 0.0134
vn 0.9989 0.0443 -0.0164
vn -0.1211 0.5952 -0.7944
vn 0.7930 -0.0400 -0.6079
vn 0.9791 -0.1635 -0.1206
vn -0.1130 -0.0516 -0.9922
vn 0.7914 -0.4304 -0.4341
vn 0.9998 0.0050 -0.0191
vn 0.7868 -0.6172 0.0081
vn 0.9792 -0.0971 0.1783
vn 0.7660 -0.3464 0.5416
vn 0.9988 -0.0402 0.0271
vn -0.0924 -0.9956 0.0123
vn -0.0993 -0.5569 0.8246
vn 0.8437 -0.0458 0.5349
vn -0.8931 -0.2164 0.3943
vn -0.1276 -0.0211 0.9916
vn -0.9167 0.0260 0.3988
vn -0.8602 -0.5098 0.0081
vn -0.9960 0.0663 -0.0592
vn -0.9995 0.0272 -0.0181
vn -0.9951 0.0717 0.0679
vn -0.9166 -0.2633 -0.3008
vn -0.9988 0.0401 0.0276
vn -0.8810 0.0076 -0.4730
vn -0.1038 -0.6713 -0.7339
vn -0.9957 0.0837 -0.0406
vn -0.8868 0.3051 -0.3473
vn -0.9998 0.0135 -0.0169
vn -0.8474 0.5308 0.0118
vn -0.9971 0.0547 0.0535
vn -0.1497 0.9886 0.0148
vn -0.8702 0.2426 0.4288
vn -0.9991 0.0380 -0.0212
vn -0.1106 0.4779 0.8714
vn 0.8381 0.2409 0.4894
vn 0.9863 -0.1120 -0.1208
vn -0.8643 0.3186 -0.3893
vn -0.9990 0.0439 -0.0125
vn -0.9983 -0.0535 -0.0245
vn -0.8842 -0.0300 -0.4662
vn -0.9995 0.0311 -0.0015
vn -0.2375 0.5709 -0.7859
vn -0.8761 -0.3040 -0.3743
vn -0.0536 -0.1039 -0.9931
vn -0.0258 -0.6355 -0.7717
vn 0.8658 -0.3193 -0.3853
vn 0.8543 -0.0775 -0.5140
vn 0.9999 -0.0056 0.0137
vn 0.9995 -0.0311 0.0032
vn 0.6521 0.4967 -0.5728
vn 0.9992 0.0047 -0.0394
vn 0.7504 0.6505 0.1172
vn 0.9975 0.0656 0.0280
vn -0.1164 0.9864 0.1164
vn 0.8284 0.2555 0.4985
vn 0.9986 -0.0133 0.0507
vn 0.8759 -0.0379 0.4810
vn -0.0595 -0.0259 0.9979
vn -0.0533 0.4772 0.8772
vn -0.8826 0.2199 0.4155
vn -0.9978 0.0076 -0.0652
vn -0.9996 0.0297 -0.0007
vn -0.9019 0.0139 0.4318
vn -0.8672 0.4909 0.0836
vn -0.9996 -0.0002 0.0268
vn -0.8615 -0.2645 0.4334
vn -0.0264 -0.5606 0.8277
vn -0.9998 -0.0222 -0.0011
vn -0.8285 -0.5598 0.0112
vn -0.9997 -0.0046 -0.0243
vn -0.0133 -0.9998 0.0128
vn 0.8283 -0.5602 0.0117
vn 0.8472 -0.2754 0.4543
vn 0.9996 0.0274 -0.0026
vn 0.9999 -0.0053 -0.0153
vn 0.9994 -0.0323 -0.0078
vn -0.9028 -0.0019 -0.4301
vn -0.9874 0.0883 0.1316
vn -0.8376 0.3854 -0.3872
vn -0.7079 0.4866 -0.5120
vn -0.9967 0.0030 -0.0816
vn -0.9755 -0.0216 -0.2191
vn 0.0630 0.6062 -0.7929
vn -0.1155 -0.1470 -0.9824
vn -0.7146 0.1963 0.6714
vn 0.0101 -0.6167 -0.7872
vn 0.8198 -0.5726 0.0002
vn -0.0124 -0.9998 0.0126
vn 0.7388 -0.4610 -0.4916
vn -0.8544 -0.5196 -0.0014
vn -0.9709 -0.1838 -0.1534
vn 0.9964 -0.0547 -0.0646
vn 0.8065 -0.4205 -0.4156
vn 0.7866 -0.1530 -0.5982
vn 0.9978 -0.0603 -0.0272
vn 0.9548 0.2070 -0.2136
vn 0.7579 -0.4739 0.4483
vn 0.8510 0.5054 0.1427
vn 0.9999 -0.0097 -0.0121
vn 0.9725 0.0361 0.2301
vn 0.0407 0.9814 0.1874
vn 0.7681 -0.3688 -0.5235
vn 0.8921 -0.0761 0.4453
vn 0.9944 -0.0628 0.0854
vn 0.0310 -0.0288 0.9991
vn 0.7329 -0.3925 0.5557
vn 0.0115 -0.5590 0.8291
vn 0.7909 -0.2762 0.5461
vn -0.9620 -0.1950 0.1913
vn -0.9150 0.0565 0.3994
vn -0.9412 0.0378 0.3357
vn -0.7187 0.0961 -0.6886
vn -0.9939 0.0545 -0.0963
vn -0.7157 0.3584 0.5994
vn -0.8281 0.2272 0.5125
vn -0.8191 0.5589 0.1292
vn 0.0654 0.4748 0.8776
vn -0.6255 0.7259 -0.2860
vn -0.9965 0.0507 -0.0667
vn -0.6938 0.6396 0.3310
vn -0.8731 -0.0409 -0.4859
vn -0.9994 0.0352 0.0046
vn -0.9993 -0.0080 0.0355
vn -0.8276 0.3460 -0.4420
vn -0.9969 -0.0673 -0.0397
vn 0.1034 0.5864 -0.8034
vn 0.1165 -0.1374 -0.9836
vn -0.8393 -0.3204 -0.4392
vn -0.9997 -0.0027 -0.0263
vn -0.7892 -0.6140 0.0120
vn 0.1256 -0.5970 -0.7924
vn -0.9996 -0.0275 -0.0015
vn -0.8272 -0.2958 0.4777
vn 0.1317 -0.9912 0.0132
vn 0.8882 -0.4594 0.0109
vn 0.9119 -0.2133 0.3507
vn 0.1213 -0.5535 0.8240
vn 0.9277 -0.0390 0.3713
vn -0.8784 0.0139 0.4776
vn 0.1164 -0.0306 0.9927
vn 0.9993 -0.0359 0.0124
vn 0.9990 -0.0351 0.0265
vn 0.9113 0.1700 0.3749
vn 0.9999 -0.0127 -0.0046
vn 1.0000 -0.0073 -0.0017
vn 0.9205 -0.2340 -0.3129
vn 0.9999 -0.0121 0.0024
vn 0.9243 -0.0844 -0.3722
vn 0.9992 -0.0383 -0.0148
vn 0.8956 0.2927 -0.3350
vn 0.9991 -0.0364 -0.0221
vn 0.8607 0.4866 0.1494
vn 0.9999 0.0059 0.0149
vn 0.0466 0.9818 0.1841
vn -0.8461 0.5165 0.1317
vn -0.8536 0.2403 0.4622
vn 0.1035 0.4718 0.8756
vn -0.9983 0.0166 -0.0553
vn -0.9994 0.0328 -0.0067
vn -0.9996 0.0004 0.0273
vt 0.985450 0.975500
vt 0.980400 0.975500
vt 0.980400 0.954440
vt 0.990270 0.954440
vt 0.989960 0.924820
vt 0.980400 0.924820
vt 0.989420 0.875110
vt 0.980400 0.875110
vt 0.988780 0.812600
vt 0.980400 0.812600
vt 0.980400 0.746650
vt 0.988060 0.746650
vt 0.980400 0.694120
vt 0.987520 0.694120
vt 0.980400 0.634710
vt 0.986880 0.634710
vt 0.986200 0.569910
vt 0.980400 0.569910
vt 0.985660 0.517700
vt 0.980400 0.517700
vt 0.985180 0.473350
vt 0.980400 0.473350
vt 0.984640 0.421810
vt 0.980400 0.421810
vt 0.984230 0.384010
vt 0.980400 0.384010
vt 0.980400 0.353750
vt 0.983890 0.353750
vt 0.980300 0.324040
vt 0.983790 0.324040
vt 0.980340 0.310130
vt 0.983830 0.310130
vt 0.983790 0.303390
vt 0.980210 0.295260
vt 0.960440 0.979450
vt 0.933640 0.984660
vt 0.946680 0.979450
vt 0.935380 0.979450
vt 0.935030 0.949350
vt 0.946020 0.949350
vt 0.945140 0.907540
vt 0.934100 0.907540
vt 0.943040 0.836220
vt 0.932260 0.837220
vt 0.940110 0.749090
vt 0.919310 0.837380
vt 0.916650 0.749140
vt 0.929950 0.749440
vt 0.934480 0.655330
vt 0.924630 0.655880
vt 0.912490 0.656050
vt 0.907340 0.581900
vt 0.919320 0.581270
vt 0.899910 0.498040
vt 0.929290 0.580760
vt 0.921990 0.496210
vt 0.912160 0.496730
vt 0.911470 0.404900
vt 0.901300 0.405720
vt 0.902510 0.331100
vt 0.892760 0.332490
vt 0.894250 0.267950
vt 0.885130 0.268970
vt 0.883120 0.195080
vt 0.875190 0.270280
vt 0.874280 0.195970
vt 0.864450 0.197520
vt 0.856360 0.144160
vt 0.849660 0.101420
vt 0.865960 0.142610
vt 0.859260 0.099880
vt 0.842500 0.058920
vt 0.840740 0.040350
vt 0.842820 0.041870
vt 0.844910 0.043790
vt 0.850110 0.050510
vt 0.848410 0.048080
vt 0.851910 0.053890
vt 0.853020 0.057610
vt 0.846660 0.045820
vt 0.839270 0.039020
vt 0.837600 0.029310
vt 0.840140 0.030860
vt 0.843550 0.032910
vt 0.846830 0.035450
vt 0.849860 0.038270
vt 0.852830 0.041600
vt 0.855720 0.045540
vt 0.858460 0.050420
vt 0.860300 0.056300
vt 0.867190 0.098800
vt 0.874270 0.141510
vt 0.883220 0.332880
vt 0.891020 0.406570
vt 0.921040 0.907540
vt 0.921960 0.949350
vt 0.922110 0.980190
vt 0.921940 0.982840
vt 0.959350 0.949350
vt 0.958530 0.907540
vt 0.956120 0.835010
vt 0.952430 0.748670
vt 0.946430 0.654650
vt 0.941380 0.580140
vt 0.933920 0.495580
vt 0.923810 0.403920
vt 0.914340 0.329410
vt 0.905310 0.266730
vt 0.893850 0.193990
vt 0.884340 0.140180
vt 0.876800 0.097500
vt 0.869130 0.054720
vt 0.866410 0.046220
vt 0.862530 0.039520
vt 0.858190 0.033740
vt 0.853730 0.029120
vt 0.849150 0.025340
vt 0.844420 0.022050
vt 0.834530 0.017530
vt 0.839410 0.019350
vt 0.212760 0.057300
vt 0.294850 0.056810
vt 0.294540 0.070310
vt 0.212430 0.070600
vt 0.211990 0.087150
vt 0.294140 0.087140
vt 0.374820 0.086700
vt 0.375180 0.069530
vt 0.375460 0.055820
vt 0.293700 0.103980
vt 0.211560 0.103700
vt 0.211230 0.116980
vt 0.293390 0.117460
vt 0.374260 0.117570
vt 0.374490 0.103860
vt 0.293260 0.132270
vt 0.211040 0.131770
vt 0.374210 0.132320
vt 0.212850 0.042490
vt 0.294860 0.041990
vt 0.375420 0.041060
vt 0.047000 0.085650
vt 0.031510 0.084870
vt 0.034450 0.065080
vt 0.049370 0.068750
vt 0.050060 0.058800
vt 0.042840 0.049070
vt 0.046960 0.112400
vt 0.039020 0.121500
vt 0.032240 0.104850
vt 0.047390 0.102690
vt 0.528810 0.056370
vt 0.536000 0.046730
vt 0.544100 0.063560
vt 0.529240 0.066780
vt 0.531250 0.084880
vt 0.546590 0.084400
vt 0.545480 0.105360
vt 0.530470 0.103060
vt 0.530710 0.113390
vt 0.538380 0.122630
vt 0.054740 0.058020
vt 0.054710 0.070040
vt 0.053570 0.085800
vt 0.133840 0.086610
vt 0.134490 0.070140
vt 0.134940 0.056900
vt 0.135130 0.042190
vt 0.052990 0.043750
vt 0.052730 0.101540
vt 0.051250 0.113370
vt 0.132570 0.116300
vt 0.133140 0.103080
vt 0.048730 0.127410
vt 0.132240 0.130990
vt 0.504120 0.054200
vt 0.504180 0.067980
vt 0.449830 0.068550
vt 0.449850 0.054680
vt 0.449840 0.085940
vt 0.504530 0.085260
vt 0.524540 0.055440
vt 0.524350 0.068050
vt 0.525200 0.085000
vt 0.504220 0.039590
vt 0.526540 0.041280
vt 0.449750 0.039990
vt 0.505090 0.102520
vt 0.449910 0.103340
vt 0.450030 0.117200
vt 0.505720 0.116290
vt 0.525530 0.101950
vt 0.526610 0.114490
vt 0.506310 0.130870
vt 0.450170 0.131880
vt 0.529150 0.128520
vt 0.072970 0.102190
vt 0.074850 0.102250
vt 0.073880 0.115310
vt 0.071960 0.115140
vt 0.073990 0.085990
vt 0.075880 0.086010
vt 0.073180 0.129880
vt 0.071110 0.129670
vt 0.074850 0.069760
vt 0.076710 0.069740
vt 0.075260 0.056760
vt 0.077160 0.056640
vt 0.075120 0.042170
vt 0.077170 0.042030
vt 0.070230 0.114990
vt 0.071280 0.102130
vt 0.069230 0.129480
vt 0.072270 0.085980
vt 0.073160 0.069790
vt 0.073540 0.056860
vt 0.073270 0.042310
vt 0.075400 0.115330
vt 0.076350 0.102270
vt 0.074710 0.129900
vt 0.077380 0.086030
vt 0.078210 0.069750
vt 0.078650 0.056650
vt 0.078670 0.042030
vt 0.259820 0.932220
vt 0.238910 0.940710
vt 0.284870 0.963520
vt 0.284920 0.932040
vt 0.309890 0.932220
vt 0.330790 0.940710
vt 0.230940 0.963520
vt 0.338770 0.963520
vt 0.284200 0.920050
vt 0.264960 0.920050
vt 0.264960 0.916290
vt 0.248930 0.920050
vt 0.284200 0.916290
vt 0.248930 0.916290
vt 0.303330 0.916290
vt 0.303330 0.920050
vt 0.319350 0.920050
vt 0.319350 0.916290
vt 0.336840 0.916290
vt 0.336840 0.920050
vt 0.231450 0.920050
vt 0.231450 0.916290
vt 0.709830 0.921750
vt 0.713130 0.962390
vt 0.620540 0.962390
vt 0.620350 0.921020
vt 0.613590 0.911170
vt 0.538590 0.962390
vt 0.538590 0.921020
vt 0.704140 0.895980
vt 0.601170 0.904490
vt 0.693940 0.869520
vt 0.593790 0.894930
vt 0.681890 0.849900
vt 0.668070 0.835800
vt 0.589760 0.886010
vt 0.644460 0.820280
vt 0.585230 0.876400
vt 0.619830 0.810330
vt 0.565890 0.871350
vt 0.576430 0.871210
vt 0.604060 0.806760
vt 0.589760 0.804290
vt 0.555350 0.871700
vt 0.546970 0.868790
vt 0.564540 0.801760
vt 0.538590 0.800650
vt 0.538590 0.859730
vt 0.512630 0.801760
vt 0.530210 0.868790
vt 0.521830 0.871700
vt 0.487430 0.804290
vt 0.473490 0.808230
vt 0.511290 0.871350
vt 0.459550 0.812170
vt 0.500750 0.871210
vt 0.433090 0.821390
vt 0.491960 0.876400
vt 0.408750 0.836170
vt 0.394910 0.851010
vt 0.483390 0.894930
vt 0.487430 0.886010
vt 0.476010 0.904490
vt 0.383980 0.869890
vt 0.463590 0.911170
vt 0.456830 0.921020
vt 0.372670 0.896710
vt 0.366250 0.921020
vt 0.456650 0.962390
vt 0.364040 0.962390
vt 0.704520 0.750920
vt 0.704520 0.768270
vt 0.675750 0.768270
vt 0.675750 0.750920
vt 0.658070 0.768270
vt 0.658070 0.750920
vt 0.639920 0.768270
vt 0.639920 0.750920
vt 0.628570 0.768270
vt 0.628570 0.750920
vt 0.613790 0.768270
vt 0.613790 0.750920
vt 0.599420 0.768270
vt 0.599420 0.750920
vt 0.583790 0.768270
vt 0.583790 0.750920
vt 0.574230 0.768270
vt 0.574230 0.750920
vt 0.564660 0.768270
vt 0.564660 0.750920
vt 0.547120 0.768270
vt 0.547120 0.750920
vt 0.529560 0.768270
vt 0.529560 0.750920
vt 0.512010 0.768270
vt 0.512010 0.750920
vt 0.494460 0.768270
vt 0.494460 0.750920
vt 0.484900 0.768270
vt 0.484900 0.750920
vt 0.475330 0.768270
vt 0.475330 0.750920
vt 0.459700 0.768270
vt 0.459700 0.750920
vt 0.445330 0.768270
vt 0.445330 0.750920
vt 0.430550 0.768270
vt 0.430550 0.750920
vt 0.419210 0.768270
vt 0.419210 0.750920
vt 0.401060 0.768270
vt 0.401060 0.750920
vt 0.383380 0.768270
vt 0.383380 0.750920
vt 0.354600 0.768270
vt 0.354600 0.750920
vt 0.524110 0.714980
vt 0.524110 0.739290
vt 0.514510 0.739290
vt 0.514510 0.714980
vt 0.435910 0.714980
vt 0.435910 0.739290
vt 0.357310 0.714980
vt 0.357310 0.739290
vt 0.536050 0.714980
vt 0.536050 0.739290
vt 0.545380 0.714980
vt 0.545380 0.739290
vt 0.554070 0.714980
vt 0.554070 0.739290
vt 0.563440 0.714980
vt 0.563440 0.739290
vt 0.571880 0.714980
vt 0.571880 0.739290
vt 0.582030 0.714980
vt 0.582030 0.739290
vt 0.592160 0.714980
vt 0.592160 0.739290
vt 0.600210 0.714980
vt 0.600210 0.739290
vt 0.609040 0.714980
vt 0.609040 0.739290
vt 0.617860 0.714980
vt 0.617860 0.739290
vt 0.625920 0.714980
vt 0.625920 0.739290
vt 0.636050 0.714980
vt 0.636050 0.739290
vt 0.646190 0.714980
vt 0.646190 0.739290
vt 0.654640 0.714980
vt 0.654640 0.739290
vt 0.664000 0.714980
vt 0.664000 0.739290
vt 0.672700 0.714980
vt 0.672700 0.739290
vt 0.682020 0.714980
vt 0.682020 0.739290
vt 0.693960 0.714980
vt 0.693960 0.739290
vt 0.703570 0.714980
vt 0.703570 0.739290
vt 0.836950 0.974820
vt 0.846730 0.974220
vt 0.848290 0.979310
vt 0.839020 0.979440
vt 0.867540 0.978860
vt 0.885280 0.973380
vt 0.885330 0.978140
vt 0.865420 0.974080
vt 0.898000 0.978100
vt 0.898510 0.973490
vt 0.336150 0.840540
vt 0.336150 0.798840
vt 0.341770 0.798840
vt 0.341770 0.840540
vt 0.301290 0.798840
vt 0.301290 0.840540
vt 0.272620 0.798840
vt 0.272620 0.840540
vt 0.234910 0.798840
vt 0.234910 0.840540
vt 0.223940 0.798840
vt 0.223940 0.840540
vt 0.271980 0.862880
vt 0.271980 0.877260
vt 0.303190 0.877260
vt 0.303190 0.864710
vt 0.230920 0.865320
vt 0.227820 0.877260
vt 0.345190 0.877260
vt 0.341150 0.871130
vt 0.229870 0.877260
vt 0.232560 0.866790
vt 0.271980 0.865350
vt 0.271980 0.863060
vt 0.303190 0.864850
vt 0.303190 0.866850
vt 0.341000 0.872120
vt 0.345180 0.877260
vt 0.344180 0.877260
vt 0.241965 0.326727
vt 0.555605 0.640366
vt 0.241965 0.640366
vt 0.199548 0.284309
vt 0.555605 0.326727
vt 0.199548 0.682783
vt 0.598022 0.284309
vt 0.598022 0.682783
vt 0.845330 0.939810
vt 0.832340 0.940750
vt 0.835750 0.971240
vt 0.846030 0.970090
vt 0.865050 0.969570
vt 0.864560 0.939230
vt 0.883820 0.938750
vt 0.884840 0.969100
vt 0.899160 0.969400
vt 0.882260 0.897370
vt 0.862900 0.897750
vt 0.843170 0.898310
vt 0.840180 0.828310
vt 0.830210 0.898870
vt 0.827310 0.828850
vt 0.859720 0.827620
vt 0.855930 0.740020
vt 0.878810 0.826260
vt 0.890260 0.738380
vt 0.895260 0.824520
vt 0.874370 0.739380
vt 0.899030 0.896870
vt 0.836170 0.740240
vt 0.823410 0.740850
vt 0.831100 0.647360
vt 0.818440 0.648100
vt 0.825750 0.573340
vt 0.849540 0.646670
vt 0.813170 0.574250
vt 0.867640 0.645910
vt 0.843830 0.572210
vt 0.861970 0.571630
vt 0.883140 0.644610
vt 0.877420 0.570410
vt 0.836840 0.487900
vt 0.869970 0.486180
vt 0.854760 0.487430
vt 0.859860 0.394520
vt 0.844680 0.396320
vt 0.826640 0.397140
vt 0.818720 0.489660
vt 0.810870 0.398460
vt 0.818620 0.325820
vt 0.798610 0.399440
vt 0.792430 0.327720
vt 0.804270 0.326680
vt 0.797890 0.267810
vt 0.786600 0.269000
vt 0.789470 0.201990
vt 0.811800 0.266100
vt 0.827540 0.265130
vt 0.802510 0.200160
vt 0.817400 0.199340
vt 0.835680 0.324430
vt 0.849950 0.321880
vt 0.840730 0.262990
vt 0.806250 0.490630
vt 0.829850 0.197280
vt 0.820580 0.151050
vt 0.809340 0.153430
vt 0.795870 0.154410
vt 0.784080 0.156020
vt 0.791010 0.120470
vt 0.773970 0.156960
vt 0.771400 0.123080
vt 0.780490 0.121980
vt 0.770830 0.051740
vt 0.760770 0.052820
vt 0.802960 0.119690
vt 0.779560 0.050760
vt 0.812910 0.117680
vt 0.799730 0.047470
vt 0.790550 0.049990
vt 0.776170 0.039750
vt 0.778640 0.203170
vt 0.900550 0.938690
vt 0.679070 0.060510
vt 0.736830 0.060510
vt 0.631440 0.060510
vt 0.631440 0.043370
vt 0.679070 0.043370
vt 0.736830 0.043370
vt 0.736830 0.026220
vt 0.679070 0.026220
vt 0.631440 0.026220
vt 0.589260 0.026220
vt 0.570580 0.026220
vt 0.589260 0.043370
vt 0.570580 0.043370
vt 0.570580 0.060510
vt 0.589260 0.060510
vt 0.631440 0.065350
vt 0.679070 0.065350
vt 0.736830 0.065350
vt 0.679070 0.080940
vt 0.589260 0.065350
vt 0.631440 0.080940
vt 0.736830 0.096370
vt 0.679070 0.096480
vt 0.736830 0.080940
vt 0.631440 0.096550
vt 0.589260 0.080940
vt 0.589260 0.096560
vt 0.570580 0.080940
vt 0.570580 0.096690
vt 0.570580 0.065350
vt 0.631440 0.106000
vt 0.679070 0.105960
vt 0.736830 0.105920
vt 0.589260 0.106000
vt 0.631440 0.120270
vt 0.679070 0.120310
vt 0.631440 0.134660
vt 0.589260 0.134660
vt 0.589260 0.120270
vt 0.570580 0.134660
vt 0.570580 0.120390
vt 0.570580 0.106120
vt 0.589260 0.105990
vt 0.679070 0.134660
vt 0.736830 0.120350
vt 0.736830 0.134660
vt 0.679070 0.148280
vt 0.736830 0.148280
vt 0.631440 0.148280
vt 0.679070 0.161550
vt 0.736830 0.161550
vt 0.679070 0.176050
vt 0.736830 0.176050
vt 0.631440 0.161550
vt 0.589260 0.161550
vt 0.631440 0.176050
vt 0.589260 0.176050
vt 0.570580 0.176050
vt 0.570580 0.161550
vt 0.589260 0.148280
vt 0.570580 0.148280
s 1
usemtl 白楼剣刀身.002
f 2483/993/2280 2482/994/2281 2484/995/2282
f 2486/996/2283 2484/995/2282 2482/994/2281
f 2482/994/2281 2485/993/2284 2486/996/2283
f 2484/995/2282 2486/996/2283 2487/997/2285
f 2488/998/2286 2487/997/2285 2489/999/2287
f 2487/997/2285 2488/998/2286 2484/995/2282
f 2491/1000/2288 2489/999/2287 2490/1001/2289
f 2489/999/2287 2491/1000/2288 2488/998/2286
f 2490/1001/2289 2492/1002/2290 2491/1000/2288
f 2493/999/2291 2491/1000/2288 2492/1002/2290
f 2491/1000/2288 2493/999/2291 2494/997/2292
f 2494/997/2292 2488/998/2286 2491/1000/2288
f 2488/998/2286 2494/997/2292 2495/996/2293
f 2495/996/2293 2484/995/2282 2488/998/2286
f 2484/995/2282 2495/996/2293 2483/993/2280
f 2492/1002/2290 2496/1001/2294 2493/999/2291
f 2497/1003/2295 2498/1004/2296 2496/1001/2294
f 2496/1001/2294 2492/1002/2290 2497/1003/2295
f 2499/1005/2297 2500/1006/2298 2498/1004/2296
f 2498/1004/2296 2497/1003/2295 2499/1005/2297
f 2500/1006/2298 2499/1005/2297 2502/1007/2299
f 2502/1007/2299 2501/1008/2300 2500/1006/2298
f 2504/1009/2301 2503/1010/2302 2502/1007/2299
f 2501/1008/2300 2502/1007/2299 2503/1010/2302
f 2505/1008/2303 2502/1007/2299 2499/1005/2297
f 2502/1007/2299 2505/1008/2303 2504/1009/2301
f 2499/1005/2297 2506/1006/2304 2505/1008/2303
f 2506/1006/2304 2499/1005/2297 2497/1003/2295
f 2497/1003/2295 2507/1004/2305 2506/1006/2304
f 2507/1004/2305 2497/1003/2295 2492/1002/2290
f 2492/1002/2290 2490/1001/2289 2507/1004/2305
f 2503/1010/2302 2504/1009/2301 2508/1011/2306
f 2509/1012/2307 2508/1011/2306 2510/1013/2308
f 2508/1011/2306 2509/1012/2307 2503/1010/2302
f 2511/1014/2309 2510/1013/2308 2512/1015/2310
f 2510/1013/2308 2511/1014/2309 2509/1012/2307
f 2514/1016/2311 2512/1015/2310 2513/1017/2312
f 2512/1015/2310 2514/1016/2311 2511/1014/2309
f 2513/1017/2312 2515/1018/2313 2514/1016/2311
f 2516/1015/2314 2514/1016/2311 2515/1018/2313
f 2517/1013/2315 2511/1014/2309 2514/1016/2311
f 2514/1016/2311 2516/1015/2314 2517/1013/2315
f 2511/1014/2309 2517/1013/2315 2518/1011/2316
f 2518/1011/2316 2509/1012/2307 2511/1014/2309
f 2509/1012/2307 2518/1011/2316 2519/1009/2317
f 2519/1009/2317 2503/1010/2302 2509/1012/2307
f 2503/1010/2302 2519/1009/2317 2501/1008/2300
f 2515/1018/2313 2520/1017/2318 2516/1015/2314
f 2521/1019/2319 2522/1020/2320 2520/1017/2318
f 2520/1017/2318 2515/1018/2313 2521/1019/2319
f 2523/1021/2321 2524/1022/2322 2522/1020/2320
f 2522/1020/2320 2521/1019/2319 2523/1021/2321
f 2524/1022/2322 2523/1021/2321 2526/1023/2323
f 2526/1023/2323 2525/1024/2324 2524/1022/2322
f 2529/1025/2325 2527/1026/2326 2526/1023/2323
f 2526/1023/2323 2527/1026/2326 2528/1025/2327
f 2525/1024/2324 2526/1023/2323 2528/1025/2327
f 2529/1025/2325 2526/1023/2323 2530/1024/2328
f 2530/1024/2328 2526/1023/2323 2523/1021/2321
f 2523/1021/2321 2531/1022/2329 2530/1024/2328
f 2531/1022/2329 2523/1021/2321 2521/1019/2319
f 2521/1019/2319 2532/1020/2330 2531/1022/2329
f 2532/1020/2330 2521/1019/2319 2515/1018/2313
f 2515/1018/2313 2513/1017/2312 2532/1020/2330
f 2533/1027/2331 2535/1028/2332 2534/1029/2333
f 2536/1029/2334 2535/1028/2332 2533/1027/2331
f 2536/1029/2334 2537/1030/2335 2535/1028/2332
f 2538/1031/2336 2537/1030/2335 2536/1029/2334
f 2536/1029/2334 2539/1032/2337 2538/1031/2336
f 2538/1031/2336 2539/1032/2337 2540/1033/2338
f 2540/1033/2338 2541/1034/2339 2538/1031/2336
f 2541/1034/2339 2540/1033/2338 2542/1035/2340
f 2544/1036/2341 2542/1035/2340 2543/1037/2342
f 2542/1035/2340 2544/1036/2341 2541/1034/2339
f 2541/1034/2339 2544/1036/2341 2545/1038/2343
f 2546/1039/2344 2545/1038/2343 2544/1036/2341
f 2544/1036/2341 2547/1040/2345 2546/1039/2344
f 2543/1037/2342 2547/1040/2345 2544/1036/2341
f 2549/1041/2346 2548/1042/2347 2547/1040/2345
f 2547/1040/2345 2548/1042/2347 2550/1043/2348
f 2547/1040/2345 2543/1037/2342 2549/1041/2346
f 2550/1043/2348 2546/1039/2344 2547/1040/2345
f 2551/1044/2343 2550/1043/2348 2548/1042/2347
f 2548/1042/2347 2553/1045/2349 2551/1044/2343
f 2552/1046/2350 2551/1044/2343 2553/1045/2349
f 2555/1047/2351 2553/1045/2349 2548/1042/2347
f 2556/1048/2352 2554/1049/2353 2553/1045/2349
f 2553/1045/2349 2554/1049/2353 2552/1046/2350
f 2553/1045/2349 2555/1047/2351 2556/1048/2352
f 2554/1049/2353 2556/1048/2352 2557/1050/2354
f 2558/1051/2355 2557/1050/2354 2559/1052/2356
f 2557/1050/2354 2558/1051/2355 2554/1049/2353
f 2559/1052/2356 2560/1053/2357 2558/1051/2355
f 2560/1053/2357 2559/1052/2356 2561/1054/2358
f 2563/1055/2359 2561/1054/2358 2562/1056/2360
f 2561/1054/2358 2563/1055/2359 2560/1053/2357
f 2560/1053/2357 2563/1055/2359 2565/1057/2361
f 2562/1056/2360 2564/1058/2362 2563/1055/2359
f 2563/1055/2359 2564/1058/2362 2566/1059/2343
f 2566/1059/2343 2565/1057/2361 2563/1055/2359
f 2567/1060/2363 2566/1059/2343 2564/1058/2362
f 2569/1061/2364 2567/1060/2363 2568/1062/2365
f 2564/1058/2362 2568/1062/2365 2567/1060/2363
f 2568/1062/2365 2570/1063/2366 2569/1061/2364
f 2571/1064/2367 2569/1061/2364 2570/1063/2366
f 2578/1065/2368 2571/1064/2367 2572/1066/2369
f 2572/1066/2369 2571/1064/2367 2577/1067/2370
f 2573/1068/2371 2576/1069/2372 2571/1064/2367
f 2575/1070/2373 2573/1068/2371 2571/1064/2367
f 2570/1063/2366 2574/1071/2374 2571/1064/2367
f 2574/1071/2374 2575/1070/2373 2571/1064/2367
f 2579/1072/2375 2571/1064/2367 2576/1069/2372
f 2579/1072/2375 2577/1067/2370 2571/1064/2367
f 2578/1065/2368 2580/1073/2376 2571/1064/2367
f 2581/1074/2377 2580/1073/2376 2578/1065/2368
f 2578/1065/2368 2582/1075/2378 2581/1074/2377
f 2582/1075/2378 2578/1065/2368 2572/1066/2369
f 2572/1066/2369 2583/1076/2379 2582/1075/2378
f 2577/1067/2370 2584/1077/2380 2583/1076/2379
f 2583/1076/2379 2572/1066/2369 2577/1067/2370
f 2579/1072/2375 2585/1078/2381 2584/1077/2380
f 2584/1077/2380 2577/1067/2370 2579/1072/2375
f 2585/1078/2381 2579/1072/2375 2576/1069/2372
f 2576/1069/2372 2586/1079/2382 2585/1078/2381
f 2586/1079/2382 2576/1069/2372 2573/1068/2371
f 2573/1068/2371 2587/1080/2383 2586/1079/2382
f 2587/1080/2383 2573/1068/2371 2575/1070/2373
f 2575/1070/2373 2588/1081/2384 2587/1080/2383
f 2574/1071/2374 2589/1082/2385 2588/1081/2384
f 2588/1081/2384 2575/1070/2373 2574/1071/2374
f 2589/1082/2385 2574/1071/2374 2570/1063/2366
f 2570/1063/2366 2590/1083/2386 2589/1082/2385
f 2590/1083/2386 2570/1063/2366 2568/1062/2365
f 2568/1062/2365 2591/1084/2387 2590/1083/2386
f 2591/1084/2387 2568/1062/2365 2564/1058/2362
f 2564/1058/2362 2562/1056/2360 2591/1084/2387
f 2565/1057/2361 2592/1085/2361 2560/1053/2357
f 2558/1051/2355 2560/1053/2357 2592/1085/2361
f 2592/1085/2361 2593/1086/2344 2558/1051/2355
f 2554/1049/2353 2558/1051/2355 2593/1086/2344
f 2593/1086/2344 2552/1046/2350 2554/1049/2353
f 2548/1042/2347 2549/1041/2346 2555/1047/2351
f 2545/1038/2343 2594/1087/2388 2541/1034/2339
f 2594/1087/2388 2595/1088/2389 2538/1031/2336
f 2538/1031/2336 2541/1034/2339 2594/1087/2388
f 2538/1031/2336 2595/1088/2389 2596/1089/2390
f 2596/1089/2390 2537/1030/2335 2538/1031/2336
f 2535/1028/2332 2537/1030/2335 2596/1089/2390
f 2596/1089/2390 2597/1090/2391 2535/1028/2332
f 2597/1090/2391 2598/1089/2392 2599/1030/2393
f 2599/1030/2393 2535/1028/2332 2597/1090/2391
f 2535/1028/2332 2599/1030/2393 2534/1029/2333
f 2599/1030/2393 2598/1089/2392 2600/1088/2394
f 2600/1088/2394 2601/1031/2395 2599/1030/2393
f 2599/1030/2393 2601/1031/2395 2602/1032/2396
f 2602/1032/2396 2534/1029/2333 2599/1030/2393
f 2602/1032/2396 2601/1031/2395 2603/1034/2397
f 2603/1034/2397 2604/1033/2398 2602/1032/2396
f 2604/1033/2398 2603/1034/2397 2605/1036/2399
f 2605/1036/2399 2606/1035/2400 2604/1033/2398
f 2608/1040/2401 2607/1037/2402 2606/1035/2400
f 2606/1035/2400 2605/1036/2399 2608/1040/2401
f 2608/1040/2401 2605/1036/2399 2609/1038/2403
f 2609/1038/2403 2611/1039/2404 2608/1040/2401
f 2607/1037/2402 2608/1040/2401 2610/1042/2405
f 2610/1042/2405 2608/1040/2401 2611/1039/2404
f 2611/1039/2404 2612/1043/2406 2610/1042/2405
f 2613/1045/2407 2610/1042/2405 2612/1043/2406
f 2612/1043/2406 2614/1044/2404 2613/1045/2407
f 2614/1044/2404 2615/1046/2408 2616/1049/2409
f 2616/1049/2409 2613/1045/2407 2614/1044/2404
f 2618/1047/2410 2613/1045/2407 2616/1049/2409
f 2617/1051/2411 2616/1049/2409 2615/1046/2408
f 2619/1048/2412 2616/1049/2409 2617/1051/2411
f 2616/1049/2409 2619/1048/2412 2618/1047/2410
f 2617/1051/2411 2620/1050/2413 2619/1048/2412
f 2621/1053/2414 2622/1052/2415 2620/1050/2413
f 2620/1050/2413 2617/1051/2411 2621/1053/2414
f 2622/1052/2415 2621/1053/2414 2623/1055/2416
f 2623/1055/2416 2624/1054/2417 2622/1052/2415
f 2624/1054/2417 2623/1055/2416 2625/1058/2418
f 2625/1058/2418 2626/1056/2419 2624/1054/2417
f 2628/1062/2420 2627/1084/2421 2626/1056/2419
f 2626/1056/2419 2625/1058/2418 2628/1062/2420
f 2628/1062/2420 2625/1058/2418 2629/1059/2406
f 2629/1059/2406 2630/1060/2422 2628/1062/2420
f 2631/1063/2423 2628/1062/2420 2630/1060/2422
f 2627/1084/2421 2628/1062/2420 2631/1063/2423
f 2633/1083/2424 2631/1063/2423 2632/1071/2425
f 2632/1071/2425 2631/1063/2423 2634/1061/2426
f 2631/1063/2423 2633/1083/2424 2627/1084/2421
f 2630/1060/2422 2634/1061/2426 2631/1063/2423
f 2634/1061/2426 2635/1064/2427 2632/1071/2425
f 2635/1064/2427 2636/1070/2428 2632/1071/2425
f 2635/1064/2427 2637/1068/2429 2636/1070/2428
f 2635/1064/2427 2638/1069/2430 2637/1068/2429
f 2638/1069/2430 2635/1064/2427 2641/1072/2431
f 2635/1064/2427 2639/1067/2432 2641/1072/2431
f 2639/1067/2432 2635/1064/2427 2643/1066/2433
f 2635/1064/2427 2642/1073/2434 2640/1065/2435
f 2643/1066/2433 2635/1064/2427 2640/1065/2435
f 2644/1077/2436 2639/1067/2432 2643/1066/2433
f 2645/1076/2437 2643/1066/2433 2640/1065/2435
f 2643/1066/2433 2645/1076/2437 2644/1077/2436
f 2640/1065/2435 2646/1075/2438 2645/1076/2437
f 2642/1073/2434 2647/1074/2439 2646/1075/2438
f 2646/1075/2438 2640/1065/2435 2642/1073/2434
f 2639/1067/2432 2644/1077/2436 2648/1078/2440
f 2648/1078/2440 2641/1072/2431 2639/1067/2432
f 2641/1072/2431 2648/1078/2440 2649/1079/2441
f 2649/1079/2441 2638/1069/2430 2641/1072/2431
f 2638/1069/2430 2649/1079/2441 2650/1080/2442
f 2650/1080/2442 2637/1068/2429 2638/1069/2430
f 2637/1068/2429 2650/1080/2442 2651/1081/2443
f 2651/1081/2443 2636/1070/2428 2637/1068/2429
f 2636/1070/2428 2651/1081/2443 2652/1082/2444
f 2652/1082/2444 2632/1071/2425 2636/1070/2428
f 2632/1071/2425 2652/1082/2444 2633/1083/2424
f 2653/1057/2445 2629/1059/2406 2625/1058/2418
f 2625/1058/2418 2623/1055/2416 2653/1057/2445
f 2654/1085/2445 2653/1057/2445 2623/1055/2416
f 2623/1055/2416 2621/1053/2414 2654/1085/2445
f 2655/1086/2406 2654/1085/2445 2621/1053/2414
f 2621/1053/2414 2617/1051/2411 2655/1086/2406
f 2615/1046/2408 2655/1086/2406 2617/1051/2411
f 2613/1045/2407 2618/1047/2410 2656/1041/2446
f 2656/1041/2446 2610/1042/2405 2613/1045/2407
f 2610/1042/2405 2656/1041/2446 2607/1037/2402
f 2657/1087/2447 2609/1038/2403 2605/1036/2399
f 2605/1036/2399 2603/1034/2397 2657/1087/2447
f 2600/1088/2394 2657/1087/2447 2603/1034/2397
f 2603/1034/2397 2601/1031/2395 2600/1088/2394
f 2658/1027/2448 2659/1029/2449 2660/1032/2450
f 2660/1032/2450 2661/1091/2451 2658/1027/2448
f 2662/1092/2452 2664/1091/2453 2663/1032/2454
f 2663/1032/2454 2665/1033/2455 2662/1092/2452
f 2668/1033/2456 2667/1035/2457 2666/1093/2458
f 2666/1093/2458 2669/1092/2459 2668/1033/2456
f 2672/1035/2460 2671/1037/2461 2670/1094/2462
f 2670/1094/2462 2673/1093/2463 2672/1035/2460
f 2676/1037/2464 2675/1041/2465 2674/1095/2466
f 2674/1095/2466 2677/1094/2467 2676/1037/2464
f 2680/1041/2468 2679/1047/2469 2678/1096/2470
f 2678/1096/2470 2681/1095/2471 2680/1041/2468
f 2684/1047/2472 2683/1048/2473 2682/1097/2474
f 2682/1097/2474 2685/1096/2475 2684/1047/2472
f 2688/1048/2476 2687/1050/2477 2686/1098/2478
f 2686/1098/2478 2689/1097/2479 2688/1048/2476
f 2692/1050/2480 2691/1052/2481 2690/1099/2482
f 2690/1099/2482 2693/1098/2483 2692/1050/2480
f 2696/1052/2484 2695/1054/2485 2694/1100/2486
f 2694/1100/2486 2697/1099/2487 2696/1052/2484
f 2700/1054/2488 2699/1056/2489 2698/1101/2490
f 2698/1101/2490 2701/1100/2491 2700/1054/2488
f 2702/1102/2492 2705/1101/2493 2703/1056/2494
f 2703/1056/2494 2704/1084/2495 2702/1102/2492
f 2708/1084/2496 2707/1083/2497 2706/1103/2498
f 2706/1103/2498 2709/1102/2499 2708/1084/2496
f 2712/1083/2500 2711/1082/2501 2710/1104/2502
f 2710/1104/2502 2713/1103/2503 2712/1083/2500
f 2716/1082/2504 2715/1081/2505 2714/1105/2506
f 2714/1105/2506 2717/1104/2507 2716/1082/2504
f 2720/1081/2508 2719/1080/2509 2718/1106/2510
f 2718/1106/2510 2721/1105/2511 2720/1081/2508
f 2724/1080/2512 2723/1079/2513 2722/1107/2514
f 2722/1107/2514 2725/1106/2515 2724/1080/2512
f 2728/1079/2516 2727/1078/2517 2726/1108/2518
f 2726/1108/2518 2729/1107/2519 2728/1079/2516
f 2732/1078/2520 2731/1077/2521 2730/1109/2522
f 2730/1109/2522 2733/1108/2523 2732/1078/2520
f 2734/1110/2524 2735/1109/2525 2736/1077/2526
f 2736/1077/2526 2737/1076/2527 2734/1110/2524
f 2740/1075/2528 2739/1074/2529 2738/1111/2530
f 2738/1111/2530 2741/1112/2531 2740/1075/2528
f 2744/1076/2532 2743/1075/2533 2742/1112/2534
f 2742/1112/2534 2745/1110/2535 2744/1076/2532
f 2748/1033/2536 2746/1032/2537 2747/1091/2538
f 2747/1091/2538 2749/1092/2539 2748/1033/2536
f 2750/1029/2540 2752/1027/2541 2751/1091/2542
f 2751/1091/2542 2753/1032/2543 2750/1029/2540
f 2756/1092/2544 2755/1093/2545 2754/1035/2546
f 2754/1035/2546 2757/1033/2547 2756/1092/2544
f 2760/1093/2548 2759/1094/2549 2758/1037/2550
f 2758/1037/2550 2761/1035/2551 2760/1093/2548
f 2763/1094/2552 2764/1095/2553 2762/1041/2554
f 2762/1041/2554 2765/1037/2555 2763/1094/2552
f 2768/1095/2556 2767/1096/2557 2766/1047/2558
f 2766/1047/2558 2769/1041/2559 2768/1095/2556
f 2770/1048/2560 2771/1047/2561 2773/1096/2562
f 2773/1096/2562 2772/1097/2563 2770/1048/2560
f 2776/1097/2564 2775/1098/2565 2774/1050/2566
f 2774/1050/2566 2777/1048/2567 2776/1097/2564
f 2780/1098/2568 2779/1099/2569 2778/1052/2570
f 2778/1052/2570 2781/1050/2571 2780/1098/2568
f 2784/1099/2572 2783/1100/2573 2782/1054/2574
f 2782/1054/2574 2785/1052/2575 2784/1099/2572
f 2788/1100/2576 2787/1101/2577 2786/1056/2578
f 2786/1056/2578 2789/1054/2579 2788/1100/2576
f 2792/1101/2580 2791/1102/2581 2790/1084/2582
f 2790/1084/2582 2793/1056/2583 2792/1101/2580
f 2796/1102/2584 2795/1103/2585 2794/1083/2586
f 2794/1083/2586 2797/1084/2587 2796/1102/2584
f 2800/1103/2588 2799/1104/2589 2798/1082/2590
f 2798/1082/2590 2801/1083/2591 2800/1103/2588
f 2805/1104/2592 2803/1105/2593 2802/1081/2594
f 2802/1081/2594 2804/1082/2595 2805/1104/2592
f 2808/1105/2596 2807/1106/2597 2806/1080/2598
f 2806/1080/2598 2809/1081/2599 2808/1105/2596
f 2812/1106/2600 2811/1107/2601 2810/1079/2602
f 2810/1079/2602 2813/1080/2603 2812/1106/2600
f 2816/1107/2604 2815/1108/2605 2814/1078/2606
f 2814/1078/2606 2817/1079/2607 2816/1107/2604
f 2818/1077/2608 2819/1078/2609 2821/1108/2610
f 2821/1108/2610 2820/1109/2611 2818/1077/2608
f 2822/1076/2612 2823/1077/2613 2825/1109/2614
f 2825/1109/2614 2824/1110/2615 2822/1076/2612
f 2828/1110/2616 2827/1112/2617 2826/1075/2618
f 2826/1075/2618 2829/1076/2619 2828/1110/2616
f 2833/1112/2620 2831/1111/2621 2830/1074/2622
f 2830/1074/2622 2832/1075/2623 2833/1112/2620
usemtl 白楼剣鞘、柄、鍔.002
f 2897/1113/2624 2861/1114/2625 2834/1115/2626
f 2834/1115/2626 2858/1116/2627 2897/1113/2624
f 2898/1117/2628 2858/1116/2627 2834/1115/2626
f 2834/1115/2626 2859/1118/2628 2898/1117/2628
f 2900/1119/2628 2859/1118/2628 2834/1115/2626
f 2834/1115/2626 2860/1120/2629 2900/1119/2628
f 2899/1121/2630 2860/1120/2629 2834/1115/2626
f 2834/1115/2626 2861/1114/2625 2899/1121/2630
f 2898/1117/2628 2859/1118/2628 2835/1122/2631
f 2835/1122/2631 2862/1123/2632 2898/1117/2628
f 2904/1124/2633 2862/1123/2632 2835/1122/2631
f 2835/1122/2631 2863/1125/2634 2904/1124/2633
f 2905/1126/2635 2863/1125/2634 2835/1122/2631
f 2835/1122/2631 2864/1127/2636 2905/1126/2635
f 2900/1119/2628 2864/1127/2636 2835/1122/2631
f 2835/1122/2631 2859/1118/2628 2900/1119/2628
f 2904/1124/2633 2863/1125/2634 2836/1128/2637
f 2836/1128/2637 2865/1129/2638 2904/1124/2633
f 2905/1126/2635 2866/1130/2639 2836/1128/2637
f 2836/1128/2637 2863/1125/2634 2905/1126/2635
f 2897/1113/2624 2867/1131/2640 2837/1132/2641
f 2837/1132/2641 2861/1114/2625 2897/1113/2624
f 2899/1121/2630 2861/1114/2625 2837/1132/2641
f 2837/1132/2641 2868/1133/2642 2899/1121/2630
f 2896/1134/2643 2869/1135/2644 2838/1136/2645
f 2838/1136/2645 2870/1137/2646 2896/1134/2643
f 2895/1138/2647 2870/1137/2646 2838/1136/2645
f 2838/1136/2645 2871/1139/2648 2895/1138/2647
f 2903/1140/2649 2872/1141/2650 2839/1142/2651
f 2839/1142/2651 2873/1143/2652 2903/1140/2649
f 2896/1134/2643 2873/1143/2652 2839/1142/2651
f 2839/1142/2651 2869/1135/2644 2896/1134/2643
f 2901/1144/2653 2876/1145/2654 2840/1146/2655
f 2840/1146/2655 2874/1147/2656 2901/1144/2653
f 2902/1148/2657 2874/1147/2656 2840/1146/2655
f 2840/1146/2655 2875/1149/2658 2902/1148/2657
f 2902/1148/2657 2875/1149/2658 2841/1150/2659
f 2841/1150/2659 2877/1151/2660 2902/1148/2657
f 2906/1152/2661 2877/1151/2660 2841/1150/2659
f 2841/1150/2659 2878/1153/2662 2906/1152/2661
f 2895/1138/2647 2879/1154/2663 2842/1155/2664
f 2842/1155/2664 2870/1137/2646 2895/1138/2647
f 2896/1134/2643 2870/1137/2646 2842/1155/2664
f 2842/1155/2664 2880/1156/2665 2896/1134/2643
f 2898/1117/2628 2881/1157/2628 2843/1158/2666
f 2843/1158/2666 2858/1116/2627 2898/1117/2628
f 2897/1113/2624 2858/1116/2627 2843/1158/2666
f 2843/1158/2666 2882/1159/2667 2897/1113/2624
f 2897/1113/2624 2882/1159/2667 2844/1160/2668
f 2844/1160/2668 2867/1131/2640 2897/1113/2624
f 2895/1138/2647 2871/1139/2648 2845/1161/2669
f 2845/1161/2669 2879/1154/2663 2895/1138/2647
f 2896/1134/2643 2880/1156/2665 2846/1162/2670
f 2846/1162/2670 2873/1143/2652 2896/1134/2643
f 2903/1140/2649 2873/1143/2652 2846/1162/2670
f 2846/1162/2670 2883/1163/2671 2903/1140/2649
f 2904/1124/2633 2884/1164/2672 2847/1165/2673
f 2847/1165/2673 2862/1123/2632 2904/1124/2633
f 2898/1117/2628 2862/1123/2632 2847/1165/2673
f 2847/1165/2673 2881/1157/2628 2898/1117/2628
f 2903/1140/2649 2883/1163/2671 2848/1166/2674
f 2848/1166/2674 2872/1141/2650 2903/1140/2649
f 2904/1124/2633 2865/1129/2638 2849/1167/2675
f 2849/1167/2675 2884/1164/2672 2904/1124/2633
f 2907/1168/2676 2887/1169/2677 2850/1170/2678
f 2850/1170/2678 2885/1171/2679 2907/1168/2676
f 2899/1121/2630 2885/1171/2679 2850/1170/2678
f 2850/1170/2678 2860/1120/2629 2899/1121/2630
f 2900/1119/2628 2860/1120/2629 2850/1170/2678
f 2850/1170/2678 2886/1172/2628 2900/1119/2628
f 2908/1173/2628 2886/1172/2628 2850/1170/2678
f 2850/1170/2678 2887/1169/2677 2908/1173/2628
f 2907/1168/2676 2889/1174/2680 2851/1175/2681
f 2851/1175/2681 2887/1169/2677 2907/1168/2676
f 2908/1173/2628 2887/1169/2677 2851/1175/2681
f 2851/1175/2681 2888/1176/2682 2908/1173/2628
f 2902/1148/2657 2888/1176/2682 2851/1175/2681
f 2851/1175/2681 2874/1147/2656 2902/1148/2657
f 2901/1144/2653 2874/1147/2656 2851/1175/2681
f 2851/1175/2681 2889/1174/2680 2901/1144/2653
f 2907/1168/2676 2890/1177/2683 2852/1178/2684
f 2852/1178/2684 2889/1174/2680 2907/1168/2676
f 2901/1144/2653 2889/1174/2680 2852/1178/2684
f 2852/1178/2684 2876/1145/2654 2901/1144/2653
f 2907/1168/2676 2885/1171/2679 2853/1179/2685
f 2853/1179/2685 2890/1177/2683 2907/1168/2676
f 2899/1121/2630 2868/1133/2642 2853/1179/2685
f 2853/1179/2685 2885/1171/2679 2899/1121/2630
f 2908/1173/2628 2892/1180/2686 2854/1181/2687
f 2854/1181/2687 2886/1172/2628 2908/1173/2628
f 2900/1119/2628 2886/1172/2628 2854/1181/2687
f 2854/1181/2687 2864/1127/2636 2900/1119/2628
f 2905/1126/2635 2864/1127/2636 2854/1181/2687
f 2854/1181/2687 2891/1182/2688 2905/1126/2635
f 2909/1183/2689 2891/1182/2688 2854/1181/2687
f 2854/1181/2687 2892/1180/2686 2909/1183/2689
f 2908/1173/2628 2888/1176/2682 2855/1184/2690
f 2855/1184/2690 2892/1180/2686 2908/1173/2628
f 2909/1183/2689 2892/1180/2686 2855/1184/2690
f 2855/1184/2690 2893/1185/2691 2909/1183/2689
f 2906/1152/2661 2893/1185/2691 2855/1184/2690
f 2855/1184/2690 2877/1151/2660 2906/1152/2661
f 2902/1148/2657 2877/1151/2660 2855/1184/2690
f 2855/1184/2690 2888/1176/2682 2902/1148/2657
f 2909/1183/2689 2894/1186/2692 2856/1187/2693
f 2856/1187/2693 2891/1182/2688 2909/1183/2689
f 2905/1126/2635 2891/1182/2688 2856/1187/2693
f 2856/1187/2693 2866/1130/2639 2905/1126/2635
f 2909/1183/2689 2893/1185/2691 2857/1188/2694
f 2857/1188/2694 2894/1186/2692 2909/1183/2689
f 2906/1152/2661 2878/1153/2662 2857/1188/2694
f 2857/1188/2694 2893/1185/2691 2906/1152/2661
f 2917/1189/2695 2912/1190/2696 2916/1191/2697
f 2916/1191/2697 2918/1192/2698 2917/1189/2695
f 2917/1189/2695 2919/1193/2699 2915/1194/2700
f 2915/1194/2700 2912/1190/2696 2917/1189/2695
f 2918/1192/2698 2916/1191/2697 2913/1195/2701
f 2913/1195/2701 2920/1196/2702 2918/1192/2698
f 2919/1193/2699 2921/1197/2703 2910/1198/2704
f 2910/1198/2704 2915/1194/2700 2919/1193/2699
f 2921/1197/2703 2922/1199/2705 2914/1200/2706
f 2914/1200/2706 2910/1198/2704 2921/1197/2703
f 2922/1199/2705 2923/1201/2707 2911/1202/2708
f 2911/1202/2708 2914/1200/2706 2922/1199/2705
f 2924/1203/2709 2883/1163/2671 2846/1162/2670
f 2846/1162/2670 2925/1204/2710 2924/1203/2709
f 2924/1203/2709 2926/1205/2711 2848/1166/2674
f 2848/1166/2674 2883/1163/2671 2924/1203/2709
f 2925/1204/2710 2846/1162/2670 2880/1156/2665
f 2880/1156/2665 2927/1206/2712 2925/1204/2710
f 2927/1206/2712 2880/1156/2665 2842/1155/2664
f 2842/1155/2664 2928/1207/2713 2927/1206/2712
f 2928/1207/2713 2842/1155/2664 2879/1154/2663
f 2879/1154/2663 2929/1208/2714 2928/1207/2713
f 2929/1208/2714 2879/1154/2663 2845/1161/2669
f 2845/1161/2669 2930/1209/2715 2929/1208/2714
f 2931/1210/2716 2932/1211/2717 2847/1165/2673
f 2847/1165/2673 2884/1164/2672 2931/1210/2716
f 2931/1210/2716 2884/1164/2672 2849/1167/2675
f 2849/1167/2675 2933/1212/2718 2931/1210/2716
f 2932/1211/2717 2934/1213/2719 2881/1157/2628
f 2881/1157/2628 2847/1165/2673 2932/1211/2717
f 2934/1213/2719 2935/1214/2720 2843/1158/2666
f 2843/1158/2666 2881/1157/2628 2934/1213/2719
f 2935/1214/2720 2936/1215/2721 2882/1159/2667
f 2882/1159/2667 2843/1158/2666 2935/1214/2720
f 2936/1215/2721 2937/1216/2722 2844/1160/2668
f 2844/1160/2668 2882/1159/2667 2936/1215/2721
f 2918/1192/2698 2924/1203/2709 2925/1204/2710
f 2925/1204/2710 2917/1189/2695 2918/1192/2698
f 2917/1189/2695 2925/1204/2710 2927/1206/2712
f 2927/1206/2712 2919/1193/2699 2917/1189/2695
f 2920/1196/2702 2926/1205/2711 2924/1203/2709
f 2924/1203/2709 2918/1192/2698 2920/1196/2702
f 2919/1193/2699 2927/1206/2712 2928/1207/2713
f 2928/1207/2713 2921/1197/2703 2919/1193/2699
f 2921/1197/2703 2928/1207/2713 2929/1208/2714
f 2929/1208/2714 2922/1199/2705 2921/1197/2703
f 2922/1199/2705 2929/1208/2714 2930/1209/2715
f 2930/1209/2715 2923/1201/2707 2922/1199/2705
f 2912/1190/2696 2932/1211/2717 2931/1210/2716
f 2931/1210/2716 2916/1191/2697 2912/1190/2696
f 2915/1194/2700 2934/1213/2719 2932/1211/2717
f 2932/1211/2717 2912/1190/2696 2915/1194/2700
f 2916/1191/2697 2931/1210/2716 2933/1212/2718
f 2933/1212/2718 2913/1195/2701 2916/1191/2697
f 2910/1198/2704 2935/1214/2720 2934/1213/2719
f 2934/1213/2719 2915/1194/2700 2910/1198/2704
f 2914/1200/2706 2936/1215/2721 2935/1214/2720
f 2935/1214/2720 2910/1198/2704 2914/1200/2706
f 2911/1202/2708 2937/1216/2722 2936/1215/2721
f 2936/1215/2721 2914/1200/2706 2911/1202/2708
f 2951/1114/2723 2975/1113/2724 2948/1116/2725
f 2948/1116/2725 2938/1115/2726 2951/1114/2723
f 2948/1116/2725 2976/1117/2727 2949/1118/2727
f 2949/1118/2727 2938/1115/2726 2948/1116/2725
f 2949/1118/2727 2978/1119/2727 2950/1120/2728
f 2950/1120/2728 2938/1115/2726 2949/1118/2727
f 2950/1120/2728 2977/1121/2729 2951/1114/2723
f 2951/1114/2723 2938/1115/2726 2950/1120/2728
f 2949/1118/2727 2976/1117/2727 2952/1123/2730
f 2952/1123/2730 2939/1122/2731 2949/1118/2727
f 2952/1123/2730 2982/1124/2732 2953/1125/2733
f 2953/1125/2733 2939/1122/2731 2952/1123/2730
f 2953/1125/2733 2983/1126/2734 2954/1127/2735
f 2954/1127/2735 2939/1122/2731 2953/1125/2733
f 2954/1127/2735 2978/1119/2727 2949/1118/2727
f 2949/1118/2727 2939/1122/2731 2954/1127/2735
f 2953/1125/2733 2982/1124/2732 2865/1129/2638
f 2865/1129/2638 2836/1128/2637 2953/1125/2733
f 2866/1130/2639 2983/1126/2734 2953/1125/2733
f 2953/1125/2733 2836/1128/2637 2866/1130/2639
f 2867/1131/2640 2975/1113/2724 2951/1114/2723
f 2951/1114/2723 2837/1132/2641 2867/1131/2640
f 2951/1114/2723 2977/1121/2729 2868/1133/2642
f 2868/1133/2642 2837/1132/2641 2951/1114/2723
f 2869/1135/2644 2974/1134/2736 2955/1137/2737
f 2955/1137/2737 2838/1136/2645 2869/1135/2644
f 2955/1137/2737 2973/1138/2738 2871/1139/2648
f 2871/1139/2648 2838/1136/2645 2955/1137/2737
f 2872/1141/2650 2981/1140/2739 2956/1143/2740
f 2956/1143/2740 2839/1142/2651 2872/1141/2650
f 2956/1143/2740 2974/1134/2736 2869/1135/2644
f 2869/1135/2644 2839/1142/2651 2956/1143/2740
f 2876/1145/2654 2979/1144/2741 2957/1147/2742
f 2957/1147/2742 2840/1146/2655 2876/1145/2654
f 2957/1147/2742 2980/1148/2743 2875/1149/2658
f 2875/1149/2658 2840/1146/2655 2957/1147/2742
f 2875/1149/2658 2980/1148/2743 2958/1151/2744
f 2958/1151/2744 2841/1150/2659 2875/1149/2658
f 2958/1151/2744 2984/1152/2745 2878/1153/2662
f 2878/1153/2662 2841/1150/2659 2958/1151/2744
f 2959/1154/2746 2973/1138/2738 2955/1137/2737
f 2955/1137/2737 2940/1155/2747 2959/1154/2746
f 2955/1137/2737 2974/1134/2736 2960/1156/2748
f 2960/1156/2748 2940/1155/2747 2955/1137/2737
f 2961/1157/2727 2976/1117/2727 2948/1116/2725
f 2948/1116/2725 2941/1158/2749 2961/1157/2727
f 2948/1116/2725 2975/1113/2724 2962/1159/2750
f 2962/1159/2750 2941/1158/2749 2948/1116/2725
f 2962/1159/2750 2975/1113/2724 2867/1131/2640
f 2867/1131/2640 2844/1160/2668 2962/1159/2750
f 2871/1139/2648 2973/1138/2738 2959/1154/2746
f 2959/1154/2746 2845/1161/2669 2871/1139/2648
f 2960/1156/2748 2974/1134/2736 2956/1143/2740
f 2956/1143/2740 2942/1162/2751 2960/1156/2748
f 2956/1143/2740 2981/1140/2739 2963/1163/2752
f 2963/1163/2752 2942/1162/2751 2956/1143/2740
f 2964/1164/2753 2982/1124/2732 2952/1123/2730
f 2952/1123/2730 2943/1165/2754 2964/1164/2753
f 2952/1123/2730 2976/1117/2727 2961/1157/2727
f 2961/1157/2727 2943/1165/2754 2952/1123/2730
f 2963/1163/2752 2981/1140/2739 2872/1141/2650
f 2872/1141/2650 2848/1166/2674 2963/1163/2752
f 2865/1129/2638 2982/1124/2732 2964/1164/2753
f 2964/1164/2753 2849/1167/2675 2865/1129/2638
f 2967/1169/2755 2985/1168/2756 2965/1171/2757
f 2965/1171/2757 2944/1170/2758 2967/1169/2755
f 2965/1171/2757 2977/1121/2729 2950/1120/2728
f 2950/1120/2728 2944/1170/2758 2965/1171/2757
f 2950/1120/2728 2978/1119/2727 2966/1172/2727
f 2966/1172/2727 2944/1170/2758 2950/1120/2728
f 2966/1172/2727 2986/1173/2727 2967/1169/2755
f 2967/1169/2755 2944/1170/2758 2966/1172/2727
f 2969/1174/2759 2985/1168/2756 2967/1169/2755
f 2967/1169/2755 2945/1175/2760 2969/1174/2759
f 2967/1169/2755 2986/1173/2727 2968/1176/2761
f 2968/1176/2761 2945/1175/2760 2967/1169/2755
f 2968/1176/2761 2980/1148/2743 2957/1147/2742
f 2957/1147/2742 2945/1175/2760 2968/1176/2761
f 2957/1147/2742 2979/1144/2741 2969/1174/2759
f 2969/1174/2759 2945/1175/2760 2957/1147/2742
f 2890/1177/2683 2985/1168/2756 2969/1174/2759
f 2969/1174/2759 2852/1178/2684 2890/1177/2683
f 2969/1174/2759 2979/1144/2741 2876/1145/2654
f 2876/1145/2654 2852/1178/2684 2969/1174/2759
f 2965/1171/2757 2985/1168/2756 2890/1177/2683
f 2890/1177/2683 2853/1179/2685 2965/1171/2757
f 2868/1133/2642 2977/1121/2729 2965/1171/2757
f 2965/1171/2757 2853/1179/2685 2868/1133/2642
f 2971/1180/2762 2986/1173/2727 2966/1172/2727
f 2966/1172/2727 2946/1181/2763 2971/1180/2762
f 2966/1172/2727 2978/1119/2727 2954/1127/2735
f 2954/1127/2735 2946/1181/2763 2966/1172/2727
f 2954/1127/2735 2983/1126/2734 2970/1182/2764
f 2970/1182/2764 2946/1181/2763 2954/1127/2735
f 2970/1182/2764 2987/1183/2765 2971/1180/2762
f 2971/1180/2762 2946/1181/2763 2970/1182/2764
f 2968/1176/2761 2986/1173/2727 2971/1180/2762
f 2971/1180/2762 2947/1184/2766 2968/1176/2761
f 2971/1180/2762 2987/1183/2765 2972/1185/2767
f 2972/1185/2767 2947/1184/2766 2971/1180/2762
f 2972/1185/2767 2984/1152/2745 2958/1151/2744
f 2958/1151/2744 2947/1184/2766 2972/1185/2767
f 2958/1151/2744 2980/1148/2743 2968/1176/2761
f 2968/1176/2761 2947/1184/2766 2958/1151/2744
f 2894/1186/2692 2987/1183/2765 2970/1182/2764
f 2970/1182/2764 2856/1187/2693 2894/1186/2692
f 2970/1182/2764 2983/1126/2734 2866/1130/2639
f 2866/1130/2639 2856/1187/2693 2970/1182/2764
f 2972/1185/2767 2987/1183/2765 2894/1186/2692
f 2894/1186/2692 2857/1188/2694 2972/1185/2767
f 2878/1153/2662 2984/1152/2745 2972/1185/2767
f 2972/1185/2767 2857/1188/2694 2878/1153/2662
f 2990/1190/2768 2995/1189/2769 2996/1192/2770
f 2996/1192/2770 2994/1191/2771 2990/1190/2768
f 2997/1193/2772 2995/1189/2769 2990/1190/2768
f 2990/1190/2768 2993/1194/2773 2997/1193/2772
f 2994/1191/2771 2996/1192/2770 2998/1196/2774
f 2998/1196/2774 2991/1195/2775 2994/1191/2771
f 2999/1197/2776 2997/1193/2772 2993/1194/2773
f 2993/1194/2773 2988/1198/2777 2999/1197/2776
f 3000/1199/2778 2999/1197/2776 2988/1198/2777
f 2988/1198/2777 2992/1200/2779 3000/1199/2778
f 3001/1201/2780 3000/1199/2778 2992/1200/2779
f 2992/1200/2779 2989/1202/2781 3001/1201/2780
f 2963/1163/2752 3002/1203/2782 3003/1204/2783
f 3003/1204/2783 2942/1162/2751 2963/1163/2752
f 2926/1205/2711 3002/1203/2782 2963/1163/2752
f 2963/1163/2752 2848/1166/2674 2926/1205/2711
f 2942/1162/2751 3003/1204/2783 3004/1206/2784
f 3004/1206/2784 2960/1156/2748 2942/1162/2751
f 2960/1156/2748 3004/1206/2784 3005/1207/2785
f 3005/1207/2785 2940/1155/2747 2960/1156/2748
f 2940/1155/2747 3005/1207/2785 3006/1208/2786
f 3006/1208/2786 2959/1154/2746 2940/1155/2747
f 2959/1154/2746 3006/1208/2786 2930/1209/2715
f 2930/1209/2715 2845/1161/2669 2959/1154/2746
f 3008/1211/2787 3007/1210/2788 2964/1164/2753
f 2964/1164/2753 2943/1165/2754 3008/1211/2787
f 2964/1164/2753 3007/1210/2788 2933/1212/2718
f 2933/1212/2718 2849/1167/2675 2964/1164/2753
f 3009/1213/2789 3008/1211/2787 2943/1165/2754
f 2943/1165/2754 2961/1157/2727 3009/1213/2789
f 3010/1214/2790 3009/1213/2789 2961/1157/2727
f 2961/1157/2727 2941/1158/2749 3010/1214/2790
f 3011/1215/2791 3010/1214/2790 2941/1158/2749
f 2941/1158/2749 2962/1159/2750 3011/1215/2791
f 2937/1216/2722 3011/1215/2791 2962/1159/2750
f 2962/1159/2750 2844/1160/2668 2937/1216/2722
f 3002/1203/2782 2996/1192/2770 2995/1189/2769
f 2995/1189/2769 3003/1204/2783 3002/1203/2782
f 3003/1204/2783 2995/1189/2769 2997/1193/2772
f 2997/1193/2772 3004/1206/2784 3003/1204/2783
f 2926/1205/2711 2998/1196/2774 2996/1192/2770
f 2996/1192/2770 3002/1203/2782 2926/1205/2711
f 3004/1206/2784 2997/1193/2772 2999/1197/2776
f 2999/1197/2776 3005/1207/2785 3004/1206/2784
f 3005/1207/2785 2999/1197/2776 3000/1199/2778
f 3000/1199/2778 3006/1208/2786 3005/1207/2785
f 3006/1208/2786 3000/1199/2778 3001/1201/2780
f 3001/1201/2780 2930/1209/2715 3006/1208/2786
f 3008/1211/2787 2990/1190/2768 2994/1191/2771
f 2994/1191/2771 3007/1210/2788 3008/1211/2787
f 3009/1213/2789 2993/1194/2773 2990/1190/2768
f 2990/1190/2768 3008/1211/2787 3009/1213/2789
f 3007/1210/2788 2994/1191/2771 2991/1195/2775
f 2991/1195/2775 2933/1212/2718 3007/1210/2788
f 3010/1214/2790 2988/1198/2777 2993/1194/2773
f 2993/1194/2773 3009/1213/2789 3010/1214/2790
f 3011/1215/2791 2992/1200/2779 2988/1198/2777
f 2988/1198/2777 3010/1214/2790 3011/1215/2791
f 2937/1216/2722 2989/1202/2781 2992/1200/2779
f 2992/1200/2779 3011/1215/2791 2937/1216/2722
f 3013/1217/2792 3016/1218/2793 3012/1219/2794
f 3014/1220/2795 3013/1217/2792 3012/1219/2794
f 3015/1221/2796 3014/1220/2795 3012/1219/2794
f 3018/1222/2797 3015/1221/2796 3012/1219/2794
f 3016/1218/2793 3017/1223/2798 3012/1219/2794
f 3012/1219/2794 3017/1223/2798 3023/1218/2793
f 3019/1224/2799 3018/1222/2797 3012/1219/2794
f 3012/1219/2794 3024/1222/2796 3019/1224/2799
f 3012/1219/2794 3020/1220/2800 3022/1221/2797
f 3012/1219/2794 3021/1217/2801 3020/1220/2800
f 3012/1219/2794 3023/1218/2793 3021/1217/2801
f 3012/1219/2794 3022/1221/2797 3024/1222/2796
f 3026/1217/2802 3029/1220/2803 3025/1219/2804
f 3027/1218/2805 3026/1217/2802 3025/1219/2804
f 3028/1223/2806 3027/1218/2805 3025/1219/2804
f 3025/1219/2804 3033/1218/2807 3028/1223/2806
f 3029/1220/2803 3030/1221/2808 3025/1219/2804
f 3030/1221/2808 3031/1222/2809 3025/1219/2804
f 3031/1222/2809 3032/1224/2810 3025/1219/2804
f 3025/1219/2804 3032/1224/2810 3037/1222/2811
f 3025/1219/2804 3034/1217/2812 3033/1218/2807
f 3025/1219/2804 3035/1220/2813 3034/1217/2812
f 3025/1219/2804 3036/1221/2814 3035/1220/2813
f 3025/1219/2804 3037/1222/2811 3036/1221/2814
f 3043/1225/2628 3039/1226/2815 3038/1227/2816
f 3038/1227/2816 3039/1226/2815 3042/1228/2817
f 3038/1227/2816 3040/1229/2628 3043/1225/2628
f 3042/1228/2817 3041/1230/2818 3038/1227/2816
f 3045/1231/2819 3044/1232/2820 3043/1225/2628
f 3043/1225/2628 3040/1229/2628 3045/1231/2819
f 3047/1233/2821 3044/1232/2820 3045/1231/2819
f 3045/1231/2819 3046/1234/2822 3047/1233/2821
f 3047/1233/2821 3046/1234/2822 3049/1235/2823
f 3049/1235/2823 3048/1236/2823 3047/1233/2821
f 3048/1236/2823 3049/1235/2823 3050/1234/2824
f 3050/1234/2824 3051/1233/2825 3048/1236/2823
f 3053/1232/2826 3051/1233/2825 3050/1234/2824
f 3050/1234/2824 3052/1231/2827 3053/1232/2826
f 3053/1232/2826 3052/1231/2827 3054/1229/2727
f 3054/1229/2727 3055/1225/2727 3053/1232/2826
f 3056/1226/2828 3055/1225/2727 3054/1229/2727
f 3054/1229/2727 3059/1227/2829 3056/1226/2828
f 3056/1226/2828 3059/1227/2829 3057/1230/2830
f 3057/1230/2830 3058/1228/2831 3056/1226/2828
f 3060/1237/2832 3058/1228/2831 3057/1230/2830
f 3057/1230/2830 3061/1238/2832 3060/1237/2832
f 3042/1228/2817 3060/1237/2832 3061/1238/2832
f 3061/1238/2832 3041/1230/2818 3042/1228/2817
f 3063/1239/2391 3062/1240/2803 3064/1241/2803
f 3066/1242/2833 3064/1241/2803 3062/1240/2803
f 3062/1240/2803 3065/1239/2834 3066/1242/2833
f 3069/1243/2835 3066/1242/2833 3065/1239/2834
f 3067/1244/2809 3064/1241/2803 3066/1242/2833
f 3066/1242/2833 3068/1245/2810 3067/1244/2809
f 3065/1239/2834 3070/1246/2836 3069/1243/2835
f 3071/1247/2837 3069/1243/2835 3070/1246/2836
f 3070/1246/2836 3073/1248/2838 3071/1247/2837
f 3072/1249/2839 3071/1247/2837 3073/1248/2838
f 3073/1248/2838 3074/1250/2840 3072/1249/2839
f 3074/1250/2840 3075/1251/2841 3076/1252/2842
f 3076/1252/2842 3072/1249/2839 3074/1250/2840
f 3076/1252/2842 3075/1251/2841 3078/1253/2811
f 3078/1253/2811 3077/1254/2843 3076/1252/2842
f 3077/1254/2843 3078/1253/2811 3079/1255/2834
f 3081/1256/2844 3080/1257/2845 3079/1255/2834
f 3079/1255/2834 3080/1257/2845 3077/1254/2843
f 3079/1255/2834 3082/1258/2846 3081/1256/2844
f 3081/1256/2844 3082/1258/2846 3083/1259/2847
f 3083/1259/2847 3084/1260/2848 3081/1256/2844
f 3085/1261/2813 3084/1260/2848 3083/1259/2847
f 3083/1259/2847 3086/1262/2849 3085/1261/2813
f 3085/1261/2813 3086/1262/2849 3087/1263/2850
f 3089/1264/2851 3087/1263/2850 3088/1265/2852
f 3087/1263/2850 3089/1264/2851 3085/1261/2813
f 3088/1265/2852 3090/1266/2853 3089/1264/2851
f 3091/1267/2854 3090/1266/2853 3088/1265/2852
f 3091/1267/2854 3092/1268/2807 3094/1269/2855
f 3088/1265/2852 3092/1268/2807 3091/1267/2854
f 3094/1269/2855 3093/1270/2813 3091/1267/2854
f 3094/1269/2855 3096/1271/2856 3095/1272/2857
f 3095/1272/2857 3093/1270/2813 3094/1269/2855
f 3095/1272/2857 3096/1271/2856 3097/1273/2854
f 3097/1273/2854 3098/1274/2332 3095/1272/2857
f 3098/1274/2332 3097/1273/2854 3099/1275/2858
f 3099/1275/2858 3100/1276/2859 3101/1277/2860
f 3101/1277/2860 3102/1278/2861 3099/1275/2858
f 3099/1275/2858 3102/1278/2861 3098/1274/2332
f 3103/1279/2862 3101/1277/2860 3100/1276/2859
f 3100/1276/2859 3104/1280/2863 3103/1279/2862
f 3105/1281/2864 3103/1279/2862 3104/1280/2863
f 3106/1282/2865 3105/1281/2864 3107/1283/2866
f 3104/1280/2863 3107/1283/2866 3105/1281/2864
f 3107/1283/2866 3108/1284/2807 3106/1282/2865
f 3109/1285/2867 3106/1282/2865 3108/1284/2807
f 3108/1284/2807 3110/1286/2868 3109/1285/2867
f 3110/1286/2868 3111/1284/2869 3112/1282/2870
f 3112/1282/2870 3109/1285/2867 3110/1286/2868
f 3067/1244/2809 3109/1285/2867 3112/1282/2870
f 3113/1281/2871 3112/1282/2870 3111/1284/2869
f 3112/1282/2870 3114/1245/2808 3067/1244/2809
f 3114/1245/2808 3115/1242/2872 3064/1241/2803
f 3064/1241/2803 3067/1244/2809 3114/1245/2808
f 3115/1242/2872 3116/1243/2873 3117/1246/2874
f 3064/1241/2803 3115/1242/2872 3063/1239/2391
f 3117/1246/2874 3063/1239/2391 3115/1242/2872
f 3118/1248/2875 3117/1246/2874 3116/1243/2873
f 3119/1250/2876 3118/1248/2875 3120/1247/2877
f 3116/1243/2873 3120/1247/2877 3118/1248/2875
f 3120/1247/2877 3121/1249/2878 3119/1250/2876
f 3122/1251/2879 3119/1250/2876 3121/1249/2878
f 3121/1249/2878 3123/1252/2880 3122/1251/2879
f 3122/1251/2879 3123/1252/2880 3124/1254/2881
f 3126/1253/2882 3124/1254/2881 3125/1257/2814
f 3124/1254/2881 3126/1253/2882 3122/1251/2879
f 3125/1257/2814 3127/1255/2883 3126/1253/2882
f 3128/1258/2884 3127/1255/2883 3125/1257/2814
f 3125/1257/2814 3130/1256/2875 3128/1258/2884
f 3131/1260/2811 3129/1259/2885 3128/1258/2884
f 3128/1258/2884 3130/1256/2875 3131/1260/2811
f 3133/1262/2886 3129/1259/2885 3131/1260/2811
f 3131/1260/2811 3132/1261/2887 3133/1262/2886
f 3135/1264/2888 3134/1263/2889 3133/1262/2886
f 3133/1262/2886 3132/1261/2887 3135/1264/2888
f 3134/1263/2889 3135/1264/2888 3136/1266/2890
f 3136/1266/2890 3137/1265/2891 3134/1263/2889
f 3138/1268/2869 3137/1265/2891 3136/1266/2890
f 3136/1266/2890 3139/1267/2892 3138/1268/2869
f 3138/1268/2869 3139/1267/2892 3140/1270/2893
f 3140/1270/2893 3141/1272/2894 3143/1271/2856
f 3140/1270/2893 3142/1269/2841 3138/1268/2869
f 3143/1271/2856 3142/1269/2841 3140/1270/2893
f 3145/1274/2895 3144/1273/2896 3143/1271/2856
f 3143/1271/2856 3141/1272/2894 3145/1274/2895
f 3144/1273/2896 3145/1274/2895 3146/1278/2897
f 3146/1278/2897 3149/1275/2898 3144/1273/2896
f 3146/1278/2897 3148/1277/2848 3147/1276/2899
f 3147/1276/2899 3149/1275/2898 3146/1278/2897
f 3150/1280/2900 3147/1276/2899 3148/1277/2848
f 3148/1277/2848 3151/1279/2901 3150/1280/2900
f 3151/1279/2901 3113/1281/2871 3152/1283/2902
f 3152/1283/2902 3150/1280/2900 3151/1279/2901
f 3111/1284/2869 3152/1283/2902 3113/1281/2871
f 3109/1285/2867 3067/1244/2809 3068/1245/2810
f 3068/1245/2810 3106/1282/2865 3109/1285/2867
f 3155/1287/2903 3154/1288/2903 3153/1289/2904
f 3153/1289/2904 3156/1290/2905 3155/1287/2903
f 3156/1290/2905 3153/1289/2904 3157/1291/2906
f 3157/1291/2906 3158/1292/2907 3156/1290/2905
f 3158/1292/2907 3157/1291/2906 3159/1293/2908
f 3159/1293/2908 3160/1294/2909 3158/1292/2907
f 3160/1294/2909 3159/1293/2908 3161/1295/2910
f 3161/1295/2910 3162/1296/2911 3160/1294/2909
f 3162/1296/2911 3161/1295/2910 3163/1297/2912
f 3163/1297/2912 3164/1298/2913 3162/1296/2911
f 3164/1298/2913 3163/1297/2912 3165/1299/2914
f 3165/1299/2914 3166/1300/2915 3164/1298/2913
f 3166/1300/2915 3165/1299/2914 3167/1301/2916
f 3167/1301/2916 3168/1302/2917 3166/1300/2915
f 3168/1302/2917 3167/1301/2916 3169/1303/2918
f 3169/1303/2918 3171/1304/2919 3168/1302/2917
f 3171/1304/2919 3169/1303/2918 3170/1305/2920
f 3170/1305/2920 3172/1306/2921 3171/1304/2919
f 3172/1306/2921 3170/1305/2920 3173/1307/2922
f 3173/1307/2922 3174/1308/2922 3172/1306/2921
f 3174/1308/2922 3173/1307/2922 3175/1309/2628
f 3175/1309/2628 3176/1310/2628 3174/1308/2922
f 3176/1310/2628 3175/1309/2628 3177/1311/2923
f 3177/1311/2923 3178/1312/2924 3176/1310/2628
f 3178/1312/2924 3177/1311/2923 3179/1313/2925
f 3179/1313/2925 3180/1314/2926 3178/1312/2924
f 3180/1314/2926 3179/1313/2925 3181/1315/2927
f 3181/1315/2927 3182/1316/2927 3180/1314/2926
f 3184/1317/2928 3183/1318/2929 3182/1316/2927
f 3182/1316/2927 3181/1315/2927 3184/1317/2928
f 3183/1318/2929 3184/1317/2928 3185/1319/2930
f 3185/1319/2930 3186/1320/2931 3183/1318/2929
f 3186/1320/2931 3185/1319/2930 3187/1321/2932
f 3189/1322/2933 3187/1321/2932 3188/1323/2934
f 3187/1321/2932 3189/1322/2933 3186/1320/2931
f 3188/1323/2934 3190/1324/2935 3189/1322/2933
f 3192/1325/2936 3191/1326/2937 3190/1324/2935
f 3190/1324/2935 3188/1323/2934 3192/1325/2936
f 3191/1326/2937 3192/1325/2936 3193/1327/2938
f 3193/1327/2938 3194/1328/2939 3191/1326/2937
f 3194/1328/2939 3193/1327/2938 3195/1329/2940
f 3197/1330/2941 3195/1329/2940 3196/1331/2942
f 3195/1329/2940 3197/1330/2941 3194/1328/2939
f 3196/1331/2942 3198/1332/2942 3197/1330/2941
f 3200/1329/2943 3199/1330/2944 3198/1332/2942
f 3198/1332/2942 3196/1331/2942 3200/1329/2943
f 3199/1330/2944 3200/1329/2943 3201/1327/2945
f 3202/1328/2946 3201/1327/2945 3203/1325/2947
f 3201/1327/2945 3202/1328/2946 3199/1330/2944
f 3205/1326/2948 3203/1325/2947 3204/1323/2949
f 3203/1325/2947 3205/1326/2948 3202/1328/2946
f 3204/1323/2949 3206/1324/2950 3205/1326/2948
f 3206/1324/2950 3204/1323/2949 3208/1321/2951
f 3208/1321/2951 3207/1322/2952 3206/1324/2950
f 3207/1322/2952 3208/1321/2951 3209/1319/2953
f 3210/1320/2954 3209/1319/2953 3211/1317/2955
f 3209/1319/2953 3210/1320/2954 3207/1322/2952
f 3213/1318/2956 3211/1317/2955 3212/1315/2957
f 3211/1317/2955 3213/1318/2956 3210/1320/2954
f 3212/1315/2957 3214/1316/2957 3213/1318/2956
f 3215/1313/2958 3216/1314/2958 3214/1316/2957
f 3214/1316/2957 3212/1315/2957 3215/1313/2958
f 3218/1311/2959 3217/1312/2960 3216/1314/2958
f 3216/1314/2958 3215/1313/2958 3218/1311/2959
f 3217/1312/2960 3218/1311/2959 3219/1309/2727
f 3219/1309/2727 3221/1310/2727 3217/1312/2960
f 3221/1310/2727 3219/1309/2727 3220/1307/2961
f 3220/1307/2961 3222/1308/2961 3221/1310/2727
f 3224/1305/2962 3223/1306/2963 3222/1308/2961
f 3222/1308/2961 3220/1307/2961 3224/1305/2962
f 3223/1306/2963 3224/1305/2962 3225/1303/2964
f 3225/1303/2964 3226/1304/2965 3223/1306/2963
f 3226/1304/2965 3225/1303/2964 3227/1301/2966
f 3229/1302/2967 3227/1301/2966 3228/1299/2968
f 3227/1301/2966 3229/1302/2967 3226/1304/2965
f 3228/1299/2968 3230/1300/2969 3229/1302/2967
f 3232/1297/2970 3231/1298/2971 3230/1300/2969
f 3230/1300/2969 3228/1299/2968 3232/1297/2970
f 3231/1298/2971 3232/1297/2970 3233/1295/2972
f 3233/1295/2972 3235/1296/2973 3231/1298/2971
f 3235/1296/2973 3233/1295/2972 3234/1293/2974
f 3234/1293/2974 3236/1294/2975 3235/1296/2973
f 3237/1291/2976 3238/1292/2977 3236/1294/2975
f 3236/1294/2975 3234/1293/2974 3237/1291/2976
f 3240/1289/2978 3239/1290/2979 3238/1292/2977
f 3238/1292/2977 3237/1291/2976 3240/1289/2978
f 3239/1290/2979 3240/1289/2978 3154/1288/2903
f 3154/1288/2903 3155/1287/2903 3239/1290/2979
f 3243/1333/2980 3242/1334/2981 3241/1335/2982
f 3241/1335/2982 3244/1336/2983 3243/1333/2980
f 3245/1337/2628 3244/1336/2983 3241/1335/2982
f 3241/1335/2982 3246/1338/2628 3245/1337/2628
f 3247/1339/2628 3245/1337/2628 3246/1338/2628
f 3246/1338/2628 3248/1340/2628 3247/1339/2628
f 3242/1334/2981 3243/1333/2980 3249/1341/2984
f 3249/1341/2984 3251/1342/2985 3242/1334/2981
f 3251/1342/2985 3249/1341/2984 3250/1343/2986
f 3250/1343/2986 3252/1344/2987 3251/1342/2985
f 3252/1344/2987 3250/1343/2986 3254/1345/2988
f 3254/1345/2988 3253/1346/2989 3252/1344/2987
f 3253/1346/2989 3254/1345/2988 3255/1347/2990
f 3256/1348/2991 3255/1347/2990 3257/1349/2992
f 3255/1347/2990 3256/1348/2991 3253/1346/2989
f 3259/1350/2993 3257/1349/2992 3258/1351/2994
f 3257/1349/2992 3259/1350/2993 3256/1348/2991
f 3258/1351/2994 3260/1352/2994 3259/1350/2993
f 3261/1353/2995 3262/1354/2996 3260/1352/2994
f 3260/1352/2994 3258/1351/2994 3261/1353/2995
f 3264/1355/2997 3263/1356/2998 3262/1354/2996
f 3262/1354/2996 3261/1353/2995 3264/1355/2997
f 3263/1356/2998 3264/1355/2997 3265/1357/2999
f 3266/1358/3000 3265/1357/2999 3267/1359/3001
f 3265/1357/2999 3266/1358/3000 3263/1356/2998
f 3267/1359/3001 3269/1360/3002 3266/1358/3000
f 3269/1360/3002 3267/1359/3001 3268/1361/3003
f 3268/1361/3003 3270/1362/3004 3269/1360/3002
f 3270/1362/3004 3268/1361/3003 3272/1363/3005
f 3272/1363/3005 3271/1364/3005 3270/1362/3004
f 3271/1364/3005 3272/1363/3005 3273/1365/3006
f 3275/1366/3006 3273/1365/3006 3274/1367/3007
f 3273/1365/3006 3275/1366/3006 3271/1364/3005
f 3274/1367/3007 3276/1368/3008 3275/1366/3006
f 3278/1369/3009 3277/1370/3009 3276/1368/3008
f 3276/1368/3008 3274/1367/3007 3278/1369/3009
f 3277/1370/3009 3278/1369/3009 3279/1371/3010
f 3279/1371/3010 3281/1372/3011 3277/1370/3009
f 3281/1372/3011 3279/1371/3010 3280/1373/3012
f 3280/1373/3012 3282/1374/3013 3281/1372/3011
f 3283/1375/3014 3284/1376/3015 3282/1374/3013
f 3282/1374/3013 3280/1373/3012 3283/1375/3014
f 3286/1377/3016 3285/1378/3017 3284/1376/3015
f 3284/1376/3015 3283/1375/3014 3286/1377/3016
f 3289/1334/3018 3288/1333/3019 3287/1336/3020
f 3287/1336/3020 3290/1335/3021 3289/1334/3018
f 3291/1338/2727 3290/1335/3021 3287/1336/3020
f 3287/1336/3020 3292/1337/2727 3291/1338/2727
f 3293/1340/2727 3291/1338/2727 3292/1337/2727
f 3292/1337/2727 3294/1339/2727 3293/1340/2727
f 3288/1333/3019 3289/1334/3018 3295/1342/3022
f 3295/1342/3022 3297/1341/3023 3288/1333/3019
f 3297/1341/3023 3295/1342/3022 3296/1344/3024
f 3296/1344/3024 3298/1343/3025 3297/1341/3023
f 3298/1343/3025 3296/1344/3024 3300/1346/3026
f 3300/1346/3026 3299/1345/3027 3298/1343/3025
f 3299/1345/3027 3300/1346/3026 3301/1348/3028
f 3302/1347/3029 3301/1348/3028 3303/1350/3030
f 3301/1348/3028 3302/1347/3029 3299/1345/3027
f 3305/1349/3031 3303/1350/3030 3304/1352/3032
f 3303/1350/3030 3305/1349/3031 3302/1347/3029
f 3304/1352/3032 3306/1351/3032 3305/1349/3031
f 3307/1354/3033 3308/1353/3034 3306/1351/3032
f 3306/1351/3032 3304/1352/3032 3307/1354/3033
f 3310/1356/3035 3309/1355/3036 3308/1353/3034
f 3308/1353/3034 3307/1354/3033 3310/1356/3035
f 3309/1355/3036 3310/1356/3035 3311/1358/3037
f 3312/1357/3038 3311/1358/3037 3313/1360/3039
f 3311/1358/3037 3312/1357/3038 3309/1355/3036
f 3313/1360/3039 3315/1359/3040 3312/1357/3038
f 3315/1359/3040 3313/1360/3039 3314/1362/3041
f 3314/1362/3041 3316/1361/3042 3315/1359/3040
f 3316/1361/3042 3314/1362/3041 3318/1364/3043
f 3318/1364/3043 3317/1363/3043 3316/1361/3042
f 3317/1363/3043 3318/1364/3043 3319/1366/3044
f 3321/1365/3045 3319/1366/3044 3320/1368/3046
f 3319/1366/3044 3321/1365/3045 3317/1363/3043
f 3320/1368/3046 3322/1367/3047 3321/1365/3045
f 3324/1370/3048 3323/1369/3048 3322/1367/3047
f 3322/1367/3047 3320/1368/3046 3324/1370/3048
f 3323/1369/3048 3324/1370/3048 3325/1372/3049
f 3325/1372/3049 3327/1371/3050 3323/1369/3048
f 3327/1371/3050 3325/1372/3049 3326/1374/3051
f 3326/1374/3051 3328/1373/3052 3327/1371/3050
f 3329/1376/3053 3330/1375/3054 3328/1373/3052
f 3328/1373/3052 3326/1374/3051 3329/1376/3053
f 3332/1378/3055 3331/1377/3056 3330/1375/3054
f 3330/1375/3054 3329/1376/3053 3332/1378/3055
f 3333/1379/3057 3334/1380/3058 3337/1381/3059
f 3335/1380/3060 3333/1379/3057 3336/1382/3061
f 3337/1381/3059 3336/1382/3061 3333/1379/3057
f 3338/1383/3062 3337/1381/3059 3334/1380/3058
f 3339/1384/3063 3341/1385/3064 3338/1383/3062
f 3338/1383/3062 3340/1386/3065 3339/1384/3063
f 3334/1380/3058 3340/1386/3065 3338/1383/3062
f 3342/1387/3066 3341/1385/3064 3339/1384/3063
f 3339/1384/3063 3344/1388/3067 3342/1387/3066
f 3343/1385/3068 3342/1387/3066 3344/1388/3067
f 3344/1388/3067 3345/1384/3069 3343/1385/3068
f 3345/1384/3069 3346/1386/3070 3347/1383/3071
f 3347/1383/3071 3343/1385/3068 3345/1384/3069
f 3348/1381/3072 3347/1383/3071 3346/1386/3070
f 3346/1386/3070 3335/1380/3060 3348/1381/3072
f 3336/1382/3061 3348/1381/3072 3335/1380/3060
f 3353/1239/3073 3349/1240/3074 3350/1241/3075
f 3352/1242/3076 3350/1241/3075 3349/1240/3074
f 3349/1240/3074 3351/1239/3077 3352/1242/3076
f 3355/1246/3077 3353/1239/3073 3354/1242/3078
f 3350/1241/3075 3354/1242/3078 3353/1239/3073
f 3356/1248/3079 3355/1246/3077 3357/1243/3080
f 3354/1242/3078 3357/1243/3080 3355/1246/3077
f 3357/1243/3080 3358/1247/3081 3356/1248/3079
f 3360/1250/3082 3356/1248/3079 3358/1247/3081
f 3358/1247/3081 3359/1249/3083 3360/1250/3082
f 3361/1251/3084 3360/1250/3082 3359/1249/3083
f 3363/1254/3085 3362/1253/3086 3361/1251/3084
f 3361/1251/3084 3364/1252/3087 3363/1254/3085
f 3359/1249/3083 3364/1252/3087 3361/1251/3084
f 3362/1253/3086 3363/1254/3085 3365/1257/3088
f 3365/1257/3088 3366/1255/3089 3362/1253/3086
f 3368/1258/3090 3366/1255/3089 3365/1257/3088
f 3365/1257/3088 3367/1256/3091 3368/1258/3090
f 3368/1258/3090 3367/1256/3091 3369/1260/3092
f 3369/1260/3092 3370/1259/3093 3368/1258/3090
f 3371/1262/3094 3370/1259/3093 3369/1260/3092
f 3372/1264/3095 3374/1263/3096 3371/1262/3094
f 3371/1262/3094 3373/1261/3097 3372/1264/3095
f 3369/1260/3092 3373/1261/3097 3371/1262/3094
f 3376/1266/3098 3375/1265/3099 3374/1263/3096
f 3374/1263/3096 3372/1264/3095 3376/1266/3098
f 3377/1268/3100 3375/1265/3099 3376/1266/3098
f 3376/1266/3098 3378/1267/3101 3377/1268/3100
f 3377/1268/3100 3378/1267/3101 3379/1270/3102
f 3380/1271/3103 3381/1269/3104 3379/1270/3102
f 3379/1270/3102 3382/1272/3105 3380/1271/3103
f 3379/1270/3102 3381/1269/3104 3377/1268/3100
f 3380/1271/3103 3382/1272/3105 3383/1274/3106
f 3385/1273/3107 3383/1274/3106 3384/1278/3108
f 3383/1274/3106 3385/1273/3107 3380/1271/3103
f 3384/1278/3108 3386/1275/2797 3385/1273/3107
f 3387/1276/3109 3386/1275/2797 3384/1278/3108
f 3388/1280/3110 3387/1276/3109 3389/1277/3111
f 3384/1278/3108 3389/1277/3111 3387/1276/3109
f 3389/1277/3111 3390/1279/3112 3388/1280/3110
f 3392/1283/3113 3388/1280/3110 3390/1279/3112
f 3390/1279/3112 3391/1281/3114 3392/1283/3113
f 3393/1284/3115 3392/1283/3113 3391/1281/3114
f 3391/1281/3114 3394/1282/3116 3393/1284/3115
f 3395/1286/3117 3393/1284/3115 3394/1282/3116
f 3396/1284/3118 3395/1286/3117 3397/1285/3119
f 3394/1282/3116 3397/1285/3119 3395/1286/3117
f 3399/1245/3120 3398/1282/3075 3397/1285/3119
f 3397/1285/3119 3398/1282/3075 3396/1284/3118
f 3397/1285/3119 3400/1244/2794 3399/1245/3120
f 3400/1244/2794 3397/1285/3119 3394/1282/3116
f 3352/1242/3076 3399/1245/3120 3400/1244/2794
f 3400/1244/2794 3350/1241/3075 3352/1242/3076
f 3394/1282/3116 3401/1245/3121 3400/1244/2794
f 3350/1241/3075 3400/1244/2794 3401/1245/3121
f 3401/1245/3121 3354/1242/3078 3350/1241/3075
f 3402/1283/3122 3396/1284/3118 3398/1282/3075
f 3398/1282/3075 3403/1281/2799 3402/1283/3122
f 3404/1280/3079 3402/1283/3122 3403/1281/2799
f 3403/1281/2799 3405/1279/3123 3404/1280/3079
f 3406/1276/3084 3404/1280/3079 3405/1279/3123
f 3405/1279/3123 3407/1277/3124 3406/1276/3084
f 3407/1277/3124 3408/1278/3125 3409/1275/3115
f 3409/1275/3115 3406/1276/3084 3407/1277/3124
f 3411/1274/3126 3410/1273/3127 3409/1275/3115
f 3409/1275/3115 3408/1278/3125 3411/1274/3126
f 3410/1273/3127 3411/1274/3126 3412/1272/2793
f 3412/1272/2793 3413/1270/3128 3414/1269/3129
f 3414/1269/3129 3415/1271/3130 3412/1272/2793
f 3412/1272/2793 3415/1271/3130 3410/1273/3127
f 3414/1269/3129 3413/1270/3128 3417/1267/2799
f 3417/1267/2799 3416/1268/3131 3414/1269/3129
f 3419/1265/3132 3416/1268/3131 3417/1267/2799
f 3417/1267/2799 3418/1266/3133 3419/1265/3132
f 3419/1265/3132 3418/1266/3133 3421/1264/3134
f 3421/1264/3134 3420/1263/3135 3419/1265/3132
f 3420/1263/3135 3421/1264/3134 3422/1261/3136
f 3423/1259/3137 3424/1262/3138 3422/1261/3136
f 3422/1261/3136 3425/1260/3139 3423/1259/3137
f 3422/1261/3136 3424/1262/3138 3420/1263/3135
f 3423/1259/3137 3425/1260/3139 3426/1256/3140
f 3426/1256/3140 3427/1257/3141 3429/1255/3142
f 3426/1256/3140 3428/1258/3143 3423/1259/3137
f 3429/1255/3142 3428/1258/3143 3426/1256/3140
f 3431/1254/3144 3430/1253/3145 3429/1255/3142
f 3429/1255/3142 3427/1257/3141 3431/1254/3144
f 3430/1253/3145 3431/1254/3144 3432/1252/3146
f 3432/1252/3146 3435/1249/3147 3433/1250/2792
f 3433/1250/2792 3434/1251/3148 3432/1252/3146
f 3432/1252/3146 3434/1251/3148 3430/1253/3145
f 3437/1248/3149 3433/1250/2792 3435/1249/3147
f 3435/1249/3147 3436/1247/3150 3437/1248/3149
f 3438/1246/3151 3437/1248/3149 3436/1247/3150
f 3351/1239/3077 3438/1246/3151 3439/1243/3152
f 3436/1247/3150 3439/1243/3152 3438/1246/3151
f 3439/1243/3152 3352/1242/3076 3351/1239/3077
f 3441/1389/3153 3443/1390/3154 3440/1391/3155
f 3440/1391/3155 3442/1392/3155 3441/1389/3153
f 3442/1392/3155 3440/1391/3155 3444/1390/3156
f 3446/1389/3157 3444/1390/3156 3445/1393/3158
f 3444/1390/3156 3446/1389/3157 3442/1392/3155
f 3445/1393/3158 3447/1394/3159 3446/1389/3157
f 3447/1394/3159 3445/1393/3158 3448/1395/3160
f 3448/1395/3160 3449/1396/3161 3447/1394/3159
f 3449/1396/3161 3448/1395/3160 3450/1397/3162
f 3450/1397/3162 3451/1398/3163 3449/1396/3161
f 3453/1399/3164 3452/1400/3164 3451/1398/3163
f 3451/1398/3163 3450/1397/3162 3453/1399/3164
f 3452/1400/3164 3453/1399/3164 3454/1397/3165
f 3456/1398/3166 3454/1397/3165 3455/1395/3167
f 3454/1397/3165 3456/1398/3166 3452/1400/3164
f 3455/1395/3167 3457/1396/3168 3456/1398/3166
f 3457/1396/3168 3455/1395/3167 3458/1393/3169
f 3458/1393/3169 3459/1394/3170 3457/1396/3168
f 3459/1394/3170 3458/1393/3169 3443/1390/3154
f 3443/1390/3154 3441/1389/3153 3459/1394/3170
f 3466/1401/2804 3460/1402/2803 3461/1403/3171
f 3464/1404/3171 3461/1403/3171 3460/1402/2803
f 3465/1405/3172 3462/1406/2889 3460/1402/2803
f 3463/1401/2854 3460/1402/2803 3462/1406/2889
f 3460/1402/2803 3463/1401/2854 3464/1404/3171
f 3460/1402/2803 3466/1401/2804 3465/1405/3172
f 3461/1403/3171 3467/1404/3171 3466/1401/2804
f 3469/1407/3171 3468/1408/3173 3467/1404/3171
f 3467/1404/3171 3461/1403/3171 3469/1407/3171
f 3470/1408/2802 3469/1407/3171 3461/1403/3171
f 3461/1403/3171 3464/1404/3171 3470/1408/2802
f 3462/1406/2889 3471/1405/3174 3463/1401/2854
f 3472/1409/3175 3474/1406/3176 3473/1405/3177
f 3473/1405/3177 3478/1410/3178 3472/1409/3175
f 3474/1406/3176 3472/1409/3175 3477/1410/3179
f 3475/1402/3180 3472/1409/3175 3478/1410/3178
f 3472/1409/3175 3475/1402/3180 3476/1411/3181
f 3476/1411/3181 3477/1410/3179 3472/1409/3175
f 3478/1410/3178 3479/1411/3182 3475/1402/3180
f 3480/1412/3183 3479/1411/3182 3478/1410/3178
f 3478/1410/3178 3473/1405/3177 3480/1412/3183
f 3479/1411/3182 3480/1412/3183 3481/1413/3184
f 3482/1414/3185 3481/1413/3184 3483/1408/3186
f 3481/1413/3184 3482/1414/3185 3479/1411/3182
f 3485/1415/3187 3483/1408/3186 3484/1416/3188
f 3483/1408/3186 3485/1415/3187 3482/1414/3185
f 3484/1416/3188 3486/1417/3189 3485/1415/3187
f 3485/1415/3187 3486/1417/3189 3487/1403/3190
f 3487/1403/3190 3482/1414/3185 3485/1415/3187
f 3487/1403/3190 3475/1402/3180 3479/1411/3182
f 3475/1402/3180 3487/1403/3190 3488/1414/3191
f 3488/1414/3191 3487/1403/3190 3486/1417/3189
f 3479/1411/3182 3482/1414/3185 3487/1403/3190
f 3486/1417/3189 3491/1415/3192 3488/1414/3191
f 3488/1414/3191 3476/1411/3181 3475/1402/3180
f 3489/1412/3193 3476/1411/3181 3488/1414/3191
f 3488/1414/3191 3490/1413/3194 3489/1412/3193
f 3490/1413/3194 3488/1414/3191 3491/1415/3192
f 3491/1415/3192 3492/1408/3195 3490/1413/3194
f 3492/1408/3195 3491/1415/3192 3486/1417/3189
f 3486/1417/3189 3484/1416/3188 3492/1408/3195
f 3476/1411/3181 3489/1412/3193 3493/1405/3196
f 3477/1410/3179 3493/1405/3196 3474/1406/3176
f 3493/1405/3196 3477/1410/3179 3476/1411/3181
s 0
usemtl 白楼剣鞘、柄、鍔
f 3496/1418/2727 3495/1419/2727 3494/1420/2727
f 3496/1418/3197 3498/1421/3197 3497/1422/3197
f 3494/1420/3198 3499/1423/3198 3496/1418/3198
f 3499/1423/3198 3498/1421/3198 3496/1418/3198
f 3498/1421/3197 3500/1424/3197 3497/1422/3197
f 3500/1424/3199 3501/1425/3199 3495/1419/3199
f 3497/1422/3199 3500/1424/3199 3495/1419/3199
f 3495/1419/3200 3501/1425/3200 3494/1420/3200
f 3501/1425/3200 3499/1423/3200 3494/1420/3200
f 3496/1418/2727 3497/1422/2727 3495/1419/2727
f 3504/1419/3201 3503/1425/3201 3502/1423/3201
f 3505/1420/3201 3504/1419/3201 3502/1423/3201
f 3505/1420/3202 3502/1423/3202 3506/1421/3202
f 3507/1418/3202 3505/1420/3202 3506/1421/3202
f 3507/1418/3203 3506/1421/3203 3508/1424/3203
f 3509/1422/3204 3508/1424/3204 3503/1425/3204
f 3509/1422/3203 3507/1418/3203 3508/1424/3203
f 3504/1419/3204 3509/1422/3204 3503/1425/3204
f 3507/1418/2628 3509/1422/2628 3504/1419/2628
f 3507/1418/2628 3504/1419/2628 3505/1420/2628
s 1
usemtl 白楼剣鞘、柄、鍔.003
f 3515/1426/3205 3511/1427/3206 3510/1428/3207
f 3516/1429/3208 3510/1428/3207 3511/1427/3206
f 3514/1429/3209 3510/1428/3207 3512/1379/3210
f 3513/1380/3211 3512/1379/3210 3510/1428/3207
f 3510/1428/3207 3516/1429/3208 3513/1380/3211
f 3510/1428/3207 3514/1429/3209 3515/1426/3205
f 3517/1386/3212 3513/1380/3211 3516/1429/3208
f 3516/1429/3208 3519/1430/3213 3517/1386/3212
f 3519/1430/3213 3516/1429/3208 3518/1426/3214
f 3511/1427/3206 3518/1426/3214 3516/1429/3208
f 3518/1426/3214 3522/1431/3215 3519/1430/3213
f 3519/1430/3213 3522/1431/3215 3520/1432/3216
f 3520/1432/3216 3521/1433/3217 3519/1430/3213
f 3519/1430/3213 3521/1433/3217 3523/1384/3218
f 3523/1384/3218 3517/1386/3212 3519/1430/3213
f 3524/1388/3219 3523/1384/3218 3521/1433/3217
f 3526/1384/3220 3524/1388/3219 3525/1434/3221
f 3521/1433/3217 3525/1434/3221 3524/1388/3219
f 3525/1434/3221 3527/1433/3222 3526/1384/3220
f 3528/1386/3223 3526/1384/3220 3527/1433/3222
f 3529/1380/3224 3528/1386/3223 3530/1430/3225
f 3527/1433/3222 3530/1430/3225 3528/1386/3223
f 3530/1430/3225 3514/1429/3209 3529/1380/3224
f 3514/1429/3209 3530/1430/3225 3531/1431/3226
f 3531/1431/3226 3530/1430/3225 3527/1433/3222
f 3534/1435/3227 3532/1436/3228 3531/1431/3226
f 3531/1431/3226 3532/1436/3228 3535/1437/3229
f 3527/1433/3222 3533/1432/3230 3531/1431/3226
f 3531/1431/3226 3533/1432/3230 3534/1435/3227
f 3531/1431/3226 3515/1426/3205 3514/1429/3209
f 3535/1437/3229 3515/1426/3205 3531/1431/3226
f 3536/1438/3231 3535/1437/3229 3532/1436/3228
f 3537/1439/3232 3535/1437/3229 3536/1438/3231
f 3511/1427/3206 3515/1426/3205 3535/1437/3229
f 3535/1437/3229 3537/1439/3232 3511/1427/3206
f 3536/1438/3231 3538/1440/3233 3537/1439/3232
f 3539/1437/3234 3537/1439/3232 3538/1440/3233
f 3518/1426/3214 3511/1427/3206 3537/1439/3232
f 3537/1439/3232 3539/1437/3234 3518/1426/3214
f 3539/1437/3234 3540/1438/3235 3542/1441/3236
f 3538/1440/3233 3540/1438/3235 3539/1437/3234
f 3518/1426/3214 3539/1437/3234 3541/1436/3237
f 3542/1441/3236 3541/1436/3237 3539/1437/3234
f 3543/1442/3238 3542/1441/3236 3540/1438/3235
f 3544/1435/3239 3541/1436/3237 3542/1441/3236
f 3545/1443/3240 3542/1441/3236 3543/1442/3238
f 3542/1441/3236 3545/1443/3240 3544/1435/3239
f 3546/1444/3241 3548/1445/3242 3545/1443/3240
f 3545/1443/3240 3547/1446/3243 3546/1444/3241
f 3543/1442/3238 3547/1446/3243 3545/1443/3240
f 3544/1435/3239 3545/1443/3240 3548/1445/3242
f 3549/1447/3244 3548/1445/3242 3551/1443/3245
f 3548/1445/3242 3549/1447/3244 3544/1435/3239
f 3548/1445/3242 3546/1444/3241 3550/1446/3246
f 3550/1446/3246 3551/1443/3245 3548/1445/3242
f 3552/1441/3247 3551/1443/3245 3550/1446/3246
f 3551/1443/3245 3552/1441/3247 3532/1436/3228
f 3532/1436/3228 3534/1435/3227 3551/1443/3245
f 3551/1443/3245 3534/1435/3227 3549/1447/3244
f 3554/1448/3248 3536/1438/3231 3552/1441/3247
f 3532/1436/3228 3552/1441/3247 3536/1438/3231
f 3550/1446/3246 3553/1442/3249 3552/1441/3247
f 3552/1441/3247 3553/1442/3249 3554/1448/3248
f 3555/1449/3250 3554/1448/3248 3556/1450/3251
f 3554/1448/3248 3555/1449/3250 3538/1440/3233
f 3538/1440/3233 3536/1438/3231 3554/1448/3248
f 3556/1450/3251 3554/1448/3248 3553/1442/3249
f 3556/1450/3251 3559/1451/3252 3555/1449/3250
f 3557/1452/3253 3556/1450/3251 3558/1453/3254
f 3559/1451/3252 3556/1450/3251 3557/1452/3253
f 3553/1442/3249 3558/1453/3254 3556/1450/3251
f 3557/1452/3253 3560/1454/3255 3559/1451/3252
f 3561/1450/3256 3559/1451/3252 3560/1454/3255
f 3562/1448/3257 3555/1449/3250 3559/1451/3252
f 3559/1451/3252 3561/1450/3256 3562/1448/3257
f 3555/1449/3250 3562/1448/3257 3540/1438/3235
f 3562/1448/3257 3561/1450/3256 3563/1453/3258
f 3540/1438/3235 3562/1448/3257 3543/1442/3238
f 3563/1453/3258 3543/1442/3238 3562/1448/3257
f 3565/1455/3259 3563/1453/3258 3564/1456/3260
f 3564/1456/3260 3563/1453/3258 3561/1450/3256
f 3563/1453/3258 3565/1455/3259 3547/1446/3243
f 3547/1446/3243 3543/1442/3238 3563/1453/3258
f 3564/1456/3260 3568/1457/3261 3565/1455/3259
f 3547/1446/3243 3565/1455/3259 3566/1458/3262
f 3567/1459/3263 3566/1458/3262 3565/1455/3259
f 3565/1455/3259 3568/1457/3261 3567/1459/3263
f 3568/1457/3261 3564/1456/3260 3569/1460/3264
f 3570/1461/3265 3567/1459/3263 3568/1457/3261
f 3569/1460/3264 3571/1462/3266 3568/1457/3261
f 3568/1457/3261 3571/1462/3266 3570/1461/3265
f 3572/1463/3267 3570/1461/3265 3571/1462/3266
f 3571/1462/3266 3573/1464/3268 3572/1463/3267
f 3574/1465/3269 3573/1464/3268 3571/1462/3266
f 3571/1462/3266 3569/1460/3264 3574/1465/3269
f 3574/1465/3269 3569/1460/3264 3575/1466/3270
f 3575/1466/3270 3577/1467/3271 3574/1465/3269
f 3573/1464/3268 3574/1465/3269 3576/1468/3272
f 3576/1468/3272 3574/1465/3269 3577/1467/3271
f 3577/1467/3271 3578/1469/3273 3580/1470/3274
f 3578/1469/3273 3577/1467/3271 3575/1466/3270
f 3577/1467/3271 3579/1471/3275 3576/1468/3272
f 3580/1470/3274 3579/1471/3275 3577/1467/3271
f 3583/1472/3276 3581/1473/3277 3580/1470/3274
f 3579/1471/3275 3580/1470/3274 3581/1473/3277
f 3582/1471/3278 3580/1470/3274 3578/1469/3273
f 3580/1470/3274 3582/1471/3278 3583/1472/3276
f 3584/1474/3279 3583/1472/3276 3586/1475/3280
f 3581/1473/3277 3583/1472/3276 3584/1474/3279
f 3583/1472/3276 3582/1471/3278 3585/1468/3281
f 3585/1468/3281 3586/1475/3280 3583/1472/3276
f 3589/1476/3282 3586/1475/3280 3585/1468/3281
f 3586/1475/3280 3587/1477/3283 3584/1474/3279
f 3588/1478/3284 3587/1477/3283 3586/1475/3280
f 3586/1475/3280 3589/1476/3282 3588/1478/3284
f 3585/1468/3281 3592/1479/3285 3589/1476/3282
f 3590/1480/3286 3591/1481/3287 3589/1476/3282
f 3589/1476/3282 3592/1479/3285 3590/1480/3286
f 3588/1478/3284 3589/1476/3282 3591/1481/3287
f 3572/1463/3267 3590/1480/3286 3592/1479/3285
f 3592/1479/3285 3593/1464/3288 3572/1463/3267
f 3592/1479/3285 3585/1468/3281 3594/1465/3289
f 3594/1465/3289 3593/1464/3288 3592/1479/3285
f 3594/1465/3289 3585/1468/3281 3582/1471/3278
f 3582/1471/3278 3596/1467/3290 3594/1465/3289
f 3593/1464/3288 3594/1465/3289 3595/1460/3291
f 3595/1460/3291 3594/1465/3289 3596/1467/3290
f 3578/1469/3273 3596/1467/3290 3582/1471/3278
f 3596/1467/3290 3578/1469/3273 3597/1482/3292
f 3597/1482/3292 3598/1466/3293 3596/1467/3290
f 3596/1467/3290 3598/1466/3293 3595/1460/3291
f 3598/1466/3293 3557/1452/3253 3599/1456/3294
f 3599/1456/3294 3595/1460/3291 3598/1466/3293
f 3560/1454/3255 3557/1452/3253 3598/1466/3293
f 3598/1466/3293 3597/1482/3292 3560/1454/3255
f 3601/1457/3295 3599/1456/3294 3558/1453/3254
f 3558/1453/3254 3599/1456/3294 3557/1452/3253
f 3600/1462/3296 3595/1460/3291 3599/1456/3294
f 3599/1456/3294 3601/1457/3295 3600/1462/3296
f 3558/1453/3254 3602/1455/3297 3601/1457/3295
f 3566/1458/3262 3567/1459/3263 3601/1457/3295
f 3601/1457/3295 3602/1455/3297 3566/1458/3262
f 3600/1462/3296 3601/1457/3295 3567/1459/3263
f 3602/1455/3297 3558/1453/3254 3553/1442/3249
f 3546/1444/3241 3566/1458/3262 3602/1455/3297
f 3602/1455/3297 3550/1446/3246 3546/1444/3241
f 3553/1442/3249 3550/1446/3246 3602/1455/3297
f 3595/1460/3291 3600/1462/3296 3593/1464/3288
f 3593/1464/3288 3600/1462/3296 3570/1461/3265
f 3567/1459/3263 3570/1461/3265 3600/1462/3296
f 3575/1466/3270 3597/1482/3292 3578/1469/3273
f 3597/1482/3292 3575/1466/3270 3603/1452/3298
f 3603/1452/3298 3560/1454/3255 3597/1482/3292
f 3603/1452/3298 3575/1466/3270 3569/1460/3264
f 3569/1460/3264 3564/1456/3260 3603/1452/3298
f 3561/1450/3256 3603/1452/3298 3564/1456/3260
f 3560/1454/3255 3603/1452/3298 3561/1450/3256
f 3570/1461/3265 3572/1463/3267 3593/1464/3288
f 3591/1481/3287 3590/1480/3286 3605/1479/3299
f 3591/1481/3287 3604/1483/3300 3588/1478/3284
f 3604/1483/3300 3591/1481/3287 3606/1476/3301
f 3605/1479/3299 3606/1476/3301 3591/1481/3287
f 3606/1476/3301 3607/1475/3302 3608/1477/3303
f 3607/1475/3302 3606/1476/3301 3605/1479/3299
f 3608/1477/3303 3609/1478/3304 3606/1476/3301
f 3606/1476/3301 3609/1478/3304 3604/1483/3300
f 3610/1484/3305 3604/1483/3300 3609/1478/3304
f 3609/1478/3304 3611/1485/3306 3610/1484/3305
f 3612/1486/3307 3611/1485/3306 3609/1478/3304
f 3609/1478/3304 3608/1477/3303 3612/1486/3307
f 3612/1486/3307 3608/1477/3303 3613/1474/3308
f 3613/1474/3308 3615/1487/3309 3612/1486/3307
f 3611/1485/3306 3612/1486/3307 3614/1488/3310
f 3614/1488/3310 3612/1486/3307 3615/1487/3309
f 3615/1487/3309 3616/1489/3311 3618/1490/3312
f 3616/1489/3311 3615/1487/3309 3613/1474/3308
f 3615/1487/3309 3617/1491/3313 3614/1488/3310
f 3618/1490/3312 3617/1491/3313 3615/1487/3309
f 3619/1492/3314 3617/1491/3313 3618/1490/3312
f 3621/1491/3315 3618/1490/3312 3616/1489/3311
f 3618/1490/3312 3620/1493/3316 3619/1492/3314
f 3620/1493/3316 3618/1490/3312 3621/1491/3315
f 3616/1489/3311 3622/1487/3317 3621/1491/3315
f 3621/1491/3315 3622/1487/3317 3625/1486/3318
f 3624/1492/3319 3621/1491/3315 3623/1488/3320
f 3625/1486/3318 3623/1488/3320 3621/1491/3315
f 3621/1491/3315 3624/1492/3319 3620/1493/3316
f 3626/1485/3321 3625/1486/3318 3587/1477/3283
f 3587/1477/3283 3625/1486/3318 3622/1487/3317
f 3625/1486/3318 3626/1485/3321 3627/1494/3322
f 3627/1494/3322 3623/1488/3320 3625/1486/3318
f 3631/1495/3323 3623/1488/3320 3627/1494/3322
f 3610/1484/3305 3628/1496/3324 3627/1494/3322
f 3627/1494/3322 3626/1485/3321 3610/1484/3305
f 3627/1494/3322 3628/1496/3324 3629/1497/3325
f 3629/1497/3325 3630/1498/3326 3627/1494/3322
f 3627/1494/3322 3630/1498/3326 3631/1495/3323
f 3632/1499/3327 3624/1492/3319 3631/1495/3323
f 3623/1488/3320 3631/1495/3323 3624/1492/3319
f 3632/1499/3327 3631/1495/3323 3630/1498/3326
f 3632/1499/3327 3620/1493/3316 3624/1492/3319
f 3619/1492/3314 3620/1493/3316 3632/1499/3327
f 3629/1497/3325 3633/1498/3328 3632/1499/3327
f 3633/1498/3328 3634/1495/3329 3632/1499/3327
f 3632/1499/3327 3630/1498/3326 3629/1497/3325
f 3634/1495/3329 3619/1492/3314 3632/1499/3327
f 3617/1491/3313 3619/1492/3314 3634/1495/3329
f 3634/1495/3329 3614/1488/3310 3617/1491/3313
f 3614/1488/3310 3634/1495/3329 3633/1498/3328
f 3633/1498/3328 3635/1494/3330 3614/1488/3310
f 3628/1496/3324 3635/1494/3330 3633/1498/3328
f 3633/1498/3328 3629/1497/3325 3628/1496/3324
f 3614/1488/3310 3635/1494/3330 3611/1485/3306
f 3611/1485/3306 3635/1494/3330 3628/1496/3324
f 3628/1496/3324 3610/1484/3305 3611/1485/3306
f 3587/1477/3283 3588/1478/3284 3626/1485/3321
f 3626/1485/3321 3588/1478/3284 3604/1483/3300
f 3604/1483/3300 3610/1484/3305 3626/1485/3321
f 3622/1487/3317 3616/1489/3311 3636/1500/3331
f 3636/1500/3331 3584/1474/3279 3622/1487/3317
f 3622/1487/3317 3584/1474/3279 3587/1477/3283
f 3613/1474/3308 3636/1500/3331 3616/1489/3311
f 3584/1474/3279 3636/1500/3331 3581/1473/3277
f 3637/1472/3332 3581/1473/3277 3636/1500/3331
f 3636/1500/3331 3613/1474/3308 3637/1472/3332
f 3637/1472/3332 3613/1474/3308 3608/1477/3303
f 3579/1471/3275 3637/1472/3332 3607/1475/3302
f 3581/1473/3277 3637/1472/3332 3579/1471/3275
f 3608/1477/3303 3607/1475/3302 3637/1472/3332
f 3605/1479/3299 3576/1468/3272 3607/1475/3302
f 3607/1475/3302 3576/1468/3272 3579/1471/3275
f 3576/1468/3272 3605/1479/3299 3573/1464/3268
f 3573/1464/3268 3605/1479/3299 3590/1480/3286
f 3590/1480/3286 3572/1463/3267 3573/1464/3268
f 3566/1458/3262 3546/1444/3241 3547/1446/3243
f 3540/1438/3235 3538/1440/3233 3555/1449/3250
f 3638/1501/3333 3549/1447/3244 3534/1435/3227
f 3549/1447/3244 3638/1501/3333 3520/1432/3216
f 3520/1432/3216 3544/1435/3239 3549/1447/3244
f 3520/1432/3216 3638/1501/3333 3525/1434/3221
f 3638/1501/3333 3533/1432/3230 3527/1433/3222
f 3534/1435/3227 3533/1432/3230 3638/1501/3333
f 3527/1433/3222 3525/1434/3221 3638/1501/3333
f 3541/1436/3237 3544/1435/3239 3520/1432/3216
f 3520/1432/3216 3522/1431/3215 3541/1436/3237
f 3541/1436/3237 3522/1431/3215 3518/1426/3214
f 3512/1379/3210 3529/1380/3224 3514/1429/3209
f 3525/1434/3221 3521/1433/3217 3520/1432/3216
f 3639/1502/3334 3640/1502/3335 3641/1503/3336
f 3640/1502/3335 3639/1502/3334 3642/1504/3337
f 3641/1503/3336 3643/1503/3338 3639/1502/3334
f 3643/1503/3338 3641/1503/3336 3645/1502/3339
f 3645/1502/3339 3644/1502/3340 3643/1503/3338
f 3646/1505/3341 3648/1504/3342 3645/1502/3339
f 3645/1502/3339 3647/1506/3343 3646/1505/3341
f 3644/1502/3340 3645/1502/3339 3648/1504/3342
f 3649/1507/3344 3647/1506/3343 3645/1502/3339
f 3645/1502/3339 3641/1503/3336 3649/1507/3344
f 3651/1508/3345 3649/1507/3344 3650/1506/3346
f 3650/1506/3346 3649/1507/3344 3641/1503/3336
f 3649/1507/3344 3651/1508/3345 3652/1509/3347
f 3652/1509/3347 3647/1506/3343 3649/1507/3344
f 3652/1509/3347 3654/1510/3348 3646/1505/3341
f 3646/1505/3341 3647/1506/3343 3652/1509/3347
f 3653/1509/3349 3652/1509/3347 3651/1508/3345
f 3652/1509/3347 3653/1509/3349 3655/1510/3350
f 3655/1510/3350 3654/1510/3348 3652/1509/3347
f 3654/1510/3348 3655/1510/3350 3656/1511/3351
f 3657/1511/3352 3656/1511/3351 3658/1512/3353
f 3656/1511/3351 3657/1511/3352 3654/1510/3348
f 3660/1512/3354 3658/1512/3353 3659/1511/3355
f 3658/1512/3353 3660/1512/3354 3657/1511/3352
f 3660/1512/3354 3661/1511/3356 3662/1513/3357
f 3659/1511/3355 3661/1511/3356 3660/1512/3354
f 3657/1511/3352 3660/1512/3354 3663/1514/3358
f 3662/1513/3357 3663/1514/3358 3660/1512/3354
f 3663/1514/3358 3666/1515/3359 3664/1516/3360
f 3664/1516/3360 3665/1513/3361 3663/1514/3358
f 3663/1514/3358 3665/1513/3361 3657/1511/3352
f 3666/1515/3359 3663/1514/3358 3662/1513/3357
f 3666/1515/3359 3667/1515/3362 3668/1516/3363
f 3667/1515/3362 3666/1515/3359 3669/1516/3364
f 3662/1513/3357 3669/1516/3364 3666/1515/3359
f 3668/1516/3363 3664/1516/3360 3666/1515/3359
f 3669/1516/3364 3671/1516/3365 3667/1515/3362
f 3672/1505/3366 3670/1504/3367 3669/1516/3364
f 3671/1516/3365 3669/1516/3364 3670/1504/3367
f 3669/1516/3364 3662/1513/3357 3672/1505/3366
f 3661/1511/3356 3673/1510/3368 3672/1505/3366
f 3650/1506/3346 3672/1505/3366 3673/1510/3368
f 3670/1504/3367 3672/1505/3366 3650/1506/3346
f 3672/1505/3366 3662/1513/3357 3661/1511/3356
f 3674/1510/3369 3673/1510/3368 3661/1511/3356
f 3673/1510/3368 3674/1510/3369 3676/1509/3370
f 3673/1510/3368 3675/1509/3371 3650/1506/3346
f 3676/1509/3370 3675/1509/3371 3673/1510/3368
f 3675/1509/3371 3676/1509/3370 3677/1508/3372
f 3677/1508/3372 3651/1508/3345 3675/1509/3371
f 3651/1508/3345 3677/1508/3372 3653/1509/3349
f 3650/1506/3346 3675/1509/3371 3651/1508/3345
f 3661/1511/3356 3659/1511/3355 3674/1510/3369
f 3670/1504/3367 3642/1504/3337 3671/1516/3365
f 3650/1506/3346 3640/1502/3335 3670/1504/3367
f 3642/1504/3337 3670/1504/3367 3640/1502/3335
f 3664/1516/3360 3668/1516/3363 3678/1504/3373
f 3648/1504/3342 3678/1504/3373 3644/1502/3340
f 3678/1504/3373 3648/1504/3342 3664/1516/3360
f 3648/1504/3342 3646/1505/3341 3665/1513/3361
f 3665/1513/3361 3646/1505/3341 3654/1510/3348
f 3665/1513/3361 3664/1516/3360 3648/1504/3342
f 3654/1510/3348 3657/1511/3352 3665/1513/3361
f 3641/1503/3336 3640/1502/3335 3650/1506/3346
f 3683/1517/3374 3680/1517/3375 3679/1518/3376
f 3682/1518/3377 3679/1518/3376 3681/1519/3378
f 3679/1518/3376 3682/1518/3377 3683/1517/3374
f 3683/1517/3374 3682/1518/3377 3686/1520/3379
f 3684/1521/3380 3683/1517/3374 3685/1522/3381
f 3680/1517/3375 3683/1517/3374 3684/1521/3380
f 3686/1520/3379 3685/1522/3381 3683/1517/3374
f 3687/1523/3382 3689/1524/3383 3686/1520/3379
f 3686/1520/3379 3688/1525/3384 3687/1523/3382
f 3691/1519/3385 3688/1525/3384 3686/1520/3379
f 3686/1520/3379 3682/1518/3377 3691/1519/3385
f 3690/1526/3386 3685/1522/3381 3686/1520/3379
f 3686/1520/3379 3689/1524/3383 3690/1526/3386
f 3681/1519/3378 3691/1519/3385 3682/1518/3377
f 3688/1525/3384 3691/1519/3385 3693/1518/3387
f 3691/1519/3385 3681/1519/3378 3692/1518/3388
f 3692/1518/3388 3693/1518/3387 3691/1519/3385
f 3693/1518/3387 3692/1518/3388 3694/1517/3389
f 3694/1517/3389 3695/1517/3390 3693/1518/3387
f 3693/1518/3387 3695/1517/3390 3697/1522/3391
f 3693/1518/3387 3696/1520/3392 3688/1525/3384
f 3697/1522/3391 3696/1520/3392 3693/1518/3387
f 3700/1526/3393 3697/1522/3391 3698/1527/3394
f 3698/1527/3394 3697/1522/3391 3695/1517/3390
f 3697/1522/3391 3700/1526/3393 3699/1524/3395
f 3699/1524/3395 3696/1520/3392 3697/1522/3391
f 3701/1524/3396 3699/1524/3395 3700/1526/3393
f 3700/1526/3393 3702/1526/3397 3701/1524/3396
f 3702/1526/3397 3700/1526/3393 3703/1528/3398
f 3698/1527/3394 3703/1528/3398 3700/1526/3393
f 3703/1528/3398 3698/1527/3394 3705/1529/3399
f 3704/1528/3400 3703/1528/3398 3706/1530/3401
f 3703/1528/3398 3704/1528/3400 3702/1526/3397
f 3705/1529/3399 3706/1530/3401 3703/1528/3398
f 3708/1527/3402 3707/1528/3403 3706/1530/3401
f 3709/1530/3404 3706/1530/3401 3707/1528/3403
f 3706/1530/3401 3705/1529/3399 3708/1527/3402
f 3706/1530/3401 3709/1530/3404 3704/1528/3400
f 3707/1528/3403 3710/1528/3405 3709/1530/3404
f 3710/1528/3405 3707/1528/3403 3690/1526/3386
f 3690/1526/3386 3711/1526/3406 3710/1528/3405
f 3689/1524/3383 3712/1524/3407 3711/1526/3406
f 3711/1526/3406 3690/1526/3386 3689/1524/3383
f 3712/1524/3407 3689/1524/3383 3687/1523/3382
f 3687/1523/3382 3713/1523/3408 3712/1524/3407
f 3713/1523/3408 3687/1523/3382 3699/1524/3395
f 3699/1524/3395 3701/1524/3396 3713/1523/3408
f 3714/1531/3409 3684/1521/3380 3708/1527/3402
f 3685/1522/3381 3708/1527/3402 3684/1521/3380
f 3708/1527/3402 3705/1529/3399 3714/1531/3409
f 3707/1528/3403 3708/1527/3402 3685/1522/3381
f 3715/1521/3410 3684/1521/3380 3714/1531/3409
f 3714/1531/3409 3716/1531/3411 3715/1521/3410
f 3716/1531/3411 3714/1531/3409 3717/1521/3412
f 3717/1521/3412 3714/1531/3409 3705/1529/3399
f 3695/1517/3390 3717/1521/3412 3698/1527/3394
f 3718/1521/3413 3717/1521/3412 3695/1517/3390
f 3705/1529/3399 3698/1527/3394 3717/1521/3412
f 3717/1521/3412 3718/1521/3413 3716/1531/3411
f 3695/1517/3390 3694/1517/3389 3718/1521/3413
f 3684/1521/3380 3715/1521/3410 3680/1517/3375
f 3685/1522/3381 3690/1526/3386 3707/1528/3403
f 3699/1524/3395 3687/1523/3382 3688/1525/3384
f 3688/1525/3384 3696/1520/3392 3699/1524/3395
f 3723/1532/3414 3720/1532/3415 3719/1533/3416
f 3722/1533/3417 3719/1533/3416 3721/1534/3418
f 3719/1533/3416 3722/1533/3417 3723/1532/3414
f 3720/1532/3415 3723/1532/3414 3724/1535/3419
f 3724/1535/3419 3723/1532/3414 3726/1536/3420
f 3723/1532/3414 3722/1533/3417 3725/1537/3421
f 3725/1537/3421 3726/1536/3420 3723/1532/3414
f 3726/1536/3420 3727/1538/3422 3729/1539/3423
f 3727/1538/3422 3726/1536/3420 3725/1537/3421
f 3726/1536/3420 3728/1540/3424 3724/1535/3419
f 3729/1539/3423 3728/1540/3424 3726/1536/3420
f 3730/1541/3425 3732/1541/3426 3729/1539/3423
f 3729/1539/3423 3731/1539/3427 3730/1541/3425
f 3731/1539/3427 3729/1539/3423 3727/1538/3422
f 3728/1540/3424 3729/1539/3423 3732/1541/3426
f 3732/1541/3426 3730/1541/3425 3733/1539/3428
f 3733/1539/3428 3734/1539/3429 3732/1541/3426
f 3735/1542/3430 3732/1541/3426 3734/1539/3429
f 3732/1541/3426 3735/1542/3430 3728/1540/3424
f 3728/1540/3424 3735/1542/3430 3738/1543/3431
f 3734/1539/3429 3736/1540/3432 3735/1542/3430
f 3735/1542/3430 3736/1540/3432 3737/1544/3433
f 3737/1544/3433 3738/1543/3431 3735/1542/3430
f 3738/1543/3431 3739/1544/3434 3728/1540/3424
f 3740/1544/3435 3739/1544/3434 3738/1543/3431
f 3738/1543/3431 3741/1543/3436 3740/1544/3435
f 3741/1543/3436 3738/1543/3431 3737/1544/3433
f 3737/1544/3433 3742/1544/3437 3741/1543/3436
f 3736/1540/3432 3734/1539/3429 3743/1538/3438
f 3743/1538/3438 3746/1536/3439 3736/1540/3432
f 3744/1532/3440 3745/1535/3441 3736/1540/3432
f 3736/1540/3432 3746/1536/3439 3744/1532/3440
f 3746/1536/3439 3743/1538/3438 3747/1545/3442
f 3747/1545/3442 3749/1537/3443 3746/1536/3439
f 3748/1533/3444 3744/1532/3440 3746/1536/3439
f 3746/1536/3439 3749/1537/3443 3748/1533/3444
f 3750/1546/3445 3749/1537/3443 3747/1545/3442
f 3748/1533/3444 3749/1537/3443 3750/1546/3445
f 3750/1546/3445 3751/1534/3446 3748/1533/3444
f 3747/1545/3442 3752/1547/3447 3750/1546/3445
f 3751/1534/3446 3750/1546/3445 3725/1537/3421
f 3725/1537/3421 3750/1546/3445 3752/1547/3447
f 3753/1545/3448 3754/1545/3449 3752/1547/3447
f 3752/1547/3447 3755/1547/3450 3753/1545/3448
f 3752/1547/3447 3754/1545/3449 3725/1537/3421
f 3755/1547/3450 3752/1547/3447 3747/1545/3442
f 3747/1545/3442 3756/1545/3451 3755/1547/3450
f 3743/1538/3438 3757/1538/3452 3756/1545/3451
f 3756/1545/3451 3747/1545/3442 3743/1538/3438
f 3734/1539/3429 3733/1539/3428 3757/1538/3452
f 3757/1538/3452 3743/1538/3438 3734/1539/3429
f 3725/1537/3421 3754/1545/3449 3727/1538/3422
f 3754/1545/3449 3753/1545/3448 3758/1538/3453
f 3758/1538/3453 3727/1538/3422 3754/1545/3449
f 3727/1538/3422 3758/1538/3453 3731/1539/3427
f 3725/1537/3421 3722/1533/3417 3751/1534/3446
f 3751/1534/3446 3721/1534/3418 3759/1533/3454
f 3759/1533/3454 3748/1533/3444 3751/1534/3446
f 3721/1534/3418 3751/1534/3446 3722/1533/3417
f 3748/1533/3444 3759/1533/3454 3760/1532/3455
f 3744/1532/3440 3760/1532/3455 3761/1535/3456
f 3760/1532/3455 3744/1532/3440 3748/1533/3444
f 3761/1535/3456 3745/1535/3441 3744/1532/3440
f 3724/1535/3419 3762/1535/3457 3720/1532/3415
f 3764/1548/3458 3763/1548/3459 3767/1549/3460
f 3763/1548/3459 3764/1548/3458 3765/1550/3461
f 3765/1550/3461 3766/1550/3462 3763/1548/3459
f 3769/1549/3463 3767/1549/3460 3768/1548/3464
f 3767/1549/3460 3769/1549/3463 3764/1548/3458
f 3771/1551/3465 3764/1548/3458 3769/1549/3463
f 3772/1552/3466 3769/1549/3463 3770/1548/3467
f 3768/1548/3464 3770/1548/3467 3769/1549/3463
f 3769/1549/3463 3772/1552/3466 3771/1551/3465
f 3774/1553/3468 3773/1554/3469 3772/1552/3466
f 3771/1551/3465 3772/1552/3466 3773/1554/3469
f 3770/1548/3467 3775/1551/3470 3772/1552/3466
f 3772/1552/3466 3775/1551/3470 3774/1553/3468
f 3774/1553/3468 3775/1551/3470 3776/1555/3471
f 3776/1555/3471 3775/1551/3470 3770/1548/3467
f 3778/1556/3472 3776/1555/3471 3777/1550/3473
f 3770/1548/3467 3777/1550/3473 3776/1555/3471
f 3776/1555/3471 3779/1557/3474 3774/1553/3468
f 3779/1557/3474 3776/1555/3471 3778/1556/3472
f 3780/1553/3475 3774/1553/3468 3779/1557/3474
f 3779/1557/3474 3782/1557/3476 3780/1553/3475
f 3778/1556/3472 3781/1558/3477 3779/1557/3474
f 3782/1557/3476 3779/1557/3474 3781/1558/3477
f 3781/1558/3477 3783/1558/3478 3782/1557/3476
f 3783/1558/3478 3781/1558/3477 3785/1559/3479
f 3785/1559/3479 3784/1559/3480 3783/1558/3478
f 3787/1556/3481 3786/1558/3482 3785/1559/3479
f 3784/1559/3480 3785/1559/3479 3786/1558/3482
f 3788/1560/3483 3785/1559/3479 3781/1558/3477
f 3785/1559/3479 3788/1560/3483 3787/1556/3481
f 3790/1561/3484 3789/1562/3485 3788/1560/3483
f 3787/1556/3481 3788/1560/3483 3789/1562/3485
f 3781/1558/3477 3778/1556/3472 3788/1560/3483
f 3788/1560/3483 3778/1556/3472 3790/1561/3484
f 3777/1550/3473 3790/1561/3484 3778/1556/3472
f 3792/1561/3486 3790/1561/3484 3777/1550/3473
f 3790/1561/3484 3792/1561/3486 3791/1562/3487
f 3791/1562/3487 3789/1562/3485 3790/1561/3484
f 3777/1550/3473 3793/1550/3488 3792/1561/3486
f 3770/1548/3467 3768/1548/3464 3793/1550/3488
f 3793/1550/3488 3777/1550/3473 3770/1548/3467
f 3789/1562/3485 3791/1562/3487 3794/1561/3489
f 3794/1561/3489 3795/1561/3490 3789/1562/3485
f 3795/1561/3490 3794/1561/3489 3766/1550/3462
f 3795/1561/3490 3765/1550/3461 3796/1555/3491
f 3796/1555/3491 3787/1556/3481 3795/1561/3490
f 3789/1562/3485 3795/1561/3490 3787/1556/3481
f 3766/1550/3462 3765/1550/3461 3795/1561/3490
f 3786/1558/3482 3787/1556/3481 3796/1555/3491
f 3796/1555/3491 3797/1557/3492 3786/1558/3482
f 3771/1551/3465 3796/1555/3491 3765/1550/3461
f 3797/1557/3492 3796/1555/3491 3771/1551/3465
f 3798/1558/3493 3786/1558/3482 3797/1557/3492
f 3797/1557/3492 3800/1557/3494 3798/1558/3493
f 3771/1551/3465 3799/1553/3495 3797/1557/3492
f 3800/1557/3494 3797/1557/3492 3799/1553/3495
f 3799/1553/3495 3801/1553/3496 3800/1557/3494
f 3773/1554/3469 3802/1554/3497 3801/1553/3496
f 3801/1553/3496 3799/1553/3495 3773/1554/3469
f 3802/1554/3497 3773/1554/3469 3774/1553/3468
f 3774/1553/3468 3780/1553/3475 3802/1554/3497
f 3773/1554/3469 3799/1553/3495 3771/1551/3465
f 3786/1558/3482 3798/1558/3493 3784/1559/3480
f 3765/1550/3461 3764/1548/3458 3771/1551/3465
f 3807/1502/3498 3803/1502/3499 3804/1504/3500
f 3806/1503/3501 3805/1503/3502 3803/1502/3499
f 3803/1502/3499 3807/1502/3498 3806/1503/3501
f 3806/1503/3501 3807/1502/3498 3808/1506/3503
f 3808/1506/3503 3807/1502/3498 3809/1504/3504
f 3804/1504/3500 3809/1504/3504 3807/1502/3498
f 3809/1504/3504 3804/1504/3500 3812/1516/3505
f 3811/1505/3506 3809/1504/3504 3810/1516/3507
f 3812/1516/3505 3810/1516/3507 3809/1504/3504
f 3809/1504/3504 3811/1505/3506 3808/1506/3503
f 3810/1516/3507 3812/1516/3505 3813/1515/3508
f 3813/1515/3508 3814/1515/3509 3810/1516/3507
f 3814/1515/3509 3813/1515/3508 3815/1516/3510
f 3815/1516/3510 3817/1516/3511 3814/1515/3509
f 3817/1516/3511 3815/1516/3510 3816/1504/3512
f 3818/1514/3513 3814/1515/3509 3817/1516/3511
f 3817/1516/3511 3820/1513/3514 3818/1514/3513
f 3816/1504/3512 3819/1504/3515 3817/1516/3511
f 3820/1513/3514 3817/1516/3511 3819/1504/3515
f 3818/1514/3513 3820/1513/3514 3823/1511/3516
f 3819/1504/3515 3821/1505/3517 3820/1513/3514
f 3820/1513/3514 3821/1505/3517 3822/1510/3518
f 3822/1510/3518 3823/1511/3516 3820/1513/3514
f 3823/1511/3516 3825/1512/3519 3818/1514/3513
f 3824/1511/3520 3823/1511/3516 3822/1510/3518
f 3823/1511/3516 3824/1511/3520 3826/1512/3521
f 3826/1512/3521 3825/1512/3519 3823/1511/3516
f 3825/1512/3519 3826/1512/3521 3827/1511/3522
f 3829/1511/3523 3827/1511/3522 3828/1510/3524
f 3827/1511/3522 3829/1511/3523 3825/1512/3519
f 3829/1511/3523 3830/1510/3525 3811/1505/3506
f 3828/1510/3524 3830/1510/3525 3829/1511/3523
f 3825/1512/3519 3829/1511/3523 3831/1513/3526
f 3811/1505/3506 3831/1513/3526 3829/1511/3523
f 3814/1515/3509 3818/1514/3513 3831/1513/3526
f 3831/1513/3526 3810/1516/3507 3814/1515/3509
f 3810/1516/3507 3831/1513/3526 3811/1505/3506
f 3831/1513/3526 3818/1514/3513 3825/1512/3519
f 3830/1510/3525 3828/1510/3524 3833/1509/3527
f 3830/1510/3525 3832/1509/3528 3808/1506/3503
f 3808/1506/3503 3811/1505/3506 3830/1510/3525
f 3833/1509/3527 3832/1509/3528 3830/1510/3525
f 3832/1509/3528 3833/1509/3527 3834/1508/3529
f 3836/1508/3530 3834/1508/3529 3835/1509/3531
f 3834/1508/3529 3836/1508/3530 3832/1509/3528
f 3837/1507/3532 3836/1508/3530 3838/1509/3533
f 3836/1508/3530 3837/1507/3532 3808/1506/3503
f 3835/1509/3531 3838/1509/3533 3836/1508/3530
f 3808/1506/3503 3832/1509/3528 3836/1508/3530
f 3838/1509/3533 3835/1509/3531 3840/1510/3534
f 3838/1509/3533 3822/1510/3518 3821/1505/3517
f 3840/1510/3534 3822/1510/3518 3838/1509/3533
f 3838/1509/3533 3839/1506/3535 3837/1507/3532
f 3821/1505/3517 3839/1506/3535 3838/1509/3533
f 3822/1510/3518 3840/1510/3534 3824/1511/3520
f 3837/1507/3532 3839/1506/3535 3841/1502/3536
f 3841/1502/3536 3839/1506/3535 3821/1505/3517
f 3821/1505/3517 3819/1504/3515 3841/1502/3536
f 3842/1502/3537 3841/1502/3536 3819/1504/3515
f 3841/1502/3536 3842/1502/3537 3805/1503/3502
f 3805/1503/3502 3806/1503/3501 3841/1502/3536
f 3841/1502/3536 3806/1503/3501 3837/1507/3532
f 3819/1504/3515 3816/1504/3512 3842/1502/3537
f 3808/1506/3503 3837/1507/3532 3806/1503/3501
f 3846/1518/3538 3843/1518/3539 3844/1519/3540
f 3847/1517/3541 3845/1517/3542 3843/1518/3539
f 3843/1518/3539 3846/1518/3538 3847/1517/3541
f 3847/1517/3541 3846/1518/3538 3849/1520/3543
f 3848/1521/3544 3847/1517/3541 3850/1522/3545
f 3845/1517/3542 3847/1517/3541 3848/1521/3544
f 3849/1520/3543 3850/1522/3545 3847/1517/3541
f 3850/1522/3545 3852/1527/3546 3848/1521/3544
f 3851/1528/3547 3852/1527/3546 3850/1522/3545
f 3850/1522/3545 3853/1526/3548 3851/1528/3547
f 3853/1526/3548 3850/1522/3545 3849/1520/3543
f 3854/1528/3549 3851/1528/3547 3853/1526/3548
f 3853/1526/3548 3856/1526/3550 3854/1528/3549
f 3849/1520/3543 3855/1524/3551 3853/1526/3548
f 3856/1526/3550 3853/1526/3548 3855/1524/3551
f 3855/1524/3551 3857/1524/3552 3856/1526/3550
f 3859/1523/3553 3858/1523/3554 3857/1524/3552
f 3857/1524/3552 3855/1524/3551 3859/1523/3553
f 3859/1523/3553 3855/1524/3551 3849/1520/3543
f 3849/1520/3543 3860/1525/3555 3859/1523/3553
f 3861/1524/3556 3859/1523/3553 3860/1525/3555
f 3858/1523/3554 3859/1523/3553 3861/1524/3556
f 3861/1524/3556 3862/1524/3557 3858/1523/3554
f 3862/1524/3557 3861/1524/3556 3864/1526/3558
f 3863/1522/3559 3864/1526/3558 3861/1524/3556
f 3861/1524/3556 3865/1520/3560 3863/1522/3559
f 3860/1525/3555 3865/1520/3560 3861/1524/3556
f 3866/1518/3561 3865/1520/3560 3860/1525/3555
f 3863/1522/3559 3865/1520/3560 3866/1518/3561
f 3866/1518/3561 3869/1518/3562 3867/1517/3563
f 3867/1517/3563 3870/1517/3564 3866/1518/3561
f 3860/1525/3555 3868/1519/3565 3866/1518/3561
f 3869/1518/3562 3866/1518/3561 3868/1519/3565
f 3866/1518/3561 3870/1517/3564 3863/1522/3559
f 3870/1517/3564 3867/1517/3563 3873/1521/3566
f 3870/1517/3564 3871/1521/3567 3872/1527/3568
f 3873/1521/3566 3871/1521/3567 3870/1517/3564
f 3872/1527/3568 3863/1522/3559 3870/1517/3564
f 3871/1521/3567 3873/1521/3566 3874/1531/3569
f 3876/1531/3570 3874/1531/3569 3875/1521/3571
f 3874/1531/3569 3876/1531/3570 3871/1521/3567
f 3875/1521/3571 3848/1521/3544 3876/1531/3570
f 3876/1531/3570 3848/1521/3544 3852/1527/3546
f 3852/1527/3546 3877/1529/3572 3876/1531/3570
f 3871/1521/3567 3876/1531/3570 3877/1529/3572
f 3879/1530/3573 3877/1529/3572 3852/1527/3546
f 3877/1529/3572 3879/1530/3573 3878/1528/3574
f 3878/1528/3574 3872/1527/3568 3877/1529/3572
f 3877/1529/3572 3872/1527/3568 3871/1521/3567
f 3852/1527/3546 3851/1528/3547 3879/1530/3573
f 3880/1530/3575 3879/1530/3573 3851/1528/3547
f 3879/1530/3573 3880/1530/3575 3881/1528/3576
f 3881/1528/3576 3878/1528/3574 3879/1530/3573
f 3878/1528/3574 3881/1528/3576 3882/1526/3577
f 3864/1526/3558 3882/1526/3577 3862/1524/3557
f 3882/1526/3577 3864/1526/3558 3878/1528/3574
f 3851/1528/3547 3854/1528/3549 3880/1530/3575
f 3872/1527/3568 3878/1528/3574 3864/1526/3558
f 3848/1521/3544 3875/1521/3571 3845/1517/3542
f 3864/1526/3558 3863/1522/3559 3872/1527/3568
f 3868/1519/3565 3844/1519/3540 3869/1518/3562
f 3849/1520/3543 3846/1518/3538 3868/1519/3565
f 3844/1519/3540 3868/1519/3565 3846/1518/3538
f 3868/1519/3565 3860/1525/3555 3849/1520/3543
f 3887/1532/3578 3884/1532/3579 3883/1533/3580
f 3886/1533/3581 3883/1533/3580 3885/1534/3582
f 3883/1533/3580 3886/1533/3581 3887/1532/3578
f 3884/1532/3579 3887/1532/3578 3890/1535/3583
f 3887/1532/3578 3886/1533/3581 3888/1537/3584
f 3888/1537/3584 3889/1536/3585 3887/1532/3578
f 3890/1535/3583 3887/1532/3578 3889/1536/3585
f 3890/1535/3583 3891/1535/3586 3884/1532/3579
f 3889/1536/3585 3892/1540/3587 3890/1535/3583
f 3893/1541/3588 3895/1542/3589 3892/1540/3587
f 3892/1540/3587 3897/1539/3590 3893/1541/3588
f 3896/1543/3591 3894/1544/3592 3892/1540/3587
f 3892/1540/3587 3895/1542/3589 3896/1543/3591
f 3897/1539/3590 3892/1540/3587 3889/1536/3585
f 3898/1541/3593 3893/1541/3588 3897/1539/3590
f 3897/1539/3590 3900/1539/3594 3898/1541/3593
f 3889/1536/3585 3899/1538/3595 3897/1539/3590
f 3900/1539/3594 3897/1539/3590 3899/1538/3595
f 3899/1538/3595 3901/1538/3596 3900/1539/3594
f 3903/1545/3597 3902/1545/3598 3901/1538/3596
f 3901/1538/3596 3899/1538/3595 3903/1545/3597
f 3902/1545/3598 3903/1545/3597 3904/1547/3599
f 3904/1547/3599 3903/1545/3597 3888/1537/3584
f 3888/1537/3584 3903/1545/3597 3899/1538/3595
f 3904/1547/3599 3907/1547/3600 3902/1545/3598
f 3906/1545/3601 3904/1547/3599 3905/1546/3602
f 3888/1537/3584 3905/1546/3602 3904/1547/3599
f 3907/1547/3600 3904/1547/3599 3906/1545/3601
f 3906/1545/3601 3908/1545/3603 3907/1547/3600
f 3910/1538/3604 3909/1538/3605 3908/1545/3603
f 3908/1545/3603 3906/1545/3601 3910/1538/3604
f 3911/1536/3606 3910/1538/3604 3906/1545/3601
f 3909/1538/3605 3910/1538/3604 3913/1539/3607
f 3910/1538/3604 3911/1536/3606 3912/1540/3608
f 3912/1540/3608 3913/1539/3607 3910/1538/3604
f 3895/1542/3589 3893/1541/3588 3913/1539/3607
f 3914/1539/3609 3913/1539/3607 3893/1541/3588
f 3913/1539/3607 3914/1539/3609 3909/1538/3605
f 3913/1539/3607 3912/1540/3608 3895/1542/3589
f 3893/1541/3588 3898/1541/3593 3914/1539/3609
f 3895/1542/3589 3912/1540/3608 3915/1544/3610
f 3916/1532/3611 3917/1535/3612 3912/1540/3608
f 3912/1540/3608 3911/1536/3606 3916/1532/3611
f 3918/1535/3613 3917/1535/3612 3916/1532/3611
f 3916/1532/3611 3919/1532/3614 3918/1535/3613
f 3921/1533/3615 3920/1533/3616 3919/1532/3614
f 3919/1532/3614 3916/1532/3611 3921/1533/3615
f 3905/1546/3602 3922/1534/3617 3921/1533/3615
f 3921/1533/3615 3923/1537/3618 3905/1546/3602
f 3920/1533/3616 3921/1533/3615 3922/1534/3617
f 3921/1533/3615 3916/1532/3611 3911/1536/3606
f 3911/1536/3606 3923/1537/3618 3921/1533/3615
f 3905/1546/3602 3923/1537/3618 3906/1545/3601
f 3906/1545/3601 3923/1537/3618 3911/1536/3606
f 3922/1534/3617 3885/1534/3582 3920/1533/3616
f 3885/1534/3582 3922/1534/3617 3886/1533/3581
f 3922/1534/3617 3905/1546/3602 3888/1537/3584
f 3888/1537/3584 3886/1533/3581 3922/1534/3617
f 3915/1544/3610 3896/1543/3591 3895/1542/3589
f 3915/1544/3610 3925/1544/3619 3924/1543/3620
f 3924/1543/3620 3896/1543/3591 3915/1544/3610
f 3896/1543/3591 3924/1543/3620 3926/1544/3621
f 3926/1544/3621 3894/1544/3592 3896/1543/3591
f 3899/1538/3595 3889/1536/3585 3888/1537/3584
f 3931/1550/3622 3928/1550/3623 3927/1548/3624
f 3930/1548/3625 3927/1548/3624 3929/1549/3626
f 3927/1548/3624 3930/1548/3625 3931/1550/3622
f 3931/1550/3622 3930/1548/3625 3932/1551/3627
f 3932/1551/3627 3933/1555/3628 3931/1550/3622
f 3934/1561/3629 3931/1550/3622 3933/1555/3628
f 3928/1550/3623 3931/1550/3622 3934/1561/3629
f 3935/1561/3630 3934/1561/3629 3937/1562/3631
f 3934/1561/3629 3935/1561/3630 3928/1550/3623
f 3937/1562/3631 3934/1561/3629 3936/1556/3632
f 3933/1555/3628 3936/1556/3632 3934/1561/3629
f 3937/1562/3631 3939/1562/3633 3935/1561/3630
f 3938/1561/3634 3937/1562/3631 3940/1560/3635
f 3939/1562/3633 3937/1562/3631 3938/1561/3634
f 3936/1556/3632 3940/1560/3635 3937/1562/3631
f 3941/1559/3636 3940/1560/3635 3936/1556/3632
f 3940/1560/3635 3941/1559/3636 3942/1558/3637
f 3940/1560/3635 3943/1556/3638 3938/1561/3634
f 3942/1558/3637 3943/1556/3638 3940/1560/3635
f 3943/1556/3638 3942/1558/3637 3946/1557/3639
f 3944/1550/3640 3938/1561/3634 3943/1556/3638
f 3943/1556/3638 3945/1555/3641 3944/1550/3640
f 3946/1557/3639 3945/1555/3641 3943/1556/3638
f 3946/1557/3639 3949/1557/3642 3947/1553/3643
f 3947/1553/3643 3948/1553/3644 3946/1557/3639
f 3945/1555/3641 3946/1557/3639 3948/1553/3644
f 3949/1557/3642 3946/1557/3639 3942/1558/3637
f 3942/1558/3637 3950/1558/3645 3949/1557/3642
f 3950/1558/3645 3942/1558/3637 3941/1559/3636
f 3941/1559/3636 3951/1559/3646 3950/1558/3645
f 3953/1558/3647 3952/1558/3648 3951/1559/3646
f 3951/1559/3646 3941/1559/3636 3953/1558/3647
f 3952/1558/3648 3953/1558/3647 3954/1557/3649
f 3936/1556/3632 3953/1558/3647 3941/1559/3636
f 3953/1558/3647 3936/1556/3632 3933/1555/3628
f 3933/1555/3628 3954/1557/3649 3953/1558/3647
f 3954/1557/3649 3956/1557/3650 3952/1558/3648
f 3932/1551/3627 3955/1553/3651 3954/1557/3649
f 3956/1557/3650 3954/1557/3649 3955/1553/3651
f 3954/1557/3649 3933/1555/3628 3932/1551/3627
f 3955/1553/3651 3957/1553/3652 3956/1557/3650
f 3959/1554/3653 3958/1554/3654 3957/1553/3652
f 3957/1553/3652 3955/1553/3651 3959/1554/3653
f 3958/1554/3654 3959/1554/3653 3948/1553/3644
f 3959/1554/3653 3955/1553/3651 3932/1551/3627
f 3932/1551/3627 3960/1552/3655 3959/1554/3653
f 3948/1553/3644 3959/1554/3653 3960/1552/3655
f 3960/1552/3655 3963/1549/3656 3961/1548/3657
f 3961/1548/3657 3962/1551/3658 3960/1552/3655
f 3960/1552/3655 3962/1551/3658 3948/1553/3644
f 3963/1549/3656 3960/1552/3655 3932/1551/3627
f 3932/1551/3627 3930/1548/3625 3963/1549/3656
f 3929/1549/3626 3963/1549/3656 3930/1548/3625
f 3964/1548/3659 3961/1548/3657 3963/1549/3656
f 3963/1549/3656 3929/1549/3626 3964/1548/3659
f 3961/1548/3657 3964/1548/3659 3965/1550/3660
f 3944/1550/3640 3965/1550/3660 3966/1561/3661
f 3965/1550/3660 3944/1550/3640 3961/1548/3657
f 3938/1561/3634 3966/1561/3661 3939/1562/3633
f 3966/1561/3661 3938/1561/3634 3944/1550/3640
f 3948/1553/3644 3962/1551/3658 3945/1555/3641
f 3945/1555/3641 3962/1551/3658 3961/1548/3657
f 3961/1548/3657 3944/1550/3640 3945/1555/3641
f 3948/1553/3644 3947/1553/3643 3958/1554/3654
