# Blender 4.1.0
# www.blender.org
mtllib dark_allslasj.mtl
o blade
v -44.569210 2.024774 -4.678015
v -46.640186 2.179556 -4.678000
v -46.106522 9.320216 -16.992247
v -44.039856 9.107451 -17.503992
v -43.587505 15.160149 -11.135233
v -45.658482 15.314934 -11.135269
v -42.642372 27.805971 -29.105293
v -44.705513 28.065666 -29.448191
v -46.276688 4.323038 -6.736761
v -45.231445 14.907182 -12.117440
v -44.610107 4.198490 -6.736742
v -44.051979 15.066054 -12.339158
v -44.410934 10.263672 -17.186661
v -45.429314 10.219543 -17.053339
v -44.269058 25.743874 -27.141434
v -43.424656 25.500057 -27.024654
v -45.334518 5.717197 -8.125895
v -44.455956 3.540701 -0.741131
v -46.526878 3.695482 -0.741123
v -45.475952 17.756878 -4.793355
v -43.404968 17.602095 -4.793367
v -43.421127 17.386618 3.997540
v -45.492031 17.541395 3.997545
v -41.851147 38.391747 0.116161
v -43.852104 39.483669 0.080562
v -46.102016 6.659830 -0.667843
v -44.992531 18.104382 -3.814188
v -44.994553 18.076843 3.086375
v -44.435444 6.535294 -0.667845
v -43.829788 18.039392 3.007451
v -43.806686 18.348236 -3.815126
v -43.503021 35.992851 -0.024685
v -42.661171 35.715382 0.088752
v -45.118492 8.607974 -0.618389
v -44.583527 1.833777 3.116467
v -46.654442 1.988556 3.116472
v -45.697586 14.791686 10.211763
v -43.626602 14.636902 10.211748
v -44.101772 8.279472 16.275230
v -46.172749 8.434256 16.275249
v -42.761066 26.217537 28.943611
v -44.819397 26.541830 28.781895
v -46.298691 4.028516 5.278831
v -45.256615 14.570758 11.407923
v -45.701485 9.298914 16.069057
v -44.632118 3.903956 5.278841
v -44.439278 9.204569 16.069069
v -44.113045 14.249501 11.174381
v -44.389435 24.133507 26.408154
v -43.514172 24.302513 26.768188
v -45.361774 5.352894 6.737970
v -45.025249 9.855559 15.929994
v -44.877235 -2.096101 4.635061
v -46.948204 -1.941319 4.635075
v -46.645874 2.103662 18.721500
v -44.574883 1.948875 18.721539
v -45.230736 -6.826353 18.505672
v -47.301731 -6.671566 18.505638
v -44.951069 -3.084194 40.170269
v -47.013309 -2.812409 40.173168
v -46.751461 -2.029593 7.619854
v -46.301399 1.272182 19.170795
v -46.776535 -5.765264 19.266235
v -45.084873 -2.154154 7.619862
v -45.614143 -5.834849 18.935440
v -45.039200 1.177838 19.170807
v -46.400986 -2.780788 37.033562
v -45.549095 -2.923844 37.031612
v -45.921856 -2.141239 9.633862
v -45.710697 0.684362 19.473946
v -45.165047 -5.946842 2.925071
v -47.236015 -5.792059 2.925086
v -47.765369 -12.874729 15.751066
v -45.694393 -13.029511 15.751047
v -46.146748 -19.082163 9.382292
v -48.217731 -18.927378 9.382308
v -47.091885 -31.728033 27.352364
v -49.150810 -31.411795 27.522141
v -47.195129 -7.965716 4.983822
v -47.382240 -13.869617 15.328890
v -47.797966 -18.751850 10.278769
v -45.528561 -8.090259 4.983788
v -46.535755 -18.846176 10.278760
v -46.238567 -14.189523 15.563826
v -48.389942 -29.392565 25.445774
v -47.513382 -29.206203 25.097656
v -46.470715 -9.484507 6.372984
v -47.156467 -18.660141 10.883647
v -46.329292 -21.524103 3.040375
v -45.278343 -7.462710 -1.011803
v -47.349266 -7.307930 -1.011795
v -48.422607 -21.668331 2.505280
v -46.313126 -21.308630 -5.750483
v -48.384117 -21.153843 -5.750521
v -47.906296 -42.624241 -1.935383
v -50.024063 -43.096134 -1.833514
v -47.369778 -10.302569 -1.085100
v -48.016193 -21.671320 -4.970842
v -45.902519 -10.917631 -1.097441
v -46.753990 -21.765638 -4.970839
v -46.826767 -22.059656 2.021086
v -47.838516 -22.014463 1.966917
v -49.159889 -39.694092 -1.807368
v -48.302013 -39.758217 -1.807390
v -47.115681 -12.343180 -1.134563
v -47.409615 -22.047281 -4.444764
v -45.150726 -5.755792 -4.869410
v -47.221699 -5.601007 -4.869393
v -48.140438 -17.893312 -12.022802
v -46.107651 -18.558912 -11.964690
v -45.632477 -12.201532 -18.028175
v -47.703461 -12.046749 -18.028160
v -46.973179 -30.139534 -30.696510
v -49.056843 -30.154314 -30.534866
v -47.173126 -7.671185 -7.031806
v -47.365959 -12.971803 -17.822025
v -45.506550 -7.795775 -7.031824
v -46.103760 -13.066140 -17.822006
v -46.538918 -18.208168 -13.088911
v -47.538441 -17.999636 -12.969108
v -48.273643 -27.836626 -28.161119
v -47.433235 -28.133852 -28.521130
v -46.443455 -9.120168 -8.490915
v -46.779987 -13.622783 -17.682938
v -45.159351 -5.870888 -20.474483
v -44.857018 -1.825910 -6.388004
v -46.927990 -1.671127 -6.387988
v -47.190407 -5.181967 -20.773996
v -44.503498 2.904340 -20.258621
v -46.574482 3.059124 -20.258604
v -44.788128 -0.903974 -41.612202
v -46.866714 -0.850873 -42.239994
v -46.720322 -1.613079 -9.372805
v -46.228237 2.250611 -20.746763
v -45.053776 -1.737634 -9.372837
v -44.966045 2.156280 -20.746754
v -45.541302 -4.860451 -21.187893
v -46.540237 -4.644319 -20.916588
v -46.267948 -1.001273 -38.788422
v -45.398369 -0.907493 -38.784546
v -45.883373 -1.625990 -11.386772
v -45.636402 1.678304 -21.076099
v -46.298073 1.331858 7.138519
v -46.539169 -1.894112 1.477295
v -46.542145 -1.933917 3.101202
v -46.330158 0.902299 2.005243
v -46.413692 -0.215835 0.828735
v -45.920677 6.381541 2.772875
v -46.298660 1.323642 -0.798727
v -46.068768 4.399305 -3.286103
v -45.747242 8.701512 -4.948575
v -46.363731 0.452978 -3.059986
v -46.332382 0.872089 -6.997484
v -46.192738 2.740735 -11.220599
v -46.527534 -1.738921 -4.854124
v -46.530529 -1.778724 -3.230217
v -46.755936 -4.794885 -8.559893
v -46.709599 -4.174657 -3.205531
v -46.991486 -7.946519 -3.589797
v -47.306572 -12.162085 -5.461800
v -46.781281 -5.133772 -0.867018
v -47.000923 -8.072085 1.533133
v -47.322449 -12.374290 3.195603
v -46.749840 -4.712963 1.867113
v -46.662033 -3.538589 0.746998
v -46.807125 -5.479200 7.356092
v -45.144634 -1.924172 2.156136
v -44.966015 0.465120 5.370350
v -44.842030 2.124612 9.680264
v -44.982910 0.239427 1.416998
v -44.689167 4.169922 1.836876
v -44.374115 8.385493 3.708824
v -44.970211 0.409333 -0.818666
v -44.849060 2.030341 -0.778791
v -44.518990 6.446597 -4.117346
v -45.018562 -0.238059 -2.499931
v -44.930832 0.936369 -3.620036
v -44.867149 1.788312 -9.492079
v -45.140495 -1.869271 -3.771519
v -45.325562 -4.345533 -7.123281
v -45.449631 -6.005068 -11.433184
v -45.266903 -3.560814 -2.581669
v -45.350513 -4.678894 -3.758166
v -45.788605 -10.540494 -4.611673
v -45.321419 -4.289743 -0.934259
v -45.442577 -5.910808 -0.974136
v -45.772678 -10.327049 2.364435
v -45.316921 -4.229589 1.307056
v -45.348221 -4.648687 5.244555
v -45.487930 -6.517378 9.467680
v -39.443615 0.500940 2.753473
v -40.384747 -5.153316 2.605402
v -40.882122 -8.727720 -0.245153
v -38.666756 4.406456 -0.375336
v -40.727905 -8.248302 -2.600402
v -39.192055 0.427210 -4.933653
v -40.145138 -5.223217 -4.692395
v -38.682404 3.879002 -2.700536
v -48.793797 -5.552455 4.548925
v -49.480003 -10.152094 1.570952
v -49.573257 -11.247377 -1.079382
v -47.429264 2.477497 4.228827
v -46.698608 6.338140 1.434746
v -46.431095 7.381958 -1.233247
v -49.305717 -10.203535 -3.747372
v -48.421570 -5.660988 -6.800889
v -46.524357 6.286705 -3.883549
v -47.074142 2.373297 -6.612866
v -56.865429 -4.756240 1.757077
v -55.886017 1.059648 1.878519
v -57.415764 -8.451659 -1.184504
v -55.132355 5.072175 -1.297101
v -55.677418 1.000386 -4.412283
v -56.670300 -4.814265 -4.194569
v -57.023373 -6.706478 -0.250881
v -56.205193 -1.683924 0.283594
v -64.518570 -1.414953 0.194668
v -65.382195 -6.785310 -0.725330
v -57.048203 -7.172605 -1.680801
v -63.560879 4.020871 -0.771185
v -55.242107 3.731848 -0.912502
v -65.224510 -6.178084 -2.572015
v -55.300041 3.106631 -2.553615
v -63.582169 3.577541 -2.324348
v -36.796577 0.845171 1.414934
v -37.374706 -3.808686 1.223436
v -31.243225 -4.270198 1.529295
v -25.832695 -1.765263 1.322739
v -12.324820 -3.602232 1.512728
v -20.567566 -1.798256 1.377663
v 1.125160 -3.137485 1.616161
v 15.349586 -5.416127 1.786526
v 6.006706 -3.459458 1.670025
v 20.598309 -5.741982 1.844242
v 32.844795 -5.194498 1.965832
v 50.669945 -8.258123 2.181415
v 38.625694 -5.825670 2.032120
v -30.038513 0.827620 1.451460
v 11.209602 -0.481047 1.809742
v 30.017975 -2.442217 2.152174
v -16.300453 1.041257 1.497124
v -3.033932 -0.174739 1.747906
v 44.156624 -10.947258 2.253821
v 23.905647 -8.463779 2.136626
v 10.043846 -8.027556 1.863690
v 53.051231 -4.349709 1.728704
v 43.744026 -3.294744 2.239233
v -4.771549 -6.818739 1.799240
v 63.292381 -3.539403 1.361835
v 69.450691 -6.267437 2.118356
v 73.169640 -5.164067 0.133146
v 63.334587 -1.357024 -0.007147
v 76.407867 -10.045412 0.215667
v 72.339989 -9.864838 2.262643
v 75.185272 -15.132226 0.253886
v 71.914627 -14.977816 1.842217
v 72.348915 -18.529293 0.258440
v 61.891396 -4.700294 0.911036
v 60.368874 -3.450861 -0.016750
v 64.233727 -12.307765 2.807498
v 65.368141 -15.904079 0.417793
v 67.401260 -10.546613 2.384566
v 64.006920 -8.309804 3.795754
v 66.040443 -7.567311 2.293216
v 64.039925 -6.321054 2.003490
v 57.739075 -3.936574 1.312092
v 67.227753 -10.156771 1.930715
v 60.263062 -5.756175 3.461531
v 53.350372 -3.794438 1.342100
v 54.740128 -3.054589 -0.111326
v 52.874115 -3.543390 -0.560513
v 57.605728 -3.919089 -1.364307
v 54.589493 -3.898491 -2.106465
v 60.477867 -5.814838 -3.443159
v 65.853188 -7.205819 -2.160648
v 62.106346 -5.692044 -1.510231
v 67.241776 -9.658178 -2.029474
v 64.249512 -8.380771 -3.653000
v 64.410278 -12.359924 -2.581150
v 67.364395 -11.223326 -1.564377
v 65.487541 -15.280231 -0.753736
v 66.374939 -13.428078 0.205203
v 61.453545 -11.382859 2.226605
v 56.530090 -9.343868 2.539096
v 58.033638 -12.098904 2.561549
v 58.981583 -6.596456 2.482080
v 53.049416 -4.349162 1.783487
v 61.078362 -12.442630 1.246547
v 61.260872 -12.494343 0.082816
v 61.153603 -12.465140 -1.084546
v 61.591957 -11.423125 -2.077022
v 59.883232 -7.435096 -2.344424
v 53.171753 -4.385279 -1.949213
v 66.138474 -5.563782 1.134495
v 70.876648 -8.135099 1.504920
v 71.744400 -10.865673 1.358163
v 68.976303 -13.210741 0.170280
v 71.381874 -14.046111 0.203393
v -36.762390 -8.058842 -0.978399
v -30.970062 -7.993981 -2.317244
v -31.052946 -7.751315 0.763863
v -37.044212 -7.252134 1.172640
v -36.903725 -7.297217 -3.147586
v -31.443825 1.624150 -2.283198
v -36.629536 1.874028 0.209564
v -30.393772 2.199729 0.440748
v -36.545860 1.758769 -2.499369
v 29.887184 -1.136136 -1.951916
v 13.234646 -0.287253 0.786854
v 30.428375 -0.857361 1.154324
v 12.865257 -0.077812 -2.030476
v 9.218357 -9.417494 -1.892720
v 23.234528 -10.346244 1.051702
v 8.467896 -8.489564 0.969014
v 23.275639 -9.967138 -2.424066
v -2.977573 0.966913 -2.206218
v -14.467682 1.252122 0.481579
v -2.788162 0.991555 0.878208
v -14.732695 1.467100 -2.327919
v -18.948769 -8.215494 -2.156198
v -4.974304 -8.552062 0.721967
v -19.752541 -7.223868 0.690721
v -4.992886 -8.204246 -2.713308
v 45.233955 -2.050251 1.368610
v 45.979851 -2.882529 -1.665339
v 25.158569 -9.585621 0.653573
v 42.694771 -11.164764 -1.267110
v 42.944534 -11.278061 1.381618
v 25.139320 -8.872353 -2.332998
v 57.375031 -13.742169 1.374268
v 57.467110 -13.583752 -1.558798
v -15.422899 2.208575 0.658751
v -29.840891 2.299071 -2.620564
v -28.670998 -6.940378 0.020459
v -20.042570 -7.107897 -1.948603
v -29.239857 -6.232133 -3.207989
v -3.201267 -7.832621 0.373292
v 8.214424 -8.368241 -1.679929
v -3.334385 -7.150150 -2.621998
v 12.004696 0.614956 0.999189
v 43.668785 -12.238836 -1.464520
v 46.251999 -3.108504 1.155767
v -29.792408 -5.882587 1.576046
v -36.582615 -4.534380 2.152887
v 17.812145 -5.990014 2.915446
v -18.588448 -6.733419 1.559726
v -12.093357 -4.567438 2.571632
v 35.944275 -5.074073 3.123888
v -22.953056 -1.331872 2.461483
v 3.912552 -2.928056 2.733273
v 50.911087 -9.017077 3.105533
v -37.821136 -5.890862 1.466331
v -37.865463 -7.038221 0.598862
v -37.778824 -7.408795 -2.077492
v -37.662102 -5.939722 -3.487056
v -37.227249 -3.852232 -3.276068
v -36.375286 -4.595624 -4.173730
v 72.063309 -14.190666 -1.740195
v 72.478554 -9.911127 -1.917521
v 71.821869 -10.888542 -1.006181
v 70.962990 -8.156831 -1.225398
v 69.591873 -6.311809 -1.905207
v 66.208588 -5.584485 -1.005069
v 61.953537 -4.718972 -0.888607
v 63.380600 -3.565439 -1.331717
v 64.494286 -5.516215 1.646435
v 62.846474 -3.618097 1.158125
v 61.859123 -4.616899 1.610109
v 62.528282 -5.542506 1.862350
v -41.957447 0.902243 1.548183
v -43.042641 -5.946299 1.576270
v -43.130680 -7.159559 0.535467
v -43.036041 -7.377483 -2.290092
v -41.762245 2.169535 0.282711
v -41.677402 1.436893 -3.472581
v -36.634018 0.796560 -3.548573
v -25.685272 -1.808813 -3.176748
v -31.081797 -4.319626 -3.445883
v -12.146223 -3.646928 -3.049618
v -20.420124 -1.841781 -3.121789
v 4.177444 -3.777851 -2.877218
v 15.496971 -5.459630 -2.712888
v 20.745739 -5.785532 -2.655205
v 32.992218 -5.238018 -2.533627
v 50.817337 -8.301665 -2.318014
v 38.773102 -5.869192 -2.467302
v -29.877056 0.780566 -3.444753
v 11.365116 -0.526260 -2.920685
v 30.184013 -2.490242 -2.833975
v -16.145590 0.996285 -3.209348
v -2.871422 -0.221945 -3.160816
v 44.311775 -10.992436 -2.471633
v 10.198498 -8.072416 -2.847817
v 53.169937 -4.384768 -1.894444
v 43.905090 -3.341065 -2.618413
v 58.206390 -12.143868 -2.467985
v 56.690056 -9.392156 -2.532622
v 18.054558 -6.056538 -3.777926
v -18.433630 -6.778426 -3.163913
v -11.853992 -4.632766 -4.083243
v 36.191902 -5.142839 -3.628386
v -22.707438 -1.397079 -4.263230
v 4.154129 -2.994165 -3.945505
v 51.118393 -9.078299 -3.221137
v -42.147282 -1.177875 -3.747748
v -42.864868 -5.963058 -3.717564
v 21.037704 -6.719791 -2.903078
v 22.104080 -7.778244 -2.881432
v 21.234764 -7.341121 -2.894814
v -168.152252 0.343671 -1.652753
v -263.921356 2.771966 -3.443042
v -294.838165 -4.313618 -2.920488
v -396.269318 -15.648643 -3.829056
v -399.558289 -12.058035 -4.707588
v -413.432037 -21.421120 -4.784678
v -144.993469 -4.782841 -1.361167
v -64.969971 -6.141459 -0.517787
v -64.179047 -1.166859 -0.558895
v -63.288498 4.290555 -1.370507
v -239.825073 -6.030226 -2.332600
v -320.447906 -10.974676 -3.119573
v -396.893494 -19.107241 -3.843990
v -127.340897 -4.987862 -2.721829
v -198.009064 -5.084730 -3.454058
v -286.201843 -3.444165 -4.386783
v -269.753296 -7.486180 -4.174402
v -333.157227 -12.160639 -4.785424
v -389.111755 -18.174856 -5.320259
v -396.210876 -15.678543 -5.422882
v -63.967850 -0.149190 -2.111593
v -64.920242 -6.166119 -2.062756
vn -0.0762 -0.8620 -0.5012
vn -0.0644 -0.8621 -0.5027
vn -0.8819 -0.2942 -0.3684
vn 0.5983 -0.5745 -0.5586
vn 0.7498 0.4187 0.5124
vn -0.6847 0.5158 0.5149
vn 0.0328 0.4390 0.8979
vn 0.0292 0.8195 0.5723
vn -0.0179 0.8210 0.5707
vn -0.0744 -0.5200 -0.8509
vn 0.1775 -0.5264 -0.8315
vn -0.9912 0.1236 -0.0463
vn -0.9861 0.1530 -0.0643
vn -0.6027 -0.4689 -0.6456
vn 0.9986 -0.0254 -0.0467
vn 0.9976 -0.0020 -0.0689
vn 0.5011 -0.6165 -0.6074
vn 0.5988 0.5418 0.5899
vn -0.3326 0.6873 0.6457
vn -0.6616 -0.5874 -0.4661
vn -0.5143 -0.6796 -0.5231
vn -0.4973 0.5019 0.7077
vn 0.4116 0.4754 0.7776
vn 0.7058 -0.5914 -0.3900
vn 0.3974 -0.7536 -0.5237
vn 0.0251 0.7184 -0.6952
vn -0.0206 -0.2754 -0.9611
vn -0.7194 0.0521 -0.6926
vn 0.7146 -0.0473 -0.6979
vn -0.0241 -0.3221 0.9464
vn 0.7101 -0.0842 0.6991
vn -0.7226 0.0267 0.6908
vn 0.1730 0.1688 0.9704
vn -0.1054 0.1907 0.9760
vn 0.0976 0.2212 -0.9703
vn 0.2479 0.2067 -0.9465
vn -0.9899 0.1418 0.0017
vn -0.9846 0.1747 0.0025
vn -0.5613 0.0955 0.8221
vn -0.5689 0.1003 -0.8163
vn 1.0000 -0.0069 0.0017
vn 0.9997 0.0257 0.0025
vn 0.5259 0.0125 -0.8505
vn 0.5411 -0.0651 0.8384
vn -0.5253 -0.0997 -0.8451
vn -0.7011 -0.0914 0.7072
vn -0.5539 -0.1282 0.8227
vn 0.3518 -0.2208 0.9097
vn 0.3940 -0.1750 -0.9023
vn 0.0532 0.9983 0.0244
vn 0.0360 0.4823 -0.8752
vn -0.6774 0.5500 -0.4885
vn 0.7555 0.4326 -0.4920
vn 0.6875 -0.5572 0.4658
vn -0.7625 -0.4497 0.4652
vn -0.0669 -0.8951 0.4409
vn -0.1296 -0.5573 0.8201
vn -0.2725 -0.5317 0.8019
vn 0.1476 0.8380 -0.5254
vn 0.2947 0.8082 -0.5099
vn -0.9914 0.1209 0.0490
vn -0.9869 0.1435 0.0734
vn -0.5893 -0.5642 0.5783
vn -0.7637 0.5114 -0.3941
vn 0.9984 -0.0278 0.0490
vn 0.9973 -0.0044 0.0737
vn 0.8320 0.3937 -0.3909
vn 0.5235 -0.5853 0.6192
vn -0.3118 0.5737 -0.7574
vn -0.7869 -0.4987 0.3634
vn -0.5114 -0.7098 0.4844
vn 0.3930 -0.7796 0.4875
vn 0.7366 0.3604 -0.5723
vn 0.7351 0.3614 -0.5736
vn 0.0597 0.6577 0.7509
vn 0.0555 0.7166 -0.6953
vn 0.2154 0.5715 -0.7918
vn 0.0716 0.9583 -0.2767
vn -0.6734 0.7392 0.0081
vn 0.7757 0.6310 0.0076
vn -0.0705 -0.9436 -0.3236
vn 0.6681 -0.7433 -0.0356
vn -0.7665 -0.6416 -0.0276
vn -0.1036 -0.9790 0.1755
vn -0.1501 -0.9730 0.1753
vn 0.0081 0.9731 0.2303
vn 0.2512 0.9410 0.2268
vn -0.9951 0.0727 0.0677
vn -0.9923 0.0719 0.1011
vn -0.8426 -0.5383 0.0142
vn -0.4809 0.8766 0.0195
vn 0.9948 -0.0760 0.0677
vn 0.9919 -0.0765 0.1016
vn 0.6262 0.7739 0.0948
vn 0.7528 -0.6581 0.0125
vn -0.6315 0.7667 -0.1154
vn -0.3725 0.9170 -0.1424
vn -0.7430 -0.6518 -0.1520
vn 0.3700 -0.9100 -0.1869
vn 0.7455 0.6576 -0.1085
vn 0.5582 0.8189 -0.1337
vn 0.0116 0.0137 0.9998
vn -0.0755 -0.9966 -0.0335
vn -0.1628 -0.9668 -0.1972
vn 0.0652 0.8724 0.4844
vn -0.6828 0.5430 0.4888
vn 0.7508 0.4340 0.4980
vn -0.0328 -0.4390 -0.8979
vn 0.6904 -0.5182 -0.5048
vn -0.7595 -0.4093 -0.5057
vn -0.1486 -0.8108 -0.5662
vn -0.2927 -0.7817 -0.5507
vn 0.1219 0.5170 0.8472
vn 0.2695 0.4916 0.8281
vn -0.9986 0.0254 0.0467
vn -0.9976 0.0007 0.0699
vn -0.6116 -0.5747 -0.5437
vn -0.7678 0.4520 0.4540
vn 0.9913 -0.1233 0.0467
vn 0.9866 -0.1473 0.0695
vn 0.8274 0.3300 0.4544
vn 0.5004 -0.6141 -0.6103
vn -0.5662 0.6850 0.4585
vn -0.7233 -0.3435 -0.5991
vn -0.5973 -0.4103 -0.6891
vn 0.3054 -0.5346 -0.7880
vn 0.7902 0.4766 0.3853
vn 0.5183 0.6770 0.5226
vn -0.0664 -0.7474 0.6610
vn 0.0517 0.6926 0.7195
vn 0.0663 0.8005 0.5956
vn 0.6161 -0.0331 0.7870
vn 0.0206 0.2754 0.9611
vn -0.0019 0.2740 0.9617
vn -0.9085 0.0085 0.4178
vn 0.0241 0.3221 -0.9464
vn 0.7278 -0.0260 -0.6853
vn -0.7224 0.0797 -0.6869
vn 0.0067 -0.1767 -0.9842
vn -0.1536 -0.1646 -0.9743
vn -0.0606 -0.2269 0.9720
vn 0.2027 -0.2414 0.9490
vn -1.0000 0.0069 -0.0026
vn -0.9998 -0.0082 -0.0185
vn -0.8058 0.0102 0.5921
vn 0.9841 -0.1777 -0.0025
vn 0.9734 -0.2050 -0.1024
vn 0.7963 -0.1041 0.5959
vn 0.5751 -0.0569 -0.8161
vn -0.3380 0.0128 -0.9411
vn -0.6818 0.1682 0.7120
vn -0.4856 0.2134 -0.8477
vn 0.4110 0.1598 -0.8975
vn 0.6998 0.0649 0.7114
vn 0.4794 0.1018 0.8717
vn -0.8012 -0.5984 -0.0055
vn -0.6276 0.0156 0.7784
vn 0.6345 -0.0597 0.7706
vn 0.3404 -0.3128 0.8867
vn 0.0110 0.1467 0.9891
vn -0.0488 -0.4982 0.8657
vn -0.0374 -0.5005 0.8649
vn -0.8826 -0.3030 0.3595
vn 0.5961 -0.6041 0.5289
vn 0.7627 0.4487 -0.4657
vn -0.6872 0.5580 -0.4652
vn 0.0669 0.8951 -0.4409
vn -0.0453 0.5704 -0.8201
vn -0.1905 0.5663 -0.8019
vn -0.0800 -0.8471 0.5254
vn 0.1713 -0.8430 0.5099
vn -0.9984 0.0281 -0.0494
vn -0.9968 0.0097 -0.0796
vn -0.8312 -0.3922 0.3941
vn 0.9914 -0.1210 -0.0490
vn 0.9869 -0.1437 -0.0736
vn 0.7642 -0.5130 0.3909
vn 0.5991 0.5461 -0.5855
vn -0.3338 0.6718 -0.6613
vn -0.3936 -0.5210 0.7574
vn -0.3906 0.7796 -0.4895
vn 0.5047 0.7125 -0.4875
vn 0.6749 -0.4659 0.5723
vn 0.6732 -0.4667 0.5736
vn -0.0673 -0.6629 -0.7457
vn -0.0516 -0.7169 0.6953
vn 0.1280 -0.5972 0.7918
vn 0.5566 -0.8308 0.0027
vn -0.0716 -0.9583 0.2767
vn -0.0939 -0.9572 0.2736
vn -0.9327 -0.3583 -0.0418
vn 0.7759 0.6304 0.0257
vn -0.6735 0.7387 0.0257
vn 0.0705 0.9436 0.3236
vn 0.0932 0.9800 -0.1760
vn -0.0860 0.9808 -0.1752
vn -0.0978 -0.9680 -0.2313
vn 0.1625 -0.9608 -0.2247
vn -0.9947 0.0769 -0.0677
vn -0.9905 0.0932 -0.1015
vn -0.8427 -0.5367 -0.0431
vn 0.9951 -0.0727 -0.0677
vn 0.9923 -0.0714 -0.1011
vn 0.7531 -0.6564 -0.0442
vn 0.6612 0.7498 0.0230
vn -0.2660 0.9621 -0.0595
vn -0.5281 -0.8377 0.1392
vn -0.4575 0.8728 0.1700
vn 0.4695 0.8624 0.1894
vn 0.5764 -0.8078 0.1234
vn 0.5758 -0.8082 0.1235
vn -0.0006 0.0693 -0.9976
vn -0.0726 -0.9972 -0.0171
vn 0.1055 -0.9838 0.1451
vn -0.6276 -0.5863 0.5122
vn -0.9972 0.0745 -0.0000
vn -0.8402 0.0772 0.5367
vn -0.4155 0.9066 -0.0733
vn -0.8279 0.4182 0.3738
vn -0.4633 -0.0889 0.8817
vn -0.9934 -0.0949 0.0651
vn -0.4569 -0.5385 -0.7080
vn -0.4103 0.0827 0.9082
vn -0.9036 -0.4085 -0.1291
vn -0.4820 -0.8708 -0.0965
vn -0.8494 0.4750 -0.2302
vn -0.5652 0.6532 -0.5038
vn -0.9680 0.2350 0.0875
vn -0.4328 -0.0593 0.8995
vn -0.4718 0.6312 -0.6156
vn -0.8554 0.3035 0.4198
vn -0.3836 0.6013 0.7010
vn -0.9244 -0.3632 -0.1163
vn -0.5202 -0.8451 -0.1234
vn -0.4034 0.7152 0.5708
vn 0.9972 -0.0745 -0.0000
vn 0.2653 0.8266 -0.4963
vn 0.9544 -0.1976 -0.2237
vn 0.3469 -0.9365 0.0520
vn 0.4214 0.0651 -0.9045
vn 0.8827 0.0622 -0.4659
vn 0.9088 0.1554 0.3873
vn 0.4942 0.5005 0.7109
vn 0.4482 -0.1135 -0.8867
vn 0.8824 0.3083 -0.3555
vn 0.4977 0.8576 0.1298
vn 0.1424 -0.8574 0.4946
vn 0.8561 -0.4372 0.2757
vn 0.9972 -0.0746 -0.0000
vn 0.9104 0.0433 -0.4114
vn 0.4405 0.0970 -0.8925
vn 0.1399 -0.5543 0.8205
vn 0.8088 -0.5877 -0.0198
vn 0.4143 -0.5684 -0.7108
vn 0.4820 0.8709 0.0965
vn 0.9863 -0.0004 -0.1652
vn 0.3529 -0.7131 -0.6058
vn -0.3231 -0.7659 0.5559
vn 0.3047 -0.8438 0.4418
vn 0.2550 0.8354 -0.4869
vn -0.0717 0.8273 -0.5572
vn -0.1285 0.9829 -0.1316
vn 0.3546 0.9103 -0.2137
vn -0.2942 -0.9270 0.2328
vn 0.1490 -0.9838 0.1000
vn -0.2255 -0.1598 0.9610
vn 0.2654 -0.2794 0.9228
vn 0.2350 0.1291 -0.9634
vn -0.1908 0.2906 -0.9376
vn -0.2668 0.5691 -0.7778
vn -0.7552 -0.3395 0.5607
vn -0.3964 0.5492 -0.7357
vn -0.3484 -0.5232 0.7778
vn 0.2538 0.5370 0.8045
vn -0.2498 0.4888 0.8359
vn -0.2672 -0.5590 -0.7850
vn 0.1766 -0.4821 -0.8582
vn -0.3006 -0.1915 -0.9343
vn 0.2028 -0.1444 -0.9685
vn -0.2167 0.1153 0.9694
vn 0.2284 0.2128 0.9500
vn 0.2950 0.9395 0.1741
vn -0.2162 0.9413 0.2593
vn -0.2987 -0.9432 -0.1456
vn 0.1305 -0.9530 -0.2734
vn 0.2735 -0.7908 -0.5476
vn 0.6725 0.5753 0.4656
vn 0.2992 -0.8081 -0.5074
vn 0.1513 -0.8122 -0.5635
vn 0.3748 0.7702 0.5161
vn 0.2703 0.7806 0.5635
vn -0.1927 0.8086 -0.5559
vn 0.4209 0.7910 -0.4440
vn 0.1321 -0.8651 0.4840
vn -0.1988 -0.8050 0.5589
vn -0.4586 -0.8797 0.1255
vn -0.2826 -0.9446 0.1669
vn -0.7951 0.6060 -0.0236
vn -0.7244 -0.6855 0.0733
vn -0.3116 0.9430 -0.1170
vn -0.1391 0.9761 -0.1669
vn 0.2349 0.1570 -0.9593
vn -0.2705 0.2804 -0.9210
vn -0.2358 -0.1287 0.9632
vn 0.1801 -0.2871 0.9408
vn -0.2112 -0.5824 0.7850
vn 0.1242 -0.5494 0.8262
vn -0.2456 0.6405 -0.7276
vn 0.3003 0.4669 -0.8318
vn 0.1694 -0.5686 -0.8050
vn -0.3247 -0.4443 -0.8350
vn -0.1791 0.5921 0.7857
vn 0.2462 0.4505 0.8582
vn 0.4462 0.1204 0.8868
vn 0.7169 -0.1708 -0.6759
vn 0.3196 0.1387 0.9374
vn 0.2955 -0.1846 -0.9373
vn 0.2954 -0.1846 -0.9374
vn -0.2842 -0.9424 -0.1765
vn 0.2162 -0.9413 -0.2594
vn 0.2961 0.9439 0.1465
vn -0.1417 0.9507 0.2760
vn -0.1564 0.7891 0.5940
vn 0.3405 0.7889 0.5116
vn -0.2736 -0.8156 -0.5098
vn 0.1692 -0.7693 -0.6160
vn 0.6667 -0.3668 0.6488
vn 0.9859 -0.1640 0.0319
vn 0.6974 0.0829 0.7119
vn 0.9858 -0.1645 0.0328
vn 0.7441 0.0865 -0.6624
vn 0.7514 0.5933 0.2888
vn 0.6940 -0.3712 -0.6169
vn 0.7802 0.4903 -0.3885
vn 0.2083 -0.3252 0.9224
vn 0.2386 -0.7454 0.6224
vn 0.2901 -0.8833 0.3684
vn 0.2603 -0.9654 0.0159
vn 0.2113 0.2952 0.9318
vn 0.2966 0.6945 0.6555
vn 0.3391 0.9408 -0.0017
vn 0.2743 -0.7682 -0.5784
vn 0.2569 -0.7687 -0.5857
vn 0.2293 -0.3475 -0.9092
vn 0.3151 0.6954 -0.6458
vn 0.2335 0.2814 -0.9308
vn -0.7298 0.2750 0.6259
vn -0.9852 0.1679 -0.0340
vn -0.7761 -0.1709 0.6070
vn -0.7024 0.2583 -0.6632
vn -0.7497 -0.1812 -0.6365
vn -0.6527 0.7565 -0.0406
vn -0.3143 -0.1914 0.9298
vn -0.3343 -0.6502 0.6823
vn -0.5231 -0.8523 0.0026
vn -0.3348 -0.9423 -0.0049
vn -0.2804 0.3667 0.8871
vn -0.2910 0.7401 0.6063
vn -0.2564 0.9663 -0.0213
vn -0.3158 -0.6544 -0.6870
vn -0.2906 -0.2056 -0.9345
vn -0.2754 0.7200 -0.6370
vn -0.2583 0.3435 -0.9029
vn 0.0265 -0.2990 0.9539
vn 0.0001 0.0595 0.9982
vn -0.6332 0.1087 0.7663
vn -0.7612 -0.5588 0.3291
vn 0.1444 -0.8544 -0.4992
vn -0.4993 0.8028 0.3259
vn -0.1293 0.9028 0.4102
vn -0.5797 -0.3530 -0.7344
vn 0.0017 0.4295 -0.9031
vn -0.0479 0.2975 -0.9535
vn -0.9854 0.1668 -0.0341
vn 0.0223 0.4103 0.9117
vn 0.6148 -0.1007 0.7822
vn 0.0359 0.0927 0.9950
vn 0.0013 0.0620 0.9981
vn 0.0192 0.2883 0.9574
vn 0.0583 -0.1620 0.9851
vn -0.0107 0.0081 0.9999
vn -0.0680 0.2138 0.9745
vn 0.0543 -0.1898 0.9803
vn -0.0077 0.0258 0.9996
vn -0.0133 -0.0082 0.9999
vn -0.0606 0.2932 0.9541
vn 0.0300 -0.1712 0.9848
vn -0.0055 -0.0586 0.9983
vn -0.0407 -0.0158 0.9990
vn -0.0282 -0.0963 0.9950
vn -0.0367 -0.0214 0.9991
vn -0.0263 -0.0812 0.9964
vn 0.0194 0.0393 0.9990
vn 0.0086 0.1172 0.9931
vn 0.0208 0.0345 0.9992
vn 0.0152 0.0432 0.9990
vn 0.1720 -0.0340 0.9845
vn 0.0036 0.0971 0.9953
vn -0.1661 0.2922 0.9418
vn 0.2841 0.4969 0.8200
vn 0.3225 0.4223 0.8471
vn -0.1055 0.5311 0.8407
vn 0.4279 0.0887 0.8995
vn 0.4577 0.1803 0.8707
vn 0.4325 -0.1575 0.8878
vn -0.4308 -0.2717 0.8605
vn -0.5050 -0.4023 0.7636
vn -0.0551 0.4234 0.9043
vn -0.1201 0.9925 -0.0221
vn -0.0607 -0.4573 0.8872
vn 0.1278 -0.9790 0.1589
vn 0.7583 0.0148 0.6517
vn 0.3458 0.3603 0.8664
vn 0.3430 0.3254 0.8812
vn 0.3562 0.6150 0.7035
vn -0.0813 0.9876 -0.1340
vn 0.2463 0.9167 0.3146
vn 0.9277 0.3324 -0.1702
vn 0.2419 0.8200 0.5187
vn 0.0251 0.9600 0.2788
vn -0.0801 0.9880 -0.1318
vn 0.2895 0.9514 -0.1049
vn -0.0173 0.9111 -0.4119
vn 0.2717 0.8370 -0.4750
vn 0.4183 0.4465 -0.7910
vn 0.1820 0.8576 -0.4811
vn 0.4572 -0.0419 -0.8884
vn 0.3891 0.2677 -0.8814
vn 0.0001 -0.4546 -0.8907
vn 0.2775 -0.3975 -0.8746
vn 0.2665 -0.8009 -0.5362
vn 0.9198 -0.3925 0.0025
vn 0.1586 -0.3553 0.9212
vn 0.0563 0.0578 0.9967
vn 0.0941 -0.3815 0.9196
vn -0.0209 0.0862 0.9961
vn 0.0160 0.1675 0.9857
vn -0.1041 0.1018 0.9893
vn -0.0629 0.0587 0.9963
vn -0.1049 0.1058 0.9888
vn -0.3079 -0.3976 0.8644
vn -0.0244 0.3293 0.9439
vn -0.0992 0.3699 0.9237
vn -0.3236 -0.3841 0.8647
vn -0.3005 -0.2553 0.9190
vn -0.3236 -0.3840 0.8648
vn -0.2925 -0.3525 0.8889
vn -0.1755 -0.8777 0.4460
vn -0.1706 -0.9850 -0.0273
vn -0.1489 -0.9046 -0.3994
vn -0.2774 -0.3633 -0.8894
vn -0.2969 -0.2729 -0.9151
vn -0.3259 -0.3480 -0.8790
vn -0.2969 -0.4326 -0.8513
vn -0.2414 -0.2202 -0.9451
vn -0.2818 -0.1825 -0.9420
vn 0.0360 0.9993 -0.0033
vn 0.1618 0.5535 0.8170
vn 0.1398 0.0911 0.9860
vn 0.0725 -0.1882 0.9794
vn 0.0962 -0.2618 0.9603
vn 0.1105 -0.9794 0.1690
vn 0.0210 -0.9995 -0.0222
vn -0.4609 -0.8873 -0.0134
vn -0.0443 -0.9988 0.0190
vn 0.2224 -0.8850 -0.4091
vn 0.0254 -0.7695 0.6382
vn -0.0211 -0.6984 0.7154
vn -0.0083 -0.7004 -0.7137
vn -0.1535 0.9766 -0.1509
vn -0.1393 0.9094 -0.3918
vn 0.0276 0.9455 0.3244
vn 0.0353 0.9264 -0.3750
vn 0.0356 0.8985 0.4376
vn 0.0633 0.8579 -0.5100
vn 0.0584 0.9972 0.0462
vn 0.0944 0.9188 -0.3832
vn -0.2787 -0.9315 0.2338
vn -0.3841 -0.8354 -0.3932
vn -0.0523 -0.9973 -0.0521
vn 0.1982 -0.8009 -0.5650
vn 0.0073 0.8943 0.4474
vn 0.0371 0.9003 -0.4337
vn 0.0383 0.9976 0.0579
vn 0.0729 0.9212 -0.3822
vn -0.2603 -0.9329 0.2487
vn -0.3421 -0.8719 -0.3502
vn -0.0181 -0.9991 -0.0394
vn 0.2295 -0.7938 -0.5632
vn 0.3827 0.8087 0.4467
vn 0.2641 0.9447 -0.1942
vn 0.1289 -0.9621 0.2405
vn -0.1029 -0.9772 -0.1856
vn -0.1125 -0.9340 0.3392
vn -0.1108 -0.9659 -0.2339
vn 0.3033 -0.9526 -0.0232
vn 0.2914 -0.9557 -0.0425
vn -0.0368 0.7822 0.6219
vn 0.3427 0.8446 0.4114
vn 0.0072 1.0000 -0.0041
vn 0.2102 0.9591 -0.1898
vn 0.1784 -0.9585 0.2225
vn -0.0437 -0.9764 -0.2114
vn -0.0448 -0.9196 0.3904
vn -0.0643 -0.9739 -0.2177
vn 0.1370 -0.9621 0.2359
vn -0.0655 -0.9696 -0.2358
vn -0.0718 -0.9180 0.3901
vn -0.0817 -0.9697 -0.2302
vn 0.3010 0.8577 0.4168
vn 0.2015 0.9655 -0.1647
vn -0.3185 -0.9209 0.2249
vn -0.4083 -0.8425 -0.3514
vn -0.1114 -0.9938 -0.0070
vn -0.0725 -0.8316 -0.5507
vn 0.1079 0.9914 0.0740
vn 0.1017 0.9076 -0.4073
vn 0.0359 -0.0855 0.9957
vn 0.0325 0.3568 0.9336
vn -0.0582 0.4574 0.8874
vn 0.0682 0.9131 0.4020
vn 0.0774 0.9192 0.3860
vn -0.0008 0.3967 0.9179
vn -0.0373 -0.5109 0.8588
vn 0.0321 -0.2331 0.9719
vn -0.0777 -0.7521 0.6544
vn -0.0089 0.3689 0.9294
vn 0.0690 0.9248 0.3741
vn 0.0747 0.9341 0.3490
vn 0.0082 0.4637 0.8860
vn -0.0022 -0.5157 0.8568
vn 0.0105 -0.3043 0.9525
vn -0.0688 -0.7740 0.6294
vn -0.1653 0.2552 0.9527
vn 0.0884 0.4592 0.8839
vn -0.0347 -0.3548 0.9343
vn -0.1024 -0.7799 0.6175
vn 0.1273 -0.7359 0.6650
vn 0.2210 -0.6853 0.6940
vn 0.2460 -0.6312 0.7356
vn 0.0914 0.5010 0.8606
vn 0.0184 -0.3526 0.9356
vn 0.1824 -0.7461 0.6404
vn 0.1444 -0.7189 0.6800
vn 0.0878 0.4932 0.8655
vn -0.0077 -0.3823 0.9240
vn -0.0710 -0.5862 0.8070
vn 0.0298 0.1888 0.9816
vn 0.1596 0.9109 0.3805
vn 0.2140 0.9160 0.3394
vn -0.0149 0.4882 0.8726
vn -0.0898 0.3938 0.9148
vn 0.0212 0.0209 0.9996
vn -0.8552 0.5172 -0.0335
vn 0.0256 0.8074 0.5895
vn -0.4434 -0.5535 0.7050
vn -0.6303 -0.0349 0.7756
vn -0.5281 -0.0467 0.8479
vn 0.1495 -0.0926 0.9844
vn -0.2873 -0.8377 0.4644
vn -0.5110 -0.8590 0.0308
vn -0.2673 -0.9049 -0.3312
vn -0.5458 -0.5870 -0.5979
vn 0.1631 -0.1433 -0.9761
vn -0.4957 -0.0618 -0.8663
vn -0.5950 -0.0488 -0.8023
vn 0.4126 -0.8521 0.3221
vn 0.1911 -0.3613 -0.9127
vn 0.1054 0.5555 0.8248
vn 0.0540 0.9328 0.3564
vn -0.0212 0.3615 0.9321
vn -0.7208 -0.5857 -0.3707
vn 0.4161 -0.8550 0.3097
vn 0.5938 -0.5275 -0.6076
vn -0.7068 -0.6241 -0.3330
vn 0.4435 -0.8227 0.3557
vn 0.6302 -0.5187 -0.5777
vn -0.1432 -0.4993 0.8545
vn -0.1048 -0.9206 0.3763
vn -0.0167 -0.3214 0.9468
vn 0.7079 0.5751 0.4100
vn 0.0341 -0.3334 0.9422
vn 0.6913 0.6151 0.3791
vn -0.4174 0.7392 -0.5286
vn -0.0805 -0.5678 0.8192
vn -0.0097 -0.9261 0.3771
vn -0.0062 -0.3356 0.9420
vn 0.6024 0.7255 0.3329
vn -0.1172 -0.5772 0.8081
vn -0.0656 -0.9383 0.3397
vn -0.1382 0.4889 0.8613
vn -0.7288 -0.6043 -0.3220
vn 0.1103 0.7743 0.6231
vn -0.7631 -0.2016 0.6141
vn -0.9390 -0.3374 -0.0673
vn -0.6294 -0.1210 0.7676
vn -0.7298 -0.6160 0.2966
vn -0.3878 -0.5301 0.7540
vn -0.3522 -0.8997 0.2581
vn -0.9573 -0.1664 -0.2365
vn -0.7070 -0.2557 -0.6594
vn -0.5965 -0.1332 -0.7915
vn -0.7480 -0.5791 -0.3243
vn -0.3685 -0.5386 -0.7577
vn -0.3457 -0.9037 -0.2526
vn -0.0564 0.3785 -0.9239
vn -0.1518 0.2546 -0.9551
vn 0.0280 0.3488 0.9368
vn 0.0164 -0.3658 0.9305
vn 0.0012 -0.9952 0.0974
vn 0.0081 -0.9406 -0.3393
vn 0.0201 0.9444 0.3281
vn -0.0251 0.9811 -0.1920
vn 0.0059 -0.6513 0.7588
vn 0.0270 -0.0054 -0.9996
vn 0.6367 -0.1294 -0.7602
vn 0.0220 0.0422 -0.9989
vn 0.0568 0.0241 -0.9981
vn 0.0251 0.2425 -0.9698
vn 0.0819 -0.1731 -0.9815
vn -0.0194 -0.2868 -0.9578
vn -0.0409 0.1644 -0.9855
vn 0.0071 -0.0324 -0.9995
vn 0.0076 -0.0282 -0.9996
vn -0.0403 0.2756 -0.9604
vn 0.0515 -0.1925 -0.9799
vn 0.0151 -0.0787 -0.9968
vn 0.1095 -0.0923 -0.9897
vn -0.0076 -0.1163 -0.9932
vn 0.1184 -0.0935 -0.9886
vn -0.0045 -0.0883 -0.9961
vn -0.0753 0.0671 -0.9949
vn -0.0221 -0.1348 -0.9906
vn -0.0857 0.0565 -0.9947
vn 0.0361 0.0234 -0.9991
vn 0.1928 -0.0544 -0.9797
vn -0.0296 -0.1941 -0.9805
vn -0.0896 0.5124 -0.8541
vn 0.3443 0.4115 -0.8439
vn 0.3053 0.4841 -0.8200
vn 0.4680 0.0594 -0.8817
vn 0.4732 0.1759 -0.8632
vn 0.4741 -0.1882 -0.8601
vn 0.4771 -0.2006 -0.8556
vn 0.4246 -0.3556 -0.8326
vn 0.0561 0.0843 -0.9949
vn 0.1776 -0.3610 -0.9155
vn 0.1211 -0.3752 -0.9190
vn 0.0762 0.0131 -0.9970
vn 0.0042 0.1164 -0.9932
vn -0.0835 0.0818 -0.9931
vn 0.1565 0.5742 -0.8036
vn 0.1863 0.0300 -0.9820
vn 0.1409 -0.2674 -0.9532
vn 0.0594 0.3361 -0.9400
vn -0.1730 0.6510 -0.7391
vn 0.0445 0.7342 -0.6775
vn 0.0292 0.4076 -0.9127
vn 0.0530 0.7728 -0.6324
vn -0.1326 -0.4588 -0.8786
vn -0.0184 0.4012 -0.9158
vn 0.0535 0.5103 -0.8583
vn 0.0510 0.7791 -0.6249
vn -0.1610 -0.4915 -0.8559
vn -0.1451 0.2492 -0.9575
vn 0.0642 0.7256 -0.6851
vn -0.0165 -0.3986 -0.9170
vn -0.1098 -0.9543 -0.2779
vn 0.2403 -0.6952 -0.6775
vn 0.2807 -0.6113 -0.7399
vn 0.0052 0.4898 -0.8718
vn -0.0329 0.2306 -0.9725
vn 0.0368 -0.3910 -0.9197
vn -0.0445 -0.9453 -0.3232
vn -0.0732 -0.9342 -0.3492
vn 0.2093 -0.3224 -0.9232
vn -0.1604 -0.4874 -0.8583
vn 0.0519 0.1771 -0.9828
vn 0.1235 0.7599 -0.6382
vn -0.0716 0.0350 -0.9968
vn -0.8552 0.5172 -0.0332
vn 0.0381 0.7964 -0.6035
vn 0.2642 0.3350 -0.9044
vn 0.0616 0.9265 -0.3713
vn 0.0019 0.3368 -0.9416
vn -0.2204 -0.3577 -0.9074
vn -0.0970 -0.9264 -0.3639
vn 0.0063 -0.3458 -0.9383
vn 0.0589 -0.3590 -0.9315
vn -0.1747 -0.4313 -0.8851
vn -0.0021 -0.9332 -0.3594
vn -0.1155 0.4670 -0.8767
vn 0.1239 0.7645 -0.6326
vn -0.4313 0.6387 -0.6372
vn 0.0267 0.0251 -0.9993
vn -0.0017 0.1050 -0.9945
vn 0.0432 -0.1803 -0.9827
vn 0.0825 0.7308 -0.6776
vn 0.0242 -0.7116 -0.7022
vn -0.0317 0.2105 0.9771
vn -0.0119 0.2420 0.9702
vn -0.0157 0.1432 0.9896
vn -0.0884 0.0846 0.9925
vn -0.4167 0.9090 -0.0015
vn 0.0451 -0.6474 0.7608
vn -0.9235 -0.3823 -0.0332
vn -0.0104 0.0100 0.9999
vn -0.0104 0.0099 0.9999
vn -0.0348 -0.0042 0.9994
vn -0.0106 0.0110 0.9999
vn 0.0104 -0.0101 -0.9999
vn 0.0063 -0.0190 -0.9998
vn 0.0104 -0.0098 -0.9999
vn -0.0002 0.0910 -0.9959
vn 0.0104 -0.0103 -0.9999
vn 0.0110 -0.0136 -0.9998
vn 0.0794 -0.6840 -0.7252
vn -0.0317 0.0536 -0.9981
vn 0.0072 0.1253 -0.9921
vn 0.0090 0.1633 -0.9865
vn 0.0072 0.1254 -0.9921
vn 0.0087 0.1625 -0.9867
vn 0.0153 -0.9716 -0.2362
vn -0.0158 -0.9984 -0.0539
vn -0.0005 -0.9907 0.1362
vn 0.0298 -0.9634 0.2663
vn 0.0615 -0.9727 -0.2236
vn 0.0727 -0.9870 0.1432
vn 0.1048 -0.9900 -0.0944
vn -0.0186 -0.9998 0.0019
vn -0.0158 -0.9984 -0.0538
vn -0.0143 -0.9997 0.0209
vn -0.0083 0.1509 0.9885
vn -0.0118 0.2419 0.9702
vn -0.0082 0.1484 0.9889
vt 0.203965 0.378594
vt 0.087576 0.350141
vt 0.102693 0.433948
vt 0.024354 0.408988
vt 0.024953 0.406121
vt 0.089592 0.359401
vt 0.103292 0.431080
vt 0.090222 0.358298
vt 0.090065 0.358298
vt 0.090065 0.358928
vt 0.204564 0.375727
vt 0.090065 0.358771
vt 0.089907 0.358613
vt 0.089907 0.359873
vt 0.090065 0.360031
vt 0.089592 0.359086
vt 0.090537 0.359558
vt 0.090380 0.359873
vt 0.089907 0.359086
vt 0.089907 0.358928
vt 0.089592 0.359873
vt 0.088962 0.360346
vt 0.090222 0.358456
vt 0.000000 0.000000
vt 0.603251 0.832302
vt 0.581194 0.858645
vt 0.603767 0.789148
vt 0.899767 0.735148
vt 0.877194 0.804645
vt 0.859434 0.802183
vt 0.843711 0.735132
vt 0.877023 0.705528
vt 0.844222 0.778292
vt 0.859437 0.708051
vt 0.681907 0.840435
vt 0.729426 0.838375
vt 0.729426 0.886772
vt 0.460222 0.839134
vt 0.460222 0.806020
vt 0.491587 0.836605
vt 0.681907 0.890604
vt 0.729426 0.913201
vt 0.681907 0.776834
vt 0.729426 0.766453
vt 0.729426 0.724323
vt 0.681907 0.721571
vt 0.729426 0.697847
vt 0.681907 0.880733
vt 0.681907 0.840419
vt 0.729426 0.838352
vt 0.681907 0.776810
vt 0.681907 0.731656
vt 0.729426 0.766445
vt 0.635036 0.786923
vt 0.658216 0.856851
vt 0.635489 0.831563
vt 0.954217 0.802851
vt 0.931037 0.732923
vt 0.976830 0.732901
vt 0.976384 0.777562
vt 0.954246 0.704708
vt 0.777023 0.839946
vt 0.523003 0.805698
vt 0.523003 0.835054
vt 0.777023 0.884423
vt 0.777023 0.774186
vt 0.777023 0.725384
vt 0.777023 0.839944
vt 0.777023 0.774152
vt 0.397428 0.880823
vt 0.397632 0.853266
vt 0.420874 0.853253
vt 0.629972 0.661912
vt 0.594772 0.657765
vt 0.630293 0.615995
vt 0.594756 0.662914
vt 0.421035 0.822954
vt 0.595079 0.616015
vt 0.595327 0.568461
vt 0.630536 0.570090
vt 0.630004 0.655144
vt 0.595299 0.576185
vt 0.630524 0.574244
vt 0.648430 0.654751
vt 0.652451 0.659187
vt 0.643956 0.615863
vt 0.652453 0.572540
vt 0.648728 0.574384
vt 0.368079 0.833500
vt 0.366567 0.858299
vt 0.348813 0.859149
vt 0.333919 0.845723
vt 0.293886 0.855396
vt 0.317961 0.845676
vt 0.256449 0.847392
vt 0.214745 0.857963
vt 0.241256 0.849218
vt 0.198458 0.857903
vt 0.165236 0.851873
vt 0.113130 0.862275
vt 0.147594 0.853066
vt 0.347350 0.831101
vt 0.228989 0.831511
vt 0.174475 0.835912
vt 0.308318 0.828859
vt 0.269587 0.831013
vt 0.129021 0.881050
vt 0.187580 0.873862
vt 0.227455 0.873346
vt 0.216261 0.615712
vt 0.164047 0.629663
vt 0.154187 0.596586
vt 0.196447 0.592678
vt 0.270341 0.870369
vt 0.100210 0.581292
vt 0.073773 0.605038
vt 0.055621 0.589723
vt 0.101703 0.560254
vt 0.041564 0.835912
vt 0.053545 0.846021
vt 0.027079 0.859171
vt 0.041838 0.863413
vt 0.018117 0.885480
vt 0.032878 0.887913
vt 0.020188 0.905693
vt 0.108856 0.588372
vt 0.116741 0.575354
vt 0.098263 0.657259
vt 0.082275 0.690166
vt 0.085117 0.643768
vt 0.105124 0.629246
vt 0.091770 0.617765
vt 0.074238 0.861999
vt 0.065424 0.854421
vt 0.075968 0.848749
vt 0.142957 0.576939
vt 0.130495 0.589686
vt 0.107744 0.609171
vt 0.081844 0.640157
vt 0.084661 0.850440
vt 0.090984 0.835888
vt 0.150393 0.588930
vt 0.120915 0.611733
vt 0.152860 0.582166
vt 0.131369 0.589054
vt 0.145962 0.594539
vt 0.120961 0.611700
vt 0.094227 0.616176
vt 0.107634 0.599291
vt 0.085298 0.634349
vt 0.105129 0.629233
vt 0.080107 0.650242
vt 0.084626 0.682593
vt 0.075908 0.672187
vt 0.054954 0.890342
vt 0.059157 0.902209
vt 0.060709 0.897211
vt 0.080082 0.880336
vt 0.096915 0.867566
vt 0.089435 0.884314
vt 0.090648 0.856560
vt 0.105979 0.841059
vt 0.129986 0.621005
vt 0.069710 0.880489
vt 0.113977 0.657027
vt 0.112674 0.670668
vt 0.112462 0.680919
vt 0.112687 0.670668
vt 0.113980 0.657007
vt 0.126223 0.625902
vt 0.153213 0.597520
vt 0.089869 0.599052
vt 0.064169 0.842070
vt 0.050487 0.857137
vt 0.058872 0.869201
vt 0.060451 0.642665
vt 0.069139 0.621879
vt 0.066856 0.665580
vt 0.054677 0.670855
vt 0.542273 0.670352
vt 0.518546 0.659303
vt 0.518875 0.656827
vt 0.362777 0.876969
vt 0.362777 0.889131
vt 0.347334 0.880204
vt 0.542273 0.651977
vt 0.520755 0.570361
vt 0.526879 0.571954
vt 0.549738 0.573225
vt 0.549578 0.574556
vt 0.173102 0.827523
vt 0.175062 0.827648
vt 0.222316 0.826104
vt 0.224419 0.826018
vt 0.344528 0.654702
vt 0.339195 0.659326
vt 0.280567 0.662337
vt 0.280956 0.656854
vt 0.269064 0.824006
vt 0.269875 0.823224
vt 0.302298 0.823357
vt 0.304151 0.823245
vt 0.467619 0.652832
vt 0.461765 0.657757
vt 0.403781 0.656515
vt 0.404853 0.651352
vt 0.131660 0.830637
vt 0.128022 0.833131
vt 0.271419 0.661429
vt 0.197080 0.666883
vt 0.194105 0.665503
vt 0.273122 0.650942
vt 0.130721 0.677038
vt 0.130810 0.674593
vt 0.458463 0.567955
vt 0.518429 0.570060
vt 0.453453 0.570531
vt 0.339209 0.880294
vt 0.315419 0.878578
vt 0.313502 0.877567
vt 0.506567 0.656963
vt 0.511174 0.645934
vt 0.470524 0.654363
vt 0.265768 0.879130
vt 0.234074 0.879535
vt 0.232256 0.878802
vt 0.267279 0.873023
vt 0.227993 0.824380
vt 0.188764 0.670868
vt 0.183581 0.586297
vt 0.126024 0.833651
vt 0.105746 0.830924
vt 0.342781 0.870884
vt 0.362777 0.862726
vt 0.550306 0.586068
vt 0.518901 0.582433
vt 0.190039 0.883841
vt 0.206730 0.862677
vt 0.271366 0.879998
vt 0.309844 0.871891
vt 0.292486 0.860665
vt 0.134516 0.837863
vt 0.155681 0.847651
vt 0.132970 0.885931
vt 0.184001 0.883242
vt 0.128148 0.663054
vt 0.348574 0.823133
vt 0.307458 0.821545
vt 0.325715 0.840584
vt 0.248001 0.843594
vt 0.091134 0.893544
vt 0.111375 0.868088
vt 0.549156 0.641949
vt 0.542273 0.651926
vt 0.548015 0.623639
vt 0.549040 0.654645
vt 0.367244 0.878764
vt 0.367390 0.881833
vt 0.549263 0.659294
vt 0.549174 0.641949
vt 0.542273 0.630347
vt 0.347282 0.655814
vt 0.395300 0.655200
vt 0.397590 0.645947
vt 0.040941 0.889463
vt 0.056036 0.631388
vt 0.042461 0.668506
vt 0.041659 0.662600
vt 0.023236 0.695444
vt 0.056017 0.631434
vt 0.069157 0.621850
vt 0.073728 0.605081
vt 0.108823 0.588393
vt 0.572311 0.586706
vt 0.572311 0.641937
vt 0.572311 0.654645
vt 0.572311 0.657716
vt 0.382603 0.878764
vt 0.572311 0.573214
vt 0.572311 0.581788
vt 0.550308 0.586070
vt 0.498552 0.604587
vt 0.521147 0.624978
vt 0.437759 0.619234
vt 0.474375 0.604515
vt 0.367364 0.608776
vt 0.317998 0.623130
vt 0.293322 0.623040
vt 0.242990 0.613904
vt 0.518880 0.582414
vt 0.339590 0.583046
vt 0.256952 0.589705
vt 0.459772 0.579030
vt 0.401061 0.582288
vt 0.188134 0.658097
vt 0.337264 0.646426
vt 0.196444 0.592682
vt 0.053516 0.846049
vt 0.033675 0.624961
vt 0.020097 0.664820
vt 0.139506 0.637713
vt 0.128095 0.663024
vt 0.048980 0.885982
vt 0.044752 0.870857
vt 0.367599 0.825902
vt 0.352616 0.824184
vt 0.347337 0.831088
vt 0.332655 0.574732
vt 0.257876 0.577202
vt 0.305732 0.630274
vt 0.401522 0.570499
vt 0.462088 0.644222
vt 0.435668 0.627220
vt 0.134514 0.837866
vt 0.228372 0.607513
vt 0.485990 0.596797
vt 0.368262 0.601373
vt 0.161388 0.638470
vt 0.186609 0.585509
vt 0.572311 0.602778
vt 0.572311 0.641656
vt 0.528289 0.478064
vt 0.249165 0.479319
vt 0.458942 0.456268
vt 0.753174 0.508957
vt 0.759222 0.495167
vt 0.755661 0.522292
vt 0.792423 0.528996
vt 0.199321 0.504190
vt 0.023790 0.523311
vt 0.021005 0.501528
vt 0.407868 0.493536
vt 0.585974 0.500374
vt 0.315922 0.495663
vt 0.020650 0.501566
vt 0.160681 0.507680
vt 0.509232 0.477837
vt 0.474005 0.494063
vt 0.614254 0.502812
vt 0.738425 0.519402
vt 0.753185 0.508723
vt 0.272329 0.393129
vt 0.444194 0.373524
vt 0.268385 0.365848
vt 0.018058 0.479763
vt 0.315922 0.498294
vt 0.160681 0.510311
vt 0.474005 0.496695
vt 0.614254 0.505444
vt 0.738425 0.522033
vt 0.444194 0.376828
vt 0.272329 0.396433
vt 0.272327 0.393149
s 1
usemtl 材质.006
f 1/1/1 2/1/2 3/2/3
f 4/2/4 1/1/1 3/2/3
f 5/3/5 6/3/6 2/1/7
f 1/1/7 5/3/5 2/1/7
f 7/4/8 8/4/9 6/3/6
f 5/3/5 7/4/8 6/3/6
f 4/2/4 3/2/3 8/4/10
f 7/5/11 4/6/4 8/5/10
f 3/2/3 2/1/12 9/1/13
f 6/3/6 10/3/14 9/1/13
f 2/1/12 6/3/6 9/1/13
f 10/3/14 6/3/6 8/4/9
f 5/3/5 1/1/15 11/1/16
f 12/3/17 5/3/5 11/1/16
f 4/2/4 13/2/18 11/1/16
f 1/1/15 4/2/4 11/1/16
f 13/2/18 4/2/4 7/4/11
f 5/3/5 12/3/17 7/4/8
f 3/2/3 9/1/13 14/2/19
f 10/3/14 8/4/20 15/4/21
f 3/2/3 14/2/19 15/4/22
f 8/4/10 3/2/3 15/4/22
f 7/4/11 16/4/23 13/2/18
f 7/5/24 12/7/17 16/5/25
f 14/2/19 9/1/13 17/1/26
f 9/1/13 10/3/14 17/1/26
f 12/3/17 11/1/16 17/1/26
f 11/1/16 13/2/18 17/1/26
f 14/2/19 17/1/26 13/2/18
f 17/1/26 10/3/14 12/3/17
f 10/3/14 15/4/21 16/4/25
f 12/3/17 10/3/14 16/4/25
f 15/4/22 14/2/19 13/2/18
f 16/4/23 15/4/22 13/2/18
f 18/1/27 19/1/27 20/2/28
f 21/2/29 18/1/27 20/2/28
f 18/1/30 22/3/31 23/3/32
f 19/1/30 18/1/30 23/3/32
f 22/7/31 24/5/33 25/5/34
f 23/7/32 22/7/31 25/5/34
f 21/8/29 20/9/28 25/5/35
f 24/5/36 21/8/29 25/5/35
f 20/2/28 19/1/37 26/1/38
f 27/2/39 20/2/28 26/1/38
f 23/3/32 28/3/40 26/1/38
f 19/1/37 23/3/32 26/1/38
f 28/7/40 23/7/32 25/5/34
f 20/9/28 27/10/39 25/5/35
f 22/3/31 18/1/41 29/1/42
f 30/7/43 22/7/31 29/11/42
f 21/8/29 31/12/44 29/11/42
f 18/1/41 21/2/29 29/1/42
f 31/12/44 21/8/29 24/5/36
f 22/7/31 30/7/43 24/5/33
f 25/5/34 32/5/45 28/7/40
f 25/5/46 27/10/39 32/5/47
f 24/5/36 33/5/48 31/12/44
f 33/5/49 24/5/33 30/7/43
f 27/2/39 26/1/38 34/1/50
f 26/1/38 28/3/40 34/1/50
f 30/3/43 29/1/42 34/1/50
f 29/1/42 31/2/44 34/1/50
f 27/2/39 34/1/50 31/2/44
f 34/1/50 28/3/40 30/3/43
f 32/5/45 33/5/49 30/7/43
f 28/7/40 32/5/45 30/7/43
f 27/10/39 31/12/44 33/5/48
f 32/5/47 27/10/39 33/5/48
f 35/1/51 36/1/51 37/2/52
f 38/2/53 35/1/51 37/2/52
f 39/3/54 40/3/55 36/1/56
f 35/1/56 39/3/54 36/1/56
f 41/4/57 42/4/58 40/3/55
f 39/3/54 41/4/57 40/3/55
f 38/2/53 37/2/52 42/4/59
f 41/5/60 38/13/53 42/5/59
f 37/2/52 36/1/61 43/1/62
f 44/2/63 37/2/52 43/1/62
f 40/3/55 45/3/64 43/1/62
f 36/1/61 40/3/55 43/1/62
f 45/3/64 40/3/55 42/4/58
f 37/2/52 44/2/63 42/4/59
f 39/3/54 35/1/65 46/1/66
f 47/7/67 39/7/54 46/11/66
f 38/13/53 48/14/68 46/11/66
f 35/1/65 38/2/53 46/1/66
f 48/14/68 38/13/53 41/5/60
f 39/7/54 47/7/67 41/5/57
f 42/5/58 49/5/69 45/7/64
f 42/4/70 44/2/63 49/4/71
f 41/4/60 50/4/72 48/2/68
f 41/4/73 47/3/67 50/4/74
f 44/2/63 43/1/62 51/1/75
f 45/3/64 52/3/76 51/1/75
f 43/1/62 45/3/64 51/1/75
f 52/7/76 45/7/64 49/5/69
f 47/3/67 46/1/66 51/1/75
f 52/3/76 47/3/67 51/1/75
f 46/1/66 48/2/68 51/1/75
f 47/3/67 52/3/76 50/4/74
f 48/2/68 44/2/63 51/1/75
f 49/4/69 50/4/77 52/3/76
f 49/4/71 44/2/63 48/2/68
f 50/4/72 49/4/71 48/2/68
f 53/1/78 54/1/78 55/2/79
f 56/15/80 53/11/78 55/16/79
f 53/1/81 57/3/82 58/3/83
f 54/1/81 53/1/81 58/3/83
f 59/5/84 60/5/85 58/7/83
f 57/3/82 59/4/84 58/3/83
f 56/15/80 55/16/79 60/5/86
f 59/5/87 56/15/80 60/5/86
f 55/2/79 54/1/88 61/1/89
f 62/2/90 55/2/79 61/1/89
f 58/3/83 63/3/91 61/1/89
f 54/1/88 58/3/83 61/1/89
f 63/3/91 58/3/83 60/4/85
f 55/16/79 62/17/90 60/5/86
f 57/3/82 53/1/92 64/1/93
f 65/3/94 57/3/82 64/1/93
f 56/2/80 66/2/95 64/1/93
f 53/11/92 56/15/80 64/11/93
f 66/2/95 56/2/80 59/4/87
f 57/3/82 65/3/94 59/4/84
f 63/3/91 60/4/96 67/4/97
f 67/5/98 60/5/86 62/17/90
f 59/4/87 68/4/99 66/2/95
f 59/5/100 65/7/94 68/5/101
f 62/2/90 61/1/89 69/1/102
f 70/2/103 62/2/90 69/1/102
f 61/1/89 63/3/91 69/1/102
f 62/17/90 70/15/103 67/5/98
f 65/3/94 64/1/93 69/1/102
f 66/2/95 70/2/103 69/1/102
f 64/1/93 66/2/95 69/1/102
f 70/2/103 66/2/95 68/4/99
f 63/3/91 65/3/94 69/1/102
f 67/5/97 68/5/101 65/7/94
f 63/3/91 67/4/97 65/3/94
f 67/5/104 70/15/103 68/5/99
f 71/1/105 72/1/105 73/2/106
f 74/2/107 71/1/105 73/2/106
f 71/1/108 75/3/109 76/3/110
f 72/1/108 71/1/108 76/3/110
f 77/4/111 78/4/112 76/3/110
f 75/3/109 77/4/111 76/3/110
f 74/2/107 73/2/106 78/4/113
f 77/5/114 74/18/107 78/5/113
f 73/2/106 72/1/115 79/1/116
f 80/2/117 73/2/106 79/1/116
f 76/3/110 81/3/118 79/1/116
f 72/1/115 76/3/110 79/1/116
f 81/3/118 76/3/110 78/4/112
f 73/2/106 80/2/117 78/4/113
f 75/3/109 71/1/119 82/1/120
f 83/3/121 75/3/109 82/1/120
f 74/2/107 84/2/122 82/1/120
f 71/1/119 74/2/107 82/1/120
f 84/19/122 74/18/107 77/5/114
f 75/3/109 83/3/121 77/4/111
f 78/4/112 85/4/123 81/3/118
f 78/4/124 80/2/117 85/4/125
f 77/5/114 86/5/126 84/19/122
f 77/4/127 83/3/121 86/4/128
f 80/2/117 79/1/116 87/1/129
f 81/3/118 88/3/130 87/1/129
f 79/1/116 81/3/118 87/1/129
f 88/3/130 81/3/118 85/4/123
f 83/3/121 82/1/120 87/1/129
f 88/3/130 83/3/121 87/1/129
f 82/1/120 84/2/122 87/1/129
f 83/3/121 88/3/130 86/4/128
f 80/2/117 87/1/129 84/2/122
f 88/3/130 85/4/131 86/4/128
f 80/2/117 84/2/122 86/4/126
f 85/4/125 80/2/117 86/4/126
f 89/2/132 90/1/133 91/1/134
f 92/2/135 89/2/132 91/1/134
f 90/1/136 93/3/137 94/3/138
f 91/1/136 90/1/136 94/3/138
f 93/7/137 95/5/139 96/5/140
f 94/3/138 93/3/137 96/4/140
f 89/2/132 92/2/135 96/4/141
f 95/5/142 89/20/132 96/5/141
f 92/2/135 91/1/143 97/1/144
f 94/3/138 98/3/145 97/1/144
f 91/1/143 94/3/138 97/1/144
f 98/3/145 94/3/138 96/4/140
f 93/3/137 90/1/146 99/1/147
f 100/7/148 93/7/137 99/11/147
f 89/2/132 101/2/149 99/1/147
f 90/1/146 89/2/132 99/1/147
f 101/2/149 89/2/132 95/4/142
f 93/7/137 100/7/148 95/5/139
f 102/2/150 92/2/135 97/1/144
f 96/4/140 103/4/151 98/3/145
f 92/2/135 102/2/150 103/4/152
f 96/4/141 92/2/135 103/4/152
f 95/4/142 104/4/153 101/2/149
f 95/5/154 100/7/148 104/5/155
f 102/2/150 97/1/144 105/1/156
f 98/3/145 106/3/157 105/1/156
f 97/1/144 98/3/145 105/1/156
f 106/3/157 98/3/145 103/4/151
f 106/7/158 100/7/148 99/11/147
f 100/7/148 106/7/158 104/5/155
f 105/1/156 99/1/147 101/2/149
f 102/2/150 105/1/156 101/2/149
f 99/1/159 105/1/156 106/3/157
f 106/3/158 103/4/160 104/4/155
f 103/4/152 102/2/150 101/2/149
f 104/4/153 103/4/152 101/2/149
f 107/1/161 108/1/162 109/2/163
f 110/2/164 107/1/161 109/2/163
f 111/3/165 112/3/166 108/1/167
f 107/1/167 111/3/165 108/1/167
f 113/4/168 114/4/169 112/3/166
f 111/3/165 113/4/168 112/3/166
f 110/2/164 109/2/163 114/4/170
f 113/5/171 110/21/164 114/5/170
f 109/2/163 108/1/172 115/1/173
f 112/3/166 116/3/174 115/1/173
f 108/1/172 112/3/166 115/1/173
f 116/3/174 112/3/166 114/4/169
f 111/3/165 107/1/175 117/1/176
f 118/3/177 111/3/165 117/1/176
f 110/2/164 119/2/178 117/1/176
f 107/1/175 110/2/164 117/1/176
f 119/22/178 110/21/164 113/5/171
f 111/3/165 118/3/177 113/4/168
f 109/2/163 115/1/173 120/2/179
f 114/4/169 121/4/180 116/3/174
f 109/2/163 120/2/179 121/4/181
f 114/4/170 109/2/163 121/4/181
f 113/5/171 122/5/182 119/22/178
f 113/4/183 118/3/177 122/4/184
f 120/2/179 115/1/173 123/1/185
f 116/3/174 124/3/186 123/1/185
f 115/1/173 116/3/174 123/1/185
f 124/3/186 116/3/174 121/4/180
f 118/3/177 117/1/176 123/1/185
f 124/3/186 118/3/177 123/1/185
f 117/1/176 119/2/178 123/1/185
f 118/3/177 124/3/186 122/4/184
f 120/2/179 123/1/185 119/2/178
f 121/4/180 122/4/187 124/3/186
f 121/4/181 120/2/179 119/2/178
f 122/4/182 121/4/181 119/2/178
f 125/2/188 126/1/189 127/1/190
f 128/2/191 125/2/188 127/1/190
f 129/3/192 130/3/193 127/1/194
f 126/1/194 129/3/192 127/1/194
f 129/7/192 131/5/195 132/5/196
f 130/3/193 129/3/192 132/4/196
f 125/2/188 128/2/191 132/4/197
f 131/4/198 125/2/188 132/4/197
f 128/2/191 127/1/199 133/1/200
f 130/3/193 134/3/201 133/1/200
f 127/1/199 130/3/193 133/1/200
f 134/3/201 130/3/193 132/4/196
f 129/3/192 126/1/202 135/1/203
f 136/3/204 129/3/192 135/1/203
f 125/2/188 137/2/205 135/1/203
f 126/1/202 125/2/188 135/1/203
f 137/2/205 125/2/188 131/4/198
f 129/3/192 136/3/204 131/4/195
f 138/2/206 128/2/191 133/1/200
f 132/4/196 139/4/207 134/3/201
f 128/2/191 138/2/206 139/4/208
f 132/4/197 128/2/191 139/4/208
f 131/5/198 140/5/209 137/23/205
f 131/4/210 136/3/204 140/4/211
f 138/2/206 133/1/200 141/1/212
f 134/3/201 142/3/213 141/1/212
f 133/1/200 134/3/201 141/1/212
f 142/3/213 134/3/201 139/4/207
f 136/3/204 135/1/203 141/1/212
f 142/3/213 136/3/204 141/1/212
f 135/1/203 137/2/205 141/1/212
f 136/3/204 142/3/213 140/4/211
f 138/2/206 141/1/212 137/2/205
f 139/4/207 140/4/214 142/3/213
f 138/2/206 137/2/205 140/4/209
f 139/4/208 138/2/206 140/4/209
f 143/24/215 144/24/216 145/24/217
f 147/24/216 143/24/218 146/24/219
f 148/24/220 147/24/216 146/24/219
f 151/24/216 150/24/221 149/24/222
f 150/24/221 151/24/216 152/24/223
f 154/24/216 153/24/224 152/24/225
f 153/24/224 154/24/216 155/24/226
f 156/24/216 153/24/224 155/24/226
f 157/24/227 156/24/216 155/24/226
f 160/24/216 159/24/228 158/24/229
f 159/24/228 160/24/216 161/24/230
f 163/24/216 162/24/231 161/24/232
f 162/24/231 163/24/216 164/24/233
f 165/24/216 162/24/231 164/24/233
f 166/24/234 165/24/216 164/24/233
f 144/24/216 166/24/235 145/24/217
f 169/24/236 167/24/237 168/24/238
f 169/24/236 168/24/238 170/24/239
f 172/24/236 170/24/240 171/24/241
f 171/24/241 173/24/236 174/24/242
f 172/24/236 171/24/241 174/24/242
f 174/24/242 173/24/236 175/24/243
f 175/24/244 176/24/236 177/24/245
f 177/24/245 176/24/236 178/24/246
f 181/24/236 179/24/247 180/24/248
f 180/24/248 182/24/249 183/24/250
f 181/24/236 180/24/248 183/24/250
f 183/24/250 182/24/249 184/24/251
f 184/24/252 185/24/236 186/24/253
f 186/24/253 185/24/236 187/24/254
f 190/24/236 188/24/255 189/24/256
f 190/24/236 189/24/256 167/24/257
f 169/24/258 143/24/215 145/24/217
f 167/24/259 169/24/258 145/24/217
f 167/24/237 144/24/260 143/24/261
f 168/24/238 167/24/237 143/24/261
f 169/24/262 170/24/263 146/24/219
f 143/24/218 169/24/262 146/24/219
f 168/24/238 143/24/264 147/24/265
f 170/24/239 168/24/238 147/24/265
f 172/24/266 148/24/220 146/24/219
f 170/24/267 172/24/266 146/24/219
f 171/24/241 170/24/240 147/24/268
f 148/24/269 171/24/241 147/24/268
f 172/24/270 174/24/270 149/24/271
f 148/24/272 172/24/270 149/24/271
f 171/24/273 148/24/272 149/24/271
f 173/24/273 171/24/273 149/24/271
f 174/24/242 175/24/243 151/24/274
f 149/24/275 174/24/242 151/24/274
f 173/24/276 149/24/222 150/24/221
f 175/24/277 173/24/276 150/24/221
f 177/24/245 152/24/278 151/24/279
f 175/24/244 177/24/245 151/24/279
f 176/24/280 175/24/281 150/24/221
f 152/24/223 176/24/280 150/24/221
f 177/24/245 178/24/246 154/24/282
f 152/24/283 177/24/245 154/24/282
f 176/24/284 152/24/225 153/24/224
f 178/24/285 176/24/284 153/24/224
f 178/24/286 179/24/287 155/24/288
f 154/24/289 178/24/286 155/24/288
f 179/24/287 178/24/286 153/24/290
f 156/24/291 179/24/287 153/24/290
f 181/24/292 157/24/227 155/24/226
f 179/24/293 181/24/292 155/24/226
f 179/24/247 156/24/294 157/24/295
f 180/24/248 179/24/247 157/24/295
f 181/24/296 183/24/297 158/24/298
f 157/24/299 181/24/296 158/24/298
f 182/24/300 180/24/301 157/24/299
f 158/24/298 182/24/300 157/24/299
f 183/24/250 184/24/251 160/24/302
f 158/24/303 183/24/250 160/24/302
f 182/24/304 158/24/229 159/24/228
f 184/24/305 182/24/304 159/24/228
f 184/24/252 186/24/253 161/24/306
f 160/24/307 184/24/252 161/24/306
f 185/24/308 184/24/309 159/24/228
f 161/24/230 185/24/308 159/24/228
f 186/24/253 187/24/254 163/24/310
f 161/24/311 186/24/253 163/24/310
f 185/24/312 161/24/232 162/24/231
f 187/24/313 185/24/312 162/24/231
f 187/24/314 188/24/315 164/24/316
f 163/24/316 187/24/314 164/24/316
f 187/24/314 162/24/317 165/24/318
f 188/24/315 187/24/314 165/24/318
f 190/24/319 166/24/234 164/24/233
f 188/24/320 190/24/319 164/24/233
f 189/24/256 188/24/255 165/24/321
f 166/24/322 189/24/256 165/24/321
f 190/24/323 167/24/324 145/24/217
f 166/24/235 190/24/323 145/24/217
f 189/24/256 166/24/325 144/24/326
f 167/24/257 189/24/256 144/24/326
usemtl 材质.007
f 192/25/327 193/26/328 191/27/329
f 191/28/329 193/29/328 195/30/330
f 195/30/330 196/31/331 191/28/329
f 194/32/332 191/28/329 196/31/331
f 195/30/330 197/33/333 196/31/331
f 196/31/331 198/34/334 194/32/332
f 192/35/327 199/36/335 200/37/336
f 193/38/337 192/39/327 200/40/336
f 193/41/337 200/37/336 201/42/338
f 191/43/329 199/36/335 192/35/327
f 202/44/339 199/36/335 191/43/329
f 202/44/339 191/43/329 203/45/340
f 191/43/329 194/46/332 203/45/340
f 203/45/340 194/46/332 204/47/341
f 195/48/342 193/41/337 201/42/338
f 205/37/343 195/48/342 201/42/338
f 197/49/333 195/48/342 205/37/343
f 206/50/344 197/49/333 205/37/343
f 206/50/344 196/51/331 197/49/333
f 194/46/332 198/52/334 204/47/341
f 198/52/334 207/45/345 204/47/341
f 198/52/334 196/51/331 207/45/345
f 196/51/331 208/53/346 207/45/345
f 206/50/344 208/53/346 196/51/331
f 210/54/347 211/55/348 209/56/349
f 211/57/348 210/58/347 213/59/350
f 213/59/350 214/60/351 211/57/348
f 212/61/352 213/59/350 210/58/347
f 199/36/353 209/62/349 200/37/354
f 209/63/349 211/64/355 200/40/354
f 200/37/354 211/65/355 201/42/356
f 199/36/353 210/66/347 209/62/349
f 199/36/353 202/44/357 210/66/347
f 210/66/347 202/44/357 203/45/358
f 212/67/352 210/66/347 203/45/358
f 212/67/352 203/45/358 204/47/359
f 211/65/355 205/37/360 201/42/356
f 211/65/355 214/68/351 205/37/360
f 214/68/351 206/50/361 205/37/360
f 213/69/350 206/50/361 214/68/351
f 207/45/362 212/67/352 204/47/359
f 213/69/350 212/67/352 207/45/362
f 208/53/363 213/69/350 207/45/362
f 208/53/363 206/50/361 213/69/350
f 215/70/364 216/71/365 217/72/366
f 218/73/367 215/74/364 217/75/366
f 219/76/368 215/74/364 218/73/367
f 217/72/366 216/71/365 220/77/369
f 216/78/365 221/79/370 220/80/369
f 219/76/368 218/73/367 222/81/371
f 223/82/372 219/76/368 222/81/371
f 221/79/370 223/82/372 220/80/369
f 223/82/372 224/83/373 220/80/369
f 223/82/372 222/81/371 224/83/373
f 222/84/371 218/85/367 217/86/366
f 220/87/369 222/84/371 217/86/366
f 220/87/369 224/88/374 222/84/371
f 225/89/375 226/90/376 227/91/377
f 228/92/378 225/89/375 227/91/377
f 228/92/378 227/91/377 229/93/379
f 230/94/380 228/92/378 229/93/379
f 229/93/379 231/95/381 230/94/380
f 231/95/381 229/93/379 232/96/382
f 233/97/383 231/95/381 232/96/382
f 233/97/383 232/96/382 234/98/384
f 235/99/385 233/97/383 234/98/384
f 234/98/384 236/100/386 235/99/385
f 236/100/386 237/101/387 235/99/385
f 238/102/388 225/89/375 228/92/378
f 239/103/389 233/97/383 235/99/385
f 240/104/390 239/103/389 235/99/385
f 241/105/391 230/94/380 231/95/381
f 242/106/392 241/105/391 231/95/381
f 243/107/393 236/100/386 234/98/384
f 244/108/394 243/107/393 234/98/384
f 245/109/395 232/96/382 229/93/379
f 237/110/387 236/111/386 246/112/396
f 247/113/397 237/110/387 246/112/396
f 248/114/398 245/109/395 229/93/379
f 249/115/399 250/116/400 251/117/401
f 252/118/402 249/115/399 251/117/401
f 251/119/401 250/120/400 253/121/403
f 250/120/400 254/122/404 253/121/403
f 253/121/403 254/122/404 255/123/405
f 254/122/404 256/124/406 255/123/405
f 255/123/405 256/124/406 257/125/407
f 252/118/402 258/126/408 249/115/399
f 258/126/408 252/118/402 259/127/409
f 260/128/410 261/129/411 262/130/412
f 262/130/412 263/131/413 260/128/410
f 262/130/412 264/132/414 263/131/413
f 263/133/413 264/134/414 265/135/415
f 270/136/416 266/137/417 265/138/415
f 267/139/418 264/132/414 262/130/412
f 268/140/419 265/135/415 266/141/417
f 268/140/419 263/133/413 265/135/415
f 266/137/417 269/142/420 268/143/419
f 270/136/416 269/142/420 266/137/417
f 270/136/416 271/144/421 269/142/420
f 270/136/416 272/145/422 271/144/421
f 273/146/423 271/144/421 272/145/422
f 273/146/423 272/145/422 274/147/424
f 275/148/425 274/147/424 272/145/422
f 275/148/425 272/145/422 276/149/426
f 270/136/416 276/149/426 272/145/422
f 275/148/425 277/150/427 278/151/428
f 278/151/428 274/147/424 275/148/425
f 278/151/428 277/150/427 279/128/429
f 277/150/427 280/152/430 279/128/429
f 281/153/431 279/128/429 280/152/430
f 280/152/430 282/154/432 281/153/431
f 282/155/432 261/156/411 281/157/431
f 282/154/432 262/130/412 261/129/411
f 267/139/418 262/130/412 282/154/432
f 283/158/433 284/159/434 285/160/435
f 283/158/433 286/161/436 284/159/434
f 284/159/434 286/161/436 287/162/437
f 236/100/438 284/159/439 287/162/440
f 268/143/441 269/142/442 246/112/443
f 246/112/443 286/163/444 268/143/441
f 263/133/445 268/140/441 286/161/446
f 283/158/447 263/133/445 286/161/446
f 260/164/410 263/133/445 283/158/447
f 260/128/410 283/165/447 288/166/448
f 261/129/411 260/128/410 288/166/448
f 288/166/448 289/167/449 261/129/411
f 261/129/411 289/167/449 281/153/431
f 289/167/449 290/168/450 281/153/431
f 279/128/429 281/153/431 290/168/450
f 291/169/451 279/128/429 290/168/450
f 278/151/452 279/128/429 291/169/451
f 278/151/452 291/169/451 292/170/453
f 274/147/454 278/151/452 292/170/453
f 274/147/454 292/170/453 293/171/455
f 293/171/455 273/146/456 274/147/454
f 258/126/408 270/136/457 265/138/415
f 270/136/457 258/126/408 259/127/409
f 265/138/415 294/172/458 258/126/408
f 265/135/415 264/134/414 294/173/458
f 264/134/414 295/174/459 294/173/458
f 295/174/459 264/134/414 267/175/460
f 267/139/460 296/176/461 295/177/459
f 267/139/460 282/154/462 296/176/461
f 282/154/462 297/178/463 296/176/461
f 296/176/461 297/178/463 298/179/464
f 299/180/465 300/181/466 301/182/467
f 302/183/468 299/184/465 301/185/467
f 299/180/465 303/186/469 300/181/466
f 306/187/470 304/188/471 305/189/472
f 305/189/472 304/188/471 307/190/473
f 310/191/474 308/192/475 309/193/476
f 309/193/476 308/192/475 311/194/477
f 314/195/478 312/196/479 313/197/480
f 313/197/480 312/196/479 315/198/481
f 318/199/482 316/200/483 317/201/484
f 317/201/484 316/200/483 319/202/485
f 322/203/486 320/204/487 321/205/488
f 321/205/488 320/204/487 323/206/489
f 310/191/474 324/207/490 308/192/475
f 324/207/490 325/208/491 308/192/475
f 326/209/492 327/210/493 328/211/494
f 326/209/492 329/212/495 327/210/493
f 288/166/448 330/213/496 289/167/449
f 331/214/497 290/168/450 289/167/449
f 330/213/496 331/214/497 289/167/449
f 306/187/498 332/215/499 333/216/500
f 332/215/499 319/217/501 333/216/500
f 334/218/502 335/219/503 322/220/504
f 334/221/502 336/222/505 335/223/503
f 337/224/506 338/225/507 314/226/508
f 337/224/506 339/227/509 338/225/507
f 340/228/510 316/200/483 318/199/482
f 340/228/510 311/194/511 316/200/483
f 328/211/512 341/229/513 330/213/514
f 330/213/514 341/229/513 331/214/515
f 269/142/420 271/144/421 342/230/516
f 342/231/516 271/232/421 325/208/517
f 301/185/467 343/233/518 302/183/468
f 302/183/468 343/233/518 344/234/519
f 343/233/518 227/91/377 344/234/519
f 305/189/472 225/235/375 238/236/520
f 306/187/498 305/189/472 238/236/520
f 309/193/521 239/103/522 240/104/523
f 310/191/474 309/193/521 240/104/523
f 313/237/524 244/108/525 245/109/526
f 314/226/508 313/237/524 245/109/526
f 245/109/526 244/108/525 345/238/527
f 317/201/528 241/105/529 242/106/530
f 318/199/482 317/201/528 242/106/530
f 321/239/531 248/114/532 346/240/533
f 322/220/504 321/239/531 346/240/533
f 346/240/533 248/114/532 347/241/534
f 310/191/474 240/104/523 247/242/535
f 324/207/490 310/191/474 247/242/535
f 247/242/535 240/104/523 348/243/536
f 328/244/494 243/107/537 244/108/538
f 326/245/492 328/244/494 244/108/538
f 288/166/539 283/165/433 285/246/435
f 285/246/435 330/213/540 288/166/539
f 306/247/498 238/102/520 241/105/541
f 332/248/499 306/247/498 241/105/541
f 241/105/541 238/102/520 349/249/542
f 322/220/504 346/240/533 343/233/543
f 334/218/502 322/220/504 343/233/543
f 314/226/508 245/109/526 248/114/544
f 337/224/506 314/226/508 248/114/544
f 318/199/482 242/106/530 239/103/545
f 340/228/510 318/199/482 239/103/545
f 239/103/545 242/106/530 350/250/546
f 330/251/547 285/160/435 243/107/537
f 328/244/494 330/251/547 243/107/537
f 243/107/537 285/160/435 351/252/548
f 285/160/435 284/159/434 351/252/548
f 342/230/549 247/113/550 246/112/551
f 269/142/552 342/230/549 246/112/551
f 346/240/553 229/93/379 227/91/377
f 343/233/518 346/240/553 227/91/377
f 287/171/554 246/112/554 236/111/554
f 226/90/555 344/234/519 227/91/377
f 302/183/556 344/234/557 226/90/558
f 352/253/559 302/254/556 226/255/558
f 353/256/560 302/254/556 352/253/559
f 299/184/561 302/183/556 353/257/560
f 354/258/562 299/184/561 353/257/560
f 303/186/563 299/180/561 354/259/562
f 303/186/563 354/259/562 355/260/564
f 303/186/563 355/260/564 356/255/565
f 357/261/566 303/186/563 356/255/565
f 301/182/567 300/181/466 334/221/502
f 343/233/543 301/185/567 334/218/502
f 300/181/466 336/222/568 334/221/502
f 234/98/569 345/238/527 244/108/525
f 232/96/570 345/238/527 234/98/569
f 245/109/395 345/238/571 232/96/382
f 338/262/572 312/196/479 314/195/478
f 313/197/573 315/198/481 326/209/492
f 315/198/481 329/212/574 326/209/492
f 244/108/538 313/237/573 326/245/492
f 229/93/379 347/241/534 248/114/532
f 346/240/553 347/241/534 229/93/379
f 335/223/575 320/204/487 322/203/486
f 321/205/576 323/206/489 337/263/506
f 323/206/489 339/264/577 337/263/506
f 248/114/544 321/239/576 337/224/506
f 235/99/578 348/243/536 240/104/523
f 237/101/579 348/243/536 235/99/578
f 247/242/397 348/243/580 237/101/387
f 342/231/581 324/207/490 247/242/535
f 324/207/490 342/231/581 325/208/491
f 241/105/391 349/249/582 230/94/380
f 317/201/583 332/248/499 241/105/541
f 332/248/499 317/201/583 319/202/501
f 306/187/470 333/216/584 304/188/471
f 228/92/585 349/249/542 238/102/520
f 230/94/586 349/249/542 228/92/585
f 239/103/389 350/250/587 233/97/383
f 309/193/588 340/228/510 239/103/545
f 340/228/510 309/193/588 311/194/511
f 231/95/589 350/250/546 242/106/530
f 233/97/590 350/250/546 231/95/589
f 243/107/393 351/252/591 236/100/386
f 327/210/592 341/229/513 328/211/512
f 236/100/593 351/252/548 284/159/434
f 254/122/594 298/265/595 256/124/406
f 254/266/594 296/176/596 298/179/595
f 295/177/597 296/176/596 254/266/594
f 254/122/594 250/120/598 295/174/597
f 294/173/599 295/174/597 250/120/598
f 258/126/408 294/172/599 250/116/598
f 249/115/399 258/126/408 250/116/598
f 256/267/406 298/179/595 358/268/600
f 256/267/406 358/268/600 257/269/407
f 298/179/595 359/270/601 358/268/600
f 360/176/602 359/270/601 298/179/595
f 360/176/602 361/271/603 359/270/601
f 362/272/604 359/270/601 361/271/603
f 361/271/603 363/172/605 362/272/604
f 363/172/605 364/273/606 362/272/604
f 364/273/606 365/115/607 362/272/604
f 370/274/608 371/275/609 225/235/375
f 225/235/375 371/275/609 352/253/559
f 372/276/610 373/277/611 354/259/562
f 353/257/560 372/278/610 354/258/562
f 374/279/612 305/189/472 307/190/473
f 375/280/613 374/279/612 307/190/473
f 374/279/612 370/274/608 225/235/375
f 305/189/472 374/279/612 225/235/375
f 371/275/609 372/276/614 353/256/560
f 352/253/559 371/275/609 353/256/560
f 226/255/376 225/235/375 352/253/559
f 376/281/615 356/255/616 355/260/564
f 376/281/615 377/282/617 378/283/618
f 356/255/616 376/281/615 378/283/618
f 378/283/618 377/282/617 379/284/619
f 377/282/617 380/285/620 379/284/619
f 381/286/621 379/284/619 380/285/620
f 379/284/619 381/286/621 382/287/622
f 382/287/622 381/286/621 383/288/623
f 381/286/621 384/289/624 383/288/623
f 385/111/625 383/288/623 384/289/624
f 386/110/626 385/111/625 384/289/624
f 376/281/615 387/290/627 377/282/617
f 381/286/621 388/291/628 384/289/624
f 388/291/628 389/292/629 384/289/624
f 380/285/620 390/293/630 381/286/621
f 390/293/630 391/294/631 381/286/621
f 385/111/625 392/295/632 383/288/623
f 392/295/632 329/212/633 383/288/623
f 382/287/622 393/296/634 379/284/619
f 385/111/625 386/110/626 394/112/635
f 386/110/626 395/297/636 394/112/635
f 393/296/634 339/264/637 379/284/619
f 365/115/607 252/118/638 251/117/639
f 362/272/640 365/115/607 251/117/639
f 362/298/640 251/119/639 253/121/641
f 359/270/642 362/272/640 253/299/641
f 359/270/642 253/299/641 255/300/643
f 358/268/644 359/270/642 255/300/643
f 358/268/644 255/300/643 257/269/645
f 364/273/606 252/118/638 365/115/607
f 252/118/638 364/273/606 259/127/409
f 397/301/646 291/169/647 396/302/648
f 292/170/649 291/169/647 397/301/646
f 292/170/649 397/301/646 293/171/650
f 397/301/646 385/111/651 293/171/650
f 364/273/606 276/149/426 259/127/409
f 276/149/426 270/136/457 259/127/409
f 363/172/652 276/149/426 364/273/606
f 275/148/425 276/149/426 363/172/652
f 361/271/653 275/148/425 363/172/652
f 275/148/425 361/271/653 277/150/427
f 280/152/430 277/150/427 361/271/653
f 360/176/654 280/152/430 361/271/653
f 297/178/463 280/152/430 360/176/654
f 297/303/463 360/304/654 298/265/464
f 282/154/462 280/152/430 297/178/463
f 336/222/568 300/181/466 303/186/469
f 336/222/568 303/186/469 357/261/655
f 378/283/618 336/222/568 357/261/655
f 307/305/473 304/306/471 387/307/656
f 376/281/657 307/190/473 387/290/656
f 311/308/477 308/309/475 389/292/658
f 388/291/659 311/308/477 389/292/658
f 315/198/481 312/196/479 393/296/660
f 315/198/481 393/296/660 398/310/661
f 319/217/485 316/311/483 391/294/662
f 390/293/663 319/217/485 391/294/662
f 323/206/489 320/204/487 399/312/664
f 323/206/489 399/312/664 400/313/665
f 308/192/475 325/208/517 395/314/666
f 389/292/658 308/309/475 395/297/666
f 389/292/658 395/297/666 401/315/667
f 392/295/668 327/210/493 329/212/495
f 291/169/647 290/168/669 396/302/648
f 331/214/670 396/302/648 290/168/669
f 333/216/671 319/217/485 390/293/663
f 387/290/672 333/216/671 390/293/663
f 387/290/672 390/293/663 402/316/673
f 399/312/674 335/223/503 336/222/505
f 393/296/675 338/262/507 339/264/509
f 316/311/483 311/308/477 388/291/659
f 391/294/662 316/311/483 388/291/659
f 391/294/662 388/291/659 403/317/676
f 331/214/515 341/229/513 392/295/677
f 396/302/648 331/214/515 392/295/677
f 396/302/648 392/295/677 404/318/678
f 397/301/646 396/302/648 404/318/678
f 325/319/517 271/144/421 394/112/679
f 395/297/666 325/319/517 394/112/679
f 399/312/680 336/222/568 378/283/618
f 379/284/619 399/312/680 378/283/618
f 394/112/681 293/171/681 385/111/681
f 357/261/655 356/255/682 378/283/618
f 398/310/661 383/288/683 329/212/574
f 315/198/481 398/310/661 329/212/574
f 398/310/661 382/287/684 383/288/683
f 398/310/685 393/296/634 382/287/622
f 312/196/479 338/262/572 393/296/660
f 400/313/665 379/284/619 339/264/577
f 323/206/489 400/313/665 339/264/577
f 400/313/665 399/312/680 379/284/619
f 320/204/487 335/223/575 399/312/664
f 401/315/667 384/289/686 389/292/658
f 401/315/667 386/110/687 384/289/686
f 401/315/688 395/297/636 386/110/626
f 402/316/689 390/293/630 380/285/620
f 333/216/584 387/290/656 304/188/471
f 402/316/673 377/282/690 387/290/672
f 402/316/673 380/285/691 377/282/690
f 403/317/676 388/291/628 381/286/621
f 403/317/676 381/286/621 391/294/662
f 404/318/692 392/295/632 385/111/625
f 341/229/513 327/210/592 392/295/677
f 404/318/678 385/111/693 397/301/646
f 273/146/423 394/112/694 271/144/421
f 405/320/695 375/280/696 376/281/615
f 406/321/697 405/320/695 376/281/615
f 406/321/697 376/281/615 355/260/564
f 375/280/698 307/190/473 376/281/657
f 406/321/697 355/260/564 354/259/562
f 373/277/611 406/321/699 354/259/562
f 412/322/700 410/323/701 411/324/702
f 412/322/700 411/324/702 413/325/703
f 411/324/702 414/326/704 413/325/703
f 422/327/705 413/325/703 414/326/704
f 415/328/706 422/327/705 414/326/704
f 410/323/707 416/329/707 417/330/708
f 418/331/709 410/323/707 417/330/708
f 420/332/707 416/329/707 410/323/707
f 410/323/707 412/322/708 420/332/707
f 421/333/710 420/332/707 412/322/708
f 421/333/710 412/322/708 422/327/705
f 412/322/708 413/325/703 422/327/705
f 424/334/711 430/335/712 423/336/713
f 425/337/714 430/335/712 424/334/711
f 424/334/711 426/338/715 425/337/714
f 427/339/716 425/337/714 426/338/715
f 425/337/714 427/339/716 428/340/717
f 429/341/718 425/337/714 428/340/717
f 425/337/714 429/341/718 414/326/704
f 411/324/719 425/337/714 414/326/704
f 415/328/706 429/341/718 428/340/717
f 414/326/704 429/341/718 415/328/706
f 431/342/713 423/343/713 430/344/712
f 419/345/720 430/335/720 411/324/721
f 411/324/719 430/335/722 425/337/714
f 424/346/723 423/347/724 416/329/725
f 420/332/726 424/346/723 416/329/725
f 426/348/727 424/346/723 420/332/726
f 421/333/728 426/348/727 420/332/726
f 427/349/729 426/348/727 421/333/728
f 427/349/729 421/333/728 422/327/705
f 428/350/717 427/349/729 422/327/705
f 415/328/706 428/350/717 422/327/705
f 416/329/725 423/347/724 417/330/730
f 423/351/731 431/352/732 417/353/730
f 419/345/733 410/323/734 418/331/735
f 419/345/733 411/324/702 410/323/701
l 408 409
l 407 409
l 366 369
l 368 369
l 367 368
o item_blade
v 0.000000 70.710701 -0.000005
v 70.710701 0.000000 0.000000
v -70.710701 0.000000 0.000000
v 0.000000 -70.710602 0.000005
v 0.000000 55.656200 3.999996
v 55.656200 0.000000 4.000000
v -55.656101 0.000000 4.000000
v 0.000000 -55.656101 4.000004
v 0.000000 70.710701 -0.000005
v 70.710701 0.000000 0.000000
v -70.710701 0.000000 0.000000
v 0.000000 -70.710602 0.000005
v 0.000000 55.656200 -4.000004
v 55.656200 -0.000000 -4.000000
v -55.656101 -0.000000 -4.000000
v 0.000000 -55.656101 -3.999996
v 42.500332 30.170362 19.622246
v 41.680321 29.604839 19.622253
v 39.730408 32.432201 13.715756
v 40.566261 32.974773 13.470299
v 38.913437 35.371353 16.525059
v 38.093430 34.805832 16.525042
v 35.460236 40.378510 7.905766
v 34.611576 39.854527 7.741296
v 41.170921 30.514748 18.634775
v 38.375633 34.782082 16.053946
v 41.830807 30.969847 18.634783
v 38.768299 35.196415 15.947598
v 40.079674 33.294884 13.622506
v 39.712639 32.971889 13.686454
v 35.473389 39.118797 8.847726
v 35.862125 39.281895 8.903739
v 41.103165 31.318985 17.968479
v 42.086357 30.770586 21.510563
v 41.266369 30.205080 21.510567
v 37.426613 35.772732 19.566923
v 38.246628 36.338257 19.566919
v 38.305447 36.252922 23.783455
v 37.485466 35.687420 23.783457
v 32.569595 44.570000 21.921759
v 31.493670 44.375534 21.904684
v 40.532822 31.440016 21.545715
v 37.502560 36.048012 20.036579
v 37.510094 36.037121 23.346416
v 41.192699 31.895117 21.545713
v 37.956352 36.373707 23.308561
v 37.872025 36.496002 20.036129
v 32.674713 43.176929 21.854202
v 33.072620 43.326687 21.908613
v 40.313770 32.463589 21.569435
v 42.552471 30.094725 23.360849
v 41.732483 29.529219 23.360851
v 38.236313 34.598652 26.764090
v 39.056328 35.164177 26.764082
v 40.792343 32.646923 29.672415
v 39.972336 32.081402 29.672426
v 35.894001 39.749573 35.748772
v 35.027695 39.251163 35.671204
v 41.251350 30.398134 24.398022
v 38.467491 34.648869 27.337824
v 39.888084 32.546158 29.573526
v 41.911236 30.853224 24.398027
v 40.387863 32.890827 29.573530
v 38.991261 34.873089 27.225807
v 35.913132 38.481163 34.532646
v 36.189133 38.807720 34.705334
v 41.202637 31.174728 25.097895
v 39.973091 32.957577 29.506824
v 43.625610 28.538677 24.089239
v 42.805599 27.973156 24.089247
v 41.701042 29.574783 30.845762
v 42.521057 30.140310 30.845781
v 44.917313 26.665728 30.742243
v 44.097294 26.100201 30.742226
v 43.895432 28.147444 41.133606
v 43.043472 27.628246 41.134998
v 42.905647 27.999407 25.520887
v 42.079948 29.367941 31.061266
v 44.020653 26.596741 31.107042
v 43.565536 28.454500 25.520891
v 44.475700 26.920614 30.948378
v 42.579723 29.712606 31.061272
v 43.262630 27.824354 39.629093
v 43.623833 28.027332 39.628159
v 43.249069 28.207407 26.486900
v 42.477474 29.326206 31.206671
v 44.677128 27.013960 23.269047
v 43.857121 26.448439 23.269054
v 45.791191 23.644030 29.421001
v 46.611198 24.209553 29.420992
v 48.264004 21.812988 26.366236
v 47.443989 21.247465 26.366243
v 51.717220 16.805811 34.985535
v 50.853115 16.304213 35.066967
v 44.526619 25.648975 24.256521
v 46.233715 23.387796 29.218506
v 47.547924 21.439360 26.796228
v 45.186501 26.104071 24.256504
v 48.047699 21.784037 26.796225
v 46.757114 23.612549 29.331192
v 50.529514 17.287321 34.071045
v 50.800781 17.620749 33.904072
v 45.254292 25.299805 24.922829
v 47.759895 21.666689 27.086357
v 48.930813 20.846083 23.324350
v 45.091064 26.413746 21.380735
v 44.271076 25.848238 21.380739
v 48.192459 20.162169 23.067694
v 48.871998 20.931419 19.107840
v 48.051979 20.365892 19.107821
v 54.692638 12.491409 20.937744
v 54.043774 11.677767 20.986605
v 45.164749 24.723692 21.345577
v 48.345135 20.283377 19.481792
v 45.897831 24.935610 21.339659
v 48.844902 20.628054 19.481794
v 48.906219 20.496346 22.835451
v 48.514771 20.208704 22.809469
v 53.342552 13.208387 20.999144
v 53.682232 13.442646 20.999132
v 45.873833 24.038088 21.321854
v 48.684822 20.325541 19.734123
v 44.624973 27.089619 19.530443
v 43.804962 26.524097 19.530453
v 47.161621 21.656908 16.099337
v 48.121117 22.020168 16.127211
v 46.385113 24.537405 13.218877
v 45.565102 23.971880 13.218884
v 51.283440 17.434778 7.142542
v 50.509727 16.802113 7.220074
v 44.446190 25.765593 18.493258
v 45.969566 23.727993 13.317755
v 45.106087 26.220673 18.493248
v 46.469341 24.072662 13.317764
v 47.854488 22.021355 15.587981
v 47.418442 21.798393 15.645445
v 50.104637 17.903400 8.358637
v 50.507954 18.045349 8.185959
v 45.154808 25.444077 17.793398
v 46.384338 23.661247 13.384468
v 44.656395 27.044037 12.045511
v 43.551834 28.645668 18.802055
v 42.731827 28.080147 18.802063
v 43.690525 26.690008 11.901851
v 42.260139 30.518620 12.149049
v 41.440125 29.953096 12.149057
v 43.300076 29.010704 1.906858
v 42.507828 28.404919 1.605739
v 42.791908 28.164328 17.370403
v 41.812782 29.755363 11.914913
v 43.451782 28.619413 17.370386
v 42.312546 30.100033 11.914918
v 44.209629 27.306435 11.703326
v 43.771515 27.086487 11.833457
v 42.776711 28.528969 3.261278
v 43.073235 28.825720 3.263136
v 43.108360 28.411415 16.404409
v 42.206062 29.719765 11.756948
v 42.063229 29.391230 25.290016
v 42.944149 28.113899 22.574625
v 42.955017 28.098137 23.353527
v 42.180534 29.221151 22.827854
v 42.485878 28.778431 22.263544
v 40.684303 31.390665 23.196047
v 42.065483 29.387985 21.482937
v 41.225616 30.605810 20.289873
v 40.050804 32.309277 19.492472
v 42.303234 29.043242 20.398329
v 42.188797 29.209200 18.509718
v 41.678520 29.949091 16.484114
v 42.901783 28.175358 19.537775
v 42.912643 28.159592 20.316679
v 43.736275 26.965338 17.760313
v 43.566902 27.210915 20.328520
v 44.596897 25.717438 20.144207
v 45.748035 24.048264 19.246305
v 43.828812 26.831150 21.450182
v 44.631165 25.667704 22.601406
v 45.805977 23.964235 23.398806
v 43.713898 26.997766 22.761600
v 43.393227 27.462774 22.224340
v 43.923126 26.694366 25.394375
v 43.473999 28.522402 22.900229
v 42.821571 29.468466 24.441919
v 42.368393 30.125534 26.509157
v 42.883186 29.379093 22.545704
v 41.809879 30.935381 22.747097
v 40.658726 32.604546 23.644972
v 42.836792 29.446367 21.473373
v 42.394142 30.088211 21.492498
v 41.188194 31.836843 19.891171
v 43.013588 29.190042 20.666958
v 42.692871 29.655046 20.129704
v 42.460236 29.992380 17.313192
v 43.459019 28.544151 20.057045
v 44.135216 27.563669 18.449381
v 44.588371 26.906561 16.382147
v 43.920937 27.874384 20.627752
v 44.226234 27.431664 20.063450
v 45.826866 25.110741 19.654066
v 44.119972 27.585752 21.417929
v 44.562637 26.943884 21.398802
v 45.768570 25.195248 23.000139
v 44.103546 27.609571 22.492970
v 44.217999 27.443632 24.381580
v 44.728264 26.703705 26.407192
v 44.873177 31.143988 23.186741
v 46.223534 28.749094 23.115719
v 47.113617 27.264502 21.748457
v 43.987808 32.836357 21.686016
v 47.026917 27.489962 20.618767
v 44.989311 31.192167 19.499630
v 46.334057 28.795107 19.615349
v 44.140717 32.634663 20.570740
v 43.203239 26.069056 24.047924
v 44.331379 24.144747 22.619547
v 44.626213 23.707636 21.348320
v 41.295959 29.478609 23.894390
v 40.406841 31.140314 22.554216
v 40.192574 31.610653 21.274521
v 44.411949 24.177992 20.068626
v 43.374916 26.140558 18.604015
v 40.487400 31.173552 20.003309
v 41.459946 29.546579 18.694201
v 39.949173 23.936989 22.708820
v 38.564461 26.403769 22.767071
v 40.855900 22.391262 21.297899
v 37.638222 28.129118 21.243893
v 38.660202 26.444420 19.749704
v 40.039509 23.974051 19.854130
v 40.477173 23.161118 21.745708
v 39.271027 25.283091 22.002069
v 36.085373 22.881361 21.959415
v 37.379227 20.615820 21.518141
v 40.608196 22.979567 21.059851
v 34.806942 25.199663 21.496147
v 38.000648 27.595530 21.428364
v 37.255352 20.890053 20.632383
v 38.167191 27.344599 20.641209
v 34.932426 25.027689 20.751177
v 45.758125 32.069256 22.544714
v 46.942947 30.157228 22.452862
v 49.371708 31.830339 22.599567
v 50.638374 34.394302 22.500492
v 56.235901 37.773903 22.591621
v 52.614613 35.966694 22.526836
v 61.119026 41.995678 22.641232
v 67.117088 45.426003 22.722946
v 63.038990 43.344692 22.667067
v 69.175346 46.884083 22.750629
v 73.584114 50.774521 22.808950
v 81.163162 54.995445 22.912354
v 75.933014 52.278755 22.840746
v 48.287262 34.096760 22.562233
v 64.085602 46.022987 22.734081
v 71.700027 50.951561 22.898329
v 53.353558 38.311459 22.584135
v 58.674042 41.850327 22.704422
v 79.540092 52.030769 22.947083
v 71.229713 46.863052 22.890871
v 65.921608 42.853806 22.759956
v 80.876114 57.171799 22.695213
v 77.082733 54.764481 22.940086
v 60.024845 38.846077 22.729044
v 84.456863 60.556824 22.519245
v 87.577827 61.391556 22.882109
v 88.634605 62.922958 21.929909
v 83.815765 61.384552 21.862616
v 91.313148 62.074631 21.969488
v 89.739616 60.917706 22.951315
v 92.387604 59.806938 21.987820
v 91.119675 58.880196 22.749659
v 92.350800 57.684578 21.990004
v 84.283066 59.701607 22.303020
v 83.338409 59.709961 21.858011
v 87.447540 57.565529 23.212654
v 88.953629 56.563896 22.066437
v 88.100410 59.176620 23.009796
v 86.159523 58.990337 23.686668
v 86.695480 59.879684 22.965979
v 85.573273 59.742989 22.827013
v 82.502480 58.737045 22.495386
v 87.918274 59.269989 22.792107
v 83.992752 58.817177 23.526360
v 80.820702 57.469208 22.509779
v 81.117035 58.163799 21.812647
v 80.567276 57.419617 21.597197
v 82.447418 58.703442 21.211658
v 81.314781 57.803299 20.855684
v 84.090630 58.859921 20.214542
v 86.516747 59.958324 20.829695
v 84.661835 59.395924 21.141666
v 87.773445 59.460411 20.892612
v 86.271484 59.036850 20.113892
v 87.529175 57.599190 20.628002
v 88.290321 58.912804 21.115694
v 88.810455 56.832813 21.504517
v 88.584389 57.791611 21.964470
v 86.130882 57.074158 22.934029
v 83.678474 56.353764 23.083914
v 85.069206 55.777412 23.094685
v 83.767082 58.117664 23.056568
v 80.875267 57.171455 22.721489
v 86.309738 56.565453 22.463947
v 86.393463 56.601074 21.905767
v 86.344612 56.579697 21.345844
v 86.194687 57.100780 20.869806
v 84.356224 58.075848 20.741547
v 80.931824 57.194790 20.931108
v 86.129066 60.657425 22.410202
v 88.672501 61.123253 22.587875
v 89.818420 60.364674 22.517483
v 89.490479 58.655739 21.947720
v 90.640289 59.067799 21.963602
v 48.450844 28.754267 21.396757
v 50.594517 30.521879 20.754583
v 50.490524 30.587559 22.232430
v 48.102791 28.970716 22.428497
v 48.168827 28.996164 20.356312
v 47.522697 33.971256 20.770914
v 45.510841 32.503765 21.966560
v 47.741608 34.502258 22.077448
v 45.576782 32.485909 20.667229
v 71.258072 51.399963 20.929811
v 64.783546 46.704865 22.243456
v 71.376282 51.666962 22.419712
v 64.582558 46.671902 20.892130
v 66.031670 42.086266 20.958204
v 71.545662 45.958038 22.370489
v 65.472115 42.206932 22.330828
v 71.446915 46.111992 20.703346
v 58.351475 42.293648 20.807837
v 53.974552 38.941841 22.097031
v 58.414795 42.359859 22.287273
v 53.810879 38.942360 20.749462
v 55.150642 34.057350 20.831829
v 60.470821 38.137726 22.212332
v 54.552002 34.185760 22.197346
v 60.359196 38.262028 20.564611
v 77.264587 55.677689 22.522495
v 77.793648 55.591370 21.067268
v 72.035278 46.821201 22.179527
v 79.059616 51.509544 21.258278
v 79.186996 51.542408 22.528732
v 71.813408 47.081783 20.747026
v 85.317841 54.965492 22.525208
v 85.304543 55.052368 21.118370
v 53.329945 39.011532 22.182011
v 47.918186 34.705765 20.609098
v 51.136005 31.607334 21.875856
v 54.408783 34.141777 20.931402
v 50.710392 31.700617 20.327341
v 60.916439 38.940060 22.045092
v 65.340935 42.175949 21.060268
v 60.661312 39.154869 20.608408
v 64.052658 46.671608 22.345303
v 79.746643 51.401588 21.163589
v 77.963303 55.588886 22.420404
v 50.398827 31.664850 22.621990
v 47.457184 30.124617 22.898670
v 68.209480 45.952866 23.264429
v 54.839127 34.719292 22.614162
v 56.612850 37.483109 23.099522
v 74.705399 51.752384 23.364408
v 51.583359 35.422874 23.046688
v 62.096966 42.912846 23.177050
v 81.481651 54.784584 23.355604
v 47.402924 29.245255 22.569366
v 47.731705 28.803421 22.153286
v 47.875595 28.691105 20.869579
v 47.477020 29.274874 20.193487
v 47.011124 30.185347 20.294687
v 47.553043 30.164148 19.864126
v 90.938286 59.218910 21.031364
v 89.805298 60.942123 20.946310
v 89.854233 60.379448 21.383432
v 88.711288 61.141121 21.278286
v 87.643906 61.417480 20.952217
v 86.161484 60.670792 21.383965
v 84.311890 59.713333 21.439827
v 84.497650 60.573650 21.227289
v 85.500717 60.180317 22.655752
v 84.314026 60.393223 22.421535
v 84.245911 59.723034 22.638329
v 84.774406 59.578766 22.759315
v 43.813576 30.537239 22.608625
v 45.469597 27.652967 22.622097
v 45.801888 27.173368 22.122879
v 45.902821 27.120468 20.767607
v 43.505043 31.069273 22.001646
v 43.757240 30.821198 20.200430
v 45.833466 32.100029 20.163980
v 50.706539 34.422409 20.342325
v 49.446873 31.860468 20.213236
v 56.316051 37.810966 20.403303
v 52.682774 35.994816 20.368687
v 62.451668 42.675209 20.485992
v 67.185226 45.454117 20.564814
v 69.243515 46.912193 20.592482
v 73.652267 50.802643 20.650797
v 81.231316 55.023544 20.754215
v 76.001160 52.306870 20.682610
v 48.361725 34.127781 20.213778
v 64.157288 46.052906 20.465145
v 71.776489 50.983601 20.506735
v 53.424927 38.341274 20.326687
v 58.748943 41.881607 20.349966
v 79.611633 52.060593 20.680531
v 65.992867 42.883602 20.500095
v 80.930992 57.194435 20.957378
v 77.156822 54.795658 20.610128
v 85.147255 55.812618 20.682281
v 83.752747 56.383877 20.651278
v 68.320038 46.000984 20.053970
v 54.910492 34.749084 20.348482
v 56.721905 37.530754 19.907528
v 74.818573 51.801235 20.125698
v 51.694710 35.472450 19.821198
v 62.207085 42.960869 19.973593
v 81.577499 54.824116 20.321033
v 44.368763 29.703264 20.068447
v 45.541031 27.700216 20.082924
v 69.633743 46.651161 20.473589
v 70.350571 46.576832 20.483973
v 69.894348 46.478432 20.477554
v -3.146809 -7.653792 21.073305
v -39.643459 -35.571739 20.214598
v -49.056965 -47.523331 20.465240
v -83.525635 -82.285492 20.029448
v -85.834641 -81.934471 19.608061
v -88.197769 -89.606956 19.571087
v 7.045021 -2.597941 21.213163
v 37.339386 20.980343 21.617689
v 36.137497 23.076202 21.597971
v 34.827496 25.382360 21.208683
v -27.995190 -31.606436 20.747217
v -56.616276 -57.719048 20.369747
v -82.717758 -83.764999 20.022284
v 13.699230 2.638609 20.560526
v -12.663235 -18.667448 20.209314
v -46.093342 -44.599251 19.761936
v -38.733921 -41.158051 19.863804
v -61.005718 -61.987236 19.570726
v -80.092239 -81.074631 19.314196
v -83.494812 -82.279076 19.264973
v 35.910072 23.519827 20.853224
v 37.365383 20.986099 20.876648
v -62.602875 36.476700 21.222113
v -60.564098 39.804932 18.537142
v -62.602875 36.476700 15.852174
v -64.640373 33.147865 18.537144
v -33.672894 18.506525 21.222113
v -31.614899 21.821943 18.537144
v -33.672890 18.506525 15.852174
v -35.730476 15.191010 18.537142
v 8.396179 -6.483557 21.222113
v 54.967110 -32.002144 21.222113
v 10.422005 -3.149626 18.537144
v 56.619896 -28.471220 18.537146
v 8.396179 -6.483557 15.852174
v 54.967110 -32.002144 15.852176
v 6.370316 -9.817458 18.537142
v 53.314430 -35.533081 18.537144
v -69.757805 40.822929 15.852174
v -67.662766 44.114548 18.537144
v -69.757805 40.822929 21.222111
v -71.852829 37.531361 18.537144
v -69.759865 40.819687 18.537142
v -67.869202 39.681427 21.222111
v -61.073883 38.973030 20.550846
v -55.598740 32.122585 21.222113
v -64.131142 33.980083 20.550846
v -65.854172 43.024445 18.537144
v -61.073883 38.973030 16.523439
v -53.545639 35.441711 18.537144
v -67.869202 39.681427 15.852174
v -64.131142 33.980083 16.523439
v -55.598740 32.122585 15.852173
v -69.883560 36.338520 18.537144
v -57.650909 28.803003 18.537142
v -11.605370 5.368150 21.222113
v -35.216106 16.019892 20.550844
v -32.129387 20.993177 20.550846
v -9.543282 8.680676 18.537146
v -32.129387 20.993177 16.523439
v -11.605370 5.368150 15.852174
v -35.216106 16.019892 16.523439
v -13.668007 2.055677 18.537144
v 67.209099 -37.447433 21.078794
v 68.680992 -34.060387 18.537144
v 67.209099 -37.447433 15.995494
v 65.737160 -40.834511 18.537146
v 6.876793 -8.984011 20.550846
v 9.915535 -3.983134 20.550846
v 30.283203 -19.047926 21.222103
v 56.206657 -29.353880 20.550848
v 53.727501 -34.650322 20.550846
v 9.915535 -3.983134 16.523441
v 32.085861 -15.590484 18.537134
v 56.206657 -29.353880 16.523441
v 6.876793 -8.984012 16.523439
v 30.283203 -19.047926 15.852165
v 53.727501 -34.650314 16.523439
v 28.480598 -22.505331 18.537134
v -69.759354 40.820503 17.435823
v -71.329079 38.354225 16.523438
v -68.186539 43.291634 16.523439
v -68.188080 43.289204 18.537144
v -68.186539 43.291634 20.550846
v -69.759354 40.820503 19.638462
v -71.329079 38.354225 20.550844
v -71.330627 38.351799 18.537142
v -69.379974 37.174217 20.550846
v -57.137920 29.632999 20.550846
v -66.357956 42.188934 20.550846
v -54.058937 34.612022 20.550848
v -66.357956 42.188934 16.523439
v -54.058937 34.612022 16.523394
v -69.379974 37.174217 16.523439
v -57.137920 29.632999 16.523392
v -13.152412 2.883615 20.550846
v -10.058853 7.852407 20.550848
v -10.058853 7.852407 16.523441
v -13.152412 2.883615 16.523441
v 66.105095 -39.987747 20.443359
v 68.313011 -34.907120 20.443359
v 68.313011 -34.907120 16.630882
v 66.105095 -39.987747 16.630882
v 28.931221 -21.640989 20.550837
v 31.635231 -16.454832 20.550838
v 31.635231 -16.454832 16.523432
v 28.931221 -21.640989 16.523432
v -70.922852 38.992462 19.109650
v -68.595047 42.649796 19.109650
v -68.595047 42.649796 17.964636
v -70.922852 38.992462 17.964634
v 72.072426 -39.850670 21.222115
v 72.570915 -35.326942 18.537144
v 77.801888 -42.523743 20.723858
v 78.475899 -42.838203 18.537146
v 76.032494 -41.698250 21.097551
v 66.700233 -37.344246 21.222113
v 73.230690 -37.120178 20.550848
v 69.466545 -33.820724 18.537146
v 78.307457 -42.759613 19.928076
v 67.844353 -34.708046 20.550848
v 78.667397 -41.526466 19.641199
v 57.984917 -33.278069 21.222113
v 60.883186 -32.881546 20.862089
v 56.189735 -30.944258 20.925837
v 63.888390 -31.735525 18.537146
v 62.638939 -32.218307 20.550848
v 62.728279 -34.317528 20.976727
v 65.354744 -33.517281 20.550848
v 61.212715 -34.784012 21.222113
v 67.169930 -33.299927 18.537146
v 58.644356 -32.743668 21.547123
v 61.580086 -33.982231 21.520885
v 65.362968 -33.017105 20.762228
v 67.165184 -32.531631 18.537146
v 65.516838 -31.470083 18.537146
v 75.217323 -38.035461 20.504181
v 76.790749 -40.120476 20.777531
v 73.948997 -36.338448 18.537144
v 78.324654 -41.302315 20.450556
v 78.900963 -41.621674 18.537146
v 79.169426 -38.949806 18.537146
v 77.376472 -37.567535 18.537144
v 78.635765 -39.738007 19.859726
v 79.189888 -40.307457 18.537146
v 77.139229 -38.778206 20.162672
v 78.482857 -41.237747 19.554239
v 75.426445 -38.198952 20.279322
v 76.907021 -40.029327 20.454632
v 74.487083 -36.885490 18.537144
v 78.246178 -41.072777 20.213562
v 78.752434 -41.349861 18.537146
v 68.926201 -43.139030 18.537146
v 70.724205 -42.492470 20.550848
v 65.777458 -41.727875 18.537146
v 65.415138 -39.914696 20.550848
v 77.593651 -43.827660 19.641197
v 59.543114 -35.753860 20.862089
v 55.043114 -33.401909 20.925835
v 60.595757 -38.793030 18.537146
v 60.162849 -37.525314 20.550846
v 61.829002 -36.245163 20.976727
v 62.903236 -38.771996 20.550848
v 63.902855 -40.302582 18.537146
v 57.999046 -34.126816 21.547123
v 60.834206 -35.580635 21.520885
v 62.525200 -39.099640 20.762228
v 63.311089 -40.792603 18.537146
v 61.438606 -40.211449 18.537146
v 72.701973 -43.426788 20.504179
v 75.310646 -43.292915 20.777529
v 70.586708 -43.545212 18.537146
v 77.201836 -43.709114 20.450554
v 77.816734 -43.945526 18.537146
v 75.941750 -45.867859 18.537146
v 73.730629 -45.382034 18.537146
v 76.202980 -44.952568 19.859724
v 76.995201 -45.011269 18.537146
v 74.505928 -44.422394 20.162670
v 77.253944 -43.871834 19.554237
v 72.961647 -43.482056 20.279320
v 75.315437 -43.440575 20.454632
v 71.351570 -43.606064 18.537146
v 76.975410 -43.796440 20.213560
v 77.513069 -44.006317 18.537146
v 72.072426 -39.850670 15.852176
v 77.801888 -42.523743 16.350433
v 76.032494 -41.698250 15.976739
v 66.700233 -37.344246 15.852176
v 73.230690 -37.120178 16.523441
v 78.307457 -42.759613 17.146217
v 67.844353 -34.708046 16.523441
v 78.667397 -41.526466 17.433094
v 57.984917 -33.278069 15.852175
v 60.883186 -32.881546 16.212198
v 56.189735 -30.944258 16.148453
v 62.638939 -32.218307 16.523441
v 62.728279 -34.317528 16.097563
v 65.354744 -33.517281 16.523441
v 61.212715 -34.784012 15.852176
v 58.644356 -32.743668 15.527166
v 61.580086 -33.982231 15.553403
v 65.362968 -33.017105 16.312061
v 75.217323 -38.035461 16.570112
v 76.790749 -40.120476 16.296762
v 78.324654 -41.302315 16.623737
v 78.635765 -39.738007 17.214567
v 77.139229 -38.778206 16.911621
v 78.482857 -41.237747 17.520054
v 75.426445 -38.198952 16.794971
v 76.907021 -40.029327 16.619659
v 78.246178 -41.072777 16.860731
v 70.724205 -42.492470 16.523441
v 65.415138 -39.914696 16.523441
v 77.593651 -43.827660 17.433092
v 59.543114 -35.753860 16.212198
v 55.043114 -33.401909 16.148453
v 60.162849 -37.525314 16.523439
v 61.829002 -36.245163 16.097561
v 62.903236 -38.771996 16.523441
v 57.999046 -34.126816 15.527165
v 60.834206 -35.580635 15.553403
v 62.525200 -39.099640 16.312061
v 72.701973 -43.426788 16.570112
v 75.310646 -43.292915 16.296761
v 77.201836 -43.709114 16.623735
v 76.202980 -44.952568 17.214565
v 74.505928 -44.422394 16.911619
v 77.253944 -43.871834 17.520054
v 72.961647 -43.482056 16.794970
v 75.315437 -43.440575 16.619659
v 76.975410 -43.796440 16.860729
v -70.627312 36.454273 19.845047
v -69.943970 37.465649 18.550861
v -69.416054 35.826504 18.747757
v -69.668373 35.716461 19.158382
v -69.903191 35.863873 19.293499
v -69.757805 40.822929 15.852174
v -67.662766 44.114548 18.537144
v -69.757805 40.822929 21.222111
v -71.329079 38.354225 16.523438
v -68.186539 43.291634 16.523439
v -68.186539 43.291634 20.550846
v -71.329079 38.354225 20.550844
v -69.205826 40.489288 15.852174
v -67.123825 43.789547 18.537144
v -69.205826 40.489288 21.222111
v -70.767319 38.014137 16.523438
v -67.644295 42.964481 16.523439
v -67.644295 42.964481 20.550846
v -70.767319 38.014137 20.550844
v -69.482529 40.656536 15.714850
v -67.291298 44.123508 18.537144
v -69.482529 40.656536 21.359436
v -71.125847 38.056297 16.420458
v -67.839111 43.256767 16.420460
v -67.839111 43.256767 20.653828
v -71.125847 38.056297 20.653826
v -66.331924 38.746086 21.222111
v -64.320496 42.091263 18.537144
v -66.331924 38.746086 15.852174
v -68.355980 35.409012 18.537144
v -64.813812 41.248909 20.550846
v -67.862686 36.251316 20.550846
v -64.813812 41.248909 16.523439
v -67.862686 36.251316 16.523439
v -67.226448 39.300648 21.222111
v -65.195793 42.633247 18.537144
v -67.226448 39.300648 15.852174
v -69.206314 35.935841 18.537144
v -68.717697 36.781067 20.550846
v -65.684387 41.787941 20.550846
v -65.684387 41.787941 16.523439
v -68.717697 36.781067 16.523439
v -66.830917 39.056404 21.387733
v -64.651070 42.579353 18.537144
v -66.830917 39.056404 15.686551
v -68.934525 35.484997 18.537144
v -65.195999 41.698608 20.675028
v -68.414993 36.381851 20.675028
v -65.195999 41.698608 16.399258
v -68.414993 36.381851 16.399260
vn 0.2558 0.0853 0.9629
vn -0.0853 0.2559 0.9629
vn 0.0640 0.1919 0.9793
vn 0.1531 -0.0510 0.9869
vn 0.2559 0.0853 0.9629
vn 0.0853 -0.2558 0.9629
vn 0.1532 -0.0511 0.9869
vn -0.0639 -0.1919 0.9793
vn 0.0853 -0.2559 0.9629
vn -0.2558 -0.0853 0.9629
vn -0.0640 -0.1919 0.9793
vn -0.1531 0.0510 0.9869
vn -0.0853 0.2558 0.9629
vn -0.2559 -0.0853 0.9629
vn -0.1532 0.0511 0.9869
vn 0.0639 0.1919 0.9793
vn -0.1531 0.0511 0.9869
vn 0.1531 -0.0511 0.9869
vn 0.0640 0.1919 -0.9793
vn -0.0853 0.2558 -0.9630
vn 0.2559 0.0853 -0.9629
vn 0.1532 -0.0510 -0.9869
vn 0.2558 0.0853 -0.9629
vn 0.1532 -0.0511 -0.9869
vn 0.2558 0.0853 -0.9630
vn 0.0853 -0.2559 -0.9629
vn -0.0639 -0.1919 -0.9793
vn 0.0853 -0.2558 -0.9629
vn -0.0640 -0.1919 -0.9793
vn 0.0853 -0.2558 -0.9630
vn -0.2559 -0.0853 -0.9629
vn -0.1532 0.0510 -0.9869
vn -0.2558 -0.0853 -0.9629
vn -0.1532 0.0511 -0.9869
vn -0.2558 -0.0853 -0.9630
vn -0.0853 0.2559 -0.9629
vn 0.0639 0.1919 -0.9793
vn -0.0853 0.2558 -0.9629
vn 0.1531 -0.0510 -0.9869
vn -0.1531 0.0510 -0.9869
vn 0.4816 -0.7190 -0.5012
vn 0.4908 -0.7117 -0.5027
vn -0.5021 -0.7824 -0.3684
vn 0.8263 -0.0719 -0.5586
vn 0.3210 0.7965 0.5124
vn -0.8568 -0.0280 0.5149
vn -0.2499 0.3624 0.8979
vn -0.4915 0.6564 0.5723
vn -0.5291 0.6280 0.5707
vn 0.2684 -0.4516 -0.8509
vn 0.4685 -0.2985 -0.8315
vn -0.8494 -0.5258 -0.0463
vn -0.8638 -0.4997 -0.0643
vn -0.1751 -0.7433 -0.6456
vn 0.7935 0.6068 -0.0467
vn 0.7780 0.6245 -0.0689
vn 0.7770 -0.1656 -0.6074
vn 0.1263 0.7976 0.5899
vn -0.6903 0.3264 0.6457
vn -0.1465 -0.8725 -0.4661
vn 0.0260 -0.8519 -0.5231
vn -0.7022 0.0787 0.7077
vn 0.0221 0.6284 0.7776
vn 0.9206 -0.0175 -0.3900
vn 0.7823 -0.3373 -0.5237
vn -0.4313 0.5751 -0.6952
vn 0.1568 -0.2274 -0.9611
vn -0.5928 -0.4109 -0.6926
vn 0.5861 0.4116 -0.6979
vn 0.1834 -0.2659 0.9464
vn 0.6057 0.3800 0.6991
vn -0.5793 -0.4326 0.6908
vn 0.0288 0.2400 0.9704
vn -0.2018 0.0823 0.9760
vn -0.0628 0.2335 -0.9703
vn 0.0633 0.3165 -0.9465
vn -0.8597 -0.5107 0.0017
vn -0.8763 -0.4818 0.0025
vn -0.4970 -0.2779 0.8221
vn -0.5059 -0.2789 -0.8163
vn 0.7829 0.6221 0.0017
vn 0.7622 0.6473 0.0025
vn 0.4016 0.3397 -0.8505
vn 0.4621 0.2888 0.8384
vn -0.3464 -0.4072 -0.8451
vn -0.4885 -0.5111 0.7072
vn -0.3508 -0.4474 0.8227
vn 0.4124 0.0488 0.9097
vn 0.4166 0.1110 -0.9023
vn -0.5850 0.8106 0.0244
vn -0.2746 0.3982 -0.8752
vn -0.8726 0.0031 -0.4885
vn 0.3168 0.8109 -0.4920
vn 0.8849 -0.0024 0.4658
vn -0.3115 -0.8286 0.4652
vn 0.5096 -0.7389 0.4409
vn 0.2488 -0.5152 0.8201
vn 0.1215 -0.5850 0.8019
vn -0.4110 0.7451 -0.5254
vn -0.2777 0.8142 -0.5099
vn -0.8478 -0.5280 0.0490
vn -0.8585 -0.5076 0.0734
vn -0.1048 -0.8091 0.5783
vn -0.9155 -0.0810 -0.3941
vn 0.7948 0.6049 0.0490
vn 0.7793 0.6224 0.0737
vn 0.4008 0.8286 -0.3909
vn 0.7749 -0.1272 0.6192
vn -0.6028 0.2510 -0.7574
vn -0.2998 -0.8821 0.3634
vn 0.0473 -0.8736 0.4844
vn 0.7953 -0.3604 0.4875
vn 0.3474 0.7429 -0.5723
vn 0.3456 0.7427 -0.5736
vn -0.3662 0.5496 0.7509
vn -0.4064 0.5928 -0.6953
vn -0.1909 0.5801 -0.7918
vn -0.5456 0.7911 -0.2767
vn -0.9882 0.1530 0.0081
vn 0.2080 0.9781 0.0076
vn 0.5372 -0.7789 -0.3236
vn 0.9866 -0.1595 -0.0356
vn -0.1942 -0.9806 -0.0276
vn 0.5337 -0.8273 0.1755
vn 0.4937 -0.8518 0.1753
vn -0.6043 0.7627 0.2303
vn -0.3949 0.8903 0.2268
vn -0.8204 -0.5678 0.0677
vn -0.8177 -0.5667 0.1011
vn -0.3183 -0.9479 0.0142
vn -0.9245 0.3807 0.0195
vn 0.8223 0.5651 0.0677
vn 0.8203 0.5628 0.1016
vn 0.0020 0.9955 0.0948
vn 0.9991 -0.0400 0.0125
vn -0.9728 0.2007 -0.1154
vn -0.8655 0.4803 -0.1424
vn -0.1695 -0.9737 -0.1520
vn 0.8592 -0.4763 -0.1869
vn 0.1679 0.9798 -0.1085
vn -0.0792 0.9879 -0.1337
vn 0.0004 0.0179 0.9998
vn 0.5666 -0.8233 -0.0335
vn 0.4799 -0.8549 -0.1972
vn -0.4967 0.7202 0.4844
vn -0.8724 -0.0057 0.4888
vn 0.3122 0.8090 0.4980
vn 0.2499 -0.3624 -0.8979
vn 0.8627 0.0297 -0.5048
vn -0.3345 -0.7952 -0.5057
vn 0.3931 -0.7245 -0.5662
vn 0.2626 -0.7923 -0.5507
vn -0.2295 0.4791 0.8472
vn -0.0987 0.5519 0.8281
vn -0.7935 -0.6068 0.0467
vn -0.7772 -0.6254 0.0699
vn -0.1156 -0.8313 -0.5437
vn -0.8815 -0.1299 0.4540
vn 0.8492 0.5260 0.0467
vn 0.8606 0.5045 0.0695
vn 0.4372 0.7762 0.4544
vn 0.7750 -0.1642 -0.6103
vn -0.8707 0.1780 0.4585
vn -0.3476 -0.7213 -0.5991
vn -0.2076 -0.6943 -0.6891
vn 0.5733 -0.2246 -0.7880
vn 0.3162 0.8669 0.3853
vn -0.0213 0.8523 0.5226
vn 0.4173 -0.6236 0.6611
vn -0.3943 0.5717 0.7195
vn -0.4507 0.6649 0.5956
vn 0.5005 0.3608 0.7870
vn -0.1568 0.2274 0.9611
vn -0.1734 0.2121 0.9617
vn -0.7127 -0.5635 0.4178
vn -0.1834 0.2659 -0.9464
vn 0.5830 0.4365 -0.6853
vn -0.6125 -0.3913 -0.6869
vn 0.1161 -0.1334 -0.9842
vn -0.0163 -0.2246 -0.9743
vn 0.0952 -0.2147 0.9720
vn 0.3093 -0.0608 0.9490
vn -0.7829 -0.6221 -0.0026
vn -0.7733 -0.6338 -0.0185
vn -0.6338 -0.4977 0.5921
vn 0.8777 0.4791 -0.0025
vn 0.8865 0.4512 -0.1025
vn 0.6853 0.4186 0.5959
vn 0.4835 0.3166 -0.8161
vn -0.2712 -0.2021 -0.9411
vn -0.6364 -0.2968 0.7120
vn -0.5120 -0.1386 -0.8477
vn 0.2197 0.3823 -0.8975
vn 0.5042 0.4896 0.7114
vn 0.3094 0.3801 0.8717
vn -0.2484 -0.9687 -0.0055
vn -0.4984 -0.3817 0.7784
vn 0.5315 0.3517 0.7706
vn 0.4613 -0.0299 0.8867
vn -0.0835 0.1212 0.9891
vn 0.2746 -0.4185 0.8657
vn 0.2850 -0.4132 0.8649
vn -0.4971 -0.7897 0.3595
vn 0.8432 -0.0963 0.5289
vn 0.3123 0.8280 -0.4658
vn -0.8852 0.0032 -0.4652
vn -0.5096 0.7389 -0.4409
vn -0.3932 0.4157 -0.8201
vn -0.5037 0.3214 -0.8019
vn 0.4693 -0.7098 0.5254
vn 0.6624 -0.5489 0.5099
vn -0.7950 -0.6046 -0.0493
vn -0.7822 -0.6180 -0.0796
vn -0.4011 -0.8269 0.3941
vn 0.8479 0.5280 -0.0490
vn 0.8586 0.5074 -0.0736
vn 0.9169 0.0801 0.3909
vn 0.1238 0.8012 -0.5855
vn -0.6814 0.3136 -0.6613
vn 0.0204 -0.6526 0.7574
vn -0.7934 0.3619 -0.4895
vn -0.0542 0.8715 -0.4875
vn 0.8178 0.0607 0.5723
vn 0.8170 0.0591 0.5736
vn 0.3636 -0.5584 -0.7457
vn 0.4097 -0.5905 0.6953
vn 0.4744 -0.3846 0.7918
vn 0.9547 -0.2976 0.0027
vn 0.5456 -0.7911 0.2767
vn 0.5276 -0.8042 0.2736
vn -0.5014 -0.8642 -0.0418
vn 0.2085 0.9777 0.0257
vn -0.9880 0.1525 0.0257
vn -0.5372 0.7789 0.3236
vn -0.5424 0.8215 -0.1760
vn -0.6824 0.7097 -0.1752
vn 0.5312 -0.8150 -0.2313
vn 0.7294 -0.6461 -0.2247
vn -0.8228 -0.5643 -0.0677
vn -0.8297 -0.5489 -0.1015
vn -0.3194 -0.9466 -0.0431
vn 0.8204 0.5678 -0.0677
vn 0.8175 0.5671 -0.1011
vn 0.9983 -0.0385 -0.0442
vn 0.0443 0.9988 0.0230
vn -0.8109 0.5822 -0.0595
vn 0.1145 -0.9836 0.1392
vn -0.9039 0.3925 0.1700
vn -0.1756 0.9661 0.1894
vn 0.9557 -0.2673 0.1234
vn 0.9555 -0.2680 0.1235
vn -0.0439 0.0536 -0.9976
vn 0.5692 -0.8220 -0.0171
vn 0.6994 -0.6998 0.1451
vn -0.1207 -0.8503 0.5122
vn -0.8232 -0.5677 -0.0000
vn -0.7027 -0.4671 0.5367
vn -0.8924 0.4452 -0.0733
vn -0.9070 -0.1939 0.3738
vn -0.3050 -0.3600 0.8817
vn -0.7139 -0.6972 0.0651
vn -0.0178 -0.7060 -0.7080
vn -0.3714 -0.1931 0.9082
vn -0.4472 -0.8851 -0.1291
vn 0.1712 -0.9805 -0.0965
vn -0.9594 -0.1632 -0.2302
vn -0.8500 0.1539 -0.5038
vn -0.9012 -0.4245 0.0875
vn -0.2998 -0.3178 0.8995
vn -0.7634 0.1954 -0.6156
vn -0.8565 -0.3005 0.4198
vn -0.6760 0.2274 0.7010
vn -0.4919 -0.8629 -0.1163
vn 0.1253 -0.9844 -0.1234
vn -0.7629 0.3037 0.5708
vn 0.8232 0.5677 -0.0000
vn -0.3121 0.8101 -0.4963
vn 0.8671 0.4451 -0.2237
vn 0.8577 -0.5115 0.0520
vn 0.2873 0.3151 -0.9045
vn 0.6482 0.6023 -0.4659
vn 0.6101 0.6912 0.3873
vn 0.0707 0.6998 0.7109
vn 0.4202 0.1929 -0.8867
vn 0.4935 0.7937 -0.3555
vn -0.1506 0.9800 0.1298
vn 0.6489 -0.5782 0.4946
vn 0.9409 0.1968 0.2757
vn 0.6817 0.6050 -0.4114
vn 0.2821 0.3519 -0.8925
vn 0.4567 -0.3438 0.8205
vn 0.9986 0.0500 -0.0198
vn 0.6793 -0.1826 -0.7108
vn -0.1712 0.9805 0.0965
vn 0.7682 0.6186 -0.1652
vn 0.7222 -0.3338 -0.6058
vn 0.2290 -0.7991 0.5559
vn 0.7667 -0.4658 0.4418
vn -0.3257 0.8105 -0.4869
vn -0.5749 0.5992 -0.5572
vn -0.7168 0.6847 -0.1316
vn -0.2951 0.9312 -0.2137
vn 0.3526 -0.9064 0.2328
vn 0.7333 -0.6725 0.1000
vn -0.0753 -0.2659 0.9610
vn 0.3820 -0.0510 0.9228
vn 0.1019 0.2480 -0.9634
vn -0.3309 0.1065 -0.9376
vn -0.5649 0.2757 -0.7778
vn -0.3750 -0.7382 0.5607
vn -0.6533 0.1789 -0.7357
vn 0.0570 -0.6260 0.7778
vn -0.1394 0.5774 0.8045
vn -0.5012 0.2238 0.8359
vn 0.1427 -0.6029 -0.7850
vn 0.4400 -0.2646 -0.8582
vn -0.1139 -0.3377 -0.9343
vn 0.2485 0.0148 -0.9685
vn -0.2411 -0.0462 0.9694
vn 0.0443 0.3090 0.9500
vn -0.3599 0.9166 0.1741
vn -0.7590 0.5972 0.2593
vn 0.3593 -0.9218 -0.1456
vn 0.6996 -0.6601 -0.2734
vn 0.7092 -0.4441 -0.5476
vn 0.1626 0.8699 0.4656
vn 0.7400 -0.4415 -0.5074
vn 0.6274 -0.5374 -0.5635
vn -0.1915 0.8349 0.5161
vn -0.2794 0.7774 0.5635
vn -0.6574 0.5087 -0.5559
vn -0.1687 0.8800 -0.4440
vn 0.6457 -0.5906 0.4840
vn 0.3504 -0.7516 0.5589
vn 0.1949 -0.9728 0.1255
vn 0.3727 -0.9128 0.1669
vn -0.9994 -0.0271 -0.0236
vn -0.1339 -0.9883 0.0733
vn -0.8343 0.5387 -0.1170
vn -0.7208 0.6728 -0.1669
vn 0.0844 0.2696 -0.9593
vn -0.3865 0.0486 -0.9210
vn -0.1028 -0.2482 0.9632
vn 0.3204 -0.1105 0.9408
vn 0.2010 -0.5860 0.7850
vn 0.4415 -0.3499 0.8262
vn -0.5932 0.3446 -0.7276
vn -0.0592 0.5519 -0.8318
vn 0.4887 -0.3364 -0.8050
vn 0.0260 -0.5496 -0.8350
vn -0.5110 0.3486 0.7857
vn -0.0910 0.5053 0.8582
vn 0.2719 0.3737 0.8868
vn 0.6654 0.3169 -0.6759
vn 0.1618 0.3085 0.9374
vn 0.3459 0.0416 -0.9373
vn 0.3459 0.0416 -0.9374
vn 0.3701 -0.9121 -0.1765
vn 0.7590 -0.5973 -0.2594
vn -0.3617 0.9207 0.1465
vn -0.7068 0.6513 0.2760
vn -0.6169 0.5163 0.5940
vn -0.2300 0.8279 0.5116
vn 0.2987 -0.8067 -0.5098
vn 0.6145 -0.4928 -0.6160
vn 0.7493 0.1328 0.6488
vn 0.8706 0.4910 0.0319
vn 0.4910 0.5022 0.7119
vn 0.8708 0.4905 0.0328
vn 0.5251 0.5343 -0.6624
vn 0.2128 0.9335 0.2888
vn 0.7733 0.1465 -0.6169
vn 0.2998 0.8713 -0.3885
vn 0.3663 -0.1225 0.9224
vn 0.6536 -0.4307 0.6224
vn 0.7801 -0.5057 0.3684
vn 0.8084 -0.5884 0.0159
vn -0.0207 0.3624 0.9318
vn -0.2049 0.7269 0.6555
vn -0.3263 0.9453 -0.0017
vn 0.6957 -0.4260 -0.5784
vn 0.6824 -0.4373 -0.5857
vn 0.3966 -0.1267 -0.9092
vn -0.1910 0.7392 -0.6458
vn 0.0053 0.3656 -0.9308
vn -0.7408 -0.2438 0.6259
vn -0.8725 -0.4875 -0.0340
vn -0.4971 -0.6201 0.6070
vn -0.7090 -0.2397 -0.6632
vn -0.4700 -0.6115 -0.6365
vn -0.9829 0.1794 -0.0406
vn -0.1246 -0.3463 0.9298
vn 0.1477 -0.7160 0.6823
vn 0.1275 -0.9918 0.0026
vn 0.3306 -0.9437 -0.0049
vn -0.4484 0.1096 0.8871
vn -0.6910 0.3936 0.6063
vn -0.8060 0.5915 -0.0213
vn 0.1648 -0.7077 -0.6870
vn -0.0973 -0.3424 -0.9345
vn -0.6662 0.3878 -0.6370
vn -0.4167 0.1054 -0.9029
vn 0.2082 -0.2162 0.9539
vn -0.0373 0.0464 0.9982
vn -0.5612 -0.3127 0.7663
vn -0.2420 -0.9127 0.3291
vn 0.6486 -0.5746 -0.4992
vn -0.8925 0.3118 0.3259
vn -0.6672 0.6218 0.4102
vn -0.2298 -0.6386 -0.7344
vn -0.2682 0.3355 -0.9031
vn -0.2240 0.2016 -0.9535
vn -0.8719 -0.4885 -0.0341
vn -0.2401 0.3335 0.9117
vn 0.5419 0.3074 0.7822
vn -0.0302 0.0947 0.9950
vn -0.0379 0.0491 0.9981
vn -0.1659 0.2365 0.9574
vn 0.1471 -0.0895 0.9851
vn -0.0134 -0.0004 0.9999
vn -0.1871 0.1238 0.9745
vn 0.1614 -0.1137 0.9803
vn -0.0222 0.0152 0.9996
vn -0.0052 -0.0147 0.9999
vn -0.2312 0.1903 0.9541
vn 0.1308 -0.1145 0.9848
vn 0.0324 -0.0491 0.9983
vn -0.0217 -0.0379 0.9990
vn 0.0385 -0.0926 0.9950
vn -0.0151 -0.0397 0.9991
vn 0.0305 -0.0797 0.9964
vn -0.0096 0.0428 0.9990
vn -0.0668 0.0966 0.9931
vn -0.0055 0.0399 0.9992
vn -0.0153 0.0432 0.9990
vn 0.1553 0.0814 0.9845
vn -0.0581 0.0778 0.9953
vn -0.3127 0.1233 0.9418
vn -0.0906 0.5652 0.8200
vn -0.0139 0.5312 0.8471
vn -0.4154 0.3473 0.8407
vn 0.2775 0.3376 0.8995
vn 0.2432 0.4276 0.8707
vn 0.4356 0.1488 0.8878
vn -0.1650 -0.4819 0.8605
vn -0.1408 -0.6302 0.7636
vn -0.3086 0.2951 0.9043
vn -0.7163 0.6974 -0.0221
vn 0.2397 -0.3942 0.8872
vn 0.7138 -0.6820 0.1589
vn 0.5812 0.4874 0.6517
vn 0.0431 0.4975 0.8664
vn 0.0628 0.4686 0.8812
vn -0.1086 0.7023 0.7035
vn -0.6830 0.7180 -0.1340
vn -0.3835 0.8683 0.3146
vn 0.5137 0.8409 -0.1702
vn -0.3262 0.7903 0.5187
vn -0.5829 0.7632 0.2788
vn -0.6824 0.7190 -0.1318
vn -0.3716 0.9224 -0.1049
vn -0.5852 0.6985 -0.4119
vn -0.3137 0.8222 -0.4750
vn 0.0455 0.6101 -0.7910
vn -0.3964 0.7819 -0.4811
vn 0.3823 0.2542 -0.8884
vn 0.1350 0.4526 -0.8814
vn 0.2853 -0.3539 -0.8907
vn 0.4655 -0.1354 -0.8746
vn 0.7101 -0.4564 -0.5362
vn 0.9624 0.2716 0.0025
vn 0.3464 -0.1771 0.9212
vn 0.0076 0.0803 0.9967
vn 0.3127 -0.2380 0.9196
vn -0.0703 0.0540 0.9961
vn -0.0927 0.1404 0.9857
vn -0.1449 0.0140 0.9893
vn -0.0858 0.0062 0.9963
vn -0.1481 0.0166 0.9888
vn 0.0098 -0.5028 0.8644
vn -0.2257 0.2411 0.9439
vn -0.3094 0.2258 0.9237
vn -0.0109 -0.5021 0.8647
vn -0.0738 -0.3873 0.9190
vn -0.0110 -0.5020 0.8648
vn -0.0065 -0.4580 0.8889
vn 0.4141 -0.7935 0.4460
vn 0.4852 -0.8740 -0.0273
vn 0.4517 -0.7978 -0.3994
vn 0.0120 -0.4569 -0.8894
vn -0.0599 -0.3988 -0.9151
vn -0.0354 -0.4755 -0.8790
vn 0.0403 -0.5231 -0.8513
vn -0.0498 -0.3229 -0.9451
vn -0.1049 -0.3189 -0.9420
vn -0.5990 0.8007 -0.0033
vn -0.2213 0.5325 0.8170
vn 0.0517 0.1587 0.9860
vn 0.1746 -0.1010 0.9794
vn 0.2392 -0.1435 0.9603
vn 0.7006 -0.6933 0.1690
vn 0.6436 -0.7651 -0.0222
vn 0.1979 -0.9801 -0.0134
vn 0.5923 -0.8055 0.0190
vn 0.7285 -0.5495 -0.4091
vn 0.5026 -0.5832 0.6382
vn 0.4218 -0.5570 0.7154
vn 0.4331 -0.5506 -0.7137
vn -0.7323 0.6640 -0.1509
vn -0.6791 0.6207 -0.3918
vn -0.5718 0.7535 0.3244
vn -0.5538 0.7434 -0.3750
vn -0.5361 0.7219 0.4376
vn -0.4891 0.7076 -0.5100
vn -0.5803 0.8131 0.0462
vn -0.5031 0.7746 -0.3832
vn 0.3675 -0.9002 0.2338
vn 0.2251 -0.8915 -0.3932
vn 0.5851 -0.8093 -0.0521
vn 0.6569 -0.4992 -0.5650
vn -0.5555 0.7009 0.4474
vn -0.5361 0.7243 -0.4337
vn -0.5962 0.8008 0.0579
vn -0.5213 0.7630 -0.3822
vn 0.3827 -0.8898 0.2487
vn 0.2808 -0.8936 -0.3502
vn 0.6128 -0.7892 -0.0394
vn 0.6768 -0.4740 -0.5632
vn -0.2095 0.8698 0.4467
vn -0.3872 0.9013 -0.1942
vn 0.7041 -0.6682 0.2405
vn 0.5331 -0.8255 -0.1856
vn 0.4985 -0.7978 0.3392
vn 0.5198 -0.8216 -0.2339
vn 0.8339 -0.5514 -0.0232
vn 0.8266 -0.5612 -0.0425
vn -0.5195 0.5860 0.6219
vn -0.2632 0.8726 0.4114
vn -0.6219 0.7831 -0.0041
vn -0.4381 0.8786 -0.1898
vn 0.7404 -0.6343 0.2225
vn 0.5787 -0.7877 -0.2114
vn 0.5422 -0.7441 0.3904
vn 0.5611 -0.7986 -0.2177
vn 0.7104 -0.6631 0.2359
vn 0.5574 -0.7960 -0.2358
vn 0.5202 -0.7598 0.3901
vn 0.5449 -0.8063 -0.2302
vn -0.3039 0.8567 0.4168
vn -0.4490 0.8782 -0.1647
vn 0.3299 -0.9168 0.2249
vn 0.2108 -0.9122 -0.3514
vn 0.5368 -0.8437 -0.0070
vn 0.4654 -0.6930 -0.5507
vn -0.5381 0.8396 0.0740
vn -0.4903 0.7705 -0.4073
vn 0.0816 -0.0440 0.9957
vn -0.1986 0.2982 0.9336
vn -0.3323 0.3196 0.8874
vn -0.5199 0.7537 0.4020
vn -0.5166 0.7643 0.3860
vn -0.2496 0.3084 0.9179
vn 0.2916 -0.4212 0.8588
vn 0.1713 -0.1614 0.9719
vn 0.4115 -0.6344 0.6544
vn -0.2384 0.2817 0.9294
vn -0.5266 0.7634 0.3741
vn -0.5280 0.7742 0.3490
vn -0.2846 0.3662 0.8860
vn 0.3219 -0.4029 0.8568
vn 0.1991 -0.2303 0.9525
vn 0.4321 -0.6458 0.6294
vn -0.2888 0.0950 0.9527
vn -0.2193 0.4130 0.8839
vn 0.1956 -0.2980 0.9343
vn 0.4096 -0.6715 0.6175
vn 0.5609 -0.4931 0.6650
vn 0.6021 -0.3949 0.6940
vn 0.5876 -0.3370 0.7356
vn -0.2432 0.4474 0.8606
vn 0.2356 -0.2630 0.9356
vn 0.6102 -0.4664 0.6404
vn 0.5635 -0.4691 0.6800
vn -0.2411 0.4391 0.8655
vn 0.2339 -0.3025 0.9240
vn 0.3126 -0.5010 0.8070
vn -0.0952 0.1657 0.9816
vn -0.4473 0.8094 0.3805
vn -0.4082 0.8475 0.3394
vn -0.3180 0.3708 0.8726
vn -0.3170 0.2503 0.9148
vn 0.0034 0.0296 0.9996
vn -0.9904 -0.1340 -0.0337
vn -0.4867 0.6447 0.5895
vn 0.0021 -0.7092 0.7050
vn -0.4688 -0.4227 0.7756
vn -0.3819 -0.3678 0.8479
vn 0.1745 0.0217 0.9844
vn 0.3020 -0.8325 0.4644
vn 0.1412 -0.9895 0.0308
vn 0.3597 -0.8723 -0.3312
vn -0.0566 -0.7995 -0.5979
vn 0.2169 -0.0093 -0.9761
vn -0.3472 -0.3592 -0.8663
vn -0.4326 -0.4113 -0.8023
vn 0.8559 -0.4045 0.3221
vn 0.3755 -0.1614 -0.9127
vn -0.2665 0.4987 0.8248
vn -0.5433 0.7601 0.3564
vn -0.2434 0.2682 0.9321
vn -0.1937 -0.9083 -0.3707
vn 0.8605 -0.4046 0.3097
vn 0.7933 -0.0381 -0.6076
vn -0.1587 -0.9295 -0.3330
vn 0.8615 -0.3622 0.3557
vn 0.8162 -0.0084 -0.5777
vn 0.2018 -0.4786 0.8545
vn 0.4960 -0.7825 0.3763
vn 0.1887 -0.2607 0.9468
vn 0.1903 0.8920 0.4100
vn 0.2358 -0.2382 0.9422
vn 0.1523 0.9127 0.3791
vn -0.7888 0.3136 -0.5286
vn 0.2937 -0.4926 0.8192
vn 0.5736 -0.7272 0.3771
vn 0.2058 -0.2652 0.9420
vn 0.0138 0.9429 0.3329
vn 0.2709 -0.5230 0.8081
vn 0.5377 -0.7717 0.3397
vn -0.4144 0.2939 0.8613
vn -0.1882 -0.9279 -0.3220
vn -0.4000 0.6721 0.6231
vn -0.4676 -0.6358 0.6141
vn -0.5194 -0.8519 -0.0673
vn -0.4141 -0.4892 0.7676
vn -0.1817 -0.9376 0.2966
vn 0.0307 -0.6561 0.7540
vn 0.2903 -0.9215 0.2581
vn -0.6409 -0.7302 -0.2365
vn -0.3900 -0.6427 -0.6594
vn -0.3808 -0.4780 -0.7915
vn -0.2190 -0.9203 -0.3243
vn 0.0511 -0.6506 -0.7577
vn 0.2979 -0.9206 -0.2526
vn -0.2814 0.2593 -0.9239
vn -0.2779 0.1030 -0.9551
vn -0.1971 0.2892 0.9368
vn 0.2423 -0.2746 0.9305
vn 0.6255 -0.7742 0.0974
vn 0.5966 -0.7273 -0.3393
vn -0.5770 0.7479 0.3281
vn -0.6352 0.7481 -0.1920
vn 0.4133 -0.5035 0.7588
vn 0.0244 0.0127 -0.9996
vn 0.5770 0.2988 -0.7602
vn -0.0094 0.0467 -0.9989
vn 0.0291 0.0544 -0.9981
vn -0.1327 0.2046 -0.9698
vn 0.1724 -0.0834 -0.9815
vn 0.1649 -0.2355 -0.9578
vn -0.1350 0.1023 -0.9855
vn 0.0258 -0.0208 -0.9995
vn 0.0236 -0.0172 -0.9996
vn -0.2043 0.1893 -0.9604
vn 0.1609 -0.1176 -0.9799
vn 0.0612 -0.0518 -0.9968
vn 0.1432 -0.0031 -0.9897
vn 0.0671 -0.0953 -0.9932
vn 0.1508 0.0015 -0.9886
vn 0.0519 -0.0715 -0.9961
vn -0.1007 0.0050 -0.9949
vn 0.0674 -0.1188 -0.9906
vn -0.1022 -0.0098 -0.9947
vn 0.0134 0.0409 -0.9991
vn 0.1842 0.0786 -0.9797
vn 0.0988 -0.1697 -0.9805
vn -0.3913 0.3427 -0.8541
vn 0.0099 0.5364 -0.8439
vn -0.0661 0.5685 -0.8200
vn 0.3271 0.3399 -0.8817
vn 0.2581 0.4339 -0.8632
vn 0.4872 0.1510 -0.8601
vn 0.4974 0.1432 -0.8556
vn 0.5537 -0.0105 -0.8326
vn -0.0092 0.1008 -0.9949
vn 0.3648 -0.1696 -0.9155
vn 0.3297 -0.2161 -0.9190
vn 0.0511 0.0580 -0.9970
vn -0.0698 0.0933 -0.9932
vn -0.1163 0.0113 -0.9931
vn -0.2384 0.5453 -0.8036
vn 0.1262 0.1403 -0.9820
vn 0.2775 -0.1198 -0.9532
vn -0.1646 0.2990 -0.9400
vn -0.5432 0.3983 -0.7391
vn -0.4261 0.5996 -0.6775
vn -0.2331 0.3357 -0.9127
vn -0.4437 0.6350 -0.6324
vn 0.1847 -0.4404 -0.8786
vn -0.2661 0.3008 -0.9158
vn -0.2786 0.4309 -0.8583
vn -0.4492 0.6386 -0.6249
vn 0.1831 -0.4837 -0.8559
vn -0.2693 0.1030 -0.9575
vn -0.4053 0.6053 -0.6851
vn 0.2373 -0.3207 -0.9170
vn 0.5133 -0.8119 -0.2779
vn 0.6234 -0.3905 -0.6775
vn 0.6022 -0.2998 -0.7399
vn -0.3033 0.3846 -0.8718
vn -0.1703 0.1589 -0.9725
vn 0.2740 -0.2814 -0.9197
vn 0.5585 -0.7640 -0.3232
vn 0.5292 -0.7733 -0.3492
vn 0.3653 -0.1197 -0.9232
vn 0.1810 -0.4802 -0.8583
vn -0.0707 0.1704 -0.9828
vn -0.3807 0.6692 -0.6382
vn -0.0777 -0.0177 -0.9968
vn -0.9904 -0.1339 -0.0332
vn -0.4701 0.6440 -0.6035
vn -0.0045 0.4266 -0.9044
vn -0.5334 0.7600 -0.3713
vn -0.2099 0.2634 -0.9416
vn 0.0529 -0.4169 -0.9074
vn 0.5058 -0.7821 -0.3639
vn 0.2219 -0.2653 -0.9383
vn 0.2711 -0.2426 -0.9315
vn 0.1346 -0.4455 -0.8851
vn 0.5840 -0.7279 -0.3594
vn -0.3830 0.2912 -0.8767
vn -0.3833 0.6730 -0.6326
vn -0.7366 0.2267 -0.6372
vn 0.0050 0.0363 -0.9993
vn -0.0672 0.0807 -0.9945
vn 0.1468 -0.1133 -0.9827
vn -0.3943 0.6208 -0.6776
vn 0.4653 -0.5389 -0.7022
vn -0.1568 0.1440 0.9771
vn -0.1611 0.1810 0.9702
vn -0.1021 0.1017 0.9896
vn -0.1220 0.0104 0.9925
vn -0.8949 0.4463 -0.0015
vn 0.4414 -0.4758 0.7608
vn -0.4792 -0.8771 -0.0332
vn -0.0144 0.0013 0.9999
vn -0.0143 0.0012 0.9999
vn -0.0244 -0.0251 0.9994
vn -0.0143 0.0013 0.9999
vn -0.0152 0.0019 0.9999
vn 0.0144 -0.0014 -0.9999
vn 0.0168 -0.0109 -0.9998
vn 0.0142 -0.0011 -0.9999
vn -0.0572 0.0707 -0.9959
vn 0.0145 -0.0015 -0.9999
vn 0.0171 -0.0036 -0.9998
vn 0.4910 -0.4828 -0.7252
vn -0.0583 0.0219 -0.9981
vn -0.0730 0.1020 -0.9921
vn -0.0955 0.1328 -0.9865
vn -0.0731 0.1022 -0.9921
vn -0.0952 0.1320 -0.9867
vn 0.6216 -0.7469 -0.2362
vn 0.6142 -0.7873 -0.0539
vn 0.6213 -0.7717 0.1362
vn 0.6278 -0.7314 0.2663
vn 0.6583 -0.7188 -0.2236
vn 0.6760 -0.7229 0.1432
vn 0.7028 -0.7051 -0.0944
vn 0.6129 -0.7901 0.0019
vn 0.6142 -0.7873 -0.0538
vn 0.6162 -0.7873 0.0209
vn -0.1012 0.1123 0.9885
vn -0.1610 0.1809 0.9702
vn -0.0996 0.1104 0.9889
vn -0.3264 -0.5306 0.7823
vn -0.0002 -0.0003 1.0000
vn -0.0003 -0.0002 1.0000
vn -0.3232 -0.5325 0.7823
vn 0.0002 0.0003 1.0000
vn 0.3264 0.5306 0.7823
vn 0.3228 0.5328 0.7823
vn -0.0000 0.0002 1.0000
vn 0.3265 0.5305 0.7823
vn 0.3287 0.5291 0.7823
vn 0.3263 0.5307 0.7823
vn 0.0001 0.0002 1.0000
vn -0.3287 -0.5291 0.7823
vn -0.0001 -0.0002 1.0000
vn 0.5240 0.8517 -0.0000
vn 0.5180 0.8554 -0.0000
vn 0.3228 0.5328 0.7822
vn 0.5181 0.8553 -0.0000
vn 0.3264 0.5306 -0.7823
vn 0.3229 0.5328 -0.7822
vn 0.5278 0.8494 -0.0000
vn 0.2879 0.4634 -0.8381
vn 0.3264 0.5306 -0.7822
vn 0.5276 0.8495 -0.0000
vn 0.3288 0.5292 0.7822
vn 0.3263 0.5306 -0.7823
vn 0.0002 0.0003 -1.0000
vn 0.3228 0.5328 -0.7823
vn -0.0000 0.0002 -1.0000
vn -0.0003 -0.0002 -1.0000
vn -0.0002 -0.0003 -1.0000
vn -0.3264 -0.5306 -0.7823
vn -0.3231 -0.5326 -0.7823
vn -0.0174 -0.0281 -0.9995
vn -0.3287 -0.5291 -0.7823
vn -0.0171 -0.0276 -0.9995
vn 0.3263 0.5305 -0.7823
vn 0.2878 0.4630 -0.8383
vn 0.3264 0.5305 -0.7823
vn -0.3263 -0.5307 -0.7823
vn -0.5239 -0.8518 -0.0000
vn -0.5189 -0.8548 -0.0000
vn -0.3233 -0.5326 -0.7822
vn -0.3263 -0.5307 -0.7822
vn -0.5190 -0.8548 -0.0000
vn -0.3263 -0.5307 0.7823
vn -0.3233 -0.5326 0.7822
vn -0.3264 -0.5307 0.7822
vn -0.5277 -0.8494 -0.0000
vn -0.3288 -0.5291 0.7823
vn -0.3265 -0.5306 0.7822
vn -0.5275 -0.8495 -0.0000
vn -0.3289 -0.5291 -0.7823
vn -0.3264 -0.5307 -0.7822
vn 0.3238 0.5322 0.7823
vn 0.3181 0.5356 0.7822
vn 0.3237 0.5322 0.7823
vn -0.3237 -0.5323 0.7822
vn -0.3181 -0.5357 0.7822
vn -0.3236 -0.5323 0.7823
vn -0.3237 -0.5322 0.7823
vn 0.3237 0.5323 0.7822
vn 0.3505 0.5771 -0.7377
vn 0.5196 0.8544 -0.0000
vn 0.5107 0.8598 -0.0000
vn 0.3182 0.5356 -0.7822
vn 0.3505 0.5770 -0.7377
vn 0.3238 0.5323 0.7822
vn 0.3182 0.5356 0.7822
vn 0.3288 0.5291 0.7822
vn 0.3237 0.5324 0.7822
vn 0.5278 0.8493 -0.0000
vn 0.2879 0.4633 -0.8381
vn 0.3506 0.5771 -0.7376
vn -0.3237 -0.5323 -0.7822
vn 0.0240 0.0387 -0.9990
vn -0.3181 -0.5357 -0.7822
vn -0.3236 -0.5323 -0.7823
vn -0.0001 -0.0002 -1.0000
vn 0.0001 0.0002 -1.0000
vn 0.0243 0.0391 -0.9989
vn 0.3505 0.5769 -0.7378
vn 0.3181 0.5356 -0.7822
vn 0.0243 0.0392 -0.9989
vn 0.2877 0.4631 -0.8383
vn 0.3504 0.5769 -0.7378
vn 0.0242 0.0392 -0.9989
vn 0.0239 0.0387 -0.9990
vn -0.3288 -0.5291 -0.7823
vn -0.5195 -0.8544 -0.0000
vn -0.5107 -0.8598 -0.0000
vn -0.3182 -0.5358 0.7821
vn -0.3237 -0.5324 0.7822
vn -0.3237 -0.5324 -0.7822
vn -0.3182 -0.5358 -0.7821
vn -0.5196 -0.8544 -0.0000
vn -0.3287 -0.5292 -0.7823
vn -0.3238 -0.5323 -0.7822
vn -0.3138 -0.5383 0.7821
vn -0.2999 -0.5462 0.7821
vn -0.3139 -0.5383 0.7821
vn -0.3140 -0.5382 0.7821
vn 0.3139 0.5383 0.7821
vn 0.3140 0.5383 0.7821
vn 0.3001 0.5461 0.7821
vn 0.3140 0.5382 0.7821
vn -0.2898 -0.6096 0.7378
vn -0.0130 -0.0448 0.9989
vn -0.0127 -0.0443 0.9989
vn 0.2776 0.5579 0.7821
vn 0.3000 0.5462 0.7821
vn 0.2777 0.5579 0.7821
vn 0.2777 0.5578 0.7821
vn 0.0409 0.0656 0.9970
vn 0.2655 0.5638 0.7821
vn -0.0129 -0.0448 0.9989
vn -0.2897 -0.6096 0.7378
vn -0.1882 -0.4543 0.8708
vn 0.0406 0.0652 0.9970
vn -0.0129 -0.0447 0.9989
vn -0.1882 -0.4543 0.8707
vn 0.4816 0.8764 -0.0000
vn 0.5039 0.8638 -0.0000
vn 0.4815 0.8765 -0.0000
vn 0.5040 0.8637 -0.0000
vn 0.3182 0.5357 0.7821
vn 0.3140 0.5383 -0.7821
vn 0.3182 0.5357 -0.7821
vn 0.3000 0.5462 -0.7821
vn 0.3140 0.5382 -0.7821
vn 0.4428 0.8966 -0.0000
vn 0.3001 0.5463 0.7820
vn 0.2776 0.5579 -0.7821
vn 0.3001 0.5463 -0.7820
vn 0.4815 0.8764 -0.0000
vn 0.2777 0.5579 -0.7821
vn 0.4427 0.8966 -0.0000
vn 0.4204 0.9074 -0.0000
vn 0.2655 0.5638 -0.7821
vn 0.4204 0.9073 -0.0000
vn 0.4205 0.9073 -0.0000
vn 0.4429 0.8966 -0.0000
vn 0.3141 0.5382 -0.7821
vn 0.3139 0.5383 -0.7821
vn -0.3140 -0.5382 -0.7821
vn -0.3139 -0.5383 -0.7821
vn -0.3000 -0.5462 -0.7821
vn 0.0050 -0.0020 -1.0000
vn 0.0047 -0.0025 -1.0000
vn -0.2654 -0.5636 -0.7823
vn -0.2999 -0.5462 -0.7821
vn -0.2655 -0.5635 -0.7823
vn -0.2654 -0.5635 -0.7823
vn 0.0096 -0.0046 -0.9999
vn -0.2409 -0.5746 -0.7822
vn 0.0098 -0.0041 -0.9999
vn 0.2777 0.5578 -0.7821
vn -0.4813 -0.8766 -0.0000
vn -0.5038 -0.8638 -0.0000
vn -0.3000 -0.5463 -0.7820
vn -0.5106 -0.8598 -0.0000
vn -0.3182 -0.5357 -0.7822
vn -0.3140 -0.5383 -0.7821
vn -0.5107 -0.8597 -0.0000
vn -0.3182 -0.5357 0.7822
vn -0.3140 -0.5383 0.7821
vn -0.5037 -0.8638 -0.0000
vn -0.4812 -0.8766 -0.0000
vn -0.3000 -0.5463 0.7820
vn -0.2655 -0.5636 -0.7822
vn -0.4289 -0.9033 -0.0000
vn -0.2999 -0.5463 -0.7820
vn -0.2655 -0.5636 -0.7823
vn -0.4811 -0.8767 -0.0000
vn -0.2899 -0.6098 0.7376
vn -0.2999 -0.5463 0.7820
vn -0.2898 -0.6099 0.7376
vn -0.4288 -0.9034 -0.0000
vn -0.3924 -0.9198 -0.0000
vn -0.1883 -0.4544 0.8706
vn -0.2898 -0.6098 0.7376
vn -0.3926 -0.9197 -0.0000
vn -0.2654 -0.5636 -0.7822
vn -0.2654 -0.5637 -0.7822
vn -0.8436 0.5369 -0.0000
vn -0.3227 -0.5329 -0.7822
vn -0.0002 -0.0001 -1.0000
vn -0.3232 -0.5325 -0.7823
vn -0.3226 -0.5329 -0.7822
vn -0.0003 -0.0003 -1.0000
vn 0.3217 0.5335 -0.7823
vn 0.3227 0.5328 -0.7823
vn 0.3217 0.5335 -0.7822
vn 0.3217 0.5336 -0.7822
vn 0.5162 0.8565 -0.0000
vn 0.3228 0.5329 -0.7822
vn 0.3219 0.5335 -0.7822
vn 0.3218 0.5335 0.7822
vn 0.3228 0.5329 0.7822
vn 0.3217 0.5335 0.7823
vn -0.0000 0.0003 1.0000
vn 0.3227 0.5328 0.7823
vn -0.3226 -0.5330 0.7822
vn -0.3227 -0.5329 0.7822
vn -0.8436 0.5370 -0.0000
vn -0.3227 -0.5330 0.7822
vn -0.5181 -0.8553 -0.0000
vn -0.3226 -0.5330 -0.7822
vn -0.3233 -0.5325 -0.7822
vn -0.3227 -0.5330 -0.7822
vn 0.2587 0.4770 0.8400
vn 0.0131 -0.0058 0.9999
vn 0.0774 -0.0358 0.9964
vn -0.0005 0.0005 1.0000
vn 0.0130 -0.0058 0.9999
vn 0.2587 0.4771 0.8399
vn 0.2400 0.5780 0.7799
vn -0.0006 0.0006 1.0000
vn 0.6262 -0.2920 0.7229
vn 0.8600 -0.4011 0.3153
vn 0.9275 0.2339 0.2917
vn 0.1111 -0.0516 0.9925
vn 0.1776 -0.0586 0.9824
vn 0.3691 -0.2416 0.8975
vn 0.1777 -0.0587 0.9823
vn 0.2401 0.5780 0.7799
vn -0.0438 0.2721 0.9613
vn -0.1206 0.0561 0.9911
vn -0.0221 0.1002 0.9947
vn 0.1678 0.5837 0.7944
vn -0.0220 0.1002 0.9947
vn -0.0218 0.1001 0.9947
vn 0.0996 0.5273 0.8438
vn -0.1205 0.0560 0.9911
vn 0.1108 -0.0519 0.9925
vn -0.0219 0.1004 0.9947
vn 0.1111 -0.0519 0.9925
vn 0.1778 -0.0591 0.9823
vn 0.1795 -0.3985 0.8994
vn -0.0219 0.1001 0.9947
vn 0.1109 -0.0520 0.9925
vn 0.1789 -0.3983 0.8996
vn 0.1777 -0.0591 0.9823
vn 0.3689 -0.2418 0.8975
vn 0.1795 -0.3985 0.8995
vn 0.0598 0.9982 0.0002
vn 0.0939 0.6547 0.7500
vn 0.3205 0.6607 0.6788
vn 0.5196 -0.3398 0.7839
vn 0.1795 -0.3983 0.8995
vn 0.0994 0.5270 0.8440
vn 0.3205 0.6603 0.6792
vn 0.0939 0.6544 0.7503
vn 0.1674 0.5835 0.7947
vn 0.0991 0.5271 0.8440
vn 0.0938 0.6545 0.7502
vn 0.0598 0.9982 -0.0002
vn 0.3205 0.6604 0.6790
vn 0.1709 0.8034 0.5704
vn 0.3208 0.6606 0.6788
vn 0.6718 0.3908 0.6293
vn 0.1715 0.8033 0.5704
vn 0.5201 -0.3398 0.7836
vn 0.7603 -0.1377 0.6349
vn 0.6719 0.3903 0.6294
vn 0.3204 0.6606 0.6789
vn 0.7603 -0.1371 0.6349
vn 0.2588 0.4772 0.8398
vn 0.5884 0.8085 -0.0000
vn 0.4841 0.8750 -0.0000
vn 0.9274 0.2340 0.2917
vn 0.6593 0.2529 0.7081
vn 0.6263 -0.2922 0.7228
vn 0.0775 -0.0359 0.9963
vn 0.6261 -0.2922 0.7230
vn 0.6594 0.2527 0.7080
vn 0.0776 -0.0359 0.9963
vn 0.6595 0.2527 0.7080
vn 0.5545 0.5206 0.6492
vn 0.9996 -0.0285 0.0002
vn 0.9275 0.2340 0.2916
vn 0.8602 -0.4011 0.3150
vn 0.9063 -0.4227 0.0002
vn 0.9996 -0.0286 0.0001
vn 0.8602 -0.4012 0.3149
vn 0.2587 0.4773 0.8398
vn 0.5302 0.6182 0.5803
vn 0.9806 -0.1963 0.0001
vn 0.9350 0.2675 0.2328
vn 0.7009 0.2071 0.6826
vn 0.9474 0.0896 0.3073
vn 0.9805 -0.1963 -0.0000
vn 0.7008 0.2071 0.6827
vn 0.7006 0.2072 0.6828
vn 0.9351 0.2674 0.2325
vn 0.3828 0.7253 0.5722
vn 0.3334 0.4687 0.8180
vn 0.7007 0.2072 0.6827
vn 0.3829 0.7253 0.5721
vn 0.4418 0.3954 0.8053
vn 0.3331 0.4684 0.8183
vn 0.5082 0.6749 0.5350
vn 0.3824 0.7255 0.5722
vn 0.5079 0.6749 0.5353
vn 0.3332 0.4689 0.8180
vn 0.7586 0.4498 0.4714
vn 0.3332 0.4683 0.8183
vn 0.4419 0.3954 0.8053
vn 0.7589 0.4496 0.4712
vn 0.7007 0.2072 0.6828
vn 0.4419 0.3953 0.8053
vn 0.9474 0.0900 0.3071
vn 0.9678 0.2519 -0.0001
vn 0.9805 -0.1964 0.0003
vn 0.3824 0.7256 0.5720
vn 0.6366 0.7633 0.1099
vn 0.5079 0.6750 0.5352
vn 0.3310 0.9436 -0.0000
vn 0.3880 0.8113 0.4373
vn 0.2400 0.5781 0.7799
vn 0.2706 0.7814 0.5623
vn 0.3311 0.9436 -0.0000
vn 0.2400 0.5783 0.7797
vn 0.0128 -0.0064 0.9999
vn -0.2192 -0.5416 0.8115
vn 0.0771 -0.0363 0.9964
vn 0.0127 -0.0063 0.9999
vn -0.0008 -0.0000 1.0000
vn -0.2193 -0.5416 0.8115
vn -0.2774 -0.5150 0.8110
vn -0.2872 -0.9352 0.2073
vn -0.2194 -0.5420 0.8112
vn -0.4054 -0.7260 0.5555
vn -0.2195 -0.5420 0.8112
vn -0.2776 -0.5154 0.8107
vn 0.8599 -0.4014 0.3153
vn 0.6262 -0.2924 0.7228
vn 0.4166 -0.8610 0.2917
vn 0.1108 -0.0520 0.9925
vn 0.1590 -0.0984 0.9824
vn 0.1589 -0.0984 0.9824
vn 0.4222 -0.1276 0.8975
vn -0.1204 0.0564 0.9911
vn -0.2367 -0.1413 0.9613
vn -0.0910 -0.0475 0.9947
vn -0.2367 -0.1412 0.9613
vn -0.3395 -0.5036 0.7944
vn -0.0909 -0.0475 0.9947
vn -0.3400 -0.4150 0.8439
vn -0.1203 0.0564 0.9911
vn -0.0910 -0.0477 0.9947
vn 0.1595 -0.0982 0.9823
vn 0.4206 0.1184 0.8995
vn 0.1111 -0.0515 0.9925
vn -0.0908 -0.0475 0.9947
vn 0.4202 0.1187 0.8997
vn 0.4222 -0.1274 0.8975
vn 0.4207 0.1184 0.8995
vn -0.4414 -0.4926 0.7500
vn -0.7265 -0.6871 0.0002
vn -0.3003 -0.6701 0.6788
vn 0.5942 -0.1799 0.7839
vn 0.4205 0.1184 0.8995
vn -0.3001 -0.6698 0.6791
vn -0.3400 -0.4146 0.8441
vn -0.4412 -0.4924 0.7502
vn -0.3402 -0.4146 0.8440
vn -0.3396 -0.5032 0.7947
vn -0.4413 -0.4924 0.7502
vn -0.3002 -0.6700 0.6789
vn -0.7265 -0.6872 -0.0002
vn -0.5059 -0.6472 0.5703
vn 0.1321 -0.7658 0.6294
vn -0.3001 -0.6702 0.6788
vn -0.5054 -0.6475 0.5704
vn 0.5945 -0.1803 0.7837
vn 0.5940 -0.4941 0.6349
vn -0.3005 -0.6700 0.6789
vn 0.1325 -0.7657 0.6294
vn 0.5936 -0.4946 0.6349
vn -0.2415 -0.9704 -0.0000
vn -0.2194 -0.5418 0.8114
vn -0.2871 -0.9352 0.2073
vn 0.2298 -0.6677 0.7080
vn 0.6262 -0.2921 0.7228
vn 0.0773 -0.0364 0.9963
vn 0.2301 -0.6677 0.7080
vn 0.0773 -0.0363 0.9963
vn -0.0559 -0.6931 0.7187
vn 0.4165 -0.8610 0.2917
vn 0.6641 -0.7477 0.0002
vn 0.8600 -0.4016 0.3150
vn 0.6641 -0.7476 0.0001
vn 0.9062 -0.4229 0.0002
vn 0.8601 -0.4014 0.3149
vn -0.2193 -0.5418 0.8114
vn -0.2417 -0.9704 -0.0000
vn -0.1331 -0.8034 0.5804
vn 0.3958 -0.8883 0.2328
vn 0.7804 -0.6253 -0.0000
vn 0.2916 -0.6701 0.6826
vn 0.7805 -0.6252 -0.0000
vn 0.5401 -0.7835 0.3073
vn 0.2915 -0.6700 0.6827
vn 0.3959 -0.8884 0.2325
vn 0.2914 -0.6701 0.6827
vn -0.3099 -0.7594 0.5721
vn -0.1450 -0.5567 0.8180
vn -0.3098 -0.7594 0.5721
vn -0.1449 -0.5562 0.8183
vn -0.0192 -0.5926 0.8053
vn -0.1906 -0.8230 0.5350
vn -0.1908 -0.8228 0.5354
vn -0.3101 -0.7593 0.5721
vn -0.1451 -0.5566 0.8180
vn 0.1428 -0.8702 0.4715
vn -0.1448 -0.5563 0.8183
vn -0.0191 -0.5925 0.8053
vn 0.1431 -0.8703 0.4712
vn 0.4288 -0.9034 -0.0002
vn 0.5399 -0.7836 0.3072
vn 0.7805 -0.6252 0.0002
vn -0.1760 -0.9782 0.1098
vn -0.3103 -0.7593 0.5720
vn -0.1909 -0.8228 0.5353
vn -0.3724 -0.8186 0.4373
vn -0.5104 -0.8599 -0.0000
vn -0.2775 -0.5152 0.8109
vn -0.4057 -0.7258 0.5555
vn -0.2777 -0.5153 0.8107
vn 0.0131 -0.0058 -0.9999
vn 0.2587 0.4770 -0.8400
vn 0.0774 -0.0358 -0.9964
vn 0.0129 -0.0058 -0.9999
vn -0.0005 0.0005 -1.0000
vn 0.2587 0.4771 -0.8399
vn -0.0006 0.0005 -1.0000
vn 0.2400 0.5780 -0.7799
vn 0.8600 -0.4011 -0.3154
vn 0.6262 -0.2920 -0.7229
vn 0.9274 0.2340 -0.2917
vn -0.0006 0.0006 -1.0000
vn 0.1111 -0.0516 -0.9925
vn 0.1775 -0.0586 -0.9824
vn 0.1776 -0.0586 -0.9824
vn 0.3690 -0.2416 -0.8975
vn 0.2401 0.5780 -0.7799
vn -0.1205 0.0559 -0.9911
vn -0.0438 0.2721 -0.9613
vn -0.0221 0.1002 -0.9947
vn 0.1678 0.5837 -0.7944
vn -0.0220 0.1002 -0.9947
vn 0.1678 0.5836 -0.7945
vn 0.0996 0.5273 -0.8438
vn 0.1109 -0.0520 -0.9925
vn -0.0219 0.1004 -0.9947
vn 0.1777 -0.0591 -0.9823
vn 0.1110 -0.0519 -0.9925
vn 0.1795 -0.3985 -0.8994
vn 0.1108 -0.0520 -0.9925
vn -0.0219 0.1002 -0.9947
vn 0.1790 -0.3983 -0.8996
vn 0.3689 -0.2418 -0.8975
vn 0.1777 -0.0592 -0.9823
vn 0.1795 -0.3985 -0.8995
vn 0.0939 0.6547 -0.7500
vn 0.3206 0.6607 -0.6787
vn 0.5196 -0.3398 -0.7839
vn 0.1795 -0.3983 -0.8995
vn 0.3204 0.6604 -0.6792
vn 0.0993 0.5269 -0.8441
vn 0.0938 0.6544 -0.7503
vn 0.0991 0.5271 -0.8440
vn 0.1674 0.5835 -0.7947
vn 0.0937 0.6545 -0.7502
vn 0.3206 0.6606 -0.6789
vn 0.1709 0.8034 -0.5704
vn 0.6717 0.3908 -0.6293
vn 0.3207 0.6606 -0.6787
vn 0.1715 0.8033 -0.5704
vn 0.3691 -0.2416 -0.8975
vn 0.5201 -0.3398 -0.7836
vn 0.7603 -0.1377 -0.6349
vn 0.3204 0.6606 -0.6790
vn 0.6719 0.3904 -0.6294
vn 0.7603 -0.1371 -0.6349
vn 0.5883 0.8086 -0.0000
vn 0.2587 0.4773 -0.8398
vn 0.6594 0.2530 -0.7080
vn 0.6263 -0.2922 -0.7228
vn 0.6261 -0.2921 -0.7229
vn 0.0775 -0.0359 -0.9963
vn 0.6594 0.2527 -0.7080
vn 0.0776 -0.0359 -0.9963
vn 0.4952 0.4881 -0.7187
vn 0.9996 -0.0286 -0.0002
vn 0.8602 -0.4011 -0.3150
vn 0.9996 -0.0286 -0.0001
vn 0.9063 -0.4227 -0.0002
vn 0.8602 -0.4012 -0.3149
vn 0.5302 0.6182 -0.5803
vn 0.9349 0.2677 0.2329
vn 0.7009 0.2070 -0.6826
vn 0.9474 0.0896 -0.3073
vn 0.7007 0.2072 -0.6827
vn 0.4959 0.6432 -0.5834
vn 0.7006 0.2072 -0.6828
vn 0.3828 0.7253 -0.5722
vn 0.3334 0.4687 -0.8180
vn 0.3829 0.7253 -0.5721
vn 0.3331 0.4684 -0.8183
vn 0.4418 0.3954 -0.8052
vn 0.5082 0.6749 -0.5350
vn 0.5079 0.6749 -0.5353
vn 0.3824 0.7255 -0.5722
vn 0.3333 0.4688 -0.8180
vn 0.9474 0.0897 -0.3073
vn 0.7586 0.4498 -0.4714
vn 0.3332 0.4684 -0.8183
vn 0.4419 0.3954 -0.8053
vn 0.7007 0.2072 -0.6828
vn 0.7589 0.4495 -0.4712
vn 0.4418 0.3953 -0.8053
vn 0.9678 0.2519 0.0003
vn 0.9474 0.0899 -0.3072
vn 0.9805 -0.1964 -0.0003
vn 0.1961 0.8309 -0.5207
vn 0.3824 0.7256 -0.5720
vn 0.5079 0.6750 -0.5352
vn 0.3880 0.8113 -0.4373
vn 0.2400 0.5781 -0.7799
vn 0.2706 0.7814 -0.5623
vn 0.2400 0.5783 -0.7797
vn -0.2192 -0.5416 -0.8115
vn 0.0128 -0.0064 -0.9999
vn 0.0772 -0.0363 -0.9964
vn -0.0008 -0.0000 -1.0000
vn 0.0127 -0.0063 -0.9999
vn -0.2774 -0.5150 -0.8110
vn -0.2193 -0.5416 -0.8115
vn -0.2194 -0.5420 -0.8112
vn -0.3416 -0.7623 -0.5498
vn -0.4054 -0.7260 -0.5555
vn -0.2776 -0.5154 -0.8107
vn -0.2195 -0.5420 -0.8112
vn 0.6261 -0.2924 -0.7228
vn 0.8599 -0.4015 -0.3153
vn 0.4166 -0.8610 -0.2916
vn 0.1590 -0.0984 -0.9824
vn 0.4222 -0.1277 -0.8975
vn -0.2774 -0.5151 -0.8110
vn -0.2367 -0.1413 -0.9613
vn -0.1205 0.0564 -0.9911
vn -0.0910 -0.0475 -0.9947
vn -0.3395 -0.5036 -0.7944
vn -0.2367 -0.1412 -0.9613
vn -0.0908 -0.0475 -0.9947
vn -0.0907 -0.0475 -0.9947
vn -0.3401 -0.4150 -0.8439
vn -0.1203 0.0564 -0.9911
vn 0.1110 -0.0516 -0.9925
vn -0.0910 -0.0477 -0.9947
vn 0.1111 -0.0518 -0.9925
vn 0.1595 -0.0982 -0.9823
vn 0.4206 0.1184 -0.8995
vn -0.0908 -0.0474 -0.9947
vn 0.1112 -0.0516 -0.9925
vn 0.4202 0.1187 -0.8997
vn 0.4223 -0.1275 -0.8974
vn 0.4206 0.1185 -0.8995
vn -0.4414 -0.4926 -0.7500
vn -0.3003 -0.6701 -0.6788
vn 0.4223 -0.1273 -0.8975
vn 0.5942 -0.1799 -0.7839
vn 0.4205 0.1183 -0.8995
vn -0.3401 -0.4148 -0.8440
vn -0.3002 -0.6698 -0.6791
vn -0.4412 -0.4924 -0.7502
vn -0.3396 -0.5032 -0.7947
vn -0.3402 -0.4146 -0.8440
vn -0.4413 -0.4924 -0.7502
vn -0.7265 -0.6872 0.0002
vn -0.3002 -0.6700 -0.6790
vn -0.5059 -0.6472 -0.5703
vn -0.3001 -0.6702 -0.6788
vn 0.1321 -0.7659 -0.6293
vn -0.5054 -0.6475 -0.5703
vn 0.5945 -0.1803 -0.7837
vn 0.5940 -0.4941 -0.6349
vn 0.1325 -0.7657 -0.6294
vn -0.3004 -0.6700 -0.6788
vn 0.5936 -0.4946 -0.6349
vn -0.2192 -0.5419 -0.8114
vn 0.4166 -0.8610 -0.2917
vn 0.2298 -0.6677 -0.7081
vn 0.6262 -0.2923 -0.7228
vn 0.0773 -0.0364 -0.9963
vn 0.6261 -0.2920 -0.7230
vn 0.2301 -0.6677 -0.7080
vn 0.0773 -0.0363 -0.9963
vn 0.2300 -0.6677 -0.7080
vn -0.0428 -0.7593 -0.6493
vn 0.6641 -0.7477 -0.0002
vn 0.8600 -0.4015 -0.3150
vn 0.9061 -0.4230 -0.0002
vn 0.6641 -0.7476 -0.0001
vn 0.8600 -0.4015 -0.3149
vn -0.2193 -0.5418 -0.8114
vn -0.1330 -0.8034 -0.5804
vn 0.3956 -0.8884 0.2329
vn 0.2916 -0.6701 -0.6826
vn 0.5401 -0.7835 -0.3073
vn 0.2914 -0.6701 -0.6827
vn -0.1743 -0.7933 -0.5834
vn -0.3099 -0.7594 -0.5721
vn -0.1450 -0.5567 -0.8180
vn 0.2915 -0.6700 -0.6827
vn -0.3098 -0.7594 -0.5721
vn -0.0191 -0.5927 -0.8052
vn -0.1448 -0.5562 -0.8183
vn -0.1906 -0.8230 -0.5350
vn -0.3103 -0.7592 -0.5722
vn -0.1908 -0.8228 -0.5354
vn -0.1453 -0.5566 -0.8180
vn 0.1428 -0.8702 -0.4715
vn -0.1448 -0.5563 -0.8183
vn -0.0191 -0.5925 -0.8053
vn 0.1432 -0.8703 -0.4712
vn -0.0190 -0.5926 -0.8052
vn 0.5399 -0.7836 -0.3072
vn 0.4288 -0.9034 0.0001
vn 0.7805 -0.6252 -0.0002
vn -0.3103 -0.7593 -0.5720
vn -0.5107 -0.6841 -0.5207
vn -0.1909 -0.8229 -0.5352
vn -0.3724 -0.8186 -0.4373
vn -0.2775 -0.5152 -0.8109
vn -0.4057 -0.7258 -0.5555
vn -0.2777 -0.5153 -0.8107
vn 0.4842 0.8750 -0.0002
vn 0.2710 0.7811 0.5625
vn 0.2402 0.5782 0.7797
vn 0.2589 0.4774 0.8397
vn 0.2402 0.5783 0.7797
vn 0.2401 0.5782 -0.7797
vn 0.2710 0.7811 -0.5625
vn 0.4843 0.8749 0.0002
vn 0.2588 0.4774 -0.8397
vn 0.2401 0.5783 -0.7797
vn 0.4843 0.8749 -0.0000
vn 0.0773 -0.0358 0.9964
vn 0.5546 0.5205 0.6492
vn 0.5304 0.6180 0.5802
vn 0.5305 0.6180 0.5802
vn 0.5545 0.5205 0.6493
vn 0.4420 0.3955 0.8051
vn 0.5084 0.6747 0.5351
vn 0.5543 0.5206 0.6494
vn 0.5083 0.6749 0.5350
vn 0.9274 0.2344 0.2915
vn 0.9474 0.0899 0.3072
vn 0.7588 0.4497 0.4712
vn 0.6594 0.2526 0.7080
vn 0.9274 0.2344 0.2916
vn 0.7588 0.4496 0.4712
vn 0.6594 0.2528 0.7081
vn 0.4419 0.3955 0.8052
vn 0.9996 -0.0284 -0.0000
vn 0.9678 0.2518 0.0001
vn 0.9474 0.0900 0.3072
vn 0.9274 0.2343 0.2917
vn 0.9678 0.2519 0.0001
vn 0.5304 0.6179 0.5804
vn 0.5082 0.6748 0.5352
vn 0.6367 0.7632 0.1102
vn 0.5886 0.8084 0.0001
vn 0.5303 0.6180 0.5804
vn 0.6366 0.7633 0.1101
vn -0.1328 -0.8036 0.5802
vn -0.0560 -0.6932 0.7186
vn 0.0771 -0.0362 0.9964
vn -0.1329 -0.8036 0.5802
vn 0.0220 -0.9647 0.2625
vn -0.1327 -0.8035 0.5803
vn -0.1906 -0.8231 0.5350
vn -0.0196 -0.5928 0.8051
vn -0.1905 -0.8230 0.5351
vn 0.4164 -0.8611 0.2917
vn 0.5399 -0.7837 0.3070
vn 0.4164 -0.8612 0.2915
vn 0.1430 -0.8703 0.4712
vn 0.1428 -0.8703 0.4714
vn 0.2300 -0.6677 0.7080
vn -0.0561 -0.6932 0.7185
vn -0.0191 -0.5928 0.8051
vn -0.0561 -0.6932 0.7186
vn 0.6640 -0.7477 -0.0000
vn 0.4164 -0.8611 0.2916
vn 0.5398 -0.7837 0.3071
vn 0.4163 -0.8612 0.2915
vn -0.1328 -0.8033 0.5805
vn -0.2414 -0.9704 0.0001
vn -0.1759 -0.9782 0.1101
vn -0.1907 -0.8229 0.5352
vn -0.1328 -0.8034 0.5805
vn 0.5304 0.6180 -0.5802
vn 0.4952 0.4882 -0.7186
vn 0.0773 -0.0358 -0.9964
vn 0.5305 0.6180 -0.5802
vn 0.7534 0.6029 -0.2623
vn 0.5083 0.6748 -0.5350
vn 0.4416 0.3960 -0.8051
vn 0.4952 0.4883 -0.7185
vn 0.5084 0.6747 -0.5351
vn 0.9274 0.2344 -0.2917
vn 0.6594 0.2527 -0.7081
vn 0.9475 0.0899 -0.3070
vn 0.9274 0.2344 -0.2915
vn 0.7588 0.4497 -0.4712
vn 0.6595 0.2527 -0.7080
vn 0.4952 0.4883 -0.7186
vn 0.4420 0.3955 -0.8051
vn 0.9678 0.2518 -0.0001
vn 0.9996 -0.0285 -0.0000
vn 0.9275 0.2342 -0.2915
vn 0.9474 0.0900 -0.3072
vn 0.9677 0.2520 -0.0001
vn 0.9274 0.2344 -0.2916
vn 0.5303 0.6180 -0.5804
vn 0.5886 0.8084 -0.0002
vn 0.6365 0.7634 0.1098
vn 0.5082 0.6748 -0.5352
vn 0.0771 -0.0362 -0.9964
vn -0.0426 -0.7593 -0.6493
vn -0.1328 -0.8036 -0.5802
vn 0.0771 -0.0363 -0.9964
vn -0.0427 -0.7593 -0.6493
vn -0.0191 -0.5928 -0.8052
vn -0.1905 -0.8230 -0.5351
vn -0.1328 -0.8035 -0.5803
vn -0.0427 -0.7592 -0.6495
vn -0.1906 -0.8231 -0.5350
vn 0.4164 -0.8612 -0.2915
vn 0.5398 -0.7837 -0.3072
vn 0.1430 -0.8703 -0.4712
vn 0.4163 -0.8612 -0.2917
vn 0.1431 -0.8703 -0.4712
vn -0.0428 -0.7594 -0.6493
vn 0.1428 -0.8703 -0.4714
vn -0.0193 -0.5928 -0.8051
vn -0.0428 -0.7594 -0.6492
vn 0.4164 -0.8611 -0.2916
vn 0.4288 -0.9034 -0.0001
vn 0.4163 -0.8612 -0.2916
vn -0.1328 -0.8034 -0.5805
vn -0.1907 -0.8229 -0.5352
vn -0.1761 -0.9782 0.1098
vn -0.2414 -0.9704 -0.0001
vn -0.1760 -0.9782 0.1097
vn 0.7214 0.3069 0.6208
vn -0.6015 -0.1334 -0.7877
vn -0.3317 0.2103 -0.9197
vn -0.0009 0.0006 -1.0000
vn -0.3777 -0.6260 -0.6822
vn -0.6014 -0.1335 -0.7877
vn 0.1544 -0.6043 -0.7816
vn -0.3780 -0.6260 -0.6821
vn -0.0008 0.0005 -1.0000
vn 0.3307 -0.2086 -0.9204
vn -0.0007 0.0006 -1.0000
vn -0.0008 0.0007 -1.0000
vn -0.3314 0.2107 -0.9197
vn -0.1654 0.6075 -0.7769
vn 0.3751 0.6272 -0.6826
vn 0.6061 0.1286 -0.7849
vn 0.3310 -0.2081 -0.9204
vn 0.3748 0.6273 -0.6826
vn 0.3748 0.6271 -0.6828
vn -0.1653 0.6078 -0.7767
vn -0.0217 0.9998 -0.0002
vn 0.6148 0.7827 0.0971
vn 0.8853 0.4444 -0.1373
vn 0.6063 0.1287 -0.7848
vn 0.3748 0.6272 -0.6828
vn 0.6146 0.7829 0.0971
vn 0.8853 0.4443 -0.1373
vn -0.1655 0.6074 0.7769
vn -0.3314 0.2107 0.9197
vn -0.0008 0.0007 1.0000
vn 0.2445 0.6476 0.7217
vn -0.1654 0.6075 0.7769
vn -0.0009 0.0007 1.0000
vn 0.6837 0.2099 0.6989
vn 0.2442 0.6477 0.7217
vn -0.0007 0.0006 1.0000
vn 0.3310 -0.2081 0.9204
vn 0.6837 0.2100 0.6989
vn -0.0217 0.9998 0.0002
vn -0.1653 0.6077 0.7768
vn 0.2445 0.6475 0.7218
vn 0.6149 0.7827 0.0968
vn 0.2446 0.6476 0.7217
vn 0.6839 0.2103 0.6986
vn 0.8853 0.4444 -0.1371
vn 0.6146 0.7828 0.0969
vn 0.2442 0.6475 0.7218
vn 0.6840 0.2102 0.6985
vn -0.0009 0.0006 1.0000
vn -0.3316 0.2102 0.9197
vn -0.6014 -0.1335 0.7877
vn -0.3778 -0.6260 0.6822
vn -0.6014 -0.1334 0.7877
vn 0.1545 -0.6043 0.7817
vn 0.3307 -0.2086 0.9204
vn -0.0008 0.0005 1.0000
vn -0.3780 -0.6259 0.6822
vn 0.1544 -0.6043 0.7816
vn -0.0008 0.0006 1.0000
vn 0.3612 0.6387 0.6794
vn 0.5204 0.2202 0.8251
vn 0.8234 0.5675 0.0002
vn 0.5110 0.8596 -0.0000
vn 0.0851 0.9964 0.0002
vn -0.0978 0.5831 0.8065
vn 0.5111 0.8595 -0.0000
vn 0.0850 0.9964 0.0002
vn -0.0253 0.0153 0.9996
vn 0.2316 -0.1411 0.9625
vn 0.5202 0.2200 0.8253
vn 0.3612 0.6389 0.6793
vn -0.0253 0.0154 0.9996
vn 0.5202 0.2200 0.8252
vn -0.0978 0.5829 0.8067
vn -0.2867 0.1743 0.9420
vn -0.0257 0.0156 0.9995
vn 0.3614 0.6387 0.6793
vn -0.0979 0.5829 0.8066
vn -0.0256 0.0156 0.9995
vn 0.0444 -0.5618 0.8261
vn 0.2314 -0.1417 0.9625
vn -0.0255 0.0152 0.9996
vn -0.3044 -0.6199 0.7232
vn 0.0445 -0.5618 0.8261
vn -0.0254 0.0151 0.9996
vn -0.6451 -0.2664 0.7161
vn -0.3042 -0.6202 0.7231
vn -0.0258 0.0153 0.9995
vn -0.2871 0.1737 0.9420
vn -0.0258 0.0154 0.9995
vn -0.1320 -0.9913 0.0002
vn 0.0444 -0.5621 0.8259
vn -0.3043 -0.6200 0.7232
vn -0.7100 -0.6661 0.2284
vn -0.1319 -0.9913 0.0002
vn -0.3044 -0.6200 0.7232
vn -0.6454 -0.2667 0.7158
vn -0.8478 -0.5114 -0.1402
vn -0.7099 -0.6661 0.2287
vn -0.3042 -0.6200 0.7233
vn -0.6454 -0.2666 0.7158
vn -0.4086 -0.6098 -0.6791
vn 0.0444 -0.5621 -0.8259
vn -0.1320 -0.9913 -0.0002
vn -0.1189 -0.9050 -0.4085
vn -0.1318 -0.9913 -0.0002
vn -0.8478 -0.5114 -0.1405
vn -0.5672 -0.1804 -0.8036
vn -0.7096 -0.6664 0.2287
vn -0.4086 -0.6098 -0.6792
vn -0.0255 0.0152 -0.9996
vn 0.2313 -0.1416 -0.9625
vn 0.0444 -0.5618 -0.8260
vn -0.4087 -0.6099 -0.6790
vn 0.0445 -0.5618 -0.8261
vn -0.5670 -0.1802 -0.8037
vn -0.2872 0.1738 -0.9420
vn -0.0258 0.0154 -0.9995
vn -0.4085 -0.6100 -0.6790
vn -0.5670 -0.1802 -0.8038
vn -0.0258 0.0153 -0.9995
vn 0.5202 0.2200 -0.8253
vn 0.2317 -0.1412 -0.9625
vn -0.0254 0.0154 -0.9996
vn 0.3612 0.6389 -0.6792
vn 0.5202 0.2200 -0.8252
vn -0.0253 0.0154 -0.9996
vn -0.0979 0.5829 -0.8066
vn 0.3614 0.6388 -0.6793
vn -0.0256 0.0156 -0.9996
vn -0.2867 0.1743 -0.9420
vn -0.0979 0.5829 -0.8067
vn -0.0257 0.0156 -0.9995
vn 0.8234 0.5675 -0.0002
vn 0.5204 0.2201 -0.8251
vn 0.3612 0.6387 -0.6794
vn 0.0850 0.9964 -0.0002
vn 0.3613 0.6387 -0.6794
vn -0.0977 0.5831 -0.8065
vn 0.0850 0.9964 -0.0003
vt 0.291780 0.675050
vt 0.283050 0.675050
vt 0.285960 0.673600
vt 0.288870 0.673600
vt 0.291780 0.670690
vt 0.288870 0.672140
vt 0.283050 0.670690
vt 0.285960 0.672140
vt 0.125920 0.709470
vt 0.264800 0.569660
vt 0.403700 0.709470
vt 0.264800 0.849250
vt 0.285630 0.666000
vt 0.282440 0.667600
vt 0.292010 0.667600
vt 0.288820 0.666000
vt 0.292010 0.662810
vt 0.288820 0.664410
vt 0.282440 0.662810
vt 0.285630 0.664410
vt 0.125110 0.711360
vt 0.263090 0.572480
vt 0.401060 0.711360
vt 0.263090 0.850220
vt 0.203965 0.378594
vt 0.087576 0.350141
vt 0.102693 0.433948
vt 0.024354 0.408988
vt 0.024953 0.406121
vt 0.089592 0.359401
vt 0.103292 0.431080
vt 0.090222 0.358298
vt 0.090065 0.358298
vt 0.090065 0.358928
vt 0.204564 0.375727
vt 0.090065 0.358771
vt 0.089907 0.358613
vt 0.089907 0.359873
vt 0.090065 0.360031
vt 0.089592 0.359086
vt 0.090537 0.359558
vt 0.090380 0.359873
vt 0.089907 0.359086
vt 0.089907 0.358928
vt 0.089592 0.359873
vt 0.088962 0.360346
vt 0.090222 0.358456
vt 0.000000 0.000000
vt 0.603251 0.832302
vt 0.581194 0.858645
vt 0.603767 0.789148
vt 0.899767 0.735148
vt 0.877194 0.804645
vt 0.859434 0.802183
vt 0.843711 0.735132
vt 0.877023 0.705528
vt 0.844222 0.778292
vt 0.859437 0.708051
vt 0.681907 0.840435
vt 0.729426 0.838375
vt 0.729426 0.886772
vt 0.460222 0.839134
vt 0.460222 0.806020
vt 0.491587 0.836605
vt 0.681907 0.890604
vt 0.729426 0.913201
vt 0.681907 0.776834
vt 0.729426 0.766453
vt 0.729426 0.724323
vt 0.681907 0.721571
vt 0.729426 0.697847
vt 0.681907 0.880733
vt 0.681907 0.840419
vt 0.729426 0.838352
vt 0.681907 0.776810
vt 0.681907 0.731656
vt 0.729426 0.766445
vt 0.635036 0.786923
vt 0.658216 0.856851
vt 0.635489 0.831563
vt 0.954217 0.802851
vt 0.931037 0.732923
vt 0.976830 0.732901
vt 0.976384 0.777562
vt 0.954246 0.704708
vt 0.777023 0.839946
vt 0.523003 0.805698
vt 0.523003 0.835054
vt 0.777023 0.884423
vt 0.777023 0.774186
vt 0.777023 0.725384
vt 0.777023 0.839944
vt 0.777023 0.774152
vt 0.397428 0.880823
vt 0.397632 0.853266
vt 0.420874 0.853253
vt 0.629972 0.661912
vt 0.594772 0.657765
vt 0.630293 0.615995
vt 0.594756 0.662914
vt 0.421035 0.822954
vt 0.595079 0.616015
vt 0.595327 0.568461
vt 0.630536 0.570090
vt 0.630004 0.655144
vt 0.595299 0.576185
vt 0.630524 0.574244
vt 0.648430 0.654751
vt 0.652451 0.659187
vt 0.643956 0.615863
vt 0.652453 0.572540
vt 0.648728 0.574384
vt 0.368079 0.833500
vt 0.366567 0.858299
vt 0.348813 0.859149
vt 0.333919 0.845723
vt 0.293886 0.855396
vt 0.317961 0.845676
vt 0.256449 0.847392
vt 0.214745 0.857963
vt 0.241256 0.849218
vt 0.198458 0.857903
vt 0.165236 0.851873
vt 0.113130 0.862275
vt 0.147594 0.853066
vt 0.347350 0.831101
vt 0.228989 0.831511
vt 0.174475 0.835912
vt 0.308318 0.828859
vt 0.269587 0.831013
vt 0.129021 0.881050
vt 0.187580 0.873862
vt 0.227455 0.873346
vt 0.216261 0.615712
vt 0.164047 0.629663
vt 0.154187 0.596586
vt 0.196447 0.592678
vt 0.270341 0.870369
vt 0.100210 0.581292
vt 0.073773 0.605038
vt 0.055621 0.589723
vt 0.101703 0.560254
vt 0.041564 0.835912
vt 0.053545 0.846021
vt 0.027079 0.859171
vt 0.041838 0.863413
vt 0.018117 0.885480
vt 0.032878 0.887913
vt 0.020188 0.905693
vt 0.108856 0.588372
vt 0.116741 0.575354
vt 0.098263 0.657259
vt 0.082275 0.690166
vt 0.085117 0.643768
vt 0.105124 0.629246
vt 0.091770 0.617765
vt 0.074238 0.861999
vt 0.065424 0.854421
vt 0.075968 0.848749
vt 0.142957 0.576939
vt 0.130495 0.589686
vt 0.107744 0.609171
vt 0.081844 0.640157
vt 0.084661 0.850440
vt 0.090984 0.835888
vt 0.150393 0.588930
vt 0.120915 0.611733
vt 0.152860 0.582166
vt 0.131369 0.589054
vt 0.145962 0.594539
vt 0.120961 0.611700
vt 0.094227 0.616176
vt 0.107634 0.599291
vt 0.085298 0.634349
vt 0.105129 0.629233
vt 0.080107 0.650242
vt 0.084626 0.682593
vt 0.075908 0.672187
vt 0.054954 0.890342
vt 0.059157 0.902209
vt 0.060709 0.897211
vt 0.080082 0.880336
vt 0.096915 0.867566
vt 0.089435 0.884314
vt 0.090648 0.856560
vt 0.105979 0.841059
vt 0.129986 0.621005
vt 0.069710 0.880489
vt 0.113977 0.657027
vt 0.112674 0.670668
vt 0.112462 0.680919
vt 0.112687 0.670668
vt 0.113980 0.657007
vt 0.126223 0.625902
vt 0.153213 0.597520
vt 0.089869 0.599052
vt 0.064169 0.842070
vt 0.050487 0.857137
vt 0.058872 0.869201
vt 0.060451 0.642665
vt 0.069139 0.621879
vt 0.066856 0.665580
vt 0.054677 0.670855
vt 0.542273 0.670352
vt 0.518546 0.659303
vt 0.518875 0.656827
vt 0.362777 0.876969
vt 0.362777 0.889131
vt 0.347334 0.880204
vt 0.542273 0.651977
vt 0.520755 0.570361
vt 0.526879 0.571954
vt 0.549738 0.573225
vt 0.549578 0.574556
vt 0.173102 0.827523
vt 0.175062 0.827648
vt 0.222316 0.826104
vt 0.224419 0.826018
vt 0.344528 0.654702
vt 0.339195 0.659326
vt 0.280567 0.662337
vt 0.280956 0.656854
vt 0.269064 0.824006
vt 0.269875 0.823224
vt 0.302298 0.823357
vt 0.304151 0.823245
vt 0.467619 0.652832
vt 0.461765 0.657757
vt 0.403781 0.656515
vt 0.404853 0.651352
vt 0.131660 0.830637
vt 0.128022 0.833131
vt 0.271419 0.661429
vt 0.197080 0.666883
vt 0.194105 0.665503
vt 0.273122 0.650942
vt 0.130721 0.677038
vt 0.130810 0.674593
vt 0.458463 0.567955
vt 0.518429 0.570060
vt 0.453453 0.570531
vt 0.339209 0.880294
vt 0.315419 0.878578
vt 0.313502 0.877567
vt 0.506567 0.656963
vt 0.511174 0.645934
vt 0.470524 0.654363
vt 0.265768 0.879130
vt 0.234074 0.879535
vt 0.232256 0.878802
vt 0.267279 0.873023
vt 0.227993 0.824380
vt 0.188764 0.670868
vt 0.183581 0.586297
vt 0.126024 0.833651
vt 0.105746 0.830924
vt 0.342781 0.870884
vt 0.362777 0.862726
vt 0.550306 0.586068
vt 0.518901 0.582433
vt 0.190039 0.883841
vt 0.206730 0.862677
vt 0.271366 0.879998
vt 0.309844 0.871891
vt 0.292486 0.860665
vt 0.134516 0.837863
vt 0.155681 0.847651
vt 0.132970 0.885931
vt 0.184001 0.883242
vt 0.128148 0.663054
vt 0.348574 0.823133
vt 0.307458 0.821545
vt 0.325715 0.840584
vt 0.248001 0.843594
vt 0.091134 0.893544
vt 0.111375 0.868088
vt 0.549156 0.641949
vt 0.542273 0.651926
vt 0.548015 0.623639
vt 0.549040 0.654645
vt 0.367244 0.878764
vt 0.367390 0.881833
vt 0.549263 0.659294
vt 0.549174 0.641949
vt 0.542273 0.630347
vt 0.347282 0.655814
vt 0.395300 0.655200
vt 0.397590 0.645947
vt 0.040941 0.889463
vt 0.056036 0.631388
vt 0.042461 0.668506
vt 0.041659 0.662600
vt 0.023236 0.695444
vt 0.056017 0.631434
vt 0.069157 0.621850
vt 0.073728 0.605081
vt 0.108823 0.588393
vt 0.572311 0.586706
vt 0.572311 0.641937
vt 0.572311 0.654645
vt 0.572311 0.657716
vt 0.382603 0.878764
vt 0.572311 0.573214
vt 0.572311 0.581788
vt 0.550308 0.586070
vt 0.498552 0.604587
vt 0.521147 0.624978
vt 0.437759 0.619234
vt 0.474375 0.604515
vt 0.367364 0.608776
vt 0.317998 0.623130
vt 0.293322 0.623040
vt 0.242990 0.613904
vt 0.518880 0.582414
vt 0.339590 0.583046
vt 0.256952 0.589705
vt 0.459772 0.579030
vt 0.401061 0.582288
vt 0.188134 0.658097
vt 0.337264 0.646426
vt 0.196444 0.592682
vt 0.053516 0.846049
vt 0.033675 0.624961
vt 0.020097 0.664820
vt 0.139506 0.637713
vt 0.128095 0.663024
vt 0.048980 0.885982
vt 0.044752 0.870857
vt 0.367599 0.825902
vt 0.352616 0.824184
vt 0.347337 0.831088
vt 0.332655 0.574732
vt 0.257876 0.577202
vt 0.305732 0.630274
vt 0.401522 0.570499
vt 0.462088 0.644222
vt 0.435668 0.627220
vt 0.134514 0.837866
vt 0.228372 0.607513
vt 0.485990 0.596797
vt 0.368262 0.601373
vt 0.161388 0.638470
vt 0.186609 0.585509
vt 0.572311 0.602778
vt 0.572311 0.641656
vt 0.528289 0.478064
vt 0.249165 0.479319
vt 0.458942 0.456268
vt 0.753174 0.508957
vt 0.759222 0.495167
vt 0.755661 0.522292
vt 0.792423 0.528996
vt 0.199321 0.504190
vt 0.023790 0.523311
vt 0.021005 0.501528
vt 0.407868 0.493536
vt 0.585974 0.500374
vt 0.315922 0.495663
vt 0.020650 0.501566
vt 0.160681 0.507680
vt 0.509232 0.477837
vt 0.474005 0.494063
vt 0.614254 0.502812
vt 0.738425 0.519402
vt 0.753185 0.508723
vt 0.272329 0.393129
vt 0.444194 0.373524
vt 0.268385 0.365848
vt 0.018058 0.479763
vt 0.315922 0.498294
vt 0.160681 0.510311
vt 0.474005 0.496695
vt 0.614254 0.505444
vt 0.738425 0.522033
vt 0.444194 0.376828
vt 0.272329 0.396433
vt 0.272327 0.393149
vt 0.087949 0.152933
vt 0.088063 0.195463
vt 0.041263 0.195588
vt 0.041149 0.153058
vt 0.088184 0.241063
vt 0.041385 0.241188
vt 0.150672 0.195296
vt 0.150794 0.240896
vt 0.150559 0.152766
vt 0.088225 0.256183
vt 0.041425 0.256308
vt 0.150835 0.256016
vt 0.087904 0.136023
vt 0.041104 0.136148
vt 0.150514 0.135856
vt 0.263434 0.240595
vt 0.263312 0.194995
vt 0.388032 0.194662
vt 0.388153 0.240262
vt 0.263198 0.152465
vt 0.387918 0.152132
vt 0.263474 0.255715
vt 0.388194 0.255382
vt 0.263153 0.135555
vt 0.387873 0.135222
vt 0.680331 0.193882
vt 0.535671 0.194268
vt 0.535557 0.151738
vt 0.680217 0.151352
vt 0.535793 0.239868
vt 0.680452 0.239481
vt 0.795996 0.151043
vt 0.796110 0.193572
vt 0.796232 0.239172
vt 0.897590 0.193301
vt 0.897711 0.238901
vt 0.897476 0.150772
vt 0.680493 0.254601
vt 0.535833 0.254988
vt 0.796272 0.254292
vt 0.897752 0.254021
vt 0.680172 0.134442
vt 0.535512 0.134828
vt 0.795951 0.134133
vt 0.897431 0.133862
vt 0.024643 0.195632
vt 0.024778 0.246152
vt 0.024765 0.241232
vt 0.024529 0.153103
vt 0.024805 0.256352
vt 0.024484 0.136193
vt 0.513982 0.266249
vt 0.514001 0.265669
vt 0.513965 0.267069
vt 0.493151 0.265685
vt 0.502342 0.271840
vt 0.538743 0.266323
vt 0.942743 0.243031
vt 0.942621 0.197441
vt 0.975781 0.197353
vt 0.897601 0.197562
vt 0.897723 0.243151
vt 0.990591 0.197313
vt 0.993881 0.197304
vt 0.994002 0.242894
vt 0.851581 0.197684
vt 0.864096 0.214311
vt 0.882543 0.243192
vt 0.819022 0.209311
vt 0.829360 0.197364
vt 0.845702 0.205280
vt 0.843838 0.211395
vt 0.856299 0.211992
vt 0.856009 0.211963
vt 0.869084 0.254678
vt 0.862936 0.244364
vt 0.875019 0.245452
vt 0.844088 0.211284
vt 0.876732 0.257767
vt 0.884575 0.259057
vt 0.889828 0.256232
vt 0.959363 0.258107
vt 0.941111 0.261136
vt 0.990652 0.220113
vt 0.975842 0.220153
vt 0.993942 0.220104
vt 0.959323 0.242987
vt 0.990753 0.258023
vt 0.990713 0.242903
vt 0.975943 0.258062
vt 0.975903 0.242943
vt 0.899270 0.260877
vt 0.560159 0.276168
vt 0.571877 0.265013
vt 0.558645 0.264128
vt 0.022239 0.153109
vt 0.022353 0.195639
vt 0.024773 0.195632
vt 0.024649 0.153102
vt 0.027029 0.153096
vt 0.027203 0.195626
vt 0.022475 0.241238
vt 0.024905 0.241232
vt 0.027405 0.241225
vt 0.022515 0.256358
vt 0.024945 0.256352
vt 0.027465 0.256345
vt 0.051114 0.241162
vt 0.053144 0.241157
vt 0.053215 0.256276
vt 0.051155 0.256282
vt 0.049115 0.256287
vt 0.049074 0.241167
vt 0.050983 0.195562
vt 0.052953 0.195557
vt 0.048953 0.195568
vt 0.052769 0.153027
vt 0.050859 0.153032
vt 0.048839 0.153038
vt 0.052694 0.136117
vt 0.050804 0.136122
vt 0.048794 0.136128
s 0
usemtl 材质.011
f 433/354/736 432/355/737 436/356/738
f 437/357/739 433/354/740 436/356/738
f 435/358/741 433/354/740 437/357/742
f 439/359/743 435/358/744 437/357/742
f 434/360/745 435/358/744 439/359/746
f 438/361/747 434/360/745 439/359/746
f 432/355/748 434/360/749 438/361/750
f 436/356/751 432/355/737 438/361/750
f 438/362/752 439/363/746 437/364/739
f 436/365/738 438/362/747 437/364/753
f 444/366/754 440/367/755 441/368/756
f 445/369/757 444/366/754 441/368/758
f 445/369/759 441/368/760 443/370/761
f 447/371/762 445/369/759 443/370/763
f 447/371/764 443/370/765 442/372/766
f 446/373/767 447/371/764 442/372/768
f 446/373/769 442/372/770 440/367/771
f 444/366/772 446/373/769 440/367/773
f 445/374/774 447/375/764 446/376/775
f 444/377/754 445/374/774 446/376/775
s 1
f 448/378/776 449/378/777 450/379/778
f 451/379/779 448/378/776 450/379/778
f 452/380/780 453/380/781 449/378/782
f 448/378/782 452/380/780 449/378/782
f 454/381/783 455/381/784 453/380/781
f 452/380/780 454/381/783 453/380/781
f 451/379/779 450/379/778 455/381/785
f 454/382/786 451/383/779 455/382/785
f 450/379/778 449/378/787 456/378/788
f 453/380/781 457/380/789 456/378/788
f 449/378/787 453/380/781 456/378/788
f 457/380/789 453/380/781 455/381/784
f 452/380/780 448/378/790 458/378/791
f 459/380/792 452/380/780 458/378/791
f 451/379/779 460/379/793 458/378/791
f 448/378/790 451/379/779 458/378/791
f 460/379/793 451/379/779 454/381/786
f 452/380/780 459/380/792 454/381/783
f 450/379/778 456/378/788 461/379/794
f 457/380/789 455/381/795 462/381/796
f 450/379/778 461/379/794 462/381/797
f 455/381/785 450/379/778 462/381/797
f 454/381/786 463/381/798 460/379/793
f 454/382/799 459/384/792 463/382/800
f 461/379/794 456/378/788 464/378/801
f 456/378/788 457/380/789 464/378/801
f 459/380/792 458/378/791 464/378/801
f 458/378/791 460/379/793 464/378/801
f 461/379/794 464/378/801 460/379/793
f 464/378/801 457/380/789 459/380/792
f 457/380/789 462/381/796 463/381/800
f 459/380/792 457/380/789 463/381/800
f 462/381/797 461/379/794 460/379/793
f 463/381/798 462/381/797 460/379/793
f 465/378/802 466/378/802 467/379/803
f 468/379/804 465/378/802 467/379/803
f 465/378/805 469/380/806 470/380/807
f 466/378/805 465/378/805 470/380/807
f 469/384/806 471/382/808 472/382/809
f 470/384/807 469/384/806 472/382/809
f 468/385/804 467/386/803 472/382/810
f 471/382/811 468/385/804 472/382/810
f 467/379/803 466/378/812 473/378/813
f 474/379/814 467/379/803 473/378/813
f 470/380/807 475/380/815 473/378/813
f 466/378/812 470/380/807 473/378/813
f 475/384/815 470/384/807 472/382/809
f 467/386/803 474/387/814 472/382/810
f 469/380/806 465/378/816 476/378/817
f 477/384/818 469/384/806 476/388/817
f 468/385/804 478/389/819 476/388/817
f 465/378/816 468/379/804 476/378/817
f 478/389/819 468/385/804 471/382/811
f 469/384/806 477/384/818 471/382/808
f 472/382/809 479/382/820 475/384/815
f 472/382/821 474/387/814 479/382/822
f 471/382/811 480/382/823 478/389/819
f 480/382/824 471/382/808 477/384/818
f 474/379/814 473/378/813 481/378/825
f 473/378/813 475/380/815 481/378/825
f 477/380/818 476/378/817 481/378/825
f 476/378/817 478/379/819 481/378/825
f 474/379/814 481/378/825 478/379/819
f 481/378/825 475/380/815 477/380/818
f 479/382/820 480/382/824 477/384/818
f 475/384/815 479/382/820 477/384/818
f 474/387/814 478/389/819 480/382/823
f 479/382/822 474/387/814 480/382/823
f 482/378/826 483/378/826 484/379/827
f 485/379/828 482/378/826 484/379/827
f 486/380/829 487/380/830 483/378/831
f 482/378/831 486/380/829 483/378/831
f 488/381/832 489/381/833 487/380/830
f 486/380/829 488/381/832 487/380/830
f 485/379/828 484/379/827 489/381/834
f 488/382/835 485/390/828 489/382/834
f 484/379/827 483/378/836 490/378/837
f 491/379/838 484/379/827 490/378/837
f 487/380/830 492/380/839 490/378/837
f 483/378/836 487/380/830 490/378/837
f 492/380/839 487/380/830 489/381/833
f 484/379/827 491/379/838 489/381/834
f 486/380/829 482/378/840 493/378/841
f 494/384/842 486/384/829 493/388/841
f 485/390/828 495/391/843 493/388/841
f 482/378/840 485/379/828 493/378/841
f 495/391/843 485/390/828 488/382/835
f 486/384/829 494/384/842 488/382/832
f 489/382/833 496/382/844 492/384/839
f 489/381/845 491/379/838 496/381/846
f 488/381/835 497/381/847 495/379/843
f 488/381/848 494/380/842 497/381/849
f 491/379/838 490/378/837 498/378/850
f 492/380/839 499/380/851 498/378/850
f 490/378/837 492/380/839 498/378/850
f 499/384/851 492/384/839 496/382/844
f 494/380/842 493/378/841 498/378/850
f 499/380/851 494/380/842 498/378/850
f 493/378/841 495/379/843 498/378/850
f 494/380/842 499/380/851 497/381/849
f 495/379/843 491/379/838 498/378/850
f 496/381/844 497/381/852 499/380/851
f 496/381/846 491/379/838 495/379/843
f 497/381/847 496/381/846 495/379/843
f 500/378/853 501/378/853 502/379/854
f 503/392/855 500/388/853 502/393/854
f 500/378/856 504/380/857 505/380/858
f 501/378/856 500/378/856 505/380/858
f 506/382/859 507/382/860 505/384/858
f 504/380/857 506/381/859 505/380/858
f 503/392/855 502/393/854 507/382/861
f 506/382/862 503/392/855 507/382/861
f 502/379/854 501/378/863 508/378/864
f 509/379/865 502/379/854 508/378/864
f 505/380/858 510/380/866 508/378/864
f 501/378/863 505/380/858 508/378/864
f 510/380/866 505/380/858 507/381/860
f 502/393/854 509/394/865 507/382/861
f 504/380/857 500/378/867 511/378/868
f 512/380/869 504/380/857 511/378/868
f 503/379/855 513/379/870 511/378/868
f 500/388/867 503/392/855 511/388/868
f 513/379/870 503/379/855 506/381/862
f 504/380/857 512/380/869 506/381/859
f 510/380/866 507/381/871 514/381/872
f 514/382/873 507/382/861 509/394/865
f 506/381/862 515/381/874 513/379/870
f 506/382/875 512/384/869 515/382/876
f 509/379/865 508/378/864 516/378/877
f 517/379/878 509/379/865 516/378/877
f 508/378/864 510/380/866 516/378/877
f 509/394/865 517/392/878 514/382/873
f 512/380/869 511/378/868 516/378/877
f 513/379/870 517/379/878 516/378/877
f 511/378/868 513/379/870 516/378/877
f 517/379/878 513/379/870 515/381/874
f 510/380/866 512/380/869 516/378/877
f 514/382/872 515/382/876 512/384/869
f 510/380/866 514/381/872 512/380/869
f 514/382/879 517/392/878 515/382/874
f 518/378/880 519/378/880 520/379/881
f 521/379/882 518/378/880 520/379/881
f 518/378/883 522/380/884 523/380/885
f 519/378/883 518/378/883 523/380/885
f 524/381/886 525/381/887 523/380/885
f 522/380/884 524/381/886 523/380/885
f 521/379/882 520/379/881 525/381/888
f 524/382/889 521/395/882 525/382/888
f 520/379/881 519/378/890 526/378/891
f 527/379/892 520/379/881 526/378/891
f 523/380/885 528/380/893 526/378/891
f 519/378/890 523/380/885 526/378/891
f 528/380/893 523/380/885 525/381/887
f 520/379/881 527/379/892 525/381/888
f 522/380/884 518/378/894 529/378/895
f 530/380/896 522/380/884 529/378/895
f 521/379/882 531/379/897 529/378/895
f 518/378/894 521/379/882 529/378/895
f 531/396/897 521/395/882 524/382/889
f 522/380/884 530/380/896 524/381/886
f 525/381/887 532/381/898 528/380/893
f 525/381/899 527/379/892 532/381/900
f 524/382/889 533/382/901 531/396/897
f 524/381/902 530/380/896 533/381/903
f 527/379/892 526/378/891 534/378/904
f 528/380/893 535/380/905 534/378/904
f 526/378/891 528/380/893 534/378/904
f 535/380/905 528/380/893 532/381/898
f 530/380/896 529/378/895 534/378/904
f 535/380/905 530/380/896 534/378/904
f 529/378/895 531/379/897 534/378/904
f 530/380/896 535/380/905 533/381/903
f 527/379/892 534/378/904 531/379/897
f 535/380/905 532/381/906 533/381/903
f 527/379/892 531/379/897 533/381/901
f 532/381/900 527/379/892 533/381/901
f 536/379/907 537/378/908 538/378/909
f 539/379/910 536/379/907 538/378/909
f 537/378/911 540/380/912 541/380/913
f 538/378/911 537/378/911 541/380/913
f 540/384/912 542/382/914 543/382/915
f 541/380/913 540/380/912 543/381/915
f 536/379/907 539/379/910 543/381/916
f 542/382/917 536/397/907 543/382/916
f 539/379/910 538/378/918 544/378/919
f 541/380/913 545/380/920 544/378/919
f 538/378/918 541/380/913 544/378/919
f 545/380/920 541/380/913 543/381/915
f 540/380/912 537/378/921 546/378/922
f 547/384/923 540/384/912 546/388/922
f 536/379/907 548/379/924 546/378/922
f 537/378/921 536/379/907 546/378/922
f 548/379/924 536/379/907 542/381/917
f 540/384/912 547/384/923 542/382/914
f 549/379/925 539/379/910 544/378/919
f 543/381/915 550/381/926 545/380/920
f 539/379/910 549/379/925 550/381/927
f 543/381/916 539/379/910 550/381/927
f 542/381/917 551/381/928 548/379/924
f 542/382/929 547/384/923 551/382/930
f 549/379/925 544/378/919 552/378/931
f 545/380/920 553/380/932 552/378/931
f 544/378/919 545/380/920 552/378/931
f 553/380/932 545/380/920 550/381/926
f 553/384/933 547/384/923 546/388/922
f 547/384/923 553/384/933 551/382/930
f 552/378/931 546/378/922 548/379/924
f 549/379/925 552/378/931 548/379/924
f 546/378/934 552/378/931 553/380/932
f 553/380/933 550/381/935 551/381/930
f 550/381/927 549/379/925 548/379/924
f 551/381/928 550/381/927 548/379/924
f 554/378/936 555/378/937 556/379/938
f 557/379/939 554/378/936 556/379/938
f 558/380/940 559/380/941 555/378/942
f 554/378/942 558/380/940 555/378/942
f 560/381/943 561/381/944 559/380/941
f 558/380/940 560/381/943 559/380/941
f 557/379/939 556/379/938 561/381/945
f 560/382/946 557/398/939 561/382/945
f 556/379/938 555/378/947 562/378/948
f 559/380/941 563/380/949 562/378/948
f 555/378/947 559/380/941 562/378/948
f 563/380/949 559/380/941 561/381/944
f 558/380/940 554/378/950 564/378/951
f 565/380/952 558/380/940 564/378/951
f 557/379/939 566/379/953 564/378/951
f 554/378/950 557/379/939 564/378/951
f 566/399/953 557/398/939 560/382/946
f 558/380/940 565/380/952 560/381/943
f 556/379/938 562/378/948 567/379/954
f 561/381/944 568/381/955 563/380/949
f 556/379/938 567/379/954 568/381/956
f 561/381/945 556/379/938 568/381/956
f 560/382/946 569/382/957 566/399/953
f 560/381/958 565/380/952 569/381/959
f 567/379/954 562/378/948 570/378/960
f 563/380/949 571/380/961 570/378/960
f 562/378/948 563/380/949 570/378/960
f 571/380/961 563/380/949 568/381/955
f 565/380/952 564/378/951 570/378/960
f 571/380/961 565/380/952 570/378/960
f 564/378/951 566/379/953 570/378/960
f 565/380/952 571/380/961 569/381/959
f 567/379/954 570/378/960 566/379/953
f 568/381/955 569/381/962 571/380/961
f 568/381/956 567/379/954 566/379/953
f 569/381/957 568/381/956 566/379/953
f 572/379/963 573/378/964 574/378/965
f 575/379/966 572/379/963 574/378/965
f 576/380/967 577/380/968 574/378/969
f 573/378/969 576/380/967 574/378/969
f 576/384/967 578/382/970 579/382/971
f 577/380/968 576/380/967 579/381/971
f 572/379/963 575/379/966 579/381/972
f 578/381/973 572/379/963 579/381/972
f 575/379/966 574/378/974 580/378/975
f 577/380/968 581/380/976 580/378/975
f 574/378/974 577/380/968 580/378/975
f 581/380/976 577/380/968 579/381/971
f 576/380/967 573/378/977 582/378/978
f 583/380/979 576/380/967 582/378/978
f 572/379/963 584/379/980 582/378/978
f 573/378/977 572/379/963 582/378/978
f 584/379/980 572/379/963 578/381/973
f 576/380/967 583/380/979 578/381/970
f 585/379/981 575/379/966 580/378/975
f 579/381/971 586/381/982 581/380/976
f 575/379/966 585/379/981 586/381/983
f 579/381/972 575/379/966 586/381/983
f 578/382/973 587/382/984 584/400/980
f 578/381/985 583/380/979 587/381/986
f 585/379/981 580/378/975 588/378/987
f 581/380/976 589/380/988 588/378/987
f 580/378/975 581/380/976 588/378/987
f 589/380/988 581/380/976 586/381/982
f 583/380/979 582/378/978 588/378/987
f 589/380/988 583/380/979 588/378/987
f 582/378/978 584/379/980 588/378/987
f 583/380/979 589/380/988 587/381/986
f 585/379/981 588/378/987 584/379/980
f 586/381/982 587/381/989 589/380/988
f 585/379/981 584/379/980 587/381/984
f 586/381/983 585/379/981 587/381/984
f 590/401/990 591/401/991 592/401/992
f 594/401/991 590/401/993 593/401/994
f 595/401/995 594/401/991 593/401/994
f 598/401/991 597/401/996 596/401/997
f 597/401/996 598/401/991 599/401/998
f 601/401/991 600/401/999 599/401/1000
f 600/401/999 601/401/991 602/401/1001
f 603/401/991 600/401/999 602/401/1001
f 604/401/1002 603/401/991 602/401/1001
f 607/401/991 606/401/1003 605/401/1004
f 606/401/1003 607/401/991 608/401/1005
f 610/401/991 609/401/1006 608/401/1007
f 609/401/1006 610/401/991 611/401/1008
f 612/401/991 609/401/1006 611/401/1008
f 613/401/1009 612/401/991 611/401/1008
f 591/401/991 613/401/1010 592/401/992
f 616/401/1011 614/401/1012 615/401/1013
f 616/401/1011 615/401/1013 617/401/1014
f 619/401/1011 617/401/1015 618/401/1016
f 618/401/1016 620/401/1011 621/401/1017
f 619/401/1011 618/401/1016 621/401/1017
f 621/401/1017 620/401/1011 622/401/1018
f 622/401/1019 623/401/1011 624/401/1020
f 624/401/1020 623/401/1011 625/401/1021
f 628/401/1011 626/401/1022 627/401/1023
f 627/401/1023 629/401/1011 630/401/1024
f 628/401/1011 627/401/1023 630/401/1024
f 630/401/1024 629/401/1011 631/401/1025
f 631/401/1026 632/401/1011 633/401/1027
f 633/401/1027 632/401/1011 634/401/1028
f 637/401/1011 635/401/1029 636/401/1030
f 637/401/1011 636/401/1030 614/401/1031
f 616/401/1032 590/401/990 592/401/992
f 614/401/1033 616/401/1032 592/401/992
f 614/401/1012 591/401/1034 590/401/1035
f 615/401/1013 614/401/1012 590/401/1035
f 616/401/1036 617/401/1037 593/401/994
f 590/401/993 616/401/1036 593/401/994
f 615/401/1013 590/401/1038 594/401/1039
f 617/401/1014 615/401/1013 594/401/1039
f 619/401/1040 595/401/995 593/401/994
f 617/401/1041 619/401/1040 593/401/994
f 618/401/1016 617/401/1015 594/401/1042
f 595/401/1043 618/401/1016 594/401/1042
f 619/401/1044 621/401/1044 596/401/1045
f 595/401/1046 619/401/1044 596/401/1045
f 618/401/1047 595/401/1046 596/401/1045
f 620/401/1047 618/401/1047 596/401/1045
f 621/401/1017 622/401/1018 598/401/1048
f 596/401/1049 621/401/1017 598/401/1048
f 620/401/1050 596/401/997 597/401/996
f 622/401/1051 620/401/1050 597/401/996
f 624/401/1020 599/401/1052 598/401/1053
f 622/401/1019 624/401/1020 598/401/1053
f 623/401/1054 622/401/1055 597/401/996
f 599/401/998 623/401/1054 597/401/996
f 624/401/1020 625/401/1021 601/401/1056
f 599/401/1057 624/401/1020 601/401/1056
f 623/401/1058 599/401/1000 600/401/999
f 625/401/1059 623/401/1058 600/401/999
f 625/401/1060 626/401/1061 602/401/1062
f 601/401/1063 625/401/1060 602/401/1062
f 626/401/1061 625/401/1060 600/401/1064
f 603/401/1065 626/401/1061 600/401/1064
f 628/401/1066 604/401/1002 602/401/1001
f 626/401/1067 628/401/1066 602/401/1001
f 626/401/1022 603/401/1068 604/401/1069
f 627/401/1023 626/401/1022 604/401/1069
f 628/401/1070 630/401/1071 605/401/1072
f 604/401/1073 628/401/1070 605/401/1072
f 629/401/1074 627/401/1075 604/401/1073
f 605/401/1072 629/401/1074 604/401/1073
f 630/401/1024 631/401/1025 607/401/1076
f 605/401/1077 630/401/1024 607/401/1076
f 629/401/1078 605/401/1004 606/401/1003
f 631/401/1079 629/401/1078 606/401/1003
f 631/401/1026 633/401/1027 608/401/1080
f 607/401/1081 631/401/1026 608/401/1080
f 632/401/1082 631/401/1083 606/401/1003
f 608/401/1005 632/401/1082 606/401/1003
f 633/401/1027 634/401/1028 610/401/1084
f 608/401/1085 633/401/1027 610/401/1084
f 632/401/1086 608/401/1007 609/401/1006
f 634/401/1087 632/401/1086 609/401/1006
f 634/401/1088 635/401/1089 611/401/1090
f 610/401/1090 634/401/1088 611/401/1090
f 634/401/1088 609/401/1091 612/401/1092
f 635/401/1089 634/401/1088 612/401/1092
f 637/401/1093 613/401/1009 611/401/1008
f 635/401/1094 637/401/1093 611/401/1008
f 636/401/1030 635/401/1029 612/401/1095
f 613/401/1096 636/401/1030 612/401/1095
f 637/401/1097 614/401/1098 592/401/992
f 613/401/1010 637/401/1097 592/401/992
f 636/401/1030 613/401/1099 591/401/1100
f 614/401/1031 636/401/1030 591/401/1100
usemtl 材质.012
f 639/402/1101 640/403/1102 638/404/1103
f 638/405/1103 640/406/1102 642/407/1104
f 642/407/1104 643/408/1105 638/405/1103
f 641/409/1106 638/405/1103 643/408/1105
f 642/407/1104 644/410/1107 643/408/1105
f 643/408/1105 645/411/1108 641/409/1106
f 639/412/1101 646/413/1109 647/414/1110
f 640/415/1111 639/416/1101 647/417/1110
f 640/418/1111 647/414/1110 648/419/1112
f 638/420/1103 646/413/1109 639/412/1101
f 649/421/1113 646/413/1109 638/420/1103
f 649/421/1113 638/420/1103 650/422/1114
f 638/420/1103 641/423/1106 650/422/1114
f 650/422/1114 641/423/1106 651/424/1115
f 642/425/1116 640/418/1111 648/419/1112
f 652/414/1117 642/425/1116 648/419/1112
f 644/426/1107 642/425/1116 652/414/1117
f 653/427/1118 644/426/1107 652/414/1117
f 653/427/1118 643/428/1105 644/426/1107
f 641/423/1106 645/429/1108 651/424/1115
f 645/429/1108 654/422/1119 651/424/1115
f 645/429/1108 643/428/1105 654/422/1119
f 643/428/1105 655/430/1120 654/422/1119
f 653/427/1118 655/430/1120 643/428/1105
f 657/431/1121 658/432/1122 656/433/1123
f 658/434/1122 657/435/1121 660/436/1124
f 660/436/1124 661/437/1125 658/434/1122
f 659/438/1126 660/436/1124 657/435/1121
f 646/413/1127 656/439/1123 647/414/1128
f 656/440/1123 658/441/1129 647/417/1128
f 647/414/1128 658/442/1129 648/419/1130
f 646/413/1127 657/443/1121 656/439/1123
f 646/413/1127 649/421/1131 657/443/1121
f 657/443/1121 649/421/1131 650/422/1132
f 659/444/1126 657/443/1121 650/422/1132
f 659/444/1126 650/422/1132 651/424/1133
f 658/442/1129 652/414/1134 648/419/1130
f 658/442/1129 661/445/1125 652/414/1134
f 661/445/1125 653/427/1135 652/414/1134
f 660/446/1124 653/427/1135 661/445/1125
f 654/422/1136 659/444/1126 651/424/1133
f 660/446/1124 659/444/1126 654/422/1136
f 655/430/1137 660/446/1124 654/422/1136
f 655/430/1137 653/427/1135 660/446/1124
f 662/447/1138 663/448/1139 664/449/1140
f 665/450/1141 662/451/1138 664/452/1140
f 666/453/1142 662/451/1138 665/450/1141
f 664/449/1140 663/448/1139 667/454/1143
f 663/455/1139 668/456/1144 667/457/1143
f 666/453/1142 665/450/1141 669/458/1145
f 670/459/1146 666/453/1142 669/458/1145
f 668/456/1144 670/459/1146 667/457/1143
f 670/459/1146 671/460/1147 667/457/1143
f 670/459/1146 669/458/1145 671/460/1147
f 669/461/1145 665/462/1141 664/463/1140
f 667/464/1143 669/461/1145 664/463/1140
f 667/464/1143 671/465/1148 669/461/1145
f 672/466/1149 673/467/1150 674/468/1151
f 675/469/1152 672/466/1149 674/468/1151
f 675/469/1152 674/468/1151 676/470/1153
f 677/471/1154 675/469/1152 676/470/1153
f 676/470/1153 678/472/1155 677/471/1154
f 678/472/1155 676/470/1153 679/473/1156
f 680/474/1157 678/472/1155 679/473/1156
f 680/474/1157 679/473/1156 681/475/1158
f 682/476/1159 680/474/1157 681/475/1158
f 681/475/1158 683/477/1160 682/476/1159
f 683/477/1160 684/478/1161 682/476/1159
f 685/479/1162 672/466/1149 675/469/1152
f 686/480/1163 680/474/1157 682/476/1159
f 687/481/1164 686/480/1163 682/476/1159
f 688/482/1165 677/471/1154 678/472/1155
f 689/483/1166 688/482/1165 678/472/1155
f 690/484/1167 683/477/1160 681/475/1158
f 691/485/1168 690/484/1167 681/475/1158
f 692/486/1169 679/473/1156 676/470/1153
f 684/487/1161 683/488/1160 693/489/1170
f 694/490/1171 684/487/1161 693/489/1170
f 695/491/1172 692/486/1169 676/470/1153
f 696/492/1173 697/493/1174 698/494/1175
f 699/495/1176 696/492/1173 698/494/1175
f 698/496/1175 697/497/1174 700/498/1177
f 697/497/1174 701/499/1178 700/498/1177
f 700/498/1177 701/499/1178 702/500/1179
f 701/499/1178 703/501/1180 702/500/1179
f 702/500/1179 703/501/1180 704/502/1181
f 699/495/1176 705/503/1182 696/492/1173
f 705/503/1182 699/495/1176 706/504/1183
f 707/505/1184 708/506/1185 709/507/1186
f 709/507/1186 710/508/1187 707/505/1184
f 709/507/1186 711/509/1188 710/508/1187
f 710/510/1187 711/511/1188 712/512/1189
f 717/513/1190 713/514/1191 712/515/1189
f 714/516/1192 711/509/1188 709/507/1186
f 715/517/1193 712/512/1189 713/518/1191
f 715/517/1193 710/510/1187 712/512/1189
f 713/514/1191 716/519/1194 715/520/1193
f 717/513/1190 716/519/1194 713/514/1191
f 717/513/1190 718/521/1195 716/519/1194
f 717/513/1190 719/522/1196 718/521/1195
f 720/523/1197 718/521/1195 719/522/1196
f 720/523/1197 719/522/1196 721/524/1198
f 722/525/1199 721/524/1198 719/522/1196
f 722/525/1199 719/522/1196 723/526/1200
f 717/513/1190 723/526/1200 719/522/1196
f 722/525/1199 724/527/1201 725/528/1202
f 725/528/1202 721/524/1198 722/525/1199
f 725/528/1202 724/527/1201 726/505/1203
f 724/527/1201 727/529/1204 726/505/1203
f 728/530/1205 726/505/1203 727/529/1204
f 727/529/1204 729/531/1206 728/530/1205
f 729/532/1206 708/533/1185 728/534/1205
f 729/531/1206 709/507/1186 708/506/1185
f 714/516/1192 709/507/1186 729/531/1206
f 730/535/1207 731/536/1208 732/537/1209
f 730/535/1207 733/538/1210 731/536/1208
f 731/536/1208 733/538/1210 734/539/1211
f 683/477/1212 731/536/1213 734/539/1214
f 715/520/1215 716/519/1216 693/489/1217
f 693/489/1217 733/540/1218 715/520/1215
f 710/510/1219 715/517/1215 733/538/1220
f 730/535/1221 710/510/1219 733/538/1220
f 707/541/1184 710/510/1219 730/535/1221
f 707/505/1184 730/542/1221 735/543/1222
f 708/506/1185 707/505/1184 735/543/1222
f 735/543/1222 736/544/1223 708/506/1185
f 708/506/1185 736/544/1223 728/530/1205
f 736/544/1223 737/545/1224 728/530/1205
f 726/505/1203 728/530/1205 737/545/1224
f 738/546/1225 726/505/1203 737/545/1224
f 725/528/1226 726/505/1203 738/546/1225
f 725/528/1226 738/546/1225 739/547/1227
f 721/524/1228 725/528/1226 739/547/1227
f 721/524/1228 739/547/1227 740/548/1229
f 740/548/1229 720/523/1230 721/524/1228
f 705/503/1182 717/513/1231 712/515/1189
f 717/513/1231 705/503/1182 706/504/1183
f 712/515/1189 741/549/1232 705/503/1182
f 712/512/1189 711/511/1188 741/550/1232
f 711/511/1188 742/551/1233 741/550/1232
f 742/551/1233 711/511/1188 714/552/1234
f 714/516/1234 743/553/1235 742/554/1233
f 714/516/1234 729/531/1236 743/553/1235
f 729/531/1236 744/555/1237 743/553/1235
f 743/553/1235 744/555/1237 745/556/1238
f 746/557/1239 747/558/1240 748/559/1241
f 749/560/1242 746/561/1239 748/562/1241
f 746/557/1239 750/563/1243 747/558/1240
f 753/564/1244 751/565/1245 752/566/1246
f 752/566/1246 751/565/1245 754/567/1247
f 757/568/1248 755/569/1249 756/570/1250
f 756/570/1250 755/569/1249 758/571/1251
f 761/572/1252 759/573/1253 760/574/1254
f 760/574/1254 759/573/1253 762/575/1255
f 765/576/1256 763/577/1257 764/578/1258
f 764/578/1258 763/577/1257 766/579/1259
f 769/580/1260 767/581/1261 768/582/1262
f 768/582/1262 767/581/1261 770/583/1263
f 757/568/1248 771/584/1264 755/569/1249
f 771/584/1264 772/585/1265 755/569/1249
f 773/586/1266 774/587/1267 775/588/1268
f 773/586/1266 776/589/1269 774/587/1267
f 735/543/1222 777/590/1270 736/544/1223
f 778/591/1271 737/545/1224 736/544/1223
f 777/590/1270 778/591/1271 736/544/1223
f 753/564/1272 779/592/1273 780/593/1274
f 779/592/1273 766/594/1275 780/593/1274
f 781/595/1276 782/596/1277 769/597/1278
f 781/598/1276 783/599/1279 782/600/1277
f 784/601/1280 785/602/1281 761/603/1282
f 784/601/1280 786/604/1283 785/602/1281
f 787/605/1284 763/577/1257 765/576/1256
f 787/605/1284 758/571/1285 763/577/1257
f 775/588/1286 788/606/1287 777/590/1288
f 777/590/1288 788/606/1287 778/591/1289
f 716/519/1194 718/521/1195 789/607/1290
f 789/608/1290 718/609/1195 772/585/1291
f 748/562/1241 790/610/1292 749/560/1242
f 749/560/1242 790/610/1292 791/611/1293
f 790/610/1292 674/468/1151 791/611/1293
f 752/566/1246 672/612/1149 685/613/1294
f 753/564/1272 752/566/1246 685/613/1294
f 756/570/1295 686/480/1296 687/481/1297
f 757/568/1248 756/570/1295 687/481/1297
f 760/614/1298 691/485/1299 692/486/1300
f 761/603/1282 760/614/1298 692/486/1300
f 692/486/1300 691/485/1299 792/615/1301
f 764/578/1302 688/482/1303 689/483/1304
f 765/576/1256 764/578/1302 689/483/1304
f 768/616/1305 695/491/1306 793/617/1307
f 769/597/1278 768/616/1305 793/617/1307
f 793/617/1307 695/491/1306 794/618/1308
f 757/568/1248 687/481/1297 694/619/1309
f 771/584/1264 757/568/1248 694/619/1309
f 694/619/1309 687/481/1297 795/620/1310
f 775/621/1268 690/484/1311 691/485/1312
f 773/622/1266 775/621/1268 691/485/1312
f 735/543/1313 730/542/1207 732/623/1209
f 732/623/1209 777/590/1314 735/543/1313
f 753/624/1272 685/479/1294 688/482/1315
f 779/625/1273 753/624/1272 688/482/1315
f 688/482/1315 685/479/1294 796/626/1316
f 769/597/1278 793/617/1307 790/610/1317
f 781/595/1276 769/597/1278 790/610/1317
f 761/603/1282 692/486/1300 695/491/1318
f 784/601/1280 761/603/1282 695/491/1318
f 765/576/1256 689/483/1304 686/480/1319
f 787/605/1284 765/576/1256 686/480/1319
f 686/480/1319 689/483/1304 797/627/1320
f 777/628/1321 732/537/1209 690/484/1311
f 775/621/1268 777/628/1321 690/484/1311
f 690/484/1311 732/537/1209 798/629/1322
f 732/537/1209 731/536/1208 798/629/1322
f 789/607/1323 694/490/1324 693/489/1325
f 716/519/1326 789/607/1323 693/489/1325
f 793/617/1327 676/470/1153 674/468/1151
f 790/610/1292 793/617/1327 674/468/1151
f 734/548/1328 693/489/1328 683/488/1328
f 673/467/1329 791/611/1293 674/468/1151
f 749/560/1330 791/611/1331 673/467/1332
f 799/630/1333 749/631/1330 673/632/1332
f 800/633/1334 749/631/1330 799/630/1333
f 746/561/1335 749/560/1330 800/634/1334
f 801/635/1336 746/561/1335 800/634/1334
f 750/563/1337 746/557/1335 801/636/1336
f 750/563/1337 801/636/1336 802/637/1338
f 750/563/1337 802/637/1338 803/632/1339
f 804/638/1340 750/563/1337 803/632/1339
f 748/559/1341 747/558/1240 781/598/1276
f 790/610/1317 748/562/1341 781/595/1276
f 747/558/1240 783/599/1342 781/598/1276
f 681/475/1343 792/615/1301 691/485/1299
f 679/473/1344 792/615/1301 681/475/1343
f 692/486/1169 792/615/1345 679/473/1156
f 785/639/1346 759/573/1253 761/572/1252
f 760/574/1347 762/575/1255 773/586/1266
f 762/575/1255 776/589/1348 773/586/1266
f 691/485/1312 760/614/1347 773/622/1266
f 676/470/1153 794/618/1308 695/491/1306
f 793/617/1327 794/618/1308 676/470/1153
f 782/600/1349 767/581/1261 769/580/1260
f 768/582/1350 770/583/1263 784/640/1280
f 770/583/1263 786/641/1351 784/640/1280
f 695/491/1318 768/616/1350 784/601/1280
f 682/476/1352 795/620/1310 687/481/1297
f 684/478/1353 795/620/1310 682/476/1352
f 694/619/1171 795/620/1354 684/478/1161
f 789/608/1355 771/584/1264 694/619/1309
f 771/584/1264 789/608/1355 772/585/1265
f 688/482/1165 796/626/1356 677/471/1154
f 764/578/1357 779/625/1273 688/482/1315
f 779/625/1273 764/578/1357 766/579/1275
f 753/564/1244 780/593/1358 751/565/1245
f 675/469/1359 796/626/1316 685/479/1294
f 677/471/1360 796/626/1316 675/469/1359
f 686/480/1163 797/627/1361 680/474/1157
f 756/570/1362 787/605/1284 686/480/1319
f 787/605/1284 756/570/1362 758/571/1285
f 678/472/1363 797/627/1320 689/483/1304
f 680/474/1364 797/627/1320 678/472/1363
f 690/484/1167 798/629/1365 683/477/1160
f 774/587/1366 788/606/1287 775/588/1286
f 683/477/1367 798/629/1322 731/536/1208
f 701/499/1368 745/642/1369 703/501/1180
f 701/643/1368 743/553/1370 745/556/1369
f 742/554/1371 743/553/1370 701/643/1368
f 701/499/1368 697/497/1372 742/551/1371
f 741/550/1373 742/551/1371 697/497/1372
f 705/503/1182 741/549/1373 697/493/1372
f 696/492/1173 705/503/1182 697/493/1372
f 703/644/1180 745/556/1369 805/645/1374
f 703/644/1180 805/645/1374 704/646/1181
f 745/556/1369 806/647/1375 805/645/1374
f 807/553/1376 806/647/1375 745/556/1369
f 807/553/1376 808/648/1377 806/647/1375
f 809/649/1378 806/647/1375 808/648/1377
f 808/648/1377 810/549/1379 809/649/1378
f 810/549/1379 811/650/1380 809/649/1378
f 811/650/1380 812/492/1381 809/649/1378
f 817/651/1382 818/652/1383 672/612/1149
f 672/612/1149 818/652/1383 799/630/1333
f 819/653/1384 820/654/1385 801/636/1336
f 800/634/1334 819/655/1384 801/635/1336
f 821/656/1386 752/566/1246 754/567/1247
f 822/657/1387 821/656/1386 754/567/1247
f 821/656/1386 817/651/1382 672/612/1149
f 752/566/1246 821/656/1386 672/612/1149
f 818/652/1383 819/653/1388 800/633/1334
f 799/630/1333 818/652/1383 800/633/1334
f 673/632/1150 672/612/1149 799/630/1333
f 823/658/1389 803/632/1390 802/637/1338
f 823/658/1389 824/659/1391 825/660/1392
f 803/632/1390 823/658/1389 825/660/1392
f 825/660/1392 824/659/1391 826/661/1393
f 824/659/1391 827/662/1394 826/661/1393
f 828/663/1395 826/661/1393 827/662/1394
f 826/661/1393 828/663/1395 829/664/1396
f 829/664/1396 828/663/1395 830/665/1397
f 828/663/1395 831/666/1398 830/665/1397
f 832/488/1399 830/665/1397 831/666/1398
f 833/487/1400 832/488/1399 831/666/1398
f 823/658/1389 834/667/1401 824/659/1391
f 828/663/1395 835/668/1402 831/666/1398
f 835/668/1402 836/669/1403 831/666/1398
f 827/662/1394 837/670/1404 828/663/1395
f 837/670/1404 838/671/1405 828/663/1395
f 832/488/1399 839/672/1406 830/665/1397
f 839/672/1406 776/589/1407 830/665/1397
f 829/664/1396 840/673/1408 826/661/1393
f 832/488/1399 833/487/1400 841/489/1409
f 833/487/1400 842/674/1410 841/489/1409
f 840/673/1408 786/641/1411 826/661/1393
f 812/492/1381 699/495/1412 698/494/1413
f 809/649/1414 812/492/1381 698/494/1413
f 809/675/1414 698/496/1413 700/498/1415
f 806/647/1416 809/649/1414 700/676/1415
f 806/647/1416 700/676/1415 702/677/1417
f 805/645/1418 806/647/1416 702/677/1417
f 805/645/1418 702/677/1417 704/646/1419
f 811/650/1380 699/495/1412 812/492/1381
f 699/495/1412 811/650/1380 706/504/1183
f 844/678/1420 738/546/1421 843/679/1422
f 739/547/1423 738/546/1421 844/678/1420
f 739/547/1423 844/678/1420 740/548/1424
f 844/678/1420 832/488/1425 740/548/1424
f 811/650/1380 723/526/1200 706/504/1183
f 723/526/1200 717/513/1231 706/504/1183
f 810/549/1426 723/526/1200 811/650/1380
f 722/525/1199 723/526/1200 810/549/1426
f 808/648/1427 722/525/1199 810/549/1426
f 722/525/1199 808/648/1427 724/527/1201
f 727/529/1204 724/527/1201 808/648/1427
f 807/553/1428 727/529/1204 808/648/1427
f 744/555/1237 727/529/1204 807/553/1428
f 744/680/1237 807/681/1428 745/642/1238
f 729/531/1236 727/529/1204 744/555/1237
f 783/599/1342 747/558/1240 750/563/1243
f 783/599/1342 750/563/1243 804/638/1429
f 825/660/1392 783/599/1342 804/638/1429
f 754/682/1247 751/683/1245 834/684/1430
f 823/658/1431 754/567/1247 834/667/1430
f 758/685/1251 755/686/1249 836/669/1432
f 835/668/1433 758/685/1251 836/669/1432
f 762/575/1255 759/573/1253 840/673/1434
f 762/575/1255 840/673/1434 845/687/1435
f 766/594/1259 763/688/1257 838/671/1436
f 837/670/1437 766/594/1259 838/671/1436
f 770/583/1263 767/581/1261 846/689/1438
f 770/583/1263 846/689/1438 847/690/1439
f 755/569/1249 772/585/1291 842/691/1440
f 836/669/1432 755/686/1249 842/674/1440
f 836/669/1432 842/674/1440 848/692/1441
f 839/672/1442 774/587/1267 776/589/1269
f 738/546/1421 737/545/1443 843/679/1422
f 778/591/1444 843/679/1422 737/545/1443
f 780/593/1445 766/594/1259 837/670/1437
f 834/667/1446 780/593/1445 837/670/1437
f 834/667/1446 837/670/1437 849/693/1447
f 846/689/1448 782/600/1277 783/599/1279
f 840/673/1449 785/639/1281 786/641/1283
f 763/688/1257 758/685/1251 835/668/1433
f 838/671/1436 763/688/1257 835/668/1433
f 838/671/1436 835/668/1433 850/694/1450
f 778/591/1289 788/606/1287 839/672/1451
f 843/679/1422 778/591/1289 839/672/1451
f 843/679/1422 839/672/1451 851/695/1452
f 844/678/1420 843/679/1422 851/695/1452
f 772/696/1291 718/521/1195 841/489/1453
f 842/674/1440 772/696/1291 841/489/1453
f 846/689/1454 783/599/1342 825/660/1392
f 826/661/1393 846/689/1454 825/660/1392
f 841/489/1455 740/548/1455 832/488/1455
f 804/638/1429 803/632/1456 825/660/1392
f 845/687/1435 830/665/1457 776/589/1348
f 762/575/1255 845/687/1435 776/589/1348
f 845/687/1435 829/664/1458 830/665/1457
f 845/687/1459 840/673/1408 829/664/1396
f 759/573/1253 785/639/1346 840/673/1434
f 847/690/1439 826/661/1393 786/641/1351
f 770/583/1263 847/690/1439 786/641/1351
f 847/690/1439 846/689/1454 826/661/1393
f 767/581/1261 782/600/1349 846/689/1438
f 848/692/1441 831/666/1460 836/669/1432
f 848/692/1441 833/487/1461 831/666/1460
f 848/692/1462 842/674/1410 833/487/1400
f 849/693/1463 837/670/1404 827/662/1394
f 780/593/1358 834/667/1430 751/565/1245
f 849/693/1447 824/659/1464 834/667/1446
f 849/693/1447 827/662/1465 824/659/1464
f 850/694/1450 835/668/1402 828/663/1395
f 850/694/1450 828/663/1395 838/671/1436
f 851/695/1466 839/672/1406 832/488/1399
f 788/606/1287 774/587/1366 839/672/1451
f 851/695/1452 832/488/1467 844/678/1420
f 720/523/1197 841/489/1468 718/521/1195
f 852/697/1469 822/657/1470 823/658/1389
f 853/698/1471 852/697/1469 823/658/1389
f 853/698/1471 823/658/1389 802/637/1338
f 822/657/1472 754/567/1247 823/658/1431
f 853/698/1471 802/637/1338 801/636/1336
f 820/654/1385 853/698/1473 801/636/1336
f 859/699/1474 857/700/1475 858/701/1476
f 859/699/1474 858/701/1476 860/702/1477
f 858/701/1476 861/703/1478 860/702/1477
f 869/704/1479 860/702/1477 861/703/1478
f 862/705/1480 869/704/1479 861/703/1478
f 857/700/1481 863/706/1481 864/707/1482
f 865/708/1483 857/700/1481 864/707/1482
f 867/709/1484 863/706/1481 857/700/1481
f 857/700/1481 859/699/1482 867/709/1484
f 868/710/1485 867/709/1484 859/699/1482
f 868/710/1485 859/699/1482 869/704/1479
f 859/699/1482 860/702/1477 869/704/1479
f 871/711/1486 877/712/1487 870/713/1488
f 872/714/1489 877/712/1487 871/711/1486
f 871/711/1486 873/715/1490 872/714/1489
f 874/716/1491 872/714/1489 873/715/1490
f 872/714/1489 874/716/1491 875/717/1492
f 876/718/1493 872/714/1489 875/717/1492
f 872/714/1489 876/718/1493 861/703/1478
f 858/701/1494 872/714/1489 861/703/1478
f 862/705/1480 876/718/1493 875/717/1492
f 861/703/1478 876/718/1493 862/705/1480
f 878/719/1488 870/720/1488 877/721/1487
f 866/722/1495 877/712/1495 858/701/1496
f 858/701/1494 877/712/1497 872/714/1489
f 871/723/1498 870/724/1499 863/706/1500
f 867/709/1501 871/723/1498 863/706/1500
f 873/725/1502 871/723/1498 867/709/1501
f 868/710/1503 873/725/1502 867/709/1501
f 874/726/1504 873/725/1502 868/710/1503
f 874/726/1504 868/710/1503 869/704/1479
f 875/727/1492 874/726/1504 869/704/1479
f 862/705/1480 875/727/1492 869/704/1479
f 863/706/1500 870/724/1499 864/707/1505
f 870/728/1506 878/729/1507 864/730/1505
f 866/722/1508 857/700/1509 865/708/1510
f 866/722/1508 858/701/1476 857/700/1475
s 0
usemtl 材质.013
f 903/731/1511 879/732/1512 900/733/1513
f 944/734/1514 903/731/1511 900/733/1512
f 900/733/1515 879/732/1515 901/735/1516
f 946/736/1517 900/733/1518 901/735/1516
f 901/735/1519 879/732/1515 902/737/1515
f 947/738/1520 901/735/1521 902/737/1522
f 902/737/1512 879/732/1512 903/731/1511
f 945/739/1523 902/737/1524 903/731/1511
f 901/735/1516 880/740/1525 904/741/1526
f 946/736/1527 901/735/1516 904/741/1528
f 904/741/1528 880/740/1525 905/735/1529
f 948/736/1530 904/741/1528 905/735/1529
f 905/735/1529 880/740/1525 906/742/1531
f 949/738/1532 905/735/1533 906/742/1534
f 906/742/1531 880/740/1525 901/735/1521
f 947/738/1535 906/742/1531 901/735/1516
f 905/735/1536 881/732/1537 907/733/1537
f 948/736/1538 905/735/1529 907/733/1539
f 907/733/1540 881/732/1541 908/731/1542
f 950/734/1543 907/733/1541 908/731/1542
f 908/731/1542 881/732/1541 909/737/1544
f 951/739/1545 908/731/1542 909/737/1544
f 909/737/1546 881/732/1537 905/735/1547
f 949/738/1548 909/737/1546 905/735/1549
f 908/731/1550 882/743/1551 910/744/1552
f 950/734/1553 908/731/1554 910/744/1552
f 910/744/1555 882/743/1551 903/731/1556
f 944/734/1557 910/744/1552 903/731/1558
f 903/731/1511 882/743/1551 911/745/1559
f 945/739/1560 903/731/1561 911/745/1562
f 911/745/1559 882/743/1551 908/731/1542
f 951/739/1563 911/745/1559 908/731/1564
f 914/746/1565 883/747/1522 912/748/1522
f 953/749/1566 914/746/1567 912/748/1522
f 912/748/1512 883/747/1512 913/750/1568
f 952/751/1569 912/748/1524 913/750/1570
f 913/750/1568 883/747/1512 902/737/1512
f 945/739/1560 913/750/1571 902/737/1524
f 902/737/1522 883/747/1515 914/746/1572
f 947/738/1520 902/737/1522 914/746/1572
f 916/746/1573 884/752/1574 915/753/1575
f 954/749/1576 916/746/1577 915/753/1575
f 915/753/1575 884/752/1574 914/746/1578
f 953/749/1579 915/753/1575 914/746/1578
f 914/746/1578 884/752/1574 906/742/1531
f 947/738/1580 914/746/1581 906/742/1582
f 906/742/1531 884/752/1574 916/746/1577
f 949/738/1583 906/742/1531 916/746/1584
f 918/750/1585 885/747/1586 917/748/1541
f 955/751/1587 918/750/1588 917/748/1589
f 917/748/1590 885/747/1591 916/746/1592
f 954/749/1593 917/748/1590 916/746/1592
f 885/747/1594 909/737/1546 949/738/1595
f 916/746/1596 885/747/1597 949/738/1595
f 909/737/1544 885/747/1598 918/750/1585
f 951/739/1599 909/737/1544 918/750/1585
f 913/750/1568 886/754/1600 919/755/1601
f 952/751/1602 913/750/1603 919/755/1601
f 919/755/1601 886/754/1600 918/750/1604
f 955/751/1605 919/755/1601 918/750/1604
f 918/750/1585 886/754/1606 911/745/1559
f 951/739/1607 918/750/1608 911/745/1559
f 911/745/1559 886/754/1606 913/750/1568
f 945/739/1560 911/745/1559 913/750/1568
f 926/756/1524 887/757/1524 924/758/1609
f 960/759/1610 926/756/1524 924/758/1611
f 924/758/1612 887/757/1524 912/748/1524
f 952/751/1569 924/758/1612 912/748/1512
f 912/748/1522 887/757/1522 925/760/1613
f 953/749/1579 912/748/1522 925/760/1614
f 925/760/1614 887/757/1522 926/756/1522
f 961/761/1615 925/760/1616 926/756/1522
f 928/762/1617 888/763/1618 926/756/1512
f 960/759/1610 928/762/1617 926/756/1524
f 926/756/1515 888/763/1619 927/764/1620
f 961/761/1621 926/756/1522 927/764/1622
f 927/764/1623 888/763/1619 920/765/1624
f 957/766/1625 927/764/1622 920/765/1624
f 888/763/1626 928/762/1627 956/767/1628
f 920/765/1629 888/763/1630 956/767/1631
f 930/768/1632 889/769/1633 925/760/1614
f 961/761/1621 930/768/1634 925/760/1614
f 925/760/1614 889/769/1635 915/753/1575
f 953/749/1636 925/760/1613 915/753/1575
f 915/753/1575 889/769/1633 929/760/1637
f 954/749/1638 915/753/1575 929/760/1637
f 929/760/1637 889/769/1633 930/768/1634
f 962/761/1639 929/760/1640 930/768/1634
f 927/764/1622 890/770/1641 930/768/1632
f 961/761/1642 927/764/1620 930/768/1634
f 930/768/1634 890/770/1641 931/764/1643
f 962/761/1644 930/768/1645 931/764/1646
f 931/764/1646 890/770/1647 921/771/1648
f 958/766/1649 931/764/1646 921/771/1650
f 921/771/1651 890/770/1652 927/764/1622
f 957/766/1625 921/771/1648 927/764/1622
f 933/756/1590 891/757/1590 929/760/1653
f 962/761/1639 933/756/1590 929/760/1640
f 929/760/1654 891/757/1590 917/748/1590
f 954/749/1576 929/760/1637 917/748/1590
f 917/748/1589 891/757/1589 932/758/1655
f 955/751/1587 917/748/1541 932/758/1655
f 932/758/1656 891/757/1589 933/756/1589
f 963/759/1657 932/758/1656 933/756/1589
f 931/764/1643 892/763/1658 933/756/1537
f 962/761/1639 931/764/1643 933/756/1590
f 933/756/1541 892/763/1659 934/762/1660
f 963/759/1661 933/756/1589 934/762/1662
f 934/762/1663 892/763/1659 922/765/1664
f 959/767/1665 934/762/1663 922/765/1664
f 922/765/1666 892/763/1658 931/764/1667
f 958/766/1649 922/765/1666 931/764/1646
f 935/772/1668 893/773/1669 932/758/1656
f 963/759/1670 935/772/1668 932/758/1656
f 932/758/1656 893/773/1669 919/755/1671
f 955/751/1672 932/758/1673 919/755/1601
f 919/755/1674 893/773/1669 924/758/1611
f 952/751/1675 919/755/1601 924/758/1676
f 924/758/1611 893/773/1677 935/772/1678
f 960/759/1679 924/758/1611 935/772/1678
f 934/762/1680 894/774/1681 935/772/1668
f 963/759/1682 934/762/1683 935/772/1668
f 935/772/1684 894/774/1681 928/762/1685
f 960/759/1686 935/772/1678 928/762/1685
f 928/762/1687 894/774/1688 923/775/1689
f 956/767/1690 928/762/1691 923/775/1692
f 923/775/1692 894/774/1688 934/762/1693
f 959/767/1665 923/775/1689 934/762/1694
f 895/776/1695 936/776/1695 966/777/1695
f 938/778/1695 895/776/1695 966/777/1695
f 895/776/1695 937/779/1695 967/776/1695
f 936/776/1695 895/776/1695 967/776/1695
f 937/779/1696 895/776/1589 907/733/1697
f 950/734/1698 937/779/1699 907/733/1700
f 907/733/1590 895/776/1590 938/778/1701
f 948/736/1702 907/733/1590 938/778/1703
f 940/778/1695 896/780/1695 939/778/1695
f 965/777/1695 940/778/1695 939/778/1695
f 939/778/1695 896/780/1695 938/778/1695
f 966/777/1695 939/778/1695 938/778/1695
f 938/778/1704 896/780/1705 904/741/1526
f 948/736/1706 938/778/1707 904/741/1528
f 904/741/1528 896/780/1705 940/778/1708
f 946/736/1709 904/741/1528 940/778/1708
f 897/776/1695 941/776/1695 964/776/1695
f 942/779/1695 897/776/1695 964/776/1695
f 897/776/1695 940/778/1695 965/777/1695
f 941/776/1695 897/776/1695 965/777/1695
f 940/778/1710 897/776/1522 900/733/1711
f 946/736/1712 940/778/1708 900/733/1522
f 900/733/1524 897/776/1524 942/779/1713
f 944/734/1514 900/733/1513 942/779/1714
f 937/779/1715 898/781/1715 943/779/1715
f 967/776/1695 937/779/1695 943/779/1695
f 943/779/1715 898/781/1715 942/779/1715
f 964/776/1715 943/779/1715 942/779/1715
f 942/779/1716 898/781/1717 910/744/1552
f 944/734/1557 942/779/1716 910/744/1552
f 910/744/1555 898/781/1717 937/779/1718
f 950/734/1719 910/744/1552 937/779/1720
f 899/782/1695 936/783/1695 967/784/1695
f 943/785/1715 899/782/1715 967/784/1715
f 899/782/1695 939/786/1695 966/787/1695
f 936/783/1695 899/782/1695 966/787/1695
f 899/782/1695 941/783/1695 965/787/1695
f 939/786/1715 899/782/1715 965/787/1715
f 899/782/1715 943/785/1715 964/784/1715
f 941/783/1695 899/782/1695 964/784/1695
f 974/788/1721 968/789/1722 972/790/1723
f 973/791/1724 968/789/1725 974/788/1726
f 977/792/1727 973/791/1728 974/788/1726
f 970/793/1729 976/794/1730 978/795/1731
f 986/796/1732 973/791/1724 984/797/1733
f 984/797/1733 973/791/1724 977/792/1727
f 985/798/1734 984/797/1735 977/792/1736
f 981/799/1737 979/800/1738 988/801/1739
f 980/802/1740 981/799/1737 988/801/1741
f 980/802/1740 988/801/1742 989/803/1743
f 979/800/1744 986/796/1745 988/801/1746
f 986/796/1747 984/797/1748 989/803/1749
f 988/801/1750 986/796/1751 989/803/1752
f 984/797/1753 985/798/1754 989/804/1755
f 982/805/1756 983/806/1757 990/807/1758
f 985/798/1754 990/807/1759 989/804/1760
f 989/804/1761 990/807/1762 983/806/1763
f 980/808/1764 989/804/1765 983/806/1766
f 982/805/1767 990/807/1768 992/809/1769
f 990/807/1770 991/810/1771 992/809/1772
f 990/807/1773 985/798/1734 987/811/1774
f 991/810/1775 990/807/1776 987/811/1777
f 974/788/1778 995/812/1779 969/813/1780
f 978/795/1781 996/814/1782 970/793/1783
f 972/790/1784 970/793/1785 996/814/1786
f 972/790/1787 996/814/1788 994/815/1789
f 997/816/1790 978/795/1791 976/794/1792
f 971/794/1793 997/816/1794 976/794/1795
f 995/812/1779 974/788/1796 993/817/1797
f 1001/795/1798 998/818/1799 1000/819/1800
f 1003/795/1801 1001/795/1802 1000/819/1803
f 1000/819/1804 998/818/1805 999/820/1806
f 1002/821/1807 1000/819/1808 999/820/1809
f 1005/815/1810 1002/821/1811 1004/817/1812
f 999/820/1813 1004/817/1814 1002/821/1815
f 1003/795/1801 1000/819/1808 1007/814/1816
f 1000/819/1808 1002/821/1817 1005/815/1818
f 1007/814/1819 1000/819/1820 1005/815/1821
f 1003/795/1822 1008/816/1823 1001/795/1824
f 999/820/1825 1006/812/1826 1004/817/1827
f 987/811/1828 985/798/1829 977/792/1830
f 975/822/1831 987/811/1832 977/792/1833
f 968/789/1834 1010/788/1835 972/790/1836
f 968/789/1837 973/791/1838 1010/788/1839
f 973/791/1838 1012/792/1840 1010/788/1839
f 1009/813/1841 1010/788/1842 1011/822/1843
f 1010/788/1844 1012/792/1845 1011/822/1843
f 976/794/1846 970/793/1847 1013/795/1848
f 973/791/1838 986/796/1849 1018/797/1850
f 973/791/1838 1018/797/1850 1012/792/1840
f 1018/797/1851 1019/798/1852 1012/792/1840
f 979/800/1853 1015/799/1854 1021/801/1855
f 1015/799/1856 1014/802/1857 1021/801/1858
f 1021/801/1858 1014/802/1857 1022/803/1859
f 986/796/1732 979/800/1860 1021/801/1861
f 1018/797/1862 986/796/1747 1022/803/1863
f 986/796/1864 1021/801/1865 1022/803/1866
f 1019/798/1867 1018/797/1862 1022/804/1868
f 1017/806/1869 1016/805/1870 1023/807/1871
f 1023/807/1872 1019/798/1867 1022/804/1873
f 1023/807/1874 1022/804/1875 1017/806/1876
f 1022/804/1877 1014/808/1878 1017/806/1879
f 1023/807/1880 1016/805/1881 1025/809/1882
f 1024/810/1883 1023/807/1884 1025/809/1885
f 1019/798/1852 1023/807/1886 1020/811/1887
f 1023/807/1888 1024/810/1889 1020/811/1890
f 1028/812/1891 1010/788/1892 1009/813/1893
f 1029/814/1894 1013/795/1848 970/793/1895
f 970/793/1785 972/790/1896 1029/814/1897
f 1029/814/1897 972/790/1898 1027/815/1899
f 1013/795/1900 1030/816/1901 976/794/1902
f 1030/816/1903 971/794/1904 976/794/1905
f 1010/788/1906 1028/812/1907 1026/817/1908
f 1031/818/1909 1034/795/1910 1033/819/1911
f 1034/795/1912 1036/795/1913 1033/819/1914
f 1031/818/1915 1033/819/1916 1032/820/1917
f 1033/819/1916 1035/821/1918 1032/820/1919
f 1035/821/1920 1038/815/1921 1037/817/1922
f 1037/817/1923 1032/820/1924 1035/821/1925
f 1033/819/1914 1036/795/1913 1040/814/1926
f 1035/821/1927 1033/819/1916 1038/815/1928
f 1033/819/1916 1040/814/1929 1038/815/1928
f 1041/816/1930 1036/795/1931 1034/795/1932
f 1039/812/1933 1032/820/1934 1037/817/1935
f 1019/798/1936 1020/811/1937 1012/792/1938
f 1020/811/1937 1011/822/1939 1012/792/1940
f 1042/789/1941 1046/788/1942 1044/790/1943
f 1042/789/1944 1045/791/1945 1046/788/1946
f 1045/791/1947 1048/792/1948 1046/788/1946
f 1047/794/1949 1043/793/1950 1049/795/1951
f 1045/791/1952 1056/796/1953 1054/797/1954
f 1045/791/1947 1054/797/1955 1048/792/1948
f 1054/797/1954 1055/798/1956 1048/792/1957
f 1050/800/1958 1052/799/1959 1057/801/1960
f 1052/799/1959 1051/802/1961 1057/801/1962
f 1057/801/1962 1051/802/1963 1058/803/1964
f 1056/796/1965 1050/800/1958 1057/801/1966
f 1054/797/1967 1056/796/1968 1058/803/1969
f 1056/796/1970 1057/801/1971 1058/803/1972
f 1055/798/1973 1054/797/1974 1058/804/1975
f 1053/806/1976 982/805/1767 1059/807/1977
f 1059/807/1978 1055/798/1973 1058/804/1979
f 1059/807/1980 1058/804/1981 1053/806/1982
f 1058/804/1983 1051/808/1984 1053/806/1985
f 1059/807/1986 982/805/1756 992/809/1987
f 991/810/1988 1059/807/1989 992/809/1990
f 1055/798/1991 1059/807/1992 987/811/1993
f 1059/807/1994 991/810/1995 987/811/1996
f 995/812/1997 1046/788/1998 969/813/1780
f 1062/814/1999 1049/795/1951 1043/793/2000
f 1043/793/2001 1044/790/2002 1062/814/2003
f 1062/814/2003 1044/790/2004 1061/815/2005
f 1049/795/1951 997/816/2006 1047/794/2007
f 997/816/2008 971/794/2009 1047/794/2010
f 1046/788/1998 995/812/1779 1060/817/2011
f 998/818/2012 1001/795/1802 1063/819/2013
f 1001/795/1802 1065/795/2014 1063/819/2015
f 998/818/2016 1063/819/2017 999/820/2018
f 1063/819/2015 1064/821/2019 999/820/2020
f 1064/821/2021 1067/815/2022 1066/817/2023
f 1066/817/2024 999/820/2025 1064/821/2026
f 1063/819/2017 1065/795/2027 1068/814/2028
f 1064/821/2029 1063/819/2015 1067/815/2030
f 1063/819/2031 1068/814/2032 1067/815/2033
f 1008/816/2034 1065/795/2035 1001/795/2036
f 1006/812/2037 999/820/2038 1066/817/2039
f 1055/798/2040 987/811/1832 1048/792/2041
f 987/811/1828 975/822/2042 1048/792/2043
f 1069/788/2044 1042/789/2045 1044/790/2046
f 1045/791/2047 1042/789/2048 1069/788/2044
f 1070/792/2049 1045/791/2047 1069/788/2050
f 1069/788/2051 1009/813/2052 1011/822/2053
f 1070/792/2054 1069/788/2055 1011/822/2053
f 1043/793/2056 1047/794/2057 1071/795/2058
f 1056/796/1965 1045/791/2047 1075/797/2059
f 1075/797/2059 1045/791/2047 1070/792/2049
f 1076/798/2060 1075/797/2059 1070/792/2061
f 1073/799/2062 1050/800/2063 1077/801/2064
f 1072/802/2065 1073/799/2066 1077/801/2067
f 1072/802/2065 1077/801/2068 1078/803/2069
f 1050/800/2070 1056/796/2071 1077/801/2072
f 1056/796/2073 1075/797/2074 1078/803/2075
f 1077/801/2076 1056/796/2077 1078/803/2078
f 1075/797/2074 1076/798/2079 1078/804/2080
f 1016/805/1881 1074/806/2081 1079/807/2082
f 1076/798/2083 1079/807/2084 1078/804/2085
f 1078/804/2086 1079/807/2087 1074/806/2088
f 1072/808/2089 1078/804/2090 1074/806/2091
f 1016/805/2092 1079/807/2093 1025/809/2094
f 1079/807/2095 1024/810/2096 1025/809/2097
f 1079/807/2098 1076/798/2060 1020/811/2099
f 1024/810/2100 1079/807/2101 1020/811/2102
f 1069/788/2103 1028/812/1891 1009/813/1841
f 1071/795/2104 1082/814/2105 1043/793/2106
f 1044/790/2107 1043/793/2108 1082/814/2109
f 1044/790/2110 1082/814/2111 1081/815/2112
f 1030/816/2113 1071/795/2104 1047/794/2114
f 971/794/2115 1030/816/2116 1047/794/2117
f 1028/812/1891 1069/788/2118 1080/817/2119
f 1034/795/1910 1031/818/2120 1083/819/2121
f 1085/795/2122 1034/795/1910 1083/819/2123
f 1083/819/2123 1031/818/2124 1032/820/2125
f 1084/821/2126 1083/819/2127 1032/820/2128
f 1087/815/2129 1084/821/2130 1086/817/2131
f 1032/820/2132 1086/817/2133 1084/821/2134
f 1085/795/2122 1083/819/2123 1088/814/2135
f 1083/819/2127 1084/821/2136 1087/815/2137
f 1088/814/2138 1083/819/2127 1087/815/2139
f 1085/795/2140 1041/816/2141 1034/795/2142
f 1032/820/2143 1039/812/2144 1086/817/2145
f 1020/811/1937 1076/798/2146 1070/792/2147
f 1011/822/2148 1020/811/1937 1070/792/2149
f 969/813/2150 975/822/2151 977/792/2152
f 974/788/2153 969/813/1780 977/792/2154
f 1048/792/2155 975/822/2156 969/813/2157
f 1046/788/2158 1048/792/2159 969/813/2160
f 972/790/2161 994/815/2162 993/817/2163
f 974/788/1721 972/790/1723 993/817/2164
f 994/815/2165 1005/815/2166 1004/817/2167
f 993/817/2164 994/815/2168 1004/817/2169
f 978/795/2170 1003/795/2171 1007/814/2172
f 996/814/2173 978/795/2174 1007/814/2175
f 994/815/1789 996/814/2176 1007/814/1816
f 1005/815/2177 994/815/1789 1007/814/1816
f 978/795/2174 997/816/2178 1008/816/2179
f 1003/795/2180 978/795/2181 1008/816/2182
f 993/817/2183 1004/817/2184 1006/812/2185
f 995/812/2186 993/817/2187 1006/812/2188
f 1026/817/2189 1027/815/2190 972/790/2191
f 1010/788/1839 1026/817/2192 972/790/1836
f 1027/815/2193 1026/817/2194 1037/817/2195
f 1038/815/2196 1027/815/2190 1037/817/2197
f 1013/795/2198 1029/814/1897 1040/814/1929
f 1036/795/2199 1013/795/2200 1040/814/2201
f 1040/814/2202 1029/814/2203 1027/815/2204
f 1038/815/2205 1040/814/1926 1027/815/2206
f 1041/816/2141 1030/816/2207 1013/795/2208
f 1036/795/2209 1041/816/2141 1013/795/2210
f 1026/817/2211 1028/812/2212 1039/812/2213
f 1037/817/2214 1026/817/2215 1039/812/2213
f 1060/817/2216 1061/815/2217 1044/790/2218
f 1046/788/1942 1060/817/2219 1044/790/1943
f 1061/815/2220 1060/817/2219 1066/817/2221
f 1067/815/2222 1061/815/2223 1066/817/2224
f 1049/795/2225 1062/814/2226 1068/814/2032
f 1065/795/2227 1049/795/2228 1068/814/2229
f 1068/814/2028 1062/814/2230 1061/815/2231
f 1067/815/2232 1068/814/2028 1061/815/2231
f 1008/816/2233 997/816/2234 1049/795/2235
f 1065/795/2236 1008/816/2237 1049/795/2238
f 1060/817/2239 995/812/2240 1006/812/2241
f 1066/817/2242 1060/817/2239 1006/812/2241
f 1044/790/2243 1081/815/2244 1080/817/2245
f 1069/788/2044 1044/790/2246 1080/817/2245
f 1081/815/2247 1087/815/2248 1086/817/2249
f 1080/817/2250 1081/815/2251 1086/817/2252
f 1071/795/2253 1085/795/2254 1088/814/2255
f 1082/814/2111 1071/795/2256 1088/814/2257
f 1081/815/2258 1082/814/2111 1088/814/2259
f 1087/815/2260 1081/815/2261 1088/814/2135
f 1071/795/2262 1030/816/2207 1041/816/2263
f 1085/795/2254 1071/795/2264 1041/816/2263
f 1080/817/2265 1086/817/2266 1039/812/2267
f 1028/812/2268 1080/817/2265 1039/812/2269
f 1091/823/2270 1090/824/2270 1089/825/2270
f 1097/826/2271 1094/827/2272 1108/828/2273
f 1111/829/2274 1097/826/2275 1108/828/2273
f 1104/830/2276 1111/829/2277 1108/828/2278
f 1101/831/2279 1104/830/2276 1108/828/2280
f 1108/828/2281 1094/827/2282 1098/832/2283
f 1112/833/2284 1108/828/2281 1098/832/2283
f 1105/834/2285 1101/831/2286 1108/828/2280
f 1112/833/2287 1105/834/2285 1108/828/2280
f 1112/833/2288 1098/832/2289 1095/835/2290
f 1109/836/2291 1112/833/2288 1095/835/2290
f 1102/837/2292 1105/834/2293 1112/833/2294
f 1109/836/2295 1102/837/2296 1112/833/2288
f 1099/832/2297 1096/827/2298 1110/828/2299
f 1113/833/2300 1099/832/2301 1110/828/2302
f 1106/834/2303 1113/833/2304 1110/828/2305
f 1103/831/2306 1106/834/2307 1110/828/2305
f 1095/835/2308 1099/832/2309 1113/833/2310
f 1109/836/2311 1095/835/2308 1113/833/2312
f 1106/834/2313 1102/837/2314 1109/836/2315
f 1113/833/2316 1106/834/2317 1109/836/2315
f 1110/828/2318 1096/827/2319 1100/826/2320
f 1114/829/2321 1110/828/2318 1100/826/2322
f 1107/830/2323 1103/831/2324 1110/828/2325
f 1114/829/2326 1107/830/2327 1110/828/2328
f 1135/838/2329 1119/839/2330 1116/840/2331
f 1132/841/2332 1135/838/2329 1116/840/2331
f 1124/842/2333 1128/843/2334 1135/838/2329
f 1132/841/2335 1124/842/2336 1135/838/2329
f 1131/844/2337 1115/845/2338 1119/839/2339
f 1135/838/2340 1131/844/2341 1119/839/2342
f 1128/843/2343 1123/846/2344 1131/844/2345
f 1135/838/2346 1128/843/2347 1131/844/2348
f 1120/847/2349 1115/845/2350 1131/844/2351
f 1136/848/2352 1120/847/2353 1131/844/2354
f 1127/849/2355 1136/848/2356 1131/844/2357
f 1123/846/2358 1127/849/2355 1131/844/2359
f 1118/850/2360 1120/847/2361 1136/848/2362
f 1134/851/2363 1118/850/2364 1136/848/2365
f 1127/849/2366 1126/852/2367 1134/851/2368
f 1136/848/2369 1127/849/2370 1134/851/2368
f 1138/848/2371 1122/847/2372 1118/850/2373
f 1134/851/2374 1138/848/2371 1118/850/2375
f 1126/852/2376 1130/849/2377 1138/848/2371
f 1134/851/2378 1126/852/2376 1138/848/2379
f 1133/844/2380 1117/845/2381 1122/847/2382
f 1138/848/2383 1133/844/2380 1122/847/2384
f 1130/849/2385 1125/846/2386 1133/844/2387
f 1138/848/2388 1130/849/2389 1133/844/2390
f 1121/839/2391 1117/845/2392 1133/844/2393
f 1137/838/2394 1121/839/2395 1133/844/2396
f 1129/843/2397 1137/838/2398 1133/844/2399
f 1125/846/2400 1129/843/2401 1133/844/2402
f 1116/840/2403 1121/839/2404 1137/838/2405
f 1132/841/2335 1116/840/2403 1137/838/2405
f 1124/842/2406 1132/841/2335 1137/838/2407
f 1129/843/2408 1124/842/2409 1137/838/2405
l 855 856
l 854 856
l 813 816
l 815 816
l 814 815
o item_back
v 0.000000 70.710701 -0.000005
v 70.710701 0.000000 0.000000
v -70.710701 0.000000 0.000000
v 0.000000 -70.710602 0.000005
v 0.000000 55.656200 3.999996
v 55.656200 0.000000 4.000000
v -55.656101 0.000000 4.000000
v 0.000000 -55.656101 4.000004
v 0.000000 70.710701 -0.000005
v 70.710701 0.000000 0.000000
v -70.710701 0.000000 0.000000
v 0.000000 -70.710602 0.000005
v 0.000000 55.656200 -4.000004
v 55.656200 -0.000000 -4.000000
v -55.656101 -0.000000 -4.000000
v 0.000000 -55.656101 -3.999996
vn 0.2558 0.0853 0.9629
vn -0.0853 0.2559 0.9629
vn 0.0640 0.1919 0.9793
vn 0.1531 -0.0510 0.9869
vn 0.2559 0.0853 0.9629
vn 0.0853 -0.2558 0.9629
vn 0.1532 -0.0511 0.9869
vn -0.0639 -0.1919 0.9793
vn 0.0853 -0.2559 0.9629
vn -0.2558 -0.0853 0.9629
vn -0.0640 -0.1919 0.9793
vn -0.1531 0.0510 0.9869
vn -0.0853 0.2558 0.9629
vn -0.2559 -0.0853 0.9629
vn -0.1532 0.0511 0.9869
vn 0.0639 0.1919 0.9793
vn -0.1531 0.0511 0.9869
vn 0.1531 -0.0511 0.9869
vn 0.0640 0.1919 -0.9793
vn -0.0853 0.2558 -0.9630
vn 0.2559 0.0853 -0.9629
vn 0.1532 -0.0510 -0.9869
vn 0.2558 0.0853 -0.9629
vn 0.1532 -0.0511 -0.9869
vn 0.2558 0.0853 -0.9630
vn 0.0853 -0.2559 -0.9629
vn -0.0639 -0.1919 -0.9793
vn 0.0853 -0.2558 -0.9629
vn -0.0640 -0.1919 -0.9793
vn 0.0853 -0.2558 -0.9630
vn -0.2559 -0.0853 -0.9629
vn -0.1532 0.0510 -0.9869
vn -0.2558 -0.0853 -0.9629
vn -0.1532 0.0511 -0.9869
vn -0.2558 -0.0853 -0.9630
vn -0.0853 0.2559 -0.9629
vn 0.0639 0.1919 -0.9793
vn -0.0853 0.2558 -0.9629
vn 0.1531 -0.0510 -0.9869
vn -0.1531 0.0510 -0.9869
vt 0.291780 0.675050
vt 0.283050 0.675050
vt 0.285960 0.673600
vt 0.288870 0.673600
vt 0.291780 0.670690
vt 0.288870 0.672140
vt 0.283050 0.670690
vt 0.285960 0.672140
vt 0.125920 0.709470
vt 0.264800 0.569660
vt 0.403700 0.709470
vt 0.264800 0.849250
vt 0.285630 0.666000
vt 0.282440 0.667600
vt 0.292010 0.667600
vt 0.288820 0.666000
vt 0.292010 0.662810
vt 0.288820 0.664410
vt 0.282440 0.662810
vt 0.285630 0.664410
vt 0.125110 0.711360
vt 0.263090 0.572480
vt 0.401060 0.711360
vt 0.263090 0.850220
s 0
f 1140/853/2410 1139/854/2411 1143/855/2412
f 1144/856/2413 1140/853/2414 1143/855/2412
f 1142/857/2415 1140/853/2414 1144/856/2416
f 1146/858/2417 1142/857/2418 1144/856/2416
f 1141/859/2419 1142/857/2418 1146/858/2420
f 1145/860/2421 1141/859/2419 1146/858/2420
f 1139/854/2422 1141/859/2423 1145/860/2424
f 1143/855/2425 1139/854/2411 1145/860/2424
f 1145/861/2426 1146/862/2420 1144/863/2413
f 1143/864/2412 1145/861/2421 1144/863/2427
f 1151/865/2428 1147/866/2429 1148/867/2430
f 1152/868/2431 1151/865/2428 1148/867/2432
f 1152/868/2433 1148/867/2434 1150/869/2435
f 1154/870/2436 1152/868/2433 1150/869/2437
f 1154/870/2438 1150/869/2439 1149/871/2440
f 1153/872/2441 1154/870/2438 1149/871/2442
f 1153/872/2443 1149/871/2444 1147/866/2445
f 1151/865/2446 1153/872/2443 1147/866/2447
f 1152/873/2448 1154/874/2438 1153/875/2449
f 1151/876/2428 1152/873/2448 1153/875/2449
o item_damaged
v 0.000000 70.710701 -0.000005
v 70.710701 0.000000 0.000000
v -70.710701 0.000000 0.000000
v 0.000000 -70.710602 0.000005
v 0.000000 55.656200 3.999996
v 55.656200 0.000000 4.000000
v -55.656101 0.000000 4.000000
v 0.000000 -55.656101 4.000004
v 0.000000 70.710701 -0.000005
v 70.710701 0.000000 0.000000
v -70.710701 0.000000 0.000000
v 0.000000 -70.710602 0.000005
v 0.000000 55.656200 -4.000004
v 55.656200 -0.000000 -4.000000
v -55.656101 -0.000000 -4.000000
v 0.000000 -55.656101 -3.999996
vn 0.2558 0.0853 0.9629
vn -0.0853 0.2559 0.9629
vn 0.0640 0.1919 0.9793
vn 0.1531 -0.0510 0.9869
vn 0.2559 0.0853 0.9629
vn 0.0853 -0.2558 0.9629
vn 0.1532 -0.0511 0.9869
vn -0.0639 -0.1919 0.9793
vn 0.0853 -0.2559 0.9629
vn -0.2558 -0.0853 0.9629
vn -0.0640 -0.1919 0.9793
vn -0.1531 0.0510 0.9869
vn -0.0853 0.2558 0.9629
vn -0.2559 -0.0853 0.9629
vn -0.1532 0.0511 0.9869
vn 0.0639 0.1919 0.9793
vn -0.1531 0.0511 0.9869
vn 0.1531 -0.0511 0.9869
vn 0.0640 0.1919 -0.9793
vn -0.0853 0.2558 -0.9630
vn 0.2559 0.0853 -0.9629
vn 0.1532 -0.0510 -0.9869
vn 0.2558 0.0853 -0.9629
vn 0.1532 -0.0511 -0.9869
vn 0.2558 0.0853 -0.9630
vn 0.0853 -0.2559 -0.9629
vn -0.0639 -0.1919 -0.9793
vn 0.0853 -0.2558 -0.9629
vn -0.0640 -0.1919 -0.9793
vn 0.0853 -0.2558 -0.9630
vn -0.2559 -0.0853 -0.9629
vn -0.1532 0.0510 -0.9869
vn -0.2558 -0.0853 -0.9629
vn -0.1532 0.0511 -0.9869
vn -0.2558 -0.0853 -0.9630
vn -0.0853 0.2559 -0.9629
vn 0.0639 0.1919 -0.9793
vn -0.0853 0.2558 -0.9629
vn 0.1531 -0.0510 -0.9869
vn -0.1531 0.0510 -0.9869
vt 0.291780 0.675050
vt 0.283050 0.675050
vt 0.285960 0.673600
vt 0.288870 0.673600
vt 0.291780 0.670690
vt 0.288870 0.672140
vt 0.283050 0.670690
vt 0.285960 0.672140
vt 0.125920 0.709470
vt 0.264800 0.569660
vt 0.403700 0.709470
vt 0.264800 0.849250
vt 0.285630 0.666000
vt 0.282440 0.667600
vt 0.292010 0.667600
vt 0.288820 0.666000
vt 0.292010 0.662810
vt 0.288820 0.664410
vt 0.282440 0.662810
vt 0.285630 0.664410
vt 0.125110 0.711360
vt 0.263090 0.572480
vt 0.401060 0.711360
vt 0.263090 0.850220
s 0
f 1156/877/2450 1155/878/2451 1159/879/2452
f 1160/880/2453 1156/877/2454 1159/879/2452
f 1158/881/2455 1156/877/2454 1160/880/2456
f 1162/882/2457 1158/881/2458 1160/880/2456
f 1157/883/2459 1158/881/2458 1162/882/2460
f 1161/884/2461 1157/883/2459 1162/882/2460
f 1155/878/2462 1157/883/2463 1161/884/2464
f 1159/879/2465 1155/878/2451 1161/884/2464
f 1161/885/2466 1162/886/2460 1160/887/2453
f 1159/888/2452 1161/885/2461 1160/887/2467
f 1167/889/2468 1163/890/2469 1164/891/2470
f 1168/892/2471 1167/889/2468 1164/891/2472
f 1168/892/2473 1164/891/2474 1166/893/2475
f 1170/894/2476 1168/892/2473 1166/893/2477
f 1170/894/2478 1166/893/2479 1165/895/2480
f 1169/896/2481 1170/894/2478 1165/895/2482
f 1169/896/2483 1165/895/2484 1163/890/2485
f 1167/889/2486 1169/896/2483 1163/890/2487
f 1168/897/2488 1170/898/2478 1169/899/2489
f 1167/900/2468 1168/897/2488 1169/899/2489
o sheath
v -79.103294 -2.155647 3.864992
v -79.043480 -10.292745 -1.732805
v -79.103294 -2.155647 -7.330605
v -79.166031 5.981106 -1.732808
v -150.107254 -2.235704 3.864992
v -150.095566 -10.371309 -1.732805
v -150.107254 -2.235705 -7.330605
v -150.119751 5.899603 -1.732808
v -252.100845 -4.372476 3.864993
v -362.644135 -10.535310 3.864995
v -252.011826 -12.505384 -1.732804
v -361.677856 -18.605740 -1.732802
v -252.100845 -4.372478 -7.330605
v -362.644135 -10.535310 -7.330603
v -252.189758 3.760421 -1.732806
v -363.610626 -2.464976 -1.732805
v -61.650841 -1.962171 -7.330605
v -61.730949 -10.096475 -1.732806
v -61.650841 -1.962170 3.864992
v -61.570686 6.172033 -1.732808
v -61.650764 -1.954165 -1.732807
v -66.251259 -2.023369 3.864992
v -79.058105 -8.258643 2.465493
v -96.297585 -2.168981 3.864992
v -79.150085 3.947056 2.465491
v -66.133110 -10.160460 -1.732806
v -79.058105 -8.258644 -5.931105
v -96.273155 -10.305742 -1.732805
v -66.251259 -2.023370 -7.330605
v -79.150085 3.947056 -5.931107
v -96.297585 -2.168982 -7.330605
v -66.370445 6.112793 -1.732808
v -96.324158 5.967571 -1.732808
v -203.641190 -3.303971 3.864993
v -150.116577 3.865805 2.465491
v -150.098404 -8.337570 2.465493
v -203.639954 -11.438965 -1.732804
v -150.098404 -8.337570 -5.931105
v -203.641190 -3.303972 -7.330605
v -150.116577 3.865805 -5.931107
v -203.641418 4.831526 -1.732807
v -390.310791 -14.390060 3.566195
v -389.182922 -22.006485 -1.732802
v -390.310791 -14.390062 -7.031801
v -391.438629 -6.773507 -1.732804
v -252.167572 1.727242 2.465492
v -252.034088 -10.472104 2.465494
v -304.682770 -6.257674 3.864973
v -361.919281 -16.588221 2.465496
v -363.368805 -4.482515 2.465494
v -252.034088 -10.472104 -5.931103
v -304.062653 -14.363205 -1.732824
v -361.919281 -16.588223 -5.931102
v -252.167572 1.727242 -5.931105
v -304.682770 -6.257676 -7.330623
v -363.368805 -4.482517 -5.931103
v -305.302887 1.847751 -1.732827
v -61.650772 -1.956171 -4.028906
v -61.590752 4.138532 -5.931107
v -61.710907 -8.062873 -5.931105
v -61.710861 -8.056873 -1.732806
v -61.710907 -8.062873 2.465493
v -61.650772 -1.956171 0.563295
v -61.590752 4.138532 2.465491
v -61.590683 4.144528 -1.732808
v -66.340675 4.078801 2.465491
v -96.317307 3.933316 2.465491
v -66.162346 -8.126589 2.465493
v -96.279121 -8.271688 2.465493
v -66.162346 -8.126590 -5.931105
v -96.279121 -8.271688 -5.931205
v -66.340675 4.078801 -5.931107
v -96.317307 3.933316 -5.931207
v -203.641464 2.798047 2.465492
v -203.640335 -9.404916 2.465494
v -203.640335 -9.404917 -5.931103
v -203.641464 2.798046 -5.931105
v -391.156586 -8.677593 2.241395
v -389.464844 -20.102409 2.241397
v -389.464844 -20.102409 -5.707101
v -391.156586 -8.677593 -5.707103
v -305.147827 -0.178551 2.465472
v -304.217743 -12.336905 2.465474
v -304.217743 -12.336905 -5.931123
v -305.147827 -0.178551 -5.931125
v -61.606277 2.561309 -0.539208
v -61.695290 -6.476749 -0.539206
v -61.695290 -6.476749 -2.926406
v -61.606277 2.561309 -2.926408
v -401.566315 -15.496656 3.864995
v -397.463013 -24.051975 -1.732801
v -414.652069 -17.080242 2.826197
v -416.191498 -17.266535 -1.732802
v -410.610901 -16.591167 3.605296
v -389.296478 -14.011854 3.864995
v -400.606934 -21.605469 2.465497
v -390.308990 -23.296362 -1.732802
v -415.806793 -17.219976 1.167098
v -388.416016 -19.938248 2.465497
v -415.084747 -19.799044 0.568998
v -369.391144 -11.603077 3.864995
v -374.083405 -15.498966 3.114395
v -363.642029 -13.754951 3.247297
v -378.138916 -20.839108 -1.732802
v -376.459747 -18.607714 2.465496
v -378.931366 -14.991034 3.353396
v -382.697662 -19.301868 2.465497
v -376.763245 -12.495203 3.864995
v -385.670593 -21.687000 -1.732802
v -369.969208 -13.275593 4.542598
v -376.529785 -14.319025 4.487895
v -382.160980 -20.196106 2.906196
v -384.815460 -23.041475 -1.732802
v -380.728363 -23.103577 -1.732802
v -405.131561 -22.175076 2.368198
v -410.213989 -20.219116 2.938096
v -401.016663 -23.780615 -1.732801
v -414.231140 -19.818026 2.256397
v -415.603027 -19.887957 -1.732802
v -413.133545 -24.912420 -1.732801
v -408.437042 -25.382753 -1.732801
v -413.057739 -22.929346 1.024598
v -414.665985 -22.532238 -1.732802
v -409.351440 -22.978691 1.656199
v -414.439941 -20.106647 0.387699
v -405.681824 -22.116211 1.899398
v -410.319305 -20.508560 2.264898
v -402.571869 -23.405476 -1.732802
v -413.839294 -20.137760 1.762298
v -415.040588 -20.205305 -1.732802
v -399.622253 -6.209608 -1.732804
v -402.091736 -9.335420 2.465495
v -392.494476 -5.236864 -1.732804
v -389.854980 -8.046476 2.465495
v -415.720520 -14.543100 0.568997
v -374.877350 -8.938761 3.114394
v -364.321320 -8.141819 3.247295
v -380.089661 -4.720238 -1.732804
v -377.926392 -6.486708 2.465495
v -379.464264 -10.588501 3.353395
v -384.150146 -7.300475 2.465495
v -387.606079 -5.693353 -1.732804
v -370.351532 -10.116570 4.542596
v -376.971313 -10.668215 4.487895
v -383.842224 -6.303996 2.906194
v -387.098846 -4.173944 -1.732804
v -383.144501 -3.138853 -1.732804
v -406.621613 -9.861538 2.368196
v -411.090820 -12.973421 2.938095
v -403.008606 -7.320773 -1.732804
v -414.896515 -14.321123 2.256396
v -416.245239 -14.580374 -1.732803
v -415.045502 -9.111907 -1.732804
v -410.596954 -7.534890 -1.732804
v -414.499146 -11.019658 1.024596
v -415.965851 -11.788860 -1.732803
v -410.911438 -10.087663 1.656196
v -415.168030 -14.090546 0.387698
v -407.142120 -10.049928 1.899397
v -411.262024 -12.717392 2.264897
v -404.429291 -8.056033 -1.732804
v -414.592041 -13.917025 1.762297
v -415.774841 -14.138134 -1.732803
v -401.566315 -15.496656 -7.330601
v -414.652069 -17.080242 -6.291802
v -410.610901 -16.591167 -7.070902
v -389.296478 -14.011856 -7.330601
v -400.606934 -21.605469 -5.931101
v -415.806793 -17.219976 -4.632701
v -388.416016 -19.938248 -5.931101
v -415.084747 -19.799044 -4.034602
v -369.391144 -11.603077 -7.330603
v -374.083405 -15.498966 -6.580001
v -363.642029 -13.754951 -6.712902
v -376.459747 -18.607716 -5.931102
v -378.931366 -14.991035 -6.819001
v -382.697662 -19.301868 -5.931101
v -376.763245 -12.495205 -7.330601
v -369.969208 -13.275593 -8.008202
v -376.529785 -14.319025 -7.953501
v -382.160980 -20.196106 -6.371801
v -405.131561 -22.175076 -5.833801
v -410.213989 -20.219116 -6.403700
v -414.231140 -19.818026 -5.722002
v -413.057739 -22.929346 -4.490201
v -409.351440 -22.978691 -5.121801
v -414.439941 -20.106647 -3.853302
v -405.681824 -22.116211 -5.365001
v -410.319305 -20.508560 -5.730502
v -413.839294 -20.137760 -5.227902
v -402.091736 -9.335420 -5.931103
v -389.854980 -8.046476 -5.931103
v -415.720520 -14.543100 -4.034603
v -374.877350 -8.938763 -6.580002
v -364.321320 -8.141821 -6.712903
v -377.926392 -6.486709 -5.931103
v -379.464264 -10.588501 -6.819003
v -384.150146 -7.300475 -5.931103
v -370.351532 -10.116570 -8.008203
v -376.971313 -10.668217 -7.953503
v -383.842224 -6.303997 -6.371803
v -406.621613 -9.861538 -5.833803
v -411.090820 -12.973421 -6.403701
v -414.896515 -14.321123 -5.722003
v -414.499146 -11.019658 -4.490203
v -410.911438 -10.087663 -5.121803
v -415.168030 -14.090546 -3.853303
v -407.142120 -10.049928 -5.365003
v -411.262024 -12.717392 -5.730503
v -414.592041 -13.917025 -5.227903
v -64.926613 6.727604 0.993993
v -65.021347 4.184613 -1.704208
v -67.762115 6.503710 -1.293708
v -67.436836 6.976540 -0.437608
v -66.858810 6.974438 -0.155908
v -61.650841 -1.962171 -7.330605
v -61.730949 -10.096475 -1.732806
v -61.650841 -1.962170 3.864992
v -61.590752 4.138532 -5.931107
v -61.710907 -8.062873 -5.931105
v -61.710907 -8.062873 2.465493
v -61.590752 4.138532 2.465491
v -62.995415 -1.980034 -7.330605
v -63.042923 -10.115260 -1.732806
v -62.995415 -1.980033 3.864992
v -62.959747 4.121305 -5.931107
v -63.031090 -8.081478 -5.931105
v -63.031090 -8.081477 2.465493
v -62.959747 4.121305 2.465491
v -62.321381 -1.971068 -7.616906
v -62.378487 -10.521719 -1.732805
v -62.321381 -1.971067 4.151293
v -62.278763 4.441820 -6.145808
v -62.364189 -8.384055 -6.145806
v -62.364189 -8.384055 2.680194
v -62.278763 4.441820 2.680192
v -70.002701 -2.062234 3.864992
v -69.875809 -10.199179 -1.732805
v -70.002701 -2.062235 -7.330605
v -70.098297 6.074295 -1.732808
v -69.931091 -8.164731 2.465493
v -70.043030 4.039959 2.465491
v -69.931091 -8.164731 -5.931105
v -70.043030 4.039959 -5.931107
v -67.808426 -2.057841 3.864992
v -67.729431 -10.193711 -1.732805
v -67.808426 -2.057842 -7.330605
v -68.012810 6.079062 -1.732808
v -67.946030 4.044712 2.465491
v -67.796326 -8.159252 2.465493
v -67.796326 -8.159253 -5.931105
v -67.946030 4.044712 -5.931107
v -68.777611 -2.061492 4.210293
v -68.752861 -10.698662 -1.732805
v -68.777611 -2.061493 -7.675906
v -68.990677 6.577414 -1.732808
v -68.759102 -8.539393 2.724395
v -68.921715 4.417627 2.724393
v -68.759102 -8.539394 -6.190006
v -68.921715 4.417627 -6.190008
vn -0.0034 0.6229 0.7823
vn -0.0000 0.0004 1.0000
vn 0.0001 0.0004 1.0000
vn -0.0071 0.6229 0.7823
vn -0.0000 -0.0003 1.0000
vn 0.0034 -0.6229 0.7823
vn 0.0076 -0.6229 0.7823
vn 0.0001 -0.0002 1.0000
vn 0.0033 -0.6229 0.7823
vn 0.0006 -0.6229 0.7823
vn 0.0035 -0.6229 0.7823
vn -0.0000 -0.0002 1.0000
vn -0.0007 0.6229 0.7823
vn -0.0000 0.0002 1.0000
vn -0.0035 0.6229 0.7823
vn 0.0054 -1.0000 -0.0000
vn 0.0124 -0.9999 -0.0000
vn 0.0076 -0.6229 0.7822
vn 0.0034 -0.6230 0.7823
vn 0.0123 -0.9999 -0.0000
vn 0.0034 -0.6229 -0.7823
vn 0.0076 -0.6229 -0.7822
vn 0.0034 -0.6230 -0.7823
vn 0.0055 -1.0000 -0.0000
vn 0.0010 -1.0000 -0.0000
vn 0.0006 -0.5455 -0.8381
vn 0.0034 -0.6230 -0.7822
vn 0.0012 -1.0000 -0.0000
vn 0.0006 -0.6230 0.7822
vn -0.0000 -0.0003 -1.0000
vn 0.0076 -0.6229 -0.7823
vn 0.0001 -0.0002 -1.0000
vn 0.0001 0.0004 -1.0000
vn -0.0000 0.0004 -1.0000
vn -0.0034 0.6229 -0.7823
vn -0.0072 0.6229 -0.7823
vn -0.0001 0.0330 -0.9995
vn -0.0006 0.6229 -0.7823
vn -0.0000 0.0330 -0.9995
vn -0.0000 0.0325 -0.9995
vn 0.0035 -0.6228 -0.7823
vn 0.0005 -0.5452 -0.8383
vn -0.0001 0.0325 -0.9995
vn -0.0035 0.6229 -0.7823
vn -0.0055 1.0000 -0.0000
vn -0.0113 0.9999 -0.0000
vn -0.0071 0.6230 -0.7822
vn -0.0036 0.6230 -0.7822
vn -0.0114 0.9999 -0.0000
vn -0.0036 0.6229 0.7823
vn -0.0071 0.6230 0.7822
vn -0.0035 0.6230 0.7822
vn -0.0034 0.6230 0.7823
vn -0.0010 1.0000 -0.0000
vn -0.0006 0.6230 0.7823
vn -0.0034 0.6230 0.7822
vn -0.0013 1.0000 -0.0000
vn -0.0034 0.6230 -0.7823
vn -0.0005 0.6230 -0.7823
vn -0.0011 1.0000 -0.0000
vn -0.0034 0.6230 -0.7822
vn 0.0065 -0.6229 0.7823
vn 0.0131 -0.6229 0.7822
vn 0.0066 -0.6229 0.7823
vn -0.0000 0.0003 1.0000
vn -0.0066 0.6230 0.7822
vn -0.0131 0.6229 0.7822
vn -0.0066 0.6229 0.7823
vn -0.0066 0.6229 0.7822
vn -0.0006 0.6229 0.7823
vn 0.0066 -0.6230 0.7822
vn 0.0066 -0.6229 0.7822
vn 0.0075 -0.6751 -0.7377
vn 0.0105 -0.9999 -0.0000
vn 0.0210 -0.9998 -0.0000
vn 0.0130 -0.6229 -0.7822
vn 0.0065 -0.6230 0.7822
vn 0.0130 -0.6229 0.7822
vn 0.0067 -0.6230 0.7822
vn 0.0009 -1.0000 -0.0000
vn 0.0005 -0.5455 -0.8381
vn 0.0075 -0.6752 -0.7376
vn -0.0066 0.6230 -0.7822
vn 0.0001 -0.0455 -0.9990
vn -0.0000 0.0003 -1.0000
vn -0.0131 0.6229 -0.7822
vn -0.0067 0.6229 -0.7823
vn -0.0000 0.0002 -1.0000
vn -0.0000 -0.0002 -1.0000
vn 0.0001 -0.0461 -0.9989
vn 0.0075 -0.6750 -0.7378
vn 0.0131 -0.6229 -0.7822
vn 0.0006 -0.5452 -0.8383
vn -0.0066 0.6229 -0.7822
vn -0.0106 0.9999 -0.0000
vn -0.0210 0.9998 -0.0000
vn -0.0131 0.6230 0.7821
vn -0.0131 0.6230 -0.7821
vn -0.0105 0.9999 -0.0000
vn -0.0007 0.6230 -0.7823
vn -0.0005 0.6230 0.7823
vn -0.0182 0.6229 0.7821
vn -0.0341 0.6222 0.7821
vn -0.0181 0.6229 0.7821
vn -0.0180 0.6229 0.7821
vn 0.0180 -0.6229 0.7821
vn 0.0339 -0.6222 0.7821
vn -0.0763 0.6707 0.7378
vn -0.0127 0.0449 0.9989
vn -0.0342 0.6222 0.7821
vn -0.0763 0.6706 0.7378
vn -0.0127 0.0443 0.9989
vn 0.0593 -0.6203 0.7821
vn 0.0341 -0.6222 0.7821
vn 0.0592 -0.6203 0.7821
vn 0.0591 -0.6203 0.7821
vn -0.0126 0.0443 0.9989
vn -0.0001 -0.0773 0.9970
vn 0.0726 -0.6189 0.7821
vn -0.0803 0.4851 0.8708
vn -0.0000 -0.0768 0.9970
vn -0.0127 0.0448 0.9989
vn -0.0804 0.4851 0.8707
vn 0.0545 -0.9985 -0.0000
vn 0.0289 -0.9996 -0.0000
vn 0.0546 -0.9985 -0.0000
vn 0.0288 -0.9996 -0.0000
vn 0.0131 -0.6230 0.7821
vn 0.0181 -0.6229 0.7821
vn 0.0180 -0.6229 -0.7821
vn 0.0131 -0.6230 -0.7821
vn 0.0340 -0.6222 -0.7821
vn 0.0179 -0.6229 -0.7821
vn 0.0591 -0.6204 0.7821
vn 0.0981 -0.9952 -0.0000
vn 0.0341 -0.6224 0.7820
vn 0.0593 -0.6204 0.7821
vn 0.0593 -0.6204 -0.7821
vn 0.0341 -0.6224 -0.7820
vn 0.0592 -0.6204 -0.7821
vn 0.0591 -0.6204 -0.7821
vn 0.1228 -0.9924 -0.0000
vn 0.0727 -0.6189 -0.7821
vn 0.1227 -0.9924 -0.0000
vn 0.0980 -0.9952 -0.0000
vn 0.0592 -0.6204 0.7821
vn 0.0179 -0.6228 -0.7821
vn 0.0341 -0.6222 -0.7821
vn -0.0180 0.6229 -0.7821
vn -0.0181 0.6229 -0.7821
vn -0.0341 0.6222 -0.7821
vn 0.0593 -0.6203 -0.7821
vn -0.0053 -0.0009 -1.0000
vn 0.0592 -0.6203 -0.7821
vn -0.0053 -0.0003 -1.0000
vn -0.0726 0.6187 -0.7823
vn -0.0342 0.6222 -0.7821
vn -0.0725 0.6186 -0.7823
vn -0.0726 0.6186 -0.7823
vn -0.0054 -0.0003 -1.0000
vn -0.0106 -0.0011 -0.9999
vn -0.0992 0.6151 -0.7822
vn -0.0105 -0.0017 -0.9999
vn 0.0591 -0.6203 -0.7821
vn -0.0548 0.9985 -0.0000
vn -0.0290 0.9996 -0.0000
vn -0.0342 0.6223 -0.7820
vn -0.0211 0.9998 -0.0000
vn -0.0209 0.9998 -0.0000
vn -0.0549 0.9985 -0.0000
vn -0.0342 0.6223 0.7820
vn -0.0726 0.6188 -0.7822
vn -0.1134 0.9935 -0.0000
vn -0.0550 0.9985 -0.0000
vn -0.0763 0.6709 0.7376
vn -0.0764 0.6709 0.7376
vn -0.1136 0.9935 -0.0000
vn -0.1531 0.9882 -0.0000
vn -0.0804 0.4853 0.8706
vn -0.1529 0.9882 -0.0000
vn -0.0727 0.6187 -0.7822
vn 1.0000 -0.0098 -0.0000
vn 1.0000 -0.0099 -0.0000
vn -0.0078 0.6230 -0.7822
vn 0.0001 0.0002 -1.0000
vn -0.0071 0.6229 -0.7823
vn -0.0079 0.6229 -0.7822
vn 0.0089 -0.6229 -0.7823
vn 0.0077 -0.6229 -0.7823
vn 0.0089 -0.6229 -0.7822
vn 0.0089 -0.6230 -0.7822
vn 0.0146 -0.9999 -0.0000
vn 0.0076 -0.6230 -0.7822
vn 0.0088 -0.6230 -0.7822
vn 0.0089 -0.6230 0.7822
vn 0.0077 -0.6230 0.7822
vn 0.0089 -0.6229 0.7823
vn 0.0077 -0.6229 0.7823
vn 0.0089 -0.6229 0.7822
vn -0.0079 0.6229 0.7822
vn -0.0078 0.6229 0.7822
vn -0.0078 0.6230 0.7822
vn -0.0123 0.9999 -0.0000
vn 0.0326 -0.5417 0.8400
vn -0.0142 -0.0020 0.9999
vn -0.0846 -0.0105 0.9964
vn 0.0007 -0.0002 1.0000
vn -0.0141 -0.0019 0.9999
vn 0.0326 -0.5417 0.8399
vn 0.1018 -0.6175 0.7799
vn 0.0008 -0.0002 1.0000
vn -0.6860 -0.0832 0.7229
vn -0.9421 -0.1142 0.3154
vn -0.6636 -0.6889 0.2917
vn -0.1216 -0.0150 0.9925
vn -0.1817 -0.0441 0.9824
vn 0.0007 -0.0001 1.0000
vn -0.4410 0.0100 0.8975
vn -0.1818 -0.0441 0.9823
vn 0.1017 -0.6176 0.7799
vn 0.1810 -0.2079 0.9613
vn 0.1320 0.0162 0.9911
vn 0.0717 -0.0734 0.9947
vn 0.1661 -0.5842 0.7944
vn 0.1810 -0.2078 0.9613
vn 0.0716 -0.0734 0.9947
vn 0.1662 -0.5842 0.7944
vn 0.0714 -0.0734 0.9947
vn 0.1942 -0.5002 0.8438
vn 0.1319 0.0162 0.9911
vn -0.1216 -0.0145 0.9925
vn 0.0716 -0.0736 0.9947
vn -0.1217 -0.0147 0.9925
vn -0.1821 -0.0438 0.9823
vn -0.3630 0.2434 0.8994
vn 0.0715 -0.0734 0.9947
vn -0.3624 0.2435 0.8996
vn -0.4410 0.0102 0.8975
vn -0.3630 0.2434 0.8995
vn 0.4769 -0.8790 0.0002
vn 0.2664 -0.6054 0.7500
vn 0.0772 -0.7303 0.6788
vn -0.4409 0.0102 0.8975
vn -0.6207 0.0138 0.7839
vn -0.3629 0.2432 0.8995
vn 0.1942 -0.4999 0.8440
vn 0.0770 -0.7299 0.6792
vn 0.2663 -0.6052 0.7503
vn 0.1664 -0.5838 0.7947
vn 0.1945 -0.4998 0.8440
vn 0.2664 -0.6052 0.7502
vn 0.4769 -0.8790 -0.0002
vn 0.0770 -0.7300 0.6790
vn 0.2796 -0.7723 0.5704
vn 0.0768 -0.7303 0.6788
vn -0.3637 -0.6868 0.6293
vn 0.2791 -0.7725 0.5704
vn -0.6211 0.0135 0.7836
vn -0.7181 -0.2850 0.6349
vn -0.3640 -0.6865 0.6294
vn 0.0773 -0.7301 0.6789
vn -0.7179 -0.2855 0.6349
vn 0.0326 -0.5419 0.8398
vn -0.0721 -0.9974 -0.0000
vn 0.0516 -0.9987 -0.0000
vn -0.4260 -0.5632 0.7081
vn -0.6861 -0.0830 0.7228
vn -0.0848 -0.0105 0.9963
vn -0.6859 -0.0829 0.7230
vn -0.4262 -0.5631 0.7080
vn -0.1955 -0.7350 0.6493
vn -0.8636 -0.5042 0.0002
vn -0.6636 -0.6889 0.2916
vn -0.9422 -0.1142 0.3150
vn -0.9927 -0.1203 0.0002
vn -0.8636 -0.5041 0.0001
vn -0.9422 -0.1142 0.3149
vn 0.0327 -0.5419 0.8398
vn -0.1233 -0.8050 0.5803
vn -0.9361 -0.3517 0.0001
vn -0.6523 -0.7213 0.2328
vn -0.4855 -0.5463 0.6826
vn -0.7569 -0.5769 0.3073
vn -0.9361 -0.3517 -0.0000
vn -0.4853 -0.5463 0.6827
vn -0.4852 -0.5462 0.6828
vn -0.6525 -0.7213 0.2325
vn 0.0585 -0.8181 0.5722
vn -0.0353 -0.5741 0.8180
vn 0.0584 -0.8181 0.5721
vn -0.1661 -0.5692 0.8053
vn -0.0352 -0.5737 0.8183
vn -0.0747 -0.8416 0.5350
vn 0.0589 -0.8180 0.5722
vn -0.0743 -0.8414 0.5353
vn -0.0350 -0.5741 0.8180
vn -0.7568 -0.5769 0.3073
vn -0.4062 -0.7828 0.4714
vn -0.0353 -0.5737 0.8183
vn -0.4065 -0.7828 0.4712
vn -0.4852 -0.5463 0.6827
vn -0.1661 -0.5691 0.8053
vn -0.7567 -0.5772 0.3071
vn -0.6883 -0.7254 -0.0001
vn -0.9362 -0.3516 0.0003
vn 0.0589 -0.8181 0.5720
vn -0.1369 -0.9845 0.1099
vn -0.0743 -0.8414 0.5352
vn 0.2178 -0.9760 -0.0000
vn 0.0995 -0.8938 0.4373
vn 0.1018 -0.6176 0.7799
vn 0.1834 -0.8063 0.5623
vn 0.1019 -0.6177 0.7797
vn -0.0142 -0.0014 0.9999
vn -0.1002 0.5757 0.8115
vn -0.0847 -0.0100 0.9964
vn -0.0141 -0.0014 0.9999
vn 0.0007 0.0004 1.0000
vn -0.0368 0.5838 0.8110
vn -0.2505 0.9456 0.2073
vn -0.1003 0.5761 0.8112
vn -0.0396 0.8306 0.5555
vn -0.1002 0.5761 0.8112
vn -0.0368 0.5843 0.8107
vn -0.9421 -0.1138 0.3153
vn -0.6861 -0.0828 0.7228
vn -0.8088 0.5107 0.2917
vn -0.1215 -0.0145 0.9925
vn -0.1870 -0.0005 0.9824
vn -0.0367 0.5838 0.8110
vn -0.1869 -0.0005 0.9824
vn -0.4259 -0.1148 0.8975
vn -0.0368 0.5839 0.8110
vn 0.1320 0.0157 0.9911
vn 0.1262 0.2450 0.9613
vn 0.0521 0.0884 0.9947
vn 0.0220 0.6069 0.7944
vn 0.0521 0.0883 0.9947
vn 0.0692 0.5320 0.8439
vn 0.1319 0.0157 0.9911
vn 0.0520 0.0886 0.9947
vn -0.1873 -0.0010 0.9823
vn -0.2945 -0.3229 0.8995
vn -0.1215 -0.0150 0.9925
vn 0.0520 0.0883 0.9947
vn -0.2939 -0.3229 0.8997
vn -0.4258 -0.1151 0.8975
vn 0.1143 0.6515 0.7500
vn 0.2535 0.9673 0.0002
vn -0.0993 0.7276 0.6788
vn -0.5995 -0.1614 0.7839
vn -0.4257 -0.1150 0.8975
vn -0.2943 -0.3228 0.8995
vn -0.0993 0.7273 0.6791
vn 0.0694 0.5317 0.8441
vn 0.1142 0.6512 0.7502
vn 0.0696 0.5318 0.8440
vn 0.0223 0.6066 0.7947
vn 0.1143 0.6513 0.7502
vn -0.0994 0.7275 0.6789
vn 0.2535 0.9673 -0.0002
vn 0.0873 0.8168 0.5703
vn -0.5170 0.5802 0.6294
vn -0.0995 0.7276 0.6788
vn 0.0867 0.8168 0.5703
vn -0.5999 -0.1612 0.7837
vn -0.7654 0.1054 0.6349
vn -0.0991 0.7275 0.6789
vn -0.5173 0.5799 0.6294
vn -0.7653 0.1060 0.6349
vn -0.3079 0.9514 -0.0000
vn -0.1002 0.5759 0.8114
vn -0.2507 0.9456 0.2073
vn -0.5480 0.4453 0.7080
vn -0.6860 -0.0830 0.7228
vn -0.6859 -0.0830 0.7230
vn -0.0848 -0.0100 0.9963
vn -0.5483 0.4451 0.7080
vn -0.5483 0.4452 0.7080
vn -0.3189 0.6179 0.7187
vn -0.9589 0.2836 0.0002
vn -0.9423 -0.1137 0.3150
vn -0.9589 0.2836 0.0001
vn -0.9928 -0.1200 0.0002
vn -0.9423 -0.1139 0.3149
vn -0.1002 0.5758 0.8114
vn -0.3078 0.9515 -0.0000
vn -0.3117 0.7523 0.5804
vn -0.8056 0.5448 0.2328
vn -0.9930 0.1183 -0.0000
vn -0.6018 0.4147 0.6826
vn -0.9930 0.1181 -0.0000
vn -0.8726 0.3796 0.3073
vn -0.6016 0.4147 0.6827
vn -0.8056 0.5449 0.2324
vn -0.6016 0.4148 0.6827
vn -0.1384 0.8084 0.5721
vn -0.6015 0.4148 0.6827
vn -0.1712 0.5492 0.8180
vn -0.1710 0.5488 0.8183
vn -0.2969 0.5132 0.8053
vn -0.2732 0.7994 0.5350
vn -0.2729 0.7993 0.5354
vn -0.1381 0.8085 0.5721
vn -0.1710 0.5492 0.8180
vn -0.5812 0.6632 0.4715
vn -0.1711 0.5487 0.8183
vn -0.2970 0.5131 0.8053
vn -0.5816 0.6631 0.4712
vn -0.8416 0.5402 -0.0002
vn -0.8726 0.3798 0.3072
vn -0.9930 0.1181 0.0002
vn -0.3677 0.9234 0.1098
vn -0.1380 0.8085 0.5720
vn -0.2729 0.7994 0.5353
vn -0.1166 0.8917 0.4373
vn -0.0213 0.9998 -0.0000
vn -0.0367 0.5840 0.8109
vn -0.0393 0.8306 0.5555
vn -0.0367 0.5843 0.8107
vn -0.0142 -0.0020 -0.9999
vn 0.0326 -0.5417 -0.8400
vn -0.0846 -0.0105 -0.9964
vn -0.0140 -0.0019 -0.9999
vn 0.0007 -0.0002 -1.0000
vn 0.0326 -0.5417 -0.8399
vn 0.0007 -0.0001 -1.0000
vn 0.1018 -0.6175 -0.7799
vn -0.9421 -0.1142 -0.3154
vn -0.6860 -0.0832 -0.7229
vn -0.6636 -0.6889 -0.2917
vn 0.0008 -0.0002 -1.0000
vn -0.1216 -0.0150 -0.9925
vn -0.1817 -0.0441 -0.9824
vn -0.4409 0.0100 -0.8975
vn 0.1018 -0.6176 -0.7799
vn 0.1319 0.0162 -0.9911
vn 0.1810 -0.2079 -0.9613
vn 0.0717 -0.0734 -0.9947
vn 0.1810 -0.2078 -0.9613
vn 0.1661 -0.5842 -0.7944
vn 0.0716 -0.0734 -0.9947
vn 0.1661 -0.5841 -0.7945
vn 0.1942 -0.5002 -0.8438
vn -0.1217 -0.0145 -0.9925
vn 0.1318 0.0162 -0.9911
vn 0.0717 -0.0736 -0.9947
vn -0.1821 -0.0438 -0.9823
vn -0.1217 -0.0147 -0.9925
vn -0.3630 0.2434 -0.8994
vn -0.1216 -0.0144 -0.9925
vn -0.3625 0.2435 -0.8996
vn -0.4410 0.0102 -0.8975
vn -0.1822 -0.0437 -0.9823
vn -0.3630 0.2434 -0.8995
vn 0.2664 -0.6054 -0.7500
vn 0.0771 -0.7303 -0.6787
vn -0.6207 0.0138 -0.7839
vn -0.4409 0.0102 -0.8975
vn -0.3629 0.2433 -0.8995
vn 0.0771 -0.7299 -0.6792
vn 0.1942 -0.4997 -0.8441
vn 0.2663 -0.6051 -0.7503
vn 0.1945 -0.4998 -0.8440
vn 0.1664 -0.5838 -0.7947
vn 0.2664 -0.6051 -0.7502
vn 0.0770 -0.7302 -0.6789
vn 0.2796 -0.7723 -0.5704
vn -0.3637 -0.6868 -0.6294
vn 0.0770 -0.7303 -0.6787
vn 0.2791 -0.7725 -0.5704
vn -0.4410 0.0100 -0.8975
vn -0.6211 0.0135 -0.7836
vn -0.7181 -0.2850 -0.6349
vn 0.0773 -0.7301 -0.6790
vn -0.3640 -0.6865 -0.6294
vn -0.7179 -0.2855 -0.6349
vn -0.0720 -0.9974 -0.0000
vn 0.0327 -0.5419 -0.8398
vn -0.4260 -0.5633 -0.7080
vn -0.6861 -0.0831 -0.7228
vn -0.6859 -0.0830 -0.7229
vn -0.0848 -0.0105 -0.9963
vn -0.4262 -0.5631 -0.7080
vn -0.1624 -0.6761 -0.7187
vn -0.6635 -0.6889 -0.2917
vn -0.8636 -0.5042 -0.0002
vn -0.9422 -0.1142 -0.3150
vn -0.8636 -0.5041 -0.0001
vn -0.9927 -0.1203 -0.0002
vn -0.9422 -0.1141 -0.3149
vn -0.1233 -0.8050 -0.5803
vn -0.6521 -0.7215 0.2329
vn -0.4855 -0.5462 -0.6826
vn -0.7569 -0.5768 -0.3073
vn -0.4853 -0.5463 -0.6827
vn -0.0809 -0.8081 -0.5834
vn -0.4852 -0.5462 -0.6828
vn 0.0585 -0.8181 -0.5722
vn -0.4853 -0.5462 -0.6827
vn -0.0353 -0.5741 -0.8180
vn 0.0584 -0.8181 -0.5721
vn -0.0352 -0.5737 -0.8183
vn -0.1660 -0.5692 -0.8052
vn -0.0747 -0.8415 -0.5350
vn -0.0744 -0.8414 -0.5353
vn 0.0589 -0.8180 -0.5722
vn -0.0351 -0.5741 -0.8180
vn -0.7568 -0.5769 -0.3073
vn -0.4062 -0.7828 -0.4714
vn -0.0353 -0.5737 -0.8183
vn -0.4852 -0.5463 -0.6827
vn -0.1661 -0.5692 -0.8053
vn -0.4066 -0.7827 -0.4712
vn -0.1661 -0.5691 -0.8053
vn -0.6884 -0.7254 0.0003
vn -0.7567 -0.5771 -0.3072
vn -0.9362 -0.3516 -0.0003
vn 0.2727 -0.8090 -0.5207
vn 0.0589 -0.8181 -0.5720
vn -0.0743 -0.8415 -0.5352
vn 0.0995 -0.8938 -0.4373
vn 0.1834 -0.8063 -0.5623
vn 0.1020 -0.6177 -0.7797
vn -0.1002 0.5757 -0.8115
vn -0.0142 -0.0014 -0.9999
vn -0.0847 -0.0100 -0.9964
vn 0.0007 0.0004 -1.0000
vn -0.0141 -0.0014 -0.9999
vn -0.0367 0.5838 -0.8110
vn -0.1003 0.5761 -0.8112
vn -0.1130 0.8276 -0.5498
vn -0.0396 0.8306 -0.5555
vn -0.0368 0.5843 -0.8107
vn -0.1002 0.5761 -0.8112
vn -0.6860 -0.0828 -0.7228
vn -0.9421 -0.1137 -0.3153
vn -0.8088 0.5106 -0.2916
vn -0.1216 -0.0145 -0.9925
vn -0.1870 -0.0005 -0.9824
vn -0.4259 -0.1148 -0.8975
vn -0.0368 0.5839 -0.8110
vn 0.1262 0.2450 -0.9613
vn 0.1321 0.0158 -0.9911
vn 0.0521 0.0884 -0.9947
vn 0.0220 0.6069 -0.7944
vn 0.1263 0.2450 -0.9613
vn 0.0520 0.0883 -0.9947
vn 0.0220 0.6070 -0.7944
vn 0.0519 0.0883 -0.9947
vn 0.0693 0.5321 -0.8439
vn 0.1319 0.0157 -0.9911
vn -0.1215 -0.0149 -0.9925
vn 0.0520 0.0886 -0.9947
vn -0.1873 -0.0010 -0.9823
vn -0.2945 -0.3229 -0.8995
vn -0.2939 -0.3228 -0.8997
vn -0.1873 -0.0009 -0.9823
vn -0.4259 -0.1151 -0.8974
vn -0.2944 -0.3229 -0.8995
vn 0.2534 0.9674 -0.0002
vn 0.1143 0.6515 -0.7500
vn -0.0993 0.7276 -0.6788
vn -0.4257 -0.1152 -0.8975
vn -0.5995 -0.1614 -0.7839
vn -0.2944 -0.3227 -0.8995
vn 0.0694 0.5319 -0.8440
vn -0.0993 0.7273 -0.6791
vn 0.1142 0.6512 -0.7502
vn 0.0223 0.6067 -0.7947
vn 0.0696 0.5318 -0.8440
vn 0.1143 0.6513 -0.7502
vn 0.2534 0.9674 0.0002
vn -0.0994 0.7274 -0.6790
vn 0.0873 0.8168 -0.5703
vn -0.0995 0.7276 -0.6788
vn -0.5170 0.5803 -0.6293
vn 0.0868 0.8168 -0.5703
vn -0.5999 -0.1612 -0.7837
vn -0.7654 0.1054 -0.6349
vn -0.5173 0.5799 -0.6294
vn -0.0992 0.7275 -0.6789
vn -0.7653 0.1060 -0.6349
vn -0.1004 0.5758 -0.8114
vn -0.2505 0.9457 0.2073
vn -0.8087 0.5107 -0.2917
vn -0.5480 0.4453 -0.7081
vn -0.6861 -0.0829 -0.7228
vn -0.0848 -0.0100 -0.9963
vn -0.6859 -0.0831 -0.7230
vn -0.5483 0.4451 -0.7080
vn -0.5482 0.4452 -0.7080
vn -0.3650 0.6672 -0.6493
vn -0.9589 0.2836 -0.0002
vn -0.8088 0.5107 -0.2917
vn -0.9422 -0.1137 -0.3150
vn -0.9928 -0.1199 -0.0002
vn -0.9589 0.2836 -0.0001
vn -0.9423 -0.1138 -0.3149
vn -0.1002 0.5758 -0.8114
vn -0.3118 0.7523 -0.5804
vn -0.8054 0.5451 0.2329
vn -0.6018 0.4147 -0.6826
vn -0.8726 0.3796 -0.3073
vn -0.6016 0.4147 -0.6827
vn -0.6015 0.4148 -0.6827
vn -0.2714 0.7655 -0.5834
vn -0.1384 0.8084 -0.5721
vn -0.1712 0.5492 -0.8180
vn -0.2971 0.5132 -0.8052
vn -0.1711 0.5487 -0.8183
vn -0.2732 0.7994 -0.5350
vn -0.1379 0.8085 -0.5722
vn -0.2729 0.7993 -0.5354
vn -0.1709 0.5492 -0.8180
vn -0.6016 0.4148 -0.6827
vn -0.5813 0.6632 -0.4715
vn -0.2970 0.5131 -0.8053
vn -0.5816 0.6631 -0.4712
vn -0.2972 0.5131 -0.8052
vn -0.8726 0.3798 -0.3072
vn -0.8416 0.5402 0.0001
vn -0.9930 0.1181 -0.0002
vn -0.1380 0.8085 -0.5720
vn 0.0719 0.8507 -0.5207
vn -0.2729 0.7994 -0.5352
vn -0.1166 0.8917 -0.4373
vn -0.0367 0.5840 -0.8109
vn -0.0393 0.8306 -0.5555
vn -0.0367 0.5843 -0.8107
vn 0.0515 -0.9987 -0.0002
vn 0.1829 -0.8063 0.5625
vn 0.1018 -0.6178 0.7797
vn 0.0326 -0.5421 0.8397
vn 0.1018 -0.6178 -0.7797
vn 0.1829 -0.8063 -0.5625
vn 0.0514 -0.9987 0.0002
vn 0.0327 -0.5421 -0.8397
vn 0.0514 -0.9987 -0.0000
vn -0.1956 -0.7350 0.6492
vn -0.1236 -0.8050 0.5802
vn -0.0846 -0.0106 0.9964
vn -0.1237 -0.8050 0.5802
vn -0.1661 -0.5694 0.8051
vn -0.0749 -0.8415 0.5351
vn -0.1236 -0.8050 0.5803
vn -0.1954 -0.7349 0.6494
vn -0.0747 -0.8415 0.5350
vn -0.6634 -0.6892 0.2915
vn -0.7567 -0.5771 0.3072
vn -0.4064 -0.7828 0.4712
vn -0.6633 -0.6892 0.2916
vn -0.1955 -0.7350 0.6492
vn -0.4261 -0.5631 0.7081
vn -0.1660 -0.5693 0.8052
vn -0.1955 -0.7351 0.6492
vn -0.8635 -0.5043 -0.0000
vn -0.6884 -0.7253 0.0001
vn -0.7567 -0.5772 0.3072
vn -0.6634 -0.6891 0.2917
vn -0.1235 -0.8049 0.5804
vn -0.0746 -0.8414 0.5352
vn -0.1370 -0.9844 0.1102
vn -0.0723 -0.9974 0.0001
vn -0.1369 -0.9844 0.1101
vn -0.3120 0.7523 0.5802
vn -0.3189 0.6180 0.7186
vn -0.0846 -0.0100 0.9964
vn -0.1002 0.5756 0.8115
vn -0.3120 0.7524 0.5802
vn -0.5286 0.8073 0.2625
vn -0.3121 0.7522 0.5803
vn -0.2733 0.7994 0.5350
vn -0.2967 0.5136 0.8051
vn -0.2734 0.7993 0.5351
vn -0.8086 0.5109 0.2917
vn -0.5482 0.4452 0.7080
vn -0.5815 0.6632 0.4712
vn -0.8726 0.3798 0.3070
vn -0.8087 0.5109 0.2915
vn -0.5813 0.6632 0.4715
vn -0.2971 0.5133 0.8051
vn -0.3188 0.6181 0.7186
vn -0.9589 0.2838 -0.0000
vn -0.8087 0.5109 0.2916
vn -0.8725 0.3799 0.3072
vn -0.3119 0.7521 0.5805
vn -0.3081 0.9514 0.0001
vn -0.3678 0.9234 0.1101
vn -0.2731 0.7994 0.5352
vn -0.3119 0.7522 0.5805
vn -0.1236 -0.8050 -0.5802
vn -0.1623 -0.6762 -0.7186
vn -0.1237 -0.8050 -0.5802
vn -0.3208 -0.9101 -0.2623
vn -0.0748 -0.8415 -0.5350
vn -0.1655 -0.5696 -0.8051
vn -0.1623 -0.6763 -0.7185
vn -0.0749 -0.8415 -0.5351
vn -0.6633 -0.6892 -0.2916
vn -0.4066 -0.7828 -0.4712
vn -0.7568 -0.5771 -0.3070
vn -0.6634 -0.6892 -0.2915
vn -0.4064 -0.7828 -0.4712
vn -0.1622 -0.6763 -0.7186
vn -0.1661 -0.5693 -0.8051
vn -0.6884 -0.7253 -0.0001
vn -0.6635 -0.6891 -0.2915
vn -0.7567 -0.5772 -0.3072
vn -0.6634 -0.6891 -0.2916
vn -0.1235 -0.8049 -0.5804
vn -0.0723 -0.9974 -0.0002
vn -0.1368 -0.9845 0.1098
vn -0.0747 -0.8414 -0.5352
vn -0.0846 -0.0100 -0.9964
vn -0.3652 0.6671 -0.6493
vn -0.3120 0.7523 -0.5802
vn -0.1002 0.5756 -0.8115
vn -0.3121 0.7523 -0.5802
vn -0.2971 0.5133 -0.8051
vn -0.2734 0.7993 -0.5351
vn -0.3120 0.7523 -0.5803
vn -0.3651 0.6670 -0.6495
vn -0.2733 0.7994 -0.5350
vn -0.8087 0.5109 -0.2915
vn -0.8725 0.3799 -0.3072
vn -0.5815 0.6632 -0.4712
vn -0.8086 0.5110 -0.2917
vn -0.3651 0.6672 -0.6493
vn -0.5813 0.6632 -0.4714
vn -0.2970 0.5134 -0.8051
vn -0.3651 0.6672 -0.6492
vn -0.8087 0.5109 -0.2916
vn -0.8415 0.5402 -0.0001
vn -0.8416 0.5402 -0.0001
vn -0.3119 0.7522 -0.5805
vn -0.2732 0.7994 -0.5352
vn -0.3677 0.9235 0.1098
vn -0.3081 0.9514 -0.0001
vn -0.4502 -0.6419 0.6208
vn 0.4400 0.4312 -0.7877
vn 0.3927 -0.0031 -0.9197
vn 0.0011 -0.0001 -1.0000
vn -0.0103 0.7311 -0.6822
vn -0.4505 0.4314 -0.7816
vn -0.0100 0.7312 -0.6821
vn 0.0010 -0.0000 -1.0000
vn -0.3910 0.0022 -0.9204
vn 0.0010 -0.0002 -1.0000
vn 0.0011 -0.0002 -1.0000
vn 0.3927 -0.0037 -0.9197
vn 0.4615 -0.4282 -0.7769
vn 0.0132 -0.7306 -0.6826
vn 0.4616 -0.4282 -0.7769
vn -0.4465 -0.4295 -0.7849
vn -0.3910 0.0017 -0.9204
vn 0.0010 -0.0001 -1.0000
vn 0.0135 -0.7306 -0.6826
vn 0.0134 -0.7305 -0.6828
vn 0.4616 -0.4285 -0.7767
vn 0.5469 -0.8372 -0.0002
vn -0.1082 -0.9894 0.0970
vn -0.5166 -0.8452 -0.1373
vn -0.4466 -0.4297 -0.7848
vn -0.1078 -0.9894 0.0971
vn 0.4616 -0.4282 0.7769
vn 0.3927 -0.0037 0.9197
vn 0.0011 -0.0002 1.0000
vn 0.1348 -0.6790 0.7217
vn -0.4694 -0.5396 0.6989
vn 0.1351 -0.6789 0.7217
vn 0.0010 -0.0001 1.0000
vn -0.3909 0.0017 0.9204
vn -0.4693 -0.5396 0.6989
vn 0.5469 -0.8372 0.0002
vn 0.4616 -0.4285 0.7768
vn 0.1348 -0.6789 0.7218
vn -0.1082 -0.9894 0.0968
vn 0.1347 -0.6790 0.7217
vn -0.4694 -0.5401 0.6986
vn -0.5166 -0.8452 -0.1371
vn -0.1079 -0.9894 0.0969
vn 0.1350 -0.6788 0.7218
vn -0.4695 -0.5400 0.6985
vn 0.0011 -0.0001 1.0000
vn 0.3927 -0.0031 0.9197
vn 0.4399 0.4312 0.7877
vn -0.0103 0.7311 0.6822
vn 0.4400 0.4312 0.7877
vn -0.4506 0.4313 0.7817
vn -0.3910 0.0022 0.9204
vn 0.0010 -0.0000 1.0000
vn -0.0099 0.7311 0.6822
vn -0.4505 0.4314 0.7816
vn 0.0310 -0.7331 0.6794
vn -0.3253 -0.4620 0.8251
vn -0.3990 -0.9170 0.0002
vn 0.0206 -0.9998 -0.0000
vn 0.4545 -0.8908 0.0002
vn 0.3913 -0.4432 0.8065
vn 0.0205 -0.9998 -0.0000
vn 0.4545 -0.8907 0.0002
vn 0.0295 0.0004 0.9996
vn -0.2712 -0.0026 0.9625
vn -0.3253 -0.4617 0.8253
vn 0.0311 -0.7333 0.6792
vn 0.0296 0.0003 0.9996
vn -0.3253 -0.4618 0.8252
vn 0.3911 -0.4431 0.8067
vn 0.3355 0.0036 0.9420
vn 0.0300 0.0003 0.9995
vn 0.0309 -0.7332 0.6793
vn 0.3912 -0.4430 0.8067
vn -0.3347 0.4534 0.8261
vn -0.2713 -0.0021 0.9625
vn 0.0297 0.0006 0.9996
vn -0.0693 0.6871 0.7232
vn -0.3348 0.4534 0.8261
vn 0.0296 0.0006 0.9996
vn 0.4068 0.5671 0.7161
vn -0.0696 0.6872 0.7231
vn 0.0300 0.0006 0.9995
vn 0.3356 0.0043 0.9420
vn -0.4120 0.9112 0.0002
vn -0.3348 0.4537 0.8259
vn -0.0694 0.6871 0.7232
vn 0.2506 0.9408 0.2284
vn -0.0693 0.6872 0.7232
vn 0.4069 0.5676 0.7158
vn 0.4493 0.8823 -0.1402
vn 0.2505 0.9407 0.2287
vn -0.0695 0.6871 0.7233
vn 0.4070 0.5675 0.7158
vn 0.0245 0.7336 -0.6791
vn -0.3348 0.4537 -0.8259
vn -0.4120 0.9112 -0.0002
vn -0.3775 0.8310 -0.4085
vn -0.4121 0.9112 -0.0002
vn 0.4493 0.8822 -0.1405
vn 0.3861 0.4529 -0.8036
vn 0.0245 0.7337 -0.6791
vn 0.2501 0.9408 0.2287
vn 0.0245 0.7336 -0.6792
vn 0.0297 0.0006 -0.9996
vn -0.2712 -0.0021 -0.9625
vn -0.3347 0.4534 -0.8260
vn 0.0246 0.7338 -0.6790
vn 0.0296 0.0006 -0.9996
vn -0.3348 0.4534 -0.8261
vn 0.3861 0.4527 -0.8037
vn 0.3356 0.0043 -0.9420
vn 0.0301 0.0006 -0.9995
vn 0.0244 0.7338 -0.6790
vn 0.3861 0.4527 -0.8038
vn 0.0300 0.0006 -0.9995
vn -0.3253 -0.4617 -0.8253
vn -0.2713 -0.0026 -0.9625
vn 0.0297 0.0003 -0.9996
vn 0.0311 -0.7332 -0.6792
vn -0.3253 -0.4618 -0.8252
vn 0.0296 0.0003 -0.9996
vn 0.3912 -0.4430 -0.8067
vn 0.0309 -0.7332 -0.6793
vn 0.0300 0.0003 -0.9996
vn 0.3356 0.0036 -0.9420
vn 0.3912 -0.4430 -0.8066
vn 0.0300 0.0004 -0.9995
vn -0.3990 -0.9170 -0.0002
vn -0.3254 -0.4619 -0.8251
vn 0.0310 -0.7331 -0.6794
vn 0.4545 -0.8907 -0.0002
vn 0.3911 -0.4433 -0.8065
vn 0.4546 -0.8907 -0.0003
vt 0.087949 0.152933
vt 0.088063 0.195463
vt 0.041263 0.195588
vt 0.041149 0.153058
vt 0.088184 0.241063
vt 0.041385 0.241188
vt 0.150672 0.195296
vt 0.150794 0.240896
vt 0.150559 0.152766
vt 0.088225 0.256183
vt 0.041425 0.256308
vt 0.150835 0.256016
vt 0.087904 0.136023
vt 0.041104 0.136148
vt 0.150514 0.135856
vt 0.263434 0.240595
vt 0.263312 0.194995
vt 0.388032 0.194662
vt 0.388153 0.240262
vt 0.263198 0.152465
vt 0.387918 0.152132
vt 0.263474 0.255715
vt 0.388194 0.255382
vt 0.263153 0.135555
vt 0.387873 0.135222
vt 0.680331 0.193882
vt 0.535671 0.194268
vt 0.535557 0.151738
vt 0.680217 0.151352
vt 0.535793 0.239868
vt 0.680452 0.239481
vt 0.795996 0.151043
vt 0.796110 0.193572
vt 0.796232 0.239172
vt 0.897590 0.193301
vt 0.897711 0.238901
vt 0.897476 0.150772
vt 0.680493 0.254601
vt 0.535833 0.254988
vt 0.796272 0.254292
vt 0.897752 0.254021
vt 0.680172 0.134442
vt 0.535512 0.134828
vt 0.795951 0.134133
vt 0.897431 0.133862
vt 0.024643 0.195632
vt 0.024778 0.246152
vt 0.024765 0.241232
vt 0.024529 0.153103
vt 0.024805 0.256352
vt 0.024484 0.136193
vt 0.513982 0.266249
vt 0.514001 0.265669
vt 0.513965 0.267069
vt 0.493151 0.265685
vt 0.502342 0.271840
vt 0.538743 0.266323
vt 0.942743 0.243031
vt 0.942621 0.197441
vt 0.975781 0.197353
vt 0.897601 0.197562
vt 0.897723 0.243151
vt 0.990591 0.197313
vt 0.993881 0.197304
vt 0.994002 0.242894
vt 0.851581 0.197684
vt 0.864096 0.214311
vt 0.882543 0.243192
vt 0.819022 0.209311
vt 0.829360 0.197364
vt 0.845702 0.205280
vt 0.843838 0.211395
vt 0.856299 0.211992
vt 0.856009 0.211963
vt 0.869084 0.254678
vt 0.862936 0.244364
vt 0.875019 0.245452
vt 0.844088 0.211284
vt 0.876732 0.257767
vt 0.884575 0.259057
vt 0.889828 0.256232
vt 0.959363 0.258107
vt 0.941111 0.261136
vt 0.990652 0.220113
vt 0.975842 0.220153
vt 0.993942 0.220104
vt 0.959323 0.242987
vt 0.990753 0.258023
vt 0.990713 0.242903
vt 0.975943 0.258062
vt 0.975903 0.242943
vt 0.899270 0.260877
vt 0.560159 0.276168
vt 0.571877 0.265013
vt 0.558645 0.264128
vt 0.022239 0.153109
vt 0.022353 0.195639
vt 0.024773 0.195632
vt 0.024649 0.153102
vt 0.027029 0.153096
vt 0.027203 0.195626
vt 0.022475 0.241238
vt 0.024905 0.241232
vt 0.027405 0.241225
vt 0.022515 0.256358
vt 0.024945 0.256352
vt 0.027465 0.256345
vt 0.051114 0.241162
vt 0.053144 0.241157
vt 0.053215 0.256276
vt 0.051155 0.256282
vt 0.049115 0.256287
vt 0.049074 0.241167
vt 0.050983 0.195562
vt 0.052953 0.195557
vt 0.048953 0.195568
vt 0.052769 0.153027
vt 0.050859 0.153032
vt 0.048839 0.153038
vt 0.052694 0.136117
vt 0.050804 0.136122
vt 0.048794 0.136128
s 0
usemtl 材质.010
f 1195/901/2490 1171/902/2491 1192/903/2492
f 1236/904/2493 1195/901/2490 1192/903/2491
f 1192/903/2494 1171/902/2494 1193/905/2495
f 1238/906/2496 1192/903/2497 1193/905/2495
f 1193/905/2498 1171/902/2494 1194/907/2494
f 1239/908/2499 1193/905/2500 1194/907/2501
f 1194/907/2491 1171/902/2491 1195/901/2490
f 1237/909/2502 1194/907/2503 1195/901/2504
f 1193/905/2495 1172/910/2505 1196/911/2506
f 1238/906/2507 1193/905/2508 1196/911/2509
f 1196/911/2509 1172/910/2505 1197/905/2510
f 1240/906/2511 1196/911/2506 1197/905/2512
f 1197/905/2510 1172/910/2513 1198/912/2514
f 1241/908/2515 1197/905/2516 1198/912/2517
f 1198/912/2514 1172/910/2513 1193/905/2500
f 1239/908/2518 1198/912/2514 1193/905/2508
f 1197/905/2510 1173/902/2519 1199/903/2519
f 1240/906/2520 1197/905/2510 1199/903/2521
f 1199/903/2522 1173/902/2523 1200/901/2524
f 1242/904/2525 1199/903/2523 1200/901/2524
f 1200/901/2524 1173/902/2523 1201/907/2526
f 1243/909/2527 1200/901/2524 1201/907/2528
f 1201/907/2529 1173/902/2519 1197/905/2530
f 1241/908/2531 1201/907/2532 1197/905/2510
f 1200/901/2533 1174/913/2534 1202/914/2535
f 1242/904/2536 1200/901/2537 1202/914/2538
f 1202/914/2535 1174/913/2534 1195/901/2539
f 1236/904/2540 1202/914/2538 1195/901/2541
f 1195/901/2542 1174/913/2534 1203/915/2543
f 1237/909/2544 1195/901/2545 1203/915/2546
f 1203/915/2543 1174/913/2534 1200/901/2547
f 1243/909/2548 1203/915/2549 1200/901/2550
f 1206/916/2551 1175/917/2501 1204/918/2501
f 1245/919/2552 1206/916/2553 1204/918/2501
f 1204/918/2554 1175/917/2554 1205/920/2555
f 1244/921/2556 1204/918/2503 1205/920/2557
f 1205/920/2558 1175/917/2491 1194/907/2491
f 1237/909/2559 1205/920/2557 1194/907/2503
f 1194/907/2501 1175/917/2494 1206/916/2560
f 1239/908/2499 1194/907/2501 1206/916/2561
f 1208/916/2562 1176/922/2563 1207/923/2564
f 1246/919/2565 1208/916/2562 1207/923/2564
f 1207/923/2564 1176/922/2563 1206/916/2566
f 1245/919/2567 1207/923/2564 1206/916/2560
f 1206/916/2566 1176/922/2563 1198/912/2514
f 1239/908/2518 1206/916/2568 1198/912/2569
f 1198/912/2514 1176/922/2563 1208/916/2562
f 1241/908/2570 1198/912/2514 1208/916/2571
f 1210/920/2572 1177/917/2573 1209/918/2574
f 1247/921/2575 1210/920/2576 1209/918/2577
f 1209/918/2578 1177/917/2579 1208/916/2580
f 1246/919/2581 1209/918/2578 1208/916/2580
f 1177/917/2579 1201/907/2532 1241/908/2582
f 1208/916/2580 1177/917/2579 1241/908/2582
f 1201/907/2526 1177/917/2573 1210/920/2583
f 1243/909/2527 1201/907/2528 1210/920/2583
f 1205/920/2555 1178/924/2584 1211/925/2585
f 1244/921/2586 1205/920/2555 1211/925/2585
f 1211/925/2585 1178/924/2584 1210/920/2572
f 1247/921/2587 1211/925/2585 1210/920/2572
f 1210/920/2572 1178/924/2588 1203/915/2543
f 1243/909/2589 1210/920/2572 1203/915/2549
f 1203/915/2543 1178/924/2588 1205/920/2555
f 1237/909/2590 1203/915/2549 1205/920/2555
f 1218/926/2503 1179/927/2503 1216/928/2591
f 1252/929/2592 1218/926/2503 1216/928/2593
f 1216/928/2594 1179/927/2503 1204/918/2503
f 1244/921/2556 1216/928/2594 1204/918/2554
f 1204/918/2501 1179/927/2501 1217/930/2595
f 1245/919/2567 1204/918/2501 1217/930/2595
f 1217/930/2595 1179/927/2501 1218/926/2501
f 1253/931/2596 1217/930/2595 1218/926/2501
f 1220/932/2597 1180/933/2598 1218/926/2554
f 1252/929/2599 1220/932/2600 1218/926/2503
f 1218/926/2494 1180/933/2601 1219/934/2602
f 1253/931/2603 1218/926/2501 1219/934/2604
f 1219/934/2605 1180/933/2606 1212/935/2607
f 1249/936/2608 1219/934/2604 1212/935/2607
f 1180/933/2598 1220/932/2600 1248/937/2609
f 1212/935/2610 1180/933/2611 1248/937/2612
f 1222/938/2613 1181/939/2614 1217/930/2595
f 1253/931/2603 1222/938/2615 1217/930/2595
f 1217/930/2595 1181/939/2616 1207/923/2564
f 1245/919/2617 1217/930/2618 1207/923/2564
f 1207/923/2564 1181/939/2614 1221/930/2619
f 1246/919/2620 1207/923/2564 1221/930/2619
f 1221/930/2619 1181/939/2614 1222/938/2615
f 1254/931/2621 1221/930/2622 1222/938/2615
f 1219/934/2623 1182/940/2624 1222/938/2613
f 1253/931/2625 1219/934/2626 1222/938/2615
f 1222/938/2615 1182/940/2624 1223/934/2627
f 1254/931/2628 1222/938/2615 1223/934/2629
f 1223/934/2630 1182/940/2624 1213/941/2631
f 1250/936/2632 1223/934/2629 1213/941/2631
f 1213/941/2633 1182/940/2634 1219/934/2623
f 1249/936/2608 1213/941/2631 1219/934/2635
f 1225/926/2578 1183/927/2578 1221/930/2636
f 1254/931/2637 1225/926/2578 1221/930/2619
f 1221/930/2619 1183/927/2578 1209/918/2578
f 1246/919/2565 1221/930/2619 1209/918/2578
f 1209/918/2577 1183/927/2577 1224/928/2638
f 1247/921/2575 1209/918/2574 1224/928/2638
f 1224/928/2639 1183/927/2577 1225/926/2577
f 1255/929/2640 1224/928/2639 1225/926/2577
f 1223/934/2641 1184/933/2642 1225/926/2519
f 1254/931/2621 1223/934/2643 1225/926/2578
f 1225/926/2574 1184/933/2644 1226/932/2645
f 1255/929/2646 1225/926/2577 1226/932/2647
f 1226/932/2648 1184/933/2649 1214/935/2650
f 1251/937/2651 1226/932/2648 1214/935/2650
f 1214/935/2652 1184/933/2642 1223/934/2653
f 1250/936/2632 1214/935/2652 1223/934/2643
f 1227/942/2654 1185/943/2655 1224/928/2639
f 1255/929/2656 1227/942/2654 1224/928/2639
f 1224/928/2639 1185/943/2655 1211/925/2657
f 1247/921/2575 1224/928/2638 1211/925/2585
f 1211/925/2658 1185/943/2655 1216/928/2593
f 1244/921/2556 1211/925/2585 1216/928/2594
f 1216/928/2593 1185/943/2655 1227/942/2659
f 1252/929/2660 1216/928/2593 1227/942/2659
f 1226/932/2661 1186/944/2662 1227/942/2654
f 1255/929/2656 1226/932/2645 1227/942/2659
f 1227/942/2663 1186/944/2662 1220/932/2664
f 1252/929/2660 1227/942/2659 1220/932/2664
f 1220/932/2665 1186/944/2666 1215/945/2667
f 1248/937/2668 1220/932/2664 1215/945/2669
f 1215/945/2669 1186/944/2666 1226/932/2661
f 1251/937/2651 1215/945/2667 1226/932/2670
f 1187/946/2671 1228/946/2671 1258/947/2671
f 1230/948/2671 1187/946/2671 1258/947/2671
f 1187/946/2671 1229/949/2671 1259/946/2671
f 1228/946/2672 1187/946/2672 1259/946/2672
f 1229/949/2673 1187/946/2577 1199/903/2674
f 1242/904/2675 1229/949/2676 1199/903/2522
f 1199/903/2578 1187/946/2578 1230/948/2677
f 1240/906/2678 1199/903/2578 1230/948/2679
f 1232/948/2672 1188/950/2672 1231/948/2672
f 1257/947/2672 1232/948/2672 1231/948/2672
f 1231/948/2672 1188/950/2672 1230/948/2672
f 1258/947/2672 1231/948/2672 1230/948/2672
f 1230/948/2680 1188/950/2681 1196/911/2506
f 1240/906/2682 1230/948/2683 1196/911/2509
f 1196/911/2509 1188/950/2681 1232/948/2684
f 1238/906/2685 1196/911/2506 1232/948/2684
f 1189/946/2671 1233/946/2671 1256/946/2671
f 1234/949/2671 1189/946/2671 1256/946/2671
f 1189/946/2671 1232/948/2671 1257/947/2671
f 1233/946/2671 1189/946/2671 1257/947/2671
f 1232/948/2686 1189/946/2501 1192/903/2497
f 1238/906/2687 1232/948/2688 1192/903/2501
f 1192/903/2503 1189/946/2503 1234/949/2689
f 1236/904/2493 1192/903/2492 1234/949/2690
f 1229/949/2672 1190/951/2672 1235/949/2672
f 1259/946/2671 1229/949/2671 1235/949/2671
f 1235/949/2672 1190/951/2672 1234/949/2672
f 1256/946/2671 1235/949/2671 1234/949/2671
f 1234/949/2691 1190/951/2692 1202/914/2538
f 1236/904/2540 1234/949/2691 1202/914/2538
f 1202/914/2535 1190/951/2692 1229/949/2673
f 1242/904/2536 1202/914/2538 1229/949/2673
f 1191/952/2672 1228/953/2672 1259/954/2672
f 1235/955/2672 1191/952/2672 1259/954/2672
f 1191/952/2671 1231/956/2671 1258/957/2671
f 1228/953/2671 1191/952/2671 1258/957/2671
f 1191/952/2671 1233/953/2671 1257/957/2671
f 1231/956/2671 1191/952/2671 1257/957/2671
f 1191/952/2672 1235/955/2672 1256/954/2672
f 1233/953/2672 1191/952/2672 1256/954/2672
f 1266/958/2693 1260/959/2694 1264/960/2695
f 1265/961/2696 1260/959/2697 1266/958/2698
f 1269/962/2699 1265/961/2700 1266/958/2698
f 1262/963/2701 1268/964/2702 1270/965/2703
f 1278/966/2704 1265/961/2696 1276/967/2705
f 1276/967/2705 1265/961/2706 1269/962/2699
f 1277/968/2707 1276/967/2708 1269/962/2709
f 1273/969/2710 1271/970/2711 1280/971/2712
f 1272/972/2713 1273/969/2714 1280/971/2715
f 1272/972/2716 1280/971/2717 1281/973/2718
f 1271/970/2719 1278/966/2720 1280/971/2721
f 1278/966/2722 1276/967/2723 1281/973/2724
f 1280/971/2725 1278/966/2720 1281/973/2726
f 1276/967/2723 1277/968/2727 1281/974/2728
f 1274/975/2729 1275/976/2730 1282/977/2731
f 1277/968/2732 1282/977/2733 1281/974/2734
f 1281/974/2735 1282/977/2736 1275/976/2737
f 1272/978/2738 1281/974/2739 1275/976/2740
f 1274/975/2741 1282/977/2742 1284/979/2743
f 1282/977/2744 1283/980/2745 1284/979/2746
f 1282/977/2747 1277/968/2707 1279/981/2748
f 1283/980/2749 1282/977/2750 1279/981/2751
f 1266/958/2752 1287/982/2753 1261/983/2754
f 1270/965/2703 1288/984/2755 1262/963/2756
f 1264/960/2757 1262/963/2758 1288/984/2759
f 1264/960/2757 1288/984/2759 1286/985/2760
f 1289/986/2761 1270/965/2762 1268/964/2763
f 1263/964/2764 1289/986/2765 1268/964/2766
f 1287/982/2753 1266/958/2767 1285/987/2768
f 1293/965/2769 1290/988/2770 1292/989/2771
f 1295/965/2772 1293/965/2773 1292/989/2774
f 1292/989/2775 1290/988/2776 1291/990/2777
f 1294/991/2778 1292/989/2774 1291/990/2779
f 1297/985/2780 1294/991/2781 1296/987/2782
f 1291/990/2783 1296/987/2784 1294/991/2785
f 1295/965/2786 1292/989/2774 1299/984/2787
f 1292/989/2774 1294/991/2788 1297/985/2780
f 1299/984/2789 1292/989/2790 1297/985/2791
f 1295/965/2792 1300/986/2793 1293/965/2794
f 1291/990/2795 1298/982/2796 1296/987/2797
f 1279/981/2798 1277/968/2799 1269/962/2800
f 1267/992/2801 1279/981/2798 1269/962/2802
f 1260/959/2803 1302/958/2804 1264/960/2805
f 1260/959/2806 1265/961/2807 1302/958/2804
f 1265/961/2807 1304/962/2808 1302/958/2804
f 1301/983/2809 1302/958/2810 1303/992/2811
f 1302/958/2812 1304/962/2813 1303/992/2811
f 1268/964/2814 1262/963/2815 1305/965/2816
f 1265/961/2807 1278/966/2817 1310/967/2818
f 1265/961/2807 1310/967/2818 1304/962/2819
f 1310/967/2820 1311/968/2821 1304/962/2822
f 1271/970/2823 1307/969/2824 1313/971/2825
f 1307/969/2824 1306/972/2826 1313/971/2827
f 1313/971/2825 1306/972/2826 1314/973/2828
f 1278/966/2704 1271/970/2829 1313/971/2830
f 1310/967/2831 1278/966/2722 1314/973/2832
f 1278/966/2833 1313/971/2834 1314/973/2835
f 1311/968/2836 1310/967/2831 1314/974/2832
f 1309/976/2837 1308/975/2838 1315/977/2839
f 1315/977/2840 1311/968/2841 1314/974/2842
f 1315/977/2843 1314/974/2844 1309/976/2845
f 1314/974/2846 1306/978/2847 1309/976/2848
f 1315/977/2849 1308/975/2850 1317/979/2851
f 1316/980/2852 1315/977/2853 1317/979/2854
f 1311/968/2821 1315/977/2855 1312/981/2856
f 1315/977/2857 1316/980/2858 1312/981/2859
f 1320/982/2860 1302/958/2861 1301/983/2862
f 1321/984/2863 1305/965/2816 1262/963/2864
f 1262/963/2865 1264/960/2866 1321/984/2867
f 1321/984/2868 1264/960/2866 1319/985/2869
f 1305/965/2816 1322/986/2870 1268/964/2871
f 1322/986/2872 1263/964/2873 1268/964/2874
f 1302/958/2875 1320/982/2876 1318/987/2877
f 1323/988/2878 1326/965/2879 1325/989/2880
f 1326/965/2881 1328/965/2882 1325/989/2883
f 1323/988/2884 1325/989/2885 1324/990/2886
f 1325/989/2887 1327/991/2888 1324/990/2886
f 1327/991/2889 1330/985/2890 1329/987/2891
f 1329/987/2892 1324/990/2893 1327/991/2894
f 1325/989/2883 1328/965/2882 1332/984/2895
f 1327/991/2896 1325/989/2885 1330/985/2897
f 1325/989/2883 1332/984/2898 1330/985/2897
f 1333/986/2899 1328/965/2900 1326/965/2901
f 1331/982/2902 1324/990/2903 1329/987/2904
f 1311/968/2905 1312/981/2906 1304/962/2907
f 1312/981/2906 1303/992/2908 1304/962/2909
f 1334/959/2910 1338/958/2911 1336/960/2912
f 1334/959/2913 1337/961/2914 1338/958/2915
f 1337/961/2916 1340/962/2917 1338/958/2915
f 1339/964/2918 1335/963/2919 1341/965/2920
f 1337/961/2921 1348/966/2922 1346/967/2923
f 1337/961/2916 1346/967/2923 1340/962/2917
f 1346/967/2923 1347/968/2924 1340/962/2925
f 1342/970/2926 1344/969/2927 1349/971/2928
f 1344/969/2929 1343/972/2930 1349/971/2931
f 1349/971/2931 1343/972/2932 1350/973/2933
f 1348/966/2934 1342/970/2935 1349/971/2936
f 1346/967/2937 1348/966/2938 1350/973/2939
f 1348/966/2940 1349/971/2931 1350/973/2941
f 1347/968/2942 1346/967/2943 1350/974/2944
f 1345/976/2945 1274/975/2741 1351/977/2946
f 1351/977/2947 1347/968/2948 1350/974/2949
f 1351/977/2950 1350/974/2951 1345/976/2952
f 1350/974/2953 1343/978/2954 1345/976/2955
f 1351/977/2956 1274/975/2729 1284/979/2957
f 1283/980/2958 1351/977/2959 1284/979/2960
f 1347/968/2961 1351/977/2962 1279/981/2963
f 1351/977/2964 1283/980/2965 1279/981/2966
f 1287/982/2967 1338/958/2968 1261/983/2754
f 1354/984/2969 1341/965/2920 1335/963/2970
f 1335/963/2971 1336/960/2972 1354/984/2973
f 1354/984/2973 1336/960/2972 1353/985/2974
f 1341/965/2975 1289/986/2976 1339/964/2977
f 1289/986/2978 1263/964/2979 1339/964/2980
f 1338/958/2968 1287/982/2753 1352/987/2981
f 1290/988/2982 1293/965/2773 1355/989/2983
f 1293/965/2773 1357/965/2984 1355/989/2985
f 1290/988/2986 1355/989/2987 1291/990/2988
f 1355/989/2989 1356/991/2990 1291/990/2991
f 1356/991/2992 1359/985/2993 1358/987/2994
f 1358/987/2995 1291/990/2996 1356/991/2997
f 1355/989/2987 1357/965/2998 1360/984/2999
f 1356/991/3000 1355/989/3001 1359/985/3002
f 1355/989/3001 1360/984/3003 1359/985/3004
f 1300/986/3005 1357/965/3006 1293/965/3007
f 1298/982/3008 1291/990/3009 1358/987/3010
f 1347/968/3011 1279/981/2798 1340/962/2925
f 1279/981/2798 1267/992/3012 1340/962/3013
f 1361/958/3014 1334/959/3015 1336/960/3016
f 1337/961/3017 1334/959/3018 1361/958/3014
f 1362/962/3019 1337/961/3017 1361/958/3014
f 1361/958/3020 1301/983/3021 1303/992/3022
f 1362/962/3023 1361/958/3024 1303/992/3022
f 1335/963/3025 1339/964/3026 1363/965/3027
f 1348/966/3028 1337/961/3017 1367/967/3029
f 1367/967/3029 1337/961/3017 1362/962/3019
f 1368/968/3030 1367/967/3029 1362/962/3031
f 1365/969/3032 1342/970/3033 1369/971/3034
f 1364/972/3035 1365/969/3036 1369/971/3037
f 1364/972/3038 1369/971/3039 1370/973/3040
f 1342/970/3041 1348/966/3042 1369/971/3043
f 1348/966/2938 1367/967/3044 1370/973/3045
f 1369/971/3037 1348/966/2922 1370/973/3046
f 1367/967/3047 1368/968/3048 1370/974/3049
f 1308/975/3050 1366/976/3051 1371/977/3052
f 1368/968/3053 1371/977/3054 1370/974/3055
f 1370/974/3056 1371/977/3057 1366/976/3058
f 1364/978/3059 1370/974/3060 1366/976/3061
f 1308/975/3062 1371/977/3063 1317/979/3064
f 1371/977/3065 1316/980/3066 1317/979/3067
f 1371/977/3068 1368/968/3030 1312/981/3069
f 1316/980/3070 1371/977/3071 1312/981/3072
f 1361/958/3073 1320/982/2860 1301/983/3074
f 1363/965/3075 1374/984/3076 1335/963/3077
f 1336/960/3078 1335/963/3079 1374/984/3080
f 1336/960/3078 1374/984/3081 1373/985/3082
f 1322/986/3083 1363/965/3084 1339/964/3085
f 1263/964/3086 1322/986/3087 1339/964/3088
f 1320/982/2860 1361/958/3089 1372/987/3090
f 1326/965/2879 1323/988/3091 1375/989/3092
f 1377/965/3093 1326/965/2879 1375/989/3094
f 1375/989/3095 1323/988/3096 1324/990/3097
f 1376/991/3098 1375/989/3094 1324/990/3097
f 1379/985/3099 1376/991/3100 1378/987/3101
f 1324/990/3102 1378/987/3103 1376/991/3104
f 1377/965/3093 1375/989/3105 1380/984/3106
f 1375/989/3094 1376/991/3100 1379/985/3107
f 1380/984/3108 1375/989/3094 1379/985/3109
f 1377/965/3110 1333/986/3111 1326/965/3112
f 1324/990/3113 1331/982/3114 1378/987/3115
f 1312/981/2906 1368/968/3116 1362/962/3117
f 1303/992/3118 1312/981/2906 1362/962/3119
f 1261/983/3120 1267/992/3121 1269/962/3122
f 1266/958/3123 1261/983/2754 1269/962/3122
f 1340/962/3124 1267/992/3125 1261/983/3126
f 1338/958/3127 1340/962/3124 1261/983/3128
f 1264/960/2695 1286/985/3129 1285/987/3130
f 1266/958/2693 1264/960/3131 1285/987/3132
f 1286/985/3129 1297/985/3133 1296/987/3134
f 1285/987/3135 1286/985/3136 1296/987/3137
f 1270/965/3138 1295/965/3139 1299/984/3140
f 1288/984/2759 1270/965/3141 1299/984/2789
f 1286/985/3142 1288/984/3143 1299/984/2787
f 1297/985/3144 1286/985/3145 1299/984/2787
f 1270/965/3141 1289/986/3146 1300/986/3147
f 1295/965/3148 1270/965/3149 1300/986/3147
f 1285/987/3150 1296/987/3151 1298/982/3152
f 1287/982/3153 1285/987/3150 1298/982/3154
f 1318/987/3155 1319/985/3156 1264/960/3157
f 1302/958/3158 1318/987/3159 1264/960/3157
f 1319/985/3160 1318/987/3161 1329/987/3162
f 1330/985/3163 1319/985/3156 1329/987/3164
f 1305/965/3165 1321/984/3166 1332/984/3167
f 1328/965/3168 1305/965/3169 1332/984/3167
f 1332/984/3170 1321/984/3166 1319/985/3156
f 1330/985/3171 1332/984/3170 1319/985/3172
f 1333/986/3111 1322/986/3173 1305/965/3174
f 1328/965/3175 1333/986/3111 1305/965/3169
f 1318/987/3176 1320/982/3177 1331/982/3178
f 1329/987/3179 1318/987/3180 1331/982/3178
f 1352/987/3181 1353/985/3182 1336/960/2912
f 1338/958/2911 1352/987/3183 1336/960/2912
f 1353/985/3184 1352/987/3181 1358/987/3185
f 1359/985/3186 1353/985/3187 1358/987/3188
f 1341/965/3189 1354/984/2973 1360/984/3190
f 1357/965/3191 1341/965/3192 1360/984/3193
f 1360/984/2999 1354/984/2973 1353/985/3194
f 1359/985/3195 1360/984/2999 1353/985/3194
f 1300/986/3196 1289/986/3146 1341/965/3197
f 1357/965/3198 1300/986/2793 1341/965/3199
f 1352/987/3200 1287/982/3201 1298/982/3202
f 1358/987/3203 1352/987/3200 1298/982/3202
f 1336/960/3204 1373/985/3205 1372/987/3206
f 1361/958/3207 1336/960/3016 1372/987/3208
f 1373/985/3205 1379/985/3209 1378/987/3210
f 1372/987/3211 1373/985/3212 1378/987/3213
f 1363/965/3214 1377/965/3215 1380/984/3216
f 1374/984/3081 1363/965/3217 1380/984/3216
f 1373/985/3218 1374/984/3081 1380/984/3219
f 1379/985/3220 1373/985/3221 1380/984/3106
f 1363/965/3222 1322/986/3173 1333/986/3223
f 1377/965/3215 1363/965/3222 1333/986/3224
f 1372/987/3225 1378/987/3226 1331/982/3227
f 1320/982/3228 1372/987/3225 1331/982/2902
f 1383/993/3229 1382/994/3229 1381/995/3229
f 1389/996/3230 1386/997/3231 1400/998/3232
f 1403/999/3233 1389/996/3230 1400/998/3232
f 1396/1000/3234 1403/999/3235 1400/998/3236
f 1393/1001/3237 1396/1000/3234 1400/998/3238
f 1400/998/3239 1386/997/3240 1390/1002/3241
f 1404/1003/3242 1400/998/3239 1390/1002/3243
f 1397/1004/3244 1393/1001/3245 1400/998/3246
f 1404/1003/3247 1397/1004/3244 1400/998/3246
f 1404/1003/3248 1390/1002/3249 1387/1005/3250
f 1401/1006/3251 1404/1003/3248 1387/1005/3250
f 1394/1007/3252 1397/1004/3253 1404/1003/3248
f 1401/1006/3254 1394/1007/3252 1404/1003/3248
f 1391/1002/3255 1388/997/3256 1402/998/3257
f 1405/1003/3258 1391/1002/3255 1402/998/3257
f 1398/1004/3259 1405/1003/3260 1402/998/3261
f 1395/1001/3262 1398/1004/3263 1402/998/3261
f 1387/1005/3264 1391/1002/3265 1405/1003/3266
f 1401/1006/3267 1387/1005/3264 1405/1003/3268
f 1398/1004/3269 1394/1007/3270 1401/1006/3271
f 1405/1003/3272 1398/1004/3273 1401/1006/3271
f 1402/998/3274 1388/997/3275 1392/996/3276
f 1406/999/3277 1402/998/3274 1392/996/3278
f 1399/1000/3279 1395/1001/3280 1402/998/3281
f 1406/999/3282 1399/1000/3283 1402/998/3261
f 1427/1008/3284 1411/1009/3285 1408/1010/3286
f 1424/1011/3287 1427/1008/3284 1408/1010/3286
f 1416/1012/3288 1420/1013/3289 1427/1008/3284
f 1424/1011/3290 1416/1012/3291 1427/1008/3284
f 1423/1014/3292 1407/1015/3293 1411/1009/3294
f 1427/1008/3295 1423/1014/3296 1411/1009/3297
f 1420/1013/3298 1415/1016/3299 1423/1014/3300
f 1427/1008/3301 1420/1013/3302 1423/1014/3300
f 1412/1017/3303 1407/1015/3304 1423/1014/3305
f 1428/1018/3306 1412/1017/3307 1423/1014/3308
f 1419/1019/3309 1428/1018/3310 1423/1014/3311
f 1415/1016/3312 1419/1019/3309 1423/1014/3311
f 1410/1020/3313 1412/1017/3314 1428/1018/3315
f 1426/1021/3316 1410/1020/3313 1428/1018/3317
f 1419/1019/3318 1418/1022/3319 1426/1021/3320
f 1428/1018/3321 1419/1019/3322 1426/1021/3320
f 1430/1018/3323 1414/1017/3324 1410/1020/3325
f 1426/1021/3326 1430/1018/3323 1410/1020/3327
f 1418/1022/3328 1422/1019/3329 1430/1018/3330
f 1426/1021/3331 1418/1022/3328 1430/1018/3332
f 1425/1014/3333 1409/1015/3334 1414/1017/3335
f 1430/1018/3336 1425/1014/3337 1414/1017/3338
f 1422/1019/3339 1417/1016/3340 1425/1014/3341
f 1430/1018/3342 1422/1019/3343 1425/1014/3344
f 1413/1009/3345 1409/1015/3346 1425/1014/3347
f 1429/1008/3348 1413/1009/3349 1425/1014/3350
f 1421/1013/3351 1429/1008/3352 1425/1014/3353
f 1417/1016/3354 1421/1013/3355 1425/1014/3356
f 1408/1010/3357 1413/1009/3358 1429/1008/3359
f 1424/1011/3290 1408/1010/3357 1429/1008/3359
f 1416/1012/3360 1424/1011/3290 1429/1008/3359
f 1421/1013/3361 1416/1012/3362 1429/1008/3359
