# Blender 4.1.0
# www.blender.org
mtllib diosexstar.mtl
o blade
v 58.106247 -12.112593 0.175605
v 44.998856 -15.623554 0.566052
v 3.944164 -7.782717 0.592055
v 0.853477 -3.431178 0.355024
v -32.090504 -8.601149 1.104167
v -48.369995 -1.986203 0.891721
v -48.109066 0.617835 0.722930
v -27.339792 -0.323556 0.517552
v -57.014713 6.854756 0.440351
v -31.723270 -7.051214 1.000996
v -80.159012 -7.848440 1.670103
v -81.067101 -5.650718 1.542056
v 3.031414 -11.384285 0.832552
v -55.671398 5.102378 0.534544
v 58.077583 -12.255289 -2.070176
v 44.970177 -15.766251 -1.679729
v 3.915485 -7.925413 -1.653726
v 0.824802 -3.573874 -1.890757
v -32.119179 -8.743844 -1.141615
v -48.398674 -2.128898 -1.354061
v -48.137741 0.475139 -1.522852
v -27.368467 -0.466252 -1.728228
v -57.043392 6.712059 -1.805431
v -31.751944 -7.193911 -1.244786
v -80.187691 -7.991136 -0.575678
v -81.095779 -5.793414 -0.703726
v 3.002739 -11.526981 -1.413229
v -55.700073 4.959682 -1.711238
v 11.674488 -9.210184 0.265387
v 12.286018 -6.907851 0.111290
v -80.903229 -6.484829 1.274299
v -60.409325 3.057875 -0.402660
v -73.780876 3.338984 -0.249787
v -91.866112 -6.558985 1.418990
v -94.995895 -2.684357 1.212760
v -85.923706 5.738522 -0.247207
v -103.272583 0.341170 1.126201
v -93.934418 8.797178 -0.339268
v -112.626228 1.823670 1.151435
v -102.753273 13.163912 -0.162294
v -116.343918 8.875156 0.750926
v -122.097473 1.366195 1.301437
v -126.231750 7.209192 0.983034
v -132.893768 -0.288852 1.544450
v -136.024994 7.022435 1.119876
v -142.650146 2.145777 1.514330
v -146.784378 9.124466 1.123695
v -149.437469 8.184547 1.217292
v -151.133484 2.912953 1.573903
v -157.652023 1.154089 1.768892
v -164.062851 8.121899 1.408017
v -164.741989 3.298065 1.723193
v -183.208664 8.973663 1.598360
v -184.401016 5.110177 1.859068
v -230.612442 11.186438 2.063036
v -231.002182 7.695185 2.289846
v -294.163513 11.976521 2.824286
v -292.800293 9.632977 2.955788
v -361.881409 10.980232 3.752246
v -357.144714 8.323776 3.860556
v -55.083569 5.561611 -0.163546
v -95.796936 8.159994 0.533943
v -88.104340 5.004214 0.636237
v -76.681633 1.622682 0.705247
v -73.525146 -0.558333 0.803524
v -60.268509 -0.279681 0.616552
v -48.415478 -4.064096 0.705666
v -41.695641 -1.286817 0.443397
v -51.567505 -0.467476 0.517385
v -38.632530 0.962589 0.261359
v -56.378418 1.130196 0.477298
v -46.394142 -0.308474 0.441226
v 11.653915 -9.312553 -1.345732
v 12.265446 -7.010221 -1.499829
v -80.923805 -6.587198 -0.336821
v -91.886688 -6.661355 -0.192129
v -95.016464 -2.786727 -0.398359
v -103.293152 0.238800 -0.484918
v -112.646805 1.721301 -0.459684
v -102.761963 13.120653 -0.843096
v -116.364494 8.772778 -0.860333
v -122.118050 1.263825 -0.309682
v -126.252319 7.106814 -0.628225
v -132.914337 -0.391222 -0.066669
v -136.045563 6.920064 -0.491244
v -142.670715 2.043407 -0.096790
v -146.804962 9.022097 -0.487425
v -149.458038 8.082176 -0.393827
v -151.154053 2.810583 -0.037216
v -157.672607 1.051720 0.157773
v -164.083435 8.019527 -0.203102
v -164.762558 3.195695 0.112074
v -183.229233 8.871294 -0.012759
v -184.421585 5.007806 0.247949
v -230.632996 11.084070 0.451917
v -231.022736 7.592815 0.678726
v -294.184052 11.874153 1.213167
v -292.820831 9.530607 1.344669
v -361.901917 10.877863 2.141127
v -357.165283 8.221407 2.249436
v -55.095421 5.502614 -1.092052
v -95.817505 8.057625 -1.077176
v -88.124916 4.901845 -0.974882
v -76.702202 1.520311 -0.905872
v -73.545715 -0.660703 -0.807595
v -60.289082 -0.382051 -0.994568
v -48.436050 -4.166466 -0.905453
v -41.716213 -1.389187 -1.167722
v -51.588078 -0.569845 -1.093734
v -38.653107 0.860219 -1.349760
v -56.398994 1.027826 -1.133821
v -46.414715 -0.410843 -1.169893
v -102.835556 12.856239 -0.483525
v -115.805847 17.688904 -0.624979
v -116.118095 8.348213 -0.027489
v -111.954109 15.918491 -0.350229
v -120.415367 12.489723 0.585563
v -126.333214 6.818049 0.200169
v -136.229797 6.182196 0.366935
v -146.581207 8.481209 0.353030
v -149.331451 7.514287 0.449583
v -163.833267 7.379315 0.643326
v -183.466690 8.172075 0.843644
v -120.436386 15.799742 -0.445817
v -127.608543 11.854818 0.717751
v -133.053741 14.761686 -0.218755
v -134.561661 11.954782 0.800180
v -138.695526 16.379141 -0.249490
v -141.433716 13.587914 0.784157
v -149.590546 14.972111 -0.020975
v -150.138397 12.877645 0.940432
v -164.028809 15.721548 0.115761
v -163.976318 13.559628 1.073789
v -183.613098 14.375452 1.272685
v -183.587585 16.569843 0.311597
v -243.377869 18.477875 0.953794
v -237.352524 16.265869 1.838740
v -230.648148 10.474110 1.299810
v -293.931732 11.319437 2.054135
v -297.791748 15.082262 2.685665
v -361.410522 14.565567 3.530812
v -380.680786 12.576286 3.903262
v -393.274292 8.981871 4.292449
v -322.825073 19.279552 1.917278
v -362.894104 18.653942 2.468650
v -399.831787 17.606615 3.006836
v -398.645813 13.615656 4.066607
v -413.536499 12.207100 4.346238
v -414.653503 8.116997 4.620384
v -422.889771 10.004715 4.605605
v -425.180237 7.185358 4.813991
v -416.390503 16.476849 3.290051
v -426.106323 14.914408 3.513383
v -436.324341 11.492662 3.861269
v -442.156555 4.797529 4.361143
v -359.238403 10.325079 2.951185
v -126.014534 14.554590 -0.295477
v -383.785706 14.269213 3.835338
v -261.795349 16.646988 2.126622
v -260.018158 10.858944 1.650369
v -265.608643 14.742813 2.296303
v -270.315948 16.784016 2.226711
v -275.142090 14.893398 2.408463
v -281.680725 16.937193 2.362089
v -286.627258 15.002523 2.548177
v -293.265930 16.858973 2.514985
v -389.585938 10.735718 4.133917
v -276.442078 19.126995 1.334729
v -111.959488 15.891733 -0.771340
v -120.436264 12.385786 -1.050229
v -127.629440 11.750883 -0.918042
v -134.582550 11.850847 -0.835613
v -141.454620 13.483978 -0.851635
v -150.159302 12.773708 -0.695359
v -163.997223 13.455692 -0.562003
v -183.633987 14.271515 -0.363108
v -237.373413 16.161934 0.202948
v -297.812653 14.978325 1.049873
v -361.431396 14.461630 1.895020
v -380.701599 12.472349 2.267470
v -393.295105 8.877935 2.656657
v -398.666626 13.511719 2.430815
v -413.557312 12.103163 2.710446
v -414.674316 8.013060 2.984592
v -422.910645 9.900778 2.969812
v -425.201050 7.081419 3.178199
v -383.806519 14.165277 2.199547
v -261.816254 16.543051 0.490830
v -265.629517 14.638876 0.660511
v -270.336853 16.680080 0.590919
v -275.162994 14.789463 0.772671
v -281.701630 16.833256 0.726297
v -286.648132 14.898586 0.912385
v -293.286804 16.755035 0.879193
v -389.606750 10.631783 2.498124
v 115.877731 -12.671022 0.175605
v 102.770325 -16.181984 0.566052
v 61.715630 -8.341146 0.592056
v 58.624947 -3.989606 0.355024
v 25.680969 -9.159578 1.104167
v 9.401474 -2.544631 0.891721
v 9.662407 0.059407 0.722930
v 30.431679 -0.881984 0.517552
v 0.756752 6.296328 0.440351
v 26.048203 -7.609643 1.000996
v -22.387547 -8.406870 1.670103
v -23.295626 -6.209146 1.542056
v 60.802887 -11.942715 0.832552
v 2.100071 4.543950 0.534544
v 115.849045 -12.813717 -2.070176
v 102.741653 -16.324680 -1.679729
v 61.686951 -8.483841 -1.653726
v 58.596268 -4.132302 -1.890757
v 25.652290 -9.302274 -1.141615
v 9.372799 -2.687327 -1.354060
v 9.633732 -0.083289 -1.522852
v 30.403000 -1.024680 -1.728228
v 0.728081 6.153632 -1.805431
v 26.019524 -7.752339 -1.244786
v -22.416222 -8.549565 -0.575678
v -23.324303 -6.351843 -0.703726
v 60.774208 -12.085409 -1.413229
v 2.071400 4.401254 -1.711238
v 69.445953 -9.768613 0.265387
v 70.057495 -7.466280 0.111290
v -23.131760 -7.043258 1.274299
v -2.637852 2.499447 -0.402660
v -16.009407 2.780556 -0.249787
v -34.094643 -7.117415 1.418990
v -37.224426 -3.242786 1.212760
v -28.152233 5.180095 -0.247207
v -45.501106 -0.217259 1.126201
v -36.162945 8.238750 -0.339268
v -54.854759 1.265242 1.151435
v -44.981804 12.605484 -0.162294
v -58.572441 8.316727 0.750926
v -64.326004 0.807766 1.301437
v -68.460274 6.650764 0.983034
v -75.122307 -0.847281 1.544450
v -78.253525 6.464006 1.119876
v -84.878685 1.587348 1.514330
v -89.012909 8.566038 1.123695
v -91.665993 7.626118 1.217292
v -93.362015 2.354524 1.573903
v -99.880554 0.595660 1.768892
v -106.291382 7.563470 1.408017
v -106.970512 2.739636 1.723194
v -125.437187 8.415236 1.598360
v -126.629539 4.551748 1.859069
v -172.840973 10.628010 2.063036
v -173.230713 7.136755 2.289846
v -236.392029 11.418093 2.824286
v -235.028793 9.074549 2.955788
v -304.109863 10.421803 3.752246
v -299.373230 7.765348 3.860556
v 2.687897 5.003183 -0.163546
v -38.025459 7.601568 0.533943
v -30.332870 4.445786 0.636237
v -18.910162 1.064253 0.705248
v -15.753670 -1.116761 0.803524
v -2.497044 -0.838109 0.616552
v 9.355991 -4.622525 0.705666
v 16.075836 -1.845245 0.443397
v 6.203972 -1.025904 0.517385
v 19.138931 0.404161 0.261359
v 1.393051 0.571767 0.477298
v 11.377327 -0.866902 0.441226
v 69.425392 -9.870983 -1.345732
v 70.036919 -7.568649 -1.499829
v -23.152328 -7.145627 -0.336821
v -34.115215 -7.219785 -0.192129
v -37.244999 -3.345155 -0.398359
v -45.521679 -0.319629 -0.484919
v -54.875324 1.162872 -0.459684
v -44.990494 12.562225 -0.843096
v -58.593014 8.214350 -0.860333
v -64.346573 0.705397 -0.309682
v -68.480850 6.548386 -0.628225
v -75.142868 -0.949651 -0.066669
v -78.274094 6.361637 -0.491244
v -84.899246 1.484978 -0.096790
v -89.033478 8.463667 -0.487425
v -91.686562 7.523748 -0.393827
v -93.382584 2.252155 -0.037216
v -99.901123 0.493290 0.157773
v -106.311951 7.461100 -0.203102
v -106.991089 2.637266 0.112074
v -125.457756 8.312864 -0.012759
v -126.650108 4.449378 0.247949
v -172.861542 10.525640 0.451917
v -173.251282 7.034386 0.678726
v -236.412598 11.315722 1.213167
v -235.049362 8.972178 1.344669
v -304.130432 10.319433 2.141127
v -299.393799 7.662978 2.249436
v 2.676044 4.944186 -1.092052
v -38.046032 7.499197 -1.077176
v -30.353443 4.343416 -0.974882
v -18.930731 0.961884 -0.905872
v -15.774242 -1.219131 -0.807595
v -2.517616 -0.940479 -0.994568
v 9.335426 -4.724895 -0.905453
v 16.055260 -1.947615 -1.167722
v 6.183395 -1.128274 -1.093734
v 19.118362 0.301791 -1.349760
v 1.372478 0.469398 -1.133821
v 11.356758 -0.969271 -1.169893
v -45.064091 12.297815 -0.483525
v -58.034363 17.130478 -0.624979
v -58.346626 7.789785 -0.027489
v -54.182640 15.360065 -0.350229
v -62.643909 11.931295 0.585563
v -68.561729 6.259620 0.200169
v -78.458321 5.623767 0.366935
v -88.809753 7.922780 0.353030
v -91.559959 6.955858 0.449583
v -106.061798 6.820886 0.643326
v -125.695236 7.613648 0.843644
v -62.664917 15.241316 -0.445817
v -69.837074 11.296392 0.717751
v -75.282257 14.203260 -0.218755
v -76.790184 11.396357 0.800179
v -80.924049 15.820715 -0.249490
v -83.662247 13.029488 0.784157
v -91.819061 14.413683 -0.020976
v -92.366928 12.319220 0.940432
v -106.257339 15.163122 0.115761
v -106.204834 13.001202 1.073789
v -125.841637 13.817024 1.272685
v -125.816109 16.011417 0.311597
v -185.606400 17.919449 0.953794
v -179.581024 15.707443 1.838740
v -172.876694 9.915684 1.299810
v -236.160263 10.761009 2.054135
v -240.020340 14.523834 2.685664
v -303.639099 14.007137 3.530811
v -322.909302 12.017859 3.903262
v -335.502808 8.423441 4.292449
v -265.053619 18.721125 1.917278
v -305.122650 18.095514 2.468650
v -342.060364 17.048187 3.006836
v -340.874268 13.057228 4.066607
v -355.765015 11.648672 4.346238
v -356.882019 7.558568 4.620384
v -365.118347 9.446287 4.605605
v -367.408813 6.626930 4.813990
v -358.619080 15.918419 3.290051
v -368.334900 14.355978 3.513384
v -378.552856 10.934235 3.861269
v -384.385071 4.239100 4.361143
v -301.466980 9.766651 2.951185
v -68.243065 13.996164 -0.295477
v -326.014160 13.710785 3.835338
v -204.023895 16.088560 2.126622
v -202.246689 10.300516 1.650369
v -207.837189 14.184385 2.296303
v -212.544495 16.225590 2.226711
v -217.370651 14.334972 2.408463
v -223.909256 16.378765 2.362089
v -228.855774 14.444096 2.548177
v -235.494446 16.300545 2.514985
v -331.814453 10.177290 4.133916
v -218.670609 18.568569 1.334729
v -54.188015 15.333307 -0.771340
v -62.664795 11.827358 -1.050229
v -69.857956 11.192453 -0.918042
v -76.811066 11.292419 -0.835613
v -83.683136 12.925550 -0.851635
v -92.387817 12.215281 -0.695359
v -106.225723 12.897263 -0.562003
v -125.862526 13.713085 -0.363107
v -179.601913 15.603504 0.202948
v -240.041229 14.419897 1.049873
v -303.659973 13.903200 1.895020
v -322.930176 11.913921 2.267470
v -335.523682 8.319504 2.656657
v -340.895203 12.953291 2.430815
v -355.785889 11.544735 2.710446
v -356.902893 7.454631 2.984591
v -365.139221 9.342350 2.969812
v -367.429688 6.522992 3.178199
v -326.035095 13.606846 2.199547
v -204.044785 15.984623 0.490830
v -207.858078 14.080446 0.660511
v -212.565384 16.121651 0.590919
v -217.391541 14.231033 0.772671
v -223.930145 16.274826 0.726297
v -228.876663 14.340157 0.912385
v -235.515335 16.196608 0.879193
v -331.835388 10.073351 2.498124
vn 0.0127 0.0634 0.9979
vn -0.0127 -0.0634 -0.9979
vn 0.0136 0.0875 0.9961
vn 0.0832 0.2232 0.9712
vn 0.1283 0.3095 0.9422
vn 0.2871 0.6418 0.7111
vn 0.0930 0.3158 0.9443
vn 0.1487 0.5484 0.8229
vn 0.0930 0.3157 0.9443
vn 0.0832 0.2231 0.9712
vn 0.0930 0.3158 0.9442
vn 0.1487 0.5485 0.8228
vn 0.0930 0.3159 0.9442
vn 0.0794 0.4740 0.8769
vn 0.0325 0.1721 0.9845
vn 0.0794 0.4740 0.8770
vn 0.0326 0.1722 0.9845
vn -0.0223 0.2724 0.9619
vn 0.0794 0.4739 0.8770
vn 0.0326 0.1721 0.9845
vn 0.0224 0.1369 0.9903
vn -0.0223 0.2723 0.9620
vn -0.0018 0.1395 0.9902
vn 0.0224 0.1370 0.9903
vn -0.0018 0.1396 0.9902
vn 0.0252 0.1442 0.9892
vn 0.0162 0.1050 0.9943
vn -0.0145 0.1626 0.9866
vn 0.0162 0.1051 0.9943
vn 0.0252 0.1443 0.9892
vn -0.0292 0.1461 0.9888
vn -0.0145 0.1625 0.9866
vn -0.0019 0.1395 0.9902
vn 0.0132 0.0833 0.9964
vn 0.0132 0.0834 0.9964
vn -0.0291 0.1461 0.9888
vn -0.0119 -0.0393 -0.9992
vn 0.0581 0.0983 -0.9935
vn 0.1869 0.3828 -0.9047
vn 0.0582 0.0985 -0.9934
vn 0.1038 0.1876 -0.9767
vn 0.0684 0.1936 -0.9787
vn 0.1268 0.4397 -0.8892
vn 0.0582 0.0984 -0.9934
vn 0.0563 0.3591 -0.9316
vn 0.0684 0.1937 -0.9787
vn 0.1268 0.4397 -0.8891
vn 0.0072 0.0460 -0.9989
vn -0.0472 0.1484 -0.9878
vn 0.0072 0.0462 -0.9989
vn 0.0563 0.3590 -0.9316
vn -0.0030 0.0104 -0.9999
vn 0.0072 0.0461 -0.9989
vn -0.0272 0.0131 -0.9995
vn -0.0272 0.0132 -0.9995
vn -0.0031 0.0106 -0.9999
vn -0.0093 -0.0217 -0.9997
vn -0.0002 0.0178 -0.9998
vn -0.0002 0.0179 -0.9998
vn -0.0093 -0.0216 -0.9997
vn -0.0398 0.0365 -0.9985
vn -0.0399 0.0364 -0.9985
vn -0.0545 0.0199 -0.9983
vn -0.0545 0.0200 -0.9983
vn -0.0273 0.0131 -0.9995
vn -0.0123 -0.0435 -0.9990
vn -0.0545 0.0198 -0.9983
vn -0.0123 -0.0434 -0.9990
vn -0.0398 0.0364 -0.9985
vn -0.0119 -0.0392 -0.9992
vn 0.1038 0.1875 -0.9768
vn 0.2870 0.6418 0.7111
vn 0.4419 0.8949 -0.0625
vn -0.4230 0.9047 -0.0521
vn 0.0519 -0.0513 0.9973
vn 0.0244 0.0292 0.9993
vn 0.0560 0.0716 0.9959
vn 0.0057 0.1726 0.9850
vn 0.0560 0.0717 0.9959
vn -0.0290 0.2510 0.9676
vn -0.0291 0.2510 0.9675
vn -0.0621 0.2965 0.9530
vn 0.0057 0.1725 0.9850
vn 0.0166 0.1235 0.9922
vn 0.0519 -0.0514 0.9973
vn 0.0228 -0.0913 0.9956
vn 0.0391 0.3255 0.9447
vn 0.0234 0.0883 0.9958
vn 0.0166 0.1237 0.9922
vn 0.0391 0.3254 0.9448
vn 0.0398 0.3210 0.9462
vn 0.0059 0.1853 0.9827
vn 0.0234 0.0881 0.9958
vn 0.0398 0.3211 0.9462
vn -0.0055 0.4013 0.9159
vn 0.0223 0.1307 0.9912
vn 0.0279 0.4056 0.9136
vn 0.0223 0.1308 0.9912
vn 0.0156 0.1240 0.9922
vn 0.0224 0.1307 0.9912
vn 0.0234 0.0880 0.9958
vn 0.0026 -0.0756 0.9971
vn 0.0138 -0.0822 0.9965
vn 0.0059 0.1851 0.9827
vn 0.0059 0.1852 0.9827
vn 0.0224 0.1306 0.9912
vn 0.0388 -0.0853 0.9956
vn 0.0092 -0.0759 0.9971
vn 0.0156 0.1239 0.9922
vn 0.0070 -0.0733 0.9973
vn 0.0197 0.2562 0.9664
vn 0.0070 -0.0734 0.9973
vn 0.0278 0.4056 0.9136
vn 0.0197 0.2563 0.9664
vn 0.0246 0.4008 0.9158
vn 0.0207 0.4105 0.9116
vn 0.0136 0.1245 0.9921
vn 0.0197 0.2564 0.9664
vn 0.0136 0.1243 0.9922
vn 0.0136 0.1242 0.9922
vn 0.0144 -0.0730 0.9972
vn 0.0079 0.0247 0.9997
vn 0.0058 0.2520 0.9677
vn 0.0141 0.0890 0.9959
vn 0.0082 0.2542 0.9671
vn 0.0141 0.0889 0.9959
vn 0.0081 0.2542 0.9671
vn 0.0028 0.2579 0.9662
vn 0.0082 0.1282 0.9917
vn 0.0012 0.1520 0.9884
vn 0.0193 0.0496 0.9986
vn -0.0183 0.1397 0.9900
vn -0.0183 0.1396 0.9900
vn -0.0143 0.0853 0.9963
vn 0.0012 0.1521 0.9884
vn -0.0123 0.2248 0.9743
vn 0.0011 0.1521 0.9884
vn -0.0122 0.2247 0.9744
vn -0.0219 0.2034 0.9788
vn -0.0376 0.1542 0.9873
vn -0.0376 0.1541 0.9873
vn -0.0421 0.1093 0.9931
vn -0.0421 0.1092 0.9931
vn -0.0144 0.0853 0.9962
vn -0.0115 0.3325 0.9430
vn -0.0621 0.2966 0.9530
vn -0.0116 0.3325 0.9430
vn 0.0166 0.1236 0.9922
vn 0.0057 0.1727 0.9850
vn 0.0029 0.2579 0.9662
vn 0.0097 0.1677 0.9858
vn 0.0216 0.0024 0.9998
vn 0.0028 0.2580 0.9661
vn 0.0097 0.1678 0.9858
vn 0.0079 0.0245 0.9997
vn 0.0141 0.0887 0.9960
vn 0.0127 -0.1463 0.9892
vn 0.0311 -0.0747 0.9967
vn 0.0216 0.0023 0.9998
vn 0.0153 -0.0298 0.9994
vn 0.0183 0.2069 0.9782
vn 0.0145 0.1980 0.9801
vn 0.0117 -0.0214 0.9997
vn 0.0129 0.2005 0.9796
vn 0.0079 0.0246 0.9997
vn 0.0117 -0.0439 0.9990
vn 0.0117 -0.0438 0.9990
vn 0.0076 0.2103 0.9776
vn 0.0311 -0.0746 0.9967
vn 0.0257 0.0190 0.9995
vn 0.0183 0.2070 0.9782
vn 0.0129 0.2006 0.9796
vn 0.0145 0.1981 0.9801
vn 0.0148 0.3958 0.9182
vn 0.0148 0.3959 0.9182
vn 0.0076 0.2104 0.9776
vn 0.0148 0.3960 0.9181
vn 0.0153 -0.0300 0.9994
vn 0.0099 -0.1498 0.9887
vn 0.0117 -0.0215 0.9997
vn 0.0183 0.2068 0.9782
vn 0.0144 -0.0731 0.9972
vn 0.0153 -0.0299 0.9994
vn 0.0098 -0.1498 0.9887
vn 0.0305 -0.0550 -0.9980
vn -0.0011 -0.0976 -0.9952
vn 0.0266 -0.1772 -0.9838
vn -0.0196 0.0464 -0.9987
vn 0.0306 -0.0551 -0.9980
vn -0.0196 0.0466 -0.9987
vn -0.0540 0.1266 -0.9905
vn -0.0197 0.0466 -0.9987
vn -0.0868 0.1737 -0.9810
vn -0.0541 0.1266 -0.9905
vn -0.0089 -0.0030 -1.0000
vn -0.0024 -0.2166 -0.9763
vn -0.0088 -0.0030 -1.0000
vn -0.0089 -0.0028 -1.0000
vn -0.0021 -0.0386 -0.9993
vn 0.0145 0.2032 -0.9790
vn 0.0152 0.1987 -0.9799
vn -0.0193 0.0594 -0.9980
vn -0.0194 0.0594 -0.9980
vn -0.0294 0.2822 -0.9589
vn -0.0194 0.0595 -0.9980
vn -0.0031 0.0042 -1.0000
vn -0.0031 0.0041 -1.0000
vn 0.0040 0.2867 -0.9580
vn -0.0099 -0.0024 -0.9999
vn 0.0041 0.2867 -0.9580
vn -0.0023 -0.2166 -0.9763
vn -0.0021 -0.0387 -0.9992
vn -0.0227 -0.2012 -0.9793
vn -0.0021 -0.0388 -0.9992
vn -0.0114 -0.2077 -0.9781
vn -0.0114 -0.2076 -0.9781
vn -0.0194 0.0592 -0.9981
vn -0.0031 0.0040 -1.0000
vn -0.0194 0.0593 -0.9981
vn 0.0136 -0.2106 -0.9775
vn -0.0160 -0.2015 -0.9794
vn -0.0099 -0.0027 -0.9999
vn -0.0182 -0.1990 -0.9798
vn -0.0099 -0.0026 -0.9999
vn -0.0160 -0.2014 -0.9794
vn -0.0053 0.1318 -0.9913
vn -0.0053 0.1319 -0.9912
vn 0.0037 0.2867 -0.9580
vn -0.0099 -0.0025 -0.9999
vn -0.0053 0.1320 -0.9912
vn 0.0007 0.2817 -0.9595
vn -0.0032 0.2918 -0.9565
vn 0.0006 0.2817 -0.9595
vn -0.0119 -0.0022 -0.9999
vn -0.0119 -0.0024 -0.9999
vn -0.0109 -0.1987 -0.9800
vn -0.0119 -0.0023 -0.9999
vn -0.0114 -0.0378 -0.9992
vn -0.0192 0.1275 -0.9917
vn -0.0176 -0.1020 -0.9946
vn -0.0114 -0.0377 -0.9992
vn -0.0169 0.1298 -0.9914
vn -0.0193 0.1276 -0.9916
vn -0.0222 0.1336 -0.9908
vn -0.0169 0.1297 -0.9914
vn -0.0062 -0.0772 -0.9970
vn -0.0242 0.0257 -0.9994
vn -0.0173 0.0016 -0.9998
vn -0.0437 0.0133 -0.9990
vn -0.0398 -0.0414 -0.9983
vn -0.0242 0.0258 -0.9994
vn -0.0173 0.0017 -0.9998
vn -0.0374 0.0997 -0.9943
vn -0.0471 0.0779 -0.9958
vn -0.0630 0.0281 -0.9976
vn -0.0676 -0.0172 -0.9976
vn -0.0630 0.0280 -0.9976
vn -0.0675 -0.0172 -0.9976
vn -0.0361 0.2105 -0.9769
vn -0.0196 0.0467 -0.9987
vn -0.0157 0.0416 -0.9990
vn -0.0219 0.1335 -0.9908
vn -0.0038 -0.1242 -0.9923
vn -0.0114 -0.0379 -0.9992
vn -0.0123 -0.2703 -0.9627
vn -0.0176 -0.1021 -0.9946
vn -0.0114 -0.0380 -0.9992
vn -0.0122 -0.2703 -0.9627
vn 0.0059 -0.2002 -0.9797
vn -0.0038 -0.1242 -0.9922
vn -0.0107 0.0723 -0.9973
vn -0.0069 0.0814 -0.9967
vn -0.0101 -0.1561 -0.9877
vn -0.0137 -0.1478 -0.9889
vn -0.0123 0.0749 -0.9971
vn -0.0137 -0.1700 -0.9853
vn -0.0176 -0.1022 -0.9946
vn -0.0137 -0.1699 -0.9854
vn -0.0176 0.0849 -0.9962
vn -0.0193 0.1274 -0.9917
vn 0.0002 -0.1077 -0.9942
vn 0.0002 -0.1076 -0.9942
vn -0.0069 0.0816 -0.9966
vn -0.0092 0.2765 -0.9610
vn -0.0107 0.0724 -0.9973
vn -0.0123 0.0750 -0.9971
vn -0.0176 0.0851 -0.9962
vn -0.0192 0.1275 -0.9916
vn -0.0069 0.0815 -0.9966
vn -0.0092 0.2766 -0.9609
vn -0.0150 -0.2737 -0.9617
vn -0.0101 -0.1562 -0.9877
vn -0.0109 -0.1986 -0.9800
vn -0.0151 -0.2742 -0.9616
vn 0.3169 0.9463 -0.0642
vn 0.3671 0.9280 -0.0637
vn 0.3671 0.9280 -0.0636
vn 0.4205 0.9051 -0.0629
vn 0.1374 -0.9886 0.0611
vn 0.1130 -0.9917 0.0616
vn 0.1050 -0.9926 0.0617
vn 0.0415 -0.9972 0.0628
vn 0.0418 -0.9971 0.0628
vn 0.1300 -0.9896 0.0612
vn 0.0088 -0.9980 0.0633
vn 0.2599 -0.9639 0.0579
vn 0.1494 0.9867 -0.0646
vn 0.1577 0.9854 -0.0646
vn 0.1661 0.9840 -0.0646
vn -0.1365 -0.9885 0.0646
vn -0.0808 -0.9947 0.0642
vn -0.2316 -0.9707 0.0646
vn -0.1365 -0.9885 0.0645
vn 0.1578 0.9854 -0.0646
vn 0.2043 0.9768 -0.0647
vn 0.0197 0.9978 -0.0637
vn 0.1062 0.9923 -0.0644
vn 0.1973 0.9782 -0.0647
vn -0.0149 -0.9979 0.0636
vn -0.0361 -0.9973 0.0638
vn -0.0572 -0.9963 0.0640
vn 0.1563 0.9856 -0.0646
vn 0.0193 0.9978 -0.0637
vn -0.9244 -0.3798 0.0359
vn 0.0193 0.9978 -0.0636
vn 0.1562 0.9856 -0.0646
vn -0.1124 0.9918 -0.0616
vn -0.0927 -0.9936 0.0643
vn -0.0855 -0.9943 0.0643
vn 0.1299 -0.9896 0.0612
vn -0.0573 -0.9963 0.0640
vn -0.1841 -0.9808 0.0647
vn -0.3533 -0.9333 0.0638
vn -0.5972 -0.8000 0.0584
vn -0.6936 -0.7183 0.0545
vn -0.1843 -0.9808 0.0647
vn -0.5972 -0.8000 0.0585
vn -0.6803 -0.7309 0.0551
vn -0.6937 -0.7182 0.0545
vn -0.5973 -0.7999 0.0584
vn 0.2348 0.9699 -0.0646
vn 0.2044 0.9767 -0.0647
vn -0.6801 -0.7310 0.0551
vn -0.1841 -0.9808 0.0646
vn -0.6801 -0.7310 0.0552
vn -0.2101 0.9759 -0.0593
vn -0.2557 0.9650 -0.0581
vn -0.1161 0.9913 -0.0615
vn -0.0669 0.9958 -0.0624
vn 0.0499 0.9967 -0.0640
vn 0.1207 0.9906 -0.0645
vn -0.1898 -0.9797 0.0647
vn -0.1389 -0.9882 0.0646
vn -0.1140 -0.9914 0.0644
vn 0.0198 -0.9978 0.0631
vn -0.1140 -0.9914 0.0645
vn 0.0500 0.9967 -0.0640
vn 0.0377 0.9972 -0.0638
vn -0.1424 0.9879 -0.0610
vn -0.1425 0.9879 -0.0610
vn 0.0377 0.9973 -0.0638
vn -0.2126 0.9753 -0.0593
vn -0.1020 0.9929 -0.0618
vn -0.1425 0.9879 -0.0609
vn 0.0165 -0.9979 0.0632
vn 0.1347 -0.9890 0.0611
vn -0.1388 -0.9882 0.0646
vn -0.1897 -0.9797 0.0647
vn 0.2617 -0.9634 0.0579
vn 0.0166 -0.9979 0.0632
vn -0.1019 0.9929 -0.0618
vn 0.0112 0.9979 -0.0635
vn 0.0275 0.9976 -0.0637
vn -0.2207 -0.9732 0.0647
vn -0.1544 -0.9859 0.0646
vn -0.2892 -0.9551 0.0644
vn 0.0113 0.9979 -0.0636
vn 0.0445 0.9970 -0.0639
vn 0.0452 0.9969 -0.0639
vn 0.0444 0.9970 -0.0639
vn -0.0790 -0.9948 0.0642
vn -0.0668 -0.9957 0.0641
vn -0.1543 -0.9859 0.0646
vn -0.2206 -0.9732 0.0647
vn 0.0453 0.9969 -0.0639
vn 0.0345 0.9974 -0.0638
vn 0.0231 0.9977 -0.0637
vn -0.0467 -0.9969 0.0639
vn -0.0386 -0.9972 0.0639
vn 0.0026 0.9980 -0.0634
vn -0.0064 0.9980 -0.0633
vn -0.0135 -0.9979 0.0636
vn 0.0038 -0.9980 0.0634
vn -0.1139 -0.9914 0.0645
vn 0.1171 -0.9912 0.0615
vn 0.0826 -0.9946 0.0621
vn 0.0198 -0.9978 0.0632
vn 0.0825 -0.9947 0.0621
vn 0.1170 -0.9912 0.0615
vn -0.0196 -0.9978 0.0637
vn -0.0882 -0.9940 0.0643
vn -0.0196 -0.9978 0.0636
vn -0.4893 -0.8699 0.0615
vn -0.3015 -0.9513 0.0643
vn -0.1269 -0.9898 0.0644
vn -0.0065 0.9980 -0.0633
vn -0.0155 0.9979 -0.0632
vn -0.1269 -0.9898 0.0645
vn -0.3014 -0.9513 0.0643
vn -0.0134 -0.9979 0.0636
vn -0.0883 -0.9940 0.0643
vn -0.2149 -0.9745 0.0647
vn -0.2775 -0.9586 0.0645
vn -0.2775 -0.9586 0.0644
vn -0.2150 -0.9745 0.0647
vn -0.4649 -0.8832 0.0621
vn -0.6139 -0.7872 0.0579
vn 0.0076 -0.9980 0.0633
vn -0.0046 -0.9980 0.0635
vn -0.0166 -0.9978 0.0636
vn -0.6141 -0.7871 0.0579
vn -0.7782 -0.6260 0.0497
vn -0.6141 -0.7871 0.0578
vn 0.9665 -0.2565 0.0040
vn 0.1819 0.9812 -0.0647
vn -0.0287 -0.9976 0.0638
vn -0.3039 0.9510 -0.0566
vn -0.2558 0.9650 -0.0581
vn -0.2102 0.9759 -0.0593
vn -0.3039 0.9510 -0.0565
vn 0.0570 -0.9964 0.0626
vn 0.0730 -0.9954 0.0623
vn 0.0413 -0.9972 0.0628
vn -0.0421 0.1091 0.9931
vn 0.0030 0.2579 0.9662
vn 0.0183 0.2071 0.9782
vn 0.0098 -0.1499 0.9886
vn 0.0038 0.2867 -0.9580
vn -0.0220 0.1336 -0.9908
vn -0.6803 -0.7308 0.0551
vn -0.2126 0.9754 -0.0593
vn 0.0443 0.9970 -0.0639
vn -0.1139 -0.9914 0.0646
vn -0.3016 -0.9513 0.0643
vn -0.0287 -0.9976 0.0637
vt 0.790430 0.886180
vt 0.764400 0.945720
vt 0.873470 0.960790
vt 0.865800 0.879240
vt 0.839240 0.839840
vt 0.887550 0.795820
vt 0.663000 0.838970
vt 0.694390 0.838440
vt 0.529000 0.774770
vt 0.741740 0.813060
vt 0.569090 0.772130
vt 0.717320 0.887330
vt 0.793370 0.811710
vt 0.857500 0.798750
vt 0.580560 0.198580
vt 0.588760 0.168120
vt 0.604060 0.207400
vt 0.557650 0.197480
vt 0.563150 0.159340
vt 0.540970 0.171930
vt 0.533050 0.208320
vt 0.526630 0.203380
vt 0.521360 0.175840
vt 0.505700 0.166570
vt 0.492470 0.202880
vt 0.489680 0.177680
vt 0.447980 0.207090
vt 0.444240 0.186900
vt 0.337860 0.218060
vt 0.336080 0.199820
vt 0.189690 0.221400
vt 0.192290 0.209180
vt 0.610990 0.170620
vt 0.632460 0.163000
vt 0.651850 0.203920
vt 0.025770 0.728820
vt 0.041230 0.714200
vt 0.042600 0.716840
vt 0.651030 0.147300
vt 0.669020 0.187530
vt 0.055790 0.706250
vt 0.057590 0.709370
vt 0.078570 0.706040
vt 0.682990 0.127630
vt 0.694850 0.170020
vt 0.657370 0.127110
vt 0.076400 0.699090
vt 0.099830 0.710790
vt 0.083060 0.692660
vt 0.701680 0.158670
vt 0.732700 0.160290
vt 0.103710 0.699370
vt 0.759430 0.140670
vt 0.223070 0.706950
vt 0.136800 0.713120
vt 0.223890 0.698470
vt 0.133730 0.703770
vt 0.106880 0.722270
vt 0.108740 0.706080
vt 0.125570 0.705240
vt 0.125310 0.690960
vt 0.117550 0.702450
vt 0.765080 0.160310
vt 0.742130 0.167700
vt 0.752960 0.159410
vt 0.076050 0.668330
vt 0.783520 0.167040
vt 0.745560 0.190760
vt 0.635910 0.229840
vt 0.092010 0.693210
vt 0.047660 0.663780
vt 0.074250 0.644150
vt 0.102900 0.666760
vt 0.772710 0.478020
vt 0.767220 0.482460
vt 0.759520 0.469640
vt 0.760020 0.477900
vt 0.125770 0.670990
vt 0.124890 0.703290
vt 0.741000 0.475540
vt 0.738300 0.468550
vt 0.748680 0.468190
vt 0.732820 0.479600
vt 0.728280 0.472660
vt 0.716320 0.476310
vt 0.715160 0.471050
vt 0.694850 0.478370
vt 0.694580 0.472940
vt 0.147440 0.670450
vt 0.156220 0.707560
vt 0.187120 0.692810
vt 0.167890 0.659960
vt 0.195540 0.664700
vt 0.196320 0.699130
vt 0.241720 0.700220
vt 0.238350 0.660490
vt 0.302580 0.695390
vt 0.299200 0.655500
vt 0.665360 0.475240
vt 0.665750 0.480760
vt 0.576680 0.486360
vt 0.585330 0.480710
vt 0.465950 0.644070
vt 0.448570 0.681180
vt 0.494820 0.478740
vt 0.458060 0.489550
vt 0.399660 0.478450
vt 0.398080 0.488640
vt 0.342720 0.486630
vt 0.129710 0.553850
vt 0.023420 0.538310
vt 0.981260 0.555490
vt 0.645600 0.534060
vt 0.165050 0.527530
vt 0.560320 0.523130
vt 0.343870 0.476690
vt 0.321400 0.473460
vt 0.317800 0.484110
vt 0.307080 0.468200
vt 0.303040 0.480430
vt 0.287250 0.472180
vt 0.277520 0.455830
vt 0.303230 0.461310
vt 0.751490 0.474920
vt 0.366170 0.478060
vt 0.691100 0.570490
vt 0.354740 0.568780
vt 0.802310 0.590730
vt 0.655560 0.652670
vt 0.854690 0.657000
vt 0.645800 0.676670
vt 0.850510 0.684120
vt 0.916160 0.670190
vt 0.542870 0.477410
vt 0.548850 0.482020
vt 0.536140 0.482490
vt 0.555200 0.654380
vt 0.568630 0.641220
vt 0.584900 0.653550
vt 0.528640 0.477920
vt 0.519180 0.483040
vt 0.620720 0.653020
vt 0.604050 0.640400
vt 0.501850 0.483030
vt 0.640300 0.641080
vt 0.511490 0.478370
vt 0.957780 0.693690
vt 0.945150 0.682260
vt 0.785380 0.560420
vt 0.527360 0.488470
vt 0.540110 0.679140
vt 0.542090 0.641980
vt 0.031350 0.215360
vt 0.041750 0.201550
s 0
f 3/1/1 2/2/1 1/3/1
f 1/3/1 4/4/1 3/1/1
f 3/1/1 4/4/1 8/5/1
f 4/4/1 9/6/1 8/5/1
f 5/7/1 3/1/1 10/8/1
f 10/8/1 11/9/1 5/7/1
f 10/8/1 6/10/1 11/9/1
f 6/10/1 12/11/1 11/9/1
f 2/2/1 3/1/1 13/12/1
f 3/1/1 5/7/1 13/12/1
f 7/13/1 8/5/1 14/14/1
f 8/5/1 9/6/1 14/14/1
f 7/13/1 8/5/1 9/6/1
f 15/3/2 16/2/2 17/1/2
f 17/1/2 18/4/2 15/3/2
f 22/5/2 18/4/2 17/1/2
f 22/5/2 23/6/2 18/4/2
f 24/8/2 17/1/2 19/7/2
f 19/7/2 25/9/2 24/8/2
f 25/9/2 20/10/2 24/8/2
f 25/9/2 26/11/2 20/10/2
f 27/12/2 17/1/2 16/2/2
f 27/12/2 19/7/2 17/1/2
f 28/14/2 22/5/2 21/13/2
f 28/14/2 23/6/2 22/5/2
f 23/6/2 22/5/2 21/13/2
f 43/15/1 42/16/1 41/17/3
f 45/18/1 44/19/1 43/15/1
f 46/20/1 44/19/1 45/18/1
f 47/21/1 46/20/1 45/18/1
f 48/22/1 46/20/1 47/21/1
f 49/23/1 46/20/1 48/22/1
f 50/24/1 49/23/1 48/22/1
f 51/25/1 50/24/1 48/22/1
f 52/26/1 50/24/1 51/25/1
f 53/27/1 52/26/1 51/25/1
f 54/28/1 52/26/1 53/27/1
f 55/29/1 54/28/1 53/27/1
f 56/30/1 54/28/1 55/29/1
f 57/31/1 56/30/1 55/29/1
f 58/32/1 56/30/1 57/31/1
f 44/19/1 42/16/1 43/15/1
f 42/16/1 39/33/1 41/17/3
f 37/34/1 62/35/4 39/33/1
f 40/36/5 62/37/4 38/38/6
f 35/39/1 63/40/7 37/34/1
f 38/38/6 63/41/7 36/42/8
f 37/34/1 63/40/9 62/35/10
f 62/37/4 63/41/11 38/38/6
f 36/42/12 63/41/13 33/43/14
f 31/44/1 64/45/15 34/46/1
f 33/43/16 64/47/17 32/48/18
f 63/41/7 64/47/17 33/43/19
f 34/46/1 64/45/15 35/39/1
f 35/39/1 64/45/15 63/40/9
f 64/47/20 65/49/21 32/48/22
f 31/44/1 65/50/21 64/45/15
f 31/44/1 66/51/23 65/50/21
f 65/49/24 66/52/25 32/48/22
f 31/44/1 67/53/1 66/51/23
f 30/54/26 70/55/27 29/56/1
f 70/55/27 68/57/1 29/56/1
f 61/58/28 70/55/29 30/54/30
f 71/59/31 61/58/32 32/48/22
f 32/48/22 66/52/33 71/59/31
f 70/55/27 72/60/34 68/57/1
f 67/61/1 72/60/34 69/62/1
f 68/57/1 72/60/34 67/61/1
f 72/63/34 71/64/31 69/65/1
f 67/61/1 29/56/1 68/57/1
f 31/66/1 29/56/1 67/61/1
f 67/61/1 69/62/1 66/52/23
f 66/52/23 69/62/1 71/59/31
f 70/67/29 61/68/32 72/63/35
f 72/63/35 61/68/28 71/64/36
f 62/35/4 40/69/5 41/17/3
f 39/33/1 62/35/10 41/17/3
f 81/17/37 82/16/2 83/15/2
f 83/15/2 84/19/2 85/18/2
f 85/18/2 84/19/2 86/20/2
f 85/18/2 86/20/2 87/21/2
f 87/21/2 86/20/2 88/22/2
f 88/22/2 86/20/2 89/23/2
f 88/22/2 89/23/2 90/24/2
f 88/22/2 90/24/2 91/25/2
f 91/25/2 90/24/2 92/26/2
f 91/25/2 92/26/2 93/27/2
f 93/27/2 92/26/2 94/28/2
f 93/27/2 94/28/2 95/29/2
f 95/29/2 94/28/2 96/30/2
f 95/29/2 96/30/2 97/31/2
f 97/31/2 96/30/2 98/32/2
f 83/15/2 82/16/2 84/19/2
f 81/17/37 79/33/2 82/16/2
f 79/33/2 102/35/38 78/34/2
f 38/38/39 102/37/40 80/36/41
f 78/34/2 103/40/42 77/39/2
f 36/42/43 103/41/42 38/38/39
f 102/35/38 103/40/42 78/34/2
f 38/38/39 103/41/42 102/37/44
f 33/43/45 103/41/46 36/42/47
f 76/46/2 104/45/48 75/44/2
f 32/48/49 104/47/50 33/43/45
f 33/43/51 104/47/50 103/41/42
f 77/39/2 104/45/48 76/46/2
f 103/40/42 104/45/48 77/39/2
f 32/48/49 105/49/52 104/47/53
f 104/45/48 105/50/52 75/44/2
f 105/50/52 106/51/54 75/44/2
f 32/48/49 106/52/55 105/49/56
f 106/51/54 107/53/2 75/44/2
f 73/56/2 110/55/57 74/54/58
f 73/56/2 108/57/2 110/55/57
f 74/54/59 110/55/60 101/58/61
f 32/48/49 101/58/62 111/59/63
f 111/59/64 106/52/65 32/48/49
f 108/57/2 112/60/66 110/55/57
f 109/62/2 112/60/66 107/61/2
f 107/61/2 112/60/66 108/57/2
f 109/65/2 111/64/67 112/63/66
f 108/57/2 73/56/2 107/61/2
f 107/61/2 73/56/2 75/66/2
f 106/52/54 109/62/2 107/61/2
f 111/59/67 109/62/2 106/52/54
f 112/63/68 101/68/69 110/67/57
f 111/64/67 101/68/69 112/63/68
f 81/17/70 80/69/71 102/35/38
f 81/17/37 102/35/38 79/33/2
f 38/38/72 80/36/73 40/36/73
f 61/58/74 101/58/74 32/48/74
f 115/70/75 113/71/76 116/72/77
f 115/70/75 116/72/77 117/73/78
f 116/74/79 114/75/80 117/76/78
f 114/75/81 124/77/82 117/76/78
f 117/73/83 125/78/84 115/70/85
f 115/70/85 125/78/84 118/79/86
f 126/80/87 127/81/88 125/82/89
f 126/80/90 128/83/91 127/81/88
f 128/83/91 129/84/92 127/81/93
f 128/83/94 130/85/95 129/84/92
f 130/85/95 131/86/96 129/84/92
f 130/85/95 132/87/97 131/86/98
f 132/87/97 133/88/99 131/86/100
f 125/78/84 127/89/101 118/79/86
f 118/79/86 127/89/93 119/90/102
f 119/90/102 127/89/93 120/91/103
f 127/89/93 129/92/104 120/91/103
f 129/92/105 131/93/106 120/91/103
f 120/91/103 131/93/106 121/94/107
f 121/94/107 131/93/106 122/95/108
f 131/93/106 133/96/99 122/95/108
f 122/95/108 133/96/109 123/97/110
f 133/96/99 134/98/111 123/97/112
f 133/88/99 132/87/113 134/99/114
f 132/87/97 135/100/115 134/99/114
f 135/100/115 136/101/116 134/99/114
f 136/101/116 137/102/117 134/99/118
f 134/98/111 137/103/119 123/97/112
f 137/103/120 138/104/121 123/97/110
f 140/105/122 144/106/123 141/107/124
f 144/106/123 145/108/125 141/107/126
f 145/108/127 146/109/128 141/107/126
f 147/110/129 148/111/130 143/112/131
f 148/111/130 149/113/1 143/112/131
f 148/111/130 150/114/132 149/113/1
f 150/114/133 151/115/134 149/113/1
f 147/116/129 146/109/128 148/117/135
f 146/109/128 152/118/136 148/117/135
f 148/117/137 152/118/136 150/119/132
f 152/118/138 153/120/139 150/119/132
f 153/120/139 154/121/140 150/119/132
f 154/121/141 155/122/142 150/119/132
f 150/119/132 155/122/143 151/123/144
f 126/80/87 125/82/89 157/124/145
f 117/76/78 124/77/146 157/124/147
f 125/82/148 117/76/149 157/124/145
f 146/109/150 147/116/129 158/125/151
f 147/110/129 142/126/152 158/127/151
f 142/126/152 141/128/126 158/127/151
f 141/107/126 146/109/153 158/125/154
f 140/129/155 141/130/156 139/131/157
f 156/132/158 139/131/157 141/130/126
f 142/133/159 156/132/158 141/130/126
f 161/134/160 159/135/161 162/136/162
f 161/137/160 162/138/162 163/139/163
f 163/140/163 162/136/162 164/141/164
f 140/129/165 139/131/157 165/142/166
f 163/139/163 164/143/164 165/142/167
f 144/106/123 140/105/122 166/144/168
f 140/129/122 165/142/167 166/145/168
f 165/146/167 164/141/164 166/144/168
f 143/147/131 156/132/169 167/148/170
f 156/132/169 142/133/152 167/148/170
f 142/126/152 147/110/129 167/149/170
f 147/110/129 143/112/131 167/149/170
f 159/135/171 137/102/117 136/101/116
f 164/141/172 162/136/173 168/150/174
f 168/150/175 144/106/123 166/144/176
f 164/141/164 168/150/175 166/144/176
f 168/150/175 162/136/173 159/135/171
f 136/101/116 168/150/177 159/135/171
f 161/137/178 163/139/163 160/151/179
f 165/142/166 139/131/157 160/151/179
f 163/139/180 165/142/166 160/151/179
f 137/103/120 159/152/181 138/104/182
f 138/104/121 159/152/181 161/137/183
f 160/151/184 138/104/182 161/137/178
f 169/72/185 113/71/186 115/70/187
f 170/73/188 169/72/189 115/70/187
f 170/76/190 114/75/191 169/74/185
f 170/76/192 124/77/193 114/75/194
f 115/70/187 171/78/195 170/73/188
f 118/79/196 171/78/197 115/70/187
f 171/82/198 172/81/199 126/80/200
f 172/81/199 128/83/201 126/80/200
f 172/81/199 173/84/202 128/83/201
f 173/84/203 130/85/204 128/83/201
f 173/84/205 174/86/206 130/85/204
f 174/86/207 132/87/208 130/85/204
f 174/86/206 175/88/209 132/87/210
f 118/79/211 172/89/212 171/78/195
f 119/90/213 172/89/214 118/79/196
f 120/91/215 172/89/214 119/90/213
f 120/91/216 173/92/217 172/89/212
f 120/91/216 174/93/218 173/92/219
f 121/94/220 174/93/218 120/91/216
f 122/95/221 174/93/218 121/94/220
f 122/95/221 175/96/222 174/93/207
f 123/97/223 175/96/224 122/95/225
f 123/97/223 176/98/226 175/96/224
f 176/99/227 132/87/228 175/88/229
f 176/99/230 135/100/231 132/87/208
f 176/99/227 136/101/232 135/100/233
f 176/99/227 177/102/234 136/101/232
f 123/97/223 177/103/235 176/98/226
f 123/97/223 138/104/236 177/103/237
f 179/107/238 144/106/239 178/105/240
f 179/107/241 145/108/242 144/106/243
f 179/107/241 146/109/244 145/108/245
f 181/112/246 183/111/247 182/110/248
f 181/112/246 184/113/2 183/111/247
f 184/113/2 185/114/249 183/111/247
f 184/113/2 186/115/250 185/114/249
f 183/117/251 146/109/244 182/116/252
f 183/117/251 152/118/253 146/109/244
f 185/119/249 152/118/253 183/117/251
f 185/119/249 153/120/254 152/118/253
f 185/119/249 154/121/255 153/120/254
f 185/119/249 155/122/256 154/121/257
f 186/123/250 155/122/258 185/119/249
f 157/124/259 171/82/195 126/80/200
f 157/124/259 124/77/193 170/76/190
f 157/124/259 170/76/260 171/82/198
f 187/125/261 182/116/252 146/109/262
f 187/127/261 180/126/263 182/110/248
f 187/127/261 179/128/264 180/126/263
f 187/125/261 146/109/244 179/107/238
f 139/131/265 179/130/264 178/129/266
f 179/130/267 139/131/268 156/132/269
f 179/130/264 156/132/269 180/133/270
f 190/136/271 188/135/272 189/134/273
f 191/139/274 190/138/271 189/137/273
f 192/141/275 190/136/271 191/140/274
f 193/142/276 139/131/268 178/129/277
f 193/142/278 192/143/275 191/139/274
f 194/144/279 178/105/240 144/106/280
f 194/145/279 193/142/278 178/129/240
f 194/144/279 192/141/275 193/146/278
f 195/148/281 156/132/269 181/147/246
f 195/148/281 180/133/270 156/132/269
f 195/149/282 182/110/248 180/126/263
f 195/149/282 181/112/246 182/110/248
f 136/101/232 177/102/234 188/135/283
f 168/150/284 190/136/285 192/141/286
f 194/144/287 144/106/288 168/150/284
f 194/144/287 168/150/284 192/141/275
f 188/135/289 190/136/285 168/150/284
f 188/135/289 168/150/290 136/101/232
f 160/151/291 191/139/274 189/137/292
f 160/151/291 139/131/265 193/142/276
f 160/151/291 193/142/276 191/139/274
f 138/104/236 188/152/272 177/103/237
f 189/137/273 188/152/272 138/104/293
f 189/137/292 138/104/236 160/151/294
f 113/71/295 169/72/296 116/72/296
f 116/74/296 169/74/297 114/75/298
f 155/122/299 186/123/300 151/123/301
f 143/147/302 181/147/302 156/132/303
f 2/2/304 16/2/305 15/3/306
f 1/3/306 2/2/304 15/3/306
f 1/3/307 15/3/307 18/4/308
f 4/4/309 1/3/307 18/4/308
f 8/5/310 22/5/311 17/1/312
f 3/1/312 8/5/313 17/1/312
f 4/4/309 18/4/314 23/6/315
f 9/6/315 4/4/309 23/6/315
f 3/1/316 17/1/316 24/8/317
f 10/8/318 3/1/316 24/8/317
f 11/9/319 25/9/319 19/7/320
f 5/7/321 11/9/319 19/7/320
f 10/8/318 24/8/317 20/10/322
f 6/10/323 10/8/318 20/10/322
f 12/11/324 26/11/324 25/9/324
f 11/9/324 12/11/324 25/9/324
f 6/10/325 20/10/326 26/11/327
f 12/11/327 6/10/325 26/11/327
f 13/12/328 27/12/329 16/2/305
f 2/2/330 13/12/328 16/2/305
f 5/7/331 19/7/320 27/12/329
f 13/12/328 5/7/331 27/12/329
f 7/13/332 21/13/333 22/5/311
f 8/5/310 7/13/332 22/5/311
f 14/14/334 28/14/335 21/13/333
f 7/13/336 14/14/337 21/13/333
f 9/6/338 23/6/338 28/14/339
f 14/14/340 9/6/338 28/14/339
f 8/5/341 22/5/341 23/6/342
f 9/6/342 8/5/341 23/6/342
f 7/13/332 21/13/333 22/5/311
f 8/5/310 7/13/332 22/5/311
f 9/6/343 23/6/343 21/13/333
f 7/13/344 9/6/345 21/13/333
f 58/32/1 57/31/1 59/153/1
f 60/154/1 58/32/1 59/153/1
f 100/154/2 99/153/2 97/31/2
f 98/32/2 100/154/2 97/31/2
f 41/17/346 81/17/347 83/15/348
f 43/15/349 41/17/346 83/15/348
f 43/15/349 83/15/348 85/18/350
f 45/18/351 43/15/349 85/18/350
f 46/20/352 86/20/353 84/19/354
f 44/19/355 46/20/352 84/19/356
f 45/18/351 85/18/357 87/21/358
f 47/21/359 45/18/351 87/21/358
f 47/21/360 87/21/361 88/22/362
f 48/22/363 47/21/364 88/22/362
f 49/23/365 89/23/366 86/20/367
f 46/20/368 49/23/365 86/20/367
f 50/24/369 90/24/369 89/23/366
f 49/23/370 50/24/369 89/23/366
f 48/22/371 88/22/362 91/25/372
f 51/25/373 48/22/371 91/25/372
f 52/26/374 92/26/375 90/24/376
f 50/24/376 52/26/374 90/24/376
f 51/25/373 91/25/377 93/27/378
f 53/27/379 51/25/373 93/27/380
f 54/28/381 94/28/382 92/26/383
f 52/26/384 54/28/381 92/26/383
f 53/27/385 93/27/378 95/29/386
f 55/29/387 53/27/385 95/29/386
f 56/30/388 96/30/389 94/28/382
f 54/28/381 56/30/388 94/28/382
f 55/29/387 95/29/386 97/31/390
f 57/31/391 55/29/387 97/31/390
f 58/32/392 98/32/393 96/30/389
f 56/30/388 58/32/392 96/30/389
f 44/19/355 84/19/394 82/16/395
f 42/16/396 44/19/397 82/16/395
f 42/16/398 82/16/399 79/33/400
f 39/33/401 42/16/398 79/33/402
f 59/153/403 99/153/403 100/154/404
f 60/154/405 59/153/403 100/154/404
f 57/31/406 97/31/390 99/153/407
f 59/153/407 57/31/406 99/153/407
f 60/154/408 100/154/409 98/32/393
f 58/32/410 60/154/408 98/32/393
f 39/33/411 79/33/402 78/34/412
f 37/34/413 39/33/411 78/34/412
f 37/34/414 78/34/415 77/39/416
f 35/39/417 37/34/414 77/39/416
f 34/46/418 76/46/418 75/44/419
f 31/44/420 34/46/418 75/44/419
f 35/39/421 77/39/416 76/46/422
f 34/46/422 35/39/423 76/46/422
f 29/56/424 73/56/424 74/54/424
f 30/54/424 29/56/424 74/54/424
f 30/54/425 74/54/425 101/58/425
f 61/58/425 30/54/425 101/58/425
f 31/66/420 75/66/419 73/56/426
f 29/56/426 31/66/420 73/56/426
f 40/69/427 80/69/427 81/17/428
f 41/17/429 40/69/430 81/17/428
f 149/113/431 184/113/432 181/112/433
f 143/112/433 149/113/431 181/112/433
f 151/115/301 186/115/300 184/113/432
f 149/113/431 151/115/301 184/113/432
f 198/1/1 197/2/1 196/3/1
f 196/3/1 199/4/1 198/1/1
f 198/1/1 199/4/1 203/5/1
f 199/4/1 204/6/1 203/5/1
f 200/7/1 198/1/1 205/8/1
f 205/8/1 206/9/1 200/7/1
f 205/8/1 201/10/1 206/9/1
f 201/10/1 207/11/1 206/9/1
f 197/2/1 198/1/1 208/12/1
f 198/1/1 200/7/1 208/12/1
f 202/13/1 203/5/1 209/14/1
f 203/5/1 204/6/1 209/14/1
f 202/13/1 203/5/1 204/6/1
f 210/3/2 211/2/2 212/1/2
f 212/1/2 213/4/2 210/3/2
f 217/5/2 213/4/2 212/1/2
f 217/5/2 218/6/2 213/4/2
f 219/8/2 212/1/2 214/7/2
f 214/7/2 220/9/2 219/8/2
f 220/9/2 215/10/2 219/8/2
f 220/9/2 221/11/2 215/10/2
f 222/12/2 212/1/2 211/2/2
f 222/12/2 214/7/2 212/1/2
f 223/14/2 217/5/2 216/13/2
f 223/14/2 218/6/2 217/5/2
f 218/6/2 217/5/2 216/13/2
f 238/15/1 237/16/1 236/17/3
f 240/18/1 239/19/1 238/15/1
f 241/20/1 239/19/1 240/18/1
f 242/21/1 241/20/1 240/18/1
f 243/22/1 241/20/1 242/21/1
f 244/23/1 241/20/1 243/22/1
f 245/24/1 244/23/1 243/22/1
f 246/25/1 245/24/1 243/22/1
f 247/26/1 245/24/1 246/25/1
f 248/27/1 247/26/1 246/25/1
f 249/28/1 247/26/1 248/27/1
f 250/29/1 249/28/1 248/27/1
f 251/30/1 249/28/1 250/29/1
f 252/31/1 251/30/1 250/29/1
f 253/32/1 251/30/1 252/31/1
f 239/19/1 237/16/1 238/15/1
f 237/16/1 234/33/1 236/17/3
f 232/34/1 257/35/4 234/33/1
f 235/36/5 257/37/4 233/38/6
f 230/39/1 258/40/7 232/34/1
f 233/38/6 258/41/7 231/42/8
f 232/34/1 258/40/9 257/35/10
f 257/37/4 258/41/11 233/38/6
f 231/42/12 258/41/13 228/43/14
f 226/44/1 259/45/15 229/46/1
f 228/43/16 259/47/17 227/48/18
f 258/41/7 259/47/17 228/43/19
f 229/46/1 259/45/15 230/39/1
f 230/39/1 259/45/15 258/40/9
f 259/47/20 260/49/21 227/48/22
f 226/44/1 260/50/21 259/45/15
f 226/44/1 261/51/23 260/50/21
f 260/49/24 261/52/25 227/48/22
f 226/44/1 262/53/1 261/51/23
f 225/54/26 265/55/27 224/56/1
f 265/55/27 263/57/1 224/56/1
f 256/58/28 265/55/29 225/54/30
f 266/59/31 256/58/32 227/48/22
f 227/48/22 261/52/33 266/59/31
f 265/55/27 267/60/34 263/57/1
f 262/61/1 267/60/34 264/62/1
f 263/57/1 267/60/34 262/61/1
f 267/63/34 266/64/31 264/65/1
f 262/61/1 224/56/1 263/57/1
f 226/66/1 224/56/1 262/61/1
f 262/61/1 264/62/1 261/52/23
f 261/52/23 264/62/1 266/59/31
f 265/67/29 256/68/32 267/63/35
f 267/63/35 256/68/28 266/64/36
f 257/35/4 235/69/5 236/17/3
f 234/33/1 257/35/10 236/17/3
f 276/17/37 277/16/2 278/15/2
f 278/15/2 279/19/2 280/18/2
f 280/18/2 279/19/2 281/20/2
f 280/18/2 281/20/2 282/21/2
f 282/21/2 281/20/2 283/22/2
f 283/22/2 281/20/2 284/23/2
f 283/22/2 284/23/2 285/24/2
f 283/22/2 285/24/2 286/25/2
f 286/25/2 285/24/2 287/26/2
f 286/25/2 287/26/2 288/27/2
f 288/27/2 287/26/2 289/28/2
f 288/27/2 289/28/2 290/29/2
f 290/29/2 289/28/2 291/30/2
f 290/29/2 291/30/2 292/31/2
f 292/31/2 291/30/2 293/32/2
f 278/15/2 277/16/2 279/19/2
f 276/17/37 274/33/2 277/16/2
f 274/33/2 297/35/38 273/34/2
f 233/38/39 297/37/40 275/36/41
f 273/34/2 298/40/42 272/39/2
f 231/42/43 298/41/42 233/38/39
f 297/35/38 298/40/42 273/34/2
f 233/38/39 298/41/42 297/37/44
f 228/43/45 298/41/46 231/42/47
f 271/46/2 299/45/48 270/44/2
f 227/48/49 299/47/50 228/43/45
f 228/43/51 299/47/50 298/41/42
f 272/39/2 299/45/48 271/46/2
f 298/40/42 299/45/48 272/39/2
f 227/48/49 300/49/52 299/47/53
f 299/45/48 300/50/52 270/44/2
f 300/50/52 301/51/54 270/44/2
f 227/48/49 301/52/55 300/49/56
f 301/51/54 302/53/2 270/44/2
f 268/56/2 305/55/57 269/54/58
f 268/56/2 303/57/2 305/55/57
f 269/54/59 305/55/60 296/58/61
f 227/48/49 296/58/62 306/59/63
f 306/59/64 301/52/65 227/48/49
f 303/57/2 307/60/66 305/55/57
f 304/62/2 307/60/66 302/61/2
f 302/61/2 307/60/66 303/57/2
f 304/65/2 306/64/67 307/63/66
f 303/57/2 268/56/2 302/61/2
f 302/61/2 268/56/2 270/66/2
f 301/52/54 304/62/2 302/61/2
f 306/59/67 304/62/2 301/52/54
f 307/63/68 296/68/69 305/67/57
f 306/64/67 296/68/69 307/63/68
f 276/17/70 275/69/71 297/35/38
f 276/17/37 297/35/38 274/33/2
f 233/38/72 275/36/73 235/36/73
f 256/58/74 296/58/74 227/48/74
f 310/70/75 308/71/76 311/72/77
f 310/70/75 311/72/77 312/73/78
f 311/74/79 309/75/80 312/76/78
f 309/75/81 319/77/82 312/76/78
f 312/73/83 320/78/84 310/70/85
f 310/70/85 320/78/84 313/79/86
f 321/80/90 322/81/88 320/82/89
f 321/80/87 323/83/91 322/81/88
f 323/83/91 324/84/92 322/81/93
f 323/83/94 325/85/95 324/84/92
f 325/85/95 326/86/96 324/84/92
f 325/85/95 327/87/97 326/86/98
f 327/87/97 328/88/99 326/86/100
f 320/78/84 322/89/101 313/79/86
f 313/79/86 322/89/93 314/90/102
f 314/90/102 322/89/93 315/91/103
f 322/89/93 324/92/104 315/91/103
f 324/92/105 326/93/106 315/91/103
f 315/91/103 326/93/106 316/94/107
f 316/94/107 326/93/106 317/95/108
f 326/93/106 328/96/99 317/95/108
f 317/95/108 328/96/109 318/97/110
f 328/96/99 329/98/111 318/97/112
f 328/88/99 327/87/97 329/99/114
f 327/87/97 330/100/115 329/99/114
f 330/100/115 331/101/116 329/99/118
f 331/101/116 332/102/117 329/99/118
f 329/98/111 332/103/119 318/97/112
f 332/103/120 333/104/121 318/97/110
f 335/105/122 339/106/123 336/107/124
f 339/106/123 340/108/127 336/107/126
f 340/108/127 341/109/128 336/107/126
f 342/110/129 343/111/130 338/112/131
f 343/111/130 344/113/1 338/112/131
f 343/111/130 345/114/132 344/113/1
f 345/114/133 346/115/134 344/113/1
f 342/116/129 341/109/128 343/117/135
f 341/109/128 347/118/136 343/117/135
f 343/117/137 347/118/136 345/119/132
f 347/118/138 348/120/139 345/119/132
f 348/120/139 349/121/140 345/119/132
f 349/121/141 350/122/142 345/119/132
f 345/119/132 350/122/434 346/123/144
f 321/80/87 320/82/89 352/124/145
f 312/76/78 319/77/146 352/124/147
f 320/82/148 312/76/149 352/124/145
f 341/109/435 342/116/129 353/125/151
f 342/110/129 337/126/152 353/127/151
f 337/126/152 336/128/126 353/127/151
f 336/107/126 341/109/153 353/125/154
f 335/129/155 336/130/156 334/131/157
f 351/132/158 334/131/157 336/130/126
f 337/133/159 351/132/158 336/130/126
f 356/134/160 354/135/161 357/136/162
f 356/137/160 357/138/162 358/139/163
f 358/140/163 357/136/162 359/141/164
f 335/129/165 334/131/157 360/142/166
f 358/139/163 359/143/164 360/142/167
f 339/106/123 335/105/122 361/144/168
f 335/129/122 360/142/167 361/145/168
f 360/146/167 359/141/164 361/144/168
f 338/147/131 351/132/169 362/148/170
f 351/132/169 337/133/152 362/148/170
f 337/126/152 342/110/129 362/149/170
f 342/110/129 338/112/131 362/149/170
f 354/135/171 332/102/117 331/101/116
f 359/141/172 357/136/173 363/150/175
f 363/150/175 339/106/123 361/144/176
f 359/141/164 363/150/177 361/144/176
f 363/150/175 357/136/173 354/135/436
f 331/101/116 363/150/177 354/135/171
f 356/137/178 358/139/163 355/151/179
f 360/142/166 334/131/157 355/151/179
f 358/139/180 360/142/166 355/151/179
f 332/103/119 354/152/181 333/104/182
f 333/104/121 354/152/181 356/137/183
f 355/151/437 333/104/182 356/137/178
f 364/72/185 308/71/186 310/70/187
f 365/73/188 364/72/189 310/70/187
f 365/76/190 309/75/191 364/74/185
f 365/76/192 319/77/193 309/75/194
f 310/70/187 366/78/195 365/73/188
f 313/79/196 366/78/197 310/70/187
f 366/82/198 367/81/199 321/80/200
f 367/81/199 323/83/201 321/80/200
f 367/81/199 368/84/202 323/83/201
f 368/84/203 325/85/204 323/83/201
f 368/84/205 369/86/206 325/85/204
f 369/86/207 327/87/208 325/85/204
f 369/86/206 370/88/209 327/87/208
f 313/79/211 367/89/212 366/78/195
f 314/90/213 367/89/214 313/79/196
f 315/91/215 367/89/212 314/90/213
f 315/91/216 368/92/217 367/89/212
f 315/91/216 369/93/218 368/92/219
f 316/94/220 369/93/218 315/91/216
f 317/95/221 369/93/218 316/94/220
f 317/95/221 370/96/222 369/93/207
f 318/97/223 370/96/224 317/95/225
f 318/97/223 371/98/226 370/96/224
f 371/99/227 327/87/438 370/88/229
f 371/99/227 330/100/231 327/87/208
f 371/99/227 331/101/232 330/100/231
f 371/99/227 372/102/234 331/101/232
f 318/97/223 372/103/235 371/98/226
f 318/97/223 333/104/236 372/103/237
f 374/107/238 339/106/239 373/105/240
f 374/107/241 340/108/242 339/106/243
f 374/107/241 341/109/244 340/108/245
f 376/112/246 378/111/247 377/110/248
f 376/112/246 379/113/2 378/111/247
f 379/113/2 380/114/249 378/111/247
f 379/113/2 381/115/250 380/114/249
f 378/117/251 341/109/244 377/116/252
f 378/117/251 347/118/253 341/109/244
f 380/119/249 347/118/253 378/117/251
f 380/119/249 348/120/254 347/118/253
f 380/119/249 349/121/255 348/120/254
f 380/119/249 350/122/256 349/121/257
f 381/123/250 350/122/258 380/119/249
f 352/124/259 366/82/195 321/80/200
f 352/124/259 319/77/193 365/76/190
f 352/124/259 365/76/260 366/82/198
f 382/125/261 377/116/252 341/109/439
f 382/127/261 375/126/263 377/110/248
f 382/127/261 374/128/264 375/126/263
f 382/125/261 341/109/244 374/107/238
f 334/131/265 374/130/264 373/129/266
f 374/130/267 334/131/268 351/132/269
f 374/130/264 351/132/269 375/133/270
f 385/136/271 383/135/272 384/134/273
f 386/139/274 385/138/271 384/137/273
f 387/141/275 385/136/271 386/140/274
f 388/142/276 334/131/268 373/129/277
f 388/142/278 387/143/275 386/139/274
f 389/144/279 373/105/240 339/106/280
f 389/145/279 388/142/278 373/129/240
f 389/144/279 387/141/275 388/146/278
f 390/148/281 351/132/269 376/147/246
f 390/148/281 375/133/270 351/132/269
f 390/149/282 377/110/248 375/126/263
f 390/149/282 376/112/246 377/110/248
f 331/101/232 372/102/234 383/135/283
f 363/150/284 385/136/285 387/141/286
f 389/144/287 339/106/288 363/150/284
f 389/144/287 363/150/284 387/141/275
f 383/135/289 385/136/285 363/150/284
f 383/135/289 363/150/290 331/101/232
f 355/151/291 386/139/274 384/137/292
f 355/151/291 334/131/265 388/142/276
f 355/151/291 388/142/276 386/139/274
f 333/104/236 383/152/272 372/103/237
f 384/137/273 383/152/272 333/104/236
f 384/137/292 333/104/236 355/151/294
f 308/71/295 364/72/296 311/72/296
f 311/74/296 364/74/297 309/75/298
f 350/122/299 381/123/300 346/123/301
f 338/147/302 376/147/302 351/132/303
f 197/2/304 211/2/305 210/3/306
f 196/3/306 197/2/304 210/3/306
f 196/3/307 210/3/307 213/4/308
f 199/4/309 196/3/307 213/4/308
f 203/5/310 217/5/311 212/1/312
f 198/1/312 203/5/313 212/1/312
f 199/4/309 213/4/314 218/6/315
f 204/6/315 199/4/309 218/6/315
f 198/1/316 212/1/316 219/8/317
f 205/8/318 198/1/316 219/8/317
f 206/9/319 220/9/319 214/7/320
f 200/7/321 206/9/319 214/7/320
f 205/8/318 219/8/317 215/10/322
f 201/10/323 205/8/318 215/10/322
f 207/11/324 221/11/324 220/9/324
f 206/9/324 207/11/324 220/9/324
f 201/10/325 215/10/326 221/11/327
f 207/11/327 201/10/325 221/11/327
f 208/12/328 222/12/329 211/2/305
f 197/2/330 208/12/328 211/2/305
f 200/7/331 214/7/320 222/12/329
f 208/12/328 200/7/331 222/12/329
f 202/13/332 216/13/333 217/5/311
f 203/5/310 202/13/332 217/5/311
f 209/14/334 223/14/335 216/13/333
f 202/13/336 209/14/337 216/13/333
f 204/6/440 218/6/440 223/14/339
f 209/14/340 204/6/338 223/14/339
f 203/5/341 217/5/341 218/6/342
f 204/6/342 203/5/341 218/6/342
f 202/13/332 216/13/333 217/5/311
f 203/5/310 202/13/332 217/5/311
f 204/6/343 218/6/343 216/13/333
f 202/13/344 204/6/345 216/13/333
f 253/32/1 252/31/1 254/153/1
f 255/154/1 253/32/1 254/153/1
f 295/154/2 294/153/2 292/31/2
f 293/32/2 295/154/2 292/31/2
f 236/17/346 276/17/347 278/15/348
f 238/15/349 236/17/346 278/15/348
f 238/15/349 278/15/348 280/18/350
f 240/18/351 238/15/349 280/18/350
f 241/20/352 281/20/353 279/19/354
f 239/19/355 241/20/352 279/19/356
f 240/18/351 280/18/357 282/21/358
f 242/21/359 240/18/351 282/21/358
f 242/21/360 282/21/358 283/22/362
f 243/22/363 242/21/364 283/22/362
f 244/23/365 284/23/366 281/20/367
f 241/20/368 244/23/365 281/20/367
f 245/24/369 285/24/369 284/23/366
f 244/23/370 245/24/369 284/23/366
f 243/22/371 283/22/441 286/25/372
f 246/25/373 243/22/371 286/25/372
f 247/26/374 287/26/375 285/24/376
f 245/24/376 247/26/374 285/24/376
f 246/25/373 286/25/377 288/27/442
f 248/27/379 246/25/373 288/27/378
f 249/28/381 289/28/382 287/26/383
f 247/26/384 249/28/381 287/26/383
f 248/27/379 288/27/378 290/29/386
f 250/29/387 248/27/379 290/29/386
f 251/30/388 291/30/389 289/28/382
f 249/28/381 251/30/388 289/28/382
f 250/29/387 290/29/386 292/31/390
f 252/31/391 250/29/387 292/31/390
f 253/32/392 293/32/393 291/30/389
f 251/30/388 253/32/392 291/30/389
f 239/19/355 279/19/443 277/16/395
f 237/16/396 239/19/397 277/16/395
f 237/16/398 277/16/399 274/33/400
f 234/33/401 237/16/398 274/33/402
f 254/153/403 294/153/403 295/154/444
f 255/154/408 254/153/403 295/154/404
f 252/31/406 292/31/390 294/153/407
f 254/153/407 252/31/406 294/153/407
f 255/154/408 295/154/409 293/32/393
f 253/32/410 255/154/408 293/32/393
f 234/33/411 274/33/402 273/34/412
f 232/34/413 234/33/411 273/34/412
f 232/34/414 273/34/415 272/39/416
f 230/39/417 232/34/414 272/39/416
f 229/46/418 271/46/418 270/44/419
f 226/44/420 229/46/418 270/44/419
f 230/39/421 272/39/416 271/46/422
f 229/46/422 230/39/423 271/46/422
f 224/56/424 268/56/424 269/54/424
f 225/54/424 224/56/424 269/54/424
f 225/54/425 269/54/425 296/58/425
f 256/58/425 225/54/425 296/58/425
f 226/66/420 270/66/419 268/56/445
f 224/56/426 226/66/420 268/56/426
f 235/69/430 275/69/430 276/17/428
f 236/17/429 235/69/430 276/17/428
f 344/113/431 379/113/432 376/112/433
f 338/112/433 344/113/431 376/112/433
f 346/115/301 381/115/300 379/113/432
f 344/113/431 346/115/301 379/113/432
o item_back
v 0.000000 70.710701 -0.000010
v 70.710701 0.000000 0.000000
v -70.710701 0.000000 0.000000
v 0.000000 -70.710602 0.000010
v 0.000000 55.656200 3.999992
v 55.656200 0.000000 4.000000
v -55.656101 0.000000 4.000000
v 0.000000 -55.656101 4.000008
v 0.000000 70.710701 -0.000010
v 70.710701 0.000000 0.000000
v -70.710701 0.000000 0.000000
v 0.000000 -70.710602 0.000010
v 0.000000 55.656200 -4.000008
v 55.656200 -0.000000 -4.000000
v -55.656101 -0.000000 -4.000000
v 0.000000 -55.656101 -3.999992
vn 0.2558 0.0853 0.9630
vn -0.0853 0.2559 0.9629
vn 0.0640 0.1919 0.9793
vn 0.1531 -0.0509 0.9869
vn 0.2559 0.0853 0.9629
vn 0.0853 -0.2558 0.9630
vn 0.1532 -0.0511 0.9869
vn -0.0638 -0.1919 0.9793
vn 0.0853 -0.2559 0.9629
vn -0.2558 -0.0853 0.9630
vn -0.0640 -0.1919 0.9793
vn -0.1531 0.0509 0.9869
vn -0.0853 0.2558 0.9630
vn -0.2559 -0.0853 0.9629
vn -0.1532 0.0511 0.9869
vn 0.0638 0.1919 0.9793
vn -0.1531 0.0511 0.9869
vn -0.0640 -0.1918 0.9793
vn 0.1531 -0.0510 0.9869
vn 0.0640 0.1918 0.9793
vn -0.1531 0.0510 0.9869
vn 0.1531 -0.0511 0.9869
vn 0.0640 0.1919 -0.9793
vn -0.0853 0.2558 -0.9630
vn 0.2559 0.0853 -0.9629
vn 0.1532 -0.0510 -0.9869
vn 0.2558 0.0853 -0.9630
vn 0.1532 -0.0511 -0.9869
vn 0.0853 -0.2559 -0.9629
vn -0.0638 -0.1919 -0.9793
vn 0.0853 -0.2558 -0.9630
vn -0.0640 -0.1919 -0.9793
vn -0.2559 -0.0853 -0.9629
vn -0.1532 0.0510 -0.9869
vn -0.2558 -0.0853 -0.9630
vn -0.1532 0.0511 -0.9869
vn -0.0853 0.2559 -0.9629
vn 0.0638 0.1919 -0.9793
vn 0.1531 -0.0510 -0.9869
vn -0.0640 -0.1918 -0.9793
vn -0.1531 0.0510 -0.9869
vn 0.0640 0.1918 -0.9793
vt 0.012420 0.992940
vt 0.007130 0.992940
vt 0.008900 0.991180
vt 0.010660 0.991180
vt 0.012420 0.987660
vt 0.010660 0.989420
vt 0.007130 0.987660
vt 0.008900 0.989420
vt 0.070360 0.884280
vt 0.151230 0.803410
vt 0.232090 0.884280
vt 0.151230 0.965140
vt 0.008920 0.983050
vt 0.007180 0.984790
vt 0.012390 0.984790
vt 0.010660 0.983050
vt 0.012390 0.979570
vt 0.010660 0.981330
vt 0.007180 0.979570
vt 0.008920 0.981330
s 0
f 392/155/446 391/156/447 395/157/448
f 396/158/449 392/155/450 395/157/448
f 394/159/451 392/155/450 396/158/452
f 398/160/453 394/159/454 396/158/452
f 393/161/455 394/159/454 398/160/456
f 397/162/457 393/161/455 398/160/456
f 391/156/458 393/161/459 397/162/460
f 395/157/461 391/156/447 397/162/460
f 397/163/462 398/164/463 396/165/464
f 395/166/465 397/163/466 396/165/467
f 403/167/468 399/168/469 400/169/470
f 404/170/471 403/167/468 400/169/472
f 404/170/473 400/169/472 402/171/474
f 406/172/475 404/170/473 402/171/476
f 406/172/477 402/171/476 401/173/478
f 405/174/479 406/172/477 401/173/480
f 405/174/481 401/173/480 399/168/482
f 403/167/483 405/174/481 399/168/469
f 404/165/484 406/164/485 405/163/486
f 403/166/487 404/165/484 405/163/486
o item_bladens
v 0.000000 70.710701 -0.000010
v 70.710701 0.000000 0.000000
v -70.710701 0.000000 0.000000
v 0.000000 -70.710602 0.000010
v 0.000000 55.656200 3.999992
v 55.656200 0.000000 4.000000
v -55.656101 0.000000 4.000000
v 0.000000 -55.656101 4.000008
v 0.000000 70.710701 -0.000010
v 70.710701 0.000000 0.000000
v -70.710701 0.000000 0.000000
v 0.000000 -70.710602 0.000010
v 0.000000 55.656200 -4.000008
v 55.656200 -0.000000 -4.000000
v -55.656101 -0.000000 -4.000000
v 0.000000 -55.656101 -3.999992
v -82.078400 73.233902 17.122889
v -74.512299 73.410797 17.122889
v -67.890999 56.825298 17.122892
v -70.802299 52.154400 17.122892
v -55.098499 49.274101 17.122892
v -55.651199 39.507599 17.122892
v -58.099098 37.198399 17.122896
v -64.191200 42.836300 17.122892
v -60.774899 29.473404 17.122896
v -56.626400 47.948399 17.122892
v -39.706100 37.522999 17.122896
v -41.394699 35.314400 17.122896
v -64.320801 59.892101 17.122892
v -59.635502 31.377104 17.122896
v -82.078400 73.233902 14.172989
v -74.512299 73.410797 14.172989
v -67.890999 56.825298 14.172994
v -70.802299 52.154400 14.172994
v -55.098499 49.274101 14.172994
v -55.651199 39.507599 14.172995
v -58.099098 37.198399 14.172995
v -64.191200 42.836300 14.172995
v -60.774899 29.473404 14.172997
v -56.626400 47.948399 14.172994
v -39.706100 37.522999 14.172995
v -41.394699 35.314400 14.172995
v -64.320801 59.892101 14.172991
v -59.635502 31.377104 14.172997
v -69.201698 59.886299 16.706093
v -71.493401 57.932301 16.706093
v -40.713001 36.093601 16.706097
v -56.267101 32.084999 15.647894
v -52.050301 28.750803 15.647896
v -36.979599 33.637299 16.706097
v -39.445400 29.391403 16.706097
v -50.164902 23.772104 15.647896
v -39.420399 24.733105 16.706097
v -50.258801 19.144903 15.647896
v -37.636299 21.230904 16.706097
v -51.247200 13.160202 16.095097
v -42.785599 13.959102 16.706097
v -34.054298 19.466703 16.706097
v -37.968601 13.198602 16.706097
v -28.943501 18.487003 16.706097
v -34.524300 11.113902 16.706100
v -27.887800 14.025802 16.706097
v -32.831799 6.724402 16.706100
v -31.092501 6.968702 16.706100
v -25.746401 11.374701 16.706100
v -21.972000 11.474302 16.706100
v -26.144699 3.658802 16.706100
v -21.544600 7.891402 16.706100
v -20.514299 -1.523898 16.706100
v -16.613100 1.716802 16.706100
v -6.667700 -14.450398 16.706104
v -3.372400 -11.363598 16.706100
v 13.868500 -29.799797 16.706104
v 15.537100 -27.353697 16.706104
v 37.417500 -44.483200 16.706108
v 38.241699 -40.975700 16.706108
v -60.289200 31.058403 16.257696
v -49.008400 19.340103 16.706097
v -48.720100 23.982304 16.706097
v -49.474499 29.688805 16.706097
v -48.552898 32.399899 16.706097
v -53.238800 35.198299 16.706097
v -53.771801 41.370300 16.706093
v -58.536800 40.390400 16.706093
v -55.978298 37.372299 16.706097
v -61.600399 39.048901 16.706093
v -55.817799 34.811100 16.706097
v -57.852501 38.418598 16.706093
v -69.201698 59.886299 14.589790
v -71.493401 57.932301 14.589790
v -40.713001 36.093601 14.589794
v -36.979599 33.637299 14.589794
v -39.445400 29.391403 14.589796
v -39.420399 24.733105 14.589796
v -37.636299 21.230904 14.589796
v -51.247200 13.160202 15.200798
v -42.785599 13.959102 14.589698
v -34.054298 19.466703 14.589796
v -37.968601 13.198602 14.589698
v -28.943501 18.487003 14.589798
v -34.524300 11.113902 14.589798
v -27.887800 14.025802 14.589798
v -32.831799 6.724402 14.589798
v -31.092501 6.968702 14.589798
v -25.746401 11.374701 14.589798
v -21.972000 11.474302 14.589798
v -26.144699 3.658802 14.589800
v -21.544600 7.891402 14.589798
v -20.514299 -1.523898 14.589800
v -16.613100 1.716802 14.589800
v -6.667700 -14.450398 14.589802
v -3.372400 -11.363598 14.589802
v 13.868500 -29.799797 14.589804
v 15.537100 -27.353697 14.589804
v 37.417500 -44.483200 14.589808
v 38.241699 -40.975700 14.589806
v -60.289200 31.058403 15.038096
v -49.008400 19.340103 14.589796
v -48.720100 23.982304 14.589796
v -49.474499 29.688805 14.589796
v -48.552898 32.399899 14.589794
v -53.238800 35.198299 14.589794
v -53.771801 41.370300 14.589794
v -58.536800 40.390400 14.589794
v -55.978298 37.372299 14.589794
v -61.600399 39.048901 14.589794
v -55.817799 34.811100 14.589794
v -57.852501 38.418598 14.589794
v -50.961800 13.402502 15.647898
v -51.005402 6.019502 15.647900
v -42.433201 14.446302 15.647898
v -50.675400 8.528602 15.924500
v -44.700001 9.733702 16.722200
v -37.629902 13.486902 15.647898
v -33.743900 11.787102 15.647898
v -32.366501 7.312202 15.647898
v -30.570200 7.558802 15.647898
v -25.598200 4.343102 15.647900
v -19.751101 -0.898198 15.647900
v -47.744202 6.672302 15.647898
v -41.718899 8.655402 16.722200
v -42.583801 4.712102 15.647900
v -39.484299 6.963702 16.722200
v -42.163399 1.941602 15.647900
v -38.666698 3.895702 16.722200
v -37.244400 0.713602 15.647900
v -35.111801 2.538002 16.722200
v -33.095402 -3.292198 15.647900
v -31.102400 -1.268198 16.722200
v -25.275200 -6.531298 16.722200
v -27.323601 -8.566798 15.647902
v -9.058600 -24.067696 15.647903
v -9.017700 -20.622995 16.722204
v -6.059900 -13.854698 15.647902
v 14.336800 -29.192797 15.647903
v 12.267100 -33.460201 16.722204
v 34.010601 -47.636299 16.722208
v 42.258202 -50.262600 16.722208
v 49.728100 -49.891399 16.722208
v 16.783001 -43.087200 15.647904
v 30.749800 -51.742599 15.647907
v 44.051800 -59.293301 15.647909
v 47.323700 -55.344200 16.722208
v 53.580299 -57.490700 16.722208
v 57.661701 -54.026402 16.722208
v 58.704800 -57.640099 16.722208
v 62.026600 -55.602200 16.722208
v 50.613499 -62.077499 15.647909
v 55.278999 -62.892601 15.647909
v 61.798000 -62.131699 15.647909
v 69.817802 -57.382801 15.647909
v 37.077702 -43.322800 15.647904
v -44.750000 6.521102 15.647898
v 41.761799 -52.517799 16.722208
v -1.189100 -26.596996 16.722204
v 3.413000 -20.966396 15.647903
v 1.812300 -25.742296 16.722204
v 1.536000 -28.683197 16.722204
v 4.863900 -28.074097 16.722204
v 5.197800 -31.438995 16.722204
v 8.605800 -30.817495 16.722204
v 9.142900 -34.034901 16.722204
v 46.904701 -50.638199 16.722208
v 1.410100 -32.270199 15.647904
v -50.675400 8.528602 15.371298
v -44.700001 9.733702 14.573598
v -41.718899 8.655402 14.573598
v -39.484299 6.963702 14.573598
v -38.666698 3.895702 14.573600
v -35.111801 2.538002 14.573600
v -31.102400 -1.268198 14.573600
v -25.275200 -6.531298 14.573602
v -9.017700 -20.622995 14.573604
v 12.267100 -33.460201 14.573606
v 34.010601 -47.636299 14.573607
v 42.258202 -50.262600 14.573607
v 49.728100 -49.891399 14.573607
v 47.323700 -55.344200 14.573607
v 53.580299 -57.490700 14.573609
v 57.661701 -54.026402 14.573607
v 58.704800 -57.640099 14.573609
v 62.026600 -55.602200 14.573607
v 41.761799 -52.517799 14.573607
v -1.189100 -26.596996 14.573604
v 1.812300 -25.742296 14.573604
v 1.536000 -28.683197 14.573604
v 4.863900 -28.074097 14.573604
v 5.197800 -31.438995 14.573604
v 8.605800 -30.817495 14.573604
v 9.142900 -34.034901 14.573606
v 46.904701 -50.638199 14.573607
vn 0.2558 0.0853 0.9630
vn -0.0853 0.2559 0.9629
vn 0.0640 0.1919 0.9793
vn 0.1531 -0.0509 0.9869
vn 0.2559 0.0853 0.9629
vn 0.0853 -0.2558 0.9630
vn 0.1532 -0.0511 0.9869
vn -0.0638 -0.1919 0.9793
vn 0.0853 -0.2559 0.9629
vn -0.2558 -0.0853 0.9630
vn -0.0640 -0.1919 0.9793
vn -0.1531 0.0509 0.9869
vn -0.0853 0.2558 0.9630
vn -0.2559 -0.0853 0.9629
vn -0.1532 0.0511 0.9869
vn 0.0638 0.1919 0.9793
vn -0.1531 0.0511 0.9869
vn -0.0640 -0.1918 0.9793
vn 0.1531 -0.0510 0.9869
vn 0.0640 0.1918 0.9793
vn -0.1531 0.0510 0.9869
vn 0.1531 -0.0511 0.9869
vn 0.0640 0.1919 -0.9793
vn -0.0853 0.2558 -0.9630
vn 0.2559 0.0853 -0.9629
vn 0.1532 -0.0510 -0.9869
vn 0.2558 0.0853 -0.9630
vn 0.1532 -0.0511 -0.9869
vn 0.0853 -0.2559 -0.9629
vn -0.0638 -0.1919 -0.9793
vn 0.0853 -0.2558 -0.9630
vn -0.0640 -0.1919 -0.9793
vn -0.2559 -0.0853 -0.9629
vn -0.1532 0.0510 -0.9869
vn -0.2558 -0.0853 -0.9630
vn -0.1532 0.0511 -0.9869
vn -0.0853 0.2559 -0.9629
vn 0.0638 0.1919 -0.9793
vn 0.1531 -0.0510 -0.9869
vn -0.0640 -0.1918 -0.9793
vn -0.1531 0.0510 -0.9869
vn 0.0640 0.1918 -0.9793
vn -0.0000 -0.0000 1.0000
vn -0.0000 -0.0000 -1.0000
vn -0.0162 -0.0187 0.9997
vn -0.2411 0.0227 0.9702
vn -0.3814 0.0469 0.9232
vn -0.2412 0.0227 0.9702
vn -0.7765 0.1020 0.6218
vn -0.3246 -0.0311 0.9454
vn -0.3248 -0.0311 0.9453
vn -0.5784 -0.1001 0.8096
vn -0.3246 -0.0310 0.9454
vn -0.3247 -0.0311 0.9453
vn -0.5784 -0.1002 0.8096
vn -0.3990 -0.1976 0.8954
vn -0.1102 -0.0473 0.9928
vn -0.3990 -0.1977 0.8954
vn -0.1103 -0.0473 0.9928
vn -0.0472 -0.2553 0.9657
vn -0.3246 -0.0311 0.9453
vn -0.3990 -0.1975 0.8954
vn -0.0660 -0.0407 0.9970
vn -0.0472 -0.2552 0.9657
vn -0.0117 -0.0975 0.9952
vn -0.0660 -0.0408 0.9970
vn -0.0771 -0.0404 0.9962
vn -0.0327 -0.0277 0.9991
vn 0.0006 -0.1435 0.9897
vn -0.0328 -0.0277 0.9991
vn 0.0453 -0.1623 0.9857
vn 0.0007 -0.1435 0.9896
vn -0.0116 -0.0975 0.9952
vn 0.0453 -0.1622 0.9857
vn -0.0129 -0.0160 0.9998
vn 0.0452 -0.1621 0.9857
vn 0.0006 -0.1434 0.9897
vn 0.0452 -0.1622 0.9857
vn -0.2412 0.0226 0.9702
vn -0.3813 0.0468 0.9233
vn -0.0162 -0.0188 0.9997
vn -0.0162 -0.0187 -0.9997
vn -0.2411 0.0227 -0.9702
vn -0.6329 0.0720 -0.7709
vn -0.2412 0.0226 -0.9702
vn -0.3814 0.0469 -0.9232
vn -0.3246 -0.0311 -0.9454
vn -0.5784 -0.1001 -0.8096
vn -0.3248 -0.0310 -0.9453
vn -0.6328 0.0720 -0.7709
vn -0.3245 -0.0310 -0.9454
vn -0.3246 -0.0311 -0.9453
vn -0.2412 0.0227 -0.9702
vn -0.3990 -0.1975 -0.8954
vn -0.3247 -0.0311 -0.9453
vn -0.5783 -0.1003 -0.8096
vn -0.1102 -0.0473 -0.9928
vn -0.0473 -0.2553 -0.9657
vn -0.3990 -0.1976 -0.8954
vn -0.1104 -0.0473 -0.9928
vn -0.0472 -0.2552 -0.9657
vn -0.0660 -0.0407 -0.9970
vn -0.1102 -0.0472 -0.9928
vn -0.0117 -0.0975 -0.9952
vn -0.0472 -0.2553 -0.9657
vn -0.0660 -0.0408 -0.9970
vn -0.0327 -0.0277 -0.9991
vn -0.0771 -0.0404 -0.9962
vn -0.0328 -0.0277 -0.9991
vn 0.0006 -0.1434 -0.9897
vn -0.0471 -0.2553 -0.9657
vn 0.0007 -0.1435 -0.9896
vn 0.0453 -0.1623 -0.9857
vn -0.0116 -0.0975 -0.9952
vn -0.0129 -0.0160 -0.9998
vn 0.0453 -0.1621 -0.9857
vn 0.0007 -0.1434 -0.9897
vn 0.0452 -0.1621 -0.9857
vn -0.0130 -0.0160 -0.9998
vn -0.0162 -0.0188 -0.9997
vn -0.3812 0.0469 -0.9233
vn -0.2411 0.0226 -0.9702
vn -0.9866 0.1629 -0.0000
vn 0.2473 -0.9689 -0.0000
vn -0.0219 0.1855 0.9824
vn -0.0069 0.0563 0.9984
vn -0.1036 0.0897 0.9906
vn -0.0219 0.1856 0.9824
vn -0.1037 0.0897 0.9906
vn -0.0486 -0.1099 0.9928
vn -0.1036 0.0895 0.9906
vn -0.0168 -0.2514 0.9677
vn -0.0168 -0.2516 0.9677
vn 0.0321 -0.3592 0.9327
vn -0.0486 -0.1100 0.9927
vn -0.0447 -0.0425 0.9981
vn -0.0218 0.1856 0.9824
vn 0.0673 0.1551 0.9856
vn -0.2183 -0.1642 0.9620
vn -0.0390 0.0036 0.9992
vn -0.0447 -0.0426 0.9981
vn -0.2183 -0.1641 0.9620
vn -0.2177 -0.1581 0.9631
vn -0.0392 0.0036 0.9992
vn -0.0565 -0.1193 0.9912
vn -0.2176 -0.1583 0.9631
vn -0.1606 -0.3296 0.9304
vn -0.0623 -0.0354 0.9974
vn -0.0564 -0.1194 0.9912
vn -0.2414 -0.2588 0.9353
vn -0.0623 -0.0355 0.9974
vn -0.0427 -0.0454 0.9981
vn -0.0390 0.0037 0.9992
vn 0.1053 0.0951 0.9899
vn -0.0389 0.0036 0.9992
vn 0.0832 0.1265 0.9885
vn -0.0564 -0.1193 0.9913
vn -0.0564 -0.1192 0.9913
vn -0.0623 -0.0352 0.9974
vn 0.0269 0.1858 0.9822
vn 0.0900 0.1109 0.9897
vn -0.0622 -0.0354 0.9974
vn -0.0426 -0.0453 0.9981
vn 0.0900 0.1108 0.9898
vn 0.0936 0.1035 0.9902
vn -0.1316 -0.1491 0.9800
vn 0.0936 0.1036 0.9902
vn -0.0426 -0.0454 0.9981
vn -0.1316 -0.1493 0.9800
vn -0.2309 -0.2622 0.9370
vn -0.1317 -0.1493 0.9800
vn -0.2277 -0.2793 0.9328
vn -0.0381 -0.0504 0.9980
vn -0.1316 -0.1492 0.9800
vn -0.0381 -0.0502 0.9980
vn -0.0380 -0.0502 0.9980
vn 0.0764 0.1202 0.9898
vn 0.0342 0.0219 0.9992
vn -0.0965 -0.1776 0.9794
vn -0.0182 -0.0189 0.9997
vn -0.1033 -0.1742 0.9793
vn -0.0933 -0.1894 0.9775
vn -0.0182 -0.0190 0.9997
vn -0.0278 -0.0660 0.9974
vn -0.0258 -0.1024 0.9944
vn -0.0071 0.0269 0.9996
vn 0.0265 -0.1361 0.9903
vn 0.0495 -0.0807 0.9955
vn -0.0258 -0.1025 0.9944
vn -0.0932 -0.1894 0.9775
vn -0.0382 -0.1950 0.9801
vn 0.0265 -0.1362 0.9903
vn -0.0032 -0.1984 0.9801
vn -0.0031 -0.1984 0.9801
vn 0.0620 -0.1916 0.9795
vn 0.0987 -0.1637 0.9816
vn 0.0496 -0.0808 0.9955
vn -0.1050 -0.2847 0.9528
vn -0.0486 -0.1101 0.9927
vn -0.1049 -0.2846 0.9529
vn -0.0447 -0.0427 0.9981
vn -0.0550 -0.0964 0.9938
vn 0.0153 0.0725 0.9973
vn -0.0182 -0.0188 0.9997
vn 0.0342 0.0220 0.9992
vn 0.1227 0.1785 0.9763
vn 0.0384 0.1598 0.9864
vn 0.0154 0.0726 0.9972
vn -0.0182 -0.0187 0.9997
vn 0.0490 0.0856 0.9951
vn -0.0986 -0.1101 0.9890
vn -0.0844 -0.1112 0.9902
vn 0.0525 0.0701 0.9962
vn 0.0524 0.0701 0.9962
vn -0.0822 -0.1169 0.9897
vn 0.0656 0.0892 0.9938
vn 0.0656 0.0891 0.9939
vn -0.0757 -0.1377 0.9876
vn -0.0071 0.0270 0.9996
vn 0.0383 0.1598 0.9864
vn -0.0039 0.0678 0.9977
vn 0.0153 0.0726 0.9972
vn -0.0038 0.0677 0.9977
vn -0.0987 -0.1102 0.9890
vn -0.0381 -0.0503 0.9980
vn -0.2276 -0.2793 0.9328
vn -0.0822 -0.1170 0.9897
vn -0.0845 -0.1112 0.9902
vn -0.2049 -0.2802 0.9378
vn -0.0966 -0.1777 0.9793
vn -0.0845 -0.1113 0.9902
vn -0.0987 -0.1101 0.9890
vn 0.0490 0.0857 0.9951
vn 0.1314 0.1750 0.9758
vn 0.1313 0.1750 0.9758
vn -0.0986 -0.1100 0.9890
vn 0.1316 0.1753 0.9757
vn 0.0764 0.1203 0.9898
vn -0.1036 0.0897 -0.9906
vn -0.0069 0.0563 -0.9984
vn -0.0218 0.1855 -0.9824
vn -0.0486 -0.1099 -0.9928
vn -0.1037 0.0897 -0.9906
vn -0.0219 0.1856 -0.9824
vn -0.0168 -0.2514 -0.9677
vn -0.1036 0.0895 -0.9906
vn 0.0321 -0.3592 -0.9327
vn -0.0168 -0.2515 -0.9677
vn -0.0218 0.1856 -0.9824
vn -0.0447 -0.0425 -0.9981
vn 0.0673 0.1551 -0.9856
vn -0.0447 -0.0426 -0.9981
vn -0.0390 0.0036 -0.9992
vn -0.2183 -0.1642 -0.9620
vn -0.0392 0.0036 -0.9992
vn -0.2177 -0.1581 -0.9631
vn -0.2183 -0.1641 -0.9620
vn -0.0566 -0.1193 -0.9912
vn -0.0564 -0.1194 -0.9912
vn -0.1606 -0.3296 -0.9304
vn -0.2176 -0.1583 -0.9631
vn -0.0623 -0.0354 -0.9974
vn -0.0623 -0.0355 -0.9974
vn -0.2414 -0.2588 -0.9353
vn -0.0623 -0.0356 -0.9974
vn -0.0426 -0.0454 -0.9981
vn 0.1053 0.0951 -0.9899
vn -0.0390 0.0037 -0.9992
vn 0.0832 0.1265 -0.9885
vn -0.0389 0.0036 -0.9992
vn -0.0563 -0.1193 -0.9913
vn -0.0564 -0.1192 -0.9913
vn 0.0269 0.1858 -0.9822
vn -0.0623 -0.0352 -0.9974
vn 0.0900 0.1109 -0.9897
vn 0.0900 0.1108 -0.9898
vn -0.0426 -0.0453 -0.9981
vn 0.0936 0.1035 -0.9902
vn 0.0936 0.1036 -0.9902
vn -0.1316 -0.1492 -0.9800
vn -0.0425 -0.0453 -0.9981
vn -0.1316 -0.1493 -0.9800
vn -0.2309 -0.2622 -0.9370
vn -0.2277 -0.2793 -0.9328
vn -0.0381 -0.0504 -0.9980
vn -0.0381 -0.0502 -0.9980
vn -0.1316 -0.1491 -0.9800
vn 0.0764 0.1202 -0.9898
vn -0.0380 -0.0502 -0.9980
vn -0.0182 -0.0189 -0.9997
vn -0.0965 -0.1776 -0.9794
vn 0.0341 0.0219 -0.9992
vn -0.1033 -0.1742 -0.9793
vn -0.0182 -0.0188 -0.9997
vn -0.0933 -0.1894 -0.9775
vn -0.0071 0.0269 -0.9996
vn -0.0258 -0.1024 -0.9944
vn -0.0278 -0.0660 -0.9974
vn 0.0265 -0.1361 -0.9903
vn 0.0495 -0.0807 -0.9955
vn -0.0258 -0.1025 -0.9944
vn -0.0382 -0.1950 -0.9801
vn -0.0932 -0.1894 -0.9775
vn 0.0265 -0.1362 -0.9903
vn -0.0032 -0.1984 -0.9801
vn 0.0620 -0.1916 -0.9795
vn 0.0987 -0.1637 -0.9816
vn 0.0496 -0.0808 -0.9955
vn -0.1049 -0.2846 -0.9529
vn -0.0447 -0.0427 -0.9981
vn -0.0486 -0.1101 -0.9927
vn -0.0486 -0.1100 -0.9927
vn -0.0550 -0.0964 -0.9938
vn 0.0153 0.0725 -0.9973
vn 0.1227 0.1785 -0.9763
vn 0.0342 0.0220 -0.9992
vn 0.0384 0.1598 -0.9864
vn 0.0154 0.0726 -0.9972
vn -0.0844 -0.1112 -0.9902
vn -0.0986 -0.1101 -0.9890
vn 0.0490 0.0856 -0.9951
vn 0.0524 0.0701 -0.9962
vn -0.0822 -0.1169 -0.9897
vn 0.0525 0.0701 -0.9962
vn 0.0656 0.0892 -0.9938
vn 0.0342 0.0221 -0.9992
vn 0.0656 0.0891 -0.9939
vn -0.0757 -0.1377 -0.9876
vn 0.0342 0.0219 -0.9992
vn -0.0039 0.0678 -0.9977
vn 0.0383 0.1598 -0.9864
vn -0.0071 0.0270 -0.9996
vn -0.0038 0.0677 -0.9977
vn 0.0153 0.0726 -0.9972
vn -0.0039 0.0677 -0.9977
vn -0.2276 -0.2793 -0.9328
vn -0.0381 -0.0503 -0.9980
vn -0.0987 -0.1103 -0.9890
vn -0.2049 -0.2802 -0.9378
vn -0.0845 -0.1112 -0.9902
vn -0.0822 -0.1170 -0.9897
vn -0.0966 -0.1777 -0.9793
vn -0.0987 -0.1101 -0.9890
vn -0.0845 -0.1113 -0.9902
vn 0.1313 0.1750 -0.9758
vn 0.0490 0.0857 -0.9951
vn -0.0987 -0.1100 -0.9890
vn 0.0764 0.1203 -0.9898
vn 0.1316 0.1753 -0.9757
vn -0.9983 -0.0587 -0.0000
vn -0.9994 0.0360 -0.0000
vn -0.9915 0.1304 -0.0000
vn 0.2228 0.9749 -0.0000
vn 0.2817 0.9595 -0.0000
vn 0.3011 0.9536 -0.0000
vn 0.4616 0.8871 -0.0000
vn 0.4618 0.8870 -0.0000
vn 0.4608 0.8875 -0.0000
vn 0.2776 0.9607 -0.0000
vn 0.5812 0.8138 -0.0000
vn -0.0234 0.9997 -0.0000
vn -0.8818 -0.4717 -0.0000
vn -0.8933 -0.4495 -0.0000
vn -0.9042 -0.4271 -0.0000
vn 0.8570 0.5153 -0.0000
vn 0.7558 0.6548 -0.0000
vn 0.9668 0.2557 -0.0000
vn -0.9450 -0.3272 -0.0000
vn -0.6189 -0.7854 -0.0000
vn -0.7979 -0.6028 -0.0000
vn -0.9318 -0.3629 -0.0000
vn 0.6068 0.7948 -0.0000
vn 0.6592 0.7519 -0.0000
vn 0.7088 0.7054 -0.0000
vn 0.6592 0.7520 -0.0000
vn -0.9934 -0.1148 -0.0000
vn 0.7944 -0.6074 -0.0000
vn -0.2822 -0.9594 -0.0000
vn 0.7844 0.6202 -0.0000
vn 0.7699 0.6382 -0.0000
vn 0.2775 0.9607 -0.0000
vn 0.7089 0.7053 -0.0000
vn 0.6792 0.7339 -0.0000
vn 0.9389 -0.3443 -0.0000
vn 0.9023 -0.4312 0.0001
vn 0.9566 -0.2914 -0.0000
vn 0.9063 -0.4227 -0.0000
vn 0.9022 -0.4313 -0.0000
vn 0.9388 -0.3444 -0.0000
vn 0.9022 -0.4312 -0.0000
vn -0.9688 -0.2477 -0.0000
vn -0.9450 -0.3271 -0.0000
vn 0.9566 -0.2915 -0.0000
vn -0.0732 -0.9973 -0.0000
vn 0.0107 -0.9999 -0.0000
vn -0.2812 -0.9597 -0.0000
vn -0.4039 -0.9148 -0.0000
vn -0.2814 -0.9596 -0.0000
vn -0.6890 -0.7248 -0.0000
vn -0.8343 -0.5513 -0.0000
vn 0.9286 0.3712 -0.0000
vn 0.8621 0.5068 -0.0000
vn 0.9731 0.2303 -0.0000
vn -0.8344 -0.5511 -0.0000
vn -0.6890 -0.7247 -0.0000
vn -0.9330 -0.3598 -0.0000
vn 0.1391 -0.9903 -0.0000
vn -0.0983 -0.9952 -0.0000
vn -0.3443 -0.9389 -0.0000
vn 0.5611 0.8277 -0.0000
vn 0.2660 0.9640 -0.0000
vn 0.8620 0.5069 -0.0000
vn -0.0264 0.9997 -0.0000
vn -0.3445 -0.9388 -0.0000
vn -0.0984 -0.9951 -0.0000
vn -0.5980 -0.8015 -0.0000
vn -0.6385 -0.7696 -0.0000
vn 0.9549 0.2970 -0.0000
vn 0.8819 0.4714 -0.0000
vn 0.9930 0.1185 -0.0000
vn 0.9930 0.1184 -0.0000
vn -0.6790 -0.7342 -0.0000
vn -0.6807 -0.7326 -0.0000
vn 0.7563 0.6542 -0.0000
vn 0.7301 0.6833 -0.0000
vn 0.8818 0.4716 -0.0000
vn 0.9548 0.2971 -0.0000
vn -0.6554 -0.7553 -0.0000
vn -0.6275 -0.7786 -0.0000
vn -0.6807 -0.7325 -0.0000
vn 0.6842 0.7293 -0.0000
vn 0.6652 0.7467 -0.0000
vn -0.6274 -0.7787 -0.0000
vn -0.6553 -0.7553 -0.0000
vn -0.5759 -0.8175 -0.0000
vn -0.5528 -0.8333 -0.0000
vn 0.6037 0.7972 -0.0000
vn 0.5599 0.8286 -0.0000
vn 0.1883 0.9821 -0.0000
vn 0.2750 0.9615 -0.0000
vn 0.3602 0.9329 -0.0000
vn 0.2751 0.9614 -0.0000
vn 0.6196 0.7849 -0.0000
vn 0.7764 0.6302 -0.0000
vn 0.9735 -0.2288 -0.0000
vn -0.5527 -0.8334 -0.0000
vn -0.5291 -0.8486 -0.0000
vn 0.5145 0.8575 -0.0000
vn 0.5598 0.8286 -0.0000
vn 0.7765 0.6301 -0.0000
vn 0.9501 0.3119 -0.0000
vn 0.9873 0.1587 -0.0000
vn 0.7765 0.6302 -0.0000
vn 0.9502 0.3118 -0.0000
vn 0.9856 -0.1690 -0.0000
vn 0.9391 -0.3437 -0.0000
vn 0.5496 0.8354 -0.0000
vn 0.5809 0.8140 -0.0000
vn 0.6114 0.7913 -0.0000
vn 0.9390 -0.3438 -0.0000
vn 0.9856 -0.1691 -0.0000
vn 0.8647 -0.5022 -0.0000
vn -0.6488 0.7609 -0.0000
vn -0.9230 -0.3848 -0.0000
vn 0.6115 0.7913 -0.0000
vn 0.5809 0.8139 -0.0000
vn 0.6410 0.7675 -0.0000
vn 0.0940 -0.9956 -0.0000
vn 0.0108 -0.9999 -0.0000
vn -0.0731 -0.9973 -0.0000
vn 0.4222 0.9065 -0.0000
vn 0.3812 0.9245 -0.0000
vn 0.4617 0.8870 -0.0000
vn 0.4613 0.8872 -0.0000
vn 0.4619 0.8869 -0.0000
vn 0.3012 0.9536 -0.0000
vn 0.4221 0.9065 -0.0000
vt 0.012420 0.992940
vt 0.007130 0.992940
vt 0.008900 0.991180
vt 0.010660 0.991180
vt 0.012420 0.987660
vt 0.010660 0.989420
vt 0.007130 0.987660
vt 0.008900 0.989420
vt 0.070360 0.884280
vt 0.151230 0.803410
vt 0.232090 0.884280
vt 0.151230 0.965140
vt 0.008920 0.983050
vt 0.007180 0.984790
vt 0.012390 0.984790
vt 0.010660 0.983050
vt 0.012390 0.979570
vt 0.010660 0.981330
vt 0.007180 0.979570
vt 0.008920 0.981330
vt 0.790430 0.886180
vt 0.764400 0.945720
vt 0.873470 0.960790
vt 0.865800 0.879240
vt 0.839240 0.839840
vt 0.887550 0.795820
vt 0.663000 0.838970
vt 0.694390 0.838440
vt 0.529000 0.774770
vt 0.741740 0.813060
vt 0.569090 0.772130
vt 0.717320 0.887330
vt 0.793370 0.811710
vt 0.857500 0.798750
vt 0.580560 0.198580
vt 0.588760 0.168120
vt 0.604060 0.207400
vt 0.557650 0.197480
vt 0.563150 0.159340
vt 0.540970 0.171930
vt 0.533050 0.208320
vt 0.526630 0.203380
vt 0.521360 0.175840
vt 0.505700 0.166570
vt 0.492470 0.202880
vt 0.489680 0.177680
vt 0.447980 0.207090
vt 0.444240 0.186900
vt 0.337860 0.218060
vt 0.336080 0.199820
vt 0.189690 0.221400
vt 0.192290 0.209180
vt 0.610990 0.170620
vt 0.632460 0.163000
vt 0.651850 0.203920
vt 0.025770 0.728820
vt 0.041230 0.714200
vt 0.042600 0.716840
vt 0.651030 0.147300
vt 0.669020 0.187530
vt 0.055790 0.706250
vt 0.057590 0.709370
vt 0.078570 0.706040
vt 0.682990 0.127630
vt 0.694850 0.170020
vt 0.657370 0.127110
vt 0.076400 0.699090
vt 0.099830 0.710790
vt 0.083060 0.692660
vt 0.701680 0.158670
vt 0.732700 0.160290
vt 0.103710 0.699370
vt 0.759430 0.140670
vt 0.223070 0.706950
vt 0.136800 0.713120
vt 0.223890 0.698470
vt 0.133730 0.703770
vt 0.106880 0.722270
vt 0.108740 0.706080
vt 0.125570 0.705240
vt 0.125310 0.690960
vt 0.117550 0.702450
vt 0.765080 0.160310
vt 0.742130 0.167700
vt 0.752960 0.159410
vt 0.076050 0.668330
vt 0.783520 0.167040
vt 0.745560 0.190760
vt 0.635910 0.229840
vt 0.092010 0.693210
vt 0.047660 0.663780
vt 0.074250 0.644150
vt 0.102900 0.666760
vt 0.772710 0.478020
vt 0.767220 0.482460
vt 0.759520 0.469640
vt 0.760020 0.477900
vt 0.125770 0.670990
vt 0.124890 0.703290
vt 0.741000 0.475540
vt 0.738300 0.468550
vt 0.748680 0.468190
vt 0.732820 0.479600
vt 0.728280 0.472660
vt 0.716320 0.476310
vt 0.715160 0.471050
vt 0.694850 0.478370
vt 0.694580 0.472940
vt 0.147440 0.670450
vt 0.156220 0.707560
vt 0.187120 0.692810
vt 0.167890 0.659960
vt 0.195540 0.664700
vt 0.196320 0.699130
vt 0.241720 0.700220
vt 0.238350 0.660490
vt 0.302580 0.695390
vt 0.299200 0.655500
vt 0.665360 0.475240
vt 0.665750 0.480760
vt 0.576680 0.486360
vt 0.585330 0.480710
vt 0.465950 0.644070
vt 0.448570 0.681180
vt 0.494820 0.478740
vt 0.458060 0.489550
vt 0.399660 0.478450
vt 0.398080 0.488640
vt 0.342720 0.486630
vt 0.129710 0.553850
vt 0.023420 0.538310
vt 0.981260 0.555490
vt 0.645600 0.534060
vt 0.165050 0.527530
vt 0.560320 0.523130
vt 0.343870 0.476690
vt 0.321400 0.473460
vt 0.317800 0.484110
vt 0.307080 0.468200
vt 0.303040 0.480430
vt 0.287250 0.472180
vt 0.277520 0.455830
vt 0.303230 0.461310
vt 0.751490 0.474920
vt 0.366170 0.478060
vt 0.691100 0.570490
vt 0.354740 0.568780
vt 0.802310 0.590730
vt 0.655560 0.652670
vt 0.854690 0.657000
vt 0.645800 0.676670
vt 0.850510 0.684120
vt 0.916160 0.670190
vt 0.542870 0.477410
vt 0.548850 0.482020
vt 0.536140 0.482490
vt 0.555200 0.654380
vt 0.568630 0.641220
vt 0.584900 0.653550
vt 0.528640 0.477920
vt 0.519180 0.483040
vt 0.620720 0.653020
vt 0.604050 0.640400
vt 0.501850 0.483030
vt 0.640300 0.641080
vt 0.511490 0.478370
vt 0.957780 0.693690
vt 0.945150 0.682260
vt 0.785380 0.560420
vt 0.527360 0.488470
vt 0.540110 0.679140
vt 0.542090 0.641980
vt 0.031350 0.215360
vt 0.041750 0.201550
s 0
f 408/175/488 407/176/489 411/177/490
f 412/178/491 408/175/492 411/177/490
f 410/179/493 408/175/492 412/178/494
f 414/180/495 410/179/496 412/178/494
f 409/181/497 410/179/496 414/180/498
f 413/182/499 409/181/497 414/180/498
f 407/176/500 409/181/501 413/182/502
f 411/177/503 407/176/489 413/182/502
f 413/183/504 414/184/505 412/185/506
f 411/186/507 413/183/508 412/185/509
f 419/187/510 415/188/511 416/189/512
f 420/190/513 419/187/510 416/189/514
f 420/190/515 416/189/514 418/191/516
f 422/192/517 420/190/515 418/191/518
f 422/192/519 418/191/518 417/193/520
f 421/194/521 422/192/519 417/193/522
f 421/194/523 417/193/522 415/188/524
f 419/187/525 421/194/523 415/188/511
f 420/185/526 422/184/527 421/183/528
f 419/186/529 420/185/526 421/183/528
f 425/195/530 424/196/530 423/197/530
f 423/197/530 426/198/530 425/195/530
f 425/195/530 426/198/530 430/199/530
f 426/198/530 431/200/530 430/199/530
f 427/201/530 425/195/530 432/202/530
f 432/202/530 433/203/530 427/201/530
f 432/202/530 428/204/530 433/203/530
f 428/204/530 434/205/530 433/203/530
f 424/196/530 425/195/530 435/206/530
f 425/195/530 427/201/530 435/206/530
f 429/207/530 430/199/530 436/208/530
f 430/199/530 431/200/530 436/208/530
f 429/207/530 430/199/530 431/200/530
f 437/197/531 438/196/531 439/195/531
f 439/195/531 440/198/531 437/197/531
f 444/199/531 440/198/531 439/195/531
f 444/199/531 445/200/531 440/198/531
f 446/202/531 439/195/531 441/201/531
f 441/201/531 447/203/531 446/202/531
f 447/203/531 442/204/531 446/202/531
f 447/203/531 448/205/531 442/204/531
f 449/206/531 439/195/531 438/196/531
f 449/206/531 441/201/531 439/195/531
f 450/208/531 444/199/531 443/207/531
f 450/208/531 445/200/531 444/199/531
f 445/200/531 444/199/531 443/207/531
f 465/209/530 464/210/530 463/211/532
f 467/212/530 466/213/530 465/209/530
f 468/214/530 466/213/530 467/212/530
f 469/215/530 468/214/530 467/212/530
f 470/216/530 468/214/530 469/215/530
f 471/217/530 468/214/530 470/216/530
f 472/218/530 471/217/530 470/216/530
f 473/219/530 472/218/530 470/216/530
f 474/220/530 472/218/530 473/219/530
f 475/221/530 474/220/530 473/219/530
f 476/222/530 474/220/530 475/221/530
f 477/223/530 476/222/530 475/221/530
f 478/224/530 476/222/530 477/223/530
f 479/225/530 478/224/530 477/223/530
f 480/226/530 478/224/530 479/225/530
f 466/213/530 464/210/530 465/209/530
f 464/210/530 461/227/530 463/211/532
f 459/228/530 484/229/533 461/227/530
f 462/230/534 484/231/535 460/232/536
f 457/233/530 485/234/537 459/228/530
f 460/232/536 485/235/538 458/236/539
f 459/228/530 485/234/540 484/229/533
f 484/231/535 485/235/541 460/232/536
f 458/236/542 485/235/541 455/237/543
f 453/238/530 486/239/544 456/240/530
f 455/237/545 486/241/546 454/242/547
f 485/235/548 486/241/544 455/237/549
f 456/240/530 486/239/544 457/233/530
f 457/233/530 486/239/544 485/234/537
f 486/241/544 487/243/550 454/242/551
f 453/238/530 487/244/550 486/239/544
f 453/238/530 488/245/552 487/244/550
f 487/243/553 488/246/552 454/242/547
f 453/238/530 489/247/530 488/245/552
f 452/248/554 492/249/555 451/250/530
f 492/249/555 490/251/530 451/250/530
f 483/252/556 492/249/557 452/248/554
f 493/253/558 483/252/559 454/242/547
f 454/242/547 488/246/560 493/253/561
f 492/249/555 494/254/562 490/251/530
f 489/255/530 494/254/562 491/256/530
f 490/251/530 494/254/562 489/255/530
f 494/257/562 493/258/563 491/259/530
f 489/255/530 451/250/530 490/251/530
f 453/260/530 451/250/530 489/255/530
f 489/255/530 491/256/530 488/246/560
f 488/246/552 491/256/530 493/253/563
f 492/261/555 483/262/564 494/257/562
f 494/257/562 483/262/564 493/258/565
f 484/229/566 462/263/567 463/211/568
f 461/227/530 484/229/533 463/211/532
f 503/211/569 504/210/531 505/209/531
f 505/209/531 506/213/531 507/212/531
f 507/212/531 506/213/531 508/214/531
f 507/212/531 508/214/531 509/215/531
f 509/215/531 508/214/531 510/216/531
f 510/216/531 508/214/531 511/217/531
f 510/216/531 511/217/531 512/218/531
f 510/216/531 512/218/531 513/219/531
f 513/219/531 512/218/531 514/220/531
f 513/219/531 514/220/531 515/221/531
f 515/221/531 514/220/531 516/222/531
f 515/221/531 516/222/531 517/223/531
f 517/223/531 516/222/531 518/224/531
f 517/223/531 518/224/531 519/225/531
f 519/225/531 518/224/531 520/226/531
f 505/209/531 504/210/531 506/213/531
f 503/211/569 501/227/531 504/210/531
f 501/227/531 524/229/570 500/228/531
f 460/232/571 524/231/572 502/230/573
f 500/228/531 525/234/574 499/233/531
f 458/236/575 525/235/576 460/232/577
f 524/229/570 525/234/578 500/228/531
f 460/232/571 525/235/579 524/231/580
f 455/237/581 525/235/582 458/236/583
f 498/240/531 526/239/584 497/238/531
f 454/242/585 526/241/584 455/237/586
f 455/237/581 526/241/587 525/235/579
f 499/233/531 526/239/584 498/240/531
f 525/234/578 526/239/584 499/233/531
f 454/242/588 527/243/589 526/241/590
f 526/239/584 527/244/589 497/238/531
f 527/244/589 528/245/591 497/238/531
f 454/242/592 528/246/591 527/243/593
f 528/245/591 529/247/531 497/238/531
f 495/250/531 532/249/594 496/248/595
f 495/250/531 530/251/531 532/249/594
f 496/248/595 532/249/596 523/252/597
f 454/242/598 523/252/599 533/253/600
f 533/253/600 528/246/601 454/242/592
f 530/251/531 534/254/602 532/249/594
f 531/256/531 534/254/602 529/255/531
f 529/255/531 534/254/602 530/251/531
f 531/259/531 533/258/603 534/257/602
f 530/251/531 495/250/531 529/255/531
f 529/255/531 495/250/531 497/260/531
f 528/246/601 531/256/531 529/255/531
f 533/253/603 531/256/531 528/246/591
f 534/257/602 523/262/604 532/261/594
f 533/258/605 523/262/597 534/257/606
f 503/211/607 502/263/608 524/229/609
f 503/211/569 524/229/609 501/227/531
f 460/232/536 502/230/610 462/230/610
f 483/252/611 523/252/611 454/242/611
f 537/264/612 535/265/613 538/266/614
f 537/264/615 538/266/616 539/267/617
f 538/268/618 536/269/619 539/270/617
f 536/269/620 546/271/621 539/270/622
f 539/267/617 547/272/623 537/264/624
f 537/264/624 547/272/623 540/273/625
f 548/274/626 549/275/627 547/276/628
f 548/274/629 550/277/630 549/275/631
f 550/277/630 551/278/632 549/275/627
f 550/277/633 552/279/634 551/278/632
f 552/279/634 553/280/635 551/278/636
f 552/279/634 554/281/637 553/280/638
f 554/281/637 555/282/639 553/280/635
f 547/272/628 549/283/627 540/273/625
f 540/273/625 549/283/640 541/284/641
f 541/284/641 549/283/642 542/285/643
f 549/283/642 551/286/644 542/285/643
f 551/286/645 553/287/635 542/285/643
f 542/285/643 553/287/646 543/288/647
f 543/288/647 553/287/635 544/289/648
f 553/287/649 555/290/650 544/289/651
f 544/289/651 555/290/650 545/291/652
f 555/290/650 556/292/653 545/291/654
f 555/282/655 554/281/637 556/293/656
f 554/281/637 557/294/657 556/293/658
f 557/294/657 558/295/659 556/293/656
f 558/295/659 559/296/660 556/293/656
f 556/292/661 559/297/662 545/291/654
f 559/297/663 560/298/664 545/291/654
f 562/299/665 566/300/666 563/301/667
f 566/300/666 567/302/668 563/301/667
f 567/302/668 568/303/669 563/301/670
f 569/304/671 570/305/672 565/306/673
f 570/305/672 571/307/530 565/306/673
f 570/305/672 572/308/674 571/307/530
f 572/308/674 573/309/675 571/307/530
f 569/310/671 568/303/669 570/311/676
f 568/303/677 574/312/678 570/311/672
f 570/311/672 574/312/678 572/313/679
f 574/312/678 575/314/680 572/313/679
f 575/314/681 576/315/682 572/313/679
f 576/315/682 577/316/683 572/313/674
f 572/313/679 577/316/683 573/317/684
f 548/274/626 547/276/628 579/318/685
f 539/270/686 546/271/621 579/318/687
f 547/276/688 539/270/622 579/318/687
f 568/303/669 569/310/671 580/319/689
f 569/304/671 564/320/690 580/321/689
f 564/320/690 563/322/691 580/321/689
f 563/301/691 568/303/669 580/319/689
f 562/323/692 563/324/691 561/325/693
f 578/326/694 561/325/693 563/324/691
f 564/327/695 578/326/694 563/324/696
f 583/328/697 581/329/698 584/330/699
f 583/331/697 584/332/699 585/333/700
f 585/334/701 584/330/699 586/335/702
f 562/323/692 561/325/693 587/336/703
f 585/333/700 586/337/702 587/336/704
f 566/300/666 562/299/665 588/338/705
f 562/323/665 587/336/704 588/339/705
f 587/340/704 586/335/702 588/338/705
f 565/341/706 578/326/707 589/342/708
f 578/326/694 564/327/709 589/342/710
f 564/320/690 569/304/671 589/343/710
f 569/304/671 565/306/673 589/343/710
f 581/329/711 559/296/712 558/295/713
f 586/335/714 584/330/715 590/344/716
f 590/344/716 566/300/717 588/338/705
f 586/335/714 590/344/716 588/338/705
f 590/344/716 584/330/718 581/329/719
f 558/295/659 590/344/716 581/329/719
f 583/331/720 585/333/700 582/345/721
f 587/336/703 561/325/693 582/345/722
f 585/333/700 587/336/703 582/345/722
f 559/297/662 581/346/698 560/298/664
f 560/298/664 581/346/723 583/331/697
f 582/345/724 560/298/725 583/331/697
f 591/266/726 535/265/727 537/264/728
f 592/267/729 591/266/730 537/264/731
f 592/270/729 536/269/732 591/268/733
f 592/270/729 546/271/734 536/269/735
f 537/264/736 593/272/737 592/267/729
f 540/273/738 593/272/737 537/264/736
f 593/276/739 594/275/740 548/274/741
f 594/275/742 550/277/743 548/274/744
f 594/275/740 595/278/745 550/277/743
f 595/278/746 552/279/747 550/277/748
f 595/278/746 596/280/749 552/279/747
f 596/280/750 554/281/751 552/279/747
f 596/280/752 597/282/753 554/281/751
f 540/273/738 594/283/740 593/272/739
f 541/284/754 594/283/755 540/273/738
f 542/285/756 594/283/757 541/284/754
f 542/285/756 595/286/758 594/283/757
f 542/285/756 596/287/749 595/286/759
f 543/288/760 596/287/761 542/285/756
f 544/289/762 596/287/749 543/288/760
f 544/289/763 597/290/764 596/287/749
f 545/291/765 597/290/764 544/289/763
f 545/291/766 598/292/767 597/290/768
f 598/293/769 554/281/751 597/282/753
f 598/293/769 557/294/770 554/281/751
f 598/293/769 558/295/771 557/294/770
f 598/293/769 599/296/772 558/295/771
f 545/291/766 599/297/773 598/292/774
f 545/291/766 560/298/775 599/297/776
f 601/301/777 566/300/778 600/299/779
f 601/301/777 567/302/780 566/300/778
f 601/301/781 568/303/782 567/302/780
f 603/306/783 605/305/784 604/304/785
f 603/306/783 606/307/531 605/305/784
f 606/307/531 607/308/786 605/305/784
f 606/307/531 608/309/787 607/308/786
f 605/311/788 568/303/782 604/310/785
f 605/311/784 574/312/789 568/303/790
f 607/313/791 574/312/789 605/311/788
f 607/313/791 575/314/792 574/312/789
f 607/313/791 576/315/793 575/314/792
f 607/313/786 577/316/794 576/315/793
f 608/317/795 577/316/794 607/313/791
f 579/318/796 593/276/797 548/274/741
f 579/318/796 546/271/734 592/270/798
f 579/318/796 592/270/799 593/276/797
f 609/319/800 604/310/785 568/303/782
f 609/321/800 602/320/801 604/304/785
f 609/321/800 601/322/781 602/320/801
f 609/319/800 568/303/782 601/301/777
f 561/325/802 601/324/781 600/323/803
f 601/324/781 561/325/802 578/326/804
f 601/324/781 578/326/804 602/327/805
f 612/330/806 610/329/807 611/328/808
f 613/333/809 612/332/806 611/331/808
f 614/335/810 612/330/806 613/334/811
f 615/336/812 561/325/802 600/323/813
f 615/336/814 614/337/810 613/333/809
f 616/338/815 600/299/816 566/300/778
f 616/339/815 615/336/814 600/323/816
f 616/338/815 614/335/810 615/340/814
f 617/342/817 578/326/818 603/341/819
f 617/342/820 602/327/821 578/326/804
f 617/343/822 604/304/785 602/320/801
f 617/343/822 603/306/783 604/304/785
f 558/295/823 599/296/824 610/329/825
f 590/344/826 612/330/827 614/335/828
f 616/338/815 566/300/829 590/344/826
f 616/338/815 590/344/826 614/335/828
f 610/329/830 612/330/831 590/344/826
f 610/329/830 590/344/826 558/295/771
f 582/345/832 613/333/811 611/331/833
f 582/345/832 561/325/802 615/336/812
f 582/345/832 615/336/812 613/333/811
f 560/298/775 610/346/807 599/297/773
f 611/331/808 610/346/834 560/298/775
f 611/331/808 560/298/835 582/345/836
f 535/265/837 591/266/838 538/266/838
f 538/268/838 591/268/838 536/269/839
f 577/316/840 608/317/841 573/317/842
f 565/341/843 603/341/844 578/326/845
f 424/196/846 438/196/847 437/197/848
f 423/197/848 424/196/846 437/197/848
f 423/197/849 437/197/849 440/198/850
f 426/198/851 423/197/849 440/198/850
f 430/199/852 444/199/853 439/195/854
f 425/195/854 430/199/852 439/195/854
f 426/198/851 440/198/850 445/200/855
f 431/200/855 426/198/851 445/200/855
f 425/195/856 439/195/856 446/202/857
f 432/202/858 425/195/856 446/202/857
f 433/203/859 447/203/859 441/201/860
f 427/201/861 433/203/859 441/201/862
f 432/202/858 446/202/857 442/204/863
f 428/204/863 432/202/858 442/204/863
f 434/205/864 448/205/864 447/203/864
f 433/203/864 434/205/864 447/203/864
f 428/204/865 442/204/865 448/205/865
f 434/205/865 428/204/865 448/205/865
f 435/206/866 449/206/867 438/196/847
f 424/196/868 435/206/866 438/196/847
f 427/201/869 441/201/860 449/206/867
f 435/206/866 427/201/869 449/206/867
f 429/207/870 443/207/870 444/199/853
f 430/199/852 429/207/870 444/199/853
f 436/208/871 450/208/872 443/207/873
f 429/207/873 436/208/871 443/207/873
f 431/200/874 445/200/874 450/208/875
f 436/208/876 431/200/874 450/208/877
f 430/199/878 444/199/878 445/200/879
f 431/200/879 430/199/878 445/200/879
f 429/207/870 443/207/870 444/199/853
f 430/199/852 429/207/870 444/199/853
f 431/200/874 445/200/874 443/207/880
f 429/207/880 431/200/874 443/207/880
f 480/226/530 479/225/530 481/347/530
f 482/348/530 480/226/530 481/347/530
f 522/348/531 521/347/531 519/225/531
f 520/226/531 522/348/531 519/225/531
f 463/211/881 503/211/882 505/209/883
f 465/209/884 463/211/881 505/209/883
f 465/209/884 505/209/885 507/212/886
f 467/212/887 465/209/884 507/212/886
f 468/214/888 508/214/889 506/213/890
f 466/213/890 468/214/888 506/213/890
f 467/212/891 507/212/892 509/215/893
f 469/215/893 467/212/891 509/215/893
f 469/215/894 509/215/894 510/216/895
f 470/216/896 469/215/894 510/216/895
f 471/217/897 511/217/898 508/214/899
f 468/214/888 471/217/897 508/214/899
f 472/218/900 512/218/900 511/217/898
f 471/217/897 472/218/900 511/217/898
f 470/216/901 510/216/902 513/219/903
f 473/219/904 470/216/901 513/219/903
f 474/220/905 514/220/906 512/218/907
f 472/218/908 474/220/905 512/218/908
f 473/219/904 513/219/903 515/221/909
f 475/221/910 473/219/904 515/221/909
f 476/222/911 516/222/912 514/220/913
f 474/220/914 476/222/911 514/220/913
f 475/221/910 515/221/909 517/223/915
f 477/223/916 475/221/917 517/223/915
f 478/224/918 518/224/919 516/222/912
f 476/222/911 478/224/918 516/222/912
f 477/223/920 517/223/921 519/225/922
f 479/225/923 477/223/920 519/225/922
f 480/226/924 520/226/925 518/224/919
f 478/224/918 480/226/924 518/224/919
f 466/213/926 506/213/926 504/210/927
f 464/210/928 466/213/926 504/210/927
f 464/210/928 504/210/929 501/227/930
f 461/227/931 464/210/928 501/227/930
f 481/347/932 521/347/932 522/348/932
f 482/348/932 481/347/932 522/348/932
f 479/225/933 519/225/922 521/347/934
f 481/347/934 479/225/933 521/347/934
f 482/348/935 522/348/935 520/226/936
f 480/226/924 482/348/935 520/226/936
f 461/227/937 501/227/930 500/228/938
f 459/228/939 461/227/940 500/228/938
f 459/228/939 500/228/941 499/233/942
f 457/233/943 459/228/939 499/233/942
f 456/240/944 498/240/944 497/238/945
f 453/238/946 456/240/944 497/238/945
f 457/233/947 499/233/948 498/240/949
f 456/240/949 457/233/947 498/240/949
f 451/250/950 495/250/950 496/248/950
f 452/248/950 451/250/950 496/248/950
f 452/248/951 496/248/951 523/252/951
f 483/252/951 452/248/951 523/252/951
f 453/260/952 497/260/953 495/250/954
f 451/250/954 453/260/952 495/250/954
f 462/263/955 502/263/955 503/211/956
f 463/211/957 462/263/955 503/211/956
f 571/307/958 606/307/959 603/306/960
f 565/306/961 571/307/958 603/306/962
f 573/309/963 608/309/841 606/307/959
f 571/307/964 573/309/963 606/307/959
o item_damaged
v -55.128201 -75.796799 17.122911
v -55.305199 -68.230698 17.122911
v -38.719601 -61.609402 17.122908
v -34.048801 -64.520699 17.122911
v -31.168501 -48.816898 17.122908
v -21.401899 -49.369598 17.122908
v -19.092699 -51.817501 17.122908
v -24.730700 -57.909698 17.122908
v -11.367700 -54.493301 17.122908
v -29.842699 -50.344799 17.122908
v -19.417299 -33.424500 17.122904
v -17.208700 -35.113098 17.122904
v -41.786400 -58.039200 17.122908
v -13.271400 -53.353901 17.122908
v -55.128201 -75.796799 14.173012
v -55.305199 -68.230698 14.173010
v -38.719601 -61.609402 14.173010
v -34.048801 -64.520699 14.173010
v -31.168501 -48.816898 14.173008
v -21.401899 -49.369598 14.173008
v -19.092699 -51.817501 14.173008
v -24.730700 -57.909698 14.173010
v -11.367700 -54.493301 14.173008
v -29.842699 -50.344799 14.173008
v -19.417299 -33.424500 14.173006
v -17.208700 -35.113098 14.173006
v -41.786400 -58.039200 14.173010
v -13.271400 -53.353901 14.173008
v -41.780602 -62.920101 16.706108
v -39.826599 -65.211800 16.706112
v -17.987900 -34.431400 16.706104
v -13.979300 -49.985600 15.647907
v -10.645100 -45.768700 15.647907
v -15.531600 -30.697996 16.706104
v -11.285700 -33.163898 16.706104
v -5.666400 -43.883301 15.647904
v -6.627400 -33.138802 16.706104
v -1.039200 -43.977200 15.647904
v -3.125200 -31.354696 16.706104
v 4.945500 -44.965599 16.095108
v 4.146600 -36.504002 16.706104
v -1.361000 -27.772696 16.706104
v 4.907100 -31.686996 16.706104
v -0.381300 -22.661896 16.706104
v 6.991800 -28.242697 16.706104
v 4.079900 -21.606297 16.706104
v 11.381300 -26.550196 16.706104
v 11.137000 -24.810896 16.706104
v 6.731000 -19.464796 16.706104
v 6.631300 -15.690498 16.706104
v 14.446900 -19.863195 16.706104
v 10.214300 -15.263098 16.706104
v 19.629601 -14.232698 16.706104
v 16.388901 -10.331498 16.706100
v 32.556099 -0.386098 16.706100
v 29.469299 2.909202 16.706100
v -12.952700 -54.007599 16.257708
v -1.234400 -42.726799 16.706108
v -5.876700 -42.438599 16.706108
v -11.583100 -43.193001 16.706108
v -14.294200 -42.271301 16.706108
v -17.092600 -46.957199 16.706108
v -23.264601 -47.490299 16.706108
v -22.284700 -52.255199 16.706108
v -19.266600 -49.696701 16.706108
v -20.943300 -55.318802 16.706108
v -16.705400 -49.536201 16.706108
v -20.312901 -51.570900 16.706108
v -41.780602 -62.920101 14.589809
v -39.826599 -65.211800 14.589809
v -17.987900 -34.431400 14.589806
v -15.531600 -30.697996 14.589804
v -11.285700 -33.163898 14.589806
v -6.627400 -33.138802 14.589806
v -3.125200 -31.354696 14.589804
v 4.945500 -44.965599 15.200808
v 4.146600 -36.504002 14.589705
v -1.361000 -27.772696 14.589804
v 4.907100 -31.686996 14.589705
v -0.381300 -22.661896 14.589804
v 6.991800 -28.242697 14.589804
v 4.079900 -21.606297 14.589804
v 11.381300 -26.550196 14.589804
v 11.137000 -24.810896 14.589804
v 6.731000 -19.464796 14.589804
v 6.631300 -15.690498 14.589802
v 14.446900 -19.863195 14.589804
v 10.214300 -15.263098 14.589802
v 19.629601 -14.232698 14.589802
v 16.388901 -10.331498 14.589802
v 32.556099 -0.386098 14.589800
v 29.469299 2.909202 14.589800
v -12.952700 -54.007599 15.038108
v -1.234400 -42.726799 14.589806
v -5.876700 -42.438599 14.589806
v -11.583100 -43.193001 14.589806
v -14.294200 -42.271301 14.589806
v -17.092600 -46.957199 14.589808
v -23.264601 -47.490299 14.589808
v -22.284700 -52.255199 14.589808
v -19.266600 -49.696701 14.589808
v -20.943300 -55.318802 14.589808
v -16.705400 -49.536201 14.589808
v -20.312901 -51.570900 14.589808
v 4.703200 -44.680302 15.647907
v 12.086200 -44.723801 15.647907
v 3.659300 -36.151600 15.647904
v 9.577100 -44.393902 15.924508
v 8.372000 -38.418400 16.722208
v 4.618800 -31.348396 15.647903
v 6.318600 -27.462397 15.647903
v 10.793500 -26.084896 15.647903
v 10.546900 -24.288597 15.647903
v 13.762600 -19.316597 15.647903
v 19.003901 -13.469598 15.647902
v 11.433400 -41.462700 15.647904
v 9.450300 -35.437302 16.722204
v 13.393600 -36.302200 15.647904
v 11.142000 -33.202702 16.722204
v 16.164101 -35.881802 15.647904
v 14.210000 -32.385101 16.722204
v 17.392099 -30.962795 15.647903
v 15.567700 -28.830296 16.722204
v 21.397900 -26.813797 15.647903
v 19.373899 -24.820896 16.722204
v 24.636999 -18.993597 16.722204
v 26.672501 -21.042097 15.647903
v 11.584600 -38.468399 15.647904
v 9.577100 -44.393902 15.371307
v 8.372000 -38.418400 14.573606
v 9.450300 -35.437302 14.573606
v 11.142000 -33.202702 14.573606
v 14.210000 -32.385101 14.573606
v 15.567700 -28.830296 14.573604
v 19.373899 -24.820896 14.573604
v 24.636999 -18.993597 14.573604
v 20.803900 28.319004 15.647896
v 20.103300 24.946104 16.722197
v -1.174800 37.834801 15.647894
v 1.674700 41.626202 16.722193
v -16.947300 59.708199 16.722193
v -24.538401 63.867100 16.722189
v -31.940901 64.934998 16.722189
v -0.911600 51.940399 15.647892
v -12.959700 63.112999 15.647890
v -24.567301 73.074203 15.647888
v -28.535700 69.825600 16.722189
v -34.264599 73.131897 16.722189
v -38.934502 70.514397 16.722189
v -39.265301 74.261101 16.722189
v -42.916302 72.897903 16.722189
v -30.473400 77.064697 15.647888
v -34.896000 78.759300 15.647888
v -41.439999 79.262398 15.647888
v -50.221500 76.139198 15.647888
v -20.784599 56.062801 15.647892
v -23.618799 65.985199 16.722189
v 13.565400 32.310200 16.722197
v 7.969000 27.666504 15.647896
v 11.290800 34.880299 16.722197
v 7.907800 34.920601 16.722197
v 8.225300 38.286999 16.722193
v 4.761400 38.330502 16.722193
v 4.851100 41.591202 16.722193
v -29.026800 65.126602 16.722189
v 12.102100 38.376598 15.647894
v 20.103300 24.946104 14.573596
v 1.674700 41.626202 14.573594
v -16.947300 59.708199 14.573590
v -24.538401 63.867100 14.573590
v -31.940901 64.934998 14.573590
v -28.535700 69.825600 14.573588
v -34.264599 73.131897 14.573588
v -38.934502 70.514397 14.573588
v -39.265301 74.261101 14.573588
v -42.916302 72.897903 14.573588
v -23.618799 65.985199 14.573590
v 13.565400 32.310200 14.573594
v 11.290800 34.880299 14.573594
v 7.907800 34.920601 14.573594
v 8.225300 38.286999 14.573594
v 4.761400 38.330502 14.573594
v 4.851100 41.591202 14.573594
v -29.026800 65.126602 14.573590
v 41.380402 50.378700 16.706093
v 39.986500 47.766201 16.706093
v 16.379400 62.424801 16.706093
v 15.940000 58.848701 16.706093
v 41.380402 50.378700 14.589792
v 39.986500 47.766201 14.589792
v 16.379400 62.424801 14.589790
v 15.940000 58.848701 14.589790
v -11.853300 3.576902 16.706100
v -10.565500 -0.750798 16.706100
v -34.764801 -7.929596 16.706100
v -33.322800 -10.515800 16.706100
v -11.853300 3.576902 14.589800
v -10.565500 -0.750798 14.589800
v -34.764801 -7.929598 14.589802
v -33.322800 -10.515800 14.589802
v -30.471001 25.380804 16.722197
v -36.509602 29.634403 15.647896
v -23.049900 31.854004 16.722197
v -27.644501 37.490700 15.647894
v -23.286100 34.965801 16.722197
v -20.460100 34.105999 16.722197
v -20.390200 37.488400 16.722197
v -30.471001 25.380804 14.573596
v -23.049900 31.854004 14.573594
v -23.286100 34.965801 14.573594
v -20.460100 34.105999 14.573594
v -20.390200 37.488400 14.573594
v -54.039700 -0.595898 15.647900
v -47.828499 4.269002 16.722200
v -45.532200 6.020102 15.647900
v -47.828499 4.269002 14.573600
v -57.814499 9.205402 16.150400
v -53.361900 12.092502 16.291201
v -51.897202 13.042202 15.647898
v -53.361900 12.092502 15.004598
v -54.257301 11.511902 14.573598
v -54.257301 11.511902 16.722200
v -60.557301 7.427102 15.647898
v -57.814499 9.205402 15.145498
v 59.099701 15.990202 15.647898
v 59.394798 19.422504 16.722197
v 62.844002 25.954004 15.647896
v 59.394798 19.422504 14.573596
v 54.472000 30.314604 16.150396
v 50.190601 27.179203 16.291197
v 48.782200 26.147903 15.647896
v 50.190601 27.179203 15.004596
v 51.051601 27.809704 14.573596
v 51.051601 27.809704 16.722197
v 57.109402 32.245998 15.647894
v 54.472000 30.314604 15.145496
v 0.000000 70.710701 -0.000010
v -70.710701 0.000000 0.000000
v 70.710701 0.000000 0.000000
v 0.000000 -70.710602 0.000010
v 0.000000 55.656200 -4.000008
v -55.656200 -0.000000 -4.000000
v 55.656101 -0.000000 -4.000000
v 0.000000 -55.656101 -3.999992
v 0.000000 70.710701 -0.000010
v -70.710701 0.000000 0.000000
v 70.710701 0.000000 0.000000
v 0.000000 -70.710602 0.000010
v 0.000000 55.656200 3.999992
v -55.656200 0.000000 4.000000
v 55.656101 0.000000 4.000000
v 0.000000 -55.656101 4.000008
vn -0.0000 -0.0000 1.0000
vn -0.0000 -0.0000 -1.0000
vn 0.0187 -0.0162 0.9997
vn -0.0227 -0.2411 0.9702
vn -0.0469 -0.3814 0.9232
vn -0.0227 -0.2412 0.9702
vn -0.1020 -0.7765 0.6218
vn 0.0311 -0.3246 0.9454
vn -0.1020 -0.7765 0.6219
vn 0.0311 -0.3247 0.9453
vn 0.1001 -0.5784 0.8096
vn 0.0310 -0.3246 0.9454
vn 0.1002 -0.5784 0.8096
vn 0.0311 -0.3248 0.9453
vn 0.1976 -0.3990 0.8954
vn 0.0473 -0.1102 0.9928
vn 0.0474 -0.1103 0.9928
vn 0.2553 -0.0472 0.9657
vn 0.0473 -0.1104 0.9928
vn 0.1975 -0.3990 0.8954
vn 0.0407 -0.0660 0.9970
vn 0.2552 -0.0472 0.9657
vn 0.0975 -0.0117 0.9952
vn 0.0408 -0.0660 0.9970
vn 0.0404 -0.0771 0.9962
vn 0.0277 -0.0327 0.9991
vn 0.1435 0.0006 0.9897
vn 0.0277 -0.0328 0.9991
vn 0.1622 0.0453 0.9857
vn 0.1435 0.0007 0.9896
vn 0.0975 -0.0116 0.9952
vn 0.0160 -0.0129 0.9998
vn 0.1621 0.0452 0.9857
vn 0.1434 0.0006 0.9897
vn 0.1622 0.0452 0.9857
vn -0.0226 -0.2412 0.9702
vn -0.0468 -0.3813 0.9233
vn 0.0188 -0.0162 0.9997
vn 0.0187 -0.0162 -0.9997
vn -0.0227 -0.2411 -0.9702
vn -0.0720 -0.6329 -0.7709
vn -0.0226 -0.2412 -0.9702
vn -0.0469 -0.3814 -0.9232
vn 0.0311 -0.3246 -0.9454
vn 0.1001 -0.5784 -0.8096
vn 0.0310 -0.3247 -0.9453
vn 0.0310 -0.3246 -0.9454
vn 0.0311 -0.3247 -0.9453
vn -0.0227 -0.2412 -0.9702
vn 0.1976 -0.3991 -0.8953
vn 0.1002 -0.5784 -0.8096
vn 0.0473 -0.1102 -0.9928
vn 0.2553 -0.0473 -0.9657
vn 0.1976 -0.3990 -0.8954
vn 0.1975 -0.3990 -0.8954
vn 0.0473 -0.1103 -0.9928
vn 0.0311 -0.3246 -0.9453
vn 0.2553 -0.0472 -0.9657
vn 0.0407 -0.0660 -0.9970
vn 0.0975 -0.0117 -0.9952
vn 0.0408 -0.0660 -0.9970
vn 0.0277 -0.0327 -0.9991
vn 0.0404 -0.0771 -0.9962
vn 0.0277 -0.0328 -0.9991
vn 0.1434 0.0006 -0.9897
vn 0.1435 0.0007 -0.9896
vn 0.1623 0.0453 -0.9857
vn 0.0975 -0.0116 -0.9952
vn 0.0160 -0.0129 -0.9998
vn 0.1621 0.0453 -0.9857
vn 0.1621 0.0452 -0.9857
vn 0.0160 -0.0130 -0.9998
vn 0.0188 -0.0162 -0.9997
vn -0.0469 -0.3812 -0.9233
vn -0.0226 -0.2411 -0.9702
vn -0.1629 -0.9866 -0.0000
vn 0.9689 0.2473 -0.0000
vn -0.1855 -0.0219 0.9824
vn -0.0563 -0.0069 0.9984
vn -0.0897 -0.1036 0.9906
vn -0.1856 -0.0219 0.9824
vn 0.1099 -0.0486 0.9928
vn -0.0895 -0.1036 0.9906
vn 0.2514 -0.0168 0.9677
vn 0.2515 -0.0168 0.9677
vn 0.3592 0.0321 0.9327
vn 0.1100 -0.0486 0.9927
vn 0.0424 -0.0447 0.9981
vn -0.1856 -0.0218 0.9824
vn 0.0425 -0.0447 0.9981
vn -0.1551 0.0673 0.9856
vn 0.1642 -0.2183 0.9620
vn -0.0036 -0.0390 0.9992
vn 0.0426 -0.0447 0.9981
vn 0.1581 -0.2177 0.9631
vn -0.0036 -0.0392 0.9992
vn 0.1193 -0.0566 0.9912
vn 0.1583 -0.2176 0.9631
vn 0.3296 -0.1606 0.9304
vn 0.1193 -0.0565 0.9912
vn 0.0354 -0.0623 0.9974
vn 0.1195 -0.0565 0.9912
vn 0.3296 -0.1607 0.9304
vn 0.2588 -0.2414 0.9353
vn 0.0453 -0.0426 0.9981
vn -0.0037 -0.0390 0.9992
vn -0.0951 0.1053 0.9899
vn -0.0036 -0.0389 0.9992
vn -0.1265 0.0832 0.9885
vn 0.1193 -0.0564 0.9913
vn 0.1192 -0.0564 0.9913
vn 0.0352 -0.0623 0.9974
vn -0.1858 0.0269 0.9822
vn -0.1109 0.0900 0.9897
vn 0.0453 -0.0425 0.9981
vn -0.1108 0.0900 0.9898
vn -0.1009 0.0905 0.9908
vn 0.1439 -0.1309 0.9809
vn -0.1002 0.0905 0.9908
vn 0.0454 -0.0426 0.9981
vn 0.1440 -0.1310 0.9809
vn 0.2576 -0.2354 0.9371
vn 0.2847 -0.1050 0.9528
vn 0.1101 -0.0486 0.9927
vn 0.2846 -0.1049 0.9529
vn 0.0427 -0.0447 0.9981
vn -0.0897 -0.1036 -0.9906
vn -0.0563 -0.0069 -0.9984
vn -0.1855 -0.0218 -0.9824
vn 0.1099 -0.0486 -0.9928
vn -0.1856 -0.0219 -0.9824
vn 0.2514 -0.0168 -0.9677
vn -0.0895 -0.1036 -0.9906
vn 0.3592 0.0321 -0.9327
vn 0.2515 -0.0168 -0.9677
vn -0.1856 -0.0218 -0.9824
vn 0.0424 -0.0447 -0.9981
vn -0.1551 0.0673 -0.9856
vn 0.0425 -0.0447 -0.9981
vn 0.0426 -0.0447 -0.9981
vn -0.0036 -0.0390 -0.9992
vn 0.1642 -0.2183 -0.9620
vn -0.0036 -0.0392 -0.9992
vn 0.1581 -0.2177 -0.9631
vn 0.1641 -0.2183 -0.9620
vn 0.1193 -0.0566 -0.9912
vn 0.1194 -0.0564 -0.9912
vn 0.3296 -0.1606 -0.9304
vn 0.1583 -0.2176 -0.9631
vn 0.0354 -0.0623 -0.9974
vn 0.2588 -0.2414 -0.9353
vn 0.3296 -0.1607 -0.9304
vn 0.0355 -0.0623 -0.9974
vn 0.0453 -0.0426 -0.9981
vn -0.0951 0.1053 -0.9899
vn -0.0037 -0.0390 -0.9992
vn -0.1265 0.0832 -0.9885
vn -0.0036 -0.0389 -0.9992
vn 0.1193 -0.0563 -0.9913
vn 0.1192 -0.0564 -0.9913
vn -0.1858 0.0269 -0.9822
vn 0.0352 -0.0623 -0.9974
vn -0.1109 0.0900 -0.9897
vn -0.1108 0.0900 -0.9898
vn -0.1009 0.0905 -0.9908
vn -0.1002 0.0905 -0.9908
vn 0.1439 -0.1309 -0.9809
vn 0.0453 -0.0425 -0.9981
vn 0.1440 -0.1310 -0.9809
vn 0.0454 -0.0426 -0.9981
vn 0.2576 -0.2354 -0.9371
vn 0.2846 -0.1049 -0.9529
vn 0.0427 -0.0447 -0.9981
vn 0.1101 -0.0486 -0.9927
vn 0.1100 -0.0486 -0.9927
vn 0.0587 -0.9983 -0.0000
vn -0.0360 -0.9994 -0.0000
vn -0.1304 -0.9915 -0.0000
vn -0.0377 -0.0149 0.9992
vn 0.1288 0.1558 0.9794
vn 0.0215 0.0150 0.9997
vn 0.1348 0.1511 0.9793
vn 0.1278 0.1680 0.9775
vn 0.0399 0.0594 0.9974
vn 0.0450 0.0956 0.9944
vn 0.0018 -0.0278 0.9996
vn 0.0449 0.0956 0.9944
vn 0.0001 0.1387 0.9903
vn -0.0331 0.0887 0.9955
vn 0.0400 0.0595 0.9974
vn 0.0749 0.1841 0.9801
vn 0.0749 0.1841 0.9800
vn 0.0411 0.1941 0.9801
vn -0.0241 0.1999 0.9795
vn -0.0242 0.1999 0.9795
vn -0.0655 0.1796 0.9816
vn -0.0332 0.0888 0.9955
vn 0.0724 0.0841 0.9938
vn 0.0400 0.0594 0.9974
vn -0.0290 -0.0682 0.9973
vn 0.0724 0.0840 0.9938
vn 0.0216 0.0150 0.9997
vn 0.0725 0.0841 0.9938
vn -0.0378 -0.0150 0.9992
vn 0.0215 0.0149 0.9997
vn -0.1546 -0.1517 0.9763
vn -0.0683 -0.1495 0.9864
vn -0.1546 -0.1516 0.9763
vn -0.0290 -0.0683 0.9972
vn -0.0530 -0.0489 0.9974
vn 0.1734 0.1547 0.9726
vn 0.1031 0.0990 0.9897
vn -0.1547 -0.1516 0.9763
vn -0.0815 -0.0749 0.9939
vn 0.1007 0.1206 0.9876
vn 0.0018 -0.0279 0.9996
vn -0.0092 -0.0672 0.9977
vn 0.2650 0.2330 0.9357
vn 0.2710 0.2406 0.9320
vn 0.2683 0.2352 0.9342
vn 0.1734 0.1548 0.9726
vn 0.2549 0.2357 0.9378
vn 0.2549 0.2358 0.9378
vn 0.1288 0.1559 0.9793
vn 0.1735 0.1548 0.9726
vn 0.2649 0.2330 0.9357
vn 0.2684 0.2352 0.9342
vn -0.1612 -0.1468 0.9759
vn 0.0215 0.0150 -0.9997
vn 0.1288 0.1558 -0.9794
vn -0.0377 -0.0149 -0.9992
vn 0.1348 0.1511 -0.9793
vn 0.1278 0.1680 -0.9775
vn 0.0018 -0.0278 -0.9996
vn 0.0450 0.0956 -0.9944
vn 0.0399 0.0594 -0.9974
vn 0.0001 0.1387 -0.9903
vn 0.0449 0.0956 -0.9944
vn -0.0331 0.0887 -0.9955
vn 0.0400 0.0595 -0.9974
vn 0.0749 0.1841 -0.9801
vn 0.0411 0.1941 -0.9801
vn 0.0749 0.1841 -0.9800
vn -0.0241 0.1999 -0.9795
vn -0.0654 0.1797 -0.9815
vn -0.0242 0.1999 -0.9795
vn -0.0332 0.0888 -0.9955
vn -0.0654 0.1796 -0.9816
vn 0.0724 0.0841 -0.9938
vn 0.0724 0.0840 -0.9938
vn -0.0290 -0.0682 -0.9973
vn 0.0725 0.0841 -0.9938
vn -0.1546 -0.1517 -0.9763
vn 0.0214 0.0149 -0.9997
vn -0.0378 -0.0150 -0.9992
vn -0.1546 -0.1516 -0.9763
vn -0.0683 -0.1495 -0.9864
vn 0.0215 0.0148 -0.9997
vn -0.0290 -0.0683 -0.9972
vn 0.1031 0.0990 -0.9897
vn 0.1734 0.1548 -0.9726
vn -0.0530 -0.0489 -0.9974
vn -0.0815 -0.0749 -0.9939
vn -0.1547 -0.1516 -0.9763
vn -0.0814 -0.0749 -0.9939
vn 0.1007 0.1206 -0.9876
vn -0.0092 -0.0672 -0.9977
vn 0.0018 -0.0279 -0.9996
vn 0.0400 0.0594 -0.9974
vn 0.2683 0.2352 -0.9342
vn 0.2710 0.2406 -0.9320
vn 0.2650 0.2330 -0.9357
vn 0.2549 0.2357 -0.9378
vn 0.1289 0.1558 -0.9793
vn 0.2549 0.2358 -0.9378
vn 0.2649 0.2330 -0.9357
vn 0.1735 0.1548 -0.9726
vn 0.2684 0.2352 -0.9342
vn -0.1612 -0.1468 -0.9759
vn -0.4056 -0.9141 -0.0000
vn -0.4604 -0.8877 -0.0000
vn -0.4784 -0.8782 -0.0000
vn -0.6230 -0.7823 -0.0000
vn -0.6231 -0.7821 -0.0000
vn -0.6224 -0.7827 -0.0000
vn -0.0741 0.0651 0.9951
vn -0.0588 0.0353 0.9976
vn -0.0726 0.0834 0.9939
vn -0.0741 0.0652 0.9951
vn -0.0727 0.0834 0.9939
vn -0.1448 0.1651 0.9756
vn -0.0973 0.1116 0.9890
vn -0.1074 0.0902 0.9901
vn -0.1449 0.1649 0.9756
vn -0.0588 0.0353 -0.9976
vn -0.0741 0.0651 -0.9951
vn -0.0726 0.0834 -0.9939
vn -0.1448 0.1651 -0.9756
vn -0.0727 0.0834 -0.9939
vn -0.0741 0.0652 -0.9951
vn -0.1074 0.0902 -0.9901
vn -0.0973 0.1116 -0.9890
vn -0.1449 0.1649 -0.9756
vn 0.0277 0.0246 0.9993
vn 0.1793 0.1616 0.9704
vn 0.2710 0.2430 0.9314
vn -0.1186 -0.0963 0.9883
vn -0.1070 -0.0919 0.9900
vn -0.1098 -0.0930 0.9896
vn 0.2671 0.2403 -0.9332
vn 0.0878 0.0792 -0.9930
vn 0.0941 0.0835 -0.9921
vn -0.1069 -0.0919 -0.9900
vn -0.1099 -0.0930 -0.9896
vn -0.1186 -0.0963 -0.9883
vn -0.2454 -0.2493 0.9368
vn -0.2606 -0.2609 0.9295
vn -0.2568 -0.2580 0.9314
vn -0.1514 -0.1506 0.9769
vn 0.0138 0.0089 0.9999
vn 0.1044 0.0991 0.9896
vn -0.2606 -0.2609 -0.9295
vn -0.2568 -0.2580 -0.9314
vn -0.2454 -0.2493 -0.9368
vn 0.1072 0.1004 -0.9892
vn -0.0848 -0.0868 -0.9926
vn -0.0891 -0.0886 -0.9921
vn -0.2558 0.0853 -0.9630
vn 0.0853 0.2559 -0.9629
vn -0.0640 0.1919 -0.9793
vn -0.1531 -0.0509 -0.9869
vn -0.2559 0.0853 -0.9629
vn -0.0853 -0.2558 -0.9630
vn -0.1532 -0.0511 -0.9869
vn 0.0638 -0.1919 -0.9793
vn -0.0853 -0.2559 -0.9629
vn 0.2558 -0.0853 -0.9630
vn 0.0640 -0.1919 -0.9793
vn 0.1531 0.0509 -0.9869
vn 0.0853 0.2558 -0.9630
vn 0.2559 -0.0853 -0.9629
vn 0.1532 0.0511 -0.9869
vn -0.0638 0.1919 -0.9793
vn 0.1531 0.0511 -0.9869
vn 0.0640 -0.1918 -0.9793
vn -0.1531 -0.0510 -0.9869
vn -0.0640 0.1918 -0.9793
vn 0.1531 0.0510 -0.9869
vn -0.1531 -0.0511 -0.9869
vn -0.0640 0.1919 0.9793
vn 0.0853 0.2558 0.9630
vn -0.2559 0.0853 0.9629
vn -0.1532 -0.0510 0.9869
vn -0.2558 0.0853 0.9630
vn -0.1532 -0.0511 0.9869
vn -0.0853 -0.2559 0.9629
vn 0.0638 -0.1919 0.9793
vn -0.0853 -0.2558 0.9630
vn 0.0640 -0.1919 0.9793
vn 0.2559 -0.0853 0.9629
vn 0.1532 0.0510 0.9869
vn 0.2558 -0.0853 0.9630
vn 0.1532 0.0511 0.9869
vn 0.0853 0.2559 0.9629
vn -0.0638 0.1919 0.9793
vn -0.1531 -0.0510 0.9869
vn 0.0640 -0.1918 0.9793
vn 0.1531 0.0510 0.9869
vn -0.0640 0.1918 0.9793
vn -0.9607 0.2776 -0.0000
vn -0.8138 0.5811 -0.0000
vn -0.9997 -0.0234 -0.0000
vn 0.4717 -0.8818 -0.0000
vn 0.4495 -0.8933 -0.0000
vn 0.4271 -0.9042 -0.0000
vn -0.5152 0.8571 -0.0000
vn -0.6548 0.7558 -0.0000
vn -0.2557 0.9668 -0.0000
vn 0.3272 -0.9450 -0.0000
vn 0.7854 -0.6189 -0.0000
vn 0.6028 -0.7979 -0.0000
vn 0.3629 -0.9318 -0.0000
vn -0.7948 0.6068 -0.0000
vn -0.7519 0.6592 -0.0000
vn -0.7054 0.7088 -0.0000
vn 0.1148 -0.9934 -0.0000
vn 0.6074 0.7944 -0.0000
vn 0.9594 -0.2822 -0.0000
vn -0.6202 0.7844 -0.0000
vn -0.6382 0.7699 -0.0000
vn -0.8138 0.5812 -0.0000
vn -0.7053 0.7089 -0.0000
vn -0.7339 0.6792 -0.0000
vn -0.5153 0.8570 -0.0000
vn 0.3443 0.9389 -0.0000
vn 0.4312 0.9023 -0.0000
vn 0.2914 0.9566 -0.0000
vn 0.4227 0.9063 -0.0000
vn 0.4312 0.9022 -0.0000
vn 0.3444 0.9388 -0.0001
vn 0.2477 -0.9688 -0.0000
vn 0.3271 -0.9450 -0.0000
vn 0.2915 0.9566 -0.0000
vn 0.9973 -0.0732 -0.0000
vn 0.9999 0.0107 -0.0000
vn 0.9597 -0.2812 -0.0000
vn 0.9148 -0.4039 -0.0000
vn 0.9596 -0.2814 -0.0000
vn 0.7248 -0.6890 -0.0000
vn 0.5513 -0.8343 -0.0000
vn -0.3710 0.9286 -0.0000
vn -0.5069 0.8620 -0.0000
vn -0.2303 0.9731 -0.0000
vn 0.5511 -0.8344 -0.0000
vn 0.3598 -0.9330 -0.0000
vn 0.9903 0.1391 -0.0000
vn 0.9952 -0.0983 -0.0000
vn 0.9389 -0.3443 -0.0000
vn -0.8277 0.5612 -0.0000
vn -0.9640 0.2659 -0.0000
vn -0.3712 0.9285 -0.0000
vn -0.9997 -0.0264 -0.0000
vn -0.9640 0.2658 -0.0000
vn -0.8277 0.5611 -0.0000
vn 0.9388 -0.3444 -0.0000
vn 0.9951 -0.0984 -0.0000
vn 0.8015 -0.5980 -0.0000
vn 0.7696 -0.6385 -0.0000
vn -0.2971 0.9549 -0.0000
vn -0.4714 0.8819 -0.0000
vn -0.1184 0.9930 -0.0000
vn 0.7695 -0.6386 -0.0000
vn 0.7343 -0.6789 -0.0000
vn 0.7326 -0.6807 -0.0000
vn 0.7342 -0.6790 -0.0000
vn -0.6542 0.7563 -0.0000
vn -0.6833 0.7301 -0.0000
vn -0.4716 0.8818 -0.0000
vn -0.2971 0.9548 -0.0000
vn 0.7325 -0.6807 -0.0000
vn 0.7310 -0.6824 -0.0000
vn 0.7325 -0.6808 -0.0000
vn -0.7114 0.7028 -0.0000
vn -0.9821 0.1883 -0.0000
vn -0.9615 0.2750 -0.0000
vn -0.9329 0.3602 -0.0000
vn -0.9614 0.2751 -0.0000
vn -0.7849 0.6196 -0.0000
vn -0.6302 0.7764 -0.0000
vn -0.6301 0.7765 -0.0000
vn -0.3119 0.9501 -0.0000
vn -0.1587 0.9873 -0.0000
vn -0.1585 0.9874 -0.0000
vn -0.3118 0.9501 -0.0000
vn 0.1691 0.9856 -0.0000
vn 0.3436 0.9391 -0.0000
vn -0.8354 0.5496 -0.0000
vn -0.8140 0.5809 -0.0000
vn -0.7913 0.6114 -0.0000
vn 0.3437 0.9391 -0.0000
vn 0.5022 0.8647 -0.0000
vn -0.7609 -0.6488 -0.0000
vn 0.3848 -0.9230 -0.0000
vn -0.7912 0.6115 -0.0000
vn -0.8139 0.5809 -0.0000
vn -0.7675 0.6410 -0.0000
vn -0.7913 0.6115 -0.0000
vn 0.9956 0.0940 -0.0000
vn 0.9999 0.0108 -0.0000
vn 0.9973 -0.0731 -0.0000
vn -0.5881 -0.8088 -0.0000
vn -0.5514 -0.8342 -0.0000
vn -0.6236 -0.7817 -0.0000
vn -0.4784 -0.8781 -0.0000
vn -0.4605 -0.8877 -0.0000
vn -0.5514 -0.8343 -0.0000
vn -0.5513 -0.8343 -0.0000
vn -0.9925 0.1220 -0.0000
vn 0.4341 0.9009 -0.0000
vn -0.4186 -0.9082 -0.0000
vn -0.4488 0.8936 -0.0000
vn 0.3943 -0.9190 -0.0000
vn 0.2592 0.2349 0.9368
vn -0.1069 -0.0919 0.9900
vn 0.1792 0.1616 0.9705
vn 0.2592 0.2349 -0.9368
vn 0.2670 0.2403 -0.9332
vn 0.0877 0.0791 -0.9930
vn 0.0939 0.0835 -0.9921
vn -0.2605 -0.2609 0.9295
vn 0.0137 0.0088 0.9999
vn 0.1129 0.1029 0.9883
vn -0.0849 -0.0869 -0.9926
vn -0.2605 -0.2609 -0.9296
vn -0.0892 -0.0887 -0.9921
vn -0.2605 -0.2609 -0.9295
vn 0.1129 0.1029 -0.9883
vn 0.1073 0.1004 -0.9891
vt 0.790430 0.886180
vt 0.764400 0.945720
vt 0.873470 0.960790
vt 0.865800 0.879240
vt 0.839240 0.839840
vt 0.887550 0.795820
vt 0.663000 0.838970
vt 0.694390 0.838440
vt 0.529000 0.774770
vt 0.741740 0.813060
vt 0.569090 0.772130
vt 0.717320 0.887330
vt 0.793370 0.811710
vt 0.857500 0.798750
vt 0.580560 0.198580
vt 0.588760 0.168120
vt 0.604060 0.207400
vt 0.557650 0.197480
vt 0.563150 0.159340
vt 0.540970 0.171930
vt 0.533050 0.208320
vt 0.526630 0.203380
vt 0.521360 0.175840
vt 0.505700 0.166570
vt 0.492470 0.202880
vt 0.489680 0.177680
vt 0.447980 0.207090
vt 0.444240 0.186900
vt 0.337860 0.218060
vt 0.336080 0.199820
vt 0.610990 0.170620
vt 0.632460 0.163000
vt 0.651850 0.203920
vt 0.025770 0.728820
vt 0.041230 0.714200
vt 0.042600 0.716840
vt 0.651030 0.147300
vt 0.669020 0.187530
vt 0.055790 0.706250
vt 0.057590 0.709370
vt 0.078570 0.706040
vt 0.682990 0.127630
vt 0.694850 0.170020
vt 0.657370 0.127110
vt 0.076400 0.699090
vt 0.099830 0.710790
vt 0.083060 0.692660
vt 0.701680 0.158670
vt 0.732700 0.160290
vt 0.103710 0.699370
vt 0.759430 0.140670
vt 0.223070 0.706950
vt 0.136800 0.713120
vt 0.223890 0.698470
vt 0.133730 0.703770
vt 0.106880 0.722270
vt 0.108740 0.706080
vt 0.125570 0.705240
vt 0.125310 0.690960
vt 0.117550 0.702450
vt 0.765080 0.160310
vt 0.742130 0.167700
vt 0.752960 0.159410
vt 0.076050 0.668330
vt 0.783520 0.167040
vt 0.745560 0.190760
vt 0.635910 0.229840
vt 0.092010 0.693210
vt 0.047660 0.663780
vt 0.074250 0.644150
vt 0.102900 0.666760
vt 0.772710 0.478020
vt 0.767220 0.482460
vt 0.759520 0.469640
vt 0.760020 0.477900
vt 0.125770 0.670990
vt 0.124890 0.703290
vt 0.741000 0.475540
vt 0.738300 0.468550
vt 0.748680 0.468190
vt 0.732820 0.479600
vt 0.728280 0.472660
vt 0.716320 0.476310
vt 0.715160 0.471050
vt 0.694850 0.478370
vt 0.694580 0.472940
vt 0.147440 0.670450
vt 0.156220 0.707560
vt 0.187120 0.692810
vt 0.167890 0.659960
vt 0.195540 0.664700
vt 0.196320 0.699130
vt 0.241720 0.700220
vt 0.238350 0.660490
vt 0.302580 0.695390
vt 0.299200 0.655500
vt 0.665360 0.475240
vt 0.665750 0.480760
vt 0.751490 0.474920
vt 0.494820 0.478740
vt 0.458060 0.489550
vt 0.399660 0.478450
vt 0.398080 0.488640
vt 0.342720 0.486630
vt 0.129710 0.553850
vt 0.023420 0.538310
vt 0.981260 0.555490
vt 0.645600 0.534060
vt 0.165050 0.527530
vt 0.560320 0.523130
vt 0.343870 0.476690
vt 0.321400 0.473460
vt 0.317800 0.484110
vt 0.307080 0.468200
vt 0.303040 0.480430
vt 0.287250 0.472180
vt 0.277520 0.455830
vt 0.303230 0.461310
vt 0.366170 0.478060
vt 0.691100 0.570490
vt 0.354740 0.568780
vt 0.802310 0.590730
vt 0.655560 0.652670
vt 0.854690 0.657000
vt 0.645800 0.676670
vt 0.850510 0.684120
vt 0.916160 0.670190
vt 0.528640 0.477920
vt 0.536140 0.482490
vt 0.519180 0.483040
vt 0.620720 0.653020
vt 0.584900 0.653550
vt 0.604050 0.640400
vt 0.501850 0.483030
vt 0.640300 0.641080
vt 0.511490 0.478370
vt 0.957780 0.693690
vt 0.945150 0.682260
vt 0.785380 0.560420
vt 0.548850 0.482020
vt 0.585330 0.480710
vt 0.576680 0.486360
vt 0.527360 0.488470
vt 0.540110 0.679140
vt 0.189690 0.221400
vt 0.192290 0.209180
vt 0.542870 0.477410
vt 0.555200 0.654380
vt 0.568630 0.641220
vt 0.465950 0.644070
vt 0.542090 0.641980
vt 0.448570 0.681180
vt 0.629340 0.477700
vt 0.629780 0.479700
vt 0.382640 0.687600
vt 0.378990 0.671390
vt 0.630510 0.482980
vt 0.374260 0.650350
vt 0.012420 0.992940
vt 0.007130 0.992940
vt 0.008900 0.991180
vt 0.010660 0.991180
vt 0.012420 0.987660
vt 0.010660 0.989420
vt 0.007130 0.987660
vt 0.008900 0.989420
vt 0.070360 0.884280
vt 0.151230 0.803410
vt 0.232090 0.884280
vt 0.151230 0.965140
vt 0.008920 0.983050
vt 0.007180 0.984790
vt 0.012390 0.984790
vt 0.010660 0.983050
vt 0.012390 0.979570
vt 0.010660 0.981330
vt 0.007180 0.979570
vt 0.008920 0.981330
vt 0.031350 0.215360
vt 0.041750 0.201550
s 0
f 620/349/965 619/350/965 618/351/965
f 618/351/965 621/352/965 620/349/965
f 620/349/965 621/352/965 625/353/965
f 621/352/965 626/354/965 625/353/965
f 622/355/965 620/349/965 627/356/965
f 627/356/965 628/357/965 622/355/965
f 627/356/965 623/358/965 628/357/965
f 623/358/965 629/359/965 628/357/965
f 619/350/965 620/349/965 630/360/965
f 620/349/965 622/355/965 630/360/965
f 624/361/965 625/353/965 631/362/965
f 625/353/965 626/354/965 631/362/965
f 624/361/965 625/353/965 626/354/965
f 632/351/966 633/350/966 634/349/966
f 634/349/966 635/352/966 632/351/966
f 639/353/966 635/352/966 634/349/966
f 639/353/966 640/354/966 635/352/966
f 641/356/966 634/349/966 636/355/966
f 636/355/966 642/357/966 641/356/966
f 642/357/966 637/358/966 641/356/966
f 642/357/966 643/359/966 637/358/966
f 644/360/966 634/349/966 633/350/966
f 644/360/966 636/355/966 634/349/966
f 645/362/966 639/353/966 638/361/966
f 645/362/966 640/354/966 639/353/966
f 640/354/966 639/353/966 638/361/966
f 660/363/965 659/364/965 658/365/967
f 662/366/965 661/367/965 660/363/965
f 663/368/965 661/367/965 662/366/965
f 664/369/965 663/368/965 662/366/965
f 665/370/965 663/368/965 664/369/965
f 666/371/965 663/368/965 665/370/965
f 667/372/965 666/371/965 665/370/965
f 668/373/965 667/372/965 665/370/965
f 669/374/965 667/372/965 668/373/965
f 670/375/965 669/374/965 668/373/965
f 671/376/965 669/374/965 670/375/965
f 672/377/965 671/376/965 670/375/965
f 673/378/965 671/376/965 672/377/965
f 661/367/965 659/364/965 660/363/965
f 659/364/965 656/379/965 658/365/967
f 654/380/965 675/381/968 656/379/965
f 657/382/969 675/383/970 655/384/971
f 652/385/965 676/386/972 654/380/965
f 655/384/973 676/387/974 653/388/975
f 654/380/965 676/386/976 675/381/968
f 675/383/970 676/387/974 655/384/973
f 653/388/977 676/387/978 650/389/979
f 648/390/965 677/391/980 651/392/965
f 650/389/979 677/393/981 649/394/982
f 676/387/974 677/393/983 650/389/984
f 651/392/965 677/391/980 652/385/965
f 652/385/965 677/391/980 676/386/972
f 677/393/980 678/395/985 649/394/986
f 648/390/965 678/396/985 677/391/980
f 648/390/965 679/397/987 678/396/985
f 678/395/988 679/398/987 649/394/982
f 648/390/965 680/399/965 679/397/987
f 647/400/989 683/401/990 646/402/965
f 683/401/990 681/403/965 646/402/965
f 674/404/991 683/401/992 647/400/989
f 684/405/993 674/404/994 649/394/982
f 649/394/982 679/398/995 684/405/993
f 683/401/990 685/406/996 681/403/965
f 680/407/965 685/406/996 682/408/965
f 681/403/965 685/406/996 680/407/965
f 685/409/996 684/410/997 682/411/965
f 680/407/965 646/402/965 681/403/965
f 648/412/965 646/402/965 680/407/965
f 680/407/965 682/408/965 679/398/995
f 679/398/987 682/408/965 684/405/997
f 683/413/990 674/414/998 685/409/996
f 685/409/996 674/414/998 684/410/999
f 675/381/1000 657/415/1001 658/365/1002
f 656/379/965 675/381/968 658/365/967
f 694/365/1003 695/364/966 696/363/966
f 696/363/966 697/367/966 698/366/966
f 698/366/966 697/367/966 699/368/966
f 698/366/966 699/368/966 700/369/966
f 700/369/966 699/368/966 701/370/966
f 701/370/966 699/368/966 702/371/966
f 701/370/966 702/371/966 703/372/966
f 701/370/966 703/372/966 704/373/966
f 704/373/966 703/372/966 705/374/966
f 704/373/966 705/374/966 706/375/966
f 706/375/966 705/374/966 707/376/966
f 706/375/966 707/376/966 708/377/966
f 708/377/966 707/376/966 709/378/966
f 696/363/966 695/364/966 697/367/966
f 694/365/1003 692/379/966 695/364/966
f 692/379/966 711/381/1004 691/380/966
f 655/384/1005 711/383/1006 693/382/1007
f 691/380/966 712/386/1008 690/385/966
f 653/388/1009 712/387/1010 655/384/1005
f 711/381/1004 712/386/1011 691/380/966
f 655/384/1005 712/387/1012 711/383/1013
f 650/389/1014 712/387/1012 653/388/1015
f 689/392/966 713/391/1016 688/390/966
f 649/394/1017 713/393/1016 650/389/1018
f 650/389/1019 713/393/1020 712/387/1021
f 690/385/966 713/391/1016 689/392/966
f 712/386/1011 713/391/1016 690/385/966
f 649/394/1022 714/395/1023 713/393/1016
f 713/391/1016 714/396/1023 688/390/966
f 714/396/1023 715/397/1024 688/390/966
f 649/394/1022 715/398/1024 714/395/1025
f 715/397/1024 716/399/966 688/390/966
f 686/402/966 719/401/1026 687/400/1027
f 686/402/966 717/403/966 719/401/1026
f 687/400/1027 719/401/1028 710/404/1029
f 649/394/1022 710/404/1030 720/405/1031
f 720/405/1031 715/398/1032 649/394/1022
f 717/403/966 721/406/1033 719/401/1026
f 718/408/966 721/406/1033 716/407/966
f 716/407/966 721/406/1033 717/403/966
f 718/411/966 720/410/1034 721/409/1033
f 717/403/966 686/402/966 716/407/966
f 716/407/966 686/402/966 688/412/966
f 715/398/1024 718/408/966 716/407/966
f 720/405/1034 718/408/966 715/398/1024
f 721/409/1033 710/414/1029 719/413/1026
f 720/410/1035 710/414/1029 721/409/1036
f 694/365/1037 693/415/1038 711/381/1039
f 694/365/1003 711/381/1039 692/379/966
f 655/384/971 693/382/1040 657/382/1040
f 674/404/1041 710/404/1041 649/394/1041
f 724/416/1042 722/417/1043 725/418/1044
f 724/416/1045 725/418/1044 726/419/1046
f 725/420/1047 723/421/1048 726/422/1046
f 723/421/1049 733/423/1050 726/422/1051
f 726/419/1046 734/424/1052 724/416/1053
f 724/416/1053 734/424/1054 727/425/1055
f 735/426/1056 736/427/1057 734/428/1058
f 735/426/1056 737/429/1059 736/427/1060
f 737/429/1059 738/430/1061 736/427/1057
f 737/429/1062 739/431/1063 738/430/1064
f 739/431/1063 740/432/1065 738/430/1066
f 739/431/1067 741/433/1068 740/432/1065
f 741/433/1068 742/434/1069 740/432/1065
f 734/424/1058 736/435/1057 727/425/1055
f 727/425/1055 736/435/1070 728/436/1071
f 728/436/1071 736/435/1072 729/437/1073
f 736/435/1072 738/438/1074 729/437/1073
f 738/438/1075 740/439/1065 729/437/1073
f 729/437/1073 740/439/1076 730/440/1077
f 730/440/1077 740/439/1065 731/441/1078
f 740/439/1065 742/442/1079 731/441/1080
f 731/441/1080 742/442/1069 732/443/1081
f 742/442/1069 743/444/1082 732/443/1083
f 742/434/1084 741/433/1068 743/445/1085
f 741/433/1068 744/446/1086 743/445/1085
f 735/426/1056 734/428/1058 745/447/1087
f 726/422/1088 733/423/1050 745/447/1089
f 734/428/1090 726/422/1051 745/447/1089
f 746/418/1091 722/417/1092 724/416/1093
f 747/419/1094 746/418/1091 724/416/1095
f 747/422/1094 723/421/1096 746/420/1097
f 747/422/1094 733/423/1098 723/421/1099
f 724/416/1100 748/424/1101 747/419/1094
f 727/425/1102 748/424/1103 724/416/1100
f 748/428/1104 749/427/1105 735/426/1106
f 749/427/1107 737/429/1108 735/426/1109
f 749/427/1105 750/430/1110 737/429/1108
f 750/430/1111 739/431/1112 737/429/1113
f 750/430/1111 751/432/1114 739/431/1112
f 751/432/1114 741/433/1115 739/431/1116
f 751/432/1117 752/434/1118 741/433/1115
f 727/425/1102 749/435/1105 748/424/1104
f 728/436/1119 749/435/1120 727/425/1102
f 729/437/1121 749/435/1122 728/436/1119
f 729/437/1121 750/438/1123 749/435/1122
f 729/437/1121 751/439/1114 750/438/1124
f 730/440/1125 751/439/1126 729/437/1121
f 731/441/1127 751/439/1114 730/440/1125
f 731/441/1128 752/442/1118 751/439/1114
f 732/443/1129 752/442/1118 731/441/1128
f 732/443/1130 753/444/1131 752/442/1132
f 753/445/1133 741/433/1115 752/434/1134
f 753/445/1133 744/446/1135 741/433/1115
f 745/447/1136 748/428/1137 735/426/1106
f 745/447/1136 733/423/1098 747/422/1138
f 745/447/1136 747/422/1139 748/428/1137
f 722/417/1140 746/418/1141 725/418/1141
f 725/420/1141 746/420/1141 723/421/1142
f 757/448/1143 761/449/1144 758/450/1145
f 761/449/1144 762/451/1146 758/450/1145
f 762/451/1146 763/452/1147 758/450/1145
f 764/453/1148 765/454/1149 760/455/1150
f 765/454/1151 766/456/965 760/455/1150
f 765/454/1149 767/457/1152 766/456/965
f 767/457/1152 768/458/1153 766/456/965
f 764/459/1154 763/452/1147 765/460/1149
f 763/452/1147 769/461/1155 765/460/1149
f 765/460/1149 769/461/1156 767/462/1152
f 769/461/1156 770/463/1157 767/462/1152
f 770/463/1157 771/464/1158 767/462/1152
f 771/464/1159 772/465/1160 767/462/1152
f 767/462/1152 772/465/1160 768/466/1161
f 763/452/1147 764/459/1154 774/467/1162
f 764/453/1163 759/468/1164 774/469/1165
f 759/468/1164 758/470/1145 774/469/1165
f 758/450/1166 763/452/1147 774/467/1167
f 757/471/1168 758/472/1169 756/473/1170
f 773/474/1171 756/473/1172 758/472/1145
f 759/475/1173 773/474/1171 758/472/1145
f 778/476/1174 777/477/1175 779/478/1176
f 757/471/1168 756/473/1177 780/479/1178
f 778/480/1174 779/481/1176 780/479/1178
f 761/449/1144 757/448/1168 781/482/1179
f 757/471/1168 780/479/1178 781/483/1179
f 780/484/1178 779/478/1176 781/482/1179
f 760/485/1180 773/474/1171 782/486/1181
f 773/474/1171 759/475/1173 782/486/1181
f 759/468/1164 764/453/1148 782/487/1181
f 764/453/1163 760/455/1150 782/487/1181
f 775/488/1182 755/489/1183 754/490/1184
f 779/478/1176 777/477/1185 783/491/1186
f 783/491/1187 761/449/1188 781/482/1179
f 779/478/1176 783/491/1186 781/482/1179
f 783/491/1186 777/477/1189 775/488/1190
f 754/490/1191 783/491/1186 775/488/1182
f 780/479/1178 756/473/1172 776/492/1192
f 778/480/1174 780/479/1178 776/492/1192
f 786/450/1193 761/449/1194 785/448/1195
f 786/450/1193 762/451/1196 761/449/1194
f 786/450/1193 763/452/1197 762/451/1196
f 788/455/1198 790/454/1199 789/453/1200
f 788/455/1198 791/456/966 790/454/1199
f 791/456/966 792/457/1201 790/454/1202
f 791/456/966 793/458/1203 792/457/1201
f 790/460/1199 763/452/1197 789/459/1204
f 790/460/1199 769/461/1205 763/452/1197
f 792/462/1201 769/461/1205 790/460/1199
f 792/462/1201 770/463/1206 769/461/1207
f 792/462/1201 771/464/1208 770/463/1206
f 792/462/1201 772/465/1209 771/464/1210
f 793/466/1211 772/465/1212 792/462/1201
f 794/467/1213 789/459/1204 763/452/1197
f 794/469/1214 787/468/1215 789/453/1200
f 794/469/1214 786/470/1193 787/468/1215
f 794/467/1216 763/452/1197 786/450/1193
f 756/473/1217 786/472/1218 785/471/1219
f 786/472/1193 756/473/1220 773/474/1221
f 786/472/1222 773/474/1221 787/475/1223
f 798/478/1224 796/477/1225 797/476/1226
f 799/479/1227 756/473/1228 785/471/1219
f 799/479/1229 798/481/1224 797/480/1226
f 800/482/1230 785/448/1219 761/449/1194
f 800/483/1230 799/479/1229 785/471/1219
f 800/482/1230 798/478/1224 799/484/1227
f 801/486/1231 773/474/1221 788/485/1232
f 801/486/1231 787/475/1223 773/474/1221
f 801/487/1231 789/453/1200 787/468/1223
f 801/487/1231 788/455/1198 789/453/1233
f 754/490/1234 784/489/1235 795/488/1236
f 783/491/1237 796/477/1225 798/478/1224
f 800/482/1230 761/449/1238 783/491/1239
f 800/482/1230 783/491/1237 798/478/1224
f 795/488/1240 796/477/1241 783/491/1237
f 795/488/1236 783/491/1237 754/490/1242
f 776/492/1243 756/473/1220 799/479/1227
f 776/492/1243 799/479/1227 797/480/1226
f 772/465/1244 793/466/1245 768/466/1246
f 760/485/1247 788/485/1248 773/474/1249
f 812/493/965 811/378/965 810/377/965
f 813/494/965 811/378/965 812/493/965
f 814/377/966 815/378/966 816/493/966
f 816/493/966 815/378/966 817/494/966
f 822/495/1250 820/488/1251 823/477/965
f 822/496/1250 823/497/965 824/480/1252
f 822/496/1253 824/480/1254 821/492/1255
f 818/498/1256 820/499/1251 819/500/1257
f 819/500/1257 820/499/1251 822/496/1250
f 821/492/1258 819/500/1257 822/496/1253
f 828/477/966 826/488/1259 827/495/1260
f 829/480/1261 828/497/966 827/496/1260
f 821/492/1262 829/480/1263 827/496/1264
f 819/500/1265 826/499/1259 825/498/1266
f 827/496/1260 826/499/1259 819/500/1265
f 827/496/1264 819/500/1265 821/492/1267
f 839/501/1268 831/445/1269 835/502/1270
f 840/503/1271 830/443/1272 834/504/1273
f 837/502/1274 833/445/1275 838/501/1276
f 841/504/1277 830/443/1278 840/503/1279
f 848/505/1280 842/490/1281 847/502/1282
f 851/506/1283 843/498/1284 846/504/1285
f 849/502/1286 842/490/1287 848/505/1288
f 853/504/1289 845/498/1290 850/506/1291
f 855/507/1292 854/508/1293 858/509/1294
f 859/510/1295 855/507/1296 858/509/1294
f 857/511/1297 855/507/1296 859/510/1298
f 861/512/1299 857/511/1300 859/510/1298
f 856/513/1301 857/511/1300 861/512/1302
f 860/514/1303 856/513/1301 861/512/1302
f 854/508/1304 856/513/1305 860/514/1306
f 858/509/1307 854/508/1293 860/514/1306
f 860/515/1308 861/516/1309 859/517/1310
f 858/518/1311 860/515/1312 859/517/1313
f 866/519/1314 862/520/1315 863/521/1316
f 867/522/1317 866/519/1314 863/521/1318
f 867/522/1319 863/521/1318 865/523/1320
f 869/524/1321 867/522/1319 865/523/1322
f 869/524/1323 865/523/1322 864/525/1324
f 868/526/1325 869/524/1323 864/525/1326
f 868/526/1327 864/525/1326 862/520/1328
f 866/519/1329 868/526/1327 862/520/1315
f 867/517/1330 869/516/1331 868/515/1332
f 866/518/1333 867/517/1330 868/515/1332
f 619/350/1334 633/350/1335 632/351/1336
f 618/351/1336 619/350/1334 632/351/1336
f 618/351/1337 632/351/1337 635/352/1338
f 621/352/1339 618/351/1337 635/352/1338
f 625/353/1340 639/353/1341 634/349/1342
f 620/349/1342 625/353/1340 634/349/1342
f 621/352/1339 635/352/1338 640/354/1343
f 626/354/1343 621/352/1339 640/354/1343
f 620/349/1344 634/349/1344 641/356/1345
f 627/356/1346 620/349/1344 641/356/1345
f 628/357/1347 642/357/1347 636/355/1348
f 622/355/1349 628/357/1347 636/355/1348
f 627/356/1346 641/356/1345 637/358/1350
f 623/358/1350 627/356/1346 637/358/1350
f 629/359/1351 643/359/1351 642/357/1351
f 628/357/1351 629/359/1351 642/357/1351
f 623/358/1352 637/358/1352 643/359/1352
f 629/359/1352 623/358/1352 643/359/1352
f 630/360/1353 644/360/1354 633/350/1355
f 619/350/1334 630/360/1353 633/350/1355
f 622/355/1356 636/355/1348 644/360/1354
f 630/360/1353 622/355/1356 644/360/1354
f 624/361/1357 638/361/1357 639/353/1341
f 625/353/1358 624/361/1357 639/353/1341
f 631/362/1359 645/362/1360 638/361/1361
f 624/361/1361 631/362/1359 638/361/1361
f 626/354/1362 640/354/1362 645/362/1363
f 631/362/1364 626/354/1362 645/362/1363
f 625/353/1365 639/353/1365 640/354/1366
f 626/354/1366 625/353/1365 640/354/1366
f 624/361/1357 638/361/1357 639/353/1341
f 625/353/1358 624/361/1357 639/353/1341
f 626/354/1362 640/354/1362 638/361/1367
f 624/361/1367 626/354/1362 638/361/1367
f 658/365/1368 694/365/1369 696/363/1370
f 660/363/1371 658/365/1368 696/363/1370
f 660/363/1371 696/363/1372 698/366/1373
f 662/366/1374 660/363/1371 698/366/1373
f 663/368/1375 699/368/1376 697/367/1377
f 661/367/1377 663/368/1375 697/367/1377
f 662/366/1378 698/366/1373 700/369/1379
f 664/369/1379 662/366/1378 700/369/1379
f 664/369/1380 700/369/1380 701/370/1381
f 665/370/1382 664/369/1380 701/370/1381
f 666/371/1383 702/371/1384 699/368/1376
f 663/368/1385 666/371/1383 699/368/1376
f 667/372/1386 703/372/1386 702/371/1387
f 666/371/1388 667/372/1386 702/371/1387
f 665/370/1389 701/370/1390 704/373/1391
f 668/373/1392 665/370/1389 704/373/1391
f 669/374/1393 705/374/1394 703/372/1395
f 667/372/1395 669/374/1393 703/372/1395
f 668/373/1396 704/373/1391 706/375/1397
f 670/375/1398 668/373/1392 706/375/1399
f 671/376/1400 707/376/1401 705/374/1402
f 669/374/1403 671/376/1400 705/374/1402
f 670/375/1404 706/375/1399 708/377/1405
f 672/377/1405 670/375/1406 708/377/1405
f 673/378/1407 709/378/1407 707/376/1401
f 671/376/1400 673/378/1407 707/376/1401
f 661/367/1408 697/367/1408 695/364/1409
f 659/364/1410 661/367/1408 695/364/1409
f 659/364/1410 695/364/1411 692/379/1412
f 656/379/1413 659/364/1410 692/379/1412
f 656/379/1414 692/379/1412 691/380/1415
f 654/380/1416 656/379/1414 691/380/1415
f 654/380/1417 691/380/1418 690/385/1419
f 652/385/1420 654/380/1417 690/385/1419
f 651/392/1421 689/392/1421 688/390/1422
f 648/390/1423 651/392/1421 688/390/1422
f 652/385/1424 690/385/1419 689/392/1425
f 651/392/1425 652/385/1424 689/392/1425
f 646/402/1426 686/402/1426 687/400/1426
f 647/400/1426 646/402/1426 687/400/1426
f 647/400/1427 687/400/1427 710/404/1427
f 674/404/1427 647/400/1427 710/404/1427
f 648/412/1428 688/412/1429 686/402/1430
f 646/402/1430 648/412/1431 686/402/1430
f 657/415/1432 693/415/1432 694/365/1433
f 658/365/1434 657/415/1432 694/365/1433
f 766/456/1435 791/456/1436 788/455/1437
f 760/455/1248 766/456/1435 788/455/1437
f 768/458/1438 793/458/1439 791/456/1440
f 766/456/1435 768/458/1438 791/456/1441
f 803/494/965 802/493/965 804/527/965
f 805/528/965 803/494/965 804/527/965
f 809/528/966 808/527/966 806/493/966
f 807/494/966 809/528/966 806/493/966
f 804/527/1442 808/527/1442 809/528/1442
f 805/528/1442 804/527/1442 809/528/1442
f 802/493/1443 806/493/1443 808/527/1443
f 804/527/1443 802/493/1443 808/527/1443
f 805/528/1444 809/528/1444 807/494/1444
f 803/494/1444 805/528/1444 807/494/1444
f 810/377/1445 814/377/1445 816/493/1445
f 812/493/1445 810/377/1445 816/493/1445
f 813/494/1446 817/494/1446 815/378/1446
f 811/378/1446 813/494/1446 815/378/1446
f 831/445/1269 832/446/1447 836/505/1447
f 835/502/1270 831/445/1269 836/505/1447
f 830/443/1448 831/444/1449 839/506/1268
f 834/504/1273 830/443/1448 839/506/1268
f 832/446/1450 833/445/1275 837/502/1451
f 836/505/1450 832/446/1450 837/502/1274
f 833/444/1452 830/443/1278 841/504/1277
f 838/506/1453 833/444/1452 841/504/1277
f 842/490/1454 843/489/1455 851/501/1283
f 847/502/1282 842/490/1454 851/501/1283
f 843/498/1284 844/500/1456 852/503/1456
f 846/504/1285 843/498/1284 852/503/1456
f 845/489/1457 842/490/1287 849/502/1458
f 850/501/1459 845/489/1457 849/502/1460
f 844/500/1461 845/498/1290 853/504/1289
f 852/503/1461 844/500/1461 853/504/1462
o sheath
v -239.314880 5.369203 3.465136
v -190.201202 15.120086 3.465135
v -184.732086 3.014495 3.465136
v -125.796623 -1.828059 3.465136
v -114.322182 1.798650 3.465136
v -112.357124 12.056882 3.465135
v -92.837288 2.194912 3.465136
v -93.797951 11.161870 3.465135
v -64.308250 -1.641549 3.465136
v -62.775612 9.594674 3.465135
v -51.454521 -0.892532 3.465136
v -37.303612 8.105866 3.465135
v -38.651596 -2.471727 3.465136
v -29.911301 2.001463 3.465135
v -25.340919 -6.208795 3.465136
v -13.905640 -2.163236 3.465135
v -216.484711 16.924099 3.465135
v -247.996918 11.437072 3.465136
v -282.774048 7.027329 3.465136
v -254.670776 18.070217 3.465135
v -272.376801 13.399516 3.465136
v -331.805908 8.452205 3.465137
v -296.328186 10.252204 3.465136
v -302.010468 12.529756 3.465136
v -286.265015 15.142446 3.465136
v -274.389008 18.456276 3.465135
v -326.547638 19.397346 3.465136
v -341.453766 14.416715 3.465136
v -379.000397 8.916116 3.465137
v -378.553741 11.109021 3.465137
v -413.757965 8.921445 3.465137
v -408.608368 13.485827 3.465137
v -412.769806 11.990846 3.465137
v -419.030273 11.236403 3.465137
v -77.781990 0.582864 3.465136
v -258.666687 5.951072 3.139699
v -185.459015 15.383069 3.083256
v -183.975922 2.065829 3.083256
v -125.796623 -1.828059 3.083256
v -114.322182 1.798650 3.083256
v -112.357124 12.056882 3.083255
v -92.837288 2.194912 3.083256
v -64.308250 -1.641549 3.083256
v -64.515724 9.740380 3.083255
v -51.454521 -0.892532 3.083256
v -37.303612 8.105866 3.083255
v -38.651596 -2.471727 3.083256
v -29.911301 2.001463 3.083256
v -25.340919 -6.208795 3.083256
v -13.905640 -2.163236 3.083256
v -256.791718 17.757900 3.083256
v -327.939941 8.449494 3.083257
v -326.547638 19.397346 3.083256
v -341.453766 14.416715 3.083256
v -379.000397 8.916116 3.083257
v -378.553741 11.109021 3.083257
v -413.757965 8.921445 3.083257
v -408.608368 13.485827 3.083257
v -419.030273 11.236403 3.083257
v -339.971344 19.471497 2.721144
v -351.493317 15.196893 2.721144
v -382.942230 12.827018 2.721145
v -326.331665 20.899048 2.721144
v -256.288788 19.985199 2.319259
v -185.750977 17.817802 2.319259
v -112.793999 15.494288 2.319258
v -64.202202 13.270232 2.319258
v -31.597359 11.778554 2.319258
v -125.307854 -5.409179 2.803665
v -106.087273 -1.163554 2.803664
v -91.105034 0.246480 2.803664
v -60.350349 -5.055146 2.319260
v -48.277153 -4.130769 2.497994
v -38.712143 -5.137470 2.663392
v -24.166779 -8.327605 2.845579
v -7.819603 -4.154491 2.845579
v -2.220833 -2.759457 2.864036
v -31.431763 6.821496 3.083255
v -24.611908 9.228930 2.864035
v -24.984375 5.260259 2.864035
v -11.895996 -1.077473 2.864036
v -27.618256 3.643270 3.083256
v -183.542267 -0.810399 2.319260
v -259.048431 3.795514 2.319260
v -327.024933 6.405553 2.319260
v -378.721527 7.424735 2.319261
v -418.205292 7.492103 2.319261
v -427.979065 11.886809 2.319261
v -411.664246 17.279606 2.319260
v -116.725853 -5.864376 2.803665
v -78.316338 -0.237385 2.803664
v -77.684166 0.628432 3.083256
v -408.608368 13.485827 2.226142
v -339.971344 19.471497 2.226141
v -351.493317 15.196893 2.226142
v -382.942230 12.827018 2.226142
v -351.852295 19.976692 2.226141
v -361.630066 16.258423 2.226142
v -383.928650 14.346728 2.226142
v -326.331665 20.899048 2.226141
v -408.608368 13.485827 1.731021
v -351.852295 19.976692 1.731020
v -361.630066 16.258423 1.731020
v -383.928650 14.346728 1.731021
v -361.794769 20.475380 1.731020
v -370.571442 17.596954 1.731020
v -385.148071 15.820907 1.731020
v -326.331665 20.899048 1.731020
v -408.608368 13.485827 1.236019
v -361.794769 20.475380 1.236018
v -370.571442 17.596954 1.236018
v -385.148071 15.820907 1.236018
v -388.920715 22.002522 1.236018
v -397.301453 15.922696 1.236018
v -326.331665 20.899048 1.236017
v -411.664246 17.279606 1.236018
v -400.596161 17.311371 1.236018
v -64.308250 -1.641549 3.083256
v -106.087273 -1.163554 2.630407
v -91.105034 0.246480 2.630407
v -108.045158 -6.488900 2.630408
v -99.406960 -2.508681 2.630407
v -89.762764 -1.259837 2.630407
v -77.728951 -0.976483 2.612664
v -116.725853 -5.864376 2.630408
v -78.316338 -0.237385 2.612664
v -64.308250 -1.641549 3.083256
v -108.045158 -6.488900 2.445363
v -99.406960 -2.508681 2.445362
v -89.762764 -1.259837 2.445362
v -99.453865 -7.551037 2.445363
v -92.790962 -3.805280 2.445362
v -77.728951 -0.976483 2.421784
v -84.060204 -2.704903 2.445362
v -76.984200 -2.721789 2.367724
v -69.725883 -3.221515 2.367724
v -60.350349 -5.055146 2.319260
v -2.220833 -2.759457 2.482037
v -24.611908 9.228930 2.482036
v -24.984375 5.260259 2.482037
v -11.895996 -1.077473 2.482037
v -20.001083 7.794806 2.482036
v -20.420120 5.277900 2.482037
v -10.734680 0.406697 2.482037
v -239.314880 5.369203 -3.465135
v -190.201202 15.120086 -3.465136
v -184.732086 3.014495 -3.465135
v -125.796623 -1.828059 -3.465135
v -114.322014 1.798635 -3.465136
v -112.357124 12.056882 -3.465136
v -92.837288 2.194912 -3.465136
v -93.797951 11.161870 -3.465136
v -64.308250 -1.641549 -3.465136
v -62.775612 9.594674 -3.465136
v -51.454521 -0.892532 -3.465136
v -37.303612 8.105866 -3.465137
v -38.651596 -2.471727 -3.465136
v -29.911301 2.001463 -3.465136
v -25.340919 -6.208796 -3.465135
v -13.905640 -2.163236 -3.465136
v -216.484711 16.924099 -3.465136
v -247.996918 11.437072 -3.465135
v -282.774048 7.027329 -3.465135
v -254.670776 18.070217 -3.465136
v -272.376648 13.399505 -3.465135
v -331.805908 8.452205 -3.465135
v -296.328186 10.252204 -3.465135
v -302.010468 12.529756 -3.465135
v -286.265015 15.142446 -3.465135
v -274.389008 18.456276 -3.465136
v -326.547638 19.397346 -3.465136
v -341.453766 14.416715 -3.465135
v -379.000244 8.916104 -3.465134
v -378.553741 11.109021 -3.465135
v -413.757965 8.921445 -3.465134
v -408.608368 13.485827 -3.465135
v -412.769806 11.990846 -3.465134
v -419.030273 11.236403 -3.465134
v -77.781990 0.582864 -3.465136
v -258.666687 5.951072 -3.139698
v -185.459015 15.383069 -3.083256
v -183.975922 2.065829 -3.083256
v -125.796623 -1.828059 -3.083256
v -114.322014 1.798635 -3.083256
v -112.357124 12.056882 -3.083257
v -92.837288 2.194912 -3.083256
v -64.308250 -1.641549 -3.083256
v -64.515724 9.740380 -3.083257
v -51.454521 -0.892532 -3.083256
v -37.303612 8.105866 -3.083257
v -38.651596 -2.471727 -3.083256
v -29.911301 2.001463 -3.083256
v -25.340919 -6.208795 -3.083256
v -13.905640 -2.163236 -3.083256
v -256.791718 17.757900 -3.083256
v -327.939941 8.449494 -3.083255
v -326.547638 19.397346 -3.083256
v -341.453766 14.416715 -3.083256
v -379.000244 8.916104 -3.083255
v -378.553741 11.109021 -3.083255
v -413.757965 8.921445 -3.083255
v -408.608368 13.485827 -3.083255
v -419.030273 11.236403 -3.083255
v -339.971344 19.471497 -2.721143
v -351.493317 15.196893 -2.721143
v -382.942230 12.827018 -2.721143
v -326.331665 20.899048 -2.721144
v -256.288788 19.985199 -2.319260
v -185.750977 17.817802 -2.319260
v -112.793999 15.494288 -2.319260
v -64.202202 13.270232 -2.319261
v -31.597359 11.778554 -2.319261
v -125.307854 -5.409179 -2.803663
v -106.087273 -1.163554 -2.803664
v -91.105034 0.246480 -2.803664
v -60.350349 -5.055146 -2.319259
v -48.277153 -4.130769 -2.497993
v -38.712143 -5.137470 -2.663391
v -24.166779 -8.327605 -2.845579
v -7.819603 -4.154491 -2.845579
v -2.220833 -2.759457 -2.864036
v -31.431763 6.821496 -3.083257
v -24.611908 9.228930 -2.864037
v -24.984375 5.260259 -2.864037
v -11.895996 -1.077473 -2.864036
v -27.618256 3.643270 -3.083256
v -183.542267 -0.810399 -2.319259
v -259.048431 3.795514 -2.319258
v -327.024780 6.405541 -2.319258
v -378.721527 7.424735 -2.319258
v -418.205292 7.492103 -2.319258
v -427.979065 11.886809 -2.319258
v -411.664246 17.279606 -2.319259
v -116.725853 -5.864376 -2.803663
v -78.316338 -0.237385 -2.803664
v -77.684166 0.628432 -3.083256
v -408.608368 13.485827 -2.226140
v -339.971344 19.471497 -2.226141
v -351.493317 15.196893 -2.226141
v -382.942230 12.827018 -2.226140
v -351.852295 19.976692 -2.226141
v -361.629913 16.258411 -2.226141
v -383.928650 14.346728 -2.226140
v -326.331665 20.899048 -2.226141
v -408.608368 13.485827 -1.731019
v -351.852295 19.976692 -1.731019
v -361.629913 16.258411 -1.731019
v -383.928650 14.346728 -1.731019
v -361.794769 20.475380 -1.731019
v -370.571442 17.596954 -1.731019
v -385.148071 15.820907 -1.731019
v -326.331665 20.899048 -1.731020
v -408.608368 13.485827 -1.236016
v -361.794769 20.475380 -1.236017
v -370.571442 17.596954 -1.236017
v -385.148071 15.820907 -1.236017
v -388.920715 22.002522 -1.236017
v -397.301453 15.922696 -1.236017
v -326.331665 20.899048 -1.236017
v -411.664246 17.279606 -1.236017
v -400.596161 17.311371 -1.236017
v -64.308250 -1.641549 -3.083256
v -106.087273 -1.163554 -2.630407
v -91.105034 0.246480 -2.630407
v -108.045158 -6.488900 -2.630406
v -99.406960 -2.508681 -2.630407
v -89.762764 -1.259837 -2.630407
v -77.728951 -0.976483 -2.612664
v -116.725853 -5.864376 -2.630406
v -78.316338 -0.237385 -2.612664
v -64.308250 -1.641549 -3.083256
v -108.045158 -6.488900 -2.445361
v -99.406960 -2.508681 -2.445362
v -89.762764 -1.259837 -2.445362
v -99.453865 -7.551037 -2.445361
v -92.790962 -3.805280 -2.445361
v -77.728951 -0.976483 -2.421784
v -84.060204 -2.704903 -2.445362
v -76.984200 -2.721789 -2.367723
v -69.725883 -3.221515 -2.367723
v -60.350349 -5.055146 -2.319259
v -2.220833 -2.759457 -2.482038
v -24.611908 9.228930 -2.482038
v -24.984375 5.260259 -2.482038
v -11.895996 -1.077473 -2.482038
v -20.001083 7.794806 -2.482038
v -20.420120 5.277900 -2.482038
v -10.734680 0.406697 -2.482038
vn -0.0000 -0.0000 1.0000
vn -0.0093 -0.1216 0.9925
vn 0.0045 0.1197 0.9928
vn -0.0082 -0.1644 0.9864
vn -0.0093 -0.1215 0.9925
vn 0.0007 -0.0395 0.9992
vn 0.0045 0.1196 0.9928
vn 0.0055 -0.0287 0.9996
vn 0.0046 0.1075 0.9942
vn -0.0037 -0.1106 0.9939
vn 0.0045 0.1075 0.9942
vn -0.0090 -0.1224 0.9924
vn -0.0023 -0.0986 0.9951
vn 0.0048 0.0926 0.9957
vn 0.0079 0.0800 0.9968
vn -0.0171 -0.0859 0.9962
vn -0.0067 -0.0742 0.9972
vn 0.0210 0.0297 0.9993
vn 0.0044 0.1519 0.9884
vn -0.0082 -0.1645 0.9864
vn -0.0092 0.1116 0.9937
vn -0.0126 0.0623 0.9980
vn -0.0046 -0.1569 0.9876
vn -0.0022 -0.2229 0.9748
vn -0.0017 0.0928 0.9957
vn -0.0017 0.0929 0.9957
vn -0.0195 -0.2414 0.9702
vn -0.0271 0.1332 0.9907
vn -0.0206 0.1557 0.9876
vn -0.0017 0.0930 0.9957
vn -0.0205 0.1557 0.9876
vn 0.0036 0.2151 0.9766
vn 0.0037 0.2152 0.9766
vn -0.0054 0.1432 0.9897
vn -0.0032 0.2652 0.9642
vn -0.0271 0.1333 0.9907
vn 0.0045 0.1198 0.9928
vn 0.0100 0.2735 0.9618
vn 0.0090 0.2156 0.9764
vn 0.0048 0.0927 0.9957
vn 0.0079 0.0801 0.9968
vn 0.0104 0.2040 0.9789
vn 0.0069 0.1654 0.9862
vn 0.0103 0.2039 0.9789
vn 0.0055 -0.0288 0.9996
vn 0.0109 -0.0878 0.9961
vn 0.0034 -0.1391 0.9903
vn -0.0089 -0.1225 0.9924
vn 0.0055 -0.1920 0.9814
vn -0.0023 -0.0987 0.9951
vn -0.0197 -0.1784 0.9838
vn -0.0197 -0.1783 0.9838
vn -0.0395 -0.1478 0.9882
vn -0.0395 -0.1479 0.9882
vn -0.0068 -0.0743 0.9972
vn -0.0085 -0.1161 0.9932
vn -0.0067 -0.0743 0.9972
vn 0.0201 -0.0761 0.9969
vn 0.0210 0.0296 0.9993
vn 0.0201 -0.0762 0.9969
vn 0.0208 0.0394 0.9990
vn 0.0155 0.0603 0.9981
vn 0.0069 0.1653 0.9862
vn 0.0155 0.0602 0.9981
vn 0.0057 0.0748 0.9972
vn 0.0068 0.1653 0.9862
vn 0.0416 0.0601 0.9973
vn 0.0057 0.0747 0.9972
vn 0.0387 0.1284 0.9910
vn 0.0208 0.0395 0.9990
vn 0.0387 0.1285 0.9910
vn 0.0204 0.0344 0.9992
vn 0.0007 -0.0396 0.9992
vn -0.0128 -0.1406 0.9900
vn -0.0093 -0.1217 0.9925
vn -0.0210 -0.2912 0.9564
vn -0.0082 -0.1646 0.9863
vn -0.0162 -0.3538 0.9352
vn -0.0046 -0.1570 0.9876
vn -0.0086 -0.3893 0.9211
vn -0.0022 -0.2230 0.9748
vn -0.0086 -0.3892 0.9211
vn -0.0033 -0.4609 0.8874
vn -0.0195 -0.2415 0.9702
vn -0.0646 -0.3091 0.9488
vn -0.0196 -0.2415 0.9702
vn -0.0510 -0.0112 0.9986
vn -0.0646 -0.3090 0.9489
vn -0.0856 -0.0072 0.9963
vn -0.0510 -0.0111 0.9986
vn -0.0524 0.1879 0.9808
vn -0.0856 -0.0071 0.9963
vn 0.0091 -0.0537 0.9985
vn -0.0276 -0.2379 0.9709
vn -0.0082 -0.1645 0.9863
vn 0.0043 0.1519 0.9884
vn 0.0091 -0.0538 0.9985
vn -0.0128 -0.1405 0.9900
vn -0.0157 -0.1156 0.9932
vn -0.0276 -0.2378 0.9709
vn -0.0157 -0.1157 0.9932
vn -0.0090 -0.1225 0.9924
vn 0.0007 0.0006 1.0000
vn 0.0008 0.0007 1.0000
vn -0.0112 -0.0089 0.9999
vn 0.0008 0.0006 1.0000
vn -0.0175 -0.0139 0.9997
vn -0.0365 -0.0290 0.9989
vn 0.0006 0.0023 1.0000
vn 0.0042 -0.0064 1.0000
vn -0.0125 -0.0727 0.9973
vn 0.0042 -0.0065 1.0000
vn 0.0044 -0.0291 0.9996
vn -0.0370 -0.1815 0.9827
vn -0.0537 -0.2532 0.9659
vn 0.0043 -0.0291 0.9996
vn -0.0480 -0.2708 0.9614
vn -0.0000 -0.0000 -1.0000
vn -0.0082 -0.1644 -0.9864
vn 0.0045 0.1197 -0.9928
vn -0.0093 -0.1216 -0.9925
vn 0.0045 0.1196 -0.9928
vn 0.0007 -0.0395 -0.9992
vn -0.0093 -0.1215 -0.9925
vn 0.0055 -0.0287 -0.9996
vn 0.0046 0.1075 -0.9942
vn -0.0037 -0.1106 -0.9939
vn 0.0048 0.0926 -0.9957
vn -0.0023 -0.0986 -0.9951
vn -0.0089 -0.1224 -0.9924
vn 0.0079 0.0800 -0.9968
vn -0.0171 -0.0859 -0.9962
vn -0.0067 -0.0742 -0.9972
vn 0.0210 0.0297 -0.9993
vn -0.0082 -0.1645 -0.9864
vn 0.0044 0.1519 -0.9884
vn -0.0046 -0.1569 -0.9876
vn -0.0126 0.0623 -0.9980
vn -0.0092 0.1116 -0.9937
vn -0.0022 -0.2229 -0.9748
vn -0.0019 0.1083 -0.9941
vn -0.0164 -0.2023 -0.9792
vn -0.0271 0.1332 -0.9907
vn -0.0206 0.1557 -0.9876
vn -0.0020 0.1084 -0.9941
vn -0.0020 0.1083 -0.9941
vn 0.0036 0.2151 -0.9766
vn -0.0205 0.1557 -0.9876
vn -0.0040 0.1077 -0.9942
vn 0.0037 0.2152 -0.9766
vn -0.0271 0.1333 -0.9907
vn -0.0032 0.2652 -0.9642
vn 0.0100 0.2735 -0.9618
vn 0.0045 0.1198 -0.9928
vn 0.0090 0.2156 -0.9764
vn 0.0104 0.2040 -0.9789
vn 0.0079 0.0801 -0.9968
vn 0.0048 0.0927 -0.9957
vn 0.0103 0.2039 -0.9789
vn 0.0069 0.1654 -0.9862
vn 0.0109 -0.0878 -0.9961
vn 0.0055 -0.0288 -0.9996
vn 0.0034 -0.1391 -0.9903
vn -0.0023 -0.0987 -0.9951
vn 0.0055 -0.1920 -0.9814
vn -0.0089 -0.1225 -0.9924
vn -0.0197 -0.1784 -0.9838
vn -0.0395 -0.1478 -0.9882
vn -0.0197 -0.1783 -0.9838
vn -0.0068 -0.0743 -0.9972
vn -0.0395 -0.1479 -0.9882
vn -0.0067 -0.0743 -0.9972
vn -0.0085 -0.1161 -0.9932
vn 0.0210 0.0296 -0.9993
vn 0.0201 -0.0761 -0.9969
vn 0.0201 -0.0762 -0.9969
vn 0.0208 0.0394 -0.9990
vn 0.0069 0.1653 -0.9862
vn 0.0155 0.0603 -0.9981
vn 0.0155 0.0602 -0.9981
vn 0.0068 0.1653 -0.9862
vn 0.0057 0.0748 -0.9972
vn 0.0057 0.0747 -0.9972
vn 0.0416 0.0601 -0.9973
vn 0.0387 0.1284 -0.9910
vn 0.0387 0.1285 -0.9910
vn 0.0208 0.0395 -0.9990
vn 0.0204 0.0344 -0.9992
vn -0.0128 -0.1406 -0.9900
vn 0.0007 -0.0396 -0.9992
vn -0.0210 -0.2912 -0.9564
vn -0.0093 -0.1217 -0.9925
vn -0.0082 -0.1646 -0.9863
vn -0.0162 -0.3538 -0.9352
vn -0.0046 -0.1570 -0.9876
vn -0.0086 -0.3893 -0.9211
vn -0.0086 -0.3892 -0.9211
vn -0.0022 -0.2230 -0.9748
vn -0.0033 -0.4609 -0.8874
vn -0.0164 -0.2024 -0.9792
vn -0.0646 -0.3091 -0.9488
vn -0.0646 -0.3090 -0.9489
vn -0.0612 -0.0134 -0.9980
vn -0.0856 -0.0072 -0.9963
vn -0.0613 -0.0135 -0.9980
vn -0.0856 -0.0071 -0.9963
vn -0.0524 0.1879 -0.9808
vn -0.0612 -0.0133 -0.9980
vn 0.0091 -0.0537 -0.9985
vn -0.0276 -0.2378 -0.9709
vn -0.0082 -0.1645 -0.9863
vn 0.0091 -0.0538 -0.9985
vn -0.0128 -0.1405 -0.9900
vn -0.0157 -0.1156 -0.9932
vn -0.0157 -0.1157 -0.9932
vn -0.0090 -0.1225 -0.9924
vn -0.0090 -0.1224 -0.9924
vn 0.0045 0.1075 -0.9942
vn 0.0007 0.0006 -1.0000
vn -0.0112 -0.0089 -0.9999
vn 0.0008 0.0007 -1.0000
vn -0.0175 -0.0139 -0.9997
vn 0.0008 0.0006 -1.0000
vn -0.0365 -0.0290 -0.9989
vn 0.0006 0.0023 -1.0000
vn 0.0042 -0.0064 -1.0000
vn -0.0125 -0.0727 -0.9973
vn 0.0044 -0.0291 -0.9996
vn 0.0042 -0.0065 -1.0000
vn -0.0537 -0.2532 -0.9659
vn -0.0370 -0.1815 -0.9827
vn 0.0043 -0.0291 -0.9996
vn -0.0480 -0.2708 -0.9614
vn -0.0196 -0.2414 0.9702
vn 0.0044 0.1520 0.9884
vn 0.0099 0.3151 0.9490
vn 0.0043 0.1520 0.9884
vn 0.0091 0.2156 0.9764
vn 0.0099 0.3151 -0.9490
vn 0.0043 0.1520 -0.9884
vn 0.0044 0.1520 -0.9884
vn 0.0091 0.2156 -0.9764
vn -0.1098 0.9940 -0.0000
vn -0.0316 0.9995 -0.0000
vn -0.1947 0.9809 -0.0000
vn -0.0431 -0.9991 -0.0000
vn -0.0561 -0.9984 -0.0000
vn -0.0690 -0.9976 -0.0000
vn 0.0257 -0.9997 -0.0000
vn 0.1541 -0.9881 -0.0000
vn 0.1940 -0.9810 -0.0000
vn 0.0997 -0.9950 -0.0000
vn 0.0423 0.9991 -0.0000
vn 0.0452 0.9990 -0.0000
vn -0.1097 0.9940 -0.0000
vn -0.0238 -0.9997 -0.0000
vn -0.0655 -0.9979 -0.0000
vn 0.0489 0.9988 -0.0000
vn 0.0497 0.9988 -0.0000
vn 0.0531 0.9986 -0.0000
vn 0.0557 0.9984 -0.0000
vn -0.0170 -0.9999 -0.0000
vn -0.0910 -0.9958 -0.0000
vn -0.0036 -1.0000 -0.0000
vn -0.0640 -0.9980 -0.0000
vn 0.0583 0.9983 -0.0000
vn -0.0640 -0.9979 -0.0000
vn -0.1698 -0.9855 -0.0000
vn -0.2191 -0.9757 -0.0000
vn 0.4840 0.8750 -0.0000
vn 0.3552 0.9348 -0.0000
vn 0.6367 0.7711 -0.0000
vn -0.2703 -0.9628 -0.0000
vn 0.2518 0.9678 -0.0000
vn 0.3551 0.9348 -0.0000
vn 0.4840 0.8751 -0.0000
vn 0.3335 -0.9427 -0.0000
vn 0.0300 0.9995 -0.0000
vn -0.0533 0.9986 -0.0000
vn -0.1484 0.9889 -0.0000
vn 0.1560 -0.9878 -0.0000
vn 0.1407 -0.9901 -0.0000
vn 0.1715 -0.9852 -0.0000
vn 0.1559 -0.9878 -0.0000
vn -0.1485 0.9889 -0.0000
vn -0.2107 0.9776 -0.0000
vn -0.1691 0.9856 -0.0000
vn 0.0715 -0.9974 -0.0000
vn 0.0198 -0.9998 -0.0000
vn 0.0374 -0.9993 -0.0000
vn 0.0193 -0.9998 -0.0000
vn -0.0763 0.9971 -0.0000
vn -0.1028 0.9947 -0.0000
vn -0.0507 0.9987 -0.0000
vn -0.1029 0.9947 -0.0000
vn 0.0180 0.9998 -0.0000
vn -0.0761 0.9971 -0.0000
vn -0.1878 0.9822 -0.0000
vn 0.2317 -0.9728 -0.0000
vn 0.1967 -0.9805 -0.0000
vn 0.2688 -0.9632 -0.0000
vn 0.1542 -0.9880 -0.0000
vn 0.1448 -0.9895 -0.0000
vn -0.2316 0.9728 -0.0000
vn -0.1557 0.9878 -0.0000
vn -0.0066 -1.0000 -0.0000
vn -0.0034 -1.0000 -0.0000
vn -0.1556 0.9878 -0.0000
vn -0.0307 0.9995 -0.0000
vn 0.0253 0.9997 -0.0000
vn -0.1204 -0.9927 -0.0000
vn -0.2564 -0.9666 -0.0000
vn -0.1749 0.9846 -0.0000
vn -0.0353 0.9994 -0.0000
vn -0.2565 0.9665 -0.0000
vn -0.1838 0.9830 -0.0000
vn -0.0306 0.9995 -0.0000
vn -0.1748 0.9846 -0.0000
vn -0.4020 -0.9156 -0.0000
vn -0.2565 0.9666 -0.0000
vn -0.1196 0.9928 -0.0000
vn -0.1440 -0.9896 -0.0000
vn -0.1252 -0.9921 -0.0000
vn -0.0911 -0.9958 -0.0000
vn -0.0170 -0.9999 -0.0001
vn -0.0655 -0.9978 -0.0000
vn -0.1251 -0.9921 -0.0000
vn -0.2558 0.9667 -0.0000
vn -0.1747 0.9846 0.0001
vn -0.2437 0.9698 -0.0000
vn -0.1530 0.9882 -0.0000
vn -0.1529 0.9882 -0.0000
vn -0.2437 0.9699 -0.0000
vn -0.0406 0.9992 -0.0000
vn -0.0069 1.0000 -0.0000
vn -0.0405 0.9992 -0.0000
vn 0.0257 0.9997 -0.0000
vn -0.0635 0.9980 -0.0000
vn -0.0244 0.9997 -0.0000
vn -0.1746 0.9846 -0.0000
vn -0.2557 0.9667 -0.0000
vn 0.0365 0.9993 -0.0000
vn 0.0411 0.9992 -0.0000
vn 0.0315 0.9995 -0.0000
vn 0.0311 0.9995 -0.0000
vn 0.1863 0.9825 -0.0000
vn 0.0457 0.9990 -0.0000
vn 0.1799 -0.9837 -0.0000
vn 0.2831 -0.9591 -0.0000
vn 0.0482 -0.9988 -0.0000
vn 0.0043 -1.0000 -0.0000
vn -0.4260 -0.9047 -0.0000
vn -0.2389 -0.9710 -0.0000
vn -0.6531 -0.7573 -0.0000
vn 0.0763 -0.9971 -0.0000
vn 0.0139 -0.9999 -0.0000
vn -0.0466 -0.9989 -0.0000
vn -0.1404 -0.9901 -0.0000
vn -0.1770 -0.9842 -0.0000
vn -0.1405 -0.9901 -0.0000
vn -0.0780 -0.9970 -0.0000
vn 0.0788 -0.9969 -0.0000
vn 0.2455 -0.9694 -0.0000
vn 0.2436 -0.9699 -0.0000
vn 0.2418 -0.9703 -0.0000
vn 0.6792 0.7340 -0.0000
vn 0.8824 0.4705 -0.0000
vn 0.6258 0.7800 -0.0000
vn 0.3376 0.9413 -0.0000
vn 0.2493 0.9684 -0.0000
vn 0.6257 0.7801 -0.0000
vn 0.1713 0.9852 -0.0000
vn 0.2492 0.9684 -0.0000
vn -0.0728 -0.9973 -0.0000
vn -0.0668 -0.9978 -0.0002
vn -0.0702 -0.9975 -0.0000
vn -0.0616 -0.9981 -0.0000
vn -0.0534 -0.9986 -0.0000
vn -0.0459 -0.9989 -0.0000
vn -0.0668 -0.9978 -0.0000
vn -0.0322 -0.9995 -0.0000
vn -0.0260 -0.9997 -0.0000
vn -0.0137 -0.9999 -0.0000
vn -0.0077 -1.0000 -0.0000
vn -0.1232 -0.9924 -0.0000
vn -0.2614 -0.9652 -0.0000
vn -0.4101 -0.9120 -0.0000
vn -0.1232 -0.9924 -0.0001
vn -0.3138 0.9495 -0.0000
vn 0.2196 -0.9756 -0.0000
vn 0.0670 -0.9978 -0.0000
vn 0.2832 -0.9591 -0.0000
vn 0.1800 -0.9837 -0.0000
vn 0.0481 -0.9988 -0.0000
vn -0.0585 -0.9983 -0.0000
vn -0.0792 -0.9969 -0.0000
vn 0.7788 0.6273 -0.0000
vn -0.0701 -0.9975 -0.0000
vn 0.0190 0.9998 -0.0000
vn 0.0248 0.9997 -0.0000
vn 0.0189 0.9998 -0.0000
vn 0.2437 -0.9698 -0.0000
vn 0.1530 -0.9882 -0.0000
vn 0.2558 -0.9667 -0.0000
vn 0.1747 -0.9846 -0.0000
vn -0.2315 0.9728 -0.0000
vn -0.1252 0.9921 -0.0000
vn -0.2524 0.9676 -0.0000
vn -0.1625 0.9867 -0.0000
vn -0.2523 0.9676 -0.0000
vn 0.0406 -0.9992 -0.0000
vn 0.0069 -1.0000 -0.0000
vn 0.1529 -0.9882 -0.0000
vn 0.2437 -0.9699 -0.0000
vn -0.1624 0.9867 -0.0000
vn -0.0683 0.9977 -0.0000
vn -0.0514 0.9987 -0.0000
vn -0.0682 0.9977 -0.0000
vn -0.0349 0.9994 -0.0000
vn -0.0257 -0.9997 -0.0000
vn 0.0405 -0.9992 -0.0000
vn -0.0361 0.9993 -0.0000
vn 0.1746 -0.9846 -0.0000
vn 0.2557 -0.9667 -0.0000
vn 0.1041 -0.9946 -0.0000
vn 0.2524 -0.9676 -0.0000
vn 0.1625 -0.9867 -0.0000
vn 0.2315 -0.9728 -0.0000
vn 0.1252 -0.9921 -0.0000
vn 0.2523 -0.9676 -0.0000
vn -0.1971 0.9804 -0.0000
vn -0.0973 0.9953 -0.0000
vn -0.2414 0.9704 -0.0000
vn -0.1780 0.9840 -0.0000
vn 0.0683 -0.9977 -0.0000
vn 0.0514 -0.9987 -0.0000
vn 0.1624 -0.9867 -0.0000
vn -0.1779 0.9840 -0.0000
vn -0.1136 0.9935 -0.0000
vn -0.1063 0.9943 -0.0000
vn -0.0990 0.9951 -0.0000
vn 0.0349 -0.9994 -0.0000
vn 0.0682 -0.9977 -0.0000
vn -0.0119 0.9999 -0.0000
vn -0.1971 0.9804 -0.0001
vn 0.0361 -0.9993 -0.0000
vn 0.2414 -0.9704 -0.0000
vn 0.1780 -0.9840 -0.0000
vn 0.1971 -0.9804 -0.0000
vn 0.0973 -0.9953 -0.0000
vn 0.1136 -0.9935 -0.0000
vn 0.1063 -0.9943 -0.0000
vn 0.1779 -0.9840 -0.0000
vn 0.0990 -0.9951 -0.0000
vn 0.0176 0.9998 -0.0000
vn -0.0880 0.9961 -0.0000
vn -0.2181 0.9759 -0.0001
vn 0.0119 -0.9999 -0.0000
vn -0.7788 -0.6273 -0.0000
vn -0.1036 0.9946 -0.0000
vn -0.2268 0.9739 -0.0000
vn -0.0029 1.0000 -0.0000
vn -0.2182 0.9759 -0.0000
vn 0.2191 -0.9757 -0.0000
vn 0.0552 -0.9985 -0.0000
vn 0.3063 -0.9519 -0.0000
vn 0.2098 -0.9777 -0.0000
vn -0.0482 0.9988 -0.0000
vn -0.0043 1.0000 -0.0000
vn -0.1799 0.9837 -0.0000
vn -0.2831 0.9591 -0.0000
vn 0.3062 -0.9520 -0.0000
vn 0.0920 -0.9958 -0.0000
vn 0.0570 -0.9984 -0.0000
vn 0.0920 -0.9958 0.0002
vn -0.0012 -1.0000 -0.0000
vn -0.0255 -0.9997 0.0001
vn -0.2832 0.9591 -0.0000
vn -0.1800 0.9837 -0.0000
vn -0.4042 0.9147 -0.0000
vn -0.0718 -0.9974 -0.0000
vn 0.2191 -0.9757 -0.0001
vn 0.0585 0.9983 -0.0000
vn 0.0792 0.9969 -0.0000
vn -0.0481 0.9988 -0.0000
vn 0.0997 0.9950 -0.0000
vn -0.0255 -0.9997 -0.0000
vn -0.0495 -0.9988 -0.0000
vn -0.1227 -0.9924 -0.0000
vn -0.3063 0.9519 -0.0000
vn -0.2098 0.9777 -0.0000
vn -0.4185 0.9082 -0.0000
vn 0.4900 -0.8717 -0.0000
vn 0.3442 -0.9389 -0.0000
vn 0.2229 -0.9748 -0.0000
vn 0.4901 -0.8717 -0.0000
vn -0.0920 0.9958 -0.0000
vn -0.0570 0.9984 -0.0000
vn -0.3062 0.9520 -0.0000
vn 0.2228 -0.9749 -0.0000
vn 0.0806 -0.9967 -0.0000
vn 0.0381 -0.9993 -0.0000
vn 0.0012 1.0000 -0.0000
vn 0.0255 0.9997 -0.0000
vn -0.0247 -0.9997 -0.0000
vn -0.0468 -0.9989 -0.0000
vn 0.0495 0.9988 -0.0000
vn -0.1092 -0.9940 -0.0000
vn -0.1504 -0.9886 -0.0000
vn 0.6531 0.7573 -0.0000
vn -0.1092 -0.9940 0.0008
vn -0.1919 -0.9814 -0.0000
vn 0.2970 0.9549 -0.0000
vn -0.9956 0.0934 -0.0000
vn -0.8824 -0.4705 -0.0000
vn -0.6258 -0.7800 -0.0000
vn 0.9053 0.4249 -0.0000
vn 0.6457 0.7636 -0.0000
vn 0.9864 -0.1642 -0.0000
vn -0.6257 -0.7801 -0.0000
vn -0.3376 -0.9413 -0.0000
vn -0.2493 -0.9684 -0.0000
vn 0.4140 0.9103 -0.0000
vn 0.3804 0.9248 -0.0000
vn 0.9052 0.4249 -0.0000
vn 0.3486 0.9373 -0.0000
vn 0.4139 0.9103 -0.0000
vn -0.2492 -0.9684 -0.0000
vn -0.1713 -0.9852 -0.0000
vt 0.494490 0.064880
vt 0.487060 0.118810
vt 0.388670 0.065080
vt 0.608130 0.054210
vt 0.631480 0.072890
vt 0.638050 0.119860
vt 0.673480 0.078820
vt 0.674000 0.119360
vt 0.728100 0.066870
vt 0.734080 0.118200
vt 0.753360 0.072740
vt 0.783360 0.116340
vt 0.777910 0.068030
vt 0.796150 0.090030
vt 0.802870 0.053620
vt 0.826250 0.074190
vt 0.436280 0.121950
vt 0.362120 0.119820
vt 0.373360 0.090980
vt 0.326340 0.095200
vt 0.304360 0.064260
vt 0.209120 0.061310
vt 0.278790 0.076310
vt 0.323760 0.117790
vt 0.222300 0.112040
vt 0.299720 0.100450
vt 0.268320 0.085560
vt 0.191900 0.086550
vt 0.117210 0.054350
vt 0.118660 0.064400
vt 0.049430 0.047700
vt 0.052170 0.061830
vt 0.060690 0.069420
vt 0.039760 0.057200
vt 0.702410 0.074390
vt 0.577990 0.169170
vt 0.578650 0.229370
vt 0.433360 0.172460
vt 0.690410 0.162660
vt 0.713750 0.181340
vt 0.720320 0.228310
vt 0.755760 0.187270
vt 0.810370 0.175320
vt 0.835640 0.181200
vt 0.813000 0.226980
vt 0.865640 0.224790
vt 0.860180 0.176480
vt 0.878420 0.198480
vt 0.885140 0.162070
vt 0.908520 0.182640
vt 0.440170 0.226450
vt 0.304570 0.220490
vt 0.274170 0.195000
vt 0.298930 0.170500
vt 0.199480 0.162800
vt 0.200940 0.172850
vt 0.131700 0.156150
vt 0.278410 0.218250
vt 0.254800 0.196620
vt 0.192840 0.179810
vt 0.142960 0.177870
vt 0.305390 0.227350
vt 0.578730 0.240370
vt 0.720390 0.243840
vt 0.814560 0.243070
vt 0.877740 0.242560
vt 0.729020 0.169470
vt 0.758610 0.178750
vt 0.817180 0.160580
vt 0.840970 0.167100
vt 0.859350 0.164360
vt 0.886870 0.152670
vt 0.919860 0.174770
vt 0.931150 0.182180
vt 0.876740 0.220080
vt 0.890690 0.232330
vt 0.888900 0.214230
vt 0.912730 0.187960
vt 0.883330 0.206380
vt 0.690400 0.146490
vt 0.578060 0.156190
vt 0.432040 0.162600
vt 0.300170 0.161390
vt 0.199630 0.156080
vt 0.122640 0.148800
vt 0.122030 0.165650
vt 0.104760 0.166880
vt 0.138010 0.194510
vt 0.707020 0.146070
vt 0.783430 0.179010
vt 0.784890 0.183060
vt 0.641450 0.394080
vt 0.513620 0.373720
vt 0.911820 0.367590
vt 0.750570 0.351110
vt 0.880250 0.308440
vt 0.747330 0.308840
vt 0.639900 0.263830
vt 0.622060 0.420300
vt 0.533580 0.391910
vt 0.420320 0.374980
vt 0.770520 0.369300
vt 0.595000 0.355330
vt 0.767290 0.327040
vt 0.636450 0.326960
vt 0.659850 0.282030
vt 0.642020 0.438500
vt 0.751120 0.418800
vt 0.428330 0.372830
vt 0.925800 0.399150
vt 0.967260 0.370770
vt 0.870840 0.349360
vt 0.990660 0.325850
vt 0.972820 0.482310
vt 0.654550 0.325790
vt 0.732050 0.345480
vt 0.417110 0.375630
vt 0.683980 0.354670
vt 0.843670 0.364620
vt 0.851890 0.336040
vt 0.717510 0.335790
vt 0.653830 0.314040
vt 0.531640 0.390150
vt 0.719250 0.314040
vt 0.501620 0.291170
vt 0.739050 0.383330
vt 0.519530 0.371890
vt 0.882550 0.359770
vt 0.678970 0.352110
vt 0.812270 0.341100
vt 0.613170 0.335280
vt 0.632580 0.320850
vt 0.494270 0.323810
vt 0.337500 0.313200
vt 0.361390 0.300610
vt 0.049290 0.302330
vt 0.759800 0.366480
vt 0.457270 0.373800
vt 0.537420 0.382720
vt 0.604490 0.363620
vt 0.652110 0.331740
vt 0.534380 0.337160
vt 0.413760 0.318530
vt 0.441750 0.236660
s 0
f 872/529/1463 871/530/1463 870/531/1463
f 872/529/1463 873/532/1463 871/530/1463
f 873/532/1463 874/533/1463 871/530/1463
f 874/533/1463 875/534/1463 871/530/1463
f 874/533/1463 876/535/1463 875/534/1463
f 876/535/1463 877/536/1463 875/534/1463
f 878/537/1463 879/538/1463 877/536/1463
f 878/537/1463 880/539/1463 879/538/1463
f 880/539/1463 881/540/1463 879/538/1463
f 880/539/1463 882/541/1463 881/540/1463
f 882/541/1463 883/542/1463 881/540/1463
f 882/541/1463 884/543/1463 883/542/1463
f 884/543/1463 885/544/1463 883/542/1463
f 886/545/1463 889/546/1463 887/547/1463
f 889/546/1463 890/548/1463 887/547/1463
f 887/547/1463 890/548/1463 888/549/1463
f 891/550/1463 888/549/1463 892/551/1463
f 888/549/1463 890/548/1463 892/551/1463
f 895/552/1463 896/553/1463 894/554/1463
f 894/554/1463 896/553/1463 893/555/1463
f 893/555/1463 896/553/1463 891/550/1463
f 896/553/1463 897/556/1463 891/550/1463
f 897/556/1463 898/557/1463 891/550/1463
f 897/556/1463 899/558/1463 898/557/1463
f 899/558/1463 900/559/1463 898/557/1463
f 900/559/1463 899/558/1463 902/560/1463
f 899/558/1463 901/561/1463 902/560/1463
f 902/560/1463 903/562/1463 900/559/1463
f 877/536/1463 904/563/1463 878/537/1463
f 877/536/1463 876/535/1463 904/563/1463
f 907/564/1464 906/565/1465 905/566/1466
f 907/564/1467 908/567/1468 906/565/1469
f 908/567/1468 909/568/1470 906/565/1469
f 909/568/1470 910/569/1471 906/565/1469
f 909/568/1470 911/570/1472 910/569/1473
f 912/571/1474 914/572/1475 913/573/1476
f 914/572/1475 915/574/1477 913/573/1476
f 914/572/1475 916/575/1478 915/574/1477
f 916/575/1478 917/576/1463 915/574/1477
f 916/575/1478 918/577/1479 917/576/1463
f 918/577/1479 919/578/1480 917/576/1463
f 906/565/1469 920/579/1481 905/566/1482
f 922/580/1483 923/581/1484 921/582/1485
f 923/581/1484 924/583/1486 921/582/1485
f 923/581/1484 925/584/1487 924/583/1486
f 925/584/1488 926/585/1489 924/583/1486
f 922/580/1483 929/586/1490 923/581/1484
f 929/586/1490 930/587/1491 923/581/1484
f 923/581/1484 930/587/1491 925/584/1492
f 930/587/1493 931/588/1494 925/584/1488
f 925/584/1488 931/588/1495 927/589/1496
f 922/580/1483 932/590/1497 929/586/1498
f 906/565/1499 910/569/1473 934/591/1500
f 910/569/1473 935/592/1501 934/591/1500
f 913/573/1502 915/574/1503 936/593/1504
f 915/574/1503 937/594/1505 936/593/1506
f 909/568/1507 939/595/1508 911/570/1472
f 939/595/1508 940/596/1509 911/570/1472
f 912/571/1510 941/597/1511 914/572/1512
f 941/597/1511 942/598/1513 914/572/1512
f 914/572/1512 942/598/1513 916/575/1478
f 942/598/1514 943/599/1515 916/575/1478
f 916/575/1478 943/599/1516 918/577/1517
f 943/599/1515 944/600/1518 918/577/1519
f 918/577/1517 945/601/1520 919/578/1521
f 918/577/1519 944/600/1518 945/601/1522
f 945/601/1520 946/602/1523 919/578/1480
f 915/574/1503 947/603/1524 937/594/1525
f 915/574/1477 917/576/1463 947/603/1526
f 947/603/1524 948/604/1527 937/594/1528
f 947/603/1526 949/605/1529 948/604/1530
f 919/578/1480 950/606/1531 949/605/1529
f 919/578/1480 946/602/1532 950/606/1533
f 949/605/1529 947/603/1526 951/607/1534
f 947/603/1526 917/576/1463 951/607/1534
f 917/576/1463 919/578/1480 951/607/1534
f 919/578/1480 949/605/1529 951/607/1534
f 908/567/1535 907/564/1464 938/608/1536
f 907/564/1537 952/609/1538 938/608/1536
f 907/564/1537 905/566/1539 952/609/1538
f 905/566/1539 953/610/1540 952/609/1538
f 905/566/1539 921/582/1541 953/610/1540
f 921/582/1541 954/611/1542 953/610/1540
f 921/582/1541 924/583/1543 954/611/1544
f 924/583/1543 955/612/1545 954/611/1542
f 924/583/1543 926/585/1546 955/612/1545
f 926/585/1546 956/613/1547 955/612/1545
f 926/585/1548 928/614/1549 956/613/1550
f 928/614/1549 957/615/1551 956/613/1547
f 928/614/1552 958/616/1553 957/615/1554
f 959/617/1555 939/595/1508 909/568/1507
f 911/570/1472 940/596/1509 960/618/1556
f 921/582/1485 905/566/1557 920/579/1481
f 920/579/1558 922/580/1483 921/582/1485
f 958/616/1553 928/614/1552 927/589/1496
f 959/617/1559 909/568/1507 908/567/1468
f 938/608/1560 959/617/1559 908/567/1535
f 910/569/1471 911/570/1472 961/619/1561
f 911/570/1472 960/618/1562 961/619/1563
f 960/618/1562 912/571/1564 961/619/1561
f 961/619/1561 912/571/1474 913/573/1476
f 910/569/1471 961/619/1561 913/573/1476
f 963/620/1463 966/621/1463 964/622/1463
f 966/621/1463 967/623/1463 964/622/1463
f 964/622/1463 967/623/1463 965/624/1463
f 967/623/1463 968/625/1463 965/624/1463
f 965/624/1463 968/625/1463 962/626/1463
f 963/620/1463 969/627/1463 966/621/1463
f 971/628/1463 974/629/1463 972/630/1463
f 974/629/1463 975/631/1463 972/630/1463
f 972/630/1463 975/631/1463 973/632/1463
f 975/631/1463 976/633/1463 973/632/1463
f 973/632/1463 976/633/1463 970/634/1463
f 971/628/1463 977/635/1463 974/629/1463
f 979/636/1463 982/637/1463 980/638/1463
f 980/638/1463 982/637/1463 981/639/1463
f 982/637/1463 983/640/1463 981/639/1463
f 981/639/1463 983/640/1463 978/641/1463
f 979/636/1463 984/642/1463 982/637/1463
f 978/641/1463 983/640/1463 985/643/1463
f 983/640/1463 986/644/1463 985/643/1463
f 983/640/1463 982/637/1463 986/644/1463
f 990/645/1463 991/646/1463 988/647/1463
f 988/647/1463 991/646/1463 989/648/1565
f 991/646/1463 992/649/1565 989/648/1565
f 989/648/1566 992/649/1566 993/650/1567
f 990/645/1463 988/647/1463 994/651/1463
f 989/648/1568 993/650/1567 995/652/1569
f 993/650/1567 987/653/1570 995/652/1569
f 997/654/1463 1000/655/1463 998/656/1463
f 1000/655/1463 1001/657/1463 998/656/1463
f 998/656/1463 1001/657/1463 999/658/1571
f 1001/657/1463 1003/659/1572 999/658/1571
f 999/658/1571 1003/659/1572 1002/660/1573
f 1003/659/1574 1004/661/1575 1002/660/1573
f 1002/660/1573 1005/662/1576 996/663/1577
f 1002/660/1573 1004/661/1578 1005/662/1576
f 1005/662/1576 1006/664/1579 996/663/1577
f 1009/665/1463 1011/666/1463 1008/667/1463
f 1009/665/1463 1012/668/1463 1011/666/1463
f 1009/665/1463 1010/669/1463 1012/668/1463
f 1010/669/1463 1013/670/1463 1012/668/1463
f 1010/669/1463 1007/671/1463 1013/670/1463
f 1014/531/1580 1015/530/1580 1016/529/1580
f 1015/530/1580 1017/532/1580 1016/529/1580
f 1015/530/1580 1018/533/1580 1017/532/1580
f 1015/530/1580 1019/534/1580 1018/533/1580
f 1019/534/1580 1020/535/1580 1018/533/1580
f 1019/534/1580 1021/536/1580 1020/535/1580
f 1021/536/1580 1023/538/1580 1022/537/1580
f 1023/538/1580 1024/539/1580 1022/537/1580
f 1023/538/1580 1025/540/1580 1024/539/1580
f 1025/540/1580 1026/541/1580 1024/539/1580
f 1025/540/1580 1027/542/1580 1026/541/1580
f 1027/542/1580 1028/543/1580 1026/541/1580
f 1027/542/1580 1029/544/1580 1028/543/1580
f 1031/547/1580 1033/546/1580 1030/545/1580
f 1031/547/1580 1034/548/1580 1033/546/1580
f 1032/549/1580 1034/548/1580 1031/547/1580
f 1036/551/1580 1032/549/1580 1035/550/1580
f 1036/551/1580 1034/548/1580 1032/549/1580
f 1038/554/1580 1040/553/1580 1039/552/1580
f 1037/555/1580 1040/553/1580 1038/554/1580
f 1035/550/1580 1040/553/1580 1037/555/1580
f 1035/550/1580 1041/556/1580 1040/553/1580
f 1035/550/1580 1042/557/1580 1041/556/1580
f 1042/557/1580 1043/558/1580 1041/556/1580
f 1042/557/1580 1044/559/1580 1043/558/1580
f 1046/560/1580 1043/558/1580 1044/559/1580
f 1046/560/1580 1045/561/1580 1043/558/1580
f 1044/559/1580 1047/562/1580 1046/560/1580
f 1022/537/1580 1048/563/1580 1021/536/1580
f 1048/563/1580 1020/535/1580 1021/536/1580
f 1049/566/1581 1050/565/1582 1051/564/1583
f 1050/565/1584 1052/567/1585 1051/564/1586
f 1050/565/1584 1053/568/1587 1052/567/1585
f 1050/565/1584 1054/569/1588 1053/568/1587
f 1054/569/1588 1055/570/1589 1053/568/1587
f 1057/573/1590 1058/572/1591 1056/571/1592
f 1057/573/1590 1059/574/1593 1058/572/1591
f 1059/574/1593 1060/575/1594 1058/572/1591
f 1059/574/1593 1061/576/1580 1060/575/1594
f 1061/576/1580 1062/577/1595 1060/575/1594
f 1061/576/1580 1063/578/1596 1062/577/1595
f 1049/566/1597 1064/579/1598 1050/565/1584
f 1065/582/1599 1067/581/1600 1066/580/1601
f 1065/582/1599 1068/583/1602 1067/581/1600
f 1068/583/1602 1069/584/1603 1067/581/1600
f 1068/583/1602 1070/585/1604 1069/584/1603
f 1067/581/1600 1073/586/1605 1066/580/1601
f 1067/581/1600 1074/587/1606 1073/586/1605
f 1069/584/1607 1074/587/1606 1067/581/1600
f 1069/584/1608 1075/588/1609 1074/587/1610
f 1071/589/1611 1075/588/1612 1069/584/1603
f 1073/586/1613 1076/590/1614 1066/580/1601
f 1078/591/1615 1054/569/1588 1050/565/1616
f 1078/591/1615 1079/592/1617 1054/569/1588
f 1080/593/1618 1059/574/1619 1057/573/1620
f 1080/593/1621 1081/594/1622 1059/574/1619
f 1055/570/1589 1083/595/1623 1053/568/1624
f 1055/570/1589 1084/596/1625 1083/595/1623
f 1058/572/1626 1085/597/1627 1056/571/1628
f 1058/572/1626 1086/598/1629 1085/597/1627
f 1060/575/1594 1086/598/1629 1058/572/1626
f 1060/575/1594 1087/599/1630 1086/598/1631
f 1062/577/1632 1087/599/1633 1060/575/1594
f 1062/577/1634 1088/600/1635 1087/599/1630
f 1063/578/1636 1089/601/1637 1062/577/1632
f 1089/601/1638 1088/600/1635 1062/577/1634
f 1063/578/1596 1090/602/1639 1089/601/1637
f 1081/594/1640 1091/603/1641 1059/574/1619
f 1091/603/1642 1061/576/1580 1059/574/1593
f 1081/594/1643 1092/604/1644 1091/603/1641
f 1092/604/1645 1093/605/1646 1091/603/1642
f 1093/605/1646 1094/606/1647 1063/578/1596
f 1094/606/1648 1090/602/1649 1063/578/1596
f 1095/607/1650 1091/603/1642 1093/605/1646
f 1095/607/1650 1061/576/1580 1091/603/1642
f 1095/607/1650 1063/578/1596 1061/576/1580
f 1095/607/1650 1093/605/1646 1063/578/1596
f 1082/608/1651 1051/564/1583 1052/567/1652
f 1082/608/1651 1096/609/1653 1051/564/1654
f 1096/609/1653 1049/566/1655 1051/564/1654
f 1096/609/1653 1097/610/1656 1049/566/1655
f 1097/610/1656 1065/582/1657 1049/566/1655
f 1097/610/1656 1098/611/1658 1065/582/1657
f 1098/611/1659 1068/583/1660 1065/582/1657
f 1098/611/1658 1099/612/1661 1068/583/1660
f 1099/612/1661 1070/585/1662 1068/583/1660
f 1099/612/1661 1100/613/1663 1070/585/1662
f 1100/613/1664 1072/614/1665 1070/585/1604
f 1100/613/1663 1101/615/1666 1072/614/1667
f 1101/615/1668 1102/616/1669 1072/614/1670
f 1053/568/1624 1083/595/1623 1103/617/1671
f 1104/618/1672 1084/596/1625 1055/570/1589
f 1064/579/1598 1049/566/1673 1065/582/1599
f 1065/582/1599 1066/580/1601 1064/579/1598
f 1071/589/1611 1072/614/1670 1102/616/1669
f 1052/567/1585 1053/568/1624 1103/617/1674
f 1052/567/1652 1103/617/1674 1082/608/1675
f 1105/619/1676 1055/570/1589 1054/569/1588
f 1105/619/1677 1104/618/1672 1055/570/1589
f 1105/619/1676 1056/571/1678 1104/618/1672
f 1057/573/1590 1056/571/1679 1105/619/1676
f 1057/573/1590 1105/619/1676 1054/569/1680
f 1108/622/1580 1110/621/1580 1107/620/1580
f 1108/622/1580 1111/623/1580 1110/621/1580
f 1109/624/1580 1111/623/1580 1108/622/1580
f 1109/624/1580 1112/625/1580 1111/623/1580
f 1106/626/1580 1112/625/1580 1109/624/1580
f 1110/621/1580 1113/627/1580 1107/620/1580
f 1116/630/1580 1118/629/1580 1115/628/1580
f 1116/630/1580 1119/631/1580 1118/629/1580
f 1117/632/1580 1119/631/1580 1116/630/1580
f 1117/632/1580 1120/633/1580 1119/631/1580
f 1114/634/1580 1120/633/1580 1117/632/1580
f 1118/629/1580 1121/635/1580 1115/628/1580
f 1124/638/1580 1126/637/1580 1123/636/1580
f 1125/639/1580 1126/637/1580 1124/638/1580
f 1125/639/1580 1127/640/1580 1126/637/1580
f 1122/641/1580 1127/640/1580 1125/639/1580
f 1126/637/1580 1128/642/1580 1123/636/1580
f 1129/643/1580 1127/640/1580 1122/641/1580
f 1129/643/1580 1130/644/1580 1127/640/1580
f 1130/644/1580 1126/637/1580 1127/640/1580
f 1132/647/1580 1135/646/1580 1134/645/1580
f 1133/648/1681 1135/646/1580 1132/647/1580
f 1133/648/1681 1136/649/1681 1135/646/1580
f 1137/650/1682 1136/649/1683 1133/648/1683
f 1138/651/1580 1132/647/1580 1134/645/1580
f 1139/652/1684 1137/650/1682 1133/648/1685
f 1139/652/1684 1131/653/1686 1137/650/1682
f 1142/656/1580 1144/655/1580 1141/654/1580
f 1142/656/1580 1145/657/1580 1144/655/1580
f 1143/658/1687 1145/657/1580 1142/656/1580
f 1143/658/1687 1147/659/1688 1145/657/1580
f 1146/660/1689 1147/659/1688 1143/658/1687
f 1146/660/1689 1148/661/1690 1147/659/1691
f 1140/663/1692 1149/662/1693 1146/660/1689
f 1149/662/1693 1148/661/1694 1146/660/1689
f 1140/663/1692 1150/664/1695 1149/662/1693
f 1152/667/1580 1155/666/1580 1153/665/1580
f 1155/666/1580 1156/668/1580 1153/665/1580
f 1156/668/1580 1154/669/1580 1153/665/1580
f 1156/668/1580 1157/670/1580 1154/669/1580
f 1157/670/1580 1151/671/1580 1154/669/1580
f 928/614/1552 926/585/1696 925/584/1487
f 927/589/1496 928/614/1552 925/584/1487
f 920/579/1697 933/672/1698 932/590/1497
f 922/580/1483 920/579/1699 932/590/1497
f 933/672/1698 920/579/1697 906/565/1465
f 934/591/1500 933/672/1698 906/565/1499
f 935/592/1700 910/569/1471 913/573/1476
f 936/593/1506 935/592/1700 913/573/1476
f 1071/589/1611 1069/584/1603 1070/585/1604
f 1072/614/1665 1071/589/1611 1070/585/1604
f 1076/590/1614 1077/672/1701 1064/579/1702
f 1066/580/1601 1076/590/1614 1064/579/1702
f 1050/565/1582 1064/579/1703 1077/672/1701
f 1078/591/1615 1050/565/1616 1077/672/1701
f 1057/573/1590 1054/569/1588 1079/592/1704
f 1080/593/1621 1057/573/1590 1079/592/1704
f 871/530/1705 1015/530/1706 1014/531/1707
f 870/531/1707 871/530/1705 1014/531/1707
f 870/531/1708 1014/531/1708 1016/529/1709
f 872/529/1710 870/531/1708 1016/529/1709
f 872/529/1710 1016/529/1709 1017/532/1711
f 873/532/1712 872/529/1710 1017/532/1711
f 873/532/1712 1017/532/1711 1018/533/1713
f 874/533/1714 873/532/1712 1018/533/1713
f 875/534/1715 1019/534/1716 1015/530/1706
f 871/530/1717 875/534/1715 1015/530/1706
f 874/533/1714 1018/533/1713 1020/535/1718
f 876/535/1719 874/533/1714 1020/535/1718
f 877/536/1720 1021/536/1721 1019/534/1716
f 875/534/1715 877/536/1720 1019/534/1716
f 879/538/1722 1023/538/1723 1021/536/1721
f 877/536/1720 879/538/1722 1021/536/1721
f 878/537/1724 1022/537/1725 1024/539/1726
f 880/539/1727 878/537/1724 1024/539/1726
f 881/540/1728 1025/540/1728 1023/538/1723
f 879/538/1722 881/540/1728 1023/538/1723
f 880/539/1729 1024/539/1726 1026/541/1730
f 882/541/1731 880/539/1729 1026/541/1730
f 883/542/1732 1027/542/1733 1025/540/1734
f 881/540/1734 883/542/1732 1025/540/1734
f 882/541/1731 1026/541/1730 1028/543/1735
f 884/543/1735 882/541/1731 1028/543/1735
f 885/544/1736 1029/544/1736 1027/542/1737
f 883/542/1738 885/544/1736 1027/542/1737
f 884/543/1739 1028/543/1739 1029/544/1739
f 885/544/1739 884/543/1739 1029/544/1739
f 886/545/1740 1030/545/1740 1033/546/1741
f 889/546/1742 886/545/1740 1033/546/1741
f 887/547/1743 1031/547/1744 1030/545/1745
f 886/545/1745 887/547/1746 1030/545/1745
f 889/546/1747 1033/546/1741 1034/548/1748
f 890/548/1749 889/546/1747 1034/548/1748
f 888/549/1750 1032/549/1751 1031/547/1744
f 887/547/1746 888/549/1750 1031/547/1744
f 891/550/1752 1035/550/1753 1032/549/1751
f 888/549/1750 891/550/1752 1032/549/1751
f 892/551/1754 1036/551/1755 1035/550/1756
f 891/550/1756 892/551/1754 1035/550/1756
f 890/548/1749 1034/548/1748 1036/551/1757
f 892/551/1754 890/548/1749 1036/551/1757
f 895/552/1758 1039/552/1758 1040/553/1759
f 896/553/1760 895/552/1758 1040/553/1759
f 894/554/1761 1038/554/1762 1039/552/1763
f 895/552/1763 894/554/1761 1039/552/1763
f 893/555/1764 1037/555/1765 1038/554/1762
f 894/554/1761 893/555/1764 1038/554/1762
f 891/550/1752 1035/550/1753 1037/555/1765
f 893/555/1764 891/550/1752 1037/555/1765
f 896/553/1760 1040/553/1759 1041/556/1766
f 897/556/1767 896/553/1760 1041/556/1766
f 898/557/1768 1042/557/1769 1035/550/1753
f 891/550/1752 898/557/1768 1035/550/1753
f 897/556/1770 1041/556/1766 1043/558/1771
f 899/558/1772 897/556/1770 1043/558/1771
f 900/559/1773 1044/559/1774 1042/557/1769
f 898/557/1768 900/559/1773 1042/557/1769
f 901/561/1775 1045/561/1776 1046/560/1777
f 902/560/1778 901/561/1775 1046/560/1777
f 899/558/1772 1043/558/1779 1045/561/1776
f 901/561/1780 899/558/1772 1045/561/1776
f 903/562/1781 1047/562/1781 1044/559/1774
f 900/559/1773 903/562/1781 1044/559/1774
f 902/560/1778 1046/560/1782 1047/562/1783
f 903/562/1783 902/560/1778 1047/562/1783
f 904/563/1784 1048/563/1785 1022/537/1786
f 878/537/1787 904/563/1784 1022/537/1786
f 876/535/1788 1020/535/1718 1048/563/1789
f 904/563/1784 876/535/1788 1048/563/1789
f 929/586/1790 1073/586/1791 1074/587/1792
f 930/587/1793 929/586/1790 1074/587/1792
f 930/587/1794 1074/587/1795 1075/588/1796
f 931/588/1797 930/587/1794 1075/588/1796
f 931/588/1797 1075/588/1798 1071/589/1799
f 927/589/1799 931/588/1797 1071/589/1799
f 932/590/1800 1076/590/1801 1073/586/1802
f 929/586/1803 932/590/1800 1073/586/1802
f 935/592/1804 1079/592/1805 1078/591/1806
f 934/591/1807 935/592/1804 1078/591/1806
f 937/594/1808 1081/594/1808 1080/593/1809
f 936/593/1809 937/594/1808 1080/593/1809
f 939/595/1810 1083/595/1811 1084/596/1812
f 940/596/1813 939/595/1810 1084/596/1812
f 912/571/1814 1056/571/1815 1085/597/1816
f 941/597/1816 912/571/1814 1085/597/1816
f 941/597/1817 1085/597/1817 1086/598/1818
f 942/598/1819 941/597/1817 1086/598/1818
f 942/598/1819 1086/598/1818 1087/599/1820
f 943/599/1821 942/598/1819 1087/599/1820
f 943/599/1821 1087/599/1822 1088/600/1823
f 944/600/1824 943/599/1821 1088/600/1823
f 944/600/1824 1088/600/1823 1089/601/1825
f 945/601/1826 944/600/1824 1089/601/1825
f 945/601/1826 1089/601/1825 1090/602/1827
f 946/602/1827 945/601/1826 1090/602/1827
f 1092/604/1828 1081/594/1808 937/594/1808
f 948/604/1828 1092/604/1828 937/594/1808
f 949/605/1829 1093/605/1830 1092/604/1828
f 948/604/1828 949/605/1829 1092/604/1828
f 950/606/1831 1094/606/1832 1093/605/1833
f 949/605/1829 950/606/1831 1093/605/1833
f 946/602/1834 1090/602/1834 1094/606/1835
f 950/606/1831 946/602/1834 1094/606/1835
f 952/609/1836 1096/609/1837 1082/608/1838
f 938/608/1839 952/609/1836 1082/608/1838
f 953/610/1840 1097/610/1841 1096/609/1842
f 952/609/1836 953/610/1840 1096/609/1842
f 954/611/1843 1098/611/1844 1097/610/1841
f 953/610/1840 954/611/1843 1097/610/1841
f 955/612/1845 1099/612/1846 1098/611/1844
f 954/611/1843 955/612/1845 1098/611/1844
f 956/613/1847 1100/613/1848 1099/612/1846
f 955/612/1845 956/613/1847 1099/612/1846
f 957/615/1849 1101/615/1849 1100/613/1848
f 956/613/1850 957/615/1849 1100/613/1848
f 958/616/1851 1102/616/1851 1101/615/1851
f 957/615/1851 958/616/1851 1101/615/1851
f 959/617/1852 1103/617/1853 1083/595/1854
f 939/595/1855 959/617/1852 1083/595/1854
f 940/596/1813 1084/596/1856 1104/618/1857
f 960/618/1858 940/596/1813 1104/618/1857
f 927/589/1859 1071/589/1859 1102/616/1859
f 958/616/1859 927/589/1859 1102/616/1859
f 938/608/1839 1082/608/1860 1103/617/1853
f 959/617/1852 938/608/1839 1103/617/1853
f 960/618/1858 1104/618/1857 1056/571/1815
f 912/571/1814 960/618/1858 1056/571/1815
f 933/672/1861 1077/672/1862 1076/590/1801
f 932/590/1800 933/672/1863 1076/590/1801
f 934/591/1807 1078/591/1806 1077/672/1862
f 933/672/1861 934/591/1807 1077/672/1862
f 936/593/1809 1080/593/1809 1079/592/1805
f 935/592/1804 936/593/1809 1079/592/1805
f 964/622/1864 1108/622/1865 1107/620/1866
f 963/620/1867 964/622/1864 1107/620/1866
f 966/621/1868 1110/621/1869 1111/623/1870
f 967/623/1871 966/621/1868 1111/623/1872
f 965/624/1873 1109/624/1874 1108/622/1875
f 964/622/1876 965/624/1873 1108/622/1875
f 967/623/1877 1111/623/1872 1112/625/1878
f 968/625/1879 967/623/1877 1112/625/1878
f 968/625/1879 1112/625/1880 1106/626/1881
f 962/626/1881 968/625/1879 1106/626/1881
f 962/626/1882 1106/626/1882 1109/624/1874
f 965/624/1883 962/626/1882 1109/624/1874
f 969/627/1884 1113/627/1884 1110/621/1869
f 966/621/1868 969/627/1884 1110/621/1869
f 963/620/1885 1107/620/1886 1113/627/1887
f 969/627/1887 963/620/1885 1113/627/1887
f 972/630/1888 1116/630/1889 1115/628/1890
f 971/628/1891 972/630/1892 1115/628/1890
f 974/629/1893 1118/629/1894 1119/631/1895
f 975/631/1896 974/629/1893 1119/631/1895
f 973/632/1897 1117/632/1898 1116/630/1899
f 972/630/1892 973/632/1897 1116/630/1899
f 975/631/1900 1119/631/1895 1120/633/1901
f 976/633/1902 975/631/1900 1120/633/1901
f 976/633/1902 1120/633/1901 1114/634/1903
f 970/634/1903 976/633/1902 1114/634/1903
f 970/634/1904 1114/634/1904 1117/632/1898
f 973/632/1905 970/634/1904 1117/632/1898
f 977/635/1906 1121/635/1906 1118/629/1894
f 974/629/1907 977/635/1906 1118/629/1894
f 971/628/1891 1115/628/1890 1121/635/1908
f 977/635/1908 971/628/1891 1121/635/1908
f 980/638/1909 1124/638/1910 1123/636/1911
f 979/636/1912 980/638/1909 1123/636/1911
f 981/639/1913 1125/639/1914 1124/638/1915
f 980/638/1909 981/639/1913 1124/638/1915
f 978/641/1916 1122/641/1916 1125/639/1914
f 981/639/1913 978/641/1916 1125/639/1914
f 984/642/1917 1128/642/1917 1126/637/1918
f 982/637/1919 984/642/1917 1126/637/1918
f 979/636/1912 1123/636/1911 1128/642/1920
f 984/642/1920 979/636/1912 1128/642/1920
f 985/643/1921 1129/643/1921 1122/641/1921
f 978/641/1921 985/643/1921 1122/641/1921
f 986/644/1922 1130/644/1923 1129/643/1924
f 985/643/1924 986/644/1922 1129/643/1924
f 982/637/1925 1126/637/1918 1130/644/1923
f 986/644/1922 982/637/1925 1130/644/1923
f 990/645/1926 1134/645/1927 1135/646/1928
f 991/646/1929 990/645/1926 1135/646/1928
f 989/648/1930 1133/648/1931 1132/647/1932
f 988/647/1933 989/648/1930 1132/647/1932
f 991/646/1929 1135/646/1934 1136/649/1935
f 992/649/1936 991/646/1929 1136/649/1935
f 992/649/1936 1136/649/1937 1137/650/1938
f 993/650/1939 992/649/1936 1137/650/1938
f 988/647/1940 1132/647/1941 1138/651/1942
f 994/651/1942 988/647/1940 1138/651/1942
f 994/651/1943 1138/651/1943 1134/645/1927
f 990/645/1944 994/651/1943 1134/645/1927
f 995/652/1945 1139/652/1946 1133/648/1931
f 989/648/1947 995/652/1945 1133/648/1931
f 987/653/1948 1131/653/1948 1139/652/1946
f 995/652/1945 987/653/1948 1139/652/1946
f 993/650/1949 1137/650/1938 1131/653/1950
f 987/653/1950 993/650/1949 1131/653/1950
f 997/654/1951 1141/654/1951 1144/655/1951
f 1000/655/1951 997/654/1951 1144/655/1951
f 998/656/1952 1142/656/1953 1141/654/1954
f 997/654/1954 998/656/1952 1141/654/1954
f 1000/655/1955 1144/655/1955 1145/657/1956
f 1001/657/1957 1000/655/1958 1145/657/1956
f 999/658/1959 1143/658/1960 1142/656/1953
f 998/656/1961 999/658/1959 1142/656/1953
f 1001/657/1962 1145/657/1956 1147/659/1963
f 1003/659/1964 1001/657/1962 1147/659/1963
f 1002/660/1965 1146/660/1966 1143/658/1960
f 999/658/1959 1002/660/1965 1143/658/1960
f 1003/659/1964 1147/659/1963 1148/661/1967
f 1004/661/1968 1003/659/1964 1148/661/1967
f 996/663/1969 1140/663/1969 1146/660/1966
f 1002/660/1965 996/663/1969 1146/660/1966
f 1004/661/1968 1148/661/1967 1149/662/1970
f 1005/662/1971 1004/661/1968 1149/662/1970
f 1006/664/1972 1150/664/1972 1140/663/1972
f 996/663/1972 1006/664/1972 1140/663/1972
f 1005/662/1971 1149/662/1973 1150/664/1974
f 1006/664/1974 1005/662/1971 1150/664/1974
f 1011/666/1975 1155/666/1975 1152/667/1975
f 1008/667/1975 1011/666/1975 1152/667/1975
f 1008/667/1976 1152/667/1976 1153/665/1977
f 1009/665/1978 1008/667/1976 1153/665/1977
f 1012/668/1979 1156/668/1980 1155/666/1981
f 1011/666/1981 1012/668/1979 1155/666/1981
f 1009/665/1982 1153/665/1977 1154/669/1983
f 1010/669/1984 1009/665/1982 1154/669/1983
f 1013/670/1985 1157/670/1986 1156/668/1980
f 1012/668/1987 1013/670/1985 1156/668/1980
f 1007/671/1988 1151/671/1988 1157/670/1986
f 1013/670/1989 1007/671/1988 1157/670/1986
f 1010/669/1990 1154/669/1983 1151/671/1991
f 1007/671/1991 1010/669/1990 1151/671/1991
o item_blade
v 0.000000 70.710701 -0.000010
v 70.710701 0.000000 0.000000
v -70.710701 0.000000 0.000000
v 0.000000 -70.710602 0.000010
v 0.000000 55.656200 3.999992
v 55.656200 0.000000 4.000000
v -55.656101 0.000000 4.000000
v 0.000000 -55.656101 4.000008
v 0.000000 70.710701 -0.000010
v 70.710701 0.000000 0.000000
v -70.710701 0.000000 0.000000
v 0.000000 -70.710602 0.000010
v 0.000000 55.656200 -4.000008
v 55.656200 -0.000000 -4.000000
v -55.656101 -0.000000 -4.000000
v 0.000000 -55.656101 -3.999992
v 70.166618 47.183250 16.493475
v 66.233734 41.283070 16.697504
v 47.415939 30.195860 16.711094
v 44.701607 30.837358 16.587233
v 33.555916 17.442158 16.978701
v 24.884504 14.421635 16.867685
v 24.088480 15.533658 16.779482
v 32.564518 22.329901 16.672161
v 18.441483 14.908859 16.631819
v 33.165291 18.177156 16.924788
v 14.430940 1.153221 17.274435
v 13.316300 1.702451 17.207523
v 48.300316 28.467451 16.836767
v 19.573284 14.684573 16.681040
v 70.204597 47.117359 15.319927
v 66.271713 41.217171 15.523958
v 47.453918 30.129961 15.537547
v 44.739586 30.771463 15.413685
v 33.593891 17.376261 15.805154
v 24.922483 14.355738 15.694139
v 24.126457 15.467760 15.605936
v 32.602497 22.264006 15.498614
v 18.479458 14.842961 15.458272
v 33.203270 18.111259 15.751241
v 14.468918 1.087323 16.100887
v 13.354279 1.636554 16.033976
v 48.338295 28.401556 15.663219
v 19.611263 14.618676 15.507493
v 50.942333 32.302700 16.540392
v 50.388000 33.417278 16.459867
v 13.668394 1.431627 17.067604
v 18.419189 12.247519 16.191299
v 13.074317 7.744462 16.271185
v 9.391417 -2.379833 17.143213
v 6.826279 -1.938992 17.035446
v 7.480791 4.496747 16.272532
v 2.534103 -3.607157 16.990215
v 3.281572 2.933350 16.224424
v -1.648375 -6.252470 17.003401
v -1.686121 1.604511 16.316904
v -5.540310 -4.767656 16.794113
v -5.207685 -9.699736 17.081785
v -8.846170 -8.832939 16.915401
v -8.873854 -14.074169 17.208775
v -12.625257 -12.285051 16.986908
v -13.542887 -16.484751 17.193035
v -17.573187 -15.172222 16.988905
v -18.290148 -16.456461 17.037815
v -17.136999 -19.110533 17.224165
v -19.088472 -22.049826 17.326057
v -24.008509 -21.527025 17.137480
v -22.610750 -23.654528 17.302177
v -31.816465 -27.798323 17.236944
v -30.951464 -29.725988 17.373178
v -51.184303 -43.284893 17.479765
v -50.132729 -44.789558 17.598286
v -76.398552 -64.900871 17.877562
v -75.054970 -65.350296 17.946278
v -102.631813 -88.655556 18.362473
v -99.856308 -88.063896 18.419069
v 19.645546 15.067616 16.316248
v 2.770435 2.040681 16.680727
v 6.878309 3.456202 16.734180
v 12.528019 6.070068 16.770243
v 14.519317 6.303128 16.821598
v 19.625961 10.986224 16.723896
v 25.583559 13.590440 16.770460
v 27.262669 16.998873 16.633411
v 23.105606 13.914496 16.672073
v 27.688757 18.938507 16.538286
v 20.666264 12.881692 16.651125
v 25.081121 15.761787 16.632277
v 50.969578 32.255424 15.698490
v 50.415245 33.370003 15.617966
v 13.695640 1.384353 16.225704
v 9.418661 -2.427107 16.301313
v 6.853523 -1.986267 16.193546
v 2.561348 -3.654430 16.148314
v -1.621130 -6.299743 16.161501
v -1.674604 1.584536 15.961146
v -5.513063 -4.814935 15.952139
v -5.180441 -9.747009 16.239883
v -8.818922 -8.880219 16.073427
v -8.846609 -14.121443 16.366875
v -12.598013 -12.332327 16.145008
v -13.515638 -16.532022 16.351133
v -17.545942 -15.219498 16.147005
v -18.262903 -16.503736 16.195915
v -17.109751 -19.157808 16.382265
v -19.061228 -22.097097 16.484158
v -23.981260 -21.574297 16.295580
v -22.583506 -23.701803 16.460276
v -31.789217 -27.845594 16.395044
v -30.924219 -29.773264 16.531279
v -51.157043 -43.332157 16.637863
v -50.105476 -44.836826 16.756384
v -76.371292 -64.948135 17.035660
v -75.027718 -65.397560 17.104378
v -102.604553 -88.702820 17.520573
v -99.829056 -88.111168 17.577168
v 19.661247 15.040373 15.831053
v 2.797678 1.993407 15.838826
v 6.905554 3.408926 15.892281
v 12.555264 6.022793 15.928343
v 14.546562 6.255853 15.979698
v 19.653208 10.938950 15.881993
v 25.610804 13.543165 15.928561
v 27.289913 16.951599 15.791511
v 23.132853 13.867222 15.830173
v 27.716002 18.891233 15.696386
v 20.693508 12.834417 15.809226
v 25.108366 15.714513 15.790377
v -1.612261 1.455371 16.149042
v -8.370008 -1.122913 16.075125
v -5.269880 -4.896553 16.387346
v -6.247511 -0.488834 16.218697
v -8.385298 -4.753770 16.707701
v -8.751040 -9.021458 16.506310
v -12.415739 -12.685474 16.593456
v -17.271517 -15.354584 16.586189
v -18.017286 -16.682940 16.636644
v -23.662203 -21.739252 16.737886
v -31.641176 -28.201944 16.842562
v -9.535551 -3.461952 16.168747
v -10.989328 -7.484703 16.776775
v -14.129293 -8.222527 16.287399
v -13.752680 -9.844397 16.819849
v -16.901552 -9.534229 16.271338
v -17.013186 -11.574409 16.811476
v -20.692034 -13.845383 16.390751
v -20.184427 -14.856413 16.893141
v -26.617136 -18.532667 16.462204
v -25.850645 -19.363043 16.962828
v -33.838890 -25.817839 17.066761
v -34.585976 -24.947813 16.564539
v -58.709953 -44.827511 16.900124
v -55.582039 -43.616814 17.362556
v -50.952545 -43.576775 17.080936
v -76.080887 -65.078796 17.475113
v -78.894051 -64.933777 17.805124
v -103.683998 -87.085976 18.246759
v -110.560600 -94.515228 18.441385
v -114.263008 -100.270859 18.644758
v -90.166924 -71.923347 17.403597
v -105.676826 -85.993294 17.691719
v -119.812279 -99.148384 17.972952
v -117.969872 -100.305511 18.526743
v -123.327995 -105.995827 18.672865
v -122.355232 -107.986427 18.816122
v -126.239006 -110.087227 18.808399
v -126.165184 -111.983948 18.917292
v -125.921227 -105.304764 18.120949
v -129.195297 -109.270073 18.237652
v -132.024979 -114.138374 18.419443
v -132.004013 -118.778175 18.680655
v -101.368507 -88.000824 17.943871
v -11.295195 -5.875175 16.247307
v -112.363274 -94.922043 18.405891
v -65.306526 -51.900379 17.512991
v -62.612068 -53.558834 17.264122
v -66.146133 -53.963337 17.601658
v -68.697845 -54.786327 17.565292
v -69.939651 -57.193424 17.660269
v -73.210983 -58.647236 17.636036
v -74.484840 -61.113148 17.733276
v -77.730797 -62.674992 17.715933
v -113.420555 -98.309998 18.561916
v -71.910500 -55.980389 17.099182
v -6.240393 -0.501191 15.998643
v -8.357637 -4.801769 15.852907
v -10.961664 -7.532701 15.921983
v -13.725019 -9.892397 15.965056
v -16.985525 -11.622410 15.956684
v -20.156771 -14.904411 16.038347
v -25.822985 -19.411043 16.108034
v -33.811234 -25.865835 16.211967
v -55.554375 -43.664814 16.507763
v -78.866394 -64.981773 16.950331
v -103.656349 -87.133972 17.391966
v -110.532936 -94.563210 17.586592
v -114.235329 -100.318848 17.789965
v -117.942192 -100.353493 17.671949
v -123.300316 -106.043816 17.818071
v -122.327553 -108.034416 17.961329
v -126.211311 -110.135201 17.953606
v -126.137520 -112.031944 18.062498
v -112.335594 -94.970032 17.551100
v -65.278862 -51.948383 16.658197
v -66.118477 -54.011341 16.746866
v -68.670181 -54.834332 16.710499
v -69.911995 -57.241428 16.805475
v -73.183327 -58.695225 16.781242
v -74.457184 -61.161144 16.878483
v -77.703140 -62.722988 16.861137
v -113.392876 -98.357986 17.707123
v 93.032654 66.896103 16.493475
v 89.099770 60.995914 16.697506
v 70.281975 49.908707 16.711094
v 67.567635 50.550209 16.587231
v 56.421947 37.155006 16.978703
v 47.750538 34.134483 16.867687
v 46.954514 35.246506 16.779484
v 55.430550 42.042751 16.672161
v 41.307510 34.621708 16.631821
v 56.031322 37.890003 16.924789
v 37.296970 20.866070 17.274435
v 36.182335 21.415302 17.207521
v 71.166344 48.180302 16.836767
v 42.439316 34.397419 16.681042
v 93.070625 66.830200 15.319928
v 89.137749 60.930027 15.523958
v 70.319946 49.842808 15.537546
v 67.605614 50.484310 15.413684
v 56.459923 37.089111 15.805154
v 47.788513 34.068588 15.694139
v 46.992489 35.180611 15.605935
v 55.468525 41.976852 15.498615
v 41.345490 34.555809 15.458272
v 56.069298 37.824108 15.751241
v 37.334949 20.800173 16.100887
v 36.220310 21.349405 16.033974
v 71.204323 48.114403 15.663219
v 42.477295 34.331524 15.507493
v 73.808365 52.015553 16.540392
v 73.254028 53.130127 16.459867
v 36.534424 21.144478 17.067604
v 41.285225 31.960371 16.191299
v 35.940350 27.457312 16.271183
v 32.257446 17.333015 17.143213
v 29.692308 17.773857 17.035446
v 30.346821 24.209597 16.272532
v 25.400135 16.105696 16.990213
v 26.147602 22.646200 16.224424
v 21.217657 13.460380 17.003401
v 21.179909 21.317360 16.316904
v 17.325724 14.945195 16.794111
v 17.658346 10.013115 17.081787
v 14.019862 10.879910 16.915403
v 13.992176 5.638681 17.208775
v 10.240774 7.427798 16.986910
v 9.323141 3.228096 17.193035
v 5.292843 4.540627 16.988905
v 4.575884 3.256388 17.037815
v 5.729031 0.602311 17.224165
v 3.777559 -2.336975 17.326057
v -1.142475 -1.814174 17.137480
v 0.255281 -3.941679 17.302177
v -8.950434 -8.085472 17.236944
v -8.085432 -10.013142 17.373178
v -28.318270 -23.572039 17.479765
v -27.266695 -25.076704 17.598286
v -53.532509 -45.188011 17.877560
v -52.188934 -45.637447 17.946278
v -79.765770 -68.942696 18.362473
v -76.990273 -68.351051 18.419069
v 42.511574 34.780464 16.316250
v 25.636465 21.753534 16.680727
v 29.744341 23.169052 16.734180
v 35.394051 25.782919 16.770243
v 37.385349 26.015978 16.821598
v 42.491993 30.699072 16.723894
v 48.449593 33.303288 16.770462
v 50.128700 36.711723 16.633411
v 45.971642 33.627346 16.672075
v 50.554787 38.651356 16.538286
v 43.532295 32.594540 16.651127
v 47.947151 35.474636 16.632278
v 73.835609 51.968281 15.698491
v 73.281281 53.082855 15.617967
v 36.561672 21.097204 16.225702
v 32.284691 17.285742 16.301311
v 29.719553 17.726583 16.193546
v 25.427382 16.058422 16.148314
v 21.244904 13.413107 16.161499
v 21.191422 21.297384 15.961146
v 17.352972 14.897918 15.952139
v 17.685593 9.965842 16.239885
v 14.047111 10.832633 16.073429
v 14.019423 5.591408 16.366873
v 10.268021 7.380526 16.145010
v 9.350389 3.180823 16.351133
v 5.320091 4.493353 16.147005
v 4.603132 3.209115 16.195915
v 5.756277 0.555038 16.382263
v 3.804804 -2.384250 16.484156
v -1.115229 -1.861450 16.295580
v 0.282526 -3.988952 16.460276
v -8.923189 -8.132748 16.395042
v -8.058187 -10.060415 16.531279
v -28.291025 -23.619314 16.637863
v -27.239450 -25.123980 16.756384
v -53.505272 -45.235291 17.035660
v -52.161690 -45.684719 17.104378
v -79.738525 -68.989967 17.520571
v -76.963036 -68.398323 17.577169
v 42.527275 34.753220 15.831053
v 25.663712 21.706259 15.838825
v 29.771585 23.121778 15.892281
v 35.421295 25.735643 15.928342
v 37.412594 25.968704 15.979697
v 42.519234 30.651800 15.881994
v 48.476837 33.256016 15.928561
v 50.155945 36.664448 15.791511
v 45.998886 33.580074 15.830173
v 50.582031 38.604080 15.696385
v 43.559540 32.547268 15.809225
v 47.974396 35.427361 15.790376
v 21.253765 21.168221 16.149042
v 14.496026 18.589941 16.075125
v 17.596151 14.816297 16.387346
v 16.618519 19.224016 16.218697
v 14.480730 14.959075 16.707701
v 14.114995 10.691396 16.506311
v 10.450294 7.027376 16.593456
v 5.594511 4.358265 16.586189
v 4.848749 3.029916 16.636644
v -0.796167 -2.026403 16.737885
v -8.775148 -8.489100 16.842562
v 13.330479 16.250900 16.168747
v 11.876705 12.228148 16.776777
v 8.736740 11.490327 16.287401
v 9.113353 9.868455 16.819851
v 5.964479 10.178622 16.271339
v 5.852844 8.138440 16.811478
v 2.173998 5.867469 16.390751
v 2.681602 4.856440 16.893141
v -3.751108 1.180178 16.462202
v -2.984604 0.349815 16.962828
v -10.972864 -6.104993 17.066761
v -11.719942 -5.234958 16.564537
v -35.843925 -25.114653 16.900122
v -32.715996 -23.903952 17.362556
v -28.086527 -23.863928 17.080936
v -53.214851 -45.365940 17.475113
v -56.028030 -45.220936 17.805122
v -80.817993 -67.373138 18.246759
v -87.694572 -74.802376 18.441385
v -91.396965 -80.558006 18.644758
v -67.300888 -52.210499 17.403597
v -82.810799 -66.280441 17.691721
v -96.946266 -79.435539 17.972952
v -95.103828 -80.592644 18.526743
v -100.461967 -86.282974 18.672865
v -99.489204 -88.273590 18.816122
v -103.372978 -90.374374 18.808399
v -103.299187 -92.271126 18.917294
v -103.055214 -85.591942 18.120947
v -106.329277 -89.557251 18.237654
v -109.158943 -94.425514 18.419443
v -109.137962 -99.065331 18.680655
v -78.502480 -68.287979 17.943872
v 11.570839 13.837676 16.247307
v -89.497215 -75.209183 18.405891
v -42.440491 -32.187527 17.512991
v -39.746033 -33.845982 17.264122
v -43.280113 -34.250500 17.601658
v -45.831818 -35.073486 17.565292
v -47.073631 -37.480583 17.660269
v -50.344955 -38.934380 17.636038
v -51.618805 -41.400295 17.733278
v -54.864769 -42.962135 17.715933
v -90.554527 -78.597153 18.561914
v -49.044479 -36.267544 17.099182
v 16.625639 19.211660 15.998643
v 14.508393 14.911077 15.852908
v 11.904368 12.180150 15.921983
v 9.141016 9.820457 15.965056
v 5.880508 8.090443 15.956684
v 2.709265 4.808442 16.038347
v -2.956944 0.301815 16.108034
v -10.945204 -6.152992 16.211967
v -32.688332 -23.951952 16.507763
v -56.000374 -45.268936 16.950329
v -80.790329 -67.421135 17.391966
v -87.666916 -74.850380 17.586592
v -91.369308 -80.606003 17.789965
v -95.076172 -80.640648 17.671949
v -100.434303 -86.330978 17.818071
v -99.461548 -88.321587 17.961329
v -103.345314 -90.422379 17.953606
v -103.271523 -92.319122 18.062500
v -89.469559 -75.257187 17.551098
v -42.412827 -32.235527 16.658197
v -43.252449 -34.298496 16.746864
v -45.804161 -35.121483 16.710499
v -47.045967 -37.528580 16.805475
v -50.317291 -38.982376 16.781244
v -51.591148 -41.448292 16.878485
v -54.837105 -43.010139 16.861139
v -90.526871 -78.645157 17.707121
v 10.558250 -16.606306 15.973075
v -13.497421 -0.688117 15.973075
v -10.828720 6.483911 15.973075
v -32.988800 32.356888 15.973075
v -39.155617 35.523865 15.973075
v -44.118355 32.121605 15.973074
v -48.110325 44.071068 15.973075
v -51.352074 40.011337 15.973075
v -58.232464 57.206295 15.973075
v -63.414661 53.228439 15.973075
v -63.797314 62.110275 15.973075
v -73.237183 64.163498 15.973075
v -68.397568 67.946625 15.973075
v -73.788406 69.658768 15.973074
v -72.330902 74.872055 15.973075
v -78.651489 77.851700 15.973075
v -3.470505 -12.081161 15.973075
v 11.652184 -22.609465 15.973075
v 27.674538 -34.902206 15.973076
v 11.694992 -28.029905 15.973075
v 20.835701 -33.295670 15.973075
v 47.166374 -55.361633 15.973075
v 31.915169 -41.716675 15.973075
v 33.317741 -44.952362 15.973076
v 25.813805 -39.638977 15.973075
v 19.609444 -36.181168 15.973075
v 40.577217 -57.710068 15.973075
v 48.697533 -61.713974 15.973075
v 66.295677 -74.682892 15.973076
v 65.223915 -75.399429 15.973076
v 80.520287 -88.774872 15.973076
v 76.562218 -88.555634 15.973076
v 78.871574 -89.630646 15.973076
v 81.739891 -91.859680 15.973075
v -53.619190 50.833916 15.973075
v 18.243340 -24.689192 15.785598
v -15.545059 1.126588 15.753082
v -10.753654 7.178727 15.753082
v -32.988800 32.356888 15.753082
v -39.155617 35.523865 15.753082
v -44.118355 32.121605 15.753081
v -48.110325 44.071068 15.753083
v -58.232464 57.206295 15.753082
v -62.761478 52.463409 15.753082
v -63.797314 62.110275 15.753082
v -73.237183 64.163498 15.753082
v -68.397568 67.946625 15.753083
v -73.788406 69.658768 15.753082
v -72.330902 74.872055 15.753082
v -78.651489 77.851700 15.753082
v 12.689720 -28.761824 15.753082
v 45.585075 -53.793365 15.753082
v 40.577217 -57.710068 15.753083
v 48.697533 -61.713974 15.753083
v 66.295677 -74.682892 15.753083
v 65.223915 -75.399429 15.753083
v 80.520287 -88.774872 15.753083
v 76.562218 -88.555634 15.753083
v 81.739891 -91.859680 15.753083
v 46.041679 -63.182037 15.544477
v 52.490593 -66.103073 15.544477
v 66.323753 -77.881607 15.544478
v 39.880074 -58.237183 15.544478
v 11.580971 -29.469618 15.312961
v -16.412537 0.011667 15.312961
v -45.332977 30.537523 15.312961
v -64.320709 51.145683 15.312961
v -77.061646 64.973381 15.312961
v -31.737167 34.020828 15.592016
v -41.325485 40.074547 15.592016
v -48.029514 45.570793 15.592015
v -58.468708 60.207958 15.312961
v -63.785152 64.723747 15.415926
v -67.292160 69.013206 15.511209
v -71.952591 76.215271 15.616162
v -80.335388 81.133865 15.616162
v -83.192551 82.832451 15.626794
v -75.119965 67.069504 15.753082
v -78.887337 68.848694 15.626794
v -77.126099 70.322136 15.626794
v -79.914200 78.221939 15.626795
v -75.392517 69.916290 15.753081
v -9.765221 8.531808 15.312961
v 19.273399 -23.961637 15.312962
v 46.039101 -52.585815 15.312962
v 66.786095 -73.959396 15.312962
v 82.920052 -89.992645 15.312962
v 85.139107 -95.753479 15.312962
v 76.275124 -91.347244 15.312962
v -35.065376 37.686066 15.592016
v -53.067970 50.953056 15.592016
v -53.677704 50.854919 15.753082
v 76.562218 -88.555634 15.259318
v 46.041679 -63.182037 15.259317
v 52.490593 -66.103073 15.259317
v 66.323753 -77.881607 15.259318
v 50.699928 -68.205048 15.259317
v 56.209389 -70.646744 15.259318
v 66.111458 -78.903519 15.259318
v 39.880074 -58.237183 15.259318
v 76.562218 -88.555634 14.974090
v 50.699928 -68.205048 14.974089
v 56.209389 -70.646744 14.974090
v 66.111458 -78.903519 14.974090
v 54.567375 -72.439560 14.974090
v 59.326622 -74.819214 14.974090
v 66.012993 -80.001236 14.974090
v 39.880074 -58.237183 14.974090
v 76.562218 -88.555634 14.688930
v 54.567375 -72.439560 14.688930
v 59.326622 -74.819214 14.688930
v 66.012993 -80.001236 14.688930
v 65.051338 -84.060791 14.688930
v 70.946281 -84.969543 14.688931
v 39.880074 -58.237183 14.688930
v 76.275124 -91.347244 14.688930
v 71.731926 -86.873535 14.688930
v -58.232464 57.206295 15.753082
v -41.325485 40.074547 15.492207
v -48.029514 45.570793 15.492206
v -38.365349 41.460609 15.492207
v -43.514557 43.333145 15.492207
v -47.968304 46.731476 15.492207
v -53.008785 51.493683 15.481985
v -35.065376 37.686066 15.492207
v -53.067970 50.953056 15.481985
v -58.232464 57.206295 15.753082
v -38.365349 41.460609 15.385607
v -43.514557 43.333145 15.385607
v -47.968304 46.731476 15.385606
v -41.451317 45.378036 15.385606
v -45.696976 46.545815 15.385606
v -53.008785 51.493683 15.372024
v -49.716660 49.634628 15.385606
v -52.606117 52.509956 15.340880
v -55.374474 55.656830 15.340880
v -58.468708 60.207958 15.312961
v -83.192551 82.832451 15.406734
v -78.887337 68.848694 15.406734
v -77.126099 70.322136 15.406733
v -79.914200 78.221939 15.406734
v -80.193260 71.304810 15.406733
v -79.001457 72.165146 15.406733
v -80.991188 78.085213 15.406734
v 10.558250 -16.606308 11.980700
v -13.497421 -0.688117 11.980700
v -10.828720 6.483911 11.980700
v -32.988800 32.356888 11.980700
v -39.155678 35.523933 11.980700
v -44.118355 32.121605 11.980699
v -48.110325 44.071068 11.980700
v -51.352074 40.011337 11.980700
v -58.232464 57.206295 11.980700
v -63.414661 53.228439 11.980700
v -63.797314 62.110275 11.980700
v -73.237183 64.163498 11.980700
v -68.397568 67.946625 11.980700
v -73.788406 69.658768 11.980700
v -72.330902 74.872055 11.980700
v -78.651489 77.851700 11.980700
v -3.470505 -12.081161 11.980700
v 11.652184 -22.609467 11.980700
v 27.674538 -34.902206 11.980700
v 11.694992 -28.029907 11.980700
v 20.835640 -33.295593 11.980700
v 47.166374 -55.361633 11.980700
v 31.915169 -41.716675 11.980700
v 33.317741 -44.952362 11.980700
v 25.813805 -39.638977 11.980700
v 19.609444 -36.181168 11.980700
v 40.577217 -57.710068 11.980700
v 48.697533 -61.713974 11.980700
v 66.295631 -74.682831 11.980700
v 65.223915 -75.399429 11.980700
v 80.520287 -88.774872 11.980700
v 76.562218 -88.555634 11.980700
v 78.871574 -89.630646 11.980700
v 81.739891 -91.859680 11.980700
v -53.619190 50.833916 11.980700
v 18.243340 -24.689194 12.168178
v -15.545059 1.126588 12.200692
v -10.753654 7.178727 12.200692
v -32.988800 32.356888 12.200692
v -39.155678 35.523933 12.200692
v -44.118355 32.121605 12.200691
v -48.110325 44.071068 12.200692
v -58.232464 57.206295 12.200692
v -62.761478 52.463409 12.200692
v -63.797314 62.110275 12.200692
v -73.237183 64.163498 12.200692
v -68.397568 67.946625 12.200692
v -73.788406 69.658768 12.200691
v -72.330902 74.872055 12.200692
v -78.651489 77.851700 12.200692
v 12.689720 -28.761826 12.200691
v 45.585075 -53.793365 12.200692
v 40.577217 -57.710068 12.200692
v 48.697533 -61.713974 12.200692
v 66.295631 -74.682831 12.200693
v 65.223915 -75.399429 12.200693
v 80.520287 -88.774872 12.200693
v 76.562218 -88.555634 12.200693
v 81.739891 -91.859680 12.200692
v 46.041679 -63.182037 12.409297
v 52.490593 -66.103073 12.409297
v 66.323753 -77.881607 12.409297
v 39.880074 -58.237183 12.409297
v 11.580971 -29.469618 12.640813
v -16.412537 0.011666 12.640813
v -45.332977 30.537523 12.640814
v -64.320709 51.145683 12.640813
v -77.061646 64.973381 12.640813
v -31.737167 34.020828 12.361759
v -41.325485 40.074547 12.361759
v -48.029514 45.570793 12.361758
v -58.468708 60.207958 12.640814
v -63.785152 64.723747 12.537848
v -67.292160 69.013206 12.442567
v -71.952591 76.215271 12.337613
v -80.335388 81.133865 12.337613
v -83.192551 82.832451 12.326980
v -75.119965 67.069504 12.200692
v -78.887337 68.848694 12.326980
v -77.126099 70.322136 12.326980
v -79.914200 78.221939 12.326981
v -75.392517 69.916290 12.200691
v -9.765221 8.531808 12.640814
v 19.273399 -23.961637 12.640814
v 46.039040 -52.585754 12.640814
v 66.786095 -73.959396 12.640815
v 82.920052 -89.992645 12.640815
v 85.139107 -95.753479 12.640815
v 76.275124 -91.347244 12.640814
v -35.065376 37.686066 12.361759
v -53.067970 50.953056 12.361759
v -53.677704 50.854919 12.200692
v 76.562218 -88.555634 12.694457
v 46.041679 -63.182037 12.694457
v 52.490593 -66.103073 12.694457
v 66.323753 -77.881607 12.694457
v 50.699928 -68.205048 12.694457
v 56.209328 -70.646683 12.694458
v 66.111458 -78.903519 12.694457
v 39.880074 -58.237183 12.694457
v 76.562218 -88.555634 12.979686
v 50.699928 -68.205048 12.979685
v 56.209328 -70.646683 12.979686
v 66.111458 -78.903519 12.979686
v 54.567375 -72.439560 12.979686
v 59.326622 -74.819214 12.979686
v 66.012993 -80.001236 12.979686
v 39.880074 -58.237183 12.979686
v 76.562218 -88.555634 13.264846
v 54.567375 -72.439560 13.264846
v 59.326622 -74.819214 13.264846
v 66.012993 -80.001236 13.264845
v 65.051338 -84.060791 13.264846
v 70.946281 -84.969543 13.264846
v 39.880074 -58.237183 13.264846
v 76.275124 -91.347244 13.264846
v 71.731926 -86.873535 13.264846
v -58.232464 57.206295 12.200692
v -41.325485 40.074547 12.461569
v -48.029514 45.570793 12.461568
v -38.365349 41.460609 12.461569
v -43.514557 43.333145 12.461569
v -47.968304 46.731476 12.461568
v -53.008785 51.493683 12.471789
v -35.065376 37.686066 12.461569
v -53.067970 50.953056 12.471789
v -58.232464 57.206295 12.200692
v -38.365349 41.460609 12.568170
v -43.514557 43.333145 12.568170
v -47.968304 46.731476 12.568169
v -41.451317 45.378036 12.568169
v -45.696976 46.545815 12.568169
v -53.008785 51.493683 12.581752
v -49.716660 49.634628 12.568169
v -52.606117 52.509956 12.612895
v -55.374474 55.656830 12.612895
v -58.468708 60.207958 12.640814
v -83.192551 82.832451 12.547040
v -78.887337 68.848694 12.547041
v -77.126099 70.322136 12.547040
v -79.914200 78.221939 12.547041
v -80.193260 71.304810 12.547040
v -79.001457 72.165146 12.547040
v -80.991188 78.085213 12.547041
vn 0.2558 0.0853 0.9630
vn -0.0853 0.2559 0.9629
vn 0.0640 0.1919 0.9793
vn 0.1531 -0.0509 0.9869
vn 0.2559 0.0853 0.9629
vn 0.0853 -0.2558 0.9630
vn 0.1532 -0.0511 0.9869
vn -0.0638 -0.1919 0.9793
vn 0.0853 -0.2559 0.9629
vn -0.2558 -0.0853 0.9630
vn -0.0640 -0.1919 0.9793
vn -0.1531 0.0509 0.9869
vn -0.0853 0.2558 0.9630
vn -0.2559 -0.0853 0.9629
vn -0.1532 0.0511 0.9869
vn 0.0638 0.1919 0.9793
vn -0.1531 0.0511 0.9869
vn -0.0640 -0.1918 0.9793
vn 0.1531 -0.0510 0.9869
vn 0.0640 0.1918 0.9793
vn -0.1531 0.0510 0.9869
vn 0.1531 -0.0511 0.9869
vn 0.0640 0.1919 -0.9793
vn -0.0853 0.2558 -0.9630
vn 0.2559 0.0853 -0.9629
vn 0.1532 -0.0510 -0.9869
vn 0.2558 0.0853 -0.9630
vn 0.1532 -0.0511 -0.9869
vn 0.0853 -0.2559 -0.9629
vn -0.0638 -0.1919 -0.9793
vn 0.0853 -0.2558 -0.9630
vn -0.0640 -0.1919 -0.9793
vn -0.2559 -0.0853 -0.9629
vn -0.1532 0.0510 -0.9869
vn -0.2558 -0.0853 -0.9630
vn -0.1532 0.0511 -0.9869
vn -0.0853 0.2559 -0.9629
vn 0.0638 0.1919 -0.9793
vn 0.1531 -0.0510 -0.9869
vn -0.0640 -0.1918 -0.9793
vn -0.1531 0.0510 -0.9869
vn 0.0640 0.1918 -0.9793
vn -0.0323 0.0560 0.9979
vn 0.0323 -0.0560 -0.9979
vn -0.0475 0.0747 0.9961
vn -0.0849 0.2225 0.9712
vn -0.1080 0.3172 0.9422
vn -0.0849 0.2226 0.9712
vn -0.2081 0.6716 0.7111
vn -0.1386 0.2985 0.9443
vn -0.2081 0.6715 0.7111
vn -0.1386 0.2986 0.9443
vn -0.2504 0.5100 0.8229
vn -0.1387 0.2986 0.9442
vn -0.2505 0.5101 0.8228
vn -0.2533 0.4085 0.8769
vn -0.0892 0.1507 0.9845
vn -0.2533 0.4084 0.8770
vn -0.0892 0.1509 0.9845
vn -0.1966 0.1898 0.9619
vn -0.1387 0.2986 0.9443
vn -0.0892 0.1508 0.9845
vn -0.2532 0.4083 0.8770
vn -0.0891 0.1508 0.9845
vn -0.0736 0.1176 0.9903
vn -0.1965 0.1898 0.9620
vn -0.0735 0.1176 0.9903
vn -0.0934 0.1036 0.9902
vn -0.0737 0.1177 0.9903
vn -0.0935 0.1037 0.9902
vn -0.0763 0.1249 0.9892
vn -0.0572 0.0896 0.9943
vn -0.1183 0.1126 0.9866
vn -0.0572 0.0897 0.9943
vn -0.0764 0.1250 0.9892
vn -0.1184 0.0905 0.9888
vn -0.1182 0.1125 0.9866
vn -0.0936 0.1035 0.9902
vn -0.0451 0.0713 0.9964
vn -0.0452 0.0714 0.9964
vn -0.0451 0.0714 0.9964
vn -0.1183 0.0905 0.9888
vn -0.1080 0.3171 0.9422
vn -0.0476 0.0747 0.9961
vn 0.0170 -0.0374 -0.9992
vn -0.0212 0.1122 -0.9935
vn -0.1124 0.4109 -0.9047
vn -0.0213 0.1124 -0.9934
vn -0.0459 0.2095 -0.9767
vn -0.0764 0.1906 -0.9787
vn -0.1950 0.4139 -0.8892
vn -0.0765 0.1906 -0.9787
vn -0.0764 0.1905 -0.9787
vn -0.1948 0.3069 -0.9316
vn -0.1951 0.4139 -0.8891
vn -0.0250 0.0393 -0.9989
vn -0.1334 0.0803 -0.9878
vn -0.0251 0.0394 -0.9989
vn -0.1947 0.3068 -0.9316
vn -0.0250 0.0394 -0.9989
vn -0.0765 0.1905 -0.9787
vn -0.0091 0.0058 -0.9999
vn -0.0291 -0.0081 -0.9995
vn -0.0093 0.0059 -0.9999
vn 0.0073 -0.0224 -0.9997
vn -0.0119 0.0132 -0.9998
vn -0.0120 0.0133 -0.9998
vn 0.0073 -0.0223 -0.9997
vn -0.0540 0.0011 -0.9985
vn -0.0540 0.0010 -0.9985
vn -0.0541 -0.0210 -0.9983
vn -0.0292 -0.0082 -0.9995
vn 0.0195 -0.0408 -0.9990
vn -0.0540 -0.0211 -0.9983
vn 0.0194 -0.0407 -0.9990
vn -0.0539 0.0010 -0.9985
vn -0.0539 0.0011 -0.9985
vn 0.0169 -0.0373 -0.9992
vn -0.0458 0.2093 -0.9768
vn -0.0213 0.1122 -0.9935
vn -0.0213 0.1121 -0.9935
vn -0.2082 0.6715 0.7111
vn -0.2590 0.9639 -0.0625
vn -0.9150 0.4002 -0.0521
vn 0.0728 -0.0043 0.9973
vn -0.0009 0.0380 0.9993
vn -0.0052 0.0907 0.9959
vn 0.0729 -0.0042 0.9973
vn -0.1097 0.1334 0.9850
vn -0.0053 0.0908 0.9959
vn -0.1875 0.1694 0.9676
vn -0.1876 0.1693 0.9675
vn -0.2424 0.1817 0.9530
vn -0.1096 0.1334 0.9850
vn -0.0691 0.1038 0.9922
vn 0.0729 -0.0043 0.9973
vn 0.0729 -0.0044 0.9973
vn -0.0691 0.1037 0.9922
vn 0.0774 -0.0535 0.9956
vn -0.1855 0.2703 0.9447
vn -0.0407 0.0817 0.9958
vn -0.0692 0.1039 0.9922
vn -0.1855 0.2702 0.9448
vn -0.1820 0.2674 0.9462
vn -0.1179 0.1431 0.9827
vn -0.0406 0.0817 0.9958
vn -0.1821 0.2674 0.9462
vn -0.2691 0.2978 0.9159
vn -0.0696 0.1129 0.9912
vn -0.2468 0.3231 0.9136
vn -0.0702 0.1035 0.9922
vn -0.0695 0.1130 0.9912
vn -0.0406 0.0816 0.9958
vn 0.0519 -0.0551 0.9971
vn 0.0646 -0.0526 0.9965
vn -0.1178 0.1429 0.9827
vn -0.0694 0.1129 0.9912
vn 0.0647 -0.0526 0.9965
vn 0.0855 -0.0384 0.9956
vn 0.0854 -0.0385 0.9956
vn 0.0570 -0.0509 0.9971
vn -0.0701 0.1034 0.9922
vn -0.0701 0.1033 0.9922
vn 0.0536 -0.0504 0.9973
vn -0.1543 0.2054 0.9664
vn 0.0537 -0.0505 0.9973
vn -0.0702 0.1034 0.9922
vn -0.2469 0.3230 0.9136
vn -0.1544 0.2055 0.9664
vn -0.2462 0.3173 0.9158
vn -0.2555 0.3220 0.9116
vn -0.0720 0.1025 0.9921
vn -0.1545 0.2056 0.9664
vn -0.0718 0.1023 0.9922
vn 0.0590 -0.0453 0.9972
vn -0.0104 0.0238 0.9997
vn -0.1620 0.1931 0.9677
vn -0.0482 0.0762 0.9959
vn -0.1617 0.1963 0.9671
vn -0.0481 0.0761 0.9959
vn -0.1682 0.1955 0.9662
vn -0.0785 0.1017 0.9917
vn -0.0994 0.1149 0.9884
vn -0.0183 0.0500 0.9986
vn -0.1060 0.0928 0.9900
vn -0.1059 0.0928 0.9900
vn -0.0670 0.0546 0.9963
vn -0.0995 0.1150 0.9884
vn -0.1682 0.1956 0.9662
vn -0.1577 0.1607 0.9743
vn -0.0996 0.1150 0.9884
vn -0.1060 0.0929 0.9900
vn -0.1575 0.1607 0.9744
vn -0.1507 0.1383 0.9788
vn -0.1301 0.0910 0.9873
vn -0.1300 0.0909 0.9873
vn -0.1038 0.0543 0.9931
vn -0.1037 0.0542 0.9931
vn -0.0672 0.0546 0.9962
vn -0.1856 0.2703 0.9447
vn -0.0692 0.1038 0.9922
vn -0.2282 0.2421 0.9430
vn -0.2425 0.1818 0.9530
vn -0.1681 0.1956 0.9662
vn -0.1035 0.1324 0.9858
vn 0.0146 0.0161 0.9998
vn -0.1034 0.1323 0.9858
vn -0.0482 0.0761 0.9959
vn -0.1682 0.1956 0.9661
vn -0.0103 0.0237 0.9997
vn -0.0480 0.0760 0.9960
vn 0.1061 -0.1015 0.9892
vn 0.0727 -0.0356 0.9967
vn -0.0481 0.0760 0.9959
vn 0.0147 0.0160 0.9998
vn 0.0312 -0.0123 0.9994
vn -0.1229 0.1675 0.9782
vn -0.1198 0.1583 0.9801
vn 0.0229 -0.0083 0.9997
vn -0.1227 0.1591 0.9796
vn 0.0378 -0.0253 0.9990
vn 0.0377 -0.0251 0.9990
vn -0.1331 0.1629 0.9776
vn 0.0377 -0.0252 0.9990
vn -0.0182 0.0500 0.9986
vn 0.0726 -0.0355 0.9967
vn 0.0068 0.0312 0.9995
vn 0.0147 0.0161 0.9998
vn 0.0067 0.0313 0.9995
vn -0.1230 0.1676 0.9782
vn -0.0719 0.1025 0.9921
vn -0.1199 0.1584 0.9801
vn -0.2502 0.3071 0.9182
vn -0.2503 0.3071 0.9182
vn -0.1332 0.1631 0.9776
vn -0.1229 0.1676 0.9782
vn -0.2503 0.3072 0.9181
vn 0.0313 -0.0124 0.9994
vn 0.0229 -0.0084 0.9997
vn 0.1063 -0.1060 0.9887
vn 0.0230 -0.0084 0.9997
vn -0.1228 0.1675 0.9782
vn 0.0591 -0.0454 0.9972
vn -0.1228 0.1674 0.9782
vn 0.0592 -0.0212 -0.9980
vn 0.0636 -0.0740 -0.9952
vn 0.1370 -0.1155 -0.9838
vn -0.0454 0.0220 -0.9987
vn 0.0594 -0.0212 -0.9980
vn -0.0455 0.0221 -0.9987
vn -0.1241 0.0594 -0.9905
vn -0.0456 0.0220 -0.9987
vn -0.1799 0.0731 -0.9810
vn -0.1242 0.0594 -0.9905
vn 0.1370 -0.1156 -0.9838
vn -0.0047 -0.0082 -1.0000
vn 0.1412 -0.1643 -0.9763
vn -0.0046 -0.0081 -1.0000
vn -0.0048 -0.0080 -1.0000
vn 0.0239 -0.0304 -0.9993
vn -0.1233 0.1622 -0.9790
vn 0.0239 -0.0303 -0.9993
vn -0.1198 0.1593 -0.9799
vn -0.0537 0.0319 -0.9980
vn -0.0538 0.0318 -0.9980
vn -0.2084 0.1925 -0.9589
vn -0.0538 0.0319 -0.9980
vn -0.0051 0.0011 -1.0000
vn -0.1863 0.2180 -0.9580
vn -0.0058 -0.0084 -0.9999
vn -0.1862 0.2180 -0.9580
vn 0.1413 -0.1642 -0.9763
vn 0.0240 -0.0305 -0.9992
vn 0.1158 -0.1661 -0.9793
vn 0.1412 -0.1642 -0.9763
vn 0.1286 -0.1635 -0.9781
vn 0.1285 -0.1635 -0.9781
vn -0.0537 0.0317 -0.9981
vn -0.0050 0.0010 -1.0000
vn 0.1493 -0.1492 -0.9775
vn 0.1285 -0.1634 -0.9781
vn 0.1210 -0.1619 -0.9794
vn 0.1492 -0.1492 -0.9775
vn -0.0057 -0.0085 -0.9999
vn 0.1177 -0.1615 -0.9798
vn 0.1209 -0.1618 -0.9794
vn -0.0910 0.0955 -0.9913
vn -0.0911 0.0956 -0.9912
vn -0.1865 0.2178 -0.9580
vn -0.1854 0.2121 -0.9595
vn -0.1951 0.2170 -0.9565
vn -0.1855 0.2120 -0.9595
vn -0.0075 -0.0095 -0.9999
vn -0.0074 -0.0096 -0.9999
vn 0.1230 -0.1564 -0.9800
vn 0.0164 -0.0359 -0.9992
vn -0.0986 0.0831 -0.9917
vn 0.0541 -0.0882 -0.9946
vn -0.0984 0.0863 -0.9914
vn -0.0987 0.0831 -0.9916
vn 0.0163 -0.0359 -0.9992
vn -0.1049 0.0857 -0.9908
vn -0.0983 0.0862 -0.9914
vn 0.0463 -0.0621 -0.9970
vn -0.0351 0.0033 -0.9994
vn -0.0140 -0.0102 -0.9998
vn -0.0416 -0.0189 -0.9990
vn -0.0025 -0.0574 -0.9983
vn -0.0352 0.0034 -0.9994
vn -0.0142 -0.0101 -0.9998
vn -0.0939 0.0502 -0.9943
vn -0.0416 -0.0188 -0.9990
vn -0.0868 0.0274 -0.9958
vn -0.0659 -0.0205 -0.9976
vn -0.0394 -0.0576 -0.9976
vn -0.0658 -0.0206 -0.9976
vn -0.0026 -0.0574 -0.9983
vn -0.0394 -0.0575 -0.9976
vn -0.1661 0.1343 -0.9769
vn -0.0047 -0.0081 -1.0000
vn -0.1799 0.0732 -0.9810
vn -0.0393 0.0209 -0.9990
vn -0.0141 -0.0101 -0.9998
vn -0.1046 0.0858 -0.9908
vn -0.0392 0.0209 -0.9990
vn 0.0791 -0.0958 -0.9923
vn 0.0165 -0.0360 -0.9992
vn 0.1692 -0.2111 -0.9627
vn 0.0542 -0.0883 -0.9946
vn 0.1693 -0.2111 -0.9627
vn 0.1366 -0.1465 -0.9797
vn 0.0792 -0.0958 -0.9922
vn -0.0558 0.0472 -0.9973
vn -0.0589 0.0565 -0.9967
vn 0.0955 -0.1239 -0.9877
vn 0.0873 -0.1201 -0.9889
vn -0.0587 0.0481 -0.9971
vn 0.0873 -0.1200 -0.9889
vn 0.1020 -0.1367 -0.9853
vn 0.1019 -0.1366 -0.9854
vn -0.0693 0.0521 -0.9962
vn -0.0986 0.0830 -0.9917
vn 0.0713 -0.0808 -0.9942
vn 0.1366 -0.1464 -0.9797
vn 0.0712 -0.0807 -0.9942
vn -0.0590 0.0567 -0.9966
vn -0.1895 0.2016 -0.9610
vn -0.0559 0.0473 -0.9973
vn -0.0587 0.0482 -0.9971
vn -0.0694 0.0523 -0.9962
vn -0.0986 0.0831 -0.9916
vn -0.0558 0.0473 -0.9973
vn -0.1894 0.2016 -0.9610
vn -0.1895 0.2017 -0.9609
vn 0.1694 -0.2155 -0.9617
vn 0.0955 -0.1240 -0.9877
vn 0.1694 -0.2154 -0.9617
vn -0.0589 0.0566 -0.9967
vn 0.1229 -0.1564 -0.9800
vn 0.0956 -0.1240 -0.9877
vn 0.1697 -0.2159 -0.9616
vn -0.3868 0.9199 -0.0642
vn -0.3370 0.9393 -0.0637
vn -0.3370 0.9394 -0.0637
vn -0.3370 0.9394 -0.0636
vn -0.2818 0.9574 -0.0629
vn 0.7559 -0.6518 0.0611
vn 0.7396 -0.6702 0.0616
vn 0.7342 -0.6762 0.0617
vn 0.6895 -0.7215 0.0627
vn 0.6895 -0.7215 0.0628
vn 0.6898 -0.7213 0.0628
vn 0.7510 -0.6574 0.0612
vn 0.6655 -0.7437 0.0633
vn 0.8316 -0.5523 0.0579
vn -0.5392 0.8397 -0.0646
vn -0.5321 0.8442 -0.0646
vn -0.5249 0.8487 -0.0646
vn 0.5501 -0.8326 0.0646
vn 0.5960 -0.8004 0.0642
vn 0.4669 -0.8819 0.0646
vn 0.5501 -0.8326 0.0645
vn -0.5320 0.8442 -0.0646
vn -0.4915 0.8685 -0.0647
vn -0.6440 0.7624 -0.0637
vn -0.5754 0.8153 -0.0644
vn -0.4977 0.8649 -0.0647
vn 0.6477 -0.7593 0.0636
vn 0.6313 -0.7729 0.0638
vn 0.6149 -0.7860 0.0640
vn 0.6314 -0.7729 0.0638
vn -0.4976 0.8650 -0.0647
vn -0.5754 0.8154 -0.0644
vn -0.5333 0.8435 -0.0646
vn -0.6443 0.7621 -0.0637
vn -0.4434 -0.8956 0.0359
vn -0.6443 0.7621 -0.0636
vn -0.5334 0.8434 -0.0646
vn -0.7392 0.6707 -0.0616
vn 0.5864 -0.8075 0.0643
vn 0.5922 -0.8032 0.0643
vn 0.7510 -0.6575 0.0612
vn 0.6148 -0.7861 0.0640
vn 0.5093 -0.8581 0.0647
vn 0.3509 -0.9342 0.0638
vn 0.5961 -0.8004 0.0642
vn 0.5502 -0.8325 0.0646
vn 0.0797 -0.9951 0.0584
vn -0.0467 -0.9974 0.0545
vn 0.3508 -0.9343 0.0638
vn 0.5092 -0.8582 0.0647
vn 0.0797 -0.9951 0.0585
vn -0.0284 -0.9981 0.0551
vn -0.0469 -0.9974 0.0545
vn 0.0796 -0.9951 0.0584
vn -0.0283 -0.9981 0.0551
vn -0.4640 0.8835 -0.0646
vn -0.4914 0.8685 -0.0647
vn -0.0282 -0.9981 0.0551
vn 0.5093 -0.8582 0.0647
vn -0.0282 -0.9981 0.0552
vn -0.8021 0.5942 -0.0593
vn -0.8292 0.5560 -0.0581
vn -0.7417 0.6679 -0.0615
vn -0.7077 0.7037 -0.0624
vn -0.6206 0.7815 -0.0640
vn -0.5634 0.8237 -0.0645
vn 0.5043 -0.8611 0.0647
vn 0.5481 -0.8339 0.0646
vn 0.5689 -0.8199 0.0644
vn 0.6736 -0.7364 0.0631
vn 0.5689 -0.8199 0.0645
vn -0.5633 0.8237 -0.0645
vn -0.6205 0.7816 -0.0640
vn -0.6301 0.7739 -0.0638
vn -0.7592 0.6480 -0.0610
vn -0.7593 0.6479 -0.0610
vn -0.8037 0.5921 -0.0593
vn -0.7322 0.6783 -0.0618
vn -0.7593 0.6479 -0.0609
vn 0.6712 -0.7386 0.0632
vn 0.7541 -0.6539 0.0611
vn 0.5482 -0.8338 0.0646
vn 0.5044 -0.8611 0.0647
vn 0.8326 -0.5508 0.0579
vn 0.7542 -0.6538 0.0611
vn 0.6713 -0.7385 0.0632
vn -0.7321 0.6784 -0.0618
vn -0.8036 0.5922 -0.0593
vn -0.6505 0.7569 -0.0635
vn -0.6380 0.7674 -0.0637
vn 0.4768 -0.8766 0.0647
vn 0.5350 -0.8424 0.0646
vn 0.4134 -0.9083 0.0644
vn -0.6504 0.7570 -0.0636
vn -0.6248 0.7781 -0.0639
vn -0.6243 0.7786 -0.0639
vn -0.6249 0.7781 -0.0639
vn 0.5975 -0.7993 0.0642
vn 0.6072 -0.7919 0.0641
vn 0.5351 -0.8423 0.0646
vn 0.4769 -0.8766 0.0647
vn -0.6242 0.7787 -0.0639
vn -0.6326 0.7719 -0.0638
vn -0.6414 0.7646 -0.0637
vn 0.6231 -0.7796 0.0639
vn 0.6294 -0.7744 0.0639
vn -0.6569 0.7513 -0.0634
vn -0.6637 0.7453 -0.0633
vn -0.6570 0.7512 -0.0634
vn 0.6487 -0.7584 0.0636
vn 0.6617 -0.7470 0.0634
vn 0.6231 -0.7795 0.0639
vn 0.6737 -0.7363 0.0631
vn 0.5690 -0.8198 0.0645
vn 0.7424 -0.6671 0.0615
vn 0.7188 -0.6925 0.0621
vn 0.6737 -0.7363 0.0632
vn 0.7187 -0.6926 0.0621
vn 0.7423 -0.6672 0.0615
vn 0.6441 -0.7623 0.0637
vn 0.5900 -0.8048 0.0643
vn 0.6441 -0.7623 0.0636
vn 0.2069 -0.9764 0.0615
vn 0.4016 -0.9136 0.0643
vn 0.5582 -0.8272 0.0644
vn -0.6638 0.7452 -0.0633
vn -0.6705 0.7392 -0.0632
vn 0.5582 -0.8272 0.0645
vn 0.4017 -0.9135 0.0643
vn 0.6618 -0.7470 0.0634
vn 0.6488 -0.7583 0.0636
vn 0.5900 -0.8049 0.0643
vn 0.6440 -0.7623 0.0636
vn 0.4820 -0.8738 0.0647
vn 0.4245 -0.9031 0.0644
vn 0.4244 -0.9032 0.0644
vn 0.4819 -0.8738 0.0647
vn 0.2340 -0.9703 0.0621
vn 0.0587 -0.9966 0.0579
vn 0.6646 -0.7445 0.0633
vn 0.6555 -0.7526 0.0635
vn 0.6464 -0.7604 0.0636
vn 0.0584 -0.9966 0.0579
vn 0.2339 -0.9703 0.0621
vn -0.1712 -0.9840 0.0497
vn 0.0584 -0.9966 0.0578
vn 0.8953 0.4455 0.0040
vn -0.5112 0.8570 -0.0647
vn 0.6554 -0.7526 0.0635
vn 0.6371 -0.7681 0.0637
vn 0.6371 -0.7681 0.0638
vn -0.8562 0.5136 -0.0566
vn -0.8293 0.5558 -0.0581
vn -0.8022 0.5941 -0.0593
vn -0.8562 0.5136 -0.0565
vn 0.7007 -0.7107 0.0626
vn 0.7120 -0.6994 0.0623
vn 0.6894 -0.7217 0.0629
vn 0.6894 -0.7217 0.0628
vn 0.7342 -0.6761 0.0617
vn -0.1184 0.0904 0.9888
vn -0.0212 0.1124 -0.9934
vn -0.0765 0.1907 -0.9787
vn -0.1951 0.4140 -0.8891
vn -0.0694 0.1128 0.9912
vn -0.1545 0.2055 0.9664
vn 0.0590 -0.0454 0.9972
vn -0.1036 0.0542 0.9931
vn -0.2424 0.1818 0.9530
vn -0.1680 0.1956 0.9662
vn 0.1064 -0.1061 0.9886
vn -0.1950 0.2170 -0.9565
vn -0.0393 -0.0575 -0.9976
vn -0.1047 0.0858 -0.9908
vn 0.1018 -0.1366 -0.9854
vn -0.1950 0.2171 -0.9565
vn 0.7560 -0.6518 0.0611
vn -0.5322 0.8442 -0.0646
vn -0.6440 0.7624 -0.0636
vn -0.4435 -0.8956 0.0359
vn 0.5092 -0.8582 0.0646
vn 0.5093 -0.8582 0.0646
vn -0.6250 0.7780 -0.0639
vn -0.6242 0.7786 -0.0639
vn 0.5690 -0.8198 0.0646
vn 0.4245 -0.9031 0.0645
vn 0.2339 -0.9703 0.0620
vn 0.8952 0.4455 0.0040
vn 0.6463 -0.7604 0.0636
vn -0.0000 -0.0000 1.0000
vn 0.0552 0.0488 0.9973
vn -0.0557 -0.0469 0.9973
vn 0.0775 0.0631 0.9950
vn 0.0541 0.0499 0.9973
vn 0.0132 0.0204 0.9997
vn -0.0390 -0.0613 0.9974
vn 0.0158 0.0184 0.9997
vn 0.0101 0.0176 0.9998
vn -0.0400 -0.0607 0.9974
vn 0.0048 0.0197 0.9998
vn -0.0478 -0.0443 0.9979
vn -0.0498 -0.0529 0.9974
vn 0.0078 0.0187 0.9998
vn 0.0453 0.0496 0.9977
vn -0.0361 -0.0542 0.9979
vn 0.0596 0.0441 0.9972
vn 0.0404 0.0443 0.9982
vn -0.0288 -0.0481 0.9984
vn 0.0405 0.0442 0.9982
vn -0.0421 -0.0240 0.9988
vn -0.0354 -0.0435 0.9984
vn 0.0427 0.0421 0.9982
vn 0.0483 0.0248 0.9985
vn -0.0440 -0.0204 0.9988
vn 0.0530 0.0118 0.9985
vn -0.0306 -0.0376 0.9988
vn 0.0479 0.0257 0.9985
vn 0.0260 0.0366 0.9990
vn 0.0366 0.0260 0.9990
vn -0.0311 0.0089 0.9995
vn -0.0570 -0.0480 0.9972
vn -0.0676 -0.0661 0.9955
vn 0.0810 0.0557 0.9952
vn -0.0486 -0.0526 0.9974
vn -0.0189 -0.0403 0.9990
vn 0.0503 0.0814 0.9954
vn -0.0142 -0.0422 0.9990
vn 0.1024 0.0923 0.9905
vn 0.0624 0.0726 0.9954
vn -0.0210 -0.0392 0.9990
vn -0.0410 -0.0400 0.9984
vn 0.1073 0.0865 0.9905
vn -0.0402 -0.0408 0.9984
vn 0.1242 0.0813 0.9889
vn 0.0978 0.0971 0.9905
vn -0.0646 -0.0660 0.9957
vn -0.0596 -0.0994 0.9933
vn -0.0362 -0.0512 0.9980
vn -0.0635 -0.0935 0.9936
vn -0.0800 -0.0903 0.9927
vn -0.0430 -0.0507 0.9978
vn -0.0723 -0.0941 0.9929
vn -0.1085 -0.1418 0.9839
vn -0.0900 -0.0967 0.9912
vn -0.0991 -0.1356 0.9858
vn -0.1455 -0.1308 0.9807
vn -0.0905 -0.0828 0.9924
vn -0.1150 -0.1048 0.9878
vn -0.1623 -0.1630 0.9732
vn -0.1249 -0.1411 0.9821
vn -0.1107 -0.1112 0.9876
vn -0.1805 -0.1736 0.9681
vn -0.1011 -0.1438 0.9844
vn -0.1424 -0.1249 0.9819
vn -0.1343 -0.1226 0.9833
vn -0.2080 -0.1928 0.9589
vn -0.1154 -0.0972 0.9886
vn -0.1596 -0.1466 0.9762
vn -0.1845 -0.1730 0.9675
vn -0.1032 -0.0931 0.9903
vn -0.1035 -0.0817 0.9913
vn -0.1523 -0.1398 0.9784
vn -0.0920 -0.0816 0.9924
vn -0.1257 -0.1239 0.9843
vn -0.1471 -0.1341 0.9800
vn 0.0344 0.0403 0.9986
vn 0.0549 0.0758 0.9956
vn 0.0758 0.0648 0.9950
vn 0.0620 0.0855 0.9944
vn 0.0938 0.0940 0.9911
vn 0.0861 0.0743 0.9935
vn 0.1273 0.0915 0.9876
vn 0.1414 0.1420 0.9797
vn 0.0938 0.0960 0.9910
vn 0.1284 0.1395 0.9819
vn 0.1431 0.1052 0.9841
vn 0.0948 0.0879 0.9916
vn 0.1026 0.0910 0.9906
vn 0.1456 0.1193 0.9821
vn 0.1058 0.0799 0.9912
vn 0.1285 0.1123 0.9853
vn 0.1362 0.0768 0.9877
vn 0.0886 0.0765 0.9931
vn 0.0898 0.0645 0.9939
vn 0.1332 0.0800 0.9878
vn 0.0745 0.0684 0.9949
vn 0.1258 0.0753 0.9892
vn 0.0796 0.0808 0.9935
vn 0.0670 0.0643 0.9957
vn 0.0502 0.0255 0.9984
vn 0.0342 0.0629 0.9974
vn -0.0102 0.0163 0.9998
vn 0.0749 0.0438 0.9962
vn 0.0928 0.0652 0.9935
vn 0.0435 0.0730 0.9964
vn 0.0387 0.0700 0.9968
vn -0.0131 0.0212 0.9997
vn -0.0020 0.0177 0.9998
vn -0.0787 -0.0792 0.9938
vn -0.0829 -0.0525 0.9952
vn -0.1216 -0.1239 0.9848
vn -0.0293 -0.0387 0.9988
vn -0.0347 -0.0196 0.9992
vn -0.0704 -0.0428 0.9966
vn -0.0774 -0.0588 0.9953
vn -0.1290 -0.1091 0.9856
vn -0.0391 -0.0205 0.9990
vn -0.0535 0.0042 0.9986
vn -0.0429 -0.0369 0.9984
vn -0.0537 -0.0281 0.9982
vn -0.1007 -0.0611 0.9930
vn -0.0909 -0.0177 0.9957
vn -0.0662 -0.0445 0.9968
vn -0.0770 -0.0410 0.9962
vn -0.1286 -0.0649 0.9896
vn -0.0686 -0.0144 0.9975
vn -0.0346 -0.0305 0.9989
vn -0.0367 -0.0178 0.9992
vn -0.0313 -0.0246 0.9992
vn -0.0330 0.0003 0.9995
vn -0.0323 -0.0020 0.9995
vn -0.0330 0.0005 0.9995
vn -0.0547 -0.0118 0.9984
vn -0.0866 -0.0166 0.9961
vn -0.0512 -0.0217 0.9985
vn 0.0389 0.0389 0.9985
vn 0.0787 0.0694 0.9945
vn 0.0882 0.0765 0.9932
vn 0.1353 0.1119 0.9845
vn 0.2080 0.1887 0.9598
vn 0.1436 0.1204 0.9823
vn 0.1355 0.1108 0.9846
vn 0.1488 0.1346 0.9797
vn 0.2118 0.1832 0.9600
vn 0.1753 0.1572 0.9719
vn 0.2587 0.2418 0.9352
vn 0.2379 0.2046 0.9495
vn 0.1737 0.1585 0.9720
vn 0.1679 0.1584 0.9730
vn 0.2611 0.2389 0.9353
vn 0.1797 0.1479 0.9725
vn 0.2683 0.2664 0.9258
vn 0.2616 0.2393 0.9350
vn 0.1766 0.1480 0.9731
vn 0.1923 0.1887 0.9630
vn 0.2701 0.2623 0.9264
vn 0.2286 0.2043 0.9518
vn 0.3243 0.3271 0.8876
vn 0.2969 0.2842 0.9116
vn 0.2253 0.2052 0.9524
vn 0.2410 0.2002 0.9497
vn 0.3264 0.3230 0.8884
vn 0.2296 0.2149 0.9493
vn 0.2833 0.1906 0.9399
vn 0.3293 0.3256 0.8863
vn 0.1595 0.1821 0.9703
vn 0.1187 0.0032 0.9929
vn 0.2448 0.1624 0.9559
vn 0.1019 0.0296 0.9944
vn 0.1386 -0.0089 0.9903
vn 0.2087 0.1659 0.9638
vn -0.0100 -0.0858 0.9963
vn -0.0948 -0.1680 0.9812
vn 0.0098 -0.1219 0.9925
vn 0.0286 0.0356 0.9990
vn 0.0444 0.0478 0.9979
vn 0.0245 0.0232 0.9994
vn 0.0952 0.0820 0.9921
vn 0.0956 0.1059 0.9898
vn 0.1649 0.1202 0.9790
vn 0.0707 0.0620 0.9956
vn 0.0731 0.0657 0.9952
vn -0.0747 -0.0576 0.9955
vn -0.0705 -0.0602 0.9957
vn -0.0372 -0.0612 0.9974
vn 0.0757 0.0586 0.9954
vn -0.0892 -0.1726 0.9809
vn 0.0089 -0.1067 0.9943
vn -0.1141 -0.1009 0.9883
vn 0.0274 0.0418 0.9987
vn 0.0176 0.0245 0.9995
vn 0.0304 0.0245 0.9992
vn 0.0898 0.0744 0.9932
vn 0.0362 0.0496 0.9981
vn 0.0429 0.0346 0.9985
vn -0.0285 -0.0586 0.9979
vn 0.0374 0.0558 0.9977
vn 0.0553 0.0444 0.9975
vn 0.1325 0.1200 0.9839
vn 0.1973 0.1660 0.9662
vn 0.1384 0.1201 0.9831
vn 0.1939 0.1706 0.9661
vn 0.1345 0.1199 0.9836
vn 0.1341 0.1194 0.9837
vn 0.0607 0.0366 0.9975
vn 0.0504 0.0544 0.9972
vn -0.0468 -0.0308 0.9984
vn -0.0431 -0.0488 0.9979
vn 0.0593 0.0389 0.9975
vn -0.0454 -0.0329 0.9984
vn -0.0007 0.0007 1.0000
vn -0.0009 0.0003 1.0000
vn -0.0010 -0.0000 1.0000
vn -0.0010 -0.0001 1.0000
vn 0.0128 -0.0103 0.9999
vn -0.0010 -0.0003 1.0000
vn 0.0144 -0.0075 0.9999
vn 0.0221 -0.0123 0.9997
vn 0.0141 0.0109 0.9998
vn 0.0463 -0.0051 0.9989
vn 0.0218 0.0062 0.9997
vn -0.0015 -0.0000 1.0000
vn -0.0011 0.0076 1.0000
vn -0.0014 -0.0005 1.0000
vn -0.0034 -0.0024 1.0000
vn -0.0023 0.0048 1.0000
vn 0.0430 0.0036 0.9991
vn 0.0050 0.0109 0.9999
vn 0.0175 0.0201 0.9996
vn 0.0484 0.0122 0.9988
vn 0.0999 0.0956 0.9904
vn 0.1658 0.1362 0.9767
vn 0.2134 0.1392 0.9670
vn 0.0463 0.0362 0.9983
vn 0.0166 0.0265 0.9995
vn 0.1139 0.0600 0.9917
vn 0.1711 0.1417 0.9750
vn 0.2247 0.1587 0.9614
vn 0.2215 0.1442 0.9645
vn -0.0000 -0.0000 -1.0000
vn 0.0776 0.0631 -0.9950
vn -0.0557 -0.0469 -0.9973
vn 0.0552 0.0488 -0.9973
vn -0.0390 -0.0613 -0.9974
vn 0.0131 0.0204 -0.9997
vn 0.0541 0.0499 -0.9973
vn -0.0400 -0.0607 -0.9974
vn 0.0101 0.0176 -0.9998
vn 0.0158 0.0184 -0.9997
vn -0.0498 -0.0529 -0.9974
vn -0.0478 -0.0443 -0.9979
vn 0.0048 0.0197 -0.9998
vn -0.0361 -0.0542 -0.9979
vn 0.0453 0.0496 -0.9977
vn 0.0078 0.0187 -0.9998
vn -0.0288 -0.0481 -0.9984
vn 0.0404 0.0443 -0.9982
vn 0.0596 0.0442 -0.9972
vn -0.0354 -0.0435 -0.9984
vn -0.0421 -0.0240 -0.9988
vn 0.0405 0.0442 -0.9982
vn -0.0440 -0.0204 -0.9988
vn 0.0483 0.0249 -0.9985
vn 0.0427 0.0421 -0.9982
vn -0.0306 -0.0376 -0.9988
vn 0.0530 0.0118 -0.9985
vn 0.0260 0.0366 -0.9990
vn 0.0479 0.0257 -0.9985
vn -0.0311 0.0089 -0.9995
vn 0.0366 0.0260 -0.9990
vn 0.0810 0.0557 -0.9952
vn -0.0676 -0.0662 -0.9955
vn -0.0570 -0.0480 -0.9972
vn 0.0503 0.0814 -0.9954
vn -0.0189 -0.0403 -0.9990
vn -0.0486 -0.0526 -0.9974
vn 0.0624 0.0726 -0.9954
vn 0.1024 0.0923 -0.9905
vn -0.0142 -0.0422 -0.9990
vn 0.1073 0.0865 -0.9905
vn -0.0478 -0.0467 -0.9978
vn -0.0210 -0.0392 -0.9990
vn 0.0977 0.0972 -0.9905
vn 0.1035 0.0677 -0.9923
vn -0.0469 -0.0476 -0.9978
vn -0.0362 -0.0512 -0.9980
vn -0.0596 -0.0994 -0.9933
vn -0.0646 -0.0660 -0.9957
vn -0.0430 -0.0507 -0.9978
vn -0.0800 -0.0903 -0.9927
vn -0.0635 -0.0935 -0.9936
vn -0.0972 -0.1029 -0.9899
vn -0.1085 -0.1418 -0.9839
vn -0.0723 -0.0941 -0.9929
vn -0.0962 -0.0903 -0.9913
vn -0.1455 -0.1308 -0.9807
vn -0.0991 -0.1356 -0.9858
vn -0.1124 -0.1229 -0.9860
vn -0.1623 -0.1630 -0.9732
vn -0.1199 -0.1130 -0.9863
vn -0.1011 -0.1438 -0.9844
vn -0.1805 -0.1736 -0.9681
vn -0.1107 -0.1112 -0.9876
vn -0.2080 -0.1928 -0.9589
vn -0.1343 -0.1226 -0.9833
vn -0.1424 -0.1249 -0.9819
vn -0.1845 -0.1730 -0.9675
vn -0.1596 -0.1466 -0.9762
vn -0.1154 -0.0972 -0.9886
vn -0.1523 -0.1398 -0.9784
vn -0.1035 -0.0817 -0.9913
vn -0.1032 -0.0931 -0.9903
vn -0.1471 -0.1341 -0.9800
vn -0.1257 -0.1239 -0.9843
vn -0.0920 -0.0816 -0.9924
vn 0.0758 0.0648 -0.9950
vn 0.0549 0.0758 -0.9956
vn 0.0344 0.0403 -0.9986
vn 0.0861 0.0743 -0.9935
vn 0.0938 0.0940 -0.9911
vn 0.0620 0.0855 -0.9944
vn 0.0938 0.0960 -0.9910
vn 0.1414 0.1420 -0.9797
vn 0.1273 0.0915 -0.9876
vn 0.0948 0.0879 -0.9916
vn 0.1431 0.1052 -0.9841
vn 0.1284 0.1394 -0.9819
vn 0.1058 0.0799 -0.9912
vn 0.1456 0.1193 -0.9821
vn 0.1025 0.0910 -0.9906
vn 0.0886 0.0765 -0.9931
vn 0.1362 0.0768 -0.9877
vn 0.1285 0.1123 -0.9853
vn 0.0745 0.0684 -0.9949
vn 0.1332 0.0800 -0.9878
vn 0.0898 0.0645 -0.9939
vn 0.0670 0.0643 -0.9957
vn 0.0796 0.0808 -0.9935
vn 0.1258 0.0753 -0.9892
vn -0.0102 0.0163 -0.9998
vn 0.0342 0.0629 -0.9974
vn 0.0502 0.0255 -0.9984
vn 0.0435 0.0730 -0.9964
vn 0.0928 0.0652 -0.9935
vn 0.0749 0.0438 -0.9962
vn -0.0020 0.0177 -0.9998
vn -0.0131 0.0212 -0.9997
vn 0.0387 0.0700 -0.9968
vn -0.1216 -0.1239 -0.9848
vn -0.0829 -0.0525 -0.9952
vn -0.0787 -0.0792 -0.9938
vn -0.0347 -0.0196 -0.9992
vn -0.0293 -0.0387 -0.9988
vn -0.1290 -0.1091 -0.9856
vn -0.0773 -0.0588 -0.9953
vn -0.0704 -0.0428 -0.9966
vn -0.0429 -0.0369 -0.9984
vn -0.0535 0.0042 -0.9986
vn -0.0391 -0.0205 -0.9990
vn -0.0909 -0.0177 -0.9957
vn -0.1007 -0.0611 -0.9930
vn -0.0537 -0.0281 -0.9982
vn -0.1286 -0.0649 -0.9896
vn -0.0770 -0.0410 -0.9962
vn -0.0662 -0.0445 -0.9968
vn -0.0367 -0.0178 -0.9992
vn -0.0346 -0.0305 -0.9989
vn -0.0686 -0.0144 -0.9975
vn -0.0330 0.0003 -0.9995
vn -0.0313 -0.0246 -0.9992
vn -0.0330 0.0005 -0.9995
vn -0.0323 -0.0020 -0.9995
vn -0.0512 -0.0217 -0.9985
vn -0.0866 -0.0166 -0.9961
vn -0.0547 -0.0118 -0.9984
vn 0.0882 0.0765 -0.9932
vn 0.0787 0.0694 -0.9945
vn 0.0389 0.0389 -0.9985
vn 0.1436 0.1204 -0.9823
vn 0.2080 0.1887 -0.9598
vn 0.1353 0.1119 -0.9845
vn 0.2118 0.1832 -0.9600
vn 0.1488 0.1346 -0.9797
vn 0.1355 0.1108 -0.9846
vn 0.2379 0.2046 -0.9495
vn 0.2587 0.2418 -0.9352
vn 0.1753 0.1572 -0.9719
vn 0.2611 0.2389 -0.9353
vn 0.1679 0.1584 -0.9730
vn 0.1737 0.1585 -0.9720
vn 0.2616 0.2393 -0.9350
vn 0.2683 0.2664 -0.9258
vn 0.1797 0.1479 -0.9725
vn 0.2701 0.2623 -0.9264
vn 0.1923 0.1887 -0.9630
vn 0.1766 0.1480 -0.9731
vn 0.2969 0.2842 -0.9116
vn 0.3243 0.3271 -0.8876
vn 0.2286 0.2043 -0.9518
vn 0.3264 0.3230 -0.8884
vn 0.2214 0.1866 -0.9572
vn 0.2253 0.2052 -0.9524
vn 0.3293 0.3256 -0.8863
vn 0.2833 0.1906 -0.9399
vn 0.2091 0.2030 -0.9566
vn 0.2448 0.1624 -0.9559
vn 0.1313 -0.0027 -0.9913
vn 0.1381 0.1641 -0.9767
vn 0.2087 0.1659 -0.9638
vn 0.1386 -0.0090 -0.9903
vn 0.1130 0.0211 -0.9934
vn 0.0098 -0.1219 -0.9925
vn -0.0948 -0.1680 -0.9812
vn -0.0021 -0.0964 -0.9953
vn 0.0245 0.0232 -0.9994
vn 0.0444 0.0478 -0.9979
vn 0.0286 0.0356 -0.9990
vn 0.1649 0.1202 -0.9790
vn 0.0956 0.1059 -0.9898
vn 0.0952 0.0820 -0.9921
vn -0.0747 -0.0576 -0.9955
vn 0.0731 0.0657 -0.9952
vn 0.0707 0.0619 -0.9956
vn 0.0757 0.0586 -0.9954
vn -0.0372 -0.0612 -0.9974
vn -0.0705 -0.0602 -0.9957
vn -0.0992 -0.0818 -0.9917
vn 0.0157 -0.1195 -0.9927
vn -0.0892 -0.1726 -0.9809
vn 0.0304 0.0245 -0.9992
vn 0.0176 0.0245 -0.9995
vn 0.0274 0.0418 -0.9988
vn 0.0429 0.0346 -0.9985
vn 0.0362 0.0496 -0.9981
vn 0.0898 0.0744 -0.9932
vn 0.0552 0.0444 -0.9975
vn 0.0374 0.0558 -0.9977
vn -0.0285 -0.0586 -0.9979
vn 0.1384 0.1201 -0.9831
vn 0.1973 0.1660 -0.9662
vn 0.1325 0.1200 -0.9839
vn 0.1341 0.1195 -0.9837
vn 0.1345 0.1199 -0.9836
vn 0.1939 0.1706 -0.9661
vn -0.0468 -0.0308 -0.9984
vn 0.0504 0.0544 -0.9972
vn 0.0607 0.0366 -0.9975
vn -0.0454 -0.0329 -0.9984
vn 0.0593 0.0389 -0.9975
vn -0.0431 -0.0488 -0.9979
vn -0.0007 0.0007 -1.0000
vn -0.0009 0.0003 -1.0000
vn 0.0128 -0.0103 -0.9999
vn -0.0010 -0.0001 -1.0000
vn -0.0010 -0.0000 -1.0000
vn 0.0221 -0.0123 -0.9997
vn 0.0144 -0.0075 -0.9999
vn -0.0010 -0.0003 -1.0000
vn 0.0218 0.0062 -0.9997
vn 0.0463 -0.0051 -0.9989
vn 0.0141 0.0109 -0.9998
vn -0.0015 -0.0000 -1.0000
vn -0.0014 -0.0005 -1.0000
vn -0.0011 0.0076 -1.0000
vn 0.0430 0.0036 -0.9991
vn -0.0023 0.0048 -1.0000
vn -0.0034 -0.0024 -1.0000
vn 0.0484 0.0122 -0.9988
vn 0.0175 0.0201 -0.9996
vn 0.0050 0.0109 -0.9999
vn 0.2134 0.1392 -0.9670
vn 0.1658 0.1362 -0.9767
vn 0.0999 0.0956 -0.9904
vn 0.1139 0.0600 -0.9917
vn 0.0166 0.0265 -0.9995
vn 0.0463 0.0362 -0.9983
vn 0.2215 0.1442 -0.9645
vn 0.2247 0.1587 -0.9614
vn 0.1711 0.1417 -0.9750
vn 0.0598 -0.0391 0.9974
vn 0.1065 0.1034 0.9889
vn -0.0393 -0.0417 0.9984
vn -0.0609 -0.0655 0.9960
vn 0.0409 -0.0585 0.9974
vn -0.0349 -0.0454 0.9984
vn -0.1574 -0.1483 0.9763
vn -0.2307 -0.2185 0.9482
vn -0.1973 -0.2094 0.9577
vn -0.1045 -0.1222 0.9870
vn -0.1329 -0.1259 0.9831
vn -0.1733 -0.1869 0.9670
vn -0.2304 -0.2190 0.9481
vn -0.1564 -0.1495 0.9763
vn -0.1444 -0.1336 0.9805
vn -0.2095 -0.1916 0.9589
vn -0.2249 -0.2133 0.9507
vn -0.1452 -0.1218 0.9819
vn -0.1586 -0.1477 0.9762
vn -0.1130 -0.0998 0.9886
vn -0.1060 -0.0941 0.9899
vn -0.1531 -0.1389 0.9784
vn -0.1565 -0.1459 0.9768
vn -0.1067 -0.0894 0.9903
vn -0.0457 -0.0491 -0.9977
vn -0.0418 -0.0522 -0.9978
vn 0.1110 0.0546 -0.9923
vn 0.0656 -0.0552 -0.9963
vn -0.0538 -0.0401 -0.9977
vn 0.0919 0.0828 -0.9923
vn -0.1973 -0.2094 -0.9577
vn -0.2307 -0.2185 -0.9482
vn -0.1574 -0.1483 -0.9763
vn -0.1045 -0.1222 -0.9870
vn -0.1733 -0.1869 -0.9670
vn -0.1329 -0.1259 -0.9831
vn -0.1444 -0.1336 -0.9805
vn -0.1564 -0.1495 -0.9763
vn -0.2304 -0.2190 -0.9481
vn -0.2095 -0.1916 -0.9589
vn -0.1452 -0.1218 -0.9819
vn -0.2249 -0.2133 -0.9507
vn -0.1060 -0.0941 -0.9899
vn -0.1130 -0.0998 -0.9886
vn -0.1586 -0.1477 -0.9762
vn -0.1531 -0.1389 -0.9784
vn -0.1067 -0.0894 -0.9903
vn -0.1565 -0.1459 -0.9768
vn -0.6797 -0.7335 -0.0016
vn -0.7923 -0.6101 -0.0000
vn -0.5518 -0.8339 -0.0000
vn -0.6797 -0.7335 -0.0025
vn 0.7336 0.6795 -0.0000
vn 0.7541 0.6568 -0.0000
vn 0.7738 0.6334 -0.0000
vn 0.7540 0.6568 -0.0015
vn 0.7393 0.6734 0.0014
vn 0.7183 0.6957 -0.0000
vn 0.5748 0.8182 0.0061
vn 0.3376 0.9413 -0.0000
vn 0.7393 0.6734 -0.0000
vn 0.5748 0.8183 0.0039
vn 0.6628 0.7488 -0.0032
vn 0.8375 0.5465 -0.0000
vn 0.6057 0.7957 -0.0000
vn 0.7398 0.6729 -0.0000
vn 0.6628 0.7488 -0.0060
vn 0.6056 0.7958 -0.0069
vn -0.7358 -0.6772 -0.0001
vn -0.7405 -0.6721 -0.0000
vn -0.6109 -0.7917 0.0030
vn -0.4705 -0.8824 -0.0000
vn -0.6109 -0.7917 0.0019
vn 0.5536 0.8326 0.0176
vn 0.3930 0.9195 -0.0000
vn 0.7573 0.6531 -0.0000
vn 0.8175 0.5759 -0.0000
vn 0.5529 0.8332 -0.0000
vn 0.7569 0.6534 -0.0097
vn -0.7383 -0.6745 -0.0001
vn -0.7395 -0.6732 -0.0000
vn -0.7324 -0.6809 0.0005
vn -0.7277 -0.6859 -0.0000
vn -0.7324 -0.6809 0.0003
vn -0.7428 -0.6695 -0.0002
vn -0.7469 -0.6649 -0.0000
vn -0.7374 -0.6754 0.0001
vn -0.7362 -0.6767 -0.0000
vn -0.7428 -0.6695 -0.0003
vn -0.7375 -0.6754 -0.0000
vn 0.7780 0.6282 -0.0069
vn 0.8753 0.4836 -0.0000
vn 0.7583 0.6519 -0.0000
vn 0.8425 0.5387 -0.0000
vn 0.7777 0.6285 -0.0130
vn 0.7576 0.6525 -0.0168
vn -0.7439 -0.6682 -0.0000
vn -0.7398 -0.6728 0.0003
vn -0.7356 -0.6774 -0.0000
vn -0.7398 -0.6728 0.0002
vn 0.6933 0.7204 0.0190
vn 0.5841 0.8117 -0.0000
vn 0.8490 0.5283 -0.0000
vn 0.9029 0.4299 -0.0000
vn 0.6925 0.7215 -0.0000
vn 0.8484 0.5292 -0.0152
vn -0.9530 -0.3029 -0.0091
vn -0.8649 -0.5019 -0.0000
vn -0.9950 -0.0998 -0.0000
vn -0.9529 -0.3031 -0.0000
vn 0.8099 0.5865 0.0116
vn 0.7387 0.6740 -0.0000
vn 0.8695 0.4939 -0.0000
vn 0.8096 0.5870 -0.0000
vn -0.8599 -0.5104 -0.0000
vn -0.9468 -0.3218 -0.0000
vn -0.9940 -0.1096 -0.0000
vn -0.9462 -0.3228 -0.0210
vn 0.4264 0.9045 -0.0000
vn -0.7247 -0.6891 -0.0000
vn -0.5825 -0.8128 0.0070
vn -0.4128 -0.9108 -0.0000
vn -0.5824 -0.8129 0.0043
vn 0.5952 0.8036 -0.0005
vn 0.6186 0.7857 -0.0000
vn 0.5714 0.8207 -0.0000
vn 0.5952 0.8036 -0.0008
vn -0.6530 -0.7574 -0.0029
vn -0.7880 -0.6156 -0.0000
vn -0.5624 -0.8269 -0.0000
vn -0.6228 -0.7824 -0.0000
vn -0.6529 -0.7574 -0.0051
vn -0.5623 -0.8269 -0.0035
vn 0.6938 0.7202 -0.0020
vn 0.7710 0.6368 -0.0000
vn 0.5852 0.8109 0.0009
vn 0.5611 0.8278 -0.0000
vn 0.6937 0.7202 -0.0033
vn 0.5852 0.8109 0.0005
vn 0.6116 0.7911 0.0082
vn 0.6430 0.7658 -0.0000
vn 0.6422 0.7665 0.0033
vn 0.5510 0.8345 -0.0001
vn 0.6115 0.7913 -0.0000
vn 0.6422 0.7665 0.0020
vn -0.6246 -0.7809 0.0036
vn -0.5802 -0.8145 -0.0000
vn -0.6668 -0.7453 -0.0000
vn -0.6245 -0.7810 -0.0000
vn -0.5442 -0.8389 0.0053
vn -0.4796 -0.8775 -0.0000
vn -0.6482 -0.7614 -0.0000
vn -0.6895 -0.7243 -0.0000
vn -0.5441 -0.8390 -0.0000
vn -0.6481 -0.7615 -0.0039
vn -0.7164 -0.6977 -0.0000
vn -0.5550 -0.8318 0.0057
vn -0.3596 -0.9331 -0.0000
vn -0.5550 -0.8319 0.0035
vn 0.5387 0.8425 -0.0010
vn 0.5889 0.8082 -0.0000
vn 0.4868 0.8735 -0.0000
vn 0.5387 0.8425 -0.0019
vn 0.5925 0.8056 -0.0005
vn 0.6069 0.7948 -0.0000
vn 0.5275 0.8495 0.0030
vn 0.4749 0.8800 -0.0000
vn 0.5925 0.8056 -0.0009
vn 0.5275 0.8496 0.0017
vn 0.7516 0.6596 -0.0040
vn 0.7777 0.6286 -0.0000
vn 0.5863 0.8101 0.0006
vn 0.5716 0.8205 -0.0000
vn 0.7516 0.6596 -0.0067
vn 0.5863 0.8101 0.0004
vn -0.6197 -0.7848 -0.0020
vn -0.7764 -0.6303 -0.0000
vn -0.5579 -0.8299 -0.0000
vn -0.6655 -0.7464 -0.0000
vn -0.6197 -0.7848 -0.0035
vn -0.5579 -0.8299 -0.0039
vn 0.7054 0.7088 0.0004
vn 0.7001 0.7141 -0.0000
vn 0.6623 0.7493 0.0020
vn 0.6314 0.7755 -0.0000
vn 0.7054 0.7088 -0.0000
vn 0.6622 0.7493 0.0012
vn -0.5295 -0.8483 0.0076
vn -0.4092 -0.9125 -0.0000
vn -0.7295 -0.6840 -0.0000
vn -0.8109 -0.5852 -0.0000
vn -0.5294 -0.8484 -0.0000
vn -0.7294 -0.6841 -0.0071
vn 0.8740 0.4859 -0.0066
vn 0.9805 0.1968 -0.0000
vn 0.7090 0.7052 -0.0000
vn 0.7143 0.6999 -0.0000
vn 0.8739 0.4860 -0.0110
vn 0.7090 0.7052 -0.0005
vn -0.6442 -0.7648 -0.0019
vn -0.8336 -0.5523 -0.0000
vn -0.5301 -0.8480 -0.0000
vn -0.6316 -0.7753 -0.0000
vn -0.6442 -0.7648 -0.0043
vn -0.5300 -0.8480 -0.0028
vn -0.6698 -0.7425 0.0106
vn -0.5691 -0.8222 -0.0000
vn -0.5608 -0.8279 0.0123
vn -0.3046 -0.9525 -0.0000
vn -0.6695 -0.7428 -0.0000
vn -0.5607 -0.8280 0.0073
vn 0.9300 0.3677 -0.0000
vn 0.7906 0.6123 0.0122
vn 0.5665 0.8241 -0.0000
vn 0.7905 0.6125 0.0057
vn -0.5127 -0.8585 0.0132
vn -0.4011 -0.9160 -0.0000
vn -0.6136 -0.7896 -0.0000
vn -0.5121 -0.8589 -0.0000
vn 0.7835 0.6213 0.0058
vn 0.7550 0.6557 -0.0000
vn 0.7000 0.7140 0.0138
vn 0.5651 0.8250 -0.0001
vn 0.7833 0.6216 -0.0000
vn 0.6997 0.7144 0.0074
vn 0.7110 0.7031 0.0126
vn 0.6382 0.7698 -0.0000
vn 0.8025 0.5967 -0.0000
vn 0.8281 0.5606 -0.0000
vn 0.7105 0.7037 -0.0000
vn 0.8022 0.5970 -0.0058
vn -0.5338 -0.8456 -0.0008
vn -0.6470 -0.7625 0.0001
vn -0.5504 -0.8349 -0.0000
vn -0.6776 -0.7354 -0.0000
vn -0.5338 -0.8456 -0.0014
vn -0.5504 -0.8349 -0.0028
vn -0.5210 -0.8535 0.0086
vn -0.3766 -0.9264 -0.0000
vn -0.7036 -0.7106 -0.0000
vn -0.7553 -0.6554 -0.0000
vn -0.5208 -0.8537 -0.0000
vn -0.7036 -0.7106 -0.0041
vn -0.6678 -0.7443 0.0061
vn -0.6095 -0.7928 0.0009
vn -0.7217 -0.6922 -0.0000
vn -0.6677 -0.7445 -0.0000
vn -0.6902 -0.7236 -0.0027
vn -0.7500 -0.6615 -0.0000
vn -0.5130 -0.8583 0.0078
vn -0.3876 -0.9218 -0.0000
vn -0.6901 -0.7237 -0.0049
vn -0.5129 -0.8584 0.0044
vn -0.7333 -0.6799 -0.0001
vn -0.7407 -0.6718 -0.0000
vn -0.7253 -0.6884 -0.0000
vn -0.7248 -0.6890 -0.0000
vn -0.9155 -0.4023 -0.0060
vn -0.9155 -0.4023 -0.0000
vn -0.7354 -0.6776 -0.0000
vn -0.9154 -0.4024 -0.0097
vn 0.4955 0.8685 0.0159
vn 0.3370 0.9415 -0.0000
vn 0.7063 0.7079 -0.0000
vn 0.7724 0.6351 -0.0000
vn 0.4949 0.8689 -0.0000
vn 0.7059 0.7082 -0.0092
vn 0.9215 0.3881 -0.0169
vn 0.7246 0.6891 0.0103
vn 0.9969 0.0785 -0.0000
vn 0.9214 0.3885 -0.0056
vn 0.6474 0.7622 -0.0000
vn 0.7457 0.6663 -0.0007
vn 0.8314 0.5556 0.0014
vn 0.7452 0.6667 -0.0140
vn 0.6810 0.7320 0.0190
vn 0.5711 0.8209 0.0019
vn 0.8248 0.5654 -0.0007
vn 0.8699 0.4932 0.0012
vn 0.6802 0.7331 -0.0002
vn 0.8243 0.5660 -0.0117
vn 0.7909 0.6118 0.0087
vn 0.7358 0.6772 0.0007
vn 0.6283 0.7777 0.0198
vn 0.3164 0.9486 -0.0009
vn 0.7907 0.6122 -0.0000
vn 0.6281 0.7781 0.0108
vn 0.7500 0.6614 -0.0047
vn 0.9339 0.3576 -0.0000
vn 0.5087 0.8609 -0.0000
vn 0.5113 0.8594 -0.0000
vn 0.7499 0.6615 -0.0082
vn 0.5087 0.8609 -0.0001
vn 0.5084 0.8611 0.0002
vn 0.5057 0.8627 -0.0000
vn 0.5110 0.8596 -0.0000
vn 0.5084 0.8611 -0.0000
vn -0.9978 0.0587 0.0316
vn -0.7174 -0.6967 -0.0019
vn -0.7174 -0.6966 -0.0096
vn -0.9982 0.0596 -0.0027
vn -0.9981 0.0595 0.0142
vn -0.7175 -0.6964 -0.0161
vn -0.8186 0.5715 -0.0577
vn -0.9524 0.3048 -0.0000
vn -0.9272 0.3686 -0.0674
vn -0.9308 0.3655 -0.0000
vn -0.8234 0.5675 -0.0000
vn -0.9298 0.3663 -0.0347
vn -0.8708 -0.4916 0.0067
vn -0.7684 -0.6399 -0.0000
vn -0.9976 -0.0685 -0.0000
vn -0.9748 0.2232 -0.0000
vn -0.8708 -0.4917 -0.0000
vn -0.9976 -0.0687 -0.0103
vn -0.8150 -0.5795 -0.0000
vn -0.9033 -0.4290 -0.0000
vn -0.9656 -0.2600 -0.0000
vn -0.9024 -0.4303 -0.0235
vn 0.7482 0.6635 0.0005
vn 0.7388 0.6740 -0.0002
vn 0.7440 0.6681 0.0004
vn 0.7303 0.6831 -0.0000
vn 0.7482 0.6635 -0.0000
vn 0.7440 0.6681 0.0002
vn 0.7337 0.6794 0.0004
vn 0.7216 0.6923 -0.0000
vn 0.7549 0.6558 -0.0000
vn 0.7641 0.6451 -0.0000
vn 0.7337 0.6794 -0.0000
vn 0.7549 0.6558 -0.0004
vn 0.7204 0.6935 0.0004
vn 0.7103 0.7039 -0.0000
vn 0.7424 0.6700 -0.0000
vn 0.7204 0.6935 -0.0000
vn 0.7424 0.6700 -0.0005
vn 0.7078 0.7064 0.0005
vn 0.6980 0.7161 -0.0000
vn 0.7276 0.6860 -0.0000
vn 0.7374 0.6754 -0.0000
vn 0.7078 0.7064 -0.0000
vn 0.7276 0.6860 -0.0005
vn 0.8763 0.4818 -0.0042
vn 0.9821 0.1881 -0.0000
vn 0.7146 0.6995 -0.0000
vn 0.7243 0.6895 -0.0000
vn 0.8762 0.4818 -0.0067
vn 0.7146 0.6995 -0.0006
vn 0.9332 0.3595 -0.0000
vn 0.7940 0.6079 0.0085
vn 0.5678 0.8232 -0.0002
vn 0.7940 0.6080 0.0048
vn -0.4451 -0.8955 -0.0000
vn 0.5948 0.8038 0.0002
vn 0.8035 0.5953 -0.0000
vn 0.5085 0.8610 -0.0000
vn 0.6500 0.7600 -0.0000
vn 0.5948 0.8038 0.0004
vn 0.5085 0.8610 0.0004
vn 0.6606 0.7507 0.0123
vn 0.5830 0.8125 -0.0000
vn 0.7625 0.6470 -0.0000
vn 0.7932 0.6090 -0.0000
vn 0.6600 0.7512 -0.0000
vn 0.7622 0.6473 -0.0062
vn -0.9948 0.1023 -0.0000
vn 0.7538 0.6571 -0.0010
vn 0.7670 0.6416 -0.0000
vn 0.5328 0.8458 0.0258
vn 0.2618 0.9651 -0.0000
vn 0.7537 0.6572 -0.0019
vn 0.5322 0.8465 0.0131
vn 0.7393 0.6733 0.0061
vn 0.7053 0.7089 0.0008
vn 0.9324 0.3615 -0.0028
vn 0.9999 0.0086 0.0052
vn 0.7391 0.6736 -0.0000
vn 0.9308 0.3634 -0.0394
vn -0.7224 -0.6914 -0.0001
vn -0.7318 -0.6815 -0.0000
vn -0.6504 -0.7596 0.0014
vn -0.5826 -0.8128 -0.0001
vn -0.7224 -0.6915 -0.0002
vn -0.6504 -0.7596 0.0008
vn -0.7258 -0.6879 -0.0000
vn -0.7264 -0.6873 -0.0000
vn -0.7157 -0.6984 0.0002
vn -0.7061 -0.7082 -0.0000
vn -0.7157 -0.6984 0.0001
vn -0.7280 -0.6855 0.0002
vn -0.7205 -0.6934 -0.0000
vn -0.7280 -0.6855 0.0001
vn 0.5504 0.8349 -0.0008
vn 0.6776 0.7354 -0.0000
vn 0.5338 0.8456 -0.0000
vn 0.6470 0.7625 -0.0000
vn 0.5504 0.8349 -0.0014
vn 0.5338 0.8456 -0.0021
vn -0.5692 -0.8222 -0.0009
vn -0.7181 -0.6960 -0.0000
vn -0.5405 -0.8414 -0.0000
vn -0.6659 -0.7460 -0.0000
vn -0.5691 -0.8222 -0.0016
vn -0.5405 -0.8414 -0.0023
vn 0.7036 0.7106 -0.0012
vn 0.7553 0.6554 -0.0000
vn 0.5209 0.8536 0.0039
vn 0.3766 0.9264 -0.0000
vn 0.7036 0.7106 -0.0018
vn 0.5208 0.8536 0.0024
vn -0.5154 -0.8569 0.0093
vn -0.3742 -0.9274 -0.0000
vn -0.6680 -0.7442 -0.0000
vn -0.6948 -0.7192 -0.0000
vn -0.5152 -0.8571 -0.0000
vn -0.6679 -0.7442 -0.0022
vn -0.6513 -0.7588 0.0023
vn -0.6230 -0.7822 -0.0000
vn -0.6785 -0.7346 -0.0000
vn -0.6512 -0.7589 -0.0000
vn 0.7217 0.6922 -0.0000
vn 0.6677 0.7444 0.0027
vn 0.6095 0.7928 -0.0001
vn 0.6677 0.7445 0.0016
vn -0.6776 -0.7355 -0.0000
vn -0.5279 -0.8493 0.0061
vn -0.3528 -0.9357 -0.0000
vn -0.5279 -0.8493 0.0038
vn 0.5132 0.8582 0.0115
vn 0.3876 0.9218 -0.0000
vn 0.6259 0.7799 -0.0000
vn 0.5129 0.8585 -0.0000
vn 0.5405 0.8414 -0.0006
vn 0.6659 0.7460 -0.0000
vn 0.5692 0.8222 -0.0000
vn 0.7181 0.6960 -0.0000
vn 0.5405 0.8414 -0.0011
vn 0.5691 0.8222 -0.0023
vn -0.6048 -0.7964 -0.0017
vn -0.7461 -0.6658 -0.0000
vn -0.5424 -0.8401 -0.0000
vn -0.6321 -0.7749 -0.0000
vn -0.6048 -0.7964 -0.0030
vn -0.5424 -0.8401 -0.0030
vn 0.6680 0.7442 -0.0006
vn 0.6948 0.7192 -0.0000
vn 0.5152 0.8571 0.0040
vn 0.3742 0.9274 -0.0000
vn 0.6680 0.7442 -0.0010
vn 0.5152 0.8571 0.0025
vn -0.5226 -0.8526 0.0069
vn -0.4248 -0.9053 -0.0000
vn -0.6243 -0.7812 -0.0000
vn -0.6358 -0.7719 -0.0000
vn -0.5224 -0.8527 -0.0000
vn -0.6242 -0.7812 -0.0009
vn -0.6182 -0.7860 0.0007
vn -0.6065 -0.7951 -0.0000
vn -0.6298 -0.7767 -0.0000
vn -0.6182 -0.7860 -0.0000
vn 0.6785 0.7346 -0.0000
vn 0.6512 0.7589 0.0010
vn 0.6230 0.7822 -0.0000
vn 0.6512 0.7589 0.0006
vn -0.6951 -0.7189 -0.0000
vn -0.5504 -0.8349 0.0036
vn -0.3802 -0.9249 -0.0001
vn -0.5503 -0.8349 0.0023
vn 0.5280 0.8492 0.0090
vn 0.3528 0.9357 -0.0000
vn 0.6776 0.7355 -0.0000
vn 0.5279 0.8493 -0.0000
vn 0.5424 0.8401 -0.0008
vn 0.6321 0.7749 -0.0000
vn 0.6048 0.7964 -0.0000
vn 0.7461 0.6658 -0.0000
vn 0.5424 0.8401 -0.0013
vn 0.6048 0.7964 -0.0040
vn 0.6243 0.7812 -0.0002
vn 0.6358 0.7719 -0.0000
vn 0.5224 0.8527 0.0028
vn 0.4248 0.9053 -0.0000
vn 0.6243 0.7812 -0.0004
vn 0.5224 0.8527 0.0017
vn 0.6298 0.7767 -0.0000
vn 0.6182 0.7860 0.0003
vn 0.6065 0.7951 -0.0000
vn 0.6182 0.7860 0.0002
vn -0.7161 -0.6980 -0.0000
vn -0.5343 -0.8453 0.0019
vn -0.3096 -0.9509 -0.0002
vn -0.5343 -0.8453 0.0012
vn 0.5504 0.8349 0.0049
vn 0.3802 0.9249 -0.0000
vn 0.6951 0.7189 -0.0000
vn 0.5503 0.8349 -0.0000
vn 0.9948 -0.1023 -0.0000
vn -0.5300 -0.8478 0.0170
vn -0.3209 -0.9471 -0.0000
vn -0.7016 -0.7125 -0.0000
vn -0.5295 -0.8483 -0.0000
vn -0.5916 -0.8062 -0.0004
vn -0.7720 -0.6357 -0.0000
vn -0.5795 -0.8149 -0.0000
vn -0.7510 -0.6604 -0.0000
vn -0.5916 -0.8062 -0.0006
vn -0.5795 -0.8149 -0.0010
vn 0.5973 0.8020 0.0007
vn 0.8197 0.5727 -0.0000
vn 0.4800 0.8773 -0.0000
vn 0.6101 0.7923 -0.0000
vn 0.5973 0.8020 0.0014
vn 0.4800 0.8773 0.0012
vn -0.7062 -0.7080 -0.0029
vn -0.7724 -0.6351 -0.0000
vn -0.4951 -0.8688 0.0090
vn -0.3370 -0.9415 -0.0000
vn -0.7062 -0.7080 -0.0052
vn -0.4950 -0.8689 0.0051
vn 0.4800 0.8771 0.0155
vn 0.6638 0.7479 -0.0000
vn 0.7177 0.6964 -0.0000
vn 0.4794 0.8776 -0.0000
vn 0.6635 0.7481 -0.0076
vn 0.6314 0.7754 0.0088
vn 0.5715 0.8206 0.0002
vn 0.7265 0.6872 -0.0000
vn 0.7640 0.6452 0.0002
vn 0.6310 0.7758 -0.0000
vn 0.7262 0.6875 -0.0066
vn -0.5085 -0.8610 0.0001
vn -0.6500 -0.7600 -0.0000
vn -0.3565 -0.9343 -0.0000
vn -0.5085 -0.8610 0.0002
vn 0.7528 0.6582 -0.0000
vn 0.5329 0.8458 0.0269
vn 0.2379 0.9713 -0.0002
vn 0.5323 0.8465 0.0138
vn -0.7624 -0.6470 -0.0020
vn -0.7932 -0.6090 -0.0000
vn -0.6602 -0.7510 0.0073
vn -0.5830 -0.8124 -0.0000
vn -0.7624 -0.6471 -0.0036
vn -0.6601 -0.7512 0.0040
vn -0.7710 -0.6368 -0.0000
vn -0.7392 -0.6735 0.0033
vn -0.7053 -0.7089 0.0005
vn -0.7391 -0.6736 0.0020
vn 0.6993 0.7148 0.0070
vn 0.6576 0.7534 0.0016
vn 0.7380 0.6748 -0.0000
vn 0.6990 0.7152 -0.0001
vn 0.7855 0.6188 -0.0000
vn -0.4800 -0.8773 0.0004
vn -0.6101 -0.7923 -0.0000
vn -0.3418 -0.9398 -0.0000
vn -0.4800 -0.8773 0.0007
vn 0.2652 0.9642 -0.0000
vn 0.4346 0.9006 -0.0000
vn 0.5949 0.8038 -0.0000
vn 0.4345 0.9007 0.0067
vn -0.6638 -0.7479 -0.0025
vn -0.7177 -0.6964 -0.0000
vn -0.4796 -0.8774 0.0093
vn -0.3376 -0.9413 -0.0000
vn -0.6637 -0.7480 -0.0046
vn -0.4794 -0.8776 0.0050
vn 0.4573 0.8891 0.0188
vn 0.2826 0.9592 -0.0000
vn 0.6792 0.7340 -0.0000
vn 0.7439 0.6683 -0.0000
vn 0.4565 0.8897 -0.0000
vn 0.6788 0.7343 -0.0095
vn -0.7264 -0.6872 -0.0021
vn -0.7640 -0.6452 -0.0000
vn -0.6311 -0.7757 0.0051
vn -0.5715 -0.8206 -0.0000
vn -0.7264 -0.6873 -0.0038
vn -0.6311 -0.7757 0.0028
vn 0.6384 0.7696 0.0129
vn 0.5641 0.8257 -0.0008
vn 0.7410 0.6715 0.0001
vn 0.7748 0.6322 -0.0005
vn 0.6377 0.7703 0.0004
vn 0.7406 0.6719 -0.0073
vn -0.7380 -0.6748 -0.0000
vn -0.6990 -0.7151 0.0036
vn -0.6576 -0.7534 0.0008
vn -0.6990 -0.7151 0.0023
vn 0.7161 0.6980 0.0075
vn 0.6786 0.7345 -0.0000
vn 0.8107 0.5854 -0.0000
vn 0.8636 0.5042 -0.0000
vn 0.7157 0.6984 -0.0000
vn 0.8100 0.5862 -0.0140
vn -0.9969 -0.0785 -0.0000
vn 0.7696 0.6384 0.0119
vn 0.7037 0.7105 0.0010
vn 0.8270 0.5622 -0.0000
vn 0.7692 0.6390 0.0002
vn -0.8830 -0.4695 -0.0000
vn 0.6417 -0.7670 -0.0000
vn 0.8214 -0.5691 -0.0373
vn 0.9524 -0.3048 -0.0000
vn 0.8228 -0.5679 -0.0197
vn -0.7782 0.6258 -0.0524
vn -0.9304 0.3666 -0.0000
vn -0.5853 0.8108 -0.0000
vn -0.7824 0.6228 -0.0000
vn 0.9976 0.0685 -0.0031
vn 0.9748 -0.2232 -0.0000
vn 0.8708 0.4916 0.0035
vn 0.7684 0.6399 -0.0000
vn 0.9976 0.0686 -0.0054
vn 0.8708 0.4917 0.0020
vn -0.9276 -0.3735 0.0021
vn -0.9041 -0.4273 -0.0000
vn -0.9987 -0.0510 -0.0000
vn -0.9699 0.2435 -0.0000
vn -0.9276 -0.3735 -0.0000
vn -0.9986 -0.0511 -0.0099
vn -0.9072 -0.4207 -0.0000
vn -0.9303 -0.3668 -0.0000
vn -0.9502 -0.3116 -0.0000
vn -0.9302 -0.3670 -0.0048
vn 0.9032 0.4291 -0.0075
vn 0.9656 0.2600 -0.0000
vn 0.8150 0.5795 -0.0000
vn 0.9030 0.4295 -0.0141
vt 0.012420 0.992940
vt 0.007130 0.992940
vt 0.008900 0.991180
vt 0.010660 0.991180
vt 0.012420 0.987660
vt 0.010660 0.989420
vt 0.007130 0.987660
vt 0.008900 0.989420
vt 0.070360 0.884280
vt 0.151230 0.803410
vt 0.232090 0.884280
vt 0.151230 0.965140
vt 0.008920 0.983050
vt 0.007180 0.984790
vt 0.012390 0.984790
vt 0.010660 0.983050
vt 0.012390 0.979570
vt 0.010660 0.981330
vt 0.007180 0.979570
vt 0.008920 0.981330
vt 0.790430 0.886180
vt 0.764400 0.945720
vt 0.873470 0.960790
vt 0.865800 0.879240
vt 0.839240 0.839840
vt 0.887550 0.795820
vt 0.663000 0.838970
vt 0.694390 0.838440
vt 0.529000 0.774770
vt 0.741740 0.813060
vt 0.569090 0.772130
vt 0.717320 0.887330
vt 0.793370 0.811710
vt 0.857500 0.798750
vt 0.580560 0.198580
vt 0.588760 0.168120
vt 0.604060 0.207400
vt 0.557650 0.197480
vt 0.563150 0.159340
vt 0.540970 0.171930
vt 0.533050 0.208320
vt 0.526630 0.203380
vt 0.521360 0.175840
vt 0.505700 0.166570
vt 0.492470 0.202880
vt 0.489680 0.177680
vt 0.447980 0.207090
vt 0.444240 0.186900
vt 0.337860 0.218060
vt 0.336080 0.199820
vt 0.189690 0.221400
vt 0.192290 0.209180
vt 0.610990 0.170620
vt 0.632460 0.163000
vt 0.651850 0.203920
vt 0.025770 0.728820
vt 0.041230 0.714200
vt 0.042600 0.716840
vt 0.651030 0.147300
vt 0.669020 0.187530
vt 0.055790 0.706250
vt 0.057590 0.709370
vt 0.078570 0.706040
vt 0.682990 0.127630
vt 0.694850 0.170020
vt 0.657370 0.127110
vt 0.076400 0.699090
vt 0.099830 0.710790
vt 0.083060 0.692660
vt 0.701680 0.158670
vt 0.732700 0.160290
vt 0.103710 0.699370
vt 0.759430 0.140670
vt 0.223070 0.706950
vt 0.136800 0.713120
vt 0.223890 0.698470
vt 0.133730 0.703770
vt 0.106880 0.722270
vt 0.108740 0.706080
vt 0.125570 0.705240
vt 0.125310 0.690960
vt 0.117550 0.702450
vt 0.765080 0.160310
vt 0.742130 0.167700
vt 0.752960 0.159410
vt 0.076050 0.668330
vt 0.783520 0.167040
vt 0.745560 0.190760
vt 0.635910 0.229840
vt 0.092010 0.693210
vt 0.047660 0.663780
vt 0.074250 0.644150
vt 0.102900 0.666760
vt 0.772710 0.478020
vt 0.767220 0.482460
vt 0.759520 0.469640
vt 0.760020 0.477900
vt 0.125770 0.670990
vt 0.124890 0.703290
vt 0.741000 0.475540
vt 0.738300 0.468550
vt 0.748680 0.468190
vt 0.732820 0.479600
vt 0.728280 0.472660
vt 0.716320 0.476310
vt 0.715160 0.471050
vt 0.694850 0.478370
vt 0.694580 0.472940
vt 0.147440 0.670450
vt 0.156220 0.707560
vt 0.187120 0.692810
vt 0.167890 0.659960
vt 0.195540 0.664700
vt 0.196320 0.699130
vt 0.241720 0.700220
vt 0.238350 0.660490
vt 0.302580 0.695390
vt 0.299200 0.655500
vt 0.665360 0.475240
vt 0.665750 0.480760
vt 0.576680 0.486360
vt 0.585330 0.480710
vt 0.465950 0.644070
vt 0.448570 0.681180
vt 0.494820 0.478740
vt 0.458060 0.489550
vt 0.399660 0.478450
vt 0.398080 0.488640
vt 0.342720 0.486630
vt 0.129710 0.553850
vt 0.023420 0.538310
vt 0.981260 0.555490
vt 0.645600 0.534060
vt 0.165050 0.527530
vt 0.560320 0.523130
vt 0.343870 0.476690
vt 0.321400 0.473460
vt 0.317800 0.484110
vt 0.307080 0.468200
vt 0.303040 0.480430
vt 0.287250 0.472180
vt 0.277520 0.455830
vt 0.303230 0.461310
vt 0.751490 0.474920
vt 0.366170 0.478060
vt 0.691100 0.570490
vt 0.354740 0.568780
vt 0.802310 0.590730
vt 0.655560 0.652670
vt 0.854690 0.657000
vt 0.645800 0.676670
vt 0.850510 0.684120
vt 0.916160 0.670190
vt 0.542870 0.477410
vt 0.548850 0.482020
vt 0.536140 0.482490
vt 0.555200 0.654380
vt 0.568630 0.641220
vt 0.584900 0.653550
vt 0.528640 0.477920
vt 0.519180 0.483040
vt 0.620720 0.653020
vt 0.604050 0.640400
vt 0.501850 0.483030
vt 0.640300 0.641080
vt 0.511490 0.478370
vt 0.957780 0.693690
vt 0.945150 0.682260
vt 0.785380 0.560420
vt 0.527360 0.488470
vt 0.540110 0.679140
vt 0.542090 0.641980
vt 0.031350 0.215360
vt 0.041750 0.201550
vt 0.494490 0.064880
vt 0.487060 0.118810
vt 0.388670 0.065080
vt 0.608130 0.054210
vt 0.631480 0.072890
vt 0.638050 0.119860
vt 0.673480 0.078820
vt 0.674000 0.119360
vt 0.728100 0.066870
vt 0.734080 0.118200
vt 0.753360 0.072740
vt 0.783360 0.116340
vt 0.777910 0.068030
vt 0.796150 0.090030
vt 0.802870 0.053620
vt 0.826250 0.074190
vt 0.436280 0.121950
vt 0.362120 0.119820
vt 0.373360 0.090980
vt 0.326340 0.095200
vt 0.304360 0.064260
vt 0.209120 0.061310
vt 0.278790 0.076310
vt 0.323760 0.117790
vt 0.222300 0.112040
vt 0.299720 0.100450
vt 0.268320 0.085560
vt 0.191900 0.086550
vt 0.117210 0.054350
vt 0.118660 0.064400
vt 0.049430 0.047700
vt 0.052170 0.061830
vt 0.060690 0.069420
vt 0.039760 0.057200
vt 0.702410 0.074390
vt 0.577990 0.169170
vt 0.578650 0.229370
vt 0.433360 0.172460
vt 0.690410 0.162660
vt 0.713750 0.181340
vt 0.720320 0.228310
vt 0.755760 0.187270
vt 0.810370 0.175320
vt 0.835640 0.181200
vt 0.813000 0.226980
vt 0.865640 0.224790
vt 0.860180 0.176480
vt 0.878420 0.198480
vt 0.885140 0.162070
vt 0.908520 0.182640
vt 0.440170 0.226450
vt 0.304570 0.220490
vt 0.274170 0.195000
vt 0.298930 0.170500
vt 0.199480 0.162800
vt 0.200940 0.172850
vt 0.131700 0.156150
vt 0.278410 0.218250
vt 0.254800 0.196620
vt 0.192840 0.179810
vt 0.142960 0.177870
vt 0.305390 0.227350
vt 0.578730 0.240370
vt 0.720390 0.243840
vt 0.814560 0.243070
vt 0.877740 0.242560
vt 0.729020 0.169470
vt 0.758610 0.178750
vt 0.817180 0.160580
vt 0.840970 0.167100
vt 0.859350 0.164360
vt 0.886870 0.152670
vt 0.919860 0.174770
vt 0.931150 0.182180
vt 0.876740 0.220080
vt 0.890690 0.232330
vt 0.888900 0.214230
vt 0.912730 0.187960
vt 0.883330 0.206380
vt 0.690400 0.146490
vt 0.578060 0.156190
vt 0.432040 0.162600
vt 0.300170 0.161390
vt 0.199630 0.156080
vt 0.122640 0.148800
vt 0.122030 0.165650
vt 0.104760 0.166880
vt 0.138010 0.194510
vt 0.707020 0.146070
vt 0.783430 0.179010
vt 0.784890 0.183060
vt 0.641450 0.394080
vt 0.513620 0.373720
vt 0.911820 0.367590
vt 0.750570 0.351110
vt 0.880250 0.308440
vt 0.747330 0.308840
vt 0.639900 0.263830
vt 0.622060 0.420300
vt 0.533580 0.391910
vt 0.420320 0.374980
vt 0.770520 0.369300
vt 0.595000 0.355330
vt 0.767290 0.327040
vt 0.636450 0.326960
vt 0.659850 0.282030
vt 0.642020 0.438500
vt 0.751120 0.418800
vt 0.428330 0.372830
vt 0.925800 0.399150
vt 0.967260 0.370770
vt 0.870840 0.349360
vt 0.990660 0.325850
vt 0.972820 0.482310
vt 0.654550 0.325790
vt 0.732050 0.345480
vt 0.417110 0.375630
vt 0.683980 0.354670
vt 0.843670 0.364620
vt 0.851890 0.336040
vt 0.717510 0.335790
vt 0.653830 0.314040
vt 0.531640 0.390150
vt 0.719250 0.314040
vt 0.501620 0.291170
vt 0.739050 0.383330
vt 0.519530 0.371890
vt 0.882550 0.359770
vt 0.678970 0.352110
vt 0.812270 0.341100
vt 0.613170 0.335280
vt 0.632580 0.320850
vt 0.494270 0.323810
vt 0.337500 0.313200
vt 0.361390 0.300610
vt 0.049290 0.302330
vt 0.759800 0.366480
vt 0.457270 0.373800
vt 0.537420 0.382720
vt 0.604490 0.363620
vt 0.652110 0.331740
vt 0.534380 0.337160
vt 0.413760 0.318530
vt 0.441750 0.236660
s 0
f 1159/673/1992 1158/674/1993 1162/675/1994
f 1163/676/1995 1159/673/1996 1162/675/1994
f 1161/677/1997 1159/673/1996 1163/676/1998
f 1165/678/1999 1161/677/2000 1163/676/1998
f 1160/679/2001 1161/677/2000 1165/678/2002
f 1164/680/2003 1160/679/2001 1165/678/2002
f 1158/674/2004 1160/679/2005 1164/680/2006
f 1162/675/2007 1158/674/1993 1164/680/2006
f 1164/681/2008 1165/682/2009 1163/683/2010
f 1162/684/2011 1164/681/2012 1163/683/2013
f 1170/685/2014 1166/686/2015 1167/687/2016
f 1171/688/2017 1170/685/2014 1167/687/2018
f 1171/688/2019 1167/687/2018 1169/689/2020
f 1173/690/2021 1171/688/2019 1169/689/2022
f 1173/690/2023 1169/689/2022 1168/691/2024
f 1172/692/2025 1173/690/2023 1168/691/2026
f 1172/692/2027 1168/691/2026 1166/686/2028
f 1170/685/2029 1172/692/2027 1166/686/2015
f 1171/683/2030 1173/682/2031 1172/681/2032
f 1170/684/2033 1171/683/2030 1172/681/2032
f 1176/693/2034 1175/694/2034 1174/695/2034
f 1174/695/2034 1177/696/2034 1176/693/2034
f 1176/693/2034 1177/696/2034 1181/697/2034
f 1177/696/2034 1182/698/2034 1181/697/2034
f 1178/699/2034 1176/693/2034 1183/700/2034
f 1183/700/2034 1184/701/2034 1178/699/2034
f 1183/700/2034 1179/702/2034 1184/701/2034
f 1179/702/2034 1185/703/2034 1184/701/2034
f 1175/694/2034 1176/693/2034 1186/704/2034
f 1176/693/2034 1178/699/2034 1186/704/2034
f 1180/705/2034 1181/697/2034 1187/706/2034
f 1181/697/2034 1182/698/2034 1187/706/2034
f 1180/705/2034 1181/697/2034 1182/698/2034
f 1188/695/2035 1189/694/2035 1190/693/2035
f 1190/693/2035 1191/696/2035 1188/695/2035
f 1195/697/2035 1191/696/2035 1190/693/2035
f 1195/697/2035 1196/698/2035 1191/696/2035
f 1197/700/2035 1190/693/2035 1192/699/2035
f 1192/699/2035 1198/701/2035 1197/700/2035
f 1198/701/2035 1193/702/2035 1197/700/2035
f 1198/701/2035 1199/703/2035 1193/702/2035
f 1200/704/2035 1190/693/2035 1189/694/2035
f 1200/704/2035 1192/699/2035 1190/693/2035
f 1201/706/2035 1195/697/2035 1194/705/2035
f 1201/706/2035 1196/698/2035 1195/697/2035
f 1196/698/2035 1195/697/2035 1194/705/2035
f 1216/707/2034 1215/708/2034 1214/709/2036
f 1218/710/2034 1217/711/2034 1216/707/2034
f 1219/712/2034 1217/711/2034 1218/710/2034
f 1220/713/2034 1219/712/2034 1218/710/2034
f 1221/714/2034 1219/712/2034 1220/713/2034
f 1222/715/2034 1219/712/2034 1221/714/2034
f 1223/716/2034 1222/715/2034 1221/714/2034
f 1224/717/2034 1223/716/2034 1221/714/2034
f 1225/718/2034 1223/716/2034 1224/717/2034
f 1226/719/2034 1225/718/2034 1224/717/2034
f 1227/720/2034 1225/718/2034 1226/719/2034
f 1228/721/2034 1227/720/2034 1226/719/2034
f 1229/722/2034 1227/720/2034 1228/721/2034
f 1230/723/2034 1229/722/2034 1228/721/2034
f 1231/724/2034 1229/722/2034 1230/723/2034
f 1217/711/2034 1215/708/2034 1216/707/2034
f 1215/708/2034 1212/725/2034 1214/709/2036
f 1210/726/2034 1235/727/2037 1212/725/2034
f 1213/728/2038 1235/729/2039 1211/730/2040
f 1208/731/2034 1236/732/2041 1210/726/2034
f 1211/730/2042 1236/733/2043 1209/734/2044
f 1210/726/2034 1236/732/2041 1235/727/2037
f 1235/729/2039 1236/733/2045 1211/730/2042
f 1209/734/2046 1236/733/2045 1206/735/2047
f 1204/736/2034 1237/737/2048 1207/738/2034
f 1206/735/2049 1237/739/2050 1205/740/2051
f 1236/733/2052 1237/739/2053 1206/735/2054
f 1207/738/2034 1237/737/2048 1208/731/2034
f 1208/731/2034 1237/737/2048 1236/732/2041
f 1237/739/2055 1238/741/2056 1205/740/2057
f 1204/736/2034 1238/742/2058 1237/737/2048
f 1204/736/2034 1239/743/2059 1238/742/2056
f 1238/741/2060 1239/744/2061 1205/740/2057
f 1204/736/2034 1240/745/2034 1239/743/2059
f 1203/746/2062 1243/747/2063 1202/748/2034
f 1243/747/2063 1241/749/2034 1202/748/2034
f 1234/750/2064 1243/747/2065 1203/746/2066
f 1244/751/2067 1234/750/2068 1205/740/2057
f 1205/740/2057 1239/744/2069 1244/751/2067
f 1243/747/2063 1245/752/2070 1241/749/2034
f 1240/753/2034 1245/752/2070 1242/754/2034
f 1241/749/2034 1245/752/2070 1240/753/2034
f 1245/755/2070 1244/756/2067 1242/757/2034
f 1240/753/2034 1202/748/2034 1241/749/2034
f 1204/758/2034 1202/748/2034 1240/753/2034
f 1240/753/2034 1242/754/2034 1239/744/2059
f 1239/744/2059 1242/754/2034 1244/751/2067
f 1243/759/2063 1234/760/2068 1245/755/2071
f 1245/755/2072 1234/760/2068 1244/756/2073
f 1235/727/2039 1213/761/2074 1214/709/2075
f 1212/725/2034 1235/727/2037 1214/709/2036
f 1254/709/2076 1255/708/2035 1256/707/2035
f 1256/707/2035 1257/711/2035 1258/710/2035
f 1258/710/2035 1257/711/2035 1259/712/2035
f 1258/710/2035 1259/712/2035 1260/713/2035
f 1260/713/2035 1259/712/2035 1261/714/2035
f 1261/714/2035 1259/712/2035 1262/715/2035
f 1261/714/2035 1262/715/2035 1263/716/2035
f 1261/714/2035 1263/716/2035 1264/717/2035
f 1264/717/2035 1263/716/2035 1265/718/2035
f 1264/717/2035 1265/718/2035 1266/719/2035
f 1266/719/2035 1265/718/2035 1267/720/2035
f 1266/719/2035 1267/720/2035 1268/721/2035
f 1268/721/2035 1267/720/2035 1269/722/2035
f 1268/721/2035 1269/722/2035 1270/723/2035
f 1270/723/2035 1269/722/2035 1271/724/2035
f 1256/707/2035 1255/708/2035 1257/711/2035
f 1254/709/2076 1252/725/2035 1255/708/2035
f 1252/725/2035 1275/727/2077 1251/726/2035
f 1211/730/2078 1275/729/2079 1253/728/2080
f 1251/726/2035 1276/732/2081 1250/731/2035
f 1209/734/2082 1276/733/2083 1211/730/2078
f 1275/727/2077 1276/732/2084 1251/726/2035
f 1211/730/2078 1276/733/2083 1275/729/2079
f 1206/735/2085 1276/733/2083 1209/734/2086
f 1249/738/2035 1277/737/2087 1248/736/2035
f 1205/740/2088 1277/739/2089 1206/735/2085
f 1206/735/2090 1277/739/2091 1276/733/2083
f 1250/731/2035 1277/737/2087 1249/738/2035
f 1276/732/2092 1277/737/2087 1250/731/2035
f 1205/740/2088 1278/741/2093 1277/739/2091
f 1277/737/2087 1278/742/2093 1248/736/2035
f 1278/742/2093 1279/743/2094 1248/736/2035
f 1205/740/2088 1279/744/2094 1278/741/2095
f 1279/743/2094 1280/745/2035 1248/736/2035
f 1246/748/2035 1283/747/2096 1247/746/2097
f 1246/748/2035 1281/749/2035 1283/747/2096
f 1247/746/2098 1283/747/2099 1274/750/2100
f 1205/740/2088 1274/750/2101 1284/751/2102
f 1284/751/2102 1279/744/2103 1205/740/2088
f 1281/749/2035 1285/752/2104 1283/747/2096
f 1282/754/2035 1285/752/2104 1280/753/2035
f 1280/753/2035 1285/752/2104 1281/749/2035
f 1282/757/2035 1284/756/2105 1285/755/2104
f 1281/749/2035 1246/748/2035 1280/753/2035
f 1280/753/2035 1246/748/2035 1248/758/2035
f 1279/744/2094 1282/754/2035 1280/753/2035
f 1284/751/2105 1282/754/2035 1279/744/2094
f 1285/755/2106 1274/760/2107 1283/759/2096
f 1284/756/2105 1274/760/2108 1285/755/2106
f 1254/709/2109 1253/761/2110 1275/727/2111
f 1254/709/2076 1275/727/2112 1252/725/2035
f 1211/730/2113 1253/728/2114 1213/728/2114
f 1234/750/2115 1274/750/2115 1205/740/2115
f 1288/762/2116 1286/763/2117 1289/764/2118
f 1288/762/2119 1289/764/2118 1290/765/2120
f 1289/766/2121 1287/767/2122 1290/768/2120
f 1287/767/2123 1297/769/2124 1290/768/2120
f 1290/765/2125 1298/770/2126 1288/762/2127
f 1288/762/2128 1298/770/2129 1291/771/2130
f 1299/772/2131 1300/773/2132 1298/774/2133
f 1299/772/2134 1301/775/2135 1300/773/2132
f 1301/775/2135 1302/776/2136 1300/773/2137
f 1301/775/2138 1303/777/2139 1302/776/2136
f 1303/777/2139 1304/778/2140 1302/776/2136
f 1303/777/2139 1305/779/2141 1304/778/2140
f 1305/779/2141 1306/780/2142 1304/778/2143
f 1298/770/2129 1300/781/2144 1291/771/2130
f 1291/771/2130 1300/781/2144 1292/782/2145
f 1292/782/2145 1300/781/2144 1293/783/2146
f 1300/781/2144 1302/784/2147 1293/783/2146
f 1302/784/2147 1304/785/2148 1293/783/2149
f 1293/783/2146 1304/785/2148 1294/786/2150
f 1294/786/2151 1304/785/2148 1295/787/2152
f 1304/785/2148 1306/788/2153 1295/787/2152
f 1295/787/2152 1306/788/2154 1296/789/2155
f 1306/788/2153 1307/790/2156 1296/789/2157
f 1306/780/2158 1305/779/2159 1307/791/2160
f 1305/779/2141 1308/792/2161 1307/791/2160
f 1308/792/2161 1309/793/2162 1307/791/2160
f 1309/793/2162 1310/794/2163 1307/791/2164
f 1307/790/2156 1310/795/2165 1296/789/2157
f 1310/795/2165 1311/796/2166 1296/789/2155
f 1313/797/2167 1317/798/2168 1314/799/2169
f 1317/798/2168 1318/800/2170 1314/799/2171
f 1318/800/2170 1319/801/2172 1314/799/2171
f 1320/802/2173 1321/803/2174 1316/804/2175
f 1321/803/2174 1322/805/2034 1316/804/2175
f 1321/803/2174 1323/806/2176 1322/805/2034
f 1323/806/2177 1324/807/2178 1322/805/2034
f 1320/808/2173 1319/801/2172 1321/809/2179
f 1319/801/2180 1325/810/2181 1321/809/2179
f 1321/809/2182 1325/810/2181 1323/811/2183
f 1325/810/2184 1326/812/2185 1323/811/2176
f 1326/812/2185 1327/813/2186 1323/811/2183
f 1327/813/2187 1328/814/2188 1323/811/2176
f 1323/811/2176 1328/814/2189 1324/815/2190
f 1299/772/2191 1298/774/2192 1330/816/2193
f 1290/768/2120 1297/769/2194 1330/816/2193
f 1298/774/2192 1290/768/2120 1330/816/2193
f 1319/801/2195 1320/808/2173 1331/817/2196
f 1320/802/2173 1315/818/2197 1331/819/2198
f 1315/818/2197 1314/820/2171 1331/819/2198
f 1314/799/2199 1319/801/2200 1331/817/2196
f 1313/821/2201 1314/822/2202 1312/823/2203
f 1329/824/2204 1312/823/2203 1314/822/2205
f 1315/825/2206 1329/824/2204 1314/822/2171
f 1334/826/2207 1332/827/2208 1335/828/2209
f 1334/829/2207 1335/830/2209 1336/831/2210
f 1336/832/2210 1335/828/2209 1337/833/2211
f 1313/821/2201 1312/823/2203 1338/834/2212
f 1336/831/2210 1337/835/2211 1338/834/2213
f 1317/798/2168 1313/797/2167 1339/836/2214
f 1313/821/2167 1338/834/2213 1339/837/2214
f 1338/838/2215 1337/833/2211 1339/836/2214
f 1316/839/2216 1329/824/2217 1340/840/2218
f 1329/824/2217 1315/825/2219 1340/840/2218
f 1315/818/2197 1320/802/2173 1340/841/2220
f 1320/802/2173 1316/804/2175 1340/841/2220
f 1332/827/2221 1310/794/2222 1309/793/2162
f 1337/833/2211 1335/828/2223 1341/842/2224
f 1341/842/2225 1317/798/2168 1339/836/2226
f 1337/833/2211 1341/842/2225 1339/836/2226
f 1341/842/2225 1335/828/2223 1332/827/2227
f 1309/793/2162 1341/842/2228 1332/827/2227
f 1334/829/2229 1336/831/2230 1333/843/2231
f 1338/834/2212 1312/823/2203 1333/843/2231
f 1336/831/2232 1338/834/2212 1333/843/2231
f 1310/795/2165 1332/844/2233 1311/796/2234
f 1311/796/2166 1332/844/2235 1334/829/2207
f 1333/843/2231 1311/796/2234 1334/829/2229
f 1342/764/2236 1286/763/2237 1288/762/2238
f 1343/765/2239 1342/764/2240 1288/762/2238
f 1343/768/2241 1287/767/2242 1342/766/2236
f 1343/768/2243 1297/769/2244 1287/767/2245
f 1288/762/2246 1344/770/2247 1343/765/2239
f 1291/771/2248 1344/770/2249 1288/762/2238
f 1344/774/2250 1345/773/2251 1299/772/2252
f 1345/773/2253 1301/775/2254 1299/772/2252
f 1345/773/2251 1346/776/2255 1301/775/2254
f 1346/776/2256 1303/777/2257 1301/775/2254
f 1346/776/2258 1347/778/2259 1303/777/2257
f 1347/778/2259 1305/779/2260 1303/777/2257
f 1347/778/2259 1348/780/2261 1305/779/2262
f 1291/771/2263 1345/781/2264 1344/770/2247
f 1292/782/2265 1345/781/2264 1291/771/2266
f 1293/783/2267 1345/781/2264 1292/782/2265
f 1293/783/2268 1346/784/2269 1345/781/2264
f 1293/783/2268 1347/785/2270 1346/784/2269
f 1294/786/2271 1347/785/2270 1293/783/2272
f 1295/787/2273 1347/785/2270 1294/786/2274
f 1295/787/2273 1348/788/2275 1347/785/2270
f 1296/789/2276 1348/788/2275 1295/787/2277
f 1296/789/2276 1349/790/2278 1348/788/2275
f 1349/791/2279 1305/779/2280 1348/780/2261
f 1349/791/2279 1308/792/2281 1305/779/2260
f 1349/791/2279 1309/793/2282 1308/792/2283
f 1349/791/2279 1350/794/2284 1309/793/2282
f 1296/789/2276 1350/795/2285 1349/790/2278
f 1296/789/2276 1311/796/2286 1350/795/2285
f 1352/799/2287 1317/798/2288 1351/797/2289
f 1352/799/2287 1318/800/2290 1317/798/2291
f 1352/799/2292 1319/801/2293 1318/800/2294
f 1354/804/2295 1356/803/2296 1355/802/2297
f 1354/804/2295 1357/805/2035 1356/803/2296
f 1357/805/2035 1358/806/2298 1356/803/2296
f 1357/805/2035 1359/807/2299 1358/806/2298
f 1356/809/2300 1319/801/2293 1355/808/2301
f 1356/809/2300 1325/810/2302 1319/801/2293
f 1358/811/2298 1325/810/2302 1356/809/2300
f 1358/811/2303 1326/812/2304 1325/810/2302
f 1358/811/2298 1327/813/2305 1326/812/2304
f 1358/811/2298 1328/814/2306 1327/813/2307
f 1359/815/2308 1328/814/2309 1358/811/2298
f 1330/816/2310 1344/774/2311 1299/772/2252
f 1330/816/2310 1297/769/2312 1343/768/2241
f 1330/816/2310 1343/768/2241 1344/774/2250
f 1360/817/2313 1355/808/2314 1319/801/2315
f 1360/819/2316 1353/818/2317 1355/802/2297
f 1360/819/2316 1352/820/2318 1353/818/2317
f 1360/817/2313 1319/801/2293 1352/799/2287
f 1312/823/2319 1352/822/2318 1351/821/2320
f 1352/822/2318 1312/823/2321 1329/824/2322
f 1352/822/2318 1329/824/2322 1353/825/2323
f 1363/828/2324 1361/827/2325 1362/826/2326
f 1364/831/2327 1363/830/2324 1362/829/2326
f 1365/833/2328 1363/828/2324 1364/832/2329
f 1366/834/2330 1312/823/2321 1351/821/2320
f 1366/834/2331 1365/835/2328 1364/831/2329
f 1367/836/2332 1351/797/2289 1317/798/2333
f 1367/837/2332 1366/834/2331 1351/821/2289
f 1367/836/2332 1365/833/2328 1366/838/2331
f 1368/840/2334 1329/824/2335 1354/839/2295
f 1368/840/2334 1353/825/2323 1329/824/2322
f 1368/841/2336 1355/802/2297 1353/818/2317
f 1368/841/2336 1354/804/2295 1355/802/2297
f 1309/793/2282 1350/794/2284 1361/827/2337
f 1341/842/2338 1363/828/2339 1365/833/2340
f 1367/836/2341 1317/798/2342 1341/842/2338
f 1367/836/2341 1341/842/2338 1365/833/2340
f 1361/827/2337 1363/828/2343 1341/842/2344
f 1361/827/2337 1341/842/2345 1309/793/2282
f 1333/843/2346 1364/831/2327 1362/829/2347
f 1333/843/2348 1312/823/2319 1366/834/2330
f 1333/843/2346 1366/834/2330 1364/831/2327
f 1311/796/2286 1361/844/2349 1350/795/2285
f 1362/829/2326 1361/844/2325 1311/796/2350
f 1362/829/2351 1311/796/2286 1333/843/2352
f 1286/763/2353 1342/764/2354 1289/764/2354
f 1289/766/2355 1342/766/2356 1287/767/2357
f 1328/814/2358 1359/815/2359 1324/815/2360
f 1316/839/2361 1354/839/2362 1329/824/2363
f 1175/694/2364 1189/694/2365 1188/695/2366
f 1174/695/2366 1175/694/2364 1188/695/2366
f 1174/695/2367 1188/695/2367 1191/696/2368
f 1177/696/2369 1174/695/2367 1191/696/2368
f 1181/697/2370 1195/697/2371 1190/693/2372
f 1176/693/2372 1181/697/2373 1190/693/2372
f 1177/696/2369 1191/696/2374 1196/698/2375
f 1182/698/2375 1177/696/2369 1196/698/2375
f 1176/693/2376 1190/693/2376 1197/700/2377
f 1183/700/2378 1176/693/2376 1197/700/2377
f 1184/701/2379 1198/701/2379 1192/699/2380
f 1178/699/2381 1184/701/2379 1192/699/2382
f 1183/700/2383 1197/700/2384 1193/702/2385
f 1179/702/2386 1183/700/2383 1193/702/2385
f 1185/703/2387 1199/703/2387 1198/701/2387
f 1184/701/2387 1185/703/2387 1198/701/2387
f 1179/702/2388 1193/702/2389 1199/703/2390
f 1185/703/2390 1179/702/2388 1199/703/2390
f 1186/704/2391 1200/704/2392 1189/694/2365
f 1175/694/2393 1186/704/2391 1189/694/2365
f 1178/699/2394 1192/699/2380 1200/704/2392
f 1186/704/2391 1178/699/2394 1200/704/2392
f 1180/705/2395 1194/705/2396 1195/697/2397
f 1181/697/2398 1180/705/2395 1195/697/2397
f 1187/706/2399 1201/706/2400 1194/705/2401
f 1180/705/2402 1187/706/2403 1194/705/2401
f 1182/698/2404 1196/698/2404 1201/706/2405
f 1187/706/2406 1182/698/2407 1201/706/2405
f 1181/697/2408 1195/697/2408 1196/698/2409
f 1182/698/2409 1181/697/2408 1196/698/2409
f 1180/705/2395 1194/705/2396 1195/697/2397
f 1181/697/2398 1180/705/2395 1195/697/2397
f 1182/698/2410 1196/698/2410 1194/705/2401
f 1180/705/2411 1182/698/2412 1194/705/2401
f 1231/724/2034 1230/723/2034 1232/845/2034
f 1233/846/2034 1231/724/2034 1232/845/2034
f 1273/846/2035 1272/845/2035 1270/723/2035
f 1271/724/2035 1273/846/2035 1270/723/2035
f 1214/709/2413 1254/709/2414 1256/707/2415
f 1216/707/2416 1214/709/2413 1256/707/2415
f 1216/707/2416 1256/707/2415 1258/710/2417
f 1218/710/2418 1216/707/2416 1258/710/2417
f 1219/712/2419 1259/712/2420 1257/711/2421
f 1217/711/2422 1219/712/2419 1257/711/2423
f 1218/710/2424 1258/710/2425 1260/713/2426
f 1220/713/2427 1218/710/2424 1260/713/2426
f 1220/713/2428 1260/713/2426 1261/714/2429
f 1221/714/2430 1220/713/2431 1261/714/2429
f 1222/715/2432 1262/715/2433 1259/712/2434
f 1219/712/2435 1222/715/2432 1259/712/2434
f 1223/716/2436 1263/716/2436 1262/715/2437
f 1222/715/2438 1223/716/2436 1262/715/2437
f 1221/714/2439 1261/714/2440 1264/717/2441
f 1224/717/2442 1221/714/2439 1264/717/2441
f 1225/718/2443 1265/718/2444 1263/716/2445
f 1223/716/2445 1225/718/2443 1263/716/2445
f 1224/717/2442 1264/717/2446 1266/719/2447
f 1226/719/2448 1224/717/2442 1266/719/2449
f 1227/720/2450 1267/720/2451 1265/718/2452
f 1225/718/2453 1227/720/2450 1265/718/2452
f 1226/719/2454 1266/719/2447 1268/721/2455
f 1228/721/2456 1226/719/2454 1268/721/2455
f 1229/722/2457 1269/722/2458 1267/720/2451
f 1227/720/2450 1229/722/2457 1267/720/2451
f 1228/721/2456 1268/721/2455 1270/723/2459
f 1230/723/2460 1228/721/2456 1270/723/2461
f 1231/724/2462 1271/724/2463 1269/722/2458
f 1229/722/2464 1231/724/2462 1269/722/2458
f 1217/711/2465 1257/711/2466 1255/708/2467
f 1215/708/2468 1217/711/2469 1255/708/2467
f 1215/708/2470 1255/708/2471 1252/725/2472
f 1212/725/2473 1215/708/2470 1252/725/2474
f 1232/845/2475 1272/845/2475 1273/846/2476
f 1233/846/2477 1232/845/2475 1273/846/2476
f 1230/723/2478 1270/723/2461 1272/845/2479
f 1232/845/2479 1230/723/2478 1272/845/2479
f 1233/846/2480 1273/846/2481 1271/724/2482
f 1231/724/2483 1233/846/2480 1271/724/2482
f 1212/725/2484 1252/725/2485 1251/726/2486
f 1210/726/2487 1212/725/2484 1251/726/2486
f 1210/726/2488 1251/726/2489 1250/731/2490
f 1208/731/2491 1210/726/2488 1250/731/2490
f 1207/738/2492 1249/738/2492 1248/736/2493
f 1204/736/2494 1207/738/2492 1248/736/2493
f 1208/731/2495 1250/731/2496 1249/738/2497
f 1207/738/2497 1208/731/2498 1249/738/2497
f 1202/748/2499 1246/748/2499 1247/746/2499
f 1203/746/2499 1202/748/2499 1247/746/2499
f 1203/746/2500 1247/746/2500 1274/750/2500
f 1234/750/2500 1203/746/2500 1274/750/2500
f 1204/758/2494 1248/758/2501 1246/748/2502
f 1202/748/2503 1204/758/2494 1246/748/2503
f 1213/761/2504 1253/761/2504 1254/709/2505
f 1214/709/2506 1213/761/2507 1254/709/2505
f 1322/805/2508 1357/805/2509 1354/804/2510
f 1316/804/2511 1322/805/2508 1354/804/2511
f 1324/807/2512 1359/807/2359 1357/805/2509
f 1322/805/2508 1324/807/2512 1357/805/2509
f 1371/693/2034 1370/694/2034 1369/695/2034
f 1369/695/2034 1372/696/2034 1371/693/2034
f 1371/693/2034 1372/696/2034 1376/697/2034
f 1372/696/2034 1377/698/2034 1376/697/2034
f 1373/699/2034 1371/693/2034 1378/700/2034
f 1378/700/2034 1379/701/2034 1373/699/2034
f 1378/700/2034 1374/702/2034 1379/701/2034
f 1374/702/2034 1380/703/2034 1379/701/2034
f 1370/694/2034 1371/693/2034 1381/704/2034
f 1371/693/2034 1373/699/2034 1381/704/2034
f 1375/705/2034 1376/697/2034 1382/706/2034
f 1376/697/2034 1377/698/2034 1382/706/2034
f 1375/705/2034 1376/697/2034 1377/698/2034
f 1383/695/2035 1384/694/2035 1385/693/2035
f 1385/693/2035 1386/696/2035 1383/695/2035
f 1390/697/2035 1386/696/2035 1385/693/2035
f 1390/697/2035 1391/698/2035 1386/696/2035
f 1392/700/2035 1385/693/2035 1387/699/2035
f 1387/699/2035 1393/701/2035 1392/700/2035
f 1393/701/2035 1388/702/2035 1392/700/2035
f 1393/701/2035 1394/703/2035 1388/702/2035
f 1395/704/2035 1385/693/2035 1384/694/2035
f 1395/704/2035 1387/699/2035 1385/693/2035
f 1396/706/2035 1390/697/2035 1389/705/2035
f 1396/706/2035 1391/698/2035 1390/697/2035
f 1391/698/2035 1390/697/2035 1389/705/2035
f 1411/707/2034 1410/708/2034 1409/709/2036
f 1413/710/2034 1412/711/2034 1411/707/2034
f 1414/712/2034 1412/711/2034 1413/710/2034
f 1415/713/2034 1414/712/2034 1413/710/2034
f 1416/714/2034 1414/712/2034 1415/713/2034
f 1417/715/2034 1414/712/2034 1416/714/2034
f 1418/716/2034 1417/715/2034 1416/714/2034
f 1419/717/2034 1418/716/2034 1416/714/2034
f 1420/718/2034 1418/716/2034 1419/717/2034
f 1421/719/2034 1420/718/2034 1419/717/2034
f 1422/720/2034 1420/718/2034 1421/719/2034
f 1423/721/2034 1422/720/2034 1421/719/2034
f 1424/722/2034 1422/720/2034 1423/721/2034
f 1425/723/2034 1424/722/2034 1423/721/2034
f 1426/724/2034 1424/722/2034 1425/723/2034
f 1412/711/2034 1410/708/2034 1411/707/2034
f 1410/708/2034 1407/725/2034 1409/709/2036
f 1405/726/2034 1430/727/2037 1407/725/2034
f 1408/728/2038 1430/729/2039 1406/730/2040
f 1403/731/2034 1431/732/2041 1405/726/2034
f 1406/730/2042 1431/733/2043 1404/734/2044
f 1405/726/2034 1431/732/2041 1430/727/2037
f 1430/729/2039 1431/733/2045 1406/730/2040
f 1404/734/2046 1431/733/2045 1401/735/2047
f 1399/736/2034 1432/737/2048 1402/738/2034
f 1401/735/2049 1432/739/2050 1400/740/2051
f 1431/733/2052 1432/739/2053 1401/735/2054
f 1402/738/2034 1432/737/2048 1403/731/2034
f 1403/731/2034 1432/737/2048 1431/732/2041
f 1432/739/2055 1433/741/2056 1400/740/2057
f 1399/736/2034 1433/742/2058 1432/737/2048
f 1399/736/2034 1434/743/2059 1433/742/2056
f 1433/741/2060 1434/744/2061 1400/740/2057
f 1399/736/2034 1435/745/2034 1434/743/2059
f 1398/746/2062 1438/747/2063 1397/748/2034
f 1438/747/2063 1436/749/2034 1397/748/2034
f 1429/750/2064 1438/747/2065 1398/746/2066
f 1439/751/2067 1429/750/2068 1400/740/2057
f 1400/740/2057 1434/744/2069 1439/751/2067
f 1438/747/2063 1440/752/2070 1436/749/2034
f 1435/753/2034 1440/752/2070 1437/754/2034
f 1436/749/2034 1440/752/2070 1435/753/2034
f 1440/755/2070 1439/756/2067 1437/757/2034
f 1435/753/2034 1397/748/2034 1436/749/2034
f 1399/758/2034 1397/748/2034 1435/753/2034
f 1435/753/2034 1437/754/2034 1434/744/2059
f 1434/744/2059 1437/754/2034 1439/751/2513
f 1438/759/2063 1429/760/2068 1440/755/2071
f 1440/755/2072 1429/760/2068 1439/756/2073
f 1430/727/2039 1408/761/2074 1409/709/2075
f 1407/725/2034 1430/727/2037 1409/709/2036
f 1449/709/2076 1450/708/2035 1451/707/2035
f 1451/707/2035 1452/711/2035 1453/710/2035
f 1453/710/2035 1452/711/2035 1454/712/2035
f 1453/710/2035 1454/712/2035 1455/713/2035
f 1455/713/2035 1454/712/2035 1456/714/2035
f 1456/714/2035 1454/712/2035 1457/715/2035
f 1456/714/2035 1457/715/2035 1458/716/2035
f 1456/714/2035 1458/716/2035 1459/717/2035
f 1459/717/2035 1458/716/2035 1460/718/2035
f 1459/717/2035 1460/718/2035 1461/719/2035
f 1461/719/2035 1460/718/2035 1462/720/2035
f 1461/719/2035 1462/720/2035 1463/721/2035
f 1463/721/2035 1462/720/2035 1464/722/2035
f 1463/721/2035 1464/722/2035 1465/723/2035
f 1465/723/2035 1464/722/2035 1466/724/2035
f 1451/707/2035 1450/708/2035 1452/711/2035
f 1449/709/2076 1447/725/2035 1450/708/2035
f 1447/725/2035 1470/727/2077 1446/726/2035
f 1406/730/2078 1470/729/2079 1448/728/2080
f 1446/726/2035 1471/732/2081 1445/731/2035
f 1404/734/2082 1471/733/2083 1406/730/2078
f 1470/727/2111 1471/732/2084 1446/726/2035
f 1406/730/2078 1471/733/2083 1470/729/2514
f 1401/735/2085 1471/733/2515 1404/734/2516
f 1444/738/2035 1472/737/2087 1443/736/2035
f 1400/740/2088 1472/739/2089 1401/735/2085
f 1401/735/2090 1472/739/2091 1471/733/2083
f 1445/731/2035 1472/737/2087 1444/738/2035
f 1471/732/2092 1472/737/2087 1445/731/2035
f 1400/740/2088 1473/741/2093 1472/739/2091
f 1472/737/2087 1473/742/2093 1443/736/2035
f 1473/742/2093 1474/743/2094 1443/736/2035
f 1400/740/2088 1474/744/2094 1473/741/2095
f 1474/743/2094 1475/745/2035 1443/736/2035
f 1441/748/2035 1478/747/2096 1442/746/2097
f 1441/748/2035 1476/749/2035 1478/747/2096
f 1442/746/2098 1478/747/2099 1469/750/2100
f 1400/740/2088 1469/750/2101 1479/751/2102
f 1479/751/2102 1474/744/2103 1400/740/2088
f 1476/749/2035 1480/752/2104 1478/747/2096
f 1477/754/2035 1480/752/2104 1475/753/2035
f 1475/753/2035 1480/752/2104 1476/749/2035
f 1477/757/2035 1479/756/2105 1480/755/2104
f 1476/749/2035 1441/748/2035 1475/753/2035
f 1475/753/2035 1441/748/2035 1443/758/2035
f 1474/744/2094 1477/754/2035 1475/753/2035
f 1479/751/2105 1477/754/2035 1474/744/2094
f 1480/755/2106 1469/760/2107 1478/759/2096
f 1479/756/2105 1469/760/2108 1480/755/2106
f 1449/709/2109 1448/761/2110 1470/727/2111
f 1449/709/2076 1470/727/2112 1447/725/2035
f 1406/730/2113 1448/728/2114 1408/728/2114
f 1429/750/2115 1469/750/2115 1400/740/2115
f 1483/762/2116 1481/763/2117 1484/764/2118
f 1483/762/2119 1484/764/2118 1485/765/2120
f 1484/766/2121 1482/767/2122 1485/768/2120
f 1482/767/2123 1492/769/2124 1485/768/2120
f 1485/765/2125 1493/770/2126 1483/762/2127
f 1483/762/2128 1493/770/2129 1486/771/2130
f 1494/772/2134 1495/773/2132 1493/774/2133
f 1494/772/2131 1496/775/2138 1495/773/2132
f 1496/775/2135 1497/776/2136 1495/773/2137
f 1496/775/2138 1498/777/2139 1497/776/2136
f 1498/777/2139 1499/778/2140 1497/776/2136
f 1498/777/2139 1500/779/2141 1499/778/2140
f 1500/779/2159 1501/780/2142 1499/778/2143
f 1493/770/2129 1495/781/2144 1486/771/2130
f 1486/771/2130 1495/781/2144 1487/782/2145
f 1487/782/2145 1495/781/2144 1488/783/2146
f 1495/781/2144 1497/784/2147 1488/783/2146
f 1497/784/2147 1499/785/2148 1488/783/2149
f 1488/783/2146 1499/785/2148 1489/786/2150
f 1489/786/2151 1499/785/2148 1490/787/2152
f 1499/785/2517 1501/788/2153 1490/787/2152
f 1490/787/2152 1501/788/2154 1491/789/2155
f 1501/788/2153 1502/790/2156 1491/789/2157
f 1501/780/2158 1500/779/2159 1502/791/2160
f 1500/779/2141 1503/792/2161 1502/791/2160
f 1503/792/2161 1504/793/2162 1502/791/2518
f 1504/793/2162 1505/794/2163 1502/791/2164
f 1502/790/2156 1505/795/2165 1491/789/2157
f 1505/795/2165 1506/796/2519 1491/789/2157
f 1508/797/2167 1512/798/2168 1509/799/2169
f 1512/798/2168 1513/800/2170 1509/799/2171
f 1513/800/2170 1514/801/2172 1509/799/2171
f 1515/802/2173 1516/803/2174 1511/804/2175
f 1516/803/2174 1517/805/2034 1511/804/2175
f 1516/803/2174 1518/806/2176 1517/805/2034
f 1518/806/2177 1519/807/2178 1517/805/2034
f 1515/808/2173 1514/801/2172 1516/809/2179
f 1514/801/2180 1520/810/2181 1516/809/2179
f 1516/809/2182 1520/810/2181 1518/811/2183
f 1520/810/2184 1521/812/2185 1518/811/2176
f 1521/812/2185 1522/813/2186 1518/811/2183
f 1522/813/2187 1523/814/2188 1518/811/2176
f 1518/811/2176 1523/814/2520 1519/815/2190
f 1494/772/2191 1493/774/2192 1525/816/2193
f 1485/768/2120 1492/769/2521 1525/816/2193
f 1493/774/2192 1485/768/2120 1525/816/2193
f 1514/801/2522 1515/808/2173 1526/817/2196
f 1515/802/2173 1510/818/2197 1526/819/2198
f 1510/818/2197 1509/820/2171 1526/819/2198
f 1509/799/2199 1514/801/2200 1526/817/2196
f 1508/821/2201 1509/822/2202 1507/823/2203
f 1524/824/2204 1507/823/2203 1509/822/2205
f 1510/825/2206 1524/824/2204 1509/822/2171
f 1529/826/2207 1527/827/2208 1530/828/2209
f 1529/829/2207 1530/830/2209 1531/831/2210
f 1531/832/2210 1530/828/2209 1532/833/2211
f 1508/821/2201 1507/823/2203 1533/834/2212
f 1531/831/2210 1532/835/2211 1533/834/2213
f 1512/798/2168 1508/797/2167 1534/836/2214
f 1508/821/2167 1533/834/2213 1534/837/2214
f 1533/838/2215 1532/833/2211 1534/836/2214
f 1511/839/2216 1524/824/2217 1535/840/2218
f 1524/824/2217 1510/825/2219 1535/840/2218
f 1510/818/2197 1515/802/2173 1535/841/2220
f 1515/802/2173 1511/804/2175 1535/841/2220
f 1527/827/2221 1505/794/2222 1504/793/2162
f 1532/833/2211 1530/828/2223 1536/842/2225
f 1536/842/2225 1512/798/2168 1534/836/2226
f 1532/833/2211 1536/842/2228 1534/836/2226
f 1536/842/2225 1530/828/2223 1527/827/2221
f 1504/793/2162 1536/842/2228 1527/827/2227
f 1529/829/2229 1531/831/2230 1528/843/2231
f 1533/834/2212 1507/823/2203 1528/843/2231
f 1531/831/2232 1533/834/2212 1528/843/2231
f 1505/795/2165 1527/844/2233 1506/796/2234
f 1506/796/2166 1527/844/2235 1529/829/2207
f 1528/843/2523 1506/796/2234 1529/829/2229
f 1537/764/2236 1481/763/2237 1483/762/2238
f 1538/765/2239 1537/764/2240 1483/762/2238
f 1538/768/2241 1482/767/2242 1537/766/2236
f 1538/768/2243 1492/769/2244 1482/767/2245
f 1483/762/2246 1539/770/2247 1538/765/2239
f 1486/771/2248 1539/770/2249 1483/762/2238
f 1539/774/2250 1540/773/2251 1494/772/2252
f 1540/773/2253 1496/775/2254 1494/772/2252
f 1540/773/2251 1541/776/2255 1496/775/2254
f 1541/776/2256 1498/777/2257 1496/775/2254
f 1541/776/2258 1542/778/2259 1498/777/2257
f 1542/778/2259 1500/779/2260 1498/777/2257
f 1542/778/2259 1543/780/2261 1500/779/2260
f 1486/771/2263 1540/781/2264 1539/770/2247
f 1487/782/2265 1540/781/2264 1486/771/2266
f 1488/783/2267 1540/781/2264 1487/782/2265
f 1488/783/2268 1541/784/2269 1540/781/2264
f 1488/783/2268 1542/785/2270 1541/784/2269
f 1489/786/2271 1542/785/2270 1488/783/2272
f 1490/787/2273 1542/785/2270 1489/786/2274
f 1490/787/2273 1543/788/2275 1542/785/2270
f 1491/789/2276 1543/788/2275 1490/787/2277
f 1491/789/2276 1544/790/2278 1543/788/2275
f 1544/791/2279 1500/779/2280 1543/780/2261
f 1544/791/2279 1503/792/2283 1500/779/2260
f 1544/791/2279 1504/793/2524 1503/792/2283
f 1544/791/2279 1545/794/2284 1504/793/2282
f 1491/789/2276 1545/795/2285 1544/790/2278
f 1491/789/2276 1506/796/2286 1545/795/2285
f 1547/799/2287 1512/798/2288 1546/797/2289
f 1547/799/2287 1513/800/2290 1512/798/2291
f 1547/799/2292 1514/801/2293 1513/800/2294
f 1549/804/2295 1551/803/2296 1550/802/2297
f 1549/804/2295 1552/805/2035 1551/803/2296
f 1552/805/2035 1553/806/2298 1551/803/2296
f 1552/805/2035 1554/807/2299 1553/806/2298
f 1551/809/2300 1514/801/2293 1550/808/2301
f 1551/809/2300 1520/810/2302 1514/801/2293
f 1553/811/2298 1520/810/2302 1551/809/2300
f 1553/811/2303 1521/812/2304 1520/810/2302
f 1553/811/2298 1522/813/2305 1521/812/2304
f 1553/811/2298 1523/814/2306 1522/813/2307
f 1554/815/2308 1523/814/2525 1553/811/2298
f 1525/816/2310 1539/774/2311 1494/772/2252
f 1525/816/2310 1492/769/2312 1538/768/2241
f 1525/816/2310 1538/768/2241 1539/774/2250
f 1555/817/2313 1550/808/2314 1514/801/2526
f 1555/819/2316 1548/818/2317 1550/802/2297
f 1555/819/2316 1547/820/2318 1548/818/2317
f 1555/817/2313 1514/801/2293 1547/799/2287
f 1507/823/2319 1547/822/2318 1546/821/2320
f 1547/822/2318 1507/823/2321 1524/824/2322
f 1547/822/2318 1524/824/2322 1548/825/2323
f 1558/828/2324 1556/827/2349 1557/826/2326
f 1559/831/2329 1558/830/2324 1557/829/2326
f 1560/833/2328 1558/828/2324 1559/832/2329
f 1561/834/2330 1507/823/2321 1546/821/2320
f 1561/834/2527 1560/835/2328 1559/831/2329
f 1562/836/2332 1546/797/2289 1512/798/2333
f 1562/837/2332 1561/834/2331 1546/821/2289
f 1562/836/2332 1560/833/2328 1561/838/2331
f 1563/840/2334 1524/824/2335 1549/839/2295
f 1563/840/2334 1548/825/2323 1524/824/2322
f 1563/841/2336 1550/802/2297 1548/818/2317
f 1563/841/2336 1549/804/2295 1550/802/2297
f 1504/793/2528 1545/794/2284 1556/827/2337
f 1536/842/2338 1558/828/2339 1560/833/2340
f 1562/836/2341 1512/798/2342 1536/842/2338
f 1562/836/2341 1536/842/2338 1560/833/2340
f 1556/827/2337 1558/828/2343 1536/842/2338
f 1556/827/2337 1536/842/2345 1504/793/2282
f 1528/843/2346 1559/831/2327 1557/829/2351
f 1528/843/2348 1507/823/2319 1561/834/2330
f 1528/843/2346 1561/834/2330 1559/831/2327
f 1506/796/2286 1556/844/2349 1545/795/2285
f 1557/829/2326 1556/844/2325 1506/796/2286
f 1557/829/2351 1506/796/2286 1528/843/2352
f 1481/763/2353 1537/764/2354 1484/764/2354
f 1484/766/2355 1537/766/2356 1482/767/2357
f 1523/814/2529 1554/815/2359 1519/815/2360
f 1511/839/2361 1549/839/2362 1524/824/2363
f 1370/694/2364 1384/694/2365 1383/695/2366
f 1369/695/2366 1370/694/2364 1383/695/2366
f 1369/695/2367 1383/695/2367 1386/696/2530
f 1372/696/2369 1369/695/2367 1386/696/2368
f 1376/697/2370 1390/697/2371 1385/693/2372
f 1371/693/2372 1376/697/2373 1385/693/2372
f 1372/696/2369 1386/696/2374 1391/698/2375
f 1377/698/2375 1372/696/2369 1391/698/2375
f 1371/693/2531 1385/693/2531 1392/700/2377
f 1378/700/2378 1371/693/2531 1392/700/2377
f 1379/701/2379 1393/701/2379 1387/699/2382
f 1373/699/2381 1379/701/2379 1387/699/2382
f 1378/700/2383 1392/700/2384 1388/702/2385
f 1374/702/2386 1378/700/2383 1388/702/2385
f 1380/703/2387 1394/703/2387 1393/701/2387
f 1379/701/2532 1380/703/2532 1393/701/2532
f 1374/702/2388 1388/702/2389 1394/703/2390
f 1380/703/2390 1374/702/2388 1394/703/2390
f 1381/704/2391 1395/704/2392 1384/694/2365
f 1370/694/2393 1381/704/2391 1384/694/2365
f 1373/699/2394 1387/699/2380 1395/704/2392
f 1381/704/2391 1373/699/2394 1395/704/2392
f 1375/705/2395 1389/705/2396 1390/697/2397
f 1376/697/2398 1375/705/2395 1390/697/2397
f 1382/706/2399 1396/706/2400 1389/705/2401
f 1375/705/2533 1382/706/2403 1389/705/2401
f 1377/698/2404 1391/698/2404 1396/706/2405
f 1382/706/2406 1377/698/2407 1396/706/2405
f 1376/697/2408 1390/697/2408 1391/698/2409
f 1377/698/2409 1376/697/2408 1391/698/2409
f 1375/705/2395 1389/705/2396 1390/697/2397
f 1376/697/2398 1375/705/2395 1390/697/2397
f 1377/698/2410 1391/698/2410 1389/705/2401
f 1375/705/2534 1377/698/2412 1389/705/2401
f 1426/724/2034 1425/723/2034 1427/845/2034
f 1428/846/2034 1426/724/2034 1427/845/2034
f 1468/846/2035 1467/845/2035 1465/723/2035
f 1466/724/2035 1468/846/2035 1465/723/2035
f 1409/709/2413 1449/709/2414 1451/707/2415
f 1411/707/2416 1409/709/2413 1451/707/2415
f 1411/707/2416 1451/707/2415 1453/710/2417
f 1413/710/2418 1411/707/2416 1453/710/2417
f 1414/712/2419 1454/712/2420 1452/711/2421
f 1412/711/2422 1414/712/2419 1452/711/2423
f 1413/710/2424 1453/710/2425 1455/713/2426
f 1415/713/2427 1413/710/2424 1455/713/2426
f 1415/713/2428 1455/713/2426 1456/714/2429
f 1416/714/2430 1415/713/2431 1456/714/2429
f 1417/715/2432 1457/715/2433 1454/712/2434
f 1414/712/2435 1417/715/2432 1454/712/2434
f 1418/716/2436 1458/716/2436 1457/715/2437
f 1417/715/2438 1418/716/2436 1457/715/2437
f 1416/714/2439 1456/714/2440 1459/717/2441
f 1419/717/2442 1416/714/2439 1459/717/2441
f 1420/718/2443 1460/718/2444 1458/716/2445
f 1418/716/2445 1420/718/2443 1458/716/2445
f 1419/717/2442 1459/717/2446 1461/719/2535
f 1421/719/2448 1419/717/2442 1461/719/2447
f 1422/720/2450 1462/720/2451 1460/718/2452
f 1420/718/2453 1422/720/2450 1460/718/2452
f 1421/719/2536 1461/719/2447 1463/721/2455
f 1423/721/2456 1421/719/2536 1463/721/2455
f 1424/722/2464 1464/722/2458 1462/720/2451
f 1422/720/2450 1424/722/2464 1462/720/2451
f 1423/721/2456 1463/721/2455 1465/723/2461
f 1425/723/2460 1423/721/2456 1465/723/2459
f 1426/724/2462 1466/724/2463 1464/722/2458
f 1424/722/2464 1426/724/2462 1464/722/2458
f 1412/711/2465 1452/711/2537 1450/708/2467
f 1410/708/2468 1412/711/2469 1450/708/2467
f 1410/708/2470 1450/708/2471 1447/725/2472
f 1407/725/2473 1410/708/2470 1447/725/2474
f 1427/845/2475 1467/845/2475 1468/846/2476
f 1428/846/2480 1427/845/2475 1468/846/2476
f 1425/723/2478 1465/723/2461 1467/845/2479
f 1427/845/2479 1425/723/2478 1467/845/2479
f 1428/846/2480 1468/846/2481 1466/724/2482
f 1426/724/2483 1428/846/2480 1466/724/2482
f 1407/725/2484 1447/725/2485 1446/726/2486
f 1405/726/2538 1407/725/2484 1446/726/2486
f 1405/726/2488 1446/726/2489 1445/731/2490
f 1403/731/2491 1405/726/2488 1445/731/2490
f 1402/738/2492 1444/738/2492 1443/736/2493
f 1399/736/2494 1402/738/2492 1443/736/2493
f 1403/731/2495 1445/731/2539 1444/738/2497
f 1402/738/2497 1403/731/2498 1444/738/2497
f 1397/748/2540 1441/748/2540 1442/746/2540
f 1398/746/2499 1397/748/2499 1442/746/2499
f 1398/746/2500 1442/746/2500 1469/750/2500
f 1429/750/2500 1398/746/2500 1469/750/2500
f 1399/758/2494 1443/758/2501 1441/748/2502
f 1397/748/2502 1399/758/2541 1441/748/2502
f 1408/761/2507 1448/761/2507 1449/709/2505
f 1409/709/2506 1408/761/2507 1449/709/2505
f 1517/805/2508 1552/805/2509 1549/804/2511
f 1511/804/2511 1517/805/2508 1549/804/2511
f 1519/807/2512 1554/807/2359 1552/805/2509
f 1517/805/2508 1519/807/2512 1552/805/2509
f 1566/847/2542 1565/848/2542 1564/849/2542
f 1566/847/2542 1567/850/2542 1565/848/2542
f 1567/850/2542 1568/851/2542 1565/848/2542
f 1568/851/2542 1569/852/2542 1565/848/2542
f 1568/851/2542 1570/853/2542 1569/852/2542
f 1570/853/2542 1571/854/2542 1569/852/2542
f 1572/855/2542 1573/856/2542 1571/854/2542
f 1572/855/2542 1574/857/2542 1573/856/2542
f 1574/857/2542 1575/858/2542 1573/856/2542
f 1574/857/2542 1576/859/2542 1575/858/2542
f 1576/859/2542 1577/860/2542 1575/858/2542
f 1576/859/2542 1578/861/2542 1577/860/2542
f 1578/861/2542 1579/862/2542 1577/860/2542
f 1580/863/2542 1583/864/2542 1581/865/2542
f 1583/864/2542 1584/866/2542 1581/865/2542
f 1581/865/2542 1584/866/2542 1582/867/2542
f 1585/868/2542 1582/867/2542 1586/869/2542
f 1582/867/2542 1584/866/2542 1586/869/2542
f 1589/870/2542 1590/871/2542 1588/872/2542
f 1588/872/2542 1590/871/2542 1587/873/2542
f 1587/873/2542 1590/871/2542 1585/868/2542
f 1590/871/2542 1591/874/2542 1585/868/2542
f 1591/874/2542 1592/875/2542 1585/868/2542
f 1591/874/2542 1593/876/2542 1592/875/2542
f 1593/876/2542 1594/877/2542 1592/875/2542
f 1594/877/2542 1593/876/2542 1596/878/2542
f 1593/876/2542 1595/879/2542 1596/878/2542
f 1596/878/2542 1597/880/2542 1594/877/2542
f 1571/854/2542 1598/881/2542 1572/855/2542
f 1571/854/2542 1570/853/2542 1598/881/2542
f 1601/882/2543 1600/883/2544 1599/884/2545
f 1601/882/2546 1602/885/2547 1600/883/2548
f 1602/885/2549 1603/886/2550 1600/883/2551
f 1603/886/2552 1604/887/2553 1600/883/2554
f 1603/886/2555 1605/888/2556 1604/887/2557
f 1606/889/2558 1608/890/2559 1607/891/2560
f 1608/890/2561 1609/892/2562 1607/891/2563
f 1608/890/2564 1610/893/2565 1609/892/2566
f 1610/893/2567 1611/894/2542 1609/892/2568
f 1610/893/2569 1612/895/2570 1611/894/2542
f 1612/895/2571 1613/896/2572 1611/894/2542
f 1600/883/2573 1614/897/2574 1599/884/2575
f 1616/898/2576 1617/899/2577 1615/900/2578
f 1617/899/2579 1618/901/2580 1615/900/2581
f 1617/899/2582 1619/902/2583 1618/901/2584
f 1619/902/2585 1620/903/2586 1618/901/2587
f 1616/898/2588 1623/904/2589 1617/899/2590
f 1623/904/2591 1624/905/2592 1617/899/2593
f 1617/899/2594 1624/905/2595 1619/902/2596
f 1624/905/2597 1625/906/2598 1619/902/2599
f 1619/902/2600 1625/906/2601 1621/907/2602
f 1616/898/2603 1626/908/2604 1623/904/2605
f 1600/883/2606 1604/887/2607 1628/909/2608
f 1604/887/2609 1629/910/2610 1628/909/2611
f 1607/891/2612 1609/892/2613 1630/911/2614
f 1609/892/2615 1631/912/2616 1630/911/2617
f 1603/886/2618 1633/913/2619 1605/888/2620
f 1633/913/2621 1634/914/2622 1605/888/2623
f 1606/889/2624 1635/915/2625 1608/890/2626
f 1635/915/2627 1636/916/2628 1608/890/2629
f 1608/890/2630 1636/916/2631 1610/893/2632
f 1636/916/2633 1637/917/2634 1610/893/2635
f 1610/893/2636 1637/917/2637 1612/895/2638
f 1637/917/2639 1638/918/2640 1612/895/2641
f 1612/895/2642 1639/919/2643 1613/896/2644
f 1612/895/2645 1638/918/2646 1639/919/2647
f 1639/919/2648 1640/920/2649 1613/896/2650
f 1609/892/2651 1641/921/2652 1631/912/2653
f 1609/892/2654 1611/894/2542 1641/921/2655
f 1641/921/2656 1642/922/2657 1631/912/2658
f 1641/921/2659 1643/923/2660 1642/922/2661
f 1613/896/2662 1644/924/2663 1643/923/2664
f 1613/896/2665 1640/920/2666 1644/924/2667
f 1643/923/2668 1641/921/2669 1645/925/2670
f 1641/921/2671 1611/894/2542 1645/925/2672
f 1611/894/2542 1613/896/2673 1645/925/2674
f 1613/896/2675 1643/923/2676 1645/925/2677
f 1602/885/2678 1601/882/2679 1632/926/2680
f 1601/882/2681 1646/927/2682 1632/926/2683
f 1601/882/2684 1599/884/2685 1646/927/2686
f 1599/884/2687 1647/928/2688 1646/927/2689
f 1599/884/2690 1615/900/2691 1647/928/2692
f 1615/900/2693 1648/929/2694 1647/928/2695
f 1615/900/2696 1618/901/2697 1648/929/2698
f 1618/901/2699 1649/930/2700 1648/929/2701
f 1618/901/2702 1620/903/2703 1649/930/2704
f 1620/903/2705 1650/931/2706 1649/930/2707
f 1620/903/2708 1622/932/2709 1650/931/2710
f 1622/932/2711 1651/933/2712 1650/931/2713
f 1622/932/2714 1652/934/2715 1651/933/2716
f 1653/935/2717 1633/913/2718 1603/886/2719
f 1605/888/2720 1634/914/2721 1654/936/2722
f 1615/900/2723 1599/884/2724 1614/897/2725
f 1614/897/2726 1616/898/2727 1615/900/2728
f 1652/934/2729 1622/932/2730 1621/907/2731
f 1653/935/2732 1603/886/2733 1602/885/2734
f 1632/926/2735 1653/935/2736 1602/885/2737
f 1604/887/2738 1605/888/2739 1655/937/2740
f 1605/888/2741 1654/936/2742 1655/937/2743
f 1654/936/2744 1606/889/2745 1655/937/2746
f 1655/937/2747 1606/889/2748 1607/891/2749
f 1604/887/2750 1655/937/2751 1607/891/2752
f 1657/938/2542 1660/939/2542 1658/940/2542
f 1660/939/2542 1661/941/2542 1658/940/2542
f 1658/940/2542 1661/941/2542 1659/942/2542
f 1661/941/2542 1662/943/2542 1659/942/2542
f 1659/942/2542 1662/943/2542 1656/944/2542
f 1657/938/2542 1663/945/2542 1660/939/2542
f 1665/946/2542 1668/947/2542 1666/948/2542
f 1668/947/2542 1669/949/2542 1666/948/2542
f 1666/948/2542 1669/949/2542 1667/950/2542
f 1669/949/2542 1670/951/2542 1667/950/2542
f 1667/950/2542 1670/951/2542 1664/952/2542
f 1665/946/2542 1671/953/2542 1668/947/2542
f 1673/954/2542 1676/955/2542 1674/956/2542
f 1674/956/2542 1676/955/2542 1675/957/2542
f 1676/955/2542 1677/958/2542 1675/957/2542
f 1675/957/2542 1677/958/2542 1672/959/2542
f 1673/954/2542 1678/960/2542 1676/955/2542
f 1672/959/2542 1677/958/2542 1679/961/2542
f 1677/958/2542 1680/962/2542 1679/961/2542
f 1677/958/2542 1676/955/2542 1680/962/2542
f 1684/963/2542 1685/964/2542 1682/965/2542
f 1682/965/2542 1685/964/2542 1683/966/2753
f 1685/964/2542 1686/967/2754 1683/966/2754
f 1683/966/2755 1686/967/2756 1687/968/2757
f 1684/963/2542 1682/965/2542 1688/969/2542
f 1683/966/2758 1687/968/2759 1689/970/2760
f 1687/968/2761 1681/971/2762 1689/970/2763
f 1691/972/2542 1694/973/2542 1692/974/2542
f 1694/973/2542 1695/975/2542 1692/974/2542
f 1692/974/2542 1695/975/2542 1693/976/2764
f 1695/975/2542 1697/977/2765 1693/976/2766
f 1693/976/2767 1697/977/2768 1696/978/2769
f 1697/977/2770 1698/979/2771 1696/978/2772
f 1696/978/2773 1699/980/2774 1690/981/2775
f 1696/978/2776 1698/979/2777 1699/980/2778
f 1699/980/2779 1700/982/2780 1690/981/2781
f 1703/983/2542 1705/984/2542 1702/985/2542
f 1703/983/2542 1706/986/2542 1705/984/2542
f 1703/983/2542 1704/987/2542 1706/986/2542
f 1704/987/2542 1707/988/2542 1706/986/2542
f 1704/987/2542 1701/989/2542 1707/988/2542
f 1708/849/2782 1709/848/2782 1710/847/2782
f 1709/848/2782 1711/850/2782 1710/847/2782
f 1709/848/2782 1712/851/2782 1711/850/2782
f 1709/848/2782 1713/852/2782 1712/851/2782
f 1713/852/2782 1714/853/2782 1712/851/2782
f 1713/852/2782 1715/854/2782 1714/853/2782
f 1715/854/2782 1717/856/2782 1716/855/2782
f 1717/856/2782 1718/857/2782 1716/855/2782
f 1717/856/2782 1719/858/2782 1718/857/2782
f 1719/858/2782 1720/859/2782 1718/857/2782
f 1719/858/2782 1721/860/2782 1720/859/2782
f 1721/860/2782 1722/861/2782 1720/859/2782
f 1721/860/2782 1723/862/2782 1722/861/2782
f 1725/865/2782 1727/864/2782 1724/863/2782
f 1725/865/2782 1728/866/2782 1727/864/2782
f 1726/867/2782 1728/866/2782 1725/865/2782
f 1730/869/2782 1726/867/2782 1729/868/2782
f 1730/869/2782 1728/866/2782 1726/867/2782
f 1732/872/2782 1734/871/2782 1733/870/2782
f 1731/873/2782 1734/871/2782 1732/872/2782
f 1729/868/2782 1734/871/2782 1731/873/2782
f 1729/868/2782 1735/874/2782 1734/871/2782
f 1729/868/2782 1736/875/2782 1735/874/2782
f 1736/875/2782 1737/876/2782 1735/874/2782
f 1736/875/2782 1738/877/2782 1737/876/2782
f 1740/878/2782 1737/876/2782 1738/877/2782
f 1740/878/2782 1739/879/2782 1737/876/2782
f 1738/877/2782 1741/880/2782 1740/878/2782
f 1716/855/2782 1742/881/2782 1715/854/2782
f 1742/881/2782 1714/853/2782 1715/854/2782
f 1743/884/2783 1744/883/2784 1745/882/2785
f 1744/883/2786 1746/885/2787 1745/882/2788
f 1744/883/2789 1747/886/2790 1746/885/2791
f 1744/883/2792 1748/887/2793 1747/886/2794
f 1748/887/2795 1749/888/2796 1747/886/2797
f 1751/891/2798 1752/890/2799 1750/889/2800
f 1751/891/2801 1753/892/2802 1752/890/2803
f 1753/892/2804 1754/893/2805 1752/890/2806
f 1753/892/2807 1755/894/2782 1754/893/2808
f 1755/894/2782 1756/895/2809 1754/893/2810
f 1755/894/2782 1757/896/2811 1756/895/2812
f 1743/884/2813 1758/897/2814 1744/883/2815
f 1759/900/2816 1761/899/2817 1760/898/2818
f 1759/900/2819 1762/901/2820 1761/899/2821
f 1762/901/2822 1763/902/2823 1761/899/2824
f 1762/901/2825 1764/903/2826 1763/902/2827
f 1761/899/2828 1767/904/2829 1760/898/2830
f 1761/899/2831 1768/905/2832 1767/904/2833
f 1763/902/2834 1768/905/2835 1761/899/2836
f 1763/902/2837 1769/906/2838 1768/905/2839
f 1765/907/2840 1769/906/2841 1763/902/2842
f 1767/904/2843 1770/908/2844 1760/898/2845
f 1772/909/2846 1748/887/2847 1744/883/2848
f 1772/909/2849 1773/910/2850 1748/887/2851
f 1774/911/2852 1753/892/2853 1751/891/2854
f 1774/911/2855 1775/912/2856 1753/892/2857
f 1749/888/2858 1777/913/2859 1747/886/2860
f 1749/888/2861 1778/914/2862 1777/913/2863
f 1752/890/2864 1779/915/2865 1750/889/2866
f 1752/890/2867 1780/916/2868 1779/915/2869
f 1754/893/2870 1780/916/2871 1752/890/2872
f 1754/893/2873 1781/917/2874 1780/916/2875
f 1756/895/2876 1781/917/2877 1754/893/2878
f 1756/895/2879 1782/918/2880 1781/917/2881
f 1757/896/2882 1783/919/2883 1756/895/2884
f 1783/919/2885 1782/918/2886 1756/895/2887
f 1757/896/2888 1784/920/2889 1783/919/2890
f 1775/912/2891 1785/921/2892 1753/892/2893
f 1785/921/2894 1755/894/2782 1753/892/2895
f 1775/912/2896 1786/922/2897 1785/921/2898
f 1786/922/2899 1787/923/2900 1785/921/2901
f 1787/923/2902 1788/924/2903 1757/896/2904
f 1788/924/2905 1784/920/2906 1757/896/2907
f 1789/925/2908 1785/921/2909 1787/923/2910
f 1789/925/2911 1755/894/2782 1785/921/2912
f 1789/925/2913 1757/896/2914 1755/894/2782
f 1789/925/2915 1787/923/2916 1757/896/2917
f 1776/926/2918 1745/882/2919 1746/885/2920
f 1776/926/2921 1790/927/2922 1745/882/2923
f 1790/927/2924 1743/884/2925 1745/882/2926
f 1790/927/2927 1791/928/2928 1743/884/2929
f 1791/928/2930 1759/900/2931 1743/884/2932
f 1791/928/2933 1792/929/2934 1759/900/2935
f 1792/929/2936 1762/901/2937 1759/900/2938
f 1792/929/2939 1793/930/2940 1762/901/2941
f 1793/930/2942 1764/903/2943 1762/901/2944
f 1793/930/2945 1794/931/2946 1764/903/2947
f 1794/931/2948 1766/932/2949 1764/903/2950
f 1794/931/2951 1795/933/2952 1766/932/2953
f 1795/933/2954 1796/934/2955 1766/932/2956
f 1747/886/2957 1777/913/2958 1797/935/2959
f 1798/936/2960 1778/914/2961 1749/888/2962
f 1758/897/2963 1743/884/2964 1759/900/2965
f 1759/900/2966 1760/898/2967 1758/897/2968
f 1765/907/2969 1766/932/2970 1796/934/2971
f 1746/885/2972 1747/886/2973 1797/935/2974
f 1746/885/2975 1797/935/2976 1776/926/2977
f 1799/937/2978 1749/888/2979 1748/887/2980
f 1799/937/2981 1798/936/2982 1749/888/2983
f 1799/937/2984 1750/889/2985 1798/936/2986
f 1751/891/2987 1750/889/2988 1799/937/2989
f 1751/891/2990 1799/937/2991 1748/887/2992
f 1802/940/2782 1804/939/2782 1801/938/2782
f 1802/940/2782 1805/941/2782 1804/939/2782
f 1803/942/2782 1805/941/2782 1802/940/2782
f 1803/942/2782 1806/943/2782 1805/941/2782
f 1800/944/2782 1806/943/2782 1803/942/2782
f 1804/939/2782 1807/945/2782 1801/938/2782
f 1810/948/2782 1812/947/2782 1809/946/2782
f 1810/948/2782 1813/949/2782 1812/947/2782
f 1811/950/2782 1813/949/2782 1810/948/2782
f 1811/950/2782 1814/951/2782 1813/949/2782
f 1808/952/2782 1814/951/2782 1811/950/2782
f 1812/947/2782 1815/953/2782 1809/946/2782
f 1818/956/2782 1820/955/2782 1817/954/2782
f 1819/957/2782 1820/955/2782 1818/956/2782
f 1819/957/2782 1821/958/2782 1820/955/2782
f 1816/959/2782 1821/958/2782 1819/957/2782
f 1820/955/2782 1822/960/2782 1817/954/2782
f 1823/961/2782 1821/958/2782 1816/959/2782
f 1823/961/2782 1824/962/2782 1821/958/2782
f 1824/962/2782 1820/955/2782 1821/958/2782
f 1826/965/2782 1829/964/2782 1828/963/2782
f 1827/966/2993 1829/964/2782 1826/965/2782
f 1827/966/2994 1830/967/2994 1829/964/2782
f 1831/968/2995 1830/967/2996 1827/966/2997
f 1832/969/2782 1826/965/2782 1828/963/2782
f 1833/970/2998 1831/968/2999 1827/966/3000
f 1833/970/3001 1825/971/3002 1831/968/3003
f 1836/974/2782 1838/973/2782 1835/972/2782
f 1836/974/2782 1839/975/2782 1838/973/2782
f 1837/976/3004 1839/975/2782 1836/974/2782
f 1837/976/3005 1841/977/3006 1839/975/2782
f 1840/978/3007 1841/977/3008 1837/976/3009
f 1840/978/3010 1842/979/3011 1841/977/3012
f 1834/981/3013 1843/980/3014 1840/978/3015
f 1843/980/3016 1842/979/3017 1840/978/3018
f 1834/981/3019 1844/982/3020 1843/980/3021
f 1846/985/2782 1849/984/2782 1847/983/2782
f 1849/984/2782 1850/986/2782 1847/983/2782
f 1850/986/2782 1848/987/2782 1847/983/2782
f 1850/986/2782 1851/988/2782 1848/987/2782
f 1851/988/2782 1845/989/2782 1848/987/2782
f 1622/932/3022 1620/903/3023 1619/902/3024
f 1621/907/3025 1622/932/3026 1619/902/3027
f 1614/897/3028 1627/990/3029 1626/908/3030
f 1616/898/3031 1614/897/3032 1626/908/3033
f 1627/990/3034 1614/897/3035 1600/883/3036
f 1628/909/3037 1627/990/3038 1600/883/3039
f 1629/910/3040 1604/887/3041 1607/891/3042
f 1630/911/3043 1629/910/3044 1607/891/3045
f 1765/907/3046 1763/902/3047 1764/903/3048
f 1766/932/3049 1765/907/3050 1764/903/3051
f 1770/908/3052 1771/990/3053 1758/897/3054
f 1760/898/3055 1770/908/3056 1758/897/3057
f 1744/883/3058 1758/897/3059 1771/990/3060
f 1772/909/3061 1744/883/3062 1771/990/3063
f 1751/891/3064 1748/887/3065 1773/910/3066
f 1774/911/3067 1751/891/3068 1773/910/3069
f 1565/848/3070 1709/848/3071 1708/849/3072
f 1564/849/3072 1565/848/3073 1708/849/3072
f 1564/849/3074 1708/849/3074 1710/847/3075
f 1566/847/3076 1564/849/3074 1710/847/3077
f 1566/847/3078 1710/847/3079 1711/850/3080
f 1567/850/3081 1566/847/3082 1711/850/3083
f 1567/850/3084 1711/850/3085 1712/851/3086
f 1568/851/3087 1567/850/3088 1712/851/3089
f 1569/852/3090 1713/852/3091 1709/848/3092
f 1565/848/3093 1569/852/3090 1709/848/3094
f 1568/851/3095 1712/851/3096 1714/853/3097
f 1570/853/3098 1568/851/3099 1714/853/3100
f 1571/854/3101 1715/854/3102 1713/852/3103
f 1569/852/3104 1571/854/3101 1713/852/3105
f 1573/856/3106 1717/856/3107 1715/854/3108
f 1571/854/3109 1573/856/3110 1715/854/3111
f 1572/855/3112 1716/855/3113 1718/857/3114
f 1574/857/3115 1572/855/3116 1718/857/3117
f 1575/858/3118 1719/858/3118 1717/856/3119
f 1573/856/3120 1575/858/3118 1717/856/3121
f 1574/857/3122 1718/857/3123 1720/859/3124
f 1576/859/3125 1574/857/3126 1720/859/3127
f 1577/860/3128 1721/860/3129 1719/858/3130
f 1575/858/3130 1577/860/3131 1719/858/3130
f 1576/859/3132 1720/859/3133 1722/861/3134
f 1578/861/3134 1576/859/3135 1722/861/3134
f 1579/862/3136 1723/862/3136 1721/860/3137
f 1577/860/3138 1579/862/3136 1721/860/3139
f 1578/861/3140 1722/861/3140 1723/862/3140
f 1579/862/3140 1578/861/3140 1723/862/3140
f 1580/863/3141 1724/863/3141 1727/864/3142
f 1583/864/3143 1580/863/3141 1727/864/3144
f 1581/865/3145 1725/865/3146 1724/863/3147
f 1580/863/3147 1581/865/3148 1724/863/3147
f 1583/864/3149 1727/864/3150 1728/866/3151
f 1584/866/3152 1583/864/3153 1728/866/3154
f 1582/867/3155 1726/867/3156 1725/865/3157
f 1581/865/3158 1582/867/3159 1725/865/3160
f 1585/868/3161 1729/868/3162 1726/867/3163
f 1582/867/3164 1585/868/3165 1726/867/3166
f 1586/869/3167 1730/869/3168 1729/868/3169
f 1585/868/3169 1586/869/3170 1729/868/3169
f 1584/866/3171 1728/866/3172 1730/869/3173
f 1586/869/3174 1584/866/3175 1730/869/3176
f 1589/870/3177 1733/870/3177 1734/871/3178
f 1590/871/3179 1589/870/3177 1734/871/3180
f 1588/872/3181 1732/872/3182 1733/870/3183
f 1589/870/3183 1588/872/3184 1733/870/3183
f 1587/873/3185 1731/873/3186 1732/872/3187
f 1588/872/3188 1587/873/3189 1732/872/3190
f 1585/868/3191 1729/868/3192 1731/873/3193
f 1587/873/3194 1585/868/3195 1731/873/3196
f 1590/871/3197 1734/871/3198 1735/874/3199
f 1591/874/3200 1590/871/3201 1735/874/3202
f 1592/875/3203 1736/875/3204 1729/868/3205
f 1585/868/3206 1592/875/3207 1729/868/3208
f 1591/874/3209 1735/874/3210 1737/876/3211
f 1593/876/3212 1591/874/3213 1737/876/3214
f 1594/877/3215 1738/877/3216 1736/875/3217
f 1592/875/3218 1594/877/3219 1736/875/3220
f 1595/879/3221 1739/879/3222 1740/878/3223
f 1596/878/3224 1595/879/3225 1740/878/3226
f 1593/876/3227 1737/876/3228 1739/879/3229
f 1595/879/3230 1593/876/3231 1739/879/3232
f 1597/880/3233 1741/880/3233 1738/877/3234
f 1594/877/3235 1597/880/3233 1738/877/3236
f 1596/878/3237 1740/878/3238 1741/880/3239
f 1597/880/3239 1596/878/3240 1741/880/3239
f 1598/881/3241 1742/881/3242 1716/855/3243
f 1572/855/3244 1598/881/3245 1716/855/3246
f 1570/853/3247 1714/853/3248 1742/881/3249
f 1598/881/3250 1570/853/3251 1742/881/3252
f 1623/904/3253 1767/904/3254 1768/905/3255
f 1624/905/3256 1623/904/3257 1768/905/3258
f 1624/905/3259 1768/905/3260 1769/906/3261
f 1625/906/3262 1624/905/3263 1769/906/3264
f 1625/906/3265 1769/906/3266 1765/907/3267
f 1621/907/3267 1625/906/3268 1765/907/3267
f 1626/908/3269 1770/908/3270 1767/904/3271
f 1623/904/3272 1626/908/3273 1767/904/3274
f 1629/910/3275 1773/910/3276 1772/909/3277
f 1628/909/3278 1629/910/3275 1772/909/3277
f 1631/912/3279 1775/912/3280 1774/911/3281
f 1630/911/3281 1631/912/3282 1774/911/3281
f 1633/913/3283 1777/913/3284 1778/914/3285
f 1634/914/3286 1633/913/3287 1778/914/3288
f 1606/889/3289 1750/889/3290 1779/915/3291
f 1635/915/3291 1606/889/3292 1779/915/3291
f 1635/915/3293 1779/915/3293 1780/916/3294
f 1636/916/3295 1635/915/3293 1780/916/3296
f 1636/916/3297 1780/916/3298 1781/917/3299
f 1637/917/3300 1636/916/3301 1781/917/3302
f 1637/917/3303 1781/917/3304 1782/918/3305
f 1638/918/3306 1637/917/3307 1782/918/3308
f 1638/918/3309 1782/918/3310 1783/919/3311
f 1639/919/3312 1638/918/3313 1783/919/3314
f 1639/919/3315 1783/919/3316 1784/920/3317
f 1640/920/3317 1639/919/3318 1784/920/3317
f 1786/922/3319 1775/912/3320 1631/912/3321
f 1642/922/3322 1786/922/3323 1631/912/3324
f 1643/923/3325 1787/923/3326 1786/922/3327
f 1642/922/3328 1643/923/3329 1786/922/3330
f 1644/924/3331 1788/924/3332 1787/923/3333
f 1643/923/3334 1644/924/3335 1787/923/3336
f 1640/920/3337 1784/920/3337 1788/924/3338
f 1644/924/3339 1640/920/3337 1788/924/3340
f 1646/927/3341 1790/927/3342 1776/926/3343
f 1632/926/3344 1646/927/3345 1776/926/3346
f 1647/928/3347 1791/928/3348 1790/927/3349
f 1646/927/3350 1647/928/3351 1790/927/3352
f 1648/929/3353 1792/929/3354 1791/928/3355
f 1647/928/3075 1648/929/3356 1791/928/3357
f 1649/930/3358 1793/930/3359 1792/929/3360
f 1648/929/3361 1649/930/3362 1792/929/3363
f 1650/931/3364 1794/931/3365 1793/930/3366
f 1649/930/3367 1650/931/3368 1793/930/3369
f 1651/933/3370 1795/933/3370 1794/931/3371
f 1650/931/3372 1651/933/3370 1794/931/3373
f 1652/934/3374 1796/934/3374 1795/933/3374
f 1651/933/3374 1652/934/3374 1795/933/3374
f 1653/935/3375 1797/935/3376 1777/913/3377
f 1633/913/3378 1653/935/3379 1777/913/3380
f 1634/914/3381 1778/914/3382 1798/936/3383
f 1654/936/3384 1634/914/3385 1798/936/3386
f 1621/907/3387 1765/907/3387 1796/934/3387
f 1652/934/3387 1621/907/3387 1796/934/3387
f 1632/926/3388 1776/926/3389 1797/935/3390
f 1653/935/3391 1632/926/3392 1797/935/3393
f 1654/936/3394 1798/936/3395 1750/889/3396
f 1606/889/3397 1654/936/3398 1750/889/3399
f 1627/990/3400 1771/990/3401 1770/908/3402
f 1626/908/3403 1627/990/3404 1770/908/3405
f 1628/909/3406 1772/909/3407 1771/990/3408
f 1627/990/3409 1628/909/3406 1771/990/3410
f 1630/911/3281 1774/911/3281 1773/910/3411
f 1629/910/3412 1630/911/3281 1773/910/3413
f 1658/940/3414 1802/940/3415 1801/938/3416
f 1657/938/3417 1658/940/3418 1801/938/3419
f 1660/939/3420 1804/939/3421 1805/941/3422
f 1661/941/3423 1660/939/3424 1805/941/3425
f 1659/942/3426 1803/942/3427 1802/940/3428
f 1658/940/3429 1659/942/3430 1802/940/3431
f 1661/941/3432 1805/941/3433 1806/943/3434
f 1662/943/3435 1661/941/3436 1806/943/3437
f 1662/943/3438 1806/943/3439 1800/944/3440
f 1656/944/3440 1662/943/3441 1800/944/3440
f 1656/944/3442 1800/944/3442 1803/942/3443
f 1659/942/3444 1656/944/3442 1803/942/3445
f 1663/945/3446 1807/945/3446 1804/939/3447
f 1660/939/3448 1663/945/3446 1804/939/3449
f 1657/938/3450 1801/938/3451 1807/945/3452
f 1663/945/3452 1657/938/3453 1807/945/3452
f 1666/948/3454 1810/948/3455 1809/946/3456
f 1665/946/3457 1666/948/3458 1809/946/3459
f 1668/947/3460 1812/947/3461 1813/949/3462
f 1669/949/3463 1668/947/3464 1813/949/3465
f 1667/950/3466 1811/950/3467 1810/948/3468
f 1666/948/3469 1667/950/3470 1810/948/3471
f 1669/949/3472 1813/949/3473 1814/951/3474
f 1670/951/3475 1669/949/3476 1814/951/3477
f 1670/951/3478 1814/951/3479 1808/952/3480
f 1664/952/3480 1670/951/3481 1808/952/3480
f 1664/952/3482 1808/952/3482 1811/950/3483
f 1667/950/3484 1664/952/3482 1811/950/3485
f 1671/953/3486 1815/953/3486 1812/947/3487
f 1668/947/3488 1671/953/3486 1812/947/3489
f 1665/946/3490 1809/946/3491 1815/953/3492
f 1671/953/3492 1665/946/3493 1815/953/3492
f 1674/956/3494 1818/956/3495 1817/954/3496
f 1673/954/3497 1674/956/3498 1817/954/3499
f 1675/957/3500 1819/957/3501 1818/956/3502
f 1674/956/3503 1675/957/3504 1818/956/3505
f 1672/959/3506 1816/959/3506 1819/957/3507
f 1675/957/3508 1672/959/3506 1819/957/3509
f 1678/960/3510 1822/960/3510 1820/955/3511
f 1676/955/3512 1678/960/3510 1820/955/3513
f 1673/954/3514 1817/954/3515 1822/960/3516
f 1678/960/3516 1673/954/3517 1822/960/3516
f 1679/961/3518 1823/961/3518 1816/959/3518
f 1672/959/3518 1679/961/3518 1816/959/3518
f 1680/962/3519 1824/962/3520 1823/961/3521
f 1679/961/3521 1680/962/3522 1823/961/3521
f 1676/955/3523 1820/955/3524 1824/962/3525
f 1680/962/3526 1676/955/3527 1824/962/3528
f 1684/963/3529 1828/963/3530 1829/964/3531
f 1685/964/3532 1684/963/3533 1829/964/3534
f 1683/966/3535 1827/966/3536 1826/965/3537
f 1682/965/3538 1683/966/3539 1826/965/3540
f 1685/964/3541 1829/964/3081 1830/967/3542
f 1686/967/3543 1685/964/3544 1830/967/3545
f 1686/967/3546 1830/967/3547 1831/968/3548
f 1687/968/3549 1686/967/3550 1831/968/3551
f 1682/965/3552 1826/965/3553 1832/969/3554
f 1688/969/3554 1682/965/3555 1832/969/3554
f 1688/969/3556 1832/969/3556 1828/963/3557
f 1684/963/3558 1688/969/3556 1828/963/3559
f 1689/970/3560 1833/970/3561 1827/966/3562
f 1683/966/3563 1689/970/3564 1827/966/3565
f 1681/971/3566 1825/971/3566 1833/970/3567
f 1689/970/3568 1681/971/3566 1833/970/3569
f 1687/968/3570 1831/968/3571 1825/971/3572
f 1681/971/3572 1687/968/3573 1825/971/3572
f 1691/972/3574 1835/972/3574 1838/973/3574
f 1694/973/3574 1691/972/3574 1838/973/3574
f 1692/974/3575 1836/974/3576 1835/972/3577
f 1691/972/3577 1692/974/3578 1835/972/3577
f 1694/973/3579 1838/973/3579 1839/975/3580
f 1695/975/3581 1694/973/3579 1839/975/3582
f 1693/976/3583 1837/976/3584 1836/974/3585
f 1692/974/3586 1693/976/3587 1836/974/3588
f 1695/975/3589 1839/975/3590 1841/977/3591
f 1697/977/3592 1695/975/3593 1841/977/3594
f 1696/978/3595 1840/978/3596 1837/976/3597
f 1693/976/3598 1696/978/3599 1837/976/3600
f 1697/977/3601 1841/977/3602 1842/979/3603
f 1698/979/3604 1697/977/3605 1842/979/3606
f 1690/981/3607 1834/981/3607 1840/978/3608
f 1696/978/3609 1690/981/3607 1840/978/3610
f 1698/979/3611 1842/979/3612 1843/980/3613
f 1699/980/3614 1698/979/3615 1843/980/3616
f 1700/982/3617 1844/982/3617 1834/981/3617
f 1690/981/3617 1700/982/3617 1834/981/3617
f 1699/980/3618 1843/980/3619 1844/982/3620
f 1700/982/3620 1699/980/3621 1844/982/3620
f 1705/984/3622 1849/984/3622 1846/985/3622
f 1702/985/3622 1705/984/3622 1846/985/3622
f 1702/985/3623 1846/985/3623 1847/983/3624
f 1703/983/3625 1702/985/3623 1847/983/3626
f 1706/986/3627 1850/986/3628 1849/984/3629
f 1705/984/3629 1706/986/3630 1849/984/3629
f 1703/983/3631 1847/983/3632 1848/987/3633
f 1704/987/3634 1703/983/3635 1848/987/3636
f 1707/988/3637 1851/988/3638 1850/986/3639
f 1706/986/3640 1707/988/3641 1850/986/3642
f 1701/989/3643 1845/989/3643 1851/988/3644
f 1707/988/3645 1701/989/3643 1851/988/3646
f 1704/987/3647 1848/987/3648 1845/989/3649
f 1701/989/3649 1704/987/3650 1845/989/3649
o effect
v -239.314880 5.369203 3.465136
v -190.201202 15.120086 3.465135
v -184.732086 3.014495 3.465136
v -125.796623 -1.828059 3.465136
v -114.322182 1.798650 3.465136
v -112.357124 12.056882 3.465135
v -92.837288 2.194912 3.465136
v -93.797951 11.161870 3.465135
v -64.308250 -1.641549 3.465136
v -62.775612 9.594674 3.465135
v -51.454521 -0.892532 3.465136
v -37.303612 8.105866 3.465135
v -38.651596 -2.471727 3.465136
v -29.911301 2.001463 3.465135
v -25.340919 -6.208795 3.465136
v -13.905640 -2.163236 3.465135
v -216.484711 16.924099 3.465135
v -247.996918 11.437072 3.465136
v -282.774048 7.027329 3.465136
v -254.670776 18.070217 3.465135
v -272.376801 13.399516 3.465136
v -331.805908 8.452205 3.465137
v -296.328186 10.252204 3.465136
v -302.010468 12.529756 3.465136
v -286.265015 15.142446 3.465136
v -274.389008 18.456276 3.465135
v -326.547638 19.397346 3.465136
v -341.453766 14.416715 3.465136
v -379.000397 8.916116 3.465137
v -378.553741 11.109021 3.465137
v -413.757965 8.921445 3.465137
v -408.608368 13.485827 3.465137
v -412.769806 11.990846 3.465137
v -419.030273 11.236403 3.465137
v -77.781990 0.582864 3.465136
v -258.666687 5.951072 3.139699
v -185.459015 15.383069 3.083256
v -183.975922 2.065829 3.083256
v -125.796623 -1.828059 3.083256
v -114.322182 1.798650 3.083256
v -112.357124 12.056882 3.083255
v -92.837288 2.194912 3.083256
v -64.308250 -1.641549 3.083256
v -64.515724 9.740380 3.083255
v -51.454521 -0.892532 3.083256
v -37.303612 8.105866 3.083255
v -38.651596 -2.471727 3.083256
v -29.911301 2.001463 3.083256
v -25.340919 -6.208795 3.083256
v -13.905640 -2.163236 3.083256
v -256.791718 17.757900 3.083256
v -327.939941 8.449494 3.083257
v -326.547638 19.397346 3.083256
v -341.453766 14.416715 3.083256
v -379.000397 8.916116 3.083257
v -378.553741 11.109021 3.083257
v -413.757965 8.921445 3.083257
v -408.608368 13.485827 3.083257
v -419.030273 11.236403 3.083257
v -339.971344 19.471497 2.721144
v -351.493317 15.196893 2.721144
v -382.942230 12.827018 2.721145
v -326.331665 20.899048 2.721144
v -256.288788 19.985199 2.319259
v -185.750977 17.817802 2.319259
v -112.793999 15.494288 2.319258
v -64.202202 13.270232 2.319258
v -31.597359 11.778554 2.319258
v -125.307854 -5.409179 2.803665
v -106.087273 -1.163554 2.803664
v -91.105034 0.246480 2.803664
v -60.350349 -5.055146 2.319260
v -48.277153 -4.130769 2.497994
v -38.712143 -5.137470 2.663392
v -24.166779 -8.327605 2.845579
v -7.819603 -4.154491 2.845579
v -2.220833 -2.759457 2.864036
v -31.431763 6.821496 3.083255
v -24.611908 9.228930 2.864035
v -24.984375 5.260259 2.864035
v -11.895996 -1.077473 2.864036
v -27.618256 3.643270 3.083256
v -183.542267 -0.810399 2.319260
v -259.048431 3.795514 2.319260
v -327.024933 6.405553 2.319260
v -378.721527 7.424735 2.319261
v -418.205292 7.492103 2.319261
v -427.979065 11.886809 2.319261
v -411.664246 17.279606 2.319260
v -116.725853 -5.864376 2.803665
v -78.316338 -0.237385 2.803664
v -77.684166 0.628432 3.083256
v -408.608368 13.485827 2.226142
v -339.971344 19.471497 2.226141
v -351.493317 15.196893 2.226142
v -382.942230 12.827018 2.226142
v -351.852295 19.976692 2.226141
v -361.630066 16.258423 2.226142
v -383.928650 14.346728 2.226142
v -326.331665 20.899048 2.226141
v -408.608368 13.485827 1.731021
v -351.852295 19.976692 1.731020
v -361.630066 16.258423 1.731020
v -383.928650 14.346728 1.731021
v -361.794769 20.475380 1.731020
v -370.571442 17.596954 1.731020
v -385.148071 15.820907 1.731020
v -326.331665 20.899048 1.731020
v -408.608368 13.485827 1.236019
v -361.794769 20.475380 1.236018
v -370.571442 17.596954 1.236018
v -385.148071 15.820907 1.236018
v -388.920715 22.002522 1.236018
v -397.301453 15.922696 1.236018
v -326.331665 20.899048 1.236017
v -411.664246 17.279606 1.236018
v -400.596161 17.311371 1.236018
v -64.308250 -1.641549 3.083256
v -106.087273 -1.163554 2.630407
v -91.105034 0.246480 2.630407
v -108.045158 -6.488900 2.630408
v -99.406960 -2.508681 2.630407
v -89.762764 -1.259837 2.630407
v -77.728951 -0.976483 2.612664
v -116.725853 -5.864376 2.630408
v -78.316338 -0.237385 2.612664
v -64.308250 -1.641549 3.083256
v -108.045158 -6.488900 2.445363
v -99.406960 -2.508681 2.445362
v -89.762764 -1.259837 2.445362
v -99.453865 -7.551037 2.445363
v -92.790962 -3.805280 2.445362
v -77.728951 -0.976483 2.421784
v -84.060204 -2.704903 2.445362
v -76.984200 -2.721789 2.367724
v -69.725883 -3.221515 2.367724
v -60.350349 -5.055146 2.319260
v -2.220833 -2.759457 2.482037
v -24.611908 9.228930 2.482036
v -24.984375 5.260259 2.482037
v -11.895996 -1.077473 2.482037
v -20.001083 7.794806 2.482036
v -20.420120 5.277900 2.482037
v -10.734680 0.406697 2.482037
v -239.314880 5.369203 -3.465135
v -190.201202 15.120086 -3.465136
v -184.732086 3.014495 -3.465135
v -125.796623 -1.828059 -3.465135
v -114.322014 1.798635 -3.465136
v -112.357124 12.056882 -3.465136
v -92.837288 2.194912 -3.465136
v -93.797951 11.161870 -3.465136
v -64.308250 -1.641549 -3.465136
v -62.775612 9.594674 -3.465136
v -51.454521 -0.892532 -3.465136
v -37.303612 8.105866 -3.465137
v -38.651596 -2.471727 -3.465136
v -29.911301 2.001463 -3.465136
v -25.340919 -6.208796 -3.465135
v -13.905640 -2.163236 -3.465136
v -216.484711 16.924099 -3.465136
v -247.996918 11.437072 -3.465135
v -282.774048 7.027329 -3.465135
v -254.670776 18.070217 -3.465136
v -272.376648 13.399505 -3.465135
v -331.805908 8.452205 -3.465135
v -296.328186 10.252204 -3.465135
v -302.010468 12.529756 -3.465135
v -286.265015 15.142446 -3.465135
v -274.389008 18.456276 -3.465136
v -326.547638 19.397346 -3.465136
v -341.453766 14.416715 -3.465135
v -379.000244 8.916104 -3.465134
v -378.553741 11.109021 -3.465135
v -413.757965 8.921445 -3.465134
v -408.608368 13.485827 -3.465135
v -412.769806 11.990846 -3.465134
v -419.030273 11.236403 -3.465134
v -77.781990 0.582864 -3.465136
v -258.666687 5.951072 -3.139698
v -185.459015 15.383069 -3.083256
v -183.975922 2.065829 -3.083256
v -125.796623 -1.828059 -3.083256
v -114.322014 1.798635 -3.083256
v -112.357124 12.056882 -3.083257
v -92.837288 2.194912 -3.083256
v -64.308250 -1.641549 -3.083256
v -64.515724 9.740380 -3.083257
v -51.454521 -0.892532 -3.083256
v -37.303612 8.105866 -3.083257
v -38.651596 -2.471727 -3.083256
v -29.911301 2.001463 -3.083256
v -25.340919 -6.208795 -3.083256
v -13.905640 -2.163236 -3.083256
v -256.791718 17.757900 -3.083256
v -327.939941 8.449494 -3.083255
v -326.547638 19.397346 -3.083256
v -341.453766 14.416715 -3.083256
v -379.000244 8.916104 -3.083255
v -378.553741 11.109021 -3.083255
v -413.757965 8.921445 -3.083255
v -408.608368 13.485827 -3.083255
v -419.030273 11.236403 -3.083255
v -339.971344 19.471497 -2.721143
v -351.493317 15.196893 -2.721143
v -382.942230 12.827018 -2.721143
v -326.331665 20.899048 -2.721144
v -256.288788 19.985199 -2.319260
v -185.750977 17.817802 -2.319260
v -112.793999 15.494288 -2.319260
v -64.202202 13.270232 -2.319261
v -31.597359 11.778554 -2.319261
v -125.307854 -5.409179 -2.803663
v -106.087273 -1.163554 -2.803664
v -91.105034 0.246480 -2.803664
v -60.350349 -5.055146 -2.319259
v -48.277153 -4.130769 -2.497993
v -38.712143 -5.137470 -2.663391
v -24.166779 -8.327605 -2.845579
v -7.819603 -4.154491 -2.845579
v -2.220833 -2.759457 -2.864036
v -31.431763 6.821496 -3.083257
v -24.611908 9.228930 -2.864037
v -24.984375 5.260259 -2.864037
v -11.895996 -1.077473 -2.864036
v -27.618256 3.643270 -3.083256
v -183.542267 -0.810399 -2.319259
v -259.048431 3.795514 -2.319258
v -327.024780 6.405541 -2.319258
v -378.721527 7.424735 -2.319258
v -418.205292 7.492103 -2.319258
v -427.979065 11.886809 -2.319258
v -411.664246 17.279606 -2.319259
v -116.725853 -5.864376 -2.803663
v -78.316338 -0.237385 -2.803664
v -77.684166 0.628432 -3.083256
v -408.608368 13.485827 -2.226140
v -339.971344 19.471497 -2.226141
v -351.493317 15.196893 -2.226141
v -382.942230 12.827018 -2.226140
v -351.852295 19.976692 -2.226141
v -361.629913 16.258411 -2.226141
v -383.928650 14.346728 -2.226140
v -326.331665 20.899048 -2.226141
v -408.608368 13.485827 -1.731019
v -351.852295 19.976692 -1.731019
v -361.629913 16.258411 -1.731019
v -383.928650 14.346728 -1.731019
v -361.794769 20.475380 -1.731019
v -370.571442 17.596954 -1.731019
v -385.148071 15.820907 -1.731019
v -326.331665 20.899048 -1.731020
v -408.608368 13.485827 -1.236016
v -361.794769 20.475380 -1.236017
v -370.571442 17.596954 -1.236017
v -385.148071 15.820907 -1.236017
v -388.920715 22.002522 -1.236017
v -397.301453 15.922696 -1.236017
v -326.331665 20.899048 -1.236017
v -411.664246 17.279606 -1.236017
v -400.596161 17.311371 -1.236017
v -64.308250 -1.641549 -3.083256
v -106.087273 -1.163554 -2.630407
v -91.105034 0.246480 -2.630407
v -108.045158 -6.488900 -2.630406
v -99.406960 -2.508681 -2.630407
v -89.762764 -1.259837 -2.630407
v -77.728951 -0.976483 -2.612664
v -116.725853 -5.864376 -2.630406
v -78.316338 -0.237385 -2.612664
v -64.308250 -1.641549 -3.083256
v -108.045158 -6.488900 -2.445361
v -99.406960 -2.508681 -2.445362
v -89.762764 -1.259837 -2.445362
v -99.453865 -7.551037 -2.445361
v -92.790962 -3.805280 -2.445361
v -77.728951 -0.976483 -2.421784
v -84.060204 -2.704903 -2.445362
v -76.984200 -2.721789 -2.367723
v -69.725883 -3.221515 -2.367723
v -60.350349 -5.055146 -2.319259
v -2.220833 -2.759457 -2.482038
v -24.611908 9.228930 -2.482038
v -24.984375 5.260259 -2.482038
v -11.895996 -1.077473 -2.482038
v -20.001083 7.794806 -2.482038
v -20.420120 5.277900 -2.482038
v -10.734680 0.406697 -2.482038
v -121.383919 -128.699783 -38.225491
v -121.266350 -128.696808 -42.949432
v -121.281075 -128.115204 -38.314678
v -121.266350 -128.696808 -36.200737
v -121.251610 -129.278397 -38.314678
v -121.148750 -128.693832 -38.225491
v -121.382240 -128.699753 -38.334686
v -121.270271 -128.541916 -38.314007
v -121.262413 -128.851700 -38.314007
v -121.150429 -128.693863 -38.334686
v -121.372856 -128.699509 -38.111481
v -121.270439 -128.534546 -38.119278
v -121.262230 -128.859070 -38.119278
v -121.159813 -128.694107 -38.111481
v -121.367180 -129.360413 -38.886013
v -121.369255 -124.635002 -38.888237
v -121.251854 -129.268005 -38.304272
v -121.198311 -131.381531 -38.885059
v -121.251854 -129.268539 -39.467838
v -121.132027 -129.354446 -38.886013
v -121.368263 -129.251190 -38.886063
v -121.251839 -129.268860 -38.731113
v -121.251839 -129.269012 -39.040997
v -121.136467 -129.245316 -38.886063
v -121.353233 -129.474091 -38.885960
v -121.246910 -129.463531 -38.723648
v -121.246910 -129.463684 -39.048275
v -121.140205 -129.468689 -38.885960
v -121.384056 -128.694061 -39.547131
v -121.265450 -128.731918 -34.823364
v -121.251717 -129.273453 -39.462978
v -121.266914 -128.673599 -41.571812
v -121.281197 -128.110291 -39.452923
v -121.148903 -128.688110 -39.547131
v -121.382362 -128.694977 -39.437935
v -121.262535 -128.846741 -39.459961
v -121.270378 -128.536972 -39.457283
v -121.150566 -128.689087 -39.437935
v -121.373024 -128.692810 -39.661137
v -121.262398 -128.852432 -39.654747
v -121.270607 -128.527924 -39.651939
v -121.159981 -128.687408 -39.661137
v -121.400642 -128.039169 -38.889767
v -121.163414 -132.758545 -38.865166
v -121.280739 -128.128357 -39.471077
v -121.334358 -126.012115 -38.900311
v -121.280891 -128.122314 -38.307522
v -121.165504 -128.033203 -38.889767
v -121.396217 -128.148285 -38.889194
v -121.280815 -128.125488 -39.044243
v -121.280861 -128.123871 -38.734364
v -121.164406 -128.142410 -38.889194
v -121.392479 -127.924934 -38.890358
v -121.285728 -127.930855 -39.052631
v -121.285774 -127.929176 -38.728004
v -121.179451 -127.919518 -38.890358
v -121.395317 -128.249756 -38.402531
v -121.196220 -131.463715 -41.860909
v -121.286980 -127.881744 -38.864132
v -121.312691 -126.867973 -36.920219
v -121.265404 -128.733307 -38.071510
v -121.160149 -128.243805 -38.402531
v -121.391747 -128.324081 -38.482475
v -121.279091 -128.193665 -38.572876
v -121.273338 -128.420456 -38.361782
v -121.159966 -128.318207 -38.482475
v -121.386223 -128.171844 -38.319061
v -121.282585 -128.055664 -38.435337
v -121.276573 -128.293243 -38.214203
v -121.173180 -128.166443 -38.319061
v -121.372505 -129.150192 -39.369751
v -121.336510 -125.927498 -35.913979
v -121.245689 -129.511902 -38.907848
v -121.219963 -130.527222 -40.850948
v -121.267235 -128.660950 -39.701164
v -121.137352 -129.144226 -39.369751
v -121.372704 -129.075729 -39.289867
v -121.253578 -129.200195 -39.199364
v -121.259315 -128.973572 -39.410637
v -121.140907 -129.069855 -39.289867
v -121.359489 -129.227615 -39.453159
v -121.250069 -129.338303 -39.336784
v -121.256096 -129.100906 -39.558117
v -121.146431 -129.222214 -39.453159
v -121.395195 -128.254333 -39.374329
v -121.196953 -131.435608 -35.885822
v -121.265221 -128.740967 -39.700756
v -121.312218 -126.886551 -40.869556
v -121.286995 -127.881981 -38.916183
v -121.160042 -128.248383 -39.374329
v -121.391640 -128.327896 -39.293694
v -121.273201 -128.425415 -39.413441
v -121.278999 -128.196640 -39.204491
v -121.159859 -128.322021 -39.293694
v -121.386101 -128.177200 -39.458527
v -121.276405 -128.299591 -39.562214
v -121.282478 -128.059937 -39.343323
v -121.173042 -128.171814 -39.458527
v -121.372475 -129.151031 -38.403671
v -121.336647 -125.922371 -41.853886
v -121.267220 -128.662369 -38.071419
v -121.219872 -130.530609 -36.924862
v -121.245689 -129.511932 -38.866199
v -121.137321 -129.145065 -38.403671
v -121.372704 -129.076416 -38.483429
v -121.259300 -128.974472 -38.362488
v -121.253578 -129.200729 -38.574154
v -121.140892 -129.070541 -38.483429
v -121.359459 -129.228592 -38.320400
v -121.256081 -129.102051 -38.215225
v -121.250053 -129.339081 -38.436962
v -121.146416 -129.223190 -38.320400
v -121.420952 -128.700714 -38.017292
v -121.266350 -128.696808 -44.229530
v -121.285713 -127.931976 -38.134575
v -121.266350 -128.696808 -35.354633
v -121.246956 -129.461639 -38.134575
v -121.111717 -128.692886 -38.017292
v -121.418755 -128.700653 -38.160892
v -121.271492 -128.493118 -38.133694
v -121.261177 -128.900497 -38.133694
v -121.113914 -128.692932 -38.160892
v -121.406410 -128.700363 -37.867363
v -121.271751 -128.483414 -37.877613
v -121.260933 -128.910172 -37.877613
v -121.126259 -128.693253 -37.867363
v -121.398964 -129.569473 -38.885914
v -121.401680 -123.355309 -38.888836
v -121.247307 -129.447952 -38.120892
v -121.176872 -132.227356 -38.884659
v -121.247292 -129.448669 -39.651047
v -121.089699 -129.561646 -38.885914
v -121.400368 -129.425858 -38.885983
v -121.247276 -129.449081 -38.682213
v -121.247261 -129.449295 -39.089722
v -121.095558 -129.418137 -38.885983
v -121.380623 -129.718979 -38.885841
v -121.240776 -129.705078 -38.672398
v -121.240791 -129.705292 -39.099300
v -121.100441 -129.711884 -38.885841
v -121.421135 -128.693207 -39.755322
v -121.265175 -128.742966 -33.543316
v -121.247124 -129.455109 -39.644657
v -121.267113 -128.666275 -42.417881
v -121.285881 -127.925514 -39.631432
v -121.111900 -128.685379 -39.755322
v -121.418907 -128.694397 -39.611725
v -121.261345 -128.893982 -39.640686
v -121.271675 -128.486618 -39.637161
v -121.114082 -128.686676 -39.611725
v -121.406639 -128.691544 -39.905247
v -121.261147 -128.901459 -39.896839
v -121.271950 -128.474701 -39.893150
v -121.126472 -128.684448 -39.905247
v -121.442970 -127.831985 -38.890846
v -121.130989 -134.038223 -38.858498
v -121.285286 -127.949295 -39.655304
v -121.355797 -125.166298 -38.904716
v -121.285484 -127.941338 -38.125172
v -121.133720 -127.824142 -38.890846
v -121.437111 -127.975479 -38.890102
v -121.285362 -127.945488 -39.093998
v -121.285423 -127.943367 -38.686489
v -121.132301 -127.967766 -38.890102
v -121.432213 -127.681740 -38.891628
v -121.291862 -127.689545 -39.105026
v -121.291924 -127.687325 -38.678127
v -121.152077 -127.674644 -38.891628
v -121.435966 -128.108917 -38.250111
v -121.174156 -132.335434 -42.798061
v -121.293495 -127.624947 -38.857143
v -121.327278 -126.291786 -36.300789
v -121.265114 -128.744797 -37.814800
v -121.126701 -128.101089 -38.250111
v -121.431267 -128.206650 -38.355236
v -121.283104 -128.035156 -38.474125
v -121.275551 -128.333405 -38.196526
v -121.126442 -128.198929 -38.355236
v -121.424004 -128.006454 -38.140343
v -121.287697 -127.853668 -38.293255
v -121.279793 -128.166107 -38.002449
v -121.143837 -127.999367 -38.140343
v -121.405952 -129.293030 -39.522057
v -121.358604 -125.055000 -34.977531
v -121.239174 -129.768692 -38.914635
v -121.205345 -131.103912 -41.469910
v -121.267525 -128.649673 -39.957886
v -121.096703 -129.285187 -39.522057
v -121.406227 -129.195099 -39.417004
v -121.249565 -129.358795 -39.297985
v -121.257103 -129.060776 -39.575825
v -121.101402 -129.187378 -39.417004
v -121.388817 -129.394852 -39.631737
v -121.244972 -129.540405 -39.478710
v -121.252861 -129.228210 -39.769768
v -121.108650 -129.387756 -39.631737
v -121.435814 -128.114944 -39.528080
v -121.175087 -132.298477 -34.940502
v -121.264854 -128.754883 -39.957348
v -121.326653 -126.316216 -41.494385
v -121.293495 -127.625275 -38.925591
v -121.126549 -128.107101 -39.528080
v -121.431145 -128.211670 -39.422031
v -121.275368 -128.339905 -39.579510
v -121.282997 -128.039047 -39.304729
v -121.126320 -128.203949 -39.422031
v -121.423836 -128.013504 -39.638798
v -121.279564 -128.174454 -39.775158
v -121.287560 -127.859306 -39.487305
v -121.143654 -128.006409 -39.638798
v -121.405922 -129.294128 -38.251610
v -121.358788 -125.048271 -42.788826
v -121.267479 -128.651520 -37.814682
v -121.205238 -131.108368 -36.306892
v -121.239174 -129.768723 -38.859863
v -121.096672 -129.286285 -38.251610
v -121.406197 -129.196014 -38.356495
v -121.257088 -129.061951 -38.197453
v -121.249550 -129.359497 -38.475803
v -121.101372 -129.188293 -38.356495
v -121.388786 -129.396133 -38.142105
v -121.252815 -129.229752 -38.003796
v -121.244926 -129.541443 -38.295395
v -121.108620 -129.389038 -38.142105
v -121.458321 -128.701660 -37.807304
v -121.266350 -128.696808 -45.520645
v -121.290398 -127.747162 -37.952927
v -121.266350 -128.696808 -34.501247
v -121.242271 -129.646454 -37.952927
v -121.074348 -128.691940 -37.807304
v -121.455574 -128.701599 -37.985603
v -121.272743 -128.443909 -37.951828
v -121.259926 -128.949707 -37.951828
v -121.077110 -128.692017 -37.985603
v -121.440254 -128.701202 -37.621143
v -121.273064 -128.431854 -37.633873
v -121.259621 -128.961746 -37.633873
v -121.092415 -128.692398 -37.621143
v -121.431007 -129.780334 -38.885815
v -121.434380 -122.064606 -38.889446
v -121.242699 -129.629456 -37.935936
v -121.155251 -133.080475 -38.884262
v -121.242683 -129.630356 -39.835835
v -121.047020 -129.770615 -38.885815
v -121.432762 -129.602020 -38.885899
v -121.242668 -129.630875 -38.632893
v -121.242668 -129.631119 -39.138878
v -121.054268 -129.592438 -38.885899
v -121.408211 -129.965973 -38.885727
v -121.234612 -129.948715 -38.620705
v -121.234596 -129.948975 -39.150764
v -121.060371 -129.957169 -38.885727
v -121.458549 -128.692337 -39.965302
v -121.264885 -128.754150 -32.252247
v -121.242485 -129.638351 -39.827900
v -121.267281 -128.658920 -43.271236
v -121.290596 -127.739143 -39.811474
v -121.074593 -128.682617 -39.965302
v -121.455772 -128.693817 -39.787006
v -121.260124 -128.941620 -39.822971
v -121.272957 -128.435822 -39.818596
v -121.077293 -128.684219 -39.787006
v -121.440544 -128.690277 -40.151455
v -121.259895 -128.950928 -40.141018
v -121.273323 -128.421036 -40.136433
v -121.092690 -128.681473 -40.151455
v -121.485649 -127.623001 -38.891941
v -121.098305 -135.328903 -38.851772
v -121.289848 -127.768669 -39.841122
v -121.377403 -124.313194 -38.909157
v -121.290108 -127.758781 -37.941246
v -121.101692 -127.613289 -38.891941
v -121.478401 -127.801178 -38.891014
v -121.289970 -127.763939 -39.144176
v -121.290031 -127.761307 -38.638203
v -121.099922 -127.791580 -38.891014
v -121.472298 -127.436455 -38.892910
v -121.298027 -127.446152 -39.157867
v -121.298103 -127.443398 -38.627819
v -121.124458 -127.427635 -38.892910
v -121.476952 -127.966881 -38.096378
v -121.151863 -133.214661 -43.743279
v -121.300056 -127.365952 -38.850094
v -121.341988 -125.710648 -35.676029
v -121.264824 -128.756409 -37.555882
v -121.092964 -127.957153 -38.096378
v -121.471107 -128.088226 -38.226910
v -121.287148 -127.875282 -38.374523
v -121.277779 -128.245590 -38.029846
v -121.092628 -128.078644 -38.226910
v -121.462090 -127.839645 -37.960091
v -121.292854 -127.649948 -38.149948
v -121.283028 -128.037857 -37.788872
v -121.114250 -127.830841 -37.960091
v -121.439690 -129.437103 -39.675674
v -121.380913 -124.175011 -34.033020
v -121.232613 -130.027695 -38.921478
v -121.190605 -131.685562 -42.094200
v -121.267830 -128.638275 -40.216812
v -121.055717 -129.427368 -39.675674
v -121.440025 -129.315506 -39.545238
v -121.245506 -129.518753 -39.397457
v -121.254875 -129.148712 -39.742432
v -121.061531 -129.305908 -39.545238
v -121.418404 -129.563522 -39.811859
v -121.239799 -129.744263 -39.621849
v -121.249611 -129.356613 -39.983242
v -121.070549 -129.554718 -39.811859
v -121.476738 -127.974335 -39.683151
v -121.153023 -133.168777 -33.987049
v -121.264503 -128.768906 -40.216145
v -121.341225 -125.740974 -42.124588
v -121.300041 -127.366356 -38.935078
v -121.092781 -127.964622 -39.683151
v -121.470955 -128.094452 -39.551483
v -121.277565 -128.253662 -39.747013
v -121.287025 -127.880127 -39.405834
v -121.092476 -128.084854 -39.551483
v -121.461876 -127.848404 -39.820625
v -121.282768 -128.048218 -39.989933
v -121.292702 -127.656906 -39.632519
v -121.114006 -127.839584 -39.820625
v -121.439644 -129.438461 -38.098244
v -121.381111 -124.166649 -43.731815
v -121.267769 -128.640564 -37.555733
v -121.190468 -131.691086 -35.683609
v -121.232613 -130.027756 -38.853466
v -121.055672 -129.428726 -38.098244
v -121.439995 -129.316650 -38.228466
v -121.254845 -129.150192 -38.030991
v -121.245491 -129.519623 -38.376606
v -121.061516 -129.307053 -38.228466
v -121.418388 -129.565109 -37.962276
v -121.249565 -129.358505 -37.790546
v -121.239769 -129.745529 -38.152603
v -121.070503 -129.556305 -37.962276
v -121.512840 -128.703033 -37.500889
v -121.266350 -128.696808 -47.404625
v -121.297234 -127.477493 -37.687862
v -121.266350 -128.696808 -33.255997
v -121.235435 -129.916122 -37.687862
v -121.019829 -128.690552 -37.500889
v -121.509315 -128.702957 -37.729824
v -121.274559 -128.372070 -37.686455
v -121.258110 -129.021530 -37.686455
v -121.023354 -128.690643 -37.729824
v -121.489662 -128.702454 -37.261864
v -121.274956 -128.356613 -37.278210
v -121.257729 -129.036987 -37.278210
v -121.043022 -128.691132 -37.261864
v -121.477745 -130.088028 -38.885674
v -121.482109 -120.181236 -38.890331
v -121.236000 -129.894302 -37.666050
v -121.123711 -134.325317 -38.883675
v -121.235970 -129.895462 -40.105469
v -120.984734 -130.075546 -38.885674
v -121.480019 -129.859085 -38.885777
v -121.235939 -129.896133 -38.560921
v -121.235939 -129.896439 -39.210594
v -120.994057 -129.846771 -38.885777
v -121.448509 -130.326401 -38.885559
v -121.225609 -130.304230 -38.545273
v -121.225594 -130.304565 -39.225857
v -121.001884 -130.315094 -38.885559
v -121.513130 -128.691071 -40.271706
v -121.264473 -128.770416 -30.368341
v -121.235710 -129.905731 -40.095280
v -121.267555 -128.648148 -44.516434
v -121.297493 -127.467178 -40.074192
v -121.020134 -128.678589 -40.271706
v -121.509575 -128.692963 -40.042782
v -121.258385 -129.011154 -40.088951
v -121.274834 -128.361710 -40.083336
v -121.023613 -128.680649 -40.042782
v -121.490013 -128.688416 -40.510719
v -121.258064 -129.023071 -40.497318
v -121.275322 -128.342728 -40.491436
v -121.043373 -128.677094 -40.510719
v -121.547935 -127.318077 -38.893536
v -121.050560 -137.212265 -38.841961
v -121.296532 -127.505096 -40.112259
v -121.408943 -123.068375 -38.915646
v -121.296852 -127.492393 -37.672871
v -121.054924 -127.305595 -38.893536
v -121.538612 -127.546852 -38.892345
v -121.296700 -127.499031 -39.217403
v -121.296776 -127.495659 -38.567741
v -121.052650 -127.534531 -38.892345
v -121.530815 -127.078552 -38.894779
v -121.307030 -127.090996 -39.234985
v -121.307106 -127.087471 -38.554413
v -121.084160 -127.067238 -38.894779
v -121.536736 -127.759598 -37.872051
v -121.119362 -134.497620 -45.122528
v -121.309624 -126.988007 -38.839806
v -121.363487 -124.862648 -34.764389
v -121.264412 -128.773331 -37.178070
v -121.043724 -127.747116 -37.872051
v -121.529274 -127.915413 -38.039654
v -121.293053 -127.641991 -38.229183
v -121.281013 -128.117447 -37.786629
v -121.043312 -127.903084 -38.039654
v -121.517693 -127.596237 -37.697063
v -121.300392 -127.352654 -37.940838
v -121.287773 -127.850746 -37.477222
v -121.071053 -127.584915 -37.697063
v -121.488914 -129.647324 -39.899826
v -121.413445 -122.890945 -32.654812
v -121.223030 -130.405640 -38.931458
v -121.169106 -132.534286 -43.005154
v -121.268242 -128.621658 -40.594643
v -120.995903 -129.634827 -39.899826
v -121.489342 -129.491211 -39.732353
v -121.239601 -129.752151 -39.542606
v -121.251640 -129.277054 -39.985546
v -121.003380 -129.478897 -39.732353
v -121.461617 -129.809647 -40.074688
v -121.232262 -130.041718 -39.830719
v -121.244865 -129.543991 -40.294735
v -121.014961 -129.798340 -40.074688
v -121.536507 -127.769188 -39.909431
v -121.120857 -134.438690 -32.595779
v -121.263985 -128.789398 -40.593781
v -121.362495 -124.901596 -43.044174
v -121.309624 -126.988533 -38.948925
v -121.043495 -127.756691 -39.909431
v -121.529060 -127.923401 -39.740372
v -121.280754 -128.127823 -39.991421
v -121.292900 -127.648209 -39.553364
v -121.043114 -127.911087 -39.740372
v -121.517403 -127.607475 -40.085945
v -121.287437 -127.864044 -40.303326
v -121.300163 -127.361610 -39.844418
v -121.070763 -127.596153 -40.085945
v -121.488869 -129.649063 -37.874447
v -121.413719 -122.880203 -45.107811
v -121.268181 -128.624603 -37.177879
v -121.168922 -132.541382 -34.774120
v -121.223045 -130.405716 -38.844139
v -120.995857 -129.636581 -37.874447
v -121.489311 -129.492661 -38.041653
v -121.251595 -129.278946 -37.788101
v -121.239571 -129.753281 -38.231861
v -121.003349 -129.480347 -38.041653
v -121.461540 -129.811707 -37.699871
v -121.244804 -129.546417 -37.479370
v -121.232216 -130.043335 -37.944248
v -121.014900 -129.800385 -37.699871
v -121.590492 -128.705017 -37.064556
v -121.266350 -128.696808 -50.087406
v -121.306953 -127.093468 -37.310417
v -121.266350 -128.696808 -31.482765
v -121.225716 -130.300140 -37.310417
v -120.942177 -128.688583 -37.064556
v -121.585838 -128.704895 -37.365589
v -121.277153 -128.269806 -37.308567
v -121.255516 -129.123810 -37.308567
v -120.946831 -128.688690 -37.365589
v -121.559975 -128.704239 -36.750252
v -121.277672 -128.249481 -36.771744
v -121.254997 -129.144119 -36.771744
v -120.972694 -128.689377 -36.750252
v -121.544334 -130.526199 -38.885464
v -121.550056 -117.499321 -38.891598
v -121.226448 -130.271454 -37.281734
v -121.078819 -136.097977 -38.882839
v -121.226402 -130.272949 -40.489429
v -120.896034 -130.509766 -38.885464
v -121.547310 -130.225143 -38.885605
v -121.226387 -130.273849 -38.458439
v -121.226372 -130.274261 -39.312721
v -120.908302 -130.208954 -38.885605
v -121.505882 -130.839630 -38.885319
v -121.212776 -130.810486 -38.437862
v -121.212776 -130.810913 -39.332794
v -120.918571 -130.824753 -38.885319
v -121.590874 -128.689270 -40.708019
v -121.263878 -128.793594 -27.685661
v -121.226051 -130.286453 -40.476032
v -121.267952 -128.632828 -46.289604
v -121.307304 -127.079910 -40.448303
v -120.942604 -128.672852 -40.708019
v -121.586174 -128.691757 -40.406998
v -121.255867 -129.110153 -40.467712
v -121.277504 -128.256180 -40.460327
v -120.947166 -128.675568 -40.406998
v -121.560463 -128.685776 -41.022316
v -121.255455 -129.125839 -41.004688
v -121.278130 -128.231216 -40.996952
v -120.973167 -128.670898 -41.022316
v -121.636635 -126.883873 -38.895813
v -120.982628 -139.894135 -38.827995
v -121.306038 -127.129784 -40.498356
v -121.453865 -121.295731 -38.924881
v -121.306480 -127.113083 -37.290703
v -120.988335 -126.867432 -38.895813
v -121.624352 -127.184669 -38.894241
v -121.306236 -127.121796 -39.321674
v -121.306343 -127.117348 -38.467407
v -120.985359 -127.168488 -38.894241
v -121.614098 -126.568886 -38.897446
v -121.319847 -126.585266 -39.344788
v -121.319954 -126.580605 -38.449879
v -121.026802 -126.554001 -38.897446
v -121.621895 -127.464424 -37.552616
v -121.073067 -136.324554 -47.086582
v -121.323265 -126.449852 -38.825153
v -121.394081 -123.655106 -33.466213
v -121.263786 -128.797424 -36.640068
v -120.973625 -127.448006 -37.552616
v -121.612068 -127.669312 -37.772999
v -121.301491 -127.309769 -38.022224
v -121.285637 -127.934990 -37.440285
v -120.973076 -127.653122 -37.772999
v -121.596855 -127.249619 -37.322514
v -121.311119 -126.929329 -37.643063
v -121.294518 -127.584297 -37.033440
v -121.009529 -127.234741 -37.322514
v -121.559029 -129.946686 -40.219025
v -121.459770 -121.062424 -30.692240
v -121.209389 -130.943802 -38.945671
v -121.138481 -133.742889 -44.302349
v -121.268837 -128.597992 -41.132664
v -120.910728 -129.930267 -40.219025
v -121.559578 -129.741394 -39.998806
v -121.231163 -130.084534 -39.749302
v -121.247002 -129.459793 -40.331745
v -120.920570 -129.725189 -39.998806
v -121.523094 -130.160141 -40.448952
v -121.221535 -130.465286 -40.128151
v -121.238121 -129.810822 -40.738308
v -120.935799 -130.145248 -40.448952
v -121.621605 -127.477028 -40.231651
v -121.075035 -136.247070 -30.614616
v -121.263268 -128.818558 -41.131531
v -121.392784 -123.706322 -44.353657
v -121.323265 -126.450523 -38.968639
v -120.973305 -127.460594 -40.231651
v -121.611809 -127.679825 -40.009346
v -121.285286 -127.948616 -40.339466
v -121.301277 -127.317970 -39.763443
v -120.972801 -127.663643 -40.009346
v -121.596458 -127.264397 -40.463757
v -121.294090 -127.601784 -40.749599
v -121.310829 -126.941109 -40.146168
v -121.009163 -127.249519 -40.463757
v -121.558968 -129.948975 -37.555767
v -121.460136 -121.048309 -47.067226
v -121.268730 -128.601852 -36.639820
v -121.138237 -133.752213 -33.479008
v -121.209404 -130.943924 -38.830853
v -120.910683 -129.932556 -37.555767
v -121.559532 -129.743317 -37.775627
v -121.246925 -129.462280 -37.442223
v -121.231133 -130.086029 -38.025742
v -120.920509 -129.727112 -37.775627
v -121.523033 -130.162827 -37.326210
v -121.238029 -129.813995 -37.036263
v -121.221474 -130.467422 -37.647545
v -120.935738 -130.147949 -37.326210
v -121.715050 -128.708176 -36.364388
v -121.266350 -128.696808 -54.392384
v -121.322563 -126.477249 -36.704742
v -121.266350 -128.696808 -28.637316
v -121.210106 -130.916367 -36.704742
v -120.817619 -128.685425 -36.364388
v -121.708626 -128.708008 -36.781116
v -121.281319 -128.105682 -36.702179
v -121.251366 -129.287918 -36.702179
v -120.824043 -128.685593 -36.781116
v -121.672844 -128.707092 -35.929283
v -121.282036 -128.077560 -35.959038
v -121.250648 -129.316040 -35.959038
v -120.859825 -128.686493 -35.929283
v -121.651161 -131.229294 -38.885136
v -121.659111 -113.195724 -38.893623
v -121.211098 -130.876633 -36.665031
v -121.006737 -138.942535 -38.881500
v -121.211052 -130.878723 -41.105564
v -120.753731 -131.206558 -38.885136
v -121.655312 -130.812531 -38.885334
v -121.211021 -130.879974 -38.293991
v -121.211006 -130.880524 -39.476601
v -120.770714 -130.790131 -38.885334
v -121.597954 -131.663193 -38.884933
v -121.192192 -131.622849 -38.265507
v -121.192192 -131.623459 -39.504383
v -120.784920 -131.642593 -38.884933
v -121.715599 -128.686386 -41.408165
v -121.262932 -128.830811 -23.380846
v -121.210579 -130.897430 -41.087017
v -121.268578 -128.608231 -49.134949
v -121.323051 -126.458481 -41.048630
v -120.818169 -128.663635 -41.408165
v -121.709084 -128.689819 -40.991447
v -121.251839 -129.269028 -41.075497
v -121.281792 -128.086838 -41.065273
v -120.824501 -128.667404 -40.991447
v -121.673500 -128.681534 -41.843254
v -121.251289 -129.290726 -41.818855
v -121.282677 -128.052292 -41.808144
v -120.860466 -128.660950 -41.843254
v -121.778938 -126.187073 -38.899456
v -120.873573 -144.197678 -38.805573
v -121.321297 -126.527512 -41.117920
v -121.525932 -118.451225 -38.939701
v -121.321892 -126.504387 -36.677448
v -120.881493 -126.164345 -38.899456
v -121.761971 -126.603508 -38.897285
v -121.321571 -126.516472 -39.488995
v -121.321739 -126.510315 -38.306400
v -120.877357 -126.581093 -38.897285
v -121.747734 -125.751045 -38.901722
v -121.340401 -125.773727 -39.521000
v -121.340553 -125.767281 -38.282135
v -120.934731 -125.730453 -38.901722
v -121.758568 -126.990776 -37.040024
v -120.998787 -139.256180 -50.238235
v -121.345146 -125.586266 -38.801647
v -121.443169 -121.717400 -31.383074
v -121.262794 -128.836105 -35.776749
v -120.861122 -126.968048 -37.040024
v -121.744957 -127.274391 -37.345112
v -121.314980 -126.776688 -37.690117
v -121.293068 -127.642189 -36.884525
v -120.860359 -127.251991 -37.345112
v -121.723869 -126.693413 -36.721489
v -121.328331 -126.250023 -37.165234
v -121.305351 -127.156723 -36.321308
v -120.910851 -126.672821 -36.721489
v -121.671516 -130.427063 -40.731232
v -121.534126 -118.128258 -27.542955
v -121.187508 -131.807419 -38.968483
v -121.089333 -135.682266 -46.383930
v -121.269798 -128.560013 -41.996010
v -120.774071 -130.404327 -40.731232
v -121.672279 -130.142868 -40.426376
v -121.217644 -130.617874 -40.080975
v -121.239586 -129.753036 -40.887268
v -120.787682 -130.120453 -40.426376
v -121.621788 -130.722549 -41.049526
v -121.204308 -131.144974 -40.605434
v -121.227257 -130.238968 -41.450092
v -120.808754 -130.701935 -41.049526
v -121.758125 -127.008217 -40.748707
v -121.001503 -139.148911 -27.435503
v -121.262062 -128.865356 -41.994446
v -121.441383 -121.788300 -46.454952
v -121.345116 -125.587189 -39.000278
v -120.860680 -126.985489 -40.748707
v -121.744606 -127.288971 -40.440960
v -121.292580 -127.661064 -40.897961
v -121.314690 -126.788033 -40.100548
v -120.859993 -127.266556 -40.440960
v -121.723351 -126.713875 -41.070019
v -121.304741 -127.180923 -41.465721
v -121.327934 -126.266327 -40.630371
v -120.910332 -126.693275 -41.070019
v -121.671425 -130.430237 -37.044384
v -121.534615 -118.108719 -50.211445
v -121.269676 -128.565369 -35.776405
v -121.089012 -135.695190 -31.400785
v -121.187523 -131.807541 -38.809532
v -120.773994 -130.407501 -37.044384
v -121.672218 -130.145508 -37.348751
v -121.239479 -129.756485 -36.887203
v -121.217598 -130.619949 -37.694988
v -120.787605 -130.123108 -37.348751
v -121.621696 -130.726273 -36.726601
v -121.227135 -130.243378 -36.325218
v -121.204231 -131.147934 -37.171440
v -120.808662 -130.705673 -36.726601
v -121.837730 -128.711288 -35.674911
v -121.266350 -128.696808 -58.631603
v -121.337959 -125.870445 -36.108318
v -121.266350 -128.696808 -25.835323
v -121.194710 -131.523163 -36.108318
v -120.694954 -128.682312 -35.674911
v -121.829567 -128.711075 -36.205574
v -121.285408 -127.944092 -36.105053
v -121.247261 -129.449524 -36.105053
v -120.703102 -128.682526 -36.205574
v -121.783989 -128.709915 -35.120857
v -121.286324 -127.908272 -35.158741
v -121.246346 -129.485336 -35.158741
v -120.748680 -128.683685 -35.120857
v -121.756386 -131.921661 -38.884811
v -121.766487 -108.957863 -38.895615
v -121.196007 -131.472595 -36.057747
v -120.935753 -141.743607 -38.880180
v -121.195930 -131.475250 -41.712280
v -120.613594 -131.892700 -38.884811
v -121.761650 -131.390976 -38.885059
v -121.195885 -131.476822 -38.132053
v -121.195869 -131.477539 -39.637974
v -120.635201 -131.362411 -38.885059
v -121.688622 -132.474182 -38.884552
v -121.171928 -132.422806 -38.095779
v -121.171913 -132.423569 -39.673355
v -120.653297 -132.447952 -38.884552
v -121.838432 -128.683533 -42.097614
v -121.262001 -128.867447 -19.141781
v -121.195335 -131.499054 -41.688663
v -121.269188 -128.584030 -51.936836
v -121.338554 -125.846542 -41.639782
v -120.695656 -128.654572 -42.097614
v -121.830147 -128.687912 -41.566975
v -121.247871 -129.425461 -41.673996
v -121.286018 -127.920074 -41.660980
v -120.703697 -128.659378 -41.566975
v -121.784813 -128.677383 -42.651649
v -121.247169 -129.453094 -42.620583
v -121.287132 -127.876099 -42.606945
v -120.749519 -128.651138 -42.651649
v -121.919075 -125.500938 -38.903049
v -120.766212 -148.435471 -38.783497
v -121.336327 -125.934441 -41.728016
v -121.596901 -115.650177 -38.954288
v -121.337074 -125.905022 -36.073563
v -120.776283 -125.471985 -38.903049
v -121.897453 -126.031227 -38.900280
v -121.336693 -125.920387 -39.653759
v -121.336876 -125.912552 -38.147858
v -120.771034 -126.002670 -38.900280
v -121.879372 -124.945709 -38.905933
v -121.360664 -124.974579 -39.694511
v -121.360863 -124.966362 -38.116959
v -120.844078 -124.919479 -38.905933
v -121.893135 -126.524368 -36.535263
v -120.925636 -142.143005 -53.341747
v -121.366707 -124.735863 -38.778500
v -121.491524 -119.809288 -29.331747
v -121.261833 -128.874207 -34.926617
v -120.750343 -126.495399 -36.535263
v -121.875801 -126.885529 -36.923759
v -121.328300 -126.251747 -37.363087
v -121.300362 -127.353867 -36.337250
v -120.749382 -126.856987 -36.923759
v -121.848976 -126.145706 -36.129642
v -121.345284 -125.581108 -36.694702
v -121.316032 -126.735680 -35.620056
v -120.813652 -126.119469 -36.129642
v -121.782265 -130.900101 -41.235611
v -121.607323 -115.238899 -24.441778
v -121.165977 -132.657837 -38.990944
v -121.040947 -137.592026 -48.433708
v -121.270744 -128.522614 -42.846169
v -120.639473 -130.871140 -41.235611
v -121.783257 -130.538208 -40.847408
v -121.204353 -131.143097 -40.407578
v -121.232246 -130.041794 -41.434311
v -120.656822 -130.509674 -40.847408
v -121.718971 -131.276367 -41.640930
v -121.187340 -131.814285 -41.075420
v -121.216591 -130.660583 -42.151005
v -120.683647 -131.250137 -41.640930
v -121.892586 -126.546577 -41.257866
v -120.929100 -142.006409 -24.304949
v -121.260902 -128.911438 -42.844185
v -121.489235 -119.899574 -48.524147
v -121.366661 -124.737061 -39.031429
v -120.749794 -126.517632 -41.257866
v -121.875328 -126.904076 -40.865986
v -121.299751 -127.377914 -41.447926
v -121.327919 -126.266190 -40.432507
v -120.748909 -126.875534 -40.865986
v -121.848289 -126.171753 -41.667023
v -121.315254 -126.766479 -42.170910
v -121.344749 -125.601860 -41.107182
v -120.812996 -126.145531 -41.667023
v -121.782173 -130.904144 -36.540813
v -121.607979 -115.214027 -53.307629
v -121.270561 -128.529449 -34.926182
v -121.040535 -137.608490 -29.354303
v -121.165977 -132.657990 -38.788540
v -120.639381 -130.875198 -36.540813
v -121.783180 -130.541595 -36.928391
v -121.232140 -130.046188 -36.340660
v -121.204277 -131.145706 -37.369289
v -120.656746 -130.513046 -36.928391
v -121.718834 -131.281113 -36.136150
v -121.216438 -130.666214 -35.625034
v -121.187248 -131.818039 -36.702606
v -120.683540 -131.254883 -36.136150
v -122.022957 -128.715973 -34.633904
v -121.266350 -128.696808 -65.032234
v -121.361153 -124.954254 -35.207802
v -121.266350 -128.696808 -21.604715
v -121.171516 -132.439362 -35.207802
v -120.509712 -128.677628 -34.633904
v -122.012138 -128.715698 -35.336582
v -121.291603 -127.700089 -35.203480
v -121.241066 -129.693527 -35.203480
v -120.520531 -128.677887 -35.336582
v -121.951790 -128.714172 -33.900242
v -121.292793 -127.652657 -33.950409
v -121.239876 -129.740952 -33.950409
v -120.580879 -128.679443 -33.900242
v -121.915245 -132.967026 -38.884319
v -121.928612 -102.559288 -38.898628
v -121.173210 -132.372375 -35.140842
v -120.828590 -145.972870 -38.878193
v -121.173103 -132.375900 -42.628345
v -120.402000 -132.928680 -38.884323
v -121.922218 -132.264313 -38.884651
v -121.173073 -132.378006 -37.887550
v -121.173042 -132.378937 -39.881630
v -120.430626 -132.226501 -38.884651
v -121.825493 -133.698654 -38.883976
v -121.141319 -133.630646 -37.839520
v -121.141289 -133.631622 -39.928482
v -120.454597 -133.663925 -38.883976
v -122.023888 -128.679230 -43.138588
v -121.260612 -128.922745 -12.741396
v -121.172325 -132.407425 -42.597073
v -121.270119 -128.547470 -56.167286
v -121.361961 -124.922600 -42.532345
v -120.510643 -128.640884 -43.138588
v -122.012901 -128.685013 -42.435932
v -121.241875 -129.661667 -42.577648
v -121.292397 -127.668297 -42.560413
v -120.521324 -128.647232 -42.435932
v -121.952873 -128.671082 -43.872219
v -121.240974 -129.698257 -43.831078
v -121.293877 -127.610046 -43.813023
v -120.581963 -128.636353 -43.872219
v -122.130653 -124.464981 -38.908466
v -120.604088 -154.833969 -38.750164
v -121.359001 -125.039009 -42.649181
v -121.704063 -111.420982 -38.976322
v -121.360008 -125.000015 -35.161777
v -120.617424 -124.426643 -38.908466
v -122.102043 -125.167152 -38.904812
v -121.359489 -125.020393 -39.902531
v -121.359749 -125.010002 -37.908474
v -120.610466 -125.129349 -38.904812
v -122.078087 -123.729759 -38.912289
v -121.391228 -123.767982 -39.956493
v -121.391487 -123.757103 -37.867561
v -120.707176 -123.695030 -38.912289
v -122.096321 -125.820152 -35.773144
v -120.815208 -146.501724 -58.027618
v -121.399223 -123.451889 -38.743546
v -121.564522 -116.928314 -26.234539
v -121.260384 -128.931702 -33.643040
v -120.583092 -125.781807 -35.773144
v -122.073372 -126.298393 -36.287571
v -121.348366 -125.459145 -36.869316
v -121.311378 -126.918541 -35.510941
v -120.581795 -126.260597 -36.287571
v -122.037819 -125.318741 -35.236034
v -121.370872 -124.571121 -35.984264
v -121.332130 -126.099953 -34.561260
v -120.666924 -125.283997 -35.236034
v -121.949532 -131.614319 -41.997158
v -121.717857 -110.876411 -19.759439
v -121.133430 -133.941833 -39.024857
v -120.967888 -140.475525 -51.528584
v -121.272179 -128.466156 -44.129791
v -120.436287 -131.575989 -41.997158
v -121.950844 -131.135117 -41.483116
v -121.184242 -131.936081 -40.900707
v -121.221199 -130.477798 -42.260265
v -120.459236 -131.097321 -41.483116
v -121.865685 -132.112549 -42.533859
v -121.161736 -132.824844 -41.785042
v -121.200447 -131.297150 -43.209282
v -120.494774 -132.077820 -42.533859
v -122.095589 -125.849564 -42.026627
v -120.819786 -146.320862 -19.578257
v -121.259132 -128.981003 -44.127159
v -121.561485 -117.047874 -51.648342
v -121.399193 -123.453468 -39.078472
v -120.582359 -125.811218 -42.026627
v -122.072762 -126.322945 -41.507713
v -121.310585 -126.950371 -42.278294
v -121.347893 -125.478264 -40.933720
v -120.581169 -126.285164 -41.507713
v -122.036964 -125.353233 -42.568413
v -121.331108 -126.140747 -43.235641
v -121.370186 -124.598602 -41.827091
v -120.666054 -125.318497 -42.568413
v -121.949379 -131.619690 -35.780495
v -121.718712 -110.843460 -57.982433
v -121.271950 -128.475204 -33.642464
v -120.967339 -140.497299 -26.264408
v -121.133430 -133.942062 -38.756840
v -120.436150 -131.581329 -35.780495
v -121.950706 -131.139587 -36.293709
v -121.221062 -130.483597 -35.515461
v -121.184181 -131.939560 -36.877529
v -120.459114 -131.101807 -36.293709
v -121.865517 -132.118835 -35.244652
v -121.200264 -131.304626 -34.567856
v -121.161613 -132.829834 -35.994736
v -120.494621 -132.084106 -35.244652
v -122.275627 -128.722382 -33.213753
v -121.266350 -128.696808 -73.763969
v -121.392845 -123.704391 -33.979313
v -121.266350 -128.696808 -15.833312
v -121.139839 -133.689224 -33.979313
v -120.257042 -128.671234 -33.213753
v -122.261208 -128.722015 -34.151100
v -121.300026 -127.367218 -33.973545
v -121.232643 -130.026398 -33.973545
v -120.271492 -128.671600 -34.151100
v -122.180687 -128.719971 -32.235081
v -121.301643 -127.303963 -32.302002
v -121.231056 -130.089645 -32.302002
v -120.351967 -128.673630 -32.235081
v -122.131950 -134.393127 -38.883652
v -122.149773 -93.830360 -38.902737
v -121.142097 -133.599884 -33.889992
v -120.682411 -151.742401 -38.875477
v -121.141975 -133.604599 -43.878040
v -120.113350 -134.341980 -38.883652
v -122.141258 -133.455719 -38.884094
v -121.141914 -133.607376 -37.553993
v -121.141884 -133.608627 -40.214027
v -120.151527 -133.405304 -38.884094
v -122.012215 -135.369095 -38.883194
v -121.099571 -135.278351 -37.489925
v -121.099541 -135.279663 -40.276520
v -120.183495 -135.322739 -38.883194
v -122.276878 -128.673355 -44.558678
v -121.258705 -128.998199 -4.009980
v -121.140907 -133.646637 -43.836323
v -121.271385 -128.497589 -61.938469
v -121.393898 -123.662163 -43.749977
v -120.258278 -128.622192 -44.558678
v -122.262215 -128.681076 -43.621368
v -121.233727 -129.983887 -43.810410
v -121.301109 -127.324806 -43.787418
v -120.272499 -128.630676 -43.621368
v -122.182167 -128.662491 -45.537315
v -121.232491 -130.032700 -45.482441
v -121.303062 -127.247116 -45.458351
v -120.353416 -128.616150 -45.537315
v -122.419304 -123.051704 -38.915863
v -120.382912 -163.562790 -38.704693
v -121.389961 -123.817436 -43.905834
v -121.850258 -105.651497 -39.006378
v -121.391273 -123.765434 -33.917919
v -120.400734 -123.000565 -38.915867
v -122.381142 -123.988373 -38.910984
v -121.390602 -123.792603 -40.241905
v -121.390953 -123.778748 -37.581909
v -120.391426 -123.937965 -38.910984
v -122.349174 -122.070953 -38.920963
v -121.432930 -122.121941 -40.313896
v -121.433296 -122.107430 -37.527336
v -120.520439 -122.024612 -38.920963
v -122.373512 -124.859459 -34.733459
v -120.664543 -152.447891 -64.420082
v -121.443611 -121.700279 -38.695866
v -121.664101 -112.998093 -22.009321
v -121.258385 -129.010147 -31.891985
v -120.354912 -124.808311 -34.733459
v -122.342903 -125.497406 -35.419689
v -121.375771 -124.377899 -36.195709
v -121.326439 -126.324684 -34.383694
v -120.353188 -125.446991 -35.419689
v -122.295464 -124.190582 -34.016979
v -121.405785 -123.193291 -35.015091
v -121.354118 -125.232689 -33.116856
v -120.466728 -124.144257 -34.016979
v -122.177666 -132.588654 -43.036060
v -121.868660 -104.925056 -13.371787
v -121.089058 -135.693481 -39.071121
v -120.868217 -144.409149 -55.750622
v -121.274132 -128.389114 -45.880913
v -120.159065 -132.537521 -43.036060
v -122.179420 -131.949417 -42.350346
v -121.156853 -133.017883 -41.573437
v -121.206139 -131.072571 -43.387035
v -120.189705 -131.899002 -42.350346
v -122.065834 -133.253296 -43.751999
v -121.126808 -134.203430 -42.753098
v -121.178444 -132.165588 -44.652988
v -120.237114 -133.206955 -43.751999
v -122.372520 -124.898705 -43.075367
v -120.670631 -152.206619 -13.130093
v -121.256737 -129.075928 -45.877403
v -121.660057 -113.157570 -55.910374
v -121.443550 -121.702385 -39.142647
v -120.353905 -124.847542 -43.075367
v -122.342064 -125.530167 -42.383160
v -121.325356 -126.367134 -43.411087
v -121.375114 -124.403404 -41.617477
v -120.352348 -125.479744 -42.383160
v -122.294304 -124.236603 -43.798092
v -121.352730 -125.287125 -44.688148
v -121.404854 -123.229958 -42.809193
v -120.465569 -124.190262 -43.798092
v -122.177483 -132.595810 -34.743267
v -121.869789 -104.881111 -64.359810
v -121.273827 -128.401184 -31.891212
v -120.867470 -144.438217 -22.049166
v -121.089043 -135.693787 -38.713596
v -120.158882 -132.544662 -34.743267
v -122.179283 -131.955399 -35.427876
v -121.205940 -131.080338 -34.389721
v -121.156731 -133.022522 -36.206669
v -120.189552 -131.904984 -35.427876
v -122.065636 -133.261673 -34.028473
v -121.178185 -132.175507 -33.125652
v -121.126640 -134.210098 -35.029053
v -120.236885 -133.215332 -34.028473
v -122.565239 -128.729721 -31.586079
v -121.266350 -128.696808 -83.771706
v -121.429131 -122.271866 -32.571308
v -121.266335 -128.696808 -9.218519
v -121.103539 -135.121750 -32.571304
v -119.967430 -128.663895 -31.586079
v -122.546654 -128.729248 -32.792385
v -121.309669 -126.985718 -32.563881
v -121.222984 -130.407898 -32.563881
v -119.986015 -128.664368 -32.792385
v -122.443062 -128.726624 -30.326586
v -121.311745 -126.904297 -30.412710
v -121.220909 -130.489319 -30.412710
v -120.089607 -128.666977 -30.326586
v -122.380333 -136.027618 -38.882889
v -122.403267 -83.825821 -38.907444
v -121.106453 -135.006775 -32.456348
v -120.514870 -158.355087 -38.872364
v -121.106300 -135.012817 -45.310349
v -119.782509 -135.961792 -38.882889
v -122.392311 -134.821228 -38.883457
v -121.106209 -135.016403 -37.171700
v -121.106163 -135.018021 -40.594994
v -119.831657 -134.756332 -38.883457
v -122.226250 -137.283615 -38.882294
v -121.051720 -137.166840 -37.089245
v -121.051689 -137.168533 -40.675423
v -119.872780 -137.223984 -38.882294
v -122.566841 -128.666626 -46.186298
v -121.256508 -129.084671 5.997386
v -121.104942 -135.066925 -45.256668
v -121.272835 -128.440430 -68.553024
v -121.430504 -122.217537 -45.145554
v -119.969032 -128.600815 -46.186298
v -122.548012 -128.676575 -44.980034
v -121.224373 -130.353195 -45.223320
v -121.311073 -126.931129 -45.193733
v -119.987358 -128.611694 -44.980034
v -122.444954 -128.652649 -47.445744
v -121.222771 -130.416031 -47.375122
v -121.313606 -126.831131 -47.344124
v -120.091484 -128.593018 -47.445744
v -122.750145 -121.431915 -38.924343
v -120.129433 -173.567184 -38.652580
v -121.425438 -122.417351 -45.346127
v -122.017799 -99.038925 -39.040825
v -121.427132 -122.350441 -32.492298
v -120.152336 -121.366081 -38.924343
v -122.701012 -122.637352 -38.918060
v -121.426247 -122.385391 -40.630875
v -121.426704 -122.367569 -37.207626
v -120.140358 -122.572472 -38.918060
v -122.659874 -120.169746 -38.930901
v -121.480736 -120.235352 -40.723518
v -121.481209 -120.216690 -37.137386
v -120.306404 -120.110107 -38.930901
v -122.691200 -123.758369 -33.541843
v -120.491859 -159.263016 -71.746704
v -121.494469 -119.692703 -38.641216
v -121.778236 -108.493523 -17.166662
v -121.256126 -129.100052 -29.885042
v -120.093391 -123.692543 -33.541843
v -122.651802 -124.579376 -34.424976
v -121.407173 -123.138634 -35.423672
v -121.343681 -125.644005 -33.091713
v -120.091148 -124.514488 -34.424976
v -122.590767 -122.897583 -32.619781
v -121.445808 -121.614120 -33.904289
v -121.379311 -124.238708 -31.461372
v -120.237297 -122.837952 -32.619781
v -122.439171 -133.705383 -44.226780
v -122.041496 -98.104034 -6.050683
v -121.038185 -137.701096 -39.124146
v -120.753990 -148.917633 -60.589634
v -121.276375 -128.300827 -47.887932
v -119.841362 -133.639557 -44.226780
v -122.441429 -132.882721 -43.344307
v -121.125435 -134.257767 -42.344475
v -121.188866 -131.754288 -44.678459
v -119.880775 -132.817841 -43.344307
v -122.295250 -134.560730 -45.148148
v -121.086784 -135.783508 -43.862625
v -121.153221 -133.160904 -46.307667
v -119.941780 -134.501099 -45.148148
v -122.689919 -123.808868 -44.277367
v -120.499718 -158.952499 -5.739635
v -121.253975 -129.184723 -47.883411
v -121.773048 -108.698761 -60.795227
v -121.494423 -119.695427 -39.216194
v -120.092110 -123.743050 -44.277367
v -122.650749 -124.621529 -43.386536
v -121.342308 -125.698669 -44.709415
v -121.406334 -123.171463 -42.401146
v -120.090096 -124.556648 -43.386536
v -122.589272 -122.956795 -45.207474
v -121.377510 -124.308754 -46.352913
v -121.444603 -121.661301 -43.934822
v -120.235802 -122.897171 -45.207474
v -122.438942 -133.714584 -33.554462
v -122.042931 -98.047478 -71.669136
v -121.275978 -128.316360 -29.884047
v -120.753029 -148.955048 -17.217934
v -121.038170 -137.701492 -38.664036
v -119.841133 -133.648758 -33.554462
v -122.441231 -132.890396 -34.435509
v -121.188606 -131.764252 -33.099468
v -121.125282 -134.263718 -35.437771
v -119.880577 -132.825516 -34.435509
v -122.294975 -134.571518 -32.634571
v -121.152901 -133.173691 -31.472698
v -121.086555 -135.792068 -33.922253
v -119.941505 -134.511871 -32.634571
v -121.434380 -128.701065 -37.941864
v -121.266350 -128.696808 -44.693298
v -121.287392 -127.865601 -38.069328
v -121.266350 -128.696808 -35.048100
v -121.245277 -129.528015 -38.069328
v -121.098289 -128.692551 -37.941864
v -121.431984 -128.700989 -38.097931
v -121.271935 -128.475449 -38.068367
v -121.260735 -128.918167 -38.068367
v -121.100685 -128.692612 -38.097931
v -121.418587 -128.700668 -37.778919
v -121.272209 -128.464905 -37.790062
v -121.260460 -128.928711 -37.790062
v -121.114082 -128.692947 -37.778919
v -121.410469 -129.645218 -38.885880
v -121.413429 -122.891693 -38.889057
v -121.245644 -129.513138 -38.054455
v -121.169106 -132.533798 -38.884514
v -121.245628 -129.513931 -39.717422
v -121.074379 -129.636703 -38.885880
v -121.411995 -129.489136 -38.885952
v -121.245613 -129.514389 -38.664497
v -121.245613 -129.514603 -39.107380
v -121.080727 -129.480743 -38.885952
v -121.390526 -129.807709 -38.885799
v -121.238579 -129.792603 -38.653828
v -121.238564 -129.792831 -39.117786
v -121.086037 -129.799988 -38.885799
v -121.434578 -128.692902 -39.830746
v -121.265068 -128.746979 -33.079567
v -121.245445 -129.520935 -39.710476
v -121.267174 -128.663635 -42.724403
v -121.287575 -127.858566 -39.696098
v -121.098503 -128.684372 -39.830746
v -121.432137 -128.694199 -39.674686
v -121.260902 -128.911102 -39.706161
v -121.272133 -128.468384 -39.702332
v -121.100868 -128.685791 -39.674686
v -121.418816 -128.691086 -39.993683
v -121.260704 -128.919220 -39.984547
v -121.272438 -128.455429 -39.980537
v -121.114342 -128.683380 -39.993683
v -121.458305 -127.756912 -38.891243
v -121.119255 -134.501846 -38.856083
v -121.286919 -127.884407 -39.722050
v -121.363564 -124.859871 -38.906311
v -121.287148 -127.875755 -38.059105
v -121.122215 -127.748398 -38.891243
v -121.451942 -127.912880 -38.890430
v -121.287041 -127.880287 -39.112022
v -121.287086 -127.877975 -38.669144
v -121.120674 -127.904480 -38.890430
v -121.446632 -127.593620 -38.892090
v -121.294075 -127.602119 -39.124004
v -121.294136 -127.599709 -38.660057
v -121.142143 -127.585915 -38.892090
v -121.450661 -128.057892 -38.194889
v -121.166145 -132.651260 -43.137585
v -121.295845 -127.531914 -38.854610
v -121.332558 -126.083046 -36.076378
v -121.265007 -128.748978 -37.721798
v -121.114586 -128.049393 -38.194889
v -121.445580 -128.164108 -38.309143
v -121.284554 -127.977722 -38.438351
v -121.276344 -128.301849 -38.136654
v -121.114296 -128.155731 -38.309143
v -121.437691 -127.946541 -38.075600
v -121.289558 -127.780487 -38.241779
v -121.280952 -128.120041 -37.925732
v -121.133202 -127.938828 -38.075600
v -121.418068 -129.344788 -39.577232
v -121.366615 -124.738914 -34.638264
v -121.236824 -129.861710 -38.917091
v -121.200050 -131.312836 -41.694153
v -121.267632 -128.645569 -40.050892
v -121.081993 -129.336258 -39.577232
v -121.418373 -129.238358 -39.463070
v -121.248100 -129.416245 -39.333714
v -121.256310 -129.092361 -39.635674
v -121.087090 -129.229950 -39.463066
v -121.399452 -129.455429 -39.696438
v -121.243111 -129.613632 -39.530125
v -121.251701 -129.274338 -39.846447
v -121.094978 -129.447739 -39.696438
v -121.450508 -128.064423 -39.583778
v -121.167168 -132.611084 -34.598026
v -121.264732 -128.759933 -40.050308
v -121.331886 -126.109589 -41.720753
v -121.295845 -127.532265 -38.928997
v -121.114418 -128.055908 -39.583778
v -121.445442 -128.169556 -39.468529
v -121.276161 -128.308929 -39.639675
v -121.284462 -127.981972 -39.341045
v -121.114159 -128.161179 -39.468529
v -121.437492 -127.954201 -39.704113
v -121.280724 -128.129105 -39.852299
v -121.289391 -127.786598 -39.539463
v -121.133003 -127.946495 -39.704113
v -121.418037 -129.345978 -38.196522
v -121.366798 -124.731598 -43.127544
v -121.267586 -128.647583 -37.721668
v -121.199944 -131.317673 -36.083012
v -121.236824 -129.861771 -38.857563
v -121.081947 -129.337463 -38.196522
v -121.418327 -129.239334 -38.310509
v -121.256294 -129.093643 -38.137661
v -121.248085 -129.417007 -38.440170
v -121.087059 -129.230942 -38.310509
v -121.399406 -129.456833 -38.077515
v -121.251656 -129.275986 -37.927197
v -121.243065 -129.614746 -38.244106
v -121.094933 -129.449127 -38.077515
v -121.487328 -128.702393 -37.644310
v -121.266350 -128.696808 -46.522804
v -121.294044 -127.603706 -37.811932
v -121.266350 -128.696808 -33.838852
v -121.238640 -129.789902 -37.811932
v -121.045341 -128.691208 -37.644310
v -121.484169 -128.702316 -37.849545
v -121.273720 -128.405701 -37.810669
v -121.258965 -128.987915 -37.810669
v -121.048515 -128.691284 -37.849545
v -121.466530 -128.701874 -37.430031
v -121.274055 -128.391846 -37.444683
v -121.258614 -129.001770 -37.444683
v -121.066139 -128.691727 -37.430031
v -121.455864 -129.944016 -38.885738
v -121.459770 -121.062767 -38.889919
v -121.239128 -129.770340 -37.792374
v -121.138481 -133.742645 -38.883945
v -121.239098 -129.771362 -39.979259
v -121.013878 -129.932831 -38.885738
v -121.457893 -129.738770 -38.885838
v -121.239098 -129.771973 -38.594608
v -121.239098 -129.772247 -39.177025
v -121.022255 -129.727722 -38.885838
v -121.429649 -130.157700 -38.885635
v -121.229836 -130.137833 -38.580582
v -121.229820 -130.138123 -39.190704
v -121.029243 -130.147552 -38.885635
v -121.487602 -128.691666 -40.128288
v -121.264656 -128.762802 -31.250130
v -121.238869 -129.780579 -39.970127
v -121.267448 -128.653198 -43.933605
v -121.294273 -127.594475 -39.951225
v -121.045631 -128.680481 -40.128288
v -121.484383 -128.693359 -39.923061
v -121.259193 -128.978607 -39.964458
v -121.273964 -128.396393 -39.959419
v -121.048744 -128.682327 -39.923061
v -121.466850 -128.689285 -40.342564
v -121.258919 -128.989304 -40.330547
v -121.274376 -128.379379 -40.325272
v -121.066460 -128.679153 -40.342564
v -121.518791 -127.460815 -38.892792
v -121.072914 -136.330719 -38.846554
v -121.293419 -127.628456 -39.985348
v -121.394188 -123.651024 -38.912609
v -121.293694 -127.617081 -37.798489
v -121.076805 -127.449608 -38.892792
v -121.510414 -127.665886 -38.891724
v -121.293556 -127.623024 -39.183128
v -121.293633 -127.619995 -38.600723
v -121.074776 -127.654854 -38.891724
v -121.503441 -127.246078 -38.893909
v -121.302803 -127.257240 -39.198891
v -121.302895 -127.254059 -38.588772
v -121.103020 -127.235931 -38.893909
v -121.508751 -127.856613 -37.977055
v -121.134575 -133.897125 -44.476955
v -121.305153 -127.164909 -38.844624
v -121.353432 -125.259567 -35.191093
v -121.264595 -128.765411 -37.354908
v -121.066780 -127.845413 -37.977055
v -121.502052 -127.996292 -38.127304
v -121.290291 -127.751175 -38.297211
v -121.279488 -128.177429 -37.900471
v -121.066399 -127.985268 -38.127304
v -121.491661 -127.710159 -37.820175
v -121.296867 -127.491814 -38.038715
v -121.285545 -127.938332 -37.623093
v -121.091270 -127.700020 -37.820175
v -121.465874 -129.548920 -39.794910
v -121.398216 -123.491974 -33.299900
v -121.227516 -130.228729 -38.926788
v -121.179161 -132.137024 -42.578770
v -121.268044 -128.629440 -40.417789
v -121.023903 -129.537720 -39.794910
v -121.466255 -129.408966 -39.644772
v -121.242363 -129.642914 -39.474667
v -121.253151 -129.216980 -39.871754
v -121.030617 -129.397919 -39.644772
v -121.441383 -129.694443 -39.951664
v -121.235802 -129.902481 -39.732956
v -121.247078 -129.456299 -40.148937
v -121.040977 -129.684296 -39.951664
v -121.508537 -127.865204 -39.803516
v -121.135902 -133.844284 -33.246979
v -121.264229 -128.779800 -40.417023
v -121.352531 -125.294479 -42.613747
v -121.305153 -127.165375 -38.942444
v -121.066566 -127.854019 -39.803516
v -121.501869 -128.003464 -39.651958
v -121.279259 -128.186722 -39.877022
v -121.290154 -127.756767 -39.484310
v -121.066216 -127.992439 -39.651958
v -121.491402 -127.720245 -39.961758
v -121.285255 -127.950264 -40.156635
v -121.296669 -127.499832 -39.745239
v -121.091011 -127.710098 -39.961758
v -121.465843 -129.550491 -37.979198
v -121.398476 -123.482353 -44.463757
v -121.267967 -128.632080 -37.354740
v -121.179008 -132.143402 -35.199818
v -121.227516 -130.228790 -38.848503
v -121.023857 -129.539291 -37.979198
v -121.466240 -129.410278 -38.129093
v -121.253105 -129.218674 -37.901791
v -121.242348 -129.643921 -38.299610
v -121.030556 -129.399231 -38.129093
v -121.441338 -129.696274 -37.822693
v -121.247032 -129.458466 -37.625019
v -121.235741 -129.903946 -38.041771
v -121.040947 -129.686142 -37.822693
v -121.540718 -128.703766 -37.344193
v -121.266350 -128.696808 -48.368057
v -121.300728 -127.339569 -37.552315
v -121.266350 -128.696808 -32.619198
v -121.231941 -130.054031 -37.552319
v -120.991951 -128.689850 -37.344193
v -121.536797 -128.703659 -37.599018
v -121.275490 -128.335342 -37.550751
v -121.257179 -129.058258 -37.550751
v -120.995872 -128.689957 -37.599018
v -121.514915 -128.703094 -37.078136
v -121.275917 -128.318146 -37.096329
v -121.256752 -129.075470 -37.096329
v -121.017754 -128.690491 -37.078136
v -121.501656 -130.245377 -38.885597
v -121.506508 -119.218109 -38.890789
v -121.232567 -130.029739 -37.528034
v -121.107597 -134.961914 -38.883373
v -121.232536 -130.031021 -40.243359
v -120.952888 -130.231491 -38.885597
v -121.504204 -129.990540 -38.885719
v -121.232506 -130.031769 -38.524120
v -121.232506 -130.032120 -39.247269
v -120.963264 -129.976852 -38.885719
v -121.469109 -130.510712 -38.885475
v -121.221001 -130.486053 -38.506702
v -121.221001 -130.486404 -39.264256
v -120.971962 -130.498108 -38.885475
v -121.541054 -128.690430 -40.428394
v -121.264259 -128.778732 -29.404943
v -121.232231 -130.042450 -40.232014
v -121.267708 -128.642654 -45.153214
v -121.301018 -127.328102 -40.208546
v -120.992287 -128.676514 -40.428394
v -121.537086 -128.692535 -40.173576
v -121.257469 -129.046707 -40.224968
v -121.275780 -128.323822 -40.218719
v -120.996162 -128.678818 -40.173576
v -121.515312 -128.687469 -40.694443
v -121.257133 -129.059967 -40.679523
v -121.276329 -128.302689 -40.672974
v -121.018166 -128.674881 -40.694443
v -121.579796 -127.162140 -38.894352
v -121.026176 -138.175369 -38.836948
v -121.299950 -127.370308 -40.250912
v -121.425087 -122.431778 -38.918964
v -121.300301 -127.356178 -37.535625
v -121.031013 -127.148239 -38.894352
v -121.569405 -127.416779 -38.893028
v -121.300117 -127.363548 -39.254845
v -121.300209 -127.359795 -38.531712
v -121.028481 -127.403084 -38.893028
v -121.560722 -126.895523 -38.895741
v -121.311623 -126.909378 -39.274418
v -121.311714 -126.905434 -38.516869
v -121.063560 -126.882935 -38.895741
v -121.567329 -127.653595 -37.757339
v -121.102745 -135.153717 -45.827858
v -121.314522 -126.794754 -38.834545
v -121.374474 -124.428993 -34.298191
v -121.264183 -128.781998 -36.984859
v -121.018547 -127.639687 -37.757339
v -121.558998 -127.827019 -37.943893
v -121.296089 -127.522675 -38.154861
v -121.282677 -128.051926 -37.662251
v -121.018089 -127.813324 -37.943893
v -121.546120 -127.471748 -37.562557
v -121.304253 -127.200638 -37.833900
v -121.290199 -127.755058 -37.317852
v -121.048958 -127.459160 -37.562557
v -121.514091 -129.754837 -40.014462
v -121.430092 -122.234283 -31.950018
v -121.218147 -130.598892 -38.936562
v -121.158089 -132.968323 -43.471001
v -121.268471 -128.613159 -40.787853
v -120.965324 -129.740936 -40.014462
v -121.514565 -129.581055 -39.828045
v -121.236580 -129.871521 -39.616837
v -121.249977 -129.342667 -40.109875
v -120.973640 -129.567352 -39.828045
v -121.483696 -129.935516 -40.209095
v -121.228401 -130.193817 -39.937534
v -121.242455 -129.639816 -40.454029
v -120.986534 -129.922928 -40.209095
v -121.567055 -127.664261 -40.025143
v -121.104393 -135.088104 -31.884312
v -121.263710 -128.799881 -40.786900
v -121.373390 -124.472351 -43.514431
v -121.314507 -126.795326 -38.956005
v -121.018288 -127.650368 -40.025143
v -121.558784 -127.835930 -39.836960
v -121.282372 -128.063461 -40.116409
v -121.295906 -127.529602 -39.628803
v -121.017860 -127.822220 -39.836960
v -121.545799 -127.484268 -40.221622
v -121.289818 -127.769867 -40.463593
v -121.303993 -127.210602 -39.952782
v -121.048653 -127.471680 -40.221622
v -121.514046 -129.756775 -37.760002
v -121.430382 -122.222328 -45.811474
v -121.268364 -128.616440 -36.984653
v -121.157921 -132.976212 -34.309021
v -121.218132 -130.598984 -38.839367
v -120.965263 -129.742859 -37.760002
v -121.514519 -129.582672 -37.946117
v -121.249931 -129.344788 -37.663891
v -121.236534 -129.872787 -38.157841
v -120.973595 -129.568954 -37.946117
v -121.483635 -129.937805 -37.565681
v -121.242363 -129.642517 -37.320244
v -121.228355 -130.195633 -37.837696
v -120.986488 -129.925201 -37.565681
v -121.618645 -128.705734 -36.906269
v -121.266350 -128.696808 -51.060627
v -121.310478 -126.954170 -37.173492
v -121.266350 -128.696808 -30.839497
v -121.222191 -130.439438 -37.173492
v -120.914024 -128.687866 -36.906269
v -121.613609 -128.705612 -37.233459
v -121.278099 -128.232697 -37.171482
v -121.254570 -129.160904 -37.171482
v -120.919060 -128.687988 -37.233459
v -121.585518 -128.704895 -36.564655
v -121.278648 -128.210632 -36.588017
v -121.254021 -129.182983 -36.588017
v -120.947151 -128.688721 -36.564655
v -121.568504 -130.685135 -38.885391
v -121.574715 -116.526405 -38.892056
v -121.222969 -130.408264 -37.142315
v -121.062523 -136.741043 -38.882538
v -121.222923 -130.409897 -40.628719
v -120.863869 -130.667282 -38.885391
v -121.571739 -130.357925 -38.885548
v -121.222908 -130.410889 -38.421265
v -121.222893 -130.411316 -39.349770
v -120.877205 -130.340332 -38.885548
v -121.526695 -131.025818 -38.885227
v -121.208138 -130.994141 -38.398899
v -121.208107 -130.994614 -39.371582
v -120.888359 -131.009644 -38.885227
v -121.619087 -128.688614 -40.866299
v -121.263680 -128.802002 -26.712473
v -121.222542 -130.424576 -40.614155
v -121.268105 -128.627258 -46.932850
v -121.310860 -126.939430 -40.584023
v -120.914467 -128.670746 -40.866299
v -121.613960 -128.691315 -40.539127
v -121.254951 -129.146072 -40.605114
v -121.278481 -128.217896 -40.597088
v -120.919441 -128.673721 -40.539127
v -121.586021 -128.684814 -41.207905
v -121.254524 -129.163101 -41.188747
v -121.279152 -128.190765 -41.180340
v -120.947670 -128.668640 -41.207905
v -121.668800 -126.726341 -38.896633
v -120.957985 -140.867035 -38.822926
v -121.309502 -126.993629 -40.638420
v -121.470161 -120.652672 -38.928230
v -121.309944 -126.975464 -37.152061
v -120.964195 -126.708488 -38.896633
v -121.655464 -127.053299 -38.894932
v -121.309700 -126.984947 -39.359497
v -121.309837 -126.980110 -38.431007
v -120.960945 -127.035698 -38.894932
v -121.644310 -126.384003 -38.898415
v -121.324486 -126.401802 -39.384624
v -121.324623 -126.396736 -38.411957
v -121.005989 -126.367836 -38.898415
v -121.652809 -127.357353 -37.436733
v -121.056267 -136.987305 -47.799080
v -121.328209 -126.254623 -38.819839
v -121.405174 -123.217049 -32.995277
v -121.263573 -128.806168 -36.444897
v -120.948189 -127.339485 -37.436733
v -121.642128 -127.580017 -37.676266
v -121.304543 -127.189247 -37.947144
v -121.287315 -127.868797 -37.314644
v -120.947578 -127.562431 -37.676266
v -121.625557 -127.123878 -37.186642
v -121.315010 -126.775764 -37.535038
v -121.296974 -127.487640 -36.872444
v -120.987221 -127.107704 -37.186642
v -121.584450 -130.055283 -40.334820
v -121.476570 -120.399101 -29.980284
v -121.204460 -131.139038 -38.950829
v -121.127357 -134.181335 -44.772930
v -121.269051 -128.589401 -41.327839
v -120.879829 -130.037430 -40.334820
v -121.585045 -129.832153 -40.095467
v -121.228111 -130.205109 -39.824284
v -121.245338 -129.526093 -40.457329
v -120.890526 -129.814560 -40.095467
v -121.545418 -130.287277 -40.584724
v -121.217644 -130.618942 -40.236050
v -121.235649 -129.907608 -40.899220
v -120.907066 -130.271103 -40.584724
v -121.652473 -127.371056 -40.348541
v -121.058418 -136.903076 -29.895914
v -121.262978 -128.829147 -41.326611
v -121.403786 -123.272713 -44.828693
v -121.328194 -126.255348 -38.975792
v -120.947838 -127.353188 -40.348541
v -121.641838 -127.591454 -40.106922
v -121.286934 -127.883621 -40.465729
v -121.304298 -127.198158 -39.839649
v -120.947304 -127.573868 -40.106922
v -121.625145 -127.139938 -40.600815
v -121.296501 -127.506638 -40.911491
v -121.314674 -126.788551 -40.255630
v -120.986824 -127.123756 -40.600815
v -121.584373 -130.057785 -37.440159
v -121.476967 -120.383759 -47.778038
v -121.268959 -128.593597 -36.444626
v -121.127113 -134.191467 -33.009186
v -121.204460 -131.139160 -38.826031
v -120.879768 -130.039917 -37.440159
v -121.584999 -129.834244 -37.679123
v -121.245262 -129.528778 -37.316750
v -121.228081 -130.206726 -37.950970
v -120.890465 -129.816635 -37.679123
v -121.545341 -130.290207 -37.190655
v -121.235573 -129.911072 -36.875519
v -121.217567 -130.621246 -37.539913
v -120.907005 -130.274033 -37.190655
v -121.729591 -128.708527 -36.282665
v -121.266350 -128.696808 -54.894844
v -121.324394 -126.405327 -36.634048
v -121.266350 -128.696808 -28.305202
v -121.208275 -130.988281 -36.634048
v -120.803078 -128.685074 -36.282665
v -121.722969 -128.708374 -36.712898
v -121.281792 -128.086533 -36.631405
v -121.250877 -129.307068 -36.631405
v -120.809700 -128.685242 -36.712898
v -121.686028 -128.707443 -35.833466
v -121.282539 -128.057510 -35.864182
v -121.250130 -129.336105 -35.864182
v -120.846657 -128.686172 -35.833466
v -121.663643 -131.311356 -38.885098
v -121.671822 -112.693428 -38.893860
v -121.209328 -130.947266 -36.593052
v -120.998314 -139.274521 -38.881344
v -121.209267 -130.949432 -41.177475
v -120.737144 -131.287888 -38.885098
v -121.667900 -130.881088 -38.885300
v -121.209221 -130.950714 -38.274796
v -121.209206 -130.951294 -39.495724
v -120.754646 -130.857971 -38.885300
v -121.608696 -131.759323 -38.884888
v -121.189796 -131.717682 -38.245388
v -121.189781 -131.718277 -39.524410
v -120.769325 -131.738037 -38.884888
v -121.730171 -128.686050 -41.489883
v -121.262825 -128.835129 -22.878405
v -121.208778 -130.968735 -41.158329
v -121.268654 -128.605362 -49.467045
v -121.324883 -126.385948 -41.118694
v -120.803658 -128.662567 -41.489883
v -121.723457 -128.689590 -41.059666
v -121.251366 -129.287567 -41.146435
v -121.282295 -128.067062 -41.135880
v -120.810173 -128.666458 -41.059666
v -121.686684 -128.681061 -41.939064
v -121.250801 -129.309967 -41.913883
v -121.283211 -128.031418 -41.902824
v -120.847313 -128.659775 -41.939064
v -121.795555 -126.105774 -38.899883
v -120.860863 -144.699966 -38.802956
v -121.323067 -126.457222 -41.190235
v -121.534355 -118.119217 -38.941429
v -121.323677 -126.433342 -36.605869
v -120.869026 -126.082275 -38.899883
v -121.778023 -126.535675 -38.897644
v -121.323387 -126.445816 -39.508522
v -121.323524 -126.439476 -38.287609
v -120.864754 -126.512535 -38.897644
v -121.763344 -125.655602 -38.902222
v -121.342796 -125.679001 -39.541561
v -121.342964 -125.672348 -38.262558
v -120.923973 -125.634338 -38.902222
v -121.774529 -126.935501 -36.980198
v -120.990120 -139.598343 -50.606087
v -121.347710 -125.485466 -38.798904
v -121.448891 -121.491234 -31.139935
v -121.262688 -128.840622 -35.675987
v -120.847984 -126.912025 -36.980198
v -121.760475 -127.228310 -37.295170
v -121.316551 -126.714462 -37.651356
v -121.293922 -127.608017 -36.819656
v -120.847206 -127.205177 -37.295170
v -121.738701 -126.628494 -36.651337
v -121.330345 -126.170746 -37.109463
v -121.306618 -127.106804 -36.238190
v -120.899330 -126.607231 -36.651337
v -121.684639 -130.483139 -40.791016
v -121.542793 -117.785789 -27.175385
v -121.184975 -131.908218 -38.971142
v -121.083611 -135.908630 -46.626881
v -121.269905 -128.555588 -42.096775
v -120.758110 -130.459656 -40.791016
v -121.685448 -130.189728 -40.476280
v -121.216072 -130.680145 -40.119686
v -121.238701 -129.787262 -40.952106
v -120.772163 -130.166580 -40.476280
v -121.633308 -130.788193 -41.119625
v -121.202293 -131.224304 -40.661137
v -121.225990 -130.288956 -41.533169
v -120.793938 -130.766922 -41.119625
v -121.774071 -126.953514 -40.809055
v -120.992928 -139.487595 -27.064447
v -121.261909 -128.870819 -42.095165
v -121.447060 -121.564430 -46.700207
v -121.347679 -125.486427 -39.003971
v -120.847542 -126.930038 -40.809055
v -121.760094 -127.243347 -40.491341
v -121.293434 -127.627525 -40.963150
v -121.316277 -126.726181 -40.139896
v -120.846809 -127.220200 -40.491337
v -121.738167 -126.649612 -41.140781
v -121.305977 -127.131798 -41.549309
v -121.329918 -126.187569 -40.686882
v -120.898796 -126.628334 -41.140781
v -121.684547 -130.486404 -36.984699
v -121.543312 -117.765617 -50.578423
v -121.269768 -128.561111 -35.675632
v -121.083260 -135.921967 -31.158222
v -121.184944 -131.908356 -38.807045
v -120.758034 -130.462936 -36.984699
v -121.685356 -130.192474 -37.298927
v -121.238625 -129.790833 -36.822426
v -121.216042 -130.682251 -37.656384
v -120.772102 -130.169312 -37.298927
v -121.633202 -130.792038 -36.656616
v -121.225883 -130.293503 -36.242229
v -121.202202 -131.227356 -37.115871
v -120.793831 -130.770767 -36.656616
v -121.907646 -128.713058 -35.281986
v -121.266350 -128.696808 -61.047493
v -121.346718 -125.524643 -35.768421
v -121.266350 -128.696808 -24.238501
v -121.185951 -131.868958 -35.768421
v -120.625023 -128.680542 -35.281986
v -121.898460 -128.712814 -35.877575
v -121.287743 -127.851990 -35.764759
v -121.244926 -129.541626 -35.764759
v -120.634209 -128.680771 -35.877575
v -121.847313 -128.711533 -34.660141
v -121.288750 -127.811798 -34.702663
v -121.243904 -129.581818 -34.702663
v -120.685356 -128.682083 -34.660141
v -121.816353 -132.316223 -38.884628
v -121.827675 -106.542747 -38.896755
v -121.187401 -131.812210 -35.711666
v -120.895317 -143.339935 -38.879433
v -121.187325 -131.815201 -42.058044
v -120.533730 -132.283737 -38.884628
v -121.822258 -131.720596 -38.884907
v -121.187279 -131.816986 -38.039764
v -121.187248 -131.817764 -39.729942
v -120.557991 -131.688568 -38.884907
v -121.740288 -132.936356 -38.884335
v -121.160378 -132.878708 -37.999058
v -121.160347 -132.879547 -39.769650
v -120.578300 -132.906906 -38.884335
v -121.908440 -128.681900 -42.490524
v -121.261482 -128.888321 -16.725985
v -121.186638 -131.841919 -42.031540
v -121.269554 -128.570236 -53.533600
v -121.347404 -125.497810 -41.976677
v -120.625816 -128.649399 -42.490524
v -121.899132 -128.686813 -41.894958
v -121.245613 -129.514618 -42.015079
v -121.288429 -127.825035 -42.000465
v -120.634865 -128.654770 -41.894958
v -121.848244 -128.675003 -43.112347
v -121.244820 -129.545624 -43.077477
v -121.289680 -127.775673 -43.062176
v -120.686272 -128.645569 -43.112347
v -121.998940 -125.109924 -38.905090
v -120.705009 -150.850555 -38.770920
v -121.344902 -125.596474 -42.075706
v -121.637367 -114.053879 -38.962608
v -121.345726 -125.563438 -35.729412
v -120.716331 -125.077423 -38.905090
v -121.974663 -125.705078 -38.901989
v -121.345299 -125.580696 -39.747658
v -121.345512 -125.571892 -38.057503
v -120.710411 -125.673058 -38.901989
v -121.954353 -124.486763 -38.908329
v -121.372185 -124.519157 -39.793396
v -121.372429 -124.509941 -38.022823
v -120.792397 -124.457314 -38.908329
v -121.969841 -126.258568 -36.247604
v -120.883949 -143.788193 -55.110413
v -121.378990 -124.251228 -38.765305
v -121.519081 -118.721878 -28.162720
v -121.261284 -128.895905 -34.442139
v -120.687218 -126.226067 -36.247604
v -121.950386 -126.663910 -36.683632
v -121.335869 -125.952591 -37.176716
v -121.304512 -127.189560 -36.025360
v -120.686119 -126.631889 -36.683632
v -121.920250 -125.833557 -35.792355
v -121.354942 -125.199883 -36.426552
v -121.322105 -126.495720 -35.220417
v -120.758278 -125.804123 -35.792355
v -121.845390 -131.169678 -41.523052
v -121.649055 -113.592293 -22.674450
v -121.153679 -133.142471 -39.003746
v -121.013374 -138.680405 -49.601856
v -121.271294 -128.501297 -43.330669
v -120.562782 -131.137177 -41.523052
v -121.846504 -130.763504 -41.087357
v -121.196770 -131.442413 -40.593708
v -121.228081 -130.206360 -41.746063
v -120.582253 -130.731476 -41.087353
v -121.774330 -131.591980 -41.977962
v -121.177681 -132.195709 -41.343262
v -121.210487 -130.900864 -42.550449
v -120.612373 -131.562546 -41.977962
v -121.969200 -126.283493 -41.548031
v -120.887825 -143.634888 -22.520878
v -121.260231 -128.937698 -43.328438
v -121.516518 -118.823204 -49.703362
v -121.378960 -124.252571 -39.049187
v -120.686577 -126.251007 -41.548031
v -121.949852 -126.684723 -41.108208
v -121.303841 -127.216545 -41.761349
v -121.335457 -125.968781 -40.621693
v -120.685585 -126.652687 -41.108204
v -121.919518 -125.862808 -42.007248
v -121.321220 -126.530296 -42.572788
v -121.354347 -125.223190 -41.378906
v -120.757530 -125.833359 -42.007248
v -121.845284 -131.174225 -36.253834
v -121.649757 -113.564377 -55.072117
v -121.271095 -128.508972 -34.441647
v -121.012901 -138.698868 -28.188034
v -121.153694 -133.142670 -38.776573
v -120.562675 -131.141724 -36.253838
v -121.846413 -130.767303 -36.688831
v -121.227959 -130.211304 -36.029194
v -121.196693 -131.445343 -37.183678
v -120.582146 -130.735275 -36.688831
v -121.774208 -131.597305 -35.799656
v -121.210335 -130.907166 -35.226009
v -121.177574 -132.199936 -36.435425
v -120.612236 -131.567871 -35.799656
v -122.082970 -128.717499 -34.296593
v -121.266350 -128.696808 -67.106163
v -121.368675 -124.657394 -34.916012
v -121.266350 -128.696808 -20.233913
v -121.163994 -132.736221 -34.916012
v -120.449699 -128.676102 -34.296593
v -122.071297 -128.717194 -35.055008
v -121.293587 -127.621025 -34.911350
v -121.239082 -129.772583 -34.911350
v -120.461388 -128.676407 -35.055008
v -122.006157 -128.715546 -33.504742
v -121.294899 -127.569839 -33.558887
v -121.237785 -129.823776 -33.558887
v -120.526512 -128.678070 -33.504742
v -121.966713 -133.305756 -38.884167
v -121.981148 -100.486031 -38.899605
v -121.165810 -132.663940 -34.843742
v -120.793861 -147.343231 -38.877548
v -121.165718 -132.667740 -42.925167
v -120.333443 -133.264374 -38.884167
v -121.974236 -132.547287 -38.884518
v -121.165672 -132.669998 -37.808323
v -121.165627 -132.671005 -39.960583
v -120.364342 -132.506485 -38.884518
v -121.869850 -134.095413 -38.883793
v -121.131401 -134.021988 -37.756485
v -121.131386 -134.023056 -40.011150
v -120.390205 -134.057922 -38.883793
v -122.083977 -128.677826 -43.475880
v -121.260155 -128.940674 -10.667542
v -121.164848 -132.701767 -42.891411
v -121.270409 -128.535629 -57.538036
v -121.369560 -124.623238 -42.821552
v -120.450706 -128.636444 -43.475880
v -122.072136 -128.684082 -42.717491
v -121.239952 -129.738190 -42.870453
v -121.294472 -127.586708 -42.851849
v -120.462227 -128.643295 -42.717491
v -122.007347 -128.669037 -44.267704
v -121.238945 -129.777695 -44.223305
v -121.296059 -127.523842 -44.203815
v -120.527702 -128.631561 -44.267704
v -122.199226 -124.129311 -38.910225
v -120.551552 -156.907196 -38.739365
v -121.366371 -124.748863 -42.947655
v -121.738777 -110.050629 -38.983463
v -121.367439 -124.706795 -34.866341
v -120.565956 -124.087921 -38.910225
v -122.168343 -124.887177 -38.906273
v -121.366890 -124.728767 -39.983135
v -121.367165 -124.717560 -37.830910
v -120.558434 -124.846382 -38.906273
v -122.142479 -123.335770 -38.914349
v -121.401131 -123.377014 -40.041382
v -121.401421 -123.365288 -37.786751
v -120.662819 -123.298279 -38.914349
v -122.162163 -125.591972 -35.526203
v -120.779411 -147.914047 -59.545937
v -121.409767 -123.035851 -38.732224
v -121.588173 -115.994820 -25.230978
v -121.259911 -128.950317 -33.227135
v -120.528893 -125.550575 -35.526203
v -122.137398 -126.108139 -36.081436
v -121.354866 -125.202332 -36.709324
v -121.314964 -126.777489 -35.243202
v -120.527489 -126.067345 -36.081436
v -122.099022 -125.050774 -34.946491
v -121.379158 -124.243858 -35.754070
v -121.337349 -125.893967 -34.218189
v -120.619362 -125.013290 -34.946491
v -122.003716 -131.845749 -42.243912
v -121.753685 -109.462860 -18.242268
v -121.122902 -134.357880 -39.035847
v -120.944221 -141.409836 -52.531387
v -121.272636 -128.447861 -44.545715
v -120.370430 -131.804352 -42.243912
v -122.005119 -131.328522 -41.689095
v -121.177742 -132.193039 -41.060493
v -121.217644 -130.619064 -42.527889
v -120.395226 -131.287735 -41.689095
v -121.913216 -132.383499 -42.823189
v -121.153435 -133.152267 -42.014969
v -121.195229 -131.503433 -43.552189
v -120.433556 -132.346008 -42.823189
v -122.161354 -125.623711 -42.275719
v -120.784355 -147.718826 -18.046709
v -121.258568 -129.003571 -44.542873
v -121.584908 -116.123856 -52.660645
v -121.409721 -123.037552 -39.093716
v -120.528084 -125.582329 -42.275719
v -122.136726 -126.134651 -41.715645
v -121.314095 -126.811844 -42.547352
v -121.354347 -125.222977 -41.096123
v -120.526833 -126.093857 -41.715645
v -122.098076 -125.088013 -42.860481
v -121.336235 -125.938011 -43.580639
v -121.378410 -124.273521 -42.060356
v -120.618431 -125.050514 -42.860481
v -122.003563 -131.851517 -35.534134
v -121.754585 -109.427307 -59.497169
v -121.272392 -128.457611 -33.226513
v -120.943611 -141.433334 -25.263216
v -121.122887 -134.358124 -38.746567
v -120.370293 -131.810135 -35.534134
v -122.005013 -131.333359 -36.088058
v -121.217476 -130.625351 -35.248077
v -121.177650 -132.196777 -36.718185
v -120.395103 -131.292572 -36.088058
v -121.913048 -132.390289 -34.955791
v -121.195015 -131.511459 -34.225307
v -121.153297 -133.157669 -35.765369
v -120.433403 -132.352798 -34.955791
v -122.347694 -128.724213 -32.808788
v -121.266350 -128.696808 -76.253906
v -121.401863 -123.347969 -33.628998
v -121.266350 -128.696808 -14.187550
v -121.130806 -134.045639 -33.629002
v -120.184990 -128.669403 -32.808788
v -122.332207 -128.723801 -33.813053
v -121.302422 -127.272301 -33.622822
v -121.230232 -130.121307 -33.622822
v -120.200447 -128.669785 -33.813053
v -122.245979 -128.721619 -31.760250
v -121.304146 -127.204521 -31.831947
v -121.228523 -130.189087 -31.831947
v -120.286690 -128.671967 -31.760250
v -122.193748 -134.799789 -38.883461
v -122.212837 -91.341225 -38.903912
v -121.133247 -133.949921 -33.533302
v -120.640724 -153.387650 -38.874702
v -121.133095 -133.954956 -44.234394
v -120.031044 -134.744980 -38.883461
v -122.203712 -133.795441 -38.883934
v -121.133018 -133.957962 -37.458881
v -121.133003 -133.959290 -40.308815
v -120.071938 -133.741425 -38.883934
v -122.065483 -135.845413 -38.882969
v -121.087669 -135.748215 -37.390240
v -121.087639 -135.749619 -40.375771
v -120.106178 -135.795761 -38.882969
v -122.349007 -128.671692 -44.963631
v -121.258156 -129.019714 -1.520150
v -121.131981 -134.000015 -44.189705
v -121.271736 -128.483383 -63.584171
v -121.403023 -123.302742 -44.097198
v -120.186302 -128.616898 -44.963631
v -122.333336 -128.679962 -43.959404
v -121.231407 -130.075775 -44.161945
v -121.303566 -127.226860 -44.137310
v -120.201561 -128.625946 -43.959404
v -122.247536 -128.660049 -46.012135
v -121.230080 -130.128067 -45.953339
v -121.305672 -127.143608 -45.927532
v -120.288246 -128.610397 -46.012135
v -122.501625 -122.648697 -38.917976
v -120.319847 -166.051880 -38.691727
v -121.398796 -123.469101 -44.264175
v -121.891930 -104.006302 -39.014950
v -121.400200 -123.413391 -33.563225
v -120.338921 -122.593910 -38.917976
v -122.460716 -123.652245 -38.912743
v -121.399467 -123.442482 -40.338680
v -121.399849 -123.427650 -37.488785
v -120.328957 -123.598228 -38.912743
v -122.426476 -121.597939 -38.923439
v -121.444832 -121.652557 -40.415810
v -121.445213 -121.637016 -37.430317
v -120.467201 -121.548286 -38.923439
v -122.452553 -124.585510 -34.436985
v -120.621574 -154.143509 -66.242943
v -121.456276 -121.200798 -38.682274
v -121.692513 -111.877357 -20.804466
v -121.257835 -129.032501 -31.392658
v -120.289833 -124.530708 -34.436985
v -122.419746 -125.269005 -35.172203
v -121.383583 -124.069565 -36.003628
v -121.330742 -126.155319 -34.062248
v -120.287987 -125.214989 -35.172203
v -122.368950 -123.868889 -33.669353
v -121.415733 -122.800392 -34.738724
v -121.360374 -124.985382 -32.704971
v -120.409645 -123.819244 -33.669353
v -122.242744 -132.866501 -43.332306
v -121.911659 -103.227989 -11.550298
v -121.076393 -136.192963 -39.084312
v -120.839806 -145.530869 -56.954567
v -121.274696 -128.367157 -46.380257
v -120.080040 -132.811691 -43.332306
v -122.244606 -132.181625 -42.597645
v -121.149040 -133.326370 -41.765274
v -121.201851 -131.242188 -43.708340
v -120.112846 -132.127609 -42.597645
v -122.122917 -133.578583 -44.099365
v -121.116859 -134.596573 -43.029152
v -121.172188 -132.413223 -45.064667
v -120.163628 -133.528931 -44.099365
v -122.451500 -124.627548 -43.374424
v -120.628120 -153.884995 -11.291347
v -121.256050 -129.102997 -46.376495
v -121.688179 -112.048218 -57.125725
v -121.456215 -121.203049 -39.160942
v -120.288780 -124.572746 -43.374424
v -122.418861 -125.304100 -42.632801
v -121.329582 -126.200829 -43.734112
v -121.382896 -124.096901 -41.812450
v -120.287102 -125.250084 -42.632801
v -122.367699 -123.918182 -44.148743
v -121.358894 -125.043709 -45.102345
v -121.414742 -122.839676 -43.089256
v -120.408409 -123.868546 -44.148743
v -122.242546 -132.874161 -34.447491
v -121.912865 -103.180901 -66.178368
v -121.274361 -128.380081 -31.391830
v -120.838997 -145.561996 -20.847155
v -121.076393 -136.193314 -38.701263
v -120.079842 -132.819366 -34.447491
v -122.244438 -132.188019 -35.180973
v -121.201637 -131.250488 -34.068703
v -121.148918 -133.331329 -36.015366
v -120.112679 -132.134003 -35.180973
v -122.122673 -133.587570 -33.681671
v -121.171898 -132.423874 -32.714397
v -121.116661 -134.603699 -34.753677
v -120.163399 -133.537918 -33.681671
v -122.708839 -128.733353 -30.779121
v -121.266350 -128.696808 -88.733246
v -121.447121 -121.561661 -31.873255
v -121.266335 -128.696808 -5.939095
v -121.085548 -135.831940 -31.873253
v -119.823860 -128.660248 -30.779121
v -122.688194 -128.732834 -32.118774
v -121.314491 -126.796562 -31.865013
v -121.218178 -130.597031 -31.865013
v -119.844490 -128.660767 -32.118774
v -122.573158 -128.729904 -29.380409
v -121.316780 -126.706154 -29.476053
v -121.215904 -130.687454 -29.476053
v -119.959511 -128.663681 -29.380409
v -122.503456 -136.837952 -38.882507
v -122.528938 -78.865875 -38.909779
v -121.088783 -135.704269 -31.745596
v -120.431786 -161.633453 -38.870819
v -121.088615 -135.710983 -46.020454
v -119.618507 -136.764847 -38.882507
v -122.516762 -135.498199 -38.883137
v -121.088509 -135.714966 -36.982166
v -121.088463 -135.716751 -40.783871
v -119.673073 -135.426163 -38.883137
v -122.332359 -138.232788 -38.881847
v -121.028008 -138.103119 -36.890602
v -121.027962 -138.104996 -40.873188
v -119.718742 -138.166565 -38.881847
v -122.710609 -128.663300 -46.993221
v -121.255409 -129.127563 10.958739
v -121.087105 -135.771072 -45.960831
v -121.273552 -128.412094 -71.832321
v -121.448647 -121.501328 -45.837437
v -119.825630 -128.590195 -46.993221
v -122.689674 -128.674347 -45.653622
v -121.219719 -130.536301 -45.923805
v -121.316017 -126.735954 -45.890938
v -119.845985 -128.602295 -45.653622
v -122.575233 -128.647766 -48.391884
v -121.217964 -130.606064 -48.313454
v -121.318840 -126.624901 -48.279030
v -119.961601 -128.581543 -48.391884
v -122.914162 -120.628860 -38.928543
v -120.003746 -178.527069 -38.626740
v -121.443031 -121.723228 -46.060181
v -122.100868 -95.760605 -39.057903
v -121.444908 -121.648926 -31.785513
v -120.029198 -120.555763 -38.928543
v -122.859612 -121.967545 -38.921566
v -121.443916 -121.687737 -40.823715
v -121.444435 -121.667938 -37.022064
v -120.015907 -121.895485 -38.921570
v -122.813911 -119.227180 -38.935829
v -121.504433 -119.300056 -40.926601
v -121.504951 -119.279312 -36.944065
v -120.200294 -119.160957 -38.935829
v -122.848717 -123.212479 -32.951077
v -120.406258 -162.641754 -75.379028
v -121.519691 -118.697418 -38.614120
v -121.834816 -106.260284 -14.765813
v -121.254982 -129.144623 -28.890057
v -119.963737 -123.139389 -32.951080
v -122.804939 -124.124237 -33.931831
v -121.422737 -122.524246 -35.040920
v -121.352242 -125.306564 -32.451191
v -119.961250 -124.052193 -33.931831
v -122.737175 -122.256546 -31.927088
v -121.465630 -120.831207 -33.353584
v -121.391777 -123.745918 -30.640633
v -120.123543 -122.190315 -31.927088
v -122.568810 -134.259018 -44.817097
v -122.127174 -94.722366 -2.421098
v -121.012962 -138.696396 -39.150436
v -120.697350 -151.152817 -62.988674
v -121.277489 -128.257065 -48.882950
v -119.683846 -134.185913 -44.817097
v -122.571312 -133.345428 -43.837086
v -121.109856 -134.872467 -42.726734
v -121.180305 -132.092255 -45.318714
v -119.727608 -133.273376 -43.837086
v -122.408974 -135.208908 -45.840324
v -121.066933 -136.566864 -44.412701
v -121.140724 -133.654343 -47.128002
v -119.795372 -135.142685 -45.840324
v -122.847298 -123.268570 -44.873280
v -120.414970 -162.296906 -2.075667
v -121.252617 -129.238647 -48.877934
v -121.829048 -106.488220 -63.216991
v -121.519615 -118.700417 -39.252655
v -119.962318 -123.195465 -44.873280
v -122.803764 -124.171066 -43.883980
v -121.350716 -125.367264 -45.353088
v -121.421806 -122.560699 -42.789673
v -119.960075 -124.099007 -43.883984
v -122.735512 -122.322304 -45.906197
v -121.389809 -123.823715 -47.178257
v -121.464302 -120.883614 -44.492874
v -120.121880 -122.256081 -45.906197
v -122.568550 -134.269257 -32.965088
v -122.128777 -94.659561 -75.292877
v -121.277046 -128.274307 -28.888952
v -120.696297 -151.194336 -14.822758
v -121.012947 -138.696854 -38.639465
v -119.683571 -134.196136 -32.965088
v -122.571098 -133.353943 -33.943527
v -121.180016 -132.103333 -32.459801
v -121.109688 -134.879074 -35.056576
v -119.727394 -133.281906 -33.943527
v -122.408684 -135.220886 -31.943518
v -121.140358 -133.668549 -30.653210
v -121.066689 -136.576385 -33.373531
v -119.795052 -135.154678 -31.943518
v -123.122719 -128.743851 -28.452852
v -121.266350 -128.696808 -103.036255
v -121.499001 -119.514320 -29.860935
v -121.266335 -128.696808 3.514730
v -121.033669 -137.879288 -29.860933
v -119.409950 -128.649750 -28.452852
v -123.096169 -128.743179 -30.176903
v -121.328285 -126.251320 -29.850328
v -121.204384 -131.142288 -29.850328
v -119.436501 -128.650452 -30.176903
v -122.948112 -128.739410 -26.652796
v -121.331245 -126.134956 -26.775885
v -121.201424 -131.258652 -26.775885
v -119.584541 -128.654175 -26.652796
v -122.858452 -139.173965 -38.881413
v -122.891228 -64.567459 -38.916515
v -121.037834 -137.714966 -29.696644
v -120.192329 -171.084244 -38.866371
v -121.037621 -137.723618 -48.067509
v -119.145668 -139.079880 -38.881413
v -122.875572 -137.449799 -38.882225
v -121.037483 -137.728745 -36.435795
v -121.037437 -137.731033 -41.328350
v -119.215889 -137.357056 -38.882225
v -122.638237 -140.969009 -38.880569
v -120.959618 -140.802155 -36.317951
v -120.959541 -140.804550 -41.443298
v -119.274681 -140.883789 -38.880569
v -123.125008 -128.653671 -49.319405
v -121.252296 -129.251160 25.261213
v -121.035652 -137.800949 -47.990776
v -121.275627 -128.330399 -81.285797
v -121.500969 -119.436668 -47.831978
v -119.412239 -128.559601 -49.319405
v -123.098091 -128.667908 -47.595421
v -121.206367 -131.064117 -47.943127
v -121.330284 -126.173317 -47.900833
v -119.438423 -128.575180 -47.595421
v -122.950798 -128.633713 -51.119396
v -121.204079 -131.153915 -51.018459
v -121.333900 -126.030411 -50.974159
v -119.587227 -128.548477 -51.119396
v -123.387001 -118.313858 -38.940659
v -119.641472 -192.825272 -38.552250
v -121.493736 -119.722244 -48.118637
v -122.340324 -86.309929 -39.107132
v -121.496162 -119.626625 -29.748018
v -119.674232 -118.219788 -38.940659
v -123.316765 -120.036667 -38.931683
v -121.494881 -119.676575 -41.379631
v -121.495522 -119.651100 -36.487137
v -119.657112 -119.943932 -38.931683
v -123.257973 -116.509972 -38.950035
v -121.572746 -116.603760 -41.512032
v -121.573418 -116.577080 -36.386757
v -119.894417 -116.424751 -38.950035
v -123.302742 -121.638817 -31.248030
v -120.159462 -172.381851 -85.850182
v -121.592400 -115.828209 -38.536015
v -121.997932 -99.822388 -7.844709
v -121.251747 -129.273102 -26.021744
v -119.589973 -121.544746 -31.248030
v -123.246437 -122.812195 -32.510201
v -121.467613 -120.753105 -33.937527
v -121.376884 -124.333778 -30.604702
v -119.586784 -122.719475 -32.510201
v -123.159218 -120.408585 -29.930214
v -121.522835 -118.574272 -31.766026
v -121.427773 -122.325317 -28.274632
v -119.795631 -120.323357 -29.930214
v -122.942543 -135.855042 -46.518871
v -122.374184 -84.973801 8.042185
v -120.940269 -141.565674 -39.226219
v -120.534096 -157.596313 -69.904564
v -121.280678 -128.130890 -51.751366
v -119.229774 -135.760956 -46.518871
v -122.945763 -134.679291 -45.257648
v -121.064949 -136.644516 -43.828693
v -121.155617 -133.066528 -47.164410
v -119.286095 -134.586563 -45.257648
v -122.736855 -137.077484 -47.835690
v -121.009697 -138.825089 -45.998432
v -121.104683 -135.076874 -49.492859
v -119.373283 -136.992264 -47.835690
v -123.300926 -121.711006 -46.591171
v -120.170692 -171.938065 8.486727
v -121.248680 -129.394119 -51.744911
v -121.990517 -100.115715 -70.198402
v -121.592293 -115.832085 -39.357769
v -119.588142 -121.616928 -46.591171
v -123.244926 -122.872444 -45.318008
v -121.374901 -124.411888 -47.208649
v -121.466423 -120.800026 -43.909691
v -119.585258 -122.779716 -45.318008
v -123.157066 -120.493217 -47.920471
v -121.425240 -122.425430 -49.557533
v -121.521111 -118.641708 -46.101608
v -119.793495 -120.407990 -47.920471
v -122.942207 -135.868179 -31.266058
v -122.376228 -84.892952 -85.739319
v -121.280113 -128.153076 -26.020323
v -120.532722 -157.649750 -7.917988
v -120.940254 -141.566238 -38.568630
v -119.229439 -135.774124 -31.266060
v -122.945473 -134.690262 -32.525249
v -121.155251 -133.080795 -30.615789
v -121.064735 -136.653000 -33.957672
v -119.285820 -134.597534 -32.525249
v -122.736458 -137.092911 -29.951355
v -121.104210 -135.095154 -28.290812
v -121.009407 -138.837326 -31.791702
v -119.372887 -137.007675 -29.951355
v -121.501198 -128.702744 -37.566257
v -121.266350 -128.696808 -47.002712
v -121.295769 -127.535019 -37.744411
v -121.266350 -128.696808 -33.521652
v -121.236916 -129.858597 -37.744411
v -121.031471 -128.690857 -37.566257
v -121.497841 -128.702667 -37.784389
v -121.274178 -128.387390 -37.743069
v -121.258492 -129.006210 -37.743069
v -121.034828 -128.690933 -37.784389
v -121.479134 -128.702194 -37.338512
v -121.274544 -128.372681 -37.354084
v -121.258125 -129.020935 -37.354084
v -121.053551 -128.691406 -37.338512
v -121.467766 -130.022400 -38.885700
v -121.471931 -120.583023 -38.890148
v -121.237434 -129.837799 -37.723625
v -121.130440 -134.059753 -38.883797
v -121.237404 -129.838898 -40.047947
v -120.998024 -130.010498 -38.885700
v -121.469933 -129.804260 -38.885803
v -121.237389 -129.839554 -38.576275
v -121.237373 -129.839828 -39.195293
v -121.006905 -129.792526 -38.885803
v -121.439903 -130.249512 -38.885597
v -121.227531 -130.228409 -38.561367
v -121.227516 -130.228699 -39.209839
v -121.014351 -130.238724 -38.885597
v -121.501503 -128.691345 -40.206337
v -121.264565 -128.766937 -30.770241
v -121.237160 -129.848679 -40.038239
v -121.267494 -128.650436 -44.250793
v -121.296028 -127.525200 -40.018143
v -121.031746 -128.679443 -40.206337
v -121.498085 -128.693146 -39.988213
v -121.258751 -128.996323 -40.032207
v -121.274422 -128.377518 -40.026855
v -121.035057 -128.681427 -39.988213
v -121.479454 -128.688812 -40.434074
v -121.258461 -129.007675 -40.421307
v -121.274895 -128.359451 -40.415703
v -121.053886 -128.678040 -40.434074
v -121.534645 -127.383133 -38.893196
v -121.060753 -136.810471 -38.844055
v -121.295113 -127.561333 -40.054417
v -121.402214 -123.333931 -38.914257
v -121.295403 -127.549232 -37.730125
v -121.064903 -127.371231 -38.893196
v -121.525764 -127.601112 -38.892059
v -121.295250 -127.555542 -39.201778
v -121.295341 -127.552322 -38.582771
v -121.062737 -127.589371 -38.892059
v -121.518318 -127.154900 -38.894382
v -121.305092 -127.166771 -39.218533
v -121.305183 -127.163391 -38.570072
v -121.092766 -127.144112 -38.894382
v -121.523979 -127.803810 -37.919910
v -121.126289 -134.223923 -44.828289
v -121.307594 -127.068642 -38.842003
v -121.358894 -125.043556 -34.958870
v -121.264473 -128.769730 -37.258671
v -121.054237 -127.791924 -37.919910
v -121.516869 -127.952278 -38.079601
v -121.291801 -127.691742 -38.260193
v -121.280327 -128.144791 -37.838512
v -121.053825 -127.940544 -38.079601
v -121.505821 -127.648170 -37.753174
v -121.298775 -127.416077 -37.985447
v -121.286766 -127.890678 -37.543709
v -121.080254 -127.637383 -37.753174
v -121.478416 -129.602478 -39.852009
v -121.406517 -123.164879 -32.948826
v -121.225090 -130.324997 -38.929325
v -121.173698 -132.353226 -42.810814
v -121.268166 -128.625214 -40.514034
v -121.008659 -129.590591 -39.852009
v -121.478828 -129.453705 -39.692440
v -121.240852 -129.702362 -39.511642
v -121.252327 -129.249664 -39.933681
v -121.015785 -129.441986 -39.692440
v -121.452385 -129.757156 -40.018616
v -121.233879 -129.978256 -39.786163
v -121.245872 -129.504028 -40.228287
v -121.026833 -129.746368 -40.018616
v -121.523766 -127.812958 -39.861156
v -121.127708 -134.167786 -32.892582
v -121.264107 -128.785019 -40.513218
v -121.357964 -125.080666 -42.847996
v -121.307579 -127.069130 -38.945969
v -121.054008 -127.801048 -39.861156
v -121.516685 -127.959900 -39.700073
v -121.280083 -128.154663 -39.939281
v -121.291664 -127.697685 -39.521889
v -121.053642 -127.948166 -39.700073
v -121.505547 -127.658867 -40.029343
v -121.286446 -127.903343 -40.236465
v -121.298576 -127.424614 -39.799217
v -121.079979 -127.648079 -40.029343
v -121.478371 -129.604141 -37.922188
v -121.406761 -123.154655 -44.814262
v -121.268074 -128.628006 -37.258488
v -121.173531 -132.359985 -34.968143
v -121.225075 -130.325073 -38.846127
v -121.008614 -129.592239 -37.922188
v -121.478783 -129.455109 -38.081505
v -121.252281 -129.251465 -37.839916
v -121.240822 -129.703430 -38.262741
v -121.015755 -129.443375 -38.081505
v -121.452339 -129.759094 -37.755852
v -121.245811 -129.506332 -37.545753
v -121.233833 -129.979797 -37.988697
v -121.026772 -129.748306 -37.755852
v -121.575218 -128.704620 -37.150368
v -121.266350 -128.696808 -49.559807
v -121.305046 -127.168991 -37.384647
v -121.266350 -128.696808 -31.831493
v -121.227623 -130.224609 -37.384647
v -120.957451 -128.688980 -37.150368
v -121.570778 -128.704514 -37.437222
v -121.276634 -128.289917 -37.382885
v -121.256035 -129.103683 -37.382885
v -120.961891 -128.689087 -37.437222
v -121.546150 -128.703903 -36.850868
v -121.277138 -128.270554 -36.871346
v -121.255531 -129.123047 -36.871346
v -120.986519 -128.689713 -36.850868
v -121.531258 -130.440033 -38.885506
v -121.536690 -118.026756 -38.891350
v -121.228310 -130.197281 -37.357311
v -121.087639 -135.749374 -38.883003
v -121.228279 -130.198715 -40.413921
v -120.913490 -130.424377 -38.885506
v -121.534096 -130.153168 -38.885643
v -121.228264 -130.199554 -38.478596
v -121.228264 -130.199936 -39.292633
v -120.925163 -130.137726 -38.885643
v -121.494606 -130.738693 -38.885365
v -121.215294 -130.710938 -38.458992
v -121.215309 -130.711334 -39.311760
v -120.934959 -130.724518 -38.885365
v -121.575584 -128.689621 -40.622211
v -121.263985 -128.789047 -28.213240
v -121.227959 -130.211578 -40.401154
v -121.267860 -128.635849 -45.940891
v -121.305382 -127.156075 -40.374729
v -120.957848 -128.673981 -40.622211
v -121.571114 -128.691986 -40.335373
v -121.256355 -129.090683 -40.393227
v -121.276985 -128.276932 -40.386189
v -120.962196 -128.676559 -40.335373
v -121.546593 -128.686310 -40.921703
v -121.255989 -129.105621 -40.904911
v -121.277580 -128.253159 -40.897537
v -120.986961 -128.672119 -40.921703
v -121.619164 -126.969269 -38.895363
v -120.995979 -139.366714 -38.830742
v -121.304161 -127.203598 -40.422424
v -121.445030 -121.644333 -38.923065
v -121.304573 -127.187675 -37.365860
v -121.001442 -126.953613 -38.895363
v -121.607506 -127.255905 -38.893867
v -121.304359 -127.195992 -39.301170
v -121.304466 -127.191742 -38.487141
v -120.998589 -127.240479 -38.893867
v -121.597710 -126.669128 -38.896923
v -121.317329 -126.684723 -39.323196
v -121.317436 -126.680275 -38.470436
v -121.038078 -126.654938 -38.896923
v -121.605156 -127.522484 -37.615437
v -121.082176 -135.965271 -46.700329
v -121.320595 -126.555695 -38.828037
v -121.388054 -123.892586 -33.721512
v -121.263908 -128.792694 -36.745872
v -120.987419 -127.506828 -37.615437
v -121.595787 -127.717712 -37.825439
v -121.299828 -127.375099 -38.062923
v -121.284737 -127.970879 -37.508396
v -120.986885 -127.702271 -37.825439
v -121.581276 -127.317787 -37.396175
v -121.309013 -127.012581 -37.701622
v -121.293190 -127.636696 -37.120712
v -121.021645 -127.303596 -37.396175
v -121.545235 -129.887817 -40.156250
v -121.450645 -121.422028 -31.078201
v -121.212090 -130.837967 -38.942875
v -121.144493 -133.505203 -44.047245
v -121.268715 -128.602646 -41.026852
v -120.927483 -129.872162 -40.156250
v -121.545769 -129.692184 -39.946407
v -121.232826 -130.019165 -39.708652
v -121.247902 -129.423843 -40.263657
v -120.936852 -129.676773 -39.946407
v -121.511009 -130.091202 -40.375351
v -121.223625 -130.381989 -40.069660
v -121.239449 -129.758331 -40.651077
v -120.951363 -130.077026 -40.375351
v -121.604851 -127.534492 -40.168282
v -121.084038 -135.891434 -31.004236
v -121.263390 -128.812820 -41.025780
v -121.386833 -123.941383 -44.096130
v -121.320564 -126.556328 -38.964760
v -120.987114 -127.518837 -40.168282
v -121.595543 -127.727737 -39.956448
v -121.284401 -127.983864 -40.271019
v -121.299629 -127.382919 -39.722130
v -120.986626 -127.712303 -39.956448
v -121.580910 -127.331871 -40.389454
v -121.292778 -127.653351 -40.661831
v -121.308739 -127.023811 -40.086826
v -121.021278 -127.317680 -40.389454
v -121.545189 -129.889999 -37.618439
v -121.451012 -121.408577 -46.681889
v -121.268623 -128.606339 -36.745636
v -121.144279 -133.514099 -33.733707
v -121.212074 -130.838074 -38.833462
v -120.927437 -129.874344 -37.618439
v -121.545723 -129.694016 -37.827946
v -121.247841 -129.426224 -37.510242
v -121.232796 -130.020584 -38.066277
v -120.936806 -129.678589 -37.827946
v -121.510933 -130.093765 -37.399693
v -121.239357 -129.761383 -37.123405
v -121.223579 -130.384018 -37.705894
v -120.951302 -130.079605 -37.399693
v -121.649849 -128.706528 -36.730896
v -121.266350 -128.696808 -52.138912
v -121.314400 -126.799820 -37.021790
v -121.266350 -128.696808 -30.126785
v -121.218269 -130.593796 -37.021790
v -120.882820 -128.687088 -36.730896
v -121.644356 -128.706375 -37.087063
v -121.279152 -128.191605 -37.019596
v -121.253517 -129.202011 -37.019596
v -120.888313 -128.687225 -37.087063
v -121.613777 -128.705597 -36.359024
v -121.279762 -128.167557 -36.384453
v -121.252937 -129.226044 -36.384453
v -120.918892 -128.688004 -36.359024
v -121.595238 -130.861252 -38.885311
v -121.602028 -115.448471 -38.892563
v -121.219139 -130.559845 -36.987846
v -121.044472 -137.453537 -38.882202
v -121.219078 -130.561630 -40.783043
v -120.828224 -130.841812 -38.885311
v -121.598793 -130.505051 -38.885479
v -121.219063 -130.562698 -38.380074
v -121.219032 -130.563171 -39.390820
v -120.842751 -130.485901 -38.885479
v -121.549751 -131.232086 -38.885132
v -121.202980 -131.197617 -38.355728
v -121.202950 -131.198105 -39.414562
v -120.854881 -131.214493 -38.885132
v -121.650322 -128.687897 -41.041668
v -121.263420 -128.811325 -25.634232
v -121.218666 -130.577606 -40.767193
v -121.268257 -128.621109 -47.645535
v -121.314812 -126.783783 -40.734383
v -120.883293 -128.668457 -41.041668
v -121.644768 -128.690842 -40.685516
v -121.253929 -129.185852 -40.757347
v -121.279549 -128.175476 -40.748611
v -120.888710 -128.671692 -40.685516
v -121.614326 -128.683762 -41.413525
v -121.253471 -129.204407 -41.392677
v -121.280296 -128.145966 -41.383522
v -120.919456 -128.666168 -41.413525
v -121.704445 -126.551819 -38.897549
v -120.930656 -141.944962 -38.817310
v -121.313316 -126.842766 -40.793602
v -121.488213 -119.940193 -38.931942
v -121.313805 -126.823021 -36.998463
v -120.937416 -126.532379 -38.897549
v -121.689934 -126.907730 -38.895695
v -121.313560 -126.833336 -39.401405
v -121.313683 -126.828072 -38.390682
v -120.933891 -126.888573 -38.895695
v -121.677773 -126.179161 -38.899483
v -121.329643 -126.198532 -39.428761
v -121.329781 -126.193024 -38.369942
v -120.982918 -126.161552 -38.899483
v -121.687035 -127.238716 -37.308346
v -121.037666 -137.721603 -48.588482
v -121.333702 -126.038300 -38.813953
v -121.417473 -122.731705 -32.473511
v -121.263313 -128.815857 -36.228657
v -120.920021 -127.219276 -37.308346
v -121.675407 -127.481110 -37.569092
v -121.307915 -127.055740 -37.863960
v -121.289177 -127.795448 -37.175442
v -120.919365 -127.461967 -37.569092
v -121.657387 -126.984566 -37.036098
v -121.319328 -126.605614 -37.415356
v -121.299690 -127.380531 -36.694077
v -120.962502 -126.966957 -37.036098
v -121.612617 -130.175598 -40.463116
v -121.495201 -119.664169 -29.191469
v -121.198982 -131.355362 -38.956539
v -121.115059 -134.667099 -45.294312
v -121.269295 -128.579895 -41.544083
v -120.845604 -130.156174 -40.463116
v -121.613289 -129.932709 -40.202560
v -121.224739 -130.338699 -39.907356
v -121.243462 -129.599533 -40.596478
v -120.857246 -129.913559 -40.202560
v -121.570122 -130.428146 -40.735153
v -121.213326 -130.789185 -40.355595
v -121.232948 -130.014847 -41.077503
v -120.875252 -130.410553 -40.735153
v -121.686653 -127.253616 -40.478050
v -121.039986 -137.629913 -29.099632
v -121.262688 -128.840851 -41.542747
v -121.415947 -122.792305 -45.355015
v -121.333687 -126.039116 -38.983715
v -120.919640 -127.234192 -40.478050
v -121.675087 -127.493561 -40.215031
v -121.288765 -127.811600 -40.605614
v -121.307686 -127.065422 -39.924088
v -120.919044 -127.474403 -40.215031
v -121.656929 -127.002037 -40.752666
v -121.299171 -127.401222 -41.090862
v -121.318962 -126.619545 -40.376915
v -120.962059 -126.984436 -40.752666
v -121.612556 -130.178314 -37.312069
v -121.495628 -119.647469 -48.565578
v -121.269188 -128.584473 -36.228363
v -121.114784 -134.678131 -32.488644
v -121.198967 -131.355469 -38.820690
v -120.845528 -130.158875 -37.312069
v -121.613228 -129.934967 -37.572205
v -121.243385 -129.602493 -37.177731
v -121.224693 -130.340454 -37.868122
v -120.857185 -129.915833 -37.572205
v -121.570045 -130.431335 -37.040466
v -121.232841 -130.018616 -36.697418
v -121.213249 -130.791718 -37.420662
v -120.875160 -130.413742 -37.040466
v -121.758751 -128.709274 -36.118809
v -121.266350 -128.696808 -55.902306
v -121.328056 -126.261124 -36.492310
v -121.266350 -128.696808 -27.639301
v -121.204613 -131.132492 -36.492310
v -120.773933 -128.684311 -36.118809
v -121.751701 -128.709106 -36.576122
v -121.282784 -128.048126 -36.489494
v -121.249901 -129.345474 -36.489494
v -120.780968 -128.684509 -36.576122
v -121.712440 -128.708099 -35.641338
v -121.283546 -128.017258 -35.673988
v -121.249123 -129.376343 -35.673988
v -120.820229 -128.685501 -35.641338
v -121.688652 -131.475906 -38.885017
v -121.697350 -111.686287 -38.894337
v -121.205727 -131.088913 -36.448730
v -120.981438 -139.940201 -38.881031
v -121.205666 -131.091187 -41.321663
v -120.703819 -131.450943 -38.885017
v -121.693184 -131.018555 -38.885239
v -121.205620 -131.092560 -38.236313
v -121.205620 -131.093170 -39.534077
v -120.722450 -130.993958 -38.885239
v -121.630241 -131.952057 -38.884796
v -121.184975 -131.907791 -38.205055
v -121.184959 -131.908432 -39.564571
v -120.738045 -131.929428 -38.884796
v -121.759361 -128.685364 -41.653732
v -121.262611 -128.843842 -21.870977
v -121.205147 -131.111710 -41.301311
v -121.268791 -128.599609 -50.132927
v -121.328575 -126.240524 -41.259190
v -120.774529 -128.660416 -41.653732
v -121.752220 -128.689133 -41.196438
v -121.250435 -129.324738 -41.288673
v -121.283302 -128.027435 -41.277454
v -120.781471 -128.664536 -41.196438
v -121.713142 -128.680069 -42.131187
v -121.249825 -129.348557 -42.104416
v -121.284248 -127.989532 -42.092663
v -120.820961 -128.657455 -42.131187
v -121.828850 -125.942696 -38.900738
v -120.835335 -145.707092 -38.797710
v -121.326653 -126.316277 -41.335224
v -121.551216 -117.453545 -38.944897
v -121.327309 -126.290909 -36.462357
v -120.844017 -125.917732 -38.900738
v -121.810234 -126.399681 -38.898357
v -121.326958 -126.304146 -39.547680
v -121.327126 -126.297401 -38.249931
v -120.839485 -126.375069 -38.898357
v -121.794624 -125.464211 -38.903221
v -121.347618 -125.489082 -39.582798
v -121.347786 -125.482002 -38.223301
v -120.902428 -125.441597 -38.903221
v -121.806496 -126.824654 -36.860241
v -120.972740 -140.284409 -51.343647
v -121.352821 -125.283363 -38.793404
v -121.460396 -121.037773 -30.652431
v -121.262474 -128.849670 -35.473949
v -120.821678 -126.799698 -36.860241
v -121.791557 -127.135895 -37.195034
v -121.319725 -126.589714 -37.573635
v -121.295647 -127.539497 -36.689594
v -120.820824 -127.111298 -37.195034
v -121.768425 -126.498337 -36.510685
v -121.334358 -126.011780 -36.997639
v -121.309166 -127.006744 -36.071533
v -120.876228 -126.475731 -36.510685
v -121.710945 -130.595551 -40.910881
v -121.560204 -117.099129 -26.438381
v -121.179848 -132.110321 -38.976482
v -121.072105 -136.362503 -47.114017
v -121.270149 -128.546692 -42.298820
v -120.726128 -130.570587 -40.910881
v -121.711800 -130.283676 -40.576340
v -121.212929 -130.804962 -40.197300
v -121.236961 -129.855896 -41.082115
v -120.741081 -130.259079 -40.576340
v -121.656395 -130.919800 -41.260174
v -121.198265 -131.383362 -40.772835
v -121.223457 -130.389130 -41.699745
v -120.764198 -130.897202 -41.260174
v -121.806023 -126.843803 -40.930058
v -120.975700 -140.166687 -26.320461
v -121.261650 -128.881775 -42.297108
v -121.458427 -121.115570 -47.191959
v -121.352806 -125.284386 -39.011375
v -120.821190 -126.818848 -40.930058
v -121.791161 -127.151871 -40.592346
v -121.295128 -127.560219 -41.093849
v -121.319405 -126.602150 -40.218788
v -120.820412 -127.127281 -40.592346
v -121.767860 -126.520775 -41.282658
v -121.308479 -127.033295 -41.716896
v -121.333916 -126.029663 -40.800198
v -120.875664 -126.498169 -41.282658
v -121.710869 -130.599045 -36.865025
v -121.560738 -117.077682 -51.314240
v -121.269997 -128.552582 -35.473572
v -121.071754 -136.376678 -30.671867
v -121.179848 -132.110458 -38.802052
v -120.726051 -130.574081 -36.865025
v -121.711739 -130.286591 -37.199028
v -121.236870 -129.859665 -36.692535
v -121.212868 -130.807220 -37.578979
v -120.741005 -130.261978 -37.199028
v -121.656288 -130.923904 -36.516293
v -121.223335 -130.393997 -36.075829
v -121.198174 -131.386612 -37.004452
v -120.764091 -130.901291 -36.516293
v -121.913826 -128.713196 -35.247200
v -121.266350 -128.696808 -61.261375
v -121.347481 -125.494026 -35.738327
v -121.266350 -128.696808 -24.097130
v -121.185188 -131.899582 -35.738331
v -120.618843 -128.680389 -35.247200
v -121.904564 -128.712967 -35.848537
v -121.287941 -127.843834 -35.734631
v -121.244728 -129.549759 -35.734631
v -120.628105 -128.680634 -35.848537
v -121.852928 -128.711670 -34.619354
v -121.288979 -127.803238 -34.662285
v -121.243690 -129.590363 -34.662285
v -120.679741 -128.681946 -34.619354
v -121.821663 -132.351166 -38.884609
v -121.833092 -106.328934 -38.896854
v -121.186638 -131.842285 -35.681026
v -120.891731 -143.481247 -38.879364
v -121.186562 -131.845291 -42.088657
v -120.526649 -132.318344 -38.884609
v -121.827614 -131.749786 -38.884892
v -121.186516 -131.847092 -38.031593
v -121.186501 -131.847885 -39.738087
v -120.551155 -131.717438 -38.884892
v -121.744850 -132.977264 -38.884315
v -121.159355 -132.919067 -37.990494
v -121.159325 -132.919907 -39.778175
v -120.571648 -132.947540 -38.884315
v -121.914650 -128.681763 -42.525311
v -121.261452 -128.890152 -16.512106
v -121.185890 -131.872253 -42.061893
v -121.269585 -128.569016 -53.674969
v -121.348183 -125.466934 -42.006504
v -120.619637 -128.648941 -42.525311
v -121.905235 -128.686722 -41.923992
v -121.245399 -129.522507 -42.045273
v -121.288628 -127.816635 -42.030521
v -120.628761 -128.654388 -41.923992
v -121.853874 -128.674789 -43.153137
v -121.244621 -129.553833 -43.117928
v -121.289894 -127.766785 -43.102474
v -120.680672 -128.645065 -43.153137
v -122.006004 -125.075310 -38.905273
v -120.699608 -151.064377 -38.769802
v -121.345650 -125.566544 -42.106491
v -121.640938 -113.912560 -38.963345
v -121.346489 -125.533188 -35.698944
v -120.711021 -125.042488 -38.905273
v -121.981514 -125.676201 -38.902145
v -121.346046 -125.550613 -39.755970
v -121.346275 -125.541718 -38.049503
v -120.705040 -125.643860 -38.902145
v -121.961006 -124.446129 -38.908543
v -121.373207 -124.478836 -39.802151
v -121.373451 -124.469528 -38.014488
v -120.787819 -124.416405 -38.908543
v -121.976631 -126.235031 -36.222137
v -120.880272 -143.933838 -55.266994
v -121.380058 -124.208328 -38.764137
v -121.521507 -118.625603 -28.059221
v -121.261238 -128.897812 -34.399246
v -120.681633 -126.202209 -36.222137
v -121.956993 -126.644295 -36.662373
v -121.336540 -125.926094 -37.160213
v -121.304893 -127.175011 -35.997749
v -120.680519 -126.611954 -36.662373
v -121.926552 -125.805946 -35.762493
v -121.355797 -125.166138 -36.402813
v -121.322639 -126.474464 -35.185036
v -120.753365 -125.776199 -35.762493
v -121.850990 -131.193542 -41.548504
v -121.652733 -113.446526 -22.517986
v -121.152611 -133.185379 -39.004875
v -121.010933 -138.776749 -49.705273
v -121.271339 -128.499420 -43.373562
v -120.555992 -131.160736 -41.548504
v -121.852104 -130.783463 -41.108597
v -121.196098 -131.468903 -40.610191
v -121.227730 -130.220932 -41.773663
v -120.575661 -130.751099 -41.108597
v -121.779243 -131.619934 -42.007801
v -121.176826 -132.229477 -41.366974
v -121.209953 -130.922134 -42.585812
v -120.606056 -131.590195 -42.007801
v -121.975975 -126.260201 -41.573719
v -120.884193 -143.779053 -22.362932
v -121.260170 -128.940018 -43.371307
v -121.518929 -118.727921 -49.807758
v -121.380028 -124.209671 -39.050758
v -120.680992 -126.227394 -41.573719
v -121.956444 -126.665306 -41.129646
v -121.304207 -127.202255 -41.789093
v -121.336128 -125.942459 -40.638439
v -120.680000 -126.632965 -41.129646
v -121.925819 -125.835449 -42.037369
v -121.321770 -126.509392 -42.608364
v -121.355202 -125.189651 -41.402962
v -120.752617 -125.805725 -42.037369
v -121.850868 -131.198120 -36.228428
v -121.653481 -113.418335 -55.228329
v -121.271126 -128.507156 -34.398750
v -121.010445 -138.795395 -28.084784
v -121.152596 -133.185577 -38.775517
v -120.555870 -131.165329 -36.228428
v -121.852013 -130.787277 -36.667622
v -121.227592 -130.225906 -36.001617
v -121.196022 -131.471878 -37.167244
v -120.575554 -130.754944 -36.667622
v -121.779106 -131.625305 -35.769867
v -121.209801 -130.928497 -35.190681
v -121.176704 -132.233749 -36.411770
v -120.605904 -131.595581 -35.769867
v -122.162682 -128.719513 -33.848553
v -121.266350 -128.696808 -69.860916
v -121.378685 -124.263077 -34.528442
v -121.266350 -128.696808 -18.413111
v -121.153984 -133.130539 -34.528442
v -120.369987 -128.674088 -33.848553
v -122.149864 -128.719177 -34.681007
v -121.296257 -127.516006 -34.523323
v -121.236412 -129.877594 -34.523323
v -120.382805 -128.674423 -34.681007
v -122.078377 -128.717392 -32.979404
v -121.297691 -127.459824 -33.038837
v -121.234978 -129.933792 -33.038837
v -120.454292 -128.676224 -32.979404
v -122.035088 -133.755661 -38.883953
v -122.050926 -97.732147 -38.900902
v -121.155998 -133.051193 -34.449116
v -120.747749 -149.163437 -38.876690
v -121.155907 -133.055359 -43.319431
v -120.242378 -133.710251 -38.883953
v -122.043343 -132.923157 -38.884342
v -121.155846 -133.057861 -37.703094
v -121.155815 -133.058975 -40.065449
v -120.276283 -132.878387 -38.884342
v -121.928749 -134.622391 -38.883541
v -121.118233 -134.541840 -37.646191
v -121.118202 -134.542984 -40.120949
v -120.304680 -134.581253 -38.883541
v -122.163795 -128.675980 -43.923904
v -121.259560 -128.964462 -7.912895
v -121.154961 -133.092712 -43.282379
v -121.270821 -128.519897 -59.358772
v -121.379631 -124.225578 -43.205700
v -120.371086 -128.630554 -43.923904
v -122.150795 -128.682846 -43.091480
v -121.237373 -129.839859 -43.259369
v -121.297203 -127.478355 -43.238953
v -120.383736 -128.638077 -43.091480
v -122.079674 -128.666321 -44.793022
v -121.236290 -129.883209 -44.744286
v -121.298943 -127.409332 -44.722897
v -120.455589 -128.625183 -44.793022
v -122.290291 -123.683426 -38.912556
v -120.481773 -159.661041 -38.725021
v -121.376137 -124.363472 -43.344112
v -121.784904 -108.230438 -38.992943
v -121.377312 -124.317284 -34.473919
v -120.497581 -123.638016 -38.912556
v -122.256371 -124.515289 -38.908222
v -121.376686 -124.341415 -40.090206
v -121.377007 -124.329109 -37.727882
v -120.489326 -124.470512 -38.908222
v -122.228004 -122.812431 -38.917088
v -121.414284 -122.857712 -40.154140
v -121.414604 -122.844826 -37.679417
v -120.603920 -122.771286 -38.917088
v -122.249611 -125.288887 -35.198196
v -120.731880 -149.789993 -61.562675
v -121.423775 -122.483246 -38.717182
v -121.619591 -114.754890 -23.897978
v -121.259285 -128.975067 -32.674702
v -120.456902 -125.243462 -35.198196
v -122.222420 -125.855438 -35.807629
v -121.363518 -124.861214 -36.496811
v -121.319710 -126.590126 -34.887569
v -120.455376 -125.810677 -35.807629
v -122.180305 -124.694862 -34.561893
v -121.390175 -123.809181 -35.448311
v -121.344276 -125.620346 -33.762501
v -120.556206 -124.653717 -34.561893
v -122.075691 -132.153137 -42.571674
v -121.801247 -107.585289 -16.227049
v -121.108894 -134.910492 -39.050442
v -120.912773 -142.650833 -53.863380
v -121.273262 -128.423553 -45.098167
v -120.282982 -132.107712 -42.571674
v -122.077248 -131.585434 -41.962696
v -121.169106 -132.534317 -41.272732
v -121.212868 -130.806717 -42.883369
v -120.310188 -131.540665 -41.962696
v -121.976357 -132.743393 -43.207497
v -121.142433 -133.587219 -42.320377
v -121.188271 -131.777405 -44.007656
v -120.352272 -132.702240 -43.207497
v -122.248726 -125.323738 -42.606583
v -120.737312 -149.575714 -16.012398
v -121.257805 -129.033493 -45.095055
v -121.616020 -114.896530 -54.005260
v -121.423729 -122.485115 -39.113960
v -120.456032 -125.278313 -42.606583
v -122.221687 -125.884529 -41.991840
v -121.318764 -126.627846 -42.904736
v -121.362953 -124.883865 -41.311840
v -120.454628 -125.839767 -41.991840
v -122.179268 -124.735733 -43.248432
v -121.343071 -125.668701 -44.038879
v -121.389351 -123.841736 -42.370197
v -120.555168 -124.694572 -43.248432
v -122.075523 -132.159485 -35.206902
v -121.802238 -107.546265 -61.509144
v -121.273003 -128.434265 -32.674015
v -120.912117 -142.676651 -23.933361
v -121.108894 -134.910767 -38.732925
v -120.282829 -132.114059 -35.206902
v -122.077126 -131.590729 -35.814899
v -121.212700 -130.813599 -34.892921
v -121.168983 -132.538437 -36.506538
v -120.310051 -131.545959 -35.814899
v -121.976173 -132.750839 -34.572102
v -121.188057 -131.786224 -33.770313
v -121.142265 -133.593124 -35.460709
v -120.352104 -132.709686 -34.572102
v -122.407738 -128.725723 -32.471275
v -121.266350 -128.696808 -78.329086
v -121.409386 -123.050934 -33.337036
v -121.266350 -128.696808 -12.815914
v -121.123283 -134.342667 -33.337036
v -120.124931 -128.667877 -32.471275
v -122.391411 -128.725296 -33.531311
v -121.304436 -127.193192 -33.330517
v -121.228233 -130.200424 -33.330517
v -120.141258 -128.668289 -33.531311
v -122.300377 -128.723007 -31.364504
v -121.306236 -127.121658 -31.440186
v -121.226418 -130.271957 -31.440186
v -120.232277 -128.670609 -31.364504
v -122.245262 -135.138718 -38.883301
v -122.265404 -89.266693 -38.904888
v -121.125832 -134.241638 -33.236023
v -120.605965 -154.758850 -38.874058
v -121.125710 -134.246964 -44.531403
v -119.962425 -135.080872 -38.883308
v -122.255775 -134.078598 -38.883801
v -121.125618 -134.250122 -37.379608
v -121.125587 -134.251541 -40.387810
v -120.005623 -134.021591 -38.883801
v -122.109871 -136.242416 -38.882786
v -121.077751 -136.139816 -37.307152
v -121.077705 -136.141296 -40.458485
v -120.041771 -136.190018 -38.882786
v -122.409142 -128.670288 -45.301132
v -121.257698 -129.037643 0.554971
v -121.124504 -134.294510 -44.484226
v -121.272041 -128.471527 -64.955765
v -121.410606 -123.003189 -44.386585
v -120.126335 -128.612442 -45.301132
v -122.392586 -128.679031 -44.241138
v -121.229454 -130.152359 -44.454926
v -121.305641 -127.145241 -44.428921
v -120.142433 -128.622025 -44.241138
v -122.302025 -128.658005 -46.407864
v -121.228065 -130.207565 -46.345802
v -121.307884 -127.057358 -46.318562
v -120.233925 -128.605591 -46.407864
v -122.570229 -122.312813 -38.919731
v -120.267281 -168.126389 -38.680920
v -121.406151 -123.178772 -44.562836
v -121.926674 -102.635117 -39.022091
v -121.407631 -123.119972 -33.267609
v -120.287407 -122.254982 -38.919731
v -122.527046 -123.372093 -38.914207
v -121.406853 -123.150688 -40.419334
v -121.407265 -123.135033 -37.411175
v -120.276894 -123.315079 -38.914207
v -122.490898 -121.203697 -38.925495
v -121.454735 -121.261360 -40.500748
v -121.455147 -121.244957 -37.349457
v -120.422798 -121.151299 -38.925495
v -122.518425 -124.357185 -34.189896
v -120.585777 -155.556686 -67.762184
v -121.466820 -120.784515 -38.670940
v -121.716164 -110.943283 -19.800299
v -121.257362 -129.051147 -30.976500
v -120.235619 -124.299339 -34.189896
v -122.483818 -125.078629 -34.965942
v -121.390099 -123.812599 -35.843540
v -121.334297 -126.014175 -33.794346
v -120.233650 -125.021622 -34.965942
v -122.430168 -123.600761 -33.379631
v -121.424034 -122.472946 -34.508389
v -121.365593 -124.779282 -32.361691
v -120.362068 -123.548363 -33.379631
v -122.296959 -133.098068 -43.579216
v -121.947502 -101.813591 -10.032200
v -121.065865 -136.609253 -39.095310
v -120.816109 -146.465744 -57.957985
v -121.275154 -128.348846 -46.796436
v -120.014137 -133.040237 -43.579216
v -122.298927 -132.375153 -42.803753
v -121.142525 -133.583481 -41.925156
v -121.198265 -131.383545 -43.976128
v -120.048790 -132.318146 -42.803753
v -122.170494 -133.849701 -44.388866
v -121.108543 -134.924194 -43.259220
v -121.166939 -132.619598 -45.407784
v -120.102394 -133.797287 -44.388866
v -122.517311 -124.401566 -43.623669
v -120.592690 -155.283813 -9.758866
v -121.255470 -129.125549 -46.792461
v -121.711601 -111.123634 -58.138641
v -121.466759 -120.786888 -39.176193
v -120.234505 -124.343727 -43.623669
v -122.482887 -125.115692 -42.840858
v -121.333092 -126.062202 -44.003330
v -121.389351 -123.841446 -41.974957
v -120.232704 -125.058678 -42.840858
v -122.428841 -123.652809 -44.440990
v -121.364021 -124.840828 -45.447544
v -121.422981 -122.514404 -43.322662
v -120.360756 -123.600403 -44.440990
v -122.296745 -133.106155 -34.200981
v -121.948769 -101.763878 -67.694023
v -121.274818 -128.362488 -30.975628
v -120.815285 -146.498611 -19.845356
v -121.065849 -136.609619 -38.690990
v -120.013939 -133.048309 -34.200981
v -122.298759 -132.381897 -34.975201
v -121.198051 -131.392319 -33.801159
v -121.142403 -133.588715 -35.855927
v -120.048607 -132.324890 -34.975201
v -122.170250 -133.859177 -33.392632
v -121.166649 -132.630844 -32.371643
v -121.108360 -134.931732 -34.524174
v -120.102150 -133.806778 -33.392632
v -122.777748 -128.735092 -30.391773
v -121.266350 -128.696808 -91.114861
v -121.455757 -121.220764 -31.538183
v -121.266335 -128.696808 -4.364936
v -121.076912 -136.172852 -31.538181
v -119.754936 -128.658508 -30.391773
v -122.756111 -128.734558 -31.795433
v -121.316780 -126.705780 -31.529549
v -121.215874 -130.687836 -31.529549
v -119.776543 -128.659058 -31.795433
v -122.635597 -128.731491 -28.926231
v -121.319191 -126.611046 -29.026447
v -121.213478 -130.782562 -29.026447
v -119.897087 -128.662109 -28.926231
v -122.562584 -137.226929 -38.882324
v -122.589272 -76.485039 -38.910900
v -121.080299 -136.039078 -31.404423
v -120.391914 -163.207108 -38.870079
v -121.080132 -136.046097 -46.361305
v -119.539772 -137.150330 -38.882324
v -122.576515 -135.823166 -38.882984
v -121.080009 -136.050293 -36.891193
v -121.079964 -136.052170 -40.874531
v -119.596947 -135.747665 -38.882984
v -122.383293 -138.688400 -38.881634
v -121.016609 -138.552536 -36.795250
v -121.016563 -138.554489 -40.968117
v -119.644814 -138.619003 -38.881634
v -122.779610 -128.661697 -47.380558
v -121.254890 -129.148132 13.340253
v -121.078529 -136.109055 -46.298836
v -121.273903 -128.398483 -73.406425
v -121.457359 -121.157547 -46.169548
v -119.756798 -128.585114 -47.380558
v -122.757683 -128.673279 -45.976952
v -121.217506 -130.624191 -46.260044
v -121.318398 -126.642281 -46.225605
v -119.778099 -128.597778 -45.976952
v -122.637764 -128.645432 -48.846043
v -121.215645 -130.697281 -48.763866
v -121.321342 -126.525925 -48.727795
v -119.899284 -128.576035 -48.846043
v -122.992912 -120.243393 -38.930561
v -119.943428 -180.907852 -38.614334
v -121.451485 -121.390053 -46.402931
v -122.140739 -94.186958 -39.066101
v -121.453453 -121.312187 -31.446249
v -119.970100 -120.166801 -38.930565
v -122.935738 -121.646034 -38.923252
v -121.452415 -121.352852 -40.916279
v -121.452950 -121.332123 -36.932995
v -119.956154 -121.570534 -38.923252
v -122.887856 -118.774734 -38.938198
v -121.515816 -118.851089 -41.024082
v -121.516365 -118.829361 -36.851265
v -120.149376 -118.705345 -38.938198
v -122.924324 -122.950455 -32.667503
v -120.365150 -164.263565 -77.122581
v -121.531807 -118.219666 -38.601116
v -121.861992 -105.188316 -13.613376
v -121.254463 -129.166016 -28.412453
v -119.901512 -122.873863 -32.667507
v -122.878456 -123.905777 -33.695114
v -121.430199 -122.229340 -34.857197
v -121.356331 -125.144585 -32.143730
v -119.898903 -123.830284 -33.695114
v -122.807442 -121.948845 -31.594585
v -121.475151 -120.455414 -33.089241
v -121.397774 -123.509377 -30.246668
v -120.068962 -121.879456 -31.594585
v -122.631035 -134.524780 -45.100464
v -122.168297 -93.099136 -0.678857
v -121.000862 -139.174179 -39.163055
v -120.670158 -152.225723 -64.140244
v -121.278008 -128.236053 -49.360573
v -119.608223 -134.448181 -45.100464
v -122.633659 -133.567535 -44.073620
v -121.102379 -135.167526 -42.910221
v -121.176201 -132.254486 -45.626038
v -119.654091 -133.492035 -44.073620
v -122.463585 -135.520050 -46.172569
v -121.057411 -136.942886 -44.676739
v -121.134727 -133.891220 -47.521778
v -119.725075 -135.450653 -46.172569
v -122.922829 -123.009209 -45.159328
v -120.374306 -163.902252 -0.316921
v -121.251961 -129.264542 -49.355316
v -121.855934 -105.427132 -64.379471
v -121.531715 -118.222809 -39.270157
v -119.900017 -122.932617 -45.159332
v -122.877235 -123.954826 -44.122761
v -121.354729 -125.208183 -45.662060
v -121.429237 -122.267525 -42.976166
v -119.897667 -123.879333 -44.122761
v -122.805702 -122.017738 -46.241596
v -121.395714 -123.590889 -47.574429
v -121.473763 -120.510315 -44.760742
v -120.067192 -121.948349 -46.241596
v -122.630760 -134.535492 -32.682182
v -122.169975 -93.033318 -77.032318
v -121.277550 -128.254120 -28.411297
v -120.669060 -152.269241 -13.673041
v -121.000847 -139.174637 -38.627666
v -119.607964 -134.458878 -32.682182
v -122.633430 -133.576462 -33.707367
v -121.175896 -132.266083 -32.152756
v -121.102196 -135.174469 -34.873592
v -119.653877 -133.500977 -33.707367
v -122.463249 -135.532608 -31.611801
v -121.134346 -133.906113 -30.259846
v -121.057152 -136.952866 -33.110142
v -119.724770 -135.463226 -31.611801
v -123.282494 -128.747879 -27.554916
v -121.266350 -128.696808 -108.557190
v -121.519020 -118.724045 -29.084179
v -121.266335 -128.696808 7.163898
v -121.013649 -138.669556 -29.084179
v -119.250160 -128.645706 -27.554916
v -123.253654 -128.747162 -29.427343
v -121.333626 -126.040840 -29.072662
v -121.199043 -131.352768 -29.072662
v -119.279030 -128.646454 -29.427343
v -123.092857 -128.743073 -25.599937
v -121.336830 -125.914474 -25.733622
v -121.195839 -131.479141 -25.733622
v -119.439812 -128.650513 -25.599937
v -122.995476 -140.075653 -38.880989
v -123.031090 -59.048298 -38.919113
v -121.018150 -138.491104 -28.905754
v -120.099892 -174.732239 -38.864651
v -121.017952 -138.500504 -48.857670
v -118.963158 -139.973480 -38.880989
v -123.014061 -138.203094 -38.881870
v -121.017784 -138.506058 -36.224895
v -121.017738 -138.508560 -41.538521
v -119.039436 -138.102386 -38.881870
v -122.756325 -142.025208 -38.880074
v -120.933220 -141.843979 -36.096912
v -120.933144 -141.846588 -41.663361
v -119.103279 -141.932632 -38.880074
v -123.284981 -128.649979 -50.217308
v -121.251076 -129.298874 30.781948
v -121.015800 -138.584488 -48.774338
v -121.276436 -128.298859 -84.934822
v -121.521156 -118.639717 -48.601864
v -119.252647 -128.547791 -50.217308
v -123.255714 -128.665421 -48.344952
v -121.201195 -131.267853 -48.722584
v -121.335793 -125.956146 -48.676651
v -119.281090 -128.564713 -48.344952
v -123.095772 -128.628281 -52.172211
v -121.198723 -131.365372 -52.062595
v -121.339714 -125.800919 -52.014477
v -119.442726 -128.535721 -52.172211
v -123.569511 -117.420280 -38.945335
v -119.501610 -198.344391 -38.523502
v -121.513298 -118.949875 -48.913197
v -122.432747 -82.661980 -39.126141
v -121.515923 -118.846001 -28.961546
v -119.537193 -117.318092 -38.945335
v -123.493233 -119.291336 -38.935585
v -121.514565 -118.900269 -41.594208
v -121.515251 -118.872589 -36.280655
v -119.518608 -119.190636 -38.935585
v -123.429390 -115.461143 -38.955517
v -121.599113 -115.562996 -41.738007
v -121.599846 -115.534004 -36.171635
v -119.776344 -115.368584 -38.955517
v -123.478004 -121.031380 -30.590652
v -120.064217 -176.141525 -89.892052
v -121.620445 -114.720703 -38.505867
v -122.060890 -97.337364 -5.173169
v -121.250465 -129.322708 -24.914576
v -119.445702 -120.929214 -30.590652
v -123.416862 -122.305748 -31.961445
v -121.484932 -120.069450 -33.511616
v -121.386391 -123.958282 -29.891960
v -119.442238 -122.205040 -31.961445
v -123.322121 -119.695274 -29.159422
v -121.544899 -117.703094 -31.153231
v -121.441658 -121.776962 -27.361355
v -119.669075 -119.602715 -29.159422
v -123.086800 -136.471085 -47.175751
v -122.469536 -81.210854 12.080997
v -120.912209 -142.673218 -39.255470
v -120.471062 -160.083481 -72.574089
v -121.281914 -128.082184 -52.858578
v -119.054497 -136.368927 -47.175751
v -123.090279 -135.194168 -45.805988
v -121.047615 -137.328506 -44.254051
v -121.146080 -133.442612 -47.876850
v -119.115669 -135.093460 -45.805988
v -122.863411 -137.798752 -48.605904
v -120.987617 -139.696762 -46.610519
v -121.090767 -135.625961 -50.405693
v -119.210365 -137.706192 -48.605904
v -123.476021 -121.109779 -47.254272
v -120.076408 -175.659561 12.563803
v -121.247154 -129.454147 -52.851562
v -122.052849 -97.655945 -72.893211
v -121.620369 -114.724892 -39.398342
v -119.443703 -121.007599 -47.254272
v -123.415199 -122.371185 -45.871536
v -121.384254 -124.043114 -47.924900
v -121.483650 -120.120384 -44.342018
v -119.440575 -122.270470 -45.871536
v -123.319786 -119.787193 -48.697971
v -121.438911 -121.885704 -50.475929
v -121.543037 -117.776344 -46.722572
v -119.666740 -119.694626 -48.697979
v -123.086449 -136.485367 -30.610235
v -122.471764 -81.123055 -89.771637
v -121.281303 -128.106277 -24.913036
v -120.469582 -160.141541 -5.252756
v -120.912193 -142.673828 -38.541290
v -119.054131 -136.383209 -30.610235
v -123.089989 -135.206085 -31.977797
v -121.145683 -133.458099 -29.904001
v -121.047386 -137.337753 -33.533497
v -119.115379 -135.105377 -31.977797
v -122.862984 -137.815506 -29.182383
v -121.090263 -135.645813 -27.378929
v -120.987282 -139.710068 -31.181114
v -119.209938 -137.722946 -29.182384
v -123.861000 -128.762543 -24.303497
v -121.266365 -128.696808 -128.548462
v -121.591530 -115.862473 -26.271568
v -121.266335 -128.696808 20.377480
v -120.941154 -141.531128 -26.271566
v -118.671669 -128.631058 -24.303497
v -123.823891 -128.761597 -26.713198
v -121.352959 -125.278748 -26.256744
v -121.179741 -132.114868 -26.256744
v -118.708794 -128.631989 -26.713198
v -123.616951 -128.756378 -21.787565
v -121.357063 -125.116112 -21.959604
v -121.175621 -132.277496 -21.959604
v -118.915703 -128.637253 -21.787565
v -123.491615 -143.340698 -38.879459
v -123.537453 -39.063450 -38.928520
v -120.946953 -141.301468 -26.041941
v -119.765190 -187.941589 -38.858433
v -120.946648 -141.313538 -51.718834
v -118.302284 -143.209198 -38.879459
v -123.515541 -140.930832 -38.880596
v -120.946480 -141.320709 -35.461224
v -120.946404 -141.323929 -42.299534
v -118.400444 -140.801224 -38.880596
v -123.183861 -145.849640 -38.878277
v -120.837624 -145.616394 -35.296520
v -120.837532 -145.619766 -42.460197
v -118.482597 -145.730515 -38.878277
v -123.864204 -128.636536 -53.468605
v -121.246696 -129.471619 50.772461
v -120.943916 -141.421631 -51.611588
v -121.279320 -128.184662 -98.147911
v -121.594292 -115.753952 -51.389629
v -118.674858 -128.505035 -53.468605
v -123.826561 -128.656403 -51.058998
v -121.182503 -132.005585 -51.544987
v -121.355705 -125.169746 -51.485874
v -118.711449 -128.526794 -51.058998
v -123.620705 -128.608597 -55.984447
v -121.179314 -132.131088 -55.843369
v -121.360771 -124.969986 -55.781452
v -118.919456 -128.489502 -55.984447
v -124.230370 -114.184601 -38.962265
v -118.995277 -218.328934 -38.419395
v -121.584175 -116.153114 -51.790291
v -122.767433 -69.452812 -39.194950
v -121.587547 -116.019432 -26.113743
v -119.041039 -114.053116 -38.962265
v -124.132225 -116.592552 -38.949722
v -121.585793 -116.089249 -42.371204
v -121.586693 -116.053658 -35.532986
v -119.017128 -116.462944 -38.949722
v -124.050056 -111.663315 -38.975372
v -121.694603 -111.794395 -42.556267
v -121.695534 -111.757103 -35.392681
v -119.348824 -111.544205 -38.975372
v -124.112633 -118.831886 -28.210306
v -119.719261 -189.755249 -104.527557
v -121.722069 -110.710411 -38.396698
v -122.288887 -88.339134 4.500433
v -121.245918 -129.502304 -20.905544
v -118.923286 -118.700401 -28.210306
v -124.033928 -120.471916 -29.974434
v -121.547661 -117.593933 -31.969404
v -121.420845 -122.598610 -27.311132
v -118.918831 -120.342308 -29.974434
v -123.911995 -117.112389 -26.368401
v -121.624809 -114.548584 -28.934309
v -121.491982 -119.791397 -24.054396
v -119.210762 -116.993271 -26.368401
v -123.609169 -138.701843 -49.554306
v -122.814766 -67.585304 26.705481
v -120.810585 -146.683578 -39.361397
v -120.242882 -169.089539 -82.240417
v -121.286385 -127.905846 -56.867748
v -118.419823 -138.570343 -49.554306
v -123.613655 -137.058517 -47.791500
v -120.984871 -139.805267 -45.794258
v -121.111595 -134.804352 -50.456577
v -118.498558 -136.928909 -47.791500
v -123.321678 -140.410446 -51.394821
v -120.907661 -142.853073 -48.826889
v -121.040398 -137.614227 -53.711044
v -118.620430 -140.291351 -51.394821
v -124.110085 -118.932762 -49.655361
v -119.734947 -189.134964 27.326830
v -121.241646 -129.671463 -56.858727
v -122.278526 -88.749115 -82.651093
v -121.721931 -110.715813 -39.545258
v -118.920738 -118.801277 -49.655365
v -124.031807 -120.556122 -47.875862
v -121.418068 -122.707794 -50.518421
v -121.545998 -117.659492 -45.907467
v -118.916710 -120.426514 -47.875862
v -123.909004 -117.230690 -51.513313
v -121.488441 -119.931335 -53.801437
v -121.622429 -114.642845 -48.971100
v -119.207741 -117.111572 -51.513313
v -123.608696 -138.720230 -28.235508
v -122.817650 -67.472305 -104.372581
v -121.285591 -127.936836 -20.903559
v -120.240974 -169.164246 4.398007
v -120.810570 -146.684372 -38.442284
v -118.419365 -138.588730 -28.235508
v -123.613274 -137.073853 -29.995470
v -121.111076 -134.824295 -27.326624
v -120.984566 -139.817169 -31.997564
v -118.498177 -136.944244 -29.995470
v -123.321114 -140.432007 -26.397951
v -121.039742 -137.639755 -24.077011
v -120.907219 -142.870193 -28.970196
v -118.619881 -140.312897 -26.397951
v -121.586769 -128.704926 -37.085331
v -121.266350 -128.696808 -49.959663
v -121.306496 -127.111755 -37.328392
v -121.266350 -128.696808 -31.567202
v -121.226173 -130.281845 -37.328392
v -120.945900 -128.688675 -37.085331
v -121.582207 -128.704803 -37.382935
v -121.277046 -128.274658 -37.326561
v -121.255653 -129.118942 -37.326561
v -120.950478 -128.688797 -37.382935
v -121.556633 -128.704163 -36.774612
v -121.277550 -128.254593 -36.795860
v -121.255150 -129.139008 -36.795860
v -120.976036 -128.689453 -36.774612
v -121.541161 -130.505325 -38.885475
v -121.546806 -117.627022 -38.891537
v -121.226891 -130.253494 -37.300034
v -121.080940 -136.013565 -38.882881
v -121.226845 -130.254974 -40.471146
v -120.900276 -130.489090 -38.885475
v -121.544121 -130.207703 -38.885612
v -121.226830 -130.255875 -38.463318
v -121.226830 -130.256271 -39.307854
v -120.912392 -130.191711 -38.885612
v -121.503151 -130.815186 -38.885326
v -121.213387 -130.786377 -38.442978
v -121.213387 -130.786804 -39.327702
v -120.922554 -130.800476 -38.885326
v -121.587166 -128.689362 -40.687248
v -121.263924 -128.792496 -27.813400
v -121.226509 -130.268326 -40.457901
v -121.267937 -128.633545 -46.205170
v -121.306847 -127.098366 -40.430492
v -120.946297 -128.673111 -40.687248
v -121.582542 -128.691803 -40.389656
v -121.255989 -129.105438 -40.449680
v -121.277367 -128.261215 -40.442375
v -120.950813 -128.675797 -40.389656
v -121.557106 -128.685898 -40.997952
v -121.255592 -129.120926 -40.980534
v -121.277992 -128.236542 -40.972885
v -120.976509 -128.671188 -40.997952
v -121.632393 -126.904541 -38.895702
v -120.985863 -139.766449 -38.828655
v -121.305595 -127.147652 -40.479973
v -121.451729 -121.380135 -38.924442
v -121.306007 -127.131142 -37.308899
v -120.991508 -126.888298 -38.895702
v -121.620277 -127.201920 -38.894154
v -121.305779 -127.139763 -39.316708
v -121.305916 -127.135368 -38.472179
v -120.988564 -127.185921 -38.894154
v -121.610130 -126.593163 -38.897320
v -121.319237 -126.609344 -39.339561
v -121.319344 -126.604736 -38.454857
v -121.029518 -126.578453 -38.897320
v -121.617851 -127.478493 -37.567825
v -121.075264 -136.237564 -46.993061
v -121.322624 -126.475464 -38.825855
v -121.392616 -123.712601 -33.528027
v -121.263817 -128.796280 -36.665684
v -120.976967 -127.462242 -37.567825
v -121.608147 -127.681015 -37.785698
v -121.301094 -127.325592 -38.032078
v -121.285423 -127.943672 -37.456779
v -120.976418 -127.665016 -37.785698
v -121.593071 -127.266121 -37.340351
v -121.310600 -126.949493 -37.657242
v -121.294212 -127.596977 -37.054569
v -121.012474 -127.251411 -37.340351
v -121.555687 -129.932434 -40.203823
v -121.457573 -121.149498 -30.785690
v -121.210060 -130.918182 -38.944996
v -121.139946 -133.685333 -44.240582
v -121.268822 -128.599121 -41.107044
v -120.914787 -129.916183 -40.203823
v -121.556236 -129.729492 -39.986118
v -121.231575 -130.068710 -39.739456
v -121.247231 -129.451096 -40.315258
v -120.924522 -129.713470 -39.986118
v -121.520164 -130.143448 -40.431133
v -121.222038 -130.445099 -40.113991
v -121.238426 -129.798111 -40.717186
v -120.939583 -130.128738 -40.431133
v -121.617531 -127.490944 -40.216309
v -121.077217 -136.160965 -30.708950
v -121.263283 -128.817184 -41.105927
v -121.391335 -123.763237 -44.291302
v -121.322594 -126.476143 -38.967701
v -120.976646 -127.474701 -40.216309
v -121.607872 -127.691422 -39.996536
v -121.285072 -127.957161 -40.322895
v -121.300865 -127.333687 -39.753441
v -120.976158 -127.675423 -39.996536
v -121.592705 -127.280731 -40.445763
v -121.293755 -127.614265 -40.728352
v -121.310310 -126.961128 -40.131802
v -121.012108 -127.266022 -40.445763
v -121.555626 -129.934708 -37.570942
v -121.457924 -121.135544 -46.973930
v -121.268715 -128.602951 -36.665440
v -121.139702 -133.694550 -33.540676
v -121.210045 -130.918289 -38.831482
v -120.914726 -129.918457 -37.570942
v -121.556190 -129.731384 -37.788296
v -121.247169 -129.453552 -37.458691
v -121.231544 -130.070175 -38.035557
v -120.924461 -129.715363 -37.788296
v -121.520103 -130.146103 -37.343998
v -121.238350 -129.801270 -37.057362
v -121.221977 -130.447220 -37.661674
v -120.939491 -130.131393 -37.343998
v -121.687737 -128.707489 -36.517925
v -121.266350 -128.696808 -53.448360
v -121.319160 -126.612389 -36.837559
v -121.266350 -128.696808 -29.261286
v -121.213509 -130.781219 -36.837559
v -120.844933 -128.686127 -36.517925
v -121.681709 -128.707336 -36.909283
v -121.280388 -128.141678 -36.835152
v -121.252266 -129.251923 -36.835152
v -120.850960 -128.686279 -36.909283
v -121.648109 -128.706482 -36.109310
v -121.281075 -128.115265 -36.137253
v -121.251595 -129.278351 -36.137253
v -120.884560 -128.687119 -36.109310
v -121.627739 -131.075119 -38.885208
v -121.635201 -114.139442 -38.893177
v -121.214455 -130.743927 -36.800266
v -121.022530 -138.318756 -38.881794
v -121.214409 -130.745895 -40.970455
v -120.784950 -131.053772 -38.885208
v -121.631630 -130.683731 -38.885391
v -121.214394 -130.747055 -38.330055
v -121.214378 -130.747574 -39.440662
v -120.800880 -130.662689 -38.885391
v -121.577766 -131.482605 -38.885014
v -121.196709 -131.444717 -38.303303
v -121.196693 -131.445267 -39.466759
v -120.814232 -131.463257 -38.885014
v -121.688240 -128.687012 -41.254631
v -121.263161 -128.822647 -24.324839
v -121.213966 -130.763443 -40.953033
v -121.268456 -128.613632 -48.511002
v -121.319603 -126.594749 -40.916985
v -120.845467 -128.665665 -41.254631
v -121.682137 -128.690247 -40.863289
v -121.252724 -129.234192 -40.942219
v -121.280846 -128.123978 -40.932613
v -120.851387 -128.669205 -40.863289
v -121.648720 -128.682465 -41.663231
v -121.252220 -129.254562 -41.640320
v -121.281670 -128.091522 -41.630264
v -120.885170 -128.663132 -41.663231
v -121.747734 -126.339874 -38.898655
v -120.897484 -143.253952 -38.810493
v -121.317940 -126.659584 -40.982056
v -121.510124 -119.074982 -38.936451
v -121.318504 -126.637878 -36.811928
v -120.904930 -126.318527 -38.898655
v -121.731773 -126.730949 -38.896622
v -121.318214 -126.649208 -39.452305
v -121.318352 -126.643440 -38.341705
v -120.901054 -126.709908 -38.896622
v -121.718437 -125.930405 -38.900787
v -121.335899 -125.951683 -39.482357
v -121.336037 -125.945633 -38.318920
v -120.954918 -125.911049 -38.900787
v -121.728600 -127.094635 -37.152431
v -121.015083 -138.613312 -49.547119
v -121.340355 -125.775642 -38.806805
v -121.432396 -122.142319 -31.839880
v -121.263008 -128.827621 -35.966064
v -120.885811 -127.073296 -37.152431
v -121.715828 -127.361000 -37.438942
v -121.312019 -126.893585 -37.762947
v -121.291420 -127.706398 -37.006393
v -120.885078 -127.339951 -37.438942
v -121.696022 -126.815384 -36.853287
v -121.324562 -126.399002 -37.270016
v -121.302971 -127.250488 -36.477467
v -120.932487 -126.796036 -36.853287
v -121.646828 -130.321716 -40.618912
v -121.517815 -118.771683 -28.233555
v -121.192314 -131.618027 -38.963482
v -121.100105 -135.256989 -45.927464
v -121.269600 -128.568344 -41.806690
v -120.804039 -130.300369 -40.618912
v -121.647560 -130.054825 -40.332615
v -121.220619 -130.500931 -40.008240
v -121.241203 -129.688736 -40.765450
v -120.816826 -130.033768 -40.332615
v -121.600136 -130.599213 -40.917828
v -121.208076 -130.995911 -40.500771
v -121.229637 -130.145081 -41.294006
v -120.836617 -130.579880 -40.917828
v -121.728203 -127.111015 -40.635323
v -121.017616 -138.512573 -28.132643
v -121.262337 -128.855103 -41.805222
v -121.430733 -122.208900 -45.994164
v -121.340340 -125.776512 -38.993343
v -120.885384 -127.089668 -40.635323
v -121.715477 -127.374680 -40.346317
v -121.290977 -127.724129 -40.775494
v -121.311760 -126.904236 -40.026627
v -120.884743 -127.353622 -40.346317
v -121.695534 -126.834595 -40.937073
v -121.302422 -127.273209 -41.308685
v -121.324181 -126.414307 -40.524193
v -120.931999 -126.815247 -40.937073
v -121.646751 -130.324707 -37.156525
v -121.518288 -118.753326 -49.521954
v -121.269447 -128.573380 -35.965740
v -121.099800 -135.269119 -31.856514
v -121.192314 -131.618164 -38.814209
v -120.803963 -130.303345 -37.156525
v -121.647499 -130.057327 -37.442360
v -121.241112 -129.691971 -37.008911
v -121.220573 -130.502853 -37.767521
v -120.816765 -130.036255 -37.442360
v -121.600044 -130.602722 -36.858086
v -121.229530 -130.149216 -36.481140
v -121.208015 -130.998703 -37.275845
v -120.836540 -130.583374 -36.858086
v -121.789558 -128.710068 -35.945633
v -121.266350 -128.696808 -56.967083
v -121.331917 -126.108711 -36.342503
v -121.266350 -128.696808 -26.935522
v -121.200752 -131.284897 -36.342503
v -120.743111 -128.683548 -35.945633
v -121.782082 -128.709869 -36.431561
v -121.283806 -128.007538 -36.339512
v -121.248863 -129.386063 -36.339512
v -120.750603 -128.683746 -36.431561
v -121.740349 -128.708817 -35.438286
v -121.284615 -127.974754 -35.472977
v -121.248039 -129.418854 -35.472977
v -120.792320 -128.684784 -35.438286
v -121.715065 -131.649811 -38.884937
v -121.724327 -110.621849 -38.894836
v -121.201927 -131.238586 -36.296200
v -120.963631 -140.643768 -38.880699
v -121.201866 -131.241028 -41.474052
v -120.668617 -131.623291 -38.884937
v -121.719902 -131.163849 -38.885170
v -121.201836 -131.242462 -38.195641
v -121.201820 -131.243103 -39.574612
v -120.688408 -131.137711 -38.885170
v -121.653023 -132.155746 -38.884701
v -121.179893 -132.108719 -38.162426
v -121.179863 -132.109390 -39.607010
v -120.704979 -132.131729 -38.884701
v -121.790199 -128.684647 -41.826904
v -121.262367 -128.853043 -20.806242
v -121.201317 -131.262833 -41.452427
v -121.268959 -128.593536 -50.836678
v -121.332466 -126.086823 -41.407665
v -120.743752 -128.658127 -41.826904
v -121.782616 -128.688644 -41.340996
v -121.249428 -129.364029 -41.438995
v -121.284355 -127.985558 -41.427074
v -120.751122 -128.662537 -41.340996
v -121.741112 -128.679016 -42.334232
v -121.248787 -129.389343 -42.305782
v -121.285378 -127.945274 -42.293297
v -120.793083 -128.654984 -42.334232
v -121.864052 -125.770363 -38.901634
v -120.808372 -146.771515 -38.792168
v -121.330437 -126.167313 -41.488461
v -121.569054 -116.749992 -38.948563
v -121.331108 -126.140358 -36.310677
v -120.817589 -125.743843 -38.901634
v -121.844246 -126.255928 -38.899105
v -121.330757 -126.154442 -39.589062
v -121.330940 -126.147255 -38.210106
v -120.812767 -126.229790 -38.899105
v -121.827690 -125.261932 -38.904278
v -121.352699 -125.288368 -39.626385
v -121.352882 -125.280846 -38.181816
v -120.879662 -125.237915 -38.904278
v -121.840309 -126.707497 -36.733456
v -120.954353 -141.009506 -52.123161
v -121.358223 -125.069763 -38.787590
v -121.472542 -120.558502 -30.137196
v -121.262215 -128.859238 -35.260422
v -120.793861 -126.680977 -36.733456
v -121.824425 -127.038231 -37.089199
v -121.323067 -126.457855 -37.491497
v -121.297493 -127.467072 -36.552135
v -120.792961 -127.012093 -37.089199
v -121.799843 -126.360756 -36.362030
v -121.338615 -125.843758 -36.879456
v -121.311836 -126.901001 -35.895401
v -120.851830 -126.336739 -36.362030
v -121.738777 -130.714355 -41.037567
v -121.578590 -116.373405 -25.659451
v -121.174431 -132.323929 -38.982124
v -121.059959 -136.842178 -47.628864
v -121.270378 -128.537292 -42.512356
v -120.692329 -130.687836 -41.037567
v -121.739677 -130.382980 -40.682091
v -121.209572 -130.936859 -40.279339
v -121.235130 -129.928421 -41.219513
v -120.708214 -130.356842 -40.682091
v -121.680809 -131.058914 -41.408714
v -121.193993 -131.551468 -40.890881
v -121.220772 -130.495041 -41.875790
v -120.732780 -131.034882 -41.408714
v -121.839790 -126.727844 -41.057945
v -120.957527 -140.884415 -25.534155
v -121.261375 -128.893326 -42.510532
v -121.470451 -120.641174 -47.711681
v -121.358208 -125.070869 -39.019199
v -120.793343 -126.701324 -41.057945
v -121.823997 -127.055206 -40.699104
v -121.296944 -127.489082 -41.231983
v -121.322716 -126.471092 -40.302170
v -120.792519 -127.029076 -40.699104
v -121.799232 -126.384621 -41.432610
v -121.311119 -126.929207 -41.894020
v -121.338158 -125.862770 -40.919960
v -120.851219 -126.360588 -41.432610
v -121.738686 -130.718063 -36.738541
v -121.579155 -116.350632 -52.091915
v -121.270226 -128.543549 -35.260021
v -121.059563 -136.857239 -30.157850
v -121.174431 -132.324081 -38.796783
v -120.692238 -130.691559 -36.738541
v -121.739616 -130.386078 -37.093445
v -121.235023 -129.932449 -36.555260
v -121.209511 -130.939285 -37.497177
v -120.708138 -130.359940 -37.093445
v -121.680687 -131.063263 -36.367989
v -121.220650 -130.500183 -35.899960
v -121.193932 -131.554916 -36.886692
v -120.732674 -131.039246 -36.367989
v -121.938133 -128.713821 -35.110550
v -121.266350 -128.696808 -62.101551
v -121.350533 -125.373756 -35.620121
v -121.266350 -128.696808 -23.541801
v -121.182137 -132.019852 -35.620121
v -120.594536 -128.679779 -35.110550
v -121.928535 -128.713593 -35.734470
v -121.288765 -127.811798 -35.616283
v -121.243904 -129.581802 -35.616283
v -120.604134 -128.680038 -35.734470
v -121.874962 -128.712219 -34.459129
v -121.289818 -127.769699 -34.503674
v -121.242836 -129.623917 -34.503674
v -120.657707 -128.681381 -34.459129
v -121.842506 -132.488388 -38.884548
v -121.854362 -105.489029 -38.897251
v -121.183647 -131.960388 -35.560669
v -120.877663 -144.036392 -38.879105
v -121.183571 -131.963516 -42.208904
v -120.498894 -132.454346 -38.884548
v -121.848701 -131.864410 -38.884838
v -121.183510 -131.965378 -37.999500
v -121.183495 -131.966202 -39.770069
v -120.524300 -131.830856 -38.884842
v -121.762810 -133.138000 -38.884239
v -121.155327 -133.077606 -37.956856
v -121.155312 -133.078491 -39.811668
v -120.545586 -133.107147 -38.884239
v -121.938972 -128.681198 -42.661949
v -121.261253 -128.897415 -15.671966
v -121.182854 -131.991516 -42.181137
v -121.269691 -128.564209 -54.230274
v -121.351234 -125.345665 -42.123665
v -120.595360 -128.647141 -42.661949
v -121.929222 -128.686340 -42.038059
v -121.244637 -129.553513 -42.163891
v -121.289467 -127.783585 -42.148586
v -120.604836 -128.652786 -42.038059
v -121.875938 -128.673965 -43.313351
v -121.243813 -129.585999 -43.276825
v -121.290779 -127.731857 -43.260792
v -120.658684 -128.643127 -43.313351
v -122.033775 -124.939316 -38.905987
v -120.678307 -151.904266 -38.765427
v -121.348625 -125.449005 -42.227406
v -121.655006 -113.357422 -38.966236
v -121.349510 -125.414398 -35.579258
v -120.690163 -124.905273 -38.905987
v -122.008369 -125.562782 -38.902733
v -121.349037 -125.432472 -39.788624
v -121.349281 -125.423248 -38.018082
v -120.683968 -125.529228 -38.902733
v -121.987099 -124.286514 -38.909374
v -121.377235 -124.320450 -39.836536
v -121.377464 -124.310799 -37.981750
v -120.769859 -124.255669 -38.909382
v -122.003304 -126.142593 -36.122097
v -120.865761 -144.505997 -55.882084
v -121.384331 -124.039787 -38.759548
v -121.531090 -118.247437 -27.652670
v -121.261055 -128.905365 -34.230759
v -120.659660 -126.108543 -36.122097
v -121.982918 -126.567215 -36.578865
v -121.339180 -125.822067 -37.095402
v -121.306343 -127.117867 -35.889286
v -120.658516 -126.533661 -36.578865
v -121.951347 -125.697388 -35.645195
v -121.359154 -125.033562 -36.309555
v -121.324745 -126.391029 -35.046055
v -120.734093 -125.666550 -35.645195
v -121.872948 -131.287308 -41.648464
v -121.667244 -112.873886 -21.903360
v -121.148338 -133.353928 -39.009327
v -121.001350 -139.155258 -50.111519
v -121.271523 -128.492004 -43.542053
v -120.529320 -131.253250 -41.648464
v -121.874107 -130.861801 -41.192043
v -121.193459 -131.572998 -40.674919
v -121.226265 -130.278168 -41.882080
v -120.549706 -130.828247 -41.192043
v -121.798500 -131.729691 -42.125008
v -121.173454 -132.362137 -41.460121
v -121.207832 -131.005692 -42.724724
v -120.581261 -131.698853 -42.125008
v -122.002632 -126.168716 -41.674629
v -120.869835 -144.345398 -21.742483
v -121.259941 -128.949173 -43.539719
v -121.528419 -118.353584 -50.217857
v -121.384300 -124.041191 -39.056931
v -120.659019 -126.134666 -41.674629
v -121.982368 -126.589027 -41.213886
v -121.305626 -127.146133 -41.898094
v -121.338737 -125.839027 -40.704231
v -120.657967 -126.555473 -41.213886
v -121.950569 -125.728004 -42.155689
v -121.323845 -126.427269 -42.748131
v -121.358528 -125.057976 -41.497459
v -120.733330 -125.697166 -42.155689
v -121.872826 -131.292053 -36.128624
v -121.667992 -112.844627 -55.841965
v -121.271309 -128.500031 -34.230244
v -121.000862 -139.174591 -27.679186
v -121.148338 -133.354126 -38.771355
v -120.529213 -131.258011 -36.128624
v -121.874001 -130.865784 -36.584312
v -121.226128 -130.283325 -35.893295
v -121.193382 -131.576065 -37.102695
v -120.549614 -130.832214 -36.584312
v -121.798363 -131.735275 -35.652847
v -121.207649 -131.012299 -35.051910
v -121.173347 -132.366562 -36.318848
v -120.581123 -131.704422 -35.652847
v -122.149742 -128.719177 -33.921398
v -121.266350 -128.696808 -69.413033
v -121.377052 -124.327187 -34.591454
v -121.266350 -128.696808 -18.709148
v -121.155632 -133.066422 -34.591454
v -120.382942 -128.674408 -33.921398
v -122.137077 -128.718872 -34.741814
v -121.295815 -127.533081 -34.586411
v -121.236855 -129.860535 -34.586411
v -120.395592 -128.674744 -34.741814
v -122.066643 -128.717087 -33.064816
v -121.297218 -127.477715 -33.123386
v -121.235451 -129.915894 -33.123386
v -120.466026 -128.676514 -33.064816
v -122.023964 -133.682510 -38.883987
v -122.039574 -98.179893 -38.900688
v -121.157600 -132.988235 -34.513275
v -120.755257 -148.867493 -38.876831
v -121.157509 -132.992340 -43.255325
v -120.257179 -133.637741 -38.883987
v -122.032112 -132.862045 -38.884373
v -121.157448 -132.994797 -37.720203
v -121.157402 -132.995880 -40.048397
v -120.290596 -132.817917 -38.884373
v -121.919182 -134.536728 -38.883583
v -121.120369 -134.457306 -37.664127
v -121.120354 -134.458466 -40.103096
v -120.318581 -134.496170 -38.883583
v -122.150810 -128.676285 -43.851063
v -121.259651 -128.960602 -8.360761
v -121.156563 -133.029144 -43.218815
v -121.270760 -128.522446 -59.062744
v -121.377998 -124.290230 -43.143242
v -120.384041 -128.631531 -43.851063
v -122.137993 -128.683044 -43.030678
v -121.237801 -129.823318 -43.196140
v -121.296761 -127.495964 -43.176010
v -120.396492 -128.638916 -43.030678
v -122.067909 -128.666763 -44.707615
v -121.236702 -129.866058 -44.659584
v -121.298485 -127.427956 -44.638500
v -120.467308 -128.626205 -44.707615
v -122.275490 -123.755928 -38.912178
v -120.493126 -159.213303 -38.727352
v -121.374550 -124.426125 -43.279655
v -121.777412 -108.526382 -38.991402
v -121.375710 -124.380623 -34.537724
v -120.508705 -123.711159 -38.912178
v -122.242058 -124.575752 -38.907906
v -121.375099 -124.404396 -40.072800
v -121.375404 -124.392265 -37.744633
v -120.500557 -124.531624 -38.907906
v -122.214088 -122.897522 -38.916641
v -121.412148 -122.942154 -40.135807
v -121.412453 -122.929451 -37.696865
v -120.613487 -122.856964 -38.916641
v -122.235390 -125.338165 -35.251526
v -120.739616 -149.484985 -61.234787
v -121.421486 -122.573090 -38.719624
v -121.614479 -114.956474 -24.114706
v -121.259392 -128.971054 -32.764519
v -120.468620 -125.293396 -35.251526
v -122.208611 -125.896530 -35.852146
v -121.362129 -124.916679 -36.531361
v -121.318947 -126.620598 -34.945389
v -120.467079 -125.852402 -35.852146
v -122.167091 -124.752724 -34.624424
v -121.388390 -123.879852 -35.498024
v -121.343163 -125.664833 -33.836586
v -120.566475 -124.712181 -34.624424
v -122.063988 -132.103165 -42.518383
v -121.793510 -107.890564 -16.554695
v -121.111183 -134.820648 -39.048069
v -120.917870 -142.449066 -53.646816
v -121.273170 -128.427505 -45.008347
v -120.297203 -132.058395 -42.518383
v -122.065514 -131.543655 -41.918217
v -121.170509 -132.478836 -41.238224
v -121.213661 -130.776199 -42.825573
v -120.324013 -131.499527 -41.918213
v -121.966087 -132.684891 -43.145016
v -121.144203 -133.516495 -42.270725
v -121.189415 -131.732849 -43.933601
v -120.365501 -132.644333 -43.145016
v -122.234520 -125.372505 -42.552792
v -120.744957 -149.273804 -16.343149
v -121.257927 -129.028625 -45.005276
v -121.610954 -115.096077 -53.786648
v -121.421455 -122.574928 -39.110668
v -120.467735 -125.327751 -42.552792
v -122.207878 -125.925209 -41.946934
v -121.318016 -126.657753 -42.846626
v -121.361565 -124.939003 -41.276768
v -120.466362 -125.881081 -41.946934
v -122.166069 -124.792999 -43.185356
v -121.341957 -125.712479 -43.964375
v -121.387566 -123.911942 -42.319820
v -120.565468 -124.752449 -43.185356
v -122.063835 -132.109406 -35.260105
v -121.794502 -107.852097 -61.182026
v -121.272896 -128.438065 -32.763844
v -120.917229 -142.474503 -24.149580
v -121.111168 -134.820923 -38.735142
v -120.297035 -132.064636 -35.260105
v -122.065392 -131.548889 -35.859310
v -121.213493 -130.782990 -34.950665
v -121.170403 -132.482880 -36.540951
v -120.323875 -131.504761 -35.859310
v -121.965919 -132.692215 -34.634487
v -121.189186 -131.741547 -33.844288
v -121.144081 -133.522339 -35.510242
v -120.365318 -132.651657 -34.634487
v -122.489235 -128.727798 -32.013199
v -121.266350 -128.696808 -81.145538
v -121.419594 -122.647789 -32.940788
v -121.266350 -128.696808 -10.954337
v -121.113075 -134.745834 -32.940784
v -120.043434 -128.665817 -32.013199
v -122.471748 -128.727341 -33.148933
v -121.307137 -127.085823 -32.933800
v -121.225517 -130.307785 -32.933800
v -120.060936 -128.666260 -33.148933
v -122.374214 -128.724869 -30.827400
v -121.309105 -127.009178 -30.908487
v -121.223579 -130.384445 -30.908487
v -120.158455 -128.668716 -30.827400
v -122.315147 -135.598709 -38.883087
v -122.336754 -86.451149 -38.906208
v -121.115791 -134.637604 -32.832558
v -120.558830 -156.619827 -38.873180
v -121.115669 -134.643280 -44.934490
v -119.869331 -135.536728 -38.883087
v -122.326424 -134.462891 -38.883625
v -121.115578 -134.646652 -37.272018
v -121.115547 -134.648178 -40.495026
v -119.915596 -134.401810 -38.883625
v -122.170082 -136.781204 -38.882530
v -121.064278 -136.671280 -37.194393
v -121.064232 -136.672867 -40.570747
v -119.954308 -136.725082 -38.882530
v -122.490746 -128.668396 -45.759186
v -121.257088 -129.061996 3.371308
v -121.114372 -134.694214 -44.883945
v -121.272438 -128.455429 -66.817276
v -121.420906 -122.596626 -44.779335
v -120.044930 -128.606415 -45.759186
v -122.473000 -128.677765 -44.623501
v -121.226814 -130.256287 -44.852554
v -121.308464 -127.034431 -44.824696
v -120.062172 -128.616684 -44.623501
v -122.375984 -128.655228 -46.944946
v -121.225319 -130.315430 -46.878456
v -121.310829 -126.940285 -46.849274
v -120.160210 -128.599075 -46.944946
v -122.663338 -121.856979 -38.922119
v -120.195946 -170.941895 -38.666252
v -121.416130 -122.784760 -44.968174
v -121.973839 -100.774155 -39.031784
v -121.417732 -122.721756 -32.866402
v -120.217506 -121.794991 -38.922119
v -122.617058 -122.991875 -38.916203
v -121.416893 -122.754662 -40.528809
v -121.417320 -122.737877 -37.305843
v -120.206245 -122.930794 -38.916206
v -122.578346 -120.668648 -38.928295
v -121.468193 -120.730431 -40.616024
v -121.468636 -120.712852 -37.239716
v -120.362587 -120.612511 -38.928295
v -122.607841 -124.047310 -33.854542
v -120.537178 -157.474625 -69.824097
v -121.481117 -120.219528 -38.655560
v -121.748283 -109.675583 -18.437443
v -121.256706 -129.076462 -30.411692
v -120.162025 -123.985344 -33.854542
v -122.570747 -124.820274 -34.686005
v -121.398933 -123.463844 -35.626266
v -121.339165 -125.822639 -33.430748
v -120.159920 -124.759201 -34.686005
v -122.513283 -123.236877 -32.986423
v -121.435295 -122.028519 -34.195782
v -121.372688 -124.499550 -31.895796
v -120.297508 -123.180733 -32.986423
v -122.370552 -133.412338 -43.914314
v -121.996132 -99.893967 -7.971849
v -121.051537 -137.174271 -39.110233
v -120.783958 -147.734558 -59.319809
v -121.275795 -128.324005 -47.361263
v -119.924736 -133.350357 -43.914314
v -122.372673 -132.637817 -43.083477
v -121.133675 -133.932404 -42.142143
v -121.193398 -131.575394 -44.339573
v -119.961845 -132.576721 -43.083477
v -122.235054 -134.217636 -44.781780
v -121.097282 -135.368866 -43.571472
v -121.159843 -132.899719 -45.873455
v -120.019295 -134.161499 -44.781780
v -122.606636 -124.094856 -43.961941
v -120.544579 -157.182297 -7.678995
v -121.254707 -129.156158 -47.357006
v -121.743401 -109.868820 -59.513367
v -121.481071 -120.222076 -39.196892
v -120.160820 -124.032883 -43.961941
v -122.569740 -124.859970 -43.123238
v -121.337852 -125.874092 -44.368717
v -121.398155 -123.494743 -42.195499
v -120.158913 -124.798897 -43.123238
v -122.511864 -123.292633 -44.837624
v -121.371010 -124.565491 -45.916054
v -121.434166 -122.072945 -43.639442
v -120.296089 -123.236488 -44.837624
v -122.370338 -133.421005 -33.866421
v -121.997490 -99.840721 -69.751068
v -121.275429 -128.338623 -30.410757
v -120.783073 -147.769760 -18.485720
v -121.051537 -137.174637 -38.677040
v -119.924507 -133.359024 -33.866421
v -122.372490 -132.645050 -34.695923
v -121.193153 -131.584778 -33.438049
v -121.133537 -133.938004 -35.639538
v -119.961647 -132.583954 -34.695923
v -122.234779 -134.227798 -33.000351
v -121.159538 -132.911758 -31.906458
v -121.097084 -135.376953 -34.212692
v -120.019020 -134.171646 -33.000351
v -122.823570 -128.736267 -30.134153
v -121.266350 -128.696808 -92.698837
v -121.461510 -120.994034 -31.315327
v -121.266335 -128.696808 -3.317974
v -121.071159 -136.399582 -31.315325
v -119.709084 -128.657333 -30.134153
v -122.801308 -128.735687 -31.580379
v -121.318321 -126.645393 -31.306431
v -121.214348 -130.748215 -31.306431
v -119.731361 -128.657913 -31.580379
v -122.677101 -128.732544 -28.624165
v -121.320778 -126.547783 -28.727417
v -121.211891 -130.845810 -28.727417
v -119.855568 -128.661057 -28.624165
v -122.601875 -137.485626 -38.882202
v -122.629402 -74.901566 -38.911648
v -121.074654 -136.261749 -31.177513
v -120.365395 -164.253738 -38.869587
v -121.074486 -136.268997 -46.588009
v -119.487404 -137.406708 -38.882202
v -122.616234 -136.039291 -38.882885
v -121.074348 -136.273300 -36.830681
v -121.074318 -136.275238 -40.934834
v -119.546303 -135.961517 -38.882885
v -122.417168 -138.991425 -38.881493
v -121.009041 -138.851440 -36.731831
v -121.008995 -138.853470 -41.031254
v -119.595634 -138.919922 -38.881493
v -122.825508 -128.660629 -47.638168
v -121.254539 -129.161835 14.924177
v -121.072823 -136.333862 -46.523643
v -121.274132 -128.389450 -74.453354
v -121.463158 -120.928902 -46.390430
v -119.711006 -128.581711 -47.638168
v -122.802895 -128.672562 -46.191994
v -121.216026 -130.682648 -46.483669
v -121.319984 -126.579971 -46.448193
v -119.732979 -128.594772 -46.191994
v -122.679344 -128.643860 -49.148106
v -121.214104 -130.757965 -49.063435
v -121.323021 -126.460083 -49.026268
v -119.857811 -128.572372 -49.148106
v -123.045265 -119.987022 -38.931904
v -119.903297 -182.491318 -38.606083
v -121.457085 -121.168449 -46.630898
v -122.167259 -93.140358 -39.071552
v -121.459129 -121.088234 -31.220606
v -119.930779 -119.908096 -38.931904
v -122.986351 -121.432198 -38.924374
v -121.458061 -121.130119 -40.977848
v -121.458611 -121.108757 -36.873753
v -119.916420 -121.354408 -38.924374
v -122.937035 -118.473816 -38.939770
v -121.523354 -118.552483 -41.088913
v -121.523933 -118.530106 -36.789547
v -120.115486 -118.402328 -38.939770
v -122.974602 -122.776184 -32.478901
v -120.337822 -165.342239 -78.282204
v -121.539848 -117.901909 -38.592468
v -121.880043 -104.475342 -12.846899
v -121.254082 -129.180252 -28.094801
v -119.860115 -122.697266 -32.478901
v -122.927361 -123.760468 -33.537674
v -121.435173 -122.033188 -34.735001
v -121.359077 -125.036850 -31.939243
v -119.857414 -123.682686 -33.537674
v -122.854179 -121.744186 -31.373444
v -121.481483 -120.205467 -32.913425
v -121.401772 -123.352043 -29.984648
v -120.032631 -121.672699 -31.373444
v -122.672432 -134.701523 -45.288925
v -122.195641 -92.019531 0.479905
v -120.992805 -139.491928 -39.171448
v -120.652077 -152.939301 -64.906136
v -121.278358 -128.222076 -49.678234
v -119.557945 -134.622604 -45.288925
v -122.675133 -133.715240 -44.230946
v -121.097420 -135.363770 -43.032257
v -121.173454 -132.362366 -45.830441
v -119.605202 -133.637466 -44.230946
v -122.499886 -135.726990 -46.393551
v -121.051048 -137.192963 -44.852352
v -121.130745 -134.048767 -47.783676
v -119.678337 -135.655502 -46.393551
v -122.973061 -122.836723 -45.349579
v -120.347252 -164.969971 0.852811
v -121.251518 -129.281754 -49.672817
v -121.873817 -104.721413 -65.152626
v -121.539772 -117.905159 -39.281799
v -119.858574 -122.757812 -45.349579
v -122.926094 -123.811020 -44.281574
v -121.357414 -125.102379 -45.867554
v -121.434181 -122.072540 -43.100204
v -119.856163 -123.733223 -44.281574
v -122.852379 -121.815178 -46.464664
v -121.399651 -123.436035 -47.837925
v -121.480049 -120.262039 -44.938904
v -120.030830 -121.743683 -46.464664
v -122.672157 -134.712555 -32.494026
v -122.197395 -91.951706 -78.189209
v -121.277885 -128.240692 -28.093611
v -120.650948 -152.984131 -12.908373
v -120.992805 -139.492401 -38.619823
v -119.557671 -134.633652 -32.494026
v -122.674889 -133.724442 -33.550301
v -121.173149 -132.374344 -31.948542
v -121.097237 -135.370911 -34.751900
v -119.604973 -133.646667 -33.550301
v -122.499565 -135.739914 -31.391180
v -121.130333 -134.064087 -29.998222
v -121.050804 -137.203232 -32.934963
v -119.678001 -135.668442 -31.391182
v -123.328377 -128.749054 -27.297050
v -121.266350 -128.696808 -110.142693
v -121.524773 -118.497101 -28.861115
v -121.266335 -128.696808 8.211861
v -121.007896 -138.896500 -28.861115
v -119.204308 -128.644547 -27.297050
v -123.298866 -128.748306 -29.212088
v -121.335152 -125.980408 -28.849333
v -121.197502 -131.413208 -28.849333
v -119.233803 -128.645309 -29.212088
v -123.134422 -128.744141 -25.297583
v -121.338448 -125.851158 -25.434311
v -121.194221 -131.542450 -25.434311
v -119.398247 -128.649475 -25.297583
v -123.034828 -140.334595 -38.880867
v -123.071236 -57.463314 -38.919857
v -121.012520 -138.714005 -28.678627
v -120.073341 -175.779861 -38.864162
v -121.012276 -138.723587 -49.084583
v -118.910744 -140.230118 -38.880871
v -123.053825 -138.419434 -38.881771
v -121.012154 -138.729279 -36.164326
v -121.012062 -138.731857 -41.598873
v -118.988747 -138.316437 -38.881771
v -122.790215 -142.328522 -38.879929
v -120.925636 -142.143158 -36.033432
v -120.925560 -142.145828 -41.726551
v -119.054054 -142.233841 -38.879932
v -123.330910 -128.648911 -50.475163
v -121.250725 -129.312576 32.367374
v -121.010109 -138.809494 -48.999355
v -121.276649 -128.289810 -85.982742
v -121.526955 -118.410843 -48.822964
v -119.206841 -128.544418 -50.475163
v -123.300987 -128.664703 -48.560196
v -121.199715 -131.326370 -48.946426
v -121.337364 -125.893768 -48.899448
v -119.235909 -128.561707 -48.560196
v -123.137413 -128.626724 -52.474556
v -121.197182 -131.426102 -52.362438
v -121.341377 -125.735023 -52.313232
v -119.401222 -128.532059 -52.474556
v -123.621941 -117.163658 -38.946678
v -119.461464 -199.929337 -38.515244
v -121.518929 -118.728073 -49.141376
v -122.459297 -81.614380 -39.131596
v -121.521599 -118.621834 -28.735687
v -119.497841 -117.059158 -38.946678
v -123.543907 -119.077309 -38.936707
v -121.520210 -118.677315 -41.655830
v -121.520927 -118.649025 -36.221359
v -119.478828 -118.974304 -38.936707
v -123.478615 -115.159943 -38.957092
v -121.606697 -115.264107 -41.802902
v -121.607445 -115.234467 -36.109856
v -119.742439 -115.065269 -38.957092
v -123.528343 -120.856949 -30.401869
v -120.036842 -177.221207 -91.052765
v -121.628517 -114.402649 -38.497208
v -122.078987 -96.623718 -4.405970
v -121.250114 -129.336960 -24.596624
v -119.404259 -120.752457 -30.401869
v -123.465797 -122.160309 -31.803860
v -121.489906 -119.873123 -33.389305
v -121.389137 -123.850441 -29.687279
v -119.400719 -122.057312 -31.803860
v -123.368874 -119.490433 -28.938070
v -121.551231 -117.452911 -30.977249
v -121.445656 -121.619492 -27.099083
v -119.632713 -119.395760 -28.938070
v -123.128242 -136.648010 -47.364388
v -122.496895 -80.130226 13.240844
v -120.904152 -142.991272 -39.263874
v -120.452965 -160.797745 -73.340721
v -121.282280 -128.068207 -53.176537
v -119.004143 -136.543518 -47.364388
v -123.131798 -135.342010 -45.963455
v -121.042656 -137.524933 -44.376202
v -121.143349 -133.550613 -48.081444
v -119.066719 -135.239014 -45.963455
v -122.899757 -138.005890 -48.827087
v -120.981270 -139.947083 -46.786297
v -121.086784 -135.783646 -50.667835
v -119.163582 -137.911224 -48.827087
v -123.526314 -120.937111 -47.444706
v -120.049309 -176.728271 13.734639
v -121.246712 -129.471390 -53.169365
v -122.070747 -96.949547 -73.667107
v -121.628410 -114.406937 -39.409996
v -119.402245 -120.832626 -47.444706
v -123.464104 -122.227234 -46.030499
v -121.386925 -123.937210 -48.130589
v -121.488579 -119.925224 -44.466171
v -119.399025 -122.124237 -46.030499
v -123.366508 -119.584435 -48.921257
v -121.442833 -121.730713 -50.739677
v -121.549324 -117.527824 -46.900906
v -119.630333 -119.489761 -48.921261
v -123.127861 -136.662628 -30.421900
v -122.499184 -80.040421 -90.929619
v -121.281639 -128.092834 -24.595049
v -120.451454 -160.857117 -4.487368
v -120.904137 -142.991913 -38.533436
v -119.003777 -136.558121 -30.421900
v -123.131493 -135.354202 -31.820581
v -121.142952 -133.566452 -29.699593
v -121.042412 -137.534378 -33.411682
v -119.066414 -135.251205 -31.820581
v -122.899315 -138.023010 -28.961555
v -121.086250 -135.803955 -27.117054
v -120.980934 -139.960693 -31.005772
v -119.163155 -137.928345 -28.961555
v -124.017006 -128.766495 -23.426670
v -121.266365 -128.696808 -133.939590
v -121.611092 -115.090782 -25.513073
v -121.266335 -128.696808 23.940863
v -120.921593 -142.302826 -25.513073
v -118.515648 -128.627106 -23.426670
v -123.977669 -128.765503 -25.981258
v -121.358162 -125.073227 -25.497358
v -121.174507 -132.320389 -25.497358
v -118.555000 -128.628098 -25.981258
v -123.758293 -128.759949 -20.759459
v -121.362511 -124.900818 -20.941845
v -121.170158 -132.492798 -20.941845
v -118.774376 -128.633652 -20.759459
v -123.625435 -144.221191 -38.879047
v -123.674019 -33.674030 -38.931057
v -120.927742 -142.059357 -25.269642
v -119.674934 -191.503830 -38.856758
v -120.927437 -142.072159 -52.490417
v -118.124062 -144.081802 -38.879051
v -123.650780 -141.666428 -38.880249
v -120.927238 -142.079758 -35.255283
v -120.927147 -142.083176 -42.504761
v -118.228127 -141.529022 -38.880249
v -123.299141 -146.880981 -38.877792
v -120.811852 -146.633743 -35.080673
v -120.811760 -146.637314 -42.675087
v -118.315224 -146.754715 -38.877796
v -124.020409 -128.632904 -54.345398
v -121.245522 -129.518219 56.163414
v -120.924538 -142.186752 -52.376724
v -121.280098 -128.153885 -101.711159
v -121.613991 -114.975731 -52.141422
v -118.519035 -128.493515 -54.345398
v -123.980492 -128.653992 -51.790909
v -121.177467 -132.204559 -52.306122
v -121.361076 -124.957672 -52.243454
v -118.557838 -128.516602 -51.790909
v -123.762276 -128.603317 -57.012516
v -121.174095 -132.337585 -56.862957
v -121.366447 -124.745895 -56.797310
v -118.778358 -128.477020 -57.012516
v -124.408607 -113.312019 -38.966831
v -118.858696 -223.718323 -38.391319
v -121.603279 -115.398888 -52.566174
v -122.857704 -65.890640 -39.213509
v -121.606865 -115.257179 -25.345760
v -118.907234 -113.172623 -38.966835
v -124.304543 -115.864754 -38.953533
v -121.604988 -115.331184 -42.580742
v -121.605949 -115.293449 -35.331360
v -118.881874 -115.727348 -38.953533
v -124.217445 -110.639145 -38.980724
v -121.720360 -110.778099 -42.776928
v -121.721352 -110.738556 -35.182617
v -119.233513 -110.512856 -38.980724
v -124.283760 -118.238731 -27.568384
v -119.626244 -193.426544 -108.474380
v -121.749489 -109.628929 -38.367260
v -122.350380 -85.912529 7.109167
v -121.244698 -129.550751 -19.824406
v -118.782402 -118.099342 -27.568384
v -124.200340 -119.977371 -29.438583
v -121.564568 -116.926338 -31.553507
v -121.430138 -122.231941 -26.615145
v -118.777687 -119.839973 -29.438583
v -124.071068 -116.415855 -25.615730
v -121.646370 -113.697884 -28.335918
v -121.505547 -119.255936 -23.162586
v -119.087135 -116.289566 -25.615730
v -123.750038 -139.303421 -50.195740
v -122.907875 -63.910824 30.649342
v -120.783195 -147.765076 -39.389965
v -120.181328 -171.518265 -84.847183
v -121.287575 -127.858276 -57.948925
v -118.248665 -139.164017 -50.195740
v -123.754799 -137.561279 -48.326950
v -120.967934 -140.473206 -46.209614
v -121.102272 -135.171600 -51.152267
v -118.332146 -137.423874 -48.326950
v -123.445259 -141.114761 -52.146931
v -120.886070 -143.704254 -49.424587
v -121.026802 -138.150406 -54.602417
v -118.461327 -140.988480 -52.146931
v -124.281059 -118.345680 -50.302879
v -119.642891 -192.768951 31.308052
v -121.240166 -129.730057 -57.939362
v -122.339394 -86.347160 -85.282555
v -121.749321 -109.634666 -39.584877
v -118.779701 -118.206291 -50.302879
v -124.198082 -120.066643 -48.416378
v -121.427208 -122.347687 -51.217827
v -121.562813 -116.995842 -46.329628
v -118.775429 -119.929237 -48.416378
v -124.067879 -116.541260 -52.272545
v -121.501778 -119.404289 -54.698242
v -121.643837 -113.797806 -49.577469
v -119.083977 -116.414978 -52.272545
v -123.749535 -139.322906 -27.595102
v -122.910912 -63.791031 -108.310120
v -121.286751 -127.891151 -19.822302
v -120.179298 -171.597443 7.000578
v -120.783165 -147.765930 -38.415588
v -118.248161 -139.183502 -27.595102
v -123.754387 -137.577545 -29.460886
v -121.101753 -135.192719 -26.631569
v -120.967628 -140.485809 -31.583361
v -118.331718 -137.440140 -29.460886
v -123.444664 -141.137604 -25.647057
v -121.026100 -138.177475 -23.186563
v -120.885612 -143.722397 -28.373962
v -118.460747 -141.011337 -25.647057
v -124.806282 -128.786499 -18.990702
v -121.266365 -128.696808 -161.214050
v -121.709999 -111.186691 -21.675776
v -121.266335 -128.696808 41.968407
v -120.822655 -146.206909 -21.675776
v -117.726387 -128.607117 -18.990702
v -124.755638 -128.785217 -22.278299
v -121.384499 -124.033493 -21.655552
v -121.148186 -133.360123 -21.655552
v -117.777016 -128.608398 -22.278299
v -124.473320 -128.778061 -15.558164
v -121.390099 -123.811607 -15.792880
v -121.142555 -133.582016 -15.792879
v -118.059334 -128.615540 -15.558164
v -124.302330 -148.675735 -38.876961
v -124.364876 -6.408337 -38.943890
v -120.830605 -145.893585 -21.362492
v -119.218315 -209.525589 -38.848278
v -120.830193 -145.910065 -56.393955
v -117.222420 -148.496338 -38.876961
v -124.334969 -145.387894 -38.878510
v -120.829948 -145.919846 -34.213398
v -120.829826 -145.924240 -43.543030
v -117.356346 -145.211090 -38.878510
v -123.882454 -152.098740 -38.875347
v -120.681435 -151.780533 -33.988686
v -120.681328 -151.785126 -43.762230
v -117.468437 -151.936218 -38.875347
v -124.810661 -128.614578 -58.781200
v -121.239540 -129.753906 83.436829
v -120.826454 -146.057526 -56.247639
v -121.284050 -127.998100 -119.738029
v -121.713753 -111.038635 -55.944820
v -117.730736 -128.435196 -58.781200
v -124.759300 -128.641708 -55.493729
v -121.151955 -133.211060 -56.156776
v -121.388252 -123.884773 -56.076126
v -117.780647 -128.464874 -55.493729
v -124.478447 -128.576477 -62.213615
v -121.147636 -133.382263 -62.021141
v -121.395164 -123.612236 -61.936661
v -118.064445 -128.413956 -62.213615
v -125.310234 -108.897537 -38.989933
v -118.167854 -250.983643 -38.249283
v -121.699959 -111.583206 -56.491447
v -123.314323 -47.869122 -39.307388
v -121.704582 -111.400826 -21.460453
v -118.230309 -108.718147 -38.989933
v -125.176338 -112.182755 -38.972813
v -121.702171 -111.496078 -43.640808
v -121.703407 -111.447510 -34.311302
v -118.197701 -112.005928 -38.972813
v -125.064232 -105.457695 -39.007809
v -121.850624 -105.636528 -43.893291
v -121.851921 -105.585640 -34.119884
v -118.650215 -105.295189 -39.007809
v -125.149590 -115.237907 -24.320831
v -119.155647 -211.999985 -128.441895
v -121.888115 -104.157623 -38.218319
v -122.661446 -73.636063 20.307041
v -121.238487 -129.795792 -14.354808
v -118.069679 -115.058525 -24.320831
v -125.042213 -117.475426 -26.727665
v -121.650139 -113.548927 -29.449438
v -121.477150 -120.376930 -23.094069
v -118.063591 -117.298592 -26.727665
v -124.875847 -112.891968 -21.807884
v -121.755409 -109.394127 -25.308603
v -121.574181 -116.546982 -18.650845
v -118.461845 -112.729446 -21.807884
v -124.462715 -142.346863 -53.440849
v -123.378883 -45.321236 50.601814
v -120.644554 -153.236511 -39.534477
v -119.870003 -183.805374 -98.035118
v -121.293678 -127.617676 -63.418728
v -117.382774 -142.167465 -53.440849
v -124.468849 -140.104843 -51.035824
v -120.882332 -143.852295 -48.310951
v -121.055214 -137.029465 -54.671841
v -117.490211 -139.928024 -51.035824
v -124.070473 -144.677948 -55.951904
v -120.776955 -148.010452 -52.448421
v -120.958076 -140.862976 -59.111969
v -117.656456 -144.515442 -55.951904
v -125.146111 -115.375549 -53.578728
v -119.177055 -211.153748 51.449520
v -121.232658 -130.026520 -63.406406
v -122.647285 -74.195412 -98.595428
v -121.887917 -104.165001 -39.785320
v -118.066185 -115.196159 -53.578728
v -125.039299 -117.590317 -51.150921
v -121.473366 -120.525879 -54.756207
v -121.647881 -113.638390 -48.465401
v -118.060661 -117.413490 -51.150921
v -124.871758 -113.053360 -56.113564
v -121.569344 -116.737915 -59.235294
v -121.752159 -109.522720 -52.645172
v -118.457771 -112.890839 -56.113564
v -124.462059 -142.371933 -24.355215
v -123.382820 -45.167072 -128.230469
v -121.292610 -127.659973 -14.352099
v -119.867409 -183.907288 20.167305
v -120.644539 -153.237579 -38.280514
v -117.382149 -142.192551 -24.355215
v -124.468300 -140.125763 -26.756367
v -121.054512 -137.056656 -23.115208
v -120.881920 -143.868530 -29.487860
v -117.489677 -139.948944 -26.756367
v -124.069725 -144.707352 -21.848202
v -120.957191 -140.897842 -18.681698
v -120.776390 -148.033829 -25.357565
v -117.655708 -144.544846 -21.848202
vn -0.0000 -0.0000 1.0000
vn -0.0093 -0.1216 0.9925
vn 0.0045 0.1197 0.9928
vn -0.0082 -0.1644 0.9864
vn -0.0093 -0.1215 0.9925
vn 0.0007 -0.0395 0.9992
vn 0.0045 0.1196 0.9928
vn 0.0055 -0.0287 0.9996
vn 0.0046 0.1075 0.9942
vn -0.0037 -0.1106 0.9939
vn 0.0045 0.1075 0.9942
vn -0.0090 -0.1224 0.9924
vn -0.0023 -0.0986 0.9951
vn 0.0048 0.0926 0.9957
vn 0.0079 0.0800 0.9968
vn -0.0171 -0.0859 0.9962
vn -0.0067 -0.0742 0.9972
vn 0.0210 0.0297 0.9993
vn 0.0044 0.1519 0.9884
vn -0.0082 -0.1645 0.9864
vn -0.0092 0.1116 0.9937
vn -0.0126 0.0623 0.9980
vn -0.0046 -0.1569 0.9876
vn -0.0022 -0.2229 0.9748
vn -0.0017 0.0928 0.9957
vn -0.0017 0.0929 0.9957
vn -0.0195 -0.2414 0.9702
vn -0.0271 0.1332 0.9907
vn -0.0206 0.1557 0.9876
vn -0.0017 0.0930 0.9957
vn -0.0205 0.1557 0.9876
vn 0.0036 0.2151 0.9766
vn 0.0037 0.2152 0.9766
vn -0.0054 0.1432 0.9897
vn -0.0032 0.2652 0.9642
vn -0.0271 0.1333 0.9907
vn 0.0045 0.1198 0.9928
vn 0.0100 0.2735 0.9618
vn 0.0090 0.2156 0.9764
vn 0.0048 0.0927 0.9957
vn 0.0079 0.0801 0.9968
vn 0.0104 0.2040 0.9789
vn 0.0069 0.1654 0.9862
vn 0.0103 0.2039 0.9789
vn 0.0055 -0.0288 0.9996
vn 0.0109 -0.0878 0.9961
vn 0.0034 -0.1391 0.9903
vn -0.0089 -0.1225 0.9924
vn 0.0055 -0.1920 0.9814
vn -0.0023 -0.0987 0.9951
vn -0.0197 -0.1784 0.9838
vn -0.0197 -0.1783 0.9838
vn -0.0395 -0.1478 0.9882
vn -0.0395 -0.1479 0.9882
vn -0.0068 -0.0743 0.9972
vn -0.0085 -0.1161 0.9932
vn -0.0067 -0.0743 0.9972
vn 0.0201 -0.0761 0.9969
vn 0.0210 0.0296 0.9993
vn 0.0201 -0.0762 0.9969
vn 0.0208 0.0394 0.9990
vn 0.0155 0.0603 0.9981
vn 0.0069 0.1653 0.9862
vn 0.0155 0.0602 0.9981
vn 0.0057 0.0748 0.9972
vn 0.0068 0.1653 0.9862
vn 0.0416 0.0601 0.9973
vn 0.0057 0.0747 0.9972
vn 0.0387 0.1284 0.9910
vn 0.0208 0.0395 0.9990
vn 0.0387 0.1285 0.9910
vn 0.0204 0.0344 0.9992
vn 0.0007 -0.0396 0.9992
vn -0.0128 -0.1406 0.9900
vn -0.0093 -0.1217 0.9925
vn -0.0210 -0.2912 0.9564
vn -0.0082 -0.1646 0.9863
vn -0.0162 -0.3538 0.9352
vn -0.0046 -0.1570 0.9876
vn -0.0086 -0.3893 0.9211
vn -0.0022 -0.2230 0.9748
vn -0.0086 -0.3892 0.9211
vn -0.0033 -0.4609 0.8874
vn -0.0195 -0.2415 0.9702
vn -0.0646 -0.3091 0.9488
vn -0.0196 -0.2415 0.9702
vn -0.0510 -0.0112 0.9986
vn -0.0646 -0.3090 0.9489
vn -0.0856 -0.0072 0.9963
vn -0.0510 -0.0111 0.9986
vn -0.0524 0.1879 0.9808
vn -0.0856 -0.0071 0.9963
vn 0.0091 -0.0537 0.9985
vn -0.0276 -0.2379 0.9709
vn -0.0082 -0.1645 0.9863
vn 0.0043 0.1519 0.9884
vn 0.0091 -0.0538 0.9985
vn -0.0128 -0.1405 0.9900
vn -0.0157 -0.1156 0.9932
vn -0.0276 -0.2378 0.9709
vn -0.0157 -0.1157 0.9932
vn -0.0090 -0.1225 0.9924
vn 0.0007 0.0006 1.0000
vn 0.0008 0.0007 1.0000
vn -0.0112 -0.0089 0.9999
vn 0.0008 0.0006 1.0000
vn -0.0175 -0.0139 0.9997
vn -0.0365 -0.0290 0.9989
vn 0.0006 0.0023 1.0000
vn 0.0042 -0.0064 1.0000
vn -0.0125 -0.0727 0.9973
vn 0.0042 -0.0065 1.0000
vn 0.0044 -0.0291 0.9996
vn -0.0370 -0.1815 0.9827
vn -0.0537 -0.2532 0.9659
vn 0.0043 -0.0291 0.9996
vn -0.0480 -0.2708 0.9614
vn -0.0000 -0.0000 -1.0000
vn -0.0082 -0.1644 -0.9864
vn 0.0045 0.1197 -0.9928
vn -0.0093 -0.1216 -0.9925
vn 0.0045 0.1196 -0.9928
vn 0.0007 -0.0395 -0.9992
vn -0.0093 -0.1215 -0.9925
vn 0.0055 -0.0287 -0.9996
vn 0.0046 0.1075 -0.9942
vn -0.0037 -0.1106 -0.9939
vn 0.0048 0.0926 -0.9957
vn -0.0023 -0.0986 -0.9951
vn -0.0089 -0.1224 -0.9924
vn 0.0079 0.0800 -0.9968
vn -0.0171 -0.0859 -0.9962
vn -0.0067 -0.0742 -0.9972
vn 0.0210 0.0297 -0.9993
vn -0.0082 -0.1645 -0.9864
vn 0.0044 0.1519 -0.9884
vn -0.0046 -0.1569 -0.9876
vn -0.0126 0.0623 -0.9980
vn -0.0092 0.1116 -0.9937
vn -0.0022 -0.2229 -0.9748
vn -0.0019 0.1083 -0.9941
vn -0.0164 -0.2023 -0.9792
vn -0.0271 0.1332 -0.9907
vn -0.0206 0.1557 -0.9876
vn -0.0020 0.1084 -0.9941
vn -0.0020 0.1083 -0.9941
vn 0.0036 0.2151 -0.9766
vn -0.0205 0.1557 -0.9876
vn -0.0040 0.1077 -0.9942
vn 0.0037 0.2152 -0.9766
vn -0.0271 0.1333 -0.9907
vn -0.0032 0.2652 -0.9642
vn 0.0100 0.2735 -0.9618
vn 0.0045 0.1198 -0.9928
vn 0.0090 0.2156 -0.9764
vn 0.0104 0.2040 -0.9789
vn 0.0079 0.0801 -0.9968
vn 0.0048 0.0927 -0.9957
vn 0.0103 0.2039 -0.9789
vn 0.0069 0.1654 -0.9862
vn 0.0109 -0.0878 -0.9961
vn 0.0055 -0.0288 -0.9996
vn 0.0034 -0.1391 -0.9903
vn -0.0023 -0.0987 -0.9951
vn 0.0055 -0.1920 -0.9814
vn -0.0089 -0.1225 -0.9924
vn -0.0197 -0.1784 -0.9838
vn -0.0395 -0.1478 -0.9882
vn -0.0197 -0.1783 -0.9838
vn -0.0068 -0.0743 -0.9972
vn -0.0395 -0.1479 -0.9882
vn -0.0067 -0.0743 -0.9972
vn -0.0085 -0.1161 -0.9932
vn 0.0210 0.0296 -0.9993
vn 0.0201 -0.0761 -0.9969
vn 0.0201 -0.0762 -0.9969
vn 0.0208 0.0394 -0.9990
vn 0.0069 0.1653 -0.9862
vn 0.0155 0.0603 -0.9981
vn 0.0155 0.0602 -0.9981
vn 0.0068 0.1653 -0.9862
vn 0.0057 0.0748 -0.9972
vn 0.0057 0.0747 -0.9972
vn 0.0416 0.0601 -0.9973
vn 0.0387 0.1284 -0.9910
vn 0.0387 0.1285 -0.9910
vn 0.0208 0.0395 -0.9990
vn 0.0204 0.0344 -0.9992
vn -0.0128 -0.1406 -0.9900
vn 0.0007 -0.0396 -0.9992
vn -0.0210 -0.2912 -0.9564
vn -0.0093 -0.1217 -0.9925
vn -0.0082 -0.1646 -0.9863
vn -0.0162 -0.3538 -0.9352
vn -0.0046 -0.1570 -0.9876
vn -0.0086 -0.3893 -0.9211
vn -0.0086 -0.3892 -0.9211
vn -0.0022 -0.2230 -0.9748
vn -0.0033 -0.4609 -0.8874
vn -0.0164 -0.2024 -0.9792
vn -0.0646 -0.3091 -0.9488
vn -0.0646 -0.3090 -0.9489
vn -0.0612 -0.0134 -0.9980
vn -0.0856 -0.0072 -0.9963
vn -0.0613 -0.0135 -0.9980
vn -0.0856 -0.0071 -0.9963
vn -0.0524 0.1879 -0.9808
vn -0.0612 -0.0133 -0.9980
vn 0.0091 -0.0537 -0.9985
vn -0.0276 -0.2378 -0.9709
vn -0.0082 -0.1645 -0.9863
vn 0.0091 -0.0538 -0.9985
vn -0.0128 -0.1405 -0.9900
vn -0.0157 -0.1156 -0.9932
vn -0.0157 -0.1157 -0.9932
vn -0.0090 -0.1225 -0.9924
vn -0.0090 -0.1224 -0.9924
vn 0.0045 0.1075 -0.9942
vn 0.0007 0.0006 -1.0000
vn -0.0112 -0.0089 -0.9999
vn 0.0008 0.0007 -1.0000
vn -0.0175 -0.0139 -0.9997
vn 0.0008 0.0006 -1.0000
vn -0.0365 -0.0290 -0.9989
vn 0.0006 0.0023 -1.0000
vn 0.0042 -0.0064 -1.0000
vn -0.0125 -0.0727 -0.9973
vn 0.0044 -0.0291 -0.9996
vn 0.0042 -0.0065 -1.0000
vn -0.0537 -0.2532 -0.9659
vn -0.0370 -0.1815 -0.9827
vn 0.0043 -0.0291 -0.9996
vn -0.0480 -0.2708 -0.9614
vn -0.0196 -0.2414 0.9702
vn 0.0044 0.1520 0.9884
vn 0.0099 0.3151 0.9490
vn 0.0043 0.1520 0.9884
vn 0.0091 0.2156 0.9764
vn 0.0099 0.3151 -0.9490
vn 0.0043 0.1520 -0.9884
vn 0.0044 0.1520 -0.9884
vn 0.0091 0.2156 -0.9764
vn -0.1098 0.9940 -0.0000
vn -0.0316 0.9995 -0.0000
vn -0.1947 0.9809 -0.0000
vn -0.0431 -0.9991 -0.0000
vn -0.0561 -0.9984 -0.0000
vn -0.0690 -0.9976 -0.0000
vn 0.0257 -0.9997 -0.0000
vn 0.1541 -0.9881 -0.0000
vn 0.1940 -0.9810 -0.0000
vn 0.0997 -0.9950 -0.0000
vn 0.0423 0.9991 -0.0000
vn 0.0452 0.9990 -0.0000
vn -0.1097 0.9940 -0.0000
vn -0.0238 -0.9997 -0.0000
vn -0.0655 -0.9979 -0.0000
vn 0.0489 0.9988 -0.0000
vn 0.0497 0.9988 -0.0000
vn 0.0531 0.9986 -0.0000
vn 0.0557 0.9984 -0.0000
vn -0.0170 -0.9999 -0.0000
vn -0.0910 -0.9958 -0.0000
vn -0.0036 -1.0000 -0.0000
vn -0.0640 -0.9980 -0.0000
vn 0.0583 0.9983 -0.0000
vn -0.0640 -0.9979 -0.0000
vn -0.1698 -0.9855 -0.0000
vn -0.2191 -0.9757 -0.0000
vn 0.4840 0.8750 -0.0000
vn 0.3552 0.9348 -0.0000
vn 0.6367 0.7711 -0.0000
vn -0.2703 -0.9628 -0.0000
vn 0.2518 0.9678 -0.0000
vn 0.3551 0.9348 -0.0000
vn 0.4840 0.8751 -0.0000
vn 0.3335 -0.9427 -0.0000
vn 0.0300 0.9995 -0.0000
vn -0.0533 0.9986 -0.0000
vn -0.1484 0.9889 -0.0000
vn 0.1560 -0.9878 -0.0000
vn 0.1407 -0.9901 -0.0000
vn 0.1715 -0.9852 -0.0000
vn 0.1559 -0.9878 -0.0000
vn -0.1485 0.9889 -0.0000
vn -0.2107 0.9776 -0.0000
vn -0.1691 0.9856 -0.0000
vn 0.0715 -0.9974 -0.0000
vn 0.0198 -0.9998 -0.0000
vn 0.0374 -0.9993 -0.0000
vn 0.0193 -0.9998 -0.0000
vn -0.0763 0.9971 -0.0000
vn -0.1028 0.9947 -0.0000
vn -0.0507 0.9987 -0.0000
vn -0.1029 0.9947 -0.0000
vn 0.0180 0.9998 -0.0000
vn -0.0761 0.9971 -0.0000
vn -0.1878 0.9822 -0.0000
vn 0.2317 -0.9728 -0.0000
vn 0.1967 -0.9805 -0.0000
vn 0.2688 -0.9632 -0.0000
vn 0.1542 -0.9880 -0.0000
vn 0.1448 -0.9895 -0.0000
vn -0.2316 0.9728 -0.0000
vn -0.1557 0.9878 -0.0000
vn -0.0066 -1.0000 -0.0000
vn -0.0034 -1.0000 -0.0000
vn -0.1556 0.9878 -0.0000
vn -0.0307 0.9995 -0.0000
vn 0.0253 0.9997 -0.0000
vn -0.1204 -0.9927 -0.0000
vn -0.2564 -0.9666 -0.0000
vn -0.1749 0.9846 -0.0000
vn -0.0353 0.9994 -0.0000
vn -0.2565 0.9665 -0.0000
vn -0.1838 0.9830 -0.0000
vn -0.0306 0.9995 -0.0000
vn -0.1748 0.9846 -0.0000
vn -0.4020 -0.9156 -0.0000
vn -0.2565 0.9666 -0.0000
vn -0.1196 0.9928 -0.0000
vn -0.1440 -0.9896 -0.0000
vn -0.1252 -0.9921 -0.0000
vn -0.0911 -0.9958 -0.0000
vn -0.0170 -0.9999 -0.0001
vn -0.0655 -0.9978 -0.0000
vn -0.1251 -0.9921 -0.0000
vn -0.2558 0.9667 -0.0000
vn -0.1747 0.9846 0.0001
vn -0.2437 0.9698 -0.0000
vn -0.1530 0.9882 -0.0000
vn -0.1529 0.9882 -0.0000
vn -0.2437 0.9699 -0.0000
vn -0.0406 0.9992 -0.0000
vn -0.0069 1.0000 -0.0000
vn -0.0405 0.9992 -0.0000
vn 0.0257 0.9997 -0.0000
vn -0.0635 0.9980 -0.0000
vn -0.0244 0.9997 -0.0000
vn -0.1746 0.9846 -0.0000
vn -0.2557 0.9667 -0.0000
vn 0.0365 0.9993 -0.0000
vn 0.0411 0.9992 -0.0000
vn 0.0315 0.9995 -0.0000
vn 0.0311 0.9995 -0.0000
vn 0.1863 0.9825 -0.0000
vn 0.0457 0.9990 -0.0000
vn 0.1799 -0.9837 -0.0000
vn 0.2831 -0.9591 -0.0000
vn 0.0482 -0.9988 -0.0000
vn 0.0043 -1.0000 -0.0000
vn -0.4260 -0.9047 -0.0000
vn -0.2389 -0.9710 -0.0000
vn -0.6531 -0.7573 -0.0000
vn 0.0763 -0.9971 -0.0000
vn 0.0139 -0.9999 -0.0000
vn -0.0466 -0.9989 -0.0000
vn -0.1404 -0.9901 -0.0000
vn -0.1770 -0.9842 -0.0000
vn -0.1405 -0.9901 -0.0000
vn -0.0780 -0.9970 -0.0000
vn 0.0788 -0.9969 -0.0000
vn 0.2455 -0.9694 -0.0000
vn 0.2436 -0.9699 -0.0000
vn 0.2418 -0.9703 -0.0000
vn 0.6792 0.7340 -0.0000
vn 0.8824 0.4705 -0.0000
vn 0.6258 0.7800 -0.0000
vn 0.3376 0.9413 -0.0000
vn 0.2493 0.9684 -0.0000
vn 0.6257 0.7801 -0.0000
vn 0.1713 0.9852 -0.0000
vn 0.2492 0.9684 -0.0000
vn -0.0728 -0.9973 -0.0000
vn -0.0668 -0.9978 -0.0002
vn -0.0702 -0.9975 -0.0000
vn -0.0616 -0.9981 -0.0000
vn -0.0534 -0.9986 -0.0000
vn -0.0459 -0.9989 -0.0000
vn -0.0668 -0.9978 -0.0000
vn -0.0322 -0.9995 -0.0000
vn -0.0260 -0.9997 -0.0000
vn -0.0137 -0.9999 -0.0000
vn -0.0077 -1.0000 -0.0000
vn -0.1232 -0.9924 -0.0000
vn -0.2614 -0.9652 -0.0000
vn -0.4101 -0.9120 -0.0000
vn -0.1232 -0.9924 -0.0001
vn -0.3138 0.9495 -0.0000
vn 0.2196 -0.9756 -0.0000
vn 0.0670 -0.9978 -0.0000
vn 0.2832 -0.9591 -0.0000
vn 0.1800 -0.9837 -0.0000
vn 0.0481 -0.9988 -0.0000
vn -0.0585 -0.9983 -0.0000
vn -0.0792 -0.9969 -0.0000
vn 0.7788 0.6273 -0.0000
vn -0.0701 -0.9975 -0.0000
vn 0.0190 0.9998 -0.0000
vn 0.0248 0.9997 -0.0000
vn 0.0189 0.9998 -0.0000
vn 0.2437 -0.9698 -0.0000
vn 0.1530 -0.9882 -0.0000
vn 0.2558 -0.9667 -0.0000
vn 0.1747 -0.9846 -0.0000
vn -0.2315 0.9728 -0.0000
vn -0.1252 0.9921 -0.0000
vn -0.2524 0.9676 -0.0000
vn -0.1625 0.9867 -0.0000
vn -0.2523 0.9676 -0.0000
vn 0.0406 -0.9992 -0.0000
vn 0.0069 -1.0000 -0.0000
vn 0.1529 -0.9882 -0.0000
vn 0.2437 -0.9699 -0.0000
vn -0.1624 0.9867 -0.0000
vn -0.0683 0.9977 -0.0000
vn -0.0514 0.9987 -0.0000
vn -0.0682 0.9977 -0.0000
vn -0.0349 0.9994 -0.0000
vn -0.0257 -0.9997 -0.0000
vn 0.0405 -0.9992 -0.0000
vn -0.0361 0.9993 -0.0000
vn 0.1746 -0.9846 -0.0000
vn 0.2557 -0.9667 -0.0000
vn 0.1041 -0.9946 -0.0000
vn 0.2524 -0.9676 -0.0000
vn 0.1625 -0.9867 -0.0000
vn 0.2315 -0.9728 -0.0000
vn 0.1252 -0.9921 -0.0000
vn 0.2523 -0.9676 -0.0000
vn -0.1971 0.9804 -0.0000
vn -0.0973 0.9953 -0.0000
vn -0.2414 0.9704 -0.0000
vn -0.1780 0.9840 -0.0000
vn 0.0683 -0.9977 -0.0000
vn 0.0514 -0.9987 -0.0000
vn 0.1624 -0.9867 -0.0000
vn -0.1779 0.9840 -0.0000
vn -0.1136 0.9935 -0.0000
vn -0.1063 0.9943 -0.0000
vn -0.0990 0.9951 -0.0000
vn 0.0349 -0.9994 -0.0000
vn 0.0682 -0.9977 -0.0000
vn -0.0119 0.9999 -0.0000
vn -0.1971 0.9804 -0.0001
vn 0.0361 -0.9993 -0.0000
vn 0.2414 -0.9704 -0.0000
vn 0.1780 -0.9840 -0.0000
vn 0.1971 -0.9804 -0.0000
vn 0.0973 -0.9953 -0.0000
vn 0.1136 -0.9935 -0.0000
vn 0.1063 -0.9943 -0.0000
vn 0.1779 -0.9840 -0.0000
vn 0.0990 -0.9951 -0.0000
vn 0.0176 0.9998 -0.0000
vn -0.0880 0.9961 -0.0000
vn -0.2181 0.9759 -0.0001
vn 0.0119 -0.9999 -0.0000
vn -0.7788 -0.6273 -0.0000
vn -0.1036 0.9946 -0.0000
vn -0.2268 0.9739 -0.0000
vn -0.0029 1.0000 -0.0000
vn -0.2182 0.9759 -0.0000
vn 0.2191 -0.9757 -0.0000
vn 0.0552 -0.9985 -0.0000
vn 0.3063 -0.9519 -0.0000
vn 0.2098 -0.9777 -0.0000
vn -0.0482 0.9988 -0.0000
vn -0.0043 1.0000 -0.0000
vn -0.1799 0.9837 -0.0000
vn -0.2831 0.9591 -0.0000
vn 0.3062 -0.9520 -0.0000
vn 0.0920 -0.9958 -0.0000
vn 0.0570 -0.9984 -0.0000
vn 0.0920 -0.9958 0.0002
vn -0.0012 -1.0000 -0.0000
vn -0.0255 -0.9997 0.0001
vn -0.2832 0.9591 -0.0000
vn -0.1800 0.9837 -0.0000
vn -0.4042 0.9147 -0.0000
vn -0.0718 -0.9974 -0.0000
vn 0.2191 -0.9757 -0.0001
vn 0.0585 0.9983 -0.0000
vn 0.0792 0.9969 -0.0000
vn -0.0481 0.9988 -0.0000
vn 0.0997 0.9950 -0.0000
vn -0.0255 -0.9997 -0.0000
vn -0.0495 -0.9988 -0.0000
vn -0.1227 -0.9924 -0.0000
vn -0.3063 0.9519 -0.0000
vn -0.2098 0.9777 -0.0000
vn -0.4185 0.9082 -0.0000
vn 0.4900 -0.8717 -0.0000
vn 0.3442 -0.9389 -0.0000
vn 0.2229 -0.9748 -0.0000
vn 0.4901 -0.8717 -0.0000
vn -0.0920 0.9958 -0.0000
vn -0.0570 0.9984 -0.0000
vn -0.3062 0.9520 -0.0000
vn 0.2228 -0.9749 -0.0000
vn 0.0806 -0.9967 -0.0000
vn 0.0381 -0.9993 -0.0000
vn 0.0012 1.0000 -0.0000
vn 0.0255 0.9997 -0.0000
vn -0.0247 -0.9997 -0.0000
vn -0.0468 -0.9989 -0.0000
vn 0.0495 0.9988 -0.0000
vn -0.1092 -0.9940 -0.0000
vn -0.1504 -0.9886 -0.0000
vn 0.6531 0.7573 -0.0000
vn -0.1092 -0.9940 0.0008
vn -0.1919 -0.9814 -0.0000
vn 0.2970 0.9549 -0.0000
vn -0.9956 0.0934 -0.0000
vn -0.8824 -0.4705 -0.0000
vn -0.6258 -0.7800 -0.0000
vn 0.9053 0.4249 -0.0000
vn 0.6457 0.7636 -0.0000
vn 0.9864 -0.1642 -0.0000
vn -0.6257 -0.7801 -0.0000
vn -0.3376 -0.9413 -0.0000
vn -0.2493 -0.9684 -0.0000
vn 0.4140 0.9103 -0.0000
vn 0.3804 0.9248 -0.0000
vn 0.9052 0.4249 -0.0000
vn 0.3486 0.9373 -0.0000
vn 0.4139 0.9103 -0.0000
vn -0.2492 -0.9684 -0.0000
vn -0.1713 -0.9852 -0.0000
vn -0.6000 -0.0164 -0.7998
vn -0.6000 -0.0143 -0.7999
vn -0.8199 0.2246 0.5266
vn -0.8505 -0.5213 0.0697
vn -0.8655 0.3671 0.3408
vn -0.8466 -0.4190 0.3283
vn -0.8750 0.4751 0.0932
vn -0.8075 -0.2658 0.5265
vn -0.6001 -0.0139 -0.7998
vn -0.6003 -0.0160 -0.7996
vn 0.6002 0.0161 -0.7997
vn 0.6001 0.0140 -0.7998
vn 0.8750 -0.4751 0.0932
vn 0.8075 0.2658 0.5265
vn 0.8466 0.4189 0.3283
vn 0.8505 0.5214 0.0697
vn 0.8655 -0.3670 0.3408
vn 0.8199 -0.2246 0.5266
vn 0.6000 0.0143 -0.7998
vn 0.6000 0.0165 -0.7998
vn -0.8145 0.5800 -0.0163
vn -0.8143 0.5802 -0.0185
vn -0.8142 0.5803 -0.0201
vn -0.7839 -0.6206 -0.0183
vn -0.7841 -0.6205 -0.0164
vn -0.7838 -0.6207 -0.0201
vn 0.7839 0.6206 -0.0183
vn 0.7841 0.6205 -0.0163
vn 0.7838 0.6207 -0.0201
vn 0.8145 -0.5800 -0.0163
vn 0.8143 -0.5801 -0.0185
vn 0.8142 -0.5802 -0.0201
vn -0.7458 -0.6406 0.1830
vn 0.7677 -0.6031 0.2165
vn -0.7678 0.6031 0.2165
vn 0.7459 0.6405 0.1830
vn -0.8465 0.5285 0.0636
vn -0.8477 0.5284 0.0465
vn -0.8187 -0.5708 0.0634
vn -0.8199 -0.5707 0.0465
vn 0.8187 0.5707 0.0634
vn 0.8199 0.5707 0.0465
vn 0.8466 -0.5284 0.0636
vn 0.8478 -0.5283 0.0465
vn -0.6205 0.7842 -0.0016
vn -0.6204 0.7843 -0.0003
vn -0.8004 -0.5468 0.2455
vn -0.9475 -0.2378 -0.2138
vn -0.8507 -0.3068 0.4269
vn -0.8506 -0.3072 -0.4267
vn -0.9475 -0.2374 0.2140
vn -0.8004 -0.5470 -0.2451
vn -0.6204 0.7843 0.0009
vn -0.6203 0.7843 -0.0002
vn 0.5797 0.8148 -0.0005
vn 0.5798 0.8148 -0.0016
vn 0.9538 -0.1573 -0.2558
vn 0.8270 -0.5057 0.2455
vn 0.8648 -0.2396 0.4413
vn 0.9539 -0.1567 0.2561
vn 0.8648 -0.2400 -0.4410
vn 0.8270 -0.5060 -0.2450
vn 0.5797 0.8148 -0.0001
vn 0.5797 0.8148 0.0009
vn -0.7997 -0.0034 0.6004
vn -0.7997 -0.0027 0.6004
vn -0.7995 0.0001 0.6007
vn -0.7997 -0.0033 -0.6005
vn -0.7997 -0.0041 -0.6004
vn -0.7995 -0.0005 -0.6007
vn 0.7988 0.0373 0.6005
vn 0.7988 0.0374 0.6005
vn 0.7984 0.0406 0.6007
vn 0.7988 0.0370 -0.6005
vn 0.7988 0.0369 -0.6005
vn 0.7985 0.0400 -0.6007
vn -0.8251 -0.5448 -0.1496
vn 0.8452 -0.5045 -0.1764
vn -0.8252 -0.5447 0.1499
vn 0.8456 -0.5038 0.1765
vn -0.8311 -0.0828 0.5498
vn -0.8326 -0.0674 0.5498
vn -0.8311 -0.0835 -0.5498
vn -0.8326 -0.0679 -0.5497
vn 0.8342 -0.0425 0.5498
vn 0.8350 -0.0251 0.5497
vn 0.8342 -0.0430 -0.5497
vn 0.8350 -0.0256 -0.5497
vn -0.5999 -0.0209 0.7998
vn -0.6001 -0.0232 0.7996
vn -0.8077 -0.2612 -0.5286
vn -0.8753 0.4751 -0.0905
vn -0.8467 -0.4159 -0.3320
vn -0.8657 0.3703 -0.3369
vn -0.8501 -0.5217 -0.0724
vn -0.8201 0.2291 -0.5244
vn -0.5999 -0.0234 0.7998
vn -0.5999 -0.0214 0.7998
vn 0.6002 0.0072 0.7998
vn 0.6002 0.0095 0.7998
vn 0.8510 0.5208 -0.0672
vn 0.8198 -0.2200 -0.5287
vn 0.8654 -0.3638 -0.3446
vn 0.8745 -0.4754 -0.0957
vn 0.8465 0.4220 -0.3245
vn 0.8074 0.2704 -0.5244
vn 0.6004 0.0091 0.7997
vn 0.6002 0.0070 0.7998
vn -0.7841 -0.6206 0.0112
vn -0.7839 -0.6207 0.0131
vn -0.7838 -0.6209 0.0149
vn -0.8143 0.5799 0.0236
vn -0.8145 0.5798 0.0215
vn -0.8142 0.5800 0.0253
vn 0.8143 -0.5803 0.0133
vn 0.8145 -0.5801 0.0112
vn 0.8142 -0.5804 0.0149
vn 0.7840 0.6203 0.0215
vn 0.7839 0.6204 0.0235
vn 0.7838 0.6205 0.0253
vn -0.7662 0.6063 -0.2127
vn 0.7447 0.6429 -0.1792
vn -0.7470 -0.6380 -0.1867
vn 0.7694 -0.5995 -0.2203
vn -0.8188 -0.5701 -0.0680
vn -0.8198 -0.5703 -0.0513
vn -0.8465 0.5291 -0.0588
vn -0.8476 0.5289 -0.0418
vn 0.8465 -0.5281 -0.0683
vn 0.8476 -0.5281 -0.0513
vn 0.8187 0.5713 -0.0587
vn 0.8198 0.5711 -0.0418
vn -0.5799 -0.8147 0.0054
vn -0.5798 -0.8147 0.0045
vn -0.8270 0.5045 -0.2480
vn -0.9537 0.1603 0.2546
vn -0.8647 0.2375 -0.4425
vn -0.8649 0.2421 0.4398
vn -0.9540 0.1536 -0.2573
vn -0.8271 0.5070 0.2425
vn -0.5799 -0.8147 0.0029
vn -0.5798 -0.8147 0.0039
vn 0.6201 -0.7845 0.0042
vn 0.6202 -0.7844 0.0054
vn 0.9472 0.2402 0.2125
vn 0.8004 0.5457 -0.2480
vn 0.8507 0.3050 -0.4281
vn 0.9478 0.2349 -0.2154
vn 0.8506 0.3091 0.4253
vn 0.8004 0.5482 0.2425
vn 0.6202 -0.7844 0.0042
vn 0.6203 -0.7844 0.0029
vn -0.7987 -0.0402 -0.6004
vn -0.7984 -0.0434 -0.6006
vn -0.7989 -0.0339 0.6005
vn -0.7989 -0.0340 0.6006
vn -0.7985 -0.0372 0.6008
vn 0.7997 -0.0001 -0.6004
vn 0.7997 0.0007 -0.6004
vn 0.7995 -0.0030 -0.6006
vn 0.7996 0.0070 0.6005
vn 0.7995 0.0062 0.6006
vn 0.7994 0.0033 0.6008
vn -0.8444 0.5064 0.1749
vn 0.8245 0.5461 0.1485
vn -0.8461 0.5024 -0.1784
vn 0.8257 0.5436 -0.1509
vn -0.8341 0.0398 -0.5501
vn -0.8349 0.0225 -0.5500
vn -0.8343 0.0458 0.5495
vn -0.8350 0.0282 0.5495
vn 0.8313 0.0802 -0.5501
vn 0.8327 0.0648 -0.5500
vn 0.8311 0.0860 0.5495
vn 0.8325 0.0705 0.5495
vn -0.5862 -0.5608 -0.5846
vn -0.5866 -0.5594 -0.5856
vn -0.8273 0.5175 0.2184
vn -0.8917 -0.3631 0.2701
vn -0.8714 0.4862 -0.0660
vn -0.8546 -0.1039 0.5087
vn -0.9241 0.3806 -0.0335
vn -0.8183 0.1584 0.5525
vn -0.5863 -0.5589 -0.5864
vn -0.5861 -0.5600 -0.5855
vn 0.6144 -0.5286 -0.5857
vn 0.6140 -0.5302 -0.5847
vn 0.9184 -0.2778 0.2818
vn 0.8002 0.5586 0.2184
vn 0.8454 0.5307 -0.0610
vn 0.9149 0.4009 -0.0469
vn 0.8558 -0.0257 0.5167
vn 0.8092 0.1997 0.5526
vn 0.6135 -0.5300 -0.5855
vn 0.6138 -0.5286 -0.5864
vn -0.8099 0.4073 -0.4220
vn -0.8100 0.4077 -0.4215
vn -0.8097 0.4058 -0.4239
vn -0.7876 -0.4724 0.3956
vn -0.7879 -0.4702 0.3976
vn -0.7874 -0.4736 0.3945
vn 0.7884 0.4482 -0.4214
vn 0.7883 0.4479 -0.4218
vn 0.7882 0.4462 -0.4239
vn 0.8108 -0.4295 0.3978
vn 0.8105 -0.4320 0.3955
vn 0.8105 -0.4331 0.3945
vn -0.9151 -0.1412 0.3776
vn 0.9314 0.0148 0.3638
vn -0.7621 0.6474 -0.0041
vn 0.7546 0.6555 -0.0292
vn -0.8436 0.4281 -0.3242
vn -0.8448 0.4129 -0.3404
vn -0.8238 -0.3834 0.4175
vn -0.8244 -0.3917 0.4086
vn 0.8209 0.4697 -0.3248
vn 0.8227 0.4552 -0.3405
vn 0.8422 -0.3417 0.4171
vn 0.8431 -0.3497 0.4086
vn -0.6138 0.5309 0.5843
vn -0.6143 0.5291 0.5853
vn -0.8001 -0.5589 -0.2180
vn -0.9186 0.2772 -0.2818
vn -0.8453 -0.5307 0.0615
vn -0.8558 0.0253 -0.5167
vn -0.9150 -0.4008 0.0469
vn -0.8092 -0.2001 -0.5524
vn -0.6138 0.5290 0.5860
vn -0.6134 0.5308 0.5849
vn 0.5866 0.5599 0.5852
vn 0.5863 0.5611 0.5843
vn 0.8918 0.3629 -0.2702
vn 0.8275 -0.5175 -0.2180
vn 0.8715 -0.4860 0.0665
vn 0.9242 -0.3804 0.0335
vn 0.8546 0.1036 -0.5088
vn 0.8183 -0.1589 -0.5524
vn 0.5861 0.5608 0.5848
vn 0.5863 0.5594 0.5859
vn -0.7883 -0.4475 0.4222
vn -0.7883 -0.4479 0.4218
vn -0.7881 -0.4459 0.4243
vn -0.8105 0.4317 -0.3958
vn -0.8107 0.4291 -0.3982
vn -0.8104 0.4328 -0.3948
vn 0.8100 -0.4072 0.4219
vn 0.8100 -0.4069 0.4224
vn 0.8098 -0.4053 0.4243
vn 0.7879 0.4698 -0.3980
vn 0.7876 0.4720 -0.3960
vn 0.7875 0.4733 -0.3949
vn -0.9315 -0.0155 -0.3634
vn 0.9153 0.1406 -0.3774
vn -0.7547 -0.6554 0.0293
vn 0.7621 -0.6475 0.0041
vn -0.8209 -0.4695 0.3252
vn -0.8227 -0.4549 0.3408
vn -0.8422 0.3413 -0.4174
vn -0.8432 0.3492 -0.4088
vn 0.8436 -0.4277 0.3246
vn 0.8448 -0.4126 0.3408
vn 0.8238 0.3831 -0.4178
vn 0.8244 0.3914 -0.4089
vn -0.5865 -0.5534 0.5915
vn -0.5862 -0.5547 0.5905
vn -0.8182 0.1532 -0.5542
vn -0.9240 0.3810 0.0321
vn -0.8545 -0.1079 -0.5081
vn -0.8714 0.4868 0.0606
vn -0.8906 -0.3670 -0.2685
vn -0.8273 0.5154 -0.2235
vn -0.5864 -0.5554 0.5897
vn -0.5867 -0.5539 0.5907
vn 0.6133 -0.5247 0.5904
vn 0.6137 -0.5230 0.5915
vn 0.9146 0.4017 0.0462
vn 0.8093 0.1945 -0.5542
vn 0.8558 -0.0299 -0.5164
vn 0.9174 -0.2824 -0.2806
vn 0.8453 0.5313 0.0559
vn 0.8002 0.5565 -0.2235
vn 0.6143 -0.5229 0.5909
vn 0.6139 -0.5246 0.5899
vn -0.7878 -0.4740 -0.3934
vn -0.7875 -0.4761 -0.3913
vn -0.7873 -0.4774 -0.3902
vn -0.8101 0.4115 0.4175
vn -0.8101 0.4112 0.4179
vn -0.8099 0.4097 0.4198
vn 0.8106 -0.4356 -0.3912
vn 0.8108 -0.4331 -0.3936
vn 0.8106 -0.4367 -0.3902
vn 0.7882 0.4518 0.4178
vn 0.7882 0.4521 0.4175
vn 0.7881 0.4502 0.4199
vn -0.7614 0.6483 0.0024
vn 0.7539 0.6564 0.0279
vn -0.9137 -0.1504 -0.3775
vn 0.9311 0.0052 -0.3648
vn -0.8237 -0.3875 -0.4141
vn -0.8243 -0.3957 -0.4050
vn -0.8436 0.4311 0.3200
vn -0.8448 0.4160 0.3364
vn 0.8422 -0.3457 -0.4137
vn 0.8432 -0.3534 -0.4050
vn 0.8208 0.4728 0.3205
vn 0.8226 0.4585 0.3363
vn -0.6138 0.5300 -0.5850
vn -0.6134 0.5317 -0.5840
vn -0.8091 -0.2011 0.5521
vn -0.9151 -0.4005 -0.0470
vn -0.8558 0.0245 0.5168
vn -0.8453 -0.5306 -0.0624
vn -0.9187 0.2762 0.2822
vn -0.8001 -0.5592 0.2171
vn -0.6139 0.5318 -0.5833
vn -0.6144 0.5303 -0.5842
vn 0.5860 0.5618 -0.5840
vn 0.5862 0.5604 -0.5850
vn 0.9242 -0.3803 -0.0339
vn 0.8183 -0.1597 0.5521
vn 0.8547 0.1030 0.5088
vn 0.8921 0.3620 0.2705
vn 0.8714 -0.4859 -0.0674
vn 0.8274 -0.5179 0.2170
vn 0.5865 0.5612 -0.5841
vn 0.5862 0.5622 -0.5833
vn -0.8107 0.4284 0.3989
vn -0.8105 0.4309 0.3966
vn -0.8105 0.4320 0.3957
vn -0.7884 -0.4470 -0.4226
vn -0.7884 -0.4467 -0.4230
vn -0.7882 -0.4451 -0.4250
vn 0.7877 0.4712 0.3968
vn 0.7880 0.4691 0.3987
vn 0.7875 0.4725 0.3957
vn 0.8099 -0.4062 -0.4231
vn 0.8100 -0.4066 -0.4227
vn 0.8097 -0.4046 -0.4250
vn -0.7549 -0.6552 -0.0295
vn 0.7622 -0.6473 -0.0046
vn -0.9316 -0.0173 0.3631
vn 0.9155 0.1389 0.3775
vn -0.8422 0.3407 0.4180
vn -0.8431 0.3485 0.4095
vn -0.8210 -0.4689 -0.3259
vn -0.8227 -0.4544 -0.3415
vn 0.8238 0.3824 0.4184
vn 0.8244 0.3908 0.4095
vn 0.8436 -0.4272 -0.3254
vn 0.8447 -0.4120 -0.3415
vn -0.6001 -0.0164 -0.7998
vn -0.6001 -0.0141 -0.7998
vn -0.8465 -0.4190 0.3283
vn -0.8749 0.4752 0.0931
vn -0.8075 -0.2658 0.5266
vn -0.6001 -0.0140 -0.7998
vn -0.6003 -0.0163 -0.7996
vn 0.6003 0.0161 -0.7996
vn 0.8750 -0.4752 0.0931
vn 0.8466 0.4190 0.3283
vn 0.8505 0.5213 0.0697
vn 0.6001 0.0143 -0.7998
vn 0.6001 0.0165 -0.7998
vn -0.8145 0.5799 -0.0163
vn -0.8144 0.5801 -0.0185
vn -0.8143 0.5802 -0.0201
vn -0.7840 -0.6205 -0.0164
vn -0.7837 -0.6208 -0.0201
vn 0.7841 0.6205 -0.0164
vn 0.7837 0.6208 -0.0201
vn 0.8145 -0.5799 -0.0163
vn 0.8144 -0.5801 -0.0185
vn 0.8143 -0.5802 -0.0201
vn -0.7457 -0.6406 0.1829
vn -0.7678 0.6030 0.2165
vn 0.7458 0.6406 0.1829
vn -0.8477 0.5285 0.0465
vn -0.8187 -0.5708 0.0633
vn -0.8198 -0.5708 0.0465
vn 0.8187 0.5707 0.0633
vn 0.8198 0.5707 0.0465
vn 0.8466 -0.5285 0.0636
vn 0.8477 -0.5284 0.0465
vn -0.6204 0.7843 -0.0016
vn -0.6203 0.7844 -0.0004
vn -0.8004 -0.5468 0.2456
vn -0.9475 -0.2378 -0.2137
vn -0.8506 -0.3068 0.4269
vn -0.8506 -0.3073 -0.4266
vn -0.9475 -0.2375 0.2140
vn -0.8003 -0.5472 -0.2450
vn -0.6201 0.7845 0.0009
vn -0.6200 0.7846 -0.0003
vn 0.5798 0.8147 -0.0006
vn 0.5798 0.8147 -0.0016
vn 0.8271 -0.5057 0.2455
vn 0.9539 -0.1566 0.2561
vn 0.8271 -0.5059 -0.2450
vn 0.5798 0.8147 -0.0002
vn 0.5799 0.8147 0.0009
vn -0.7997 -0.0036 0.6004
vn -0.7996 -0.0028 0.6005
vn -0.7996 -0.0033 -0.6005
vn 0.7988 0.0374 0.6004
vn 0.7985 0.0406 0.6007
vn 0.7988 0.0368 -0.6005
vn -0.8250 -0.5449 -0.1496
vn 0.8453 -0.5044 -0.1765
vn -0.8252 -0.5446 0.1497
vn 0.8454 -0.5041 0.1766
vn -0.8311 -0.0828 0.5499
vn 0.8342 -0.0425 0.5499
vn 0.8349 -0.0251 0.5498
vn 0.8342 -0.0431 -0.5498
vn 0.8349 -0.0256 -0.5497
vn -0.8754 0.4749 -0.0905
vn -0.8466 -0.4159 -0.3320
vn -0.8501 -0.5217 -0.0725
vn -0.5999 -0.0234 0.7997
vn -0.5999 -0.0212 0.7998
vn 0.6002 0.0071 0.7998
vn 0.8509 0.5210 -0.0671
vn 0.8654 -0.3637 -0.3446
vn 0.8745 -0.4755 -0.0958
vn 0.6004 0.0091 0.7996
vn 0.6003 0.0070 0.7998
vn -0.7840 -0.6206 0.0111
vn -0.7839 -0.6208 0.0131
vn -0.7837 -0.6209 0.0149
vn -0.8143 0.5799 0.0237
vn -0.8145 0.5798 0.0216
vn 0.8145 -0.5801 0.0111
vn 0.7840 0.6204 0.0216
vn 0.7839 0.6205 0.0235
vn 0.7837 0.6206 0.0253
vn -0.7662 0.6063 -0.2128
vn 0.7446 0.6430 -0.1792
vn -0.7470 -0.6381 -0.1867
vn 0.7695 -0.5995 -0.2201
vn -0.8187 -0.5702 -0.0680
vn -0.8199 -0.5702 -0.0513
vn -0.8465 0.5290 -0.0589
vn -0.8477 0.5288 -0.0418
vn 0.8466 -0.5279 -0.0682
vn 0.8477 -0.5279 -0.0513
vn 0.8187 0.5712 -0.0587
vn 0.8199 0.5710 -0.0418
vn -0.5798 -0.8148 0.0054
vn -0.5797 -0.8148 0.0045
vn -0.8271 0.5044 -0.2480
vn -0.9537 0.1602 0.2546
vn -0.8648 0.2374 -0.4425
vn -0.8649 0.2420 0.4397
vn -0.9540 0.1535 -0.2574
vn -0.5797 -0.8148 0.0029
vn -0.5797 -0.8148 0.0040
vn 0.6202 -0.7845 0.0041
vn 0.6203 -0.7844 0.0054
vn 0.9472 0.2403 0.2124
vn 0.8004 0.5458 -0.2480
vn 0.8507 0.3050 -0.4282
vn 0.9478 0.2351 -0.2153
vn 0.8506 0.3092 0.4254
vn 0.8004 0.5482 0.2426
vn 0.6203 -0.7843 0.0041
vn 0.6204 -0.7842 0.0029
vn -0.7989 -0.0340 0.6005
vn -0.7986 -0.0372 0.6008
vn 0.7998 0.0007 -0.6003
vn 0.7996 -0.0030 -0.6006
vn 0.7996 0.0069 0.6005
vn 0.7996 0.0061 0.6006
vn -0.8444 0.5063 0.1750
vn 0.8244 0.5461 0.1486
vn -0.8461 0.5023 -0.1785
vn 0.8258 0.5434 -0.1509
vn -0.8343 0.0457 0.5495
vn 0.8312 0.0803 -0.5501
vn 0.8310 0.0862 0.5495
vn -0.5863 -0.5607 -0.5847
vn -0.8274 0.5174 0.2184
vn -0.8917 -0.3632 0.2701
vn -0.8714 0.4861 -0.0660
vn -0.8546 -0.1040 0.5087
vn -0.9242 0.3805 -0.0335
vn -0.8183 0.1585 0.5526
vn -0.5863 -0.5590 -0.5864
vn -0.5861 -0.5601 -0.5855
vn 0.6143 -0.5289 -0.5856
vn 0.6138 -0.5304 -0.5847
vn 0.9185 -0.2776 0.2818
vn 0.8000 0.5588 0.2184
vn 0.8453 0.5308 -0.0610
vn 0.9150 0.4008 -0.0469
vn 0.6135 -0.5298 -0.5856
vn 0.6138 -0.5285 -0.5864
vn -0.8100 0.4072 -0.4220
vn -0.8100 0.4076 -0.4216
vn -0.7876 -0.4723 0.3956
vn -0.7875 -0.4736 0.3945
vn 0.7884 0.4481 -0.4215
vn 0.7883 0.4478 -0.4219
vn 0.8107 -0.4295 0.3978
vn 0.8104 -0.4331 0.3945
vn -0.9152 -0.1413 0.3775
vn 0.9314 0.0147 0.3637
vn 0.7547 0.6554 -0.0292
vn -0.8447 0.4129 -0.3405
vn -0.8238 -0.3836 0.4175
vn -0.8244 -0.3919 0.4085
vn 0.8209 0.4696 -0.3248
vn 0.8228 0.4551 -0.3404
vn 0.8432 -0.3495 0.4085
vn -0.6140 0.5307 0.5843
vn -0.6144 0.5290 0.5853
vn -0.8001 -0.5588 -0.2180
vn -0.8454 -0.5306 0.0615
vn -0.8558 0.0254 -0.5168
vn -0.9150 -0.4006 0.0470
vn -0.8092 -0.2001 -0.5525
vn -0.6139 0.5290 0.5860
vn -0.6134 0.5308 0.5848
vn 0.5865 0.5599 0.5853
vn 0.5862 0.5612 0.5843
vn 0.8918 0.3628 -0.2702
vn 0.8273 -0.5177 -0.2180
vn 0.8714 -0.4861 0.0665
vn 0.8183 -0.1590 -0.5524
vn 0.5860 0.5609 0.5848
vn 0.5862 0.5595 0.5859
vn -0.7883 -0.4476 0.4222
vn -0.7884 -0.4479 0.4218
vn -0.7882 -0.4459 0.4242
vn -0.8105 0.4317 -0.3959
vn -0.8107 0.4292 -0.3982
vn -0.8104 0.4328 -0.3949
vn 0.8101 -0.4072 0.4219
vn 0.8100 -0.4069 0.4223
vn 0.8098 -0.4054 0.4242
vn 0.7880 0.4699 -0.3979
vn 0.7877 0.4720 -0.3960
vn 0.7875 0.4732 -0.3948
vn -0.9314 -0.0157 -0.3636
vn 0.9152 0.1409 -0.3775
vn -0.7548 -0.6553 0.0293
vn 0.7621 -0.6475 0.0043
vn -0.8209 -0.4694 0.3252
vn -0.8228 -0.4548 0.3408
vn -0.8422 0.3414 -0.4173
vn -0.8432 0.3491 -0.4089
vn 0.8436 -0.4278 0.3246
vn 0.8244 0.3914 -0.4088
vn -0.5864 -0.5534 0.5915
vn -0.5862 -0.5548 0.5904
vn -0.8181 0.1532 -0.5542
vn -0.8273 0.5154 -0.2234
vn -0.5863 -0.5553 0.5898
vn -0.5867 -0.5538 0.5908
vn 0.6133 -0.5246 0.5905
vn 0.6137 -0.5229 0.5915
vn 0.9146 0.4018 0.0462
vn 0.8093 0.1944 -0.5543
vn 0.9174 -0.2822 -0.2806
vn 0.8453 0.5314 0.0559
vn 0.8002 0.5566 -0.2234
vn 0.6142 -0.5232 0.5908
vn 0.6137 -0.5249 0.5898
vn -0.7879 -0.4739 -0.3933
vn -0.7876 -0.4760 -0.3914
vn -0.7874 -0.4772 -0.3902
vn -0.8102 0.4115 0.4175
vn -0.8099 0.4097 0.4199
vn 0.8106 -0.4357 -0.3912
vn 0.8108 -0.4332 -0.3935
vn 0.8105 -0.4368 -0.3902
vn 0.7883 0.4521 0.4174
vn -0.7613 0.6484 0.0026
vn 0.7539 0.6564 0.0280
vn -0.9137 -0.1505 -0.3775
vn 0.9311 0.0051 -0.3648
vn -0.8237 -0.3874 -0.4141
vn -0.8243 -0.3956 -0.4050
vn -0.8437 0.4311 0.3200
vn -0.8449 0.4160 0.3364
vn 0.8423 -0.3456 -0.4137
vn 0.8226 0.4584 0.3363
vn -0.6139 0.5301 -0.5849
vn -0.6135 0.5318 -0.5839
vn -0.8092 -0.2010 0.5521
vn -0.9151 -0.4005 -0.0469
vn -0.8557 0.0246 0.5168
vn -0.9188 0.2762 0.2821
vn -0.8001 -0.5593 0.2171
vn -0.6143 0.5304 -0.5842
vn 0.5860 0.5619 -0.5839
vn 0.9243 -0.3802 -0.0338
vn 0.8183 -0.1599 0.5521
vn 0.8547 0.1029 0.5089
vn 0.8921 0.3619 0.2706
vn 0.8273 -0.5181 0.2170
vn 0.5864 0.5612 -0.5840
vn 0.5862 0.5623 -0.5833
vn -0.8107 0.4285 0.3989
vn -0.8105 0.4310 0.3966
vn -0.8104 0.4321 0.3956
vn -0.7884 -0.4471 -0.4225
vn -0.7884 -0.4468 -0.4229
vn 0.7877 0.4713 0.3968
vn 0.7879 0.4692 0.3987
vn 0.7875 0.4726 0.3957
vn 0.8099 -0.4063 -0.4231
vn 0.8100 -0.4066 -0.4226
vn 0.8097 -0.4047 -0.4250
vn 0.7623 -0.6472 -0.0045
vn -0.8421 0.3407 0.4180
vn -0.8431 0.3486 0.4095
vn -0.8209 -0.4688 -0.3260
vn -0.8228 -0.4543 -0.3415
vn 0.8244 0.3907 0.4095
vn 0.8436 -0.4272 -0.3253
vn 0.8448 -0.4120 -0.3416
vn -0.6000 -0.0165 -0.7998
vn -0.6001 -0.0142 -0.7998
vn -0.8200 0.2246 0.5265
vn -0.8505 -0.5213 0.0698
vn -0.8655 0.3670 0.3408
vn -0.8749 0.4752 0.0932
vn -0.6003 -0.0162 -0.7996
vn 0.6001 0.0139 -0.7998
vn 0.8749 -0.4753 0.0932
vn 0.8075 0.2658 0.5266
vn 0.8504 0.5214 0.0698
vn 0.8656 -0.3670 0.3408
vn 0.8199 -0.2246 0.5265
vn 0.6000 0.0164 -0.7998
vn -0.8145 0.5800 -0.0164
vn -0.8143 0.5801 -0.0185
vn -0.8142 0.5802 -0.0201
vn 0.7840 0.6205 -0.0164
vn 0.8145 -0.5800 -0.0164
vn -0.7459 -0.6405 0.1829
vn 0.7678 -0.6030 0.2164
vn 0.7458 0.6405 0.1829
vn -0.8466 0.5285 0.0636
vn -0.8187 -0.5707 0.0634
vn -0.8198 -0.5707 0.0465
vn -0.8004 -0.5469 0.2455
vn -0.8506 -0.3069 0.4269
vn -0.8506 -0.3073 -0.4267
vn -0.8004 -0.5472 -0.2450
vn -0.6202 0.7844 0.0009
vn -0.6201 0.7845 -0.0002
vn 0.5798 0.8148 -0.0006
vn 0.5798 0.8148 -0.0017
vn 0.9539 -0.1572 -0.2559
vn 0.8271 -0.5056 0.2455
vn 0.8648 -0.2395 0.4413
vn 0.8270 -0.5059 -0.2450
vn 0.5798 0.8148 0.0009
vn -0.7997 -0.0035 0.6004
vn -0.7996 -0.0027 0.6005
vn 0.8453 -0.5044 -0.1763
vn -0.8252 -0.5446 0.1498
vn 0.8454 -0.5040 0.1766
vn -0.8311 -0.0829 0.5499
vn -0.8311 -0.0834 -0.5498
vn 0.8342 -0.0430 -0.5498
vn -0.6001 -0.0230 0.7996
vn -0.8076 -0.2613 -0.5286
vn -0.8200 0.2291 -0.5244
vn -0.5999 -0.0213 0.7998
vn 0.6002 0.0074 0.7998
vn 0.8745 -0.4754 -0.0958
vn 0.6004 0.0093 0.7997
vn -0.7837 -0.6210 0.0149
vn -0.7469 -0.6382 -0.1867
vn 0.7695 -0.5995 -0.2202
vn -0.8465 0.5291 -0.0589
vn 0.8478 -0.5279 -0.0513
vn -0.5798 -0.8147 0.0054
vn -0.5798 -0.8148 0.0044
vn -0.9537 0.1604 0.2545
vn -0.8649 0.2420 0.4398
vn -0.9541 0.1535 -0.2573
vn -0.5798 -0.8147 0.0029
vn 0.6202 -0.7845 0.0042
vn 0.9472 0.2402 0.2123
vn 0.8507 0.3049 -0.4282
vn 0.8506 0.3091 0.4254
vn 0.6203 -0.7844 0.0042
vn 0.6204 -0.7843 0.0029
vn -0.7987 -0.0403 -0.6004
vn -0.7988 -0.0339 0.6006
vn -0.7988 -0.0340 0.6006
vn 0.7996 0.0062 0.6006
vn -0.8445 0.5062 0.1749
vn -0.8461 0.5023 -0.1782
vn 0.8257 0.5435 -0.1509
vn -0.8341 0.0399 -0.5501
vn 0.8312 0.0802 -0.5502
vn 0.8310 0.0860 0.5495
vn -0.5862 -0.5609 -0.5846
vn -0.5865 -0.5596 -0.5856
vn -0.8918 -0.3630 0.2701
vn -0.9242 0.3805 -0.0336
vn -0.8183 0.1584 0.5526
vn -0.5860 -0.5603 -0.5854
vn 0.6142 -0.5290 -0.5856
vn 0.6138 -0.5305 -0.5846
vn 0.9185 -0.2776 0.2817
vn 0.8001 0.5587 0.2184
vn 0.8453 0.5307 -0.0610
vn 0.9149 0.4008 -0.0469
vn 0.6134 -0.5300 -0.5855
vn -0.8100 0.4073 -0.4220
vn -0.8100 0.4076 -0.4215
vn -0.8098 0.4057 -0.4239
vn -0.7877 -0.4723 0.3957
vn -0.7875 -0.4735 0.3945
vn 0.7884 0.4478 -0.4218
vn -0.9151 -0.1415 0.3775
vn 0.9314 0.0146 0.3638
vn 0.7547 0.6554 -0.0291
vn -0.8448 0.4129 -0.3405
vn -0.8238 -0.3835 0.4175
vn -0.8244 -0.3918 0.4085
vn 0.8228 0.4552 -0.3404
vn 0.8431 -0.3496 0.4085
vn -0.6139 0.5309 0.5842
vn -0.6143 0.5292 0.5852
vn -0.8001 -0.5589 -0.2179
vn -0.8557 0.0254 -0.5168
vn -0.9151 -0.4006 0.0468
vn 0.5865 0.5599 0.5852
vn 0.8274 -0.5175 -0.2180
vn 0.8714 -0.4860 0.0665
vn 0.9242 -0.3803 0.0336
vn 0.8547 0.1037 -0.5087
vn 0.5860 0.5609 0.5847
vn -0.7881 -0.4459 0.4242
vn -0.8107 0.4292 -0.3981
vn 0.8098 -0.4053 0.4242
vn 0.7875 0.4732 -0.3949
vn -0.9315 -0.0156 -0.3634
vn 0.9153 0.1407 -0.3775
vn -0.8421 0.3415 -0.4174
vn -0.8431 0.3493 -0.4089
vn 0.8447 -0.4127 0.3408
vn 0.8238 0.3832 -0.4177
vn 0.8244 0.3915 -0.4088
vn -0.5865 -0.5534 0.5914
vn -0.8181 0.1532 -0.5543
vn -0.8545 -0.1079 -0.5082
vn -0.8906 -0.3671 -0.2685
vn -0.8274 0.5153 -0.2235
vn -0.5864 -0.5552 0.5898
vn 0.8093 0.1944 -0.5542
vn 0.9174 -0.2822 -0.2805
vn 0.8001 0.5567 -0.2234
vn 0.6142 -0.5233 0.5907
vn 0.6138 -0.5248 0.5898
vn -0.7878 -0.4739 -0.3934
vn 0.8109 -0.4332 -0.3935
vn 0.7883 0.4517 0.4178
vn 0.7883 0.4520 0.4174
vn 0.7881 0.4501 0.4199
vn -0.7613 0.6484 0.0025
vn -0.9137 -0.1504 -0.3776
vn 0.9310 0.0050 -0.3649
vn -0.8237 -0.3875 -0.4140
vn -0.8242 -0.3957 -0.4050
vn -0.8437 0.4311 0.3199
vn -0.8448 0.4161 0.3363
vn 0.8423 -0.3456 -0.4136
vn 0.8433 -0.3533 -0.4050
vn 0.8208 0.4727 0.3206
vn 0.8227 0.4583 0.3364
vn -0.6139 0.5301 -0.5850
vn -0.8092 -0.2011 0.5521
vn -0.9151 -0.4004 -0.0469
vn -0.8558 0.0246 0.5168
vn -0.9188 0.2762 0.2820
vn -0.8001 -0.5592 0.2170
vn -0.6139 0.5319 -0.5833
vn -0.6144 0.5304 -0.5842
vn 0.5860 0.5618 -0.5839
vn 0.8274 -0.5180 0.2170
vn 0.5865 0.5611 -0.5841
vn -0.7882 -0.4450 -0.4250
vn 0.7880 0.4692 0.3988
vn 0.7875 0.4726 0.3956
vn 0.7622 -0.6473 -0.0045
vn -0.9316 -0.0172 0.3631
vn 0.9155 0.1391 0.3775
vn -0.8209 -0.4689 -0.3260
vn 0.8238 0.3825 0.4184
vn -0.6000 -0.0143 -0.7998
vn -0.8750 0.4752 0.0931
vn -0.6002 -0.0161 -0.7997
vn 0.8750 -0.4751 0.0931
vn 0.8505 0.5213 0.0698
vn 0.8655 -0.3671 0.3408
vn -0.7458 -0.6405 0.1829
vn 0.7678 -0.6030 0.2165
vn 0.7459 0.6405 0.1829
vn -0.8465 0.5286 0.0636
vn -0.8187 -0.5707 0.0633
vn 0.8465 -0.5286 0.0636
vn 0.8477 -0.5285 0.0465
vn -0.6203 0.7843 -0.0017
vn -0.6202 0.7844 -0.0003
vn -0.9475 -0.2377 -0.2138
vn -0.8004 -0.5471 -0.2450
vn -0.6203 0.7844 0.0009
vn -0.6202 0.7845 -0.0003
vn 0.5797 0.8148 -0.0017
vn 0.5798 0.8148 -0.0002
vn 0.7988 0.0368 -0.6004
vn -0.8250 -0.5450 -0.1496
vn 0.8452 -0.5044 -0.1765
vn 0.8454 -0.5040 0.1767
vn -0.8312 -0.0829 0.5498
vn -0.8754 0.4748 -0.0905
vn -0.8657 0.3703 -0.3368
vn -0.8500 -0.5217 -0.0725
vn -0.5999 -0.0211 0.7998
vn 0.8510 0.5209 -0.0671
vn 0.8746 -0.4753 -0.0957
vn 0.6004 0.0092 0.7996
vn 0.6003 0.0070 0.7997
vn -0.7839 -0.6207 0.0132
vn -0.8143 0.5800 0.0237
vn -0.8142 0.5801 0.0253
vn 0.7841 0.6203 0.0216
vn 0.7838 0.6206 0.0253
vn -0.7663 0.6063 -0.2127
vn 0.7446 0.6429 -0.1792
vn -0.7469 -0.6381 -0.1866
vn 0.7695 -0.5996 -0.2201
vn -0.8466 0.5290 -0.0589
vn 0.8465 -0.5280 -0.0682
vn 0.8477 -0.5280 -0.0513
vn -0.5797 -0.8148 0.0044
vn -0.5798 -0.8147 0.0040
vn 0.6203 -0.7843 0.0054
vn 0.8005 0.5457 -0.2480
vn 0.9478 0.2350 -0.2154
vn 0.8506 0.3092 0.4253
vn 0.8003 0.5483 0.2425
vn 0.6202 -0.7844 0.0029
vn -0.7987 -0.0403 -0.6003
vn -0.7987 -0.0402 -0.6003
vn -0.7989 -0.0341 0.6005
vn -0.8445 0.5062 0.1750
vn 0.8244 0.5461 0.1485
vn -0.8461 0.5022 -0.1784
vn 0.8258 0.5434 -0.1508
vn 0.8311 0.0861 0.5495
vn -0.5863 -0.5608 -0.5847
vn -0.5866 -0.5594 -0.5857
vn -0.8274 0.5175 0.2184
vn -0.5861 -0.5600 -0.5856
vn 0.6143 -0.5288 -0.5856
vn 0.6139 -0.5304 -0.5847
vn 0.6134 -0.5300 -0.5854
vn -0.7876 -0.4723 0.3957
vn 0.7884 0.4482 -0.4215
vn 0.8106 -0.4320 0.3955
vn 0.8105 -0.4330 0.3945
vn -0.9151 -0.1413 0.3776
vn 0.9314 0.0148 0.3637
vn 0.8227 0.4552 -0.3404
vn 0.8431 -0.3496 0.4086
vn -0.6143 0.5293 0.5852
vn -0.9185 0.2772 -0.2818
vn -0.9150 -0.4007 0.0469
vn 0.8274 -0.5176 -0.2180
vn 0.9242 -0.3803 0.0335
vn 0.8546 0.1037 -0.5088
vn 0.5860 0.5608 0.5848
vn 0.5863 0.5594 0.5860
vn -0.7884 -0.4475 0.4222
vn -0.7884 -0.4478 0.4218
vn -0.7882 -0.4458 0.4243
vn -0.8105 0.4316 -0.3959
vn -0.8105 0.4327 -0.3949
vn 0.8097 -0.4054 0.4242
vn -0.9315 -0.0156 -0.3635
vn 0.9152 0.1408 -0.3775
vn 0.7620 -0.6475 0.0042
vn -0.8228 -0.4549 0.3408
vn -0.8422 0.3414 -0.4174
vn -0.8431 0.3492 -0.4089
vn 0.8447 -0.4126 0.3408
vn 0.8238 0.3832 -0.4178
vn -0.5861 -0.5548 0.5904
vn -0.8181 0.1533 -0.5542
vn -0.9240 0.3811 0.0320
vn -0.8545 -0.1078 -0.5082
vn -0.5864 -0.5553 0.5898
vn -0.5868 -0.5537 0.5908
vn 0.9146 0.4017 0.0461
vn 0.9174 -0.2823 -0.2805
vn 0.8001 0.5566 -0.2235
vn -0.7875 -0.4761 -0.3914
vn -0.7874 -0.4773 -0.3902
vn -0.8098 0.4097 0.4199
vn 0.8107 -0.4356 -0.3912
vn 0.7540 0.6563 0.0280
vn -0.8449 0.4160 0.3363
vn 0.8227 0.4583 0.3363
vn -0.6139 0.5300 -0.5850
vn -0.6135 0.5316 -0.5840
vn 0.5862 0.5604 -0.5851
vn 0.9243 -0.3802 -0.0337
vn 0.8183 -0.1598 0.5521
vn 0.8547 0.1030 0.5089
vn 0.5864 0.5613 -0.5840
vn 0.7879 0.4692 0.3988
vn 0.7623 -0.6473 -0.0045
vn -0.9316 -0.0173 0.3632
vn -0.8422 0.3406 0.4180
vn -0.8199 0.2246 0.5265
vn 0.8749 -0.4752 0.0931
vn 0.8145 -0.5799 -0.0164
vn -0.7458 -0.6406 0.1829
vn -0.7678 0.6031 0.2164
vn 0.7459 0.6405 0.1828
vn 0.8465 -0.5285 0.0636
vn -0.6203 0.7843 -0.0016
vn -0.8506 -0.3072 -0.4266
vn -0.6203 0.7843 0.0009
vn 0.9539 -0.1572 -0.2558
vn 0.5797 0.8148 -0.0002
vn 0.7988 0.0373 0.6004
vn -0.8251 -0.5449 -0.1495
vn 0.8452 -0.5045 -0.1765
vn -0.8311 -0.0829 0.5498
vn -0.6000 -0.0232 0.7996
vn -0.8076 -0.2613 -0.5287
vn -0.8466 -0.4159 -0.3321
vn -0.5998 -0.0234 0.7998
vn 0.6002 0.0096 0.7998
vn 0.8746 -0.4753 -0.0958
vn -0.7839 -0.6208 0.0132
vn -0.8144 0.5798 0.0216
vn 0.8143 -0.5802 0.0133
vn -0.7470 -0.6381 -0.1866
vn 0.7694 -0.5996 -0.2202
vn -0.8187 -0.5701 -0.0680
vn -0.8477 0.5289 -0.0418
vn 0.8477 -0.5281 -0.0513
vn -0.9540 0.1535 -0.2573
vn -0.5798 -0.8148 0.0029
vn -0.5798 -0.8148 0.0040
vn 0.6204 -0.7843 0.0054
vn 0.9472 0.2402 0.2124
vn 0.8005 0.5456 -0.2480
vn -0.8444 0.5063 0.1749
vn -0.8462 0.5021 -0.1783
vn 0.8312 0.0802 -0.5501
vn -0.5862 -0.5608 -0.5847
vn -0.9242 0.3804 -0.0335
vn 0.6135 -0.5297 -0.5856
vn 0.6139 -0.5285 -0.5864
vn 0.7884 0.4478 -0.4219
vn -0.9151 -0.1413 0.3775
vn -0.7621 0.6475 -0.0041
vn -0.8447 0.4129 -0.3404
vn -0.8244 -0.3918 0.4086
vn 0.8432 -0.3496 0.4085
vn -0.6143 0.5294 0.5851
vn -0.8092 -0.2002 -0.5524
vn 0.5865 0.5600 0.5851
vn 0.5862 0.5612 0.5842
vn 0.5862 0.5594 0.5860
vn -0.7884 -0.4478 0.4219
vn -0.7882 -0.4458 0.4242
vn -0.9315 -0.0155 -0.3633
vn 0.9153 0.1407 -0.3774
vn -0.7548 -0.6554 0.0293
vn 0.7621 -0.6475 0.0042
vn -0.8431 0.3492 -0.4088
vn -0.5861 -0.5548 0.5905
vn -0.5868 -0.5538 0.5908
vn 0.6133 -0.5247 0.5905
vn 0.6143 -0.5231 0.5908
vn 0.7882 0.4521 0.4174
vn 0.7880 0.4502 0.4199
vn 0.7540 0.6563 0.0279
vn 0.9310 0.0051 -0.3649
vn -0.6138 0.5301 -0.5850
vn -0.8001 -0.5593 0.2170
vn -0.6143 0.5306 -0.5841
vn 0.5863 0.5604 -0.5850
vn 0.8921 0.3619 0.2705
vn 0.8714 -0.4860 -0.0674
vn 0.7880 0.4691 0.3988
vn 0.7875 0.4725 0.3956
vn 0.8100 -0.4062 -0.4231
vn 0.8100 -0.4065 -0.4226
vn 0.8436 -0.4273 -0.3254
vn 0.8447 -0.4121 -0.3415
vn -0.6002 -0.0163 -0.7997
vn 0.6002 0.0163 -0.7997
vn 0.6001 0.0142 -0.7998
vn -0.7459 -0.6405 0.1828
vn 0.7678 -0.6031 0.2164
vn -0.7678 0.6030 0.2164
vn 0.7457 0.6406 0.1829
vn -0.6203 0.7844 -0.0016
vn -0.6202 0.7845 -0.0004
vn 0.8452 -0.5044 -0.1764
vn 0.8198 -0.2200 -0.5286
vn -0.7663 0.6063 -0.2126
vn 0.8004 0.5483 0.2425
vn -0.7989 -0.0339 0.6006
vn -0.8445 0.5063 0.1749
vn -0.8461 0.5022 -0.1783
vn 0.8258 0.5435 -0.1509
vn -0.8343 0.0457 0.5494
vn -0.8918 -0.3631 0.2701
vn 0.6135 -0.5299 -0.5856
vn 0.7547 0.6555 -0.0292
vn 0.8432 -0.3495 0.4086
vn -0.8558 0.0253 -0.5168
vn 0.8274 -0.5177 -0.2180
vn 0.8714 -0.4861 0.0664
vn 0.7879 0.4699 -0.3980
vn 0.9153 0.1408 -0.3775
vn -0.5862 -0.5548 0.5905
vn -0.7875 -0.4760 -0.3914
vn 0.9311 0.0050 -0.3648
vn 0.8433 -0.3534 -0.4050
vn -0.6143 0.5305 -0.5841
vn 0.5864 0.5613 -0.5841
vn -0.7549 -0.6551 -0.0295
vn -0.9316 -0.0172 0.3632
vn -0.8750 0.4751 0.0931
vn -0.6002 -0.0163 -0.7996
vn 0.8200 -0.2246 0.5265
vn 0.8142 -0.5803 -0.0201
vn -0.6202 0.7844 -0.0004
vn 0.5798 0.8147 0.0009
vn -0.6001 -0.0231 0.7996
vn 0.7840 0.6203 0.0216
vn -0.8199 -0.5703 -0.0513
vn -0.9537 0.1603 0.2545
vn 0.6203 -0.7843 0.0029
vn 0.8245 0.5461 0.1486
vn -0.8461 0.5023 -0.1784
vn -0.5865 -0.5595 -0.5856
vn -0.5860 -0.5602 -0.5854
vn -0.8453 -0.5307 0.0614
vn -0.6134 0.5307 0.5848
vn 0.5865 0.5602 0.5851
vn 0.5862 0.5613 0.5842
vn 0.8918 0.3627 -0.2703
vn 0.9242 -0.3804 0.0336
vn 0.8100 -0.4073 0.4219
vn 0.7879 0.4699 -0.3979
vn -0.9315 -0.0155 -0.3635
vn 0.7621 -0.6474 0.0043
vn 0.8001 0.5566 -0.2234
vn 0.7539 0.6563 0.0280
vn -0.8449 0.4161 0.3363
vn 0.8227 0.4584 0.3363
vn -0.6134 0.5316 -0.5840
vn -0.9188 0.2761 0.2821
vn 0.5864 0.5612 -0.5841
vn -0.6001 -0.0143 -0.7998
vn 0.8750 -0.4752 0.0932
vn 0.7838 0.6208 -0.0201
vn 0.8453 -0.5044 -0.1764
vn 0.8746 -0.4754 -0.0958
vn 0.6004 0.0089 0.7997
vn 0.8465 -0.5280 -0.0683
vn -0.5798 -0.8148 0.0045
vn -0.6139 0.5308 0.5842
vn -0.6144 0.5291 0.5853
vn 0.5865 0.5600 0.5852
vn -0.8104 0.4327 -0.3949
vn -0.5861 -0.5549 0.5904
vn 0.8002 0.5566 -0.2235
vn -0.6134 0.5317 -0.5839
vn -0.6002 -0.0162 -0.7997
vn 0.6002 0.0160 -0.7997
vn 0.6000 0.0144 -0.7998
vn 0.7678 -0.6031 0.2165
vn 0.5798 0.8148 -0.0001
vn -0.8251 -0.5449 -0.1496
vn -0.6001 -0.0233 0.7996
vn -0.5798 -0.8148 0.0039
vn 0.6202 -0.7844 0.0041
vn -0.5865 -0.5597 -0.5855
vn -0.5868 -0.5537 0.5909
vn 0.8105 -0.4367 -0.3902
vn 0.8454 -0.5041 0.1767
vn 0.6004 0.0092 0.7997
vn -0.7840 -0.6206 0.0112
vn 0.7695 -0.5996 -0.2202
vn 0.6202 -0.7844 0.0043
vn 0.6137 -0.5248 0.5898
vn -0.8655 0.3671 0.3407
vn 0.8506 0.5212 0.0697
vn 0.6000 0.0144 -0.7999
vn -0.8144 0.5801 -0.0164
vn -0.8142 0.5803 -0.0185
vn -0.8141 0.5804 -0.0201
vn 0.8143 -0.5802 -0.0185
vn -0.8476 0.5285 0.0465
vn -0.6204 0.7843 -0.0017
vn -0.9475 -0.2380 -0.2137
vn -0.6203 0.7844 -0.0003
vn 0.5797 0.8148 0.0008
vn -0.8251 -0.5448 -0.1495
vn 0.8454 -0.5041 0.1768
vn -0.8501 -0.5217 -0.0726
vn -0.8200 0.2292 -0.5244
vn 0.6002 0.0073 0.7998
vn 0.8510 0.5208 -0.0671
vn 0.8746 -0.4754 -0.0957
vn 0.8074 0.2703 -0.5244
vn -0.7840 -0.6207 0.0113
vn -0.7838 -0.6209 0.0132
vn 0.8142 -0.5803 0.0149
vn 0.7840 0.6203 0.0217
vn -0.7664 0.6062 -0.2126
vn -0.8465 0.5290 -0.0590
vn -0.8270 0.5046 -0.2480
vn -0.9537 0.1604 0.2546
vn -0.8271 0.5071 0.2426
vn 0.6201 -0.7845 0.0041
vn 0.9478 0.2350 -0.2153
vn 0.7995 0.0061 0.6006
vn 0.8310 0.0861 0.5495
vn -0.8183 0.1583 0.5526
vn 0.9184 -0.2777 0.2818
vn 0.9149 0.4010 -0.0469
vn 0.8092 0.1996 0.5526
vn -0.8101 0.4075 -0.4215
vn -0.7877 -0.4722 0.3957
vn -0.7879 -0.4701 0.3976
vn -0.9151 -0.1414 0.3776
vn 0.8422 -0.3416 0.4171
vn -0.6139 0.5308 0.5843
vn -0.9186 0.2772 -0.2817
vn -0.8454 -0.5306 0.0614
vn -0.6134 0.5307 0.5849
vn -0.8105 0.4318 -0.3959
vn -0.8107 0.4293 -0.3982
vn -0.8209 -0.4694 0.3253
vn -0.5865 -0.5533 0.5915
vn -0.9240 0.3810 0.0320
vn -0.8906 -0.3670 -0.2686
vn 0.6142 -0.5231 0.5908
vn 0.8108 -0.4332 -0.3936
vn 0.7882 0.4518 0.4179
vn -0.7613 0.6483 0.0024
vn 0.9311 0.0051 -0.3647
vn -0.6139 0.5299 -0.5850
vn -0.6135 0.5316 -0.5839
vn -0.8000 -0.5593 0.2171
vn 0.5860 0.5617 -0.5840
vn 0.8921 0.3618 0.2706
vn -0.8107 0.4286 0.3988
vn -0.7884 -0.4467 -0.4229
vn 0.7880 0.4692 0.3987
vn 0.8100 -0.4065 -0.4227
vn -0.7550 -0.6551 -0.0295
vn -0.9316 -0.0171 0.3631
vn 0.9155 0.1392 0.3774
vn -0.8228 -0.4543 -0.3416
vn 0.8435 -0.4273 -0.3254
vn -0.8505 -0.5212 0.0698
vn 0.6001 0.0144 -0.7998
vn -0.7839 -0.6206 -0.0184
vn 0.7838 0.6207 -0.0183
vn -0.7458 -0.6405 0.1828
vn 0.7679 -0.6030 0.2164
vn -0.9475 -0.2379 -0.2138
vn 0.7988 0.0367 -0.6005
vn 0.8454 -0.5042 0.1767
vn -0.5999 -0.0208 0.7998
vn -0.7838 -0.6208 0.0149
vn 0.8141 -0.5805 0.0149
vn -0.8465 0.5291 -0.0590
vn -0.9541 0.1534 -0.2574
vn -0.8272 0.5069 0.2425
vn 0.9478 0.2351 -0.2154
vn 0.7997 0.0007 -0.6003
vn 0.8257 0.5435 -0.1510
vn -0.5865 -0.5594 -0.5857
vn 0.9150 0.4008 -0.0470
vn 0.6134 -0.5301 -0.5854
vn -0.8100 0.4075 -0.4216
vn -0.8098 0.4056 -0.4239
vn 0.7883 0.4479 -0.4219
vn 0.8107 -0.4294 0.3978
vn -0.9152 -0.1413 0.3774
vn -0.7620 0.6475 -0.0041
vn 0.7546 0.6555 -0.0291
vn -0.8436 0.4280 -0.3243
vn 0.8209 0.4697 -0.3249
vn 0.5860 0.5608 0.5849
vn 0.7880 0.4698 -0.3980
vn 0.7877 0.4719 -0.3960
vn -0.5864 -0.5533 0.5916
vn -0.9240 0.3811 0.0321
vn -0.5868 -0.5536 0.5909
vn 0.6132 -0.5247 0.5905
vn 0.6142 -0.5232 0.5907
vn -0.8099 0.4096 0.4199
vn -0.7612 0.6485 0.0026
vn -0.9137 -0.1505 -0.3776
vn -0.8436 0.4312 0.3200
vn -0.8448 0.4162 0.3363
vn -0.8454 -0.5305 -0.0624
vn -0.6140 0.5318 -0.5833
vn 0.8274 -0.5180 0.2171
vn -0.8107 0.4284 0.3990
vn -0.8105 0.4310 0.3967
vn -0.8104 0.4321 0.3957
vn -0.7549 -0.6552 -0.0294
vn -0.8228 -0.4542 -0.3415
vn -0.6000 -0.0144 -0.7998
vn -0.6002 -0.0160 -0.7997
vn -0.6202 0.7844 -0.0002
vn 0.5797 0.8148 -0.0006
vn 0.9538 -0.1572 -0.2558
vn -0.7997 -0.0040 -0.6004
vn -0.8253 -0.5445 0.1497
vn -0.5998 -0.0213 0.7998
vn -0.5797 -0.8148 0.0054
vn -0.8271 0.5071 0.2425
vn 0.7997 0.0008 -0.6004
vn -0.8446 0.5061 0.1748
vn 0.8244 0.5462 0.1485
vn 0.8257 0.5436 -0.1510
vn 0.6142 -0.5291 -0.5855
vn 0.6138 -0.5305 -0.5847
vn 0.9185 -0.2775 0.2817
vn -0.8436 0.4281 -0.3243
vn 0.8422 -0.3418 0.4171
vn -0.6138 0.5290 0.5859
vn 0.5865 0.5601 0.5851
vn 0.8918 0.3628 -0.2703
vn 0.8714 -0.4860 0.0664
vn 0.8097 -0.4054 0.4243
vn 0.9153 0.1406 -0.3775
vn -0.8431 0.3493 -0.4088
vn 0.8436 -0.4278 0.3245
vn -0.5864 -0.5535 0.5914
vn -0.8906 -0.3671 -0.2686
vn -0.5867 -0.5539 0.5908
vn -0.7614 0.6483 0.0025
vn 0.8209 0.4727 0.3206
vn -0.6134 0.5318 -0.5839
vn 0.5860 0.5617 -0.5841
vn 0.9242 -0.3803 -0.0337
vn 0.8921 0.3620 0.2706
vn 0.5862 0.5622 -0.5834
vn 0.7623 -0.6472 -0.0044
vn -0.9315 -0.0172 0.3632
vn -0.8253 -0.5446 0.1497
vn 0.8342 -0.0426 0.5498
vn -0.8076 -0.2612 -0.5286
vn -0.7663 0.6062 -0.2127
vn -0.8461 0.5023 -0.1783
vn 0.6135 -0.5299 -0.5855
vn -0.7621 0.6475 -0.0040
vn 0.8228 0.4551 -0.3405
vn -0.6138 0.5309 0.5842
vn -0.6143 0.5294 0.5852
vn -0.8104 0.4327 -0.3948
vn -0.9315 -0.0154 -0.3635
vn 0.6138 -0.5247 0.5898
vn 0.8108 -0.4333 -0.3935
vn 0.8432 -0.3534 -0.4051
vn -0.9188 0.2760 0.2821
vn -0.6144 0.5302 -0.5843
vn 0.5862 0.5605 -0.5850
vn 0.8546 0.1029 0.5089
vn 0.5865 0.5611 -0.5842
vn -0.8105 0.4320 0.3956
vn 0.8100 -0.4062 -0.4230
vn 0.9155 0.1392 0.3776
vn -0.8250 -0.5449 -0.1495
vn -0.8076 -0.2612 -0.5287
vn -0.9152 -0.1415 0.3775
vn -0.8454 -0.5307 0.0614
vn -0.8558 0.0254 -0.5167
vn 0.6132 -0.5247 0.5904
vn -0.6143 0.5303 -0.5842
vn -0.8104 0.4320 0.3956
vn -0.7884 -0.4471 -0.4226
vn 0.8436 -0.4273 -0.3253
vn 0.6004 0.0093 0.7996
vn -0.8271 0.5045 -0.2480
vn -0.5797 -0.8148 0.0039
vn -0.5866 -0.5595 -0.5856
vn -0.6134 0.5309 0.5848
vn 0.8918 0.3627 -0.2702
vn 0.5860 0.5610 0.5847
vn 0.9153 0.1408 -0.3774
vn -0.8432 0.3492 -0.4089
vn -0.6144 0.5292 0.5852
vn -0.6134 0.5309 0.5847
vn 0.6132 -0.5248 0.5904
vn -0.6135 0.5317 -0.5840
vn 0.5862 0.5613 0.5843
vn 0.7621 -0.6474 0.0042
vn 0.9311 0.0050 -0.3649
vn -0.6135 0.5315 -0.5841
vn -0.8454 -0.5306 -0.0624
vn 0.8506 0.5213 0.0697
vn -0.7459 -0.6404 0.1829
vn -0.7677 0.6031 0.2165
vn -0.6203 0.7844 -0.0002
vn 0.5798 0.8147 -0.0017
vn -0.7997 -0.0028 0.6005
vn -0.8252 -0.5447 0.1498
vn -0.8501 -0.5216 -0.0725
vn -0.5998 -0.0215 0.7998
vn 0.8144 -0.5801 0.0112
vn 0.7448 0.6428 -0.1792
vn 0.7695 -0.5994 -0.2201
vn 0.8465 -0.5279 -0.0682
vn 0.6203 -0.7844 0.0041
vn -0.5866 -0.5593 -0.5857
vn -0.9151 -0.1414 0.3775
vn -0.6144 0.5292 0.5853
vn -0.9150 -0.4006 0.0469
vn 0.8919 0.3626 -0.2702
vn 0.7875 0.4733 -0.3948
vn 0.8435 -0.4279 0.3246
vn -0.5864 -0.5534 0.5914
vn -0.8545 -0.1078 -0.5081
vn 0.6133 -0.5246 0.5904
vn 0.8093 0.1945 -0.5543
vn 0.7883 0.4520 0.4175
vn 0.9311 0.0050 -0.3647
vn 0.8208 0.4728 0.3206
vn 0.9242 -0.3803 -0.0338
vn -0.8104 0.4320 0.3957
vn -0.8431 0.3484 0.4095
vn -0.8750 0.4752 0.0932
vn -0.7839 -0.6207 -0.0183
vn 0.7839 0.6207 -0.0183
vn -0.7677 0.6031 0.2164
vn 0.5798 0.8148 -0.0005
vn 0.7988 0.0375 0.6005
vn -0.8250 -0.5450 -0.1495
vn -0.6000 -0.0233 0.7996
vn 0.6003 0.0071 0.7998
vn 0.6143 -0.5288 -0.5857
vn -0.7879 -0.4701 0.3977
vn -0.9151 -0.1416 0.3775
vn -0.7620 0.6475 -0.0040
vn -0.8436 0.4280 -0.3242
vn -0.8454 -0.5307 0.0615
vn 0.5863 0.5595 0.5859
vn -0.8108 0.4291 -0.3982
vn 0.7883 0.4518 0.4178
vn -0.9188 0.2761 0.2820
vn 0.8448 -0.4120 -0.3415
vn -0.9476 -0.2374 0.2140
vn 0.9539 -0.1573 -0.2558
vn -0.7996 -0.0034 -0.6005
vn -0.7997 -0.0042 -0.6004
vn -0.6000 -0.0231 0.7996
vn -0.7471 -0.6380 -0.1866
vn 0.8465 -0.5279 -0.0683
vn -0.5861 -0.5602 -0.5855
vn -0.8101 0.4076 -0.4215
vn 0.7883 0.4478 -0.4218
vn -0.8106 0.4316 -0.3958
vn -0.8273 0.5153 -0.2235
vn -0.7612 0.6485 0.0025
vn -0.8448 0.4161 0.3364
vn -0.6144 0.5293 0.5852
vn -0.7613 0.6485 0.0025
vn -0.6135 0.5317 -0.5839
vn -0.9151 -0.4004 -0.0470
vn 0.9243 -0.3803 -0.0337
vn 0.8274 -0.5181 0.2170
vn -0.6001 -0.0144 -0.7998
vn 0.5797 0.8148 -0.0004
vn -0.5998 -0.0212 0.7998
vn 0.6002 0.0162 -0.7997
vn 0.6135 -0.5297 -0.5857
vn -0.5999 -0.0215 0.7998
vn 0.6004 0.0094 0.7996
vn -0.6134 0.5306 0.5849
vn 0.6003 0.0163 -0.7996
vn 0.6000 0.0142 -0.7998
vn -0.7838 -0.6208 -0.0201
vn 0.6143 -0.5287 -0.5857
vn -0.8466 -0.4189 0.3283
vn -0.9476 -0.2373 0.2140
vn -0.8004 -0.5471 -0.2451
vn -0.8183 0.1585 0.5525
vn 0.9314 0.0148 0.3636
vn -0.9186 0.2771 -0.2818
vn 0.5862 0.5595 0.5860
vn -0.5864 -0.5535 0.5915
vn -0.5867 -0.5537 0.5908
vn -0.7613 0.6484 0.0024
vn 0.9155 0.1390 0.3775
vn -0.8754 0.4749 -0.0904
vn 0.7694 -0.5995 -0.2202
vn 0.8326 0.0648 -0.5500
vn -0.9152 -0.1412 0.3775
vn -0.7878 -0.4739 -0.3933
vn 0.5859 0.5619 -0.5839
vn -0.7882 -0.4452 -0.4250
vn 0.6002 0.0163 -0.7996
vn 0.8558 -0.0298 -0.5164
vn 0.6133 -0.5245 0.5906
vn 0.6143 -0.5230 0.5909
vt 0.494490 0.064880
vt 0.487060 0.118810
vt 0.388670 0.065080
vt 0.608130 0.054210
vt 0.631480 0.072890
vt 0.638050 0.119860
vt 0.673480 0.078820
vt 0.674000 0.119360
vt 0.728100 0.066870
vt 0.734080 0.118200
vt 0.753360 0.072740
vt 0.783360 0.116340
vt 0.777910 0.068030
vt 0.796150 0.090030
vt 0.802870 0.053620
vt 0.826250 0.074190
vt 0.436280 0.121950
vt 0.362120 0.119820
vt 0.373360 0.090980
vt 0.326340 0.095200
vt 0.304360 0.064260
vt 0.209120 0.061310
vt 0.278790 0.076310
vt 0.323760 0.117790
vt 0.222300 0.112040
vt 0.299720 0.100450
vt 0.268320 0.085560
vt 0.191900 0.086550
vt 0.117210 0.054350
vt 0.118660 0.064400
vt 0.049430 0.047700
vt 0.052170 0.061830
vt 0.060690 0.069420
vt 0.039760 0.057200
vt 0.702410 0.074390
vt 0.577990 0.169170
vt 0.578650 0.229370
vt 0.433360 0.172460
vt 0.690410 0.162660
vt 0.713750 0.181340
vt 0.720320 0.228310
vt 0.755760 0.187270
vt 0.810370 0.175320
vt 0.835640 0.181200
vt 0.813000 0.226980
vt 0.865640 0.224790
vt 0.860180 0.176480
vt 0.878420 0.198480
vt 0.885140 0.162070
vt 0.908520 0.182640
vt 0.440170 0.226450
vt 0.304570 0.220490
vt 0.274170 0.195000
vt 0.298930 0.170500
vt 0.199480 0.162800
vt 0.200940 0.172850
vt 0.131700 0.156150
vt 0.278410 0.218250
vt 0.254800 0.196620
vt 0.192840 0.179810
vt 0.142960 0.177870
vt 0.305390 0.227350
vt 0.578730 0.240370
vt 0.720390 0.243840
vt 0.814560 0.243070
vt 0.877740 0.242560
vt 0.729020 0.169470
vt 0.758610 0.178750
vt 0.817180 0.160580
vt 0.840970 0.167100
vt 0.859350 0.164360
vt 0.886870 0.152670
vt 0.919860 0.174770
vt 0.931150 0.182180
vt 0.876740 0.220080
vt 0.890690 0.232330
vt 0.888900 0.214230
vt 0.912730 0.187960
vt 0.883330 0.206380
vt 0.690400 0.146490
vt 0.578060 0.156190
vt 0.432040 0.162600
vt 0.300170 0.161390
vt 0.199630 0.156080
vt 0.122640 0.148800
vt 0.122030 0.165650
vt 0.104760 0.166880
vt 0.138010 0.194510
vt 0.707020 0.146070
vt 0.783430 0.179010
vt 0.784890 0.183060
vt 0.641450 0.394080
vt 0.513620 0.373720
vt 0.911820 0.367590
vt 0.750570 0.351110
vt 0.880250 0.308440
vt 0.747330 0.308840
vt 0.639900 0.263830
vt 0.622060 0.420300
vt 0.533580 0.391910
vt 0.420320 0.374980
vt 0.770520 0.369300
vt 0.595000 0.355330
vt 0.767290 0.327040
vt 0.636450 0.326960
vt 0.659850 0.282030
vt 0.642020 0.438500
vt 0.751120 0.418800
vt 0.428330 0.372830
vt 0.925800 0.399150
vt 0.967260 0.370770
vt 0.870840 0.349360
vt 0.990660 0.325850
vt 0.972820 0.482310
vt 0.654550 0.325790
vt 0.732050 0.345480
vt 0.417110 0.375630
vt 0.683980 0.354670
vt 0.843670 0.364620
vt 0.851890 0.336040
vt 0.717510 0.335790
vt 0.653830 0.314040
vt 0.531640 0.390150
vt 0.719250 0.314040
vt 0.501620 0.291170
vt 0.739050 0.383330
vt 0.519530 0.371890
vt 0.882550 0.359770
vt 0.678970 0.352110
vt 0.812270 0.341100
vt 0.613170 0.335280
vt 0.632580 0.320850
vt 0.494270 0.323810
vt 0.337500 0.313200
vt 0.361390 0.300610
vt 0.049290 0.302330
vt 0.759800 0.366480
vt 0.457270 0.373800
vt 0.537420 0.382720
vt 0.604490 0.363620
vt 0.652110 0.331740
vt 0.534380 0.337160
vt 0.413760 0.318530
vt 0.441750 0.236660
vt 0.283870 0.604670
vt 0.223320 0.657000
vt 0.405000 0.813970
vt 0.268750 0.719790
vt 0.177920 0.719800
vt 0.041680 0.813990
vt 0.162770 0.604670
vt 0.223320 0.592440
vt 0.223250 0.029060
vt 0.223330 0.724400
vt 0.223360 0.970970
s 0
usemtl mat1.320
f 1854/991/3651 1853/992/3651 1852/993/3651
f 1854/991/3651 1855/994/3651 1853/992/3651
f 1855/994/3651 1856/995/3651 1853/992/3651
f 1856/995/3651 1857/996/3651 1853/992/3651
f 1856/995/3651 1858/997/3651 1857/996/3651
f 1858/997/3651 1859/998/3651 1857/996/3651
f 1860/999/3651 1861/1000/3651 1859/998/3651
f 1860/999/3651 1862/1001/3651 1861/1000/3651
f 1862/1001/3651 1863/1002/3651 1861/1000/3651
f 1862/1001/3651 1864/1003/3651 1863/1002/3651
f 1864/1003/3651 1865/1004/3651 1863/1002/3651
f 1864/1003/3651 1866/1005/3651 1865/1004/3651
f 1866/1005/3651 1867/1006/3651 1865/1004/3651
f 1868/1007/3651 1871/1008/3651 1869/1009/3651
f 1871/1008/3651 1872/1010/3651 1869/1009/3651
f 1869/1009/3651 1872/1010/3651 1870/1011/3651
f 1873/1012/3651 1870/1011/3651 1874/1013/3651
f 1870/1011/3651 1872/1010/3651 1874/1013/3651
f 1877/1014/3651 1878/1015/3651 1876/1016/3651
f 1876/1016/3651 1878/1015/3651 1875/1017/3651
f 1875/1017/3651 1878/1015/3651 1873/1012/3651
f 1878/1015/3651 1879/1018/3651 1873/1012/3651
f 1879/1018/3651 1880/1019/3651 1873/1012/3651
f 1879/1018/3651 1881/1020/3651 1880/1019/3651
f 1881/1020/3651 1882/1021/3651 1880/1019/3651
f 1882/1021/3651 1881/1020/3651 1884/1022/3651
f 1881/1020/3651 1883/1023/3651 1884/1022/3651
f 1884/1022/3651 1885/1024/3651 1882/1021/3651
f 1859/998/3651 1886/1025/3651 1860/999/3651
f 1859/998/3651 1858/997/3651 1886/1025/3651
f 1889/1026/3652 1888/1027/3653 1887/1028/3654
f 1889/1026/3655 1890/1029/3656 1888/1027/3657
f 1890/1029/3656 1891/1030/3658 1888/1027/3657
f 1891/1030/3658 1892/1031/3659 1888/1027/3657
f 1891/1030/3658 1893/1032/3660 1892/1031/3661
f 1894/1033/3662 1896/1034/3663 1895/1035/3664
f 1896/1034/3663 1897/1036/3665 1895/1035/3664
f 1896/1034/3663 1898/1037/3666 1897/1036/3665
f 1898/1037/3666 1899/1038/3651 1897/1036/3665
f 1898/1037/3666 1900/1039/3667 1899/1038/3651
f 1900/1039/3667 1901/1040/3668 1899/1038/3651
f 1888/1027/3657 1902/1041/3669 1887/1028/3670
f 1904/1042/3671 1905/1043/3672 1903/1044/3673
f 1905/1043/3672 1906/1045/3674 1903/1044/3673
f 1905/1043/3672 1907/1046/3675 1906/1045/3674
f 1907/1046/3676 1908/1047/3677 1906/1045/3674
f 1904/1042/3671 1911/1048/3678 1905/1043/3672
f 1911/1048/3678 1912/1049/3679 1905/1043/3672
f 1905/1043/3672 1912/1049/3679 1907/1046/3680
f 1912/1049/3681 1913/1050/3682 1907/1046/3676
f 1907/1046/3676 1913/1050/3683 1909/1051/3684
f 1904/1042/3671 1914/1052/3685 1911/1048/3686
f 1888/1027/3687 1892/1031/3661 1916/1053/3688
f 1892/1031/3661 1917/1054/3689 1916/1053/3688
f 1895/1035/3690 1897/1036/3691 1918/1055/3692
f 1897/1036/3691 1919/1056/3693 1918/1055/3694
f 1891/1030/3695 1921/1057/3696 1893/1032/3660
f 1921/1057/3696 1922/1058/3697 1893/1032/3660
f 1894/1033/3698 1923/1059/3699 1896/1034/3700
f 1923/1059/3699 1924/1060/3701 1896/1034/3700
f 1896/1034/3700 1924/1060/3701 1898/1037/3666
f 1924/1060/3702 1925/1061/3703 1898/1037/3666
f 1898/1037/3666 1925/1061/3704 1900/1039/3705
f 1925/1061/3703 1926/1062/3706 1900/1039/3707
f 1900/1039/3705 1927/1063/3708 1901/1040/3709
f 1900/1039/3707 1926/1062/3706 1927/1063/3710
f 1927/1063/3708 1928/1064/3711 1901/1040/3668
f 1897/1036/3691 1929/1065/3712 1919/1056/3713
f 1897/1036/3665 1899/1038/3651 1929/1065/3714
f 1929/1065/3712 1930/1066/3715 1919/1056/3716
f 1929/1065/3714 1931/1067/3717 1930/1066/3718
f 1901/1040/3668 1932/1068/3719 1931/1067/3717
f 1901/1040/3668 1928/1064/3720 1932/1068/3721
f 1931/1067/3717 1929/1065/3714 1933/1069/3722
f 1929/1065/3714 1899/1038/3651 1933/1069/3722
f 1899/1038/3651 1901/1040/3668 1933/1069/3722
f 1901/1040/3668 1931/1067/3717 1933/1069/3722
f 1890/1029/3723 1889/1026/3652 1920/1070/3724
f 1889/1026/3725 1934/1071/3726 1920/1070/3724
f 1889/1026/3725 1887/1028/3727 1934/1071/3726
f 1887/1028/3727 1935/1072/3728 1934/1071/3726
f 1887/1028/3727 1903/1044/3729 1935/1072/3728
f 1903/1044/3729 1936/1073/3730 1935/1072/3728
f 1903/1044/3729 1906/1045/3731 1936/1073/3732
f 1906/1045/3731 1937/1074/3733 1936/1073/3730
f 1906/1045/3731 1908/1047/3734 1937/1074/3733
f 1908/1047/3734 1938/1075/3735 1937/1074/3733
f 1908/1047/3736 1910/1076/3737 1938/1075/3738
f 1910/1076/3737 1939/1077/3739 1938/1075/3735
f 1910/1076/3740 1940/1078/3741 1939/1077/3742
f 1941/1079/3743 1921/1057/3696 1891/1030/3695
f 1893/1032/3660 1922/1058/3697 1942/1080/3744
f 1903/1044/3673 1887/1028/3745 1902/1041/3669
f 1902/1041/3746 1904/1042/3671 1903/1044/3673
f 1940/1078/3741 1910/1076/3740 1909/1051/3684
f 1941/1079/3747 1891/1030/3695 1890/1029/3656
f 1920/1070/3748 1941/1079/3747 1890/1029/3723
f 1892/1031/3659 1893/1032/3660 1943/1081/3749
f 1893/1032/3660 1942/1080/3750 1943/1081/3751
f 1942/1080/3750 1894/1033/3752 1943/1081/3749
f 1943/1081/3749 1894/1033/3662 1895/1035/3664
f 1892/1031/3659 1943/1081/3749 1895/1035/3664
f 1945/1082/3651 1948/1083/3651 1946/1084/3651
f 1948/1083/3651 1949/1085/3651 1946/1084/3651
f 1946/1084/3651 1949/1085/3651 1947/1086/3651
f 1949/1085/3651 1950/1087/3651 1947/1086/3651
f 1947/1086/3651 1950/1087/3651 1944/1088/3651
f 1945/1082/3651 1951/1089/3651 1948/1083/3651
f 1953/1090/3651 1956/1091/3651 1954/1092/3651
f 1956/1091/3651 1957/1093/3651 1954/1092/3651
f 1954/1092/3651 1957/1093/3651 1955/1094/3651
f 1957/1093/3651 1958/1095/3651 1955/1094/3651
f 1955/1094/3651 1958/1095/3651 1952/1096/3651
f 1953/1090/3651 1959/1097/3651 1956/1091/3651
f 1961/1098/3651 1964/1099/3651 1962/1100/3651
f 1962/1100/3651 1964/1099/3651 1963/1101/3651
f 1964/1099/3651 1965/1102/3651 1963/1101/3651
f 1963/1101/3651 1965/1102/3651 1960/1103/3651
f 1961/1098/3651 1966/1104/3651 1964/1099/3651
f 1960/1103/3651 1965/1102/3651 1967/1105/3651
f 1965/1102/3651 1968/1106/3651 1967/1105/3651
f 1965/1102/3651 1964/1099/3651 1968/1106/3651
f 1972/1107/3651 1973/1108/3651 1970/1109/3651
f 1970/1109/3651 1973/1108/3651 1971/1110/3753
f 1973/1108/3651 1974/1111/3753 1971/1110/3753
f 1971/1110/3754 1974/1111/3754 1975/1112/3755
f 1972/1107/3651 1970/1109/3651 1976/1113/3651
f 1971/1110/3756 1975/1112/3755 1977/1114/3757
f 1975/1112/3755 1969/1115/3758 1977/1114/3757
f 1979/1116/3651 1982/1117/3651 1980/1118/3651
f 1982/1117/3651 1983/1119/3651 1980/1118/3651
f 1980/1118/3651 1983/1119/3651 1981/1120/3759
f 1983/1119/3651 1985/1121/3760 1981/1120/3759
f 1981/1120/3759 1985/1121/3760 1984/1122/3761
f 1985/1121/3762 1986/1123/3763 1984/1122/3761
f 1984/1122/3761 1987/1124/3764 1978/1125/3765
f 1984/1122/3761 1986/1123/3766 1987/1124/3764
f 1987/1124/3764 1988/1126/3767 1978/1125/3765
f 1991/1127/3651 1993/1128/3651 1990/1129/3651
f 1991/1127/3651 1994/1130/3651 1993/1128/3651
f 1991/1127/3651 1992/1131/3651 1994/1130/3651
f 1992/1131/3651 1995/1132/3651 1994/1130/3651
f 1992/1131/3651 1989/1133/3651 1995/1132/3651
f 1996/993/3768 1997/992/3768 1998/991/3768
f 1997/992/3768 1999/994/3768 1998/991/3768
f 1997/992/3768 2000/995/3768 1999/994/3768
f 1997/992/3768 2001/996/3768 2000/995/3768
f 2001/996/3768 2002/997/3768 2000/995/3768
f 2001/996/3768 2003/998/3768 2002/997/3768
f 2003/998/3768 2005/1000/3768 2004/999/3768
f 2005/1000/3768 2006/1001/3768 2004/999/3768
f 2005/1000/3768 2007/1002/3768 2006/1001/3768
f 2007/1002/3768 2008/1003/3768 2006/1001/3768
f 2007/1002/3768 2009/1004/3768 2008/1003/3768
f 2009/1004/3768 2010/1005/3768 2008/1003/3768
f 2009/1004/3768 2011/1006/3768 2010/1005/3768
f 2013/1009/3768 2015/1008/3768 2012/1007/3768
f 2013/1009/3768 2016/1010/3768 2015/1008/3768
f 2014/1011/3768 2016/1010/3768 2013/1009/3768
f 2018/1013/3768 2014/1011/3768 2017/1012/3768
f 2018/1013/3768 2016/1010/3768 2014/1011/3768
f 2020/1016/3768 2022/1015/3768 2021/1014/3768
f 2019/1017/3768 2022/1015/3768 2020/1016/3768
f 2017/1012/3768 2022/1015/3768 2019/1017/3768
f 2017/1012/3768 2023/1018/3768 2022/1015/3768
f 2017/1012/3768 2024/1019/3768 2023/1018/3768
f 2024/1019/3768 2025/1020/3768 2023/1018/3768
f 2024/1019/3768 2026/1021/3768 2025/1020/3768
f 2028/1022/3768 2025/1020/3768 2026/1021/3768
f 2028/1022/3768 2027/1023/3768 2025/1020/3768
f 2026/1021/3768 2029/1024/3768 2028/1022/3768
f 2004/999/3768 2030/1025/3768 2003/998/3768
f 2030/1025/3768 2002/997/3768 2003/998/3768
f 2031/1028/3769 2032/1027/3770 2033/1026/3771
f 2032/1027/3772 2034/1029/3773 2033/1026/3774
f 2032/1027/3772 2035/1030/3775 2034/1029/3773
f 2032/1027/3772 2036/1031/3776 2035/1030/3775
f 2036/1031/3776 2037/1032/3777 2035/1030/3775
f 2039/1035/3778 2040/1034/3779 2038/1033/3780
f 2039/1035/3778 2041/1036/3781 2040/1034/3779
f 2041/1036/3781 2042/1037/3782 2040/1034/3779
f 2041/1036/3781 2043/1038/3768 2042/1037/3782
f 2043/1038/3768 2044/1039/3783 2042/1037/3782
f 2043/1038/3768 2045/1040/3784 2044/1039/3783
f 2031/1028/3785 2046/1041/3786 2032/1027/3772
f 2047/1044/3787 2049/1043/3788 2048/1042/3789
f 2047/1044/3787 2050/1045/3790 2049/1043/3788
f 2050/1045/3790 2051/1046/3791 2049/1043/3788
f 2050/1045/3790 2052/1047/3792 2051/1046/3791
f 2049/1043/3788 2055/1048/3793 2048/1042/3789
f 2049/1043/3788 2056/1049/3794 2055/1048/3793
f 2051/1046/3795 2056/1049/3794 2049/1043/3788
f 2051/1046/3796 2057/1050/3797 2056/1049/3798
f 2053/1051/3799 2057/1050/3800 2051/1046/3791
f 2055/1048/3801 2058/1052/3802 2048/1042/3789
f 2060/1053/3803 2036/1031/3776 2032/1027/3804
f 2060/1053/3803 2061/1054/3805 2036/1031/3776
f 2062/1055/3806 2041/1036/3807 2039/1035/3808
f 2062/1055/3809 2063/1056/3810 2041/1036/3807
f 2037/1032/3777 2065/1057/3811 2035/1030/3812
f 2037/1032/3777 2066/1058/3813 2065/1057/3811
f 2040/1034/3814 2067/1059/3815 2038/1033/3816
f 2040/1034/3814 2068/1060/3817 2067/1059/3815
f 2042/1037/3782 2068/1060/3817 2040/1034/3814
f 2042/1037/3782 2069/1061/3818 2068/1060/3819
f 2044/1039/3820 2069/1061/3821 2042/1037/3782
f 2044/1039/3822 2070/1062/3823 2069/1061/3818
f 2045/1040/3824 2071/1063/3825 2044/1039/3820
f 2071/1063/3826 2070/1062/3823 2044/1039/3822
f 2045/1040/3784 2072/1064/3827 2071/1063/3825
f 2063/1056/3828 2073/1065/3829 2041/1036/3807
f 2073/1065/3830 2043/1038/3768 2041/1036/3781
f 2063/1056/3831 2074/1066/3832 2073/1065/3829
f 2074/1066/3833 2075/1067/3834 2073/1065/3830
f 2075/1067/3834 2076/1068/3835 2045/1040/3784
f 2076/1068/3836 2072/1064/3837 2045/1040/3784
f 2077/1069/3838 2073/1065/3830 2075/1067/3834
f 2077/1069/3838 2043/1038/3768 2073/1065/3830
f 2077/1069/3838 2045/1040/3784 2043/1038/3768
f 2077/1069/3838 2075/1067/3834 2045/1040/3784
f 2064/1070/3839 2033/1026/3771 2034/1029/3840
f 2064/1070/3839 2078/1071/3841 2033/1026/3842
f 2078/1071/3841 2031/1028/3843 2033/1026/3842
f 2078/1071/3841 2079/1072/3844 2031/1028/3843
f 2079/1072/3844 2047/1044/3845 2031/1028/3843
f 2079/1072/3844 2080/1073/3846 2047/1044/3845
f 2080/1073/3847 2050/1045/3848 2047/1044/3845
f 2080/1073/3846 2081/1074/3849 2050/1045/3848
f 2081/1074/3849 2052/1047/3850 2050/1045/3848
f 2081/1074/3849 2082/1075/3851 2052/1047/3850
f 2082/1075/3852 2054/1076/3853 2052/1047/3792
f 2082/1075/3851 2083/1077/3854 2054/1076/3855
f 2083/1077/3856 2084/1078/3857 2054/1076/3858
f 2035/1030/3812 2065/1057/3811 2085/1079/3859
f 2086/1080/3860 2066/1058/3813 2037/1032/3777
f 2046/1041/3786 2031/1028/3861 2047/1044/3787
f 2047/1044/3787 2048/1042/3789 2046/1041/3786
f 2053/1051/3799 2054/1076/3858 2084/1078/3857
f 2034/1029/3773 2035/1030/3812 2085/1079/3862
f 2034/1029/3840 2085/1079/3862 2064/1070/3863
f 2087/1081/3864 2037/1032/3777 2036/1031/3776
f 2087/1081/3865 2086/1080/3860 2037/1032/3777
f 2087/1081/3864 2038/1033/3866 2086/1080/3860
f 2039/1035/3778 2038/1033/3867 2087/1081/3864
f 2039/1035/3778 2087/1081/3864 2036/1031/3868
f 2090/1084/3768 2092/1083/3768 2089/1082/3768
f 2090/1084/3768 2093/1085/3768 2092/1083/3768
f 2091/1086/3768 2093/1085/3768 2090/1084/3768
f 2091/1086/3768 2094/1087/3768 2093/1085/3768
f 2088/1088/3768 2094/1087/3768 2091/1086/3768
f 2092/1083/3768 2095/1089/3768 2089/1082/3768
f 2098/1092/3768 2100/1091/3768 2097/1090/3768
f 2098/1092/3768 2101/1093/3768 2100/1091/3768
f 2099/1094/3768 2101/1093/3768 2098/1092/3768
f 2099/1094/3768 2102/1095/3768 2101/1093/3768
f 2096/1096/3768 2102/1095/3768 2099/1094/3768
f 2100/1091/3768 2103/1097/3768 2097/1090/3768
f 2106/1100/3768 2108/1099/3768 2105/1098/3768
f 2107/1101/3768 2108/1099/3768 2106/1100/3768
f 2107/1101/3768 2109/1102/3768 2108/1099/3768
f 2104/1103/3768 2109/1102/3768 2107/1101/3768
f 2108/1099/3768 2110/1104/3768 2105/1098/3768
f 2111/1105/3768 2109/1102/3768 2104/1103/3768
f 2111/1105/3768 2112/1106/3768 2109/1102/3768
f 2112/1106/3768 2108/1099/3768 2109/1102/3768
f 2114/1109/3768 2117/1108/3768 2116/1107/3768
f 2115/1110/3869 2117/1108/3768 2114/1109/3768
f 2115/1110/3869 2118/1111/3869 2117/1108/3768
f 2119/1112/3870 2118/1111/3871 2115/1110/3871
f 2120/1113/3768 2114/1109/3768 2116/1107/3768
f 2121/1114/3872 2119/1112/3870 2115/1110/3873
f 2121/1114/3872 2113/1115/3874 2119/1112/3870
f 2124/1118/3768 2126/1117/3768 2123/1116/3768
f 2124/1118/3768 2127/1119/3768 2126/1117/3768
f 2125/1120/3875 2127/1119/3768 2124/1118/3768
f 2125/1120/3875 2129/1121/3876 2127/1119/3768
f 2128/1122/3877 2129/1121/3876 2125/1120/3875
f 2128/1122/3877 2130/1123/3878 2129/1121/3879
f 2122/1125/3880 2131/1124/3881 2128/1122/3877
f 2131/1124/3881 2130/1123/3882 2128/1122/3877
f 2122/1125/3880 2132/1126/3883 2131/1124/3881
f 2134/1129/3768 2137/1128/3768 2135/1127/3768
f 2137/1128/3768 2138/1130/3768 2135/1127/3768
f 2138/1130/3768 2136/1131/3768 2135/1127/3768
f 2138/1130/3768 2139/1132/3768 2136/1131/3768
f 2139/1132/3768 2133/1133/3768 2136/1131/3768
f 1910/1076/3740 1908/1047/3884 1907/1046/3675
f 1909/1051/3684 1910/1076/3740 1907/1046/3675
f 1902/1041/3885 1915/1134/3886 1914/1052/3685
f 1904/1042/3671 1902/1041/3887 1914/1052/3685
f 1915/1134/3886 1902/1041/3885 1888/1027/3653
f 1916/1053/3688 1915/1134/3886 1888/1027/3687
f 1917/1054/3888 1892/1031/3659 1895/1035/3664
f 1918/1055/3694 1917/1054/3888 1895/1035/3664
f 2053/1051/3799 2051/1046/3791 2052/1047/3792
f 2054/1076/3853 2053/1051/3799 2052/1047/3792
f 2058/1052/3802 2059/1134/3889 2046/1041/3890
f 2048/1042/3789 2058/1052/3802 2046/1041/3890
f 2032/1027/3770 2046/1041/3891 2059/1134/3889
f 2060/1053/3803 2032/1027/3804 2059/1134/3889
f 2039/1035/3778 2036/1031/3776 2061/1054/3892
f 2062/1055/3809 2039/1035/3778 2061/1054/3892
f 1853/992/3893 1997/992/3894 1996/993/3895
f 1852/993/3895 1853/992/3893 1996/993/3895
f 1852/993/3896 1996/993/3896 1998/991/3897
f 1854/991/3898 1852/993/3896 1998/991/3897
f 1854/991/3898 1998/991/3897 1999/994/3899
f 1855/994/3900 1854/991/3898 1999/994/3899
f 1855/994/3900 1999/994/3899 2000/995/3901
f 1856/995/3902 1855/994/3900 2000/995/3901
f 1857/996/3903 2001/996/3904 1997/992/3894
f 1853/992/3905 1857/996/3903 1997/992/3894
f 1856/995/3902 2000/995/3901 2002/997/3906
f 1858/997/3907 1856/995/3902 2002/997/3906
f 1859/998/3908 2003/998/3909 2001/996/3904
f 1857/996/3903 1859/998/3908 2001/996/3904
f 1861/1000/3910 2005/1000/3911 2003/998/3909
f 1859/998/3908 1861/1000/3910 2003/998/3909
f 1860/999/3912 2004/999/3913 2006/1001/3914
f 1862/1001/3915 1860/999/3912 2006/1001/3914
f 1863/1002/3916 2007/1002/3916 2005/1000/3911
f 1861/1000/3910 1863/1002/3916 2005/1000/3911
f 1862/1001/3917 2006/1001/3914 2008/1003/3918
f 1864/1003/3919 1862/1001/3917 2008/1003/3918
f 1865/1004/3920 2009/1004/3921 2007/1002/3922
f 1863/1002/3922 1865/1004/3920 2007/1002/3922
f 1864/1003/3919 2008/1003/3918 2010/1005/3923
f 1866/1005/3923 1864/1003/3919 2010/1005/3923
f 1867/1006/3924 2011/1006/3924 2009/1004/3925
f 1865/1004/3926 1867/1006/3924 2009/1004/3925
f 1866/1005/3927 2010/1005/3927 2011/1006/3927
f 1867/1006/3927 1866/1005/3927 2011/1006/3927
f 1868/1007/3928 2012/1007/3928 2015/1008/3929
f 1871/1008/3930 1868/1007/3928 2015/1008/3929
f 1869/1009/3931 2013/1009/3932 2012/1007/3933
f 1868/1007/3933 1869/1009/3934 2012/1007/3933
f 1871/1008/3935 2015/1008/3929 2016/1010/3936
f 1872/1010/3937 1871/1008/3935 2016/1010/3936
f 1870/1011/3938 2014/1011/3939 2013/1009/3932
f 1869/1009/3934 1870/1011/3938 2013/1009/3932
f 1873/1012/3940 2017/1012/3941 2014/1011/3939
f 1870/1011/3938 1873/1012/3940 2014/1011/3939
f 1874/1013/3942 2018/1013/3943 2017/1012/3944
f 1873/1012/3944 1874/1013/3942 2017/1012/3944
f 1872/1010/3937 2016/1010/3936 2018/1013/3945
f 1874/1013/3942 1872/1010/3937 2018/1013/3945
f 1877/1014/3946 2021/1014/3946 2022/1015/3947
f 1878/1015/3948 1877/1014/3946 2022/1015/3947
f 1876/1016/3949 2020/1016/3950 2021/1014/3951
f 1877/1014/3951 1876/1016/3949 2021/1014/3951
f 1875/1017/3952 2019/1017/3953 2020/1016/3950
f 1876/1016/3949 1875/1017/3952 2020/1016/3950
f 1873/1012/3940 2017/1012/3941 2019/1017/3953
f 1875/1017/3952 1873/1012/3940 2019/1017/3953
f 1878/1015/3948 2022/1015/3947 2023/1018/3954
f 1879/1018/3955 1878/1015/3948 2023/1018/3954
f 1880/1019/3956 2024/1019/3957 2017/1012/3941
f 1873/1012/3940 1880/1019/3956 2017/1012/3941
f 1879/1018/3958 2023/1018/3954 2025/1020/3959
f 1881/1020/3960 1879/1018/3958 2025/1020/3959
f 1882/1021/3961 2026/1021/3962 2024/1019/3957
f 1880/1019/3956 1882/1021/3961 2024/1019/3957
f 1883/1023/3963 2027/1023/3964 2028/1022/3965
f 1884/1022/3966 1883/1023/3963 2028/1022/3965
f 1881/1020/3960 2025/1020/3967 2027/1023/3964
f 1883/1023/3968 1881/1020/3960 2027/1023/3964
f 1885/1024/3969 2029/1024/3969 2026/1021/3962
f 1882/1021/3961 1885/1024/3969 2026/1021/3962
f 1884/1022/3966 2028/1022/3970 2029/1024/3971
f 1885/1024/3971 1884/1022/3966 2029/1024/3971
f 1886/1025/3972 2030/1025/3973 2004/999/3974
f 1860/999/3975 1886/1025/3972 2004/999/3974
f 1858/997/3976 2002/997/3906 2030/1025/3977
f 1886/1025/3972 1858/997/3976 2030/1025/3977
f 1911/1048/3978 2055/1048/3979 2056/1049/3980
f 1912/1049/3981 1911/1048/3978 2056/1049/3980
f 1912/1049/3982 2056/1049/3983 2057/1050/3984
f 1913/1050/3985 1912/1049/3982 2057/1050/3984
f 1913/1050/3985 2057/1050/3986 2053/1051/3987
f 1909/1051/3987 1913/1050/3985 2053/1051/3987
f 1914/1052/3988 2058/1052/3989 2055/1048/3990
f 1911/1048/3991 1914/1052/3988 2055/1048/3990
f 1917/1054/3992 2061/1054/3993 2060/1053/3994
f 1916/1053/3995 1917/1054/3992 2060/1053/3994
f 1919/1056/3996 2063/1056/3996 2062/1055/3997
f 1918/1055/3997 1919/1056/3996 2062/1055/3997
f 1921/1057/3998 2065/1057/3999 2066/1058/4000
f 1922/1058/4001 1921/1057/3998 2066/1058/4000
f 1894/1033/4002 2038/1033/4003 2067/1059/4004
f 1923/1059/4004 1894/1033/4002 2067/1059/4004
f 1923/1059/4005 2067/1059/4005 2068/1060/4006
f 1924/1060/4007 1923/1059/4005 2068/1060/4006
f 1924/1060/4007 2068/1060/4006 2069/1061/4008
f 1925/1061/4009 1924/1060/4007 2069/1061/4008
f 1925/1061/4009 2069/1061/4010 2070/1062/4011
f 1926/1062/4012 1925/1061/4009 2070/1062/4011
f 1926/1062/4012 2070/1062/4011 2071/1063/4013
f 1927/1063/4014 1926/1062/4012 2071/1063/4013
f 1927/1063/4014 2071/1063/4013 2072/1064/4015
f 1928/1064/4015 1927/1063/4014 2072/1064/4015
f 2074/1066/4016 2063/1056/3996 1919/1056/3996
f 1930/1066/4016 2074/1066/4016 1919/1056/3996
f 1931/1067/4017 2075/1067/4018 2074/1066/4016
f 1930/1066/4016 1931/1067/4017 2074/1066/4016
f 1932/1068/4019 2076/1068/4020 2075/1067/4021
f 1931/1067/4017 1932/1068/4019 2075/1067/4021
f 1928/1064/4022 2072/1064/4022 2076/1068/4023
f 1932/1068/4019 1928/1064/4022 2076/1068/4023
f 1934/1071/4024 2078/1071/4025 2064/1070/4026
f 1920/1070/4027 1934/1071/4024 2064/1070/4026
f 1935/1072/4028 2079/1072/4029 2078/1071/4030
f 1934/1071/4024 1935/1072/4028 2078/1071/4030
f 1936/1073/4031 2080/1073/4032 2079/1072/4029
f 1935/1072/4028 1936/1073/4031 2079/1072/4029
f 1937/1074/4033 2081/1074/4034 2080/1073/4032
f 1936/1073/4031 1937/1074/4033 2080/1073/4032
f 1938/1075/4035 2082/1075/4036 2081/1074/4034
f 1937/1074/4033 1938/1075/4035 2081/1074/4034
f 1939/1077/4037 2083/1077/4037 2082/1075/4036
f 1938/1075/4038 1939/1077/4037 2082/1075/4036
f 1940/1078/4039 2084/1078/4039 2083/1077/4039
f 1939/1077/4039 1940/1078/4039 2083/1077/4039
f 1941/1079/4040 2085/1079/4041 2065/1057/4042
f 1921/1057/4043 1941/1079/4040 2065/1057/4042
f 1922/1058/4001 2066/1058/4044 2086/1080/4045
f 1942/1080/4046 1922/1058/4001 2086/1080/4045
f 1909/1051/4047 2053/1051/4047 2084/1078/4047
f 1940/1078/4047 1909/1051/4047 2084/1078/4047
f 1920/1070/4027 2064/1070/4048 2085/1079/4041
f 1941/1079/4040 1920/1070/4027 2085/1079/4041
f 1942/1080/4046 2086/1080/4045 2038/1033/4003
f 1894/1033/4002 1942/1080/4046 2038/1033/4003
f 1915/1134/4049 2059/1134/4050 2058/1052/3989
f 1914/1052/3988 1915/1134/4051 2058/1052/3989
f 1916/1053/3995 2060/1053/3994 2059/1134/4050
f 1915/1134/4049 1916/1053/3995 2059/1134/4050
f 1918/1055/3997 2062/1055/3997 2061/1054/3993
f 1917/1054/3992 1918/1055/3997 2061/1054/3993
f 1946/1084/4052 2090/1084/4053 2089/1082/4054
f 1945/1082/4055 1946/1084/4052 2089/1082/4054
f 1948/1083/4056 2092/1083/4057 2093/1085/4058
f 1949/1085/4059 1948/1083/4056 2093/1085/4060
f 1947/1086/4061 2091/1086/4062 2090/1084/4063
f 1946/1084/4064 1947/1086/4061 2090/1084/4063
f 1949/1085/4065 2093/1085/4060 2094/1087/4066
f 1950/1087/4067 1949/1085/4065 2094/1087/4066
f 1950/1087/4067 2094/1087/4068 2088/1088/4069
f 1944/1088/4069 1950/1087/4067 2088/1088/4069
f 1944/1088/4070 2088/1088/4070 2091/1086/4062
f 1947/1086/4071 1944/1088/4070 2091/1086/4062
f 1951/1089/4072 2095/1089/4072 2092/1083/4057
f 1948/1083/4056 1951/1089/4072 2092/1083/4057
f 1945/1082/4073 2089/1082/4074 2095/1089/4075
f 1951/1089/4075 1945/1082/4073 2095/1089/4075
f 1954/1092/4076 2098/1092/4077 2097/1090/4078
f 1953/1090/4079 1954/1092/4080 2097/1090/4078
f 1956/1091/4081 2100/1091/4082 2101/1093/4083
f 1957/1093/4084 1956/1091/4081 2101/1093/4083
f 1955/1094/4085 2099/1094/4086 2098/1092/4087
f 1954/1092/4080 1955/1094/4085 2098/1092/4087
f 1957/1093/4088 2101/1093/4083 2102/1095/4089
f 1958/1095/4090 1957/1093/4088 2102/1095/4089
f 1958/1095/4090 2102/1095/4089 2096/1096/4091
f 1952/1096/4091 1958/1095/4090 2096/1096/4091
f 1952/1096/4092 2096/1096/4092 2099/1094/4086
f 1955/1094/4093 1952/1096/4092 2099/1094/4086
f 1959/1097/4094 2103/1097/4094 2100/1091/4082
f 1956/1091/4095 1959/1097/4094 2100/1091/4082
f 1953/1090/4079 2097/1090/4078 2103/1097/4096
f 1959/1097/4096 1953/1090/4079 2103/1097/4096
f 1962/1100/4097 2106/1100/4098 2105/1098/4099
f 1961/1098/4100 1962/1100/4097 2105/1098/4099
f 1963/1101/4101 2107/1101/4102 2106/1100/4103
f 1962/1100/4097 1963/1101/4101 2106/1100/4103
f 1960/1103/4104 2104/1103/4104 2107/1101/4102
f 1963/1101/4101 1960/1103/4104 2107/1101/4102
f 1966/1104/4105 2110/1104/4105 2108/1099/4106
f 1964/1099/4107 1966/1104/4105 2108/1099/4106
f 1961/1098/4100 2105/1098/4099 2110/1104/4108
f 1966/1104/4108 1961/1098/4100 2110/1104/4108
f 1967/1105/4109 2111/1105/4109 2104/1103/4109
f 1960/1103/4109 1967/1105/4109 2104/1103/4109
f 1968/1106/4110 2112/1106/4111 2111/1105/4112
f 1967/1105/4112 1968/1106/4110 2111/1105/4112
f 1964/1099/4113 2108/1099/4106 2112/1106/4111
f 1968/1106/4110 1964/1099/4113 2112/1106/4111
f 1972/1107/4114 2116/1107/4115 2117/1108/4116
f 1973/1108/4117 1972/1107/4114 2117/1108/4116
f 1971/1110/4118 2115/1110/4119 2114/1109/4120
f 1970/1109/4121 1971/1110/4118 2114/1109/4120
f 1973/1108/4117 2117/1108/4122 2118/1111/4123
f 1974/1111/4124 1973/1108/4117 2118/1111/4123
f 1974/1111/4124 2118/1111/4125 2119/1112/4126
f 1975/1112/4127 1974/1111/4124 2119/1112/4126
f 1970/1109/4128 2114/1109/4129 2120/1113/4130
f 1976/1113/4130 1970/1109/4128 2120/1113/4130
f 1976/1113/4131 2120/1113/4131 2116/1107/4115
f 1972/1107/4132 1976/1113/4131 2116/1107/4115
f 1977/1114/4133 2121/1114/4134 2115/1110/4119
f 1971/1110/4135 1977/1114/4133 2115/1110/4119
f 1969/1115/4136 2113/1115/4136 2121/1114/4134
f 1977/1114/4133 1969/1115/4136 2121/1114/4134
f 1975/1112/4137 2119/1112/4126 2113/1115/4138
f 1969/1115/4138 1975/1112/4137 2113/1115/4138
f 1979/1116/4139 2123/1116/4139 2126/1117/4139
f 1982/1117/4139 1979/1116/4139 2126/1117/4139
f 1980/1118/4140 2124/1118/4141 2123/1116/4142
f 1979/1116/4142 1980/1118/4140 2123/1116/4142
f 1982/1117/4143 2126/1117/4143 2127/1119/4144
f 1983/1119/4145 1982/1117/4146 2127/1119/4144
f 1981/1120/4147 2125/1120/4148 2124/1118/4141
f 1980/1118/4149 1981/1120/4147 2124/1118/4141
f 1983/1119/4150 2127/1119/4144 2129/1121/4151
f 1985/1121/4152 1983/1119/4150 2129/1121/4151
f 1984/1122/4153 2128/1122/4154 2125/1120/4148
f 1981/1120/4147 1984/1122/4153 2125/1120/4148
f 1985/1121/4152 2129/1121/4151 2130/1123/4155
f 1986/1123/4156 1985/1121/4152 2130/1123/4155
f 1978/1125/4157 2122/1125/4157 2128/1122/4154
f 1984/1122/4153 1978/1125/4157 2128/1122/4154
f 1986/1123/4156 2130/1123/4155 2131/1124/4158
f 1987/1124/4159 1986/1123/4156 2131/1124/4158
f 1988/1126/4160 2132/1126/4160 2122/1125/4160
f 1978/1125/4160 1988/1126/4160 2122/1125/4160
f 1987/1124/4159 2131/1124/4161 2132/1126/4162
f 1988/1126/4162 1987/1124/4159 2132/1126/4162
f 1993/1128/4163 2137/1128/4163 2134/1129/4163
f 1990/1129/4163 1993/1128/4163 2134/1129/4163
f 1990/1129/4164 2134/1129/4164 2135/1127/4165
f 1991/1127/4166 1990/1129/4164 2135/1127/4165
f 1994/1130/4167 2138/1130/4168 2137/1128/4169
f 1993/1128/4169 1994/1130/4167 2137/1128/4169
f 1991/1127/4170 2135/1127/4165 2136/1131/4171
f 1992/1131/4172 1991/1127/4170 2136/1131/4171
f 1995/1132/4173 2139/1132/4174 2138/1130/4168
f 1994/1130/4175 1995/1132/4173 2138/1130/4168
f 1989/1133/4176 2133/1133/4176 2139/1132/4174
f 1995/1132/4177 1989/1133/4176 2139/1132/4174
f 1992/1131/4178 2136/1131/4171 2133/1133/4179
f 1989/1133/4179 1992/1131/4178 2133/1133/4179
s 1
f 2147/1135/4180 2140/1136/4181 2142/1137/4180
f 2142/1137/4182 2140/1136/4183 2151/1138/4184
f 2152/1139/4185 2140/1136/4186 2144/1140/4187
f 2144/1140/4188 2140/1136/4189 2148/1141/4188
f 2145/1136/4190 2147/1135/4191 2142/1137/4191
f 2145/1136/4192 2142/1137/4193 2151/1138/4194
f 2145/1136/4195 2152/1139/4196 2144/1140/4197
f 2145/1136/4198 2144/1140/4199 2148/1141/4199
f 2146/1142/4200 2147/1135/4201 2141/1143/4202
f 2148/1141/4203 2146/1142/4204 2141/1143/4205
f 2147/1135/4206 2149/1142/4207 2141/1143/4208
f 2149/1142/4209 2148/1141/4210 2141/1143/4211
f 2140/1136/4212 2147/1135/4201 2146/1142/4200
f 2147/1135/4206 2145/1136/4213 2149/1142/4207
f 2148/1141/4203 2140/1136/4214 2146/1142/4204
f 2145/1136/4215 2148/1141/4210 2149/1142/4209
f 2151/1138/4184 2150/1144/4216 2143/1145/4217
f 2150/1144/4218 2152/1139/4185 2143/1145/4219
f 2153/1144/4220 2151/1138/4194 2143/1145/4221
f 2152/1139/4196 2153/1144/4222 2143/1145/4223
f 2151/1138/4184 2140/1136/4183 2150/1144/4216
f 2145/1136/4192 2151/1138/4194 2153/1144/4220
f 2140/1136/4186 2152/1139/4185 2150/1144/4218
f 2152/1139/4196 2145/1136/4195 2153/1144/4222
usemtl mat1.321
f 2161/1135/4224 2154/1136/4225 2156/1137/4224
f 2156/1137/4226 2154/1136/4227 2165/1138/4228
f 2166/1139/4229 2154/1136/4230 2158/1140/4231
f 2158/1140/4232 2154/1136/4233 2162/1141/4232
f 2159/1136/4234 2161/1135/4235 2156/1137/4235
f 2159/1136/4236 2156/1137/4237 2165/1138/4238
f 2159/1136/4239 2166/1139/4240 2158/1140/4241
f 2159/1136/4242 2158/1140/4243 2162/1141/4243
f 2160/1142/4244 2161/1135/4245 2155/1143/4246
f 2162/1141/4247 2160/1142/4248 2155/1143/4249
f 2161/1135/4250 2163/1142/4251 2155/1143/4252
f 2163/1142/4253 2162/1141/4254 2155/1143/4255
f 2154/1136/4256 2161/1135/4245 2160/1142/4244
f 2161/1135/4250 2159/1136/4257 2163/1142/4251
f 2162/1141/4247 2154/1136/4258 2160/1142/4248
f 2159/1136/4259 2162/1141/4254 2163/1142/4253
f 2165/1138/4228 2164/1144/4260 2157/1145/4261
f 2164/1144/4262 2166/1139/4229 2157/1145/4263
f 2167/1144/4264 2165/1138/4238 2157/1145/4265
f 2166/1139/4240 2167/1144/4266 2157/1145/4267
f 2165/1138/4228 2154/1136/4227 2164/1144/4260
f 2159/1136/4236 2165/1138/4238 2167/1144/4264
f 2154/1136/4230 2166/1139/4229 2164/1144/4262
f 2166/1139/4240 2159/1136/4239 2167/1144/4266
usemtl mat1.322
f 2175/1135/4268 2168/1136/4269 2170/1137/4268
f 2170/1137/4270 2168/1136/4271 2179/1138/4272
f 2180/1139/4273 2168/1136/4274 2172/1140/4275
f 2172/1140/4276 2168/1136/4277 2176/1141/4276
f 2173/1136/4278 2175/1135/4279 2170/1137/4279
f 2173/1136/4280 2170/1137/4281 2179/1138/4282
f 2173/1136/4283 2180/1139/4284 2172/1140/4285
f 2173/1136/4286 2172/1140/4287 2176/1141/4287
f 2174/1142/4288 2175/1135/4289 2169/1143/4290
f 2176/1141/4291 2174/1142/4292 2169/1143/4293
f 2175/1135/4294 2177/1142/4295 2169/1143/4296
f 2177/1142/4297 2176/1141/4298 2169/1143/4299
f 2168/1136/4300 2175/1135/4289 2174/1142/4288
f 2175/1135/4294 2173/1136/4301 2177/1142/4295
f 2176/1141/4291 2168/1136/4302 2174/1142/4292
f 2173/1136/4303 2176/1141/4298 2177/1142/4297
f 2179/1138/4272 2178/1144/4304 2171/1145/4305
f 2178/1144/4306 2180/1139/4273 2171/1145/4307
f 2181/1144/4308 2179/1138/4282 2171/1145/4309
f 2180/1139/4284 2181/1144/4310 2171/1145/4311
f 2179/1138/4272 2168/1136/4271 2178/1144/4304
f 2173/1136/4280 2179/1138/4282 2181/1144/4308
f 2168/1136/4274 2180/1139/4273 2178/1144/4306
f 2180/1139/4284 2173/1136/4283 2181/1144/4310
usemtl mat1.323
f 2189/1135/4312 2182/1136/4313 2184/1137/4312
f 2184/1137/4314 2182/1136/4315 2193/1138/4316
f 2194/1139/4317 2182/1136/4318 2186/1140/4319
f 2186/1140/4320 2182/1136/4321 2190/1141/4320
f 2187/1136/4322 2189/1135/4323 2184/1137/4323
f 2187/1136/4324 2184/1137/4325 2193/1138/4326
f 2187/1136/4327 2194/1139/4328 2186/1140/4329
f 2187/1136/4330 2186/1140/4331 2190/1141/4331
f 2188/1142/4332 2189/1135/4332 2183/1143/4333
f 2190/1141/4334 2188/1142/4335 2183/1143/4336
f 2189/1135/4337 2191/1142/4338 2183/1143/4339
f 2191/1142/4340 2190/1141/4341 2183/1143/4342
f 2182/1136/4343 2189/1135/4332 2188/1142/4332
f 2189/1135/4337 2187/1136/4344 2191/1142/4338
f 2190/1141/4334 2182/1136/4345 2188/1142/4335
f 2187/1136/4346 2190/1141/4341 2191/1142/4340
f 2193/1138/4316 2192/1144/4347 2185/1145/4348
f 2192/1144/4349 2194/1139/4317 2185/1145/4350
f 2195/1144/4351 2193/1138/4326 2185/1145/4352
f 2194/1139/4328 2195/1144/4353 2185/1145/4354
f 2193/1138/4316 2182/1136/4315 2192/1144/4347
f 2187/1136/4324 2193/1138/4326 2195/1144/4351
f 2182/1136/4318 2194/1139/4317 2192/1144/4349
f 2194/1139/4328 2187/1136/4327 2195/1144/4353
usemtl mat1.324
f 2203/1135/4355 2196/1136/4356 2198/1137/4355
f 2198/1137/4357 2196/1136/4358 2207/1138/4359
f 2208/1139/4360 2196/1136/4361 2200/1140/4362
f 2200/1140/4363 2196/1136/4364 2204/1141/4363
f 2201/1136/4365 2203/1135/4366 2198/1137/4366
f 2201/1136/4367 2198/1137/4368 2207/1138/4369
f 2201/1136/4370 2208/1139/4371 2200/1140/4372
f 2201/1136/4373 2200/1140/4374 2204/1141/4374
f 2202/1142/4375 2203/1135/4376 2197/1143/4377
f 2204/1141/4378 2202/1142/4379 2197/1143/4380
f 2203/1135/4381 2205/1142/4382 2197/1143/4383
f 2205/1142/4384 2204/1141/4385 2197/1143/4386
f 2196/1136/4387 2203/1135/4376 2202/1142/4375
f 2203/1135/4381 2201/1136/4388 2205/1142/4382
f 2204/1141/4378 2196/1136/4389 2202/1142/4379
f 2201/1136/4390 2204/1141/4385 2205/1142/4384
f 2207/1138/4359 2206/1144/4391 2199/1145/4392
f 2206/1144/4393 2208/1139/4360 2199/1145/4394
f 2209/1144/4395 2207/1138/4369 2199/1145/4396
f 2208/1139/4371 2209/1144/4397 2199/1145/4398
f 2207/1138/4359 2196/1136/4358 2206/1144/4391
f 2201/1136/4367 2207/1138/4369 2209/1144/4395
f 2196/1136/4361 2208/1139/4360 2206/1144/4393
f 2208/1139/4371 2201/1136/4370 2209/1144/4397
usemtl mat1.325
f 2217/1135/4399 2210/1136/4400 2212/1137/4399
f 2212/1137/4401 2210/1136/4402 2221/1138/4403
f 2222/1139/4404 2210/1136/4405 2214/1140/4406
f 2214/1140/4407 2210/1136/4408 2218/1141/4407
f 2215/1136/4409 2217/1135/4410 2212/1137/4410
f 2215/1136/4411 2212/1137/4412 2221/1138/4413
f 2215/1136/4414 2222/1139/4415 2214/1140/4416
f 2215/1136/4417 2214/1140/4418 2218/1141/4418
f 2216/1142/4419 2217/1135/4420 2211/1143/4421
f 2218/1141/4422 2216/1142/4423 2211/1143/4424
f 2217/1135/4425 2219/1142/4426 2211/1143/4427
f 2219/1142/4428 2218/1141/4429 2211/1143/4430
f 2210/1136/4431 2217/1135/4420 2216/1142/4419
f 2217/1135/4425 2215/1136/4432 2219/1142/4426
f 2218/1141/4422 2210/1136/4433 2216/1142/4423
f 2215/1136/4434 2218/1141/4429 2219/1142/4428
f 2221/1138/4403 2220/1144/4435 2213/1145/4436
f 2220/1144/4437 2222/1139/4404 2213/1145/4438
f 2223/1144/4439 2221/1138/4413 2213/1145/4440
f 2222/1139/4415 2223/1144/4441 2213/1145/4442
f 2221/1138/4403 2210/1136/4402 2220/1144/4435
f 2215/1136/4411 2221/1138/4413 2223/1144/4439
f 2210/1136/4405 2222/1139/4404 2220/1144/4437
f 2222/1139/4415 2215/1136/4414 2223/1144/4441
usemtl mat1.326
f 2231/1135/4443 2224/1136/4444 2226/1137/4443
f 2226/1137/4445 2224/1136/4446 2235/1138/4447
f 2236/1139/4448 2224/1136/4449 2228/1140/4450
f 2228/1140/4451 2224/1136/4452 2232/1141/4451
f 2229/1136/4453 2231/1135/4454 2226/1137/4454
f 2229/1136/4455 2226/1137/4456 2235/1138/4457
f 2229/1136/4458 2236/1139/4459 2228/1140/4460
f 2229/1136/4461 2228/1140/4462 2232/1141/4462
f 2230/1142/4463 2231/1135/4464 2225/1143/4465
f 2232/1141/4466 2230/1142/4467 2225/1143/4468
f 2231/1135/4469 2233/1142/4470 2225/1143/4471
f 2233/1142/4472 2232/1141/4473 2225/1143/4474
f 2224/1136/4475 2231/1135/4464 2230/1142/4463
f 2231/1135/4469 2229/1136/4476 2233/1142/4470
f 2232/1141/4466 2224/1136/4477 2230/1142/4467
f 2229/1136/4478 2232/1141/4473 2233/1142/4472
f 2235/1138/4447 2234/1144/4479 2227/1145/4480
f 2234/1144/4481 2236/1139/4448 2227/1145/4482
f 2237/1144/4483 2235/1138/4457 2227/1145/4484
f 2236/1139/4459 2237/1144/4485 2227/1145/4486
f 2235/1138/4447 2224/1136/4446 2234/1144/4479
f 2229/1136/4455 2235/1138/4457 2237/1144/4483
f 2224/1136/4449 2236/1139/4448 2234/1144/4481
f 2236/1139/4459 2229/1136/4458 2237/1144/4485
usemtl mat1.327
f 2245/1135/4487 2238/1136/4488 2240/1137/4487
f 2240/1137/4489 2238/1136/4490 2249/1138/4491
f 2250/1139/4492 2238/1136/4493 2242/1140/4494
f 2242/1140/4495 2238/1136/4496 2246/1141/4495
f 2243/1136/4497 2245/1135/4498 2240/1137/4498
f 2243/1136/4499 2240/1137/4500 2249/1138/4501
f 2243/1136/4502 2250/1139/4503 2242/1140/4504
f 2243/1136/4505 2242/1140/4506 2246/1141/4506
f 2244/1142/4507 2245/1135/4508 2239/1143/4509
f 2246/1141/4510 2244/1142/4511 2239/1143/4512
f 2245/1135/4513 2247/1142/4514 2239/1143/4515
f 2247/1142/4516 2246/1141/4517 2239/1143/4518
f 2238/1136/4519 2245/1135/4508 2244/1142/4507
f 2245/1135/4513 2243/1136/4520 2247/1142/4514
f 2246/1141/4510 2238/1136/4521 2244/1142/4511
f 2243/1136/4522 2246/1141/4517 2247/1142/4516
f 2249/1138/4491 2248/1144/4523 2241/1145/4524
f 2248/1144/4525 2250/1139/4492 2241/1145/4526
f 2251/1144/4527 2249/1138/4501 2241/1145/4528
f 2250/1139/4503 2251/1144/4529 2241/1145/4530
f 2249/1138/4491 2238/1136/4490 2248/1144/4523
f 2243/1136/4499 2249/1138/4501 2251/1144/4527
f 2238/1136/4493 2250/1139/4492 2248/1144/4525
f 2250/1139/4503 2243/1136/4502 2251/1144/4529
usemtl mat1.328
f 2259/1135/4531 2252/1136/4532 2254/1137/4531
f 2254/1137/4182 2252/1136/4183 2263/1138/4184
f 2264/1139/4533 2252/1136/4534 2256/1140/4535
f 2256/1140/4536 2252/1136/4537 2260/1141/4536
f 2257/1136/4538 2259/1135/4191 2254/1137/4191
f 2257/1136/4539 2254/1137/4193 2263/1138/4540
f 2257/1136/4541 2264/1139/4196 2256/1140/4197
f 2257/1136/4542 2256/1140/4543 2260/1141/4543
f 2258/1142/4544 2259/1135/4545 2253/1143/4546
f 2260/1141/4203 2258/1142/4547 2253/1143/4548
f 2259/1135/4206 2261/1142/4549 2253/1143/4550
f 2261/1142/4551 2260/1141/4552 2253/1143/4553
f 2252/1136/4554 2259/1135/4545 2258/1142/4544
f 2259/1135/4206 2257/1136/4213 2261/1142/4549
f 2260/1141/4203 2252/1136/4555 2258/1142/4547
f 2257/1136/4556 2260/1141/4552 2261/1142/4551
f 2263/1138/4184 2262/1144/4216 2255/1145/4557
f 2262/1144/4558 2264/1139/4533 2255/1145/4559
f 2265/1144/4560 2263/1138/4540 2255/1145/4561
f 2264/1139/4196 2265/1144/4562 2255/1145/4563
f 2263/1138/4184 2252/1136/4183 2262/1144/4216
f 2257/1136/4539 2263/1138/4540 2265/1144/4560
f 2252/1136/4534 2264/1139/4533 2262/1144/4558
f 2264/1139/4196 2257/1136/4541 2265/1144/4562
usemtl mat1.329
f 2273/1135/4564 2266/1136/4565 2268/1137/4564
f 2268/1137/4566 2266/1136/4567 2277/1138/4568
f 2278/1139/4569 2266/1136/4570 2270/1140/4571
f 2270/1140/4572 2266/1136/4573 2274/1141/4572
f 2271/1136/4574 2273/1135/4575 2268/1137/4575
f 2271/1136/4236 2268/1137/4576 2277/1138/4238
f 2271/1136/4577 2278/1139/4240 2270/1140/4578
f 2271/1136/4579 2270/1140/4580 2274/1141/4580
f 2272/1142/4581 2273/1135/4582 2267/1143/4246
f 2274/1141/4583 2272/1142/4248 2267/1143/4249
f 2273/1135/4584 2275/1142/4584 2267/1143/4585
f 2275/1142/4586 2274/1141/4586 2267/1143/4255
f 2266/1136/4587 2273/1135/4582 2272/1142/4581
f 2273/1135/4584 2271/1136/4588 2275/1142/4584
f 2274/1141/4583 2266/1136/4589 2272/1142/4248
f 2271/1136/4590 2274/1141/4586 2275/1142/4586
f 2277/1138/4568 2276/1144/4591 2269/1145/4261
f 2276/1144/4262 2278/1139/4569 2269/1145/4263
f 2279/1144/4592 2277/1138/4238 2269/1145/4593
f 2278/1139/4240 2279/1144/4594 2269/1145/4595
f 2277/1138/4568 2266/1136/4567 2276/1144/4591
f 2271/1136/4236 2277/1138/4238 2279/1144/4592
f 2266/1136/4570 2278/1139/4569 2276/1144/4262
f 2278/1139/4240 2271/1136/4577 2279/1144/4594
usemtl mat1.330
f 2287/1135/4268 2280/1136/4269 2282/1137/4268
f 2282/1137/4270 2280/1136/4596 2291/1138/4597
f 2292/1139/4273 2280/1136/4598 2284/1140/4275
f 2284/1140/4599 2280/1136/4600 2288/1141/4599
f 2285/1136/4601 2287/1135/4279 2282/1137/4279
f 2285/1136/4602 2282/1137/4281 2291/1138/4603
f 2285/1136/4604 2292/1139/4284 2284/1140/4285
f 2285/1136/4605 2284/1140/4606 2288/1141/4606
f 2286/1142/4607 2287/1135/4608 2281/1143/4609
f 2288/1141/4610 2286/1142/4611 2281/1143/4293
f 2287/1135/4294 2289/1142/4612 2281/1143/4296
f 2289/1142/4613 2288/1141/4614 2281/1143/4615
f 2280/1136/4616 2287/1135/4608 2286/1142/4607
f 2287/1135/4294 2285/1136/4617 2289/1142/4612
f 2288/1141/4610 2280/1136/4618 2286/1142/4611
f 2285/1136/4619 2288/1141/4614 2289/1142/4613
f 2291/1138/4597 2290/1144/4620 2283/1145/4621
f 2290/1144/4622 2292/1139/4273 2283/1145/4623
f 2293/1144/4624 2291/1138/4603 2283/1145/4625
f 2292/1139/4284 2293/1144/4626 2283/1145/4627
f 2291/1138/4597 2280/1136/4596 2290/1144/4620
f 2285/1136/4602 2291/1138/4603 2293/1144/4624
f 2280/1136/4598 2292/1139/4273 2290/1144/4622
f 2292/1139/4284 2285/1136/4604 2293/1144/4626
usemtl mat1.331
f 2301/1135/4628 2294/1136/4629 2296/1137/4628
f 2296/1137/4630 2294/1136/4631 2305/1138/4632
f 2306/1139/4633 2294/1136/4634 2298/1140/4319
f 2298/1140/4635 2294/1136/4636 2302/1141/4635
f 2299/1136/4637 2301/1135/4638 2296/1137/4638
f 2299/1136/4639 2296/1137/4640 2305/1138/4641
f 2299/1136/4642 2306/1139/4643 2298/1140/4644
f 2299/1136/4645 2298/1140/4646 2302/1141/4646
f 2300/1142/4332 2301/1135/4332 2295/1143/4333
f 2302/1141/4334 2300/1142/4647 2295/1143/4648
f 2301/1135/4337 2303/1142/4649 2295/1143/4650
f 2303/1142/4651 2302/1141/4652 2295/1143/4342
f 2294/1136/4653 2301/1135/4332 2300/1142/4332
f 2301/1135/4337 2299/1136/4654 2303/1142/4649
f 2302/1141/4334 2294/1136/4655 2300/1142/4647
f 2299/1136/4656 2302/1141/4652 2303/1142/4651
f 2305/1138/4632 2304/1144/4347 2297/1145/4348
f 2304/1144/4657 2306/1139/4633 2297/1145/4350
f 2307/1144/4658 2305/1138/4641 2297/1145/4352
f 2306/1139/4643 2307/1144/4659 2297/1145/4354
f 2305/1138/4632 2294/1136/4631 2304/1144/4347
f 2299/1136/4639 2305/1138/4641 2307/1144/4658
f 2294/1136/4634 2306/1139/4633 2304/1144/4657
f 2306/1139/4643 2299/1136/4642 2307/1144/4659
usemtl mat1.332
f 2315/1135/4660 2308/1136/4356 2310/1137/4660
f 2310/1137/4661 2308/1136/4662 2319/1138/4663
f 2320/1139/4664 2308/1136/4665 2312/1140/4666
f 2312/1140/4667 2308/1136/4668 2316/1141/4667
f 2313/1136/4669 2315/1135/4670 2310/1137/4670
f 2313/1136/4671 2310/1137/4672 2319/1138/4673
f 2313/1136/4674 2320/1139/4371 2312/1140/4372
f 2313/1136/4675 2312/1140/4676 2316/1141/4676
f 2314/1142/4677 2315/1135/4678 2309/1143/4377
f 2316/1141/4679 2314/1142/4379 2309/1143/4680
f 2315/1135/4681 2317/1142/4682 2309/1143/4383
f 2317/1142/4683 2316/1141/4385 2309/1143/4684
f 2308/1136/4685 2315/1135/4678 2314/1142/4677
f 2315/1135/4681 2313/1136/4686 2317/1142/4682
f 2316/1141/4679 2308/1136/4389 2314/1142/4379
f 2313/1136/4687 2316/1141/4385 2317/1142/4683
f 2319/1138/4663 2318/1144/4391 2311/1145/4688
f 2318/1144/4689 2320/1139/4664 2311/1145/4690
f 2321/1144/4691 2319/1138/4673 2311/1145/4692
f 2320/1139/4371 2321/1144/4397 2311/1145/4693
f 2319/1138/4663 2308/1136/4662 2318/1144/4391
f 2313/1136/4671 2319/1138/4673 2321/1144/4691
f 2308/1136/4665 2320/1139/4664 2318/1144/4689
f 2320/1139/4371 2313/1136/4674 2321/1144/4397
usemtl mat1.333
f 2329/1135/4694 2322/1136/4695 2324/1137/4694
f 2324/1137/4696 2322/1136/4402 2333/1138/4697
f 2334/1139/4698 2322/1136/4699 2326/1140/4700
f 2326/1140/4701 2322/1136/4702 2330/1141/4701
f 2327/1136/4703 2329/1135/4704 2324/1137/4704
f 2327/1136/4705 2324/1137/4706 2333/1138/4707
f 2327/1136/4414 2334/1139/4415 2326/1140/4708
f 2327/1136/4709 2326/1140/4710 2330/1141/4710
f 2328/1142/4711 2329/1135/4712 2323/1143/4713
f 2330/1141/4714 2328/1142/4715 2323/1143/4716
f 2329/1135/4717 2331/1142/4718 2323/1143/4719
f 2331/1142/4720 2330/1141/4721 2323/1143/4722
f 2322/1136/4723 2329/1135/4712 2328/1142/4711
f 2329/1135/4717 2327/1136/4724 2331/1142/4718
f 2330/1141/4714 2322/1136/4725 2328/1142/4715
f 2327/1136/4726 2330/1141/4721 2331/1142/4720
f 2333/1138/4697 2332/1144/4727 2325/1145/4728
f 2332/1144/4729 2334/1139/4698 2325/1145/4730
f 2335/1144/4731 2333/1138/4707 2325/1145/4440
f 2334/1139/4415 2335/1144/4441 2325/1145/4732
f 2333/1138/4697 2322/1136/4402 2332/1144/4727
f 2327/1136/4705 2333/1138/4707 2335/1144/4731
f 2322/1136/4699 2334/1139/4698 2332/1144/4729
f 2334/1139/4415 2327/1136/4414 2335/1144/4441
usemtl mat1.334
f 2343/1135/4733 2336/1136/4734 2338/1137/4733
f 2338/1137/4735 2336/1136/4446 2347/1138/4447
f 2348/1139/4448 2336/1136/4449 2340/1140/4736
f 2340/1140/4737 2336/1136/4738 2344/1141/4737
f 2341/1136/4739 2343/1135/4740 2338/1137/4740
f 2341/1136/4741 2338/1137/4742 2347/1138/4457
f 2341/1136/4743 2348/1139/4744 2340/1140/4745
f 2341/1136/4746 2340/1140/4747 2344/1141/4747
f 2342/1142/4748 2343/1135/4749 2337/1143/4750
f 2344/1141/4751 2342/1142/4467 2337/1143/4752
f 2343/1135/4753 2345/1142/4754 2337/1143/4755
f 2345/1142/4472 2344/1141/4756 2337/1143/4474
f 2336/1136/4757 2343/1135/4749 2342/1142/4748
f 2343/1135/4753 2341/1136/4758 2345/1142/4754
f 2344/1141/4751 2336/1136/4759 2342/1142/4467
f 2341/1136/4760 2344/1141/4756 2345/1142/4472
f 2347/1138/4447 2346/1144/4761 2339/1145/4762
f 2346/1144/4763 2348/1139/4448 2339/1145/4764
f 2349/1144/4765 2347/1138/4457 2339/1145/4484
f 2348/1139/4744 2349/1144/4485 2339/1145/4766
f 2347/1138/4447 2336/1136/4446 2346/1144/4761
f 2341/1136/4741 2347/1138/4457 2349/1144/4765
f 2336/1136/4449 2348/1139/4448 2346/1144/4763
f 2348/1139/4744 2341/1136/4743 2349/1144/4485
usemtl mat1.335
f 2357/1135/4767 2350/1136/4768 2352/1137/4767
f 2352/1137/4769 2350/1136/4770 2361/1138/4771
f 2362/1139/4492 2350/1136/4772 2354/1140/4773
f 2354/1140/4495 2350/1136/4774 2358/1141/4495
f 2355/1136/4775 2357/1135/4498 2352/1137/4498
f 2355/1136/4776 2352/1137/4777 2361/1138/4778
f 2355/1136/4779 2362/1139/4503 2354/1140/4780
f 2355/1136/4781 2354/1140/4782 2358/1141/4782
f 2356/1142/4783 2357/1135/4784 2351/1143/4785
f 2358/1141/4786 2356/1142/4787 2351/1143/4512
f 2357/1135/4788 2359/1142/4789 2351/1143/4790
f 2359/1142/4791 2358/1141/4792 2351/1143/4793
f 2350/1136/4519 2357/1135/4784 2356/1142/4783
f 2357/1135/4788 2355/1136/4794 2359/1142/4789
f 2358/1141/4786 2350/1136/4521 2356/1142/4787
f 2355/1136/4522 2358/1141/4792 2359/1142/4791
f 2361/1138/4771 2360/1144/4795 2353/1145/4796
f 2360/1144/4797 2362/1139/4492 2353/1145/4798
f 2363/1144/4527 2361/1138/4778 2353/1145/4799
f 2362/1139/4503 2363/1144/4800 2353/1145/4801
f 2361/1138/4771 2350/1136/4770 2360/1144/4795
f 2355/1136/4776 2361/1138/4778 2363/1144/4527
f 2350/1136/4772 2362/1139/4492 2360/1144/4797
f 2362/1139/4503 2355/1136/4779 2363/1144/4800
usemtl mat1.336
f 2371/1135/4802 2364/1136/4803 2366/1137/4802
f 2366/1137/4804 2364/1136/4805 2375/1138/4806
f 2376/1139/4185 2364/1136/4807 2368/1140/4535
f 2368/1140/4188 2364/1136/4808 2372/1141/4188
f 2369/1136/4190 2371/1135/4809 2366/1137/4809
f 2369/1136/4810 2366/1137/4811 2375/1138/4540
f 2369/1136/4812 2376/1139/4813 2368/1140/4814
f 2369/1136/4542 2368/1140/4815 2372/1141/4815
f 2370/1142/4816 2371/1135/4817 2365/1143/4818
f 2372/1141/4203 2370/1142/4547 2365/1143/4548
f 2371/1135/4206 2373/1142/4819 2365/1143/4550
f 2373/1142/4820 2372/1141/4210 2365/1143/4211
f 2364/1136/4821 2371/1135/4817 2370/1142/4816
f 2371/1135/4206 2369/1136/4822 2373/1142/4819
f 2372/1141/4203 2364/1136/4214 2370/1142/4547
f 2369/1136/4823 2372/1141/4210 2373/1142/4820
f 2375/1138/4806 2374/1144/4824 2367/1145/4217
f 2374/1144/4825 2376/1139/4185 2367/1145/4826
f 2377/1144/4220 2375/1138/4540 2367/1145/4561
f 2376/1139/4813 2377/1144/4222 2367/1145/4563
f 2375/1138/4806 2364/1136/4805 2374/1144/4824
f 2369/1136/4810 2375/1138/4540 2377/1144/4220
f 2364/1136/4807 2376/1139/4185 2374/1144/4825
f 2376/1139/4813 2369/1136/4812 2377/1144/4222
usemtl mat1.337
f 2385/1135/4564 2378/1136/4565 2380/1137/4564
f 2380/1137/4827 2378/1136/4567 2389/1138/4828
f 2390/1139/4829 2378/1136/4570 2382/1140/4830
f 2382/1140/4831 2378/1136/4832 2386/1141/4831
f 2383/1136/4833 2385/1135/4834 2380/1137/4834
f 2383/1136/4835 2380/1137/4836 2389/1138/4837
f 2383/1136/4239 2390/1139/4240 2382/1140/4838
f 2383/1136/4242 2382/1140/4839 2386/1141/4839
f 2384/1142/4840 2385/1135/4841 2379/1143/4246
f 2386/1141/4583 2384/1142/4248 2379/1143/4249
f 2385/1135/4251 2387/1142/4251 2379/1143/4252
f 2387/1142/4254 2386/1141/4586 2379/1143/4255
f 2378/1136/4256 2385/1135/4841 2384/1142/4840
f 2385/1135/4251 2383/1136/4842 2387/1142/4251
f 2386/1141/4583 2378/1136/4843 2384/1142/4248
f 2383/1136/4844 2386/1141/4586 2387/1142/4254
f 2389/1138/4828 2388/1144/4845 2381/1145/4261
f 2388/1144/4846 2390/1139/4829 2381/1145/4263
f 2391/1144/4264 2389/1138/4837 2381/1145/4265
f 2390/1139/4240 2391/1144/4847 2381/1145/4267
f 2389/1138/4828 2378/1136/4567 2388/1144/4845
f 2383/1136/4835 2389/1138/4837 2391/1144/4264
f 2378/1136/4570 2390/1139/4829 2388/1144/4846
f 2390/1139/4240 2383/1136/4239 2391/1144/4847
usemtl mat1.338
f 2399/1135/4268 2392/1136/4848 2394/1137/4268
f 2394/1137/4849 2392/1136/4596 2403/1138/4597
f 2404/1139/4273 2392/1136/4274 2396/1140/4850
f 2396/1140/4276 2392/1136/4851 2400/1141/4276
f 2397/1136/4852 2399/1135/4279 2394/1137/4279
f 2397/1136/4602 2394/1137/4281 2403/1138/4603
f 2397/1136/4853 2404/1139/4284 2396/1140/4285
f 2397/1136/4854 2396/1140/4287 2400/1141/4287
f 2398/1142/4607 2399/1135/4608 2393/1143/4855
f 2400/1141/4610 2398/1142/4611 2393/1143/4293
f 2399/1135/4294 2401/1142/4295 2393/1143/4296
f 2401/1142/4613 2400/1141/4614 2393/1143/4615
f 2392/1136/4300 2399/1135/4608 2398/1142/4607
f 2399/1135/4294 2397/1136/4301 2401/1142/4295
f 2400/1141/4610 2392/1136/4856 2398/1142/4611
f 2397/1136/4857 2400/1141/4614 2401/1142/4613
f 2403/1138/4597 2402/1144/4620 2395/1145/4305
f 2402/1144/4858 2404/1139/4273 2395/1145/4623
f 2405/1144/4624 2403/1138/4603 2395/1145/4859
f 2404/1139/4284 2405/1144/4626 2395/1145/4627
f 2403/1138/4597 2392/1136/4596 2402/1144/4620
f 2397/1136/4602 2403/1138/4603 2405/1144/4624
f 2392/1136/4274 2404/1139/4273 2402/1144/4858
f 2404/1139/4284 2397/1136/4853 2405/1144/4626
usemtl mat1.339
f 2413/1135/4860 2406/1136/4861 2408/1137/4860
f 2408/1137/4314 2406/1136/4862 2417/1138/4316
f 2418/1139/4863 2406/1136/4864 2410/1140/4319
f 2410/1140/4865 2406/1136/4321 2414/1141/4865
f 2411/1136/4866 2413/1135/4638 2408/1137/4638
f 2411/1136/4867 2408/1137/4325 2417/1138/4868
f 2411/1136/4327 2418/1139/4869 2410/1140/4329
f 2411/1136/4870 2410/1140/4871 2414/1141/4871
f 2412/1142/4872 2413/1135/4332 2407/1143/4333
f 2414/1141/4873 2412/1142/4874 2407/1143/4336
f 2413/1135/4337 2415/1142/4649 2407/1143/4650
f 2415/1142/4651 2414/1141/4875 2407/1143/4342
f 2406/1136/4876 2413/1135/4332 2412/1142/4872
f 2413/1135/4337 2411/1136/4654 2415/1142/4649
f 2414/1141/4873 2406/1136/4877 2412/1142/4874
f 2411/1136/4878 2414/1141/4875 2415/1142/4651
f 2417/1138/4316 2416/1144/4879 2409/1145/4348
f 2416/1144/4657 2418/1139/4863 2409/1145/4350
f 2419/1144/4880 2417/1138/4868 2409/1145/4352
f 2418/1139/4869 2419/1144/4881 2409/1145/4354
f 2417/1138/4316 2406/1136/4862 2416/1144/4879
f 2411/1136/4867 2417/1138/4868 2419/1144/4880
f 2406/1136/4864 2418/1139/4863 2416/1144/4657
f 2418/1139/4869 2411/1136/4327 2419/1144/4881
usemtl mat1.340
f 2427/1135/4882 2420/1136/4883 2422/1137/4882
f 2422/1137/4357 2420/1136/4884 2431/1138/4359
f 2432/1139/4664 2420/1136/4885 2424/1140/4886
f 2424/1140/4667 2420/1136/4887 2428/1141/4667
f 2425/1136/4888 2427/1135/4889 2422/1137/4889
f 2425/1136/4890 2422/1137/4891 2431/1138/4892
f 2425/1136/4893 2432/1139/4371 2424/1140/4372
f 2425/1136/4894 2424/1140/4676 2428/1141/4676
f 2426/1142/4895 2427/1135/4896 2421/1143/4897
f 2428/1141/4898 2426/1142/4379 2421/1143/4899
f 2427/1135/4681 2429/1142/4900 2421/1143/4383
f 2429/1142/4683 2428/1141/4385 2421/1143/4684
f 2420/1136/4901 2427/1135/4896 2426/1142/4895
f 2427/1135/4681 2425/1136/4902 2429/1142/4900
f 2428/1141/4898 2420/1136/4389 2426/1142/4379
f 2425/1136/4903 2428/1141/4385 2429/1142/4683
f 2431/1138/4359 2430/1144/4391 2423/1145/4904
f 2430/1144/4905 2432/1139/4664 2423/1145/4906
f 2433/1144/4395 2431/1138/4892 2423/1145/4907
f 2432/1139/4371 2433/1144/4397 2423/1145/4908
f 2431/1138/4359 2420/1136/4884 2430/1144/4391
f 2425/1136/4890 2431/1138/4892 2433/1144/4395
f 2420/1136/4885 2432/1139/4664 2430/1144/4905
f 2432/1139/4371 2425/1136/4893 2433/1144/4397
usemtl mat1.341
f 2441/1135/4909 2434/1136/4910 2436/1137/4909
f 2436/1137/4911 2434/1136/4402 2445/1138/4403
f 2446/1139/4912 2434/1136/4913 2438/1140/4406
f 2438/1140/4701 2434/1136/4702 2442/1141/4701
f 2439/1136/4914 2441/1135/4704 2436/1137/4704
f 2439/1136/4705 2436/1137/4915 2445/1138/4916
f 2439/1136/4917 2446/1139/4918 2438/1140/4416
f 2439/1136/4919 2438/1140/4418 2442/1141/4418
f 2440/1142/4419 2441/1135/4420 2435/1143/4920
f 2442/1141/4714 2440/1142/4921 2435/1143/4716
f 2441/1135/4425 2443/1142/4718 2435/1143/4922
f 2443/1142/4720 2442/1141/4721 2435/1143/4923
f 2434/1136/4924 2441/1135/4420 2440/1142/4419
f 2441/1135/4425 2439/1136/4925 2443/1142/4718
f 2442/1141/4714 2434/1136/4725 2440/1142/4921
f 2439/1136/4726 2442/1141/4721 2443/1142/4720
f 2445/1138/4403 2444/1144/4727 2437/1145/4728
f 2444/1144/4926 2446/1139/4912 2437/1145/4927
f 2447/1144/4731 2445/1138/4916 2437/1145/4928
f 2446/1139/4918 2447/1144/4929 2437/1145/4930
f 2445/1138/4403 2434/1136/4402 2444/1144/4727
f 2439/1136/4705 2445/1138/4916 2447/1144/4731
f 2434/1136/4913 2446/1139/4912 2444/1144/4926
f 2446/1139/4918 2439/1136/4917 2447/1144/4929
usemtl mat1.342
f 2455/1135/4931 2448/1136/4734 2450/1137/4931
f 2450/1137/4932 2448/1136/4446 2459/1138/4933
f 2460/1139/4448 2448/1136/4934 2452/1140/4935
f 2452/1140/4936 2448/1136/4738 2456/1141/4936
f 2453/1136/4453 2455/1135/4454 2450/1137/4454
f 2453/1136/4455 2450/1137/4937 2459/1138/4457
f 2453/1136/4938 2460/1139/4744 2452/1140/4939
f 2453/1136/4940 2452/1140/4941 2456/1141/4941
f 2454/1142/4942 2455/1135/4749 2449/1143/4750
f 2456/1141/4466 2454/1142/4467 2449/1143/4752
f 2455/1135/4753 2457/1142/4943 2449/1143/4471
f 2457/1142/4944 2456/1141/4945 2449/1143/4946
f 2448/1136/4947 2455/1135/4749 2454/1142/4942
f 2455/1135/4753 2453/1136/4758 2457/1142/4943
f 2456/1141/4466 2448/1136/4948 2454/1142/4467
f 2453/1136/4949 2456/1141/4945 2457/1142/4944
f 2459/1138/4933 2458/1144/4950 2451/1145/4951
f 2458/1144/4952 2460/1139/4448 2451/1145/4953
f 2461/1144/4954 2459/1138/4457 2451/1145/4955
f 2460/1139/4744 2461/1144/4956 2451/1145/4957
f 2459/1138/4933 2448/1136/4446 2458/1144/4950
f 2453/1136/4455 2459/1138/4457 2461/1144/4954
f 2448/1136/4934 2460/1139/4448 2458/1144/4952
f 2460/1139/4744 2453/1136/4938 2461/1144/4956
usemtl mat1.343
f 2469/1135/4958 2462/1136/4488 2464/1137/4958
f 2464/1137/4959 2462/1136/4960 2473/1138/4961
f 2474/1139/4492 2462/1136/4962 2466/1140/4963
f 2466/1140/4964 2462/1136/4965 2470/1141/4964
f 2467/1136/4966 2469/1135/4498 2464/1137/4498
f 2467/1136/4776 2464/1137/4777 2473/1138/4778
f 2467/1136/4779 2474/1139/4503 2466/1140/4967
f 2467/1136/4968 2466/1140/4506 2470/1141/4506
f 2468/1142/4783 2469/1135/4784 2463/1143/4785
f 2470/1141/4510 2468/1142/4511 2463/1143/4969
f 2469/1135/4788 2471/1142/4970 2463/1143/4971
f 2471/1142/4516 2470/1141/4792 2463/1143/4793
f 2462/1136/4519 2469/1135/4784 2468/1142/4783
f 2469/1135/4788 2467/1136/4972 2471/1142/4970
f 2470/1141/4510 2462/1136/4973 2468/1142/4511
f 2467/1136/4974 2470/1141/4792 2471/1142/4516
f 2473/1138/4961 2472/1144/4795 2465/1145/4524
f 2472/1144/4975 2474/1139/4492 2465/1145/4798
f 2475/1144/4976 2473/1138/4778 2465/1145/4528
f 2474/1139/4503 2475/1144/4529 2465/1145/4530
f 2473/1138/4961 2462/1136/4960 2472/1144/4795
f 2467/1136/4776 2473/1138/4778 2475/1144/4976
f 2462/1136/4962 2474/1139/4492 2472/1144/4975
f 2474/1139/4503 2467/1136/4779 2475/1144/4529
usemtl mat1.344
f 2483/1135/4802 2476/1136/4977 2478/1137/4802
f 2478/1137/4182 2476/1136/4805 2487/1138/4184
f 2488/1139/4185 2476/1136/4978 2480/1140/4187
f 2480/1140/4188 2476/1136/4979 2484/1141/4188
f 2481/1136/4538 2483/1135/4191 2478/1137/4191
f 2481/1136/4980 2478/1137/4193 2487/1138/4540
f 2481/1136/4981 2488/1139/4982 2480/1140/4197
f 2481/1136/4198 2480/1140/4815 2484/1141/4815
f 2482/1142/4816 2483/1135/4817 2477/1143/4202
f 2484/1141/4203 2482/1142/4547 2477/1143/4205
f 2483/1135/4206 2485/1142/4819 2477/1143/4208
f 2485/1142/4820 2484/1141/4210 2477/1143/4211
f 2476/1136/4983 2483/1135/4817 2482/1142/4816
f 2483/1135/4206 2481/1136/4984 2485/1142/4819
f 2484/1141/4203 2476/1136/4214 2482/1142/4547
f 2481/1136/4985 2484/1141/4210 2485/1142/4820
f 2487/1138/4184 2486/1144/4986 2479/1145/4557
f 2486/1144/4987 2488/1139/4185 2479/1145/4219
f 2489/1144/4560 2487/1138/4540 2479/1145/4221
f 2488/1139/4982 2489/1144/4988 2479/1145/4989
f 2487/1138/4184 2476/1136/4805 2486/1144/4986
f 2481/1136/4980 2487/1138/4540 2489/1144/4560
f 2476/1136/4978 2488/1139/4185 2486/1144/4987
f 2488/1139/4982 2481/1136/4981 2489/1144/4988
usemtl mat1.345
f 2497/1135/4990 2490/1136/4991 2492/1137/4990
f 2492/1137/4226 2490/1136/4992 2501/1138/4228
f 2502/1139/4569 2490/1136/4230 2494/1140/4993
f 2494/1140/4994 2490/1136/4995 2498/1141/4994
f 2495/1136/4234 2497/1135/4996 2492/1137/4996
f 2495/1136/4236 2492/1137/4237 2501/1138/4238
f 2495/1136/4577 2502/1139/4240 2494/1140/4578
f 2495/1136/4997 2494/1140/4839 2498/1141/4839
f 2496/1142/4581 2497/1135/4582 2491/1143/4246
f 2498/1141/4583 2496/1142/4248 2491/1143/4249
f 2497/1135/4584 2499/1142/4584 2491/1143/4252
f 2499/1142/4254 2498/1141/4998 2491/1143/4255
f 2490/1136/4999 2497/1135/4582 2496/1142/4581
f 2497/1135/4584 2495/1136/5000 2499/1142/4584
f 2498/1141/4583 2490/1136/4589 2496/1142/4248
f 2495/1136/5001 2498/1141/4998 2499/1142/4254
f 2501/1138/4228 2500/1144/5002 2493/1145/4261
f 2500/1144/4262 2502/1139/4569 2493/1145/4263
f 2503/1144/4264 2501/1138/4238 2493/1145/4593
f 2502/1139/4240 2503/1144/4594 2493/1145/4267
f 2501/1138/4228 2490/1136/4992 2500/1144/5002
f 2495/1136/4236 2501/1138/4238 2503/1144/4264
f 2490/1136/4230 2502/1139/4569 2500/1144/4262
f 2502/1139/4240 2495/1136/4577 2503/1144/4594
usemtl mat1.346
f 2511/1135/4268 2504/1136/4269 2506/1137/4268
f 2506/1137/4849 2504/1136/5003 2515/1138/4597
f 2516/1139/5004 2504/1136/5005 2508/1140/4275
f 2508/1140/4276 2504/1136/5006 2512/1141/4276
f 2509/1136/4278 2511/1135/4279 2506/1137/4279
f 2509/1136/5007 2506/1137/4281 2515/1138/4282
f 2509/1136/5008 2516/1139/4284 2508/1140/4285
f 2509/1136/5009 2508/1140/5010 2512/1141/5010
f 2510/1142/4288 2511/1135/5011 2505/1143/4290
f 2512/1141/5012 2510/1142/4292 2505/1143/5013
f 2511/1135/4294 2513/1142/4612 2505/1143/4296
f 2513/1142/5014 2512/1141/4298 2505/1143/5015
f 2504/1136/5016 2511/1135/5011 2510/1142/4288
f 2511/1135/4294 2509/1136/5017 2513/1142/4612
f 2512/1141/5012 2504/1136/5018 2510/1142/4292
f 2509/1136/5019 2512/1141/4298 2513/1142/5014
f 2515/1138/4597 2514/1144/4620 2507/1145/4305
f 2514/1144/5020 2516/1139/5004 2507/1145/4623
f 2517/1144/5021 2515/1138/4282 2507/1145/5022
f 2516/1139/4284 2517/1144/4310 2507/1145/4311
f 2515/1138/4597 2504/1136/5003 2514/1144/4620
f 2509/1136/5007 2515/1138/4282 2517/1144/5021
f 2504/1136/5005 2516/1139/5004 2514/1144/5020
f 2516/1139/4284 2509/1136/5008 2517/1144/4310
usemtl mat1.347
f 2525/1135/4628 2518/1136/5023 2520/1137/4628
f 2520/1137/4314 2518/1136/4315 2529/1138/4316
f 2530/1139/4317 2518/1136/4864 2522/1140/4319
f 2522/1140/4320 2518/1136/5024 2526/1141/4320
f 2523/1136/4330 2525/1135/5025 2520/1137/5025
f 2523/1136/4639 2520/1137/5026 2529/1138/4641
f 2523/1136/5027 2530/1139/5028 2522/1140/5029
f 2523/1136/4322 2522/1140/5030 2526/1141/5030
f 2524/1142/5031 2525/1135/5032 2519/1143/4333
f 2526/1141/4647 2524/1142/5033 2519/1143/4336
f 2525/1135/4337 2527/1142/4338 2519/1143/4650
f 2527/1142/4651 2526/1141/4341 2519/1143/4342
f 2518/1136/5034 2525/1135/5032 2524/1142/5031
f 2525/1135/4337 2523/1136/5035 2527/1142/4338
f 2526/1141/4647 2518/1136/5036 2524/1142/5033
f 2523/1136/5037 2526/1141/4341 2527/1142/4651
f 2529/1138/4316 2528/1144/4347 2521/1145/4348
f 2528/1144/4349 2530/1139/4317 2521/1145/4350
f 2531/1144/4658 2529/1138/4641 2521/1145/4352
f 2530/1139/5028 2531/1144/5038 2521/1145/4354
f 2529/1138/4316 2518/1136/4315 2528/1144/4347
f 2523/1136/4639 2529/1138/4641 2531/1144/4658
f 2518/1136/4864 2530/1139/4317 2528/1144/4349
f 2530/1139/5028 2523/1136/5027 2531/1144/5038
usemtl mat1.348
f 2539/1135/5039 2532/1136/5040 2534/1137/5039
f 2534/1137/5041 2532/1136/4358 2543/1138/4663
f 2544/1139/4664 2532/1136/4665 2536/1140/4666
f 2536/1140/4363 2532/1136/5042 2540/1141/4363
f 2537/1136/5043 2539/1135/5044 2534/1137/5044
f 2537/1136/4890 2534/1137/4891 2543/1138/4673
f 2537/1136/4674 2544/1139/4371 2536/1140/4372
f 2537/1136/5045 2536/1140/4374 2540/1141/4374
f 2538/1142/4677 2539/1135/4678 2533/1143/4897
f 2540/1141/5046 2538/1142/4379 2533/1143/4899
f 2539/1135/5047 2541/1142/4682 2533/1143/4383
f 2541/1142/4683 2540/1141/5048 2533/1143/5049
f 2532/1136/5050 2539/1135/4678 2538/1142/4677
f 2539/1135/5047 2537/1136/5051 2541/1142/4682
f 2540/1141/5046 2532/1136/4389 2538/1142/4379
f 2537/1136/4687 2540/1141/5048 2541/1142/4683
f 2543/1138/4663 2542/1144/4391 2535/1145/4904
f 2542/1144/4689 2544/1139/4664 2535/1145/4906
f 2545/1144/4395 2543/1138/4673 2535/1145/5052
f 2544/1139/4371 2545/1144/4397 2535/1145/5053
f 2543/1138/4663 2532/1136/4358 2542/1144/4391
f 2537/1136/4890 2543/1138/4673 2545/1144/4395
f 2532/1136/4665 2544/1139/4664 2542/1144/4689
f 2544/1139/4371 2537/1136/4674 2545/1144/4397
usemtl mat1.349
f 2553/1135/4909 2546/1136/5054 2548/1137/4909
f 2548/1137/4911 2546/1136/5055 2557/1138/4403
f 2558/1139/4698 2546/1136/5056 2550/1140/4406
f 2550/1140/4407 2546/1136/4702 2554/1141/4407
f 2551/1136/4914 2553/1135/4704 2548/1137/4704
f 2551/1136/4705 2548/1137/5057 2557/1138/4707
f 2551/1136/5058 2558/1139/5059 2550/1140/4416
f 2551/1136/5060 2550/1140/5061 2554/1141/5061
f 2552/1142/5062 2553/1135/5063 2547/1143/5064
f 2554/1141/5065 2552/1142/4715 2547/1143/5066
f 2553/1135/4425 2555/1142/4718 2547/1143/5067
f 2555/1142/4428 2554/1141/4721 2547/1143/4923
f 2546/1136/5068 2553/1135/5063 2552/1142/5062
f 2553/1135/4425 2551/1136/5069 2555/1142/4718
f 2554/1141/5065 2546/1136/4725 2552/1142/4715
f 2551/1136/5070 2554/1141/4721 2555/1142/4428
f 2557/1138/4403 2556/1144/4727 2549/1145/5071
f 2556/1144/5072 2558/1139/4698 2549/1145/5073
f 2559/1144/4731 2557/1138/4707 2549/1145/5074
f 2558/1139/5059 2559/1144/5075 2549/1145/4930
f 2557/1138/4403 2546/1136/5055 2556/1144/4727
f 2551/1136/4705 2557/1138/4707 2559/1144/4731
f 2546/1136/5056 2558/1139/4698 2556/1144/5072
f 2558/1139/5059 2551/1136/5058 2559/1144/5075
usemtl mat1.350
f 2567/1135/4733 2560/1136/5076 2562/1137/4733
f 2562/1137/5077 2560/1136/5078 2571/1138/5079
f 2572/1139/4448 2560/1136/4934 2564/1140/4450
f 2564/1140/5080 2560/1136/5081 2568/1141/5080
f 2565/1136/4739 2567/1135/4454 2562/1137/4454
f 2565/1136/5082 2562/1137/4937 2571/1138/4457
f 2565/1136/5083 2572/1139/4459 2564/1140/5084
f 2565/1136/4746 2564/1140/4747 2568/1141/4747
f 2566/1142/4942 2567/1135/5085 2561/1143/5086
f 2568/1141/4466 2566/1142/4467 2561/1143/5087
f 2567/1135/5088 2569/1142/4754 2561/1143/4471
f 2569/1142/4472 2568/1141/4756 2561/1143/4474
f 2560/1136/4947 2567/1135/5085 2566/1142/4942
f 2567/1135/5088 2565/1136/5089 2569/1142/4754
f 2568/1141/4466 2560/1136/4477 2566/1142/4467
f 2565/1136/4760 2568/1141/4756 2569/1142/4472
f 2571/1138/5079 2570/1144/4761 2563/1145/4762
f 2570/1144/4763 2572/1139/4448 2563/1145/5090
f 2573/1144/4765 2571/1138/4457 2563/1145/4484
f 2572/1139/4459 2573/1144/4956 2563/1145/5091
f 2571/1138/5079 2560/1136/5078 2570/1144/4761
f 2565/1136/5082 2571/1138/4457 2573/1144/4765
f 2560/1136/4934 2572/1139/4448 2570/1144/4763
f 2572/1139/4459 2565/1136/5083 2573/1144/4956
usemtl mat1.351
f 2581/1135/5092 2574/1136/5093 2576/1137/5092
f 2576/1137/4959 2574/1136/4490 2585/1138/4961
f 2586/1139/4492 2574/1136/4772 2578/1140/4773
f 2578/1140/4964 2574/1136/4496 2582/1141/4964
f 2579/1136/4497 2581/1135/5094 2576/1137/5094
f 2579/1136/5095 2576/1137/5096 2585/1138/5097
f 2579/1136/4779 2586/1139/4503 2578/1140/4967
f 2579/1136/5098 2578/1140/4782 2582/1141/4782
f 2580/1142/4507 2581/1135/4784 2575/1143/4785
f 2582/1141/4786 2580/1142/4787 2575/1143/4512
f 2581/1135/4788 2583/1142/5099 2575/1143/4515
f 2583/1142/4516 2582/1141/4792 2575/1143/4793
f 2574/1136/4519 2581/1135/4784 2580/1142/4507
f 2581/1135/4788 2579/1136/5100 2583/1142/5099
f 2582/1141/4786 2574/1136/5101 2580/1142/4787
f 2579/1136/4974 2582/1141/4792 2583/1142/4516
f 2585/1138/4961 2584/1144/5102 2577/1145/4524
f 2584/1144/4797 2586/1139/4492 2577/1145/4798
f 2587/1144/4976 2585/1138/5097 2577/1145/4799
f 2586/1139/4503 2587/1144/4529 2577/1145/4530
f 2585/1138/4961 2574/1136/4490 2584/1144/5102
f 2579/1136/5095 2585/1138/5097 2587/1144/4976
f 2574/1136/4772 2586/1139/4492 2584/1144/4797
f 2586/1139/4503 2579/1136/4779 2587/1144/4529
usemtl mat1.352
f 2595/1135/4802 2588/1136/4977 2590/1137/4802
f 2590/1137/5103 2588/1136/4805 2599/1138/4184
f 2600/1139/4185 2588/1136/4807 2592/1140/4535
f 2592/1140/4536 2588/1136/4537 2596/1141/4536
f 2593/1136/4190 2595/1135/4809 2590/1137/4809
f 2593/1136/5104 2590/1137/4811 2599/1138/4540
f 2593/1136/4981 2600/1139/4982 2592/1140/4814
f 2593/1136/4198 2592/1140/4815 2596/1141/4815
f 2594/1142/4816 2595/1135/4817 2589/1143/4818
f 2596/1141/4203 2594/1142/4204 2589/1143/4205
f 2595/1135/4206 2597/1142/4819 2589/1143/4550
f 2597/1142/5105 2596/1141/4210 2589/1143/4211
f 2588/1136/5106 2595/1135/4817 2594/1142/4816
f 2595/1135/4206 2593/1136/4822 2597/1142/4819
f 2596/1141/4203 2588/1136/5107 2594/1142/4204
f 2593/1136/5108 2596/1141/4210 2597/1142/5105
f 2599/1138/4184 2598/1144/4216 2591/1145/4217
f 2598/1144/4825 2600/1139/4185 2591/1145/4826
f 2601/1144/4220 2599/1138/4540 2591/1145/4561
f 2600/1139/4982 2601/1144/5109 2591/1145/4989
f 2599/1138/4184 2588/1136/4805 2598/1144/4216
f 2593/1136/5104 2599/1138/4540 2601/1144/4220
f 2588/1136/4807 2600/1139/4185 2598/1144/4825
f 2600/1139/4982 2593/1136/4981 2601/1144/5109
usemtl mat1.353
f 2609/1135/5110 2602/1136/4991 2604/1137/5110
f 2604/1137/4226 2602/1136/4992 2613/1138/4228
f 2614/1139/5111 2602/1136/4230 2606/1140/4993
f 2606/1140/5112 2602/1136/4991 2610/1141/5112
f 2607/1136/4234 2609/1135/4235 2604/1137/4235
f 2607/1136/5113 2604/1137/4237 2613/1138/4238
f 2607/1136/4239 2614/1139/4240 2606/1140/4578
f 2607/1136/5114 2606/1140/4243 2610/1141/4243
f 2608/1142/4840 2609/1135/4582 2603/1143/4246
f 2610/1141/4583 2608/1142/4248 2603/1143/4249
f 2609/1135/5115 2611/1142/4584 2603/1143/4252
f 2611/1142/4254 2610/1141/4586 2603/1143/4255
f 2602/1136/5116 2609/1135/4582 2608/1142/4840
f 2609/1135/5115 2607/1136/5117 2611/1142/4584
f 2610/1141/4583 2602/1136/4843 2608/1142/4248
f 2607/1136/4590 2610/1141/4586 2611/1142/4254
f 2613/1138/4228 2612/1144/5118 2605/1145/4261
f 2612/1144/4846 2614/1139/5111 2605/1145/4263
f 2615/1144/4264 2613/1138/4238 2605/1145/4593
f 2614/1139/4240 2615/1144/4594 2605/1145/4595
f 2613/1138/4228 2602/1136/4992 2612/1144/5118
f 2607/1136/5113 2613/1138/4238 2615/1144/4264
f 2602/1136/4230 2614/1139/5111 2612/1144/4846
f 2614/1139/4240 2607/1136/4239 2615/1144/4594
usemtl mat1.354
f 2623/1135/4268 2616/1136/5119 2618/1137/4268
f 2618/1137/5120 2616/1136/4596 2627/1138/5121
f 2628/1139/4273 2616/1136/4598 2620/1140/4275
f 2620/1140/5122 2616/1136/4851 2624/1141/5122
f 2621/1136/4278 2623/1135/5123 2618/1137/5123
f 2621/1136/5007 2618/1137/4281 2627/1138/4282
f 2621/1136/5124 2628/1139/4284 2620/1140/4285
f 2621/1136/5009 2620/1140/4606 2624/1141/4606
f 2622/1142/4288 2623/1135/5125 2617/1143/4609
f 2624/1141/5012 2622/1142/5126 2617/1143/5013
f 2623/1135/5127 2625/1142/4612 2617/1143/4296
f 2625/1142/5014 2624/1141/4298 2617/1143/5015
f 2616/1136/5016 2623/1135/5125 2622/1142/4288
f 2623/1135/5127 2621/1136/5017 2625/1142/4612
f 2624/1141/5012 2616/1136/5128 2622/1142/5126
f 2621/1136/5129 2624/1141/4298 2625/1142/5014
f 2627/1138/5121 2626/1144/5130 2619/1145/4621
f 2626/1144/4858 2628/1139/4273 2619/1145/5131
f 2629/1144/5021 2627/1138/4282 2619/1145/5132
f 2628/1139/4284 2629/1144/4310 2619/1145/4311
f 2627/1138/5121 2616/1136/4596 2626/1144/5130
f 2621/1136/5007 2627/1138/4282 2629/1144/5021
f 2616/1136/4598 2628/1139/4273 2626/1144/4858
f 2628/1139/4284 2621/1136/5124 2629/1144/4310
usemtl mat1.355
f 2637/1135/4628 2630/1136/5023 2632/1137/4628
f 2632/1137/4314 2630/1136/4315 2641/1138/4316
f 2642/1139/4317 2630/1136/5133 2634/1140/4319
f 2634/1140/5134 2630/1136/5135 2638/1141/5134
f 2635/1136/4330 2637/1135/5136 2632/1137/5136
f 2635/1136/5137 2632/1137/5138 2641/1138/4868
f 2635/1136/5027 2642/1139/4643 2634/1140/5029
f 2635/1136/4330 2634/1140/4331 2638/1141/4331
f 2636/1142/4332 2637/1135/5032 2631/1143/4333
f 2638/1141/4647 2636/1142/5033 2631/1143/4336
f 2637/1135/4337 2639/1142/4649 2631/1143/4650
f 2639/1142/4651 2638/1141/4341 2631/1143/4342
f 2630/1136/5139 2637/1135/5032 2636/1142/4332
f 2637/1135/4337 2635/1136/4654 2639/1142/4649
f 2638/1141/4647 2630/1136/5140 2636/1142/5033
f 2635/1136/4656 2638/1141/4341 2639/1142/4651
f 2641/1138/4316 2640/1144/4879 2633/1145/4348
f 2640/1144/4349 2642/1139/4317 2633/1145/4350
f 2643/1144/5141 2641/1138/4868 2633/1145/4352
f 2642/1139/4643 2643/1144/5038 2633/1145/4354
f 2641/1138/4316 2630/1136/4315 2640/1144/4879
f 2635/1136/5137 2641/1138/4868 2643/1144/5141
f 2630/1136/5133 2642/1139/4317 2640/1144/4349
f 2642/1139/4643 2635/1136/5027 2643/1144/5038
usemtl mat1.356
f 2651/1135/5142 2644/1136/5040 2646/1137/5142
f 2646/1137/5041 2644/1136/4358 2655/1138/4663
f 2656/1139/4664 2644/1136/5143 2648/1140/4666
f 2648/1140/4363 2644/1136/5042 2652/1141/4363
f 2649/1136/4669 2651/1135/5044 2646/1137/5044
f 2649/1136/4890 2646/1137/4891 2655/1138/4892
f 2649/1136/4674 2656/1139/4371 2648/1140/4372
f 2649/1136/5144 2648/1140/5145 2652/1141/5145
f 2650/1142/4677 2651/1135/4678 2645/1143/4897
f 2652/1141/5046 2650/1142/4379 2645/1143/4680
f 2651/1135/4681 2653/1142/5146 2645/1143/4383
f 2653/1142/4683 2652/1141/4385 2645/1143/5049
f 2644/1136/5147 2651/1135/4678 2650/1142/4677
f 2651/1135/4681 2649/1136/4686 2653/1142/5146
f 2652/1141/5046 2644/1136/5148 2650/1142/4379
f 2649/1136/4687 2652/1141/4385 2653/1142/4683
f 2655/1138/4663 2654/1144/4391 2647/1145/5149
f 2654/1144/4689 2656/1139/4664 2647/1145/5150
f 2657/1144/4395 2655/1138/4892 2647/1145/4907
f 2656/1139/4371 2657/1144/4397 2647/1145/5151
f 2655/1138/4663 2644/1136/4358 2654/1144/4391
f 2649/1136/4890 2655/1138/4892 2657/1144/4395
f 2644/1136/5143 2656/1139/4664 2654/1144/4689
f 2656/1139/4371 2649/1136/4674 2657/1144/4397
usemtl mat1.357
f 2665/1135/4909 2658/1136/5152 2660/1137/4909
f 2660/1137/4401 2658/1136/4402 2669/1138/4403
f 2670/1139/4404 2658/1136/5056 2662/1140/5153
f 2662/1140/4407 2658/1136/4702 2666/1141/4407
f 2663/1136/5154 2665/1135/5155 2660/1137/5155
f 2663/1136/4705 2660/1137/5057 2669/1138/4707
f 2663/1136/4414 2670/1139/5059 2662/1140/4416
f 2663/1136/4709 2662/1140/5156 2666/1141/5156
f 2664/1142/4419 2665/1135/5157 2659/1143/5158
f 2666/1141/5065 2664/1142/4423 2659/1143/5066
f 2665/1135/4425 2667/1142/4718 2659/1143/4719
f 2667/1142/4428 2666/1141/4721 2659/1143/4923
f 2658/1136/5159 2665/1135/5157 2664/1142/4419
f 2665/1135/4425 2663/1136/5160 2667/1142/4718
f 2666/1141/5065 2658/1136/5161 2664/1142/4423
f 2663/1136/5162 2666/1141/4721 2667/1142/4428
f 2669/1138/4403 2668/1144/4727 2661/1145/5071
f 2668/1144/5072 2670/1139/4404 2661/1145/5163
f 2671/1144/4731 2669/1138/4707 2661/1145/4928
f 2670/1139/5059 2671/1144/5075 2661/1145/4930
f 2669/1138/4403 2658/1136/4402 2668/1144/4727
f 2663/1136/4705 2669/1138/4707 2671/1144/4731
f 2658/1136/5056 2670/1139/4404 2668/1144/5072
f 2670/1139/5059 2663/1136/4414 2671/1144/5075
usemtl mat1.358
f 2679/1135/4733 2672/1136/5164 2674/1137/4733
f 2674/1137/4735 2672/1136/4446 2683/1138/4447
f 2684/1139/4448 2672/1136/4934 2676/1140/4450
f 2676/1140/4936 2672/1136/5165 2680/1141/4936
f 2677/1136/5166 2679/1135/4454 2674/1137/4454
f 2677/1136/4741 2674/1137/4456 2683/1138/4457
f 2677/1136/5083 2684/1139/4459 2676/1140/4745
f 2677/1136/5167 2676/1140/4941 2680/1141/4941
f 2678/1142/4942 2679/1135/4749 2673/1143/4750
f 2680/1141/4751 2678/1142/4467 2673/1143/4752
f 2679/1135/4753 2681/1142/4754 2673/1143/4755
f 2681/1142/4472 2680/1141/5168 2673/1143/5169
f 2672/1136/4947 2679/1135/4749 2678/1142/4942
f 2679/1135/4753 2677/1136/5170 2681/1142/4754
f 2680/1141/4751 2672/1136/4948 2678/1142/4467
f 2677/1136/5171 2680/1141/5168 2681/1142/4472
f 2683/1138/4447 2682/1144/4761 2675/1145/4762
f 2682/1144/4763 2684/1139/4448 2675/1145/4764
f 2685/1144/4954 2683/1138/4457 2675/1145/4484
f 2684/1139/4459 2685/1144/4956 2675/1145/5091
f 2683/1138/4447 2672/1136/4446 2682/1144/4761
f 2677/1136/4741 2683/1138/4457 2685/1144/4954
f 2672/1136/4934 2684/1139/4448 2682/1144/4763
f 2684/1139/4459 2677/1136/5083 2685/1144/4956
usemtl mat1.359
f 2693/1135/5172 2686/1136/4488 2688/1137/5172
f 2688/1137/4959 2686/1136/4490 2697/1138/4961
f 2698/1139/4492 2686/1136/4772 2690/1140/5173
f 2690/1140/4964 2686/1136/5174 2694/1141/4964
f 2691/1136/4966 2693/1135/5175 2688/1137/5175
f 2691/1136/4776 2688/1137/4777 2697/1138/5097
f 2691/1136/5176 2698/1139/5177 2690/1140/4967
f 2691/1136/4968 2690/1140/4506 2694/1141/4506
f 2692/1142/4783 2693/1135/4784 2687/1143/4785
f 2694/1141/4786 2692/1142/4787 2687/1143/4512
f 2693/1135/4788 2695/1142/5178 2687/1143/5179
f 2695/1142/5180 2694/1141/5181 2687/1143/4518
f 2686/1136/4519 2693/1135/4784 2692/1142/4783
f 2693/1135/4788 2691/1136/4972 2695/1142/5178
f 2694/1141/4786 2686/1136/5101 2692/1142/4787
f 2691/1136/4974 2694/1141/5181 2695/1142/5180
f 2697/1138/4961 2696/1144/4523 2689/1145/4524
f 2696/1144/4797 2698/1139/4492 2689/1145/4798
f 2699/1144/4976 2697/1138/5097 2689/1145/4528
f 2698/1139/5177 2699/1144/5182 2689/1145/5183
f 2697/1138/4961 2686/1136/4490 2696/1144/4523
f 2691/1136/4776 2697/1138/5097 2699/1144/4976
f 2686/1136/4772 2698/1139/4492 2696/1144/4797
f 2698/1139/5177 2691/1136/5176 2699/1144/5182
usemtl mat1.360
f 2707/1135/4802 2700/1136/4803 2702/1137/4802
f 2702/1137/4182 2700/1136/4183 2711/1138/4184
f 2712/1139/4185 2700/1136/4978 2704/1140/4187
f 2704/1140/4536 2700/1136/5184 2708/1141/4536
f 2705/1136/5185 2707/1135/4809 2702/1137/4809
f 2705/1136/5104 2702/1137/4811 2711/1138/4540
f 2705/1136/4981 2712/1139/4982 2704/1140/4197
f 2705/1136/5186 2704/1140/4199 2708/1141/4199
f 2706/1142/4816 2707/1135/4817 2701/1143/4818
f 2708/1141/4203 2706/1142/4547 2701/1143/4548
f 2707/1135/4206 2709/1142/4549 2701/1143/4550
f 2709/1142/5105 2708/1141/4210 2701/1143/4211
f 2700/1136/5187 2707/1135/4817 2706/1142/4816
f 2707/1135/4206 2705/1136/5188 2709/1142/4549
f 2708/1141/4203 2700/1136/5189 2706/1142/4547
f 2705/1136/5190 2708/1141/4210 2709/1142/5105
f 2711/1138/4184 2710/1144/4216 2703/1145/4217
f 2710/1144/4825 2712/1139/4185 2703/1145/4826
f 2713/1144/4220 2711/1138/4540 2703/1145/4561
f 2712/1139/4982 2713/1144/4988 2703/1145/4989
f 2711/1138/4184 2700/1136/4183 2710/1144/4216
f 2705/1136/5104 2711/1138/4540 2713/1144/4220
f 2700/1136/4978 2712/1139/4185 2710/1144/4825
f 2712/1139/4982 2705/1136/4981 2713/1144/4988
usemtl mat1.361
f 2721/1135/5191 2714/1136/5192 2716/1137/5191
f 2716/1137/4827 2714/1136/4567 2725/1138/4828
f 2726/1139/5111 2714/1136/4230 2718/1140/4993
f 2718/1140/4994 2714/1136/4991 2722/1141/4994
f 2719/1136/4833 2721/1135/4575 2716/1137/4575
f 2719/1136/5113 2716/1137/4836 2725/1138/4238
f 2719/1136/4577 2726/1139/4240 2718/1140/4578
f 2719/1136/5114 2718/1140/4839 2722/1141/4839
f 2720/1142/4581 2721/1135/4582 2715/1143/4246
f 2722/1141/4583 2720/1142/4248 2715/1143/4249
f 2721/1135/4251 2723/1142/4251 2715/1143/4585
f 2723/1142/4254 2722/1141/4586 2715/1143/4255
f 2714/1136/4587 2721/1135/4582 2720/1142/4581
f 2721/1135/4251 2719/1136/5193 2723/1142/4251
f 2722/1141/4583 2714/1136/4589 2720/1142/4248
f 2719/1136/5001 2722/1141/4586 2723/1142/4254
f 2725/1138/4828 2724/1144/5118 2717/1145/4261
f 2724/1144/4846 2726/1139/5111 2717/1145/4263
f 2727/1144/4264 2725/1138/4238 2717/1145/4593
f 2726/1139/4240 2727/1144/4594 2717/1145/4595
f 2725/1138/4828 2714/1136/4567 2724/1144/5118
f 2719/1136/5113 2725/1138/4238 2727/1144/4264
f 2714/1136/4230 2726/1139/5111 2724/1144/4846
f 2726/1139/4240 2719/1136/4577 2727/1144/4594
usemtl mat1.362
f 2735/1135/4268 2728/1136/4269 2730/1137/4268
f 2730/1137/4849 2728/1136/4596 2739/1138/4597
f 2740/1139/4273 2728/1136/4598 2732/1140/4275
f 2732/1140/5122 2728/1136/4851 2736/1141/5122
f 2733/1136/4278 2735/1135/5123 2730/1137/5123
f 2733/1136/5007 2730/1137/5194 2739/1138/4282
f 2733/1136/5124 2740/1139/4284 2732/1140/4285
f 2733/1136/5009 2732/1140/4606 2736/1141/4606
f 2734/1142/4288 2735/1135/5011 2729/1143/4290
f 2736/1141/5012 2734/1142/4611 2729/1143/5013
f 2735/1135/4294 2737/1142/4295 2729/1143/4296
f 2737/1142/5014 2736/1141/4298 2729/1143/4299
f 2728/1136/5195 2735/1135/5011 2734/1142/4288
f 2735/1135/4294 2733/1136/4301 2737/1142/4295
f 2736/1141/5012 2728/1136/5128 2734/1142/4611
f 2733/1136/4857 2736/1141/4298 2737/1142/5014
f 2739/1138/4597 2738/1144/5130 2731/1145/4621
f 2738/1144/4858 2740/1139/4273 2731/1145/4623
f 2741/1144/5021 2739/1138/4282 2731/1145/5132
f 2740/1139/4284 2741/1144/4310 2731/1145/4311
f 2739/1138/4597 2728/1136/4596 2738/1144/5130
f 2733/1136/5007 2739/1138/4282 2741/1144/5021
f 2728/1136/4598 2740/1139/4273 2738/1144/4858
f 2740/1139/4284 2733/1136/5124 2741/1144/4310
usemtl mat1.363
f 2749/1135/4628 2742/1136/5023 2744/1137/4628
f 2744/1137/4314 2742/1136/4315 2753/1138/4316
f 2754/1139/4317 2742/1136/5133 2746/1140/4319
f 2746/1140/4865 2742/1136/5135 2750/1141/4865
f 2747/1136/4637 2749/1135/4638 2744/1137/4638
f 2747/1136/4639 2744/1137/4325 2753/1138/4641
f 2747/1136/5027 2754/1139/5028 2746/1140/5196
f 2747/1136/4637 2746/1140/4331 2750/1141/4331
f 2748/1142/4872 2749/1135/4332 2743/1143/4333
f 2750/1141/5197 2748/1142/4335 2743/1143/4336
f 2749/1135/4337 2751/1142/4649 2743/1143/4650
f 2751/1142/4651 2750/1141/4341 2743/1143/4342
f 2742/1136/5198 2749/1135/4332 2748/1142/4872
f 2749/1135/4337 2747/1136/4654 2751/1142/4649
f 2750/1141/5197 2742/1136/5199 2748/1142/4335
f 2747/1136/5200 2750/1141/4341 2751/1142/4651
f 2753/1138/4316 2752/1144/4879 2745/1145/4348
f 2752/1144/5201 2754/1139/4317 2745/1145/4350
f 2755/1144/4658 2753/1138/4641 2745/1145/4352
f 2754/1139/5028 2755/1144/5038 2745/1145/4354
f 2753/1138/4316 2742/1136/4315 2752/1144/4879
f 2747/1136/4639 2753/1138/4641 2755/1144/4658
f 2742/1136/5133 2754/1139/4317 2752/1144/5201
f 2754/1139/5028 2747/1136/5027 2755/1144/5038
usemtl mat1.364
f 2763/1135/5142 2756/1136/5040 2758/1137/5142
f 2758/1137/4357 2756/1136/5202 2767/1138/4359
f 2768/1139/4664 2756/1136/4665 2760/1140/4886
f 2760/1140/4667 2756/1136/4364 2764/1141/4667
f 2761/1136/4669 2763/1135/4670 2758/1137/4670
f 2761/1136/4890 2758/1137/4891 2767/1138/4892
f 2761/1136/4674 2768/1139/4371 2760/1140/4372
f 2761/1136/5203 2760/1140/4374 2764/1141/4374
f 2762/1142/4677 2763/1135/4678 2757/1143/4897
f 2764/1141/4679 2762/1142/4379 2757/1143/4680
f 2763/1135/5047 2765/1142/4382 2757/1143/4383
f 2765/1142/4683 2764/1141/4385 2757/1143/5049
f 2756/1136/4685 2763/1135/4678 2762/1142/4677
f 2763/1135/5047 2761/1136/5051 2765/1142/4382
f 2764/1141/4679 2756/1136/4389 2762/1142/4379
f 2761/1136/5204 2764/1141/4385 2765/1142/4683
f 2767/1138/4359 2766/1144/4391 2759/1145/4392
f 2766/1144/4905 2768/1139/4664 2759/1145/4906
f 2769/1144/4395 2767/1138/4892 2759/1145/4692
f 2768/1139/4371 2769/1144/4397 2759/1145/5205
f 2767/1138/4359 2756/1136/5202 2766/1144/4391
f 2761/1136/4890 2767/1138/4892 2769/1144/4395
f 2756/1136/4665 2768/1139/4664 2766/1144/4905
f 2768/1139/4371 2761/1136/4674 2769/1144/4397
usemtl mat1.365
f 2777/1135/4909 2770/1136/4910 2772/1137/4909
f 2772/1137/4401 2770/1136/4402 2781/1138/4403
f 2782/1139/5206 2770/1136/5056 2774/1140/4406
f 2774/1140/4701 2770/1136/4702 2778/1141/4701
f 2775/1136/4914 2777/1135/5155 2772/1137/5155
f 2775/1136/4705 2772/1137/5207 2781/1138/5208
f 2775/1136/4414 2782/1139/5059 2774/1140/4416
f 2775/1136/4919 2774/1140/4418 2778/1141/4418
f 2776/1142/4419 2777/1135/5063 2771/1143/4713
f 2778/1141/4422 2776/1142/4921 2771/1143/4716
f 2777/1135/4425 2779/1142/4718 2771/1143/4719
f 2779/1142/5209 2778/1141/4721 2771/1143/4923
f 2770/1136/4431 2777/1135/5063 2776/1142/4419
f 2777/1135/4425 2775/1136/5210 2779/1142/4718
f 2778/1141/4422 2770/1136/5161 2776/1142/4921
f 2775/1136/5162 2778/1141/4721 2779/1142/5209
f 2781/1138/4403 2780/1144/4727 2773/1145/5071
f 2780/1144/4437 2782/1139/5206 2773/1145/4438
f 2783/1144/4731 2781/1138/5208 2773/1145/4440
f 2782/1139/5059 2783/1144/5075 2773/1145/4930
f 2781/1138/4403 2770/1136/4402 2780/1144/4727
f 2775/1136/4705 2781/1138/5208 2783/1144/4731
f 2770/1136/5056 2782/1139/5206 2780/1144/4437
f 2782/1139/5059 2775/1136/4414 2783/1144/5075
usemtl mat1.366
f 2791/1135/4733 2784/1136/5211 2786/1137/4733
f 2786/1137/5077 2784/1136/4446 2795/1138/4447
f 2796/1139/4448 2784/1136/4449 2788/1140/4736
f 2788/1140/5080 2784/1136/4738 2792/1141/5080
f 2789/1136/4739 2791/1135/4454 2786/1137/4454
f 2789/1136/4741 2786/1137/4456 2795/1138/4457
f 2789/1136/5083 2796/1139/4459 2788/1140/5084
f 2789/1136/4746 2788/1140/4747 2792/1141/4747
f 2790/1142/4942 2791/1135/5212 2785/1143/4750
f 2792/1141/4466 2790/1142/4467 2785/1143/4752
f 2791/1135/4753 2793/1142/4943 2785/1143/4471
f 2793/1142/4472 2792/1141/4756 2785/1143/4474
f 2784/1136/4947 2791/1135/5212 2790/1142/4942
f 2791/1135/4753 2789/1136/4758 2793/1142/4943
f 2792/1141/4466 2784/1136/4477 2790/1142/4467
f 2789/1136/5213 2792/1141/4756 2793/1142/4472
f 2795/1138/4447 2794/1144/4479 2787/1145/4762
f 2794/1144/4763 2796/1139/4448 2787/1145/4953
f 2797/1144/4765 2795/1138/4457 2787/1145/5214
f 2796/1139/4459 2797/1144/4956 2787/1145/5091
f 2795/1138/4447 2784/1136/4446 2794/1144/4479
f 2789/1136/4741 2795/1138/4457 2797/1144/4765
f 2784/1136/4449 2796/1139/4448 2794/1144/4763
f 2796/1139/4459 2789/1136/5083 2797/1144/4956
usemtl mat1.367
f 2805/1135/5092 2798/1136/4488 2800/1137/5092
f 2800/1137/4959 2798/1136/4490 2809/1138/4961
f 2810/1139/4492 2798/1136/4772 2802/1140/4963
f 2802/1140/4495 2798/1136/5215 2806/1141/4495
f 2803/1136/4497 2805/1135/5175 2800/1137/5175
f 2803/1136/4776 2800/1137/5096 2809/1138/5097
f 2803/1136/5176 2810/1139/4503 2802/1140/4967
f 2803/1136/5216 2802/1140/4782 2806/1141/4782
f 2804/1142/4783 2805/1135/4784 2799/1143/4785
f 2806/1141/4786 2804/1142/4787 2799/1143/4512
f 2805/1135/4788 2807/1142/4970 2799/1143/5179
f 2807/1142/5180 2806/1141/5181 2799/1143/4518
f 2798/1136/5217 2805/1135/4784 2804/1142/4783
f 2805/1135/4788 2803/1136/4794 2807/1142/4970
f 2806/1141/4786 2798/1136/5218 2804/1142/4787
f 2803/1136/4974 2806/1141/5181 2807/1142/5180
f 2809/1138/4961 2808/1144/5102 2801/1145/4524
f 2808/1144/4975 2810/1139/4492 2801/1145/4798
f 2811/1144/4976 2809/1138/5097 2801/1145/4528
f 2810/1139/4503 2811/1144/4529 2801/1145/4530
f 2809/1138/4961 2798/1136/4490 2808/1144/5102
f 2803/1136/4776 2809/1138/5097 2811/1144/4976
f 2798/1136/4772 2810/1139/4492 2808/1144/4975
f 2810/1139/4503 2803/1136/5176 2811/1144/4529
usemtl mat1.368
f 2819/1135/4802 2812/1136/4803 2814/1137/4802
f 2814/1137/4804 2812/1136/4805 2823/1138/4184
f 2824/1139/4185 2812/1136/5219 2816/1140/4535
f 2816/1140/4188 2812/1136/5220 2820/1141/4188
f 2817/1136/4190 2819/1135/4809 2814/1137/4809
f 2817/1136/4192 2814/1137/4811 2823/1138/4540
f 2817/1136/4981 2824/1139/4982 2816/1140/5221
f 2817/1136/4542 2816/1140/4199 2820/1141/4199
f 2818/1142/4816 2819/1135/4817 2813/1143/4818
f 2820/1141/4203 2818/1142/4547 2813/1143/4205
f 2819/1135/4206 2821/1142/4819 2813/1143/4208
f 2821/1142/4820 2820/1141/4210 2813/1143/5222
f 2812/1136/4983 2819/1135/4817 2818/1142/4816
f 2819/1135/4206 2817/1136/4984 2821/1142/4819
f 2820/1141/4203 2812/1136/4555 2818/1142/4547
f 2817/1136/4823 2820/1141/4210 2821/1142/4820
f 2823/1138/4184 2822/1144/4986 2815/1145/4557
f 2822/1144/4987 2824/1139/4185 2815/1145/4826
f 2825/1144/4220 2823/1138/4540 2815/1145/4561
f 2824/1139/4982 2825/1144/5109 2815/1145/4563
f 2823/1138/4184 2812/1136/4805 2822/1144/4986
f 2817/1136/4192 2823/1138/4540 2825/1144/4220
f 2812/1136/5219 2824/1139/4185 2822/1144/4987
f 2824/1139/4982 2817/1136/4981 2825/1144/5109
usemtl mat1.369
f 2833/1135/5191 2826/1136/5223 2828/1137/5191
f 2828/1137/4827 2826/1136/4567 2837/1138/4828
f 2838/1139/5111 2826/1136/4230 2830/1140/4993
f 2830/1140/5112 2826/1136/4991 2834/1141/5112
f 2831/1136/4833 2833/1135/4834 2828/1137/4834
f 2831/1136/5113 2828/1137/4576 2837/1138/4238
f 2831/1136/4577 2838/1139/4240 2830/1140/4578
f 2831/1136/4997 2830/1140/5224 2834/1141/5224
f 2832/1142/4581 2833/1135/4582 2827/1143/4246
f 2834/1141/4583 2832/1142/4248 2827/1143/4249
f 2833/1135/4251 2835/1142/4251 2827/1143/4252
f 2835/1142/4254 2834/1141/4586 2827/1143/4255
f 2826/1136/4587 2833/1135/4582 2832/1142/4581
f 2833/1135/4251 2831/1136/5193 2835/1142/4251
f 2834/1141/4583 2826/1136/4589 2832/1142/4248
f 2831/1136/4590 2834/1141/4586 2835/1142/4254
f 2837/1138/4828 2836/1144/5118 2829/1145/4261
f 2836/1144/4846 2838/1139/5111 2829/1145/4263
f 2839/1144/4264 2837/1138/4238 2829/1145/4593
f 2838/1139/4240 2839/1144/4847 2829/1145/4595
f 2837/1138/4828 2826/1136/4567 2836/1144/5118
f 2831/1136/5113 2837/1138/4238 2839/1144/4264
f 2826/1136/4230 2838/1139/5111 2836/1144/4846
f 2838/1139/4240 2831/1136/4577 2839/1144/4847
usemtl mat1.370
f 2847/1135/4268 2840/1136/5225 2842/1137/4268
f 2842/1137/4849 2840/1136/4596 2851/1138/5121
f 2852/1139/4273 2840/1136/4598 2844/1140/4275
f 2844/1140/4276 2840/1136/4600 2848/1141/4276
f 2845/1136/4278 2847/1135/5123 2842/1137/5123
f 2845/1136/5007 2842/1137/4281 2851/1138/4282
f 2845/1136/5124 2852/1139/4284 2844/1140/4285
f 2845/1136/5009 2844/1140/4606 2848/1141/4606
f 2846/1142/4288 2847/1135/5125 2841/1143/4290
f 2848/1141/5012 2846/1142/4611 2841/1143/5013
f 2847/1135/4294 2849/1142/4612 2841/1143/4296
f 2849/1142/5226 2848/1141/4298 2841/1143/5015
f 2840/1136/5195 2847/1135/5125 2846/1142/4288
f 2847/1135/4294 2845/1136/4301 2849/1142/4612
f 2848/1141/5012 2840/1136/5128 2846/1142/4611
f 2845/1136/4857 2848/1141/4298 2849/1142/5226
f 2851/1138/5121 2850/1144/5130 2843/1145/5227
f 2850/1144/4858 2852/1139/4273 2843/1145/4623
f 2853/1144/5021 2851/1138/4282 2843/1145/5022
f 2852/1139/4284 2853/1144/4310 2843/1145/4311
f 2851/1138/5121 2840/1136/4596 2850/1144/5130
f 2845/1136/5007 2851/1138/4282 2853/1144/5021
f 2840/1136/4598 2852/1139/4273 2850/1144/4858
f 2852/1139/4284 2845/1136/5124 2853/1144/4310
usemtl mat1.371
f 2861/1135/4860 2854/1136/4861 2856/1137/4860
f 2856/1137/4314 2854/1136/5228 2865/1138/4316
f 2866/1139/4317 2854/1136/4864 2858/1140/4319
f 2858/1140/5134 2854/1136/5135 2862/1141/5134
f 2859/1136/4330 2861/1135/5025 2856/1137/5025
f 2859/1136/4639 2856/1137/4325 2865/1138/4641
f 2859/1136/5027 2866/1139/4328 2858/1140/4329
f 2859/1136/4330 2858/1140/5229 2862/1141/5229
f 2860/1142/4872 2861/1135/4332 2855/1143/4333
f 2862/1141/4334 2860/1142/4647 2855/1143/4336
f 2861/1135/4337 2863/1142/4649 2855/1143/4650
f 2863/1142/4651 2862/1141/4652 2855/1143/4342
f 2854/1136/4876 2861/1135/4332 2860/1142/4872
f 2861/1135/4337 2859/1136/5230 2863/1142/4649
f 2862/1141/4334 2854/1136/5231 2860/1142/4647
f 2859/1136/4656 2862/1141/4652 2863/1142/4651
f 2865/1138/4316 2864/1144/4879 2857/1145/4348
f 2864/1144/4657 2866/1139/4317 2857/1145/4350
f 2867/1144/4658 2865/1138/4641 2857/1145/4352
f 2866/1139/4328 2867/1144/5038 2857/1145/4354
f 2865/1138/4316 2854/1136/5228 2864/1144/4879
f 2859/1136/4639 2865/1138/4641 2867/1144/4658
f 2854/1136/4864 2866/1139/4317 2864/1144/4657
f 2866/1139/4328 2859/1136/5027 2867/1144/5038
usemtl mat1.372
f 2875/1135/5142 2868/1136/5232 2870/1137/5142
f 2870/1137/5041 2868/1136/4358 2879/1138/4663
f 2880/1139/4664 2868/1136/4665 2872/1140/4886
f 2872/1140/4667 2868/1136/5233 2876/1141/4667
f 2873/1136/5043 2875/1135/5044 2870/1137/5044
f 2873/1136/4890 2870/1137/4891 2879/1138/4892
f 2873/1136/4893 2880/1139/4371 2872/1140/4372
f 2873/1136/4894 2872/1140/4676 2876/1141/4676
f 2874/1142/4677 2875/1135/4678 2869/1143/4897
f 2876/1141/4898 2874/1142/4379 2869/1143/4899
f 2875/1135/5047 2877/1142/4382 2869/1143/4383
f 2877/1142/4683 2876/1141/4385 2869/1143/4386
f 2868/1136/4685 2875/1135/4678 2874/1142/4677
f 2875/1135/5047 2873/1136/5051 2877/1142/4382
f 2876/1141/4898 2868/1136/5148 2874/1142/4379
f 2873/1136/4687 2876/1141/4385 2877/1142/4683
f 2879/1138/4663 2878/1144/4391 2871/1145/4392
f 2878/1144/4905 2880/1139/4664 2871/1145/4906
f 2881/1144/4395 2879/1138/4892 2871/1145/4692
f 2880/1139/4371 2881/1144/4397 2871/1145/4693
f 2879/1138/4663 2868/1136/4358 2878/1144/4391
f 2873/1136/4890 2879/1138/4892 2881/1144/4395
f 2868/1136/4665 2880/1139/4664 2878/1144/4905
f 2880/1139/4371 2873/1136/4893 2881/1144/4397
usemtl mat1.373
f 2889/1135/4909 2882/1136/5054 2884/1137/4909
f 2884/1137/4401 2882/1136/4402 2893/1138/5234
f 2894/1139/4404 2882/1136/5056 2886/1140/4406
f 2886/1140/4701 2882/1136/5235 2890/1141/4701
f 2887/1136/5236 2889/1135/5237 2884/1137/5237
f 2887/1136/5238 2884/1137/5057 2893/1138/4707
f 2887/1136/5239 2894/1139/5059 2886/1140/4416
f 2887/1136/4709 2886/1140/5061 2890/1141/5061
f 2888/1142/4419 2889/1135/5063 2883/1143/4713
f 2890/1141/4422 2888/1142/4921 2883/1143/4716
f 2889/1135/5240 2891/1142/4718 2883/1143/4719
f 2891/1142/5241 2890/1141/4721 2883/1143/4923
f 2882/1136/5242 2889/1135/5063 2888/1142/4419
f 2889/1135/5240 2887/1136/4925 2891/1142/4718
f 2890/1141/4422 2882/1136/4725 2888/1142/4921
f 2887/1136/5243 2890/1141/4721 2891/1142/5241
f 2893/1138/5234 2892/1144/4727 2885/1145/5071
f 2892/1144/5072 2894/1139/4404 2885/1145/4438
f 2895/1144/4731 2893/1138/4707 2885/1145/4440
f 2894/1139/5059 2895/1144/5075 2885/1145/4930
f 2893/1138/5234 2882/1136/4402 2892/1144/4727
f 2887/1136/5238 2893/1138/4707 2895/1144/4731
f 2882/1136/5056 2894/1139/4404 2892/1144/5072
f 2894/1139/5059 2887/1136/5239 2895/1144/5075
usemtl mat1.374
f 2903/1135/4733 2896/1136/4444 2898/1137/4733
f 2898/1137/4735 2896/1136/4446 2907/1138/4447
f 2908/1139/4448 2896/1136/4934 2900/1140/4450
f 2900/1140/4936 2896/1136/5165 2904/1141/4936
f 2901/1136/5166 2903/1135/4454 2898/1137/4454
f 2901/1136/4741 2898/1137/4456 2907/1138/4457
f 2901/1136/5083 2908/1139/4459 2900/1140/5244
f 2901/1136/4940 2900/1140/4747 2904/1141/4747
f 2902/1142/4942 2903/1135/4749 2897/1143/4750
f 2904/1141/4466 2902/1142/4467 2897/1143/4752
f 2903/1135/4753 2905/1142/4754 2897/1143/4471
f 2905/1142/4472 2904/1141/4756 2897/1143/4946
f 2896/1136/4947 2903/1135/4749 2902/1142/4942
f 2903/1135/4753 2901/1136/5245 2905/1142/4754
f 2904/1141/4466 2896/1136/4477 2902/1142/4467
f 2901/1136/4949 2904/1141/4756 2905/1142/4472
f 2907/1138/4447 2906/1144/4761 2899/1145/4762
f 2906/1144/4763 2908/1139/4448 2899/1145/5246
f 2909/1144/4954 2907/1138/4457 2899/1145/5214
f 2908/1139/4459 2909/1144/4956 2899/1145/5247
f 2907/1138/4447 2896/1136/4446 2906/1144/4761
f 2901/1136/4741 2907/1138/4457 2909/1144/4954
f 2896/1136/4934 2908/1139/4448 2906/1144/4763
f 2908/1139/4459 2901/1136/5083 2909/1144/4956
usemtl mat1.375
f 2917/1135/5092 2910/1136/5248 2912/1137/5092
f 2912/1137/4959 2910/1136/4490 2921/1138/4961
f 2922/1139/4492 2910/1136/5249 2914/1140/5173
f 2914/1140/4495 2910/1136/5215 2918/1141/4495
f 2915/1136/4497 2917/1135/4498 2912/1137/4498
f 2915/1136/5095 2912/1137/5096 2921/1138/5097
f 2915/1136/5176 2922/1139/4503 2914/1140/4967
f 2915/1136/5250 2914/1140/4782 2918/1141/4782
f 2916/1142/4783 2917/1135/4784 2911/1143/4785
f 2918/1141/4786 2916/1142/4787 2911/1143/4512
f 2917/1135/4788 2919/1142/4970 2911/1143/5179
f 2919/1142/5180 2918/1141/5181 2911/1143/4518
f 2910/1136/5217 2917/1135/4784 2916/1142/4783
f 2917/1135/4788 2915/1136/5100 2919/1142/4970
f 2918/1141/4786 2910/1136/5218 2916/1142/4787
f 2915/1136/4974 2918/1141/5181 2919/1142/5180
f 2921/1138/4961 2920/1144/5102 2913/1145/4524
f 2920/1144/4975 2922/1139/4492 2913/1145/4798
f 2923/1144/4976 2921/1138/5097 2913/1145/4528
f 2922/1139/4503 2923/1144/4529 2913/1145/4530
f 2921/1138/4961 2910/1136/4490 2920/1144/5102
f 2915/1136/5095 2921/1138/5097 2923/1144/4976
f 2910/1136/5249 2922/1139/4492 2920/1144/4975
f 2922/1139/4503 2915/1136/5176 2923/1144/4529
usemtl mat1.376
f 2931/1135/4802 2924/1136/5251 2926/1137/4802
f 2926/1137/5103 2924/1136/4805 2935/1138/4184
f 2936/1139/4185 2924/1136/5219 2928/1140/4187
f 2928/1140/4188 2924/1136/4808 2932/1141/4188
f 2929/1136/4190 2931/1135/4809 2926/1137/4809
f 2929/1136/5252 2926/1137/4811 2935/1138/4540
f 2929/1136/4981 2936/1139/4982 2928/1140/4814
f 2929/1136/4198 2928/1140/4199 2932/1141/4199
f 2930/1142/4816 2931/1135/4817 2925/1143/4202
f 2932/1141/4203 2930/1142/4547 2925/1143/4548
f 2931/1135/4206 2933/1142/4819 2925/1143/5253
f 2933/1142/4820 2932/1141/4210 2925/1143/5222
f 2924/1136/4983 2931/1135/4817 2930/1142/4816
f 2931/1135/4206 2929/1136/4984 2933/1142/4819
f 2932/1141/4203 2924/1136/4555 2930/1142/4547
f 2929/1136/4823 2932/1141/4210 2933/1142/4820
f 2935/1138/4184 2934/1144/4216 2927/1145/4217
f 2934/1144/4987 2936/1139/4185 2927/1145/4826
f 2937/1144/4220 2935/1138/4540 2927/1145/4561
f 2936/1139/4982 2937/1144/5109 2927/1145/4563
f 2935/1138/4184 2924/1136/4805 2934/1144/4216
f 2929/1136/5252 2935/1138/4540 2937/1144/4220
f 2924/1136/5219 2936/1139/4185 2934/1144/4987
f 2936/1139/4982 2929/1136/4981 2937/1144/5109
usemtl mat1.377
f 2945/1135/5191 2938/1136/5223 2940/1137/5191
f 2940/1137/4827 2938/1136/4227 2949/1138/4828
f 2950/1139/5111 2938/1136/4230 2942/1140/4993
f 2942/1140/5112 2938/1136/4991 2946/1141/5112
f 2943/1136/4833 2945/1135/4235 2940/1137/4235
f 2943/1136/5113 2940/1137/4836 2949/1138/4238
f 2943/1136/4577 2950/1139/4240 2942/1140/4578
f 2943/1136/5114 2942/1140/4839 2946/1141/4839
f 2944/1142/4581 2945/1135/4582 2939/1143/4246
f 2946/1141/4583 2944/1142/4248 2939/1143/4249
f 2945/1135/4251 2947/1142/4251 2939/1143/4252
f 2947/1142/4254 2946/1141/4586 2939/1143/4255
f 2938/1136/4587 2945/1135/4582 2944/1142/4581
f 2945/1135/4251 2943/1136/5254 2947/1142/4251
f 2946/1141/4583 2938/1136/4589 2944/1142/4248
f 2943/1136/4844 2946/1141/4586 2947/1142/4254
f 2949/1138/4828 2948/1144/5118 2941/1145/4261
f 2948/1144/4846 2950/1139/5111 2941/1145/4263
f 2951/1144/4264 2949/1138/4238 2941/1145/4593
f 2950/1139/4240 2951/1144/4847 2941/1145/4595
f 2949/1138/4828 2938/1136/4227 2948/1144/5118
f 2943/1136/5113 2949/1138/4238 2951/1144/4264
f 2938/1136/4230 2950/1139/5111 2948/1144/4846
f 2950/1139/4240 2943/1136/4577 2951/1144/4847
usemtl mat1.378
f 2959/1135/4268 2952/1136/5119 2954/1137/4268
f 2954/1137/4849 2952/1136/4596 2963/1138/5121
f 2964/1139/4273 2952/1136/4598 2956/1140/4275
f 2956/1140/5122 2952/1136/4851 2960/1141/5122
f 2957/1136/4278 2959/1135/4279 2954/1137/4279
f 2957/1136/5007 2954/1137/5194 2963/1138/4282
f 2957/1136/5255 2964/1139/4284 2956/1140/4285
f 2957/1136/5256 2956/1140/4606 2960/1141/4606
f 2958/1142/4288 2959/1135/5011 2953/1143/4290
f 2960/1141/4610 2958/1142/4611 2953/1143/5013
f 2959/1135/4294 2961/1142/4295 2953/1143/4296
f 2961/1142/5014 2960/1141/4298 2953/1143/5015
f 2952/1136/5016 2959/1135/5011 2958/1142/4288
f 2959/1135/4294 2957/1136/4301 2961/1142/4295
f 2960/1141/4610 2952/1136/5128 2958/1142/4611
f 2957/1136/4619 2960/1141/4298 2961/1142/5014
f 2963/1138/5121 2962/1144/4620 2955/1145/4305
f 2962/1144/4858 2964/1139/4273 2955/1145/4623
f 2965/1144/5257 2963/1138/4282 2955/1145/5022
f 2964/1139/4284 2965/1144/4626 2955/1145/4311
f 2963/1138/5121 2952/1136/4596 2962/1144/4620
f 2957/1136/5007 2963/1138/4282 2965/1144/5257
f 2952/1136/4598 2964/1139/4273 2962/1144/4858
f 2964/1139/4284 2957/1136/5255 2965/1144/4626
usemtl mat1.379
f 2973/1135/4860 2966/1136/5258 2968/1137/4860
f 2968/1137/4314 2966/1136/4315 2977/1138/4316
f 2978/1139/4317 2966/1136/4864 2970/1140/4319
f 2970/1140/5134 2966/1136/5135 2974/1141/5134
f 2971/1136/4330 2973/1135/5025 2968/1137/5025
f 2971/1136/4639 2968/1137/4325 2977/1138/4641
f 2971/1136/5027 2978/1139/5028 2970/1140/5196
f 2971/1136/4330 2970/1140/4331 2974/1141/4331
f 2972/1142/4872 2973/1135/5032 2967/1143/4333
f 2974/1141/4334 2972/1142/4647 2967/1143/4336
f 2973/1135/4337 2975/1142/4649 2967/1143/4650
f 2975/1142/4651 2974/1141/4875 2967/1143/4342
f 2966/1136/4876 2973/1135/5032 2972/1142/4872
f 2973/1135/4337 2971/1136/4654 2975/1142/4649
f 2974/1141/4334 2966/1136/5231 2972/1142/4647
f 2971/1136/5200 2974/1141/4875 2975/1142/4651
f 2977/1138/4316 2976/1144/4879 2969/1145/4348
f 2976/1144/4657 2978/1139/4317 2969/1145/4350
f 2979/1144/5141 2977/1138/4641 2969/1145/4352
f 2978/1139/5028 2979/1144/5038 2969/1145/4354
f 2977/1138/4316 2966/1136/4315 2976/1144/4879
f 2971/1136/4639 2977/1138/4641 2979/1144/5141
f 2966/1136/4864 2978/1139/4317 2976/1144/4657
f 2978/1139/5028 2971/1136/5027 2979/1144/5038
usemtl mat1.380
f 2987/1135/5142 2980/1136/5232 2982/1137/5142
f 2982/1137/5041 2980/1136/4358 2991/1138/4663
f 2992/1139/4664 2980/1136/4665 2984/1140/4886
f 2984/1140/4667 2980/1136/5042 2988/1141/4667
f 2985/1136/4669 2987/1135/5044 2982/1137/5044
f 2985/1136/4890 2982/1137/4891 2991/1138/4892
f 2985/1136/4893 2992/1139/4371 2984/1140/4372
f 2985/1136/4675 2984/1140/4676 2988/1141/4676
f 2986/1142/4677 2987/1135/4678 2981/1143/4897
f 2988/1141/5046 2986/1142/4379 2981/1143/4899
f 2987/1135/5047 2989/1142/4682 2981/1143/4383
f 2989/1142/4683 2988/1141/4385 2981/1143/4386
f 2980/1136/5050 2987/1135/4678 2986/1142/4677
f 2987/1135/5047 2985/1136/5051 2989/1142/4682
f 2988/1141/5046 2980/1136/4389 2986/1142/4379
f 2985/1136/5204 2988/1141/4385 2989/1142/4683
f 2991/1138/4663 2990/1144/4391 2983/1145/4392
f 2990/1144/4905 2992/1139/4664 2983/1145/4906
f 2993/1144/4395 2991/1138/4892 2983/1145/4692
f 2992/1139/4371 2993/1144/4397 2983/1145/4693
f 2991/1138/4663 2980/1136/4358 2990/1144/4391
f 2985/1136/4890 2991/1138/4892 2993/1144/4395
f 2980/1136/4665 2992/1139/4664 2990/1144/4905
f 2992/1139/4371 2985/1136/4893 2993/1144/4397
usemtl mat1.381
f 3001/1135/5259 2994/1136/5260 2996/1137/5259
f 2996/1137/4401 2994/1136/4402 3005/1138/4403
f 3006/1139/4404 2994/1136/5056 2998/1140/4406
f 2998/1140/4407 2994/1136/4702 3002/1141/4407
f 2999/1136/5261 3001/1135/5155 2996/1137/5155
f 2999/1136/4705 2996/1137/5057 3005/1138/4707
f 2999/1136/5239 3006/1139/5059 2998/1140/4416
f 2999/1136/4709 2998/1140/4418 3002/1141/4418
f 3000/1142/4419 3001/1135/5063 2995/1143/4713
f 3002/1141/4714 3000/1142/4921 2995/1143/5262
f 3001/1135/4425 3003/1142/4718 2995/1143/4719
f 3003/1142/5209 3002/1141/4721 2995/1143/4923
f 2994/1136/5242 3001/1135/5063 3000/1142/4419
f 3001/1135/4425 2999/1136/4925 3003/1142/4718
f 3002/1141/4714 2994/1136/4725 3000/1142/4921
f 2999/1136/5162 3002/1141/4721 3003/1142/5209
f 3005/1138/4403 3004/1144/4727 2997/1145/5071
f 3004/1144/5072 3006/1139/4404 2997/1145/4438
f 3007/1144/4731 3005/1138/4707 2997/1145/4440
f 3006/1139/5059 3007/1144/5075 2997/1145/4930
f 3005/1138/4403 2994/1136/4402 3004/1144/4727
f 2999/1136/4705 3005/1138/4707 3007/1144/4731
f 2994/1136/5056 3006/1139/4404 3004/1144/5072
f 3006/1139/5059 2999/1136/5239 3007/1144/5075
usemtl mat1.382
f 3015/1135/4733 3008/1136/5263 3010/1137/4733
f 3010/1137/4735 3008/1136/4446 3019/1138/4447
f 3020/1139/4448 3008/1136/4449 3012/1140/4450
f 3012/1140/5080 3008/1136/5081 3016/1141/5080
f 3013/1136/4739 3015/1135/4454 3010/1137/4454
f 3013/1136/4741 3010/1137/4456 3019/1138/4457
f 3013/1136/4938 3020/1139/4459 3012/1140/5264
f 3013/1136/4940 3012/1140/4747 3016/1141/4747
f 3014/1142/4942 3015/1135/5212 3009/1143/4750
f 3016/1141/4466 3014/1142/4467 3009/1143/4752
f 3015/1135/4753 3017/1142/4754 3009/1143/4755
f 3017/1142/4472 3016/1141/4756 3009/1143/4474
f 3008/1136/4947 3015/1135/5212 3014/1142/4942
f 3015/1135/4753 3013/1136/4758 3017/1142/4754
f 3016/1141/4466 3008/1136/4477 3014/1142/4467
f 3013/1136/4949 3016/1141/4756 3017/1142/4472
f 3019/1138/4447 3018/1144/4761 3011/1145/4762
f 3018/1144/4763 3020/1139/4448 3011/1145/4953
f 3021/1144/4765 3019/1138/4457 3011/1145/5214
f 3020/1139/4459 3021/1144/4956 3011/1145/5091
f 3019/1138/4447 3008/1136/4446 3018/1144/4761
f 3013/1136/4741 3019/1138/4457 3021/1144/4765
f 3008/1136/4449 3020/1139/4448 3018/1144/4763
f 3020/1139/4459 3013/1136/4938 3021/1144/4956
usemtl mat1.383
f 3029/1135/5092 3022/1136/5265 3024/1137/5092
f 3024/1137/4959 3022/1136/4490 3033/1138/4961
f 3034/1139/4492 3022/1136/5249 3026/1140/5173
f 3026/1140/4964 3022/1136/4774 3030/1141/4964
f 3027/1136/4497 3029/1135/4498 3024/1137/4498
f 3027/1136/5095 3024/1137/4777 3033/1138/4778
f 3027/1136/4779 3034/1139/4503 3026/1140/4967
f 3027/1136/5098 3026/1140/4782 3030/1141/4782
f 3028/1142/4783 3029/1135/4784 3023/1143/4785
f 3030/1141/4786 3028/1142/4787 3023/1143/4512
f 3029/1135/4788 3031/1142/4970 3023/1143/5179
f 3031/1142/5180 3030/1141/5181 3023/1143/4518
f 3022/1136/5217 3029/1135/4784 3028/1142/4783
f 3029/1135/4788 3027/1136/4794 3031/1142/4970
f 3030/1141/4786 3022/1136/5101 3028/1142/4787
f 3027/1136/4974 3030/1141/5181 3031/1142/5180
f 3033/1138/4961 3032/1144/5102 3025/1145/4524
f 3032/1144/4975 3034/1139/4492 3025/1145/4798
f 3035/1144/4976 3033/1138/4778 3025/1145/4799
f 3034/1139/4503 3035/1144/4800 3025/1145/4530
f 3033/1138/4961 3022/1136/4490 3032/1144/5102
f 3027/1136/5095 3033/1138/4778 3035/1144/4976
f 3022/1136/5249 3034/1139/4492 3032/1144/4975
f 3034/1139/4503 3027/1136/4779 3035/1144/4800
usemtl mat1.384
f 3043/1135/4802 3036/1136/4977 3038/1137/4802
f 3038/1137/5103 3036/1136/4805 3047/1138/4184
f 3048/1139/4185 3036/1136/4978 3040/1140/4187
f 3040/1140/4188 3036/1136/5266 3044/1141/4188
f 3041/1136/5267 3043/1135/4809 3038/1137/4809
f 3041/1136/4539 3038/1137/4193 3047/1138/4540
f 3041/1136/4981 3048/1139/4982 3040/1140/4814
f 3041/1136/5268 3040/1140/4199 3044/1141/4199
f 3042/1142/4816 3043/1135/4817 3037/1143/4202
f 3044/1141/4203 3042/1142/4547 3037/1143/4548
f 3043/1135/4206 3045/1142/4549 3037/1143/4208
f 3045/1142/4820 3044/1141/4210 3037/1143/5222
f 3036/1136/4983 3043/1135/4817 3042/1142/4816
f 3043/1135/4206 3041/1136/5269 3045/1142/4549
f 3044/1141/4203 3036/1136/4555 3042/1142/4547
f 3041/1136/4823 3044/1141/4210 3045/1142/4820
f 3047/1138/4184 3046/1144/4216 3039/1145/4557
f 3046/1144/4987 3048/1139/4185 3039/1145/4826
f 3049/1144/4220 3047/1138/4540 3039/1145/4561
f 3048/1139/4982 3049/1144/5109 3039/1145/4989
f 3047/1138/4184 3036/1136/4805 3046/1144/4216
f 3041/1136/4539 3047/1138/4540 3049/1144/4220
f 3036/1136/4978 3048/1139/4185 3046/1144/4987
f 3048/1139/4982 3041/1136/4981 3049/1144/5109
usemtl mat1.385
f 3057/1135/5191 3050/1136/5223 3052/1137/5191
f 3052/1137/4827 3050/1136/4567 3061/1138/4828
f 3062/1139/4569 3050/1136/4230 3054/1140/4993
f 3054/1140/4994 3050/1136/4991 3058/1141/4994
f 3055/1136/4833 3057/1135/4235 3052/1137/4235
f 3055/1136/5113 3052/1137/4576 3061/1138/4238
f 3055/1136/4577 3062/1139/4240 3054/1140/4578
f 3055/1136/5270 3054/1140/4839 3058/1141/4839
f 3056/1142/4840 3057/1135/4841 3051/1143/4246
f 3058/1141/4583 3056/1142/4248 3051/1143/4249
f 3057/1135/5115 3059/1142/4251 3051/1143/4585
f 3059/1142/4254 3058/1141/4586 3051/1143/4255
f 3050/1136/5271 3057/1135/4841 3056/1142/4840
f 3057/1135/5115 3055/1136/5193 3059/1142/4251
f 3058/1141/4583 3050/1136/4843 3056/1142/4248
f 3055/1136/5001 3058/1141/4586 3059/1142/4254
f 3061/1138/4828 3060/1144/5118 3053/1145/4261
f 3060/1144/4846 3062/1139/4569 3053/1145/4263
f 3063/1144/4264 3061/1138/4238 3053/1145/4593
f 3062/1139/4240 3063/1144/4594 3053/1145/4595
f 3061/1138/4828 3050/1136/4567 3060/1144/5118
f 3055/1136/5113 3061/1138/4238 3063/1144/4264
f 3050/1136/4230 3062/1139/4569 3060/1144/4846
f 3062/1139/4240 3055/1136/4577 3063/1144/4594
usemtl mat1.386
f 3071/1135/4268 3064/1136/5272 3066/1137/4268
f 3066/1137/4849 3064/1136/4596 3075/1138/5121
f 3076/1139/4273 3064/1136/4598 3068/1140/4275
f 3068/1140/5122 3064/1136/4851 3072/1141/5122
f 3069/1136/4278 3071/1135/5123 3066/1137/5123
f 3069/1136/5007 3066/1137/5194 3075/1138/4282
f 3069/1136/5255 3076/1139/4284 3068/1140/4285
f 3069/1136/5009 3068/1140/4606 3072/1141/4606
f 3070/1142/4288 3071/1135/5125 3065/1143/4609
f 3072/1141/5012 3070/1142/4611 3065/1143/5013
f 3071/1135/4294 3073/1142/4295 3065/1143/4296
f 3073/1142/5014 3072/1141/4298 3065/1143/4299
f 3064/1136/5016 3071/1135/5125 3070/1142/4288
f 3071/1135/4294 3069/1136/4301 3073/1142/4295
f 3072/1141/5012 3064/1136/5128 3070/1142/4611
f 3069/1136/4857 3072/1141/4298 3073/1142/5014
f 3075/1138/5121 3074/1144/4620 3067/1145/5227
f 3074/1144/4858 3076/1139/4273 3067/1145/4623
f 3077/1144/5021 3075/1138/4282 3067/1145/5022
f 3076/1139/4284 3077/1144/4310 3067/1145/4311
f 3075/1138/5121 3064/1136/4596 3074/1144/4620
f 3069/1136/5007 3075/1138/4282 3077/1144/5021
f 3064/1136/4598 3076/1139/4273 3074/1144/4858
f 3076/1139/4284 3069/1136/5255 3077/1144/4310
usemtl mat1.387
f 3085/1135/4860 3078/1136/5258 3080/1137/4860
f 3080/1137/4314 3078/1136/5228 3089/1138/4316
f 3090/1139/4317 3078/1136/4864 3082/1140/4319
f 3082/1140/5134 3078/1136/5273 3086/1141/5134
f 3083/1136/5274 3085/1135/5025 3080/1137/5025
f 3083/1136/4639 3080/1137/4325 3089/1138/4641
f 3083/1136/5027 3090/1139/5028 3082/1140/5196
f 3083/1136/5274 3082/1140/4331 3086/1141/4331
f 3084/1142/4872 3085/1135/4332 3079/1143/4333
f 3086/1141/4334 3084/1142/4647 3079/1143/4336
f 3085/1135/4337 3087/1142/4649 3079/1143/4650
f 3087/1142/4651 3086/1141/4875 3079/1143/4342
f 3078/1136/4876 3085/1135/4332 3084/1142/4872
f 3085/1135/4337 3083/1136/4654 3087/1142/4649
f 3086/1141/4334 3078/1136/5231 3084/1142/4647
f 3083/1136/4878 3086/1141/4875 3087/1142/4651
f 3089/1138/4316 3088/1144/4879 3081/1145/4348
f 3088/1144/4657 3090/1139/4317 3081/1145/4350
f 3091/1144/5141 3089/1138/4641 3081/1145/4352
f 3090/1139/5028 3091/1144/5038 3081/1145/4354
f 3089/1138/4316 3078/1136/5228 3088/1144/4879
f 3083/1136/4639 3089/1138/4641 3091/1144/5141
f 3078/1136/4864 3090/1139/4317 3088/1144/4657
f 3090/1139/5028 3083/1136/5027 3091/1144/5038
usemtl mat1.388
f 3099/1135/5142 3092/1136/5275 3094/1137/5142
f 3094/1137/5041 3092/1136/4358 3103/1138/4663
f 3104/1139/4664 3092/1136/4665 3096/1140/4886
f 3096/1140/4363 3092/1136/5042 3100/1141/4363
f 3097/1136/4669 3099/1135/5044 3094/1137/5044
f 3097/1136/4890 3094/1137/4891 3103/1138/4892
f 3097/1136/4893 3104/1139/4371 3096/1140/4372
f 3097/1136/4675 3096/1140/4676 3100/1141/4676
f 3098/1142/4677 3099/1135/4678 3093/1143/4897
f 3100/1141/4898 3098/1142/4379 3093/1143/4899
f 3099/1135/4681 3101/1142/4682 3093/1143/4383
f 3101/1142/4683 3100/1141/4385 3093/1143/5049
f 3092/1136/5050 3099/1135/4678 3098/1142/4677
f 3099/1135/4681 3097/1136/5051 3101/1142/4682
f 3100/1141/4898 3092/1136/5148 3098/1142/4379
f 3097/1136/4687 3100/1141/4385 3101/1142/4683
f 3103/1138/4663 3102/1144/4391 3095/1145/4392
f 3102/1144/4905 3104/1139/4664 3095/1145/4906
f 3105/1144/4395 3103/1138/4892 3095/1145/4692
f 3104/1139/4371 3105/1144/4397 3095/1145/4908
f 3103/1138/4663 3092/1136/4358 3102/1144/4391
f 3097/1136/4890 3103/1138/4892 3105/1144/4395
f 3092/1136/4665 3104/1139/4664 3102/1144/4905
f 3104/1139/4371 3097/1136/4893 3105/1144/4397
usemtl mat1.389
f 3113/1135/4909 3106/1136/5054 3108/1137/4909
f 3108/1137/4401 3106/1136/4402 3117/1138/4403
f 3118/1139/4404 3106/1136/5056 3110/1140/4406
f 3110/1140/4407 3106/1136/4702 3114/1141/4407
f 3111/1136/5154 3113/1135/5237 3108/1137/5237
f 3111/1136/4705 3108/1137/5057 3117/1138/4707
f 3111/1136/5239 3118/1139/5059 3110/1140/4416
f 3111/1136/4709 3110/1140/5061 3114/1141/5061
f 3112/1142/4419 3113/1135/5063 3107/1143/4713
f 3114/1141/4422 3112/1142/4921 3107/1143/5262
f 3113/1135/4425 3115/1142/4718 3107/1143/4719
f 3115/1142/5209 3114/1141/4721 3107/1143/4923
f 3106/1136/5242 3113/1135/5063 3112/1142/4419
f 3113/1135/4425 3111/1136/5210 3115/1142/4718
f 3114/1141/4422 3106/1136/4725 3112/1142/4921
f 3111/1136/5162 3114/1141/4721 3115/1142/5209
f 3117/1138/4403 3116/1144/4727 3109/1145/5071
f 3116/1144/5072 3118/1139/4404 3109/1145/4438
f 3119/1144/4731 3117/1138/4707 3109/1145/5074
f 3118/1139/5059 3119/1144/5075 3109/1145/4930
f 3117/1138/4403 3106/1136/4402 3116/1144/4727
f 3111/1136/4705 3117/1138/4707 3119/1144/4731
f 3106/1136/5056 3118/1139/4404 3116/1144/5072
f 3118/1139/5059 3111/1136/5239 3119/1144/5075
usemtl mat1.390
f 3127/1135/4733 3120/1136/5211 3122/1137/4733
f 3122/1137/4735 3120/1136/4446 3131/1138/4447
f 3132/1139/4448 3120/1136/4449 3124/1140/4450
f 3124/1140/5080 3120/1136/5276 3128/1141/5080
f 3125/1136/4739 3127/1135/4454 3122/1137/4454
f 3125/1136/4741 3122/1137/4456 3131/1138/4457
f 3125/1136/5083 3132/1139/4459 3124/1140/5264
f 3125/1136/4940 3124/1140/4747 3128/1141/4747
f 3126/1142/4942 3127/1135/4749 3121/1143/4750
f 3128/1141/4466 3126/1142/4467 3121/1143/4752
f 3127/1135/4753 3129/1142/4754 3121/1143/5277
f 3129/1142/4472 3128/1141/4756 3121/1143/4474
f 3120/1136/4947 3127/1135/4749 3126/1142/4942
f 3127/1135/4753 3125/1136/5089 3129/1142/4754
f 3128/1141/4466 3120/1136/4948 3126/1142/4467
f 3125/1136/5171 3128/1141/4756 3129/1142/4472
f 3131/1138/4447 3130/1144/4761 3123/1145/4762
f 3130/1144/4763 3132/1139/4448 3123/1145/4953
f 3133/1144/4765 3131/1138/4457 3123/1145/5214
f 3132/1139/4459 3133/1144/4956 3123/1145/5091
f 3131/1138/4447 3120/1136/4446 3130/1144/4761
f 3125/1136/4741 3131/1138/4457 3133/1144/4765
f 3120/1136/4449 3132/1139/4448 3130/1144/4763
f 3132/1139/4459 3125/1136/5083 3133/1144/4956
usemtl mat1.391
f 3141/1135/5092 3134/1136/5093 3136/1137/5092
f 3136/1137/4959 3134/1136/4490 3145/1138/4961
f 3146/1139/4492 3134/1136/4772 3138/1140/4963
f 3138/1140/4964 3134/1136/4496 3142/1141/4964
f 3139/1136/4497 3141/1135/4498 3136/1137/4498
f 3139/1136/5095 3136/1137/5096 3145/1138/4778
f 3139/1136/4779 3146/1139/4503 3138/1140/4967
f 3139/1136/5250 3138/1140/4782 3142/1141/4782
f 3140/1142/4783 3141/1135/4784 3135/1143/4785
f 3142/1141/4786 3140/1142/4787 3135/1143/4512
f 3141/1135/4788 3143/1142/4970 3135/1143/5179
f 3143/1142/5180 3142/1141/5181 3135/1143/4518
f 3134/1136/5217 3141/1135/4784 3140/1142/4783
f 3141/1135/4788 3139/1136/4794 3143/1142/4970
f 3142/1141/4786 3134/1136/5101 3140/1142/4787
f 3139/1136/4974 3142/1141/5181 3143/1142/5180
f 3145/1138/4961 3144/1144/4523 3137/1145/4524
f 3144/1144/4797 3146/1139/4492 3137/1145/4798
f 3147/1144/4976 3145/1138/4778 3137/1145/4528
f 3146/1139/4503 3147/1144/5182 3137/1145/4530
f 3145/1138/4961 3134/1136/4490 3144/1144/4523
f 3139/1136/5095 3145/1138/4778 3147/1144/4976
f 3134/1136/4772 3146/1139/4492 3144/1144/4797
f 3146/1139/4503 3139/1136/4779 3147/1144/5182
usemtl mat1.392
f 3155/1135/4802 3148/1136/4977 3150/1137/4802
f 3150/1137/4182 3148/1136/4805 3159/1138/4184
f 3160/1139/4185 3148/1136/4978 3152/1140/4187
f 3152/1140/4188 3148/1136/4979 3156/1141/4188
f 3153/1136/4190 3155/1135/4809 3150/1137/4809
f 3153/1136/4539 3150/1137/4193 3159/1138/4540
f 3153/1136/4981 3160/1139/4982 3152/1140/4814
f 3153/1136/4542 3152/1140/4199 3156/1141/4199
f 3154/1142/4816 3155/1135/4201 3149/1143/4202
f 3156/1141/4203 3154/1142/4547 3149/1143/4548
f 3155/1135/4206 3157/1142/4549 3149/1143/4208
f 3157/1142/4820 3156/1141/4210 3149/1143/5222
f 3148/1136/4983 3155/1135/4201 3154/1142/4816
f 3155/1135/4206 3153/1136/5269 3157/1142/4549
f 3156/1141/4203 3148/1136/4555 3154/1142/4547
f 3153/1136/4823 3156/1141/4210 3157/1142/4820
f 3159/1138/4184 3158/1144/4216 3151/1145/4557
f 3158/1144/4987 3160/1139/4185 3151/1145/4826
f 3161/1144/4560 3159/1138/4540 3151/1145/4561
f 3160/1139/4982 3161/1144/5109 3151/1145/4989
f 3159/1138/4184 3148/1136/4805 3158/1144/4216
f 3153/1136/4539 3159/1138/4540 3161/1144/4560
f 3148/1136/4978 3160/1139/4185 3158/1144/4987
f 3160/1139/4982 3153/1136/4981 3161/1144/5109
usemtl mat1.393
f 3169/1135/5191 3162/1136/4991 3164/1137/5191
f 3164/1137/4827 3162/1136/4227 3173/1138/4828
f 3174/1139/4569 3162/1136/4230 3166/1140/4993
f 3166/1140/4994 3162/1136/4991 3170/1141/4994
f 3167/1136/4833 3169/1135/4235 3164/1137/4235
f 3167/1136/5113 3164/1137/4836 3173/1138/4238
f 3167/1136/4577 3174/1139/4240 3166/1140/4578
f 3167/1136/4997 3166/1140/4839 3170/1141/4839
f 3168/1142/4581 3169/1135/4582 3163/1143/4246
f 3170/1141/4583 3168/1142/4248 3163/1143/4249
f 3169/1135/4584 3171/1142/4251 3163/1143/4585
f 3171/1142/4254 3170/1141/4586 3163/1143/4255
f 3162/1136/4587 3169/1135/4582 3168/1142/4581
f 3169/1135/4584 3167/1136/5193 3171/1142/4251
f 3170/1141/4583 3162/1136/4843 3168/1142/4248
f 3167/1136/5278 3170/1141/4586 3171/1142/4254
f 3173/1138/4828 3172/1144/5118 3165/1145/4261
f 3172/1144/4846 3174/1139/4569 3165/1145/4263
f 3175/1144/4264 3173/1138/4238 3165/1145/4593
f 3174/1139/4240 3175/1144/4847 3165/1145/4595
f 3173/1138/4828 3162/1136/4227 3172/1144/5118
f 3167/1136/5113 3173/1138/4238 3175/1144/4264
f 3162/1136/4230 3174/1139/4569 3172/1144/4846
f 3174/1139/4240 3167/1136/4577 3175/1144/4847
usemtl mat1.394
f 3183/1135/4268 3176/1136/4269 3178/1137/4268
f 3178/1137/4849 3176/1136/4596 3187/1138/5121
f 3188/1139/4273 3176/1136/4598 3180/1140/4275
f 3180/1140/5122 3176/1136/4851 3184/1141/5122
f 3181/1136/4278 3183/1135/4279 3178/1137/4279
f 3181/1136/5007 3178/1137/5194 3187/1138/4282
f 3181/1136/5255 3188/1139/4284 3180/1140/4285
f 3181/1136/5279 3180/1140/4606 3184/1141/4606
f 3182/1142/5280 3183/1135/4608 3177/1143/4609
f 3184/1141/5012 3182/1142/4611 3177/1143/5013
f 3183/1135/4294 3185/1142/4612 3177/1143/4296
f 3185/1142/5014 3184/1141/4298 3177/1143/4299
f 3176/1136/5016 3183/1135/4608 3182/1142/5280
f 3183/1135/4294 3181/1136/4301 3185/1142/4612
f 3184/1141/5012 3176/1136/5128 3182/1142/4611
f 3181/1136/5281 3184/1141/4298 3185/1142/5014
f 3187/1138/5121 3186/1144/4620 3179/1145/5227
f 3186/1144/4858 3188/1139/4273 3179/1145/4623
f 3189/1144/5021 3187/1138/4282 3179/1145/5022
f 3188/1139/4284 3189/1144/4310 3179/1145/4311
f 3187/1138/5121 3176/1136/4596 3186/1144/4620
f 3181/1136/5007 3187/1138/4282 3189/1144/5021
f 3176/1136/4598 3188/1139/4273 3186/1144/4858
f 3188/1139/4284 3181/1136/5255 3189/1144/4310
usemtl mat1.395
f 3197/1135/4860 3190/1136/5258 3192/1137/4860
f 3192/1137/4314 3190/1136/4315 3201/1138/4316
f 3202/1139/4317 3190/1136/4864 3194/1140/4319
f 3194/1140/5134 3190/1136/5135 3198/1141/5134
f 3195/1136/5282 3197/1135/5025 3192/1137/5025
f 3195/1136/4639 3192/1137/4325 3201/1138/4641
f 3195/1136/5027 3202/1139/5028 3194/1140/5196
f 3195/1136/4330 3194/1140/4331 3198/1141/4331
f 3196/1142/4332 3197/1135/4332 3191/1143/4333
f 3198/1141/4334 3196/1142/4647 3191/1143/4336
f 3197/1135/4337 3199/1142/4649 3191/1143/4650
f 3199/1142/4651 3198/1141/4341 3191/1143/4342
f 3190/1136/5198 3197/1135/4332 3196/1142/4332
f 3197/1135/4337 3195/1136/4654 3199/1142/4649
f 3198/1141/4334 3190/1136/5231 3196/1142/4647
f 3195/1136/4878 3198/1141/4341 3199/1142/4651
f 3201/1138/4316 3200/1144/4879 3193/1145/4348
f 3200/1144/4657 3202/1139/4317 3193/1145/4350
f 3203/1144/4658 3201/1138/4641 3193/1145/4352
f 3202/1139/5028 3203/1144/5038 3193/1145/4354
f 3201/1138/4316 3190/1136/4315 3200/1144/4879
f 3195/1136/4639 3201/1138/4641 3203/1144/4658
f 3190/1136/4864 3202/1139/4317 3200/1144/4657
f 3202/1139/5028 3195/1136/5027 3203/1144/5038
usemtl mat1.396
f 3211/1135/5142 3204/1136/5232 3206/1137/5142
f 3206/1137/5041 3204/1136/4358 3215/1138/4663
f 3216/1139/4664 3204/1136/4665 3208/1140/4886
f 3208/1140/4363 3204/1136/4668 3212/1141/4363
f 3209/1136/4669 3211/1135/5044 3206/1137/5044
f 3209/1136/4890 3206/1137/4891 3215/1138/4892
f 3209/1136/4893 3216/1139/4371 3208/1140/4372
f 3209/1136/4373 3208/1140/4676 3212/1141/4676
f 3210/1142/4677 3211/1135/4678 3205/1143/4897
f 3212/1141/5046 3210/1142/4379 3205/1143/4680
f 3211/1135/5047 3213/1142/4682 3205/1143/4383
f 3213/1142/4683 3212/1141/4385 3205/1143/4386
f 3204/1136/4685 3211/1135/4678 3210/1142/4677
f 3211/1135/5047 3209/1136/5051 3213/1142/4682
f 3212/1141/5046 3204/1136/5148 3210/1142/4379
f 3209/1136/5204 3212/1141/4385 3213/1142/4683
f 3215/1138/4663 3214/1144/4391 3207/1145/4392
f 3214/1144/4905 3216/1139/4664 3207/1145/4906
f 3217/1144/4395 3215/1138/4892 3207/1145/4692
f 3216/1139/4371 3217/1144/4397 3207/1145/4693
f 3215/1138/4663 3204/1136/4358 3214/1144/4391
f 3209/1136/4890 3215/1138/4892 3217/1144/4395
f 3204/1136/4665 3216/1139/4664 3214/1144/4905
f 3216/1139/4371 3209/1136/4893 3217/1144/4397
usemtl mat1.397
f 3225/1135/5259 3218/1136/5054 3220/1137/5259
f 3220/1137/4401 3218/1136/4402 3229/1138/4403
f 3230/1139/4404 3218/1136/5056 3222/1140/4406
f 3222/1140/4407 3218/1136/4702 3226/1141/4407
f 3223/1136/5261 3225/1135/5237 3220/1137/5237
f 3223/1136/4705 3220/1137/5057 3229/1138/4707
f 3223/1136/4414 3230/1139/5059 3222/1140/4416
f 3223/1136/4709 3222/1140/5061 3226/1141/5061
f 3224/1142/4419 3225/1135/5063 3219/1143/4713
f 3226/1141/4422 3224/1142/4921 3219/1143/5262
f 3225/1135/4425 3227/1142/4718 3219/1143/4719
f 3227/1142/5209 3226/1141/4721 3219/1143/4923
f 3218/1136/5242 3225/1135/5063 3224/1142/4419
f 3225/1135/4425 3223/1136/4925 3227/1142/4718
f 3226/1141/4422 3218/1136/4725 3224/1142/4921
f 3223/1136/5162 3226/1141/4721 3227/1142/5209
f 3229/1138/4403 3228/1144/4727 3221/1145/5071
f 3228/1144/5072 3230/1139/4404 3221/1145/4438
f 3231/1144/4731 3229/1138/4707 3221/1145/4440
f 3230/1139/5059 3231/1144/5075 3221/1145/4930
f 3229/1138/4403 3218/1136/4402 3228/1144/4727
f 3223/1136/4705 3229/1138/4707 3231/1144/4731
f 3218/1136/5056 3230/1139/4404 3228/1144/5072
f 3230/1139/5059 3223/1136/4414 3231/1144/5075
usemtl mat1.398
f 3239/1135/4733 3232/1136/5211 3234/1137/4733
f 3234/1137/4735 3232/1136/4446 3243/1138/4447
f 3244/1139/4448 3232/1136/4934 3236/1140/4450
f 3236/1140/5080 3232/1136/5276 3240/1141/5080
f 3237/1136/5166 3239/1135/4454 3234/1137/4454
f 3237/1136/4741 3234/1137/4456 3243/1138/4457
f 3237/1136/5083 3244/1139/4459 3236/1140/5084
f 3237/1136/4940 3236/1140/5283 3240/1141/5283
f 3238/1142/4942 3239/1135/4749 3233/1143/4750
f 3240/1141/4466 3238/1142/4467 3233/1143/4752
f 3239/1135/4753 3241/1142/4754 3233/1143/4755
f 3241/1142/4472 3240/1141/4756 3233/1143/4474
f 3232/1136/4947 3239/1135/4749 3238/1142/4942
f 3239/1135/4753 3237/1136/4758 3241/1142/4754
f 3240/1141/4466 3232/1136/4948 3238/1142/4467
f 3237/1136/4949 3240/1141/4756 3241/1142/4472
f 3243/1138/4447 3242/1144/4761 3235/1145/4762
f 3242/1144/4763 3244/1139/4448 3235/1145/4953
f 3245/1144/4765 3243/1138/4457 3235/1145/5214
f 3244/1139/4459 3245/1144/4956 3235/1145/5091
f 3243/1138/4447 3232/1136/4446 3242/1144/4761
f 3237/1136/4741 3243/1138/4457 3245/1144/4765
f 3232/1136/4934 3244/1139/4448 3242/1144/4763
f 3244/1139/4459 3237/1136/5083 3245/1144/4956
usemtl mat1.399
f 3253/1135/5092 3246/1136/5093 3248/1137/5092
f 3248/1137/4959 3246/1136/4490 3257/1138/4961
f 3258/1139/4492 3246/1136/5249 3250/1140/4963
f 3250/1140/4964 3246/1136/4496 3254/1141/4964
f 3251/1136/4497 3253/1135/4498 3248/1137/4498
f 3251/1136/5095 3248/1137/5096 3257/1138/4778
f 3251/1136/4779 3258/1139/4503 3250/1140/4967
f 3251/1136/5250 3250/1140/4782 3254/1141/4782
f 3252/1142/4783 3253/1135/4784 3247/1143/4785
f 3254/1141/4786 3252/1142/4787 3247/1143/4512
f 3253/1135/4788 3255/1142/4970 3247/1143/5179
f 3255/1142/5180 3254/1141/5181 3247/1143/4518
f 3246/1136/5217 3253/1135/4784 3252/1142/4783
f 3253/1135/4788 3251/1136/5100 3255/1142/4970
f 3254/1141/4786 3246/1136/5101 3252/1142/4787
f 3251/1136/4974 3254/1141/5181 3255/1142/5180
f 3257/1138/4961 3256/1144/5102 3249/1145/4524
f 3256/1144/4975 3258/1139/4492 3249/1145/4798
f 3259/1144/4976 3257/1138/4778 3249/1145/4799
f 3258/1139/4503 3259/1144/4529 3249/1145/4530
f 3257/1138/4961 3246/1136/4490 3256/1144/5102
f 3251/1136/5095 3257/1138/4778 3259/1144/4976
f 3246/1136/5249 3258/1139/4492 3256/1144/4975
f 3258/1139/4503 3251/1136/4779 3259/1144/4529
usemtl mat1.400
f 3267/1135/4802 3260/1136/4181 3262/1137/4802
f 3262/1137/5103 3260/1136/4183 3271/1138/5284
f 3272/1139/4185 3260/1136/4186 3264/1140/4535
f 3264/1140/4536 3260/1136/4979 3268/1141/4536
f 3265/1136/5267 3267/1135/4191 3262/1137/4191
f 3265/1136/4980 3262/1137/4811 3271/1138/4540
f 3265/1136/5285 3272/1139/4982 3264/1140/4814
f 3265/1136/5286 3264/1140/4815 3268/1141/4815
f 3266/1142/5287 3267/1135/5288 3261/1143/5289
f 3268/1141/4203 3266/1142/4204 3261/1143/4205
f 3267/1135/4206 3269/1142/4549 3261/1143/4208
f 3269/1142/4209 3268/1141/5290 3261/1143/5222
f 3260/1136/4821 3267/1135/5288 3266/1142/5287
f 3267/1135/4206 3265/1136/4984 3269/1142/4549
f 3268/1141/4203 3260/1136/4555 3266/1142/4204
f 3265/1136/4823 3268/1141/5290 3269/1142/4209
f 3271/1138/5284 3270/1144/4986 3263/1145/5291
f 3270/1144/4218 3272/1139/4185 3263/1145/4826
f 3273/1144/4560 3271/1138/4540 3263/1145/4561
f 3272/1139/4982 3273/1144/4988 3263/1145/4989
f 3271/1138/5284 3260/1136/4183 3270/1144/4986
f 3265/1136/4980 3271/1138/4540 3273/1144/4560
f 3260/1136/4186 3272/1139/4185 3270/1144/4218
f 3272/1139/4982 3265/1136/5285 3273/1144/4988
usemtl mat1.401
f 3281/1135/5292 3274/1136/4565 3276/1137/5292
f 3276/1137/4827 3274/1136/5293 3285/1138/4828
f 3286/1139/5111 3274/1136/4230 3278/1140/4993
f 3278/1140/4232 3274/1136/5294 3282/1141/4232
f 3279/1136/4234 3281/1135/4235 3276/1137/4235
f 3279/1136/5113 3276/1137/4836 3285/1138/4837
f 3279/1136/4577 3286/1139/4240 3278/1140/4578
f 3279/1136/4242 3278/1140/5295 3282/1141/5295
f 3280/1142/4840 3281/1135/4841 3275/1143/4246
f 3282/1141/4583 3280/1142/4248 3275/1143/4249
f 3281/1135/4584 3283/1142/4584 3275/1143/4585
f 3283/1142/4998 3282/1141/4998 3275/1143/4255
f 3274/1136/5296 3281/1135/4841 3280/1142/4840
f 3281/1135/4584 3279/1136/5000 3283/1142/4584
f 3282/1141/4583 3274/1136/4589 3280/1142/4248
f 3279/1136/5297 3282/1141/4998 3283/1142/4998
f 3285/1138/4828 3284/1144/5118 3277/1145/4261
f 3284/1144/4846 3286/1139/5111 3277/1145/4263
f 3287/1144/4592 3285/1138/4837 3277/1145/4593
f 3286/1139/4240 3287/1144/4594 3277/1145/4595
f 3285/1138/4828 3274/1136/5293 3284/1144/5118
f 3279/1136/5113 3285/1138/4837 3287/1144/4592
f 3274/1136/4230 3286/1139/5111 3284/1144/4846
f 3286/1139/4240 3279/1136/4577 3287/1144/4594
usemtl mat1.402
f 3295/1135/4268 3288/1136/4269 3290/1137/4268
f 3290/1137/4849 3288/1136/4596 3299/1138/4597
f 3300/1139/4273 3288/1136/5298 3292/1140/5299
f 3292/1140/5122 3288/1136/4851 3296/1141/5122
f 3293/1136/5300 3295/1135/5123 3290/1137/5123
f 3293/1136/5301 3290/1137/4281 3299/1138/4603
f 3293/1136/5302 3300/1139/4284 3292/1140/5303
f 3293/1136/5009 3292/1140/4606 3296/1141/4606
f 3294/1142/5304 3295/1135/5305 3289/1143/4855
f 3296/1141/4610 3294/1142/4611 3289/1143/4293
f 3295/1135/5127 3297/1142/4612 3289/1143/5306
f 3297/1142/5307 3296/1141/4614 3289/1143/4615
f 3288/1136/5308 3295/1135/5305 3294/1142/5304
f 3295/1135/5127 3293/1136/4301 3297/1142/4612
f 3296/1141/4610 3288/1136/5128 3294/1142/4611
f 3293/1136/4619 3296/1141/4614 3297/1142/5307
f 3299/1138/4597 3298/1144/4620 3291/1145/4305
f 3298/1144/5309 3300/1139/4273 3291/1145/4623
f 3301/1144/5021 3299/1138/4603 3291/1145/4625
f 3300/1139/4284 3301/1144/4310 3291/1145/4311
f 3299/1138/4597 3288/1136/4596 3298/1144/4620
f 3293/1136/5301 3299/1138/4603 3301/1144/5021
f 3288/1136/5298 3300/1139/4273 3298/1144/5309
f 3300/1139/4284 3293/1136/5302 3301/1144/4310
usemtl mat1.403
f 3309/1135/4860 3302/1136/4861 3304/1137/4860
f 3304/1137/5310 3302/1136/5311 3313/1138/4316
f 3314/1139/4317 3302/1136/5133 3306/1140/5312
f 3306/1140/4865 3302/1136/4321 3310/1141/4865
f 3307/1136/5313 3309/1135/4638 3304/1137/4638
f 3307/1136/4639 3304/1137/4325 3313/1138/4641
f 3307/1136/5314 3314/1139/4643 3306/1140/5029
f 3307/1136/4637 3306/1140/4331 3310/1141/4331
f 3308/1142/4872 3309/1135/4332 3303/1143/4333
f 3310/1141/4334 3308/1142/4647 3303/1143/4336
f 3309/1135/4337 3311/1142/4649 3303/1143/4650
f 3311/1142/4651 3310/1141/5315 3303/1143/4342
f 3302/1136/4876 3309/1135/4332 3308/1142/4872
f 3309/1135/4337 3307/1136/4654 3311/1142/4649
f 3310/1141/4334 3302/1136/5231 3308/1142/4647
f 3307/1136/5037 3310/1141/5315 3311/1142/4651
f 3313/1138/4316 3312/1144/4347 3305/1145/4348
f 3312/1144/5201 3314/1139/4317 3305/1145/4350
f 3315/1144/4658 3313/1138/4641 3305/1145/4352
f 3314/1139/4643 3315/1144/5316 3305/1145/4354
f 3313/1138/4316 3302/1136/5311 3312/1144/4347
f 3307/1136/4639 3313/1138/4641 3315/1144/4658
f 3302/1136/5133 3314/1139/4317 3312/1144/5201
f 3314/1139/4643 3307/1136/5314 3315/1144/5316
usemtl mat1.404
f 3323/1135/4355 3316/1136/5232 3318/1137/4355
f 3318/1137/4357 3316/1136/5202 3327/1138/4359
f 3328/1139/4664 3316/1136/4885 3320/1140/5317
f 3320/1140/4363 3316/1136/5042 3324/1141/4363
f 3321/1136/4669 3323/1135/5044 3318/1137/5044
f 3321/1136/5318 3318/1137/4891 3327/1138/4369
f 3321/1136/5319 3328/1139/4371 3320/1140/5320
f 3321/1136/4675 3320/1140/4676 3324/1141/4676
f 3322/1142/4677 3323/1135/5321 3317/1143/4897
f 3324/1141/5322 3322/1142/5323 3317/1143/4899
f 3323/1135/5047 3325/1142/4682 3317/1143/4383
f 3325/1142/4683 3324/1141/4385 3317/1143/4684
f 3316/1136/5324 3323/1135/5321 3322/1142/4677
f 3323/1135/5047 3321/1136/4686 3325/1142/4682
f 3324/1141/5322 3316/1136/5148 3322/1142/5323
f 3321/1136/4687 3324/1141/4385 3325/1142/4683
f 3327/1138/4359 3326/1144/4391 3319/1145/5149
f 3326/1144/4905 3328/1139/4664 3319/1145/4906
f 3329/1144/4395 3327/1138/4369 3319/1145/4692
f 3328/1139/4371 3329/1144/5325 3319/1145/4693
f 3327/1138/4359 3316/1136/5202 3326/1144/4391
f 3321/1136/5318 3327/1138/4369 3329/1144/4395
f 3316/1136/4885 3328/1139/4664 3326/1144/4905
f 3328/1139/4371 3321/1136/5319 3329/1144/5325
usemtl mat1.405
f 3337/1135/5326 3330/1136/4695 3332/1137/5326
f 3332/1137/4401 3330/1136/5327 3341/1138/5328
f 3342/1139/4404 3330/1136/5056 3334/1140/5153
f 3334/1140/4407 3330/1136/5329 3338/1141/4407
f 3335/1136/5261 3337/1135/5237 3332/1137/5237
f 3335/1136/5238 3332/1137/4706 3341/1138/4707
f 3335/1136/4414 3342/1139/5059 3334/1140/4416
f 3335/1136/4709 3334/1140/4710 3338/1141/4710
f 3336/1142/4419 3337/1135/5063 3331/1143/4713
f 3338/1141/5330 3336/1142/5331 3331/1143/4716
f 3337/1135/4717 3339/1142/4718 3331/1143/4922
f 3339/1142/4720 3338/1141/4721 3331/1143/4923
f 3330/1136/4431 3337/1135/5063 3336/1142/4419
f 3337/1135/4717 3335/1136/4724 3339/1142/4718
f 3338/1141/5330 3330/1136/4725 3336/1142/5331
f 3335/1136/4726 3338/1141/4721 3339/1142/4720
f 3341/1138/5328 3340/1144/5332 3333/1145/4728
f 3340/1144/5072 3342/1139/4404 3333/1145/4438
f 3343/1144/4731 3341/1138/4707 3333/1145/5074
f 3342/1139/5059 3343/1144/5075 3333/1145/4930
f 3341/1138/5328 3330/1136/5327 3340/1144/5332
f 3335/1136/5238 3341/1138/4707 3343/1144/4731
f 3330/1136/5056 3342/1139/4404 3340/1144/5072
f 3342/1139/5059 3335/1136/4414 3343/1144/5075
usemtl mat1.406
f 3351/1135/5333 3344/1136/4444 3346/1137/5333
f 3346/1137/4735 3344/1136/5334 3355/1138/5079
f 3356/1139/4448 3344/1136/5335 3348/1140/4450
f 3348/1140/5080 3344/1136/5081 3352/1141/5080
f 3349/1136/5166 3351/1135/4454 3346/1137/4454
f 3349/1136/4741 3346/1137/4742 3355/1138/4457
f 3349/1136/4938 3356/1139/4459 3348/1140/5244
f 3349/1136/5336 3348/1140/5283 3352/1141/5283
f 3350/1142/4942 3351/1135/5212 3345/1143/5086
f 3352/1141/4466 3350/1142/4467 3345/1143/5087
f 3351/1135/4753 3353/1142/5337 3345/1143/5277
f 3353/1142/5338 3352/1141/4473 3345/1143/4474
f 3344/1136/5339 3351/1135/5212 3350/1142/4942
f 3351/1135/4753 3349/1136/5170 3353/1142/5337
f 3352/1141/4466 3344/1136/4948 3350/1142/4467
f 3349/1136/5340 3352/1141/4473 3353/1142/5338
f 3355/1138/5079 3354/1144/4761 3347/1145/4762
f 3354/1144/4763 3356/1139/4448 3347/1145/4482
f 3357/1144/4765 3355/1138/4457 3347/1145/4484
f 3356/1139/4459 3357/1144/4956 3347/1145/4957
f 3355/1138/5079 3344/1136/5334 3354/1144/4761
f 3349/1136/4741 3355/1138/4457 3357/1144/4765
f 3344/1136/5335 3356/1139/4448 3354/1144/4763
f 3356/1139/4459 3349/1136/4938 3357/1144/4956
usemtl mat1.407
f 3365/1135/5341 3358/1136/5342 3360/1137/5341
f 3360/1137/4959 3358/1136/4490 3369/1138/4961
f 3370/1139/4492 3358/1136/5249 3362/1140/5343
f 3362/1140/4964 3358/1136/4965 3366/1141/4964
f 3363/1136/5344 3365/1135/4498 3360/1137/4498
f 3363/1136/5095 3360/1137/5096 3369/1138/5097
f 3363/1136/5345 3370/1139/5177 3362/1140/4967
f 3363/1136/5250 3362/1140/4782 3366/1141/4782
f 3364/1142/5346 3365/1135/4784 3359/1143/4785
f 3366/1141/4510 3364/1142/5347 3359/1143/4512
f 3365/1135/4788 3367/1142/5348 3359/1143/4515
f 3367/1142/5180 3366/1141/5349 3359/1143/4518
f 3358/1136/5350 3365/1135/4784 3364/1142/5346
f 3365/1135/4788 3363/1136/4794 3367/1142/5348
f 3366/1141/4510 3358/1136/5351 3364/1142/5347
f 3363/1136/5352 3366/1141/5349 3367/1142/5180
f 3369/1138/4961 3368/1144/5102 3361/1145/4524
f 3368/1144/4797 3370/1139/4492 3361/1145/5353
f 3371/1144/4527 3369/1138/5097 3361/1145/4799
f 3370/1139/5177 3371/1144/5354 3361/1145/4530
f 3369/1138/4961 3358/1136/4490 3368/1144/5102
f 3363/1136/5095 3369/1138/5097 3371/1144/4527
f 3358/1136/5249 3370/1139/4492 3368/1144/4797
f 3370/1139/5177 3363/1136/5345 3371/1144/5354
usemtl mat1.408
f 3379/1135/4802 3372/1136/5251 3374/1137/4802
f 3374/1137/4182 3372/1136/5355 3383/1138/4184
f 3384/1139/4185 3372/1136/4978 3376/1140/4187
f 3376/1140/4188 3372/1136/4979 3380/1141/4188
f 3377/1136/5267 3379/1135/4809 3374/1137/4809
f 3377/1136/5104 3374/1137/4193 3383/1138/4540
f 3377/1136/4541 3384/1139/4196 3376/1140/4197
f 3377/1136/5356 3376/1140/4199 3380/1141/4199
f 3378/1142/4816 3379/1135/4817 3373/1143/4202
f 3380/1141/5357 3378/1142/4547 3373/1143/4548
f 3379/1135/5358 3381/1142/4819 3373/1143/4550
f 3381/1142/4820 3380/1141/4210 3373/1143/5222
f 3372/1136/5359 3379/1135/4817 3378/1142/4816
f 3379/1135/5358 3377/1136/5360 3381/1142/4819
f 3380/1141/5357 3372/1136/5189 3378/1142/4547
f 3377/1136/5108 3380/1141/4210 3381/1142/4820
f 3383/1138/4184 3382/1144/4986 3375/1145/4557
f 3382/1144/4987 3384/1139/4185 3375/1145/4826
f 3385/1144/4560 3383/1138/4540 3375/1145/4221
f 3384/1139/4196 3385/1144/5109 3375/1145/4563
f 3383/1138/4184 3372/1136/5355 3382/1144/4986
f 3377/1136/5104 3383/1138/4540 3385/1144/4560
f 3372/1136/4978 3384/1139/4185 3382/1144/4987
f 3384/1139/4196 3377/1136/4541 3385/1144/5109
usemtl mat1.409
f 3393/1135/4564 3386/1136/5294 3388/1137/4564
f 3388/1137/4226 3386/1136/5361 3397/1138/4568
f 3398/1139/4829 3386/1136/4230 3390/1140/4993
f 3390/1140/4994 3386/1136/5192 3394/1141/4994
f 3391/1136/4833 3393/1135/4834 3388/1137/4834
f 3391/1136/5113 3388/1137/4237 3397/1138/4238
f 3391/1136/4577 3398/1139/4240 3390/1140/4578
f 3391/1136/4579 3390/1140/4580 3394/1141/4580
f 3392/1142/4840 3393/1135/4841 3387/1143/4246
f 3394/1141/4583 3392/1142/4248 3387/1143/4249
f 3393/1135/4251 3395/1142/4251 3387/1143/4585
f 3395/1142/4586 3394/1141/5362 3387/1143/4255
f 3386/1136/5296 3393/1135/4841 3392/1142/4840
f 3393/1135/4251 3391/1136/5254 3395/1142/4251
f 3394/1141/4583 3386/1136/4843 3392/1142/4248
f 3391/1136/5363 3394/1141/5362 3395/1142/4586
f 3397/1138/4568 3396/1144/5002 3389/1145/4261
f 3396/1144/4262 3398/1139/4829 3389/1145/4263
f 3399/1144/4592 3397/1138/4238 3389/1145/4593
f 3398/1139/4240 3399/1144/4847 3389/1145/4267
f 3397/1138/4568 3386/1136/5361 3396/1144/5002
f 3391/1136/5113 3397/1138/4238 3399/1144/4592
f 3386/1136/4230 3398/1139/4829 3396/1144/4262
f 3398/1139/4240 3391/1136/4577 3399/1144/4847
usemtl mat1.410
f 3407/1135/5364 3400/1136/5225 3402/1137/5364
f 3402/1137/4849 3400/1136/4596 3411/1138/5121
f 3412/1139/4273 3400/1136/4598 3404/1140/4275
f 3404/1140/4276 3400/1136/4600 3408/1141/4276
f 3405/1136/4601 3407/1135/5123 3402/1137/5123
f 3405/1136/4602 3402/1137/5194 3411/1138/4282
f 3405/1136/5008 3412/1139/4284 3404/1140/4285
f 3405/1136/4286 3404/1140/4287 3408/1141/4287
f 3406/1142/4288 3407/1135/4289 3401/1143/5365
f 3408/1141/4610 3406/1142/4611 3401/1143/4293
f 3407/1135/4294 3409/1142/4295 3401/1143/5366
f 3409/1142/5226 3408/1141/4298 3401/1143/5015
f 3400/1136/4300 3407/1135/4289 3406/1142/4288
f 3407/1135/4294 3405/1136/4301 3409/1142/4295
f 3408/1141/4610 3400/1136/5128 3406/1142/4611
f 3405/1136/4857 3408/1141/4298 3409/1142/5226
f 3411/1138/5121 3410/1144/5130 3403/1145/5227
f 3410/1144/5367 3412/1139/4273 3403/1145/5131
f 3413/1144/5257 3411/1138/4282 3403/1145/4309
f 3412/1139/4284 3413/1144/4310 3403/1145/4311
f 3411/1138/5121 3400/1136/4596 3410/1144/5130
f 3405/1136/4602 3411/1138/4282 3413/1144/5257
f 3400/1136/4598 3412/1139/4273 3410/1144/5367
f 3412/1139/4284 3405/1136/5008 3413/1144/4310
usemtl mat1.411
f 3421/1135/4628 3414/1136/5023 3416/1137/4628
f 3416/1137/4314 3414/1136/4862 3425/1138/4316
f 3426/1139/4863 3414/1136/5368 3418/1140/5369
f 3418/1140/5134 3414/1136/5135 3422/1141/5134
f 3419/1136/4322 3421/1135/4638 3416/1137/4638
f 3419/1136/5137 3416/1137/4325 3425/1138/4641
f 3419/1136/5370 3426/1139/4643 3418/1140/5029
f 3419/1136/5274 3418/1140/5229 3422/1141/5229
f 3420/1142/5031 3421/1135/5032 3415/1143/4333
f 3422/1141/4334 3420/1142/4647 3415/1143/4336
f 3421/1135/4337 3423/1142/5371 3415/1143/4339
f 3423/1142/4340 3422/1141/4875 3415/1143/4342
f 3414/1136/4876 3421/1135/5032 3420/1142/5031
f 3421/1135/4337 3419/1136/4344 3423/1142/5371
f 3422/1141/4334 3414/1136/5231 3420/1142/4647
f 3419/1136/5372 3422/1141/4875 3423/1142/4340
f 3425/1138/4316 3424/1144/4879 3417/1145/4348
f 3424/1144/5201 3426/1139/4863 3417/1145/4350
f 3427/1144/5141 3425/1138/4641 3417/1145/4352
f 3426/1139/4643 3427/1144/5038 3417/1145/4354
f 3425/1138/4316 3414/1136/4862 3424/1144/4879
f 3419/1136/5137 3425/1138/4641 3427/1144/5141
f 3414/1136/5368 3426/1139/4863 3424/1144/5201
f 3426/1139/4643 3419/1136/5370 3427/1144/5038
usemtl mat1.412
f 3435/1135/5142 3428/1136/5373 3430/1137/5142
f 3430/1137/5041 3428/1136/4358 3439/1138/4663
f 3440/1139/4664 3428/1136/4361 3432/1140/4886
f 3432/1140/4363 3428/1136/4668 3436/1141/4363
f 3433/1136/5043 3435/1135/5044 3430/1137/5044
f 3433/1136/4890 3430/1137/4891 3439/1138/4892
f 3433/1136/5374 3440/1139/4371 3432/1140/4372
f 3433/1136/5375 3432/1140/4374 3436/1141/4374
f 3434/1142/4677 3435/1135/5376 3429/1143/5377
f 3436/1141/5046 3434/1142/4379 3429/1143/4380
f 3435/1135/5047 3437/1142/5378 3429/1143/4383
f 3437/1142/5379 3436/1141/4385 3429/1143/5049
f 3428/1136/5380 3435/1135/5376 3434/1142/4677
f 3435/1135/5047 3433/1136/5051 3437/1142/5378
f 3436/1141/5046 3428/1136/5381 3434/1142/4379
f 3433/1136/5382 3436/1141/4385 3437/1142/5379
f 3439/1138/4663 3438/1144/5383 3431/1145/4392
f 3438/1144/4905 3440/1139/4664 3431/1145/4906
f 3441/1144/5384 3439/1138/4892 3431/1145/4396
f 3440/1139/4371 3441/1144/4397 3431/1145/4693
f 3439/1138/4663 3428/1136/4358 3438/1144/5383
f 3433/1136/4890 3439/1138/4892 3441/1144/5384
f 3428/1136/4361 3440/1139/4664 3438/1144/4905
f 3440/1139/4371 3433/1136/5374 3441/1144/4397
usemtl mat1.413
f 3449/1135/4909 3442/1136/4910 3444/1137/4909
f 3444/1137/4401 3442/1136/4402 3453/1138/5328
f 3454/1139/4404 3442/1136/4405 3446/1140/4406
f 3446/1140/4407 3442/1136/5329 3450/1141/4407
f 3447/1136/5261 3449/1135/5237 3444/1137/5237
f 3447/1136/4705 3444/1137/5057 3453/1138/5208
f 3447/1136/5239 3454/1139/4415 3446/1140/4416
f 3447/1136/5385 3446/1140/5061 3450/1141/5061
f 3448/1142/5062 3449/1135/5063 3443/1143/5064
f 3450/1141/4714 3448/1142/4921 3443/1143/5066
f 3449/1135/5240 3451/1142/4718 3443/1143/5067
f 3451/1142/5386 3450/1141/5387 3443/1143/4923
f 3442/1136/5242 3449/1135/5063 3448/1142/5062
f 3449/1135/5240 3447/1136/5160 3451/1142/4718
f 3450/1141/4714 3442/1136/4725 3448/1142/4921
f 3447/1136/5070 3450/1141/5387 3451/1142/5386
f 3453/1138/5328 3452/1144/4727 3445/1145/4728
f 3452/1144/4437 3454/1139/4404 3445/1145/4438
f 3455/1144/4731 3453/1138/5208 3445/1145/4928
f 3454/1139/4415 3455/1144/5075 3445/1145/4732
f 3453/1138/5328 3442/1136/4402 3452/1144/4727
f 3447/1136/4705 3453/1138/5208 3455/1144/4731
f 3442/1136/4405 3454/1139/4404 3452/1144/4437
f 3454/1139/4415 3447/1136/5239 3455/1144/5075
usemtl mat1.414
f 3463/1135/5388 3456/1136/5076 3458/1137/5388
f 3458/1137/4735 3456/1136/5389 3467/1138/4447
f 3468/1139/4448 3456/1136/4934 3460/1140/4935
f 3460/1140/4936 3456/1136/5390 3464/1141/4936
f 3461/1136/5391 3463/1135/4454 3458/1137/4454
f 3461/1136/4741 3458/1137/4456 3467/1138/4457
f 3461/1136/5083 3468/1139/4459 3460/1140/5264
f 3461/1136/5392 3460/1140/4941 3464/1141/4941
f 3462/1142/4748 3463/1135/4749 3457/1143/4750
f 3464/1141/4751 3462/1142/4467 3457/1143/5393
f 3463/1135/4753 3465/1142/4754 3457/1143/4471
f 3465/1142/4472 3464/1141/4756 3457/1143/4474
f 3456/1136/5394 3463/1135/4749 3462/1142/4748
f 3463/1135/4753 3461/1136/4758 3465/1142/4754
f 3464/1141/4751 3456/1136/5395 3462/1142/4467
f 3461/1136/5213 3464/1141/4756 3465/1142/4472
f 3467/1138/4447 3466/1144/4761 3459/1145/4762
f 3466/1144/5396 3468/1139/4448 3459/1145/5397
f 3469/1144/4765 3467/1138/4457 3459/1145/4484
f 3468/1139/4459 3469/1144/4956 3459/1145/5091
f 3467/1138/4447 3456/1136/5389 3466/1144/4761
f 3461/1136/4741 3467/1138/4457 3469/1144/4765
f 3456/1136/4934 3468/1139/4448 3466/1144/5396
f 3468/1139/4459 3461/1136/5083 3469/1144/4956
usemtl mat1.415
f 3477/1135/4487 3470/1136/5248 3472/1137/4487
f 3472/1137/4959 3470/1136/4490 3481/1138/4961
f 3482/1139/5398 3470/1136/5249 3474/1140/4963
f 3474/1140/5399 3470/1136/4496 3478/1141/5399
f 3475/1136/4966 3477/1135/5175 3472/1137/5175
f 3475/1136/4776 3472/1137/5096 3481/1138/5097
f 3475/1136/4779 3482/1139/4503 3474/1140/5400
f 3475/1136/5250 3474/1140/4506 3478/1141/4506
f 3476/1142/5401 3477/1135/5402 3471/1143/5403
f 3478/1141/4510 3476/1142/5347 3471/1143/4512
f 3477/1135/4788 3479/1142/4970 3471/1143/4515
f 3479/1142/5180 3478/1141/5181 3471/1143/4793
f 3470/1136/5404 3477/1135/5402 3476/1142/5401
f 3477/1135/4788 3475/1136/4794 3479/1142/4970
f 3478/1141/4510 3470/1136/4973 3476/1142/5347
f 3475/1136/4974 3478/1141/5181 3479/1142/5180
f 3481/1138/4961 3480/1144/5102 3473/1145/4524
f 3480/1144/4975 3482/1139/5398 3473/1145/5405
f 3483/1144/4976 3481/1138/5097 3473/1145/4799
f 3482/1139/4503 3483/1144/4529 3473/1145/5183
f 3481/1138/4961 3470/1136/4490 3480/1144/5102
f 3475/1136/4776 3481/1138/5097 3483/1144/4976
f 3470/1136/5249 3482/1139/5398 3480/1144/4975
f 3482/1139/4503 3475/1136/4779 3483/1144/4529
usemtl mat1.416
f 3491/1135/4802 3484/1136/5406 3486/1137/4802
f 3486/1137/5103 3484/1136/4183 3495/1138/4184
f 3496/1139/4185 3484/1136/4978 3488/1140/4187
f 3488/1140/4188 3484/1136/5407 3492/1141/4188
f 3489/1136/5267 3491/1135/4809 3486/1137/4809
f 3489/1136/4539 3486/1137/4193 3495/1138/4540
f 3489/1136/4541 3496/1139/4982 3488/1140/4814
f 3489/1136/5268 3488/1140/4199 3492/1141/4199
f 3490/1142/4544 3491/1135/4817 3485/1143/4818
f 3492/1141/4203 3490/1142/4547 3485/1143/4205
f 3491/1135/4206 3493/1142/4819 3485/1143/4208
f 3493/1142/4551 3492/1141/4210 3485/1143/4211
f 3484/1136/4983 3491/1135/4817 3490/1142/4544
f 3491/1135/4206 3489/1136/4984 3493/1142/4819
f 3492/1141/4203 3484/1136/4555 3490/1142/4547
f 3489/1136/4823 3492/1141/4210 3493/1142/4551
f 3495/1138/4184 3494/1144/4216 3487/1145/4557
f 3494/1144/4987 3496/1139/4185 3487/1145/4219
f 3497/1144/4560 3495/1138/4540 3487/1145/4561
f 3496/1139/4982 3497/1144/5109 3487/1145/4989
f 3495/1138/4184 3484/1136/4183 3494/1144/4216
f 3489/1136/4539 3495/1138/4540 3497/1144/4560
f 3484/1136/4978 3496/1139/4185 3494/1144/4987
f 3496/1139/4982 3489/1136/4541 3497/1144/5109
usemtl mat1.417
f 3505/1135/4990 3498/1136/5223 3500/1137/4990
f 3500/1137/4827 3498/1136/4567 3509/1138/4828
f 3510/1139/4569 3498/1136/4230 3502/1140/4993
f 3502/1140/4994 3498/1136/5408 3506/1141/4994
f 3503/1136/5409 3505/1135/4235 3500/1137/4235
f 3503/1136/5410 3500/1137/4836 3509/1138/4238
f 3503/1136/4239 3510/1139/4240 3502/1140/4838
f 3503/1136/4997 3502/1140/4839 3506/1141/4839
f 3504/1142/4840 3505/1135/4841 3499/1143/4246
f 3506/1141/4583 3504/1142/5411 3499/1143/4249
f 3505/1135/4250 3507/1142/4251 3499/1143/4252
f 3507/1142/4254 3506/1141/4586 3499/1143/4255
f 3498/1136/5271 3505/1135/4841 3504/1142/4840
f 3505/1135/4250 3503/1136/5117 3507/1142/4251
f 3506/1141/4583 3498/1136/5412 3504/1142/5411
f 3503/1136/5001 3506/1141/4586 3507/1142/4254
f 3509/1138/4828 3508/1144/5118 3501/1145/4261
f 3508/1144/4846 3510/1139/4569 3501/1145/4263
f 3511/1144/4264 3509/1138/4238 3501/1145/4593
f 3510/1139/4240 3511/1144/4594 3501/1145/4595
f 3509/1138/4828 3498/1136/4567 3508/1144/5118
f 3503/1136/5410 3509/1138/4238 3511/1144/4264
f 3498/1136/4230 3510/1139/4569 3508/1144/4846
f 3510/1139/4240 3503/1136/4239 3511/1144/4594
usemtl mat1.418
f 3519/1135/4268 3512/1136/5225 3514/1137/4268
f 3514/1137/4849 3512/1136/4596 3523/1138/5121
f 3524/1139/5004 3512/1136/4598 3516/1140/4275
f 3516/1140/5122 3512/1136/5413 3520/1141/5122
f 3517/1136/5300 3519/1135/5123 3514/1137/5123
f 3517/1136/5007 3514/1137/4281 3523/1138/4282
f 3517/1136/5008 3524/1139/4284 3516/1140/5303
f 3517/1136/4605 3516/1140/4606 3520/1141/4606
f 3518/1142/5280 3519/1135/5125 3513/1143/4609
f 3520/1141/4610 3518/1142/4611 3513/1143/4293
f 3519/1135/4294 3521/1142/4612 3513/1143/4296
f 3521/1142/5226 3520/1141/4614 3513/1143/4615
f 3512/1136/5016 3519/1135/5125 3518/1142/5280
f 3519/1135/4294 3517/1136/4301 3521/1142/4612
f 3520/1141/4610 3512/1136/5128 3518/1142/4611
f 3517/1136/4857 3520/1141/4614 3521/1142/5226
f 3523/1138/5121 3522/1144/5130 3515/1145/5227
f 3522/1144/5309 3524/1139/5004 3515/1145/4623
f 3525/1144/5021 3523/1138/4282 3515/1145/5022
f 3524/1139/4284 3525/1144/4310 3515/1145/4311
f 3523/1138/5121 3512/1136/4596 3522/1144/5130
f 3517/1136/5007 3523/1138/4282 3525/1144/5021
f 3512/1136/4598 3524/1139/5004 3522/1144/5309
f 3524/1139/4284 3517/1136/5008 3525/1144/4310
usemtl mat1.419
f 3533/1135/5414 3526/1136/5023 3528/1137/5414
f 3528/1137/4314 3526/1136/4315 3537/1138/4316
f 3538/1139/4317 3526/1136/4864 3530/1140/5415
f 3530/1140/4865 3526/1136/5273 3534/1141/4865
f 3531/1136/5282 3533/1135/5025 3528/1137/5025
f 3531/1136/5137 3528/1137/5026 3537/1138/4868
f 3531/1136/5027 3538/1139/4328 3530/1140/5196
f 3531/1136/4866 3530/1140/4331 3534/1141/4331
f 3532/1142/4872 3533/1135/4872 3527/1143/4333
f 3534/1141/4647 3532/1142/5033 3527/1143/4336
f 3533/1135/4337 3535/1142/5416 3527/1143/4650
f 3535/1142/4340 3534/1141/4875 3527/1143/4342
f 3526/1136/5417 3533/1135/4872 3532/1142/4872
f 3533/1135/4337 3531/1136/5418 3535/1142/5416
f 3534/1141/4647 3526/1136/5036 3532/1142/5033
f 3531/1136/5419 3534/1141/4875 3535/1142/4340
f 3537/1138/4316 3536/1144/4347 3529/1145/4348
f 3536/1144/4657 3538/1139/4317 3529/1145/4350
f 3539/1144/5141 3537/1138/4868 3529/1145/4352
f 3538/1139/4328 3539/1144/5038 3529/1145/4354
f 3537/1138/4316 3526/1136/4315 3536/1144/4347
f 3531/1136/5137 3537/1138/4868 3539/1144/5141
f 3526/1136/4864 3538/1139/4317 3536/1144/4657
f 3538/1139/4328 3531/1136/5027 3539/1144/5038
usemtl mat1.420
f 3547/1135/5142 3540/1136/5040 3542/1137/5142
f 3542/1137/4661 3540/1136/4358 3551/1138/4663
f 3552/1139/4664 3540/1136/4665 3544/1140/4886
f 3544/1140/4363 3540/1136/5042 3548/1141/4363
f 3545/1136/5420 3547/1135/5421 3542/1137/5421
f 3545/1136/5422 3542/1137/4891 3551/1138/4673
f 3545/1136/4674 3552/1139/4371 3544/1140/4372
f 3545/1136/5203 3544/1140/4374 3548/1141/4374
f 3546/1142/4677 3547/1135/4678 3541/1143/4897
f 3548/1141/5046 3546/1142/4379 3541/1143/4680
f 3547/1135/4681 3549/1142/5146 3541/1143/4383
f 3549/1142/4384 3548/1141/4385 3541/1143/4386
f 3540/1136/4685 3547/1135/4678 3546/1142/4677
f 3547/1135/4681 3545/1136/4686 3549/1142/5146
f 3548/1141/5046 3540/1136/5148 3546/1142/4379
f 3545/1136/4390 3548/1141/4385 3549/1142/4384
f 3551/1138/4663 3550/1144/5423 3543/1145/4392
f 3550/1144/4905 3552/1139/4664 3543/1145/4906
f 3553/1144/4395 3551/1138/4673 3543/1145/5052
f 3552/1139/4371 3553/1144/5424 3543/1145/4908
f 3551/1138/4663 3540/1136/4358 3550/1144/5423
f 3545/1136/5422 3551/1138/4673 3553/1144/4395
f 3540/1136/4665 3552/1139/4664 3550/1144/4905
f 3552/1139/4371 3545/1136/4674 3553/1144/5424
usemtl mat1.421
f 3561/1135/4909 3554/1136/5054 3556/1137/4909
f 3556/1137/4401 3554/1136/4402 3565/1138/5234
f 3566/1139/4404 3554/1136/5056 3558/1140/4406
f 3558/1140/5425 3554/1136/4702 3562/1141/5425
f 3559/1136/5426 3561/1135/4704 3556/1137/4704
f 3559/1136/5427 3556/1137/5057 3565/1138/5428
f 3559/1136/4414 3566/1139/5059 3558/1140/4416
f 3559/1136/5385 3558/1140/5061 3562/1141/5061
f 3560/1142/4419 3561/1135/5063 3555/1143/5158
f 3562/1141/4714 3560/1142/4715 3555/1143/5066
f 3561/1135/5240 3563/1142/4718 3555/1143/5429
f 3563/1142/4428 3562/1141/4429 3555/1143/4923
f 3554/1136/4924 3561/1135/5063 3560/1142/4419
f 3561/1135/5240 3559/1136/5430 3563/1142/4718
f 3562/1141/4714 3554/1136/4725 3560/1142/4715
f 3559/1136/5070 3562/1141/4429 3563/1142/4428
f 3565/1138/5234 3564/1144/4727 3557/1145/5071
f 3564/1144/5072 3566/1139/4404 3557/1145/5431
f 3567/1144/5432 3565/1138/5428 3557/1145/4440
f 3566/1139/5059 3567/1144/5075 3557/1145/4930
f 3565/1138/5234 3554/1136/4402 3564/1144/4727
f 3559/1136/5427 3565/1138/5428 3567/1144/5432
f 3554/1136/5056 3566/1139/4404 3564/1144/5072
f 3566/1139/5059 3559/1136/4414 3567/1144/5075
usemtl mat1.422
f 3575/1135/5433 3568/1136/5076 3570/1137/5433
f 3570/1137/5077 3568/1136/4446 3579/1138/5079
f 3580/1139/4448 3568/1136/5434 3572/1140/4736
f 3572/1140/4737 3568/1136/5435 3576/1141/4737
f 3573/1136/4739 3575/1135/4454 3570/1137/4454
f 3573/1136/4741 3570/1137/4456 3579/1138/4457
f 3573/1136/5083 3580/1139/4459 3572/1140/4745
f 3573/1136/4940 3572/1140/5283 3576/1141/5283
f 3574/1142/4942 3575/1135/5212 3569/1143/4750
f 3576/1141/4751 3574/1142/4467 3569/1143/5393
f 3575/1135/4753 3577/1142/5337 3569/1143/4471
f 3577/1142/4472 3576/1141/4756 3569/1143/4946
f 3568/1136/5436 3575/1135/5212 3574/1142/4942
f 3575/1135/4753 3573/1136/4476 3577/1142/5337
f 3576/1141/4751 3568/1136/5395 3574/1142/4467
f 3573/1136/5213 3576/1141/4756 3577/1142/4472
f 3579/1138/5079 3578/1144/4761 3571/1145/4762
f 3578/1144/4763 3580/1139/4448 3571/1145/4953
f 3581/1144/4954 3579/1138/4457 3571/1145/5214
f 3580/1139/4459 3581/1144/5437 3571/1145/5091
f 3579/1138/5079 3568/1136/4446 3578/1144/4761
f 3573/1136/4741 3579/1138/4457 3581/1144/4954
f 3568/1136/5434 3580/1139/4448 3578/1144/4763
f 3580/1139/4459 3573/1136/5083 3581/1144/5437
usemtl mat1.423
f 3589/1135/4958 3582/1136/5438 3584/1137/4958
f 3584/1137/4959 3582/1136/4490 3593/1138/4771
f 3594/1139/4492 3582/1136/5249 3586/1140/5173
f 3586/1140/4964 3582/1136/4774 3590/1141/4964
f 3587/1136/5439 3589/1135/4498 3584/1137/4498
f 3587/1136/5440 3584/1137/5096 3593/1138/4778
f 3587/1136/5441 3594/1139/4503 3586/1140/4967
f 3587/1136/5250 3586/1140/5442 3590/1141/5442
f 3588/1142/4783 3589/1135/4784 3583/1143/4785
f 3590/1141/4786 3588/1142/5347 3583/1143/4512
f 3589/1135/4788 3591/1142/5099 3583/1143/5179
f 3591/1142/5180 3590/1141/5181 3583/1143/4793
f 3582/1136/5350 3589/1135/4784 3588/1142/4783
f 3589/1135/4788 3587/1136/5443 3591/1142/5099
f 3590/1141/4786 3582/1136/5444 3588/1142/5347
f 3587/1136/4974 3590/1141/5181 3591/1142/5180
f 3593/1138/4771 3592/1144/4523 3585/1145/4524
f 3592/1144/4975 3594/1139/4492 3585/1145/5353
f 3595/1144/4527 3593/1138/4778 3585/1145/4799
f 3594/1139/4503 3595/1144/4800 3585/1145/5183
f 3593/1138/4771 3582/1136/4490 3592/1144/4523
f 3587/1136/5440 3593/1138/4778 3595/1144/4527
f 3582/1136/5249 3594/1139/4492 3592/1144/4975
f 3594/1139/4503 3587/1136/5441 3595/1144/4800
usemtl mat1.424
f 3603/1135/4802 3596/1136/4181 3598/1137/4802
f 3598/1137/4804 3596/1136/4805 3607/1138/4184
f 3608/1139/4185 3596/1136/4186 3600/1140/4187
f 3600/1140/4188 3596/1136/5266 3604/1141/4188
f 3601/1136/4190 3603/1135/4809 3598/1137/4809
f 3601/1136/4980 3598/1137/4193 3607/1138/4540
f 3601/1136/4981 3608/1139/4982 3600/1140/4814
f 3601/1136/4198 3600/1140/4199 3604/1141/4199
f 3602/1142/4200 3603/1135/4817 3597/1143/4202
f 3604/1141/4203 3602/1142/4547 3597/1143/4548
f 3603/1135/4206 3605/1142/4819 3597/1143/4208
f 3605/1142/4820 3604/1141/4210 3597/1143/4211
f 3596/1136/4983 3603/1135/4817 3602/1142/4200
f 3603/1135/4206 3601/1136/4984 3605/1142/4819
f 3604/1141/4203 3596/1136/4555 3602/1142/4547
f 3601/1136/4985 3604/1141/4210 3605/1142/4820
f 3607/1138/4184 3606/1144/4216 3599/1145/4557
f 3606/1144/4825 3608/1139/4185 3599/1145/4219
f 3609/1144/4220 3607/1138/4540 3599/1145/4221
f 3608/1139/4982 3609/1144/4988 3599/1145/4989
f 3607/1138/4184 3596/1136/4805 3606/1144/4216
f 3601/1136/4980 3607/1138/4540 3609/1144/4220
f 3596/1136/4186 3608/1139/4185 3606/1144/4825
f 3608/1139/4982 3601/1136/4981 3609/1144/4988
usemtl mat1.425
f 3617/1135/5191 3610/1136/5192 3612/1137/5191
f 3612/1137/4827 3610/1136/4567 3621/1138/4828
f 3622/1139/4569 3610/1136/4230 3614/1140/4993
f 3614/1140/4994 3610/1136/4995 3618/1141/4994
f 3615/1136/4833 3617/1135/4834 3612/1137/4834
f 3615/1136/4236 3612/1137/4576 3621/1138/4238
f 3615/1136/4577 3622/1139/4240 3614/1140/4578
f 3615/1136/4997 3614/1140/4839 3618/1141/4839
f 3616/1142/4840 3617/1135/4841 3611/1143/4246
f 3618/1141/4583 3616/1142/4248 3611/1143/4249
f 3617/1135/4584 3619/1142/4251 3611/1143/4252
f 3619/1142/4254 3618/1141/4586 3611/1143/4255
f 3610/1136/5116 3617/1135/4841 3616/1142/4840
f 3617/1135/4584 3615/1136/5254 3619/1142/4251
f 3618/1141/4583 3610/1136/5445 3616/1142/4248
f 3615/1136/4590 3618/1141/4586 3619/1142/4254
f 3621/1138/4828 3620/1144/5118 3613/1145/4261
f 3620/1144/4846 3622/1139/4569 3613/1145/4263
f 3623/1144/5446 3621/1138/4238 3613/1145/4593
f 3622/1139/4240 3623/1144/4594 3613/1145/4267
f 3621/1138/4828 3610/1136/4567 3620/1144/5118
f 3615/1136/4236 3621/1138/4238 3623/1144/5446
f 3610/1136/4230 3622/1139/4569 3620/1144/4846
f 3622/1139/4240 3615/1136/4577 3623/1144/4594
usemtl mat1.426
f 3631/1135/4268 3624/1136/4269 3626/1137/4268
f 3626/1137/5447 3624/1136/5003 3635/1138/5121
f 3636/1139/4273 3624/1136/4598 3628/1140/4275
f 3628/1140/5122 3624/1136/4851 3632/1141/5122
f 3629/1136/4278 3631/1135/5123 3626/1137/5123
f 3629/1136/5007 3626/1137/4281 3635/1138/4603
f 3629/1136/5008 3636/1139/4284 3628/1140/4285
f 3629/1136/5279 3628/1140/4287 3632/1141/4287
f 3630/1142/5280 3631/1135/5125 3625/1143/4609
f 3632/1141/5012 3630/1142/4611 3625/1143/5013
f 3631/1135/5127 3633/1142/4295 3625/1143/4296
f 3633/1142/5226 3632/1141/4298 3625/1143/4299
f 3624/1136/5448 3631/1135/5125 3630/1142/5280
f 3631/1135/5127 3629/1136/4301 3633/1142/4295
f 3632/1141/5012 3624/1136/5128 3630/1142/4611
f 3629/1136/4857 3632/1141/4298 3633/1142/5226
f 3635/1138/5121 3634/1144/4620 3627/1145/4305
f 3634/1144/4858 3636/1139/4273 3627/1145/4623
f 3637/1144/5021 3635/1138/4603 3627/1145/5022
f 3636/1139/4284 3637/1144/4310 3627/1145/4311
f 3635/1138/5121 3624/1136/5003 3634/1144/4620
f 3629/1136/5007 3635/1138/4603 3637/1144/5021
f 3624/1136/4598 3636/1139/4273 3634/1144/4858
f 3636/1139/4284 3629/1136/5008 3637/1144/4310
usemtl mat1.427
f 3645/1135/4860 3638/1136/4861 3640/1137/4860
f 3640/1137/4314 3638/1136/4315 3649/1138/4316
f 3650/1139/4317 3638/1136/4864 3642/1140/4319
f 3642/1140/5134 3638/1136/4636 3646/1141/5134
f 3643/1136/4330 3645/1135/5025 3640/1137/5025
f 3643/1136/5137 3640/1137/4325 3649/1138/4641
f 3643/1136/5027 3650/1139/5028 3642/1140/5029
f 3643/1136/5274 3642/1140/4331 3646/1141/4331
f 3644/1142/4872 3645/1135/4332 3639/1143/4333
f 3646/1141/4334 3644/1142/4647 3639/1143/4336
f 3645/1135/4337 3647/1142/5371 3639/1143/4650
f 3647/1142/4340 3646/1141/4875 3639/1143/4342
f 3638/1136/5198 3645/1135/4332 3644/1142/4872
f 3645/1135/4337 3643/1136/5035 3647/1142/5371
f 3646/1141/4334 3638/1136/5449 3644/1142/4647
f 3643/1136/4878 3646/1141/4875 3647/1142/4340
f 3649/1138/4316 3648/1144/4347 3641/1145/4348
f 3648/1144/4657 3650/1139/4317 3641/1145/4350
f 3651/1144/5141 3649/1138/4641 3641/1145/4352
f 3650/1139/5028 3651/1144/5038 3641/1145/4354
f 3649/1138/4316 3638/1136/4315 3648/1144/4347
f 3643/1136/5137 3649/1138/4641 3651/1144/5141
f 3638/1136/4864 3650/1139/4317 3648/1144/4657
f 3650/1139/5028 3643/1136/5027 3651/1144/5038
usemtl mat1.428
f 3659/1135/5142 3652/1136/5232 3654/1137/5142
f 3654/1137/5041 3652/1136/4358 3663/1138/4663
f 3664/1139/4664 3652/1136/5143 3656/1140/4886
f 3656/1140/4363 3652/1136/4364 3660/1141/4363
f 3657/1136/4669 3659/1135/5044 3654/1137/5044
f 3657/1136/4890 3654/1137/4891 3663/1138/4892
f 3657/1136/4674 3664/1139/4371 3656/1140/4372
f 3657/1136/5450 3656/1140/4676 3660/1141/4676
f 3658/1142/4895 3659/1135/4678 3653/1143/4897
f 3660/1141/4898 3658/1142/4379 3653/1143/4899
f 3659/1135/4681 3661/1142/4682 3653/1143/4383
f 3661/1142/4683 3660/1141/4385 3653/1143/4386
f 3652/1136/5050 3659/1135/4678 3658/1142/4895
f 3659/1135/4681 3657/1136/4686 3661/1142/4682
f 3660/1141/4898 3652/1136/5451 3658/1142/4379
f 3657/1136/5204 3660/1141/4385 3661/1142/4683
f 3663/1138/4663 3662/1144/4391 3655/1145/4688
f 3662/1144/4905 3664/1139/4664 3655/1145/5150
f 3665/1144/4395 3663/1138/4892 3655/1145/5452
f 3664/1139/4371 3665/1144/4397 3655/1145/5151
f 3663/1138/4663 3652/1136/4358 3662/1144/4391
f 3657/1136/4890 3663/1138/4892 3665/1144/4395
f 3652/1136/5143 3664/1139/4664 3662/1144/4905
f 3664/1139/4371 3657/1136/4674 3665/1144/4397
usemtl mat1.429
f 3673/1135/5453 3666/1136/5454 3668/1137/5453
f 3668/1137/4401 3666/1136/4402 3677/1138/4403
f 3678/1139/5206 3666/1136/5056 3670/1140/5153
f 3670/1140/5425 3666/1136/4702 3674/1141/5425
f 3671/1136/4914 3673/1135/4704 3668/1137/4704
f 3671/1136/4705 3668/1137/5057 3677/1138/4707
f 3671/1136/5239 3678/1139/5059 3670/1140/4416
f 3671/1136/4709 3670/1140/5156 3674/1141/5156
f 3672/1142/5062 3673/1135/5063 3667/1143/4713
f 3674/1141/4422 3672/1142/4921 3667/1143/5455
f 3673/1135/4425 3675/1142/4718 3667/1143/5067
f 3675/1142/4428 3674/1141/4721 3667/1143/4923
f 3666/1136/5456 3673/1135/5063 3672/1142/5062
f 3673/1135/4425 3671/1136/5210 3675/1142/4718
f 3674/1141/4422 3666/1136/4725 3672/1142/4921
f 3671/1136/5162 3674/1141/4721 3675/1142/4428
f 3677/1138/4403 3676/1144/4727 3669/1145/5071
f 3676/1144/5072 3678/1139/5206 3669/1145/4438
f 3679/1144/4731 3677/1138/4707 3669/1145/4440
f 3678/1139/5059 3679/1144/5075 3669/1145/4930
f 3677/1138/4403 3666/1136/4402 3676/1144/4727
f 3671/1136/4705 3677/1138/4707 3679/1144/4731
f 3666/1136/5056 3678/1139/5206 3676/1144/5072
f 3678/1139/5059 3671/1136/5239 3679/1144/5075
usemtl mat1.430
f 3687/1135/4733 3680/1136/5164 3682/1137/4733
f 3682/1137/4735 3680/1136/4446 3691/1138/4447
f 3692/1139/4448 3680/1136/5335 3684/1140/4736
f 3684/1140/5080 3680/1136/5081 3688/1141/5080
f 3685/1136/5391 3687/1135/4454 3682/1137/4454
f 3685/1136/4741 3682/1137/4456 3691/1138/4457
f 3685/1136/5083 3692/1139/4459 3684/1140/5264
f 3685/1136/5167 3684/1140/5457 3688/1141/5457
f 3686/1142/4942 3687/1135/4749 3681/1143/4750
f 3688/1141/4466 3686/1142/4467 3681/1143/4752
f 3687/1135/4753 3689/1142/5458 3681/1143/4755
f 3689/1142/4472 3688/1141/4756 3681/1143/4474
f 3680/1136/4947 3687/1135/4749 3686/1142/4942
f 3687/1135/4753 3685/1136/5089 3689/1142/5458
f 3688/1141/4466 3680/1136/4477 3686/1142/4467
f 3685/1136/5213 3688/1141/4756 3689/1142/4472
f 3691/1138/4447 3690/1144/4761 3683/1145/4762
f 3690/1144/4952 3692/1139/4448 3683/1145/5090
f 3693/1144/4765 3691/1138/4457 3683/1145/5459
f 3692/1139/4459 3693/1144/4956 3683/1145/5091
f 3691/1138/4447 3680/1136/4446 3690/1144/4761
f 3685/1136/4741 3691/1138/4457 3693/1144/4765
f 3680/1136/5335 3692/1139/4448 3690/1144/4952
f 3692/1139/4459 3685/1136/5083 3693/1144/4956
usemtl mat1.431
f 3701/1135/5092 3694/1136/5093 3696/1137/5092
f 3696/1137/4959 3694/1136/4490 3705/1138/4961
f 3706/1139/4492 3694/1136/5460 3698/1140/5173
f 3698/1140/4964 3694/1136/5461 3702/1141/4964
f 3699/1136/4497 3701/1135/5462 3696/1137/5462
f 3699/1136/5095 3696/1137/4777 3705/1138/5463
f 3699/1136/4779 3706/1139/4503 3698/1140/4967
f 3699/1136/5464 3698/1140/4506 3702/1141/4506
f 3700/1142/4507 3701/1135/4508 3695/1143/5465
f 3702/1141/4786 3700/1142/4787 3695/1143/4512
f 3701/1135/4788 3703/1142/5099 3695/1143/4971
f 3703/1142/5466 3702/1141/5181 3695/1143/4793
f 3694/1136/4519 3701/1135/4508 3700/1142/4507
f 3701/1135/4788 3699/1136/4794 3703/1142/5099
f 3702/1141/4786 3694/1136/5218 3700/1142/4787
f 3699/1136/5467 3702/1141/5181 3703/1142/5466
f 3705/1138/4961 3704/1144/5102 3697/1145/4524
f 3704/1144/4975 3706/1139/4492 3697/1145/5353
f 3707/1144/4976 3705/1138/5463 3697/1145/4528
f 3706/1139/4503 3707/1144/4800 3697/1145/4530
f 3705/1138/4961 3694/1136/4490 3704/1144/5102
f 3699/1136/5095 3705/1138/5463 3707/1144/4976
f 3694/1136/5460 3706/1139/4492 3704/1144/4975
f 3706/1139/4503 3699/1136/4779 3707/1144/4800
usemtl mat1.432
f 3715/1135/4180 3708/1136/4803 3710/1137/4180
f 3710/1137/4182 3708/1136/4805 3719/1138/4184
f 3720/1139/4185 3708/1136/4978 3712/1140/4187
f 3712/1140/4536 3708/1136/5266 3716/1141/4536
f 3713/1136/4190 3715/1135/4809 3710/1137/4809
f 3713/1136/4192 3710/1137/4193 3719/1138/4540
f 3713/1136/4981 3720/1139/4982 3712/1140/4197
f 3713/1136/4542 3712/1140/4815 3716/1141/4815
f 3714/1142/4816 3715/1135/4817 3709/1143/4818
f 3716/1141/4203 3714/1142/4204 3709/1143/4205
f 3715/1135/4206 3717/1142/4549 3709/1143/4208
f 3717/1142/4820 3716/1141/4210 3709/1143/4211
f 3708/1136/4983 3715/1135/4817 3714/1142/4816
f 3715/1135/4206 3713/1136/5269 3717/1142/4549
f 3716/1141/4203 3708/1136/4214 3714/1142/4204
f 3713/1136/4556 3716/1141/4210 3717/1142/4820
f 3719/1138/4184 3718/1144/4986 3711/1145/4557
f 3718/1144/4825 3720/1139/4185 3711/1145/4826
f 3721/1144/4220 3719/1138/4540 3711/1145/4561
f 3720/1139/4982 3721/1144/4988 3711/1145/4989
f 3719/1138/4184 3708/1136/4805 3718/1144/4986
f 3713/1136/4192 3719/1138/4540 3721/1144/4220
f 3708/1136/4978 3720/1139/4185 3718/1144/4825
f 3720/1139/4982 3713/1136/4981 3721/1144/4988
usemtl mat1.433
f 3729/1135/4990 3722/1136/5223 3724/1137/4990
f 3724/1137/4827 3722/1136/4992 3733/1138/4828
f 3734/1139/4569 3722/1136/4230 3726/1140/4993
f 3726/1140/4994 3722/1136/4995 3730/1141/4994
f 3727/1136/4833 3729/1135/4575 3724/1137/4575
f 3727/1136/5113 3724/1137/4576 3733/1138/4238
f 3727/1136/4239 3734/1139/4240 3726/1140/4578
f 3727/1136/4997 3726/1140/4839 3730/1141/4839
f 3728/1142/4581 3729/1135/4582 3723/1143/4246
f 3730/1141/4583 3728/1142/4248 3723/1143/4249
f 3729/1135/5115 3731/1142/4584 3723/1143/4585
f 3731/1142/4586 3730/1141/4586 3723/1143/4255
f 3722/1136/5468 3729/1135/4582 3728/1142/4581
f 3729/1135/5115 3727/1136/5000 3731/1142/4584
f 3730/1141/4583 3722/1136/4589 3728/1142/4248
f 3727/1136/5278 3730/1141/4586 3731/1142/4586
f 3733/1138/4828 3732/1144/5118 3725/1145/4261
f 3732/1144/4846 3734/1139/4569 3725/1145/4263
f 3735/1144/4264 3733/1138/4238 3725/1145/4593
f 3734/1139/4240 3735/1144/4594 3725/1145/4595
f 3733/1138/4828 3722/1136/4992 3732/1144/5118
f 3727/1136/5113 3733/1138/4238 3735/1144/4264
f 3722/1136/4230 3734/1139/4569 3732/1144/4846
f 3734/1139/4240 3727/1136/4239 3735/1144/4594
usemtl mat1.434
f 3743/1135/4268 3736/1136/5272 3738/1137/4268
f 3738/1137/5469 3736/1136/5003 3747/1138/5121
f 3748/1139/4273 3736/1136/4598 3740/1140/4275
f 3740/1140/5122 3736/1136/4600 3744/1141/5122
f 3741/1136/4278 3743/1135/5123 3738/1137/5123
f 3741/1136/5007 3738/1137/5194 3747/1138/4282
f 3741/1136/5255 3748/1139/4284 3740/1140/4285
f 3741/1136/5279 3740/1140/4287 3744/1141/4287
f 3742/1142/5280 3743/1135/4608 3737/1143/4290
f 3744/1141/4610 3742/1142/4611 3737/1143/4293
f 3743/1135/4294 3745/1142/4295 3737/1143/4296
f 3745/1142/5226 3744/1141/4298 3737/1143/5015
f 3736/1136/5016 3743/1135/4608 3742/1142/5280
f 3743/1135/4294 3741/1136/4301 3745/1142/4295
f 3744/1141/4610 3736/1136/5128 3742/1142/4611
f 3741/1136/4857 3744/1141/4298 3745/1142/5226
f 3747/1138/5121 3746/1144/4620 3739/1145/4305
f 3746/1144/4858 3748/1139/4273 3739/1145/5131
f 3749/1144/5021 3747/1138/4282 3739/1145/5022
f 3748/1139/4284 3749/1144/4310 3739/1145/4311
f 3747/1138/5121 3736/1136/5003 3746/1144/4620
f 3741/1136/5007 3747/1138/4282 3749/1144/5021
f 3736/1136/4598 3748/1139/4273 3746/1144/4858
f 3748/1139/4284 3741/1136/5255 3749/1144/4310
usemtl mat1.435
f 3757/1135/4860 3750/1136/5258 3752/1137/4860
f 3752/1137/4314 3750/1136/4315 3761/1138/4316
f 3762/1139/4317 3750/1136/4864 3754/1140/4319
f 3754/1140/5134 3750/1136/5135 3758/1141/5134
f 3755/1136/4866 3757/1135/4638 3752/1137/4638
f 3755/1136/4639 3752/1137/4325 3761/1138/4641
f 3755/1136/5027 3762/1139/5028 3754/1140/5196
f 3755/1136/4330 3754/1140/5229 3758/1141/5229
f 3756/1142/4872 3757/1135/4332 3751/1143/4333
f 3758/1141/4334 3756/1142/4647 3751/1143/4336
f 3757/1135/4337 3759/1142/5371 3751/1143/4339
f 3759/1142/4651 3758/1141/4875 3751/1143/4342
f 3750/1136/5198 3757/1135/4332 3756/1142/4872
f 3757/1135/4337 3755/1136/4344 3759/1142/5371
f 3758/1141/4334 3750/1136/5199 3756/1142/4647
f 3755/1136/4878 3758/1141/4875 3759/1142/4651
f 3761/1138/4316 3760/1144/4879 3753/1145/4348
f 3760/1144/4657 3762/1139/4317 3753/1145/4350
f 3763/1144/4658 3761/1138/4641 3753/1145/4352
f 3762/1139/5028 3763/1144/5038 3753/1145/4354
f 3761/1138/4316 3750/1136/4315 3760/1144/4879
f 3755/1136/4639 3761/1138/4641 3763/1144/4658
f 3750/1136/4864 3762/1139/4317 3760/1144/4657
f 3762/1139/5028 3755/1136/5027 3763/1144/5038
usemtl mat1.436
f 3771/1135/5142 3764/1136/5040 3766/1137/5142
f 3766/1137/5041 3764/1136/4358 3775/1138/4359
f 3776/1139/4664 3764/1136/4665 3768/1140/4666
f 3768/1140/4667 3764/1136/4668 3772/1141/4667
f 3769/1136/4669 3771/1135/5044 3766/1137/5044
f 3769/1136/4890 3766/1137/4891 3775/1138/4369
f 3769/1136/4674 3776/1139/4371 3768/1140/4372
f 3769/1136/5203 3768/1140/4374 3772/1141/4374
f 3770/1142/4677 3771/1135/4678 3765/1143/4897
f 3772/1141/5046 3770/1142/4379 3765/1143/4899
f 3771/1135/4681 3773/1142/4682 3765/1143/4383
f 3773/1142/4683 3772/1141/4385 3765/1143/4684
f 3764/1136/5470 3771/1135/4678 3770/1142/4677
f 3771/1135/4681 3769/1136/5051 3773/1142/4682
f 3772/1141/5046 3764/1136/5148 3770/1142/4379
f 3769/1136/5204 3772/1141/4385 3773/1142/4683
f 3775/1138/4359 3774/1144/4391 3767/1145/5149
f 3774/1144/4689 3776/1139/4664 3767/1145/4906
f 3777/1144/4395 3775/1138/4369 3767/1145/4692
f 3776/1139/4371 3777/1144/4397 3767/1145/4693
f 3775/1138/4359 3764/1136/4358 3774/1144/4391
f 3769/1136/4890 3775/1138/4369 3777/1144/4395
f 3764/1136/4665 3776/1139/4664 3774/1144/4689
f 3776/1139/4371 3769/1136/4674 3777/1144/4397
usemtl mat1.437
f 3785/1135/5326 3778/1136/4910 3780/1137/5326
f 3780/1137/4401 3778/1136/4402 3789/1138/5471
f 3790/1139/5472 3778/1136/5056 3782/1140/4406
f 3782/1140/4407 3778/1136/4702 3786/1141/4407
f 3783/1136/4914 3785/1135/4704 3780/1137/4704
f 3783/1136/5427 3780/1137/5057 3789/1138/4707
f 3783/1136/4414 3790/1139/5059 3782/1140/4416
f 3783/1136/4709 3782/1140/5061 3786/1141/5061
f 3784/1142/4419 3785/1135/5063 3779/1143/5064
f 3786/1141/4714 3784/1142/4715 3779/1143/5066
f 3785/1135/4425 3787/1142/4718 3779/1143/4719
f 3787/1142/5209 3786/1141/4721 3779/1143/4923
f 3778/1136/5068 3785/1135/5063 3784/1142/4419
f 3785/1135/4425 3783/1136/5210 3787/1142/4718
f 3786/1141/4714 3778/1136/4725 3784/1142/4715
f 3783/1136/5162 3786/1141/4721 3787/1142/5209
f 3789/1138/5471 3788/1144/4727 3781/1145/5071
f 3788/1144/5072 3790/1139/5472 3781/1145/5163
f 3791/1144/4731 3789/1138/4707 3781/1145/5074
f 3790/1139/5059 3791/1144/5075 3781/1145/4930
f 3789/1138/5471 3778/1136/4402 3788/1144/4727
f 3783/1136/5427 3789/1138/4707 3791/1144/4731
f 3778/1136/5056 3790/1139/5472 3788/1144/5072
f 3790/1139/5059 3783/1136/4414 3791/1144/5075
usemtl mat1.438
f 3799/1135/4733 3792/1136/5076 3794/1137/4733
f 3794/1137/5077 3792/1136/5334 3803/1138/5079
f 3804/1139/4448 3792/1136/4449 3796/1140/4736
f 3796/1140/5080 3792/1136/5081 3800/1141/5080
f 3797/1136/5473 3799/1135/4454 3794/1137/4454
f 3797/1136/4741 3794/1137/4456 3803/1138/4457
f 3797/1136/4938 3804/1139/4459 3796/1140/5264
f 3797/1136/4940 3796/1140/4941 3800/1141/4941
f 3798/1142/4942 3799/1135/5212 3793/1143/4750
f 3800/1141/4466 3798/1142/4467 3793/1143/4752
f 3799/1135/4753 3801/1142/4754 3793/1143/4471
f 3801/1142/4472 3800/1141/4756 3793/1143/4474
f 3792/1136/4947 3799/1135/5212 3798/1142/4942
f 3799/1135/4753 3797/1136/5245 3801/1142/4754
f 3800/1141/4466 3792/1136/4948 3798/1142/4467
f 3797/1136/4760 3800/1141/4756 3801/1142/4472
f 3803/1138/5079 3802/1144/4479 3795/1145/4762
f 3802/1144/4763 3804/1139/4448 3795/1145/4953
f 3805/1144/4954 3803/1138/4457 3795/1145/5214
f 3804/1139/4459 3805/1144/4956 3795/1145/5091
f 3803/1138/5079 3792/1136/5334 3802/1144/4479
f 3797/1136/4741 3803/1138/4457 3805/1144/4954
f 3792/1136/4449 3804/1139/4448 3802/1144/4763
f 3804/1139/4459 3797/1136/4938 3805/1144/4956
usemtl mat1.439
f 3813/1135/5092 3806/1136/5265 3808/1137/5092
f 3808/1137/4959 3806/1136/4490 3817/1138/4961
f 3818/1139/5398 3806/1136/5249 3810/1140/4963
f 3810/1140/4495 3806/1136/5474 3814/1141/4495
f 3811/1136/4497 3813/1135/4498 3808/1137/4498
f 3811/1136/5095 3808/1137/4777 3817/1138/4778
f 3811/1136/4779 3818/1139/4503 3810/1140/4967
f 3811/1136/5250 3810/1140/4782 3814/1141/4782
f 3812/1142/4783 3813/1135/4784 3807/1143/5475
f 3814/1141/5476 3812/1142/4511 3807/1143/4512
f 3813/1135/4788 3815/1142/5099 3807/1143/4971
f 3815/1142/5466 3814/1141/5181 3807/1143/4793
f 3806/1136/5217 3813/1135/4784 3812/1142/4783
f 3813/1135/4788 3811/1136/5100 3815/1142/5099
f 3814/1141/5476 3806/1136/4973 3812/1142/4511
f 3811/1136/4974 3814/1141/5181 3815/1142/5466
f 3817/1138/4961 3816/1144/5102 3809/1145/4524
f 3816/1144/4975 3818/1139/5398 3809/1145/5405
f 3819/1144/4976 3817/1138/4778 3809/1145/4799
f 3818/1139/4503 3819/1144/5477 3809/1145/4530
f 3817/1138/4961 3806/1136/4490 3816/1144/5102
f 3811/1136/5095 3817/1138/4778 3819/1144/4976
f 3806/1136/5249 3818/1139/5398 3816/1144/4975
f 3818/1139/4503 3811/1136/4779 3819/1144/5477
usemtl mat1.440
f 3827/1135/4802 3820/1136/4977 3822/1137/4802
f 3822/1137/4182 3820/1136/4805 3831/1138/4184
f 3832/1139/4185 3820/1136/4186 3824/1140/4187
f 3824/1140/4188 3820/1136/4979 3828/1141/4188
f 3825/1136/5267 3827/1135/4809 3822/1137/4809
f 3825/1136/4539 3822/1137/4193 3831/1138/4540
f 3825/1136/4981 3832/1139/4982 3824/1140/5221
f 3825/1136/5268 3824/1140/4199 3828/1141/4199
f 3826/1142/4816 3827/1135/4817 3821/1143/4818
f 3828/1141/4203 3826/1142/4547 3821/1143/4548
f 3827/1135/4206 3829/1142/4819 3821/1143/4550
f 3829/1142/4820 3828/1141/4210 3821/1143/5222
f 3820/1136/5106 3827/1135/4817 3826/1142/4816
f 3827/1135/4206 3825/1136/4984 3829/1142/4819
f 3828/1141/4203 3820/1136/4555 3826/1142/4547
f 3825/1136/4823 3828/1141/4210 3829/1142/4820
f 3831/1138/4184 3830/1144/4216 3823/1145/4217
f 3830/1144/4825 3832/1139/4185 3823/1145/4826
f 3833/1144/4220 3831/1138/4540 3823/1145/4561
f 3832/1139/4982 3833/1144/5109 3823/1145/4563
f 3831/1138/4184 3820/1136/4805 3830/1144/4216
f 3825/1136/4539 3831/1138/4540 3833/1144/4220
f 3820/1136/4186 3832/1139/4185 3830/1144/4825
f 3832/1139/4982 3825/1136/4981 3833/1144/5109
usemtl mat1.441
f 3841/1135/5191 3834/1136/5223 3836/1137/5191
f 3836/1137/4827 3834/1136/4567 3845/1138/4828
f 3846/1139/4829 3834/1136/4230 3838/1140/4993
f 3838/1140/4994 3834/1136/4991 3842/1141/4994
f 3839/1136/5409 3841/1135/4235 3836/1137/4235
f 3839/1136/5113 3836/1137/4836 3845/1138/4238
f 3839/1136/4577 3846/1139/4240 3838/1140/4578
f 3839/1136/4997 3838/1140/4839 3842/1141/4839
f 3840/1142/4840 3841/1135/4841 3835/1143/4246
f 3842/1141/4583 3840/1142/4248 3835/1143/4249
f 3841/1135/4584 3843/1142/4251 3835/1143/4585
f 3843/1142/4254 3842/1141/4586 3835/1143/4255
f 3834/1136/5271 3841/1135/4841 3840/1142/4840
f 3841/1135/4584 3839/1136/5193 3843/1142/4251
f 3842/1141/4583 3834/1136/4589 3840/1142/4248
f 3839/1136/5001 3842/1141/4586 3843/1142/4254
f 3845/1138/4828 3844/1144/5118 3837/1145/4261
f 3844/1144/4846 3846/1139/4829 3837/1145/4263
f 3847/1144/4264 3845/1138/4238 3837/1145/4593
f 3846/1139/4240 3847/1144/4594 3837/1145/4595
f 3845/1138/4828 3834/1136/4567 3844/1144/5118
f 3839/1136/5113 3845/1138/4238 3847/1144/4264
f 3834/1136/4230 3846/1139/4829 3844/1144/4846
f 3846/1139/4240 3839/1136/4577 3847/1144/4594
usemtl mat1.442
f 3855/1135/4268 3848/1136/5272 3850/1137/4268
f 3850/1137/4849 3848/1136/4596 3859/1138/5121
f 3860/1139/4273 3848/1136/5005 3852/1140/4275
f 3852/1140/4276 3848/1136/4851 3856/1141/4276
f 3853/1136/4601 3855/1135/4279 3850/1137/4279
f 3853/1136/5007 3850/1137/5194 3859/1138/4282
f 3853/1136/5124 3860/1139/4284 3852/1140/4285
f 3853/1136/5478 3852/1140/4606 3856/1141/4606
f 3854/1142/5280 3855/1135/5125 3849/1143/4609
f 3856/1141/5012 3854/1142/4611 3849/1143/5013
f 3855/1135/4294 3857/1142/4295 3849/1143/4296
f 3857/1142/5014 3856/1141/4298 3849/1143/4299
f 3848/1136/5016 3855/1135/5125 3854/1142/5280
f 3855/1135/4294 3853/1136/4301 3857/1142/4295
f 3856/1141/5012 3848/1136/5128 3854/1142/4611
f 3853/1136/4857 3856/1141/4298 3857/1142/5014
f 3859/1138/5121 3858/1144/4620 3851/1145/4305
f 3858/1144/4858 3860/1139/4273 3851/1145/5131
f 3861/1144/5257 3859/1138/4282 3851/1145/5022
f 3860/1139/4284 3861/1144/4626 3851/1145/4311
f 3859/1138/5121 3848/1136/4596 3858/1144/4620
f 3853/1136/5007 3859/1138/4282 3861/1144/5257
f 3848/1136/5005 3860/1139/4273 3858/1144/4858
f 3860/1139/4284 3853/1136/5124 3861/1144/4626
usemtl mat1.443
f 3869/1135/4860 3862/1136/4861 3864/1137/4860
f 3864/1137/5479 3862/1136/5228 3873/1138/4316
f 3874/1139/4317 3862/1136/4864 3866/1140/4319
f 3866/1140/5134 3862/1136/5480 3870/1141/5134
f 3867/1136/4330 3869/1135/5025 3864/1137/5025
f 3867/1136/4639 3864/1137/4325 3873/1138/4641
f 3867/1136/5027 3874/1139/4328 3866/1140/4329
f 3867/1136/4870 3866/1140/4871 3870/1141/4871
f 3868/1142/4872 3869/1135/4332 3863/1143/4333
f 3870/1141/4334 3868/1142/4647 3863/1143/4336
f 3869/1135/4337 3871/1142/4649 3863/1143/4650
f 3871/1142/4651 3870/1141/4875 3863/1143/4342
f 3862/1136/5198 3869/1135/4332 3868/1142/4872
f 3869/1135/4337 3867/1136/4654 3871/1142/4649
f 3870/1141/4334 3862/1136/5231 3868/1142/4647
f 3867/1136/5200 3870/1141/4875 3871/1142/4651
f 3873/1138/4316 3872/1144/4879 3865/1145/4348
f 3872/1144/4657 3874/1139/4317 3865/1145/4350
f 3875/1144/4658 3873/1138/4641 3865/1145/4352
f 3874/1139/4328 3875/1144/5038 3865/1145/4354
f 3873/1138/4316 3862/1136/5228 3872/1144/4879
f 3867/1136/4639 3873/1138/4641 3875/1144/4658
f 3862/1136/4864 3874/1139/4317 3872/1144/4657
f 3874/1139/4328 3867/1136/5027 3875/1144/5038
usemtl mat1.444
f 3883/1135/5142 3876/1136/5481 3878/1137/5142
f 3878/1137/5041 3876/1136/4358 3887/1138/4663
f 3888/1139/4664 3876/1136/4665 3880/1140/4886
f 3880/1140/4363 3876/1136/5042 3884/1141/4363
f 3881/1136/5043 3883/1135/5044 3878/1137/5044
f 3881/1136/4890 3878/1137/4891 3887/1138/4892
f 3881/1136/4893 3888/1139/4371 3880/1140/4372
f 3881/1136/4373 3880/1140/4676 3884/1141/4676
f 3882/1142/4677 3883/1135/4678 3877/1143/4897
f 3884/1141/5046 3882/1142/4379 3877/1143/4680
f 3883/1135/4681 3885/1142/4682 3877/1143/4383
f 3885/1142/4683 3884/1141/4385 3877/1143/4386
f 3876/1136/5147 3883/1135/4678 3882/1142/4677
f 3883/1135/4681 3881/1136/5051 3885/1142/4682
f 3884/1141/5046 3876/1136/5148 3882/1142/4379
f 3881/1136/5204 3884/1141/4385 3885/1142/4683
f 3887/1138/4663 3886/1144/4391 3879/1145/4392
f 3886/1144/4905 3888/1139/4664 3879/1145/4906
f 3889/1144/4395 3887/1138/4892 3879/1145/4692
f 3888/1139/4371 3889/1144/4397 3879/1145/4693
f 3887/1138/4663 3876/1136/4358 3886/1144/4391
f 3881/1136/4890 3887/1138/4892 3889/1144/4395
f 3876/1136/4665 3888/1139/4664 3886/1144/4905
f 3888/1139/4371 3881/1136/4893 3889/1144/4397
usemtl mat1.445
f 3897/1135/5326 3890/1136/5054 3892/1137/5326
f 3892/1137/4401 3890/1136/4402 3901/1138/4403
f 3902/1139/4404 3890/1136/5056 3894/1140/4406
f 3894/1140/4701 3890/1136/5482 3898/1141/4701
f 3895/1136/5426 3897/1135/5237 3892/1137/5237
f 3895/1136/5483 3892/1137/5207 3901/1138/4707
f 3895/1136/5239 3902/1139/5059 3894/1140/4416
f 3895/1136/5484 3894/1140/4418 3898/1141/4418
f 3896/1142/5062 3897/1135/5063 3891/1143/5158
f 3898/1141/4714 3896/1142/4423 3891/1143/5262
f 3897/1135/4425 3899/1142/4718 3891/1143/4719
f 3899/1142/5386 3898/1141/4721 3891/1143/4923
f 3890/1136/5242 3897/1135/5063 3896/1142/5062
f 3897/1135/4425 3895/1136/5485 3899/1142/4718
f 3898/1141/4714 3890/1136/4433 3896/1142/4423
f 3895/1136/5070 3898/1141/4721 3899/1142/5386
f 3901/1138/4403 3900/1144/4727 3893/1145/5071
f 3900/1144/5072 3902/1139/4404 3893/1145/5486
f 3903/1144/4731 3901/1138/4707 3893/1145/4440
f 3902/1139/5059 3903/1144/5075 3893/1145/4930
f 3901/1138/4403 3890/1136/4402 3900/1144/4727
f 3895/1136/5483 3901/1138/4707 3903/1144/4731
f 3890/1136/5056 3902/1139/4404 3900/1144/5072
f 3902/1139/5059 3895/1136/5239 3903/1144/5075
usemtl mat1.446
f 3911/1135/4733 3904/1136/5211 3906/1137/4733
f 3906/1137/4735 3904/1136/4446 3915/1138/4447
f 3916/1139/4448 3904/1136/4449 3908/1140/4450
f 3908/1140/5080 3904/1136/4738 3912/1141/5080
f 3909/1136/5166 3911/1135/4454 3906/1137/4454
f 3909/1136/4741 3906/1137/4456 3915/1138/4457
f 3909/1136/5083 3916/1139/4459 3908/1140/5264
f 3909/1136/5392 3908/1140/4747 3912/1141/4747
f 3910/1142/4942 3911/1135/4749 3905/1143/5086
f 3912/1141/4466 3910/1142/4467 3905/1143/4752
f 3911/1135/4753 3913/1142/4754 3905/1143/4471
f 3913/1142/4472 3912/1141/4756 3905/1143/4474
f 3904/1136/4947 3911/1135/4749 3910/1142/4942
f 3911/1135/4753 3909/1136/4758 3913/1142/4754
f 3912/1141/4466 3904/1136/4948 3910/1142/4467
f 3909/1136/4949 3912/1141/4756 3913/1142/4472
f 3915/1138/4447 3914/1144/4479 3907/1145/4762
f 3914/1144/4763 3916/1139/4448 3907/1145/4953
f 3917/1144/4765 3915/1138/4457 3907/1145/4484
f 3916/1139/4459 3917/1144/4956 3907/1145/5091
f 3915/1138/4447 3904/1136/4446 3914/1144/4479
f 3909/1136/4741 3915/1138/4457 3917/1144/4765
f 3904/1136/4449 3916/1139/4448 3914/1144/4763
f 3916/1139/4459 3909/1136/5083 3917/1144/4956
usemtl mat1.447
f 3925/1135/5092 3918/1136/5265 3920/1137/5092
f 3920/1137/4959 3918/1136/4490 3929/1138/4961
f 3930/1139/4492 3918/1136/5249 3922/1140/5173
f 3922/1140/4964 3918/1136/4496 3926/1141/4964
f 3923/1136/4497 3925/1135/4498 3920/1137/4498
f 3923/1136/5095 3920/1137/5096 3929/1138/5097
f 3923/1136/4779 3930/1139/4503 3922/1140/4967
f 3923/1136/5250 3922/1140/4782 3926/1141/4782
f 3924/1142/4783 3925/1135/4784 3919/1143/5403
f 3926/1141/5476 3924/1142/4787 3919/1143/4512
f 3925/1135/4788 3927/1142/5348 3919/1143/5179
f 3927/1142/5180 3926/1141/5181 3919/1143/4518
f 3918/1136/4519 3925/1135/4784 3924/1142/4783
f 3925/1135/4788 3923/1136/4794 3927/1142/5348
f 3926/1141/5476 3918/1136/4521 3924/1142/4787
f 3923/1136/4974 3926/1141/5181 3927/1142/5180
f 3929/1138/4961 3928/1144/4523 3921/1145/4524
f 3928/1144/4975 3930/1139/4492 3921/1145/4798
f 3931/1144/4976 3929/1138/5097 3921/1145/4528
f 3930/1139/4503 3931/1144/5182 3921/1145/4530
f 3929/1138/4961 3918/1136/4490 3928/1144/4523
f 3923/1136/5095 3929/1138/5097 3931/1144/4976
f 3918/1136/5249 3930/1139/4492 3928/1144/4975
f 3930/1139/4503 3923/1136/4779 3931/1144/5182
usemtl mat1.448
f 3939/1135/4802 3932/1136/4977 3934/1137/4802
f 3934/1137/5103 3932/1136/4805 3943/1138/4184
f 3944/1139/4185 3932/1136/4978 3936/1140/4535
f 3936/1140/4188 3932/1136/5266 3940/1141/4188
f 3937/1136/4190 3939/1135/4809 3934/1137/4809
f 3937/1136/4539 3934/1137/4811 3943/1138/4540
f 3937/1136/4981 3944/1139/4982 3936/1140/4814
f 3937/1136/4198 3936/1140/4199 3940/1141/4199
f 3938/1142/4816 3939/1135/4817 3933/1143/4202
f 3940/1141/4203 3938/1142/4547 3933/1143/4205
f 3939/1135/4206 3941/1142/4549 3933/1143/4208
f 3941/1142/4820 3940/1141/4210 3933/1143/5222
f 3932/1136/4983 3939/1135/4817 3938/1142/4816
f 3939/1135/4206 3937/1136/5269 3941/1142/4549
f 3940/1141/4203 3932/1136/4555 3938/1142/4547
f 3937/1136/4823 3940/1141/4210 3941/1142/4820
f 3943/1138/4184 3942/1144/4216 3935/1145/4217
f 3942/1144/4987 3944/1139/4185 3935/1145/4826
f 3945/1144/4560 3943/1138/4540 3935/1145/4561
f 3944/1139/4982 3945/1144/5109 3935/1145/4563
f 3943/1138/4184 3932/1136/4805 3942/1144/4216
f 3937/1136/4539 3943/1138/4540 3945/1144/4560
f 3932/1136/4978 3944/1139/4185 3942/1144/4987
f 3944/1139/4982 3937/1136/4981 3945/1144/5109
usemtl mat1.449
f 3953/1135/5110 3946/1136/4991 3948/1137/5110
f 3948/1137/4827 3946/1136/4227 3957/1138/4828
f 3958/1139/5111 3946/1136/4230 3950/1140/4993
f 3950/1140/4994 3946/1136/4991 3954/1141/4994
f 3951/1136/4833 3953/1135/4235 3948/1137/4235
f 3951/1136/5113 3948/1137/4836 3957/1138/4238
f 3951/1136/4577 3958/1139/4240 3950/1140/4578
f 3951/1136/5270 3950/1140/4839 3954/1141/4839
f 3952/1142/4840 3953/1135/4841 3947/1143/4246
f 3954/1141/4583 3952/1142/4248 3947/1143/4249
f 3953/1135/4251 3955/1142/4251 3947/1143/4585
f 3955/1142/4254 3954/1141/4586 3947/1143/4255
f 3946/1136/5271 3953/1135/4841 3952/1142/4840
f 3953/1135/4251 3951/1136/5193 3955/1142/4251
f 3954/1141/4583 3946/1136/4843 3952/1142/4248
f 3951/1136/4844 3954/1141/4586 3955/1142/4254
f 3957/1138/4828 3956/1144/5118 3949/1145/4261
f 3956/1144/4846 3958/1139/5111 3949/1145/4263
f 3959/1144/4264 3957/1138/4238 3949/1145/4593
f 3958/1139/4240 3959/1144/4594 3949/1145/4595
f 3957/1138/4828 3946/1136/4227 3956/1144/5118
f 3951/1136/5113 3957/1138/4238 3959/1144/4264
f 3946/1136/4230 3958/1139/5111 3956/1144/4846
f 3958/1139/4240 3951/1136/4577 3959/1144/4594
usemtl mat1.450
f 3967/1135/4268 3960/1136/4269 3962/1137/4268
f 3962/1137/4849 3960/1136/4596 3971/1138/5121
f 3972/1139/4273 3960/1136/4598 3964/1140/4275
f 3964/1140/5122 3960/1136/4851 3968/1141/5122
f 3965/1136/5300 3967/1135/5123 3962/1137/5123
f 3965/1136/5007 3962/1137/5194 3971/1138/4603
f 3965/1136/5255 3972/1139/4284 3964/1140/4285
f 3965/1136/4286 3964/1140/4606 3968/1141/4606
f 3966/1142/4288 3967/1135/4608 3961/1143/4609
f 3968/1141/4610 3966/1142/4611 3961/1143/5013
f 3967/1135/4294 3969/1142/4295 3961/1143/4296
f 3969/1142/5014 3968/1141/4298 3961/1143/5015
f 3960/1136/5016 3967/1135/4608 3966/1142/4288
f 3967/1135/4294 3965/1136/4301 3969/1142/4295
f 3968/1141/4610 3960/1136/5128 3966/1142/4611
f 3965/1136/4619 3968/1141/4298 3969/1142/5014
f 3971/1138/5121 3970/1144/4620 3963/1145/5227
f 3970/1144/4858 3972/1139/4273 3963/1145/4623
f 3973/1144/5021 3971/1138/4603 3963/1145/5022
f 3972/1139/4284 3973/1144/4310 3963/1145/4311
f 3971/1138/5121 3960/1136/4596 3970/1144/4620
f 3965/1136/5007 3971/1138/4603 3973/1144/5021
f 3960/1136/4598 3972/1139/4273 3970/1144/4858
f 3972/1139/4284 3965/1136/5255 3973/1144/4310
usemtl mat1.451
f 3981/1135/4860 3974/1136/4861 3976/1137/4860
f 3976/1137/4314 3974/1136/4315 3985/1138/4316
f 3986/1139/4317 3974/1136/4864 3978/1140/4319
f 3978/1140/4865 3974/1136/5135 3982/1141/4865
f 3979/1136/5282 3981/1135/5025 3976/1137/5025
f 3979/1136/4639 3976/1137/4325 3985/1138/4641
f 3979/1136/5027 3986/1139/5028 3978/1140/5196
f 3979/1136/5274 3978/1140/4331 3982/1141/4331
f 3980/1142/4872 3981/1135/4332 3975/1143/4333
f 3982/1141/4334 3980/1142/4647 3975/1143/4336
f 3981/1135/4337 3983/1142/5371 3975/1143/4650
f 3983/1142/4651 3982/1141/4341 3975/1143/4342
f 3974/1136/5198 3981/1135/4332 3980/1142/4872
f 3981/1135/4337 3979/1136/4654 3983/1142/5371
f 3982/1141/4334 3974/1136/5231 3980/1142/4647
f 3979/1136/5200 3982/1141/4341 3983/1142/4651
f 3985/1138/4316 3984/1144/4879 3977/1145/4348
f 3984/1144/4657 3986/1139/4317 3977/1145/4350
f 3987/1144/5141 3985/1138/4641 3977/1145/4352
f 3986/1139/5028 3987/1144/5038 3977/1145/4354
f 3985/1138/4316 3974/1136/4315 3984/1144/4879
f 3979/1136/4639 3985/1138/4641 3987/1144/5141
f 3974/1136/4864 3986/1139/4317 3984/1144/4657
f 3986/1139/5028 3979/1136/5027 3987/1144/5038
usemtl mat1.452
f 3995/1135/5142 3988/1136/5040 3990/1137/5142
f 3990/1137/5041 3988/1136/4358 3999/1138/4663
f 4000/1139/4664 3988/1136/4665 3992/1140/4666
f 3992/1140/4667 3988/1136/5042 3996/1141/4667
f 3993/1136/5043 3995/1135/5044 3990/1137/5044
f 3993/1136/4890 3990/1137/4891 3999/1138/4892
f 3993/1136/4893 4000/1139/4371 3992/1140/4372
f 3993/1136/4675 3992/1140/4676 3996/1141/4676
f 3994/1142/4895 3995/1135/4896 3989/1143/4897
f 3996/1141/4898 3994/1142/4379 3989/1143/4899
f 3995/1135/4681 3997/1142/4682 3989/1143/4383
f 3997/1142/4683 3996/1141/4385 3989/1143/4386
f 3988/1136/5050 3995/1135/4896 3994/1142/4895
f 3995/1135/4681 3993/1136/4686 3997/1142/4682
f 3996/1141/4898 3988/1136/5148 3994/1142/4379
f 3993/1136/5204 3996/1141/4385 3997/1142/4683
f 3999/1138/4663 3998/1144/4391 3991/1145/4392
f 3998/1144/4905 4000/1139/4664 3991/1145/4906
f 4001/1144/4395 3999/1138/4892 3991/1145/4692
f 4000/1139/4371 4001/1144/4397 3991/1145/4693
f 3999/1138/4663 3988/1136/4358 3998/1144/4391
f 3993/1136/4890 3999/1138/4892 4001/1144/4395
f 3988/1136/4665 4000/1139/4664 3998/1144/4905
f 4000/1139/4371 3993/1136/4893 4001/1144/4397
usemtl mat1.453
f 4009/1135/4909 4002/1136/5487 4004/1137/4909
f 4004/1137/4401 4002/1136/4402 4013/1138/4403
f 4014/1139/4404 4002/1136/5056 4006/1140/4406
f 4006/1140/4407 4002/1136/5488 4010/1141/4407
f 4007/1136/5261 4009/1135/5237 4004/1137/5237
f 4007/1136/4705 4004/1137/5207 4013/1138/4707
f 4007/1136/4414 4014/1139/5059 4006/1140/4416
f 4007/1136/4709 4006/1140/5061 4010/1141/5061
f 4008/1142/4419 4009/1135/5063 4003/1143/5158
f 4010/1141/4714 4008/1142/4715 4003/1143/5262
f 4009/1135/4425 4011/1142/4718 4003/1143/5067
f 4011/1142/4428 4010/1141/4721 4003/1143/4923
f 4002/1136/4431 4009/1135/5063 4008/1142/4419
f 4009/1135/4425 4007/1136/5210 4011/1142/4718
f 4010/1141/4714 4002/1136/4725 4008/1142/4715
f 4007/1136/5162 4010/1141/4721 4011/1142/4428
f 4013/1138/4403 4012/1144/4727 4005/1145/5071
f 4012/1144/5072 4014/1139/4404 4005/1145/4438
f 4015/1144/4731 4013/1138/4707 4005/1145/4440
f 4014/1139/5059 4015/1144/5075 4005/1145/4930
f 4013/1138/4403 4002/1136/4402 4012/1144/4727
f 4007/1136/4705 4013/1138/4707 4015/1144/4731
f 4002/1136/5056 4014/1139/4404 4012/1144/5072
f 4014/1139/5059 4007/1136/4414 4015/1144/5075
usemtl mat1.454
f 4023/1135/4733 4016/1136/5211 4018/1137/4733
f 4018/1137/4735 4016/1136/4446 4027/1138/4447
f 4028/1139/4448 4016/1136/4449 4020/1140/4450
f 4020/1140/5080 4016/1136/4738 4024/1141/5080
f 4021/1136/5489 4023/1135/4454 4018/1137/4454
f 4021/1136/4741 4018/1137/4456 4027/1138/4457
f 4021/1136/4938 4028/1139/4459 4020/1140/5084
f 4021/1136/4746 4020/1140/4747 4024/1141/4747
f 4022/1142/4942 4023/1135/4749 4017/1143/4750
f 4024/1141/4466 4022/1142/4467 4017/1143/4752
f 4023/1135/4753 4025/1142/4754 4017/1143/4755
f 4025/1142/4472 4024/1141/4756 4017/1143/4474
f 4016/1136/4947 4023/1135/4749 4022/1142/4942
f 4023/1135/4753 4021/1136/5245 4025/1142/4754
f 4024/1141/4466 4016/1136/4477 4022/1142/4467
f 4021/1136/4949 4024/1141/4756 4025/1142/4472
f 4027/1138/4447 4026/1144/4761 4019/1145/4762
f 4026/1144/4763 4028/1139/4448 4019/1145/4953
f 4029/1144/4765 4027/1138/4457 4019/1145/5214
f 4028/1139/4459 4029/1144/4956 4019/1145/5091
f 4027/1138/4447 4016/1136/4446 4026/1144/4761
f 4021/1136/4741 4027/1138/4457 4029/1144/4765
f 4016/1136/4449 4028/1139/4448 4026/1144/4763
f 4028/1139/4459 4021/1136/4938 4029/1144/4956
usemtl mat1.455
f 4037/1135/5092 4030/1136/5490 4032/1137/5092
f 4032/1137/4959 4030/1136/4490 4041/1138/4961
f 4042/1139/4492 4030/1136/5249 4034/1140/5173
f 4034/1140/4964 4030/1136/4496 4038/1141/4964
f 4035/1136/4966 4037/1135/4498 4032/1137/4498
f 4035/1136/5095 4032/1137/5096 4041/1138/5097
f 4035/1136/4779 4042/1139/4503 4034/1140/4967
f 4035/1136/5250 4034/1140/4782 4038/1141/4782
f 4036/1142/4783 4037/1135/4784 4031/1143/4785
f 4038/1141/4786 4036/1142/4787 4031/1143/4512
f 4037/1135/4788 4039/1142/5099 4031/1143/4971
f 4039/1142/5180 4038/1141/5181 4031/1143/4518
f 4030/1136/5217 4037/1135/4784 4036/1142/4783
f 4037/1135/4788 4035/1136/4794 4039/1142/5099
f 4038/1141/4786 4030/1136/4521 4036/1142/4787
f 4035/1136/4974 4038/1141/5181 4039/1142/5180
f 4041/1138/4961 4040/1144/5102 4033/1145/4524
f 4040/1144/4975 4042/1139/4492 4033/1145/4798
f 4043/1144/4976 4041/1138/5097 4033/1145/4799
f 4042/1139/4503 4043/1144/4800 4033/1145/4530
f 4041/1138/4961 4030/1136/4490 4040/1144/5102
f 4035/1136/5095 4041/1138/5097 4043/1144/4976
f 4030/1136/5249 4042/1139/4492 4040/1144/4975
f 4042/1139/4503 4035/1136/4779 4043/1144/4800
usemtl mat1.456
f 4051/1135/4802 4044/1136/5406 4046/1137/4802
f 4046/1137/4182 4044/1136/4805 4055/1138/4184
f 4056/1139/4185 4044/1136/5219 4048/1140/4535
f 4048/1140/4188 4044/1136/4979 4052/1141/4188
f 4049/1136/4190 4051/1135/4191 4046/1137/4191
f 4049/1136/4980 4046/1137/4193 4055/1138/4540
f 4049/1136/4981 4056/1139/4982 4048/1140/4814
f 4049/1136/4198 4048/1140/4199 4052/1141/4199
f 4050/1142/4816 4051/1135/4817 4045/1143/4202
f 4052/1141/4203 4050/1142/4547 4045/1143/4548
f 4051/1135/4206 4053/1142/4549 4045/1143/4208
f 4053/1142/4820 4052/1141/4210 4045/1143/5222
f 4044/1136/4983 4051/1135/4817 4050/1142/4816
f 4051/1135/4206 4049/1136/5269 4053/1142/4549
f 4052/1141/4203 4044/1136/4555 4050/1142/4547
f 4049/1136/4823 4052/1141/4210 4053/1142/4820
f 4055/1138/4184 4054/1144/4216 4047/1145/4217
f 4054/1144/4987 4056/1139/4185 4047/1145/4826
f 4057/1144/4560 4055/1138/4540 4047/1145/4561
f 4056/1139/4982 4057/1144/5109 4047/1145/4563
f 4055/1138/4184 4044/1136/4805 4054/1144/4216
f 4049/1136/4980 4055/1138/4540 4057/1144/4560
f 4044/1136/5219 4056/1139/4185 4054/1144/4987
f 4056/1139/4982 4049/1136/4981 4057/1144/5109
usemtl mat1.457
f 4065/1135/5191 4058/1136/4991 4060/1137/5191
f 4060/1137/4827 4058/1136/4567 4069/1138/4828
f 4070/1139/5111 4058/1136/4230 4062/1140/4993
f 4062/1140/4994 4058/1136/4991 4066/1141/4994
f 4063/1136/4833 4065/1135/4235 4060/1137/4235
f 4063/1136/5113 4060/1137/4836 4069/1138/4238
f 4063/1136/4577 4070/1139/4240 4062/1140/4578
f 4063/1136/4997 4062/1140/4839 4066/1141/4839
f 4064/1142/4840 4065/1135/4582 4059/1143/4246
f 4066/1141/4583 4064/1142/4248 4059/1143/4249
f 4065/1135/4584 4067/1142/4251 4059/1143/4585
f 4067/1142/4254 4066/1141/4586 4059/1143/4255
f 4058/1136/4587 4065/1135/4582 4064/1142/4840
f 4065/1135/4584 4063/1136/5193 4067/1142/4251
f 4066/1141/4583 4058/1136/4843 4064/1142/4248
f 4063/1136/5001 4066/1141/4586 4067/1142/4254
f 4069/1138/4828 4068/1144/5118 4061/1145/4261
f 4068/1144/4846 4070/1139/5111 4061/1145/4263
f 4071/1144/4264 4069/1138/4238 4061/1145/4593
f 4070/1139/4240 4071/1144/4847 4061/1145/4595
f 4069/1138/4828 4058/1136/4567 4068/1144/5118
f 4063/1136/5113 4069/1138/4238 4071/1144/4264
f 4058/1136/4230 4070/1139/5111 4068/1144/4846
f 4070/1139/4240 4063/1136/4577 4071/1144/4847
usemtl mat1.458
f 4079/1135/4268 4072/1136/4269 4074/1137/4268
f 4074/1137/4849 4072/1136/4596 4083/1138/5121
f 4084/1139/4273 4072/1136/4598 4076/1140/4275
f 4076/1140/5122 4072/1136/4851 4080/1141/5122
f 4077/1136/4278 4079/1135/4279 4074/1137/4279
f 4077/1136/5007 4074/1137/4281 4083/1138/4282
f 4077/1136/5255 4084/1139/4284 4076/1140/4285
f 4077/1136/5009 4076/1140/4606 4080/1141/4606
f 4078/1142/5280 4079/1135/5125 4073/1143/4290
f 4080/1141/5012 4078/1142/4611 4073/1143/5013
f 4079/1135/4294 4081/1142/4612 4073/1143/4296
f 4081/1142/5226 4080/1141/4298 4073/1143/5015
f 4072/1136/5448 4079/1135/5125 4078/1142/5280
f 4079/1135/4294 4077/1136/4301 4081/1142/4612
f 4080/1141/5012 4072/1136/5128 4078/1142/4611
f 4077/1136/4619 4080/1141/4298 4081/1142/5226
f 4083/1138/5121 4082/1144/4620 4075/1145/5227
f 4082/1144/4858 4084/1139/4273 4075/1145/4623
f 4085/1144/5021 4083/1138/4282 4075/1145/5022
f 4084/1139/4284 4085/1144/4310 4075/1145/4311
f 4083/1138/5121 4072/1136/4596 4082/1144/4620
f 4077/1136/5007 4083/1138/4282 4085/1144/5021
f 4072/1136/4598 4084/1139/4273 4082/1144/4858
f 4084/1139/4284 4077/1136/5255 4085/1144/4310
usemtl mat1.459
f 4093/1135/4860 4086/1136/5258 4088/1137/4860
f 4088/1137/4314 4086/1136/4315 4097/1138/4316
f 4098/1139/4317 4086/1136/4864 4090/1140/4319
f 4090/1140/5134 4086/1136/5273 4094/1141/5134
f 4091/1136/4330 4093/1135/5025 4088/1137/5025
f 4091/1136/4639 4088/1137/4325 4097/1138/4641
f 4091/1136/5027 4098/1139/5028 4090/1140/5196
f 4091/1136/5274 4090/1140/5229 4094/1141/5229
f 4092/1142/4872 4093/1135/4332 4087/1143/4333
f 4094/1141/4334 4092/1142/4647 4087/1143/4336
f 4093/1135/4337 4095/1142/4649 4087/1143/4650
f 4095/1142/4651 4094/1141/4341 4087/1143/4342
f 4086/1136/5198 4093/1135/4332 4092/1142/4872
f 4093/1135/4337 4091/1136/4654 4095/1142/4649
f 4094/1141/4334 4086/1136/5231 4092/1142/4647
f 4091/1136/5200 4094/1141/4341 4095/1142/4651
f 4097/1138/4316 4096/1144/4879 4089/1145/4348
f 4096/1144/4657 4098/1139/4317 4089/1145/4350
f 4099/1144/4658 4097/1138/4641 4089/1145/4352
f 4098/1139/5028 4099/1144/5038 4089/1145/4354
f 4097/1138/4316 4086/1136/4315 4096/1144/4879
f 4091/1136/4639 4097/1138/4641 4099/1144/4658
f 4086/1136/4864 4098/1139/4317 4096/1144/4657
f 4098/1139/5028 4091/1136/5027 4099/1144/5038
usemtl mat1.460
f 4107/1135/5142 4100/1136/5481 4102/1137/5142
f 4102/1137/5041 4100/1136/4358 4111/1138/4663
f 4112/1139/4664 4100/1136/4665 4104/1140/4886
f 4104/1140/4363 4100/1136/5233 4108/1141/4363
f 4105/1136/4669 4107/1135/5044 4102/1137/5044
f 4105/1136/4890 4102/1137/4891 4111/1138/4892
f 4105/1136/4674 4112/1139/4371 4104/1140/4372
f 4105/1136/5375 4104/1140/4374 4108/1141/4374
f 4106/1142/4677 4107/1135/4678 4101/1143/4897
f 4108/1141/4898 4106/1142/4379 4101/1143/4899
f 4107/1135/5047 4109/1142/4682 4101/1143/4383
f 4109/1142/4683 4108/1141/4385 4101/1143/4386
f 4100/1136/5050 4107/1135/4678 4106/1142/4677
f 4107/1135/5047 4105/1136/5051 4109/1142/4682
f 4108/1141/4898 4100/1136/5148 4106/1142/4379
f 4105/1136/5204 4108/1141/4385 4109/1142/4683
f 4111/1138/4663 4110/1144/4391 4103/1145/4392
f 4110/1144/4905 4112/1139/4664 4103/1145/4906
f 4113/1144/4395 4111/1138/4892 4103/1145/4692
f 4112/1139/4371 4113/1144/4397 4103/1145/4693
f 4111/1138/4663 4100/1136/4358 4110/1144/4391
f 4105/1136/4890 4111/1138/4892 4113/1144/4395
f 4100/1136/4665 4112/1139/4664 4110/1144/4905
f 4112/1139/4371 4105/1136/4674 4113/1144/4397
usemtl mat1.461
f 4121/1135/4909 4114/1136/5260 4116/1137/4909
f 4116/1137/4401 4114/1136/4402 4125/1138/4403
f 4126/1139/4404 4114/1136/5056 4118/1140/4406
f 4118/1140/4407 4114/1136/4702 4122/1141/4407
f 4119/1136/5426 4121/1135/5491 4116/1137/5491
f 4119/1136/4705 4116/1137/5057 4125/1138/4707
f 4119/1136/5239 4126/1139/5059 4118/1140/4416
f 4119/1136/4709 4118/1140/5061 4122/1141/5061
f 4120/1142/5062 4121/1135/5063 4115/1143/4713
f 4122/1141/4714 4120/1142/4715 4115/1143/5262
f 4121/1135/4425 4123/1142/4718 4115/1143/5067
f 4123/1142/5209 4122/1141/4721 4115/1143/4923
f 4114/1136/4431 4121/1135/5063 4120/1142/5062
f 4121/1135/4425 4119/1136/5210 4123/1142/4718
f 4122/1141/4714 4114/1136/4725 4120/1142/4715
f 4119/1136/5492 4122/1141/4721 4123/1142/5209
f 4125/1138/4403 4124/1144/4727 4117/1145/5071
f 4124/1144/5072 4126/1139/4404 4117/1145/5163
f 4127/1144/4731 4125/1138/4707 4117/1145/4440
f 4126/1139/5059 4127/1144/5075 4117/1145/4930
f 4125/1138/4403 4114/1136/4402 4124/1144/4727
f 4119/1136/4705 4125/1138/4707 4127/1144/4731
f 4114/1136/5056 4126/1139/4404 4124/1144/5072
f 4126/1139/5059 4119/1136/5239 4127/1144/5075
usemtl mat1.462
f 4135/1135/4733 4128/1136/4734 4130/1137/4733
f 4130/1137/4735 4128/1136/4446 4139/1138/4447
f 4140/1139/4448 4128/1136/4449 4132/1140/4450
f 4132/1140/5080 4128/1136/5276 4136/1141/5080
f 4133/1136/5166 4135/1135/4454 4130/1137/4454
f 4133/1136/4741 4130/1137/4456 4139/1138/4457
f 4133/1136/5083 4140/1139/4459 4132/1140/5264
f 4133/1136/4746 4132/1140/5283 4136/1141/5283
f 4134/1142/4942 4135/1135/4749 4129/1143/4750
f 4136/1141/4466 4134/1142/4467 4129/1143/4752
f 4135/1135/4753 4137/1142/4754 4129/1143/4755
f 4137/1142/4472 4136/1141/4756 4129/1143/4474
f 4128/1136/4947 4135/1135/4749 4134/1142/4942
f 4135/1135/4753 4133/1136/5245 4137/1142/4754
f 4136/1141/4466 4128/1136/4477 4134/1142/4467
f 4133/1136/5493 4136/1141/4756 4137/1142/4472
f 4139/1138/4447 4138/1144/4761 4131/1145/4762
f 4138/1144/4763 4140/1139/4448 4131/1145/4953
f 4141/1144/4765 4139/1138/4457 4131/1145/5214
f 4140/1139/4459 4141/1144/4956 4131/1145/5091
f 4139/1138/4447 4128/1136/4446 4138/1144/4761
f 4133/1136/4741 4139/1138/4457 4141/1144/4765
f 4128/1136/4449 4140/1139/4448 4138/1144/4763
f 4140/1139/4459 4133/1136/5083 4141/1144/4956
usemtl mat1.463
f 4149/1135/5092 4142/1136/5494 4144/1137/5092
f 4144/1137/4959 4142/1136/4490 4153/1138/4961
f 4154/1139/4492 4142/1136/5249 4146/1140/4963
f 4146/1140/4964 4142/1136/5474 4150/1141/4964
f 4147/1136/4966 4149/1135/4498 4144/1137/4498
f 4147/1136/5095 4144/1137/5096 4153/1138/4778
f 4147/1136/4779 4154/1139/4503 4146/1140/4967
f 4147/1136/5098 4146/1140/4506 4150/1141/4506
f 4148/1142/4783 4149/1135/4784 4143/1143/4785
f 4150/1141/4786 4148/1142/4787 4143/1143/4512
f 4149/1135/4788 4151/1142/5099 4143/1143/5179
f 4151/1142/5180 4150/1141/5181 4143/1143/4518
f 4142/1136/5217 4149/1135/4784 4148/1142/4783
f 4149/1135/4788 4147/1136/5100 4151/1142/5099
f 4150/1141/4786 4142/1136/5101 4148/1142/4787
f 4147/1136/4974 4150/1141/5181 4151/1142/5180
f 4153/1138/4961 4152/1144/5102 4145/1145/4524
f 4152/1144/4975 4154/1139/4492 4145/1145/4798
f 4155/1144/4976 4153/1138/4778 4145/1145/4799
f 4154/1139/4503 4155/1144/5477 4145/1145/4530
f 4153/1138/4961 4142/1136/4490 4152/1144/5102
f 4147/1136/5095 4153/1138/4778 4155/1144/4976
f 4142/1136/5249 4154/1139/4492 4152/1144/4975
f 4154/1139/4503 4147/1136/4779 4155/1144/5477
usemtl mat1.464
f 4163/1135/4802 4156/1136/4977 4158/1137/4802
f 4158/1137/4182 4156/1136/4805 4167/1138/4184
f 4168/1139/4185 4156/1136/4978 4160/1140/4187
f 4160/1140/4188 4156/1136/4979 4164/1141/4188
f 4161/1136/4190 4163/1135/4809 4158/1137/4809
f 4161/1136/4539 4158/1137/4193 4167/1138/4540
f 4161/1136/4981 4168/1139/4982 4160/1140/4197
f 4161/1136/4198 4160/1140/4199 4164/1141/4199
f 4162/1142/4816 4163/1135/4817 4157/1143/4202
f 4164/1141/4203 4162/1142/4547 4157/1143/4548
f 4163/1135/4206 4165/1142/4549 4157/1143/4208
f 4165/1142/4820 4164/1141/4210 4157/1143/4211
f 4156/1136/4983 4163/1135/4817 4162/1142/4816
f 4163/1135/4206 4161/1136/4984 4165/1142/4549
f 4164/1141/4203 4156/1136/4555 4162/1142/4547
f 4161/1136/4823 4164/1141/4210 4165/1142/4820
f 4167/1138/4184 4166/1144/4216 4159/1145/4217
f 4166/1144/4987 4168/1139/4185 4159/1145/4826
f 4169/1144/4560 4167/1138/4540 4159/1145/4561
f 4168/1139/4982 4169/1144/5109 4159/1145/4989
f 4167/1138/4184 4156/1136/4805 4166/1144/4216
f 4161/1136/4539 4167/1138/4540 4169/1144/4560
f 4156/1136/4978 4168/1139/4185 4166/1144/4987
f 4168/1139/4982 4161/1136/4981 4169/1144/5109
usemtl mat1.465
f 4177/1135/5191 4170/1136/4995 4172/1137/5191
f 4172/1137/4827 4170/1136/4567 4181/1138/4828
f 4182/1139/4569 4170/1136/4230 4174/1140/4993
f 4174/1140/4994 4170/1136/5223 4178/1141/4994
f 4175/1136/4833 4177/1135/4235 4172/1137/4235
f 4175/1136/5113 4172/1137/4836 4181/1138/4238
f 4175/1136/4577 4182/1139/4240 4174/1140/4578
f 4175/1136/4997 4174/1140/4839 4178/1141/4839
f 4176/1142/4840 4177/1135/4841 4171/1143/4246
f 4178/1141/4583 4176/1142/4248 4171/1143/4249
f 4177/1135/4584 4179/1142/4584 4171/1143/4585
f 4179/1142/4254 4178/1141/4586 4171/1143/4255
f 4170/1136/4587 4177/1135/4841 4176/1142/4840
f 4177/1135/4584 4175/1136/5193 4179/1142/4584
f 4178/1141/4583 4170/1136/4589 4176/1142/4248
f 4175/1136/5001 4178/1141/4586 4179/1142/4254
f 4181/1138/4828 4180/1144/5118 4173/1145/4261
f 4180/1144/4846 4182/1139/4569 4173/1145/4263
f 4183/1144/4264 4181/1138/4238 4173/1145/4593
f 4182/1139/4240 4183/1144/4594 4173/1145/4595
f 4181/1138/4828 4170/1136/4567 4180/1144/5118
f 4175/1136/5113 4181/1138/4238 4183/1144/4264
f 4170/1136/4230 4182/1139/4569 4180/1144/4846
f 4182/1139/4240 4175/1136/4577 4183/1144/4594
usemtl mat1.466
f 4191/1135/4268 4184/1136/4269 4186/1137/4268
f 4186/1137/4849 4184/1136/4596 4195/1138/5121
f 4196/1139/4273 4184/1136/4598 4188/1140/4275
f 4188/1140/5122 4184/1136/4851 4192/1141/5122
f 4189/1136/4278 4191/1135/5123 4186/1137/5123
f 4189/1136/5007 4186/1137/4281 4195/1138/4282
f 4189/1136/5124 4196/1139/4284 4188/1140/4285
f 4189/1136/5009 4188/1140/4606 4192/1141/4606
f 4190/1142/5280 4191/1135/5125 4185/1143/4609
f 4192/1141/5012 4190/1142/4611 4185/1143/5013
f 4191/1135/4294 4193/1142/4295 4185/1143/4296
f 4193/1142/5014 4192/1141/4298 4185/1143/4299
f 4184/1136/5016 4191/1135/5125 4190/1142/5280
f 4191/1135/4294 4189/1136/4301 4193/1142/4295
f 4192/1141/5012 4184/1136/5128 4190/1142/4611
f 4189/1136/4857 4192/1141/4298 4193/1142/5014
f 4195/1138/5121 4194/1144/4620 4187/1145/5227
f 4194/1144/4858 4196/1139/4273 4187/1145/4623
f 4197/1144/5021 4195/1138/4282 4187/1145/5022
f 4196/1139/4284 4197/1144/4310 4187/1145/4311
f 4195/1138/5121 4184/1136/4596 4194/1144/4620
f 4189/1136/5007 4195/1138/4282 4197/1144/5021
f 4184/1136/4598 4196/1139/4273 4194/1144/4858
f 4196/1139/4284 4189/1136/5124 4197/1144/4310
usemtl mat1.467
f 4205/1135/4860 4198/1136/5258 4200/1137/4860
f 4200/1137/4314 4198/1136/4315 4209/1138/4316
f 4210/1139/4317 4198/1136/4864 4202/1140/4319
f 4202/1140/5134 4198/1136/5135 4206/1141/5134
f 4203/1136/4330 4205/1135/5025 4200/1137/5025
f 4203/1136/4639 4200/1137/4325 4209/1138/4641
f 4203/1136/5027 4210/1139/4328 4202/1140/5196
f 4203/1136/5274 4202/1140/5229 4206/1141/5229
f 4204/1142/4872 4205/1135/4332 4199/1143/4333
f 4206/1141/4334 4204/1142/4647 4199/1143/4336
f 4205/1135/4337 4207/1142/4649 4199/1143/4650
f 4207/1142/4651 4206/1141/4875 4199/1143/4342
f 4198/1136/5198 4205/1135/4332 4204/1142/4872
f 4205/1135/4337 4203/1136/5230 4207/1142/4649
f 4206/1141/4334 4198/1136/5231 4204/1142/4647
f 4203/1136/4878 4206/1141/4875 4207/1142/4651
f 4209/1138/4316 4208/1144/4879 4201/1145/4348
f 4208/1144/4657 4210/1139/4317 4201/1145/4350
f 4211/1144/5141 4209/1138/4641 4201/1145/4352
f 4210/1139/4328 4211/1144/5038 4201/1145/4354
f 4209/1138/4316 4198/1136/4315 4208/1144/4879
f 4203/1136/4639 4209/1138/4641 4211/1144/5141
f 4198/1136/4864 4210/1139/4317 4208/1144/4657
f 4210/1139/4328 4203/1136/5027 4211/1144/5038
usemtl mat1.468
f 4219/1135/5142 4212/1136/5481 4214/1137/5142
f 4214/1137/5041 4212/1136/4358 4223/1138/4663
f 4224/1139/4664 4212/1136/4665 4216/1140/4886
f 4216/1140/4363 4212/1136/5042 4220/1141/4363
f 4217/1136/4669 4219/1135/5044 4214/1137/5044
f 4217/1136/4890 4214/1137/4891 4223/1138/4892
f 4217/1136/4674 4224/1139/4371 4216/1140/4372
f 4217/1136/4675 4216/1140/4676 4220/1141/4676
f 4218/1142/4677 4219/1135/4678 4213/1143/4897
f 4220/1141/4898 4218/1142/4379 4213/1143/4899
f 4219/1135/4681 4221/1142/4682 4213/1143/4383
f 4221/1142/4683 4220/1141/4385 4213/1143/4386
f 4212/1136/5147 4219/1135/4678 4218/1142/4677
f 4219/1135/4681 4217/1136/5051 4221/1142/4682
f 4220/1141/4898 4212/1136/5148 4218/1142/4379
f 4217/1136/5204 4220/1141/4385 4221/1142/4683
f 4223/1138/4663 4222/1144/4391 4215/1145/4392
f 4222/1144/4905 4224/1139/4664 4215/1145/4906
f 4225/1144/4395 4223/1138/4892 4215/1145/4692
f 4224/1139/4371 4225/1144/4397 4215/1145/4693
f 4223/1138/4663 4212/1136/4358 4222/1144/4391
f 4217/1136/4890 4223/1138/4892 4225/1144/4395
f 4212/1136/4665 4224/1139/4664 4222/1144/4905
f 4224/1139/4371 4217/1136/4674 4225/1144/4397
usemtl mat1.469
f 4233/1135/4909 4226/1136/5054 4228/1137/4909
f 4228/1137/4401 4226/1136/4402 4237/1138/4403
f 4238/1139/4404 4226/1136/5056 4230/1140/4406
f 4230/1140/4407 4226/1136/4702 4234/1141/4407
f 4231/1136/5261 4233/1135/5237 4228/1137/5237
f 4231/1136/4705 4228/1137/5057 4237/1138/4707
f 4231/1136/5239 4238/1139/5059 4230/1140/4416
f 4231/1136/4709 4230/1140/5061 4234/1141/5061
f 4232/1142/4419 4233/1135/5063 4227/1143/4713
f 4234/1141/4714 4232/1142/4921 4227/1143/5262
f 4233/1135/4425 4235/1142/4718 4227/1143/4719
f 4235/1142/5209 4234/1141/4721 4227/1143/4923
f 4226/1136/4431 4233/1135/5063 4232/1142/4419
f 4233/1135/4425 4231/1136/4925 4235/1142/4718
f 4234/1141/4714 4226/1136/4725 4232/1142/4921
f 4231/1136/5162 4234/1141/4721 4235/1142/5209
f 4237/1138/4403 4236/1144/4727 4229/1145/5071
f 4236/1144/5072 4238/1139/4404 4229/1145/5163
f 4239/1144/4731 4237/1138/4707 4229/1145/4440
f 4238/1139/5059 4239/1144/5075 4229/1145/4930
f 4237/1138/4403 4226/1136/4402 4236/1144/4727
f 4231/1136/4705 4237/1138/4707 4239/1144/4731
f 4226/1136/5056 4238/1139/4404 4236/1144/5072
f 4238/1139/5059 4231/1136/5239 4239/1144/5075
usemtl mat1.470
f 4247/1135/4733 4240/1136/5211 4242/1137/4733
f 4242/1137/4735 4240/1136/4446 4251/1138/4447
f 4252/1139/4448 4240/1136/4449 4244/1140/4450
f 4244/1140/5080 4240/1136/4738 4248/1141/5080
f 4245/1136/5166 4247/1135/4454 4242/1137/4454
f 4245/1136/4741 4242/1137/4456 4251/1138/4457
f 4245/1136/5083 4252/1139/4459 4244/1140/5264
f 4245/1136/4746 4244/1140/4747 4248/1141/4747
f 4246/1142/4942 4247/1135/4749 4241/1143/4750
f 4248/1141/4466 4246/1142/4467 4241/1143/4752
f 4247/1135/4753 4249/1142/4754 4241/1143/4471
f 4249/1142/4472 4248/1141/4756 4241/1143/4474
f 4240/1136/4947 4247/1135/4749 4246/1142/4942
f 4247/1135/4753 4245/1136/5245 4249/1142/4754
f 4248/1141/4466 4240/1136/4477 4246/1142/4467
f 4245/1136/4949 4248/1141/4756 4249/1142/4472
f 4251/1138/4447 4250/1144/4761 4243/1145/4762
f 4250/1144/4763 4252/1139/4448 4243/1145/4953
f 4253/1144/4765 4251/1138/4457 4243/1145/5214
f 4252/1139/4459 4253/1144/4956 4243/1145/5091
f 4251/1138/4447 4240/1136/4446 4250/1144/4761
f 4245/1136/4741 4251/1138/4457 4253/1144/4765
f 4240/1136/4449 4252/1139/4448 4250/1144/4763
f 4252/1139/4459 4245/1136/5083 4253/1144/4956
usemtl mat1.471
f 4261/1135/5092 4254/1136/5093 4256/1137/5092
f 4256/1137/4959 4254/1136/4490 4265/1138/4961
f 4266/1139/5495 4254/1136/4772 4258/1140/4963
f 4258/1140/4964 4254/1136/4496 4262/1141/4964
f 4259/1136/4497 4261/1135/4498 4256/1137/4498
f 4259/1136/5095 4256/1137/5096 4265/1138/4778
f 4259/1136/4779 4266/1139/4503 4258/1140/4967
f 4259/1136/5098 4258/1140/4782 4262/1141/4782
f 4260/1142/4783 4261/1135/4784 4255/1143/4785
f 4262/1141/4786 4260/1142/4787 4255/1143/4512
f 4261/1135/4788 4263/1142/4970 4255/1143/5179
f 4263/1142/5180 4262/1141/5181 4255/1143/4518
f 4254/1136/5217 4261/1135/4784 4260/1142/4783
f 4261/1135/4788 4259/1136/5100 4263/1142/4970
f 4262/1141/4786 4254/1136/5101 4260/1142/4787
f 4259/1136/4974 4262/1141/5181 4263/1142/5180
f 4265/1138/4961 4264/1144/4523 4257/1145/4524
f 4264/1144/4975 4266/1139/5495 4257/1145/4798
f 4267/1144/4976 4265/1138/4778 4257/1145/4528
f 4266/1139/4503 4267/1144/4529 4257/1145/4530
f 4265/1138/4961 4254/1136/4490 4264/1144/4523
f 4259/1136/5095 4265/1138/4778 4267/1144/4976
f 4254/1136/4772 4266/1139/5495 4264/1144/4975
f 4266/1139/4503 4259/1136/4779 4267/1144/4529
usemtl mat1.472
f 4275/1135/4802 4268/1136/5406 4270/1137/4802
f 4270/1137/5103 4268/1136/4805 4279/1138/4184
f 4280/1139/4185 4268/1136/4978 4272/1140/4187
f 4272/1140/4188 4268/1136/4979 4276/1141/4188
f 4273/1136/4190 4275/1135/4809 4270/1137/4809
f 4273/1136/4980 4270/1137/4193 4279/1138/4540
f 4273/1136/4981 4280/1139/4982 4272/1140/4814
f 4273/1136/4198 4272/1140/4199 4276/1141/4199
f 4274/1142/4816 4275/1135/4817 4269/1143/4202
f 4276/1141/4203 4274/1142/4204 4269/1143/4205
f 4275/1135/4206 4277/1142/4819 4269/1143/4208
f 4277/1142/4820 4276/1141/4210 4269/1143/5222
f 4268/1136/4983 4275/1135/4817 4274/1142/4816
f 4275/1135/4206 4273/1136/4984 4277/1142/4819
f 4276/1141/4203 4268/1136/4555 4274/1142/4204
f 4273/1136/4823 4276/1141/4210 4277/1142/4820
f 4279/1138/4184 4278/1144/4216 4271/1145/4217
f 4278/1144/4987 4280/1139/4185 4271/1145/4826
f 4281/1144/4560 4279/1138/4540 4271/1145/4561
f 4280/1139/4982 4281/1144/5109 4271/1145/4563
f 4279/1138/4184 4268/1136/4805 4278/1144/4216
f 4273/1136/4980 4279/1138/4540 4281/1144/4560
f 4268/1136/4978 4280/1139/4185 4278/1144/4987
f 4280/1139/4982 4273/1136/4981 4281/1144/5109
usemtl mat1.473
f 4289/1135/5191 4282/1136/5223 4284/1137/5191
f 4284/1137/4827 4282/1136/4567 4293/1138/4828
f 4294/1139/4569 4282/1136/4230 4286/1140/4993
f 4286/1140/4994 4282/1136/5223 4290/1141/4994
f 4287/1136/4833 4289/1135/4235 4284/1137/4235
f 4287/1136/5113 4284/1137/4836 4293/1138/4238
f 4287/1136/4577 4294/1139/4240 4286/1140/4578
f 4287/1136/5270 4286/1140/4839 4290/1141/4839
f 4288/1142/4840 4289/1135/4582 4283/1143/4246
f 4290/1141/4583 4288/1142/4248 4283/1143/4249
f 4289/1135/4584 4291/1142/4251 4283/1143/4585
f 4291/1142/4254 4290/1141/4586 4283/1143/4255
f 4282/1136/4587 4289/1135/4582 4288/1142/4840
f 4289/1135/4584 4287/1136/5193 4291/1142/4251
f 4290/1141/4583 4282/1136/4843 4288/1142/4248
f 4287/1136/5001 4290/1141/4586 4291/1142/4254
f 4293/1138/4828 4292/1144/5118 4285/1145/4261
f 4292/1144/4846 4294/1139/4569 4285/1145/4263
f 4295/1144/4264 4293/1138/4238 4285/1145/4593
f 4294/1139/4240 4295/1144/4594 4285/1145/4595
f 4293/1138/4828 4282/1136/4567 4292/1144/5118
f 4287/1136/5113 4293/1138/4238 4295/1144/4264
f 4282/1136/4230 4294/1139/4569 4292/1144/4846
f 4294/1139/4240 4287/1136/4577 4295/1144/4594
usemtl mat1.474
f 4303/1135/4268 4296/1136/4269 4298/1137/4268
f 4298/1137/5120 4296/1136/4596 4307/1138/5121
f 4308/1139/4273 4296/1136/4598 4300/1140/4275
f 4300/1140/5122 4296/1136/4851 4304/1141/5122
f 4301/1136/4278 4303/1135/5123 4298/1137/5123
f 4301/1136/5007 4298/1137/5194 4307/1138/4282
f 4301/1136/5255 4308/1139/4284 4300/1140/4285
f 4301/1136/5009 4300/1140/4606 4304/1141/4606
f 4302/1142/5280 4303/1135/5125 4297/1143/4609
f 4304/1141/5012 4302/1142/4611 4297/1143/5013
f 4303/1135/4294 4305/1142/4612 4297/1143/4296
f 4305/1142/5014 4304/1141/4298 4297/1143/4299
f 4296/1136/5016 4303/1135/5125 4302/1142/5280
f 4303/1135/4294 4301/1136/4301 4305/1142/4612
f 4304/1141/5012 4296/1136/5128 4302/1142/4611
f 4301/1136/4857 4304/1141/4298 4305/1142/5014
f 4307/1138/5121 4306/1144/4620 4299/1145/5227
f 4306/1144/4858 4308/1139/4273 4299/1145/4623
f 4309/1144/5021 4307/1138/4282 4299/1145/5022
f 4308/1139/4284 4309/1144/4310 4299/1145/4311
f 4307/1138/5121 4296/1136/4596 4306/1144/4620
f 4301/1136/5007 4307/1138/4282 4309/1144/5021
f 4296/1136/4598 4308/1139/4273 4306/1144/4858
f 4308/1139/4284 4301/1136/5255 4309/1144/4310
usemtl mat1.475
f 4317/1135/4860 4310/1136/5258 4312/1137/4860
f 4312/1137/4314 4310/1136/4315 4321/1138/4316
f 4322/1139/4317 4310/1136/4864 4314/1140/4319
f 4314/1140/5134 4310/1136/5135 4318/1141/5134
f 4315/1136/4330 4317/1135/5025 4312/1137/5025
f 4315/1136/4639 4312/1137/4325 4321/1138/4641
f 4315/1136/5027 4322/1139/5028 4314/1140/5196
f 4315/1136/5274 4314/1140/4331 4318/1141/4331
f 4316/1142/4872 4317/1135/4332 4311/1143/4333
f 4318/1141/4334 4316/1142/4647 4311/1143/4336
f 4317/1135/4337 4319/1142/4649 4311/1143/4650
f 4319/1142/4651 4318/1141/4875 4311/1143/4342
f 4310/1136/4876 4317/1135/4332 4316/1142/4872
f 4317/1135/4337 4315/1136/4654 4319/1142/4649
f 4318/1141/4334 4310/1136/5231 4316/1142/4647
f 4315/1136/4878 4318/1141/4875 4319/1142/4651
f 4321/1138/4316 4320/1144/4879 4313/1145/4348
f 4320/1144/4657 4322/1139/4317 4313/1145/4350
f 4323/1144/4658 4321/1138/4641 4313/1145/4352
f 4322/1139/5028 4323/1144/5038 4313/1145/4354
f 4321/1138/4316 4310/1136/4315 4320/1144/4879
f 4315/1136/4639 4321/1138/4641 4323/1144/4658
f 4310/1136/4864 4322/1139/4317 4320/1144/4657
f 4322/1139/5028 4315/1136/5027 4323/1144/5038
usemtl mat1.476
f 4331/1135/5142 4324/1136/5232 4326/1137/5142
f 4326/1137/5041 4324/1136/4358 4335/1138/4663
f 4336/1139/4664 4324/1136/4665 4328/1140/4886
f 4328/1140/4363 4324/1136/4668 4332/1141/4363
f 4329/1136/5420 4331/1135/5044 4326/1137/5044
f 4329/1136/4890 4326/1137/4891 4335/1138/4892
f 4329/1136/4893 4336/1139/4371 4328/1140/4372
f 4329/1136/4373 4328/1140/4676 4332/1141/4676
f 4330/1142/4677 4331/1135/4678 4325/1143/4897
f 4332/1141/4898 4330/1142/4379 4325/1143/4899
f 4331/1135/5047 4333/1142/4682 4325/1143/4383
f 4333/1142/4683 4332/1141/4385 4325/1143/4386
f 4324/1136/5050 4331/1135/4678 4330/1142/4677
f 4331/1135/5047 4329/1136/5051 4333/1142/4682
f 4332/1141/4898 4324/1136/5148 4330/1142/4379
f 4329/1136/5204 4332/1141/4385 4333/1142/4683
f 4335/1138/4663 4334/1144/4391 4327/1145/4392
f 4334/1144/4905 4336/1139/4664 4327/1145/4906
f 4337/1144/4395 4335/1138/4892 4327/1145/4692
f 4336/1139/4371 4337/1144/4397 4327/1145/4693
f 4335/1138/4663 4324/1136/4358 4334/1144/4391
f 4329/1136/4890 4335/1138/4892 4337/1144/4395
f 4324/1136/4665 4336/1139/4664 4334/1144/4905
f 4336/1139/4371 4329/1136/4893 4337/1144/4397
usemtl mat1.477
f 4345/1135/5259 4338/1136/5054 4340/1137/5259
f 4340/1137/4401 4338/1136/4402 4349/1138/4403
f 4350/1139/4404 4338/1136/5056 4342/1140/4406
f 4342/1140/4407 4338/1136/5329 4346/1141/4407
f 4343/1136/5261 4345/1135/5237 4340/1137/5237
f 4343/1136/4705 4340/1137/5057 4349/1138/4707
f 4343/1136/5239 4350/1139/5059 4342/1140/4416
f 4343/1136/4709 4342/1140/5061 4346/1141/5061
f 4344/1142/4419 4345/1135/5063 4339/1143/4713
f 4346/1141/4714 4344/1142/4921 4339/1143/5262
f 4345/1135/4425 4347/1142/4718 4339/1143/4719
f 4347/1142/5209 4346/1141/4721 4339/1143/4923
f 4338/1136/4431 4345/1135/5063 4344/1142/4419
f 4345/1135/4425 4343/1136/5210 4347/1142/4718
f 4346/1141/4714 4338/1136/4725 4344/1142/4921
f 4343/1136/5162 4346/1141/4721 4347/1142/5209
f 4349/1138/4403 4348/1144/4727 4341/1145/5071
f 4348/1144/5072 4350/1139/4404 4341/1145/4438
f 4351/1144/4731 4349/1138/4707 4341/1145/4440
f 4350/1139/5059 4351/1144/5075 4341/1145/4930
f 4349/1138/4403 4338/1136/4402 4348/1144/4727
f 4343/1136/4705 4349/1138/4707 4351/1144/4731
f 4338/1136/5056 4350/1139/4404 4348/1144/5072
f 4350/1139/5059 4343/1136/5239 4351/1144/5075
usemtl mat1.478
f 4359/1135/4733 4352/1136/5211 4354/1137/4733
f 4354/1137/4735 4352/1136/4446 4363/1138/4447
f 4364/1139/4448 4352/1136/4449 4356/1140/4450
f 4356/1140/5080 4352/1136/4738 4360/1141/5080
f 4357/1136/4739 4359/1135/4454 4354/1137/4454
f 4357/1136/4741 4354/1137/4456 4363/1138/4457
f 4357/1136/5083 4364/1139/4459 4356/1140/5264
f 4357/1136/4746 4356/1140/5283 4360/1141/5283
f 4358/1142/4942 4359/1135/4749 4353/1143/4750
f 4360/1141/4466 4358/1142/4467 4353/1143/4752
f 4359/1135/4753 4361/1142/4754 4353/1143/4755
f 4361/1142/4472 4360/1141/4756 4353/1143/4474
f 4352/1136/4947 4359/1135/4749 4358/1142/4942
f 4359/1135/4753 4357/1136/4758 4361/1142/4754
f 4360/1141/4466 4352/1136/4477 4358/1142/4467
f 4357/1136/5493 4360/1141/4756 4361/1142/4472
f 4363/1138/4447 4362/1144/4761 4355/1145/4762
f 4362/1144/4763 4364/1139/4448 4355/1145/4953
f 4365/1144/4954 4363/1138/4457 4355/1145/5214
f 4364/1139/4459 4365/1144/4956 4355/1145/5091
f 4363/1138/4447 4352/1136/4446 4362/1144/4761
f 4357/1136/4741 4363/1138/4457 4365/1144/4954
f 4352/1136/4449 4364/1139/4448 4362/1144/4763
f 4364/1139/4459 4357/1136/5083 4365/1144/4956
usemtl mat1.479
f 4373/1135/5092 4366/1136/5265 4368/1137/5092
f 4368/1137/4959 4366/1136/4490 4377/1138/4961
f 4378/1139/4492 4366/1136/4772 4370/1140/4963
f 4370/1140/4964 4366/1136/4496 4374/1141/4964
f 4371/1136/5344 4373/1135/4498 4368/1137/4498
f 4371/1136/5095 4368/1137/5096 4377/1138/5097
f 4371/1136/4779 4378/1139/4503 4370/1140/4967
f 4371/1136/5098 4370/1140/4782 4374/1141/4782
f 4372/1142/4783 4373/1135/4784 4367/1143/4785
f 4374/1141/4786 4372/1142/4787 4367/1143/4512
f 4373/1135/4788 4375/1142/4970 4367/1143/5179
f 4375/1142/5180 4374/1141/5181 4367/1143/4518
f 4366/1136/5217 4373/1135/4784 4372/1142/4783
f 4373/1135/4788 4371/1136/5100 4375/1142/4970
f 4374/1141/4786 4366/1136/5101 4372/1142/4787
f 4371/1136/4974 4374/1141/5181 4375/1142/5180
f 4377/1138/4961 4376/1144/5102 4369/1145/4524
f 4376/1144/4975 4378/1139/4492 4369/1145/4798
f 4379/1144/4976 4377/1138/5097 4369/1145/4528
f 4378/1139/4503 4379/1144/4529 4369/1145/4530
f 4377/1138/4961 4366/1136/4490 4376/1144/5102
f 4371/1136/5095 4377/1138/5097 4379/1144/4976
f 4366/1136/4772 4378/1139/4492 4376/1144/4975
f 4378/1139/4503 4371/1136/4779 4379/1144/4529
usemtl mat1.480
f 4387/1135/4802 4380/1136/4977 4382/1137/4802
f 4382/1137/5103 4380/1136/4183 4391/1138/4184
f 4392/1139/4185 4380/1136/4186 4384/1140/4535
f 4384/1140/4536 4380/1136/4808 4388/1141/4536
f 4385/1136/4190 4387/1135/4191 4382/1137/4191
f 4385/1136/4980 4382/1137/4811 4391/1138/4540
f 4385/1136/5496 4392/1139/4982 4384/1140/4814
f 4385/1136/4542 4384/1140/4199 4388/1141/4199
f 4386/1142/4816 4387/1135/4817 4381/1143/4818
f 4388/1141/4203 4386/1142/4204 4381/1143/4205
f 4387/1135/4206 4389/1142/4549 4381/1143/4208
f 4389/1142/4820 4388/1141/4210 4381/1143/4211
f 4380/1136/5497 4387/1135/4817 4386/1142/4816
f 4387/1135/4206 4385/1136/4984 4389/1142/4549
f 4388/1141/4203 4380/1136/5498 4386/1142/4204
f 4385/1136/5108 4388/1141/4210 4389/1142/4820
f 4391/1138/4184 4390/1144/4986 4383/1145/5291
f 4390/1144/4558 4392/1139/4185 4383/1145/4559
f 4393/1144/4560 4391/1138/4540 4383/1145/4561
f 4392/1139/4982 4393/1144/4988 4383/1145/4989
f 4391/1138/4184 4380/1136/4183 4390/1144/4986
f 4385/1136/4980 4391/1138/4540 4393/1144/4560
f 4380/1136/4186 4392/1139/4185 4390/1144/4558
f 4392/1139/4982 4385/1136/5496 4393/1144/4988
usemtl mat1.481
f 4401/1135/5191 4394/1136/4995 4396/1137/5191
f 4396/1137/4827 4394/1136/5361 4405/1138/4828
f 4406/1139/4569 4394/1136/4230 4398/1140/4830
f 4398/1140/5112 4394/1136/5499 4402/1141/5112
f 4399/1136/4833 4401/1135/5500 4396/1137/5500
f 4399/1136/5113 4396/1137/4836 4405/1138/4837
f 4399/1136/4577 4406/1139/4240 4398/1140/4578
f 4399/1136/5270 4398/1140/4839 4402/1141/4839
f 4400/1142/4581 4401/1135/5501 4395/1143/4246
f 4402/1141/4583 4400/1142/4248 4395/1143/4249
f 4401/1135/4250 4403/1142/4251 4395/1143/4252
f 4403/1142/4586 4402/1141/4586 4395/1143/4255
f 4394/1136/4999 4401/1135/5501 4400/1142/4581
f 4401/1135/4250 4399/1136/5193 4403/1142/4251
f 4402/1141/4583 4394/1136/5502 4400/1142/4248
f 4399/1136/4590 4402/1141/4586 4403/1142/4586
f 4405/1138/4828 4404/1144/5118 4397/1145/4261
f 4404/1144/4846 4406/1139/4569 4397/1145/4263
f 4407/1144/5446 4405/1138/4837 4397/1145/4593
f 4406/1139/4240 4407/1144/4594 4397/1145/4267
f 4405/1138/4828 4394/1136/5361 4404/1144/5118
f 4399/1136/5113 4405/1138/4837 4407/1144/5446
f 4394/1136/4230 4406/1139/4569 4404/1144/4846
f 4406/1139/4240 4399/1136/4577 4407/1144/4594
usemtl mat1.482
f 4415/1135/4268 4408/1136/5272 4410/1137/4268
f 4410/1137/5447 4408/1136/4596 4419/1138/4597
f 4420/1139/4273 4408/1136/5503 4412/1140/4275
f 4412/1140/5122 4408/1136/5504 4416/1141/5122
f 4413/1136/4278 4415/1135/5123 4410/1137/5123
f 4413/1136/5007 4410/1137/4281 4419/1138/4282
f 4413/1136/5124 4420/1139/4284 4412/1140/4285
f 4413/1136/5256 4412/1140/4287 4416/1141/4287
f 4414/1142/5280 4415/1135/5125 4409/1143/4609
f 4416/1141/4610 4414/1142/4611 4409/1143/4293
f 4415/1135/4294 4417/1142/5505 4409/1143/4296
f 4417/1142/5226 4416/1141/4614 4409/1143/4615
f 4408/1136/5195 4415/1135/5125 4414/1142/5280
f 4415/1135/4294 4413/1136/5506 4417/1142/5505
f 4416/1141/4610 4408/1136/5128 4414/1142/4611
f 4413/1136/5507 4416/1141/4614 4417/1142/5226
f 4419/1138/4597 4418/1144/4620 4411/1145/4305
f 4418/1144/5367 4420/1139/4273 4411/1145/4623
f 4421/1144/5508 4419/1138/4282 4411/1145/5022
f 4420/1139/4284 4421/1144/4310 4411/1145/4311
f 4419/1138/4597 4408/1136/4596 4418/1144/4620
f 4413/1136/5007 4419/1138/4282 4421/1144/5508
f 4408/1136/5503 4420/1139/4273 4418/1144/5367
f 4420/1139/4284 4413/1136/5124 4421/1144/4310
usemtl mat1.483
f 4429/1135/5414 4422/1136/5023 4424/1137/5414
f 4424/1137/4314 4422/1136/5311 4433/1138/4316
f 4434/1139/4317 4422/1136/4864 4426/1140/5415
f 4426/1140/5134 4422/1136/5273 4430/1141/5134
f 4427/1136/5509 4429/1135/5136 4424/1137/5136
f 4427/1136/5137 4424/1137/5138 4433/1138/4868
f 4427/1136/4327 4434/1139/4328 4426/1140/4329
f 4427/1136/5509 4426/1140/5229 4430/1141/5229
f 4428/1142/4872 4429/1135/5032 4423/1143/4333
f 4430/1141/4334 4428/1142/4647 4423/1143/4648
f 4429/1135/4337 4431/1142/4649 4423/1143/4650
f 4431/1142/4340 4430/1141/4875 4423/1143/4342
f 4422/1136/4876 4429/1135/5032 4428/1142/4872
f 4429/1135/4337 4427/1136/4654 4431/1142/4649
f 4430/1141/4334 4422/1136/5231 4428/1142/4647
f 4427/1136/4878 4430/1141/4875 4431/1142/4340
f 4433/1138/4316 4432/1144/4879 4425/1145/4348
f 4432/1144/4657 4434/1139/4317 4425/1145/4350
f 4435/1144/4658 4433/1138/4868 4425/1145/4352
f 4434/1139/4328 4435/1144/5038 4425/1145/4354
f 4433/1138/4316 4422/1136/5311 4432/1144/4879
f 4427/1136/5137 4433/1138/4868 4435/1144/4658
f 4422/1136/4864 4434/1139/4317 4432/1144/4657
f 4434/1139/4328 4427/1136/4327 4435/1144/5038
usemtl mat1.484
f 4443/1135/4660 4436/1136/5510 4438/1137/4660
f 4438/1137/4661 4436/1136/4662 4447/1138/4663
f 4448/1139/4664 4436/1136/4665 4440/1140/4886
f 4440/1140/4363 4436/1136/4668 4444/1141/4363
f 4441/1136/4669 4443/1135/5044 4438/1137/5044
f 4441/1136/4890 4438/1137/4891 4447/1138/4892
f 4441/1136/4674 4448/1139/4371 4440/1140/4372
f 4441/1136/5375 4440/1140/4374 4444/1141/4374
f 4442/1142/4895 4443/1135/4896 4437/1143/4897
f 4444/1141/5322 4442/1142/5323 4437/1143/4899
f 4443/1135/4681 4445/1142/4682 4437/1143/4383
f 4445/1142/4683 4444/1141/4385 4437/1143/4684
f 4436/1136/5511 4443/1135/4896 4442/1142/4895
f 4443/1135/4681 4441/1136/4686 4445/1142/4682
f 4444/1141/5322 4436/1136/5148 4442/1142/5323
f 4441/1136/4390 4444/1141/4385 4445/1142/4683
f 4447/1138/4663 4446/1144/4391 4439/1145/5149
f 4446/1144/4905 4448/1139/4664 4439/1145/4906
f 4449/1144/4395 4447/1138/4892 4439/1145/4907
f 4448/1139/4371 4449/1144/5424 4439/1145/4908
f 4447/1138/4663 4436/1136/4662 4446/1144/4391
f 4441/1136/4890 4447/1138/4892 4449/1144/4395
f 4436/1136/4665 4448/1139/4664 4446/1144/4905
f 4448/1139/4371 4441/1136/4674 4449/1144/5424
usemtl mat1.485
f 4457/1135/5259 4450/1136/5512 4452/1137/5259
f 4452/1137/4696 4450/1136/5055 4461/1138/5328
f 4462/1139/4698 4450/1136/5513 4454/1140/4406
f 4454/1140/4407 4450/1136/4702 4458/1141/4407
f 4455/1136/5154 4457/1135/5237 4452/1137/5237
f 4455/1136/5514 4452/1137/4706 4461/1138/4707
f 4455/1136/5239 4462/1139/5059 4454/1140/4416
f 4455/1136/4709 4454/1140/5061 4458/1141/5061
f 4456/1142/4419 4457/1135/5063 4451/1143/4713
f 4458/1141/4714 4456/1142/4715 4451/1143/5262
f 4457/1135/5240 4459/1142/4718 4451/1143/4719
f 4459/1142/5241 4458/1141/4429 4451/1143/5515
f 4450/1136/4431 4457/1135/5063 4456/1142/4419
f 4457/1135/5240 4455/1136/4925 4459/1142/4718
f 4458/1141/4714 4450/1136/4725 4456/1142/4715
f 4455/1136/5162 4458/1141/4429 4459/1142/5241
f 4461/1138/5328 4460/1144/4727 4453/1145/5071
f 4460/1144/5072 4462/1139/4698 4453/1145/4438
f 4463/1144/5516 4461/1138/4707 4453/1145/5074
f 4462/1139/5059 4463/1144/4929 4453/1145/4930
f 4461/1138/5328 4450/1136/5055 4460/1144/4727
f 4455/1136/5514 4461/1138/4707 4463/1144/5516
f 4450/1136/5513 4462/1139/4698 4460/1144/5072
f 4462/1139/5059 4455/1136/5239 4463/1144/4929
usemtl mat1.486
f 4471/1135/5517 4464/1136/4734 4466/1137/5517
f 4466/1137/5077 4464/1136/4446 4475/1138/5518
f 4476/1139/4448 4464/1136/4449 4468/1140/4736
f 4468/1140/5080 4464/1136/5081 4472/1141/5080
f 4469/1136/5519 4471/1135/4454 4466/1137/4454
f 4469/1136/4455 4466/1137/5520 4475/1138/4457
f 4469/1136/4938 4476/1139/4459 4468/1140/4745
f 4469/1136/4940 4468/1140/4747 4472/1141/4747
f 4470/1142/4942 4471/1135/4749 4465/1143/4750
f 4472/1141/4466 4470/1142/4467 4465/1143/4752
f 4471/1135/4753 4473/1142/5458 4465/1143/4755
f 4473/1142/4944 4472/1141/5521 4465/1143/4946
f 4464/1136/4947 4471/1135/4749 4470/1142/4942
f 4471/1135/4753 4469/1136/5089 4473/1142/5458
f 4472/1141/4466 4464/1136/4477 4470/1142/4467
f 4469/1136/5522 4472/1141/5521 4473/1142/4944
f 4475/1138/5518 4474/1144/4761 4467/1145/4762
f 4474/1144/4763 4476/1139/4448 4467/1145/5246
f 4477/1144/4765 4475/1138/4457 4467/1145/4484
f 4476/1139/4459 4477/1144/5523 4467/1145/4766
f 4475/1138/5518 4464/1136/4446 4474/1144/4761
f 4469/1136/4455 4475/1138/4457 4477/1144/4765
f 4464/1136/4449 4476/1139/4448 4474/1144/4763
f 4476/1139/4459 4469/1136/4938 4477/1144/5523
usemtl mat1.487
f 4485/1135/5092 4478/1136/5093 4480/1137/5092
f 4480/1137/4959 4478/1136/4490 4489/1138/4961
f 4490/1139/4492 4478/1136/4772 4482/1140/5173
f 4482/1140/4964 4478/1136/4774 4486/1141/4964
f 4483/1136/4966 4485/1135/5175 4480/1137/5175
f 4483/1136/5524 4480/1137/4777 4489/1138/4778
f 4483/1136/4779 4490/1139/4503 4482/1140/5400
f 4483/1136/5250 4482/1140/4782 4486/1141/4782
f 4484/1142/4507 4485/1135/4784 4479/1143/5525
f 4486/1141/4786 4484/1142/4787 4479/1143/4512
f 4485/1135/4788 4487/1142/5348 4479/1143/4971
f 4487/1142/5180 4486/1141/5181 4479/1143/4793
f 4478/1136/4519 4485/1135/4784 4484/1142/4507
f 4485/1135/4788 4483/1136/4972 4487/1142/5348
f 4486/1141/4786 4478/1136/5218 4484/1142/4787
f 4483/1136/4974 4486/1141/5181 4487/1142/5180
f 4489/1138/4961 4488/1144/5102 4481/1145/5526
f 4488/1144/4797 4490/1139/4492 4481/1145/4798
f 4491/1144/4976 4489/1138/4778 4481/1145/4528
f 4490/1139/4503 4491/1144/5477 4481/1145/4530
f 4489/1138/4961 4478/1136/4490 4488/1144/5102
f 4483/1136/5524 4489/1138/4778 4491/1144/4976
f 4478/1136/4772 4490/1139/4492 4488/1144/4797
f 4490/1139/4503 4483/1136/4779 4491/1144/5477
usemtl mat1.488
f 4499/1135/4802 4492/1136/5406 4494/1137/4802
f 4494/1137/4182 4492/1136/4805 4503/1138/4184
f 4504/1139/4185 4492/1136/5527 4496/1140/4187
f 4496/1140/4536 4492/1136/4979 4500/1141/4536
f 4497/1136/4190 4499/1135/4191 4494/1137/4191
f 4497/1136/5104 4494/1137/4193 4503/1138/4540
f 4497/1136/4981 4504/1139/4982 4496/1140/4197
f 4497/1136/5268 4496/1140/4199 4500/1141/4199
f 4498/1142/4816 4499/1135/4817 4493/1143/4818
f 4500/1141/5528 4498/1142/4547 4493/1143/4548
f 4499/1135/5529 4501/1142/4819 4493/1143/4550
f 4501/1142/4820 4500/1141/4210 4493/1143/4211
f 4492/1136/5187 4499/1135/4817 4498/1142/4816
f 4499/1135/5529 4497/1136/5188 4501/1142/4819
f 4500/1141/5528 4492/1136/5530 4498/1142/4547
f 4497/1136/4985 4500/1141/4210 4501/1142/4820
f 4503/1138/4184 4502/1144/4216 4495/1145/4557
f 4502/1144/4825 4504/1139/4185 4495/1145/4826
f 4505/1144/4560 4503/1138/4540 4495/1145/4561
f 4504/1139/4982 4505/1144/5109 4495/1145/4563
f 4503/1138/4184 4492/1136/4805 4502/1144/4216
f 4497/1136/5104 4503/1138/4540 4505/1144/4560
f 4492/1136/5527 4504/1139/4185 4502/1144/4825
f 4504/1139/4982 4497/1136/4981 4505/1144/5109
usemtl mat1.489
f 4513/1135/5110 4506/1136/4991 4508/1137/5110
f 4508/1137/4827 4506/1136/4567 4517/1138/4828
f 4518/1139/4569 4506/1136/4230 4510/1140/4993
f 4510/1140/4232 4506/1136/5294 4514/1141/4232
f 4511/1136/5531 4513/1135/4235 4508/1137/4235
f 4511/1136/5113 4508/1137/4836 4517/1138/4238
f 4511/1136/4239 4518/1139/4240 4510/1140/4578
f 4511/1136/4242 4510/1140/4839 4514/1141/4839
f 4512/1142/4581 4513/1135/4582 4507/1143/4246
f 4514/1141/4583 4512/1142/4248 4507/1143/4249
f 4513/1135/4251 4515/1142/5532 4507/1143/4252
f 4515/1142/4254 4514/1141/4586 4507/1143/4255
f 4506/1136/5533 4513/1135/4582 4512/1142/4581
f 4513/1135/4251 4511/1136/5254 4515/1142/5532
f 4514/1141/4583 4506/1136/4589 4512/1142/4248
f 4511/1136/5001 4514/1141/4586 4515/1142/4254
f 4517/1138/4828 4516/1144/4845 4509/1145/4261
f 4516/1144/4846 4518/1139/4569 4509/1145/4263
f 4519/1144/4264 4517/1138/4238 4509/1145/4593
f 4518/1139/4240 4519/1144/4594 4509/1145/4267
f 4517/1138/4828 4506/1136/4567 4516/1144/4845
f 4511/1136/5113 4517/1138/4238 4519/1144/4264
f 4506/1136/4230 4518/1139/4569 4516/1144/4846
f 4518/1139/4240 4511/1136/4239 4519/1144/4594
usemtl mat1.490
f 4527/1135/4268 4520/1136/5534 4522/1137/4268
f 4522/1137/4849 4520/1136/4596 4531/1138/4597
f 4532/1139/4273 4520/1136/4598 4524/1140/4275
f 4524/1140/5122 4520/1136/4851 4528/1141/5122
f 4525/1136/4278 4527/1135/5123 4522/1137/5123
f 4525/1136/5007 4522/1137/4281 4531/1138/4282
f 4525/1136/5255 4532/1139/4284 4524/1140/4285
f 4525/1136/5009 4524/1140/5535 4528/1141/5535
f 4526/1142/4288 4527/1135/4289 4521/1143/4290
f 4528/1141/4610 4526/1142/4611 4521/1143/4293
f 4527/1135/4294 4529/1142/4612 4521/1143/4296
f 4529/1142/5014 4528/1141/4298 4521/1143/4299
f 4520/1136/5016 4527/1135/4289 4526/1142/4288
f 4527/1135/4294 4525/1136/4301 4529/1142/4612
f 4528/1141/4610 4520/1136/5128 4526/1142/4611
f 4525/1136/4619 4528/1141/4298 4529/1142/5014
f 4531/1138/4597 4530/1144/5130 4523/1145/5227
f 4530/1144/4858 4532/1139/4273 4523/1145/4623
f 4533/1144/5021 4531/1138/4282 4523/1145/5132
f 4532/1139/4284 4533/1144/4310 4523/1145/4311
f 4531/1138/4597 4520/1136/4596 4530/1144/5130
f 4525/1136/5007 4531/1138/4282 4533/1144/5021
f 4520/1136/4598 4532/1139/4273 4530/1144/4858
f 4532/1139/4284 4525/1136/5255 4533/1144/4310
usemtl mat1.491
f 4541/1135/4628 4534/1136/5023 4536/1137/4628
f 4536/1137/4314 4534/1136/4315 4545/1138/4316
f 4546/1139/4863 4534/1136/4864 4538/1140/4319
f 4538/1140/5134 4534/1136/5480 4542/1141/5134
f 4539/1136/4330 4541/1135/5025 4536/1137/5025
f 4539/1136/4639 4536/1137/5026 4545/1138/4641
f 4539/1136/5027 4546/1139/4869 4538/1140/4329
f 4539/1136/5509 4538/1140/4871 4542/1141/4871
f 4540/1142/4332 4541/1135/5032 4535/1143/4333
f 4542/1141/5197 4540/1142/4335 4535/1143/4336
f 4541/1135/4337 4543/1142/4649 4535/1143/4650
f 4543/1142/4651 4542/1141/4875 4535/1143/4342
f 4534/1136/5139 4541/1135/5032 4540/1142/4332
f 4541/1135/4337 4539/1136/5035 4543/1142/4649
f 4542/1141/5197 4534/1136/5449 4540/1142/4335
f 4539/1136/5372 4542/1141/4875 4543/1142/4651
f 4545/1138/4316 4544/1144/4879 4537/1145/4348
f 4544/1144/4657 4546/1139/4863 4537/1145/4350
f 4547/1144/4658 4545/1138/4641 4537/1145/4352
f 4546/1139/4869 4547/1144/5038 4537/1145/4354
f 4545/1138/4316 4534/1136/4315 4544/1144/4879
f 4539/1136/4639 4545/1138/4641 4547/1144/4658
f 4534/1136/4864 4546/1139/4863 4544/1144/4657
f 4546/1139/4869 4539/1136/5027 4547/1144/5038
usemtl mat1.492
f 4555/1135/5142 4548/1136/5232 4550/1137/5142
f 4550/1137/4661 4548/1136/4662 4559/1138/4663
f 4560/1139/4664 4548/1136/4665 4552/1140/4666
f 4552/1140/4667 4548/1136/5042 4556/1141/4667
f 4553/1136/5536 4555/1135/5421 4550/1137/5421
f 4553/1136/5422 4550/1137/4891 4559/1138/4673
f 4553/1136/4674 4560/1139/4371 4552/1140/4372
f 4553/1136/4894 4552/1140/4676 4556/1141/4676
f 4554/1142/4677 4555/1135/5321 4549/1143/4897
f 4556/1141/5046 4554/1142/5537 4549/1143/4680
f 4555/1135/5047 4557/1142/4382 4549/1143/4383
f 4557/1142/4683 4556/1141/4385 4549/1143/4684
f 4548/1136/5538 4555/1135/5321 4554/1142/4677
f 4555/1135/5047 4553/1136/4686 4557/1142/4382
f 4556/1141/5046 4548/1136/5539 4554/1142/5537
f 4553/1136/4390 4556/1141/4385 4557/1142/4683
f 4559/1138/4663 4558/1144/5540 4551/1145/4392
f 4558/1144/4905 4560/1139/4664 4551/1145/4906
f 4561/1144/5384 4559/1138/4673 4551/1145/4692
f 4560/1139/4371 4561/1144/4397 4551/1145/4908
f 4559/1138/4663 4548/1136/4662 4558/1144/5540
f 4553/1136/5422 4559/1138/4673 4561/1144/5384
f 4548/1136/4665 4560/1139/4664 4558/1144/4905
f 4560/1139/4371 4553/1136/4674 4561/1144/4397
usemtl mat1.493
f 4569/1135/4909 4562/1136/4910 4564/1137/4909
f 4564/1137/4401 4562/1136/4402 4573/1138/5541
f 4574/1139/4404 4562/1136/5056 4566/1140/5153
f 4566/1140/4407 4562/1136/4702 4570/1141/4407
f 4567/1136/5154 4569/1135/5237 4564/1137/5237
f 4567/1136/4705 4564/1137/5057 4573/1138/4916
f 4567/1136/5239 4574/1139/5059 4566/1140/4416
f 4567/1136/4709 4566/1140/5542 4570/1141/5542
f 4568/1142/4419 4569/1135/5063 4563/1143/5064
f 4570/1141/5065 4568/1142/5543 4563/1143/5066
f 4569/1135/5240 4571/1142/4718 4563/1143/4922
f 4571/1142/5209 4570/1141/4721 4563/1143/4923
f 4562/1136/4924 4569/1135/5063 4568/1142/4419
f 4569/1135/5240 4567/1136/5430 4571/1142/4718
f 4570/1141/5065 4562/1136/4433 4568/1142/5543
f 4567/1136/5162 4570/1141/4721 4571/1142/5209
f 4573/1138/5541 4572/1144/4727 4565/1145/5071
f 4572/1144/5072 4574/1139/4404 4565/1145/4438
f 4575/1144/4731 4573/1138/4916 4565/1145/4440
f 4574/1139/5059 4575/1144/5075 4565/1145/4732
f 4573/1138/5541 4562/1136/4402 4572/1144/4727
f 4567/1136/4705 4573/1138/4916 4575/1144/4731
f 4562/1136/5056 4574/1139/4404 4572/1144/5072
f 4574/1139/5059 4567/1136/5239 4575/1144/5075
usemtl mat1.494
f 4583/1135/4733 4576/1136/5211 4578/1137/4733
f 4578/1137/4735 4576/1136/4446 4587/1138/4447
f 4588/1139/4448 4576/1136/4449 4580/1140/4736
f 4580/1140/5080 4576/1136/4738 4584/1141/5080
f 4581/1136/4739 4583/1135/4454 4578/1137/4454
f 4581/1136/4741 4578/1137/4456 4587/1138/4457
f 4581/1136/4938 4588/1139/4459 4580/1140/5084
f 4581/1136/5336 4580/1140/4941 4584/1141/4941
f 4582/1142/4942 4583/1135/4749 4577/1143/4750
f 4584/1141/4466 4582/1142/4467 4577/1143/4752
f 4583/1135/4753 4585/1142/4754 4577/1143/4755
f 4585/1142/5544 4584/1141/4756 4577/1143/4474
f 4576/1136/4947 4583/1135/4749 4582/1142/4942
f 4583/1135/4753 4581/1136/4758 4585/1142/4754
f 4584/1141/4466 4576/1136/4948 4582/1142/4467
f 4581/1136/4949 4584/1141/4756 4585/1142/5544
f 4587/1138/4447 4586/1144/4761 4579/1145/4762
f 4586/1144/4763 4588/1139/4448 4579/1145/5090
f 4589/1144/4954 4587/1138/4457 4579/1145/4484
f 4588/1139/4459 4589/1144/4956 4579/1145/5091
f 4587/1138/4447 4576/1136/4446 4586/1144/4761
f 4581/1136/4741 4587/1138/4457 4589/1144/4954
f 4576/1136/4449 4588/1139/4448 4586/1144/4763
f 4588/1139/4459 4581/1136/4938 4589/1144/4956
usemtl mat1.495
f 4597/1135/5092 4590/1136/5248 4592/1137/5092
f 4592/1137/4959 4590/1136/4490 4601/1138/4961
f 4602/1139/4492 4590/1136/5545 4594/1140/5173
f 4594/1140/4964 4590/1136/4965 4598/1141/4964
f 4595/1136/5344 4597/1135/5175 4592/1137/5175
f 4595/1136/4776 4592/1137/5096 4601/1138/5097
f 4595/1136/4779 4602/1139/4503 4594/1140/4967
f 4595/1136/5250 4594/1140/4782 4598/1141/4782
f 4596/1142/4507 4597/1135/4508 4591/1143/5475
f 4598/1141/4786 4596/1142/4787 4591/1143/4512
f 4597/1135/4788 4599/1142/5348 4591/1143/5179
f 4599/1142/5180 4598/1141/5181 4591/1143/4518
f 4590/1136/4519 4597/1135/4508 4596/1142/4507
f 4597/1135/4788 4595/1136/5100 4599/1142/5348
f 4598/1141/4786 4590/1136/5444 4596/1142/4787
f 4595/1136/4974 4598/1141/5181 4599/1142/5180
f 4601/1138/4961 4600/1144/5102 4593/1145/4524
f 4600/1144/4975 4602/1139/4492 4593/1145/4798
f 4603/1144/4976 4601/1138/5097 4593/1145/4528
f 4602/1139/4503 4603/1144/4800 4593/1145/5546
f 4601/1138/4961 4590/1136/4490 4600/1144/5102
f 4595/1136/4776 4601/1138/5097 4603/1144/4976
f 4590/1136/5545 4602/1139/4492 4600/1144/4975
f 4602/1139/4503 4595/1136/4779 4603/1144/4800
usemtl mat1.496
f 4611/1135/4802 4604/1136/4977 4606/1137/4802
f 4606/1137/5103 4604/1136/4805 4615/1138/4184
f 4616/1139/4185 4604/1136/4978 4608/1140/4187
f 4608/1140/4188 4604/1136/4979 4612/1141/4188
f 4609/1136/5267 4611/1135/4191 4606/1137/4191
f 4609/1136/4980 4606/1137/4193 4615/1138/4540
f 4609/1136/4541 4616/1139/4982 4608/1140/4814
f 4609/1136/5268 4608/1140/4199 4612/1141/4199
f 4610/1142/4200 4611/1135/4817 4605/1143/4818
f 4612/1141/4203 4610/1142/4547 4605/1143/4548
f 4611/1135/4206 4613/1142/4819 4605/1143/4550
f 4613/1142/4209 4612/1141/4210 4605/1143/4211
f 4604/1136/4983 4611/1135/4817 4610/1142/4200
f 4611/1135/4206 4609/1136/4213 4613/1142/4819
f 4612/1141/4203 4604/1136/5498 4610/1142/4547
f 4609/1136/4556 4612/1141/4210 4613/1142/4209
f 4615/1138/4184 4614/1144/4216 4607/1145/4557
f 4614/1144/4987 4616/1139/4185 4607/1145/4219
f 4617/1144/4560 4615/1138/4540 4607/1145/4221
f 4616/1139/4982 4617/1144/5109 4607/1145/4989
f 4615/1138/4184 4604/1136/4805 4614/1144/4216
f 4609/1136/4980 4615/1138/4540 4617/1144/4560
f 4604/1136/4978 4616/1139/4185 4614/1144/4987
f 4616/1139/4982 4609/1136/4541 4617/1144/5109
usemtl mat1.497
f 4625/1135/5110 4618/1136/4991 4620/1137/5110
f 4620/1137/4226 4618/1136/4992 4629/1138/4828
f 4630/1139/5111 4618/1136/5547 4622/1140/4993
f 4622/1140/5112 4618/1136/5223 4626/1141/5112
f 4623/1136/4234 4625/1135/4235 4620/1137/4235
f 4623/1136/5548 4620/1137/4576 4629/1138/4238
f 4623/1136/4577 4630/1139/4240 4622/1140/4578
f 4623/1136/4997 4622/1140/5224 4626/1141/5224
f 4624/1142/4581 4625/1135/4582 4619/1143/4246
f 4626/1141/5549 4624/1142/5550 4619/1143/4249
f 4625/1135/4584 4627/1142/4584 4619/1143/4585
f 4627/1142/4254 4626/1141/4586 4619/1143/4255
f 4618/1136/4999 4625/1135/4582 4624/1142/4581
f 4625/1135/4584 4623/1136/5193 4627/1142/4584
f 4626/1141/5549 4618/1136/5502 4624/1142/5550
f 4623/1136/5001 4626/1141/4586 4627/1142/4254
f 4629/1138/4828 4628/1144/5118 4621/1145/4261
f 4628/1144/4846 4630/1139/5111 4621/1145/4263
f 4631/1144/4264 4629/1138/4238 4621/1145/4593
f 4630/1139/4240 4631/1144/4594 4621/1145/4595
f 4629/1138/4828 4618/1136/4992 4628/1144/5118
f 4623/1136/5548 4629/1138/4238 4631/1144/4264
f 4618/1136/5547 4630/1139/5111 4628/1144/4846
f 4630/1139/4240 4623/1136/4577 4631/1144/4594
usemtl mat1.498
f 4639/1135/4268 4632/1136/5551 4634/1137/4268
f 4634/1137/5469 4632/1136/5003 4643/1138/5121
f 4644/1139/4273 4632/1136/4598 4636/1140/4275
f 4636/1140/5122 4632/1136/4851 4640/1141/5122
f 4637/1136/5300 4639/1135/5123 4634/1137/5123
f 4637/1136/5007 4634/1137/5194 4643/1138/4603
f 4637/1136/5255 4644/1139/4284 4636/1140/4285
f 4637/1136/5009 4636/1140/4606 4640/1141/4606
f 4638/1142/5280 4639/1135/5125 4633/1143/4609
f 4640/1141/5012 4638/1142/4611 4633/1143/5013
f 4639/1135/4294 4641/1142/4295 4633/1143/4296
f 4641/1142/5014 4640/1141/4298 4633/1143/4299
f 4632/1136/5448 4639/1135/5125 4638/1142/5280
f 4639/1135/4294 4637/1136/4301 4641/1142/4295
f 4640/1141/5012 4632/1136/5552 4638/1142/4611
f 4637/1136/5019 4640/1141/4298 4641/1142/5014
f 4643/1138/5121 4642/1144/4620 4635/1145/4305
f 4642/1144/5367 4644/1139/4273 4635/1145/5131
f 4645/1144/5553 4643/1138/4603 4635/1145/5022
f 4644/1139/4284 4645/1144/4626 4635/1145/4311
f 4643/1138/5121 4632/1136/5003 4642/1144/4620
f 4637/1136/5007 4643/1138/4603 4645/1144/5553
f 4632/1136/4598 4644/1139/4273 4642/1144/5367
f 4644/1139/4284 4637/1136/5255 4645/1144/4626
usemtl mat1.499
f 4653/1135/4860 4646/1136/5258 4648/1137/4860
f 4648/1137/4630 4646/1136/4315 4657/1138/4316
f 4658/1139/4317 4646/1136/5133 4650/1140/4319
f 4650/1140/5134 4646/1136/5135 4654/1141/5134
f 4651/1136/4330 4653/1135/5025 4648/1137/5025
f 4651/1136/4639 4648/1137/4325 4657/1138/4641
f 4651/1136/5027 4658/1139/4643 4650/1140/5196
f 4651/1136/4330 4650/1140/5229 4654/1141/5229
f 4652/1142/4872 4653/1135/4332 4647/1143/4333
f 4654/1141/4334 4652/1142/4335 4647/1143/4336
f 4653/1135/4337 4655/1142/5371 4647/1143/4650
f 4655/1142/4651 4654/1141/4652 4647/1143/4342
f 4646/1136/4876 4653/1135/4332 4652/1142/4872
f 4653/1135/4337 4651/1136/4654 4655/1142/5371
f 4654/1141/4334 4646/1136/5449 4652/1142/4335
f 4651/1136/4656 4654/1141/4652 4655/1142/4651
f 4657/1138/4316 4656/1144/4879 4649/1145/4348
f 4656/1144/4657 4658/1139/4317 4649/1145/4350
f 4659/1144/4658 4657/1138/4641 4649/1145/4352
f 4658/1139/4643 4659/1144/5038 4649/1145/4354
f 4657/1138/4316 4646/1136/4315 4656/1144/4879
f 4651/1136/4639 4657/1138/4641 4659/1144/4658
f 4646/1136/5133 4658/1139/4317 4656/1144/4657
f 4658/1139/4643 4651/1136/5027 4659/1144/5038
usemtl mat1.500
f 4667/1135/5142 4660/1136/5040 4662/1137/5142
f 4662/1137/5041 4660/1136/4358 4671/1138/4663
f 4672/1139/4664 4660/1136/4665 4664/1140/4886
f 4664/1140/4667 4660/1136/5554 4668/1141/4667
f 4665/1136/4669 4667/1135/5044 4662/1137/5044
f 4665/1136/4890 4662/1137/4891 4671/1138/4369
f 4665/1136/4370 4672/1139/4371 4664/1140/4372
f 4665/1136/4675 4664/1140/4676 4668/1141/4676
f 4666/1142/4677 4667/1135/5555 4661/1143/4897
f 4668/1141/5046 4666/1142/4379 4661/1143/4899
f 4667/1135/5047 4669/1142/5556 4661/1143/4383
f 4669/1142/4683 4668/1141/4385 4661/1143/4684
f 4660/1136/5050 4667/1135/5555 4666/1142/4677
f 4667/1135/5047 4665/1136/5051 4669/1142/5556
f 4668/1141/5046 4660/1136/4389 4666/1142/4379
f 4665/1136/4687 4668/1141/4385 4669/1142/4683
f 4671/1138/4663 4670/1144/4391 4663/1145/4392
f 4670/1144/4905 4672/1139/4664 4663/1145/4906
f 4673/1144/5384 4671/1138/4369 4663/1145/5452
f 4672/1139/4371 4673/1144/4397 4663/1145/4693
f 4671/1138/4663 4660/1136/4358 4670/1144/4391
f 4665/1136/4890 4671/1138/4369 4673/1144/5384
f 4660/1136/4665 4672/1139/4664 4670/1144/4905
f 4672/1139/4371 4665/1136/4370 4673/1144/4397
usemtl mat1.501
f 4681/1135/5326 4674/1136/5512 4676/1137/5326
f 4676/1137/4401 4674/1136/4402 4685/1138/4403
f 4686/1139/5206 4674/1136/5056 4678/1140/4406
f 4678/1140/4407 4674/1136/4702 4682/1141/4407
f 4679/1136/5261 4681/1135/5237 4676/1137/5237
f 4679/1136/5427 4676/1137/5057 4685/1138/4707
f 4679/1136/5239 4686/1139/5059 4678/1140/4416
f 4679/1136/4709 4678/1140/5156 4682/1141/5156
f 4680/1142/5062 4681/1135/5063 4675/1143/4713
f 4682/1141/5557 4680/1142/4921 4675/1143/5066
f 4681/1135/4425 4683/1142/4718 4675/1143/4922
f 4683/1142/5209 4682/1141/4429 4675/1143/4430
f 4674/1136/5456 4681/1135/5063 4680/1142/5062
f 4681/1135/4425 4679/1136/4925 4683/1142/4718
f 4682/1141/5557 4674/1136/4725 4680/1142/4921
f 4679/1136/5492 4682/1141/4429 4683/1142/5209
f 4685/1138/4403 4684/1144/4727 4677/1145/4728
f 4684/1144/4437 4686/1139/5206 4677/1145/4438
f 4687/1144/4731 4685/1138/4707 4677/1145/5074
f 4686/1139/5059 4687/1144/5075 4677/1145/4930
f 4685/1138/4403 4674/1136/4402 4684/1144/4727
f 4679/1136/5427 4685/1138/4707 4687/1144/4731
f 4674/1136/5056 4686/1139/5206 4684/1144/4437
f 4686/1139/5059 4679/1136/5239 4687/1144/5075
usemtl mat1.502
f 4695/1135/4733 4688/1136/5211 4690/1137/4733
f 4690/1137/4735 4688/1136/4446 4699/1138/4447
f 4700/1139/4448 4688/1136/4934 4692/1140/5558
f 4692/1140/4936 4688/1136/5276 4696/1141/4936
f 4693/1136/4453 4695/1135/4454 4690/1137/4454
f 4693/1136/4741 4690/1137/4456 4699/1138/4457
f 4693/1136/4938 4700/1139/4744 4692/1140/4939
f 4693/1136/4940 4692/1140/4747 4696/1141/4747
f 4694/1142/4942 4695/1135/4749 4689/1143/5086
f 4696/1141/4466 4694/1142/4467 4689/1143/4752
f 4695/1135/5088 4697/1142/4943 4689/1143/4471
f 4697/1142/4472 4696/1141/4756 4689/1143/4474
f 4688/1136/5559 4695/1135/4749 4694/1142/4942
f 4695/1135/5088 4693/1136/4758 4697/1142/4943
f 4696/1141/4466 4688/1136/4477 4694/1142/4467
f 4693/1136/5213 4696/1141/4756 4697/1142/4472
f 4699/1138/4447 4698/1144/4479 4691/1145/4762
f 4698/1144/4763 4700/1139/4448 4691/1145/5560
f 4701/1144/4765 4699/1138/4457 4691/1145/4955
f 4700/1139/4744 4701/1144/4956 4691/1145/4957
f 4699/1138/4447 4688/1136/4446 4698/1144/4479
f 4693/1136/4741 4699/1138/4457 4701/1144/4765
f 4688/1136/4934 4700/1139/4448 4698/1144/4763
f 4700/1139/4744 4693/1136/4938 4701/1144/4956
usemtl mat1.503
f 4709/1135/5092 4702/1136/5093 4704/1137/5092
f 4704/1137/4959 4702/1136/4490 4713/1138/4961
f 4714/1139/4492 4702/1136/5249 4706/1140/5173
f 4706/1140/4964 4702/1136/4496 4710/1141/4964
f 4707/1136/5344 4709/1135/4498 4704/1137/4498
f 4707/1136/5095 4704/1137/5096 4713/1138/4778
f 4707/1136/4779 4714/1139/4503 4706/1140/4967
f 4707/1136/5250 4706/1140/4782 4710/1141/4782
f 4708/1142/4783 4709/1135/4784 4703/1143/5475
f 4710/1141/4786 4708/1142/4787 4703/1143/4512
f 4709/1135/4788 4711/1142/4789 4703/1143/4971
f 4711/1142/5180 4710/1141/5181 4703/1143/4518
f 4702/1136/5217 4709/1135/4784 4708/1142/4783
f 4709/1135/4788 4707/1136/4794 4711/1142/4789
f 4710/1141/4786 4702/1136/5101 4708/1142/4787
f 4707/1136/4974 4710/1141/5181 4711/1142/5180
f 4713/1138/4961 4712/1144/4523 4705/1145/4524
f 4712/1144/4975 4714/1139/4492 4705/1145/4798
f 4715/1144/4976 4713/1138/4778 4705/1145/4799
f 4714/1139/4503 4715/1144/5182 4705/1145/4530
f 4713/1138/4961 4702/1136/4490 4712/1144/4523
f 4707/1136/5095 4713/1138/4778 4715/1144/4976
f 4702/1136/5249 4714/1139/4492 4712/1144/4975
f 4714/1139/4503 4707/1136/4779 4715/1144/5182
usemtl mat1.504
f 4723/1135/4802 4716/1136/4977 4718/1137/4802
f 4718/1137/5103 4716/1136/4805 4727/1138/4184
f 4728/1139/4185 4716/1136/4978 4720/1140/4187
f 4720/1140/4188 4716/1136/4979 4724/1141/4188
f 4721/1136/4190 4723/1135/4809 4718/1137/4809
f 4721/1136/4980 4718/1137/4811 4727/1138/4540
f 4721/1136/4981 4728/1139/4982 4720/1140/4814
f 4721/1136/4198 4720/1140/4199 4724/1141/4199
f 4722/1142/4200 4723/1135/4817 4717/1143/4202
f 4724/1141/4203 4722/1142/4547 4717/1143/4205
f 4723/1135/4206 4725/1142/4819 4717/1143/4208
f 4725/1142/4820 4724/1141/4210 4717/1143/5222
f 4716/1136/4983 4723/1135/4817 4722/1142/4200
f 4723/1135/4206 4721/1136/4984 4725/1142/4819
f 4724/1141/4203 4716/1136/4555 4722/1142/4547
f 4721/1136/4823 4724/1141/4210 4725/1142/4820
f 4727/1138/4184 4726/1144/4216 4719/1145/4557
f 4726/1144/4987 4728/1139/4185 4719/1145/4826
f 4729/1144/4560 4727/1138/4540 4719/1145/4221
f 4728/1139/4982 4729/1144/5109 4719/1145/4563
f 4727/1138/4184 4716/1136/4805 4726/1144/4216
f 4721/1136/4980 4727/1138/4540 4729/1144/4560
f 4716/1136/4978 4728/1139/4185 4726/1144/4987
f 4728/1139/4982 4721/1136/4981 4729/1144/5109
usemtl mat1.505
f 4737/1135/5110 4730/1136/4991 4732/1137/5110
f 4732/1137/4827 4730/1136/4567 4741/1138/4828
f 4742/1139/4229 4730/1136/4230 4734/1140/4993
f 4734/1140/4994 4730/1136/4991 4738/1141/4994
f 4735/1136/4833 4737/1135/4235 4732/1137/4235
f 4735/1136/5410 4732/1137/4576 4741/1138/4238
f 4735/1136/4577 4742/1139/4240 4734/1140/4578
f 4735/1136/4242 4734/1140/4839 4738/1141/4839
f 4736/1142/4840 4737/1135/4841 4731/1143/4246
f 4738/1141/4583 4736/1142/4248 4731/1143/4249
f 4737/1135/4584 4739/1142/4251 4731/1143/4585
f 4739/1142/4254 4738/1141/4586 4731/1143/4255
f 4730/1136/4587 4737/1135/4841 4736/1142/4840
f 4737/1135/4584 4735/1136/5193 4739/1142/4251
f 4738/1141/4583 4730/1136/4843 4736/1142/4248
f 4735/1136/5278 4738/1141/4586 4739/1142/4254
f 4741/1138/4828 4740/1144/5118 4733/1145/4261
f 4740/1144/4846 4742/1139/4229 4733/1145/4263
f 4743/1144/4264 4741/1138/4238 4733/1145/4593
f 4742/1139/4240 4743/1144/4847 4733/1145/4595
f 4741/1138/4828 4730/1136/4567 4740/1144/5118
f 4735/1136/5410 4741/1138/4238 4743/1144/4264
f 4730/1136/4230 4742/1139/4229 4740/1144/4846
f 4742/1139/4240 4735/1136/4577 4743/1144/4847
usemtl mat1.506
f 4751/1135/5364 4744/1136/4269 4746/1137/5364
f 4746/1137/5120 4744/1136/4596 4755/1138/5121
f 4756/1139/4273 4744/1136/4598 4748/1140/4275
f 4748/1140/4276 4744/1136/4277 4752/1141/4276
f 4749/1136/5300 4751/1135/5123 4746/1137/5123
f 4749/1136/5007 4746/1137/5194 4755/1138/4282
f 4749/1136/5124 4756/1139/4284 4748/1140/4285
f 4749/1136/4286 4748/1140/4287 4752/1141/4287
f 4750/1142/5280 4751/1135/4608 4745/1143/4609
f 4752/1141/5012 4750/1142/4611 4745/1143/5013
f 4751/1135/4294 4753/1142/4612 4745/1143/4296
f 4753/1142/5014 4752/1141/4298 4745/1143/4299
f 4744/1136/5016 4751/1135/4608 4750/1142/5280
f 4751/1135/4294 4749/1136/4301 4753/1142/4612
f 4752/1141/5012 4744/1136/5128 4750/1142/4611
f 4749/1136/4619 4752/1141/4298 4753/1142/5014
f 4755/1138/5121 4754/1144/4620 4747/1145/4305
f 4754/1144/4858 4756/1139/4273 4747/1145/4623
f 4757/1144/5257 4755/1138/4282 4747/1145/5022
f 4756/1139/4284 4757/1144/4310 4747/1145/4311
f 4755/1138/5121 4744/1136/4596 4754/1144/4620
f 4749/1136/5007 4755/1138/4282 4757/1144/5257
f 4744/1136/4598 4756/1139/4273 4754/1144/4858
f 4756/1139/4284 4749/1136/5124 4757/1144/4310
usemtl mat1.507
f 4765/1135/4628 4758/1136/5023 4760/1137/4628
f 4760/1137/4314 4758/1136/4315 4769/1138/4316
f 4770/1139/4317 4758/1136/4864 4762/1140/4319
f 4762/1140/4865 4758/1136/5273 4766/1141/4865
f 4763/1136/5274 4765/1135/5025 4760/1137/5025
f 4763/1136/4639 4760/1137/4325 4769/1138/4641
f 4763/1136/5027 4770/1139/5028 4762/1140/5196
f 4763/1136/4330 4762/1140/4331 4766/1141/4331
f 4764/1142/4872 4765/1135/4332 4759/1143/4333
f 4766/1141/4334 4764/1142/4647 4759/1143/4336
f 4765/1135/4337 4767/1142/4649 4759/1143/4650
f 4767/1142/4651 4766/1141/4875 4759/1143/4342
f 4758/1136/5198 4765/1135/4332 4764/1142/4872
f 4765/1135/4337 4763/1136/5230 4767/1142/4649
f 4766/1141/4334 4758/1136/5036 4764/1142/4647
f 4763/1136/5200 4766/1141/4875 4767/1142/4651
f 4769/1138/4316 4768/1144/4879 4761/1145/4348
f 4768/1144/4657 4770/1139/4317 4761/1145/4350
f 4771/1144/5141 4769/1138/4641 4761/1145/4352
f 4770/1139/5028 4771/1144/5038 4761/1145/4354
f 4769/1138/4316 4758/1136/4315 4768/1144/4879
f 4763/1136/4639 4769/1138/4641 4771/1144/5141
f 4758/1136/4864 4770/1139/4317 4768/1144/4657
f 4770/1139/5028 4763/1136/5027 4771/1144/5038
usemtl mat1.508
f 4779/1135/5142 4772/1136/5232 4774/1137/5142
f 4774/1137/4661 4772/1136/4662 4783/1138/4663
f 4784/1139/4664 4772/1136/4665 4776/1140/4666
f 4776/1140/4363 4772/1136/5042 4780/1141/4363
f 4777/1136/4669 4779/1135/4670 4774/1137/4670
f 4777/1136/4890 4774/1137/4891 4783/1138/4892
f 4777/1136/4893 4784/1139/4371 4776/1140/4372
f 4777/1136/4373 4776/1140/4676 4780/1141/4676
f 4778/1142/4677 4779/1135/5555 4773/1143/4897
f 4780/1141/4898 4778/1142/4379 4773/1143/4899
f 4779/1135/5047 4781/1142/4682 4773/1143/4383
f 4781/1142/4683 4780/1141/4385 4773/1143/4386
f 4772/1136/5050 4779/1135/5555 4778/1142/4677
f 4779/1135/5047 4777/1136/5051 4781/1142/4682
f 4780/1141/4898 4772/1136/5148 4778/1142/4379
f 4777/1136/5204 4780/1141/4385 4781/1142/4683
f 4783/1138/4663 4782/1144/5540 4775/1145/4392
f 4782/1144/4905 4784/1139/4664 4775/1145/4906
f 4785/1144/4395 4783/1138/4892 4775/1145/4692
f 4784/1139/4371 4785/1144/4397 4775/1145/4693
f 4783/1138/4663 4772/1136/4662 4782/1144/5540
f 4777/1136/4890 4783/1138/4892 4785/1144/4395
f 4772/1136/4665 4784/1139/4664 4782/1144/4905
f 4784/1139/4371 4777/1136/4893 4785/1144/4397
usemtl mat1.509
f 4793/1135/5259 4786/1136/5561 4788/1137/5259
f 4788/1137/4401 4786/1136/4402 4797/1138/4403
f 4798/1139/4404 4786/1136/5056 4790/1140/4406
f 4790/1140/4407 4786/1136/4702 4794/1141/4407
f 4791/1136/5154 4793/1135/5237 4788/1137/5237
f 4791/1136/5483 4788/1137/5057 4797/1138/4707
f 4791/1136/5239 4798/1139/5059 4790/1140/4416
f 4791/1136/5385 4790/1140/5061 4794/1141/5061
f 4792/1142/5062 4793/1135/5063 4787/1143/5158
f 4794/1141/5065 4792/1142/4715 4787/1143/5066
f 4793/1135/4425 4795/1142/4718 4787/1143/5067
f 4795/1142/5209 4794/1141/4721 4787/1143/4923
f 4786/1136/5456 4793/1135/5063 4792/1142/5062
f 4793/1135/4425 4791/1136/5210 4795/1142/4718
f 4794/1141/5065 4786/1136/4725 4792/1142/4715
f 4791/1136/5162 4794/1141/4721 4795/1142/5209
f 4797/1138/4403 4796/1144/4727 4789/1145/5071
f 4796/1144/5072 4798/1139/4404 4789/1145/4438
f 4799/1144/4731 4797/1138/4707 4789/1145/4440
f 4798/1139/5059 4799/1144/5075 4789/1145/4930
f 4797/1138/4403 4786/1136/4402 4796/1144/4727
f 4791/1136/5483 4797/1138/4707 4799/1144/4731
f 4786/1136/5056 4798/1139/4404 4796/1144/5072
f 4798/1139/5059 4791/1136/5239 4799/1144/5075
usemtl mat1.510
f 4807/1135/4733 4800/1136/5211 4802/1137/4733
f 4802/1137/4735 4800/1136/5334 4811/1138/4447
f 4812/1139/4448 4800/1136/4449 4804/1140/4450
f 4804/1140/5080 4800/1136/5081 4808/1141/5080
f 4805/1136/5489 4807/1135/4454 4802/1137/4454
f 4805/1136/4741 4802/1137/4456 4811/1138/4457
f 4805/1136/5083 4812/1139/4459 4804/1140/5084
f 4805/1136/4746 4804/1140/5283 4808/1141/5283
f 4806/1142/4748 4807/1135/4749 4801/1143/4750
f 4808/1141/4751 4806/1142/4467 4801/1143/4752
f 4807/1135/4753 4809/1142/4754 4801/1143/4471
f 4809/1142/4472 4808/1141/4756 4801/1143/4474
f 4800/1136/5562 4807/1135/4749 4806/1142/4748
f 4807/1135/4753 4805/1136/5245 4809/1142/4754
f 4808/1141/4751 4800/1136/4948 4806/1142/4467
f 4805/1136/5213 4808/1141/4756 4809/1142/4472
f 4811/1138/4447 4810/1144/4479 4803/1145/4480
f 4810/1144/4481 4812/1139/4448 4803/1145/4953
f 4813/1144/4765 4811/1138/4457 4803/1145/5214
f 4812/1139/4459 4813/1144/4956 4803/1145/5091
f 4811/1138/4447 4800/1136/5334 4810/1144/4479
f 4805/1136/4741 4811/1138/4457 4813/1144/4765
f 4800/1136/4449 4812/1139/4448 4810/1144/4481
f 4812/1139/4459 4805/1136/5083 4813/1144/4956
usemtl mat1.511
f 4821/1135/5092 4814/1136/5563 4816/1137/5092
f 4816/1137/4959 4814/1136/5564 4825/1138/4961
f 4826/1139/5398 4814/1136/5249 4818/1140/4963
f 4818/1140/4495 4814/1136/4496 4822/1141/4495
f 4819/1136/4497 4821/1135/4498 4816/1137/4498
f 4819/1136/5565 4816/1137/5096 4825/1138/4778
f 4819/1136/4779 4826/1139/5177 4818/1140/5566
f 4819/1136/5098 4818/1140/4782 4822/1141/4782
f 4820/1142/4783 4821/1135/4784 4815/1143/4785
f 4822/1141/4786 4820/1142/4787 4815/1143/4512
f 4821/1135/4788 4823/1142/5348 4815/1143/4515
f 4823/1142/5180 4822/1141/5181 4815/1143/4518
f 4814/1136/4519 4821/1135/4784 4820/1142/4783
f 4821/1135/4788 4819/1136/4794 4823/1142/5348
f 4822/1141/4786 4814/1136/5218 4820/1142/4787
f 4819/1136/4974 4822/1141/5181 4823/1142/5180
f 4825/1138/4961 4824/1144/4523 4817/1145/4524
f 4824/1144/4975 4826/1139/5398 4817/1145/4798
f 4827/1144/4976 4825/1138/4778 4817/1145/4799
f 4826/1139/5177 4827/1144/5182 4817/1145/4530
f 4825/1138/4961 4814/1136/5564 4824/1144/4523
f 4819/1136/5565 4825/1138/4778 4827/1144/4976
f 4814/1136/5249 4826/1139/5398 4824/1144/4975
f 4826/1139/5177 4819/1136/4779 4827/1144/5182
usemtl mat1.512
f 4835/1135/4802 4828/1136/5567 4830/1137/4802
f 4830/1137/4182 4828/1136/4183 4839/1138/4184
f 4840/1139/4185 4828/1136/4978 4832/1140/4187
f 4832/1140/4188 4828/1136/4808 4836/1141/4188
f 4833/1136/4190 4835/1135/4809 4830/1137/4809
f 4833/1136/5252 4830/1137/4193 4839/1138/4540
f 4833/1136/4981 4840/1139/4982 4832/1140/4197
f 4833/1136/4198 4832/1140/4199 4836/1141/4199
f 4834/1142/4816 4835/1135/4201 4829/1143/4202
f 4836/1141/4203 4834/1142/4547 4829/1143/4548
f 4835/1135/4206 4837/1142/4819 4829/1143/4550
f 4837/1142/4820 4836/1141/5290 4829/1143/5222
f 4828/1136/4983 4835/1135/4201 4834/1142/4816
f 4835/1135/4206 4833/1136/4984 4837/1142/4819
f 4836/1141/4203 4828/1136/5189 4834/1142/4547
f 4833/1136/4556 4836/1141/5290 4837/1142/4820
f 4839/1138/4184 4838/1144/4216 4831/1145/4557
f 4838/1144/4987 4840/1139/4185 4831/1145/4826
f 4841/1144/4220 4839/1138/4540 4831/1145/4561
f 4840/1139/4982 4841/1144/5109 4831/1145/4989
f 4839/1138/4184 4828/1136/4183 4838/1144/4216
f 4833/1136/5252 4839/1138/4540 4841/1144/4220
f 4828/1136/4978 4840/1139/4185 4838/1144/4987
f 4840/1139/4982 4833/1136/4981 4841/1144/5109
usemtl mat1.513
f 4849/1135/5191 4842/1136/5192 4844/1137/5191
f 4844/1137/4827 4842/1136/4227 4853/1138/4828
f 4854/1139/4569 4842/1136/4230 4846/1140/4993
f 4846/1140/4994 4842/1136/4995 4850/1141/4994
f 4847/1136/5568 4849/1135/4235 4844/1137/4235
f 4847/1136/5113 4844/1137/4576 4853/1138/4238
f 4847/1136/4577 4854/1139/4240 4846/1140/4578
f 4847/1136/4997 4846/1140/4839 4850/1141/4839
f 4848/1142/4840 4849/1135/4841 4843/1143/4246
f 4850/1141/4583 4848/1142/4248 4843/1143/4249
f 4849/1135/4584 4851/1142/4584 4843/1143/4585
f 4851/1142/4254 4850/1141/4586 4843/1143/4255
f 4842/1136/4587 4849/1135/4841 4848/1142/4840
f 4849/1135/4584 4847/1136/5000 4851/1142/4584
f 4850/1141/4583 4842/1136/4843 4848/1142/4248
f 4847/1136/5001 4850/1141/4586 4851/1142/4254
f 4853/1138/4828 4852/1144/5002 4845/1145/4261
f 4852/1144/4846 4854/1139/4569 4845/1145/4263
f 4855/1144/4264 4853/1138/4238 4845/1145/4593
f 4854/1139/4240 4855/1144/4594 4845/1145/4595
f 4853/1138/4828 4842/1136/4227 4852/1144/5002
f 4847/1136/5113 4853/1138/4238 4855/1144/4264
f 4842/1136/4230 4854/1139/4569 4852/1144/4846
f 4854/1139/4240 4847/1136/4577 4855/1144/4594
usemtl mat1.514
f 4863/1135/4268 4856/1136/5272 4858/1137/4268
f 4858/1137/4849 4856/1136/5003 4867/1138/5121
f 4868/1139/4273 4856/1136/4598 4860/1140/4275
f 4860/1140/5122 4856/1136/5569 4864/1141/5122
f 4861/1136/4278 4863/1135/4279 4858/1137/4279
f 4861/1136/5007 4858/1137/5194 4867/1138/4282
f 4861/1136/5124 4868/1139/4284 4860/1140/4285
f 4861/1136/5009 4860/1140/4606 4864/1141/4606
f 4862/1142/5280 4863/1135/5125 4857/1143/4609
f 4864/1141/5012 4862/1142/4611 4857/1143/5013
f 4863/1135/4294 4865/1142/4612 4857/1143/4296
f 4865/1142/5014 4864/1141/4298 4857/1143/4299
f 4856/1136/5016 4863/1135/5125 4862/1142/5280
f 4863/1135/4294 4861/1136/4301 4865/1142/4612
f 4864/1141/5012 4856/1136/5128 4862/1142/4611
f 4861/1136/5281 4864/1141/4298 4865/1142/5014
f 4867/1138/5121 4866/1144/4620 4859/1145/5227
f 4866/1144/4858 4868/1139/4273 4859/1145/4623
f 4869/1144/5021 4867/1138/4282 4859/1145/5022
f 4868/1139/4284 4869/1144/4310 4859/1145/4311
f 4867/1138/5121 4856/1136/5003 4866/1144/4620
f 4861/1136/5007 4867/1138/4282 4869/1144/5021
f 4856/1136/4598 4868/1139/4273 4866/1144/4858
f 4868/1139/4284 4861/1136/5124 4869/1144/4310
usemtl mat1.515
f 4877/1135/4628 4870/1136/5023 4872/1137/4628
f 4872/1137/4314 4870/1136/4315 4881/1138/4316
f 4882/1139/4317 4870/1136/4864 4874/1140/4319
f 4874/1140/5134 4870/1136/4636 4878/1141/5134
f 4875/1136/4330 4877/1135/5025 4872/1137/5025
f 4875/1136/4639 4872/1137/4325 4881/1138/4641
f 4875/1136/5027 4882/1139/5028 4874/1140/5196
f 4875/1136/4330 4874/1140/5229 4878/1141/5229
f 4876/1142/4872 4877/1135/4332 4871/1143/4333
f 4878/1141/4334 4876/1142/4647 4871/1143/4336
f 4877/1135/4337 4879/1142/4649 4871/1143/4650
f 4879/1142/4651 4878/1141/4875 4871/1143/4342
f 4870/1136/5198 4877/1135/4332 4876/1142/4872
f 4877/1135/4337 4875/1136/4654 4879/1142/4649
f 4878/1141/4334 4870/1136/5231 4876/1142/4647
f 4875/1136/4878 4878/1141/4875 4879/1142/4651
f 4881/1138/4316 4880/1144/4879 4873/1145/4348
f 4880/1144/4657 4882/1139/4317 4873/1145/4350
f 4883/1144/4658 4881/1138/4641 4873/1145/4352
f 4882/1139/5028 4883/1144/5038 4873/1145/4354
f 4881/1138/4316 4870/1136/4315 4880/1144/4879
f 4875/1136/4639 4881/1138/4641 4883/1144/4658
f 4870/1136/4864 4882/1139/4317 4880/1144/4657
f 4882/1139/5028 4875/1136/5027 4883/1144/5038
usemtl mat1.516
f 4891/1135/5142 4884/1136/5481 4886/1137/5142
f 4886/1137/5041 4884/1136/4358 4895/1138/4663
f 4896/1139/4664 4884/1136/4665 4888/1140/4886
f 4888/1140/4363 4884/1136/5042 4892/1141/4363
f 4889/1136/4669 4891/1135/5044 4886/1137/5044
f 4889/1136/4890 4886/1137/4891 4895/1138/4892
f 4889/1136/4893 4896/1139/4371 4888/1140/4372
f 4889/1136/4675 4888/1140/4676 4892/1141/4676
f 4890/1142/4895 4891/1135/4896 4885/1143/4897
f 4892/1141/4898 4890/1142/4379 4885/1143/4899
f 4891/1135/4681 4893/1142/5556 4885/1143/4383
f 4893/1142/4683 4892/1141/4385 4885/1143/4684
f 4884/1136/5050 4891/1135/4896 4890/1142/4895
f 4891/1135/4681 4889/1136/4686 4893/1142/5556
f 4892/1141/4898 4884/1136/5148 4890/1142/4379
f 4889/1136/5204 4892/1141/4385 4893/1142/4683
f 4895/1138/4663 4894/1144/4391 4887/1145/4392
f 4894/1144/4905 4896/1139/4664 4887/1145/4906
f 4897/1144/5384 4895/1138/4892 4887/1145/4692
f 4896/1139/4371 4897/1144/4397 4887/1145/4693
f 4895/1138/4663 4884/1136/4358 4894/1144/4391
f 4889/1136/4890 4895/1138/4892 4897/1144/5384
f 4884/1136/4665 4896/1139/4664 4894/1144/4905
f 4896/1139/4371 4889/1136/4893 4897/1144/4397
usemtl mat1.517
f 4905/1135/4909 4898/1136/5054 4900/1137/4909
f 4900/1137/4401 4898/1136/4402 4909/1138/4403
f 4910/1139/4404 4898/1136/5056 4902/1140/4406
f 4902/1140/4407 4898/1136/5235 4906/1141/4407
f 4903/1136/5426 4905/1135/5237 4900/1137/5237
f 4903/1136/4705 4900/1137/5207 4909/1138/4707
f 4903/1136/5239 4910/1139/5059 4902/1140/4416
f 4903/1136/4709 4902/1140/4418 4906/1141/4418
f 4904/1142/5062 4905/1135/5063 4899/1143/4713
f 4906/1141/4422 4904/1142/4921 4899/1143/5262
f 4905/1135/4425 4907/1142/4718 4899/1143/4719
f 4907/1142/5209 4906/1141/4721 4899/1143/4923
f 4898/1136/5456 4905/1135/5063 4904/1142/5062
f 4905/1135/4425 4903/1136/4925 4907/1142/4718
f 4906/1141/4422 4898/1136/4725 4904/1142/4921
f 4903/1136/5162 4906/1141/4721 4907/1142/5209
f 4909/1138/4403 4908/1144/4727 4901/1145/5071
f 4908/1144/4437 4910/1139/4404 4901/1145/4438
f 4911/1144/4731 4909/1138/4707 4901/1145/4440
f 4910/1139/5059 4911/1144/5075 4901/1145/4930
f 4909/1138/4403 4898/1136/4402 4908/1144/4727
f 4903/1136/4705 4909/1138/4707 4911/1144/4731
f 4898/1136/5056 4910/1139/4404 4908/1144/4437
f 4910/1139/5059 4903/1136/5239 4911/1144/5075
usemtl mat1.518
f 4919/1135/4733 4912/1136/5211 4914/1137/4733
f 4914/1137/4735 4912/1136/4446 4923/1138/4447
f 4924/1139/4448 4912/1136/4449 4916/1140/4450
f 4916/1140/5080 4912/1136/5081 4920/1141/5080
f 4917/1136/5166 4919/1135/4454 4914/1137/4454
f 4917/1136/4741 4914/1137/4456 4923/1138/4457
f 4917/1136/5083 4924/1139/4459 4916/1140/5264
f 4917/1136/4746 4916/1140/5283 4920/1141/5283
f 4918/1142/4942 4919/1135/4749 4913/1143/4750
f 4920/1141/4466 4918/1142/4467 4913/1143/4752
f 4919/1135/4753 4921/1142/4754 4913/1143/4471
f 4921/1142/4472 4920/1141/4756 4913/1143/4474
f 4912/1136/4947 4919/1135/4749 4918/1142/4942
f 4919/1135/4753 4917/1136/5245 4921/1142/4754
f 4920/1141/4466 4912/1136/4477 4918/1142/4467
f 4917/1136/5213 4920/1141/4756 4921/1142/4472
f 4923/1138/4447 4922/1144/4761 4915/1145/4762
f 4922/1144/4763 4924/1139/4448 4915/1145/4953
f 4925/1144/4765 4923/1138/4457 4915/1145/5214
f 4924/1139/4459 4925/1144/4956 4915/1145/5091
f 4923/1138/4447 4912/1136/4446 4922/1144/4761
f 4917/1136/4741 4923/1138/4457 4925/1144/4765
f 4912/1136/4449 4924/1139/4448 4922/1144/4763
f 4924/1139/4459 4917/1136/5083 4925/1144/4956
usemtl mat1.519
f 4933/1135/5172 4926/1136/4488 4928/1137/5172
f 4928/1137/4959 4926/1136/4490 4937/1138/4961
f 4938/1139/4492 4926/1136/5249 4930/1140/5173
f 4930/1140/4964 4926/1136/4496 4934/1141/4964
f 4931/1136/4497 4933/1135/4498 4928/1137/4498
f 4931/1136/5095 4928/1137/4777 4937/1138/4778
f 4931/1136/4779 4938/1139/4503 4930/1140/4967
f 4931/1136/5250 4930/1140/4782 4934/1141/4782
f 4932/1142/4783 4933/1135/4784 4927/1143/4785
f 4934/1141/4510 4932/1142/5347 4927/1143/4512
f 4933/1135/4788 4935/1142/4970 4927/1143/5179
f 4935/1142/5180 4934/1141/5181 4927/1143/4518
f 4926/1136/4519 4933/1135/4784 4932/1142/4783
f 4933/1135/4788 4931/1136/5100 4935/1142/4970
f 4934/1141/4510 4926/1136/4973 4932/1142/5347
f 4931/1136/4974 4934/1141/5181 4935/1142/5180
f 4937/1138/4961 4936/1144/5102 4929/1145/4524
f 4936/1144/4797 4938/1139/4492 4929/1145/4798
f 4939/1144/4976 4937/1138/4778 4929/1145/4528
f 4938/1139/4503 4939/1144/5182 4929/1145/4530
f 4937/1138/4961 4926/1136/4490 4936/1144/5102
f 4931/1136/5095 4937/1138/4778 4939/1144/4976
f 4926/1136/5249 4938/1139/4492 4936/1144/4797
f 4938/1139/4503 4931/1136/4779 4939/1144/5182
usemtl mat1.520
f 4947/1135/4802 4940/1136/5251 4942/1137/4802
f 4942/1137/5103 4940/1136/4805 4951/1138/4184
f 4952/1139/4185 4940/1136/4978 4944/1140/4535
f 4944/1140/4188 4940/1136/5266 4948/1141/4188
f 4945/1136/5570 4947/1135/4809 4942/1137/4809
f 4945/1136/4980 4942/1137/4811 4951/1138/4540
f 4945/1136/4981 4952/1139/4982 4944/1140/4814
f 4945/1136/4198 4944/1140/4199 4948/1141/4199
f 4946/1142/4816 4947/1135/4817 4941/1143/4818
f 4948/1141/4203 4946/1142/4204 4941/1143/4205
f 4947/1135/4206 4949/1142/4819 4941/1143/4550
f 4949/1142/4820 4948/1141/5290 4941/1143/5222
f 4940/1136/4983 4947/1135/4817 4946/1142/4816
f 4947/1135/4206 4945/1136/4984 4949/1142/4819
f 4948/1141/4203 4940/1136/4555 4946/1142/4204
f 4945/1136/4823 4948/1141/5290 4949/1142/4820
f 4951/1138/4184 4950/1144/4216 4943/1145/4217
f 4950/1144/4987 4952/1139/4185 4943/1145/4826
f 4953/1144/4560 4951/1138/4540 4943/1145/4561
f 4952/1139/4982 4953/1144/5109 4943/1145/4563
f 4951/1138/4184 4940/1136/4805 4950/1144/4216
f 4945/1136/4980 4951/1138/4540 4953/1144/4560
f 4940/1136/4978 4952/1139/4185 4950/1144/4987
f 4952/1139/4982 4945/1136/4981 4953/1144/5109
usemtl mat1.521
f 4961/1135/5191 4954/1136/5223 4956/1137/5191
f 4956/1137/4827 4954/1136/4567 4965/1138/4828
f 4966/1139/4569 4954/1136/4230 4958/1140/4993
f 4958/1140/4994 4954/1136/5408 4962/1141/4994
f 4959/1136/4833 4961/1135/4235 4956/1137/4235
f 4959/1136/5113 4956/1137/4836 4965/1138/4238
f 4959/1136/4577 4966/1139/4240 4958/1140/4578
f 4959/1136/4997 4958/1140/4839 4962/1141/4839
f 4960/1142/4840 4961/1135/4582 4955/1143/4246
f 4962/1141/4583 4960/1142/4248 4955/1143/4249
f 4961/1135/4584 4963/1142/4584 4955/1143/4585
f 4963/1142/4254 4962/1141/4586 4955/1143/4255
f 4954/1136/4587 4961/1135/4582 4960/1142/4840
f 4961/1135/4584 4959/1136/5193 4963/1142/4584
f 4962/1141/4583 4954/1136/4843 4960/1142/4248
f 4959/1136/5001 4962/1141/4586 4963/1142/4254
f 4965/1138/4828 4964/1144/5118 4957/1145/4261
f 4964/1144/4846 4966/1139/4569 4957/1145/4263
f 4967/1144/4264 4965/1138/4238 4957/1145/4593
f 4966/1139/4240 4967/1144/4847 4957/1145/4595
f 4965/1138/4828 4954/1136/4567 4964/1144/5118
f 4959/1136/5113 4965/1138/4238 4967/1144/4264
f 4954/1136/4230 4966/1139/4569 4964/1144/4846
f 4966/1139/4240 4959/1136/4577 4967/1144/4847
usemtl mat1.522
f 4975/1135/4268 4968/1136/4269 4970/1137/4268
f 4970/1137/4849 4968/1136/4596 4979/1138/5121
f 4980/1139/4273 4968/1136/4598 4972/1140/4275
f 4972/1140/5122 4968/1136/4600 4976/1141/5122
f 4973/1136/4278 4975/1135/5123 4970/1137/5123
f 4973/1136/5007 4970/1137/4281 4979/1138/4282
f 4973/1136/5255 4980/1139/4284 4972/1140/4285
f 4973/1136/5478 4972/1140/4606 4976/1141/4606
f 4974/1142/5280 4975/1135/5125 4969/1143/4609
f 4976/1141/5012 4974/1142/4611 4969/1143/5013
f 4975/1135/4294 4977/1142/4612 4969/1143/4296
f 4977/1142/5014 4976/1141/4298 4969/1143/4299
f 4968/1136/5016 4975/1135/5125 4974/1142/5280
f 4975/1135/4294 4973/1136/4301 4977/1142/4612
f 4976/1141/5012 4968/1136/5128 4974/1142/4611
f 4973/1136/4857 4976/1141/4298 4977/1142/5014
f 4979/1138/5121 4978/1144/4620 4971/1145/4305
f 4978/1144/4858 4980/1139/4273 4971/1145/4623
f 4981/1144/5021 4979/1138/4282 4971/1145/5022
f 4980/1139/4284 4981/1144/4310 4971/1145/4311
f 4979/1138/5121 4968/1136/4596 4978/1144/4620
f 4973/1136/5007 4979/1138/4282 4981/1144/5021
f 4968/1136/4598 4980/1139/4273 4978/1144/4858
f 4980/1139/4284 4973/1136/5255 4981/1144/4310
usemtl mat1.523
f 4989/1135/4860 4982/1136/4861 4984/1137/4860
f 4984/1137/4314 4982/1136/4315 4993/1138/4316
f 4994/1139/4317 4982/1136/4864 4986/1140/4319
f 4986/1140/5134 4982/1136/5273 4990/1141/5134
f 4987/1136/4866 4989/1135/4638 4984/1137/4638
f 4987/1136/4639 4984/1137/4325 4993/1138/4641
f 4987/1136/5027 4994/1139/4328 4986/1140/5196
f 4987/1136/4330 4986/1140/5229 4990/1141/5229
f 4988/1142/4872 4989/1135/4332 4983/1143/4333
f 4990/1141/4334 4988/1142/4647 4983/1143/4336
f 4989/1135/4337 4991/1142/4649 4983/1143/4650
f 4991/1142/4651 4990/1141/4875 4983/1143/4342
f 4982/1136/4876 4989/1135/4332 4988/1142/4872
f 4989/1135/4337 4987/1136/4654 4991/1142/4649
f 4990/1141/4334 4982/1136/5036 4988/1142/4647
f 4987/1136/5200 4990/1141/4875 4991/1142/4651
f 4993/1138/4316 4992/1144/4879 4985/1145/4348
f 4992/1144/4657 4994/1139/4317 4985/1145/4350
f 4995/1144/4658 4993/1138/4641 4985/1145/4352
f 4994/1139/4328 4995/1144/5038 4985/1145/4354
f 4993/1138/4316 4982/1136/4315 4992/1144/4879
f 4987/1136/4639 4993/1138/4641 4995/1144/4658
f 4982/1136/4864 4994/1139/4317 4992/1144/4657
f 4994/1139/4328 4987/1136/5027 4995/1144/5038
usemtl mat1.524
f 5003/1135/5142 4996/1136/5232 4998/1137/5142
f 4998/1137/5041 4996/1136/4358 5007/1138/4663
f 5008/1139/4664 4996/1136/4665 5000/1140/4666
f 5000/1140/4667 4996/1136/5042 5004/1141/4667
f 5001/1136/4669 5003/1135/5044 4998/1137/5044
f 5001/1136/4890 4998/1137/4891 5007/1138/4892
f 5001/1136/4893 5008/1139/4371 5000/1140/4372
f 5001/1136/5571 5000/1140/4676 5004/1141/4676
f 5002/1142/4677 5003/1135/4678 4997/1143/4897
f 5004/1141/4898 5002/1142/4379 4997/1143/4899
f 5003/1135/5047 5005/1142/5556 4997/1143/4383
f 5005/1142/4683 5004/1141/4385 4997/1143/4684
f 4996/1136/5147 5003/1135/4678 5002/1142/4677
f 5003/1135/5047 5001/1136/5051 5005/1142/5556
f 5004/1141/4898 4996/1136/4389 5002/1142/4379
f 5001/1136/5204 5004/1141/4385 5005/1142/4683
f 5007/1138/4663 5006/1144/4391 4999/1145/4392
f 5006/1144/4905 5008/1139/4664 4999/1145/4906
f 5009/1144/4395 5007/1138/4892 4999/1145/4692
f 5008/1139/4371 5009/1144/4397 4999/1145/4693
f 5007/1138/4663 4996/1136/4358 5006/1144/4391
f 5001/1136/4890 5007/1138/4892 5009/1144/4395
f 4996/1136/4665 5008/1139/4664 5006/1144/4905
f 5008/1139/4371 5001/1136/4893 5009/1144/4397
usemtl mat1.525
f 5017/1135/4909 5010/1136/5454 5012/1137/4909
f 5012/1137/4401 5010/1136/4402 5021/1138/4403
f 5022/1139/4404 5010/1136/5056 5014/1140/4406
f 5014/1140/4407 5010/1136/4702 5018/1141/4407
f 5015/1136/5261 5017/1135/5237 5012/1137/5237
f 5015/1136/4705 5012/1137/5057 5021/1138/4707
f 5015/1136/5239 5022/1139/5059 5014/1140/4416
f 5015/1136/4709 5014/1140/5061 5018/1141/5061
f 5016/1142/4419 5017/1135/5063 5011/1143/4713
f 5018/1141/4714 5016/1142/4715 5011/1143/5262
f 5017/1135/4425 5019/1142/4718 5011/1143/5067
f 5019/1142/5209 5018/1141/4721 5011/1143/4923
f 5010/1136/5242 5017/1135/5063 5016/1142/4419
f 5017/1135/4425 5015/1136/4925 5019/1142/4718
f 5018/1141/4714 5010/1136/4725 5016/1142/4715
f 5015/1136/5162 5018/1141/4721 5019/1142/5209
f 5021/1138/4403 5020/1144/4727 5013/1145/5071
f 5020/1144/5072 5022/1139/4404 5013/1145/5163
f 5023/1144/4731 5021/1138/4707 5013/1145/4440
f 5022/1139/5059 5023/1144/5075 5013/1145/4930
f 5021/1138/4403 5010/1136/4402 5020/1144/4727
f 5015/1136/4705 5021/1138/4707 5023/1144/4731
f 5010/1136/5056 5022/1139/4404 5020/1144/5072
f 5022/1139/5059 5015/1136/5239 5023/1144/5075
usemtl mat1.526
f 5031/1135/4733 5024/1136/5211 5026/1137/4733
f 5026/1137/4735 5024/1136/4446 5035/1138/4447
f 5036/1139/4448 5024/1136/4449 5028/1140/4450
f 5028/1140/5080 5024/1136/4738 5032/1141/5080
f 5029/1136/5166 5031/1135/4454 5026/1137/4454
f 5029/1136/4741 5026/1137/4456 5035/1138/4457
f 5029/1136/5083 5036/1139/4459 5028/1140/5264
f 5029/1136/4940 5028/1140/4747 5032/1141/4747
f 5030/1142/4942 5031/1135/4749 5025/1143/4750
f 5032/1141/4751 5030/1142/4467 5025/1143/4752
f 5031/1135/4753 5033/1142/4754 5025/1143/4755
f 5033/1142/4472 5032/1141/4756 5025/1143/4474
f 5024/1136/4947 5031/1135/4749 5030/1142/4942
f 5031/1135/4753 5029/1136/4758 5033/1142/4754
f 5032/1141/4751 5024/1136/4948 5030/1142/4467
f 5029/1136/5493 5032/1141/4756 5033/1142/4472
f 5035/1138/4447 5034/1144/4479 5027/1145/4762
f 5034/1144/4763 5036/1139/4448 5027/1145/4953
f 5037/1144/4765 5035/1138/4457 5027/1145/5214
f 5036/1139/4459 5037/1144/4956 5027/1145/5091
f 5035/1138/4447 5024/1136/4446 5034/1144/4479
f 5029/1136/4741 5035/1138/4457 5037/1144/4765
f 5024/1136/4449 5036/1139/4448 5034/1144/4763
f 5036/1139/4459 5029/1136/5083 5037/1144/4956
usemtl mat1.527
f 5045/1135/5092 5038/1136/4488 5040/1137/5092
f 5040/1137/4959 5038/1136/4490 5049/1138/4961
f 5050/1139/5495 5038/1136/4772 5042/1140/4963
f 5042/1140/4495 5038/1136/5461 5046/1141/4495
f 5043/1136/4497 5045/1135/4498 5040/1137/4498
f 5043/1136/4776 5040/1137/5096 5049/1138/4778
f 5043/1136/4779 5050/1139/4503 5042/1140/4967
f 5043/1136/5250 5042/1140/4782 5046/1141/4782
f 5044/1142/4783 5045/1135/4784 5039/1143/4785
f 5046/1141/4786 5044/1142/4787 5039/1143/4512
f 5045/1135/4788 5047/1142/4970 5039/1143/5179
f 5047/1142/5180 5046/1141/5181 5039/1143/4518
f 5038/1136/4519 5045/1135/4784 5044/1142/4783
f 5045/1135/4788 5043/1136/4794 5047/1142/4970
f 5046/1141/4786 5038/1136/5101 5044/1142/4787
f 5043/1136/4974 5046/1141/5181 5047/1142/5180
f 5049/1138/4961 5048/1144/5102 5041/1145/4524
f 5048/1144/4975 5050/1139/5495 5041/1145/4798
f 5051/1144/4976 5049/1138/4778 5041/1145/4528
f 5050/1139/4503 5051/1144/5477 5041/1145/4530
f 5049/1138/4961 5038/1136/4490 5048/1144/5102
f 5043/1136/4776 5049/1138/4778 5051/1144/4976
f 5038/1136/4772 5050/1139/5495 5048/1144/4975
f 5050/1139/4503 5043/1136/4779 5051/1144/5477
usemtl mat1.528
f 5059/1135/4802 5052/1136/4977 5054/1137/4802
f 5054/1137/5103 5052/1136/4805 5063/1138/4184
f 5064/1139/4185 5052/1136/4978 5056/1140/4187
f 5056/1140/4188 5052/1136/4537 5060/1141/4188
f 5057/1136/4190 5059/1135/4191 5054/1137/4191
f 5057/1136/4539 5054/1137/4193 5063/1138/4540
f 5057/1136/4981 5064/1139/4982 5056/1140/4814
f 5057/1136/4198 5056/1140/4199 5060/1141/4199
f 5058/1142/4816 5059/1135/4201 5053/1143/4202
f 5060/1141/4203 5058/1142/4204 5053/1143/4205
f 5059/1135/4206 5061/1142/4549 5053/1143/4208
f 5061/1142/4820 5060/1141/4210 5053/1143/5222
f 5052/1136/4983 5059/1135/4201 5058/1142/4816
f 5059/1135/4206 5057/1136/4984 5061/1142/4549
f 5060/1141/4203 5052/1136/4555 5058/1142/4204
f 5057/1136/4823 5060/1141/4210 5061/1142/4820
f 5063/1138/4184 5062/1144/4216 5055/1145/4557
f 5062/1144/4987 5064/1139/4185 5055/1145/4826
f 5065/1144/4560 5063/1138/4540 5055/1145/4561
f 5064/1139/4982 5065/1144/5109 5055/1145/4989
f 5063/1138/4184 5052/1136/4805 5062/1144/4216
f 5057/1136/4539 5063/1138/4540 5065/1144/4560
f 5052/1136/4978 5064/1139/4185 5062/1144/4987
f 5064/1139/4982 5057/1136/4981 5065/1144/5109
usemtl mat1.529
f 5073/1135/5110 5066/1136/5223 5068/1137/5110
f 5068/1137/4827 5066/1136/4567 5077/1138/4828
f 5078/1139/4569 5066/1136/4230 5070/1140/4993
f 5070/1140/5112 5066/1136/4991 5074/1141/5112
f 5071/1136/4833 5073/1135/4235 5068/1137/4235
f 5071/1136/5113 5068/1137/4576 5077/1138/4238
f 5071/1136/4577 5078/1139/4240 5070/1140/4578
f 5071/1136/4997 5070/1140/4839 5074/1141/4839
f 5072/1142/4840 5073/1135/4841 5067/1143/4246
f 5074/1141/4583 5072/1142/4248 5067/1143/4249
f 5073/1135/5115 5075/1142/4251 5067/1143/4585
f 5075/1142/4254 5074/1141/4586 5067/1143/4255
f 5066/1136/4587 5073/1135/4841 5072/1142/4840
f 5073/1135/5115 5071/1136/5193 5075/1142/4251
f 5074/1141/4583 5066/1136/4589 5072/1142/4248
f 5071/1136/5001 5074/1141/4586 5075/1142/4254
f 5077/1138/4828 5076/1144/5118 5069/1145/4261
f 5076/1144/4846 5078/1139/4569 5069/1145/4263
f 5079/1144/4264 5077/1138/4238 5069/1145/4593
f 5078/1139/4240 5079/1144/4594 5069/1145/4267
f 5077/1138/4828 5066/1136/4567 5076/1144/5118
f 5071/1136/5113 5077/1138/4238 5079/1144/4264
f 5066/1136/4230 5078/1139/4569 5076/1144/4846
f 5078/1139/4240 5071/1136/4577 5079/1144/4594
usemtl mat1.530
f 5087/1135/4268 5080/1136/5272 5082/1137/4268
f 5082/1137/4849 5080/1136/4596 5091/1138/5121
f 5092/1139/4273 5080/1136/4598 5084/1140/4275
f 5084/1140/5122 5080/1136/5572 5088/1141/5122
f 5085/1136/4601 5087/1135/4279 5082/1137/4279
f 5085/1136/5007 5082/1137/4281 5091/1138/4282
f 5085/1136/5255 5092/1139/4284 5084/1140/4285
f 5085/1136/5573 5084/1140/4606 5088/1141/4606
f 5086/1142/5280 5087/1135/5125 5081/1143/4290
f 5088/1141/4610 5086/1142/4611 5081/1143/5013
f 5087/1135/4294 5089/1142/4295 5081/1143/4296
f 5089/1142/5014 5088/1141/4298 5081/1143/5015
f 5080/1136/5016 5087/1135/5125 5086/1142/5280
f 5087/1135/4294 5085/1136/4301 5089/1142/4295
f 5088/1141/4610 5080/1136/5128 5086/1142/4611
f 5085/1136/4619 5088/1141/4298 5089/1142/5014
f 5091/1138/5121 5090/1144/4620 5083/1145/4305
f 5090/1144/4858 5092/1139/4273 5083/1145/4623
f 5093/1144/5021 5091/1138/4282 5083/1145/5022
f 5092/1139/4284 5093/1144/4310 5083/1145/4311
f 5091/1138/5121 5080/1136/4596 5090/1144/4620
f 5085/1136/5007 5091/1138/4282 5093/1144/5021
f 5080/1136/4598 5092/1139/4273 5090/1144/4858
f 5092/1139/4284 5085/1136/5255 5093/1144/4310
usemtl mat1.531
f 5101/1135/4628 5094/1136/5023 5096/1137/4628
f 5096/1137/4314 5094/1136/4315 5105/1138/4316
f 5106/1139/4317 5094/1136/4864 5098/1140/5415
f 5098/1140/5134 5094/1136/5135 5102/1141/5134
f 5099/1136/5282 5101/1135/5025 5096/1137/5025
f 5099/1136/4639 5096/1137/4325 5105/1138/4641
f 5099/1136/5027 5106/1139/4643 5098/1140/5196
f 5099/1136/4330 5098/1140/4331 5102/1141/4331
f 5100/1142/4332 5101/1135/4332 5095/1143/4333
f 5102/1141/4334 5100/1142/4647 5095/1143/4336
f 5101/1135/4337 5103/1142/5371 5095/1143/4650
f 5103/1142/4651 5102/1141/4875 5095/1143/4342
f 5094/1136/5139 5101/1135/4332 5100/1142/4332
f 5101/1135/4337 5099/1136/4654 5103/1142/5371
f 5102/1141/4334 5094/1136/5231 5100/1142/4647
f 5099/1136/4878 5102/1141/4875 5103/1142/4651
f 5105/1138/4316 5104/1144/4879 5097/1145/4348
f 5104/1144/4657 5106/1139/4317 5097/1145/4350
f 5107/1144/4658 5105/1138/4641 5097/1145/4352
f 5106/1139/4643 5107/1144/5038 5097/1145/4354
f 5105/1138/4316 5094/1136/4315 5104/1144/4879
f 5099/1136/4639 5105/1138/4641 5107/1144/4658
f 5094/1136/4864 5106/1139/4317 5104/1144/4657
f 5106/1139/4643 5099/1136/5027 5107/1144/5038
usemtl mat1.532
f 5115/1135/5142 5108/1136/5232 5110/1137/5142
f 5110/1137/5041 5108/1136/4358 5119/1138/4663
f 5120/1139/4664 5108/1136/4665 5112/1140/4886
f 5112/1140/4667 5108/1136/5042 5116/1141/4667
f 5113/1136/4669 5115/1135/5044 5110/1137/5044
f 5113/1136/4890 5110/1137/4891 5119/1138/4892
f 5113/1136/4893 5120/1139/4371 5112/1140/4372
f 5113/1136/4373 5112/1140/4676 5116/1141/4676
f 5114/1142/4677 5115/1135/4678 5109/1143/4897
f 5116/1141/5046 5114/1142/4379 5109/1143/4899
f 5115/1135/5047 5117/1142/4682 5109/1143/4383
f 5117/1142/4683 5116/1141/4385 5109/1143/4684
f 5108/1136/5147 5115/1135/4678 5114/1142/4677
f 5115/1135/5047 5113/1136/5051 5117/1142/4682
f 5116/1141/5046 5108/1136/5148 5114/1142/4379
f 5113/1136/5204 5116/1141/4385 5117/1142/4683
f 5119/1138/4663 5118/1144/4391 5111/1145/4392
f 5118/1144/4905 5120/1139/4664 5111/1145/4906
f 5121/1144/4395 5119/1138/4892 5111/1145/4692
f 5120/1139/4371 5121/1144/4397 5111/1145/4693
f 5119/1138/4663 5108/1136/4358 5118/1144/4391
f 5113/1136/4890 5119/1138/4892 5121/1144/4395
f 5108/1136/4665 5120/1139/4664 5118/1144/4905
f 5120/1139/4371 5113/1136/4893 5121/1144/4397
usemtl mat1.533
f 5129/1135/4909 5122/1136/5512 5124/1137/4909
f 5124/1137/4401 5122/1136/4402 5133/1138/4403
f 5134/1139/5472 5122/1136/5056 5126/1140/4406
f 5126/1140/4407 5122/1136/5574 5130/1141/4407
f 5127/1136/5261 5129/1135/5237 5124/1137/5237
f 5127/1136/4705 5124/1137/5057 5133/1138/4707
f 5127/1136/5239 5134/1139/4415 5126/1140/4416
f 5127/1136/4709 5126/1140/5061 5130/1141/5061
f 5128/1142/5062 5129/1135/5063 5123/1143/4713
f 5130/1141/4422 5128/1142/4921 5123/1143/5262
f 5129/1135/4425 5131/1142/4718 5123/1143/5067
f 5131/1142/5209 5130/1141/4721 5123/1143/4923
f 5122/1136/4431 5129/1135/5063 5128/1142/5062
f 5129/1135/4425 5127/1136/4925 5131/1142/4718
f 5130/1141/4422 5122/1136/4725 5128/1142/4921
f 5127/1136/5162 5130/1141/4721 5131/1142/5209
f 5133/1138/4403 5132/1144/4727 5125/1145/5071
f 5132/1144/5072 5134/1139/5472 5125/1145/5163
f 5135/1144/4731 5133/1138/4707 5125/1145/4440
f 5134/1139/4415 5135/1144/5075 5125/1145/4930
f 5133/1138/4403 5122/1136/4402 5132/1144/4727
f 5127/1136/4705 5133/1138/4707 5135/1144/4731
f 5122/1136/5056 5134/1139/5472 5132/1144/5072
f 5134/1139/4415 5127/1136/5239 5135/1144/5075
usemtl mat1.534
f 5143/1135/4733 5136/1136/4734 5138/1137/4733
f 5138/1137/4735 5136/1136/4446 5147/1138/4447
f 5148/1139/4448 5136/1136/4449 5140/1140/4450
f 5140/1140/5080 5136/1136/5276 5144/1141/5080
f 5141/1136/4739 5143/1135/4454 5138/1137/4454
f 5141/1136/4741 5138/1137/4456 5147/1138/4457
f 5141/1136/5083 5148/1139/4459 5140/1140/5084
f 5141/1136/4746 5140/1140/4747 5144/1141/4747
f 5142/1142/4942 5143/1135/4749 5137/1143/4750
f 5144/1141/4466 5142/1142/4467 5137/1143/4752
f 5143/1135/4753 5145/1142/4754 5137/1143/4755
f 5145/1142/4472 5144/1141/4756 5137/1143/4474
f 5136/1136/4947 5143/1135/4749 5142/1142/4942
f 5143/1135/4753 5141/1136/4758 5145/1142/4754
f 5144/1141/4466 5136/1136/4948 5142/1142/4467
f 5141/1136/4949 5144/1141/4756 5145/1142/4472
f 5147/1138/4447 5146/1144/4761 5139/1145/4762
f 5146/1144/4763 5148/1139/4448 5139/1145/4953
f 5149/1144/4954 5147/1138/4457 5139/1145/4484
f 5148/1139/4459 5149/1144/4956 5139/1145/5091
f 5147/1138/4447 5136/1136/4446 5146/1144/4761
f 5141/1136/4741 5147/1138/4457 5149/1144/4954
f 5136/1136/4449 5148/1139/4448 5146/1144/4763
f 5148/1139/4459 5141/1136/5083 5149/1144/4956
usemtl mat1.535
f 5157/1135/5092 5150/1136/5438 5152/1137/5092
f 5152/1137/4959 5150/1136/4490 5161/1138/4961
f 5162/1139/4492 5150/1136/5249 5154/1140/5173
f 5154/1140/4964 5150/1136/5474 5158/1141/4964
f 5155/1136/4966 5157/1135/4498 5152/1137/4498
f 5155/1136/5095 5152/1137/5096 5161/1138/5097
f 5155/1136/4779 5162/1139/4503 5154/1140/4967
f 5155/1136/5098 5154/1140/4782 5158/1141/4782
f 5156/1142/4783 5157/1135/4784 5151/1143/4785
f 5158/1141/4786 5156/1142/4787 5151/1143/4512
f 5157/1135/4788 5159/1142/5099 5151/1143/5179
f 5159/1142/5180 5158/1141/5181 5151/1143/4518
f 5150/1136/5217 5157/1135/4784 5156/1142/4783
f 5157/1135/4788 5155/1136/4794 5159/1142/5099
f 5158/1141/4786 5150/1136/5101 5156/1142/4787
f 5155/1136/4974 5158/1141/5181 5159/1142/5180
f 5161/1138/4961 5160/1144/5102 5153/1145/4524
f 5160/1144/4975 5162/1139/4492 5153/1145/4798
f 5163/1144/4976 5161/1138/5097 5153/1145/4528
f 5162/1139/4503 5163/1144/5182 5153/1145/4530
f 5161/1138/4961 5150/1136/4490 5160/1144/5102
f 5155/1136/5095 5161/1138/5097 5163/1144/4976
f 5150/1136/5249 5162/1139/4492 5160/1144/4975
f 5162/1139/4503 5155/1136/4779 5163/1144/5182
usemtl mat1.536
f 5171/1135/4802 5164/1136/4977 5166/1137/4802
f 5166/1137/5103 5164/1136/4805 5175/1138/4184
f 5176/1139/4185 5164/1136/4978 5168/1140/4187
f 5168/1140/4188 5164/1136/5266 5172/1141/4188
f 5169/1136/4190 5171/1135/4809 5166/1137/4809
f 5169/1136/4539 5166/1137/4193 5175/1138/4540
f 5169/1136/4981 5176/1139/4982 5168/1140/4814
f 5169/1136/4198 5168/1140/4199 5172/1141/4199
f 5170/1142/4816 5171/1135/4817 5165/1143/4202
f 5172/1141/4203 5170/1142/4547 5165/1143/4205
f 5171/1135/4206 5173/1142/4819 5165/1143/4550
f 5173/1142/4820 5172/1141/4210 5165/1143/5222
f 5164/1136/4983 5171/1135/4817 5170/1142/4816
f 5171/1135/4206 5169/1136/4984 5173/1142/4819
f 5172/1141/4203 5164/1136/4555 5170/1142/4547
f 5169/1136/4823 5172/1141/4210 5173/1142/4820
f 5175/1138/4184 5174/1144/4216 5167/1145/4217
f 5174/1144/4987 5176/1139/4185 5167/1145/4826
f 5177/1144/4220 5175/1138/4540 5167/1145/4561
f 5176/1139/4982 5177/1144/5109 5167/1145/4989
f 5175/1138/4184 5164/1136/4805 5174/1144/4216
f 5169/1136/4539 5175/1138/4540 5177/1144/4220
f 5164/1136/4978 5176/1139/4185 5174/1144/4987
f 5176/1139/4982 5169/1136/4981 5177/1144/5109
usemtl mat1.537
f 5185/1135/5191 5178/1136/4991 5180/1137/5191
f 5180/1137/4827 5178/1136/4567 5189/1138/4828
f 5190/1139/4569 5178/1136/4230 5182/1140/4993
f 5182/1140/4994 5178/1136/5408 5186/1141/4994
f 5183/1136/5531 5185/1135/4235 5180/1137/4235
f 5183/1136/5113 5180/1137/4836 5189/1138/4238
f 5183/1136/4577 5190/1139/4240 5182/1140/4578
f 5183/1136/4997 5182/1140/4839 5186/1141/4839
f 5184/1142/4840 5185/1135/4582 5179/1143/4246
f 5186/1141/4583 5184/1142/4248 5179/1143/4249
f 5185/1135/4251 5187/1142/4251 5179/1143/4585
f 5187/1142/4254 5186/1141/4586 5179/1143/4255
f 5178/1136/4587 5185/1135/4582 5184/1142/4840
f 5185/1135/4251 5183/1136/5193 5187/1142/4251
f 5186/1141/4583 5178/1136/4589 5184/1142/4248
f 5183/1136/5278 5186/1141/4586 5187/1142/4254
f 5189/1138/4828 5188/1144/5118 5181/1145/4261
f 5188/1144/4846 5190/1139/4569 5181/1145/4263
f 5191/1144/4264 5189/1138/4238 5181/1145/4593
f 5190/1139/4240 5191/1144/4847 5181/1145/4595
f 5189/1138/4828 5178/1136/4567 5188/1144/5118
f 5183/1136/5113 5189/1138/4238 5191/1144/4264
f 5178/1136/4230 5190/1139/4569 5188/1144/4846
f 5190/1139/4240 5183/1136/4577 5191/1144/4847
usemtl mat1.538
f 5199/1135/4268 5192/1136/5225 5194/1137/4268
f 5194/1137/4849 5192/1136/4596 5203/1138/5121
f 5204/1139/4273 5192/1136/4598 5196/1140/4275
f 5196/1140/5122 5192/1136/4851 5200/1141/5122
f 5197/1136/4278 5199/1135/4279 5194/1137/4279
f 5197/1136/5007 5194/1137/5194 5203/1138/4282
f 5197/1136/5255 5204/1139/4284 5196/1140/4285
f 5197/1136/4605 5196/1140/4606 5200/1141/4606
f 5198/1142/5280 5199/1135/5125 5193/1143/4290
f 5200/1141/5012 5198/1142/4611 5193/1143/5013
f 5199/1135/4294 5201/1142/4612 5193/1143/4296
f 5201/1142/5226 5200/1141/4298 5193/1143/5015
f 5192/1136/5016 5199/1135/5125 5198/1142/5280
f 5199/1135/4294 5197/1136/4301 5201/1142/4612
f 5200/1141/5012 5192/1136/5128 5198/1142/4611
f 5197/1136/4857 5200/1141/4298 5201/1142/5226
f 5203/1138/5121 5202/1144/4620 5195/1145/4305
f 5202/1144/4858 5204/1139/4273 5195/1145/4623
f 5205/1144/5021 5203/1138/4282 5195/1145/5022
f 5204/1139/4284 5205/1144/4310 5195/1145/4311
f 5203/1138/5121 5192/1136/4596 5202/1144/4620
f 5197/1136/5007 5203/1138/4282 5205/1144/5021
f 5192/1136/4598 5204/1139/4273 5202/1144/4858
f 5204/1139/4284 5197/1136/5255 5205/1144/4310
usemtl mat1.539
f 5213/1135/4860 5206/1136/5258 5208/1137/4860
f 5208/1137/4314 5206/1136/4315 5217/1138/4316
f 5218/1139/4317 5206/1136/4864 5210/1140/4319
f 5210/1140/5134 5206/1136/5135 5214/1141/5134
f 5211/1136/5282 5213/1135/5025 5208/1137/5025
f 5211/1136/4639 5208/1137/4325 5217/1138/4641
f 5211/1136/5027 5218/1139/5028 5210/1140/5196
f 5211/1136/4330 5210/1140/4331 5214/1141/4331
f 5212/1142/4872 5213/1135/4332 5207/1143/4333
f 5214/1141/4334 5212/1142/4647 5207/1143/4336
f 5213/1135/4337 5215/1142/5371 5207/1143/4650
f 5215/1142/4651 5214/1141/4341 5207/1143/4342
f 5206/1136/5198 5213/1135/4332 5212/1142/4872
f 5213/1135/4337 5211/1136/4654 5215/1142/5371
f 5214/1141/4334 5206/1136/5231 5212/1142/4647
f 5211/1136/5200 5214/1141/4341 5215/1142/4651
f 5217/1138/4316 5216/1144/4879 5209/1145/4348
f 5216/1144/4657 5218/1139/4317 5209/1145/4350
f 5219/1144/4658 5217/1138/4641 5209/1145/4352
f 5218/1139/5028 5219/1144/5038 5209/1145/4354
f 5217/1138/4316 5206/1136/4315 5216/1144/4879
f 5211/1136/4639 5217/1138/4641 5219/1144/4658
f 5206/1136/4864 5218/1139/4317 5216/1144/4657
f 5218/1139/5028 5211/1136/5027 5219/1144/5038
usemtl mat1.540
f 5227/1135/5142 5220/1136/5481 5222/1137/5142
f 5222/1137/5041 5220/1136/4358 5231/1138/4663
f 5232/1139/4664 5220/1136/4665 5224/1140/4886
f 5224/1140/4363 5220/1136/5042 5228/1141/4363
f 5225/1136/4669 5227/1135/5044 5222/1137/5044
f 5225/1136/4890 5222/1137/4891 5231/1138/4892
f 5225/1136/4674 5232/1139/4371 5224/1140/4372
f 5225/1136/4675 5224/1140/4676 5228/1141/4676
f 5226/1142/4677 5227/1135/4678 5221/1143/4897
f 5228/1141/5046 5226/1142/4379 5221/1143/4899
f 5227/1135/5047 5229/1142/4682 5221/1143/4383
f 5229/1142/4683 5228/1141/4385 5221/1143/5049
f 5220/1136/5050 5227/1135/4678 5226/1142/4677
f 5227/1135/5047 5225/1136/5051 5229/1142/4682
f 5228/1141/5046 5220/1136/5148 5226/1142/4379
f 5225/1136/5204 5228/1141/4385 5229/1142/4683
f 5231/1138/4663 5230/1144/4391 5223/1145/4392
f 5230/1144/4905 5232/1139/4664 5223/1145/4906
f 5233/1144/4395 5231/1138/4892 5223/1145/4692
f 5232/1139/4371 5233/1144/4397 5223/1145/4693
f 5231/1138/4663 5220/1136/4358 5230/1144/4391
f 5225/1136/4890 5231/1138/4892 5233/1144/4395
f 5220/1136/4665 5232/1139/4664 5230/1144/4905
f 5232/1139/4371 5225/1136/4674 5233/1144/4397
usemtl mat1.541
f 5241/1135/4909 5234/1136/5487 5236/1137/4909
f 5236/1137/4401 5234/1136/4402 5245/1138/4403
f 5246/1139/4404 5234/1136/5056 5238/1140/4406
f 5238/1140/4407 5234/1136/4702 5242/1141/4407
f 5239/1136/5261 5241/1135/5237 5236/1137/5237
f 5239/1136/4705 5236/1137/5057 5245/1138/4707
f 5239/1136/5239 5246/1139/5059 5238/1140/4416
f 5239/1136/4709 5238/1140/5061 5242/1141/5061
f 5240/1142/5062 5241/1135/5063 5235/1143/4713
f 5242/1141/4714 5240/1142/4715 5235/1143/5262
f 5241/1135/4425 5243/1142/4718 5235/1143/4719
f 5243/1142/5209 5242/1141/4721 5235/1143/4923
f 5234/1136/4431 5241/1135/5063 5240/1142/5062
f 5241/1135/4425 5239/1136/5210 5243/1142/4718
f 5242/1141/4714 5234/1136/4725 5240/1142/4715
f 5239/1136/5162 5242/1141/4721 5243/1142/5209
f 5245/1138/4403 5244/1144/4727 5237/1145/5071
f 5244/1144/5072 5246/1139/4404 5237/1145/5163
f 5247/1144/4731 5245/1138/4707 5237/1145/4440
f 5246/1139/5059 5247/1144/5075 5237/1145/4930
f 5245/1138/4403 5234/1136/4402 5244/1144/4727
f 5239/1136/4705 5245/1138/4707 5247/1144/4731
f 5234/1136/5056 5246/1139/4404 5244/1144/5072
f 5246/1139/5059 5239/1136/5239 5247/1144/5075
usemtl mat1.542
f 5255/1135/4733 5248/1136/4444 5250/1137/4733
f 5250/1137/4735 5248/1136/4446 5259/1138/4447
f 5260/1139/4448 5248/1136/4449 5252/1140/4450
f 5252/1140/5080 5248/1136/4738 5256/1141/5080
f 5253/1136/4739 5255/1135/4454 5250/1137/4454
f 5253/1136/4741 5250/1137/4456 5259/1138/4457
f 5253/1136/5083 5260/1139/4459 5252/1140/5264
f 5253/1136/4940 5252/1140/5283 5256/1141/5283
f 5254/1142/4942 5255/1135/4749 5249/1143/4750
f 5256/1141/4466 5254/1142/4467 5249/1143/4752
f 5255/1135/4753 5257/1142/4754 5249/1143/5277
f 5257/1142/4472 5256/1141/4756 5249/1143/4474
f 5248/1136/4947 5255/1135/4749 5254/1142/4942
f 5255/1135/4753 5253/1136/5245 5257/1142/4754
f 5256/1141/4466 5248/1136/4948 5254/1142/4467
f 5253/1136/5213 5256/1141/4756 5257/1142/4472
f 5259/1138/4447 5258/1144/4761 5251/1145/4762
f 5258/1144/4763 5260/1139/4448 5251/1145/4953
f 5261/1144/4765 5259/1138/4457 5251/1145/5214
f 5260/1139/4459 5261/1144/4956 5251/1145/5091
f 5259/1138/4447 5248/1136/4446 5258/1144/4761
f 5253/1136/4741 5259/1138/4457 5261/1144/4765
f 5248/1136/4449 5260/1139/4448 5258/1144/4763
f 5260/1139/4459 5253/1136/5083 5261/1144/4956
usemtl mat1.543
f 5269/1135/5092 5262/1136/5438 5264/1137/5092
f 5264/1137/4959 5262/1136/4490 5273/1138/4961
f 5274/1139/4492 5262/1136/5249 5266/1140/5173
f 5266/1140/4964 5262/1136/5215 5270/1141/4964
f 5267/1136/4497 5269/1135/4498 5264/1137/4498
f 5267/1136/5095 5264/1137/5096 5273/1138/4778
f 5267/1136/4779 5274/1139/4503 5266/1140/4967
f 5267/1136/5250 5266/1140/4782 5270/1141/4782
f 5268/1142/4783 5269/1135/4784 5263/1143/4785
f 5270/1141/4786 5268/1142/4787 5263/1143/4512
f 5269/1135/4788 5271/1142/4970 5263/1143/5179
f 5271/1142/5180 5270/1141/5181 5263/1143/4518
f 5262/1136/5217 5269/1135/4784 5268/1142/4783
f 5269/1135/4788 5267/1136/5100 5271/1142/4970
f 5270/1141/4786 5262/1136/5218 5268/1142/4787
f 5267/1136/4974 5270/1141/5181 5271/1142/5180
f 5273/1138/4961 5272/1144/5102 5265/1145/4524
f 5272/1144/4975 5274/1139/4492 5265/1145/4798
f 5275/1144/4976 5273/1138/4778 5265/1145/4528
f 5274/1139/4503 5275/1144/4529 5265/1145/4530
f 5273/1138/4961 5262/1136/4490 5272/1144/5102
f 5267/1136/5095 5273/1138/4778 5275/1144/4976
f 5262/1136/5249 5274/1139/4492 5272/1144/4975
f 5274/1139/4503 5267/1136/4779 5275/1144/4529
usemtl mat1.544
f 5283/1135/4802 5276/1136/5251 5278/1137/4802
f 5278/1137/5103 5276/1136/4805 5287/1138/4184
f 5288/1139/4185 5276/1136/4978 5280/1140/4187
f 5280/1140/4188 5276/1136/5266 5284/1141/4188
f 5281/1136/5575 5283/1135/4809 5278/1137/4809
f 5281/1136/4980 5278/1137/4193 5287/1138/4540
f 5281/1136/4981 5288/1139/4982 5280/1140/4814
f 5281/1136/5576 5280/1140/4199 5284/1141/4199
f 5282/1142/4816 5283/1135/4817 5277/1143/4202
f 5284/1141/4203 5282/1142/4547 5277/1143/5577
f 5283/1135/4206 5285/1142/4819 5277/1143/5253
f 5285/1142/4820 5284/1141/4210 5277/1143/5222
f 5276/1136/4983 5283/1135/4817 5282/1142/4816
f 5283/1135/4206 5281/1136/4984 5285/1142/4819
f 5284/1141/4203 5276/1136/4555 5282/1142/4547
f 5281/1136/4823 5284/1141/4210 5285/1142/4820
f 5287/1138/4184 5286/1144/4216 5279/1145/4217
f 5286/1144/4825 5288/1139/4185 5279/1145/4826
f 5289/1144/4220 5287/1138/4540 5279/1145/4561
f 5288/1139/4982 5289/1144/5109 5279/1145/4563
f 5287/1138/4184 5276/1136/4805 5286/1144/4216
f 5281/1136/4980 5287/1138/4540 5289/1144/4220
f 5276/1136/4978 5288/1139/4185 5286/1144/4825
f 5288/1139/4982 5281/1136/4981 5289/1144/5109
usemtl mat1.545
f 5297/1135/5191 5290/1136/5223 5292/1137/5191
f 5292/1137/4827 5290/1136/4567 5301/1138/4828
f 5302/1139/4569 5290/1136/4230 5294/1140/4993
f 5294/1140/4994 5290/1136/5408 5298/1141/4994
f 5295/1136/4833 5297/1135/4235 5292/1137/4235
f 5295/1136/5113 5292/1137/4836 5301/1138/4238
f 5295/1136/4577 5302/1139/4240 5294/1140/4578
f 5295/1136/5270 5294/1140/4839 5298/1141/4839
f 5296/1142/4840 5297/1135/4841 5291/1143/4246
f 5298/1141/4583 5296/1142/4248 5291/1143/4249
f 5297/1135/4584 5299/1142/4251 5291/1143/4585
f 5299/1142/4254 5298/1141/4586 5291/1143/4255
f 5290/1136/4587 5297/1135/4841 5296/1142/4840
f 5297/1135/4584 5295/1136/5193 5299/1142/4251
f 5298/1141/4583 5290/1136/4843 5296/1142/4248
f 5295/1136/5001 5298/1141/4586 5299/1142/4254
f 5301/1138/4828 5300/1144/5118 5293/1145/4261
f 5300/1144/4846 5302/1139/4569 5293/1145/4263
f 5303/1144/4264 5301/1138/4238 5293/1145/4593
f 5302/1139/4240 5303/1144/4847 5293/1145/4267
f 5301/1138/4828 5290/1136/4567 5300/1144/5118
f 5295/1136/5113 5301/1138/4238 5303/1144/4264
f 5290/1136/4230 5302/1139/4569 5300/1144/4846
f 5302/1139/4240 5295/1136/4577 5303/1144/4847
usemtl mat1.546
f 5311/1135/4268 5304/1136/4269 5306/1137/4268
f 5306/1137/4849 5304/1136/4596 5315/1138/5121
f 5316/1139/4273 5304/1136/4598 5308/1140/4275
f 5308/1140/5122 5304/1136/4851 5312/1141/5122
f 5309/1136/4278 5311/1135/5123 5306/1137/5123
f 5309/1136/5007 5306/1137/5194 5315/1138/4282
f 5309/1136/5255 5316/1139/4284 5308/1140/4285
f 5309/1136/5009 5308/1140/4606 5312/1141/4606
f 5310/1142/5280 5311/1135/5125 5305/1143/4609
f 5312/1141/5012 5310/1142/4611 5305/1143/5013
f 5311/1135/4294 5313/1142/4295 5305/1143/4296
f 5313/1142/5014 5312/1141/4298 5305/1143/4299
f 5304/1136/5016 5311/1135/5125 5310/1142/5280
f 5311/1135/4294 5309/1136/4301 5313/1142/4295
f 5312/1141/5012 5304/1136/5128 5310/1142/4611
f 5309/1136/4857 5312/1141/4298 5313/1142/5014
f 5315/1138/5121 5314/1144/4620 5307/1145/4305
f 5314/1144/4858 5316/1139/4273 5307/1145/4623
f 5317/1144/5021 5315/1138/4282 5307/1145/5022
f 5316/1139/4284 5317/1144/4310 5307/1145/4311
f 5315/1138/5121 5304/1136/4596 5314/1144/4620
f 5309/1136/5007 5315/1138/4282 5317/1144/5021
f 5304/1136/4598 5316/1139/4273 5314/1144/4858
f 5316/1139/4284 5309/1136/5255 5317/1144/4310
usemtl mat1.547
f 5325/1135/4860 5318/1136/4861 5320/1137/4860
f 5320/1137/4314 5318/1136/4315 5329/1138/4316
f 5330/1139/4317 5318/1136/4864 5322/1140/4319
f 5322/1140/5134 5318/1136/5273 5326/1141/5134
f 5323/1136/5282 5325/1135/5025 5320/1137/5025
f 5323/1136/4639 5320/1137/4325 5329/1138/4641
f 5323/1136/5027 5330/1139/5028 5322/1140/5196
f 5323/1136/4330 5322/1140/5229 5326/1141/5229
f 5324/1142/4872 5325/1135/4332 5319/1143/4333
f 5326/1141/4334 5324/1142/4647 5319/1143/4336
f 5325/1135/4337 5327/1142/4649 5319/1143/4650
f 5327/1142/4651 5326/1141/4875 5319/1143/4342
f 5318/1136/5198 5325/1135/4332 5324/1142/4872
f 5325/1135/4337 5323/1136/4654 5327/1142/4649
f 5326/1141/4334 5318/1136/5231 5324/1142/4647
f 5323/1136/4878 5326/1141/4875 5327/1142/4651
f 5329/1138/4316 5328/1144/4879 5321/1145/4348
f 5328/1144/4657 5330/1139/4317 5321/1145/4350
f 5331/1144/5141 5329/1138/4641 5321/1145/4352
f 5330/1139/5028 5331/1144/5038 5321/1145/4354
f 5329/1138/4316 5318/1136/4315 5328/1144/4879
f 5323/1136/4639 5329/1138/4641 5331/1144/5141
f 5318/1136/4864 5330/1139/4317 5328/1144/4657
f 5330/1139/5028 5323/1136/5027 5331/1144/5038
usemtl mat1.548
f 5339/1135/5142 5332/1136/5040 5334/1137/5142
f 5334/1137/5041 5332/1136/4358 5343/1138/4663
f 5344/1139/4664 5332/1136/4665 5336/1140/4886
f 5336/1140/4363 5332/1136/4668 5340/1141/4363
f 5337/1136/5578 5339/1135/5044 5334/1137/5044
f 5337/1136/4890 5334/1137/4891 5343/1138/4892
f 5337/1136/4893 5344/1139/4371 5336/1140/4372
f 5337/1136/4675 5336/1140/4676 5340/1141/4676
f 5338/1142/4677 5339/1135/4678 5333/1143/4897
f 5340/1141/5046 5338/1142/4379 5333/1143/4899
f 5339/1135/4681 5341/1142/4682 5333/1143/4383
f 5341/1142/4683 5340/1141/4385 5333/1143/4386
f 5332/1136/5050 5339/1135/4678 5338/1142/4677
f 5339/1135/4681 5337/1136/5051 5341/1142/4682
f 5340/1141/5046 5332/1136/5148 5338/1142/4379
f 5337/1136/5204 5340/1141/4385 5341/1142/4683
f 5343/1138/4663 5342/1144/4391 5335/1145/4392
f 5342/1144/4905 5344/1139/4664 5335/1145/4906
f 5345/1144/4395 5343/1138/4892 5335/1145/4692
f 5344/1139/4371 5345/1144/4397 5335/1145/4693
f 5343/1138/4663 5332/1136/4358 5342/1144/4391
f 5337/1136/4890 5343/1138/4892 5345/1144/4395
f 5332/1136/4665 5344/1139/4664 5342/1144/4905
f 5344/1139/4371 5337/1136/4893 5345/1144/4397
usemtl mat1.549
f 5353/1135/4909 5346/1136/5054 5348/1137/4909
f 5348/1137/4401 5346/1136/4402 5357/1138/4403
f 5358/1139/4404 5346/1136/5056 5350/1140/4406
f 5350/1140/4407 5346/1136/4702 5354/1141/4407
f 5351/1136/5261 5353/1135/5237 5348/1137/5237
f 5351/1136/4705 5348/1137/5057 5357/1138/4707
f 5351/1136/4414 5358/1139/5059 5350/1140/4416
f 5351/1136/4709 5350/1140/5061 5354/1141/5061
f 5352/1142/4419 5353/1135/5063 5347/1143/4713
f 5354/1141/4714 5352/1142/4921 5347/1143/5262
f 5353/1135/4425 5355/1142/4718 5347/1143/4719
f 5355/1142/5209 5354/1141/4721 5347/1143/4923
f 5346/1136/4431 5353/1135/5063 5352/1142/4419
f 5353/1135/4425 5351/1136/5210 5355/1142/4718
f 5354/1141/4714 5346/1136/4725 5352/1142/4921
f 5351/1136/5162 5354/1141/4721 5355/1142/5209
f 5357/1138/4403 5356/1144/4727 5349/1145/5071
f 5356/1144/5072 5358/1139/4404 5349/1145/5163
f 5359/1144/4731 5357/1138/4707 5349/1145/4440
f 5358/1139/5059 5359/1144/5075 5349/1145/4930
f 5357/1138/4403 5346/1136/4402 5356/1144/4727
f 5351/1136/4705 5357/1138/4707 5359/1144/4731
f 5346/1136/5056 5358/1139/4404 5356/1144/5072
f 5358/1139/5059 5351/1136/4414 5359/1144/5075
usemtl mat1.550
f 5367/1135/4733 5360/1136/4734 5362/1137/4733
f 5362/1137/4735 5360/1136/4446 5371/1138/4447
f 5372/1139/4448 5360/1136/4449 5364/1140/4450
f 5364/1140/5080 5360/1136/4738 5368/1141/5080
f 5365/1136/4739 5367/1135/4454 5362/1137/4454
f 5365/1136/4741 5362/1137/4456 5371/1138/4457
f 5365/1136/5083 5372/1139/4459 5364/1140/5264
f 5365/1136/4746 5364/1140/4747 5368/1141/4747
f 5366/1142/4942 5367/1135/4749 5361/1143/4750
f 5368/1141/4466 5366/1142/4467 5361/1143/4752
f 5367/1135/4753 5369/1142/4754 5361/1143/5277
f 5369/1142/4472 5368/1141/4756 5361/1143/4474
f 5360/1136/4947 5367/1135/4749 5366/1142/4942
f 5367/1135/4753 5365/1136/5245 5369/1142/4754
f 5368/1141/4466 5360/1136/4477 5366/1142/4467
f 5365/1136/4949 5368/1141/4756 5369/1142/4472
f 5371/1138/4447 5370/1144/4761 5363/1145/4762
f 5370/1144/4763 5372/1139/4448 5363/1145/4953
f 5373/1144/4954 5371/1138/4457 5363/1145/5214
f 5372/1139/4459 5373/1144/4956 5363/1145/5091
f 5371/1138/4447 5360/1136/4446 5370/1144/4761
f 5365/1136/4741 5371/1138/4457 5373/1144/4954
f 5360/1136/4449 5372/1139/4448 5370/1144/4763
f 5372/1139/4459 5365/1136/5083 5373/1144/4956
usemtl mat1.551
f 5381/1135/5092 5374/1136/5265 5376/1137/5092
f 5376/1137/4959 5374/1136/4490 5385/1138/4961
f 5386/1139/4492 5374/1136/5249 5378/1140/5173
f 5378/1140/4964 5374/1136/5215 5382/1141/4964
f 5379/1136/4966 5381/1135/4498 5376/1137/4498
f 5379/1136/5095 5376/1137/5096 5385/1138/4778
f 5379/1136/4779 5386/1139/4503 5378/1140/4967
f 5379/1136/5250 5378/1140/4782 5382/1141/4782
f 5380/1142/4783 5381/1135/4784 5375/1143/4785
f 5382/1141/4786 5380/1142/4787 5375/1143/4512
f 5381/1135/4788 5383/1142/4970 5375/1143/5179
f 5383/1142/5180 5382/1141/5181 5375/1143/4518
f 5374/1136/5217 5381/1135/4784 5380/1142/4783
f 5381/1135/4788 5379/1136/5100 5383/1142/4970
f 5382/1141/4786 5374/1136/5218 5380/1142/4787
f 5379/1136/4974 5382/1141/5181 5383/1142/5180
f 5385/1138/4961 5384/1144/5102 5377/1145/4524
f 5384/1144/4797 5386/1139/4492 5377/1145/4798
f 5387/1144/4976 5385/1138/4778 5377/1145/4528
f 5386/1139/4503 5387/1144/5182 5377/1145/4530
f 5385/1138/4961 5374/1136/4490 5384/1144/5102
f 5379/1136/5095 5385/1138/4778 5387/1144/4976
f 5374/1136/5249 5386/1139/4492 5384/1144/4797
f 5386/1139/4503 5379/1136/4779 5387/1144/5182
usemtl mat1.552
f 5395/1135/4802 5388/1136/4803 5390/1137/4802
f 5390/1137/5103 5388/1136/4805 5399/1138/4184
f 5400/1139/4185 5388/1136/4978 5392/1140/4187
f 5392/1140/4188 5388/1136/4537 5396/1141/4188
f 5393/1136/5570 5395/1135/4809 5390/1137/4809
f 5393/1136/4980 5390/1137/4193 5399/1138/4540
f 5393/1136/4981 5400/1139/4982 5392/1140/4814
f 5393/1136/4198 5392/1140/4199 5396/1141/4199
f 5394/1142/4816 5395/1135/4817 5389/1143/4202
f 5396/1141/4203 5394/1142/4547 5389/1143/5577
f 5395/1135/4206 5397/1142/4819 5389/1143/5253
f 5397/1142/4820 5396/1141/4210 5389/1143/5222
f 5388/1136/4983 5395/1135/4817 5394/1142/4816
f 5395/1135/4206 5393/1136/4984 5397/1142/4819
f 5396/1141/4203 5388/1136/4555 5394/1142/4547
f 5393/1136/4823 5396/1141/4210 5397/1142/4820
f 5399/1138/4184 5398/1144/4216 5391/1145/4557
f 5398/1144/4987 5400/1139/4185 5391/1145/4826
f 5401/1144/4560 5399/1138/4540 5391/1145/4561
f 5400/1139/4982 5401/1144/5109 5391/1145/4989
f 5399/1138/4184 5388/1136/4805 5398/1144/4216
f 5393/1136/4980 5399/1138/4540 5401/1144/4560
f 5388/1136/4978 5400/1139/4185 5398/1144/4987
f 5400/1139/4982 5393/1136/4981 5401/1144/5109
usemtl mat1.553
f 5409/1135/5110 5402/1136/4991 5404/1137/5110
f 5404/1137/4827 5402/1136/4567 5413/1138/4828
f 5414/1139/4569 5402/1136/4230 5406/1140/4993
f 5406/1140/4994 5402/1136/4991 5410/1141/4994
f 5407/1136/4833 5409/1135/4235 5404/1137/4235
f 5407/1136/5113 5404/1137/4836 5413/1138/4238
f 5407/1136/4577 5414/1139/4240 5406/1140/4578
f 5407/1136/4997 5406/1140/4839 5410/1141/4839
f 5408/1142/4840 5409/1135/4841 5403/1143/4246
f 5410/1141/4583 5408/1142/4248 5403/1143/4249
f 5409/1135/4584 5411/1142/4584 5403/1143/4585
f 5411/1142/4254 5410/1141/4586 5403/1143/4255
f 5402/1136/4587 5409/1135/4841 5408/1142/4840
f 5409/1135/4584 5407/1136/5193 5411/1142/4584
f 5410/1141/4583 5402/1136/4589 5408/1142/4248
f 5407/1136/5278 5410/1141/4586 5411/1142/4254
f 5413/1138/4828 5412/1144/5118 5405/1145/4261
f 5412/1144/4846 5414/1139/4569 5405/1145/4263
f 5415/1144/4264 5413/1138/4238 5405/1145/4593
f 5414/1139/4240 5415/1144/4847 5405/1145/4595
f 5413/1138/4828 5402/1136/4567 5412/1144/5118
f 5407/1136/5113 5413/1138/4238 5415/1144/4264
f 5402/1136/4230 5414/1139/4569 5412/1144/4846
f 5414/1139/4240 5407/1136/4577 5415/1144/4847
usemtl mat1.554
f 5423/1135/4268 5416/1136/5272 5418/1137/4268
f 5418/1137/4849 5416/1136/4596 5427/1138/5121
f 5428/1139/4273 5416/1136/4598 5420/1140/4275
f 5420/1140/5122 5416/1136/4851 5424/1141/5122
f 5421/1136/4278 5423/1135/4279 5418/1137/4279
f 5421/1136/5007 5418/1137/5194 5427/1138/4282
f 5421/1136/5255 5428/1139/4284 5420/1140/4285
f 5421/1136/5009 5420/1140/4606 5424/1141/4606
f 5422/1142/5280 5423/1135/5125 5417/1143/4609
f 5424/1141/5012 5422/1142/4611 5417/1143/5013
f 5423/1135/4294 5425/1142/4295 5417/1143/4296
f 5425/1142/5014 5424/1141/4298 5417/1143/5015
f 5416/1136/5016 5423/1135/5125 5422/1142/5280
f 5423/1135/4294 5421/1136/4301 5425/1142/4295
f 5424/1141/5012 5416/1136/5128 5422/1142/4611
f 5421/1136/4857 5424/1141/4298 5425/1142/5014
f 5427/1138/5121 5426/1144/4620 5419/1145/5227
f 5426/1144/4858 5428/1139/4273 5419/1145/4623
f 5429/1144/5021 5427/1138/4282 5419/1145/5022
f 5428/1139/4284 5429/1144/4310 5419/1145/4311
f 5427/1138/5121 5416/1136/4596 5426/1144/4620
f 5421/1136/5007 5427/1138/4282 5429/1144/5021
f 5416/1136/4598 5428/1139/4273 5426/1144/4858
f 5428/1139/4284 5421/1136/5255 5429/1144/4310
usemtl mat1.555
f 5437/1135/4860 5430/1136/5258 5432/1137/4860
f 5432/1137/4314 5430/1136/4315 5441/1138/4316
f 5442/1139/4317 5430/1136/4864 5434/1140/4319
f 5434/1140/5134 5430/1136/5135 5438/1141/5134
f 5435/1136/5274 5437/1135/5025 5432/1137/5025
f 5435/1136/4639 5432/1137/4325 5441/1138/4641
f 5435/1136/5027 5442/1139/5028 5434/1140/5196
f 5435/1136/4330 5434/1140/4331 5438/1141/4331
f 5436/1142/4872 5437/1135/4332 5431/1143/4333
f 5438/1141/4334 5436/1142/4647 5431/1143/4336
f 5437/1135/4337 5439/1142/4649 5431/1143/4650
f 5439/1142/4651 5438/1141/4875 5431/1143/4342
f 5430/1136/5198 5437/1135/4332 5436/1142/4872
f 5437/1135/4337 5435/1136/4654 5439/1142/4649
f 5438/1141/4334 5430/1136/5231 5436/1142/4647
f 5435/1136/5200 5438/1141/4875 5439/1142/4651
f 5441/1138/4316 5440/1144/4879 5433/1145/4348
f 5440/1144/4657 5442/1139/4317 5433/1145/4350
f 5443/1144/5141 5441/1138/4641 5433/1145/4352
f 5442/1139/5028 5443/1144/5038 5433/1145/4354
f 5441/1138/4316 5430/1136/4315 5440/1144/4879
f 5435/1136/4639 5441/1138/4641 5443/1144/5141
f 5430/1136/4864 5442/1139/4317 5440/1144/4657
f 5442/1139/5028 5435/1136/5027 5443/1144/5038
usemtl mat1.556
f 5451/1135/5142 5444/1136/4356 5446/1137/5142
f 5446/1137/5041 5444/1136/4358 5455/1138/4663
f 5456/1139/4664 5444/1136/4665 5448/1140/4886
f 5448/1140/4363 5444/1136/5042 5452/1141/4363
f 5449/1136/4669 5451/1135/5044 5446/1137/5044
f 5449/1136/4890 5446/1137/4891 5455/1138/4892
f 5449/1136/4674 5456/1139/4371 5448/1140/4372
f 5449/1136/4675 5448/1140/4676 5452/1141/4676
f 5450/1142/4677 5451/1135/4678 5445/1143/4897
f 5452/1141/5046 5450/1142/4379 5445/1143/4899
f 5451/1135/4681 5453/1142/4682 5445/1143/4383
f 5453/1142/4683 5452/1141/4385 5445/1143/4386
f 5444/1136/5147 5451/1135/4678 5450/1142/4677
f 5451/1135/4681 5449/1136/5051 5453/1142/4682
f 5452/1141/5046 5444/1136/5148 5450/1142/4379
f 5449/1136/5204 5452/1141/4385 5453/1142/4683
f 5455/1138/4663 5454/1144/4391 5447/1145/4392
f 5454/1144/4905 5456/1139/4664 5447/1145/4906
f 5457/1144/4395 5455/1138/4892 5447/1145/4692
f 5456/1139/4371 5457/1144/4397 5447/1145/4693
f 5455/1138/4663 5444/1136/4358 5454/1144/4391
f 5449/1136/4890 5455/1138/4892 5457/1144/4395
f 5444/1136/4665 5456/1139/4664 5454/1144/4905
f 5456/1139/4371 5449/1136/4674 5457/1144/4397
usemtl mat1.557
f 5465/1135/4909 5458/1136/5487 5460/1137/4909
f 5460/1137/4401 5458/1136/4402 5469/1138/4403
f 5470/1139/4404 5458/1136/5056 5462/1140/4406
f 5462/1140/4407 5458/1136/4702 5466/1141/4407
f 5463/1136/5261 5465/1135/5237 5460/1137/5237
f 5463/1136/4705 5460/1137/5057 5469/1138/4707
f 5463/1136/5239 5470/1139/5059 5462/1140/4416
f 5463/1136/4709 5462/1140/5061 5466/1141/5061
f 5464/1142/4419 5465/1135/5063 5459/1143/4713
f 5466/1141/4422 5464/1142/4921 5459/1143/5262
f 5465/1135/4425 5467/1142/4718 5459/1143/4719
f 5467/1142/5209 5466/1141/4721 5459/1143/4923
f 5458/1136/4431 5465/1135/5063 5464/1142/4419
f 5465/1135/4425 5463/1136/5210 5467/1142/4718
f 5466/1141/4422 5458/1136/4725 5464/1142/4921
f 5463/1136/5162 5466/1141/4721 5467/1142/5209
f 5469/1138/4403 5468/1144/4727 5461/1145/5071
f 5468/1144/5072 5470/1139/4404 5461/1145/5163
f 5471/1144/4731 5469/1138/4707 5461/1145/4440
f 5470/1139/5059 5471/1144/5075 5461/1145/4930
f 5469/1138/4403 5458/1136/4402 5468/1144/4727
f 5463/1136/4705 5469/1138/4707 5471/1144/4731
f 5458/1136/5056 5470/1139/4404 5468/1144/5072
f 5470/1139/5059 5463/1136/5239 5471/1144/5075
usemtl mat1.558
f 5479/1135/4733 5472/1136/5263 5474/1137/4733
f 5474/1137/4735 5472/1136/4446 5483/1138/4447
f 5484/1139/4448 5472/1136/4449 5476/1140/4450
f 5476/1140/5080 5472/1136/5276 5480/1141/5080
f 5477/1136/4739 5479/1135/4454 5474/1137/4454
f 5477/1136/4741 5474/1137/4456 5483/1138/4457
f 5477/1136/5083 5484/1139/4459 5476/1140/5264
f 5477/1136/4746 5476/1140/4747 5480/1141/4747
f 5478/1142/4942 5479/1135/4749 5473/1143/4750
f 5480/1141/4466 5478/1142/4467 5473/1143/4752
f 5479/1135/4753 5481/1142/4754 5473/1143/5277
f 5481/1142/4472 5480/1141/4756 5473/1143/4474
f 5472/1136/4947 5479/1135/4749 5478/1142/4942
f 5479/1135/4753 5477/1136/5245 5481/1142/4754
f 5480/1141/4466 5472/1136/4948 5478/1142/4467
f 5477/1136/5493 5480/1141/4756 5481/1142/4472
f 5483/1138/4447 5482/1144/4761 5475/1145/4762
f 5482/1144/4763 5484/1139/4448 5475/1145/4953
f 5485/1144/4765 5483/1138/4457 5475/1145/5214
f 5484/1139/4459 5485/1144/4956 5475/1145/5091
f 5483/1138/4447 5472/1136/4446 5482/1144/4761
f 5477/1136/4741 5483/1138/4457 5485/1144/4765
f 5472/1136/4449 5484/1139/4448 5482/1144/4763
f 5484/1139/4459 5477/1136/5083 5485/1144/4956
usemtl mat1.559
f 5493/1135/5092 5486/1136/5093 5488/1137/5092
f 5488/1137/4959 5486/1136/4490 5497/1138/4961
f 5498/1139/4492 5486/1136/5249 5490/1140/5173
f 5490/1140/4964 5486/1136/5474 5494/1141/4964
f 5491/1136/5344 5493/1135/4498 5488/1137/4498
f 5491/1136/5095 5488/1137/5096 5497/1138/4778
f 5491/1136/4779 5498/1139/4503 5490/1140/4967
f 5491/1136/5250 5490/1140/4782 5494/1141/4782
f 5492/1142/4783 5493/1135/4784 5487/1143/4785
f 5494/1141/4786 5492/1142/4787 5487/1143/4512
f 5493/1135/4788 5495/1142/4970 5487/1143/5179
f 5495/1142/5180 5494/1141/5181 5487/1143/4518
f 5486/1136/5217 5493/1135/4784 5492/1142/4783
f 5493/1135/4788 5491/1136/5100 5495/1142/4970
f 5494/1141/4786 5486/1136/5218 5492/1142/4787
f 5491/1136/4974 5494/1141/5181 5495/1142/5180
f 5497/1138/4961 5496/1144/5102 5489/1145/4524
f 5496/1144/4975 5498/1139/4492 5489/1145/4798
f 5499/1144/4976 5497/1138/4778 5489/1145/4528
f 5498/1139/4503 5499/1144/5182 5489/1145/4530
f 5497/1138/4961 5486/1136/4490 5496/1144/5102
f 5491/1136/5095 5497/1138/4778 5499/1144/4976
f 5486/1136/5249 5498/1139/4492 5496/1144/4975
f 5498/1139/4503 5491/1136/4779 5499/1144/5182
usemtl mat1.560
f 5507/1135/4802 5500/1136/4977 5502/1137/4802
f 5502/1137/4182 5500/1136/4183 5511/1138/4806
f 5512/1139/5579 5500/1136/4186 5504/1140/4535
f 5504/1140/4536 5500/1136/5407 5508/1141/4536
f 5505/1136/4190 5507/1135/4809 5502/1137/4809
f 5505/1136/4980 5502/1137/4193 5511/1138/4540
f 5505/1136/4981 5512/1139/4196 5504/1140/4814
f 5505/1136/4198 5504/1140/4199 5508/1141/4199
f 5506/1142/4816 5507/1135/4201 5501/1143/4202
f 5508/1141/4203 5506/1142/4547 5501/1143/4548
f 5507/1135/4206 5509/1142/4819 5501/1143/4550
f 5509/1142/4820 5508/1141/5290 5501/1143/5222
f 5500/1136/4821 5507/1135/4201 5506/1142/4816
f 5507/1135/4206 5505/1136/5269 5509/1142/4819
f 5508/1141/4203 5500/1136/4555 5506/1142/4547
f 5505/1136/4823 5508/1141/5290 5509/1142/4820
f 5511/1138/4806 5510/1144/4216 5503/1145/4217
f 5510/1144/4825 5512/1139/5579 5503/1145/4219
f 5513/1144/4560 5511/1138/4540 5503/1145/4561
f 5512/1139/4196 5513/1144/5109 5503/1145/4563
f 5511/1138/4806 5500/1136/4183 5510/1144/4216
f 5505/1136/4980 5511/1138/4540 5513/1144/4560
f 5500/1136/4186 5512/1139/5579 5510/1144/4825
f 5512/1139/4196 5505/1136/4981 5513/1144/5109
usemtl mat1.561
f 5521/1135/4564 5514/1136/5294 5516/1137/4564
f 5516/1137/4226 5514/1136/4227 5525/1138/4828
f 5526/1139/4229 5514/1136/5580 5518/1140/5581
f 5518/1140/4232 5514/1136/5499 5522/1141/4232
f 5519/1136/4833 5521/1135/4235 5516/1137/4235
f 5519/1136/5410 5516/1137/4836 5525/1138/4238
f 5519/1136/4577 5526/1139/4240 5518/1140/4578
f 5519/1136/5270 5518/1140/4839 5522/1141/4839
f 5520/1142/4581 5521/1135/4582 5515/1143/4246
f 5522/1141/4583 5520/1142/4248 5515/1143/4249
f 5521/1135/4584 5523/1142/4584 5515/1143/4585
f 5523/1142/4254 5522/1141/4586 5515/1143/4255
f 5514/1136/5468 5521/1135/4582 5520/1142/4581
f 5521/1135/4584 5519/1136/5000 5523/1142/4584
f 5522/1141/4583 5514/1136/4589 5520/1142/4248
f 5519/1136/5278 5522/1141/4586 5523/1142/4254
f 5525/1138/4828 5524/1144/5118 5517/1145/4261
f 5524/1144/4846 5526/1139/4229 5517/1145/4263
f 5527/1144/4264 5525/1138/4238 5517/1145/4593
f 5526/1139/4240 5527/1144/4594 5517/1145/4595
f 5525/1138/4828 5514/1136/4227 5524/1144/5118
f 5519/1136/5410 5525/1138/4238 5527/1144/4264
f 5514/1136/5580 5526/1139/4229 5524/1144/4846
f 5526/1139/4240 5519/1136/4577 5527/1144/4594
usemtl mat1.562
f 5535/1135/5364 5528/1136/5272 5530/1137/5364
f 5530/1137/4849 5528/1136/4596 5539/1138/5121
f 5540/1139/4273 5528/1136/4598 5532/1140/4275
f 5532/1140/5122 5528/1136/4600 5536/1141/5122
f 5533/1136/4601 5535/1135/5123 5530/1137/5123
f 5533/1136/5007 5530/1137/4281 5539/1138/4282
f 5533/1136/5302 5540/1139/4284 5532/1140/4285
f 5533/1136/5009 5532/1140/5535 5536/1141/5535
f 5534/1142/4288 5535/1135/4608 5529/1143/4609
f 5536/1141/5012 5534/1142/4611 5529/1143/5013
f 5535/1135/4294 5537/1142/4612 5529/1143/4296
f 5537/1142/5226 5536/1141/4614 5529/1143/4615
f 5528/1136/5016 5535/1135/4608 5534/1142/4288
f 5535/1135/4294 5533/1136/4301 5537/1142/4612
f 5536/1141/5012 5528/1136/5128 5534/1142/4611
f 5533/1136/4619 5536/1141/4614 5537/1142/5226
f 5539/1138/5121 5538/1144/5130 5531/1145/4621
f 5538/1144/4858 5540/1139/4273 5531/1145/4623
f 5541/1144/5257 5539/1138/4282 5531/1145/5022
f 5540/1139/4284 5541/1144/4310 5531/1145/4311
f 5539/1138/5121 5528/1136/4596 5538/1144/5130
f 5533/1136/5007 5539/1138/4282 5541/1144/5257
f 5528/1136/4598 5540/1139/4273 5538/1144/4858
f 5540/1139/4284 5533/1136/5302 5541/1144/4310
usemtl mat1.563
f 5549/1135/4860 5542/1136/4861 5544/1137/4860
f 5544/1137/4314 5542/1136/4315 5553/1138/4316
f 5554/1139/4317 5542/1136/4864 5546/1140/4319
f 5546/1140/5134 5542/1136/4636 5550/1141/5134
f 5547/1136/5274 5549/1135/5025 5544/1137/5025
f 5547/1136/5137 5544/1137/4325 5553/1138/4868
f 5547/1136/5027 5554/1139/5028 5546/1140/5196
f 5547/1136/4330 5546/1140/5229 5550/1141/5229
f 5548/1142/4872 5549/1135/5032 5543/1143/4333
f 5550/1141/4334 5548/1142/4647 5543/1143/4336
f 5549/1135/4337 5551/1142/4649 5543/1143/4339
f 5551/1142/4340 5550/1141/4341 5543/1143/4342
f 5542/1136/4876 5549/1135/5032 5548/1142/4872
f 5549/1135/4337 5547/1136/4654 5551/1142/4649
f 5550/1141/4334 5542/1136/5231 5548/1142/4647
f 5547/1136/4878 5550/1141/4341 5551/1142/4340
f 5553/1138/4316 5552/1144/4347 5545/1145/4348
f 5552/1144/4657 5554/1139/4317 5545/1145/4350
f 5555/1144/5141 5553/1138/4868 5545/1145/4352
f 5554/1139/5028 5555/1144/5038 5545/1145/4354
f 5553/1138/4316 5542/1136/4315 5552/1144/4347
f 5547/1136/5137 5553/1138/4868 5555/1144/5141
f 5542/1136/4864 5554/1139/4317 5552/1144/4657
f 5554/1139/5028 5547/1136/5027 5555/1144/5038
usemtl mat1.564
f 5563/1135/5142 5556/1136/5481 5558/1137/5142
f 5558/1137/5041 5556/1136/4662 5567/1138/4663
f 5568/1139/4664 5556/1136/4665 5560/1140/5582
f 5560/1140/4667 5556/1136/5042 5564/1141/4667
f 5561/1136/5536 5563/1135/5044 5558/1137/5044
f 5561/1136/4890 5558/1137/4891 5567/1138/4892
f 5561/1136/4893 5568/1139/4371 5560/1140/4372
f 5561/1136/4675 5560/1140/4374 5564/1141/4374
f 5562/1142/4895 5563/1135/4678 5557/1143/4897
f 5564/1141/5046 5562/1142/4379 5557/1143/4680
f 5563/1135/5047 5565/1142/4682 5557/1143/4383
f 5565/1142/4683 5564/1141/4385 5557/1143/5049
f 5556/1136/4685 5563/1135/4678 5562/1142/4895
f 5563/1135/5047 5561/1136/5583 5565/1142/4682
f 5564/1141/5046 5556/1136/5451 5562/1142/4379
f 5561/1136/4687 5564/1141/4385 5565/1142/4683
f 5567/1138/4663 5566/1144/4391 5559/1145/4392
f 5566/1144/4905 5568/1139/4664 5559/1145/4906
f 5569/1144/5384 5567/1138/4892 5559/1145/4692
f 5568/1139/4371 5569/1144/4397 5559/1145/5205
f 5567/1138/4663 5556/1136/4662 5566/1144/4391
f 5561/1136/4890 5567/1138/4892 5569/1144/5384
f 5556/1136/4665 5568/1139/4664 5566/1144/4905
f 5568/1139/4371 5561/1136/4893 5569/1144/4397
usemtl mat1.565
f 5577/1135/5326 5570/1136/5054 5572/1137/5326
f 5572/1137/4401 5570/1136/5584 5581/1138/4403
f 5582/1139/5472 5570/1136/5056 5574/1140/4406
f 5574/1140/4407 5570/1136/5574 5578/1141/4407
f 5575/1136/5261 5577/1135/5491 5572/1137/5491
f 5575/1136/4705 5572/1137/5057 5581/1138/4916
f 5575/1136/4414 5582/1139/4415 5574/1140/4416
f 5575/1136/5385 5574/1140/5585 5578/1141/5585
f 5576/1142/5062 5577/1135/5063 5571/1143/5158
f 5578/1141/4422 5576/1142/4921 5571/1143/5262
f 5577/1135/5240 5579/1142/4718 5571/1143/5067
f 5579/1142/5209 5578/1141/4721 5571/1143/4923
f 5570/1136/5242 5577/1135/5063 5576/1142/5062
f 5577/1135/5240 5575/1136/4925 5579/1142/4718
f 5578/1141/4422 5570/1136/4725 5576/1142/4921
f 5575/1136/5162 5578/1141/4721 5579/1142/5209
f 5581/1138/4403 5580/1144/4727 5573/1145/4728
f 5580/1144/4437 5582/1139/5472 5573/1145/4438
f 5583/1144/4731 5581/1138/4916 5573/1145/4440
f 5582/1139/4415 5583/1144/4441 5573/1145/4930
f 5581/1138/4403 5570/1136/5584 5580/1144/4727
f 5575/1136/4705 5581/1138/4916 5583/1144/4731
f 5570/1136/5056 5582/1139/5472 5580/1144/4437
f 5582/1139/4415 5575/1136/4414 5583/1144/4441
usemtl mat1.566
f 5591/1135/5586 5584/1136/4734 5586/1137/5586
f 5586/1137/4735 5584/1136/4446 5595/1138/4447
f 5596/1139/4448 5584/1136/4449 5588/1140/4450
f 5588/1140/5080 5584/1136/5587 5592/1141/5080
f 5589/1136/4739 5591/1135/4740 5586/1137/4740
f 5589/1136/4741 5586/1137/4456 5595/1138/4457
f 5589/1136/4938 5596/1139/4459 5588/1140/4939
f 5589/1136/5167 5588/1140/4747 5592/1141/4747
f 5590/1142/4942 5591/1135/5212 5585/1143/5086
f 5592/1141/4466 5590/1142/4467 5585/1143/5087
f 5591/1135/5088 5593/1142/4754 5585/1143/4471
f 5593/1142/4472 5592/1141/4756 5585/1143/4474
f 5584/1136/5588 5591/1135/5212 5590/1142/4942
f 5591/1135/5088 5589/1136/5245 5593/1142/4754
f 5592/1141/4466 5584/1136/4477 5590/1142/4467
f 5589/1136/4760 5592/1141/4756 5593/1142/4472
f 5595/1138/4447 5594/1144/4761 5587/1145/4762
f 5594/1144/4481 5596/1139/4448 5587/1145/4953
f 5597/1144/4954 5595/1138/4457 5587/1145/4484
f 5596/1139/4459 5597/1144/4956 5587/1145/5091
f 5595/1138/4447 5584/1136/4446 5594/1144/4761
f 5589/1136/4741 5595/1138/4457 5597/1144/4954
f 5584/1136/4449 5596/1139/4448 5594/1144/4481
f 5596/1139/4459 5589/1136/4938 5597/1144/4956
usemtl mat1.567
f 5605/1135/5092 5598/1136/4488 5600/1137/5092
f 5600/1137/4959 5598/1136/4490 5609/1138/4961
f 5610/1139/4492 5598/1136/5249 5602/1140/5173
f 5602/1140/4495 5598/1136/5461 5606/1141/4495
f 5603/1136/4497 5605/1135/4498 5600/1137/4498
f 5603/1136/5095 5600/1137/4777 5609/1138/4778
f 5603/1136/5176 5610/1139/4503 5602/1140/4967
f 5603/1136/5250 5602/1140/4782 5606/1141/4782
f 5604/1142/4783 5605/1135/4784 5599/1143/5525
f 5606/1141/4786 5604/1142/4787 5599/1143/4512
f 5605/1135/4788 5607/1142/4970 5599/1143/4971
f 5607/1142/4516 5606/1141/4792 5599/1143/4793
f 5598/1136/4519 5605/1135/4784 5604/1142/4783
f 5605/1135/4788 5603/1136/5100 5607/1142/4970
f 5606/1141/4786 5598/1136/5101 5604/1142/4787
f 5603/1136/5589 5606/1141/4792 5607/1142/4516
f 5609/1138/4961 5608/1144/4523 5601/1145/4524
f 5608/1144/4975 5610/1139/4492 5601/1145/4798
f 5611/1144/4976 5609/1138/4778 5601/1145/4799
f 5610/1139/4503 5611/1144/4529 5601/1145/4530
f 5609/1138/4961 5598/1136/4490 5608/1144/4523
f 5603/1136/5095 5609/1138/4778 5611/1144/4976
f 5598/1136/5249 5610/1139/4492 5608/1144/4975
f 5610/1139/4503 5603/1136/5176 5611/1144/4529
usemtl mat1.568
f 5619/1135/4802 5612/1136/4977 5614/1137/4802
f 5614/1137/4182 5612/1136/4805 5623/1138/4184
f 5624/1139/4185 5612/1136/4186 5616/1140/4535
f 5616/1140/4536 5612/1136/5184 5620/1141/4536
f 5617/1136/5570 5619/1135/4191 5614/1137/4191
f 5617/1136/4192 5614/1137/4193 5623/1138/4540
f 5617/1136/4981 5624/1139/4982 5616/1140/5221
f 5617/1136/5576 5616/1140/4199 5620/1141/4199
f 5618/1142/4816 5619/1135/4817 5613/1143/4818
f 5620/1141/4203 5618/1142/4547 5613/1143/4205
f 5619/1135/4206 5621/1142/4819 5613/1143/4208
f 5621/1142/4820 5620/1141/5290 5613/1143/5222
f 5612/1136/5187 5619/1135/4817 5618/1142/4816
f 5619/1135/4206 5617/1136/4822 5621/1142/4819
f 5620/1141/4203 5612/1136/5189 5618/1142/4547
f 5617/1136/4556 5620/1141/5290 5621/1142/4820
f 5623/1138/4184 5622/1144/4986 5615/1145/4557
f 5622/1144/4825 5624/1139/4185 5615/1145/4219
f 5625/1144/4220 5623/1138/4540 5615/1145/4561
f 5624/1139/4982 5625/1144/4988 5615/1145/4989
f 5623/1138/4184 5612/1136/4805 5622/1144/4986
f 5617/1136/4192 5623/1138/4540 5625/1144/4220
f 5612/1136/4186 5624/1139/4185 5622/1144/4825
f 5624/1139/4982 5617/1136/4981 5625/1144/4988
usemtl mat1.569
f 5633/1135/5191 5626/1136/4991 5628/1137/5191
f 5628/1137/4827 5626/1136/4227 5637/1138/4828
f 5638/1139/5111 5626/1136/4230 5630/1140/5581
f 5630/1140/4994 5626/1136/5223 5634/1141/4994
f 5631/1136/5409 5633/1135/4235 5628/1137/4235
f 5631/1136/4236 5628/1137/4576 5637/1138/4238
f 5631/1136/4239 5638/1139/4240 5630/1140/4838
f 5631/1136/4997 5630/1140/5224 5634/1141/5224
f 5632/1142/4840 5633/1135/4841 5627/1143/4246
f 5634/1141/4583 5632/1142/4248 5627/1143/4249
f 5633/1135/4251 5635/1142/4251 5627/1143/4252
f 5635/1142/4254 5634/1141/4586 5627/1143/4255
f 5626/1136/5116 5633/1135/4841 5632/1142/4840
f 5633/1135/4251 5631/1136/5193 5635/1142/4251
f 5634/1141/4583 5626/1136/4843 5632/1142/4248
f 5631/1136/5001 5634/1141/4586 5635/1142/4254
f 5637/1138/4828 5636/1144/5002 5629/1145/4261
f 5636/1144/4846 5638/1139/5111 5629/1145/4263
f 5639/1144/4264 5637/1138/4238 5629/1145/4593
f 5638/1139/4240 5639/1144/4594 5629/1145/4267
f 5637/1138/4828 5626/1136/4227 5636/1144/5002
f 5631/1136/4236 5637/1138/4238 5639/1144/4264
f 5626/1136/4230 5638/1139/5111 5636/1144/4846
f 5638/1139/4240 5631/1136/4239 5639/1144/4594
usemtl mat1.570
f 5647/1135/5364 5640/1136/5225 5642/1137/5364
f 5642/1137/4849 5640/1136/5590 5651/1138/4597
f 5652/1139/4273 5640/1136/4598 5644/1140/4275
f 5644/1140/5122 5640/1136/4851 5648/1141/5122
f 5645/1136/5300 5647/1135/5123 5642/1137/5123
f 5645/1136/5007 5642/1137/5194 5651/1138/4603
f 5645/1136/4853 5652/1139/4284 5644/1140/5303
f 5645/1136/5009 5644/1140/4606 5648/1141/4606
f 5646/1142/4288 5647/1135/4289 5641/1143/4290
f 5648/1141/4610 5646/1142/4611 5641/1143/4293
f 5647/1135/4294 5649/1142/4612 5641/1143/4296
f 5649/1142/5226 5648/1141/4614 5641/1143/4615
f 5640/1136/5016 5647/1135/4289 5646/1142/4288
f 5647/1135/4294 5645/1136/4301 5649/1142/4612
f 5648/1141/4610 5640/1136/4618 5646/1142/4611
f 5645/1136/5591 5648/1141/4614 5649/1142/5226
f 5651/1138/4597 5650/1144/4620 5643/1145/4305
f 5650/1144/4858 5652/1139/4273 5643/1145/5131
f 5653/1144/5553 5651/1138/4603 5643/1145/5022
f 5652/1139/4284 5653/1144/4626 5643/1145/4311
f 5651/1138/4597 5640/1136/5590 5650/1144/4620
f 5645/1136/5007 5651/1138/4603 5653/1144/5553
f 5640/1136/4598 5652/1139/4273 5650/1144/4858
f 5652/1139/4284 5645/1136/4853 5653/1144/4626
usemtl mat1.571
f 5661/1135/4860 5654/1136/4861 5656/1137/4860
f 5656/1137/4314 5654/1136/4315 5665/1138/4316
f 5666/1139/4317 5654/1136/4864 5658/1140/4319
f 5658/1140/5134 5654/1136/5135 5662/1141/5134
f 5659/1136/4330 5661/1135/5025 5656/1137/5025
f 5659/1136/4639 5656/1137/4325 5665/1138/4641
f 5659/1136/5027 5666/1139/4643 5658/1140/5196
f 5659/1136/5274 5658/1140/5229 5662/1141/5229
f 5660/1142/4872 5661/1135/4332 5655/1143/4333
f 5662/1141/4334 5660/1142/4647 5655/1143/4336
f 5661/1135/4337 5663/1142/4649 5655/1143/4650
f 5663/1142/4651 5662/1141/4875 5655/1143/4342
f 5654/1136/5198 5661/1135/4332 5660/1142/4872
f 5661/1135/4337 5659/1136/4654 5663/1142/4649
f 5662/1141/4334 5654/1136/5231 5660/1142/4647
f 5659/1136/4878 5662/1141/4875 5663/1142/4651
f 5665/1138/4316 5664/1144/4879 5657/1145/4348
f 5664/1144/4657 5666/1139/4317 5657/1145/4350
f 5667/1144/5141 5665/1138/4641 5657/1145/5592
f 5666/1139/4643 5667/1144/5038 5657/1145/4354
f 5665/1138/4316 5654/1136/4315 5664/1144/4879
f 5659/1136/4639 5665/1138/4641 5667/1144/5141
f 5654/1136/4864 5666/1139/4317 5664/1144/4657
f 5666/1139/4643 5659/1136/5027 5667/1144/5038
usemtl mat1.572
f 5675/1135/5142 5668/1136/5232 5670/1137/5142
f 5670/1137/4357 5668/1136/4358 5679/1138/4663
f 5680/1139/4664 5668/1136/4665 5672/1140/4886
f 5672/1140/4363 5668/1136/5042 5676/1141/4363
f 5673/1136/5578 5675/1135/5044 5670/1137/5044
f 5673/1136/4890 5670/1137/4891 5679/1138/4892
f 5673/1136/4893 5680/1139/4371 5672/1140/4372
f 5673/1136/5203 5672/1140/4374 5676/1141/4374
f 5674/1142/4677 5675/1135/4678 5669/1143/4897
f 5676/1141/5046 5674/1142/4379 5669/1143/4899
f 5675/1135/5047 5677/1142/4682 5669/1143/4383
f 5677/1142/4683 5676/1141/4385 5669/1143/5049
f 5668/1136/5593 5675/1135/4678 5674/1142/4677
f 5675/1135/5047 5673/1136/5583 5677/1142/4682
f 5676/1141/5046 5668/1136/4389 5674/1142/4379
f 5673/1136/5204 5676/1141/4385 5677/1142/4683
f 5679/1138/4663 5678/1144/4391 5671/1145/4392
f 5678/1144/4905 5680/1139/4664 5671/1145/4906
f 5681/1144/4395 5679/1138/4892 5671/1145/4692
f 5680/1139/4371 5681/1144/4397 5671/1145/5151
f 5679/1138/4663 5668/1136/4358 5678/1144/4391
f 5673/1136/4890 5679/1138/4892 5681/1144/4395
f 5668/1136/4665 5680/1139/4664 5678/1144/4905
f 5680/1139/4371 5673/1136/4893 5681/1144/4397
usemtl mat1.573
f 5689/1135/4909 5682/1136/4910 5684/1137/4909
f 5684/1137/4401 5682/1136/4402 5693/1138/4403
f 5694/1139/5472 5682/1136/5056 5686/1140/4406
f 5686/1140/4701 5682/1136/5235 5690/1141/4701
f 5687/1136/5154 5689/1135/5237 5684/1137/5237
f 5687/1136/5427 5684/1137/5207 5693/1138/5208
f 5687/1136/5239 5694/1139/4415 5686/1140/4416
f 5687/1136/4709 5686/1140/4418 5690/1141/4418
f 5688/1142/5062 5689/1135/5063 5683/1143/5158
f 5690/1141/4422 5688/1142/4921 5683/1143/5262
f 5689/1135/4425 5691/1142/4718 5683/1143/5067
f 5691/1142/5209 5690/1141/4721 5683/1143/4923
f 5682/1136/5242 5689/1135/5063 5688/1142/5062
f 5689/1135/4425 5687/1136/4925 5691/1142/4718
f 5690/1141/4422 5682/1136/4725 5688/1142/4921
f 5687/1136/5492 5690/1141/4721 5691/1142/5209
f 5693/1138/4403 5692/1144/4727 5685/1145/5071
f 5692/1144/5072 5694/1139/5472 5685/1145/5163
f 5695/1144/4731 5693/1138/5208 5685/1145/4440
f 5694/1139/4415 5695/1144/5075 5685/1145/4732
f 5693/1138/4403 5682/1136/4402 5692/1144/4727
f 5687/1136/5427 5693/1138/5208 5695/1144/4731
f 5682/1136/5056 5694/1139/5472 5692/1144/5072
f 5694/1139/4415 5687/1136/5239 5695/1144/5075
usemtl mat1.574
f 5703/1135/4733 5696/1136/5164 5698/1137/4733
f 5698/1137/4735 5696/1136/4446 5707/1138/4447
f 5708/1139/4448 5696/1136/4449 5700/1140/4450
f 5700/1140/5080 5696/1136/5390 5704/1141/5080
f 5701/1136/5391 5703/1135/4454 5698/1137/4454
f 5701/1136/5082 5698/1137/4456 5707/1138/4457
f 5701/1136/4938 5708/1139/4459 5700/1140/5244
f 5701/1136/4746 5700/1140/4747 5704/1141/4747
f 5702/1142/5594 5703/1135/4749 5697/1143/4750
f 5704/1141/4466 5702/1142/4467 5697/1143/4752
f 5703/1135/4753 5705/1142/4754 5697/1143/4755
f 5705/1142/4472 5704/1141/4756 5697/1143/4474
f 5696/1136/4947 5703/1135/4749 5702/1142/5594
f 5703/1135/4753 5701/1136/5245 5705/1142/4754
f 5704/1141/4466 5696/1136/4477 5702/1142/4467
f 5701/1136/4760 5704/1141/4756 5705/1142/4472
f 5707/1138/4447 5706/1144/4761 5699/1145/4762
f 5706/1144/4763 5708/1139/4448 5699/1145/4953
f 5709/1144/4765 5707/1138/4457 5699/1145/5214
f 5708/1139/4459 5709/1144/4956 5699/1145/5091
f 5707/1138/4447 5696/1136/4446 5706/1144/4761
f 5701/1136/5082 5707/1138/4457 5709/1144/4765
f 5696/1136/4449 5708/1139/4448 5706/1144/4763
f 5708/1139/4459 5701/1136/4938 5709/1144/4956
usemtl mat1.575
f 5717/1135/5092 5710/1136/5265 5712/1137/5092
f 5712/1137/4959 5710/1136/4490 5721/1138/4961
f 5722/1139/4492 5710/1136/4772 5714/1140/5173
f 5714/1140/4964 5710/1136/5474 5718/1141/4964
f 5715/1136/5595 5717/1135/5462 5712/1137/5462
f 5715/1136/5095 5712/1137/4777 5721/1138/4778
f 5715/1136/4779 5722/1139/4503 5714/1140/4967
f 5715/1136/5216 5714/1140/4782 5718/1141/4782
f 5716/1142/4783 5717/1135/4784 5711/1143/5525
f 5718/1141/4786 5716/1142/4787 5711/1143/5596
f 5717/1135/4788 5719/1142/5099 5711/1143/4971
f 5719/1142/5180 5718/1141/5181 5711/1143/4518
f 5710/1136/5217 5717/1135/4784 5716/1142/4783
f 5717/1135/4788 5715/1136/4794 5719/1142/5099
f 5718/1141/4786 5710/1136/5101 5716/1142/4787
f 5715/1136/4974 5718/1141/5181 5719/1142/5180
f 5721/1138/4961 5720/1144/5102 5713/1145/4524
f 5720/1144/4797 5722/1139/4492 5713/1145/4798
f 5723/1144/4976 5721/1138/4778 5713/1145/4799
f 5722/1139/4503 5723/1144/5477 5713/1145/4530
f 5721/1138/4961 5710/1136/4490 5720/1144/5102
f 5715/1136/5095 5721/1138/4778 5723/1144/4976
f 5710/1136/4772 5722/1139/4492 5720/1144/4797
f 5722/1139/4503 5715/1136/4779 5723/1144/5477
usemtl mat1.576
f 5731/1135/4802 5724/1136/5567 5726/1137/4802
f 5726/1137/5103 5724/1136/4805 5735/1138/4184
f 5736/1139/4185 5724/1136/5219 5728/1140/4187
f 5728/1140/4188 5724/1136/4979 5732/1141/4188
f 5729/1136/5597 5731/1135/4809 5726/1137/4809
f 5729/1136/4539 5726/1137/4193 5735/1138/4540
f 5729/1136/4981 5736/1139/4982 5728/1140/5221
f 5729/1136/5186 5728/1140/4199 5732/1141/4199
f 5730/1142/4816 5731/1135/4817 5725/1143/4202
f 5732/1141/4203 5730/1142/4204 5725/1143/4205
f 5731/1135/4206 5733/1142/4549 5725/1143/4208
f 5733/1142/4820 5732/1141/4210 5725/1143/5222
f 5724/1136/4983 5731/1135/4817 5730/1142/4816
f 5731/1135/4206 5729/1136/4984 5733/1142/4549
f 5732/1141/4203 5724/1136/4555 5730/1142/4204
f 5729/1136/4985 5732/1141/4210 5733/1142/4820
f 5735/1138/4184 5734/1144/4216 5727/1145/4557
f 5734/1144/4558 5736/1139/4185 5727/1145/4826
f 5737/1144/4560 5735/1138/4540 5727/1145/4561
f 5736/1139/4982 5737/1144/5109 5727/1145/4563
f 5735/1138/4184 5724/1136/4805 5734/1144/4216
f 5729/1136/4539 5735/1138/4540 5737/1144/4560
f 5724/1136/5219 5736/1139/4185 5734/1144/4558
f 5736/1139/4982 5729/1136/4981 5737/1144/5109
usemtl mat1.577
f 5745/1135/5110 5738/1136/4991 5740/1137/5110
f 5740/1137/4827 5738/1136/4567 5749/1138/4828
f 5750/1139/5111 5738/1136/4230 5742/1140/4993
f 5742/1140/5112 5738/1136/4991 5746/1141/5112
f 5743/1136/5531 5745/1135/4235 5740/1137/4235
f 5743/1136/5410 5740/1137/4576 5749/1138/4238
f 5743/1136/4577 5750/1139/4240 5742/1140/4578
f 5743/1136/5270 5742/1140/4839 5746/1141/4839
f 5744/1142/4581 5745/1135/4582 5739/1143/4246
f 5746/1141/4583 5744/1142/4248 5739/1143/4249
f 5745/1135/4584 5747/1142/4251 5739/1143/4585
f 5747/1142/4254 5746/1141/4586 5739/1143/4255
f 5738/1136/4587 5745/1135/4582 5744/1142/4581
f 5745/1135/4584 5743/1136/5254 5747/1142/4251
f 5746/1141/4583 5738/1136/4843 5744/1142/4248
f 5743/1136/5278 5746/1141/4586 5747/1142/4254
f 5749/1138/4828 5748/1144/5118 5741/1145/4261
f 5748/1144/4846 5750/1139/5111 5741/1145/4263
f 5751/1144/4264 5749/1138/4238 5741/1145/4593
f 5750/1139/4240 5751/1144/4594 5741/1145/4595
f 5749/1138/4828 5738/1136/4567 5748/1144/5118
f 5743/1136/5410 5749/1138/4238 5751/1144/4264
f 5738/1136/4230 5750/1139/5111 5748/1144/4846
f 5750/1139/4240 5743/1136/4577 5751/1144/4594
usemtl mat1.578
f 5759/1135/4268 5752/1136/4269 5754/1137/4268
f 5754/1137/5120 5752/1136/4596 5763/1138/5121
f 5764/1139/4273 5752/1136/4598 5756/1140/4275
f 5756/1140/4276 5752/1136/4851 5760/1141/4276
f 5757/1136/4278 5759/1135/4279 5754/1137/4279
f 5757/1136/5007 5754/1137/5194 5763/1138/4282
f 5757/1136/5302 5764/1139/4284 5756/1140/4285
f 5757/1136/4605 5756/1140/4606 5760/1141/4606
f 5758/1142/5280 5759/1135/4608 5753/1143/4290
f 5760/1141/5012 5758/1142/4611 5753/1143/5013
f 5759/1135/4294 5761/1142/4612 5753/1143/4296
f 5761/1142/5014 5760/1141/4298 5753/1143/4299
f 5752/1136/5016 5759/1135/4608 5758/1142/5280
f 5759/1135/4294 5757/1136/4301 5761/1142/4612
f 5760/1141/5012 5752/1136/5128 5758/1142/4611
f 5757/1136/4619 5760/1141/4298 5761/1142/5014
f 5763/1138/5121 5762/1144/4620 5755/1145/5227
f 5762/1144/5367 5764/1139/4273 5755/1145/4623
f 5765/1144/5257 5763/1138/4282 5755/1145/5022
f 5764/1139/4284 5765/1144/4626 5755/1145/4311
f 5763/1138/5121 5752/1136/4596 5762/1144/4620
f 5757/1136/5007 5763/1138/4282 5765/1144/5257
f 5752/1136/4598 5764/1139/4273 5762/1144/5367
f 5764/1139/4284 5757/1136/5302 5765/1144/4626
usemtl mat1.579
f 5773/1135/4628 5766/1136/5023 5768/1137/4628
f 5768/1137/4314 5766/1136/4315 5777/1138/4316
f 5778/1139/4317 5766/1136/4864 5770/1140/4319
f 5770/1140/5134 5766/1136/5135 5774/1141/5134
f 5771/1136/4330 5773/1135/5025 5768/1137/5025
f 5771/1136/4639 5768/1137/4325 5777/1138/4641
f 5771/1136/5027 5778/1139/5028 5770/1140/5196
f 5771/1136/4330 5770/1140/5229 5774/1141/5229
f 5772/1142/4332 5773/1135/4332 5767/1143/4333
f 5774/1141/4334 5772/1142/4647 5767/1143/4336
f 5773/1135/4337 5775/1142/4649 5767/1143/4339
f 5775/1142/4340 5774/1141/4341 5767/1143/4342
f 5766/1136/5198 5773/1135/4332 5772/1142/4332
f 5773/1135/4337 5771/1136/5230 5775/1142/4649
f 5774/1141/4334 5766/1136/5231 5772/1142/4647
f 5771/1136/4878 5774/1141/4341 5775/1142/4340
f 5777/1138/4316 5776/1144/4347 5769/1145/4348
f 5776/1144/4657 5778/1139/4317 5769/1145/4350
f 5779/1144/5141 5777/1138/4641 5769/1145/4352
f 5778/1139/5028 5779/1144/5038 5769/1145/4354
f 5777/1138/4316 5766/1136/4315 5776/1144/4347
f 5771/1136/4639 5777/1138/4641 5779/1144/5141
f 5766/1136/4864 5778/1139/4317 5776/1144/4657
f 5778/1139/5028 5771/1136/5027 5779/1144/5038
usemtl mat1.580
f 5787/1135/5142 5780/1136/5040 5782/1137/5142
f 5782/1137/5041 5780/1136/4358 5791/1138/4663
f 5792/1139/4664 5780/1136/4665 5784/1140/4886
f 5784/1140/4363 5780/1136/4668 5788/1141/4363
f 5785/1136/4669 5787/1135/5044 5782/1137/5044
f 5785/1136/4890 5782/1137/4891 5791/1138/4892
f 5785/1136/4674 5792/1139/4371 5784/1140/4372
f 5785/1136/4675 5784/1140/4676 5788/1141/4676
f 5786/1142/4677 5787/1135/5555 5781/1143/4897
f 5788/1141/4898 5786/1142/4379 5781/1143/4899
f 5787/1135/4681 5789/1142/4682 5781/1143/4383
f 5789/1142/4683 5788/1141/4385 5781/1143/4684
f 5780/1136/5050 5787/1135/5555 5786/1142/4677
f 5787/1135/4681 5785/1136/4686 5789/1142/4682
f 5788/1141/4898 5780/1136/5148 5786/1142/4379
f 5785/1136/4687 5788/1141/4385 5789/1142/4683
f 5791/1138/4663 5790/1144/4391 5783/1145/4392
f 5790/1144/4689 5792/1139/4664 5783/1145/4906
f 5793/1144/4395 5791/1138/4892 5783/1145/4692
f 5792/1139/4371 5793/1144/4397 5783/1145/4693
f 5791/1138/4663 5780/1136/4358 5790/1144/4391
f 5785/1136/4890 5791/1138/4892 5793/1144/4395
f 5780/1136/4665 5792/1139/4664 5790/1144/4689
f 5792/1139/4371 5785/1136/4674 5793/1144/4397
usemtl mat1.581
f 5801/1135/4909 5794/1136/5054 5796/1137/4909
f 5796/1137/4401 5794/1136/4402 5805/1138/5234
f 5806/1139/5472 5794/1136/5056 5798/1140/4406
f 5798/1140/4407 5794/1136/4702 5802/1141/4407
f 5799/1136/5261 5801/1135/5237 5796/1137/5237
f 5799/1136/4705 5796/1137/5057 5805/1138/4707
f 5799/1136/5239 5806/1139/5059 5798/1140/4416
f 5799/1136/5060 5798/1140/5061 5802/1141/5061
f 5800/1142/5062 5801/1135/5063 5795/1143/5158
f 5802/1141/4714 5800/1142/4921 5795/1143/5066
f 5801/1135/4425 5803/1142/4718 5795/1143/4719
f 5803/1142/5209 5802/1141/4721 5795/1143/4923
f 5794/1136/4431 5801/1135/5063 5800/1142/5062
f 5801/1135/4425 5799/1136/5210 5803/1142/4718
f 5802/1141/4714 5794/1136/4725 5800/1142/4921
f 5799/1136/5162 5802/1141/4721 5803/1142/5209
f 5805/1138/5234 5804/1144/4727 5797/1145/5071
f 5804/1144/5072 5806/1139/5472 5797/1145/5163
f 5807/1144/4731 5805/1138/4707 5797/1145/4440
f 5806/1139/5059 5807/1144/5075 5797/1145/4930
f 5805/1138/5234 5794/1136/4402 5804/1144/4727
f 5799/1136/4705 5805/1138/4707 5807/1144/4731
f 5794/1136/5056 5806/1139/5472 5804/1144/5072
f 5806/1139/5059 5799/1136/5239 5807/1144/5075
usemtl mat1.582
f 5815/1135/4733 5808/1136/5211 5810/1137/4733
f 5810/1137/4735 5808/1136/4446 5819/1138/4933
f 5820/1139/4448 5808/1136/4449 5812/1140/4450
f 5812/1140/5080 5808/1136/4738 5816/1141/5080
f 5813/1136/5166 5815/1135/4454 5810/1137/4454
f 5813/1136/4741 5810/1137/4456 5819/1138/5598
f 5813/1136/5083 5820/1139/4459 5812/1140/5264
f 5813/1136/4940 5812/1140/4941 5816/1141/4941
f 5814/1142/4942 5815/1135/4749 5809/1143/4750
f 5816/1141/4466 5814/1142/4467 5809/1143/4752
f 5815/1135/4753 5817/1142/4754 5809/1143/4755
f 5817/1142/4472 5816/1141/4756 5809/1143/4474
f 5808/1136/5588 5815/1135/4749 5814/1142/4942
f 5815/1135/4753 5813/1136/5089 5817/1142/4754
f 5816/1141/4466 5808/1136/4477 5814/1142/4467
f 5813/1136/5213 5816/1141/4756 5817/1142/4472
f 5819/1138/4933 5818/1144/4761 5811/1145/4762
f 5818/1144/4763 5820/1139/4448 5811/1145/5090
f 5821/1144/4765 5819/1138/5598 5811/1145/4955
f 5820/1139/4459 5821/1144/4956 5811/1145/5091
f 5819/1138/4933 5808/1136/4446 5818/1144/4761
f 5813/1136/4741 5819/1138/5598 5821/1144/4765
f 5808/1136/4449 5820/1139/4448 5818/1144/4763
f 5820/1139/4459 5813/1136/5083 5821/1144/4956
usemtl mat1.583
f 5829/1135/5092 5822/1136/5093 5824/1137/5092
f 5824/1137/4959 5822/1136/5564 5833/1138/4961
f 5834/1139/5495 5822/1136/4772 5826/1140/5173
f 5826/1140/4964 5822/1136/4496 5830/1141/4964
f 5827/1136/4497 5829/1135/4498 5824/1137/4498
f 5827/1136/5095 5824/1137/4777 5833/1138/4778
f 5827/1136/4779 5834/1139/4503 5826/1140/4967
f 5827/1136/5098 5826/1140/4782 5830/1141/4782
f 5828/1142/4783 5829/1135/4784 5823/1143/5403
f 5830/1141/4786 5828/1142/4787 5823/1143/4512
f 5829/1135/4788 5831/1142/5348 5823/1143/5179
f 5831/1142/5180 5830/1141/5181 5823/1143/4518
f 5822/1136/4519 5829/1135/4784 5828/1142/4783
f 5829/1135/4788 5827/1136/4972 5831/1142/5348
f 5830/1141/4786 5822/1136/5101 5828/1142/4787
f 5827/1136/4974 5830/1141/5181 5831/1142/5180
f 5833/1138/4961 5832/1144/4523 5825/1145/4524
f 5832/1144/4797 5834/1139/5495 5825/1145/4798
f 5835/1144/4976 5833/1138/4778 5825/1145/4799
f 5834/1139/4503 5835/1144/5477 5825/1145/4530
f 5833/1138/4961 5822/1136/5564 5832/1144/4523
f 5827/1136/5095 5833/1138/4778 5835/1144/4976
f 5822/1136/4772 5834/1139/5495 5832/1144/4797
f 5834/1139/4503 5827/1136/4779 5835/1144/5477
usemtl mat1.584
f 5843/1135/4802 5836/1136/5251 5838/1137/4802
f 5838/1137/5103 5836/1136/4805 5847/1138/4184
f 5848/1139/4185 5836/1136/5219 5840/1140/4187
f 5840/1140/4536 5836/1136/4979 5844/1141/4536
f 5841/1136/4190 5843/1135/4809 5838/1137/4809
f 5841/1136/4980 5838/1137/4193 5847/1138/4540
f 5841/1136/4541 5848/1139/4982 5840/1140/5221
f 5841/1136/4542 5840/1140/4199 5844/1141/4199
f 5842/1142/4816 5843/1135/4817 5837/1143/4818
f 5844/1141/4203 5842/1142/4547 5837/1143/5577
f 5843/1135/4206 5845/1142/4549 5837/1143/4208
f 5845/1142/4820 5844/1141/4210 5837/1143/4211
f 5836/1136/5106 5843/1135/4817 5842/1142/4816
f 5843/1135/4206 5841/1136/5269 5845/1142/4549
f 5844/1141/4203 5836/1136/4555 5842/1142/4547
f 5841/1136/5190 5844/1141/4210 5845/1142/4820
f 5847/1138/4184 5846/1144/4216 5839/1145/4557
f 5846/1144/4987 5848/1139/4185 5839/1145/4826
f 5849/1144/4560 5847/1138/4540 5839/1145/4561
f 5848/1139/4982 5849/1144/5109 5839/1145/4989
f 5847/1138/4184 5836/1136/4805 5846/1144/4216
f 5841/1136/4980 5847/1138/4540 5849/1144/4560
f 5836/1136/5219 5848/1139/4185 5846/1144/4987
f 5848/1139/4982 5841/1136/4541 5849/1144/5109
usemtl mat1.585
f 5857/1135/5191 5850/1136/4991 5852/1137/5191
f 5852/1137/4827 5850/1136/4227 5861/1138/4828
f 5862/1139/4569 5850/1136/4230 5854/1140/4993
f 5854/1140/4994 5850/1136/4991 5858/1141/4994
f 5855/1136/4833 5857/1135/4235 5852/1137/4235
f 5855/1136/5410 5852/1137/4576 5861/1138/4238
f 5855/1136/4577 5862/1139/4240 5854/1140/4578
f 5855/1136/5270 5854/1140/4839 5858/1141/4839
f 5856/1142/4840 5857/1135/4582 5851/1143/4246
f 5858/1141/4583 5856/1142/4248 5851/1143/4249
f 5857/1135/4584 5859/1142/4251 5851/1143/4252
f 5859/1142/4254 5858/1141/4586 5851/1143/4255
f 5850/1136/4587 5857/1135/4582 5856/1142/4840
f 5857/1135/4584 5855/1136/5193 5859/1142/4251
f 5858/1141/4583 5850/1136/5502 5856/1142/4248
f 5855/1136/5001 5858/1141/4586 5859/1142/4254
f 5861/1138/4828 5860/1144/5118 5853/1145/4261
f 5860/1144/4846 5862/1139/4569 5853/1145/4263
f 5863/1144/4264 5861/1138/4238 5853/1145/4593
f 5862/1139/4240 5863/1144/4594 5853/1145/4267
f 5861/1138/4828 5850/1136/4227 5860/1144/5118
f 5855/1136/5410 5861/1138/4238 5863/1144/4264
f 5850/1136/4230 5862/1139/4569 5860/1144/4846
f 5862/1139/4240 5855/1136/4577 5863/1144/4594
usemtl mat1.586
f 5871/1135/4268 5864/1136/4269 5866/1137/4268
f 5866/1137/4849 5864/1136/4596 5875/1138/4597
f 5876/1139/4273 5864/1136/4598 5868/1140/4275
f 5868/1140/5122 5864/1136/4851 5872/1141/5122
f 5869/1136/5300 5871/1135/5123 5866/1137/5123
f 5869/1136/5007 5866/1137/5194 5875/1138/4282
f 5869/1136/5255 5876/1139/4284 5868/1140/4285
f 5869/1136/5009 5868/1140/4606 5872/1141/4606
f 5870/1142/4288 5871/1135/5011 5865/1143/4290
f 5872/1141/4610 5870/1142/4611 5865/1143/4293
f 5871/1135/4294 5873/1142/4295 5865/1143/4296
f 5873/1142/5226 5872/1141/4614 5865/1143/4615
f 5864/1136/5016 5871/1135/5011 5870/1142/4288
f 5871/1135/4294 5869/1136/4301 5873/1142/4295
f 5872/1141/4610 5864/1136/5128 5870/1142/4611
f 5869/1136/5281 5872/1141/4614 5873/1142/5226
f 5875/1138/4597 5874/1144/4620 5867/1145/4305
f 5874/1144/4858 5876/1139/4273 5867/1145/5131
f 5877/1144/5257 5875/1138/4282 5867/1145/5022
f 5876/1139/4284 5877/1144/4310 5867/1145/4311
f 5875/1138/4597 5864/1136/4596 5874/1144/4620
f 5869/1136/5007 5875/1138/4282 5877/1144/5257
f 5864/1136/4598 5876/1139/4273 5874/1144/4858
f 5876/1139/4284 5869/1136/5255 5877/1144/4310
usemtl mat1.587
f 5885/1135/4860 5878/1136/4861 5880/1137/4860
f 5880/1137/4314 5878/1136/4315 5889/1138/4316
f 5890/1139/4317 5878/1136/4864 5882/1140/4319
f 5882/1140/5134 5878/1136/5273 5886/1141/5134
f 5883/1136/4330 5885/1135/5025 5880/1137/5025
f 5883/1136/4639 5880/1137/4325 5889/1138/4641
f 5883/1136/5027 5890/1139/5028 5882/1140/5196
f 5883/1136/4330 5882/1140/5229 5886/1141/5229
f 5884/1142/4872 5885/1135/4332 5879/1143/4333
f 5886/1141/4334 5884/1142/4647 5879/1143/4336
f 5885/1135/4337 5887/1142/5371 5879/1143/4650
f 5887/1142/4651 5886/1141/4875 5879/1143/4342
f 5878/1136/4876 5885/1135/4332 5884/1142/4872
f 5885/1135/4337 5883/1136/4654 5887/1142/5371
f 5886/1141/4334 5878/1136/5036 5884/1142/4647
f 5883/1136/4878 5886/1141/4875 5887/1142/4651
f 5889/1138/4316 5888/1144/4879 5881/1145/4348
f 5888/1144/4657 5890/1139/4317 5881/1145/4350
f 5891/1144/4658 5889/1138/4641 5881/1145/4352
f 5890/1139/5028 5891/1144/5038 5881/1145/4354
f 5889/1138/4316 5878/1136/4315 5888/1144/4879
f 5883/1136/4639 5889/1138/4641 5891/1144/4658
f 5878/1136/4864 5890/1139/4317 5888/1144/4657
f 5890/1139/5028 5883/1136/5027 5891/1144/5038
usemtl mat1.588
f 5899/1135/5142 5892/1136/5232 5894/1137/5142
f 5894/1137/5041 5892/1136/4358 5903/1138/4663
f 5904/1139/4664 5892/1136/4665 5896/1140/4886
f 5896/1140/4363 5892/1136/5042 5900/1141/4363
f 5897/1136/5043 5899/1135/5044 5894/1137/5044
f 5897/1136/4890 5894/1137/4891 5903/1138/4892
f 5897/1136/4370 5904/1139/4371 5896/1140/4372
f 5897/1136/4675 5896/1140/4676 5900/1141/4676
f 5898/1142/4677 5899/1135/4678 5893/1143/4897
f 5900/1141/4679 5898/1142/4379 5893/1143/4680
f 5899/1135/4681 5901/1142/4682 5893/1143/4383
f 5901/1142/4384 5900/1141/5048 5893/1143/5049
f 5892/1136/5050 5899/1135/4678 5898/1142/4677
f 5899/1135/4681 5897/1136/5051 5901/1142/4682
f 5900/1141/4679 5892/1136/5148 5898/1142/4379
f 5897/1136/5204 5900/1141/5048 5901/1142/4384
f 5903/1138/4663 5902/1144/4391 5895/1145/4392
f 5902/1144/4905 5904/1139/4664 5895/1145/4906
f 5905/1144/4395 5903/1138/4892 5895/1145/4692
f 5904/1139/4371 5905/1144/4397 5895/1145/4693
f 5903/1138/4663 5892/1136/4358 5902/1144/4391
f 5897/1136/4890 5903/1138/4892 5905/1144/4395
f 5892/1136/4665 5904/1139/4664 5902/1144/4905
f 5904/1139/4371 5897/1136/4370 5905/1144/4397
usemtl mat1.589
f 5913/1135/5259 5906/1136/5487 5908/1137/5259
f 5908/1137/4401 5906/1136/4402 5917/1138/4403
f 5918/1139/4404 5906/1136/5056 5910/1140/4406
f 5910/1140/4407 5906/1136/4702 5914/1141/4407
f 5911/1136/5261 5913/1135/5237 5908/1137/5237
f 5911/1136/4705 5908/1137/5057 5917/1138/4707
f 5911/1136/5239 5918/1139/5059 5910/1140/4416
f 5911/1136/4709 5910/1140/5061 5914/1141/5061
f 5912/1142/5062 5913/1135/5063 5907/1143/4713
f 5914/1141/4422 5912/1142/4921 5907/1143/5262
f 5913/1135/4425 5915/1142/4718 5907/1143/5067
f 5915/1142/4428 5914/1141/4721 5907/1143/4923
f 5906/1136/4431 5913/1135/5063 5912/1142/5062
f 5913/1135/4425 5911/1136/4925 5915/1142/4718
f 5914/1141/4422 5906/1136/5161 5912/1142/4921
f 5911/1136/5162 5914/1141/4721 5915/1142/4428
f 5917/1138/4403 5916/1144/4727 5909/1145/5071
f 5916/1144/5072 5918/1139/4404 5909/1145/5163
f 5919/1144/4731 5917/1138/4707 5909/1145/4440
f 5918/1139/5059 5919/1144/5075 5909/1145/4732
f 5917/1138/4403 5906/1136/4402 5916/1144/4727
f 5911/1136/4705 5917/1138/4707 5919/1144/4731
f 5906/1136/5056 5918/1139/4404 5916/1144/5072
f 5918/1139/5059 5911/1136/5239 5919/1144/5075
usemtl mat1.590
f 5927/1135/4733 5920/1136/5164 5922/1137/4733
f 5922/1137/4735 5920/1136/4446 5931/1138/4447
f 5932/1139/4448 5920/1136/4449 5924/1140/4450
f 5924/1140/5080 5920/1136/5276 5928/1141/5080
f 5925/1136/4453 5927/1135/4454 5922/1137/4454
f 5925/1136/4741 5922/1137/4456 5931/1138/4457
f 5925/1136/5083 5932/1139/4459 5924/1140/5264
f 5925/1136/4746 5924/1140/4941 5928/1141/4941
f 5926/1142/4942 5927/1135/5212 5921/1143/5086
f 5928/1141/4466 5926/1142/4467 5921/1143/5087
f 5927/1135/4753 5929/1142/4754 5921/1143/4471
f 5929/1142/4472 5928/1141/4756 5921/1143/4474
f 5920/1136/4947 5927/1135/5212 5926/1142/4942
f 5927/1135/4753 5925/1136/5245 5929/1142/4754
f 5928/1141/4466 5920/1136/4948 5926/1142/4467
f 5925/1136/5213 5928/1141/4756 5929/1142/4472
f 5931/1138/4447 5930/1144/4761 5923/1145/4762
f 5930/1144/4763 5932/1139/4448 5923/1145/4953
f 5933/1144/4765 5931/1138/4457 5923/1145/5214
f 5932/1139/4459 5933/1144/4956 5923/1145/5091
f 5931/1138/4447 5920/1136/4446 5930/1144/4761
f 5925/1136/4741 5931/1138/4457 5933/1144/4765
f 5920/1136/4449 5932/1139/4448 5930/1144/4763
f 5932/1139/4459 5925/1136/5083 5933/1144/4956
usemtl mat1.591
f 5941/1135/5092 5934/1136/5093 5936/1137/5092
f 5936/1137/4959 5934/1136/4490 5945/1138/4961
f 5946/1139/4492 5934/1136/5249 5938/1140/4963
f 5938/1140/4964 5934/1136/4496 5942/1141/4964
f 5939/1136/4497 5941/1135/4498 5936/1137/4498
f 5939/1136/5095 5936/1137/5096 5945/1138/4778
f 5939/1136/4779 5946/1139/4503 5938/1140/4967
f 5939/1136/5250 5938/1140/4782 5942/1141/4782
f 5940/1142/4783 5941/1135/4784 5935/1143/4785
f 5942/1141/4786 5940/1142/4787 5935/1143/4512
f 5941/1135/4788 5943/1142/5099 5935/1143/5179
f 5943/1142/5180 5942/1141/5181 5935/1143/4518
f 5934/1136/4519 5941/1135/4784 5940/1142/4783
f 5941/1135/4788 5939/1136/4794 5943/1142/5099
f 5942/1141/4786 5934/1136/5218 5940/1142/4787
f 5939/1136/4974 5942/1141/5181 5943/1142/5180
f 5945/1138/4961 5944/1144/4523 5937/1145/4524
f 5944/1144/4975 5946/1139/4492 5937/1145/4798
f 5947/1144/4976 5945/1138/4778 5937/1145/4528
f 5946/1139/4503 5947/1144/5182 5937/1145/4530
f 5945/1138/4961 5934/1136/4490 5944/1144/4523
f 5939/1136/5095 5945/1138/4778 5947/1144/4976
f 5934/1136/5249 5946/1139/4492 5944/1144/4975
f 5946/1139/4503 5939/1136/4779 5947/1144/5182
usemtl mat1.592
f 5955/1135/4802 5948/1136/4977 5950/1137/4802
f 5950/1137/4182 5948/1136/4805 5959/1138/4184
f 5960/1139/4185 5948/1136/4978 5952/1140/4187
f 5952/1140/4188 5948/1136/5266 5956/1141/4188
f 5953/1136/4190 5955/1135/4809 5950/1137/4809
f 5953/1136/4539 5950/1137/4811 5959/1138/4540
f 5953/1136/4981 5960/1139/4982 5952/1140/4197
f 5953/1136/4198 5952/1140/4199 5956/1141/4199
f 5954/1142/4816 5955/1135/4817 5949/1143/4818
f 5956/1141/4203 5954/1142/4204 5949/1143/4205
f 5955/1135/4206 5957/1142/4549 5949/1143/4208
f 5957/1142/4820 5956/1141/4210 5949/1143/5222
f 5948/1136/4983 5955/1135/4817 5954/1142/4816
f 5955/1135/4206 5953/1136/5269 5957/1142/4549
f 5956/1141/4203 5948/1136/4555 5954/1142/4204
f 5953/1136/4823 5956/1141/4210 5957/1142/4820
f 5959/1138/4184 5958/1144/4216 5951/1145/4557
f 5958/1144/4987 5960/1139/4185 5951/1145/4826
f 5961/1144/4560 5959/1138/4540 5951/1145/4561
f 5960/1139/4982 5961/1144/5109 5951/1145/4989
f 5959/1138/4184 5948/1136/4805 5958/1144/4216
f 5953/1136/4539 5959/1138/4540 5961/1144/4560
f 5948/1136/4978 5960/1139/4185 5958/1144/4987
f 5960/1139/4982 5953/1136/4981 5961/1144/5109
usemtl mat1.593
f 5969/1135/5191 5962/1136/5223 5964/1137/5191
f 5964/1137/4827 5962/1136/4227 5973/1138/4828
f 5974/1139/5111 5962/1136/4230 5966/1140/4993
f 5966/1140/4994 5962/1136/4991 5970/1141/4994
f 5967/1136/4833 5969/1135/4235 5964/1137/4235
f 5967/1136/5113 5964/1137/4836 5973/1138/4238
f 5967/1136/4577 5974/1139/4240 5966/1140/4578
f 5967/1136/5270 5966/1140/5224 5970/1141/5224
f 5968/1142/4581 5969/1135/4582 5963/1143/4246
f 5970/1141/4583 5968/1142/4248 5963/1143/4249
f 5969/1135/4251 5971/1142/4251 5963/1143/4585
f 5971/1142/4254 5970/1141/4586 5963/1143/4255
f 5962/1136/4587 5969/1135/4582 5968/1142/4581
f 5969/1135/4251 5967/1136/5193 5971/1142/4251
f 5970/1141/4583 5962/1136/4843 5968/1142/4248
f 5967/1136/5001 5970/1141/4586 5971/1142/4254
f 5973/1138/4828 5972/1144/5118 5965/1145/4261
f 5972/1144/4846 5974/1139/5111 5965/1145/4263
f 5975/1144/4264 5973/1138/4238 5965/1145/4593
f 5974/1139/4240 5975/1144/4594 5965/1145/4595
f 5973/1138/4828 5962/1136/4227 5972/1144/5118
f 5967/1136/5113 5973/1138/4238 5975/1144/4264
f 5962/1136/4230 5974/1139/5111 5972/1144/4846
f 5974/1139/4240 5967/1136/4577 5975/1144/4594
usemtl mat1.594
f 5983/1135/4268 5976/1136/5272 5978/1137/4268
f 5978/1137/4849 5976/1136/4596 5987/1138/4597
f 5988/1139/4273 5976/1136/4598 5980/1140/4275
f 5980/1140/5122 5976/1136/4851 5984/1141/5122
f 5981/1136/4601 5983/1135/4279 5978/1137/4279
f 5981/1136/5007 5978/1137/5194 5987/1138/4282
f 5981/1136/5255 5988/1139/4284 5980/1140/4285
f 5981/1136/4605 5980/1140/4606 5984/1141/4606
f 5982/1142/4288 5983/1135/4608 5977/1143/4290
f 5984/1141/4610 5982/1142/4611 5977/1143/5013
f 5983/1135/4294 5985/1142/4612 5977/1143/4296
f 5985/1142/5014 5984/1141/4298 5977/1143/5015
f 5976/1136/5016 5983/1135/4608 5982/1142/4288
f 5983/1135/4294 5981/1136/4301 5985/1142/4612
f 5984/1141/4610 5976/1136/5128 5982/1142/4611
f 5981/1136/5281 5984/1141/4298 5985/1142/5014
f 5987/1138/4597 5986/1144/5130 5979/1145/5227
f 5986/1144/4858 5988/1139/4273 5979/1145/4623
f 5989/1144/5257 5987/1138/4282 5979/1145/5022
f 5988/1139/4284 5989/1144/4310 5979/1145/4311
f 5987/1138/4597 5976/1136/4596 5986/1144/5130
f 5981/1136/5007 5987/1138/4282 5989/1144/5257
f 5976/1136/4598 5988/1139/4273 5986/1144/4858
f 5988/1139/4284 5981/1136/5255 5989/1144/4310
usemtl mat1.595
f 5997/1135/4860 5990/1136/5258 5992/1137/4860
f 5992/1137/4314 5990/1136/4315 6001/1138/4316
f 6002/1139/4317 5990/1136/4864 5994/1140/4319
f 5994/1140/5134 5990/1136/5273 5998/1141/5134
f 5995/1136/5274 5997/1135/5025 5992/1137/5025
f 5995/1136/4639 5992/1137/4325 6001/1138/4641
f 5995/1136/5027 6002/1139/5028 5994/1140/5196
f 5995/1136/5274 5994/1140/4331 5998/1141/4331
f 5996/1142/4872 5997/1135/4332 5991/1143/4333
f 5998/1141/4334 5996/1142/4647 5991/1143/4336
f 5997/1135/4337 5999/1142/4649 5991/1143/4650
f 5999/1142/4651 5998/1141/4875 5991/1143/4342
f 5990/1136/4876 5997/1135/4332 5996/1142/4872
f 5997/1135/4337 5995/1136/4654 5999/1142/4649
f 5998/1141/4334 5990/1136/5036 5996/1142/4647
f 5995/1136/5200 5998/1141/4875 5999/1142/4651
f 6001/1138/4316 6000/1144/4879 5993/1145/4348
f 6000/1144/4657 6002/1139/4317 5993/1145/4350
f 6003/1144/4658 6001/1138/4641 5993/1145/4352
f 6002/1139/5028 6003/1144/5038 5993/1145/4354
f 6001/1138/4316 5990/1136/4315 6000/1144/4879
f 5995/1136/4639 6001/1138/4641 6003/1144/4658
f 5990/1136/4864 6002/1139/4317 6000/1144/4657
f 6002/1139/5028 5995/1136/5027 6003/1144/5038
usemtl mat1.596
f 6011/1135/5142 6004/1136/5232 6006/1137/5142
f 6006/1137/5041 6004/1136/4358 6015/1138/4663
f 6016/1139/4664 6004/1136/4665 6008/1140/4886
f 6008/1140/4363 6004/1136/5042 6012/1141/4363
f 6009/1136/4669 6011/1135/5044 6006/1137/5044
f 6009/1136/4890 6006/1137/4891 6015/1138/4892
f 6009/1136/4893 6016/1139/4371 6008/1140/4372
f 6009/1136/4675 6008/1140/4676 6012/1141/4676
f 6010/1142/4677 6011/1135/4678 6005/1143/4897
f 6012/1141/5046 6010/1142/4379 6005/1143/4899
f 6011/1135/5047 6013/1142/4682 6005/1143/4383
f 6013/1142/4384 6012/1141/4385 6005/1143/5049
f 6004/1136/5050 6011/1135/4678 6010/1142/4677
f 6011/1135/5047 6009/1136/5051 6013/1142/4682
f 6012/1141/5046 6004/1136/5148 6010/1142/4379
f 6009/1136/5204 6012/1141/4385 6013/1142/4384
f 6015/1138/4663 6014/1144/4391 6007/1145/4392
f 6014/1144/4905 6016/1139/4664 6007/1145/4906
f 6017/1144/4395 6015/1138/4892 6007/1145/4692
f 6016/1139/4371 6017/1144/4397 6007/1145/5151
f 6015/1138/4663 6004/1136/4358 6014/1144/4391
f 6009/1136/4890 6015/1138/4892 6017/1144/4395
f 6004/1136/4665 6016/1139/4664 6014/1144/4905
f 6016/1139/4371 6009/1136/4893 6017/1144/4397
usemtl mat1.597
f 6025/1135/4909 6018/1136/5487 6020/1137/4909
f 6020/1137/4401 6018/1136/4402 6029/1138/4403
f 6030/1139/4404 6018/1136/5056 6022/1140/4406
f 6022/1140/4407 6018/1136/4702 6026/1141/4407
f 6023/1136/5261 6025/1135/5237 6020/1137/5237
f 6023/1136/4705 6020/1137/5057 6029/1138/4707
f 6023/1136/5239 6030/1139/5059 6022/1140/4416
f 6023/1136/4709 6022/1140/5061 6026/1141/5061
f 6024/1142/5062 6025/1135/5063 6019/1143/5158
f 6026/1141/4422 6024/1142/4921 6019/1143/5262
f 6025/1135/4425 6027/1142/4718 6019/1143/5067
f 6027/1142/5209 6026/1141/4721 6019/1143/4923
f 6018/1136/5242 6025/1135/5063 6024/1142/5062
f 6025/1135/4425 6023/1136/4925 6027/1142/4718
f 6026/1141/4422 6018/1136/4725 6024/1142/4921
f 6023/1136/5492 6026/1141/4721 6027/1142/5209
f 6029/1138/4403 6028/1144/4727 6021/1145/4728
f 6028/1144/5072 6030/1139/4404 6021/1145/5163
f 6031/1144/4731 6029/1138/4707 6021/1145/4440
f 6030/1139/5059 6031/1144/5075 6021/1145/4930
f 6029/1138/4403 6018/1136/4402 6028/1144/4727
f 6023/1136/4705 6029/1138/4707 6031/1144/4731
f 6018/1136/5056 6030/1139/4404 6028/1144/5072
f 6030/1139/5059 6023/1136/5239 6031/1144/5075
usemtl mat1.598
f 6039/1135/4733 6032/1136/4444 6034/1137/4733
f 6034/1137/4735 6032/1136/4446 6043/1138/4447
f 6044/1139/4448 6032/1136/4449 6036/1140/4450
f 6036/1140/4936 6032/1136/5390 6040/1141/4936
f 6037/1136/5599 6039/1135/4454 6034/1137/4454
f 6037/1136/4741 6034/1137/4456 6043/1138/4457
f 6037/1136/5083 6044/1139/4459 6036/1140/5264
f 6037/1136/5600 6036/1140/4747 6040/1141/4747
f 6038/1142/4942 6039/1135/4749 6033/1143/4750
f 6040/1141/4466 6038/1142/4467 6033/1143/4752
f 6039/1135/4753 6041/1142/4754 6033/1143/5277
f 6041/1142/4472 6040/1141/4756 6033/1143/4474
f 6032/1136/4947 6039/1135/4749 6038/1142/4942
f 6039/1135/4753 6037/1136/5245 6041/1142/4754
f 6040/1141/4466 6032/1136/4477 6038/1142/4467
f 6037/1136/5213 6040/1141/4756 6041/1142/4472
f 6043/1138/4447 6042/1144/4761 6035/1145/4762
f 6042/1144/4763 6044/1139/4448 6035/1145/4953
f 6045/1144/4765 6043/1138/4457 6035/1145/4484
f 6044/1139/4459 6045/1144/4956 6035/1145/5091
f 6043/1138/4447 6032/1136/4446 6042/1144/4761
f 6037/1136/4741 6043/1138/4457 6045/1144/4765
f 6032/1136/4449 6044/1139/4448 6042/1144/4763
f 6044/1139/4459 6037/1136/5083 6045/1144/4956
usemtl mat1.599
f 6053/1135/5092 6046/1136/5093 6048/1137/5092
f 6048/1137/4959 6046/1136/4490 6057/1138/4961
f 6058/1139/4492 6046/1136/4772 6050/1140/4963
f 6050/1140/4964 6046/1136/5461 6054/1141/4964
f 6051/1136/4775 6053/1135/4498 6048/1137/4498
f 6051/1136/5095 6048/1137/5096 6057/1138/5097
f 6051/1136/4779 6058/1139/4503 6050/1140/4967
f 6051/1136/5098 6050/1140/4782 6054/1141/4782
f 6052/1142/4783 6053/1135/4784 6047/1143/4785
f 6054/1141/4786 6052/1142/4787 6047/1143/4512
f 6053/1135/4788 6055/1142/5099 6047/1143/5179
f 6055/1142/5180 6054/1141/5181 6047/1143/4518
f 6046/1136/5217 6053/1135/4784 6052/1142/4783
f 6053/1135/4788 6051/1136/4794 6055/1142/5099
f 6054/1141/4786 6046/1136/5218 6052/1142/4787
f 6051/1136/4974 6054/1141/5181 6055/1142/5180
f 6057/1138/4961 6056/1144/5102 6049/1145/4524
f 6056/1144/4797 6058/1139/4492 6049/1145/4798
f 6059/1144/4976 6057/1138/5097 6049/1145/4528
f 6058/1139/4503 6059/1144/4529 6049/1145/4530
f 6057/1138/4961 6046/1136/4490 6056/1144/5102
f 6051/1136/5095 6057/1138/5097 6059/1144/4976
f 6046/1136/4772 6058/1139/4492 6056/1144/4797
f 6058/1139/4503 6051/1136/4779 6059/1144/4529
usemtl mat1.600
f 6067/1135/4802 6060/1136/4977 6062/1137/4802
f 6062/1137/5103 6060/1136/4805 6071/1138/4184
f 6072/1139/4185 6060/1136/4978 6064/1140/4187
f 6064/1140/4188 6060/1136/5220 6068/1141/4188
f 6065/1136/5575 6067/1135/4191 6062/1137/4191
f 6065/1136/4980 6062/1137/4811 6071/1138/4540
f 6065/1136/4981 6072/1139/4982 6064/1140/4814
f 6065/1136/5186 6064/1140/4199 6068/1141/4199
f 6066/1142/4816 6067/1135/4817 6061/1143/4818
f 6068/1141/4203 6066/1142/4204 6061/1143/4205
f 6067/1135/4206 6069/1142/4819 6061/1143/4550
f 6069/1142/4820 6068/1141/5290 6061/1143/5222
f 6060/1136/4983 6067/1135/4817 6066/1142/4816
f 6067/1135/4206 6065/1136/4822 6069/1142/4819
f 6068/1141/4203 6060/1136/4555 6066/1142/4204
f 6065/1136/4823 6068/1141/5290 6069/1142/4820
f 6071/1138/4184 6070/1144/4216 6063/1145/4557
f 6070/1144/4987 6072/1139/4185 6063/1145/4826
f 6073/1144/4560 6071/1138/4540 6063/1145/4561
f 6072/1139/4982 6073/1144/5109 6063/1145/4563
f 6071/1138/4184 6060/1136/4805 6070/1144/4216
f 6065/1136/4980 6071/1138/4540 6073/1144/4560
f 6060/1136/4978 6072/1139/4185 6070/1144/4987
f 6072/1139/4982 6065/1136/4981 6073/1144/5109
usemtl mat1.601
f 6081/1135/5191 6074/1136/4991 6076/1137/5191
f 6076/1137/4827 6074/1136/4567 6085/1138/4828
f 6086/1139/4569 6074/1136/4230 6078/1140/4993
f 6078/1140/4994 6074/1136/4991 6082/1141/4994
f 6079/1136/5531 6081/1135/4235 6076/1137/4235
f 6079/1136/5113 6076/1137/4836 6085/1138/4238
f 6079/1136/4577 6086/1139/4240 6078/1140/4578
f 6079/1136/5270 6078/1140/4839 6082/1141/4839
f 6080/1142/4840 6081/1135/4841 6075/1143/4246
f 6082/1141/4583 6080/1142/4248 6075/1143/4249
f 6081/1135/4584 6083/1142/4251 6075/1143/4585
f 6083/1142/4254 6082/1141/4586 6075/1143/4255
f 6074/1136/5271 6081/1135/4841 6080/1142/4840
f 6081/1135/4584 6079/1136/5193 6083/1142/4251
f 6082/1141/4583 6074/1136/4843 6080/1142/4248
f 6079/1136/5001 6082/1141/4586 6083/1142/4254
f 6085/1138/4828 6084/1144/5118 6077/1145/4261
f 6084/1144/4846 6086/1139/4569 6077/1145/4263
f 6087/1144/4264 6085/1138/4238 6077/1145/4593
f 6086/1139/4240 6087/1144/4594 6077/1145/4595
f 6085/1138/4828 6074/1136/4567 6084/1144/5118
f 6079/1136/5113 6085/1138/4238 6087/1144/4264
f 6074/1136/4230 6086/1139/4569 6084/1144/4846
f 6086/1139/4240 6079/1136/4577 6087/1144/4594
usemtl mat1.602
f 6095/1135/4268 6088/1136/4269 6090/1137/4268
f 6090/1137/5120 6088/1136/4596 6099/1138/5121
f 6100/1139/4273 6088/1136/4598 6092/1140/4275
f 6092/1140/5122 6088/1136/4851 6096/1141/5122
f 6093/1136/4278 6095/1135/5123 6090/1137/5123
f 6093/1136/5007 6090/1137/5194 6099/1138/4282
f 6093/1136/5302 6100/1139/4284 6092/1140/4285
f 6093/1136/5009 6092/1140/4606 6096/1141/4606
f 6094/1142/5280 6095/1135/4608 6089/1143/4290
f 6096/1141/5012 6094/1142/4611 6089/1143/5013
f 6095/1135/4294 6097/1142/4295 6089/1143/4296
f 6097/1142/5014 6096/1141/4298 6089/1143/4299
f 6088/1136/5016 6095/1135/4608 6094/1142/5280
f 6095/1135/4294 6093/1136/4301 6097/1142/4295
f 6096/1141/5012 6088/1136/5128 6094/1142/4611
f 6093/1136/4857 6096/1141/4298 6097/1142/5014
f 6099/1138/5121 6098/1144/4620 6091/1145/4305
f 6098/1144/4858 6100/1139/4273 6091/1145/4623
f 6101/1144/5021 6099/1138/4282 6091/1145/5022
f 6100/1139/4284 6101/1144/4310 6091/1145/4311
f 6099/1138/5121 6088/1136/4596 6098/1144/4620
f 6093/1136/5007 6099/1138/4282 6101/1144/5021
f 6088/1136/4598 6100/1139/4273 6098/1144/4858
f 6100/1139/4284 6093/1136/5302 6101/1144/4310
usemtl mat1.603
f 6109/1135/4860 6102/1136/5258 6104/1137/4860
f 6104/1137/4314 6102/1136/5228 6113/1138/4316
f 6114/1139/4317 6102/1136/4864 6106/1140/4319
f 6106/1140/5134 6102/1136/5135 6110/1141/5134
f 6107/1136/5282 6109/1135/5025 6104/1137/5025
f 6107/1136/4639 6104/1137/4325 6113/1138/4641
f 6107/1136/5027 6114/1139/5028 6106/1140/5196
f 6107/1136/4330 6106/1140/5229 6110/1141/5229
f 6108/1142/4872 6109/1135/4332 6103/1143/4333
f 6110/1141/4334 6108/1142/4647 6103/1143/4336
f 6109/1135/4337 6111/1142/4649 6103/1143/4650
f 6111/1142/4651 6110/1141/4875 6103/1143/4342
f 6102/1136/5198 6109/1135/4332 6108/1142/4872
f 6109/1135/4337 6107/1136/4654 6111/1142/4649
f 6110/1141/4334 6102/1136/5036 6108/1142/4647
f 6107/1136/5200 6110/1141/4875 6111/1142/4651
f 6113/1138/4316 6112/1144/4879 6105/1145/4348
f 6112/1144/4657 6114/1139/4317 6105/1145/4350
f 6115/1144/5141 6113/1138/4641 6105/1145/4352
f 6114/1139/5028 6115/1144/5038 6105/1145/4354
f 6113/1138/4316 6102/1136/5228 6112/1144/4879
f 6107/1136/4639 6113/1138/4641 6115/1144/5141
f 6102/1136/4864 6114/1139/4317 6112/1144/4657
f 6114/1139/5028 6107/1136/5027 6115/1144/5038
usemtl mat1.604
f 6123/1135/5142 6116/1136/5232 6118/1137/5142
f 6118/1137/5041 6116/1136/4358 6127/1138/4663
f 6128/1139/4664 6116/1136/4665 6120/1140/4886
f 6120/1140/4363 6116/1136/5042 6124/1141/4363
f 6121/1136/5043 6123/1135/5044 6118/1137/5044
f 6121/1136/4890 6118/1137/4891 6127/1138/4892
f 6121/1136/4893 6128/1139/4371 6120/1140/4372
f 6121/1136/4675 6120/1140/4676 6124/1141/4676
f 6122/1142/4677 6123/1135/4678 6117/1143/4897
f 6124/1141/4898 6122/1142/4379 6117/1143/4899
f 6123/1135/4681 6125/1142/4682 6117/1143/4383
f 6125/1142/4683 6124/1141/4385 6117/1143/4386
f 6116/1136/5050 6123/1135/4678 6122/1142/4677
f 6123/1135/4681 6121/1136/5051 6125/1142/4682
f 6124/1141/4898 6116/1136/5148 6122/1142/4379
f 6121/1136/5204 6124/1141/4385 6125/1142/4683
f 6127/1138/4663 6126/1144/4391 6119/1145/4392
f 6126/1144/4905 6128/1139/4664 6119/1145/4906
f 6129/1144/5384 6127/1138/4892 6119/1145/4692
f 6128/1139/4371 6129/1144/4397 6119/1145/4693
f 6127/1138/4663 6116/1136/4358 6126/1144/4391
f 6121/1136/4890 6127/1138/4892 6129/1144/5384
f 6116/1136/4665 6128/1139/4664 6126/1144/4905
f 6128/1139/4371 6121/1136/4893 6129/1144/4397
usemtl mat1.605
f 6137/1135/4909 6130/1136/5054 6132/1137/4909
f 6132/1137/4401 6130/1136/4402 6141/1138/4403
f 6142/1139/4404 6130/1136/5056 6134/1140/4406
f 6134/1140/4407 6130/1136/4702 6138/1141/4407
f 6135/1136/5261 6137/1135/5237 6132/1137/5237
f 6135/1136/4705 6132/1137/5057 6141/1138/4707
f 6135/1136/5239 6142/1139/5059 6134/1140/4416
f 6135/1136/4709 6134/1140/5061 6138/1141/5061
f 6136/1142/4419 6137/1135/5063 6131/1143/4713
f 6138/1141/4714 6136/1142/4921 6131/1143/5262
f 6137/1135/4425 6139/1142/4718 6131/1143/5067
f 6139/1142/5209 6138/1141/4721 6131/1143/4923
f 6130/1136/4431 6137/1135/5063 6136/1142/4419
f 6137/1135/4425 6135/1136/5210 6139/1142/4718
f 6138/1141/4714 6130/1136/4725 6136/1142/4921
f 6135/1136/5162 6138/1141/4721 6139/1142/5209
f 6141/1138/4403 6140/1144/4727 6133/1145/5071
f 6140/1144/5072 6142/1139/4404 6133/1145/5163
f 6143/1144/4731 6141/1138/4707 6133/1145/4440
f 6142/1139/5059 6143/1144/5075 6133/1145/4930
f 6141/1138/4403 6130/1136/4402 6140/1144/4727
f 6135/1136/4705 6141/1138/4707 6143/1144/4731
f 6130/1136/5056 6142/1139/4404 6140/1144/5072
f 6142/1139/5059 6135/1136/5239 6143/1144/5075
usemtl mat1.606
f 6151/1135/4733 6144/1136/4734 6146/1137/4733
f 6146/1137/4735 6144/1136/4446 6155/1138/4447
f 6156/1139/4448 6144/1136/4449 6148/1140/4450
f 6148/1140/5080 6144/1136/4738 6152/1141/5080
f 6149/1136/5473 6151/1135/4454 6146/1137/4454
f 6149/1136/4741 6146/1137/4456 6155/1138/4457
f 6149/1136/5083 6156/1139/4459 6148/1140/5084
f 6149/1136/4746 6148/1140/5283 6152/1141/5283
f 6150/1142/4942 6151/1135/4749 6145/1143/4750
f 6152/1141/4466 6150/1142/4467 6145/1143/4752
f 6151/1135/4753 6153/1142/4754 6145/1143/5277
f 6153/1142/4472 6152/1141/4756 6145/1143/4474
f 6144/1136/4947 6151/1135/4749 6150/1142/4942
f 6151/1135/4753 6149/1136/5089 6153/1142/4754
f 6152/1141/4466 6144/1136/4477 6150/1142/4467
f 6149/1136/4949 6152/1141/4756 6153/1142/4472
f 6155/1138/4447 6154/1144/4761 6147/1145/4762
f 6154/1144/4763 6156/1139/4448 6147/1145/4953
f 6157/1144/4765 6155/1138/4457 6147/1145/5214
f 6156/1139/4459 6157/1144/4956 6147/1145/5091
f 6155/1138/4447 6144/1136/4446 6154/1144/4761
f 6149/1136/4741 6155/1138/4457 6157/1144/4765
f 6144/1136/4449 6156/1139/4448 6154/1144/4763
f 6156/1139/4459 6149/1136/5083 6157/1144/4956
usemtl mat1.607
f 6165/1135/5092 6158/1136/5265 6160/1137/5092
f 6160/1137/4959 6158/1136/4490 6169/1138/4961
f 6170/1139/4492 6158/1136/5249 6162/1140/5173
f 6162/1140/4495 6158/1136/4496 6166/1141/4495
f 6163/1136/5344 6165/1135/4498 6160/1137/4498
f 6163/1136/5095 6160/1137/5096 6169/1138/5097
f 6163/1136/4779 6170/1139/4503 6162/1140/4967
f 6163/1136/5250 6162/1140/4782 6166/1141/4782
f 6164/1142/4783 6165/1135/4784 6159/1143/4785
f 6166/1141/5476 6164/1142/4787 6159/1143/4512
f 6165/1135/4788 6167/1142/5099 6159/1143/5179
f 6167/1142/5180 6166/1141/5181 6159/1143/4793
f 6158/1136/4519 6165/1135/4784 6164/1142/4783
f 6165/1135/4788 6163/1136/5100 6167/1142/5099
f 6166/1141/5476 6158/1136/4973 6164/1142/4787
f 6163/1136/4974 6166/1141/5181 6167/1142/5180
f 6169/1138/4961 6168/1144/5102 6161/1145/4524
f 6168/1144/4975 6170/1139/4492 6161/1145/4798
f 6171/1144/4976 6169/1138/5097 6161/1145/4528
f 6170/1139/4503 6171/1144/5182 6161/1145/4530
f 6169/1138/4961 6158/1136/4490 6168/1144/5102
f 6163/1136/5095 6169/1138/5097 6171/1144/4976
f 6158/1136/5249 6170/1139/4492 6168/1144/4975
f 6170/1139/4503 6163/1136/4779 6171/1144/5182
usemtl mat1.608
f 6179/1135/4802 6172/1136/4977 6174/1137/4802
f 6174/1137/4182 6172/1136/4805 6183/1138/4184
f 6184/1139/4185 6172/1136/5219 6176/1140/4187
f 6176/1140/4188 6172/1136/4979 6180/1141/4188
f 6177/1136/4190 6179/1135/4809 6174/1137/4809
f 6177/1136/4539 6174/1137/4193 6183/1138/4540
f 6177/1136/4981 6184/1139/4982 6176/1140/4197
f 6177/1136/4198 6176/1140/4199 6180/1141/4199
f 6178/1142/4816 6179/1135/4817 6173/1143/4202
f 6180/1141/4203 6178/1142/4204 6173/1143/4205
f 6179/1135/4206 6181/1142/4549 6173/1143/4208
f 6181/1142/4820 6180/1141/4210 6173/1143/5222
f 6172/1136/4983 6179/1135/4817 6178/1142/4816
f 6179/1135/4206 6177/1136/4984 6181/1142/4549
f 6180/1141/4203 6172/1136/4555 6178/1142/4204
f 6177/1136/4823 6180/1141/4210 6181/1142/4820
f 6183/1138/4184 6182/1144/4216 6175/1145/4557
f 6182/1144/4987 6184/1139/4185 6175/1145/4826
f 6185/1144/4220 6183/1138/4540 6175/1145/4561
f 6184/1139/4982 6185/1144/5109 6175/1145/4563
f 6183/1138/4184 6172/1136/4805 6182/1144/4216
f 6177/1136/4539 6183/1138/4540 6185/1144/4220
f 6172/1136/5219 6184/1139/4185 6182/1144/4987
f 6184/1139/4982 6177/1136/4981 6185/1144/5109
usemtl mat1.609
f 6193/1135/5191 6186/1136/5223 6188/1137/5191
f 6188/1137/4827 6186/1136/4567 6197/1138/4828
f 6198/1139/5111 6186/1136/4230 6190/1140/4993
f 6190/1140/4994 6186/1136/4991 6194/1141/4994
f 6191/1136/4234 6193/1135/4235 6188/1137/4235
f 6191/1136/5113 6188/1137/4576 6197/1138/4238
f 6191/1136/4577 6198/1139/4240 6190/1140/4578
f 6191/1136/4997 6190/1140/4839 6194/1141/4839
f 6192/1142/4840 6193/1135/4841 6187/1143/4246
f 6194/1141/4583 6192/1142/4248 6187/1143/4249
f 6193/1135/4251 6195/1142/4251 6187/1143/4585
f 6195/1142/4254 6194/1141/4586 6187/1143/4255
f 6186/1136/4587 6193/1135/4841 6192/1142/4840
f 6193/1135/4251 6191/1136/5193 6195/1142/4251
f 6194/1141/4583 6186/1136/4589 6192/1142/4248
f 6191/1136/5001 6194/1141/4586 6195/1142/4254
f 6197/1138/4828 6196/1144/5118 6189/1145/4261
f 6196/1144/4846 6198/1139/5111 6189/1145/4263
f 6199/1144/4264 6197/1138/4238 6189/1145/4593
f 6198/1139/4240 6199/1144/4594 6189/1145/4267
f 6197/1138/4828 6186/1136/4567 6196/1144/5118
f 6191/1136/5113 6197/1138/4238 6199/1144/4264
f 6186/1136/4230 6198/1139/5111 6196/1144/4846
f 6198/1139/4240 6191/1136/4577 6199/1144/4594
usemtl mat1.610
f 6207/1135/4268 6200/1136/4269 6202/1137/4268
f 6202/1137/5120 6200/1136/4596 6211/1138/5121
f 6212/1139/4273 6200/1136/4598 6204/1140/4275
f 6204/1140/5122 6200/1136/5572 6208/1141/5122
f 6205/1136/4278 6207/1135/4279 6202/1137/4279
f 6205/1136/5007 6202/1137/5194 6211/1138/4282
f 6205/1136/5124 6212/1139/4284 6204/1140/4285
f 6205/1136/5009 6204/1140/4606 6208/1141/4606
f 6206/1142/4288 6207/1135/5125 6201/1143/4290
f 6208/1141/5012 6206/1142/4611 6201/1143/5013
f 6207/1135/4294 6209/1142/4295 6201/1143/4296
f 6209/1142/5226 6208/1141/4298 6201/1143/5015
f 6200/1136/5016 6207/1135/5125 6206/1142/4288
f 6207/1135/4294 6205/1136/4301 6209/1142/4295
f 6208/1141/5012 6200/1136/5128 6206/1142/4611
f 6205/1136/4857 6208/1141/4298 6209/1142/5226
f 6211/1138/5121 6210/1144/4620 6203/1145/5227
f 6210/1144/4858 6212/1139/4273 6203/1145/4623
f 6213/1144/5257 6211/1138/4282 6203/1145/5022
f 6212/1139/4284 6213/1144/4310 6203/1145/4311
f 6211/1138/5121 6200/1136/4596 6210/1144/4620
f 6205/1136/5007 6211/1138/4282 6213/1144/5257
f 6200/1136/4598 6212/1139/4273 6210/1144/4858
f 6212/1139/4284 6205/1136/5124 6213/1144/4310
usemtl mat1.611
f 6221/1135/4628 6214/1136/5258 6216/1137/4628
f 6216/1137/4314 6214/1136/4315 6225/1138/4316
f 6226/1139/4317 6214/1136/4864 6218/1140/4319
f 6218/1140/5134 6214/1136/5273 6222/1141/5134
f 6219/1136/4330 6221/1135/5025 6216/1137/5025
f 6219/1136/4639 6216/1137/4325 6225/1138/4641
f 6219/1136/5027 6226/1139/5028 6218/1140/5196
f 6219/1136/4330 6218/1140/5229 6222/1141/5229
f 6220/1142/4872 6221/1135/4332 6215/1143/4333
f 6222/1141/4334 6220/1142/4647 6215/1143/4336
f 6221/1135/4337 6223/1142/4649 6215/1143/4650
f 6223/1142/4651 6222/1141/4875 6215/1143/4342
f 6214/1136/5198 6221/1135/4332 6220/1142/4872
f 6221/1135/4337 6219/1136/4654 6223/1142/4649
f 6222/1141/4334 6214/1136/5231 6220/1142/4647
f 6219/1136/4878 6222/1141/4875 6223/1142/4651
f 6225/1138/4316 6224/1144/4879 6217/1145/4348
f 6224/1144/4657 6226/1139/4317 6217/1145/4350
f 6227/1144/4658 6225/1138/4641 6217/1145/4352
f 6226/1139/5028 6227/1144/5038 6217/1145/4354
f 6225/1138/4316 6214/1136/4315 6224/1144/4879
f 6219/1136/4639 6225/1138/4641 6227/1144/4658
f 6214/1136/4864 6226/1139/4317 6224/1144/4657
f 6226/1139/5028 6219/1136/5027 6227/1144/5038
usemtl mat1.612
f 6235/1135/5142 6228/1136/5232 6230/1137/5142
f 6230/1137/5041 6228/1136/4358 6239/1138/4663
f 6240/1139/4664 6228/1136/4665 6232/1140/4886
f 6232/1140/4363 6228/1136/5042 6236/1141/4363
f 6233/1136/4669 6235/1135/5044 6230/1137/5044
f 6233/1136/4890 6230/1137/4891 6239/1138/4892
f 6233/1136/4674 6240/1139/4371 6232/1140/4372
f 6233/1136/4675 6232/1140/4676 6236/1141/4676
f 6234/1142/4677 6235/1135/4678 6229/1143/4897
f 6236/1141/4898 6234/1142/4379 6229/1143/4899
f 6235/1135/5047 6237/1142/4682 6229/1143/4383
f 6237/1142/4683 6236/1141/4385 6229/1143/4684
f 6228/1136/5050 6235/1135/4678 6234/1142/4677
f 6235/1135/5047 6233/1136/5051 6237/1142/4682
f 6236/1141/4898 6228/1136/5148 6234/1142/4379
f 6233/1136/5204 6236/1141/4385 6237/1142/4683
f 6239/1138/4663 6238/1144/4391 6231/1145/4392
f 6238/1144/4905 6240/1139/4664 6231/1145/4906
f 6241/1144/4395 6239/1138/4892 6231/1145/4692
f 6240/1139/4371 6241/1144/4397 6231/1145/4693
f 6239/1138/4663 6228/1136/4358 6238/1144/4391
f 6233/1136/4890 6239/1138/4892 6241/1144/4395
f 6228/1136/4665 6240/1139/4664 6238/1144/4905
f 6240/1139/4371 6233/1136/4674 6241/1144/4397
usemtl mat1.613
f 6249/1135/5259 6242/1136/5054 6244/1137/5259
f 6244/1137/4401 6242/1136/4402 6253/1138/4403
f 6254/1139/4404 6242/1136/5056 6246/1140/4406
f 6246/1140/4407 6242/1136/5235 6250/1141/4407
f 6247/1136/5426 6249/1135/5237 6244/1137/5237
f 6247/1136/4705 6244/1137/5057 6253/1138/4707
f 6247/1136/5239 6254/1139/5059 6246/1140/4416
f 6247/1136/4709 6246/1140/5061 6250/1141/5061
f 6248/1142/4419 6249/1135/5063 6243/1143/4713
f 6250/1141/4714 6248/1142/4715 6243/1143/5262
f 6249/1135/4425 6251/1142/4718 6243/1143/4719
f 6251/1142/5209 6250/1141/4721 6243/1143/4923
f 6242/1136/5242 6249/1135/5063 6248/1142/4419
f 6249/1135/4425 6247/1136/5210 6251/1142/4718
f 6250/1141/4714 6242/1136/4725 6248/1142/4715
f 6247/1136/5162 6250/1141/4721 6251/1142/5209
f 6253/1138/4403 6252/1144/4727 6245/1145/5071
f 6252/1144/5072 6254/1139/4404 6245/1145/5163
f 6255/1144/4731 6253/1138/4707 6245/1145/4440
f 6254/1139/5059 6255/1144/5075 6245/1145/4930
f 6253/1138/4403 6242/1136/4402 6252/1144/4727
f 6247/1136/4705 6253/1138/4707 6255/1144/4731
f 6242/1136/5056 6254/1139/4404 6252/1144/5072
f 6254/1139/5059 6247/1136/5239 6255/1144/5075
usemtl mat1.614
f 6263/1135/4733 6256/1136/4444 6258/1137/4733
f 6258/1137/4735 6256/1136/4446 6267/1138/4447
f 6268/1139/4448 6256/1136/4449 6260/1140/4450
f 6260/1140/5080 6256/1136/4738 6264/1141/5080
f 6261/1136/5599 6263/1135/4454 6258/1137/4454
f 6261/1136/4741 6258/1137/4456 6267/1138/4457
f 6261/1136/5083 6268/1139/4459 6260/1140/5084
f 6261/1136/5392 6260/1140/4747 6264/1141/4747
f 6262/1142/4942 6263/1135/4749 6257/1143/4750
f 6264/1141/4466 6262/1142/4467 6257/1143/4752
f 6263/1135/4753 6265/1142/4754 6257/1143/5277
f 6265/1142/4472 6264/1141/4756 6257/1143/4474
f 6256/1136/4947 6263/1135/4749 6262/1142/4942
f 6263/1135/4753 6261/1136/4758 6265/1142/4754
f 6264/1141/4466 6256/1136/4948 6262/1142/4467
f 6261/1136/5213 6264/1141/4756 6265/1142/4472
f 6267/1138/4447 6266/1144/4761 6259/1145/4762
f 6266/1144/4763 6268/1139/4448 6259/1145/4953
f 6269/1144/4954 6267/1138/4457 6259/1145/5214
f 6268/1139/4459 6269/1144/4956 6259/1145/5091
f 6267/1138/4447 6256/1136/4446 6266/1144/4761
f 6261/1136/4741 6267/1138/4457 6269/1144/4954
f 6256/1136/4449 6268/1139/4448 6266/1144/4763
f 6268/1139/4459 6261/1136/5083 6269/1144/4956
usemtl mat1.615
f 6277/1135/5092 6270/1136/5265 6272/1137/5092
f 6272/1137/4959 6270/1136/4490 6281/1138/4961
f 6282/1139/4492 6270/1136/5249 6274/1140/5173
f 6274/1140/4964 6270/1136/4496 6278/1141/4964
f 6275/1136/5344 6277/1135/4498 6272/1137/4498
f 6275/1136/5095 6272/1137/5096 6281/1138/5097
f 6275/1136/4779 6282/1139/4503 6274/1140/4967
f 6275/1136/5098 6274/1140/4782 6278/1141/4782
f 6276/1142/4783 6277/1135/4784 6271/1143/4785
f 6278/1141/4786 6276/1142/4787 6271/1143/4512
f 6277/1135/4788 6279/1142/4970 6271/1143/5179
f 6279/1142/5180 6278/1141/5181 6271/1143/4518
f 6270/1136/4519 6277/1135/4784 6276/1142/4783
f 6277/1135/4788 6275/1136/4972 6279/1142/4970
f 6278/1141/4786 6270/1136/5218 6276/1142/4787
f 6275/1136/4974 6278/1141/5181 6279/1142/5180
f 6281/1138/4961 6280/1144/4523 6273/1145/4524
f 6280/1144/4975 6282/1139/4492 6273/1145/4798
f 6283/1144/4976 6281/1138/5097 6273/1145/4528
f 6282/1139/4503 6283/1144/5182 6273/1145/4530
f 6281/1138/4961 6270/1136/4490 6280/1144/4523
f 6275/1136/5095 6281/1138/5097 6283/1144/4976
f 6270/1136/5249 6282/1139/4492 6280/1144/4975
f 6282/1139/4503 6275/1136/4779 6283/1144/5182
usemtl mat1.616
f 6291/1135/4802 6284/1136/4977 6286/1137/4802
f 6286/1137/5103 6284/1136/4805 6295/1138/4184
f 6296/1139/4185 6284/1136/5219 6288/1140/4187
f 6288/1140/4188 6284/1136/4979 6292/1141/4188
f 6289/1136/5570 6291/1135/4809 6286/1137/4809
f 6289/1136/4539 6286/1137/4193 6295/1138/4540
f 6289/1136/4981 6296/1139/4982 6288/1140/4814
f 6289/1136/4198 6288/1140/4199 6292/1141/4199
f 6290/1142/4816 6291/1135/4817 6285/1143/4202
f 6292/1141/4203 6290/1142/4547 6285/1143/4548
f 6291/1135/4206 6293/1142/4549 6285/1143/4208
f 6293/1142/4820 6292/1141/4210 6285/1143/4211
f 6284/1136/5106 6291/1135/4817 6290/1142/4816
f 6291/1135/4206 6289/1136/4984 6293/1142/4549
f 6292/1141/4203 6284/1136/4555 6290/1142/4547
f 6289/1136/4823 6292/1141/4210 6293/1142/4820
f 6295/1138/4184 6294/1144/4216 6287/1145/4557
f 6294/1144/4987 6296/1139/4185 6287/1145/4826
f 6297/1144/4560 6295/1138/4540 6287/1145/4561
f 6296/1139/4982 6297/1144/5109 6287/1145/4563
f 6295/1138/4184 6284/1136/4805 6294/1144/4216
f 6289/1136/4539 6295/1138/4540 6297/1144/4560
f 6284/1136/5219 6296/1139/4185 6294/1144/4987
f 6296/1139/4982 6289/1136/4981 6297/1144/5109
usemtl mat1.617
f 6305/1135/5110 6298/1136/4991 6300/1137/5110
f 6300/1137/4827 6298/1136/4567 6309/1138/4828
f 6310/1139/4569 6298/1136/4230 6302/1140/4993
f 6302/1140/4994 6298/1136/5408 6306/1141/4994
f 6303/1136/4833 6305/1135/4235 6300/1137/4235
f 6303/1136/5113 6300/1137/4576 6309/1138/4238
f 6303/1136/4577 6310/1139/4240 6302/1140/4578
f 6303/1136/4997 6302/1140/4839 6306/1141/4839
f 6304/1142/4840 6305/1135/4841 6299/1143/4246
f 6306/1141/4583 6304/1142/4248 6299/1143/4249
f 6305/1135/4251 6307/1142/4251 6299/1143/4585
f 6307/1142/4254 6306/1141/4586 6299/1143/4255
f 6298/1136/5271 6305/1135/4841 6304/1142/4840
f 6305/1135/4251 6303/1136/5193 6307/1142/4251
f 6306/1141/4583 6298/1136/4843 6304/1142/4248
f 6303/1136/5001 6306/1141/4586 6307/1142/4254
f 6309/1138/4828 6308/1144/5118 6301/1145/4261
f 6308/1144/4846 6310/1139/4569 6301/1145/4263
f 6311/1144/4264 6309/1138/4238 6301/1145/4593
f 6310/1139/4240 6311/1144/4594 6301/1145/4595
f 6309/1138/4828 6298/1136/4567 6308/1144/5118
f 6303/1136/5113 6309/1138/4238 6311/1144/4264
f 6298/1136/4230 6310/1139/4569 6308/1144/4846
f 6310/1139/4240 6303/1136/4577 6311/1144/4594
usemtl mat1.618
f 6319/1135/4268 6312/1136/4269 6314/1137/4268
f 6314/1137/4849 6312/1136/4596 6323/1138/5121
f 6324/1139/4273 6312/1136/4598 6316/1140/4275
f 6316/1140/5122 6312/1136/4600 6320/1141/5122
f 6317/1136/4601 6319/1135/5123 6314/1137/5123
f 6317/1136/5007 6314/1137/5194 6323/1138/4282
f 6317/1136/5255 6324/1139/4284 6316/1140/4285
f 6317/1136/5009 6316/1140/4606 6320/1141/4606
f 6318/1142/5280 6319/1135/5125 6313/1143/4609
f 6320/1141/4610 6318/1142/4611 6313/1143/5013
f 6319/1135/4294 6321/1142/4295 6313/1143/4296
f 6321/1142/5226 6320/1141/4298 6313/1143/5015
f 6312/1136/5016 6319/1135/5125 6318/1142/5280
f 6319/1135/4294 6317/1136/4301 6321/1142/4295
f 6320/1141/4610 6312/1136/5128 6318/1142/4611
f 6317/1136/4857 6320/1141/4298 6321/1142/5226
f 6323/1138/5121 6322/1144/4620 6315/1145/4305
f 6322/1144/4858 6324/1139/4273 6315/1145/4623
f 6325/1144/5021 6323/1138/4282 6315/1145/5022
f 6324/1139/4284 6325/1144/4310 6315/1145/4311
f 6323/1138/5121 6312/1136/4596 6322/1144/4620
f 6317/1136/5007 6323/1138/4282 6325/1144/5021
f 6312/1136/4598 6324/1139/4273 6322/1144/4858
f 6324/1139/4284 6317/1136/5255 6325/1144/4310
usemtl mat1.619
f 6333/1135/4860 6326/1136/5258 6328/1137/4860
f 6328/1137/4314 6326/1136/4315 6337/1138/4316
f 6338/1139/4317 6326/1136/4864 6330/1140/4319
f 6330/1140/5134 6326/1136/5135 6334/1141/5134
f 6331/1136/4330 6333/1135/5025 6328/1137/5025
f 6331/1136/4639 6328/1137/4325 6337/1138/4641
f 6331/1136/5027 6338/1139/5028 6330/1140/5196
f 6331/1136/4330 6330/1140/4331 6334/1141/4331
f 6332/1142/4872 6333/1135/4332 6327/1143/4333
f 6334/1141/4334 6332/1142/4647 6327/1143/4336
f 6333/1135/4337 6335/1142/5371 6327/1143/4650
f 6335/1142/4651 6334/1141/4875 6327/1143/4342
f 6326/1136/4876 6333/1135/4332 6332/1142/4872
f 6333/1135/4337 6331/1136/4654 6335/1142/5371
f 6334/1141/4334 6326/1136/5231 6332/1142/4647
f 6331/1136/5200 6334/1141/4875 6335/1142/4651
f 6337/1138/4316 6336/1144/4879 6329/1145/4348
f 6336/1144/4657 6338/1139/4317 6329/1145/4350
f 6339/1144/4658 6337/1138/4641 6329/1145/4352
f 6338/1139/5028 6339/1144/5038 6329/1145/4354
f 6337/1138/4316 6326/1136/4315 6336/1144/4879
f 6331/1136/4639 6337/1138/4641 6339/1144/4658
f 6326/1136/4864 6338/1139/4317 6336/1144/4657
f 6338/1139/5028 6331/1136/5027 6339/1144/5038
usemtl mat1.620
f 6347/1135/5142 6340/1136/5040 6342/1137/5142
f 6342/1137/5041 6340/1136/4358 6351/1138/4663
f 6352/1139/4664 6340/1136/4665 6344/1140/4666
f 6344/1140/4363 6340/1136/5042 6348/1141/4363
f 6345/1136/5578 6347/1135/5044 6342/1137/5044
f 6345/1136/4890 6342/1137/4891 6351/1138/4892
f 6345/1136/4674 6352/1139/4371 6344/1140/4372
f 6345/1136/4373 6344/1140/4676 6348/1141/4676
f 6346/1142/4677 6347/1135/4678 6341/1143/4897
f 6348/1141/4898 6346/1142/4379 6341/1143/4899
f 6347/1135/4681 6349/1142/4682 6341/1143/4383
f 6349/1142/4683 6348/1141/4385 6341/1143/4386
f 6340/1136/5147 6347/1135/4678 6346/1142/4677
f 6347/1135/4681 6345/1136/5051 6349/1142/4682
f 6348/1141/4898 6340/1136/5148 6346/1142/4379
f 6345/1136/5204 6348/1141/4385 6349/1142/4683
f 6351/1138/4663 6350/1144/4391 6343/1145/4392
f 6350/1144/4905 6352/1139/4664 6343/1145/4906
f 6353/1144/4395 6351/1138/4892 6343/1145/4692
f 6352/1139/4371 6353/1144/4397 6343/1145/4693
f 6351/1138/4663 6340/1136/4358 6350/1144/4391
f 6345/1136/4890 6351/1138/4892 6353/1144/4395
f 6340/1136/4665 6352/1139/4664 6350/1144/4905
f 6352/1139/4371 6345/1136/4674 6353/1144/4397
usemtl mat1.621
f 6361/1135/4909 6354/1136/5054 6356/1137/4909
f 6356/1137/4401 6354/1136/4402 6365/1138/4403
f 6366/1139/4404 6354/1136/5056 6358/1140/4406
f 6358/1140/4407 6354/1136/5574 6362/1141/4407
f 6359/1136/5261 6361/1135/5237 6356/1137/5237
f 6359/1136/4705 6356/1137/5057 6365/1138/4707
f 6359/1136/5239 6366/1139/5059 6358/1140/4416
f 6359/1136/4709 6358/1140/5061 6362/1141/5061
f 6360/1142/4419 6361/1135/5063 6355/1143/4713
f 6362/1141/4714 6360/1142/4921 6355/1143/5262
f 6361/1135/4425 6363/1142/4718 6355/1143/4719
f 6363/1142/5209 6362/1141/4721 6355/1143/4923
f 6354/1136/4431 6361/1135/5063 6360/1142/4419
f 6361/1135/4425 6359/1136/4925 6363/1142/4718
f 6362/1141/4714 6354/1136/4725 6360/1142/4921
f 6359/1136/5162 6362/1141/4721 6363/1142/5209
f 6365/1138/4403 6364/1144/4727 6357/1145/5071
f 6364/1144/5072 6366/1139/4404 6357/1145/5163
f 6367/1144/4731 6365/1138/4707 6357/1145/4440
f 6366/1139/5059 6367/1144/5075 6357/1145/4930
f 6365/1138/4403 6354/1136/4402 6364/1144/4727
f 6359/1136/4705 6365/1138/4707 6367/1144/4731
f 6354/1136/5056 6366/1139/4404 6364/1144/5072
f 6366/1139/5059 6359/1136/5239 6367/1144/5075
usemtl mat1.622
f 6375/1135/4733 6368/1136/4734 6370/1137/4733
f 6370/1137/4735 6368/1136/4446 6379/1138/4447
f 6380/1139/4448 6368/1136/4449 6372/1140/4450
f 6372/1140/5080 6368/1136/4738 6376/1141/5080
f 6373/1136/4739 6375/1135/4454 6370/1137/4454
f 6373/1136/4741 6370/1137/4456 6379/1138/4457
f 6373/1136/5083 6380/1139/4459 6372/1140/5264
f 6373/1136/4746 6372/1140/4747 6376/1141/4747
f 6374/1142/4942 6375/1135/4749 6369/1143/4750
f 6376/1141/4466 6374/1142/4467 6369/1143/4752
f 6375/1135/4753 6377/1142/4754 6369/1143/5277
f 6377/1142/4472 6376/1141/4756 6369/1143/4474
f 6368/1136/4947 6375/1135/4749 6374/1142/4942
f 6375/1135/4753 6373/1136/5245 6377/1142/4754
f 6376/1141/4466 6368/1136/4477 6374/1142/4467
f 6373/1136/4949 6376/1141/4756 6377/1142/4472
f 6379/1138/4447 6378/1144/4761 6371/1145/4762
f 6378/1144/4763 6380/1139/4448 6371/1145/4953
f 6381/1144/4954 6379/1138/4457 6371/1145/5214
f 6380/1139/4459 6381/1144/4956 6371/1145/5091
f 6379/1138/4447 6368/1136/4446 6378/1144/4761
f 6373/1136/4741 6379/1138/4457 6381/1144/4954
f 6368/1136/4449 6380/1139/4448 6378/1144/4763
f 6380/1139/4459 6373/1136/5083 6381/1144/4956
usemtl mat1.623
f 6389/1135/5092 6382/1136/5248 6384/1137/5092
f 6384/1137/4959 6382/1136/4490 6393/1138/4961
f 6394/1139/5495 6382/1136/4772 6386/1140/4963
f 6386/1140/4964 6382/1136/5461 6390/1141/4964
f 6387/1136/4497 6389/1135/4498 6384/1137/4498
f 6387/1136/5095 6384/1137/5096 6393/1138/4778
f 6387/1136/4779 6394/1139/4503 6386/1140/4967
f 6387/1136/5250 6386/1140/4782 6390/1141/4782
f 6388/1142/4783 6389/1135/4784 6383/1143/4785
f 6390/1141/4786 6388/1142/4787 6383/1143/4512
f 6389/1135/4788 6391/1142/5348 6383/1143/5179
f 6391/1142/5180 6390/1141/5181 6383/1143/4518
f 6382/1136/5217 6389/1135/4784 6388/1142/4783
f 6389/1135/4788 6387/1136/4794 6391/1142/5348
f 6390/1141/4786 6382/1136/5101 6388/1142/4787
f 6387/1136/4974 6390/1141/5181 6391/1142/5180
f 6393/1138/4961 6392/1144/5102 6385/1145/4524
f 6392/1144/4797 6394/1139/5495 6385/1145/4798
f 6395/1144/4976 6393/1138/4778 6385/1145/4528
f 6394/1139/4503 6395/1144/5182 6385/1145/4530
f 6393/1138/4961 6382/1136/4490 6392/1144/5102
f 6387/1136/5095 6393/1138/4778 6395/1144/4976
f 6382/1136/4772 6394/1139/5495 6392/1144/4797
f 6394/1139/4503 6387/1136/4779 6395/1144/5182
usemtl mat1.624
f 6403/1135/4802 6396/1136/4977 6398/1137/4802
f 6398/1137/5103 6396/1136/4805 6407/1138/4184
f 6408/1139/4185 6396/1136/4978 6400/1140/4187
f 6400/1140/4188 6396/1136/5266 6404/1141/4188
f 6401/1136/4190 6403/1135/4809 6398/1137/4809
f 6401/1136/4539 6398/1137/4193 6407/1138/4540
f 6401/1136/4981 6408/1139/4982 6400/1140/4814
f 6401/1136/4198 6400/1140/4199 6404/1141/4199
f 6402/1142/4816 6403/1135/4817 6397/1143/4202
f 6404/1141/4203 6402/1142/4547 6397/1143/4205
f 6403/1135/4206 6405/1142/4819 6397/1143/4550
f 6405/1142/4820 6404/1141/4210 6397/1143/5222
f 6396/1136/4983 6403/1135/4817 6402/1142/4816
f 6403/1135/4206 6401/1136/4984 6405/1142/4819
f 6404/1141/4203 6396/1136/4555 6402/1142/4547
f 6401/1136/4823 6404/1141/4210 6405/1142/4820
f 6407/1138/4184 6406/1144/4216 6399/1145/4217
f 6406/1144/4987 6408/1139/4185 6399/1145/4826
f 6409/1144/4560 6407/1138/4540 6399/1145/4561
f 6408/1139/4982 6409/1144/5109 6399/1145/4563
f 6407/1138/4184 6396/1136/4805 6406/1144/4216
f 6401/1136/4539 6407/1138/4540 6409/1144/4560
f 6396/1136/4978 6408/1139/4185 6406/1144/4987
f 6408/1139/4982 6401/1136/4981 6409/1144/5109
usemtl mat1.625
f 6417/1135/5191 6410/1136/4991 6412/1137/5191
f 6412/1137/4827 6410/1136/4567 6421/1138/4828
f 6422/1139/4569 6410/1136/4230 6414/1140/4993
f 6414/1140/4994 6410/1136/4991 6418/1141/4994
f 6415/1136/5531 6417/1135/4235 6412/1137/4235
f 6415/1136/5113 6412/1137/4836 6421/1138/4238
f 6415/1136/4577 6422/1139/4240 6414/1140/4578
f 6415/1136/5270 6414/1140/4839 6418/1141/4839
f 6416/1142/4840 6417/1135/4841 6411/1143/4246
f 6418/1141/4583 6416/1142/4248 6411/1143/4249
f 6417/1135/4584 6419/1142/4251 6411/1143/4585
f 6419/1142/4254 6418/1141/4586 6411/1143/4255
f 6410/1136/4587 6417/1135/4841 6416/1142/4840
f 6417/1135/4584 6415/1136/5193 6419/1142/4251
f 6418/1141/4583 6410/1136/4843 6416/1142/4248
f 6415/1136/5001 6418/1141/4586 6419/1142/4254
f 6421/1138/4828 6420/1144/5118 6413/1145/4261
f 6420/1144/4846 6422/1139/4569 6413/1145/4263
f 6423/1144/4264 6421/1138/4238 6413/1145/4593
f 6422/1139/4240 6423/1144/4594 6413/1145/4595
f 6421/1138/4828 6410/1136/4567 6420/1144/5118
f 6415/1136/5113 6421/1138/4238 6423/1144/4264
f 6410/1136/4230 6422/1139/4569 6420/1144/4846
f 6422/1139/4240 6415/1136/4577 6423/1144/4594
usemtl mat1.626
f 6431/1135/4268 6424/1136/5272 6426/1137/4268
f 6426/1137/4849 6424/1136/4596 6435/1138/5121
f 6436/1139/4273 6424/1136/4598 6428/1140/4275
f 6428/1140/5122 6424/1136/4851 6432/1141/5122
f 6429/1136/4278 6431/1135/5123 6426/1137/5123
f 6429/1136/5007 6426/1137/4281 6435/1138/4282
f 6429/1136/5255 6436/1139/4284 6428/1140/4285
f 6429/1136/5009 6428/1140/4606 6432/1141/4606
f 6430/1142/5280 6431/1135/5125 6425/1143/4609
f 6432/1141/5012 6430/1142/4611 6425/1143/5013
f 6431/1135/4294 6433/1142/4295 6425/1143/4296
f 6433/1142/5014 6432/1141/4298 6425/1143/5015
f 6424/1136/5016 6431/1135/5125 6430/1142/5280
f 6431/1135/4294 6429/1136/4301 6433/1142/4295
f 6432/1141/5012 6424/1136/5128 6430/1142/4611
f 6429/1136/4857 6432/1141/4298 6433/1142/5014
f 6435/1138/5121 6434/1144/4620 6427/1145/4305
f 6434/1144/4858 6436/1139/4273 6427/1145/4623
f 6437/1144/5021 6435/1138/4282 6427/1145/5022
f 6436/1139/4284 6437/1144/4310 6427/1145/4311
f 6435/1138/5121 6424/1136/4596 6434/1144/4620
f 6429/1136/5007 6435/1138/4282 6437/1144/5021
f 6424/1136/4598 6436/1139/4273 6434/1144/4858
f 6436/1139/4284 6429/1136/5255 6437/1144/4310
usemtl mat1.627
f 6445/1135/4860 6438/1136/4861 6440/1137/4860
f 6440/1137/4314 6438/1136/4315 6449/1138/4316
f 6450/1139/4317 6438/1136/4864 6442/1140/4319
f 6442/1140/5134 6438/1136/5273 6446/1141/5134
f 6443/1136/5282 6445/1135/5025 6440/1137/5025
f 6443/1136/4639 6440/1137/4325 6449/1138/4641
f 6443/1136/5027 6450/1139/5028 6442/1140/5196
f 6443/1136/4330 6442/1140/4331 6446/1141/4331
f 6444/1142/4872 6445/1135/4332 6439/1143/4333
f 6446/1141/4334 6444/1142/4647 6439/1143/4336
f 6445/1135/4337 6447/1142/4649 6439/1143/4650
f 6447/1142/4651 6446/1141/4875 6439/1143/4342
f 6438/1136/5198 6445/1135/4332 6444/1142/4872
f 6445/1135/4337 6443/1136/4654 6447/1142/4649
f 6446/1141/4334 6438/1136/5231 6444/1142/4647
f 6443/1136/4878 6446/1141/4875 6447/1142/4651
f 6449/1138/4316 6448/1144/4879 6441/1145/4348
f 6448/1144/4657 6450/1139/4317 6441/1145/4350
f 6451/1144/5141 6449/1138/4641 6441/1145/4352
f 6450/1139/5028 6451/1144/5038 6441/1145/4354
f 6449/1138/4316 6438/1136/4315 6448/1144/4879
f 6443/1136/4639 6449/1138/4641 6451/1144/5141
f 6438/1136/4864 6450/1139/4317 6448/1144/4657
f 6450/1139/5028 6443/1136/5027 6451/1144/5038
usemtl mat1.628
f 6459/1135/5142 6452/1136/5232 6454/1137/5142
f 6454/1137/5041 6452/1136/4358 6463/1138/4663
f 6464/1139/4664 6452/1136/4665 6456/1140/4886
f 6456/1140/4363 6452/1136/5042 6460/1141/4363
f 6457/1136/5536 6459/1135/5044 6454/1137/5044
f 6457/1136/4890 6454/1137/4891 6463/1138/4892
f 6457/1136/4674 6464/1139/4371 6456/1140/4372
f 6457/1136/4373 6456/1140/4676 6460/1141/4676
f 6458/1142/4677 6459/1135/4678 6453/1143/4897
f 6460/1141/5046 6458/1142/4379 6453/1143/4899
f 6459/1135/5047 6461/1142/4682 6453/1143/4383
f 6461/1142/4683 6460/1141/4385 6453/1143/4386
f 6452/1136/5147 6459/1135/4678 6458/1142/4677
f 6459/1135/5047 6457/1136/5051 6461/1142/4682
f 6460/1141/5046 6452/1136/5148 6458/1142/4379
f 6457/1136/5204 6460/1141/4385 6461/1142/4683
f 6463/1138/4663 6462/1144/4391 6455/1145/4392
f 6462/1144/4905 6464/1139/4664 6455/1145/4906
f 6465/1144/4395 6463/1138/4892 6455/1145/4692
f 6464/1139/4371 6465/1144/4397 6455/1145/4693
f 6463/1138/4663 6452/1136/4358 6462/1144/4391
f 6457/1136/4890 6463/1138/4892 6465/1144/4395
f 6452/1136/4665 6464/1139/4664 6462/1144/4905
f 6464/1139/4371 6457/1136/4674 6465/1144/4397
usemtl mat1.629
f 6473/1135/5259 6466/1136/5512 6468/1137/5259
f 6468/1137/4401 6466/1136/4402 6477/1138/4403
f 6478/1139/4404 6466/1136/5056 6470/1140/4406
f 6470/1140/4407 6466/1136/4702 6474/1141/4407
f 6471/1136/5261 6473/1135/5237 6468/1137/5237
f 6471/1136/4705 6468/1137/5057 6477/1138/4707
f 6471/1136/5239 6478/1139/5059 6470/1140/4416
f 6471/1136/4709 6470/1140/5061 6474/1141/5061
f 6472/1142/4419 6473/1135/5063 6467/1143/4713
f 6474/1141/4714 6472/1142/4715 6467/1143/5262
f 6473/1135/4425 6475/1142/4718 6467/1143/4719
f 6475/1142/5209 6474/1141/4721 6467/1143/4923
f 6466/1136/5242 6473/1135/5063 6472/1142/4419
f 6473/1135/4425 6471/1136/4925 6475/1142/4718
f 6474/1141/4714 6466/1136/4725 6472/1142/4715
f 6471/1136/5162 6474/1141/4721 6475/1142/5209
f 6477/1138/4403 6476/1144/4727 6469/1145/5071
f 6476/1144/5072 6478/1139/4404 6469/1145/5163
f 6479/1144/4731 6477/1138/4707 6469/1145/4440
f 6478/1139/5059 6479/1144/5075 6469/1145/4930
f 6477/1138/4403 6466/1136/4402 6476/1144/4727
f 6471/1136/4705 6477/1138/4707 6479/1144/4731
f 6466/1136/5056 6478/1139/4404 6476/1144/5072
f 6478/1139/5059 6471/1136/5239 6479/1144/5075
usemtl mat1.630
f 6487/1135/4733 6480/1136/5211 6482/1137/4733
f 6482/1137/4735 6480/1136/4446 6491/1138/4447
f 6492/1139/4448 6480/1136/4449 6484/1140/4450
f 6484/1140/5080 6480/1136/5276 6488/1141/5080
f 6485/1136/5489 6487/1135/4454 6482/1137/4454
f 6485/1136/4741 6482/1137/4456 6491/1138/4457
f 6485/1136/5083 6492/1139/4459 6484/1140/5264
f 6485/1136/4940 6484/1140/4747 6488/1141/4747
f 6486/1142/4942 6487/1135/4749 6481/1143/4750
f 6488/1141/4466 6486/1142/4467 6481/1143/4752
f 6487/1135/4753 6489/1142/4754 6481/1143/4755
f 6489/1142/4472 6488/1141/4756 6481/1143/4474
f 6480/1136/4947 6487/1135/4749 6486/1142/4942
f 6487/1135/4753 6485/1136/5245 6489/1142/4754
f 6488/1141/4466 6480/1136/4948 6486/1142/4467
f 6485/1136/4949 6488/1141/4756 6489/1142/4472
f 6491/1138/4447 6490/1144/4761 6483/1145/4762
f 6490/1144/4763 6492/1139/4448 6483/1145/4953
f 6493/1144/4954 6491/1138/4457 6483/1145/5214
f 6492/1139/4459 6493/1144/4956 6483/1145/5091
f 6491/1138/4447 6480/1136/4446 6490/1144/4761
f 6485/1136/4741 6491/1138/4457 6493/1144/4954
f 6480/1136/4449 6492/1139/4448 6490/1144/4763
f 6492/1139/4459 6485/1136/5083 6493/1144/4956
usemtl mat1.631
f 6501/1135/5092 6494/1136/5265 6496/1137/5092
f 6496/1137/4959 6494/1136/4490 6505/1138/4961
f 6506/1139/4492 6494/1136/5249 6498/1140/5173
f 6498/1140/4964 6494/1136/5461 6502/1141/4964
f 6499/1136/5344 6501/1135/4498 6496/1137/4498
f 6499/1136/5095 6496/1137/5096 6505/1138/4778
f 6499/1136/4779 6506/1139/4503 6498/1140/4967
f 6499/1136/5250 6498/1140/4782 6502/1141/4782
f 6500/1142/4783 6501/1135/4784 6495/1143/4785
f 6502/1141/4786 6500/1142/4787 6495/1143/4512
f 6501/1135/4788 6503/1142/4970 6495/1143/5179
f 6503/1142/5180 6502/1141/5181 6495/1143/4518
f 6494/1136/5217 6501/1135/4784 6500/1142/4783
f 6501/1135/4788 6499/1136/5100 6503/1142/4970
f 6502/1141/4786 6494/1136/5218 6500/1142/4787
f 6499/1136/4974 6502/1141/5181 6503/1142/5180
f 6505/1138/4961 6504/1144/5102 6497/1145/4524
f 6504/1144/4975 6506/1139/4492 6497/1145/4798
f 6507/1144/4976 6505/1138/4778 6497/1145/4528
f 6506/1139/4503 6507/1144/5182 6497/1145/4530
f 6505/1138/4961 6494/1136/4490 6504/1144/5102
f 6499/1136/5095 6505/1138/4778 6507/1144/4976
f 6494/1136/5249 6506/1139/4492 6504/1144/4975
f 6506/1139/4503 6499/1136/4779 6507/1144/5182
usemtl mat1.632
f 6515/1135/4802 6508/1136/4977 6510/1137/4802
f 6510/1137/5103 6508/1136/4805 6519/1138/4184
f 6520/1139/4185 6508/1136/4978 6512/1140/4187
f 6512/1140/4188 6508/1136/4979 6516/1141/4188
f 6513/1136/4190 6515/1135/4809 6510/1137/4809
f 6513/1136/4539 6510/1137/4193 6519/1138/4540
f 6513/1136/4981 6520/1139/4982 6512/1140/4814
f 6513/1136/4198 6512/1140/4199 6516/1141/4199
f 6514/1142/4816 6515/1135/4817 6509/1143/4202
f 6516/1141/4203 6514/1142/4547 6509/1143/5577
f 6515/1135/4206 6517/1142/4819 6509/1143/5253
f 6517/1142/4820 6516/1141/4210 6509/1143/5222
f 6508/1136/4983 6515/1135/4817 6514/1142/4816
f 6515/1135/4206 6513/1136/4984 6517/1142/4819
f 6516/1141/4203 6508/1136/4555 6514/1142/4547
f 6513/1136/4823 6516/1141/4210 6517/1142/4820
f 6519/1138/4184 6518/1144/4216 6511/1145/4557
f 6518/1144/4987 6520/1139/4185 6511/1145/4826
f 6521/1144/4560 6519/1138/4540 6511/1145/4561
f 6520/1139/4982 6521/1144/5109 6511/1145/4989
f 6519/1138/4184 6508/1136/4805 6518/1144/4216
f 6513/1136/4539 6519/1138/4540 6521/1144/4560
f 6508/1136/4978 6520/1139/4185 6518/1144/4987
f 6520/1139/4982 6513/1136/4981 6521/1144/5109
usemtl mat1.633
f 6529/1135/5191 6522/1136/4991 6524/1137/5191
f 6524/1137/4827 6522/1136/4227 6533/1138/4828
f 6534/1139/4569 6522/1136/4230 6526/1140/4993
f 6526/1140/4994 6522/1136/4991 6530/1141/4994
f 6527/1136/4833 6529/1135/4235 6524/1137/4235
f 6527/1136/5113 6524/1137/4836 6533/1138/4238
f 6527/1136/4577 6534/1139/4240 6526/1140/4578
f 6527/1136/5270 6526/1140/4839 6530/1141/4839
f 6528/1142/4840 6529/1135/4582 6523/1143/4246
f 6530/1141/4583 6528/1142/4248 6523/1143/4249
f 6529/1135/4584 6531/1142/4251 6523/1143/4585
f 6531/1142/4254 6530/1141/4586 6523/1143/4255
f 6522/1136/4587 6529/1135/4582 6528/1142/4840
f 6529/1135/4584 6527/1136/5193 6531/1142/4251
f 6530/1141/4583 6522/1136/4843 6528/1142/4248
f 6527/1136/5001 6530/1141/4586 6531/1142/4254
f 6533/1138/4828 6532/1144/5118 6525/1145/4261
f 6532/1144/4846 6534/1139/4569 6525/1145/4263
f 6535/1144/4264 6533/1138/4238 6525/1145/4593
f 6534/1139/4240 6535/1144/4594 6525/1145/4595
f 6533/1138/4828 6522/1136/4227 6532/1144/5118
f 6527/1136/5113 6533/1138/4238 6535/1144/4264
f 6522/1136/4230 6534/1139/4569 6532/1144/4846
f 6534/1139/4240 6527/1136/4577 6535/1144/4594
usemtl mat1.634
f 6543/1135/4268 6536/1136/4269 6538/1137/4268
f 6538/1137/4849 6536/1136/4596 6547/1138/5121
f 6548/1139/4273 6536/1136/4598 6540/1140/4275
f 6540/1140/5122 6536/1136/4851 6544/1141/5122
f 6541/1136/4601 6543/1135/5123 6538/1137/5123
f 6541/1136/5007 6538/1137/4281 6547/1138/4282
f 6541/1136/5255 6548/1139/4284 6540/1140/4285
f 6541/1136/5478 6540/1140/4606 6544/1141/4606
f 6542/1142/5280 6543/1135/4608 6537/1143/4609
f 6544/1141/5012 6542/1142/4611 6537/1143/5013
f 6543/1135/4294 6545/1142/4612 6537/1143/4296
f 6545/1142/5014 6544/1141/4298 6537/1143/4299
f 6536/1136/5016 6543/1135/4608 6542/1142/5280
f 6543/1135/4294 6541/1136/4301 6545/1142/4612
f 6544/1141/5012 6536/1136/5128 6542/1142/4611
f 6541/1136/4857 6544/1141/4298 6545/1142/5014
f 6547/1138/5121 6546/1144/4620 6539/1145/5227
f 6546/1144/4858 6548/1139/4273 6539/1145/4623
f 6549/1144/5021 6547/1138/4282 6539/1145/5022
f 6548/1139/4284 6549/1144/4310 6539/1145/4311
f 6547/1138/5121 6536/1136/4596 6546/1144/4620
f 6541/1136/5007 6547/1138/4282 6549/1144/5021
f 6536/1136/4598 6548/1139/4273 6546/1144/4858
f 6548/1139/4284 6541/1136/5255 6549/1144/4310
usemtl mat1.635
f 6557/1135/4860 6550/1136/4861 6552/1137/4860
f 6552/1137/4314 6550/1136/4315 6561/1138/4316
f 6562/1139/4317 6550/1136/4864 6554/1140/4319
f 6554/1140/5134 6550/1136/5273 6558/1141/5134
f 6555/1136/4330 6557/1135/5025 6552/1137/5025
f 6555/1136/4639 6552/1137/4325 6561/1138/4641
f 6555/1136/5027 6562/1139/5028 6554/1140/5196
f 6555/1136/5274 6554/1140/5229 6558/1141/5229
f 6556/1142/4872 6557/1135/4332 6551/1143/4333
f 6558/1141/4334 6556/1142/4647 6551/1143/4336
f 6557/1135/4337 6559/1142/4649 6551/1143/4650
f 6559/1142/4651 6558/1141/4875 6551/1143/4342
f 6550/1136/5198 6557/1135/4332 6556/1142/4872
f 6557/1135/4337 6555/1136/4654 6559/1142/4649
f 6558/1141/4334 6550/1136/5231 6556/1142/4647
f 6555/1136/4878 6558/1141/4875 6559/1142/4651
f 6561/1138/4316 6560/1144/4879 6553/1145/4348
f 6560/1144/4657 6562/1139/4317 6553/1145/4350
f 6563/1144/4658 6561/1138/4641 6553/1145/4352
f 6562/1139/5028 6563/1144/5038 6553/1145/4354
f 6561/1138/4316 6550/1136/4315 6560/1144/4879
f 6555/1136/4639 6561/1138/4641 6563/1144/4658
f 6550/1136/4864 6562/1139/4317 6560/1144/4657
f 6562/1139/5028 6555/1136/5027 6563/1144/5038
usemtl mat1.636
f 6571/1135/5142 6564/1136/5232 6566/1137/5142
f 6566/1137/5041 6564/1136/4358 6575/1138/4663
f 6576/1139/4664 6564/1136/4665 6568/1140/4886
f 6568/1140/4363 6564/1136/5233 6572/1141/4363
f 6569/1136/5578 6571/1135/5044 6566/1137/5044
f 6569/1136/4890 6566/1137/4891 6575/1138/4892
f 6569/1136/4674 6576/1139/4371 6568/1140/4372
f 6569/1136/4894 6568/1140/4676 6572/1141/4676
f 6570/1142/4677 6571/1135/4678 6565/1143/4897
f 6572/1141/4898 6570/1142/4379 6565/1143/4899
f 6571/1135/4681 6573/1142/4682 6565/1143/4383
f 6573/1142/4683 6572/1141/4385 6565/1143/4386
f 6564/1136/5147 6571/1135/4678 6570/1142/4677
f 6571/1135/4681 6569/1136/5051 6573/1142/4682
f 6572/1141/4898 6564/1136/5148 6570/1142/4379
f 6569/1136/5204 6572/1141/4385 6573/1142/4683
f 6575/1138/4663 6574/1144/4391 6567/1145/4392
f 6574/1144/4905 6576/1139/4664 6567/1145/4906
f 6577/1144/4395 6575/1138/4892 6567/1145/4692
f 6576/1139/4371 6577/1144/4397 6567/1145/4693
f 6575/1138/4663 6564/1136/4358 6574/1144/4391
f 6569/1136/4890 6575/1138/4892 6577/1144/4395
f 6564/1136/4665 6576/1139/4664 6574/1144/4905
f 6576/1139/4371 6569/1136/4674 6577/1144/4397
usemtl mat1.637
f 6585/1135/4909 6578/1136/5487 6580/1137/4909
f 6580/1137/4401 6578/1136/4402 6589/1138/4403
f 6590/1139/4404 6578/1136/5056 6582/1140/4406
f 6582/1140/4407 6578/1136/4702 6586/1141/4407
f 6583/1136/5426 6585/1135/5237 6580/1137/5237
f 6583/1136/4705 6580/1137/5057 6589/1138/4707
f 6583/1136/5239 6590/1139/5059 6582/1140/4416
f 6583/1136/5385 6582/1140/5061 6586/1141/5061
f 6584/1142/4419 6585/1135/5063 6579/1143/4713
f 6586/1141/4714 6584/1142/4715 6579/1143/5262
f 6585/1135/4425 6587/1142/4718 6579/1143/4719
f 6587/1142/5209 6586/1141/4721 6579/1143/4923
f 6578/1136/4431 6585/1135/5063 6584/1142/4419
f 6585/1135/4425 6583/1136/4925 6587/1142/4718
f 6586/1141/4714 6578/1136/4725 6584/1142/4715
f 6583/1136/5162 6586/1141/4721 6587/1142/5209
f 6589/1138/4403 6588/1144/4727 6581/1145/5071
f 6588/1144/5072 6590/1139/4404 6581/1145/5163
f 6591/1144/4731 6589/1138/4707 6581/1145/4440
f 6590/1139/5059 6591/1144/5075 6581/1145/4930
f 6589/1138/4403 6578/1136/4402 6588/1144/4727
f 6583/1136/4705 6589/1138/4707 6591/1144/4731
f 6578/1136/5056 6590/1139/4404 6588/1144/5072
f 6590/1139/5059 6583/1136/5239 6591/1144/5075
usemtl mat1.638
f 6599/1135/4733 6592/1136/5211 6594/1137/4733
f 6594/1137/4735 6592/1136/4446 6603/1138/4447
f 6604/1139/4448 6592/1136/4449 6596/1140/4450
f 6596/1140/5080 6592/1136/4738 6600/1141/5080
f 6597/1136/4739 6599/1135/4454 6594/1137/4454
f 6597/1136/4741 6594/1137/4456 6603/1138/4457
f 6597/1136/5083 6604/1139/4459 6596/1140/5264
f 6597/1136/5392 6596/1140/4747 6600/1141/4747
f 6598/1142/4942 6599/1135/4749 6593/1143/4750
f 6600/1141/4466 6598/1142/4467 6593/1143/4752
f 6599/1135/4753 6601/1142/4754 6593/1143/4755
f 6601/1142/4472 6600/1141/4756 6593/1143/4474
f 6592/1136/4947 6599/1135/4749 6598/1142/4942
f 6599/1135/4753 6597/1136/5245 6601/1142/4754
f 6600/1141/4466 6592/1136/4948 6598/1142/4467
f 6597/1136/4949 6600/1141/4756 6601/1142/4472
f 6603/1138/4447 6602/1144/4761 6595/1145/4762
f 6602/1144/4763 6604/1139/4448 6595/1145/4953
f 6605/1144/4765 6603/1138/4457 6595/1145/5214
f 6604/1139/4459 6605/1144/4956 6595/1145/5091
f 6603/1138/4447 6592/1136/4446 6602/1144/4761
f 6597/1136/4741 6603/1138/4457 6605/1144/4765
f 6592/1136/4449 6604/1139/4448 6602/1144/4763
f 6604/1139/4459 6597/1136/5083 6605/1144/4956
usemtl mat1.639
f 6613/1135/5092 6606/1136/5093 6608/1137/5092
f 6608/1137/4959 6606/1136/4490 6617/1138/4961
f 6618/1139/4492 6606/1136/4772 6610/1140/4963
f 6610/1140/4964 6606/1136/4965 6614/1141/4964
f 6611/1136/4497 6613/1135/4498 6608/1137/4498
f 6611/1136/5095 6608/1137/5096 6617/1138/4778
f 6611/1136/4779 6618/1139/4503 6610/1140/4967
f 6611/1136/5098 6610/1140/4782 6614/1141/4782
f 6612/1142/4783 6613/1135/4784 6607/1143/4785
f 6614/1141/4786 6612/1142/4787 6607/1143/4512
f 6613/1135/4788 6615/1142/4970 6607/1143/5179
f 6615/1142/5180 6614/1141/5181 6607/1143/4518
f 6606/1136/5217 6613/1135/4784 6612/1142/4783
f 6613/1135/4788 6611/1136/5100 6615/1142/4970
f 6614/1141/4786 6606/1136/5101 6612/1142/4787
f 6611/1136/4974 6614/1141/5181 6615/1142/5180
f 6617/1138/4961 6616/1144/5102 6609/1145/4524
f 6616/1144/4797 6618/1139/4492 6609/1145/4798
f 6619/1144/4976 6617/1138/4778 6609/1145/4528
f 6618/1139/4503 6619/1144/5182 6609/1145/4530
f 6617/1138/4961 6606/1136/4490 6616/1144/5102
f 6611/1136/5095 6617/1138/4778 6619/1144/4976
f 6606/1136/4772 6618/1139/4492 6616/1144/4797
f 6618/1139/4503 6611/1136/4779 6619/1144/5182
