# Blender 4.1.0
# www.blender.org
mtllib starstr.mtl
o blade
v 50.749989 -1.282932 -0.313680
v 50.755466 4.924188 -0.000000
v 50.749989 -1.282932 0.313680
v 50.753338 1.820693 -0.369846
v 50.753338 1.820693 0.369846
v -325.042603 -14.288220 -0.313678
v -322.409058 -7.834950 0.000002
v -325.042603 -14.288220 0.313682
v -319.003387 -10.570101 -0.369844
v -319.003387 -10.570101 0.369848
v -333.975800 -14.817029 0.000002
v -330.065704 -11.260485 0.000002
v -234.534988 -8.593451 -0.313679
v -235.861618 -2.424994 0.000000
v -234.534988 -8.593451 0.313682
v -235.198090 -5.509354 -0.369846
v -235.198090 -5.509354 0.369847
v -149.209717 -4.709577 -0.313680
v -150.128036 1.479387 -0.000000
v -149.209717 -4.709577 0.313681
v -149.668488 -1.614768 -0.369846
v -149.668488 -1.614768 0.369846
v -57.645641 -2.121894 -0.313680
v -58.124935 4.079936 -0.000000
v -57.645641 -2.121894 0.313680
v -57.884762 0.978923 -0.369846
v -57.884762 0.978923 0.369846
v 52.989609 1.948635 6.585456
v 52.989609 -2.766691 5.703194
v 52.989609 -6.218545 3.292762
v 52.989609 -7.482019 0.000002
v 52.989609 -6.218547 -3.292759
v 52.989609 -2.766694 -5.703194
v 52.989609 1.948634 -6.585456
v 52.989609 6.663960 -5.703196
v 52.989609 10.115815 -3.292763
v 52.989609 11.379288 -0.000002
v 52.989609 10.115815 3.292694
v 52.989609 6.663961 5.703194
v 52.989609 1.948634 -0.000000
v 55.886837 1.948634 -0.000000
v 55.886837 1.948635 6.585456
v 55.886837 -2.766691 5.703194
v 55.886837 -6.218545 3.292762
v 55.886837 -7.482019 0.000002
v 55.886837 -6.218547 -3.292759
v 55.886837 -2.766694 -5.703194
v 55.886837 1.948634 -6.585456
v 55.886837 6.663960 -5.703196
v 55.886837 10.115815 -3.292763
v 55.886837 11.379288 -0.000002
v 55.886837 10.115815 3.292694
v 55.886837 6.663961 5.703194
v 55.886837 1.948635 6.585456
v 55.886837 -2.766691 5.703194
v 55.886837 -6.218545 3.292762
v 55.886837 -7.482019 0.000002
v 55.886837 -6.218547 -3.292759
v 55.886837 -2.766694 -5.703194
v 55.886837 1.948634 -6.585456
v 55.886837 6.663960 -5.703196
v 55.886837 10.115815 -3.292763
v 55.886837 11.379288 -0.000002
v 55.886837 10.115815 3.292694
v 55.886837 6.663961 5.703194
v 52.989609 1.948635 6.585456
v 52.989609 -2.766691 5.703194
v 52.989609 -6.218545 3.292762
v 52.989609 -7.482019 0.000002
v 52.989609 -6.218547 -3.292759
v 52.989609 -2.766694 -5.703194
v 52.989609 1.948634 -6.585456
v 52.989609 6.663960 -5.703196
v 52.989609 10.115815 -3.292763
v 52.989609 11.379288 -0.000002
v 52.989609 10.115815 3.292694
v 52.989609 6.663961 5.703194
v 57.669956 -1.812786 -0.717944
v 57.669956 5.321202 -0.472186
v 57.669956 -1.812786 0.717945
v 57.669956 5.321202 0.472185
v 44.796982 -1.857262 -0.717944
v 44.796982 5.276727 -0.472186
v 44.796982 -1.857262 0.717945
v 44.796982 5.276727 0.472185
v 57.669956 1.954381 -0.846343
v 57.669956 1.954381 0.846342
v 44.796982 1.909906 -0.846343
v 44.796982 1.909906 0.846342
v 59.528931 -2.495202 -1.479646
v 59.528931 5.753354 -1.479646
v 172.829590 -1.683278 -1.479646
v 172.829590 5.592040 -1.479646
v 172.829590 -1.683278 1.479646
v 172.829590 5.592040 1.479645
v 59.528931 -2.495202 1.479646
v 59.528931 5.753354 1.479645
v 55.597553 -2.495202 -1.479646
v 55.597553 5.753354 -1.479646
v 55.597553 -2.495202 1.479646
v 55.597553 5.753354 1.479645
v 172.829590 1.954381 -2.329515
v 59.528931 1.967639 -2.329515
v 172.829590 1.954381 2.329515
v 59.528931 1.967639 2.329515
v 55.597553 1.967639 -2.329515
v 55.597553 1.967639 2.329515
vn -0.0146 0.0563 0.9983
vn -0.0232 0.1055 0.9941
vn -0.0375 0.0571 0.9977
vn -0.0232 0.1055 -0.9942
vn -0.0146 0.0563 -0.9983
vn -0.0375 0.0571 -0.9977
vn 0.0609 -0.9981 -0.0000
vn 0.0616 -0.9981 -0.0000
vn 0.0591 -0.9983 -0.0000
vn -0.0242 0.0226 -0.9995
vn -0.0375 0.0412 -0.9984
vn -0.0147 0.0563 -0.9983
vn -0.0242 0.0226 0.9995
vn -0.0147 0.0563 0.9983
vn -0.0375 0.0412 0.9984
vn -0.0032 0.0636 -0.9980
vn 0.0011 -0.0180 -0.9998
vn -0.0241 0.0226 -0.9995
vn 0.0010 -0.0177 -0.9998
vn -0.0241 0.0226 0.9995
vn 0.0010 -0.0176 0.9998
vn -0.0019 0.0364 0.9993
vn 0.0010 -0.0174 0.9998
vn 0.0614 -0.9981 -0.0000
vn 0.0608 -0.9981 -0.0000
vn 0.0569 -0.9984 -0.0000
vn 0.0512 -0.9987 -0.0000
vn -0.0064 0.1195 0.9928
vn -0.0232 0.1055 -0.9941
vn -0.0067 0.1200 -0.9927
vn -0.0067 0.1200 -0.9928
vn 0.0008 -0.0180 -0.9998
vn -0.0016 0.0501 -0.9987
vn 0.0004 -0.0182 -0.9998
vn -0.0019 0.0363 0.9993
vn 0.0008 -0.0180 0.9998
vn -0.0020 0.0501 0.9987
vn 0.0511 -0.9987 -0.0000
vn 0.0570 -0.9984 -0.0000
vn 0.0397 -0.9992 -0.0000
vn 0.0339 -0.9994 -0.0000
vn -0.0041 0.1181 0.9930
vn -0.0031 0.0636 -0.9980
vn -0.0068 0.1200 -0.9928
vn -0.0048 0.1180 -0.9930
vn -0.0005 0.0274 -0.9996
vn -0.0006 0.0730 -0.9973
vn 0.0001 -0.0181 -0.9998
vn 0.0006 -0.0181 -0.9998
vn 0.0005 -0.0181 -0.9998
vn 0.0001 -0.0181 0.9998
vn -0.0003 0.0274 0.9996
vn -0.0013 0.0730 0.9973
vn -0.0002 0.0274 0.9996
vn 0.0005 -0.0181 0.9998
vn -0.0013 0.0729 0.9973
vn 0.0180 -0.9998 -0.0000
vn 0.0077 -1.0000 -0.0000
vn 0.0180 -0.9998 0.0003
vn -0.0009 0.1183 0.9930
vn -0.0021 0.1183 0.9930
vn -0.0009 0.1184 0.9930
vn -0.0039 0.1181 0.9930
vn -0.0022 0.1183 0.9930
vn -0.0038 0.1181 0.9930
vn -0.0021 0.1183 -0.9930
vn -0.0009 0.1183 -0.9930
vn -0.0005 0.0275 -0.9996
vn -0.0016 0.0502 -0.9987
vn -0.0020 0.1183 -0.9930
vn -1.0000 -0.0000 -0.0000
vn 1.0000 -0.0000 -0.0000
vn -0.0000 -0.0623 0.9981
vn -0.0000 -0.4520 0.8920
vn -0.0000 -0.3198 0.9475
vn -0.0000 0.0622 0.9981
vn -0.0001 -0.3198 0.9475
vn -0.0000 -0.8462 0.5329
vn -0.0000 -0.7209 0.6931
vn -0.0000 -0.3199 0.9474
vn -0.0000 -0.8463 0.5328
vn -0.0000 -0.9919 -0.1268
vn -0.0000 -0.9919 0.1269
vn -0.0000 -0.7211 0.6929
vn -0.0000 -0.9919 -0.1269
vn -0.0000 -0.7211 -0.6929
vn -0.0000 -0.8463 -0.5328
vn -0.0000 -0.9919 0.1268
vn -0.0001 -0.8463 -0.5328
vn 0.0001 -0.7209 -0.6931
vn -0.0000 -0.3199 -0.9474
vn -0.0000 -0.4520 -0.8920
vn -0.0000 -0.8462 -0.5329
vn -0.0000 -0.7209 -0.6931
vn -0.0001 -0.4520 -0.8920
vn -0.0000 -0.3198 -0.9475
vn -0.0000 0.0622 -0.9981
vn -0.0000 -0.0623 -0.9981
vn -0.0000 0.0623 -0.9981
vn -0.0000 0.4520 -0.8920
vn -0.0000 0.3198 -0.9475
vn -0.0000 -0.0622 -0.9981
vn -0.0001 0.3198 -0.9475
vn -0.0000 0.8462 -0.5329
vn -0.0000 0.7209 -0.6931
vn -0.0000 0.3199 -0.9474
vn -0.0000 0.8463 -0.5328
vn -0.0000 0.9919 0.1269
vn -0.0000 0.9919 -0.1269
vn -0.0000 0.7211 -0.6929
vn -0.0000 0.7210 0.6930
vn -0.0000 0.8463 0.5328
vn -0.0000 0.7209 0.6930
vn -0.0000 0.3199 0.9474
vn -0.0000 0.4520 0.8920
vn -0.0000 0.8462 0.5329
vn -0.0001 0.4520 0.8920
vn -0.0000 0.3198 0.9475
vn -0.0000 -0.0622 0.9981
vn -0.0000 0.0623 0.9981
vn 0.0035 -1.0000 -0.0000
vn -0.0035 1.0000 -0.0000
vn -0.0004 0.1105 -0.9939
vn -0.0000 0.0142 -0.9999
vn -0.0003 0.0624 -0.9981
vn -0.0000 0.0141 -0.9999
vn 0.0001 -0.0341 -0.9994
vn 0.0001 -0.0341 0.9994
vn -0.0003 0.0624 0.9981
vn -0.0000 0.0141 0.9999
vn -0.0004 0.1105 0.9939
vn -0.0000 0.0142 0.9999
vn 0.0072 -1.0000 -0.0000
vn 0.0008 1.0000 -0.0000
vn 0.0014 1.0000 -0.0000
vn -0.0000 -1.0000 -0.0000
vn 0.0006 1.0000 -0.0000
vn -0.0000 1.0000 -0.0000
vn 0.0002 -0.0181 -0.9998
vn -0.0000 -0.0000 -1.0000
vn 0.0006 -0.2074 -0.9783
vn 0.0007 -0.1871 -0.9823
vn 0.0002 -0.0180 -0.9998
vn 0.0006 -0.2073 -0.9783
vn 0.0003 -0.0179 -0.9998
vn 0.0003 0.2190 -0.9757
vn 0.0001 0.2232 -0.9748
vn 0.0002 -0.0178 -0.9998
vn 0.0001 0.2233 -0.9747
vn 0.0006 -0.2074 0.9783
vn 0.0001 0.0746 0.9972
vn 0.0003 0.0094 1.0000
vn 0.0007 -0.1871 0.9823
vn 0.0006 -0.2073 0.9783
vn 0.0002 0.0094 1.0000
vn 0.0001 0.0747 0.9972
vn 0.0003 0.2275 0.9738
vn 0.0001 0.2219 0.9751
vn 0.0003 0.0095 1.0000
vn 0.0001 0.2218 0.9751
vn -0.0000 0.2190 -0.9757
vn 0.0002 -0.0179 -0.9998
vn -0.0000 0.0854 -0.9964
vn 0.0004 -0.1871 -0.9823
vn -0.0000 -0.1871 -0.9823
vn -0.0000 0.0852 -0.9964
vn -0.0000 -0.1871 0.9823
vn -0.0000 -0.0527 0.9986
vn 0.0002 0.0095 1.0000
vn -0.0000 0.2190 0.9757
vn -0.0000 -0.0525 0.9986
vt 0.771620 0.076500
vt 0.653330 0.156200
vt 0.653330 0.117820
vt 0.770150 0.079450
vt 0.770150 0.066650
vt 0.682540 0.066650
vt 0.770150 0.232950
vt 0.886960 0.232950
vt 0.886960 0.079450
vt 0.653330 0.232950
vt 0.770150 0.322500
vt 0.886960 0.322500
vt 0.653330 0.322500
vt 0.770150 0.424840
vt 0.770150 0.552770
vt 0.886960 0.552770
vt 0.886960 0.424840
vt 0.653330 0.552770
vt 0.653330 0.424840
vt 0.725960 0.778420
vt 0.752030 0.847860
vt 0.557420 0.847860
vt 0.654720 0.727580
vt 0.557420 0.708970
vt 0.460110 0.727580
vt 0.388880 0.778420
vt 0.362800 0.847860
vt 0.388880 0.917310
vt 0.460110 0.968150
vt 0.557420 0.986760
vt 0.654720 0.968150
vt 0.725960 0.917310
vt 0.735240 0.846270
vt 0.711430 0.782850
vt 0.646380 0.736430
vt 0.557530 0.719440
vt 0.468670 0.736430
vt 0.403620 0.782850
vt 0.379810 0.846270
vt 0.403620 0.909690
vt 0.468670 0.956110
vt 0.557530 0.973100
vt 0.646380 0.956110
vt 0.711430 0.909690
vt 0.499040 0.510060
vt 0.498810 0.507860
vt 0.514440 0.507860
vt 0.514700 0.510060
vt 0.498820 0.519830
vt 0.498970 0.521290
vt 0.514500 0.521280
vt 0.514330 0.519830
vt 0.499040 0.516070
vt 0.514650 0.516070
vt 0.498780 0.513470
vt 0.514340 0.513470
vt 0.521080 0.066200
vt 0.508660 0.519940
vt 0.394830 0.066200
vt 0.397300 0.519940
vt 0.217290 0.127040
vt 0.171250 0.127040
vt 0.171250 0.068340
vt 0.217290 0.068340
vt 0.078150 0.127040
vt 0.124190 0.127040
vt 0.124190 0.068340
vt 0.078150 0.068340
vt 0.452780 0.066200
vt 0.452980 0.519940
vt 0.166780 0.127040
vt 0.166780 0.068340
vt 0.216980 0.127040
vt 0.216980 0.068340
vt 0.121040 0.127040
vt 0.121040 0.068340
vt 0.078460 0.127040
vt 0.078460 0.068340
s 0
usemtl 材质
f 10/1/1 7/2/2 12/3/3
f 7/2/4 9/4/5 12/3/6
f 6/5/7 8/5/8 11/6/9
f 6/5/10 11/6/11 12/3/6
f 9/4/12 6/5/10 12/3/6
f 8/5/13 10/1/14 12/3/3
f 11/6/15 8/5/13 12/3/3
f 9/4/5 16/7/16 13/8/17
f 6/9/18 9/4/5 13/8/19
f 10/1/1 8/9/20 15/8/21
f 17/7/22 10/1/1 15/8/23
f 8/9/24 6/9/25 13/8/26
f 15/8/27 8/9/8 13/8/26
f 10/1/1 17/7/22 14/10/28
f 7/2/2 10/1/1 14/10/28
f 9/4/5 7/2/29 14/10/30
f 16/7/16 9/4/5 14/10/31
f 13/8/32 16/7/16 21/11/33
f 18/12/34 13/8/32 21/11/33
f 17/7/35 15/8/21 20/12/36
f 22/11/37 17/7/35 20/12/36
f 15/8/38 13/8/39 18/12/40
f 20/12/41 15/8/38 18/12/40
f 14/10/28 17/7/22 22/11/37
f 19/13/42 14/10/28 22/11/37
f 16/7/43 14/10/44 19/13/45
f 21/11/33 16/7/43 19/13/45
f 26/14/46 4/15/47 1/16/48
f 23/17/49 26/14/46 1/16/48
f 18/12/50 21/11/33 26/14/46
f 23/17/48 18/12/50 26/14/46
f 25/17/51 3/16/51 5/15/52
f 27/14/53 25/17/51 5/15/54
f 22/11/37 20/12/55 25/17/55
f 27/14/56 22/11/37 25/17/55
f 23/17/57 1/16/58 3/16/58
f 25/17/57 23/17/59 3/16/58
f 20/12/41 18/12/40 23/17/57
f 25/17/57 20/12/41 23/17/57
f 27/14/53 5/15/52 2/18/60
f 24/19/61 27/14/53 2/18/62
f 19/13/63 22/11/37 27/14/53
f 24/19/64 19/13/65 27/14/53
f 24/19/66 2/18/67 4/15/47
f 26/14/68 24/19/66 4/15/47
f 21/11/69 19/13/45 24/19/70
f 26/14/68 21/11/69 24/19/66
f 29/20/71 28/21/71 40/22/71
f 30/23/71 29/20/71 40/22/71
f 31/24/71 30/23/71 40/22/71
f 32/25/71 31/24/71 40/22/71
f 33/26/71 32/25/71 40/22/71
f 34/27/71 33/26/71 40/22/71
f 35/28/71 34/27/71 40/22/71
f 36/29/71 35/28/71 40/22/71
f 37/30/71 36/29/71 40/22/71
f 38/31/71 37/30/71 40/22/71
f 39/32/71 38/31/71 40/22/71
f 28/21/71 39/32/71 40/22/71
f 42/21/72 43/20/72 41/22/72
f 43/20/72 44/23/72 41/22/72
f 44/23/72 45/24/72 41/22/72
f 45/24/72 46/25/72 41/22/72
f 46/25/72 47/26/72 41/22/72
f 47/26/72 48/27/72 41/22/72
f 48/27/72 49/28/72 41/22/72
f 49/28/72 50/29/72 41/22/72
f 50/29/72 51/30/72 41/22/72
f 51/30/72 52/31/72 41/22/72
f 52/31/72 53/32/72 41/22/72
f 53/32/72 42/21/72 41/22/72
f 66/33/73 67/34/74 55/34/75
f 54/33/76 66/33/73 55/34/77
f 67/34/74 68/35/78 56/35/79
f 55/34/80 67/34/74 56/35/79
f 68/35/81 69/36/82 57/36/83
f 56/35/84 68/35/81 57/36/83
f 69/36/85 70/37/86 58/37/87
f 57/36/88 69/36/85 58/37/89
f 70/37/90 71/38/91 59/38/92
f 58/37/93 70/37/94 59/38/95
f 71/38/96 72/39/97 60/39/98
f 59/38/92 71/38/96 60/39/98
f 72/39/99 73/40/100 61/40/101
f 60/39/102 72/39/99 61/40/103
f 73/40/100 74/41/104 62/41/105
f 61/40/106 73/40/100 62/41/105
f 74/41/107 75/42/108 63/42/109
f 62/41/110 74/41/107 63/42/109
f 75/42/108 76/43/111 64/43/112
f 63/42/109 75/42/108 64/43/112
f 76/43/113 77/44/114 65/44/115
f 64/43/116 76/43/113 65/44/117
f 77/44/118 66/33/119 54/33/120
f 65/44/115 77/44/118 54/33/120
f 78/45/121 80/46/121 84/47/121
f 82/48/121 78/45/121 84/47/121
f 81/49/122 79/50/122 83/51/122
f 85/52/122 81/49/122 83/51/122
f 79/50/123 86/53/124 88/54/125
f 83/51/123 79/50/123 88/54/125
f 86/53/126 78/45/127 82/48/127
f 88/54/125 86/53/126 82/48/127
f 80/46/128 87/55/129 89/56/130
f 84/47/128 80/46/128 89/56/130
f 87/55/129 81/49/131 85/52/131
f 89/56/132 87/55/129 85/52/131
f 85/52/71 83/51/71 88/54/71
f 82/48/71 85/52/71 88/54/71
f 89/56/71 85/52/71 82/48/71
f 84/47/71 89/56/71 82/48/71
f 90/57/121 92/58/133 94/58/133
f 96/57/121 90/57/121 94/58/133
f 97/59/134 95/60/135 93/60/135
f 91/59/134 97/59/134 93/60/135
f 90/61/121 96/62/121 100/63/136
f 98/64/136 90/61/121 100/63/136
f 97/65/137 91/66/137 99/67/138
f 101/68/138 97/65/137 99/67/138
f 103/69/139 102/70/140 92/58/141
f 90/57/142 103/69/143 92/58/144
f 103/69/145 91/59/146 93/60/147
f 102/70/140 103/69/148 93/60/149
f 92/58/72 102/70/72 104/70/72
f 94/58/72 92/58/72 104/70/72
f 102/70/72 93/60/72 95/60/72
f 104/70/72 102/70/72 95/60/72
f 94/58/150 104/70/151 105/69/152
f 96/57/153 94/58/154 105/69/155
f 104/70/156 95/60/157 97/59/158
f 105/69/159 104/70/156 97/59/160
f 91/66/161 103/71/162 106/72/163
f 99/67/161 91/66/161 106/72/163
f 103/71/143 90/73/164 98/74/165
f 106/72/166 103/71/143 98/74/165
f 96/62/167 105/75/155 107/76/168
f 100/63/167 96/62/167 107/76/168
f 105/75/169 97/77/160 101/78/170
f 107/76/171 105/75/159 101/78/170
o blade_luminous
v 81.007278 0.846567 -0.579702
v 81.018005 -6.042278 -0.579701
v 81.018005 -6.042279 -3.827880
v 81.011887 7.328309 -2.203792
v 81.007278 0.846567 -3.827881
v 81.006310 0.914508 0.250885
v 81.026047 -6.601507 -0.300087
v 81.024010 -6.461700 -4.247301
v 81.008987 7.532266 -2.203792
v 81.006310 0.914508 -4.658467
v 81.464249 0.984886 1.103396
v 81.493210 -7.194435 -0.015195
v 81.602524 -6.835511 -4.618812
v 81.386154 7.872242 -2.203792
v 81.463608 0.984344 -5.512738
v 81.756020 1.099519 2.206558
v 81.827896 -7.922297 0.398001
v 82.028275 -7.405972 -5.150566
v 81.594147 8.400478 -2.203927
v 81.764816 1.099654 -6.597089
v 82.164078 -6.026579 -0.588498
v 82.153244 0.855500 -0.569957
v 82.164185 -6.027121 -3.823143
v 82.157745 7.341030 -2.203792
v 82.153351 0.854958 -3.841821
v 81.012642 -5.390613 -1.230555
v 81.010063 0.688895 -1.861650
v 82.515282 0.856312 -0.771480
v 82.566666 -5.917630 -0.716802
v 81.014145 -5.390613 -3.177162
v 82.580719 -5.910592 -3.681306
v 81.017899 7.011070 -2.203792
v 82.477844 7.374866 -2.203927
v 81.012207 0.688624 -2.545933
v 82.529541 0.863485 -3.617832
v 50.915382 -16.217093 -14.726686
v 71.411835 18.311487 -37.605740
v 104.156433 18.311489 9.090348
v 104.156433 -16.217098 9.090346
v 71.411835 -16.217102 -37.605740
v 50.915382 18.311489 -14.726688
v 108.401390 1.047197 4.351969
v 75.656769 1.047194 -42.344101
v 46.670464 1.047193 -9.988317
v 93.908203 25.462606 20.529778
v 61.163635 25.462603 -26.166204
v 61.163635 -23.368216 -26.166201
v 93.908203 -23.368212 20.529781
v 101.227295 25.462605 6.035935
v 101.227295 -23.368214 6.035939
v 53.844574 -23.368214 -11.672252
v 53.844574 25.462605 -11.672256
v 106.723450 1.047195 -17.374098
v 95.731163 1.047199 29.445972
v 48.348389 1.047197 11.737786
v 59.340691 1.047194 -35.082298
v 56.592644 -20.097164 -23.377268
v 103.975365 -20.097162 -5.669075
v 98.479233 22.191559 17.740957
v 51.096504 22.191557 0.032768
v 49.084763 -11.160498 8.601424
v 96.467499 -11.160497 26.309624
v 105.987099 13.254894 -14.237744
v 58.604351 13.254892 -31.945948
v 80.759178 -32.947708 30.123697
v 110.059639 2.498136 2.623101
v 113.627159 2.498136 2.623101
v 113.627159 -2.002957 2.623101
v 110.059639 -2.002957 2.623101
v 110.059639 0.247595 0.372553
v 113.627159 0.247595 0.372553
v 113.627159 0.247592 4.873647
v 110.059639 0.247592 4.873647
v 110.059639 -1.701443 1.497824
v 113.627159 -1.701443 1.497824
v 113.627159 2.196624 3.748366
v 110.059639 2.196624 3.748366
v 110.059639 1.838962 1.031725
v 113.627159 1.838962 1.031725
v 113.627159 -1.343785 4.214472
v 110.059639 -1.343785 4.214472
v 111.716904 -0.988172 2.369592
v 115.284424 -0.988172 2.369592
v 115.284424 -5.396488 1.460435
v 111.716904 -5.396488 1.460435
v 111.716904 -2.737747 -0.289144
v 115.284424 -2.737747 -0.289144
v 115.284424 -3.646905 4.119174
v 111.716904 -3.646905 4.119174
v 111.716904 -4.873900 0.419254
v 115.284424 -4.873900 0.419254
v 115.284424 -1.510754 3.410765
v 111.716904 -1.510754 3.410765
v 111.716904 -1.312321 0.677874
v 115.284424 -1.312321 0.677874
v 115.284424 -5.072337 3.152150
v 111.716904 -5.072337 3.152150
v 113.387527 -2.379315 2.369592
v 116.955048 -2.379315 2.369592
v 116.955048 -6.787632 1.460435
v 113.387527 -6.787632 1.460435
v 113.387527 -4.128890 -0.289144
v 116.955048 -4.128890 -0.289144
v 116.955048 -5.038048 4.119174
v 113.387527 -5.038048 4.119174
v 113.387527 -6.265044 0.419255
v 116.955048 -6.265044 0.419255
v 116.955048 -2.901897 3.410765
v 113.387527 -2.901897 3.410765
v 113.387527 -2.703465 0.677874
v 116.955048 -2.703465 0.677874
v 116.955048 -6.463480 3.152150
v 113.387527 -6.463480 3.152150
v 110.059639 2.498135 -7.030684
v 113.627159 -2.002958 -7.030683
v 113.627159 2.498135 -7.030684
v 110.059639 -2.002958 -7.030683
v 110.059639 0.247595 -4.780136
v 113.627159 0.247591 -9.281229
v 113.627159 0.247595 -4.780136
v 110.059639 0.247591 -9.281229
v 110.059639 -1.701444 -5.905406
v 113.627159 2.196623 -8.155949
v 113.627159 -1.701444 -5.905406
v 110.059639 2.196623 -8.155949
v 110.059639 1.838961 -5.439308
v 113.627159 -1.343786 -8.622053
v 113.627159 1.838961 -5.439308
v 110.059639 -1.343786 -8.622053
v 111.716904 -0.988172 -6.777174
v 115.284424 -5.396488 -5.868016
v 115.284424 -0.988172 -6.777174
v 111.716904 -5.396488 -5.868016
v 111.716904 -2.737747 -4.118438
v 115.284424 -3.646906 -8.526755
v 115.284424 -2.737747 -4.118438
v 111.716904 -3.646906 -8.526755
v 111.716904 -4.873901 -4.826836
v 115.284424 -1.510755 -7.818347
v 115.284424 -4.873901 -4.826836
v 111.716904 -1.510755 -7.818347
v 111.716904 -1.312322 -5.085456
v 115.284424 -5.072338 -7.559732
v 115.284424 -1.312322 -5.085456
v 111.716904 -5.072338 -7.559732
v 113.387527 -2.379316 -6.777174
v 116.955048 -6.787632 -5.868016
v 116.955048 -2.379316 -6.777174
v 113.387527 -6.787632 -5.868016
v 113.387527 -4.128891 -4.118438
v 116.955048 -5.038049 -8.526755
v 116.955048 -4.128891 -4.118438
v 113.387527 -5.038049 -8.526755
v 113.387527 -6.265045 -4.826836
v 116.955048 -2.901898 -7.818347
v 116.955048 -6.265045 -4.826836
v 113.387527 -2.901898 -7.818347
v 113.387527 -2.703465 -5.085456
v 116.955048 -6.463481 -7.559732
v 116.955048 -2.703465 -5.085456
v 113.387527 -6.463481 -7.559732
v 92.863724 30.913015 2.707968
v 123.270912 7.910281 2.707970
v 105.039101 -30.453791 2.707972
v 74.631927 -7.451062 2.707970
v 92.863724 15.571289 -23.864599
v 123.270912 4.069939 -3.943675
v 105.039101 -15.112062 29.280535
v 74.631927 0.229613 10.388635
v 92.863724 21.926020 -18.988440
v 123.270912 5.660656 -2.723074
v 105.039101 -21.466793 24.404381
v 93.224892 -21.133316 -19.470535
v 123.292107 -6.447806 -0.864437
v 104.677925 21.592541 24.886467
v 92.863724 30.913015 -7.115555
v 105.039101 -30.453791 -7.115550
v 123.270912 7.910281 -7.115554
v 74.631927 -7.451063 -7.115551
v 92.863724 15.571293 19.457014
v 105.039101 -15.112066 -33.688118
v 123.270912 4.069939 -0.463909
v 74.631927 0.229611 -14.796216
v 92.863724 21.926023 14.580854
v 105.039101 -21.466797 -28.811958
v 123.270912 5.660656 -1.684509
v 74.631927 -5.201437 -12.546603
v 93.224892 -21.133312 15.062958
v 104.677925 21.592537 -29.294052
v 123.292107 -6.447806 -3.543145
v 74.610733 6.907036 -10.687967
v 88.429184 -53.007339 -17.026150
v 84.522217 -50.291073 -27.380320
v 82.189568 -52.041275 -24.510612
v 90.761841 -51.257126 -19.895824
v 86.789040 -48.225620 -30.121948
v 93.028648 -49.191681 -22.637447
v 95.215851 -46.824684 -25.234499
v 88.976219 -45.858627 -32.718975
v 91.069984 -43.203827 -35.154888
v 97.309593 -44.169895 -27.670387
v 93.056534 -40.274948 -37.413120
v 99.296158 -41.241009 -29.928637
v 101.164314 -38.058498 -31.997044
v 94.924690 -37.092430 -39.481541
v 102.902908 -34.642765 -33.863419
v 96.663307 -33.676708 -41.347889
v 98.261185 -30.048189 -43.000046
v 104.500793 -31.014256 -35.515564
v 99.707161 -26.227352 -44.425777
v 105.946777 -27.193415 -36.941311
v 107.233421 -23.205359 -38.134007
v 100.993805 -22.239304 -45.618492
v 108.353264 -19.075247 -39.087006
v 102.113640 -18.109184 -46.571495
v 103.059227 -13.862160 -47.278160
v 109.298843 -14.828220 -39.793682
v 103.823097 -9.523346 -47.731838
v 110.062714 -10.489408 -40.247360
v 110.641876 -6.086206 -40.447601
v 104.402267 -5.120145 -47.932095
v 111.033333 -1.645999 -40.393970
v 104.793716 -0.679938 -47.878437
v 104.994431 3.769888 -47.570457
v 111.234047 2.803828 -40.085976
v 105.001434 8.201948 -47.007664
v 111.241043 7.235888 -39.523186
v 111.056053 11.623226 -38.711399
v 104.816452 12.589283 -46.195873
v 110.680801 15.938890 -37.656357
v 104.441177 16.904955 -45.140835
v 103.877403 21.121996 -43.848351
v 110.117012 20.155937 -36.363850
v 103.126839 25.213463 -42.324181
v 109.366447 24.247402 -34.839699
v 108.435402 28.189415 -33.095318
v 102.195786 29.155478 -40.579803
v 107.330162 31.958086 -31.142166
v 101.090561 32.924156 -38.626637
v 99.817459 36.495625 -36.476166
v 106.057083 35.529560 -28.991669
v 98.382797 39.845989 -34.139805
v 104.622414 38.879932 -26.655310
v 103.036430 41.990742 -24.149107
v 96.796837 42.956806 -31.633577
v 101.309418 44.843529 -21.488998
v 95.069832 45.809597 -28.973488
v 93.212029 48.385876 -26.175520
v 99.451630 47.419804 -18.691034
v 91.233688 50.667194 -23.255676
v 97.473305 49.701141 -15.771196
v 95.387665 51.676247 -12.748467
v 89.148064 52.642303 -20.232950
v 93.207916 53.333897 -9.641829
v 86.968307 54.299961 -17.126326
v 84.707672 55.628872 -13.954761
v 90.947273 54.662815 -6.470290
v 82.379349 56.617844 -10.737246
v 88.618958 55.651791 -3.252765
v 86.237793 56.297836 -0.009437
v 79.998199 57.263893 -7.493904
v 83.818687 56.598080 3.239650
v 77.579086 57.564148 -4.244819
v 75.136879 57.515621 -1.010128
v 81.376488 56.549549 6.474358
v 72.686447 57.115398 2.190101
v 78.926056 56.149349 9.674585
v 76.482491 55.403130 12.821087
v 70.242874 56.369190 5.336588
v 74.060814 54.316570 15.894585
v 67.821205 55.282631 8.410084
v 65.436508 53.861412 11.391307
v 71.676109 52.895363 18.875803
v 63.103855 52.111221 14.261013
v 69.343460 51.145149 21.745459
v 67.076645 49.079697 24.487123
v 60.837036 50.045753 17.002619
v 64.889450 46.712704 27.084152
v 58.649845 47.678768 19.599661
v 56.556076 45.023960 22.035549
v 62.795685 44.057899 29.520025
v 54.569527 42.095089 24.293804
v 60.809139 41.129040 31.778276
v 58.940987 37.946510 33.846695
v 52.701378 38.912571 26.362196
v 57.202385 34.530785 35.713043
v 50.962776 35.496853 28.228556
v 49.364906 31.868338 29.880716
v 55.604500 30.902277 37.365181
v 47.918915 28.047491 31.306459
v 54.158516 27.081432 38.790924
v 52.871872 23.093386 39.983624
v 46.632263 24.059446 32.499146
v 51.752060 18.963276 40.936642
v 45.512421 19.929337 33.452148
v 44.566856 15.682308 34.158829
v 50.806465 14.716249 41.643299
v 43.802979 11.343500 34.612507
v 50.042580 10.377443 42.097012
v 49.463440 5.974238 42.297241
v 43.223808 6.940298 34.812767
v 49.071968 1.534032 42.243614
v 42.832359 2.500094 34.759113
v 42.631653 -1.949732 34.451145
v 48.871254 -2.915792 41.935623
v 42.624649 -6.381787 33.888351
v 48.864250 -7.347847 41.372818
v 49.049232 -11.735182 40.561020
v 42.809647 -10.769125 33.076538
v 49.424500 -16.050852 39.505985
v 43.184906 -15.084791 32.021500
v 43.748680 -19.301832 30.729017
v 49.988274 -20.267895 38.213486
v 44.499237 -23.393299 29.204865
v 50.738846 -24.359354 36.689327
v 51.669891 -28.301369 34.944935
v 45.430290 -27.335306 27.460470
v 52.775124 -32.070042 32.991791
v 46.535507 -31.103987 25.507326
v 47.808617 -34.675457 23.356834
v 54.048225 -35.641514 30.841318
v 49.243279 -38.025822 21.020481
v 55.482880 -38.991879 28.504976
v 57.068848 -42.102692 25.998730
v 50.829247 -41.136631 18.514263
v 58.795860 -44.955479 23.338655
v 52.556252 -43.989422 15.854187
v 54.414062 -46.565701 13.056204
v 60.653671 -47.531761 20.540688
v 56.392380 -48.847023 10.136371
v 62.631992 -49.813084 17.620852
v 64.717621 -51.788185 14.598139
v 58.478012 -50.822144 7.113643
v 66.897354 -53.445843 11.491485
v 60.657757 -52.479774 4.007017
v 62.918392 -53.808685 0.835435
v 69.158005 -54.774773 8.319912
v 65.246735 -54.797668 -2.382066
v 71.486343 -55.763733 5.102435
v 73.867485 -56.409771 1.859062
v 67.627884 -55.443718 -5.625409
v 76.286606 -56.710026 -1.390011
v 70.046989 -55.743973 -8.874507
v 72.489189 -55.695442 -12.109201
v 78.728790 -56.661503 -4.624730
v 74.939613 -55.295238 -15.309428
v 81.179214 -56.261303 -7.824960
v 83.622803 -55.515099 -10.971433
v 77.383202 -54.549030 -18.455915
v 86.044479 -54.428543 -14.044917
v 79.804871 -53.462471 -21.529402
v 63.668606 -53.007339 -16.972118
v 55.497742 -50.291073 -11.949066
v 57.793320 -52.041275 -9.032149
v 61.373051 -51.257126 -19.889042
v 53.304276 -48.225616 -14.784060
v 59.179585 -49.191681 -22.724035
v 57.101410 -46.824684 -25.459904
v 51.226112 -45.858624 -17.519913
v 49.276520 -43.203823 -20.139362
v 55.151833 -44.169895 -28.079332
v 47.468712 -40.274940 -22.625164
v 53.344009 -41.241005 -30.565155
v 51.687706 -38.058495 -32.903297
v 45.812408 -37.092422 -24.963312
v 50.192734 -34.642765 -35.079826
v 44.317429 -33.676704 -27.139862
v 42.993500 -30.048183 -29.140810
v 48.868782 -31.014252 -37.080776
v 41.850395 -26.227348 -30.952148
v 47.725700 -27.193411 -38.892132
v 46.768745 -23.205359 -40.504574
v 40.893417 -22.239298 -32.564587
v 46.003258 -19.075245 -41.908764
v 40.127945 -18.109180 -33.968773
v 39.559303 -13.862156 -35.155342
v 45.434608 -14.828218 -43.095310
v 39.192787 -9.523342 -36.114948
v 45.068092 -10.489407 -44.054924
v 44.904144 -6.086205 -44.783798
v 39.028824 -5.120141 -36.843822
v 44.943092 -1.645997 -45.278145
v 39.067818 -0.679935 -37.338165
v 39.310081 3.769892 -37.594193
v 45.185394 2.803830 -45.534172
v 39.756050 8.201952 -37.608131
v 45.631371 7.235891 -45.548096
v 46.276436 11.623230 -45.322090
v 40.401146 12.589289 -37.382122
v 47.116028 15.938890 -44.858227
v 41.240707 16.904959 -36.918240
v 42.270195 21.122002 -36.218685
v 48.145531 20.155939 -44.158665
v 43.485016 25.213467 -35.285583
v 49.360329 24.247402 -43.225555
v 50.751305 28.189415 -42.066746
v 44.876015 29.155481 -34.126766
v 52.309311 31.958086 -40.690063
v 46.434036 32.924160 -32.750107
v 48.149971 36.495625 -31.163441
v 54.025269 35.529564 -39.103424
v 50.014687 39.845993 -29.374628
v 55.889999 38.879932 -37.314606
v 57.890709 41.990742 -35.336422
v 52.015396 42.956810 -27.396469
v 60.014675 44.843525 -33.181709
v 54.139389 45.809601 -25.241776
v 56.373787 48.385876 -22.923302
v 62.249092 47.419800 -30.863258
v 58.705887 50.667194 -20.453861
v 64.581192 49.701138 -28.393848
v 66.995811 51.676247 -25.789965
v 61.120510 52.642303 -17.850008
v 69.477783 53.333897 -23.068119
v 63.602482 54.299961 -15.128153
v 66.136642 55.628872 -12.304850
v 72.011932 54.662815 -20.244804
v 68.707855 56.617844 -9.396561
v 74.583145 55.651791 -17.336525
v 77.175293 56.297836 -14.361816
v 71.300003 57.263893 -6.421859
v 79.772339 56.598080 -11.339272
v 73.897049 57.564148 -3.399316
v 76.482895 57.515621 -0.347509
v 82.358200 56.549549 -8.287477
v 79.041519 57.115398 2.714981
v 84.916824 56.149349 -5.224995
v 87.432785 55.403130 -2.170657
v 81.557465 56.369190 5.769328
v 89.890678 54.316570 0.856716
v 84.015373 55.282631 8.796680
v 86.399811 53.861412 11.778250
v 92.275131 52.895363 3.838264
v 88.695389 52.111221 14.695143
v 94.570656 51.145149 6.755180
v 96.764160 49.079693 9.590180
v 90.888847 50.045753 17.530157
v 98.842331 46.712700 12.326047
v 92.967010 47.678768 20.266006
v 94.916580 45.023960 22.885462
v 100.791885 44.057896 14.945498
v 96.724426 42.095097 25.371254
v 102.599716 41.129036 17.431290
v 104.256012 37.946510 19.769436
v 98.380707 38.912575 27.709404
v 105.750992 34.530785 21.945969
v 99.875656 35.496857 29.885942
v 101.199600 31.868338 31.886873
v 107.074890 30.902281 23.946917
v 102.342720 28.047495 33.698227
v 108.218033 27.081434 25.758272
v 109.174973 23.093386 27.370726
v 103.299667 24.059450 35.310688
v 109.940453 18.963276 28.774860
v 104.065163 19.929340 36.714863
v 104.633812 15.682314 37.901405
v 110.509094 14.716251 29.961451
v 105.000298 11.343502 38.861012
v 110.875641 10.377443 30.921064
v 111.039566 5.974240 31.649908
v 105.164299 6.940301 39.589890
v 111.000618 1.534034 32.144283
v 105.125298 2.500098 40.084244
v 104.883034 -1.949729 40.340271
v 110.758354 -2.915791 32.400299
v 104.437050 -6.381783 40.354202
v 110.312363 -7.347845 32.414242
v 109.667282 -11.735181 32.188225
v 103.791977 -10.769121 40.128166
v 108.827698 -16.050848 31.724356
v 102.952385 -15.084787 39.664310
v 101.922905 -19.301830 38.964756
v 107.798180 -20.267895 31.024809
v 100.708099 -23.393293 38.031658
v 106.583405 -24.359354 30.091696
v 105.192406 -28.301367 28.932888
v 99.317123 -27.335300 36.872841
v 103.634384 -32.070042 27.556223
v 97.759109 -31.103983 35.496193
v 96.043152 -34.675457 33.909515
v 101.918465 -35.641510 25.969542
v 94.178429 -38.025818 32.120708
v 100.053757 -38.991879 24.180748
v 98.053001 -42.102695 22.202587
v 92.177719 -41.136623 30.142542
v 95.929062 -44.955482 20.047871
v 90.053772 -43.989418 27.987835
v 87.819336 -46.565697 25.669365
v 93.694641 -47.531761 17.729389
v 85.487244 -48.847019 23.199951
v 91.362549 -49.813084 15.259981
v 88.947937 -51.788185 12.656108
v 83.072617 -50.822144 20.596085
v 86.465942 -53.445843 9.934285
v 80.590652 -52.479774 17.874243
v 78.056473 -53.808685 15.050940
v 83.931778 -54.774773 7.110954
v 75.485275 -54.797668 12.142633
v 81.360596 -55.763733 4.202668
v 78.768417 -56.409771 1.227974
v 72.893127 -55.443718 9.167930
v 76.171379 -56.710026 -1.794575
v 70.296066 -55.743973 6.145391
v 67.710213 -55.695442 3.093593
v 73.585510 -56.661503 -4.846364
v 65.151596 -55.295238 0.031100
v 71.026901 -56.261303 -7.908854
v 68.510956 -55.515099 -10.963208
v 62.635654 -54.549030 -3.023243
v 66.053062 -54.428543 -13.990570
v 60.177757 -53.462471 -6.050597
vn 1.0000 0.0016 0.0010
vn 0.9998 0.0041 -0.0205
vn 0.9999 0.0144 -0.0000
vn 0.9999 0.0143 -0.0000
vn 0.9991 0.0142 0.0394
vn 1.0000 -0.0004 0.0012
vn 1.0000 -0.0004 -0.0012
vn 0.9991 0.0142 -0.0394
vn 0.9999 0.0030 0.0113
vn 1.0000 0.0016 -0.0010
vn 0.0085 0.0027 -1.0000
vn -0.0077 -0.0000 -1.0000
vn 0.9247 0.0004 0.3807
vn 0.7327 -0.0897 0.6747
vn -0.0137 0.9999 -0.0000
vn -0.0132 0.9999 -0.0002
vn 0.8671 -0.4981 0.0001
vn 0.8317 -0.5547 -0.0235
vn 0.0027 -0.2443 -0.9697
vn 0.0101 -0.2430 -0.9700
vn 0.2873 0.4173 0.8622
vn 0.9232 0.0933 0.3729
vn 0.0136 -0.2430 0.9699
vn 0.0027 -0.2449 0.9696
vn 0.9228 0.0937 -0.3737
vn 0.2874 0.4174 -0.8621
vn -0.0041 -0.0000 1.0000
vn 0.0121 0.0027 0.9999
vn 0.8380 -0.0472 -0.5436
vn 0.9244 0.0004 -0.3815
vn -1.0000 -0.0006 -0.0021
vn -1.0000 -0.0016 0.0067
vn 0.5906 -0.0831 -0.8027
vn 0.3123 -0.0053 -0.9500
vn 0.9691 0.0093 0.2463
vn 0.8923 -0.0819 0.4440
vn -1.0000 -0.0082 -0.0000
vn -1.0000 -0.0052 -0.0008
vn 0.3211 0.9470 0.0002
vn 0.3161 0.9487 0.0038
vn 0.9390 -0.3440 0.0036
vn 0.9376 -0.3478 0.0015
vn -0.9968 -0.0189 -0.0782
vn -1.0000 0.0011 -0.0023
vn 0.0532 -0.2140 -0.9754
vn 0.5892 -0.0444 -0.8067
vn 0.5218 0.4496 0.7250
vn 0.9685 0.0588 0.2421
vn -1.0000 0.0007 0.0039
vn -0.9968 -0.0189 0.0782
vn 0.5798 -0.0445 0.8135
vn 0.0528 -0.2115 0.9760
vn 0.9680 0.0606 -0.2437
vn 0.5211 0.4490 -0.7259
vn -1.0000 -0.0016 -0.0044
vn -1.0000 -0.0007 0.0038
vn 0.3043 -0.0066 0.9525
vn 0.5814 -0.0838 0.8093
vn 0.9443 -0.0265 -0.3280
vn 0.9687 0.0096 -0.2479
vn -0.6188 -0.6548 0.4339
vn 0.6188 0.6548 -0.4339
vn -0.0000 -1.0000 -0.0000
vn 0.8188 -0.0000 -0.5741
vn -0.8188 -0.0000 0.5741
vn -0.3501 -0.0000 0.9367
vn 0.3501 -0.0000 -0.9367
vn -0.0000 1.0000 -0.0000
vn 0.3049 0.4913 -0.8159
vn 0.1781 -0.8609 -0.4766
vn -0.3049 -0.4913 0.8159
vn -0.1781 0.8609 0.4766
vn -0.0000 -0.0000 1.0000
vn -0.0000 0.5000 -0.8660
vn -0.0000 0.7071 0.7071
vn -0.0000 -0.2020 0.9794
vn -0.0000 0.9794 0.2020
vn -0.0000 0.6646 -0.7472
vn -0.0000 0.5497 0.8354
vn -0.0000 -0.0000 -1.0000
vn -0.0000 0.5000 0.8660
vn -0.0000 0.7071 -0.7071
vn -0.0000 -0.2020 -0.9794
vn -0.0000 0.9794 -0.2020
vn -0.0000 0.6646 0.7472
vn -0.0000 0.5497 -0.8354
vn -0.0000 -0.5000 0.8660
vn -0.0000 -0.7071 -0.7071
vn -0.0000 0.2020 -0.9794
vn -0.0000 -0.9794 -0.2020
vn -0.0000 -0.6646 0.7472
vn -0.0000 -0.5497 -0.8354
vn -0.0000 0.8660 0.5000
vn 0.1481 0.8708 0.4688
vn 0.0904 0.7055 -0.7029
vn -0.0000 0.8660 -0.5000
vn 0.1481 0.8708 -0.4688
vn 0.0904 0.7055 0.7029
vn 0.2639 -0.9039 -0.3367
vn 0.3251 -0.8648 -0.3827
vn 0.3829 -0.8202 -0.4251
vn 0.4372 -0.7705 -0.4639
vn 0.4880 -0.7159 -0.4993
vn 0.5342 -0.6583 -0.5303
vn 0.5761 -0.5978 -0.5574
vn 0.6138 -0.5347 -0.5808
vn 0.6476 -0.4691 -0.6004
vn 0.6768 -0.4027 -0.6162
vn 0.7019 -0.3353 -0.6284
vn 0.7230 -0.2670 -0.6372
vn 0.7403 -0.1975 -0.6426
vn 0.7535 -0.1284 -0.6448
vn 0.7629 -0.0595 -0.6437
vn 0.7687 0.0096 -0.6396
vn 0.7707 0.0791 -0.6323
vn 0.7690 0.1475 -0.6220
vn 0.7636 0.2152 -0.6088
vn 0.7544 0.2825 -0.5925
vn 0.7414 0.3494 -0.5730
vn 0.7414 0.3494 -0.5729
vn 0.7245 0.4147 -0.5505
vn 0.7038 0.4785 -0.5250
vn 0.6791 0.5409 -0.4963
vn 0.6499 0.6019 -0.4641
vn 0.6167 0.6600 -0.4290
vn 0.5795 0.7152 -0.3908
vn 0.5378 0.7673 -0.3493
vn 0.4915 0.8159 -0.3045
vn 0.4415 0.8596 -0.2571
vn 0.3877 0.8982 -0.2073
vn 0.3300 0.9312 -0.1549
vn 0.2685 0.9581 -0.1002
vn 0.2047 0.9778 -0.0445
vn 0.1390 0.9902 0.0120
vn 0.0715 0.9951 0.0689
vn 0.0714 0.9951 0.0689
vn 0.0025 0.9920 0.1260
vn -0.0659 0.9812 0.1815
vn -0.1333 0.9627 0.2354
vn -0.1994 0.9369 0.2872
vn -0.2639 0.9039 0.3367
vn -0.3251 0.8648 0.3827
vn -0.3829 0.8202 0.4251
vn -0.4372 0.7705 0.4639
vn -0.4880 0.7159 0.4993
vn -0.5342 0.6583 0.5303
vn -0.5761 0.5978 0.5574
vn -0.6138 0.5347 0.5808
vn -0.6476 0.4691 0.6004
vn -0.6768 0.4027 0.6162
vn -0.7019 0.3353 0.6284
vn -0.7230 0.2670 0.6372
vn -0.7403 0.1975 0.6426
vn -0.7535 0.1284 0.6448
vn -0.7629 0.0595 0.6437
vn -0.7687 -0.0096 0.6396
vn -0.7707 -0.0791 0.6323
vn -0.7690 -0.1475 0.6220
vn -0.7636 -0.2152 0.6088
vn -0.7544 -0.2825 0.5925
vn -0.7414 -0.3494 0.5730
vn -0.7245 -0.4147 0.5505
vn -0.7038 -0.4785 0.5250
vn -0.6791 -0.5409 0.4963
vn -0.6499 -0.6019 0.4641
vn -0.6167 -0.6600 0.4290
vn -0.5795 -0.7152 0.3908
vn -0.5378 -0.7673 0.3493
vn -0.4915 -0.8159 0.3045
vn -0.4415 -0.8596 0.2571
vn -0.3877 -0.8982 0.2073
vn -0.3300 -0.9312 0.1549
vn -0.2685 -0.9581 0.1002
vn -0.2047 -0.9778 0.0445
vn -0.1390 -0.9902 -0.0120
vn -0.0714 -0.9951 -0.0689
vn -0.0715 -0.9951 -0.0689
vn -0.0025 -0.9920 -0.1260
vn 0.0659 -0.9812 -0.1816
vn 0.0659 -0.9812 -0.1815
vn 0.1333 -0.9627 -0.2354
vn 0.1994 -0.9369 -0.2872
vn -0.7414 -0.3494 0.5729
vn 0.1994 -0.9369 -0.2871
vn -0.0659 0.9812 0.1816
vn -0.4185 -0.8855 -0.2019
vn -0.4744 -0.8446 -0.2483
vn -0.5258 -0.7990 -0.2919
vn -0.5729 -0.7490 -0.3328
vn -0.6158 -0.6950 -0.3711
vn -0.6537 -0.6386 -0.4060
vn -0.6537 -0.6385 -0.4061
vn -0.6871 -0.5798 -0.4379
vn -0.7162 -0.5188 -0.4668
vn -0.7412 -0.4555 -0.4931
vn -0.7618 -0.3915 -0.5161
vn -0.7783 -0.3266 -0.5362
vn -0.7910 -0.2606 -0.5536
vn -0.7998 -0.1933 -0.5683
vn -0.8047 -0.1260 -0.5801
vn -0.8059 -0.0585 -0.5892
vn -0.8033 0.0095 -0.5955
vn -0.7968 0.0783 -0.5991
vn -0.7866 0.1466 -0.5999
vn -0.7725 0.2145 -0.5977
vn -0.7544 0.2825 -0.5926
vn -0.7319 0.3506 -0.5843
vn -0.7055 0.4173 -0.5728
vn -0.6748 0.4828 -0.5581
vn -0.6396 0.5472 -0.5399
vn -0.5995 0.6102 -0.5179
vn -0.5553 0.6702 -0.4924
vn -0.5066 0.7271 -0.4633
vn -0.4533 0.7805 -0.4304
vn -0.3953 0.8300 -0.3935
vn -0.3338 0.8739 -0.3533
vn -0.2690 0.9119 -0.3100
vn -0.2011 0.9434 -0.2636
vn -0.1302 0.9681 -0.2141
vn -0.0584 0.9849 -0.1630
vn 0.0139 0.9938 -0.1106
vn 0.0862 0.9946 -0.0572
vn 0.1582 0.9874 -0.0031
vn 0.2276 0.9725 0.0501
vn 0.2943 0.9502 0.1021
vn 0.3580 0.9211 0.1528
vn 0.4185 0.8855 0.2019
vn 0.4744 0.8446 0.2483
vn 0.5258 0.7990 0.2919
vn 0.5729 0.7490 0.3328
vn 0.6158 0.6950 0.3711
vn 0.6158 0.6951 0.3711
vn 0.6537 0.6385 0.4061
vn 0.6871 0.5798 0.4379
vn 0.7162 0.5188 0.4668
vn 0.7412 0.4555 0.4931
vn 0.7618 0.3915 0.5161
vn 0.7783 0.3266 0.5362
vn 0.7910 0.2606 0.5536
vn 0.7998 0.1933 0.5683
vn 0.7998 0.1932 0.5683
vn 0.8047 0.1260 0.5801
vn 0.8059 0.0585 0.5892
vn 0.8033 -0.0095 0.5955
vn 0.7968 -0.0783 0.5991
vn 0.7866 -0.1466 0.5999
vn 0.7725 -0.2145 0.5977
vn 0.7544 -0.2825 0.5926
vn 0.7319 -0.3506 0.5843
vn 0.7055 -0.4173 0.5728
vn 0.6748 -0.4828 0.5581
vn 0.6396 -0.5472 0.5399
vn 0.5995 -0.6102 0.5179
vn 0.5552 -0.6702 0.4924
vn 0.5553 -0.6702 0.4924
vn 0.5066 -0.7271 0.4633
vn 0.4533 -0.7805 0.4304
vn 0.3953 -0.8300 0.3935
vn 0.3338 -0.8739 0.3533
vn 0.2690 -0.9119 0.3100
vn 0.2011 -0.9434 0.2636
vn 0.1302 -0.9681 0.2141
vn 0.0584 -0.9849 0.1630
vn -0.0139 -0.9938 0.1106
vn -0.0862 -0.9946 0.0572
vn -0.1582 -0.9874 0.0031
vn -0.2276 -0.9725 -0.0501
vn -0.2943 -0.9502 -0.1021
vn -0.3580 -0.9211 -0.1528
vn 0.6537 0.6386 0.4060
vn -0.6158 -0.6951 -0.3711
vn -0.7998 -0.1932 -0.5683
vn -0.5552 0.6702 -0.4924
vt 0.845910 0.935560
vt 0.841170 0.935560
vt 0.836430 0.935560
vt 0.977730 0.492310
vt 0.977730 0.615450
vt 0.684050 0.615450
vt 0.684050 0.492310
vt 0.786880 0.427070
vt 0.786880 0.487480
vt 0.666050 0.487480
vt 0.666050 0.427070
vt 0.582770 0.640390
vt 0.582770 0.732190
vt 0.399170 0.732190
vt 0.399170 0.640390
vt 0.539010 0.487770
vt 0.478420 0.487880
vt 0.478310 0.445190
vt 0.539220 0.445330
vt 0.478440 0.487800
vt 0.539150 0.487730
vt 0.478120 0.445220
vt 0.539250 0.445120
vt 0.478240 0.488040
vt 0.538940 0.488010
vt 0.478240 0.445520
vt 0.538990 0.445290
vt 0.506070 0.543640
vt 0.506070 0.543630
s 0
usemtl 材质
f 109/79/172 108/80/172 113/80/172
f 114/79/173 109/79/173 113/80/173
f 110/79/174 109/79/174 114/79/174
f 115/79/175 110/79/175 114/79/175
f 111/81/176 116/81/176 113/80/176
f 108/80/177 111/81/177 113/80/177
f 111/81/178 112/80/178 117/80/178
f 116/81/179 111/81/179 117/80/179
f 110/79/180 115/79/180 117/80/180
f 112/80/181 110/79/181 117/80/181
f 108/80/182 129/80/182 128/79/182
f 109/79/183 108/80/183 128/79/183
f 128/79/184 129/80/184 118/80/184
f 119/79/185 128/79/185 118/80/185
f 110/79/186 109/79/186 128/79/186
f 130/79/187 110/79/187 128/79/187
f 130/79/188 128/79/188 119/79/188
f 120/79/189 130/79/189 119/79/189
f 111/81/190 131/81/190 129/80/190
f 108/80/191 111/81/191 129/80/191
f 131/81/192 121/81/192 118/80/192
f 129/80/193 131/81/193 118/80/193
f 111/81/194 112/80/194 132/80/194
f 131/81/195 111/81/195 132/80/195
f 131/81/196 132/80/196 122/80/196
f 121/81/197 131/81/197 122/80/197
f 112/80/198 110/79/198 130/79/198
f 132/80/199 112/80/199 130/79/199
f 130/79/200 120/79/200 122/80/200
f 132/80/201 130/79/201 122/80/201
f 108/80/202 134/80/202 133/79/202
f 109/79/203 108/80/203 133/79/203
f 133/79/204 134/80/204 135/80/204
f 136/79/205 133/79/205 135/80/205
f 136/79/206 135/80/206 123/80/206
f 124/79/207 136/79/207 123/80/207
f 110/79/208 109/79/208 133/79/208
f 137/79/209 110/79/209 133/79/209
f 137/79/210 133/79/210 136/79/210
f 138/79/211 137/79/211 136/79/211
f 138/79/212 136/79/212 124/79/212
f 125/79/213 138/79/213 124/79/213
f 108/80/214 111/81/214 139/81/214
f 134/80/215 108/80/215 139/81/215
f 139/81/216 140/81/216 135/80/216
f 134/80/217 139/81/217 135/80/217
f 140/81/218 126/81/218 123/80/218
f 135/80/219 140/81/219 123/80/219
f 112/80/220 141/80/220 139/81/220
f 111/81/221 112/80/221 139/81/221
f 139/81/222 141/80/222 142/80/222
f 140/81/223 139/81/223 142/80/223
f 140/81/224 142/80/224 127/80/224
f 126/81/225 140/81/225 127/80/225
f 112/80/226 110/79/226 137/79/226
f 141/80/227 112/80/227 137/79/227
f 137/79/228 138/79/228 142/80/228
f 141/80/229 137/79/229 142/80/229
f 138/79/230 125/79/230 127/80/230
f 142/80/231 138/79/231 127/80/231
f 148/82/232 147/83/232 146/84/232
f 146/84/233 147/83/233 148/82/233
f 151/82/234 150/83/234 149/84/234
f 154/82/235 153/83/235 152/84/235
f 155/85/235 154/82/235 152/84/235
f 153/83/236 154/82/236 155/85/236
f 152/84/236 153/83/236 155/85/236
f 158/85/237 157/82/237 156/83/237
f 159/84/237 158/85/237 156/83/237
f 156/83/238 157/82/238 158/85/238
f 159/84/238 156/83/238 158/85/238
f 162/85/239 161/82/239 160/83/239
f 163/84/239 162/85/239 160/83/239
f 166/82/240 165/83/240 164/84/240
f 167/85/240 166/82/240 164/84/240
f 170/82/241 169/83/241 168/84/241
f 171/85/241 170/82/241 168/84/241
f 160/83/234 161/82/234 162/85/234
f 163/84/234 160/83/234 162/85/234
f 165/83/242 166/82/242 167/85/242
f 164/84/242 165/83/242 167/85/242
f 168/84/243 169/83/243 170/82/243
f 171/85/243 168/84/243 170/82/243
f 149/84/239 150/83/239 151/82/239
f 152/84/236 153/83/236 154/82/236
f 152/84/236 154/82/236 155/85/236
f 155/85/235 154/82/235 153/83/235
f 155/85/235 153/83/235 152/84/235
f 164/84/242 165/83/242 166/82/242
f 164/84/242 166/82/242 167/85/242
f 167/85/240 166/82/240 165/83/240
f 167/85/240 165/83/240 164/84/240
f 175/86/244 174/87/244 173/88/244
f 176/89/244 175/86/244 173/88/244
f 179/86/239 178/87/239 177/88/239
f 180/89/239 179/86/239 177/88/239
f 183/86/245 182/87/245 181/88/245
f 184/89/245 183/86/245 181/88/245
f 187/86/246 186/87/246 185/88/246
f 188/89/246 187/86/246 185/88/246
f 191/86/247 190/87/247 189/88/247
f 192/89/247 191/86/247 189/88/247
f 195/86/248 194/87/248 193/88/248
f 196/89/248 195/86/248 193/88/248
f 199/86/249 198/87/249 197/88/249
f 200/89/249 199/86/249 197/88/249
f 203/86/250 202/87/250 201/88/250
f 204/89/250 203/86/250 201/88/250
f 207/86/247 206/87/247 205/88/247
f 208/89/247 207/86/247 205/88/247
f 211/86/248 210/87/248 209/88/248
f 212/89/248 211/86/248 209/88/248
f 215/86/249 214/87/249 213/88/249
f 216/89/249 215/86/249 213/88/249
f 219/86/250 218/87/250 217/88/250
f 220/89/250 219/86/250 217/88/250
f 223/87/251 222/86/251 221/88/251
f 222/86/251 224/89/251 221/88/251
f 227/87/239 226/86/239 225/88/239
f 226/86/239 228/89/239 225/88/239
f 231/87/252 230/86/252 229/88/252
f 230/86/252 232/89/252 229/88/252
f 235/87/253 234/86/253 233/88/253
f 234/86/253 236/89/253 233/88/253
f 239/87/254 238/86/254 237/88/254
f 238/86/254 240/89/254 237/88/254
f 243/87/255 242/86/255 241/88/255
f 242/86/255 244/89/255 241/88/255
f 247/87/256 246/86/256 245/88/256
f 246/86/256 248/89/256 245/88/256
f 251/87/257 250/86/257 249/88/257
f 250/86/257 252/89/257 249/88/257
f 255/87/254 254/86/254 253/88/254
f 254/86/254 256/89/254 253/88/254
f 259/87/255 258/86/255 257/88/255
f 258/86/255 260/89/255 257/88/255
f 263/87/256 262/86/256 261/88/256
f 262/86/256 264/89/256 261/88/256
f 267/87/257 266/86/257 265/88/257
f 266/86/257 268/89/257 265/88/257
f 174/87/251 175/86/251 176/89/251
f 173/88/251 174/87/251 176/89/251
f 178/87/234 179/86/234 180/89/234
f 177/88/234 178/87/234 180/89/234
f 182/87/258 183/86/258 184/89/258
f 181/88/258 182/87/258 184/89/258
f 186/87/259 187/86/259 188/89/259
f 185/88/259 186/87/259 188/89/259
f 190/87/260 191/86/260 192/89/260
f 189/88/260 190/87/260 192/89/260
f 194/87/261 195/86/261 196/89/261
f 193/88/261 194/87/261 196/89/261
f 198/87/262 199/86/262 200/89/262
f 197/88/262 198/87/262 200/89/262
f 202/87/263 203/86/263 204/89/263
f 201/88/263 202/87/263 204/89/263
f 206/87/260 207/86/260 208/89/260
f 205/88/260 206/87/260 208/89/260
f 210/87/261 211/86/261 212/89/261
f 209/88/261 210/87/261 212/89/261
f 214/87/262 215/86/262 216/89/262
f 213/88/262 214/87/262 216/89/262
f 218/87/263 219/86/263 220/89/263
f 217/88/263 218/87/263 220/89/263
f 271/90/244 270/91/244 269/92/244
f 272/93/244 271/90/244 269/92/244
f 269/92/251 270/91/251 271/90/251
f 269/92/251 271/90/251 272/93/251
f 275/90/264 274/91/264 273/92/264
f 276/93/265 275/90/265 273/92/265
f 279/90/246 278/91/246 277/92/246
f 282/90/266 281/91/266 280/92/266
f 285/91/251 284/90/251 283/92/251
f 284/90/251 286/93/251 283/92/251
f 285/91/244 283/92/244 284/90/244
f 284/90/244 283/92/244 286/93/244
f 289/91/267 288/90/267 287/92/267
f 288/90/268 290/93/268 287/92/268
f 293/91/253 292/90/253 291/92/253
f 292/90/253 294/93/253 291/92/253
f 297/91/269 296/90/269 295/92/269
f 296/90/269 298/93/269 295/92/269
f 265/94/257 267/95/257 268/96/257
f 268/96/257 267/95/257 266/97/257
f 249/98/257 251/99/257 252/100/257
f 252/100/257 251/99/257 250/101/257
f 253/102/254 255/103/254 256/104/254
f 256/104/254 255/103/254 254/105/254
f 301/106/270 300/106/270 299/106/270
f 299/106/270 300/106/270 302/106/270
f 300/106/271 303/106/271 302/106/271
f 302/106/271 303/106/271 304/106/271
f 304/106/272 303/106/272 305/106/272
f 305/106/272 303/106/272 306/106/272
f 306/106/273 307/106/273 305/106/273
f 305/106/273 307/106/273 308/106/273
f 310/106/274 308/106/274 309/106/274
f 309/106/274 308/106/274 307/106/274
f 310/106/275 309/106/275 311/106/275
f 311/106/275 309/106/275 312/106/275
f 311/106/276 312/106/276 313/106/276
f 313/106/276 312/106/276 314/106/276
f 314/106/277 315/106/277 313/106/277
f 313/106/277 315/106/277 316/106/277
f 318/106/278 316/106/278 317/106/278
f 317/106/278 316/106/278 315/106/278
f 318/106/279 317/106/279 319/106/279
f 319/106/279 317/106/279 320/106/279
f 319/106/280 320/106/280 321/106/280
f 321/106/280 320/106/280 322/106/280
f 322/106/281 323/106/281 321/106/281
f 321/106/281 323/106/281 324/106/281
f 326/106/282 324/106/282 325/106/282
f 325/106/282 324/106/282 323/106/282
f 326/106/283 325/106/283 327/106/283
f 327/106/283 325/106/283 328/106/283
f 327/106/284 328/106/284 329/106/284
f 329/106/284 328/106/284 330/106/284
f 330/106/285 331/107/285 329/106/285
f 329/106/285 331/107/285 332/107/285
f 334/107/286 332/107/286 333/107/286
f 333/107/286 332/107/286 331/107/286
f 334/107/287 333/107/287 335/107/287
f 335/107/287 333/107/287 336/107/287
f 335/107/288 336/107/288 337/107/288
f 337/107/288 336/107/288 338/107/288
f 338/107/289 339/107/289 337/107/289
f 337/107/289 339/107/289 340/107/289
f 342/107/290 340/107/290 341/107/290
f 341/107/291 340/107/291 339/107/291
f 342/107/292 341/107/292 343/107/292
f 343/107/292 341/107/292 344/107/292
f 343/107/293 344/107/293 345/107/293
f 345/107/293 344/107/293 346/107/293
f 346/107/294 347/107/294 345/107/294
f 345/107/294 347/107/294 348/107/294
f 350/107/295 348/107/295 349/107/295
f 349/107/295 348/107/295 347/107/295
f 350/107/296 349/107/296 351/107/296
f 351/107/296 349/107/296 352/107/296
f 351/107/297 352/107/297 353/107/297
f 353/107/297 352/107/297 354/107/297
f 354/107/298 355/107/298 353/107/298
f 353/107/298 355/107/298 356/107/298
f 358/107/299 356/107/299 357/107/299
f 357/107/299 356/107/299 355/107/299
f 358/107/300 357/107/300 359/107/300
f 359/107/300 357/107/300 360/107/300
f 359/107/301 360/107/301 361/107/301
f 361/107/301 360/107/301 362/107/301
f 362/107/302 363/107/302 361/107/302
f 361/107/302 363/107/302 364/107/302
f 366/107/303 364/107/303 365/107/303
f 365/107/303 364/107/303 363/107/303
f 366/107/304 365/107/304 367/107/304
f 367/107/304 365/107/304 368/107/304
f 367/107/305 368/107/305 369/107/305
f 369/107/305 368/107/305 370/107/305
f 370/107/306 371/107/306 369/107/306
f 369/107/307 371/107/307 372/107/307
f 374/107/308 372/107/308 373/107/308
f 373/107/308 372/107/308 371/107/308
f 374/107/309 373/107/309 375/107/309
f 375/107/309 373/107/309 376/107/309
f 375/107/310 376/107/310 377/107/310
f 377/107/310 376/107/310 378/107/310
f 378/107/311 379/107/311 377/107/311
f 377/107/311 379/107/311 380/107/311
f 382/107/312 380/107/312 381/107/312
f 381/107/312 380/107/312 379/107/312
f 382/107/313 381/107/313 383/107/313
f 383/107/313 381/107/313 384/107/313
f 383/107/314 384/107/314 385/107/314
f 385/107/314 384/107/314 386/107/314
f 386/107/315 387/107/315 385/107/315
f 385/107/315 387/107/315 388/107/315
f 390/107/316 388/107/316 389/107/316
f 389/107/316 388/107/316 387/107/316
f 390/107/317 389/107/317 391/107/317
f 391/107/317 389/107/317 392/107/317
f 391/107/318 392/107/318 393/107/318
f 393/107/318 392/107/318 394/107/318
f 394/107/319 395/107/319 393/107/319
f 393/107/319 395/107/319 396/107/319
f 398/107/320 396/107/320 397/107/320
f 397/107/320 396/107/320 395/107/320
f 398/107/321 397/107/321 399/107/321
f 399/107/321 397/107/321 400/107/321
f 399/107/322 400/107/322 401/107/322
f 401/107/322 400/107/322 402/107/322
f 402/107/323 403/107/323 401/107/323
f 401/107/323 403/107/323 404/107/323
f 406/107/324 404/107/324 405/107/324
f 405/107/324 404/107/324 403/107/324
f 406/107/325 405/107/325 407/107/325
f 407/107/325 405/107/325 408/107/325
f 407/107/326 408/107/326 409/106/326
f 409/106/326 408/107/326 410/106/326
f 410/106/327 411/106/327 409/106/327
f 409/106/327 411/106/327 412/106/327
f 414/106/328 412/106/328 413/106/328
f 413/106/328 412/106/328 411/106/328
f 414/106/329 413/106/329 415/106/329
f 415/106/329 413/106/329 416/106/329
f 415/106/330 416/106/330 417/106/330
f 417/106/330 416/106/330 418/106/330
f 418/106/331 419/106/331 417/106/331
f 417/106/331 419/106/331 420/106/331
f 422/106/332 420/106/332 421/106/332
f 421/106/332 420/106/332 419/106/332
f 422/106/333 421/106/333 423/106/333
f 423/106/333 421/106/333 424/106/333
f 423/106/334 424/106/334 425/106/334
f 425/106/334 424/106/334 426/106/334
f 426/106/335 427/106/335 425/106/335
f 425/106/335 427/106/335 428/106/335
f 430/106/336 428/106/336 429/106/336
f 429/106/336 428/106/336 427/106/336
f 430/106/337 429/106/337 431/106/337
f 431/106/337 429/106/337 432/106/337
f 431/106/338 432/106/338 433/106/338
f 433/106/338 432/106/338 434/106/338
f 434/106/339 435/106/339 433/106/339
f 433/106/339 435/106/339 436/106/339
f 438/106/340 436/106/340 437/106/340
f 437/106/340 436/106/340 435/106/340
f 438/106/341 437/106/341 439/106/341
f 439/106/341 437/106/341 440/106/341
f 439/106/342 440/106/342 441/106/342
f 441/106/342 440/106/342 442/106/342
f 442/106/343 443/106/343 441/106/343
f 441/106/343 443/106/343 444/106/343
f 446/106/344 444/106/344 445/106/344
f 445/106/344 444/106/344 443/106/344
f 446/106/345 445/106/345 447/106/345
f 447/106/345 445/106/345 448/106/345
f 447/106/346 448/106/346 449/106/346
f 449/106/346 448/106/346 450/106/346
f 450/106/347 451/106/347 449/106/347
f 449/106/348 451/106/348 452/106/348
f 454/106/349 452/106/349 453/106/349
f 453/106/349 452/106/349 451/106/349
f 454/106/350 453/106/350 455/106/350
f 455/106/351 453/106/351 456/106/351
f 455/106/352 456/106/352 457/106/352
f 457/106/352 456/106/352 458/106/352
f 458/106/353 301/106/353 457/106/353
f 457/106/353 301/106/353 299/106/353
f 299/106/312 300/106/312 301/106/312
f 302/106/312 300/106/312 299/106/312
f 302/106/313 303/106/313 300/106/313
f 304/106/313 303/106/313 302/106/313
f 305/106/314 303/106/314 304/106/314
f 306/106/314 303/106/314 305/106/314
f 305/106/315 307/106/315 306/106/315
f 308/106/315 307/106/315 305/106/315
f 309/106/316 308/106/316 310/106/316
f 307/106/316 308/106/316 309/106/316
f 311/106/317 309/106/317 310/106/317
f 312/106/317 309/106/317 311/106/317
f 313/106/318 312/106/318 311/106/318
f 314/106/318 312/106/318 313/106/318
f 313/106/319 315/106/319 314/106/319
f 316/106/319 315/106/319 313/106/319
f 317/106/320 316/106/320 318/106/320
f 315/106/320 316/106/320 317/106/320
f 319/106/321 317/106/321 318/106/321
f 320/106/321 317/106/321 319/106/321
f 321/106/322 320/106/322 319/106/322
f 322/106/322 320/106/322 321/106/322
f 321/106/323 323/106/323 322/106/323
f 324/106/323 323/106/323 321/106/323
f 325/106/324 324/106/324 326/106/324
f 323/106/324 324/106/324 325/106/324
f 327/106/325 325/106/325 326/106/325
f 328/106/325 325/106/325 327/106/325
f 329/106/326 328/106/326 327/106/326
f 330/106/326 328/106/326 329/106/326
f 329/106/327 331/107/327 330/106/327
f 332/107/327 331/107/327 329/106/327
f 333/107/328 332/107/328 334/107/328
f 331/107/328 332/107/328 333/107/328
f 335/107/329 333/107/329 334/107/329
f 336/107/329 333/107/329 335/107/329
f 337/107/330 336/107/330 335/107/330
f 338/107/330 336/107/330 337/107/330
f 337/107/331 339/107/331 338/107/331
f 340/107/331 339/107/331 337/107/331
f 341/107/332 340/107/332 342/107/332
f 339/107/354 340/107/354 341/107/354
f 343/107/333 341/107/333 342/107/333
f 344/107/333 341/107/333 343/107/333
f 345/107/334 344/107/334 343/107/334
f 346/107/334 344/107/334 345/107/334
f 345/107/335 347/107/335 346/107/335
f 348/107/335 347/107/335 345/107/335
f 349/107/336 348/107/336 350/107/336
f 347/107/336 348/107/336 349/107/336
f 351/107/337 349/107/337 350/107/337
f 352/107/337 349/107/337 351/107/337
f 353/107/338 352/107/338 351/107/338
f 354/107/338 352/107/338 353/107/338
f 353/107/339 355/107/339 354/107/339
f 356/107/339 355/107/339 353/107/339
f 357/107/340 356/107/340 358/107/340
f 355/107/340 356/107/340 357/107/340
f 359/107/341 357/107/341 358/107/341
f 360/107/341 357/107/341 359/107/341
f 361/107/342 360/107/342 359/107/342
f 362/107/342 360/107/342 361/107/342
f 361/107/343 363/107/343 362/107/343
f 364/107/343 363/107/343 361/107/343
f 365/107/344 364/107/344 366/107/344
f 363/107/344 364/107/344 365/107/344
f 367/107/345 365/107/345 366/107/345
f 368/107/345 365/107/345 367/107/345
f 369/107/346 368/107/346 367/107/346
f 370/107/346 368/107/346 369/107/346
f 369/107/348 371/107/348 370/107/348
f 372/107/347 371/107/347 369/107/347
f 373/107/349 372/107/349 374/107/349
f 371/107/349 372/107/349 373/107/349
f 375/107/351 373/107/351 374/107/351
f 376/107/351 373/107/351 375/107/351
f 377/107/352 376/107/352 375/107/352
f 378/107/352 376/107/352 377/107/352
f 377/107/353 379/107/353 378/107/353
f 380/107/355 379/107/355 377/107/355
f 381/107/270 380/107/270 382/107/270
f 379/107/270 380/107/270 381/107/270
f 383/107/271 381/107/271 382/107/271
f 384/107/271 381/107/271 383/107/271
f 385/107/272 384/107/272 383/107/272
f 386/107/272 384/107/272 385/107/272
f 385/107/273 387/107/273 386/107/273
f 388/107/273 387/107/273 385/107/273
f 389/107/274 388/107/274 390/107/274
f 387/107/274 388/107/274 389/107/274
f 391/107/275 389/107/275 390/107/275
f 392/107/275 389/107/275 391/107/275
f 393/107/276 392/107/276 391/107/276
f 394/107/276 392/107/276 393/107/276
f 393/107/277 395/107/277 394/107/277
f 396/107/277 395/107/277 393/107/277
f 397/107/278 396/107/278 398/107/278
f 395/107/278 396/107/278 397/107/278
f 399/107/279 397/107/279 398/107/279
f 400/107/279 397/107/279 399/107/279
f 401/107/280 400/107/280 399/107/280
f 402/107/280 400/107/280 401/107/280
f 401/107/281 403/107/281 402/107/281
f 404/107/281 403/107/281 401/107/281
f 405/107/282 404/107/282 406/107/282
f 403/107/282 404/107/282 405/107/282
f 407/107/283 405/107/283 406/107/283
f 408/107/283 405/107/283 407/107/283
f 409/106/284 408/107/284 407/107/284
f 410/106/284 408/107/284 409/106/284
f 409/106/285 411/106/285 410/106/285
f 412/106/285 411/106/285 409/106/285
f 413/106/286 412/106/286 414/106/286
f 411/106/286 412/106/286 413/106/286
f 415/106/287 413/106/287 414/106/287
f 416/106/287 413/106/287 415/106/287
f 417/106/288 416/106/288 415/106/288
f 418/106/288 416/106/288 417/106/288
f 417/106/289 419/106/289 418/106/289
f 420/106/289 419/106/289 417/106/289
f 421/106/290 420/106/290 422/106/290
f 419/106/290 420/106/290 421/106/290
f 423/106/292 421/106/292 422/106/292
f 424/106/292 421/106/292 423/106/292
f 425/106/293 424/106/293 423/106/293
f 426/106/293 424/106/293 425/106/293
f 425/106/294 427/106/294 426/106/294
f 428/106/294 427/106/294 425/106/294
f 429/106/295 428/106/295 430/106/295
f 427/106/295 428/106/295 429/106/295
f 431/106/296 429/106/296 430/106/296
f 432/106/296 429/106/296 431/106/296
f 433/106/297 432/106/297 431/106/297
f 434/106/297 432/106/297 433/106/297
f 433/106/298 435/106/298 434/106/298
f 436/106/298 435/106/298 433/106/298
f 437/106/299 436/106/299 438/106/299
f 435/106/299 436/106/299 437/106/299
f 439/106/300 437/106/300 438/106/300
f 440/106/300 437/106/300 439/106/300
f 441/106/301 440/106/301 439/106/301
f 442/106/301 440/106/301 441/106/301
f 441/106/302 443/106/302 442/106/302
f 444/106/302 443/106/302 441/106/302
f 445/106/303 444/106/303 446/106/303
f 443/106/303 444/106/303 445/106/303
f 447/106/304 445/106/304 446/106/304
f 448/106/304 445/106/304 447/106/304
f 449/106/305 448/106/305 447/106/305
f 450/106/305 448/106/305 449/106/305
f 449/106/307 451/106/307 450/106/307
f 452/106/306 451/106/306 449/106/306
f 453/106/308 452/106/308 454/106/308
f 451/106/308 452/106/308 453/106/308
f 455/106/356 453/106/356 454/106/356
f 456/106/309 453/106/309 455/106/309
f 457/106/310 456/106/310 455/106/310
f 458/106/310 456/106/310 457/106/310
f 457/106/311 301/106/311 458/106/311
f 299/106/311 301/106/311 457/106/311
f 461/106/357 460/106/357 459/106/357
f 459/106/357 460/106/357 462/106/357
f 460/106/358 463/106/358 462/106/358
f 462/106/358 463/106/358 464/106/358
f 464/106/359 463/106/359 465/106/359
f 465/106/359 463/106/359 466/106/359
f 466/106/360 467/106/360 465/106/360
f 465/106/360 467/106/360 468/106/360
f 470/106/361 468/106/361 469/106/361
f 469/106/361 468/106/361 467/106/361
f 470/106/362 469/106/362 471/106/362
f 471/106/363 469/106/363 472/106/363
f 471/106/364 472/106/364 473/106/364
f 473/106/364 472/106/364 474/106/364
f 474/106/365 475/106/365 473/106/365
f 473/106/365 475/106/365 476/106/365
f 478/106/366 476/106/366 477/106/366
f 477/106/366 476/106/366 475/106/366
f 478/106/367 477/106/367 479/106/367
f 479/106/367 477/106/367 480/106/367
f 479/106/368 480/106/368 481/106/368
f 481/106/368 480/106/368 482/106/368
f 482/106/369 483/106/369 481/106/369
f 481/106/369 483/106/369 484/106/369
f 486/106/370 484/106/370 485/106/370
f 485/106/370 484/106/370 483/106/370
f 486/106/371 485/106/371 487/106/371
f 487/106/371 485/106/371 488/106/371
f 487/106/372 488/106/372 489/106/372
f 489/106/372 488/106/372 490/106/372
f 490/106/373 491/107/373 489/106/373
f 489/106/373 491/107/373 492/107/373
f 494/107/374 492/107/374 493/107/374
f 493/107/374 492/107/374 491/107/374
f 494/107/375 493/107/375 495/107/375
f 495/107/375 493/107/375 496/107/375
f 495/107/376 496/107/376 497/107/376
f 497/107/376 496/107/376 498/107/376
f 498/107/377 499/107/377 497/107/377
f 497/107/377 499/107/377 500/107/377
f 502/107/378 500/107/378 501/107/378
f 501/107/378 500/107/378 499/107/378
f 502/107/379 501/107/379 503/107/379
f 503/107/379 501/107/379 504/107/379
f 503/107/380 504/107/380 505/107/380
f 505/107/380 504/107/380 506/107/380
f 506/107/381 507/107/381 505/107/381
f 505/107/381 507/107/381 508/107/381
f 510/107/382 508/107/382 509/107/382
f 509/107/382 508/107/382 507/107/382
f 510/107/383 509/107/383 511/107/383
f 511/107/383 509/107/383 512/107/383
f 511/107/384 512/107/384 513/107/384
f 513/107/384 512/107/384 514/107/384
f 514/107/385 515/107/385 513/107/385
f 513/107/385 515/107/385 516/107/385
f 518/107/386 516/107/386 517/107/386
f 517/107/386 516/107/386 515/107/386
f 518/107/387 517/107/387 519/107/387
f 519/107/387 517/107/387 520/107/387
f 519/107/388 520/107/388 521/107/388
f 521/107/388 520/107/388 522/107/388
f 522/107/389 523/107/389 521/107/389
f 521/107/389 523/107/389 524/107/389
f 526/107/390 524/107/390 525/107/390
f 525/107/390 524/107/390 523/107/390
f 526/107/391 525/107/391 527/107/391
f 527/107/391 525/107/391 528/107/391
f 527/107/392 528/107/392 529/107/392
f 529/107/392 528/107/392 530/107/392
f 530/107/393 531/107/393 529/107/393
f 529/107/393 531/107/393 532/107/393
f 534/107/394 532/107/394 533/107/394
f 533/107/394 532/107/394 531/107/394
f 534/107/395 533/107/395 535/107/395
f 535/107/395 533/107/395 536/107/395
f 535/107/396 536/107/396 537/107/396
f 537/107/396 536/107/396 538/107/396
f 538/107/397 539/107/397 537/107/397
f 537/107/397 539/107/397 540/107/397
f 542/107/398 540/107/398 541/107/398
f 541/107/398 540/107/398 539/107/398
f 542/107/399 541/107/399 543/107/399
f 543/107/399 541/107/399 544/107/399
f 543/107/400 544/107/400 545/107/400
f 545/107/400 544/107/400 546/107/400
f 546/107/401 547/107/401 545/107/401
f 545/107/401 547/107/401 548/107/401
f 550/107/402 548/107/402 549/107/402
f 549/107/403 548/107/403 547/107/403
f 550/107/404 549/107/404 551/107/404
f 551/107/404 549/107/404 552/107/404
f 551/107/405 552/107/405 553/107/405
f 553/107/405 552/107/405 554/107/405
f 554/107/406 555/107/406 553/107/406
f 553/107/406 555/107/406 556/107/406
f 558/107/407 556/107/407 557/107/407
f 557/107/407 556/107/407 555/107/407
f 558/107/408 557/107/408 559/107/408
f 559/107/408 557/107/408 560/107/408
f 559/107/409 560/107/409 561/107/409
f 561/107/409 560/107/409 562/107/409
f 562/107/410 563/107/410 561/107/410
f 561/107/410 563/107/410 564/107/410
f 566/107/411 564/107/411 565/107/411
f 565/107/412 564/107/412 563/107/412
f 566/107/413 565/107/413 567/107/413
f 567/107/413 565/107/413 568/107/413
f 567/107/414 568/107/414 569/106/414
f 569/106/414 568/107/414 570/106/414
f 570/106/415 571/106/415 569/106/415
f 569/106/415 571/106/415 572/106/415
f 574/106/416 572/106/416 573/106/416
f 573/106/416 572/106/416 571/106/416
f 574/106/417 573/106/417 575/106/417
f 575/106/417 573/106/417 576/106/417
f 575/106/418 576/106/418 577/106/418
f 577/106/418 576/106/418 578/106/418
f 578/106/419 579/106/419 577/106/419
f 577/106/419 579/106/419 580/106/419
f 582/106/420 580/106/420 581/106/420
f 581/106/420 580/106/420 579/106/420
f 582/106/421 581/106/421 583/106/421
f 583/106/421 581/106/421 584/106/421
f 583/106/422 584/106/422 585/106/422
f 585/106/422 584/106/422 586/106/422
f 586/106/423 587/106/423 585/106/423
f 585/106/423 587/106/423 588/106/423
f 590/106/424 588/106/424 589/106/424
f 589/106/424 588/106/424 587/106/424
f 590/106/425 589/106/425 591/106/425
f 591/106/426 589/106/426 592/106/426
f 591/106/427 592/106/427 593/106/427
f 593/106/427 592/106/427 594/106/427
f 594/106/428 595/106/428 593/106/428
f 593/106/428 595/106/428 596/106/428
f 598/106/429 596/106/429 597/106/429
f 597/106/429 596/106/429 595/106/429
f 598/106/430 597/106/430 599/106/430
f 599/106/430 597/106/430 600/106/430
f 599/106/431 600/106/431 601/106/431
f 601/106/431 600/106/431 602/106/431
f 602/106/432 603/106/432 601/106/432
f 601/106/432 603/106/432 604/106/432
f 606/106/433 604/106/433 605/106/433
f 605/106/433 604/106/433 603/106/433
f 606/106/434 605/106/434 607/106/434
f 607/106/434 605/106/434 608/106/434
f 607/106/435 608/106/435 609/106/435
f 609/106/435 608/106/435 610/106/435
f 610/106/436 611/106/436 609/106/436
f 609/106/436 611/106/436 612/106/436
f 614/106/437 612/106/437 613/106/437
f 613/106/437 612/106/437 611/106/437
f 614/106/438 613/106/438 615/106/438
f 615/106/438 613/106/438 616/106/438
f 615/106/439 616/106/439 617/106/439
f 617/106/439 616/106/439 618/106/439
f 618/106/440 461/106/440 617/106/440
f 617/106/440 461/106/440 459/106/440
f 459/106/398 460/106/398 461/106/398
f 462/106/398 460/106/398 459/106/398
f 462/106/399 463/106/399 460/106/399
f 464/106/399 463/106/399 462/106/399
f 465/106/400 463/106/400 464/106/400
f 466/106/400 463/106/400 465/106/400
f 465/106/401 467/106/401 466/106/401
f 468/106/401 467/106/401 465/106/401
f 469/106/402 468/106/402 470/106/402
f 467/106/402 468/106/402 469/106/402
f 471/106/441 469/106/441 470/106/441
f 472/106/404 469/106/404 471/106/404
f 473/106/405 472/106/405 471/106/405
f 474/106/405 472/106/405 473/106/405
f 473/106/406 475/106/406 474/106/406
f 476/106/406 475/106/406 473/106/406
f 477/106/407 476/106/407 478/106/407
f 475/106/407 476/106/407 477/106/407
f 479/106/408 477/106/408 478/106/408
f 480/106/408 477/106/408 479/106/408
f 481/106/409 480/106/409 479/106/409
f 482/106/409 480/106/409 481/106/409
f 481/106/410 483/106/410 482/106/410
f 484/106/410 483/106/410 481/106/410
f 485/106/411 484/106/411 486/106/411
f 483/106/411 484/106/411 485/106/411
f 487/106/413 485/106/413 486/106/413
f 488/106/413 485/106/413 487/106/413
f 489/106/414 488/106/414 487/106/414
f 490/106/414 488/106/414 489/106/414
f 489/106/415 491/107/415 490/106/415
f 492/107/415 491/107/415 489/106/415
f 493/107/416 492/107/416 494/107/416
f 491/107/416 492/107/416 493/107/416
f 495/107/417 493/107/417 494/107/417
f 496/107/417 493/107/417 495/107/417
f 497/107/418 496/107/418 495/107/418
f 498/107/418 496/107/418 497/107/418
f 497/107/419 499/107/419 498/107/419
f 500/107/419 499/107/419 497/107/419
f 501/107/420 500/107/420 502/107/420
f 499/107/420 500/107/420 501/107/420
f 503/107/421 501/107/421 502/107/421
f 504/107/421 501/107/421 503/107/421
f 505/107/422 504/107/422 503/107/422
f 506/107/422 504/107/422 505/107/422
f 505/107/423 507/107/423 506/107/423
f 508/107/423 507/107/423 505/107/423
f 509/107/424 508/107/424 510/107/424
f 507/107/424 508/107/424 509/107/424
f 511/107/426 509/107/426 510/107/426
f 512/107/426 509/107/426 511/107/426
f 513/107/427 512/107/427 511/107/427
f 514/107/427 512/107/427 513/107/427
f 513/107/428 515/107/428 514/107/428
f 516/107/428 515/107/428 513/107/428
f 517/107/429 516/107/429 518/107/429
f 515/107/429 516/107/429 517/107/429
f 519/107/430 517/107/430 518/107/430
f 520/107/430 517/107/430 519/107/430
f 521/107/431 520/107/431 519/107/431
f 522/107/431 520/107/431 521/107/431
f 521/107/432 523/107/432 522/107/432
f 524/107/432 523/107/432 521/107/432
f 525/107/433 524/107/433 526/107/433
f 523/107/433 524/107/433 525/107/433
f 527/107/434 525/107/434 526/107/434
f 528/107/434 525/107/434 527/107/434
f 529/107/435 528/107/435 527/107/435
f 530/107/435 528/107/435 529/107/435
f 529/107/436 531/107/436 530/107/436
f 532/107/436 531/107/436 529/107/436
f 533/107/437 532/107/437 534/107/437
f 531/107/437 532/107/437 533/107/437
f 535/107/438 533/107/438 534/107/438
f 536/107/438 533/107/438 535/107/438
f 537/107/439 536/107/439 535/107/439
f 538/107/439 536/107/439 537/107/439
f 537/107/440 539/107/440 538/107/440
f 540/107/440 539/107/440 537/107/440
f 541/107/357 540/107/357 542/107/357
f 539/107/357 540/107/357 541/107/357
f 543/107/358 541/107/358 542/107/358
f 544/107/358 541/107/358 543/107/358
f 545/107/359 544/107/359 543/107/359
f 546/107/359 544/107/359 545/107/359
f 545/107/360 547/107/360 546/107/360
f 548/107/360 547/107/360 545/107/360
f 549/107/361 548/107/361 550/107/361
f 547/107/442 548/107/442 549/107/442
f 551/107/363 549/107/363 550/107/363
f 552/107/363 549/107/363 551/107/363
f 553/107/364 552/107/364 551/107/364
f 554/107/364 552/107/364 553/107/364
f 553/107/365 555/107/365 554/107/365
f 556/107/365 555/107/365 553/107/365
f 557/107/366 556/107/366 558/107/366
f 555/107/366 556/107/366 557/107/366
f 559/107/367 557/107/367 558/107/367
f 560/107/367 557/107/367 559/107/367
f 561/107/368 560/107/368 559/107/368
f 562/107/368 560/107/368 561/107/368
f 561/107/369 563/107/369 562/107/369
f 564/107/369 563/107/369 561/107/369
f 565/107/370 564/107/370 566/107/370
f 563/107/443 564/107/443 565/107/443
f 567/107/371 565/107/371 566/107/371
f 568/107/371 565/107/371 567/107/371
f 569/106/372 568/107/372 567/107/372
f 570/106/372 568/107/372 569/106/372
f 569/106/373 571/106/373 570/106/373
f 572/106/373 571/106/373 569/106/373
f 573/106/374 572/106/374 574/106/374
f 571/106/374 572/106/374 573/106/374
f 575/106/375 573/106/375 574/106/375
f 576/106/375 573/106/375 575/106/375
f 577/106/376 576/106/376 575/106/376
f 578/106/376 576/106/376 577/106/376
f 577/106/377 579/106/377 578/106/377
f 580/106/377 579/106/377 577/106/377
f 581/106/378 580/106/378 582/106/378
f 579/106/378 580/106/378 581/106/378
f 583/106/379 581/106/379 582/106/379
f 584/106/379 581/106/379 583/106/379
f 585/106/380 584/106/380 583/106/380
f 586/106/380 584/106/380 585/106/380
f 585/106/381 587/106/381 586/106/381
f 588/106/381 587/106/381 585/106/381
f 589/106/382 588/106/382 590/106/382
f 587/106/382 588/106/382 589/106/382
f 591/106/444 589/106/444 590/106/444
f 592/106/383 589/106/383 591/106/383
f 593/106/384 592/106/384 591/106/384
f 594/106/384 592/106/384 593/106/384
f 593/106/385 595/106/385 594/106/385
f 596/106/385 595/106/385 593/106/385
f 597/106/386 596/106/386 598/106/386
f 595/106/386 596/106/386 597/106/386
f 599/106/387 597/106/387 598/106/387
f 600/106/387 597/106/387 599/106/387
f 601/106/388 600/106/388 599/106/388
f 602/106/388 600/106/388 601/106/388
f 601/106/389 603/106/389 602/106/389
f 604/106/389 603/106/389 601/106/389
f 605/106/390 604/106/390 606/106/390
f 603/106/390 604/106/390 605/106/390
f 607/106/391 605/106/391 606/106/391
f 608/106/391 605/106/391 607/106/391
f 609/106/392 608/106/392 607/106/392
f 610/106/392 608/106/392 609/106/392
f 609/106/393 611/106/393 610/106/393
f 612/106/393 611/106/393 609/106/393
f 613/106/394 612/106/394 614/106/394
f 611/106/394 612/106/394 613/106/394
f 615/106/395 613/106/395 614/106/395
f 616/106/395 613/106/395 615/106/395
f 617/106/396 616/106/396 615/106/396
f 618/106/396 616/106/396 617/106/396
f 617/106/397 461/106/397 618/106/397
f 459/106/397 461/106/397 617/106/397
l 143 144
l 144 145
o sheath
v 10.782463 27.362234 -9.211773
v 9.039307 36.123817 -8.827288
v 10.782463 27.362234 -8.442799
v 9.911339 31.743288 -9.280618
v 9.911339 31.743288 -8.373955
v -329.961151 -79.174706 -9.211768
v -329.840302 -69.564926 -8.827283
v -329.961151 -79.174706 -8.442795
v -325.733032 -72.573532 -9.280615
v -325.733032 -72.573532 -8.373952
v -337.987915 -82.014153 -8.827282
v -335.660217 -76.139221 -8.827283
v -248.757507 -49.936989 -9.211771
v -252.176910 -41.656136 -8.827286
v -248.757507 -49.936989 -8.442796
v -250.466949 -45.796692 -9.280616
v -250.466949 -45.796692 -8.373953
v -171.673920 -24.441833 -9.211772
v -174.725250 -16.036316 -8.827286
v -171.673920 -24.441833 -8.442797
v -173.199341 -20.238533 -9.280617
v -173.199341 -20.238533 -8.373954
v -88.390755 0.716164 -9.211773
v -91.042931 9.242947 -8.827288
v -88.390755 0.716164 -8.442799
v -89.716331 4.979538 -9.280618
v -89.716331 4.979538 -8.373955
v 55.192627 40.517345 -9.211773
v 53.833794 48.018192 -8.827288
v 55.192627 40.517345 -8.442799
v 54.513733 44.268028 -9.280618
v 54.513733 44.268028 -8.373955
v -328.850067 -74.250496 -9.211769
v -328.090790 -65.891174 -8.827285
v -328.850067 -74.250496 -8.442795
v -323.740997 -68.238457 -9.280615
v -323.740997 -68.238457 -8.373952
v -337.918304 -77.240654 -8.827282
v -334.959656 -71.983459 -8.827283
v -237.077118 -43.555183 -9.211771
v -240.322449 -36.581253 -8.827286
v -237.077118 -43.555183 -8.442797
v -238.699524 -40.068321 -9.280616
v -238.699524 -40.068321 -8.373953
v -150.107605 -16.380585 -9.211773
v -152.937408 -9.274342 -8.827286
v -150.107605 -16.380585 -8.442798
v -151.522247 -12.826981 -9.280617
v -151.522247 -12.826981 -8.373954
v -56.298851 10.904575 -9.211773
v -58.678993 18.142195 -8.827288
v -56.298851 10.904575 -8.442799
v -57.488358 14.523407 -9.280618
v -57.488358 14.523407 -8.373955
v 60.447720 45.962059 -8.827286
v 58.169029 54.864655 -8.827289
v 58.278896 54.435406 -5.796618
v 58.797676 52.408600 -3.366175
v 59.858829 48.262779 -2.017468
v 61.036625 43.661266 -2.017466
v 62.097782 39.515446 -3.366172
v 62.616539 37.488716 -5.796615
v 62.726429 37.059391 -8.827284
v 62.616539 37.488716 -11.857954
v 62.097782 39.515442 -14.288397
v 61.036629 43.661263 -15.637106
v 59.858833 48.262775 -15.637108
v 58.797653 52.408676 -14.288401
v 58.278896 54.435406 -11.857958
v 55.007072 54.055325 -8.827289
v 55.116940 53.626076 -5.796618
v 55.635719 51.599274 -3.366176
v 56.696877 47.453449 -2.017468
v 57.874668 42.851936 -2.017466
v 58.935825 38.706116 -3.366172
v 59.454582 36.679386 -5.796615
v 59.564472 36.250061 -8.827284
v 59.454582 36.679386 -11.857954
v 58.935825 38.706116 -14.288397
v 57.874668 42.851933 -15.637106
v 56.696877 47.453449 -15.637108
v 55.635696 51.599346 -14.288401
v 55.116940 53.626076 -11.857958
v 57.285763 45.152733 -8.827286
v 62.740269 41.764702 -9.707292
v 60.571983 50.235954 -9.406060
v 62.740269 41.764702 -7.947279
v 60.571983 50.235954 -8.248515
v 49.454659 38.307869 -9.707292
v 47.286369 46.779121 -9.406060
v 49.454659 38.307869 -7.947279
v 47.286369 46.779121 -8.248515
v 61.595287 46.238022 -9.864673
v 61.595287 46.238022 -7.789899
v 48.309673 42.781193 -9.864673
v 48.309673 42.781193 -7.789899
v 64.550102 42.079372 -10.510208
v 62.297615 50.879597 -10.510210
v 181.672852 72.370323 -10.640931
v 179.461609 81.009392 -10.640934
v 181.672852 72.370323 -7.013638
v 179.461609 81.009392 -7.013641
v 64.550102 42.079372 -7.144362
v 62.297615 50.879597 -7.144365
v 60.781315 41.114719 -10.510208
v 58.528828 49.914944 -10.510210
v 60.781315 41.114719 -7.144362
v 58.528828 49.914944 -7.144365
v 180.567245 76.689857 -11.682642
v 63.372070 46.681816 -11.476830
v 180.567245 76.689865 -5.971930
v 63.372070 46.681816 -6.177742
v 59.603283 45.717163 -11.476830
v 59.603283 45.717163 -6.177742
v 186.128967 75.294182 -8.827286
v 184.774490 80.585983 -8.827287
v 64.616478 42.929459 -9.211773
v 62.975056 50.357975 -8.827288
v 64.616478 42.929459 -8.442799
v 63.795994 46.643898 -9.280618
v 63.795994 46.643898 -8.373955
v 13.096558 28.666897 -9.211773
v 10.982159 35.972530 -8.827288
v 13.096558 28.666897 -8.442799
v 12.039639 32.319660 -9.280618
v 12.039639 32.319660 -8.373955
v 66.522865 47.517044 -8.827286
v 64.244179 56.419636 -8.827289
v 64.354050 55.990387 -5.796618
v 64.872826 53.963585 -3.366175
v 65.933983 49.817764 -2.017468
v 67.111778 45.216251 -2.017466
v 68.172935 41.070431 -3.366172
v 68.691689 39.043701 -5.796615
v 68.801582 38.614376 -8.827284
v 68.691689 39.043701 -11.857954
v 68.172935 41.070427 -14.288397
v 67.111778 45.216248 -15.637106
v 65.933983 49.817760 -15.637108
v 64.872803 53.963661 -14.288401
v 64.354050 55.990387 -11.857958
v 62.779114 56.044640 -8.827289
v 62.888981 55.615395 -5.796618
v 63.407757 53.588589 -3.366175
v 64.468918 49.442768 -2.017468
v 65.646706 44.841255 -2.017466
v 66.707863 40.695435 -3.366172
v 67.226624 38.668705 -5.796615
v 67.336510 38.239380 -8.827284
v 67.226624 38.668705 -11.857954
v 66.707863 40.695431 -14.288397
v 65.646713 44.841251 -15.637106
v 64.468918 49.442764 -15.637108
v 63.407738 53.588665 -14.288401
v 62.888981 55.615395 -11.857958
v 65.057800 47.142048 -8.827286
v 68.201859 43.162640 -9.707292
v 66.033569 51.633892 -9.406060
v 68.201859 43.162640 -7.947279
v 66.033569 51.633892 -8.248515
v 62.053341 41.532604 -9.707292
v 59.885056 50.003857 -9.406060
v 62.053341 41.532604 -7.947279
v 59.885056 50.003857 -8.248515
v 67.056870 47.635960 -9.864673
v 67.056870 47.635960 -7.789899
v 60.908360 46.005928 -9.864673
v 60.908360 46.005928 -7.789899
v 69.059586 43.233608 -10.510208
v 66.807091 52.033836 -10.510210
v 123.287086 57.426010 -10.640931
v 121.075851 66.065086 -10.640934
v 123.287086 57.426010 -7.013638
v 121.075851 66.065086 -7.013641
v 69.059586 43.233608 -7.144362
v 66.807091 52.033836 -7.144365
v 67.313347 42.786648 -10.510208
v 65.060860 51.586872 -10.510210
v 67.313347 42.786648 -7.144362
v 65.060860 51.586872 -7.144365
v 122.181465 61.745544 -11.682642
v 67.881546 47.836052 -11.476830
v 122.181465 61.745544 -5.971930
v 67.881546 47.836052 -6.177742
v 66.135315 47.389091 -11.476830
v 66.135315 47.389091 -6.177742
v 125.133949 59.682014 -8.827286
v 123.779465 64.973816 -8.827287
v -323.001923 -72.753616 -9.211769
v -321.369843 -64.170898 -8.827285
v -323.001923 -72.753616 -8.442795
v -315.891418 -66.229286 -9.280615
v -315.891418 -66.229286 -8.373952
v -335.030762 -76.501564 -8.827282
v -330.776306 -70.912704 -8.827283
v -201.233612 -34.380753 -9.211771
v -204.918640 -27.519356 -8.827286
v -201.233612 -34.380753 -8.442797
v -203.075806 -30.950134 -9.280616
v -203.075806 -30.950134 -8.373953
v -85.986259 0.031796 -9.211773
v -89.120399 7.060139 -8.827286
v -85.986259 0.031796 -8.442798
v -87.552925 3.546486 -9.280617
v -87.552925 3.546486 -8.373954
v 38.167992 35.084133 -9.211773
v 35.629025 42.281097 -8.827288
v 38.167992 35.084133 -8.442799
v 36.899254 38.682678 -9.280618
v 36.899254 38.682678 -8.373955
v 73.561295 -65.528015 13.565573
v 61.862759 -65.190231 14.566431
v 29.919281 -48.499954 15.270041
v 28.452587 -44.122231 14.837572
v -0.038857 -40.240662 16.881466
v -11.831093 -30.713181 16.708000
v -10.966164 -28.616982 16.361013
v 5.948330 -34.550026 15.614616
v -16.764053 -21.232292 15.928207
v 0.650932 -39.045563 16.666082
v -39.541542 -27.692581 18.792976
v -39.743217 -25.643578 18.547279
v 28.267349 -51.262260 15.773010
v -16.091942 -23.019699 16.098240
v 73.517166 -65.387039 7.724520
v 61.818638 -65.049248 8.725376
v 29.875153 -48.358963 9.428986
v 28.408478 -43.981247 8.996519
v -0.082973 -40.099678 11.040411
v -11.875214 -30.572205 10.866945
v -11.010284 -28.476006 10.519958
v 5.904213 -34.409050 9.773563
v -16.808189 -21.091309 10.087151
v 0.606819 -38.904579 10.825026
v -39.585663 -27.551605 12.951921
v -39.787338 -25.502594 12.706224
v 28.223236 -51.121277 9.931955
v -16.136055 -22.878708 10.257183
v 35.948357 -51.566383 14.303123
v 37.027519 -49.807503 13.980427
v -39.813805 -26.340752 17.819965
v -20.506409 -23.414909 13.629759
v -31.477264 -19.864807 14.152239
v -48.884415 -23.682938 18.287645
v -50.502319 -19.691273 17.918362
v -40.905190 -14.861534 14.349964
v -56.581833 -15.127537 17.873743
v -46.756813 -10.336277 14.289955
v -63.935432 -11.577118 18.073271
v -52.951790 -4.563309 14.983213
v -65.246452 -4.803364 17.318724
v -71.869987 -9.607388 18.528093
v -73.826378 -3.733143 17.946922
v -81.197334 -8.302776 19.192848
v -81.959312 -1.458897 18.380079
v -88.646004 -3.862347 19.286320
v -90.319115 2.954330 18.558395
v -92.744209 2.832451 18.790567
v -95.459389 -1.121414 19.541803
v -101.280464 -0.964050 20.041199
v -104.836067 6.408310 19.409809
v -106.599953 2.573776 20.060764
v -120.432442 11.864277 20.099932
v -122.380547 8.953976 20.648386
v -159.022095 25.459093 21.795223
v -160.214661 22.658598 22.262102
v -211.299438 41.878658 24.348888
v -210.758331 39.595753 24.594387
v -267.462952 57.849415 27.307220
v -264.214355 54.470043 27.452141
v -15.487587 -22.710426 14.295601
v -48.459061 -10.493530 16.552237
v -42.894333 -15.020473 16.638077
v -34.305923 -20.660019 16.597179
v -32.243561 -23.252869 16.746767
v -21.227989 -26.309952 16.156843
v -12.384750 -32.390564 16.149961
v -6.143471 -31.752739 15.510715
v -14.090363 -28.624092 15.817488
v -3.053223 -30.645912 15.092402
v -17.664291 -26.104935 15.812323
v -9.779030 -29.775406 15.580786
v 35.916718 -51.465248 10.112762
v 36.995865 -49.706367 9.790064
v -39.845467 -26.239609 13.629602
v -48.916061 -23.581795 14.097284
v -50.533974 -19.590134 13.728001
v -56.613495 -15.026402 13.683382
v -63.967094 -11.475979 13.882910
v -52.965164 -4.520576 13.212515
v -65.278099 -4.702217 13.128000
v -71.901649 -9.506256 14.337732
v -73.858025 -3.632004 13.756199
v -81.228981 -8.201637 15.002483
v -81.990944 -1.357758 14.189716
v -88.677666 -3.761215 15.095957
v -90.350777 3.055470 14.368031
v -92.775856 2.933586 14.600206
v -95.491035 -1.020279 15.351442
v -101.312111 -0.862915 15.850838
v -104.867714 6.509449 15.219448
v -106.631615 2.674911 15.870401
v -120.464088 11.965418 15.909569
v -122.412209 9.055115 16.458025
v -159.053741 25.560228 17.604862
v -160.246277 22.759733 18.071739
v -211.331085 41.979794 20.158525
v -210.790009 39.696884 20.404020
v -267.494568 57.950539 23.116863
v -264.246002 54.571175 23.261776
v -15.505829 -22.652145 11.880650
v -48.490715 -10.392395 12.361876
v -42.925987 -14.919334 12.447716
v -34.337585 -20.558876 12.406818
v -32.275223 -23.151733 12.556406
v -21.259636 -26.208817 11.966482
v -12.416405 -32.289429 11.959600
v -6.175117 -31.651604 11.320354
v -14.122017 -28.522949 11.627127
v -3.084869 -30.544769 10.902040
v -17.695946 -26.003792 11.621964
v -9.810692 -29.674271 11.390423
v -53.094170 -4.759979 14.138039
v -62.598495 2.467644 14.056318
v -65.185982 -5.206154 15.274899
v -59.861076 0.019409 14.673328
v -67.706841 -0.795311 17.054367
v -74.002281 -3.942070 15.899246
v -82.332527 -2.014862 16.394863
v -90.306358 2.460621 16.530708
v -92.818398 2.340439 16.770424
v -104.826286 5.825630 17.393837
v -120.839989 11.353596 18.111952
v -66.893120 2.048561 14.493635
v -73.804619 0.462109 17.436893
v -77.570229 4.316895 15.154856
v -79.520927 2.269787 17.714542
v -81.825279 7.058567 15.181858
v -84.787895 5.329643 17.790932
v -91.172279 8.593487 15.818729
v -92.152534 6.899445 18.246347
v -102.907112 12.796835 16.325338
v -103.408485 10.897892 18.736580
v -119.419212 16.445822 19.451859
v -118.845329 18.352360 17.033167
v -167.738586 34.766769 19.285393
v -163.320648 31.344690 21.453505
v -159.223816 24.967325 19.786434
v -211.266510 41.366383 22.321791
v -213.520844 45.354527 24.131863
v -266.180023 60.706482 26.857010
v -282.587738 63.835686 27.919003
v -293.882721 63.976746 28.909153
v -233.138611 55.139023 22.501818
v -266.379883 64.559044 24.256939
v -297.140717 72.852379 25.935638
v -297.162292 69.154449 28.535576
v -309.808899 71.679237 29.339607
v -311.751343 68.562187 29.914162
v -318.081299 72.171715 30.014698
v -320.675690 70.400253 30.474285
v -311.095062 76.022247 26.773396
v -319.507141 77.135696 27.381042
v -328.797668 76.830826 28.249645
v -335.283173 72.721634 29.357449
v -265.438599 56.740635 25.179123
v -71.809578 2.398956 14.887432
v -284.729218 66.010727 27.830254
v -183.408173 37.724049 22.425718
v -183.378784 32.571945 20.964066
v -187.031708 37.089767 22.830826
v -190.409485 39.951305 22.764086
v -194.865997 39.579521 23.209770
v -199.755219 42.897457 23.219223
v -204.322113 42.518986 23.675617
v -209.340668 45.706272 23.713432
v -290.399811 64.517258 28.528675
v -194.877960 43.507053 20.583281
v -59.869347 0.045845 13.578062
v -67.738976 -0.692619 12.799833
v -73.836769 0.564789 13.182358
v -79.553047 2.372471 13.460009
v -84.820030 5.432331 13.536400
v -92.184685 7.002129 13.991814
v -103.440636 11.000580 14.482046
v -119.451363 16.548512 15.197323
v -163.352783 31.447393 17.198971
v -213.552979 45.457218 19.877329
v -266.212128 60.809151 22.602478
v -282.619843 63.938385 23.664471
v -293.914795 64.079430 24.654625
v -297.194397 69.257133 24.281036
v -309.841034 71.781914 25.085075
v -311.783447 68.664856 25.659630
v -318.113403 72.274414 25.760166
v -320.707825 70.502914 26.219757
v -284.761353 66.113403 23.575722
v -183.440308 37.826729 18.171185
v -187.063873 37.192459 18.576290
v -190.441620 40.053986 18.509556
v -194.898132 39.682213 18.955233
v -199.787354 43.000141 18.964687
v -204.354279 42.621670 19.421083
v -209.372833 45.808956 19.458899
v -290.431915 64.619942 24.274143
v 121.119492 -80.400269 13.048279
v 109.420975 -80.062485 14.049135
v 77.477501 -63.372185 14.752747
v 76.010796 -58.994469 14.320276
v 47.519341 -55.112900 16.364170
v 35.727119 -45.585434 16.190706
v 36.592045 -43.489227 15.843719
v 53.506550 -49.422279 15.097322
v 30.794136 -36.104538 15.410912
v 48.209145 -53.917801 16.148787
v 8.016663 -42.564819 18.275681
v 7.814995 -40.515823 18.029984
v 75.825554 -66.134506 15.255714
v 31.466267 -37.891930 15.580942
v 121.075378 -80.259277 7.207224
v 109.376862 -79.921501 8.208080
v 77.433342 -63.231201 8.911690
v 75.966667 -58.853493 8.479223
v 47.475227 -54.971931 10.523115
v 35.682991 -45.444450 10.349651
v 36.547913 -43.348244 10.002665
v 53.462425 -49.281288 9.256268
v 30.750023 -35.963554 9.569857
v 48.165035 -53.776833 10.307732
v 7.972542 -42.423843 12.434626
v 7.770851 -40.374847 12.188929
v 75.781456 -65.993515 9.414660
v 31.422146 -37.750954 9.739887
v 83.506569 -66.438622 13.785830
v 84.585739 -64.679764 13.463131
v 7.744400 -41.212997 17.302671
v 27.051796 -38.287155 13.112463
v 16.080948 -34.737053 13.634945
v -1.326202 -38.555176 17.770350
v -2.944107 -34.563515 17.401066
v 6.653023 -29.733772 13.832670
v -9.023613 -29.999786 17.356447
v 0.801384 -25.208527 13.772659
v -16.377228 -26.449356 17.555975
v -5.393578 -19.435555 14.465918
v -17.688232 -19.675606 16.801430
v -24.311775 -24.479637 18.010799
v -26.268173 -18.605396 17.429628
v -33.639130 -23.175018 18.675552
v -34.401093 -16.331139 17.862783
v -41.087799 -18.734589 18.769026
v -42.760902 -11.917912 18.041098
v -45.185989 -12.039791 18.273272
v -47.901192 -15.993656 19.024508
v -53.722260 -15.836296 19.523905
v -57.277870 -8.463932 18.892513
v -59.041756 -12.298470 19.543470
v -72.874214 -3.007961 19.582634
v -74.822334 -5.918262 20.131092
v -111.463890 10.586853 21.277925
v -112.656425 7.786350 21.744806
v -163.741241 27.006414 23.831589
v -163.200104 24.723501 24.077087
v -219.904724 42.977161 26.789928
v -216.656189 39.597790 26.934845
v 32.070610 -37.582672 13.778305
v -0.900856 -25.365768 16.034941
v 4.663872 -29.892708 16.120781
v 13.252296 -35.532257 16.079887
v 15.314651 -38.125114 16.229471
v 26.330219 -41.182205 15.639547
v 35.173462 -47.262817 15.632666
v 41.414745 -46.624985 14.993420
v 33.467842 -43.496338 15.300192
v 44.504986 -45.518150 14.575106
v 29.893913 -40.977180 15.295031
v 37.779167 -44.647652 15.063488
v 83.474899 -66.337486 9.595467
v 84.554100 -64.578613 9.272770
v 7.712753 -41.111862 13.112307
v -1.357857 -38.454041 13.579988
v -2.975769 -34.462372 13.210705
v -9.055267 -29.898643 13.166084
v -16.408882 -26.348228 13.365614
v -5.406960 -19.392815 12.695221
v -17.719887 -19.574459 12.610704
v -24.343430 -24.378494 13.820436
v -26.299828 -18.504250 13.238903
v -33.670769 -23.073883 14.485189
v -34.432732 -16.229996 13.672422
v -41.119446 -18.633453 14.578663
v -42.792549 -11.816776 13.850737
v -45.217644 -11.938660 14.082909
v -47.932838 -15.892517 14.834146
v -53.753914 -15.735161 15.333542
v -57.309532 -8.362801 14.702152
v -59.073387 -12.197334 15.353106
v -72.905876 -2.906826 15.392273
v -74.853981 -5.817131 15.940729
v -111.495552 10.687984 17.087566
v -112.688118 7.887493 17.554445
v -163.772919 27.107553 19.641228
v -163.231812 24.824640 19.886726
v -219.936340 43.078304 22.599566
v -216.687836 39.698933 22.744478
v 32.052368 -37.524384 11.363354
v -0.932503 -25.264633 11.844580
v 4.632225 -29.791573 11.930420
v 13.220631 -35.431114 11.889524
v 15.282990 -38.023979 12.039110
v 26.298553 -41.081062 11.449186
v 35.141804 -47.161674 11.442305
v 41.383080 -46.523849 10.803057
v 33.436188 -43.395195 11.109831
v 44.473324 -45.417023 10.384743
v 29.862267 -40.876038 11.104666
v 37.747528 -44.546516 10.873129
v -5.535973 -19.632217 13.620745
v -15.040283 -12.404602 13.539022
v -17.627762 -20.078400 14.757603
v -12.302872 -14.852829 14.156033
v -20.148643 -15.667549 16.537069
v -26.444069 -18.814316 15.381950
v -34.774323 -16.887108 15.877567
v -42.748154 -12.411613 16.013412
v -45.260178 -12.531815 16.253128
v -57.268074 -9.046616 16.876543
v -73.281792 -3.518650 17.594654
v -19.334923 -12.823681 13.976339
v -26.246422 -14.410141 16.919596
v -30.012016 -10.555351 14.637560
v -31.962708 -12.602459 17.197247
v -34.267075 -7.813671 14.664562
v -37.229691 -9.542603 17.273636
v -43.614067 -6.278755 15.301432
v -44.594337 -7.972797 17.729052
v -55.348907 -2.075409 15.808044
v -55.850273 -3.974354 18.219284
v -71.861000 1.573582 18.934563
v -71.287117 3.480118 16.515871
v -120.180367 19.894531 18.768095
v -115.762413 16.472448 20.936207
v -111.665611 10.095093 19.269138
v -163.708313 26.494143 21.804495
v -165.962677 30.482294 23.614567
v -218.621826 45.834232 26.339714
v -235.029480 48.963459 27.401707
v -246.324463 49.104511 28.391857
v -185.580414 40.266785 21.984524
v -218.821686 49.686794 23.739643
v -249.582489 57.980137 25.418343
v -249.604065 54.282207 28.018272
v -262.250732 56.806995 28.822308
v -264.193115 53.689945 29.396866
v -270.523102 57.299473 29.497406
v -273.117493 55.528019 29.956989
v -263.536896 61.150032 26.256100
v -271.949005 62.263474 26.863750
v -281.239410 61.958572 27.732353
v -287.724915 57.849377 28.840157
v -217.880463 41.868397 24.661827
v -24.251381 -12.473289 14.370138
v -237.171021 51.138477 27.312958
v -135.849945 22.851795 21.908422
v -135.820587 17.699703 20.446768
v -139.473511 22.217531 22.313528
v -142.851288 25.079058 22.246792
v -147.307800 24.707285 22.692472
v -152.197021 28.025209 22.701923
v -156.763916 27.646742 23.158319
v -161.782471 30.834028 23.196136
v -242.841614 49.645023 28.011379
v -147.319763 28.634817 20.065983
v -12.311142 -14.826393 13.060766
v -20.180779 -15.564865 12.282537
v -26.278564 -14.307457 12.665062
v -31.994850 -12.499771 12.942713
v -37.261826 -9.439915 13.019104
v -44.626480 -7.870117 13.474518
v -55.882416 -3.871670 13.964750
v -71.893135 1.676270 14.680029
v -115.794563 16.575130 16.681675
v -165.994781 30.584982 19.360035
v -218.653992 45.936916 22.085180
v -235.061676 49.066135 23.147175
v -246.356628 49.207203 24.137325
v -249.636200 54.384895 23.763741
v -262.282898 56.909679 24.567780
v -264.225281 53.792637 25.142330
v -270.555267 57.402164 25.242870
v -273.149658 55.630711 25.702457
v -237.203156 51.241169 23.058428
v -135.882111 22.954485 17.653889
v -139.505676 22.320227 18.058996
v -142.883423 25.181738 17.992258
v -147.339966 24.809973 18.437939
v -152.229156 28.127897 18.447392
v -156.796021 27.749426 18.903788
v -161.814636 30.936712 18.941601
v -242.873749 49.747715 23.756844
vn -0.0303 0.0419 0.9987
vn -0.0515 0.0797 0.9955
vn -0.0589 0.0352 0.9976
vn -0.0515 0.0797 -0.9955
vn -0.0303 0.0419 -0.9987
vn -0.0589 0.0352 -0.9976
vn 0.3361 -0.9418 -0.0000
vn 0.3371 -0.9415 -0.0000
vn 0.3335 -0.9428 -0.0000
vn -0.0351 0.0110 -0.9993
vn -0.0556 0.0220 -0.9982
vn -0.0301 0.0419 -0.9987
vn -0.0351 0.0109 -0.9993
vn -0.0351 0.0109 0.9993
vn -0.0301 0.0419 0.9987
vn -0.0556 0.0220 0.9982
vn -0.0351 0.0110 0.9993
vn -0.0301 0.0418 -0.9987
vn -0.0174 0.0515 -0.9985
vn 0.0052 -0.0145 -0.9999
vn -0.0350 0.0110 -0.9993
vn 0.0049 -0.0143 -0.9999
vn -0.0350 0.0110 0.9993
vn 0.0050 -0.0143 0.9999
vn -0.0101 0.0295 0.9995
vn -0.0301 0.0418 0.9987
vn 0.0049 -0.0142 0.9999
vn 0.3372 -0.9414 -0.0000
vn 0.3362 -0.9418 -0.0000
vn 0.3305 -0.9438 0.0001
vn 0.3223 -0.9466 -0.0000
vn 0.3305 -0.9438 -0.0000
vn -0.0302 0.0419 0.9987
vn -0.0334 0.0968 0.9947
vn -0.0515 0.0798 0.9955
vn -0.0334 0.0967 0.9948
vn -0.0302 0.0419 -0.9987
vn -0.0339 0.0971 -0.9947
vn 0.0048 -0.0146 -0.9999
vn -0.0127 0.0408 -0.9991
vn 0.0045 -0.0148 -0.9999
vn -0.0126 0.0408 -0.9991
vn -0.0101 0.0294 0.9995
vn 0.0050 -0.0141 0.9999
vn 0.0048 -0.0146 0.9999
vn -0.0131 0.0407 0.9991
vn 0.3222 -0.9467 -0.0000
vn 0.3057 -0.9521 0.0001
vn 0.2975 -0.9547 -0.0000
vn 0.3222 -0.9467 -0.0001
vn 0.3057 -0.9521 -0.0000
vn -0.0132 0.0408 0.9991
vn -0.0301 0.0964 0.9949
vn -0.0332 0.0968 0.9947
vn -0.0174 0.0516 -0.9985
vn -0.0309 0.0961 -0.9949
vn -0.0127 0.0409 -0.9991
vn -0.0310 0.0961 -0.9949
vn -0.0065 0.0225 -0.9997
vn -0.0161 0.0601 -0.9981
vn 0.0040 -0.0149 -0.9999
vn -0.0064 0.0224 -0.9997
vn -0.0064 0.0225 -0.9997
vn 0.0047 -0.0146 -0.9999
vn 0.0043 -0.0148 0.9999
vn 0.0040 -0.0149 0.9999
vn -0.0061 0.0227 0.9997
vn -0.0171 0.0599 0.9981
vn 0.0045 -0.0147 0.9999
vn -0.0061 0.0226 0.9997
vn -0.0132 0.0407 0.9991
vn 0.0048 -0.0147 0.9999
vn -0.0171 0.0598 0.9981
vn 0.0045 -0.0148 0.9999
vn 0.2744 -0.9616 -0.0000
vn 0.2595 -0.9657 -0.0000
vn 0.2744 -0.9616 0.0004
vn 0.2974 -0.9547 -0.0000
vn 0.2743 -0.9616 0.0001
vn 0.2743 -0.9616 -0.0000
vn 0.2974 -0.9547 -0.0001
vn -0.0263 0.0977 0.9949
vn -0.0277 0.0972 0.9949
vn -0.0262 0.0976 0.9949
vn -0.0299 0.0964 0.9949
vn -0.0278 0.0972 0.9949
vn -0.0300 0.0964 0.9949
vn -0.0277 0.0972 -0.9949
vn -0.0262 0.0977 -0.9949
vn -0.0162 0.0603 -0.9981
vn -0.0065 0.0226 -0.9997
vn -0.0278 0.0972 -0.9949
vn -0.0127 0.0410 -0.9991
vn -0.0279 0.0576 0.9979
vn -0.0500 0.0945 0.9943
vn -0.0577 0.0484 0.9972
vn -0.0500 0.0945 -0.9943
vn -0.0279 0.0576 -0.9979
vn -0.0577 0.0484 -0.9972
vn 0.3158 -0.9488 -0.0000
vn 0.3167 -0.9485 -0.0000
vn 0.3132 -0.9497 -0.0000
vn -0.0312 0.0194 -0.9993
vn -0.0520 0.0292 -0.9982
vn -0.0553 0.0423 -0.9976
vn -0.0254 0.0457 -0.9986
vn -0.0320 0.0172 -0.9993
vn -0.0557 0.0426 -0.9975
vn -0.0320 0.0172 0.9993
vn -0.0254 0.0457 0.9986
vn -0.0557 0.0425 0.9975
vn -0.0520 0.0292 0.9982
vn -0.0312 0.0194 0.9993
vn -0.0553 0.0423 0.9976
vn -0.0287 0.0402 -0.9988
vn -0.0164 0.0491 -0.9987
vn 0.0057 -0.0171 -0.9998
vn -0.0333 0.0140 -0.9993
vn -0.0273 0.0421 -0.9987
vn 0.0054 -0.0167 -0.9998
vn -0.0273 0.0421 0.9987
vn -0.0333 0.0140 0.9993
vn 0.0054 -0.0167 0.9998
vn -0.0093 0.0270 0.9996
vn -0.0287 0.0402 0.9988
vn 0.0054 -0.0169 0.9998
vn 0.3155 -0.9489 -0.0000
vn 0.3146 -0.9492 -0.0000
vn 0.3090 -0.9511 0.0001
vn 0.3007 -0.9537 -0.0000
vn 0.3090 -0.9511 -0.0000
vn -0.0349 0.0591 0.9976
vn -0.0139 0.0461 0.9988
vn -0.0366 0.1137 0.9928
vn -0.0535 0.0958 0.9940
vn -0.0325 0.0597 0.9977
vn -0.0368 0.1145 0.9927
vn -0.0326 0.0597 -0.9977
vn -0.0535 0.0958 -0.9940
vn -0.0373 0.1148 -0.9927
vn -0.0210 0.0683 -0.9974
vn -0.0349 0.0591 -0.9976
vn -0.0371 0.1140 -0.9928
vn 0.0054 -0.0172 -0.9998
vn -0.0165 0.0491 -0.9987
vn -0.0110 0.0386 -0.9992
vn 0.0049 -0.0174 -0.9998
vn 0.0055 -0.0168 -0.9998
vn -0.0113 0.0385 -0.9992
vn -0.0097 0.0267 0.9996
vn 0.0055 -0.0169 0.9998
vn 0.0054 -0.0172 0.9998
vn -0.0123 0.0382 0.9992
vn -0.0089 0.0270 0.9996
vn 0.3066 -0.9519 -0.0000
vn 0.3148 -0.9492 -0.0000
vn 0.2899 -0.9570 0.0001
vn 0.2816 -0.9595 -0.0000
vn 0.3066 -0.9519 -0.0001
vn 0.2899 -0.9570 -0.0000
vn -0.0369 0.1136 0.9928
vn -0.0139 0.0462 0.9988
vn -0.0174 0.0573 0.9982
vn -0.0336 0.1133 0.9930
vn -0.0368 0.1137 0.9928
vn -0.0166 0.0577 0.9982
vn -0.0215 0.0683 -0.9974
vn -0.0374 0.1140 -0.9928
vn -0.0346 0.1129 -0.9930
vn -0.0166 0.0576 -0.9982
vn -0.0218 0.0681 -0.9974
vn -0.0345 0.1129 -0.9930
vn -0.0058 0.0199 -0.9998
vn -0.0151 0.0576 -0.9982
vn 0.0047 -0.0175 -0.9998
vn 0.0051 -0.0174 -0.9998
vn -0.0060 0.0198 -0.9998
vn 0.0046 -0.0175 -0.9998
vn 0.0050 -0.0174 -0.9998
vn -0.0119 0.0383 -0.9992
vn -0.0053 0.0200 -0.9998
vn -0.0054 0.0200 -0.9998
vn 0.0047 -0.0175 0.9998
vn -0.0050 0.0202 0.9998
vn -0.0165 0.0572 0.9982
vn 0.0051 -0.0174 0.9998
vn -0.0052 0.0201 0.9998
vn -0.0129 0.0379 0.9992
vn 0.0050 -0.0174 0.9998
vn -0.0162 0.0573 0.9982
vn -0.0122 0.0382 0.9992
vn 0.2716 -0.9624 -0.0000
vn 0.2567 -0.9665 -0.0000
vn 0.2716 -0.9624 0.0001
vn 0.2876 -0.9578 -0.0000
vn 0.2959 -0.9552 -0.0000
vn 0.2644 -0.9644 0.0001
vn 0.2644 -0.9644 -0.0000
vn 0.2876 -0.9578 -0.0001
vn -0.0215 0.0767 0.9968
vn -0.0105 0.0394 0.9992
vn -0.0304 0.1145 0.9930
vn -0.0318 0.1139 0.9930
vn -0.0215 0.0766 0.9968
vn -0.0304 0.1144 0.9930
vn -0.0339 0.1132 0.9930
vn -0.0171 0.0575 0.9982
vn -0.0212 0.0766 0.9968
vn -0.0316 0.1140 0.9930
vn -0.0339 0.1133 0.9930
vn -0.0208 0.0768 0.9968
vn -0.0319 0.1139 -0.9930
vn -0.0304 0.1145 -0.9930
vn -0.0203 0.0771 -0.9968
vn -0.0106 0.0394 -0.9992
vn -0.0318 0.1139 -0.9930
vn -0.0204 0.0771 -0.9968
vn -0.0170 0.0577 -0.9982
vn -0.0347 0.1130 -0.9930
vn -0.0316 0.1139 -0.9930
vn -0.0106 0.0393 -0.9992
vn -0.0172 0.0576 -0.9982
vn -0.0316 0.1140 -0.9930
vn 0.9688 0.2480 -0.0000
vn -0.9688 -0.2480 -0.0000
vn 0.2518 -0.9678 -0.0000
vn -0.2518 0.9678 -0.0000
vn -0.0278 0.1069 -0.9939
vn -0.0071 0.0274 -0.9996
vn -0.0183 0.0670 -0.9976
vn -0.0192 0.0668 -0.9976
vn -0.0000 0.0072 -1.0000
vn 0.0086 -0.0330 -0.9994
vn -0.0122 0.0466 -0.9988
vn -0.0009 0.0070 -1.0000
vn 0.0086 -0.0330 0.9994
vn -0.0122 0.0466 0.9988
vn -0.0026 0.0066 1.0000
vn -0.0036 0.0062 1.0000
vn -0.0157 0.0678 0.9976
vn -0.0278 0.1069 0.9939
vn -0.0071 0.0274 0.9996
vn -0.0166 0.0674 0.9976
vn 0.2488 -0.9686 -0.0000
vn 0.4370 -0.8995 -0.0000
vn 0.3735 -0.9276 -0.0005
vn 0.2487 -0.9686 -0.0000
vn 0.3735 -0.9276 -0.0008
vn -0.2483 0.9687 -0.0000
vn -0.0501 0.9987 -0.0000
vn -0.1203 0.9927 0.0005
vn -0.2484 0.9687 -0.0000
vn -0.1203 0.9927 0.0008
vn 0.2495 -0.9684 -0.0000
vn 0.2480 -0.9688 -0.0000
vn 0.2495 -0.9684 0.0001
vn -0.2485 0.9686 0.0001
vn -0.2485 0.9686 -0.0000
vn -0.2480 0.9688 -0.0000
vn 0.0120 -0.0514 -0.9986
vn 0.2692 0.0368 -0.9624
vn 0.1806 -0.1764 -0.9676
vn 0.0489 -0.1933 -0.9799
vn 0.0103 -0.0479 -0.9988
vn 0.1793 -0.1723 -0.9686
vn -0.0049 0.0100 -0.9999
vn -0.0545 0.2108 -0.9760
vn 0.0724 0.2449 -0.9668
vn 0.2537 0.0971 -0.9624
vn -0.0043 0.0117 -0.9999
vn 0.0719 0.2469 -0.9664
vn 0.1806 -0.1764 0.9676
vn 0.2121 0.0587 0.9755
vn 0.0060 -0.0279 0.9996
vn 0.0492 -0.1933 0.9799
vn 0.1793 -0.1723 0.9686
vn 0.0043 -0.0246 0.9997
vn 0.1968 0.1224 0.9728
vn 0.1424 0.2664 0.9533
vn -0.0559 0.2148 0.9751
vn -0.0092 0.0338 0.9994
vn 0.1971 0.1214 0.9728
vn -0.0555 0.2135 0.9754
vn -0.0540 0.2109 -0.9760
vn -0.0035 0.0104 -0.9999
vn -0.0271 0.0960 -0.9950
vn -0.0290 0.0956 -0.9950
vn 0.0165 -0.0465 -0.9988
vn 0.0494 -0.1932 -0.9799
vn -0.0099 0.0385 -0.9992
vn 0.0143 -0.0469 -0.9988
vn 0.0494 -0.1932 0.9799
vn 0.0055 -0.0242 0.9997
vn 0.0178 -0.0793 0.9967
vn 0.0162 -0.0799 0.9967
vn -0.0029 0.0357 0.9994
vn -0.0557 0.2134 0.9754
vn -0.0540 0.2109 0.9760
vn 0.0052 -0.0206 0.9998
vn -0.0057 0.0349 0.9994
vn -0.1997 0.9798 0.0025
vn -0.1321 0.9912 -0.0019
vn 0.3587 0.6269 0.6916
vn 0.2987 -0.9543 -0.0025
vn 0.3627 -0.9319 0.0019
vn 0.6158 -0.3775 0.6916
vn 0.3769 0.5722 0.7284
vn 0.1090 0.2491 0.9623
vn 0.1561 0.1229 0.9801
vn 0.1776 0.0343 0.9835
vn 0.1438 -0.1747 0.9741
vn 0.6054 -0.3206 0.7284
vn 0.4156 0.5370 0.7341
vn 0.1708 0.0816 0.9819
vn 0.6224 -0.2714 0.7341
vn 0.4592 -0.0124 -0.8883
vn 0.1438 -0.1747 -0.9741
vn 0.2334 0.0135 -0.9723
vn 0.2111 0.1002 -0.9723
vn 0.0404 0.2276 -0.9729
vn 0.3967 0.2315 -0.8883
vn 0.4584 0.0213 -0.8885
vn 0.2269 0.0581 -0.9722
vn 0.4123 0.2016 -0.8885
vn -0.2495 0.9678 0.0323
vn -0.2083 0.8138 0.5425
vn -0.2303 0.9073 0.3518
vn -0.2471 0.9655 -0.0817
vn -0.2488 0.9680 0.0324
vn -0.2290 0.9077 0.3517
vn -0.2207 0.8432 0.4902
vn -0.1181 0.4613 0.8793
vn -0.1528 0.6069 0.7800
vn -0.2372 0.9268 0.2911
vn -0.2187 0.8438 0.4901
vn -0.1510 0.6074 0.7799
vn -0.1170 0.4369 0.8919
vn -0.0317 0.1242 0.9918
vn -0.0518 0.2088 0.9766
vn -0.1497 0.5846 0.7974
vn -0.1150 0.4374 0.8919
vn -0.0507 0.2090 0.9766
vn -0.0240 0.0829 0.9963
vn 0.0430 -0.1681 0.9848
vn 0.0230 -0.0832 0.9963
vn -0.0430 0.1681 0.9848
vn -0.0230 0.0832 0.9963
vn 0.0240 -0.0829 0.9963
vn 0.0507 -0.2090 0.9766
vn 0.1497 -0.5846 0.7974
vn 0.1150 -0.4374 0.8919
vn 0.0317 -0.1242 0.9918
vn 0.0518 -0.2088 0.9766
vn 0.1170 -0.4369 0.8919
vn 0.1511 -0.6074 0.7799
vn 0.2372 -0.9268 0.2911
vn 0.2187 -0.8438 0.4900
vn 0.1181 -0.4613 0.8794
vn 0.1528 -0.6069 0.7800
vn 0.2207 -0.8432 0.4901
vn 0.2290 -0.9076 0.3519
vn 0.2471 -0.9655 -0.0817
vn 0.2488 -0.9680 0.0323
vn 0.2083 -0.8137 0.5426
vn 0.2303 -0.9072 0.3520
vn 0.2495 -0.9678 0.0324
vn 0.2462 -0.9687 -0.0324
vn 0.2083 -0.8138 -0.5426
vn 0.2338 -0.9063 -0.3520
vn 0.2471 -0.9655 0.0817
vn 0.2469 -0.9685 -0.0323
vn 0.2353 -0.9060 -0.3519
vn 0.2115 -0.8456 -0.4901
vn 0.1180 -0.4613 -0.8794
vn 0.1575 -0.6057 -0.7800
vn 0.2371 -0.9268 -0.2911
vn 0.2136 -0.8451 -0.4900
vn 0.1594 -0.6053 -0.7799
vn 0.1073 -0.4393 -0.8919
vn 0.0317 -0.1242 -0.9918
vn 0.0549 -0.2079 -0.9766
vn 0.1496 -0.5846 -0.7974
vn 0.1093 -0.4390 -0.8918
vn 0.0560 -0.2077 -0.9766
vn 0.0187 -0.0842 -0.9963
vn -0.0430 0.1681 -0.9848
vn -0.0198 0.0840 -0.9963
vn 0.0430 -0.1681 -0.9848
vn 0.0198 -0.0840 -0.9963
vn -0.0187 0.0842 -0.9963
vn -0.0560 0.2077 -0.9766
vn -0.1496 0.5846 -0.7974
vn -0.1093 0.4390 -0.8918
vn -0.0317 0.1242 -0.9918
vn -0.0549 0.2079 -0.9766
vn -0.1073 0.4393 -0.8919
vn -0.1594 0.6053 -0.7799
vn -0.2371 0.9268 -0.2911
vn -0.2136 0.8451 -0.4900
vn -0.1180 0.4613 -0.8794
vn -0.1575 0.6057 -0.7800
vn -0.2115 0.8456 -0.4901
vn -0.2353 0.9060 -0.3518
vn -0.2471 0.9655 0.0817
vn -0.2469 0.9685 -0.0324
vn -0.2083 0.8138 -0.5425
vn -0.2338 0.9064 -0.3518
vn -0.2462 0.9687 -0.0323
vn -0.0159 0.0574 -0.9982
vn 0.0048 -0.0175 -0.9998
vn 0.0048 -0.0174 -0.9998
vn -0.0046 0.0202 -0.9998
vn 0.0048 -0.0175 0.9998
vn -0.0063 0.0197 0.9998
vn -0.0155 0.0575 0.9982
vn 0.0048 -0.0174 0.9998
vn -0.0058 0.0199 0.9998
vn 0.2668 -0.9638 -0.0000
vn -0.0210 0.0769 0.9968
vn -0.0108 0.0394 0.9992
vn -0.0316 0.1142 0.9930
vn -0.0316 0.1141 0.9930
vn -0.0208 0.0769 0.9968
vn -0.0316 0.1142 -0.9930
vn -0.0219 0.0767 -0.9968
vn -0.0113 0.0392 -0.9992
vn -0.0316 0.1141 -0.9930
vn -0.0215 0.0767 -0.9968
vn 0.2563 -0.9666 -0.0000
vn -0.2563 0.9666 -0.0000
vn -0.0283 0.1068 -0.9939
vn -0.0074 0.0273 -0.9996
vn -0.0162 0.0676 -0.9976
vn -0.0143 0.0685 -0.9976
vn -0.0053 0.0054 -1.0000
vn 0.0087 -0.0329 -0.9994
vn -0.0123 0.0466 -0.9988
vn -0.0034 0.0062 -1.0000
vn 0.0087 -0.0329 0.9994
vn -0.0123 0.0466 0.9988
vn -0.0000 0.0072 1.0000
vn 0.0021 0.0074 1.0000
vn -0.0217 0.0664 0.9976
vn -0.0283 0.1068 0.9939
vn -0.0074 0.0273 0.9996
vn -0.0196 0.0667 0.9976
vn 0.2515 -0.9679 -0.0001
vn 0.4390 -0.8985 -0.0002
vn 0.3757 -0.9267 0.0041
vn 0.2515 -0.9679 -0.0000
vn 0.3756 -0.9268 0.0065
vn -0.2498 0.9683 -0.0000
vn -0.0523 0.9986 0.0002
vn -0.1222 0.9925 -0.0041
vn -0.2498 0.9683 -0.0001
vn -0.1222 0.9925 -0.0066
vn 0.2495 -0.9684 -0.0002
vn 0.2494 -0.9684 -0.0004
vn -0.2484 0.9687 -0.0001
vn 0.0119 -0.0514 -0.9986
vn 0.2661 0.0358 -0.9633
vn 0.1794 -0.1811 -0.9670
vn 0.0483 -0.1935 -0.9799
vn 0.0138 -0.0470 -0.9988
vn 0.1795 -0.1785 -0.9674
vn -0.0007 0.0112 -0.9999
vn -0.0559 0.2104 -0.9760
vn 0.0687 0.2512 -0.9655
vn 0.2505 0.0965 -0.9633
vn -0.0039 0.0117 -0.9999
vn 0.0685 0.2505 -0.9657
vn 0.1793 -0.1811 0.9670
vn 0.2094 0.0578 0.9761
vn 0.0063 -0.0279 0.9996
vn 0.0483 -0.1935 0.9799
vn 0.1795 -0.1785 0.9674
vn 0.0084 -0.0236 0.9997
vn 0.1937 0.1124 0.9746
vn 0.1399 0.2660 0.9538
vn -0.0575 0.2142 0.9751
vn -0.0111 0.0334 0.9994
vn 0.1936 0.1106 0.9748
vn -0.0574 0.2129 0.9754
vn -0.0543 0.2107 -0.9760
vn -0.0212 0.0975 -0.9950
vn -0.0543 0.2108 -0.9760
vn -0.0187 0.0985 -0.9950
vn 0.0044 -0.0499 -0.9987
vn 0.0073 -0.0489 -0.9988
vn 0.0234 -0.0779 0.9967
vn 0.0258 -0.0776 0.9967
vn -0.0189 0.0320 0.9993
vn -0.0148 0.0327 0.9994
vn 0.0468 0.9984 -0.0304
vn 0.1241 0.9920 0.0236
vn 0.6016 0.3541 0.7160
vn 0.5239 -0.8512 0.0301
vn 0.5877 -0.8087 -0.0234
vn 0.6978 -0.0216 0.7160
vn 0.6446 0.6331 0.4286
vn 0.3391 0.3010 0.8913
vn 0.4008 0.1251 0.9076
vn 0.3883 0.1605 0.9074
vn 0.3608 -0.1193 0.9250
vn 0.8695 -0.2455 0.4286
vn 0.5944 0.6640 0.4536
vn 0.3842 0.1391 0.9127
vn 0.8403 -0.2968 0.4536
vn 0.7297 0.1202 -0.6731
vn 0.3609 -0.1194 -0.9249
vn 0.4553 0.1418 -0.8790
vn 0.4674 0.0944 -0.8790
vn 0.2574 0.2841 -0.9236
vn 0.6977 0.2452 -0.6731
vn 0.7197 0.0733 -0.6904
vn 0.4501 0.1153 -0.8855
vn 0.6664 0.2815 -0.6904
vn -0.2408 0.9700 0.0331
vn -0.2397 0.9050 0.3514
vn -0.2471 0.9655 -0.0816
vn -0.2438 0.9693 0.0326
vn -0.2456 0.9038 0.3505
vn -0.2042 0.8469 0.4909
vn -0.1614 0.6049 0.7798
vn -0.2095 0.8460 0.4903
vn -0.1663 0.6041 0.7793
vn -0.1050 0.4397 0.8920
vn -0.0556 0.2078 0.9766
vn -0.1080 0.4392 0.8919
vn -0.0572 0.2075 0.9766
vn -0.0178 0.0844 0.9963
vn 0.0193 -0.0841 0.9963
vn -0.0193 0.0841 0.9963
vn 0.0178 -0.0844 0.9963
vn 0.0572 -0.2075 0.9766
vn 0.1080 -0.4392 0.8919
vn 0.0556 -0.2078 0.9766
vn 0.1050 -0.4397 0.8920
vn 0.1663 -0.6041 0.7793
vn 0.2095 -0.8460 0.4903
vn 0.1614 -0.6049 0.7798
vn 0.2041 -0.8469 0.4909
vn 0.2456 -0.9037 0.3506
vn 0.2438 -0.9693 0.0326
vn 0.2397 -0.9050 0.3516
vn 0.2408 -0.9700 0.0331
vn 0.2549 -0.9664 -0.0331
vn 0.2246 -0.9088 -0.3516
vn 0.2518 -0.9672 -0.0326
vn 0.2188 -0.9106 -0.3505
vn 0.2278 -0.8409 -0.4909
vn 0.1491 -0.6081 -0.7798
vn 0.2227 -0.8426 -0.4903
vn 0.1444 -0.6097 -0.7793
vn 0.1191 -0.4361 -0.8920
vn 0.0511 -0.2089 -0.9766
vn 0.1163 -0.4371 -0.8919
vn 0.0495 -0.2095 -0.9766
vn 0.0249 -0.0826 -0.9963
vn -0.0234 0.0830 -0.9963
vn 0.0234 -0.0830 -0.9963
vn -0.0249 0.0826 -0.9963
vn -0.0495 0.2095 -0.9766
vn -0.1163 0.4371 -0.8919
vn -0.0511 0.2089 -0.9766
vn -0.1191 0.4361 -0.8920
vn -0.1444 0.6097 -0.7793
vn -0.2227 0.8426 -0.4903
vn -0.1491 0.6081 -0.7798
vn -0.2278 0.8409 -0.4909
vn -0.2188 0.9107 -0.3505
vn -0.2471 0.9655 0.0816
vn -0.2518 0.9672 -0.0326
vn -0.2247 0.9089 -0.3514
vn -0.2549 0.9664 -0.0331
vn -0.0174 0.0632 0.9979
vn -0.0406 0.0985 0.9943
vn -0.0482 0.0510 0.9975
vn -0.0406 0.0985 -0.9943
vn -0.0174 0.0632 -0.9979
vn -0.0482 0.0510 -0.9975
vn 0.3001 -0.9539 -0.0000
vn 0.3010 -0.9536 -0.0001
vn -0.0211 0.0236 -0.9995
vn -0.0418 0.0319 -0.9986
vn -0.0454 0.0449 -0.9980
vn -0.0144 0.0446 -0.9989
vn -0.0226 0.0185 -0.9996
vn -0.0461 0.0449 -0.9979
vn -0.0226 0.0185 0.9996
vn -0.0144 0.0446 0.9989
vn -0.0461 0.0449 0.9979
vn -0.0418 0.0319 0.9986
vn -0.0211 0.0236 0.9995
vn -0.0454 0.0449 0.9980
vn -0.0283 0.0409 -0.9988
vn -0.0165 0.0492 -0.9987
vn -0.0320 0.0192 -0.9993
vn -0.0250 0.0445 -0.9987
vn 0.0051 -0.0168 -0.9998
vn -0.0250 0.0445 0.9987
vn -0.0320 0.0192 0.9993
vn 0.0052 -0.0167 0.9998
vn -0.0094 0.0269 0.9996
vn -0.0283 0.0409 0.9988
vn 0.0050 -0.0168 0.9998
vn 0.2989 -0.9543 -0.0000
vn 0.2979 -0.9546 -0.0000
vn 0.2924 -0.9563 0.0002
vn 0.2840 -0.9588 -0.0000
vn 0.3021 -0.9533 -0.0000
vn 0.2924 -0.9563 -0.0001
vn -0.0341 0.0598 0.9976
vn -0.0347 0.1142 0.9929
vn -0.0498 0.0943 0.9943
vn -0.0289 0.0603 0.9978
vn -0.0348 0.1149 0.9928
vn -0.0289 0.0603 -0.9978
vn -0.0498 0.0943 -0.9943
vn -0.0354 0.1153 -0.9927
vn -0.0193 0.0687 -0.9975
vn -0.0341 0.0598 -0.9976
vn -0.0351 0.1145 -0.9928
vn 0.0052 -0.0170 -0.9998
vn -0.0168 0.0490 -0.9987
vn -0.0104 0.0388 -0.9992
vn 0.0053 -0.0170 -0.9998
vn -0.0111 0.0386 -0.9992
vn -0.0102 0.0264 0.9996
vn 0.0052 -0.0173 0.9998
vn -0.0088 0.0271 0.9996
vn 0.2945 -0.9557 0.0001
vn 0.3027 -0.9531 -0.0000
vn 0.2778 -0.9606 0.0002
vn 0.2695 -0.9630 -0.0000
vn 0.2945 -0.9557 -0.0002
vn 0.2778 -0.9606 -0.0001
vn -0.0354 0.1140 0.9929
vn -0.0125 0.0466 0.9988
vn -0.0166 0.0575 0.9982
vn -0.0322 0.1136 0.9930
vn -0.0353 0.1141 0.9928
vn -0.0149 0.0582 0.9982
vn -0.0203 0.0685 -0.9974
vn -0.0359 0.1143 -0.9928
vn -0.0331 0.1132 -0.9930
vn -0.0152 0.0579 -0.9982
vn -0.0331 0.1133 -0.9930
vn -0.0121 0.0383 -0.9992
vn -0.0055 0.0200 -0.9998
vn -0.0134 0.0378 0.9992
vn 0.0049 -0.0174 0.9998
vn -0.0171 0.0571 0.9982
vn -0.0120 0.0384 0.9992
vn 0.2800 -0.9600 0.0001
vn 0.2883 -0.9575 -0.0000
vn 0.2717 -0.9624 -0.0000
vn 0.2800 -0.9600 -0.0002
vn -0.0330 0.1134 0.9930
vn -0.0162 0.0578 0.9982
vn -0.0214 0.0765 0.9968
vn -0.0321 0.1138 0.9930
vn -0.0330 0.1135 0.9930
vn -0.0206 0.0768 0.9968
vn -0.0164 0.0577 -0.9982
vn -0.0337 0.1131 -0.9930
vn -0.0321 0.1138 -0.9930
vn -0.0102 0.0393 -0.9992
vn -0.0169 0.0576 -0.9982
vn 0.0882 0.1271 0.9880
vn -0.0882 -0.1271 -0.9880
vn 0.1097 0.1922 0.9752
vn 0.3580 0.4391 0.8240
vn 0.4618 0.5369 0.7060
vn 0.3583 0.4392 0.8239
vn 0.6197 0.7027 0.3496
vn 0.3953 0.5767 0.7149
vn 0.6196 0.7027 0.3496
vn 0.3954 0.5768 0.7148
vn 0.4762 0.7458 0.4659
vn 0.3954 0.5767 0.7149
vn 0.3581 0.4391 0.8240
vn 0.3582 0.4393 0.8238
vn 0.3955 0.5769 0.7147
vn 0.6197 0.7027 0.3495
vn 0.4762 0.7459 0.4657
vn 0.3953 0.5770 0.7147
vn 0.3781 0.7445 0.5502
vn 0.2163 0.3818 0.8986
vn 0.3780 0.7445 0.5503
vn 0.2168 0.3820 0.8984
vn 0.1352 0.6038 0.7856
vn 0.3953 0.5768 0.7148
vn 0.2167 0.3820 0.8984
vn 0.3781 0.7444 0.5504
vn 0.3953 0.5768 0.7149
vn 0.2166 0.3817 0.8985
vn 0.1692 0.3103 0.9355
vn 0.1352 0.6035 0.7858
vn 0.1691 0.3102 0.9355
vn 0.1062 0.3365 0.9357
vn 0.1690 0.3102 0.9355
vn 0.1692 0.3107 0.9354
vn 0.1063 0.3370 0.9355
vn 0.1352 0.6036 0.7857
vn 0.1812 0.3251 0.9282
vn 0.1302 0.2361 0.9630
vn 0.0888 0.3992 0.9125
vn 0.1304 0.2364 0.9629
vn 0.1812 0.3255 0.9280
vn 0.0377 0.3731 0.9270
vn 0.0886 0.3989 0.9127
vn 0.1352 0.6036 0.7858
vn 0.1351 0.6036 0.7857
vn 0.1059 0.3369 0.9356
vn 0.0378 0.3732 0.9270
vn 0.1054 0.1812 0.9778
vn 0.0377 0.3730 0.9271
vn 0.1303 0.2364 0.9629
vn 0.0887 0.3989 0.9127
vn 0.1055 0.1816 0.9777
vn 0.0888 0.3991 0.9126
vn 0.0379 0.3730 0.9271
vn 0.3581 0.4392 0.8239
vn 0.4618 0.5367 0.7062
vn 0.1098 0.1924 0.9752
vn 0.1098 0.1921 0.9752
vn -0.0657 -0.0599 -0.9960
vn -0.0882 -0.1272 -0.9880
vn 0.2437 0.2625 -0.9336
vn 0.5572 0.6245 -0.5472
vn 0.2441 0.2629 -0.9334
vn 0.3980 0.4215 -0.8149
vn 0.3188 0.4678 -0.8244
vn 0.4579 0.7291 -0.5087
vn 0.3188 0.4680 -0.8242
vn 0.2437 0.2626 -0.9336
vn 0.3187 0.4679 -0.8244
vn 0.5572 0.6246 -0.5472
vn 0.3188 0.4679 -0.8243
vn 0.2441 0.2628 -0.9335
vn 0.3327 0.7144 -0.6155
vn 0.3188 0.4681 -0.8242
vn 0.0631 0.1682 -0.9837
vn -0.0035 0.4686 -0.8834
vn 0.0632 0.1686 -0.9837
vn 0.3325 0.7144 -0.6157
vn 0.3326 0.7143 -0.6158
vn 0.0633 0.1686 -0.9837
vn 0.3188 0.4678 -0.8243
vn 0.0630 0.1681 -0.9837
vn -0.0035 0.4685 -0.8835
vn 0.0030 0.0756 -0.9971
vn 0.0631 0.1684 -0.9837
vn 0.0630 0.1682 -0.9837
vn 0.0030 0.0755 -0.9971
vn -0.0643 0.1042 -0.9925
vn -0.0641 0.1043 -0.9925
vn 0.0029 0.0762 -0.9971
vn -0.0431 -0.0116 -0.9990
vn 0.0175 0.0944 -0.9954
vn -0.0432 -0.0116 -0.9990
vn 0.0177 0.0949 -0.9953
vn -0.0430 -0.0113 -0.9990
vn -0.0794 0.1811 -0.9803
vn -0.0036 0.4685 -0.8834
vn -0.0800 0.1809 -0.9802
vn -0.1356 0.1461 -0.9799
vn -0.1355 0.1462 -0.9799
vn -0.0646 0.1043 -0.9924
vn -0.0036 0.4686 -0.8834
vn -0.0704 -0.0715 -0.9950
vn -0.1356 0.1456 -0.9800
vn -0.0642 0.1042 -0.9925
vn -0.1355 0.1456 -0.9800
vn -0.0703 -0.0711 -0.9950
vn -0.0795 0.1807 -0.9803
vn -0.0432 -0.0115 -0.9990
vn -0.1356 0.1458 -0.9800
vn -0.0794 0.1807 -0.9803
vn -0.0656 -0.0595 -0.9961
vn 0.3978 0.4212 -0.8151
vn 0.2436 0.2627 -0.9336
vn 0.2436 0.2626 -0.9336
vn 0.6196 0.7028 0.3495
vn 0.6824 0.7308 0.0125
vn -0.1422 0.9895 0.0250
vn 0.1001 -0.2315 0.9677
vn 0.0929 0.0200 0.9955
vn 0.2145 0.1116 0.9703
vn 0.1003 -0.2315 0.9677
vn 0.2147 0.1116 0.9703
vn 0.1478 0.4051 0.9022
vn 0.2146 0.1120 0.9702
vn 0.1083 0.5754 0.8107
vn 0.1479 0.4052 0.9022
vn 0.1080 0.5756 0.8106
vn 0.0587 0.6585 0.7502
vn 0.1479 0.4051 0.9022
vn 0.1445 0.2827 0.9483
vn 0.1000 -0.2319 0.9676
vn 0.1000 -0.2318 0.9676
vn -0.0161 -0.3155 0.9488
vn 0.2886 0.6327 0.7186
vn 0.1376 0.1857 0.9729
vn 0.1447 0.2832 0.9481
vn 0.2887 0.6326 0.7187
vn 0.2891 0.6266 0.7237
vn 0.2890 0.6266 0.7238
vn 0.1562 0.4318 0.8884
vn 0.1375 0.1855 0.9730
vn 0.2890 0.6268 0.7236
vn 0.2190 0.7405 0.6354
vn 0.2190 0.7404 0.6355
vn 0.1646 0.2955 0.9410
vn 0.1563 0.4317 0.8884
vn 0.2828 0.7241 0.6290
vn 0.1648 0.2955 0.9410
vn 0.1422 0.2848 0.9480
vn 0.1651 0.2953 0.9410
vn 0.1374 0.1852 0.9731
vn 0.1375 0.1852 0.9730
vn -0.0598 -0.2578 0.9643
vn -0.0598 -0.2578 0.9644
vn 0.1374 0.1852 0.9730
vn -0.0338 -0.2846 0.9581
vn 0.1559 0.4314 0.8886
vn -0.0337 -0.2846 0.9580
vn 0.1559 0.4315 0.8886
vn 0.1650 0.2950 0.9411
vn -0.0337 -0.2848 0.9580
vn 0.1649 0.2950 0.9411
vn 0.0336 -0.3124 0.9494
vn 0.0335 -0.3123 0.9494
vn 0.1651 0.2949 0.9412
vn -0.0415 -0.2642 0.9636
vn 0.1421 0.2846 0.9481
vn -0.0415 -0.2641 0.9636
vn 0.1421 0.2844 0.9481
vn -0.0455 -0.2553 0.9658
vn 0.1422 0.2845 0.9481
vn 0.2245 0.5500 0.8044
vn -0.0456 -0.2557 0.9657
vn 0.1422 0.2847 0.9480
vn 0.2825 0.7242 0.6290
vn 0.2248 0.5502 0.8042
vn 0.2757 0.7220 0.6346
vn 0.2247 0.5503 0.8042
vn 0.2703 0.7329 0.6243
vn 0.1372 0.2875 0.9479
vn 0.2247 0.5502 0.8042
vn 0.2246 0.5499 0.8044
vn 0.1371 0.2871 0.9480
vn -0.0456 -0.2556 0.9657
vn 0.1370 0.2870 0.9481
vn -0.0243 -0.2607 0.9651
vn -0.0455 -0.2554 0.9658
vn 0.0418 0.0216 0.9989
vn 0.1906 0.5536 0.8107
vn 0.1123 0.1960 0.9742
vn 0.1907 0.5536 0.8106
vn 0.1971 0.5555 0.8079
vn 0.1123 0.1956 0.9742
vn 0.1969 0.5554 0.8079
vn 0.1862 0.5651 0.8037
vn 0.1251 0.3012 0.9453
vn 0.1228 0.3631 0.9236
vn 0.0954 0.0828 0.9920
vn 0.1229 0.3631 0.9236
vn 0.0621 0.3499 0.9347
vn 0.0619 0.3497 0.9348
vn 0.0299 0.2098 0.9773
vn 0.1251 0.3014 0.9453
vn 0.1863 0.5651 0.8037
vn 0.1229 0.3635 0.9234
vn 0.1336 0.5206 0.8433
vn 0.1229 0.3636 0.9234
vn 0.1226 0.3636 0.9234
vn 0.1334 0.5207 0.8433
vn 0.0621 0.3502 0.9346
vn 0.1337 0.5204 0.8434
vn 0.0970 0.4880 0.8674
vn 0.0620 0.3501 0.9347
vn 0.0217 0.3974 0.9174
vn 0.0620 0.3502 0.9346
vn 0.0216 0.3970 0.9176
vn -0.0270 0.2942 0.9554
vn -0.0271 0.2937 0.9555
vn 0.0295 0.2101 0.9772
vn 0.2886 0.6328 0.7185
vn 0.1446 0.2830 0.9482
vn 0.1852 0.6751 0.7141
vn 0.0590 0.6587 0.7501
vn 0.1850 0.6751 0.7141
vn 0.1479 0.4053 0.9021
vn 0.1865 0.5650 0.8037
vn 0.1252 0.3014 0.9452
vn 0.1553 0.3915 0.9070
vn 0.1252 0.3012 0.9453
vn 0.0618 -0.0547 0.9966
vn 0.1552 0.3913 0.9071
vn 0.1122 0.1955 0.9743
vn 0.1123 0.1957 0.9742
vn 0.1863 0.5652 0.8036
vn 0.0416 0.0210 0.9989
vn 0.1123 0.1951 0.9743
vn -0.0866 -0.4396 0.8940
vn 0.0213 -0.2787 0.9601
vn -0.0866 -0.4395 0.8941
vn 0.0617 -0.0552 0.9966
vn 0.1123 0.1955 0.9743
vn 0.0154 -0.1418 0.9898
vn 0.1989 0.4647 0.8629
vn 0.1849 0.4503 0.8735
vn 0.0155 -0.1418 0.9898
vn 0.1850 0.4503 0.8735
vn 0.0125 -0.1147 0.9933
vn 0.1823 0.4566 0.8708
vn 0.0416 0.0211 0.9989
vn -0.0866 -0.4395 0.8940
vn -0.0072 -0.1788 0.9839
vn 0.1823 0.4565 0.8708
vn -0.0071 -0.1782 0.9840
vn 0.1906 0.5535 0.8107
vn 0.0417 0.0217 0.9989
vn 0.1743 0.4795 0.8600
vn -0.0070 -0.1782 0.9840
vn 0.1745 0.4794 0.8601
vn 0.1744 0.4794 0.8601
vn 0.0955 0.0826 0.9920
vn 0.0214 -0.2784 0.9602
vn 0.0879 -0.0104 0.9961
vn 0.0617 -0.0549 0.9966
vn 0.0878 -0.0106 0.9961
vn 0.0879 -0.0103 0.9961
vn 0.0954 0.0827 0.9920
vn 0.1990 0.4650 0.8627
vn 0.1823 0.4567 0.8707
vn 0.1851 0.4508 0.8732
vn 0.2562 0.7236 0.6408
vn 0.2563 0.7237 0.6407
vn 0.1906 0.5537 0.8106
vn 0.1744 0.4798 0.8599
vn 0.1745 0.4799 0.8598
vn 0.2563 0.7237 0.6408
vn 0.1850 0.4507 0.8733
vn 0.2563 0.7238 0.6406
vn 0.1992 0.4650 0.8626
vn 0.0152 -0.1423 0.9897
vn 0.0124 -0.1150 0.9933
vn -0.0966 -0.4452 0.8902
vn -0.0072 -0.1787 0.9839
vn -0.0966 -0.4451 0.8902
vn 0.0124 -0.1152 0.9933
vn 0.1369 0.2870 0.9481
vn 0.1990 0.4646 0.8629
vn -0.0244 -0.2610 0.9650
vn -0.0243 -0.2606 0.9651
vn 0.1990 0.4645 0.8629
vn 0.0154 -0.1421 0.9897
vn -0.0968 -0.4450 0.8903
vn -0.0245 -0.2612 0.9650
vn 0.0153 -0.1423 0.9897
vn 0.0418 -0.1405 -0.9892
vn -0.0827 -0.2296 -0.9698
vn -0.0675 -0.4391 -0.8959
vn -0.0131 0.1923 -0.9812
vn 0.0421 -0.1410 -0.9891
vn -0.0673 -0.4392 -0.8959
vn -0.0131 0.1928 -0.9812
vn -0.0396 0.4242 -0.9047
vn 0.0419 -0.1404 -0.9892
vn -0.0134 0.1931 -0.9811
vn -0.0841 0.5425 -0.8359
vn -0.0400 0.4244 -0.9046
vn -0.0675 -0.4392 -0.8958
vn -0.0259 0.0420 -0.9988
vn -0.0131 0.1924 -0.9812
vn -0.1649 -0.4952 -0.8530
vn -0.0255 0.0419 -0.9988
vn -0.0674 -0.4392 -0.8959
vn -0.0256 0.0425 -0.9988
vn -0.0371 -0.0663 -0.9971
vn 0.1921 0.5334 -0.8237
vn -0.0370 -0.0663 -0.9971
vn 0.1915 0.5245 -0.8296
vn 0.1921 0.5333 -0.8238
vn -0.0011 0.2280 -0.9737
vn -0.0014 0.2281 -0.9736
vn 0.1278 0.6861 -0.7162
vn 0.1914 0.5246 -0.8295
vn -0.0014 0.2282 -0.9736
vn -0.0027 0.0579 -0.9983
vn -0.0027 0.0576 -0.9983
vn 0.2051 0.6707 -0.7128
vn 0.1279 0.6861 -0.7161
vn -0.0282 0.0445 -0.9986
vn 0.2054 0.6707 -0.7128
vn -0.1647 -0.4952 -0.8530
vn -0.0372 -0.0668 -0.9971
vn -0.0258 0.0420 -0.9988
vn -0.2070 -0.4501 -0.8687
vn -0.0372 -0.0669 -0.9971
vn -0.1650 -0.4951 -0.8530
vn -0.1824 -0.4717 -0.8627
vn -0.1824 -0.4714 -0.8628
vn -0.0015 0.2276 -0.9738
vn -0.0371 -0.0668 -0.9971
vn -0.1823 -0.4716 -0.8628
vn -0.0029 0.0574 -0.9983
vn -0.0016 0.2277 -0.9737
vn -0.1221 -0.4958 -0.8598
vn -0.0028 0.0574 -0.9983
vn -0.1823 -0.4715 -0.8628
vn -0.1905 -0.4561 -0.8693
vn -0.1906 -0.4560 -0.8693
vn -0.0283 0.0440 -0.9986
vn -0.0028 0.0575 -0.9983
vn -0.1947 -0.4493 -0.8719
vn -0.0283 0.0441 -0.9986
vn -0.1905 -0.4559 -0.8694
vn 0.0960 0.4009 -0.9111
vn -0.0281 0.0440 -0.9986
vn 0.0962 0.4012 -0.9109
vn 0.2044 0.6709 -0.7128
vn 0.0961 0.4013 -0.9109
vn 0.1957 0.6664 -0.7194
vn 0.2050 0.6708 -0.7128
vn 0.0961 0.4012 -0.9109
vn 0.1910 0.6821 -0.7058
vn 0.1955 0.6665 -0.7194
vn -0.0336 0.0471 -0.9983
vn 0.1911 0.6821 -0.7058
vn -0.1947 -0.4494 -0.8718
vn -0.0338 0.0466 -0.9983
vn 0.0960 0.4008 -0.9111
vn -0.1947 -0.4495 -0.8718
vn -0.1763 -0.4547 -0.8730
vn -0.0629 -0.0560 -0.9965
vn 0.0551 0.4016 -0.9142
vn -0.1318 -0.2271 -0.9649
vn -0.0629 -0.0559 -0.9965
vn 0.0631 0.4053 -0.9120
vn 0.0549 0.4020 -0.9140
vn -0.0630 -0.0558 -0.9964
vn 0.0517 0.4181 -0.9069
vn 0.0629 0.4051 -0.9121
vn -0.0809 -0.1708 -0.9820
vn -0.0446 0.1376 -0.9895
vn -0.0459 0.0625 -0.9970
vn -0.1110 0.1185 -0.9867
vn -0.1465 -0.0416 -0.9883
vn -0.1109 0.1185 -0.9867
vn -0.0444 0.1381 -0.9894
vn 0.0516 0.4182 -0.9069
vn -0.0459 0.0632 -0.9969
vn -0.0173 0.3480 -0.9373
vn -0.1110 0.1186 -0.9867
vn -0.0174 0.3479 -0.9374
vn -0.0445 0.1380 -0.9894
vn -0.1109 0.1186 -0.9867
vn -0.0630 0.2992 -0.9521
vn -0.1518 0.1757 -0.9727
vn -0.0633 0.2992 -0.9521
vn -0.1111 0.1185 -0.9867
vn -0.2036 0.0512 -0.9777
vn -0.1519 0.1754 -0.9727
vn -0.1466 -0.0414 -0.9883
vn -0.2034 0.0512 -0.9778
vn 0.0704 0.5825 -0.8098
vn -0.0256 0.0421 -0.9988
vn 0.1921 0.5335 -0.8237
vn -0.0840 0.5425 -0.8359
vn -0.0131 0.1930 -0.9811
vn 0.0705 0.5825 -0.8098
vn -0.0063 0.1756 -0.9844
vn -0.0458 0.0630 -0.9970
vn 0.0524 0.4177 -0.9071
vn -0.0063 0.1754 -0.9845
vn -0.1103 -0.2950 -0.9491
vn -0.0631 -0.0564 -0.9964
vn -0.0063 0.1757 -0.9844
vn -0.0630 -0.0560 -0.9964
vn -0.2133 -0.5774 -0.7881
vn -0.1320 -0.2274 -0.9648
vn -0.0631 -0.0565 -0.9964
vn -0.2131 -0.5774 -0.7882
vn -0.1352 -0.4705 -0.8720
vn -0.0632 -0.0563 -0.9964
vn -0.1104 -0.2952 -0.9490
vn 0.0341 0.2557 -0.9662
vn 0.0524 0.2767 -0.9595
vn -0.1490 -0.3652 -0.9189
vn -0.1531 -0.3433 -0.9267
vn 0.0318 0.2640 -0.9640
vn 0.0342 0.2557 -0.9662
vn -0.1670 -0.3932 -0.9042
vn -0.1319 -0.2276 -0.9648
vn -0.1670 -0.3927 -0.9044
vn 0.0252 0.2947 -0.9553
vn -0.1318 -0.2270 -0.9649
vn 0.0547 0.4016 -0.9142
vn 0.0253 0.2947 -0.9553
vn -0.1669 -0.3927 -0.9044
vn -0.1319 -0.2270 -0.9649
vn 0.0319 0.2640 -0.9640
vn -0.1669 -0.3928 -0.9044
vn -0.0871 -0.2569 -0.9625
vn -0.1351 -0.4704 -0.8721
vn -0.0809 -0.1709 -0.9820
vn -0.0871 -0.2571 -0.9625
vn -0.1351 -0.4704 -0.8720
vn -0.0870 -0.2567 -0.9626
vn -0.0870 -0.2566 -0.9626
vn -0.0459 0.0626 -0.9970
vn 0.1909 0.6822 -0.7058
vn -0.0337 0.0471 -0.9983
vn 0.0526 0.2772 -0.9594
vn 0.1710 0.6662 -0.7259
vn 0.0343 0.2562 -0.9660
vn 0.0319 0.2642 -0.9639
vn 0.0254 0.2952 -0.9551
vn 0.0552 0.4019 -0.9140
vn 0.1710 0.6663 -0.7259
vn 0.0318 0.2641 -0.9640
vn 0.0525 0.2773 -0.9594
vn 0.0344 0.2561 -0.9660
vn 0.1711 0.6662 -0.7259
vn 0.1711 0.6663 -0.7258
vn 0.1910 0.6821 -0.7059
vn -0.2208 -0.5804 -0.7838
vn -0.1531 -0.3435 -0.9266
vn -0.1491 -0.3656 -0.9188
vn -0.2208 -0.5805 -0.7838
vn -0.2133 -0.5773 -0.7882
vn -0.1532 -0.3434 -0.9266
vn 0.0525 0.2768 -0.9595
vn -0.1490 -0.3653 -0.9189
vn -0.1762 -0.4544 -0.8732
vn -0.1764 -0.4548 -0.8730
vn -0.2211 -0.5811 -0.7832
vn 0.5776 0.8161 0.0153
vn 0.6204 0.7841 0.0142
vn 0.6205 0.7841 0.0142
vn 0.6650 0.7468 0.0130
vn -0.1552 -0.9876 -0.0227
vn -0.1795 -0.9835 -0.0223
vn -0.1874 -0.9820 -0.0223
vn -0.2491 -0.9682 -0.0215
vn -0.1625 -0.9864 -0.0226
vn -0.2808 -0.9595 -0.0211
vn -0.0309 -0.9992 -0.0239
vn 0.4291 0.9031 0.0186
vn 0.4366 0.8995 0.0185
vn 0.4442 0.8957 0.0181
vn -0.4173 -0.9086 -0.0188
vn -0.3658 -0.9305 -0.0187
vn -0.5031 -0.8641 -0.0171
vn 0.4443 0.8957 0.0182
vn 0.4367 0.8994 0.0185
vn 0.4787 0.8778 0.0176
vn 0.4787 0.8778 0.0175
vn 0.3082 0.9511 0.0206
vn 0.3893 0.9209 0.0193
vn 0.4724 0.8812 0.0177
vn -0.3036 -0.9526 -0.0207
vn -0.3237 -0.9459 -0.0204
vn -0.3436 -0.9389 -0.0201
vn 0.4725 0.8812 0.0177
vn 0.3894 0.9209 0.0193
vn 0.4355 0.9000 0.0184
vn 0.3079 0.9512 0.0206
vn 0.4355 0.9000 0.0185
vn -0.9952 -0.0973 0.0052
vn -0.9952 -0.0974 0.0052
vn 0.3077 0.9512 0.0207
vn 0.4352 0.9001 0.0185
vn 0.1801 0.9834 0.0224
vn 0.3077 0.9513 0.0206
vn -0.3768 -0.9261 -0.0195
vn -0.3701 -0.9288 -0.0197
vn -0.2810 -0.9595 -0.0211
vn -0.1627 -0.9864 -0.0226
vn -0.3437 -0.9389 -0.0201
vn -0.3238 -0.9459 -0.0204
vn -0.4605 -0.8875 -0.0180
vn -0.6087 -0.7932 -0.0145
vn -0.3657 -0.9305 -0.0197
vn -0.4172 -0.9086 -0.0188
vn -0.8037 -0.5950 -0.0083
vn -0.8724 -0.4888 -0.0053
vn -0.6088 -0.7932 -0.0145
vn -0.4607 -0.8874 -0.0180
vn -0.8633 -0.5047 -0.0057
vn -0.8725 -0.4886 -0.0053
vn -0.8037 -0.5949 -0.0083
vn -0.8725 -0.4886 -0.0052
vn 0.5059 0.8624 0.0170
vn 0.4788 0.8777 0.0175
vn -0.8632 -0.5049 -0.0057
vn -0.6089 -0.7931 -0.0145
vn -0.4606 -0.8874 -0.0180
vn 0.0821 0.9964 0.0234
vn 0.0353 0.9991 0.0239
vn 0.1764 0.9841 0.0224
vn 0.2247 0.9742 0.0218
vn 0.2248 0.9742 0.0218
vn 0.3367 0.9414 0.0201
vn 0.4027 0.9151 0.0190
vn 0.3367 0.9414 0.0202
vn -0.4657 -0.8847 -0.0178
vn -0.4195 -0.9076 -0.0179
vn -0.3966 -0.9178 -0.0192
vn -0.2705 -0.9625 -0.0212
vn 0.4028 0.9151 0.0190
vn 0.3369 0.9413 0.0203
vn 0.3253 0.9454 0.0204
vn 0.1503 0.9884 0.0228
vn 0.3253 0.9454 0.0203
vn 0.1502 0.9884 0.0227
vn 0.3252 0.9454 0.0203
vn 0.0794 0.9966 0.0235
vn 0.1903 0.9815 0.0222
vn -0.2736 -0.9616 -0.0212
vn -0.1580 -0.9872 -0.0226
vn -0.4193 -0.9076 -0.0187
vn -0.4656 -0.8848 -0.0178
vn -0.0291 -0.9993 -0.0239
vn -0.1578 -0.9872 -0.0226
vn -0.2734 -0.9617 -0.0212
vn 0.1904 0.9814 0.0223
vn 0.0796 0.9966 0.0235
vn 0.3001 0.9537 0.0208
vn 0.3156 0.9487 0.0205
vn -0.4935 -0.8696 -0.0172
vn -0.4336 -0.9009 -0.0184
vn -0.5538 -0.8325 -0.0159
vn -0.5537 -0.8325 -0.0159
vn 0.3002 0.9536 0.0208
vn 0.3316 0.9432 0.0202
vn 0.3323 0.9429 0.0203
vn 0.3317 0.9432 0.0202
vn -0.3641 -0.9312 -0.0198
vn -0.3527 -0.9355 -0.0199
vn -0.4335 -0.9010 -0.0184
vn -0.4932 -0.8697 -0.0173
vn 0.3325 0.9429 0.0203
vn 0.3222 0.9465 0.0204
vn 0.3115 0.9500 0.0206
vn -0.3338 -0.9424 -0.0203
vn -0.3261 -0.9451 -0.0204
vn -0.3526 -0.9355 -0.0199
vn -0.3640 -0.9312 -0.0197
vn 0.3114 0.9501 0.0206
vn 0.2919 0.9562 0.0209
vn 0.2833 0.9588 0.0210
vn -0.3023 -0.9530 -0.0207
vn -0.2858 -0.9581 -0.0210
vn -0.3337 -0.9425 -0.0203
vn -0.3022 -0.9530 -0.0207
vn -0.3260 -0.9451 -0.0204
vn -0.2704 -0.9625 -0.0212
vn -0.3965 -0.9179 -0.0191
vn -0.1754 -0.9842 -0.0225
vn -0.2094 -0.9776 -0.0220
vn -0.2095 -0.9776 -0.0220
vn -0.1755 -0.9842 -0.0225
vn -0.3080 -0.9512 -0.0206
vn -0.3726 -0.9278 -0.0196
vn -0.7206 -0.6932 -0.0113
vn -0.5645 -0.8253 -0.0157
vn -0.4085 -0.9125 -0.0190
vn -0.5645 -0.8253 -0.0156
vn 0.2832 0.9588 0.0210
vn 0.2918 0.9562 0.0209
vn 0.2745 0.9614 0.0211
vn -0.4084 -0.9126 -0.0190
vn -0.5643 -0.8254 -0.0156
vn -0.3021 -0.9530 -0.0207
vn -0.3727 -0.9277 -0.0196
vn -0.3082 -0.9511 -0.0216
vn -0.4881 -0.8726 -0.0174
vn -0.5435 -0.8393 -0.0153
vn -0.5436 -0.8392 -0.0162
vn -0.4884 -0.8725 -0.0174
vn -0.7011 -0.7130 -0.0119
vn -0.8160 -0.5780 -0.0078
vn -0.2821 -0.9591 -0.0210
vn -0.2938 -0.9556 -0.0209
vn -0.3052 -0.9521 -0.0207
vn -0.8162 -0.5777 -0.0077
vn -0.7011 -0.7129 -0.0119
vn -0.9267 -0.3758 -0.0021
vn -0.8162 -0.5777 -0.0078
vn 0.8506 -0.5254 -0.0191
vn 0.4586 0.8885 0.0180
vn -0.3053 -0.9520 -0.0207
vn -0.3167 -0.9483 -0.0205
vn -0.0149 0.9996 0.0242
vn 0.0351 0.9991 0.0239
vn 0.0819 0.9964 0.0234
vn -0.2344 -0.9719 -0.0217
vn -0.2188 -0.9755 -0.0219
vn -0.2496 -0.9681 -0.0215
vn -0.2343 -0.9719 -0.0217
vn 0.3954 0.5770 0.7147
vn 0.2441 0.2630 -0.9334
vn 0.0176 0.0944 -0.9954
vn -0.1356 0.1457 -0.9800
vn 0.2146 0.1120 0.9703
vn 0.2886 0.6326 0.7187
vn 0.2887 0.6327 0.7186
vn 0.1648 0.2956 0.9410
vn 0.2827 0.7242 0.6290
vn -0.0244 -0.2608 0.9651
vn -0.0456 -0.2555 0.9657
vn 0.1970 0.5554 0.8079
vn 0.1335 0.5206 0.8433
vn -0.0271 0.2935 0.9556
vn 0.1866 0.5650 0.8037
vn 0.1252 0.3014 0.9453
vn 0.0954 0.0826 0.9920
vn 0.0214 -0.2783 0.9603
vn 0.0618 -0.0549 0.9966
vn 0.2562 0.7237 0.6408
vn 0.1369 0.2871 0.9481
vn -0.0970 -0.4454 0.8900
vn -0.0245 -0.2611 0.9650
vn -0.0015 0.2275 -0.9738
vn -0.1822 -0.4716 -0.8628
vn -0.1905 -0.4558 -0.8694
vn 0.2045 0.6709 -0.7128
vn 0.1956 0.6665 -0.7194
vn 0.0961 0.4012 -0.9110
vn 0.0516 0.4181 -0.9069
vn -0.1466 -0.0415 -0.9883
vn -0.2033 0.0511 -0.9778
vn -0.1111 0.1184 -0.9867
vn 0.0521 0.4179 -0.9070
vn 0.0516 0.4180 -0.9070
vn -0.0870 -0.2569 -0.9625
vn 0.0525 0.2772 -0.9594
vn -0.1763 -0.4547 -0.8731
vn -0.3701 -0.9288 -0.0196
vn 0.0795 0.9966 0.0235
vn 0.3315 0.9432 0.0202
vn -0.3965 -0.9179 -0.0192
vt 0.605360 0.320990
vt 0.604490 0.319060
vt 0.604910 0.319060
vt 0.605320 0.320970
vt 0.605460 0.320970
vt 0.605460 0.319540
vt 0.603650 0.320970
vt 0.603650 0.322880
vt 0.605320 0.322880
vt 0.603650 0.319060
vt 0.602670 0.320970
vt 0.602670 0.322880
vt 0.602670 0.319060
vt 0.601550 0.320970
vt 0.600150 0.320970
vt 0.600150 0.322880
vt 0.601550 0.322880
vt 0.600150 0.319060
vt 0.601550 0.319060
vt 0.963580 0.288570
vt 0.903490 0.251880
vt 0.932430 0.251880
vt 0.961360 0.288120
vt 0.971000 0.288120
vt 0.971000 0.260940
vt 0.845630 0.288120
vt 0.845630 0.324360
vt 0.961360 0.324360
vt 0.845630 0.251880
vt 0.778110 0.288120
vt 0.778110 0.324360
vt 0.778110 0.251880
vt 0.700950 0.288120
vt 0.604490 0.288120
vt 0.604490 0.324360
vt 0.700950 0.324360
vt 0.604490 0.251880
vt 0.700950 0.251880
vt 0.831370 0.619240
vt 0.843920 0.623660
vt 0.831730 0.665090
vt 0.854120 0.636280
vt 0.859960 0.654690
vt 0.860230 0.675310
vt 0.854810 0.694030
vt 0.844760 0.707040
vt 0.832090 0.711700
vt 0.819380 0.707060
vt 0.809180 0.694100
vt 0.803520 0.675490
vt 0.803460 0.654960
vt 0.808960 0.636560
vt 0.818910 0.623840
vt 0.843650 0.624940
vt 0.831280 0.620580
vt 0.831630 0.665800
vt 0.853710 0.637390
vt 0.859470 0.655550
vt 0.859720 0.675880
vt 0.854380 0.694330
vt 0.844480 0.707160
vt 0.831990 0.711750
vt 0.819460 0.707180
vt 0.809400 0.694400
vt 0.803820 0.676050
vt 0.803760 0.655810
vt 0.809180 0.637660
vt 0.818990 0.625120
vt 0.882230 0.720170
vt 0.882000 0.717970
vt 0.897630 0.717970
vt 0.897890 0.720170
vt 0.882010 0.729940
vt 0.882160 0.731400
vt 0.897690 0.731390
vt 0.897520 0.729940
vt 0.882230 0.726180
vt 0.897840 0.726180
vt 0.881970 0.723580
vt 0.897530 0.723580
vt 0.042740 0.272600
vt 0.535820 0.271810
vt 0.042740 0.169160
vt 0.535820 0.168370
vt 0.904420 0.580950
vt 0.880150 0.580950
vt 0.880150 0.567210
vt 0.904420 0.567210
vt 0.831060 0.580950
vt 0.855340 0.580950
vt 0.855340 0.567210
vt 0.831060 0.567210
vt 0.042740 0.218630
vt 0.535820 0.217840
vt 0.536420 0.140760
vt 0.536420 0.086780
vt 0.043340 0.087570
vt 0.043340 0.141550
vt 0.536420 0.037310
vt 0.043340 0.038100
vt 0.877790 0.580950
vt 0.877790 0.567210
vt 0.904260 0.580950
vt 0.904260 0.567210
vt 0.853670 0.580950
vt 0.853670 0.567210
vt 0.831220 0.580950
vt 0.831220 0.567210
vt 0.557810 0.202850
vt 0.557810 0.237330
vt 0.553100 0.272600
vt 0.553100 0.169160
vt 0.553100 0.218630
vt 0.553700 0.141550
vt 0.553700 0.087570
vt 0.553700 0.038100
vt 0.553100 0.203640
vt 0.553100 0.238120
vt 0.790430 0.886180
vt 0.764400 0.945720
vt 0.873470 0.960790
vt 0.865800 0.879240
vt 0.839240 0.839840
vt 0.887550 0.795820
vt 0.663000 0.838970
vt 0.694390 0.838440
vt 0.529000 0.774770
vt 0.741740 0.813060
vt 0.569090 0.772130
vt 0.717320 0.887330
vt 0.793370 0.811710
vt 0.857500 0.798750
vt 0.580560 0.198580
vt 0.588760 0.168120
vt 0.604060 0.207400
vt 0.557650 0.197480
vt 0.563150 0.159340
vt 0.540970 0.171930
vt 0.533050 0.208320
vt 0.526630 0.203380
vt 0.521360 0.175840
vt 0.505700 0.166570
vt 0.492470 0.202880
vt 0.489680 0.177680
vt 0.447980 0.207090
vt 0.444240 0.186900
vt 0.337860 0.218060
vt 0.336080 0.199820
vt 0.189690 0.221400
vt 0.192290 0.209180
vt 0.610990 0.170620
vt 0.632460 0.163000
vt 0.651850 0.203920
vt 0.025770 0.728820
vt 0.041230 0.714200
vt 0.042600 0.716840
vt 0.651030 0.147300
vt 0.669020 0.187530
vt 0.055790 0.706250
vt 0.057590 0.709370
vt 0.078570 0.706040
vt 0.682990 0.127630
vt 0.694850 0.170020
vt 0.657370 0.127110
vt 0.076400 0.699090
vt 0.099830 0.710790
vt 0.083060 0.692660
vt 0.701680 0.158670
vt 0.732700 0.160290
vt 0.103710 0.699370
vt 0.759430 0.140670
vt 0.223070 0.706950
vt 0.136800 0.713120
vt 0.223890 0.698470
vt 0.133730 0.703770
vt 0.106880 0.722270
vt 0.108740 0.706080
vt 0.125570 0.705240
vt 0.125310 0.690960
vt 0.117550 0.702450
vt 0.765080 0.160310
vt 0.742130 0.167700
vt 0.752960 0.159410
vt 0.076050 0.668330
vt 0.783520 0.167040
vt 0.745560 0.190760
vt 0.635910 0.229840
vt 0.092010 0.693210
vt 0.047660 0.663780
vt 0.074250 0.644150
vt 0.102900 0.666760
vt 0.772710 0.478020
vt 0.767220 0.482460
vt 0.759520 0.469640
vt 0.760020 0.477900
vt 0.125770 0.670990
vt 0.124890 0.703290
vt 0.741000 0.475540
vt 0.738300 0.468550
vt 0.748680 0.468190
vt 0.732820 0.479600
vt 0.728280 0.472660
vt 0.716320 0.476310
vt 0.715160 0.471050
vt 0.694850 0.478370
vt 0.694580 0.472940
vt 0.147440 0.670450
vt 0.156220 0.707560
vt 0.187120 0.692810
vt 0.167890 0.659960
vt 0.195540 0.664700
vt 0.196320 0.699130
vt 0.241720 0.700220
vt 0.238350 0.660490
vt 0.302580 0.695390
vt 0.299200 0.655500
vt 0.665360 0.475240
vt 0.665750 0.480760
vt 0.576680 0.486360
vt 0.585330 0.480710
vt 0.465950 0.644070
vt 0.448570 0.681180
vt 0.494820 0.478740
vt 0.458060 0.489550
vt 0.399660 0.478450
vt 0.398080 0.488640
vt 0.342720 0.486630
vt 0.129710 0.553850
vt 0.023420 0.538310
vt 0.981260 0.555490
vt 0.645600 0.534060
vt 0.165050 0.527530
vt 0.560320 0.523130
vt 0.343870 0.476690
vt 0.321400 0.473460
vt 0.317800 0.484110
vt 0.307080 0.468200
vt 0.303040 0.480430
vt 0.287250 0.472180
vt 0.277520 0.455830
vt 0.303230 0.461310
vt 0.751490 0.474920
vt 0.366170 0.478060
vt 0.691100 0.570490
vt 0.354740 0.568780
vt 0.802310 0.590730
vt 0.655560 0.652670
vt 0.854690 0.657000
vt 0.645800 0.676670
vt 0.850510 0.684120
vt 0.916160 0.670190
vt 0.542870 0.477410
vt 0.548850 0.482020
vt 0.536140 0.482490
vt 0.555200 0.654380
vt 0.568630 0.641220
vt 0.584900 0.653550
vt 0.528640 0.477920
vt 0.519180 0.483040
vt 0.620720 0.653020
vt 0.604050 0.640400
vt 0.501850 0.483030
vt 0.640300 0.641080
vt 0.511490 0.478370
vt 0.957780 0.693690
vt 0.945150 0.682260
vt 0.785380 0.560420
vt 0.527360 0.488470
vt 0.540110 0.679140
vt 0.542090 0.641980
vt 0.031350 0.215360
vt 0.041750 0.201550
s 0
usemtl 材质.001
f 628/108/445 625/109/446 630/110/447
f 625/109/448 627/111/449 630/110/450
f 624/112/451 626/112/452 629/113/453
f 624/112/454 629/113/455 630/110/450
f 627/111/456 624/112/457 630/110/450
f 626/112/458 628/108/459 630/110/447
f 629/113/460 626/112/461 630/110/447
f 627/111/462 634/114/463 631/115/464
f 624/116/465 627/111/462 631/115/466
f 628/108/459 626/116/467 633/115/468
f 635/114/469 628/108/470 633/115/471
f 626/116/472 624/116/473 631/115/474
f 633/115/475 626/116/472 631/115/476
f 628/108/477 635/114/469 632/117/478
f 625/109/479 628/108/477 632/117/480
f 627/111/481 625/109/448 632/117/482
f 634/114/463 627/111/481 632/117/482
f 631/115/483 634/114/463 639/118/484
f 636/119/485 631/115/483 639/118/486
f 635/114/487 633/115/488 638/119/489
f 640/118/490 635/114/487 638/119/489
f 633/115/491 631/115/476 636/119/492
f 638/119/493 633/115/494 636/119/495
f 632/117/478 635/114/469 640/118/496
f 637/120/497 632/117/498 640/118/496
f 634/114/499 632/117/482 637/120/500
f 639/118/501 634/114/499 637/120/502
f 644/121/503 622/122/504 619/123/505
f 641/124/505 644/121/506 619/123/505
f 636/119/485 639/118/484 644/121/507
f 641/124/505 636/119/508 644/121/503
f 643/124/509 621/123/510 623/122/511
f 645/121/512 643/124/513 623/122/514
f 640/118/515 638/119/516 643/124/510
f 645/121/517 640/118/515 643/124/518
f 641/124/519 619/123/520 621/123/520
f 643/124/519 641/124/521 621/123/520
f 638/119/522 636/119/495 641/124/523
f 643/124/524 638/119/525 641/124/524
f 645/121/512 623/122/511 620/125/526
f 642/126/527 645/121/512 620/125/528
f 637/120/529 640/118/496 645/121/512
f 642/126/530 637/120/531 645/121/512
f 642/126/532 620/125/533 622/122/534
f 644/121/535 642/126/532 622/122/534
f 639/118/501 637/120/500 642/126/536
f 644/121/535 639/118/537 642/126/536
f 655/127/538 652/128/539 657/129/540
f 652/128/541 654/130/542 657/129/543
f 651/131/544 653/131/545 656/132/546
f 651/131/547 656/132/548 657/129/549
f 654/130/550 651/131/551 657/129/552
f 653/131/553 655/127/554 657/129/555
f 656/132/556 653/131/557 657/129/558
f 654/130/559 661/133/560 658/134/561
f 651/135/562 654/130/563 658/134/564
f 655/127/565 653/135/566 660/134/567
f 662/133/568 655/127/569 660/134/570
f 653/135/571 651/135/572 658/134/573
f 660/134/574 653/135/571 658/134/575
f 655/127/576 662/133/577 659/136/578
f 652/128/579 655/127/580 659/136/581
f 654/130/582 652/128/583 659/136/584
f 661/133/585 654/130/586 659/136/587
f 658/134/588 661/133/589 666/137/590
f 663/138/591 658/134/592 666/137/593
f 662/133/594 660/134/595 665/138/596
f 667/137/597 662/133/598 665/138/596
f 660/134/599 658/134/600 663/138/601
f 665/138/602 660/134/603 663/138/604
f 659/136/605 662/133/606 667/137/607
f 664/139/608 659/136/609 667/137/610
f 661/133/611 659/136/612 664/139/613
f 666/137/614 661/133/615 664/139/616
f 671/140/617 649/141/618 646/142/619
f 668/143/620 671/140/621 646/142/622
f 663/138/623 666/137/624 671/140/625
f 668/143/623 663/138/623 671/140/626
f 670/143/627 648/142/627 650/141/628
f 672/140/629 670/143/630 650/141/631
f 667/137/632 665/138/633 670/143/633
f 672/140/634 667/137/635 670/143/633
f 668/143/636 646/142/637 648/142/637
f 670/143/636 668/143/638 648/142/637
f 665/138/639 663/138/640 668/143/641
f 670/143/642 665/138/643 668/143/642
f 672/140/644 650/141/645 647/144/646
f 669/145/647 672/140/648 647/144/649
f 664/139/650 667/137/651 672/140/652
f 669/145/653 664/139/654 672/140/655
f 669/145/656 647/144/657 649/141/658
f 671/140/659 669/145/660 649/141/661
f 666/137/662 664/139/663 669/145/664
f 671/140/665 666/137/666 669/145/667
f 674/146/668 675/147/668 673/148/668
f 675/147/668 676/149/668 673/148/668
f 676/149/668 677/150/668 673/148/668
f 677/150/668 678/151/668 673/148/668
f 678/151/668 679/152/668 673/148/668
f 679/152/668 680/153/668 673/148/668
f 680/153/668 681/154/668 673/148/668
f 681/154/668 682/155/668 673/148/668
f 682/155/668 683/156/668 673/148/668
f 683/156/668 684/157/668 673/148/668
f 684/157/668 685/158/668 673/148/668
f 685/158/668 686/159/668 673/148/668
f 686/159/668 687/160/668 673/148/668
f 687/160/668 674/146/668 673/148/668
f 689/161/669 688/162/669 702/163/669
f 690/164/669 689/161/669 702/163/669
f 691/165/669 690/164/669 702/163/669
f 692/166/669 691/165/669 702/163/669
f 693/167/669 692/166/669 702/163/669
f 694/168/669 693/167/669 702/163/669
f 695/169/669 694/168/669 702/163/669
f 696/170/669 695/169/669 702/163/669
f 697/171/669 696/170/669 702/163/669
f 698/172/669 697/171/669 702/163/669
f 699/173/669 698/172/669 702/163/669
f 700/174/669 699/173/669 702/163/669
f 701/175/669 700/174/669 702/163/669
f 688/162/669 701/175/669 702/163/669
f 703/176/670 705/177/670 709/178/670
f 707/179/670 703/176/670 709/178/670
f 706/180/671 704/181/671 708/182/671
f 710/183/671 706/180/671 708/182/671
f 704/181/672 711/184/673 713/185/674
f 708/182/672 704/181/672 713/185/675
f 711/184/676 703/176/677 707/179/677
f 713/185/678 711/184/679 707/179/677
f 705/177/680 712/186/681 714/187/682
f 709/178/680 705/177/680 714/187/683
f 712/186/684 706/180/685 710/183/685
f 714/187/686 712/186/687 710/183/685
f 710/183/669 708/182/669 713/185/669
f 707/179/669 710/183/669 713/185/669
f 714/187/669 710/183/669 707/179/669
f 709/178/669 714/187/669 707/179/669
f 715/188/688 717/189/689 719/189/690
f 721/188/691 715/188/691 719/189/692
f 722/190/693 720/191/694 718/191/695
f 716/190/696 722/190/696 718/191/697
f 715/192/698 721/193/698 725/194/699
f 723/195/699 715/192/700 725/194/699
f 722/196/701 716/197/702 724/198/703
f 726/199/703 722/196/702 724/198/703
f 728/200/704 727/201/705 717/189/706
f 715/188/707 728/200/708 717/189/709
f 728/200/710 716/190/711 718/191/712
f 727/201/713 728/200/714 718/191/715
f 719/202/716 729/203/717 730/204/718
f 721/205/719 719/202/720 730/204/721
f 729/203/722 720/206/723 722/207/724
f 730/204/725 729/203/726 722/207/727
f 716/197/728 728/208/729 731/209/730
f 724/198/728 716/197/728 731/209/731
f 728/208/732 715/210/733 723/211/733
f 731/209/734 728/208/735 723/211/733
f 721/193/736 730/212/737 732/213/738
f 725/194/736 721/193/736 732/213/739
f 730/212/740 722/214/741 726/215/742
f 732/213/743 730/212/744 726/215/742
f 718/191/745 720/191/746 734/216/747
f 719/189/748 717/189/749 733/217/750
f 734/216/751 720/191/752 729/201/753
f 729/201/754 719/189/755 733/217/756
f 734/216/757 729/201/758 733/217/759
f 733/217/760 717/189/761 727/201/762
f 727/201/763 718/191/764 734/216/765
f 733/217/766 727/201/767 734/216/768
f 688/162/769 689/161/770 675/147/771
f 674/146/772 688/162/773 675/147/774
f 689/161/775 690/164/776 676/149/777
f 675/147/778 689/161/779 676/149/780
f 690/164/781 691/165/782 677/150/783
f 676/149/784 690/164/785 677/150/786
f 691/165/787 692/166/788 678/151/789
f 677/150/790 691/165/791 678/151/792
f 692/166/793 693/167/794 679/152/795
f 678/151/796 692/166/797 679/152/798
f 693/167/799 694/168/800 680/153/801
f 679/152/802 693/167/803 680/153/804
f 694/168/805 695/169/806 681/154/807
f 680/153/808 694/168/809 681/154/810
f 695/169/811 696/170/812 682/155/813
f 681/154/814 695/169/815 682/155/816
f 696/170/817 697/171/818 683/156/819
f 682/155/820 696/170/821 683/156/822
f 697/171/823 698/172/824 684/157/825
f 683/156/826 697/171/827 684/157/828
f 698/172/829 699/173/830 685/158/831
f 684/157/832 698/172/833 685/158/834
f 699/173/835 700/174/836 686/159/837
f 685/158/838 699/173/839 686/159/840
f 700/174/841 701/175/842 687/160/843
f 686/159/844 700/174/845 687/160/846
f 701/175/847 688/162/848 674/146/849
f 687/160/850 701/175/851 674/146/852
f 743/140/625 738/141/853 735/142/854
f 740/143/855 743/140/856 735/142/855
f 742/143/857 737/142/857 739/141/858
f 744/140/859 742/143/860 739/141/861
f 740/143/862 735/142/862 737/142/862
f 742/143/862 740/143/862 737/142/862
f 744/140/863 739/141/864 736/144/865
f 741/145/866 744/140/867 736/144/866
f 741/145/868 736/144/868 738/141/869
f 743/140/870 741/145/871 738/141/872
f 746/146/668 747/147/668 745/148/668
f 747/147/668 748/149/668 745/148/668
f 748/149/668 749/150/668 745/148/668
f 749/150/668 750/151/668 745/148/668
f 750/151/668 751/152/668 745/148/668
f 751/152/668 752/153/668 745/148/668
f 752/153/668 753/154/668 745/148/668
f 753/154/668 754/155/668 745/148/668
f 754/155/668 755/156/668 745/148/668
f 755/156/668 756/157/668 745/148/668
f 756/157/668 757/158/668 745/148/668
f 757/158/668 758/159/668 745/148/668
f 758/159/668 759/160/668 745/148/668
f 759/160/668 746/146/668 745/148/668
f 761/161/669 760/162/669 774/163/669
f 762/164/669 761/161/669 774/163/669
f 763/165/669 762/164/669 774/163/669
f 764/166/669 763/165/669 774/163/669
f 765/167/669 764/166/669 774/163/669
f 766/168/669 765/167/669 774/163/669
f 767/169/669 766/168/669 774/163/669
f 768/170/669 767/169/669 774/163/669
f 769/171/669 768/170/669 774/163/669
f 770/172/669 769/171/669 774/163/669
f 771/173/669 770/172/669 774/163/669
f 772/174/669 771/173/669 774/163/669
f 773/175/669 772/174/669 774/163/669
f 760/162/669 773/175/669 774/163/669
f 775/176/873 777/177/873 781/178/873
f 779/179/873 775/176/873 781/178/873
f 778/180/874 776/181/874 780/182/874
f 782/183/874 778/180/874 780/182/874
f 776/181/875 783/184/876 785/185/877
f 780/182/875 776/181/875 785/185/878
f 783/184/879 775/176/880 779/179/880
f 785/185/881 783/184/882 779/179/880
f 777/177/883 784/186/884 786/187/885
f 781/178/883 777/177/883 786/187/886
f 784/186/887 778/180/888 782/183/888
f 786/187/889 784/186/890 782/183/888
f 782/183/669 780/182/669 785/185/669
f 779/179/669 782/183/669 785/185/669
f 786/187/669 782/183/669 779/179/669
f 781/178/669 786/187/669 779/179/669
f 787/188/891 789/218/892 791/218/893
f 793/188/894 787/188/891 791/218/895
f 794/190/896 792/219/897 790/219/898
f 788/190/896 794/190/899 790/219/900
f 787/192/901 793/193/698 797/194/699
f 795/195/699 787/192/902 797/194/699
f 794/196/903 788/197/696 796/198/703
f 798/199/703 794/196/702 796/198/703
f 800/200/904 799/220/905 789/218/906
f 787/188/907 800/200/908 789/218/909
f 800/200/910 788/190/911 790/219/912
f 799/220/913 800/200/914 790/219/915
f 791/221/916 801/222/917 802/204/918
f 793/205/919 791/221/920 802/204/921
f 801/222/922 792/223/923 794/207/924
f 802/204/925 801/222/926 794/207/927
f 788/197/928 800/208/729 803/209/929
f 796/198/728 788/197/930 803/209/931
f 800/208/932 787/210/733 795/211/733
f 803/209/734 800/208/933 795/211/733
f 793/193/736 802/212/737 804/213/934
f 797/194/736 793/193/736 804/213/935
f 802/212/936 794/214/741 798/215/742
f 804/213/743 802/212/937 798/215/742
f 790/219/938 792/219/939 806/224/940
f 791/218/941 789/218/942 805/225/943
f 806/224/944 792/219/945 801/220/946
f 801/220/947 791/218/948 805/225/949
f 806/224/950 801/220/951 805/225/952
f 805/225/953 789/218/954 799/220/955
f 799/220/956 790/219/957 806/224/958
f 805/225/959 799/220/960 806/224/961
f 760/162/962 761/161/770 747/147/963
f 746/146/964 760/162/965 747/147/966
f 761/161/967 762/164/776 748/149/968
f 747/147/778 761/161/969 748/149/970
f 762/164/971 763/165/782 749/150/972
f 748/149/784 762/164/973 749/150/974
f 763/165/975 764/166/788 750/151/976
f 749/150/790 763/165/977 750/151/978
f 764/166/979 765/167/794 751/152/980
f 750/151/796 764/166/981 751/152/982
f 765/167/983 766/168/800 752/153/984
f 751/152/802 765/167/985 752/153/986
f 766/168/987 767/169/806 753/154/988
f 752/153/808 766/168/989 753/154/990
f 767/169/991 768/170/812 754/155/992
f 753/154/814 767/169/993 754/155/994
f 768/170/995 769/171/818 755/156/996
f 754/155/820 768/170/997 755/156/998
f 769/171/999 770/172/824 756/157/1000
f 755/156/826 769/171/1001 756/157/1002
f 770/172/1003 771/173/830 757/158/1004
f 756/157/832 770/172/1005 757/158/1006
f 771/173/1007 772/174/836 758/159/1008
f 757/158/838 771/173/1009 758/159/1010
f 772/174/1011 773/175/842 759/160/1012
f 758/159/844 772/174/1013 759/160/1014
f 773/175/1015 760/162/1016 746/146/1017
f 759/160/850 773/175/1018 746/146/1019
f 811/127/1020 808/128/1021 813/129/1022
f 808/128/1023 810/130/1024 813/129/1025
f 807/131/1026 809/131/1027 812/132/493
f 807/131/1028 812/132/1029 813/129/1030
f 810/130/1031 807/131/1032 813/129/1033
f 809/131/1034 811/127/1035 813/129/1036
f 812/132/1037 809/131/1038 813/129/1039
f 810/130/1040 817/133/1041 814/134/588
f 807/135/1042 810/130/1043 814/134/1044
f 811/127/1045 809/135/1046 816/134/1047
f 818/133/1048 811/127/1049 816/134/1050
f 809/135/1051 807/135/1052 814/134/1053
f 816/134/1054 809/135/1055 814/134/1056
f 811/127/1057 818/133/681 815/136/1058
f 808/128/1059 811/127/1060 815/136/1061
f 810/130/1062 808/128/1063 815/136/1064
f 817/133/1065 810/130/1066 815/136/1067
f 814/134/1068 817/133/1069 822/137/1070
f 819/138/619 814/134/1071 822/137/1072
f 818/133/1073 816/134/1074 821/138/1074
f 823/137/597 818/133/1075 821/138/1074
f 816/134/1076 814/134/1077 819/138/1078
f 821/138/1079 816/134/1080 819/138/1081
f 815/136/1082 818/133/1083 823/137/1084
f 820/139/1085 815/136/1086 823/137/1087
f 817/133/1088 815/136/1089 820/139/1090
f 822/137/1091 817/133/585 820/139/1092
f 819/138/591 822/137/1093 827/140/626
f 824/143/591 819/138/591 827/140/1094
f 823/137/1095 821/138/1096 826/143/1096
f 828/140/1097 823/137/1098 826/143/1096
f 821/138/1099 819/138/1100 824/143/1101
f 826/143/1101 821/138/1102 824/143/1101
f 820/139/1103 823/137/1104 828/140/1105
f 825/145/1106 820/139/1107 828/140/1108
f 822/137/1109 820/139/1110 825/145/1111
f 827/140/1112 822/137/1113 825/145/1111
f 831/226/1114 830/227/1114 829/228/1114
f 829/228/1114 832/229/1114 831/226/1114
f 831/226/1114 832/229/1114 836/230/1114
f 832/229/1114 837/231/1114 836/230/1114
f 833/232/1114 831/226/1114 838/233/1114
f 838/233/1114 839/234/1114 833/232/1114
f 838/233/1114 834/235/1114 839/234/1114
f 834/235/1114 840/236/1114 839/234/1114
f 830/227/1114 831/226/1114 841/237/1114
f 831/226/1114 833/232/1114 841/237/1114
f 835/238/1114 836/230/1114 842/239/1114
f 836/230/1114 837/231/1114 842/239/1114
f 835/238/1114 836/230/1114 837/231/1114
f 843/228/1115 844/227/1115 845/226/1115
f 845/226/1115 846/229/1115 843/228/1115
f 850/230/1115 846/229/1115 845/226/1115
f 850/230/1115 851/231/1115 846/229/1115
f 852/233/1115 845/226/1115 847/232/1115
f 847/232/1115 853/234/1115 852/233/1115
f 853/234/1115 848/235/1115 852/233/1115
f 853/234/1115 854/236/1115 848/235/1115
f 855/237/1115 845/226/1115 844/227/1115
f 855/237/1115 847/232/1115 845/226/1115
f 856/239/1115 850/230/1115 849/238/1115
f 856/239/1115 851/231/1115 850/230/1115
f 851/231/1115 850/230/1115 849/238/1115
f 871/240/1114 870/241/1114 869/242/1116
f 873/243/1114 872/244/1114 871/240/1114
f 874/245/1114 872/244/1114 873/243/1114
f 875/246/1114 874/245/1114 873/243/1114
f 876/247/1114 874/245/1114 875/246/1114
f 877/248/1114 874/245/1114 876/247/1114
f 878/249/1114 877/248/1114 876/247/1114
f 879/250/1114 878/249/1114 876/247/1114
f 880/251/1114 878/249/1114 879/250/1114
f 881/252/1114 880/251/1114 879/250/1114
f 882/253/1114 880/251/1114 881/252/1114
f 883/254/1114 882/253/1114 881/252/1114
f 884/255/1114 882/253/1114 883/254/1114
f 885/256/1114 884/255/1114 883/254/1114
f 886/257/1114 884/255/1114 885/256/1114
f 872/244/1114 870/241/1114 871/240/1114
f 870/241/1114 867/258/1114 869/242/1116
f 865/259/1114 890/260/1117 867/258/1114
f 868/261/1118 890/262/1119 866/263/1120
f 863/264/1114 891/265/1121 865/259/1114
f 866/263/1122 891/266/1123 864/267/1124
f 865/259/1114 891/265/1125 890/260/1126
f 890/262/1127 891/266/1128 866/263/1129
f 864/267/1130 891/266/1131 861/268/1132
f 859/269/1114 892/270/1133 862/271/1114
f 861/268/1134 892/272/1135 860/273/1136
f 891/266/1137 892/272/1138 861/268/1139
f 862/271/1114 892/270/1133 863/264/1114
f 863/264/1114 892/270/1133 891/265/1140
f 892/272/1141 893/274/1142 860/273/1143
f 859/269/1114 893/275/1144 892/270/1133
f 859/269/1114 894/276/1145 893/275/1146
f 893/274/1147 894/277/1148 860/273/1149
f 859/269/1114 895/278/1114 894/276/1145
f 858/279/1150 898/280/1151 857/281/1114
f 898/280/1151 896/282/1114 857/281/1114
f 889/283/1152 898/280/1153 858/279/1154
f 899/284/1155 889/283/1156 860/273/1157
f 860/273/1158 894/277/1159 899/284/1160
f 898/280/1151 900/285/1161 896/282/1114
f 895/286/1114 900/285/1161 897/287/1114
f 896/282/1114 900/285/1161 895/286/1114
f 900/288/1161 899/289/1162 897/290/1114
f 895/286/1114 857/281/1114 896/282/1114
f 859/291/1114 857/281/1114 895/286/1114
f 895/286/1114 897/287/1114 894/277/1145
f 894/277/1145 897/287/1114 899/284/1162
f 898/292/1163 889/293/1164 900/288/1165
f 900/288/1165 889/293/1166 899/289/1167
f 890/260/1168 868/294/1169 869/242/1170
f 867/258/1114 890/260/1126 869/242/1171
f 909/242/1172 910/241/1173 911/240/1173
f 911/240/1115 912/244/1115 913/243/1115
f 913/243/1115 912/244/1115 914/245/1115
f 913/243/1115 914/245/1115 915/246/1115
f 915/246/1115 914/245/1115 916/247/1115
f 916/247/1115 914/245/1115 917/248/1115
f 916/247/1115 917/248/1115 918/249/1115
f 916/247/1115 918/249/1115 919/250/1115
f 919/250/1115 918/249/1115 920/251/1115
f 919/250/1115 920/251/1115 921/252/1115
f 921/252/1115 920/251/1115 922/253/1115
f 921/252/1115 922/253/1115 923/254/1115
f 923/254/1115 922/253/1115 924/255/1115
f 923/254/1115 924/255/1115 925/256/1115
f 925/256/1115 924/255/1115 926/257/1115
f 911/240/1173 910/241/1173 912/244/1173
f 909/242/1172 907/258/1173 910/241/1173
f 907/258/1115 930/260/1174 906/259/1115
f 866/263/1175 930/262/1176 908/261/1177
f 906/259/1115 931/265/1178 905/264/1115
f 864/267/1179 931/266/1180 866/263/1175
f 930/260/1181 931/265/1182 906/259/1115
f 866/263/1183 931/266/1184 930/262/1185
f 861/268/1186 931/266/1187 864/267/1179
f 904/271/1115 932/270/1188 903/269/1115
f 860/273/1189 932/272/1190 861/268/1191
f 861/268/1192 932/272/1193 931/266/1194
f 905/264/1115 932/270/1188 904/271/1115
f 931/265/1182 932/270/1195 905/264/1115
f 860/273/1196 933/274/1197 932/272/1198
f 932/270/1199 933/275/1200 903/269/1115
f 933/275/1200 934/276/1201 903/269/1115
f 860/273/1189 934/277/1202 933/274/1203
f 934/276/1201 935/278/1115 903/269/1115
f 901/281/1115 938/280/1204 902/279/1205
f 901/281/1115 936/282/1115 938/280/1206
f 902/279/1207 938/280/1208 929/283/1209
f 860/273/1210 929/283/1211 939/284/1212
f 939/284/1213 934/277/1214 860/273/1215
f 936/282/1115 940/285/1216 938/280/1206
f 937/287/1115 940/285/1216 935/286/1115
f 935/286/1115 940/285/1216 936/282/1115
f 937/290/1115 939/289/1217 940/288/1216
f 936/282/1115 901/281/1115 935/286/1115
f 935/286/1115 901/281/1115 903/291/1115
f 934/277/1218 937/287/1115 935/286/1115
f 939/284/1219 937/287/1115 934/277/1201
f 940/288/1220 929/293/1221 938/292/1222
f 939/289/1223 929/293/1224 940/288/1220
f 909/242/1225 908/294/1226 930/260/1227
f 909/242/1172 930/260/1228 907/258/1173
f 866/263/1229 908/261/1230 868/261/1230
f 889/283/1231 929/283/1231 860/273/1231
f 943/295/1232 941/296/1233 944/297/1234
f 943/295/1235 944/297/1236 945/298/1237
f 944/299/1238 942/300/1239 945/301/1240
f 942/300/1241 952/302/1242 945/301/1240
f 945/298/1243 953/303/1244 943/295/1245
f 943/295/1246 953/303/1244 946/304/1247
f 954/305/1248 955/306/1249 953/307/1250
f 954/305/1251 956/308/1252 955/306/1249
f 956/308/1253 957/309/1254 955/306/1255
f 956/308/1256 958/310/1257 957/309/1254
f 958/310/1258 959/311/1259 957/309/1260
f 958/310/1257 960/312/1261 959/311/1262
f 960/312/1261 961/313/1263 959/311/1264
f 953/303/1244 955/314/1265 946/304/1247
f 946/304/1247 955/314/1266 947/315/1267
f 947/315/1268 955/314/1269 948/316/1270
f 955/314/1269 957/317/1271 948/316/1272
f 957/317/1273 959/318/1274 948/316/1275
f 948/316/1272 959/318/1276 949/319/1277
f 949/319/1278 959/318/1279 950/320/1280
f 959/318/1274 961/321/1281 950/320/1282
f 950/320/1282 961/321/1283 951/322/1284
f 961/321/1285 962/323/1286 951/322/1287
f 961/313/1288 960/312/1289 962/324/1290
f 960/312/1261 963/325/1291 962/324/1292
f 963/325/1291 964/326/1293 962/324/1292
f 964/326/1293 965/327/1294 962/324/1295
f 962/323/1296 965/328/1297 951/322/1298
f 965/328/1299 966/329/1300 951/322/1301
f 968/330/1302 972/331/1303 969/332/1304
f 972/331/1305 973/333/1306 969/332/1307
f 973/333/1308 974/334/1309 969/332/1307
f 975/335/1310 976/336/1311 971/337/1312
f 976/336/1313 977/338/1114 971/337/1312
f 976/336/1311 978/339/1314 977/338/1114
f 978/339/1315 979/340/1316 977/338/1114
f 975/341/1317 974/334/1318 976/342/1319
f 974/334/1318 980/343/1320 976/342/1321
f 976/342/1322 980/343/1323 978/344/1324
f 980/343/1325 981/345/1326 978/344/1327
f 981/345/1326 982/346/1328 978/344/1329
f 982/346/1330 983/347/1331 978/344/1327
f 978/344/1327 983/347/1332 979/348/1333
f 954/305/1334 953/307/1335 985/349/1336
f 945/301/1240 952/302/1337 985/349/1338
f 953/307/1335 945/301/1339 985/349/1336
f 974/334/1340 975/341/1341 986/350/1342
f 975/335/1343 970/351/1344 986/352/1345
f 970/351/1344 969/353/1346 986/352/1345
f 969/332/1347 974/334/1348 986/350/1342
f 968/354/1349 969/355/1350 967/356/1351
f 984/357/1352 967/356/1353 969/355/1346
f 970/358/1354 984/357/1352 969/355/1355
f 989/359/1356 987/360/1357 990/361/1358
f 989/362/1359 990/363/1360 991/364/1361
f 991/365/1361 990/361/1358 992/366/1362
f 968/354/1363 967/356/1364 993/367/1365
f 991/364/1361 992/368/1366 993/367/1367
f 972/331/1368 968/330/1369 994/369/1370
f 968/354/1302 993/367/1371 994/370/1372
f 993/371/1367 992/366/1366 994/369/1373
f 971/372/1374 984/357/1375 995/373/1376
f 984/357/1375 970/358/1377 995/373/1378
f 970/351/1344 975/335/1310 995/374/1379
f 975/335/1343 971/337/1380 995/374/1379
f 987/360/1381 965/327/1294 964/326/1293
f 992/366/1382 990/361/1383 996/375/1384
f 996/375/1385 972/331/1386 994/369/1387
f 992/366/1382 996/375/1385 994/369/1388
f 996/375/1389 990/361/1390 987/360/1381
f 964/326/1293 996/375/1391 987/360/1392
f 989/362/1393 991/364/1394 988/376/1395
f 993/367/1396 967/356/1351 988/376/1397
f 991/364/1398 993/367/1365 988/376/1397
f 965/328/1399 987/377/1400 966/329/1401
f 966/329/1402 987/377/1403 989/362/1404
f 988/376/1405 966/329/1406 989/362/1407
f 997/297/1408 941/296/1409 943/295/1410
f 998/298/1411 997/297/1412 943/295/1413
f 998/301/1414 942/300/1415 997/299/1416
f 998/301/1417 952/302/1418 942/300/1419
f 943/295/1420 999/303/1421 998/298/1422
f 946/304/1423 999/303/1424 943/295/1425
f 999/307/1426 1000/306/1427 954/305/1428
f 1000/306/1429 956/308/1430 954/305/1431
f 1000/306/1429 1001/309/1432 956/308/1430
f 1001/309/1433 958/310/1434 956/308/1435
f 1001/309/1436 1002/311/1437 958/310/1434
f 1002/311/1438 960/312/1439 958/310/1440
f 1002/311/1437 1003/313/1441 960/312/1442
f 946/304/1443 1000/314/1444 999/303/1445
f 947/315/1446 1000/314/1447 946/304/1448
f 948/316/1449 1000/314/1444 947/315/1446
f 948/316/1450 1001/317/1451 1000/314/1452
f 948/316/1453 1002/318/1454 1001/317/1455
f 949/319/1456 1002/318/1457 948/316/1458
f 950/320/1459 1002/318/1457 949/319/1456
f 950/320/1460 1003/321/1461 1002/318/1462
f 951/322/1463 1003/321/1464 950/320/1465
f 951/322/1463 1004/323/1466 1003/321/1467
f 1004/324/1468 960/312/1469 1003/313/1441
f 1004/324/1470 963/325/1471 960/312/1472
f 1004/324/1473 964/326/1474 963/325/1475
f 1004/324/1473 1005/327/1476 964/326/1477
f 951/322/1478 1005/328/1479 1004/323/1480
f 951/322/1481 966/329/1482 1005/328/1479
f 1007/332/1483 972/331/1484 1006/330/1485
f 1007/332/1486 973/333/1487 972/331/1488
f 1007/332/1489 974/334/1490 973/333/1491
f 1009/337/1492 1011/336/1493 1010/335/1494
f 1009/337/1492 1012/338/1115 1011/336/1493
f 1012/338/1115 1013/339/1495 1011/336/1493
f 1012/338/1115 1014/340/1496 1013/339/1497
f 1011/342/1498 974/334/1499 1010/341/1500
f 1011/342/1498 980/343/1501 974/334/1499
f 1013/344/1502 980/343/1503 1011/342/1504
f 1013/344/1505 981/345/1506 980/343/1503
f 1013/344/1502 982/346/1507 981/345/1508
f 1013/344/1509 983/347/1510 982/346/1511
f 1014/348/1512 983/347/1513 1013/344/1509
f 985/349/1514 999/307/1515 954/305/1516
f 985/349/1514 952/302/1517 998/301/1518
f 985/349/1519 998/301/1518 999/307/1426
f 1015/350/1520 1010/341/1521 974/334/1522
f 1015/352/1523 1008/351/1524 1010/335/1494
f 1015/352/1523 1007/353/1525 1008/351/1524
f 1015/350/1526 974/334/1490 1007/332/1527
f 967/356/1528 1007/355/1525 1006/354/1529
f 1007/355/1530 967/356/1531 984/357/1532
f 1007/355/1533 984/357/1532 1008/358/1534
f 1018/361/1535 1016/360/1536 1017/359/1537
f 1019/364/1538 1018/363/1535 1017/362/1537
f 1020/366/1539 1018/361/1540 1019/365/1538
f 1021/367/1541 967/356/1531 1006/354/1542
f 1021/367/1543 1020/368/1539 1019/364/1538
f 1022/369/1544 1006/330/1545 972/331/1546
f 1022/370/1547 1021/367/1548 1006/354/1549
f 1022/369/1544 1020/366/1550 1021/371/1551
f 1023/373/1552 984/357/1553 1009/372/1554
f 1023/373/1555 1008/358/1534 984/357/1556
f 1023/374/1557 1010/335/1494 1008/351/1524
f 1023/374/1558 1009/337/1492 1010/335/1559
f 964/326/1560 1005/327/1561 1016/360/1562
f 996/375/1563 1018/361/1564 1020/366/1565
f 1022/369/1566 972/331/1567 996/375/1568
f 1022/369/1566 996/375/1568 1020/366/1569
f 1016/360/1570 1018/361/1571 996/375/1572
f 1016/360/1562 996/375/1573 964/326/1574
f 988/376/1575 1019/364/1576 1017/362/1577
f 988/376/1578 967/356/1579 1021/367/1541
f 988/376/1575 1021/367/1541 1019/364/1580
f 966/329/1482 1016/377/1581 1005/328/1479
f 1017/362/1582 1016/377/1536 966/329/1583
f 1017/362/1577 966/329/1584 988/376/1585
f 941/296/1586 997/297/1587 944/297/1587
f 944/299/1588 997/299/1588 942/300/1589
f 983/347/1590 1014/348/1591 979/348/1592
f 971/372/1593 1009/372/1593 984/357/1593
f 830/227/1594 844/227/1595 843/228/1596
f 829/228/1596 830/227/1594 843/228/1596
f 829/228/1597 843/228/1597 846/229/1598
f 832/229/1599 829/228/1597 846/229/1598
f 836/230/1600 850/230/1601 845/226/1602
f 831/226/1602 836/230/1600 845/226/1602
f 832/229/1603 846/229/1604 851/231/1605
f 837/231/1606 832/229/1603 851/231/1606
f 831/226/1607 845/226/1607 852/233/1608
f 838/233/1609 831/226/1607 852/233/1608
f 839/234/1610 853/234/1610 847/232/1611
f 833/232/1612 839/234/1610 847/232/1611
f 838/233/1613 852/233/1614 848/235/1615
f 834/235/1616 838/233/1613 848/235/1617
f 840/236/1618 854/236/1618 853/234/1618
f 839/234/1619 840/236/1619 853/234/1619
f 834/235/1620 848/235/1621 854/236/1622
f 840/236/1622 834/235/1623 854/236/1622
f 841/237/1624 855/237/1625 844/227/1626
f 830/227/1627 841/237/1624 844/227/1626
f 833/232/1628 847/232/1629 855/237/1625
f 841/237/1624 833/232/1628 855/237/1625
f 835/238/1630 849/238/1631 850/230/1632
f 836/230/1633 835/238/1630 850/230/1632
f 842/239/1634 856/239/1635 849/238/1636
f 835/238/1637 842/239/1634 849/238/1636
f 837/231/1638 851/231/1638 856/239/1639
f 842/239/1640 837/231/1638 856/239/1641
f 836/230/1642 850/230/1642 851/231/1643
f 837/231/1643 836/230/1642 851/231/1643
f 835/238/1630 849/238/1631 850/230/1632
f 836/230/1633 835/238/1630 850/230/1632
f 837/231/1644 851/231/1644 849/238/1645
f 835/238/1646 837/231/1644 849/238/1645
f 886/257/1114 885/256/1114 887/378/1114
f 888/379/1114 886/257/1114 887/378/1114
f 928/379/1115 927/378/1115 925/256/1115
f 926/257/1115 928/379/1115 925/256/1115
f 869/242/1647 909/242/1648 911/240/1649
f 871/240/1650 869/242/1647 911/240/1649
f 871/240/1651 911/240/1649 913/243/1652
f 873/243/1653 871/240/1651 913/243/1654
f 874/245/1655 914/245/1656 912/244/1657
f 872/244/1658 874/245/1655 912/244/1657
f 873/243/1659 913/243/1660 915/246/1661
f 875/246/1662 873/243/1659 915/246/1663
f 875/246/1664 915/246/1665 916/247/1666
f 876/247/1667 875/246/1664 916/247/1666
f 877/248/1668 917/248/1669 914/245/1670
f 874/245/1671 877/248/1668 914/245/1670
f 878/249/1672 918/249/1672 917/248/1673
f 877/248/1674 878/249/1672 917/248/1673
f 876/247/1675 916/247/1676 919/250/1677
f 879/250/1678 876/247/1675 919/250/1677
f 880/251/1679 920/251/1680 918/249/1681
f 878/249/1682 880/251/1679 918/249/1682
f 879/250/1678 919/250/1683 921/252/1684
f 881/252/1685 879/250/1678 921/252/1686
f 882/253/1687 922/253/1688 920/251/1689
f 880/251/1690 882/253/1687 920/251/1689
f 881/252/1691 921/252/1686 923/254/1692
f 883/254/1693 881/252/1691 923/254/1692
f 884/255/1694 924/255/1695 922/253/1696
f 882/253/1697 884/255/1694 922/253/1696
f 883/254/1698 923/254/1692 925/256/1699
f 885/256/1700 883/254/1698 925/256/1699
f 886/257/1701 926/257/1702 924/255/1695
f 884/255/1703 886/257/1704 924/255/1705
f 872/244/1706 912/244/1707 910/241/1708
f 870/241/1709 872/244/1706 910/241/1708
f 870/241/1710 910/241/1711 907/258/1712
f 867/258/1713 870/241/1710 907/258/1712
f 887/378/1714 927/378/1714 928/379/1715
f 888/379/1716 887/378/1714 928/379/1717
f 885/256/1718 925/256/1719 927/378/1720
f 887/378/1720 885/256/1718 927/378/1720
f 888/379/1721 928/379/1722 926/257/1702
f 886/257/1723 888/379/1721 926/257/1702
f 867/258/1724 907/258/1725 906/259/1726
f 865/259/1727 867/258/1724 906/259/1726
f 865/259/1728 906/259/1729 905/264/1730
f 863/264/1731 865/259/1728 905/264/1730
f 862/271/1732 904/271/1732 903/269/1733
f 859/269/1734 862/271/1732 903/269/1733
f 863/264/1735 905/264/1736 904/271/1737
f 862/271/1737 863/264/1738 904/271/1737
f 857/281/1739 901/281/1739 902/279/1739
f 858/279/1739 857/281/1739 902/279/1739
f 858/279/1740 902/279/1740 929/283/1740
f 889/283/1740 858/279/1740 929/283/1740
f 859/291/1741 903/291/1733 901/281/1742
f 857/281/1742 859/291/1741 901/281/1742
f 868/294/1743 908/294/1743 909/242/1744
f 869/242/1745 868/294/1743 909/242/1744
f 977/338/1746 1012/338/1747 1009/337/1748
f 971/337/1748 977/338/1746 1009/337/1748
f 979/340/1592 1014/340/1591 1012/338/1747
f 977/338/1749 979/340/1592 1012/338/1747
f 1026/226/1114 1025/227/1114 1024/228/1114
f 1024/228/1114 1027/229/1114 1026/226/1114
f 1026/226/1114 1027/229/1114 1031/230/1114
f 1027/229/1114 1032/231/1114 1031/230/1114
f 1028/232/1114 1026/226/1114 1033/233/1114
f 1033/233/1114 1034/234/1114 1028/232/1114
f 1033/233/1114 1029/235/1114 1034/234/1114
f 1029/235/1114 1035/236/1114 1034/234/1114
f 1025/227/1114 1026/226/1114 1036/237/1114
f 1026/226/1114 1028/232/1114 1036/237/1114
f 1030/238/1114 1031/230/1114 1037/239/1114
f 1031/230/1114 1032/231/1114 1037/239/1114
f 1030/238/1114 1031/230/1114 1032/231/1114
f 1038/228/1115 1039/227/1115 1040/226/1115
f 1040/226/1115 1041/229/1115 1038/228/1115
f 1045/230/1115 1041/229/1115 1040/226/1115
f 1045/230/1115 1046/231/1115 1041/229/1115
f 1047/233/1115 1040/226/1115 1042/232/1115
f 1042/232/1115 1048/234/1115 1047/233/1115
f 1048/234/1115 1043/235/1115 1047/233/1115
f 1048/234/1115 1049/236/1115 1043/235/1115
f 1050/237/1115 1040/226/1115 1039/227/1115
f 1050/237/1115 1042/232/1115 1040/226/1115
f 1051/239/1115 1045/230/1115 1044/238/1115
f 1051/239/1115 1046/231/1115 1045/230/1115
f 1046/231/1115 1045/230/1115 1044/238/1115
f 1066/240/1114 1065/241/1114 1064/242/1116
f 1068/243/1114 1067/244/1114 1066/240/1114
f 1069/245/1114 1067/244/1114 1068/243/1114
f 1070/246/1114 1069/245/1114 1068/243/1114
f 1071/247/1114 1069/245/1114 1070/246/1114
f 1072/248/1114 1069/245/1114 1071/247/1114
f 1073/249/1114 1072/248/1114 1071/247/1114
f 1074/250/1114 1073/249/1114 1071/247/1114
f 1075/251/1114 1073/249/1114 1074/250/1114
f 1076/252/1114 1075/251/1114 1074/250/1114
f 1077/253/1114 1075/251/1114 1076/252/1114
f 1078/254/1114 1077/253/1114 1076/252/1114
f 1079/255/1114 1077/253/1114 1078/254/1114
f 1080/256/1114 1079/255/1114 1078/254/1114
f 1081/257/1114 1079/255/1114 1080/256/1114
f 1067/244/1114 1065/241/1114 1066/240/1114
f 1065/241/1114 1062/258/1114 1064/242/1116
f 1060/259/1114 1085/260/1117 1062/258/1114
f 1063/261/1118 1085/262/1119 1061/263/1120
f 1058/264/1114 1086/265/1140 1060/259/1114
f 1061/263/1122 1086/266/1123 1059/267/1124
f 1060/259/1114 1086/265/1125 1085/260/1126
f 1085/262/1127 1086/266/1128 1061/263/1122
f 1059/267/1130 1086/266/1750 1056/268/1132
f 1054/269/1114 1087/270/1133 1057/271/1114
f 1056/268/1134 1087/272/1135 1055/273/1136
f 1086/266/1137 1087/272/1138 1056/268/1139
f 1057/271/1114 1087/270/1133 1058/264/1114
f 1058/264/1114 1087/270/1133 1086/265/1140
f 1087/272/1141 1088/274/1142 1055/273/1143
f 1054/269/1114 1088/275/1144 1087/270/1133
f 1054/269/1114 1089/276/1145 1088/275/1146
f 1088/274/1147 1089/277/1148 1055/273/1149
f 1054/269/1114 1090/278/1114 1089/276/1145
f 1053/279/1150 1093/280/1151 1052/281/1114
f 1093/280/1151 1091/282/1114 1052/281/1114
f 1084/283/1152 1093/280/1153 1053/279/1154
f 1094/284/1155 1084/283/1156 1055/273/1157
f 1055/273/1158 1089/277/1159 1094/284/1160
f 1093/280/1151 1095/285/1161 1091/282/1114
f 1090/286/1114 1095/285/1161 1092/287/1114
f 1091/282/1114 1095/285/1161 1090/286/1114
f 1095/288/1161 1094/289/1162 1092/290/1114
f 1090/286/1114 1052/281/1114 1091/282/1114
f 1054/291/1114 1052/281/1114 1090/286/1114
f 1090/286/1114 1092/287/1114 1089/277/1145
f 1089/277/1145 1092/287/1114 1094/284/1162
f 1093/292/1163 1084/293/1164 1095/288/1165
f 1095/288/1165 1084/293/1166 1094/289/1167
f 1085/260/1168 1063/294/1169 1064/242/1170
f 1062/258/1114 1085/260/1126 1064/242/1171
f 1104/242/1172 1105/241/1173 1106/240/1173
f 1106/240/1115 1107/244/1115 1108/243/1115
f 1108/243/1115 1107/244/1115 1109/245/1115
f 1108/243/1115 1109/245/1115 1110/246/1115
f 1110/246/1115 1109/245/1115 1111/247/1115
f 1111/247/1115 1109/245/1115 1112/248/1115
f 1111/247/1115 1112/248/1115 1113/249/1115
f 1111/247/1115 1113/249/1115 1114/250/1115
f 1114/250/1115 1113/249/1115 1115/251/1115
f 1114/250/1115 1115/251/1115 1116/252/1115
f 1116/252/1115 1115/251/1115 1117/253/1115
f 1116/252/1115 1117/253/1115 1118/254/1115
f 1118/254/1115 1117/253/1115 1119/255/1115
f 1118/254/1115 1119/255/1115 1120/256/1115
f 1120/256/1115 1119/255/1115 1121/257/1115
f 1106/240/1173 1105/241/1173 1107/244/1173
f 1104/242/1172 1102/258/1173 1105/241/1173
f 1102/258/1115 1125/260/1174 1101/259/1115
f 1061/263/1175 1125/262/1751 1103/261/1177
f 1101/259/1115 1126/265/1178 1100/264/1115
f 1059/267/1179 1126/266/1180 1061/263/1175
f 1125/260/1181 1126/265/1182 1101/259/1115
f 1061/263/1183 1126/266/1184 1125/262/1185
f 1056/268/1186 1126/266/1187 1059/267/1179
f 1099/271/1115 1127/270/1188 1098/269/1115
f 1055/273/1189 1127/272/1190 1056/268/1191
f 1056/268/1192 1127/272/1193 1126/266/1194
f 1100/264/1115 1127/270/1188 1099/271/1115
f 1126/265/1182 1127/270/1195 1100/264/1115
f 1055/273/1196 1128/274/1197 1127/272/1198
f 1127/270/1199 1128/275/1197 1098/269/1115
f 1128/275/1197 1129/276/1201 1098/269/1115
f 1055/273/1189 1129/277/1202 1128/274/1203
f 1129/276/1201 1130/278/1115 1098/269/1115
f 1096/281/1115 1133/280/1204 1097/279/1752
f 1096/281/1115 1131/282/1115 1133/280/1206
f 1097/279/1207 1133/280/1208 1124/283/1209
f 1055/273/1210 1124/283/1211 1134/284/1212
f 1134/284/1213 1129/277/1214 1055/273/1215
f 1131/282/1115 1135/285/1216 1133/280/1206
f 1132/287/1115 1135/285/1216 1130/286/1115
f 1130/286/1115 1135/285/1216 1131/282/1115
f 1132/290/1115 1134/289/1753 1135/288/1216
f 1131/282/1115 1096/281/1115 1130/286/1115
f 1130/286/1115 1096/281/1115 1098/291/1115
f 1129/277/1218 1132/287/1115 1130/286/1115
f 1134/284/1219 1132/287/1115 1129/277/1201
f 1135/288/1220 1124/293/1221 1133/292/1222
f 1134/289/1223 1124/293/1224 1135/288/1220
f 1104/242/1225 1103/294/1226 1125/260/1227
f 1104/242/1172 1125/260/1228 1102/258/1173
f 1061/263/1229 1103/261/1230 1063/261/1230
f 1084/283/1231 1124/283/1231 1055/273/1231
f 1138/295/1232 1136/296/1233 1139/297/1234
f 1138/295/1235 1139/297/1236 1140/298/1237
f 1139/299/1754 1137/300/1239 1140/301/1240
f 1137/300/1241 1147/302/1242 1140/301/1240
f 1140/298/1243 1148/303/1244 1138/295/1245
f 1138/295/1246 1148/303/1244 1141/304/1247
f 1149/305/1755 1150/306/1249 1148/307/1250
f 1149/305/1756 1151/308/1252 1150/306/1249
f 1151/308/1253 1152/309/1254 1150/306/1255
f 1151/308/1256 1153/310/1257 1152/309/1254
f 1153/310/1258 1154/311/1259 1152/309/1260
f 1153/310/1257 1155/312/1261 1154/311/1757
f 1155/312/1758 1156/313/1263 1154/311/1264
f 1148/303/1244 1150/314/1265 1141/304/1247
f 1141/304/1247 1150/314/1266 1142/315/1267
f 1142/315/1268 1150/314/1269 1143/316/1270
f 1150/314/1269 1152/317/1271 1143/316/1272
f 1152/317/1273 1154/318/1274 1143/316/1275
f 1143/316/1272 1154/318/1276 1144/319/1277
f 1144/319/1277 1154/318/1279 1145/320/1280
f 1154/318/1274 1156/321/1281 1145/320/1282
f 1145/320/1282 1156/321/1283 1146/322/1284
f 1156/321/1285 1157/323/1286 1146/322/1287
f 1156/313/1288 1155/312/1758 1157/324/1290
f 1155/312/1261 1158/325/1291 1157/324/1292
f 1158/325/1291 1159/326/1293 1157/324/1292
f 1159/326/1293 1160/327/1294 1157/324/1295
f 1157/323/1296 1160/328/1297 1146/322/1298
f 1160/328/1299 1161/329/1759 1146/322/1760
f 1163/330/1302 1167/331/1303 1164/332/1304
f 1167/331/1303 1168/333/1761 1164/332/1307
f 1168/333/1308 1169/334/1318 1164/332/1307
f 1170/335/1310 1171/336/1311 1166/337/1312
f 1171/336/1313 1172/338/1114 1166/337/1312
f 1171/336/1311 1173/339/1314 1172/338/1114
f 1173/339/1315 1174/340/1316 1172/338/1114
f 1170/341/1317 1169/334/1309 1171/342/1319
f 1169/334/1318 1175/343/1762 1171/342/1321
f 1171/342/1322 1175/343/1323 1173/344/1324
f 1175/343/1325 1176/345/1326 1173/344/1327
f 1176/345/1326 1177/346/1328 1173/344/1329
f 1177/346/1330 1178/347/1331 1173/344/1327
f 1173/344/1327 1178/347/1763 1174/348/1333
f 1149/305/1334 1148/307/1335 1180/349/1336
f 1140/301/1240 1147/302/1337 1180/349/1338
f 1148/307/1335 1140/301/1339 1180/349/1336
f 1169/334/1764 1170/341/1765 1181/350/1342
f 1170/335/1343 1165/351/1344 1181/352/1345
f 1165/351/1344 1164/353/1346 1181/352/1345
f 1164/332/1347 1169/334/1348 1181/350/1342
f 1163/354/1349 1164/355/1350 1162/356/1351
f 1179/357/1352 1162/356/1353 1164/355/1346
f 1165/358/1354 1179/357/1352 1164/355/1355
f 1184/359/1356 1182/360/1357 1185/361/1358
f 1184/362/1359 1185/363/1360 1186/364/1361
f 1186/365/1361 1185/361/1358 1187/366/1362
f 1163/354/1363 1162/356/1364 1188/367/1365
f 1186/364/1361 1187/368/1366 1188/367/1371
f 1167/331/1303 1163/330/1369 1189/369/1370
f 1163/354/1302 1188/367/1371 1189/370/1372
f 1188/371/1371 1187/366/1366 1189/369/1373
f 1166/372/1766 1179/357/1767 1190/373/1376
f 1179/357/1375 1165/358/1768 1190/373/1378
f 1165/351/1344 1170/335/1310 1190/374/1379
f 1170/335/1343 1166/337/1312 1190/374/1379
f 1182/360/1381 1160/327/1294 1159/326/1293
f 1187/366/1382 1185/361/1390 1191/375/1769
f 1191/375/1385 1167/331/1386 1189/369/1387
f 1187/366/1382 1191/375/1391 1189/369/1388
f 1191/375/1389 1185/361/1390 1182/360/1381
f 1159/326/1293 1191/375/1391 1182/360/1392
f 1184/362/1393 1186/364/1394 1183/376/1395
f 1188/367/1396 1162/356/1351 1183/376/1397
f 1186/364/1398 1188/367/1365 1183/376/1397
f 1160/328/1770 1182/377/1400 1161/329/1401
f 1161/329/1402 1182/377/1400 1184/362/1404
f 1183/376/1771 1161/329/1772 1184/362/1407
f 1192/297/1408 1136/296/1409 1138/295/1410
f 1193/298/1411 1192/297/1412 1138/295/1413
f 1193/301/1414 1137/300/1415 1192/299/1416
f 1193/301/1417 1147/302/1418 1137/300/1419
f 1138/295/1420 1194/303/1421 1193/298/1422
f 1141/304/1423 1194/303/1424 1138/295/1425
f 1194/307/1426 1195/306/1427 1149/305/1428
f 1195/306/1429 1151/308/1430 1149/305/1431
f 1195/306/1429 1196/309/1432 1151/308/1430
f 1196/309/1433 1153/310/1434 1151/308/1435
f 1196/309/1436 1197/311/1437 1153/310/1434
f 1197/311/1438 1155/312/1439 1153/310/1440
f 1197/311/1437 1198/313/1441 1155/312/1472
f 1141/304/1443 1195/314/1444 1194/303/1445
f 1142/315/1446 1195/314/1447 1141/304/1448
f 1143/316/1449 1195/314/1444 1142/315/1446
f 1143/316/1450 1196/317/1773 1195/314/1452
f 1143/316/1453 1197/318/1454 1196/317/1455
f 1144/319/1456 1197/318/1457 1143/316/1774
f 1145/320/1459 1197/318/1457 1144/319/1456
f 1145/320/1460 1198/321/1461 1197/318/1462
f 1146/322/1463 1198/321/1464 1145/320/1775
f 1146/322/1463 1199/323/1466 1198/321/1467
f 1199/324/1473 1155/312/1776 1198/313/1441
f 1199/324/1470 1158/325/1777 1155/312/1472
f 1199/324/1778 1159/326/1474 1158/325/1777
f 1199/324/1473 1200/327/1476 1159/326/1474
f 1146/322/1478 1200/328/1479 1199/323/1480
f 1146/322/1481 1161/329/1482 1200/328/1479
f 1202/332/1483 1167/331/1484 1201/330/1485
f 1202/332/1486 1168/333/1487 1167/331/1488
f 1202/332/1489 1169/334/1490 1168/333/1491
f 1204/337/1492 1206/336/1493 1205/335/1494
f 1204/337/1492 1207/338/1115 1206/336/1493
f 1207/338/1115 1208/339/1495 1206/336/1493
f 1207/338/1115 1209/340/1496 1208/339/1497
f 1206/342/1498 1169/334/1499 1205/341/1500
f 1206/342/1498 1175/343/1501 1169/334/1779
f 1208/344/1502 1175/343/1503 1206/342/1504
f 1208/344/1505 1176/345/1506 1175/343/1503
f 1208/344/1502 1177/346/1507 1176/345/1508
f 1208/344/1509 1178/347/1510 1177/346/1511
f 1209/348/1780 1178/347/1781 1208/344/1782
f 1180/349/1514 1194/307/1515 1149/305/1516
f 1180/349/1514 1147/302/1517 1193/301/1518
f 1180/349/1519 1193/301/1518 1194/307/1426
f 1210/350/1520 1205/341/1521 1169/334/1783
f 1210/352/1523 1203/351/1524 1205/335/1559
f 1210/352/1523 1202/353/1525 1203/351/1524
f 1210/350/1526 1169/334/1784 1202/332/1527
f 1162/356/1528 1202/355/1525 1201/354/1529
f 1202/355/1530 1162/356/1531 1179/357/1532
f 1202/355/1533 1179/357/1532 1203/358/1534
f 1213/361/1535 1211/360/1536 1212/359/1537
f 1214/364/1538 1213/363/1535 1212/362/1537
f 1215/366/1539 1213/361/1540 1214/365/1538
f 1216/367/1541 1162/356/1531 1201/354/1542
f 1216/367/1543 1215/368/1539 1214/364/1538
f 1217/369/1544 1201/330/1545 1167/331/1546
f 1217/370/1547 1216/367/1551 1201/354/1549
f 1217/369/1544 1215/366/1550 1216/371/1551
f 1218/373/1785 1179/357/1553 1204/372/1554
f 1218/373/1555 1203/358/1534 1179/357/1556
f 1218/374/1557 1205/335/1494 1203/351/1524
f 1218/374/1557 1204/337/1492 1205/335/1559
f 1159/326/1474 1200/327/1561 1211/360/1562
f 1191/375/1568 1213/361/1564 1215/366/1565
f 1217/369/1566 1167/331/1567 1191/375/1568
f 1217/369/1566 1191/375/1568 1215/366/1569
f 1211/360/1786 1213/361/1571 1191/375/1568
f 1211/360/1562 1191/375/1573 1159/326/1474
f 1183/376/1578 1214/364/1576 1212/362/1577
f 1183/376/1575 1162/356/1579 1216/367/1541
f 1183/376/1575 1216/367/1541 1214/364/1580
f 1161/329/1482 1211/377/1581 1200/328/1479
f 1212/362/1582 1211/377/1536 1161/329/1787
f 1212/362/1577 1161/329/1584 1183/376/1585
f 1136/296/1586 1192/297/1587 1139/297/1587
f 1139/299/1588 1192/299/1588 1137/300/1589
f 1178/347/1590 1209/348/1591 1174/348/1592
f 1166/372/1593 1204/372/1593 1179/357/1593
f 1025/227/1594 1039/227/1595 1038/228/1596
f 1024/228/1596 1025/227/1594 1038/228/1596
f 1024/228/1597 1038/228/1597 1041/229/1598
f 1027/229/1599 1024/228/1597 1041/229/1598
f 1031/230/1600 1045/230/1601 1040/226/1602
f 1026/226/1602 1031/230/1600 1040/226/1602
f 1027/229/1603 1041/229/1604 1046/231/1605
f 1032/231/1606 1027/229/1603 1046/231/1606
f 1026/226/1607 1040/226/1607 1047/233/1608
f 1033/233/1609 1026/226/1607 1047/233/1608
f 1034/234/1610 1048/234/1610 1042/232/1611
f 1028/232/1612 1034/234/1610 1042/232/1611
f 1033/233/1613 1047/233/1614 1043/235/1615
f 1029/235/1616 1033/233/1613 1043/235/1617
f 1035/236/1618 1049/236/1618 1048/234/1618
f 1034/234/1618 1035/236/1618 1048/234/1618
f 1029/235/1620 1043/235/1621 1049/236/1622
f 1035/236/1622 1029/235/1623 1049/236/1622
f 1036/237/1624 1050/237/1625 1039/227/1626
f 1025/227/1627 1036/237/1624 1039/227/1626
f 1028/232/1628 1042/232/1629 1050/237/1788
f 1036/237/1624 1028/232/1628 1050/237/1625
f 1030/238/1630 1044/238/1631 1045/230/1632
f 1031/230/1633 1030/238/1630 1045/230/1632
f 1037/239/1634 1051/239/1635 1044/238/1636
f 1030/238/1637 1037/239/1634 1044/238/1636
f 1032/231/1638 1046/231/1638 1051/239/1639
f 1037/239/1640 1032/231/1638 1051/239/1641
f 1031/230/1642 1045/230/1642 1046/231/1643
f 1032/231/1643 1031/230/1642 1046/231/1643
f 1030/238/1630 1044/238/1631 1045/230/1632
f 1031/230/1633 1030/238/1630 1045/230/1632
f 1032/231/1644 1046/231/1644 1044/238/1645
f 1030/238/1646 1032/231/1644 1044/238/1645
f 1081/257/1114 1080/256/1114 1082/378/1114
f 1083/379/1114 1081/257/1114 1082/378/1114
f 1123/379/1115 1122/378/1115 1120/256/1115
f 1121/257/1115 1123/379/1115 1120/256/1115
f 1064/242/1647 1104/242/1648 1106/240/1649
f 1066/240/1650 1064/242/1647 1106/240/1649
f 1066/240/1651 1106/240/1649 1108/243/1654
f 1068/243/1653 1066/240/1651 1108/243/1654
f 1069/245/1655 1109/245/1656 1107/244/1657
f 1067/244/1658 1069/245/1655 1107/244/1657
f 1068/243/1659 1108/243/1660 1110/246/1661
f 1070/246/1662 1068/243/1659 1110/246/1663
f 1070/246/1664 1110/246/1665 1111/247/1666
f 1071/247/1667 1070/246/1664 1111/247/1666
f 1072/248/1668 1112/248/1669 1109/245/1670
f 1069/245/1671 1072/248/1668 1109/245/1670
f 1073/249/1672 1113/249/1672 1112/248/1673
f 1072/248/1674 1073/249/1672 1112/248/1673
f 1071/247/1675 1111/247/1789 1114/250/1677
f 1074/250/1678 1071/247/1675 1114/250/1677
f 1075/251/1679 1115/251/1680 1113/249/1682
f 1073/249/1682 1075/251/1679 1113/249/1682
f 1074/250/1678 1114/250/1683 1116/252/1790
f 1076/252/1685 1074/250/1678 1116/252/1684
f 1077/253/1687 1117/253/1688 1115/251/1689
f 1075/251/1690 1077/253/1687 1115/251/1689
f 1076/252/1691 1116/252/1686 1118/254/1692
f 1078/254/1693 1076/252/1691 1118/254/1692
f 1079/255/1703 1119/255/1695 1117/253/1696
f 1077/253/1697 1079/255/1703 1117/253/1696
f 1078/254/1698 1118/254/1692 1120/256/1699
f 1080/256/1700 1078/254/1698 1120/256/1699
f 1081/257/1701 1121/257/1702 1119/255/1695
f 1079/255/1703 1081/257/1701 1119/255/1695
f 1067/244/1706 1107/244/1791 1105/241/1708
f 1065/241/1709 1067/244/1706 1105/241/1708
f 1065/241/1710 1105/241/1711 1102/258/1712
f 1062/258/1713 1065/241/1710 1102/258/1712
f 1082/378/1714 1122/378/1714 1123/379/1717
f 1083/379/1716 1082/378/1714 1123/379/1717
f 1080/256/1718 1120/256/1719 1122/378/1720
f 1082/378/1720 1080/256/1718 1122/378/1720
f 1083/379/1721 1123/379/1722 1121/257/1702
f 1081/257/1723 1083/379/1721 1121/257/1702
f 1062/258/1724 1102/258/1725 1101/259/1726
f 1060/259/1727 1062/258/1724 1101/259/1726
f 1060/259/1728 1101/259/1729 1100/264/1730
f 1058/264/1731 1060/259/1728 1100/264/1730
f 1057/271/1732 1099/271/1732 1098/269/1733
f 1054/269/1734 1057/271/1732 1098/269/1733
f 1058/264/1735 1100/264/1736 1099/271/1737
f 1057/271/1737 1058/264/1738 1099/271/1737
f 1052/281/1739 1096/281/1739 1097/279/1739
f 1053/279/1739 1052/281/1739 1097/279/1739
f 1053/279/1740 1097/279/1740 1124/283/1740
f 1084/283/1740 1053/279/1740 1124/283/1740
f 1054/291/1741 1098/291/1733 1096/281/1742
f 1052/281/1742 1054/291/1741 1096/281/1742
f 1063/294/1743 1103/294/1743 1104/242/1744
f 1064/242/1745 1063/294/1743 1104/242/1744
f 1172/338/1746 1207/338/1747 1204/337/1748
f 1166/337/1748 1172/338/1746 1204/337/1748
f 1174/340/1592 1209/340/1591 1207/338/1747
f 1172/338/1749 1174/340/1592 1207/338/1747
o effect
v -318.078735 -217.862213 -59.491352
v -308.574768 -218.455841 322.969147
v -305.638214 -171.444992 -52.270779
v -308.574677 -218.455887 -223.419754
v -311.511169 -265.466766 -52.270771
v -299.070679 -219.049530 -59.491352
v -317.942749 -217.870712 -50.650497
v -307.792664 -205.935852 -52.325161
v -309.356750 -230.975891 -52.325157
v -299.206635 -219.041031 -50.650497
v -317.184784 -217.918060 -68.721977
v -307.755432 -205.340149 -68.090782
v -309.393951 -231.571594 -68.090782
v -299.964600 -218.993698 -68.721977
v -321.414185 -271.260529 -6.014134
v -288.066772 109.862335 -5.834178
v -311.458618 -264.625549 -53.113239
v -322.129791 -435.463715 -6.091264
v -311.461395 -264.669769 41.091763
v -302.406128 -272.447845 -6.014132
v -320.727051 -262.445374 -6.009975
v -311.463043 -264.696045 -18.555174
v -311.463776 -264.707825 6.533649
v -301.990936 -263.615692 -6.009974
v -321.095703 -280.529053 -6.018476
v -312.445892 -280.430725 -19.159456
v -312.446655 -280.443054 7.123098
v -303.875519 -281.604675 -6.018475
v -318.049896 -217.400620 47.511433
v -308.751984 -221.293991 -334.934753
v -311.486145 -265.065704 40.698296
v -308.457520 -216.579971 211.433701
v -305.613403 -171.047455 39.883949
v -299.041840 -218.587936 47.511433
v -317.918701 -217.485382 38.670910
v -309.331757 -230.575653 40.453949
v -307.767731 -205.536560 40.237072
v -299.182587 -218.655716 38.670910
v -317.151001 -217.376831 56.741718
v -309.360474 -231.035309 56.224136
v -307.722015 -204.804855 55.996944
v -299.930786 -218.452454 56.741718
v -314.743317 -164.464615 -5.710340
v -329.082428 -546.769653 -7.702041
v -305.704742 -172.509521 41.353924
v -295.019745 -1.450943 -4.856666
v -305.674133 -172.019897 -52.849815
v -295.735260 -165.651932 -5.710340
v -315.158508 -173.296646 -5.756380
v -305.690125 -172.275635 6.796583
v -305.681976 -172.145233 -18.291899
v -296.422394 -174.466965 -5.756379
v -313.273926 -155.307907 -5.662270
v -304.707458 -156.543991 7.475545
v -304.698914 -156.407379 -18.806658
v -296.053741 -156.383545 -5.662270
v -315.806610 -181.487167 -45.157810
v -322.544830 -442.106934 234.839722
v -304.459442 -152.573486 -7.785336
v -299.340912 -70.629654 -165.169037
v -308.759003 -221.406372 -71.957985
v -296.798553 -182.674469 -45.157810
v -316.046082 -187.506348 -38.685467
v -306.034393 -177.787109 -31.366199
v -307.179443 -196.118790 -48.456760
v -297.309967 -188.676666 -38.685467
v -314.520660 -175.267303 -51.915512
v -305.337616 -166.632309 -42.501553
v -306.537140 -185.836212 -60.405281
v -297.300476 -176.342941 -51.915512
v -320.352814 -254.268890 33.150406
v -294.592499 5.389554 -246.636322
v -312.690063 -284.339691 -4.245977
v -317.816498 -366.410553 153.071289
v -308.393738 -215.558624 59.982445
v -301.344788 -255.456192 33.150406
v -319.841095 -248.261444 26.682930
v -311.116302 -259.145111 19.355314
v -309.972107 -240.827225 36.460728
v -301.104980 -249.431778 26.682930
v -319.851257 -260.605865 39.903015
v -311.813629 -270.308899 30.481619
v -310.614990 -251.119446 48.400913
v -302.631042 -261.681488 39.903015
v -315.829681 -181.856689 33.521164
v -322.402863 -439.834991 -248.915924
v -308.797699 -222.025894 59.949333
v -299.434723 -72.131363 154.578003
v -304.460693 -152.593262 -3.571424
v -296.821655 -183.044006 33.521164
v -316.065369 -187.814819 26.992422
v -307.204437 -196.518677 36.687588
v -306.049377 -178.027283 19.770641
v -297.329254 -188.985138 26.992418
v -314.547760 -175.700592 40.337734
v -306.569183 -186.348801 48.732544
v -305.359192 -166.977570 31.010687
v -297.327545 -176.776230 40.337734
v -320.357025 -254.336197 -45.065346
v -294.566681 5.803484 234.271179
v -308.400818 -215.672195 -71.965263
v -317.833557 -366.684143 -164.793243
v -312.690247 -284.342590 -7.618074
v -301.348969 -255.523514 -45.065346
v -319.844574 -248.317642 -38.608276
v -309.976654 -240.900269 -48.399914
v -311.119019 -259.188690 -31.262875
v -301.108459 -249.487976 -38.608276
v -319.856171 -260.684784 -51.807091
v -310.620819 -251.213013 -60.322296
v -311.817535 -270.371582 -42.369873
v -302.635956 -261.760437 -51.807091
v -90.331299 -250.384048 -22.390041
v -90.424377 -254.367996 137.664719
v -70.717987 -254.828552 -19.368324
v -90.424408 -254.368042 -90.991959
v -110.130814 -253.907501 -19.368320
v -90.517487 -258.351990 -22.390041
v -90.332626 -250.441040 -18.690258
v -85.176147 -254.490662 -19.391081
v -95.672638 -254.245377 -19.391083
v -90.516159 -258.295013 -18.690258
v -90.340057 -250.758774 -26.252935
v -84.926437 -254.496506 -25.988791
v -95.922348 -254.239548 -25.988792
v -90.508743 -257.977295 -26.252935
v -112.715240 -249.860962 -0.010518
v 47.202728 -257.584229 0.064804
v -109.778183 -253.915741 -19.720882
v -181.391525 -252.242218 -0.042800
v -109.796722 -253.915314 19.702692
v -112.901428 -257.828918 -0.010518
v -109.017792 -250.004395 -0.008777
v -109.807739 -253.915054 -5.258780
v -109.812668 -253.914948 5.240568
v -109.201340 -257.858337 -0.008776
v -116.585846 -250.145432 -0.012334
v -116.403519 -253.760925 -5.511665
v -116.408691 -253.760803 5.487244
v -116.754547 -257.363953 -0.012334
v -90.137787 -250.388565 22.389242
v -91.614090 -254.340225 -137.659561
v -109.962692 -253.911438 19.538031
v -89.638031 -254.386398 90.988602
v -70.551331 -254.832428 19.197239
v -90.324005 -258.356506 22.389242
v -90.171097 -250.444809 18.689598
v -95.504852 -254.249298 19.435776
v -85.008774 -254.494583 19.345016
v -90.354645 -258.298767 18.689598
v -90.113159 -250.764069 26.251995
v -95.697540 -254.244797 26.035393
v -84.702057 -254.501740 25.940319
v -90.281860 -257.982574 26.251995
v -67.947647 -250.907135 0.116619
v -228.049683 -251.151840 -0.716894
v -71.164215 -254.818115 19.812405
v 0.541504 -256.493805 0.473876
v -70.958984 -254.822906 -19.610641
v -68.133850 -258.875092 0.116621
v -71.647690 -250.877686 0.097352
v -71.066193 -254.820404 5.350605
v -71.011520 -254.821686 -5.148601
v -71.831238 -258.731659 0.097354
v -64.094620 -251.372101 0.136736
v -64.471664 -254.974518 5.634743
v -64.414398 -254.975861 -5.364020
v -64.263306 -258.590607 0.136738
v -75.083298 -250.740387 -16.391638
v -184.176300 -252.177109 100.783707
v -62.807266 -255.013412 -0.751739
v -28.457367 -255.816147 -66.614777
v -91.661224 -254.339127 -27.607164
v -75.269501 -258.708344 -16.391638
v -77.604233 -250.738495 -13.683046
v -73.376526 -254.766418 -10.620026
v -81.060959 -254.586838 -17.772205
v -77.787781 -258.592468 -13.683046
v -72.461349 -251.176575 -19.219646
v -68.700562 -254.875687 -15.280025
v -76.750626 -254.687561 -22.772507
v -72.630035 -258.395081 -19.219646
v -105.592545 -250.027405 16.379335
v 3.408997 -256.560822 -100.707787
v -118.042114 -253.722626 0.729432
v -152.445267 -252.918655 66.564674
v -89.209900 -254.396393 27.608196
v -105.778748 -257.995361 16.379335
v -103.072052 -250.143341 13.672781
v -107.480850 -253.969421 10.606270
v -99.802216 -254.148865 17.764664
v -103.255600 -257.997284 13.672781
v -108.234268 -250.340607 19.205215
v -112.160568 -253.860077 15.262484
v -104.116577 -254.048050 22.761475
v -108.402969 -257.559113 19.205217
v -75.238190 -250.736755 16.534496
v -183.223907 -252.199402 -101.661789
v -91.920898 -254.333054 27.594337
v -29.086884 -255.801422 67.195229
v -62.815567 -255.013214 1.011729
v -75.424408 -258.704712 16.534496
v -77.733551 -250.735474 13.802301
v -81.228592 -254.582916 17.859604
v -73.477203 -254.764069 10.780081
v -77.917084 -258.589417 13.802299
v -72.642975 -251.172333 19.387142
v -76.965485 -254.682541 22.900261
v -68.845291 -254.872314 15.483896
v -72.811661 -258.390839 19.387144
v -105.620758 -250.026749 -16.352943
v 3.582489 -256.564850 100.545792
v -89.257507 -254.395294 -27.610212
v -152.559952 -252.915985 -66.457527
v -118.043335 -253.722595 -0.681747
v -105.806961 -257.994690 -16.352943
v -103.095627 -250.142792 -13.650743
v -99.832809 -254.148163 -17.748417
v -107.499115 -253.968994 -10.576789
v -103.279175 -257.996735 -13.650743
v -108.267349 -250.339828 -19.174278
v -104.155823 -254.047134 -22.737783
v -112.186859 -253.859467 -15.224924
v -108.436050 -257.558350 -19.174276
v 92.529785 16.430449 -20.056633
v 96.507050 -53.359123 123.981613
v 97.735962 32.611359 -8.892420
v 96.507141 46.023613 -81.947876
v 95.278198 -2.824679 -25.994053
v 100.484375 15.982924 -20.272593
v 92.586700 14.819167 -16.726133
v 96.834351 19.621916 -15.186467
v 96.179810 10.184538 -19.741001
v 100.427521 14.378081 -16.939005
v 92.903870 18.088346 -23.545738
v 96.849945 22.714048 -21.020048
v 96.164246 12.827635 -25.791288
v 100.110291 17.682936 -23.741385
v 91.133942 -13.421922 -9.614137
v 105.089386 130.187378 59.776180
v 95.300201 -2.354387 -26.158564
v 90.834442 -75.294739 -39.510147
v 95.299042 -19.506042 9.338483
v 99.088562 -13.869416 -9.830096
v 91.421448 -10.100327 -8.009178
v 95.298340 -8.666734 -13.146735
v 95.298035 -13.234604 -3.693108
v 99.262268 -10.541429 -8.222048
v 91.267212 -16.914368 -11.301624
v 94.887024 -14.487107 -16.236465
v 94.886719 -19.272278 -6.333034
v 98.473633 -17.319763 -11.497271
v 92.541809 -2.858351 20.355797
v 96.432892 65.237511 -124.493187
v 95.288696 -19.583679 9.118173
v 96.556122 -32.364891 82.286026
v 97.746368 15.999148 25.912247
v 100.496460 -3.305830 20.139837
v 92.596741 -1.282302 17.008457
v 96.190277 -6.540236 15.299481
v 96.844788 2.936250 19.772104
v 100.437561 -1.723388 16.795589
v 92.917999 -4.528273 23.838942
v 96.178253 -9.581907 21.159527
v 96.863922 0.345461 25.844959
v 100.124451 -4.933683 23.643297
v 93.925598 26.773315 9.925488
v 87.924866 -116.952026 -60.362698
v 97.708130 15.180712 26.200335
v 102.179657 88.056519 39.897812
v 97.720917 32.499969 -9.215221
v 101.880219 26.325836 9.709528
v 93.751831 23.452957 8.301677
v 97.714264 21.554506 13.218494
v 97.717651 26.167007 3.786573
v 101.592651 23.011871 8.088805
v 94.540497 30.215668 11.609118
v 98.125488 27.360140 16.335823
v 98.129028 32.192108 6.455124
v 101.746918 29.810257 11.413473
v 93.480652 27.532776 -8.038176
v 90.660767 -121.621490 50.086418
v 98.229279 31.632401 11.306317
v 100.371307 91.142883 -33.105530
v 96.429932 17.362226 -25.399853
v 101.435242 27.085251 -8.254134
v 93.380371 24.086929 -6.693633
v 97.570160 26.418701 -2.167225
v 97.090973 22.618256 -11.942871
v 101.221222 23.645844 -6.906503
v 94.018799 31.106140 -9.453764
v 97.861786 32.648285 -4.335099
v 97.359772 28.667006 -14.575870
v 101.225189 30.700729 -9.649410
v 91.578094 -14.141570 8.237269
v 102.358490 134.612000 -49.982735
v 94.784851 -18.672974 -11.326705
v 92.639496 -78.219269 33.036999
v 96.582825 -4.432478 25.391056
v 99.532715 -14.589049 8.021311
v 91.792236 -10.701049 6.892425
v 95.443451 -13.470184 2.151075
v 95.922302 -9.677627 11.929805
v 99.633057 -11.142135 6.679553
v 91.787994 -17.758163 9.629639
v 95.151611 -19.701492 4.313905
v 95.653259 -15.728484 14.557912
v 98.994415 -18.163559 9.433992
v 93.470978 13.082567 21.548071
v 90.720184 -32.774792 -131.823853
v 96.413757 -6.863920 24.202244
v 100.332031 32.418068 87.131363
v 98.228729 30.858461 12.890907
v 101.425568 12.635073 21.332111
v 93.372345 12.024507 18.003717
v 97.080505 6.980639 20.074596
v 97.563873 17.026918 17.062143
v 101.213165 11.583405 17.790848
v 94.007446 14.162844 25.236912
v 97.346375 8.622713 26.464046
v 97.852722 19.147005 23.308256
v 101.213867 13.757463 25.041267
v 91.576355 0.059751 -21.253847
v 102.369263 47.295666 131.342651
v 96.579865 19.524733 -24.359604
v 92.632385 -20.505957 -86.813286
v 94.784790 -18.060715 -12.598148
v 99.530975 -0.387743 -21.469809
v 91.790771 1.153609 -17.725513
v 95.920380 5.730146 -20.066757
v 95.442322 -4.279649 -16.934429
v 99.631622 0.712523 -17.938385
v 91.785919 -1.106737 -24.949505
v 95.650818 4.011946 -26.435993
v 95.149994 -6.474154 -23.154629
v 98.992340 -1.512133 -25.145149
v -32.474518 -146.520508 -182.256302
v -32.474487 -137.016006 -181.776016
v -32.474518 -146.520508 -181.295700
v -32.474487 -141.768219 -182.342331
v -32.474487 -141.768219 -181.209702
v -279.029205 -171.601608 -182.256302
v -277.705902 -161.657120 -181.776016
v -279.029205 -171.601608 -181.295700
v -275.292999 -165.749008 -182.342300
v -275.292999 -165.749008 -181.209702
v -284.866333 -172.659012 -181.776016
v -282.526306 -167.108612 -181.776016
v -219.836395 -160.702209 -182.256302
v -221.007507 -151.289505 -181.776016
v -219.836395 -160.702209 -181.295731
v -220.421890 -155.996017 -182.342331
v -220.421890 -155.996017 -181.209702
v -163.865494 -153.241013 -182.256302
v -164.679199 -143.780716 -181.775986
v -163.865494 -153.241013 -181.295700
v -164.272293 -148.510910 -182.342300
v -164.272293 -148.510910 -181.209702
v -103.705597 -148.243317 -182.256302
v -104.135284 -138.751205 -181.776016
v -103.705597 -148.243317 -181.295700
v -103.920395 -143.497208 -182.342300
v -103.920395 -143.497208 -181.209702
v -26.703003 -148.377014 -184.041611
v -26.703003 -135.747009 -184.041611
v 47.830200 -147.133804 -184.041611
v 47.830200 -135.994003 -184.041611
v 47.830200 -147.133804 -179.510422
v 47.830200 -135.994003 -179.510422
v -26.703003 -148.377014 -179.510422
v -26.703003 -135.747009 -179.510422
v -29.289185 -148.377014 -184.041611
v -29.289185 -135.747025 -184.041611
v -29.289185 -148.377014 -179.510422
v -29.289185 -135.747025 -179.510422
v 47.830200 -141.563919 -185.342911
v -26.703003 -141.543625 -185.342911
v 47.830200 -141.563919 -178.209122
v -26.703003 -141.543625 -178.209122
v -29.289215 -141.543610 -185.342911
v -29.289215 -141.543610 -178.209122
v -27.925903 -147.332108 -182.875320
v -27.925903 -136.408707 -182.499008
v -27.925903 -147.332108 -180.676712
v -27.925903 -136.408707 -181.053024
v -36.394196 -147.400208 -182.875320
v -36.394196 -136.476807 -182.499008
v -36.394196 -147.400208 -180.676712
v -36.394196 -136.476807 -181.053024
v -27.925903 -141.563919 -183.071915
v -27.925903 -141.563919 -180.480118
v -36.394196 -141.632004 -183.071915
v -36.394196 -141.632004 -180.480118
v -29.098907 -141.572708 -181.776016
v -29.098907 -141.572708 -171.692520
v -29.098907 -148.792709 -173.043411
v -29.098907 -154.078110 -176.734207
v -29.098907 -156.012711 -181.776016
v -29.098907 -154.078110 -186.817825
v -29.098907 -148.792709 -190.508621
v -29.098907 -141.572708 -191.859512
v -29.098907 -134.352707 -190.508621
v -29.098907 -129.067307 -186.817825
v -29.098907 -127.132706 -181.776016
v -29.098907 -129.067307 -176.734329
v -29.098907 -134.352707 -173.043411
v -31.004822 -141.572708 -171.692520
v -31.004791 -148.792709 -173.043411
v -31.004791 -154.078110 -176.734207
v -31.004822 -156.012711 -181.776016
v -31.004791 -154.078110 -186.817825
v -31.004791 -148.792709 -190.508621
v -31.004822 -141.572708 -191.859512
v -31.004822 -134.352707 -190.508621
v -31.004791 -129.067307 -186.817825
v -31.004791 -127.132713 -181.776016
v -31.004791 -129.067307 -176.734329
v -31.004822 -134.352707 -173.043411
v -31.004822 -141.572708 -181.776016
v -35.395050 -150.849823 -184.400070
v -35.395081 -138.293427 -184.400070
v -35.395050 -150.849823 -179.684494
v -35.395081 -138.293427 -179.684494
v -35.395050 -144.029724 -185.681076
v -35.395050 -144.029724 -178.403458
v -293.527069 -177.623428 -184.400070
v -296.225983 -165.101639 -184.400070
v -293.527069 -177.623428 -179.684464
v -296.225983 -165.101639 -179.684464
v -294.876465 -171.362534 -185.681076
v -294.876465 -171.362534 -178.403458
v -225.513458 -164.831436 -184.400070
v -227.510254 -152.178635 -184.400070
v -225.513458 -164.831436 -179.684464
v -227.510254 -152.178635 -179.684464
v -226.511749 -158.505142 -185.681076
v -226.511749 -158.505142 -178.403488
v -169.668457 -157.386932 -184.400070
v -171.055954 -144.653030 -184.400070
v -169.668457 -157.386932 -179.684464
v -171.055954 -144.653030 -179.684464
v -170.362152 -151.020035 -185.681046
v -170.362152 -151.020035 -178.403458
v -109.643951 -152.400528 -184.400070
v -110.376663 -139.612137 -184.400070
v -109.643951 -152.400528 -179.684464
v -110.376663 -139.612137 -179.684464
v -110.010284 -146.006332 -185.681076
v -110.010284 -146.006332 -178.403458
v -293.527069 -177.623428 -184.400070
v -296.225983 -165.101639 -184.400070
v -293.527069 -177.623428 -179.684464
v -296.225983 -165.101639 -179.684464
v -294.876465 -171.362534 -185.681076
v -294.876465 -171.362534 -178.403458
v -102.666458 -77.733383 -182.088013
v -100.980362 -84.054184 -186.067780
v -101.936859 -85.339081 -182.201202
v -97.565567 -90.898903 -189.345673
v -99.452652 -93.178894 -182.201202
v -91.459854 -99.284889 -191.536011
v -94.146149 -102.066391 -182.201187
v -83.873245 -108.402496 -192.305069
v -87.039856 -111.139198 -182.201187
v -75.923752 -117.220505 -191.535995
v -79.064545 -119.475906 -182.201187
v -68.479675 -124.481895 -189.345657
v -71.007553 -126.020592 -182.201187
v -60.712097 -131.643204 -186.067764
v -62.137512 -132.373398 -182.201187
v -53.264694 -138.374100 -182.201187
v -91.502258 -108.788498 -185.349869
v -95.710770 -99.252785 -188.786896
v -101.773849 -91.262787 -185.477081
v -103.329361 -83.219284 -186.629913
v -106.025375 -78.092896 -183.391388
v -98.672073 -80.951599 -187.669403
v -93.012955 -85.391800 -192.305084
v -84.979752 -92.564896 -195.402588
v -76.233673 -101.789299 -196.490280
v -68.345581 -111.769600 -195.402573
v -62.378891 -120.763496 -192.305069
v -57.271317 -129.879288 -187.669388
v -86.437271 -104.068695 -195.765579
v -90.133270 -93.190193 -195.502106
v -98.510361 -87.128983 -191.639008
v -100.722290 -79.584488 -188.570190
v -105.253159 -76.931000 -184.378510
v -96.365173 -77.847900 -186.067780
v -88.464859 -79.880890 -189.345703
v -78.506851 -85.837799 -191.536011
v -68.601868 -95.166992 -192.305084
v -60.773209 -106.310501 -191.535995
v -56.281235 -117.040100 -189.345688
v -53.831207 -128.113800 -186.067764
v -77.476639 -95.699905 -198.235596
v -82.982651 -85.400604 -194.425812
v -93.507462 -80.781799 -192.272400
v -98.080978 -75.897873 -186.779602
v -104.320663 -75.528091 -184.090088
v -95.410065 -76.562088 -182.201202
v -86.582336 -77.597092 -182.201202
v -75.827835 -83.049301 -182.201202
v -65.442902 -92.421295 -182.201202
v -57.638321 -104.046890 -182.201187
v -53.756393 -115.496399 -182.201187
v -52.406494 -127.382004 -182.201187
v -69.873260 -88.580093 -191.312805
v -78.446152 -80.448700 -186.188507
v -89.696564 -75.938690 -187.006195
v -96.951340 -74.319977 -182.306976
v -103.774261 -74.705902 -182.695190
v -96.365173 -77.847900 -178.334595
v -88.464859 -79.880890 -175.056702
v -78.506851 -85.837799 -172.866394
v -68.601868 -95.166992 -172.097290
v -60.773209 -106.310501 -172.866379
v -56.281235 -117.040100 -175.056686
v -53.831207 -128.113800 -178.334579
v -68.071579 -86.890503 -179.052490
v -79.173050 -81.242691 -175.615509
v -89.305054 -75.440689 -178.925293
v -97.993774 -75.776184 -177.772491
v -103.933868 -74.946182 -181.010986
v -98.672073 -80.951599 -176.732971
v -93.012955 -85.391800 -172.097290
v -84.979752 -92.564896 -168.999817
v -76.233673 -101.789299 -167.912064
v -68.345581 -111.769600 -168.999802
v -62.378891 -120.763496 -172.097275
v -57.271317 -129.879288 -176.732956
v -73.122757 -91.625092 -168.636780
v -84.739151 -87.315796 -168.900299
v -92.561478 -79.580200 -172.763397
v -100.598984 -79.412399 -175.832184
v -104.706055 -76.107971 -180.023895
v -100.980362 -84.054184 -178.334595
v -97.565567 -90.898903 -175.056702
v -91.459854 -99.284889 -172.866394
v -83.873245 -108.402496 -172.097275
v -75.923752 -117.220505 -172.866379
v -68.479675 -124.481888 -175.056686
v -60.712097 -131.643204 -178.334579
v -82.077652 -99.999992 -166.166809
v -91.892059 -95.103195 -169.976593
v -97.563156 -85.928299 -172.130005
v -103.242157 -83.097702 -177.622803
v -105.638550 -77.510880 -180.312286
v -89.694778 -107.105003 -173.089584
v -96.439957 -100.044594 -178.213898
v -101.381165 -90.765709 -177.396179
v -104.373672 -84.674088 -182.095398
v -106.184952 -78.333008 -181.707184
v -54.484726 -151.628250 -184.707443
v -54.654434 -137.984726 -184.707535
v -54.484726 -151.628250 -179.303543
v -54.654434 -137.984726 -179.303635
v -54.569626 -144.806534 -186.332626
v -54.569626 -144.806534 -177.678452
v -50.998840 -151.537048 -184.707443
v -50.967468 -137.888229 -184.707535
v -50.998840 -151.537048 -179.303543
v -50.967468 -137.888229 -179.303635
v -50.983154 -144.712646 -186.332626
v -50.983154 -144.712631 -177.678452
v -32.474548 -146.520477 197.416946
v -32.474518 -137.015976 197.897263
v -32.474548 -146.520477 198.377548
v -32.474518 -141.768188 197.330948
v -32.474518 -141.768188 198.463547
v -279.029236 -171.601578 197.416946
v -277.705933 -161.657089 197.897263
v -279.029236 -171.601578 198.377548
v -275.293030 -165.748978 197.330948
v -275.293030 -165.748978 198.463547
v -284.866333 -172.658981 197.897263
v -282.526337 -167.108582 197.897263
v -219.836426 -160.702179 197.416946
v -221.007538 -151.289474 197.897263
v -219.836426 -160.702179 198.377548
v -220.421921 -155.995987 197.330948
v -220.421921 -155.995987 198.463547
v -163.865524 -153.240982 197.416946
v -164.679230 -143.780685 197.897263
v -163.865524 -153.240982 198.377548
v -164.272324 -148.510880 197.330948
v -164.272324 -148.510880 198.463547
v -103.705627 -148.243286 197.416946
v -104.135315 -138.751175 197.897263
v -103.705627 -148.243286 198.377548
v -103.920425 -143.497177 197.330948
v -103.920425 -143.497177 198.463547
v -26.703003 -148.376984 195.631668
v -26.703003 -135.746979 195.631668
v 47.830200 -147.133774 195.631668
v 47.830200 -135.993973 195.631668
v 47.830170 -147.133774 200.162857
v 47.830170 -135.993973 200.162857
v -26.703033 -148.376984 200.162857
v -26.703033 -135.746979 200.162857
v -29.289185 -148.376984 195.631668
v -29.289185 -135.746994 195.631668
v -29.289215 -148.376984 200.162857
v -29.289215 -135.746994 200.162857
v 47.830200 -141.563889 194.330338
v -26.703003 -141.543594 194.330368
v 47.830170 -141.563889 201.464157
v -26.703033 -141.543594 201.464157
v -29.289215 -141.543579 194.330368
v -29.289246 -141.543579 201.464157
v -27.925934 -147.332077 196.797928
v -27.925934 -136.408676 197.174240
v -27.925934 -147.332077 198.996567
v -27.925934 -136.408676 198.620255
v -36.394226 -147.400177 196.797928
v -36.394226 -136.476776 197.174240
v -36.394226 -147.400177 198.996567
v -36.394226 -136.476776 198.620255
v -27.925934 -141.563889 196.601364
v -27.925934 -141.563889 199.193161
v -36.394226 -141.631973 196.601364
v -36.394226 -141.631973 199.193161
v -29.098938 -141.572678 197.897263
v -29.098938 -141.572678 207.980759
v -29.098938 -148.792679 206.629837
v -29.098938 -154.078079 202.939072
v -29.098938 -156.012680 197.897263
v -29.098907 -154.078079 192.855453
v -29.098907 -148.792679 189.164658
v -29.098907 -141.572678 187.813766
v -29.098907 -134.352676 189.164658
v -29.098907 -129.067276 192.855453
v -29.098938 -127.132675 197.897263
v -29.098938 -129.067276 202.938950
v -29.098938 -134.352676 206.629837
v -31.004852 -141.572678 207.980759
v -31.004822 -148.792679 206.629837
v -31.004822 -154.078079 202.939072
v -31.004852 -156.012680 197.897263
v -31.004791 -154.078079 192.855453
v -31.004791 -148.792679 189.164658
v -31.004822 -141.572678 187.813766
v -31.004822 -134.352676 189.164658
v -31.004791 -129.067276 192.855453
v -31.004822 -127.132683 197.897263
v -31.004822 -129.067276 202.938950
v -31.004852 -134.352676 206.629837
v -31.004852 -141.572678 197.897263
v -35.395050 -150.849792 195.273209
v -35.395081 -138.293396 195.273178
v -35.395081 -150.849792 199.988785
v -35.395111 -138.293396 199.988785
v -35.395050 -144.029694 193.992203
v -35.395081 -144.029694 201.269791
v -293.527100 -177.623398 195.273209
v -296.226013 -165.101608 195.273209
v -293.527100 -177.623398 199.988785
v -296.226013 -165.101608 199.988785
v -294.876495 -171.362503 193.992203
v -294.876495 -171.362503 201.269791
v -225.513489 -164.831406 195.273178
v -227.510284 -152.178604 195.273178
v -225.513489 -164.831406 199.988785
v -227.510284 -152.178604 199.988785
v -226.511780 -158.505112 193.992203
v -226.511780 -158.505112 201.269791
v -169.668488 -157.386902 195.273209
v -171.055984 -144.653000 195.273209
v -169.668488 -157.386902 199.988815
v -171.055984 -144.653000 199.988815
v -170.362183 -151.020004 193.992203
v -170.362183 -151.020004 201.269791
v -109.643982 -152.400497 195.273209
v -110.376694 -139.612106 195.273209
v -109.643982 -152.400497 199.988815
v -110.376694 -139.612106 199.988815
v -110.010315 -146.006302 193.992203
v -110.010315 -146.006302 201.269791
v -293.527100 -177.623398 195.273209
v -296.226013 -165.101608 195.273209
v -293.527100 -177.623398 199.988785
v -296.226013 -165.101608 199.988785
v -294.876495 -171.362503 193.992203
v -294.876495 -171.362503 201.269791
v -102.666489 -77.733353 197.585266
v -100.980392 -84.054153 193.605469
v -101.936890 -85.339050 197.472076
v -97.565598 -90.898872 190.327576
v -99.452682 -93.178864 197.472076
v -91.459885 -99.284859 188.137268
v -94.146179 -102.066360 197.472092
v -83.873276 -108.402466 187.368179
v -87.039886 -111.139168 197.472092
v -75.923782 -117.220474 188.137283
v -79.064575 -119.475876 197.472092
v -68.479706 -124.481865 190.327591
v -71.007584 -126.020561 197.472092
v -60.712128 -131.643173 193.605484
v -62.137543 -132.373367 197.472092
v -53.264725 -138.374069 197.472092
v -91.502289 -108.788467 194.323380
v -95.710800 -99.252754 190.886383
v -101.773880 -91.262756 194.196167
v -103.329391 -83.219254 193.043365
v -106.025406 -78.092865 196.281860
v -98.672104 -80.951569 192.003876
v -93.012985 -85.391769 187.368164
v -84.979782 -92.564865 184.270660
v -76.233704 -101.789268 183.182968
v -68.345612 -111.769569 184.270676
v -62.378922 -120.763466 187.368179
v -57.271347 -129.879257 192.003891
v -86.437302 -104.068665 183.907700
v -90.133301 -93.190163 184.171173
v -98.510391 -87.128952 188.034271
v -100.722321 -79.584457 191.103058
v -105.253189 -76.930969 195.294769
v -96.365204 -77.847870 193.605469
v -88.464890 -79.880859 190.327576
v -78.506882 -85.837769 188.137268
v -68.601898 -95.166962 187.368164
v -60.773239 -106.310471 188.137283
v -56.281265 -117.040070 190.327591
v -53.831238 -128.113770 193.605484
v -77.476669 -95.699875 181.437653
v -82.982681 -85.400574 185.247467
v -93.507492 -80.781769 187.400879
v -98.081009 -75.897842 192.893677
v -104.320694 -75.528061 195.583160
v -95.410095 -76.562057 197.472076
v -86.582367 -77.597061 197.472076
v -75.827866 -83.049271 197.472076
v -65.442932 -92.421265 197.472076
v -57.638351 -104.046860 197.472092
v -53.756424 -115.496368 197.472092
v -52.406525 -127.381973 197.472092
v -69.873291 -88.580063 188.360474
v -78.446182 -80.448669 193.484772
v -89.696594 -75.938660 192.667084
v -96.951370 -74.319946 197.366272
v -103.774292 -74.705872 196.978058
v -96.365204 -77.847870 201.338684
v -88.464890 -79.880859 204.616577
v -78.506882 -85.837769 206.806885
v -68.601898 -95.166962 207.575989
v -60.773239 -106.310471 206.806900
v -56.281265 -117.040070 204.616592
v -53.831238 -128.113770 201.338699
v -68.071609 -86.890472 200.620758
v -79.173080 -81.242661 204.057770
v -89.305084 -75.440659 200.747986
v -97.993805 -75.776154 201.900787
v -103.933899 -74.946152 198.662262
v -98.672104 -80.951569 202.940277
v -93.012985 -85.391769 207.575989
v -84.979782 -92.564865 210.673492
v -76.233704 -101.789268 211.761185
v -68.345612 -111.769569 210.673508
v -62.378922 -120.763466 207.576004
v -57.271347 -129.879257 202.940292
v -73.122787 -91.625061 211.036469
v -84.739182 -87.315765 210.772980
v -92.561508 -79.580170 206.909882
v -100.599014 -79.412369 203.841064
v -104.706085 -76.107941 199.649353
v -100.980392 -84.054153 201.338684
v -97.565598 -90.898872 204.616577
v -91.459885 -99.284859 206.806885
v -83.873276 -108.402466 207.576004
v -75.923782 -117.220474 206.806900
v -68.479706 -124.481857 204.616592
v -60.712128 -131.643173 201.338699
v -82.077682 -99.999962 213.506470
v -91.892090 -95.103165 209.696655
v -97.563187 -85.928268 207.543274
v -103.242188 -83.097672 202.050476
v -105.638580 -77.510849 199.360962
v -89.694809 -107.104973 206.583694
v -96.439987 -100.044563 201.459381
v -101.381195 -90.765678 202.277069
v -104.373703 -84.674057 197.577881
v -106.184982 -78.332977 197.966064
v -54.484756 -151.628220 194.965836
v -54.654465 -137.984695 194.965744
v -54.484756 -151.628220 200.369736
v -54.654465 -137.984695 200.369644
v -54.569656 -144.806503 193.340622
v -54.569656 -144.806503 201.994827
v -50.998840 -151.537018 194.965836
v -50.967468 -137.888199 194.965744
v -50.998871 -151.537018 200.369736
v -50.967499 -137.888199 200.369644
v -50.983154 -144.712616 193.340622
v -50.983185 -144.712601 201.994827
v -37.778381 -2.953902 -188.765015
v -37.778381 6.550599 -188.284729
v -37.778381 -2.953902 -187.804413
v -37.778381 1.798402 -188.851013
v -37.778381 1.798402 -187.718414
v -284.333099 -28.035002 -188.765015
v -283.009827 -18.090498 -188.284729
v -284.333099 -28.035002 -187.804413
v -280.596893 -22.182417 -188.851013
v -280.596893 -22.182417 -187.718414
v -290.170227 -29.092405 -188.284729
v -287.830200 -23.542006 -188.284729
v -225.140289 -17.135588 -188.765015
v -226.311401 -7.722899 -188.284729
v -225.140289 -17.135588 -187.804413
v -225.725784 -12.429412 -188.851013
v -225.725784 -12.429412 -187.718414
v -169.169388 -9.674407 -188.765015
v -169.983093 -0.214095 -188.284698
v -169.169388 -9.674407 -187.804413
v -169.576187 -4.944289 -188.851013
v -169.576187 -4.944289 -187.718414
v -109.009506 -4.676696 -188.765015
v -109.439194 4.815400 -188.284729
v -109.009506 -4.676696 -187.804413
v -109.224289 0.069398 -188.851013
v -109.224289 0.069398 -187.718414
v -32.006897 -4.810393 -190.550323
v -32.006897 7.819597 -190.550323
v 42.526306 -3.567198 -190.550323
v 42.526306 7.572603 -190.550323
v 42.526306 -3.567198 -186.019104
v 42.526306 7.572603 -186.019104
v -32.006897 -4.810393 -186.019104
v -32.006897 7.819597 -186.019104
v -34.593079 -4.810393 -190.550323
v -34.593109 7.819597 -190.550323
v -34.593079 -4.810393 -186.019104
v -34.593109 7.819597 -186.019104
v 42.526306 2.002687 -191.851624
v -32.006897 2.022995 -191.851624
v 42.526306 2.002687 -184.717804
v -32.006897 2.022996 -184.717834
v -34.593109 2.022995 -191.851624
v -34.593109 2.022996 -184.717834
v -33.229797 -3.765502 -189.384033
v -33.229797 7.157899 -189.007721
v -33.229797 -3.765502 -187.185425
v -33.229797 7.157899 -187.561707
v -41.698120 -3.833602 -189.384033
v -41.698090 7.089799 -189.007721
v -41.698120 -3.833602 -187.185425
v -41.698090 7.089799 -187.561707
v -33.229797 2.002702 -189.580627
v -33.229797 2.002702 -186.988800
v -41.698090 1.934587 -189.580597
v -41.698090 1.934587 -186.988800
v -34.402802 1.993913 -188.284729
v -34.402802 1.993914 -178.201202
v -34.402802 -5.226102 -179.552124
v -34.402802 -10.511489 -183.242920
v -34.402802 -12.446105 -188.284729
v -34.402802 -10.511489 -193.326508
v -34.402802 -5.226104 -197.017334
v -34.402802 1.993912 -198.368225
v -34.402802 9.213898 -197.017334
v -34.402802 14.499299 -193.326508
v -34.402802 16.433901 -188.284729
v -34.402802 14.499299 -183.243011
v -34.402802 9.213900 -179.552124
v -36.308685 1.993883 -178.201202
v -36.308716 -5.226088 -179.552124
v -36.308685 -10.511504 -183.242920
v -36.308716 -12.446105 -188.284729
v -36.308685 -10.511504 -193.326508
v -36.308716 -5.226089 -197.017334
v -36.308685 1.993881 -198.368225
v -36.308716 9.213913 -197.017334
v -36.308685 14.499299 -193.326508
v -36.308685 16.433886 -188.284729
v -36.308685 14.499299 -183.243011
v -36.308716 9.213915 -179.552124
v -36.308685 1.993882 -188.284729
v -37.778412 -2.953873 200.484039
v -37.778381 6.550628 200.964355
v -37.778412 -2.953873 201.444641
v -37.778381 1.798431 200.398041
v -37.778381 1.798431 201.530640
v -284.333099 -28.034973 200.484039
v -283.009796 -18.090469 200.964355
v -284.333099 -28.034973 201.444672
v -280.596893 -22.182388 200.398071
v -280.596893 -22.182388 201.530640
v -290.170197 -29.092377 200.964355
v -287.830200 -23.541977 200.964355
v -225.140289 -17.135559 200.484039
v -226.311401 -7.722885 200.964355
v -225.140289 -17.135559 201.444641
v -225.725769 -12.429382 200.398041
v -225.725769 -12.429382 201.530640
v -169.169388 -9.674377 200.484039
v -169.983093 -0.214066 200.964355
v -169.169388 -9.674377 201.444641
v -169.576172 -4.944275 200.398041
v -169.576172 -4.944275 201.530640
v -109.009491 -4.676667 200.484039
v -109.439178 4.815429 200.964355
v -109.009491 -4.676667 201.444641
v -109.224289 0.069427 200.398041
v -109.224289 0.069427 201.530640
v -32.006897 -4.810364 198.698761
v -32.006897 7.819626 198.698761
v 42.526306 -3.567185 198.698761
v 42.526306 7.572632 198.698761
v 42.526306 -3.567185 203.229950
v 42.526306 7.572632 203.229950
v -32.006897 -4.810364 203.229950
v -32.006897 7.819626 203.229950
v -34.593079 -4.810379 198.698761
v -34.593079 7.819626 198.698761
v -34.593079 -4.810379 203.229950
v -34.593079 7.819626 203.229950
v 42.526306 2.002716 197.397461
v -32.006897 2.023025 197.397461
v 42.526306 2.002717 204.531250
v -32.006897 2.023026 204.531250
v -34.593109 2.023025 197.397461
v -34.593109 2.023026 204.531250
v -33.229797 -3.765488 199.865051
v -33.229797 7.157928 200.241333
v -33.229797 -3.765488 202.063660
v -33.229797 7.157928 201.687347
v -41.698090 -3.833588 199.865051
v -41.698090 7.089828 200.241333
v -41.698090 -3.833588 202.063660
v -41.698090 7.089828 201.687347
v -33.229767 2.002731 199.668427
v -33.229767 2.002731 202.260254
v -41.698090 1.934616 199.668457
v -41.698090 1.934616 202.260254
v -34.402802 1.993942 200.964355
v -34.402802 1.993943 211.047852
v -34.402802 -5.226073 209.696930
v -34.402771 -10.511475 206.006165
v -34.402802 -12.446075 200.964355
v -34.402740 -10.511475 195.922546
v -34.402771 -5.226075 192.231750
v -34.402771 1.993941 190.880859
v -34.402771 9.213927 192.231750
v -34.402771 14.499329 195.922546
v -34.402802 16.433929 200.964355
v -34.402802 14.499329 206.006042
v -34.402802 9.213929 209.696930
v -36.308685 1.993912 211.047852
v -36.308685 -5.226073 209.696930
v -36.308685 -10.511475 206.006165
v -36.308716 -12.446075 200.964355
v -36.308655 -10.511475 195.922546
v -36.308655 -5.226075 192.231750
v -36.308655 1.993910 190.880859
v -36.308685 9.213927 192.231750
v -36.308655 14.499313 195.922546
v -36.308685 16.433914 200.964355
v -36.308685 14.499313 206.006042
v -36.308716 9.213929 209.696930
v -36.308685 1.993911 200.964355
v -37.778412 -275.029327 -188.764999
v -37.778412 -265.524841 -188.284714
v -37.778412 -275.029327 -187.804398
v -37.778412 -270.277039 -188.850998
v -37.778412 -270.277039 -187.718399
v -284.333130 -300.110443 -188.764999
v -283.009827 -290.165955 -188.284714
v -284.333130 -300.110443 -187.804398
v -280.596924 -294.257812 -188.850998
v -280.596924 -294.257812 -187.718399
v -290.170227 -301.167847 -188.284714
v -287.830231 -295.617432 -188.284714
v -225.140289 -289.211029 -188.764999
v -226.311401 -279.798340 -188.284714
v -225.140289 -289.211029 -187.804398
v -225.725784 -284.504822 -188.850998
v -225.725784 -284.504822 -187.718399
v -169.169403 -281.749847 -188.764999
v -169.983109 -272.289551 -188.284683
v -169.169403 -281.749847 -187.804398
v -169.576187 -277.019745 -188.850998
v -169.576187 -277.019745 -187.718399
v -109.009506 -276.752136 -188.764999
v -109.439194 -267.260040 -188.284714
v -109.009506 -276.752136 -187.804398
v -109.224304 -272.006042 -188.850998
v -109.224304 -272.006042 -187.718399
v -32.006897 -276.885834 -190.550308
v -32.006897 -264.255829 -190.550308
v 42.526306 -275.642639 -190.550308
v 42.526276 -264.502838 -190.550308
v 42.526306 -275.642639 -186.019089
v 42.526276 -264.502838 -186.019089
v -32.006897 -276.885834 -186.019089
v -32.006897 -264.255829 -186.019089
v -34.593079 -276.885834 -190.550308
v -34.593109 -264.255829 -190.550308
v -34.593079 -276.885834 -186.019089
v -34.593109 -264.255829 -186.019089
v 42.526306 -270.072754 -191.851608
v -32.006927 -270.052429 -191.851608
v 42.526306 -270.072754 -184.717789
v -32.006927 -270.052429 -184.717819
v -34.593109 -270.052429 -191.851608
v -34.593109 -270.052429 -184.717819
v -33.229797 -275.840942 -189.384018
v -33.229797 -264.917542 -189.007706
v -33.229797 -275.840942 -187.185410
v -33.229797 -264.917542 -187.561691
v -41.698120 -275.909027 -189.384018
v -41.698120 -264.985626 -189.007706
v -41.698120 -275.909027 -187.185410
v -41.698120 -264.985626 -187.561691
v -33.229797 -270.072754 -189.580612
v -33.229797 -270.072754 -186.988785
v -41.698090 -270.140839 -189.580582
v -41.698090 -270.140839 -186.988785
v -34.402802 -270.081543 -188.284714
v -34.402802 -270.081543 -178.201187
v -34.402832 -277.301544 -179.552109
v -34.402802 -282.586945 -183.242905
v -34.402802 -284.521545 -188.284714
v -34.402802 -282.586945 -193.326492
v -34.402832 -277.301544 -197.017319
v -34.402802 -270.081543 -198.368210
v -34.402832 -262.861542 -197.017319
v -34.402832 -257.576141 -193.326492
v -34.402802 -255.641556 -188.284714
v -34.402832 -257.576141 -183.242996
v -34.402832 -262.861542 -179.552109
v -36.308716 -270.081543 -178.201187
v -36.308716 -277.301544 -179.552109
v -36.308716 -282.586914 -183.242905
v -36.308685 -284.521545 -188.284714
v -36.308716 -282.586914 -193.326492
v -36.308716 -277.301544 -197.017319
v -36.308716 -270.081543 -198.368210
v -36.308685 -262.861542 -197.017319
v -36.308685 -257.576141 -193.326492
v -36.308716 -255.641556 -188.284714
v -36.308685 -257.576141 -183.242996
v -36.308685 -262.861542 -179.552109
v -36.308716 -270.081543 -188.284714
v -37.078522 -266.546875 192.891312
v -37.078522 -257.042389 193.371597
v -37.078522 -266.546875 193.851913
v -37.078552 -261.794586 192.805313
v -37.078552 -261.794586 193.937912
v -283.633270 -291.627991 192.891312
v -282.309967 -281.683472 193.371597
v -283.633270 -291.627991 193.851913
v -279.897064 -285.775391 192.805313
v -279.897064 -285.775391 193.937912
v -289.470398 -292.685394 193.371597
v -287.130371 -287.134979 193.371597
v -224.440460 -280.728577 192.891312
v -225.611572 -271.315887 193.371597
v -224.440460 -280.728577 193.851913
v -225.025940 -276.022400 192.805313
v -225.025940 -276.022400 193.937912
v -168.469559 -273.267395 192.891312
v -169.283264 -263.807068 193.371628
v -168.469559 -273.267395 193.851913
v -168.876358 -268.537292 192.805313
v -168.876358 -268.537292 193.937912
v -108.309677 -268.269684 192.891312
v -108.739349 -258.777588 193.371597
v -108.309677 -268.269684 193.851913
v -108.524460 -263.523590 192.805313
v -108.524460 -263.523590 193.937912
v -31.307007 -268.403381 191.106033
v -31.307037 -255.773361 191.106033
v 43.226135 -267.160187 191.106003
v 43.226166 -256.020386 191.106003
v 43.226135 -267.160187 195.637222
v 43.226166 -256.020386 195.637222
v -31.307007 -268.403381 195.637222
v -31.307037 -255.773361 195.637222
v -33.893250 -268.403381 191.106033
v -33.893250 -255.773361 191.106033
v -33.893250 -268.403381 195.637222
v -33.893250 -255.773361 195.637222
v 43.226196 -261.590271 189.804703
v -31.307037 -261.569977 189.804703
v 43.226166 -261.590271 196.938522
v -31.307068 -261.569977 196.938522
v -33.893250 -261.569977 189.804703
v -33.893280 -261.569977 196.938522
v -32.529938 -267.358490 192.272293
v -32.529938 -256.435089 192.648605
v -32.529938 -267.358490 194.470901
v -32.529938 -256.435089 194.094620
v -40.998230 -267.426575 192.272293
v -40.998230 -256.503174 192.648605
v -40.998230 -267.426575 194.470901
v -40.998230 -256.503174 194.094620
v -32.529938 -261.590271 192.075729
v -32.529938 -261.590271 194.667526
v -40.998230 -261.658386 192.075729
v -40.998230 -261.658386 194.667526
v -33.702942 -261.599091 193.371597
v -33.702972 -261.599060 203.455124
v -33.702972 -268.819092 202.104202
v -33.702972 -274.104492 198.413406
v -33.702942 -276.039093 193.371597
v -33.702942 -274.104492 188.329819
v -33.702942 -268.819092 184.639023
v -33.702942 -261.599091 183.288132
v -33.702942 -254.379074 184.639023
v -33.702942 -249.093674 188.329819
v -33.702942 -247.159073 193.371597
v -33.702972 -249.093658 198.413315
v -33.702972 -254.379074 202.104202
v -35.608856 -261.599060 203.455124
v -35.608887 -268.819092 202.104202
v -35.608856 -274.104492 198.413406
v -35.608826 -276.039093 193.371597
v -35.608826 -274.104492 188.329819
v -35.608856 -268.819092 184.639023
v -35.608826 -261.599091 183.288132
v -35.608856 -254.379074 184.639023
v -35.608826 -249.093674 188.329819
v -35.608826 -247.159073 193.371597
v -35.608856 -249.093674 198.413315
v -35.608887 -254.379074 202.104202
v -35.608826 -261.599091 193.371597
v -317.111206 -296.498322 215.940048
v -315.632050 -290.710571 223.348160
v -316.156464 -296.535858 215.840988
v -316.695770 -293.591705 219.677750
v -315.570068 -293.635895 219.560989
v -311.778015 -506.778351 346.982666
v -310.295288 -499.675415 353.927094
v -310.823273 -506.815826 346.883636
v -311.367493 -500.245178 349.299744
v -310.241791 -500.289398 349.182983
v -311.223236 -512.058655 349.671783
v -310.713928 -506.817474 352.596405
v -312.544250 -453.314301 319.349426
v -311.036896 -448.508636 327.401428
v -311.589508 -453.351807 319.250366
v -312.114746 -450.898773 323.408905
v -310.989075 -450.943024 323.292114
v -313.568665 -404.498383 290.988007
v -312.067841 -399.381073 298.858887
v -312.613922 -404.535919 290.888977
v -313.142426 -401.926971 294.957001
v -312.016724 -401.971222 294.840210
v -314.988251 -353.875153 258.132843
v -313.496490 -348.434723 265.793884
v -314.033508 -353.912689 258.033783
v -314.566528 -351.142181 261.997009
v -313.440826 -351.186371 261.880219
v -319.268005 -292.999115 211.139236
v -317.936798 -285.283173 221.049271
v -321.548340 -233.304260 166.551529
v -320.374207 -226.498688 175.292282
v -317.044769 -233.481186 166.084305
v -315.870605 -226.675629 174.825058
v -314.764435 -293.176056 210.672012
v -313.433228 -285.460114 220.582077
v -319.184326 -295.044098 212.720200
v -317.853119 -287.328156 222.630264
v -314.680756 -295.221039 212.253006
v -313.349548 -287.505066 222.163040
v -322.254639 -229.850662 171.056076
v -319.841125 -288.773651 216.635178
v -315.164337 -230.129211 170.320511
v -312.750824 -289.052185 215.899612
v -319.757446 -290.818604 218.216171
v -312.667145 -291.097168 217.480606
v -317.959137 -293.373291 212.586441
v -316.433777 -286.714630 221.118607
v -315.773926 -293.459137 212.359726
v -314.996613 -286.771088 220.969498
v -317.692322 -300.110992 217.709793
v -316.166992 -293.452332 226.241928
v -315.507141 -300.196869 217.483078
v -314.729797 -293.508820 226.092850
v -317.546539 -289.841705 217.132675
v -314.970551 -289.942902 216.865433
v -317.279755 -296.579407 222.256027
v -314.703766 -296.680603 221.988785
v -316.221527 -290.825195 217.709213
v -306.199493 -291.218933 216.669540
v -308.303162 -295.577057 211.143692
v -312.528534 -298.661896 207.377090
v -317.743530 -299.646912 206.378983
v -322.550659 -298.268158 208.416794
v -325.661896 -294.895050 212.944504
v -326.243561 -290.431458 218.748917
v -324.139893 -286.073334 224.274765
v -319.914520 -282.988495 228.041336
v -314.699554 -282.003479 229.039474
v -309.892487 -283.382233 227.001663
v -306.781189 -286.755310 222.473953
v -306.137848 -292.725983 217.834641
v -308.241486 -297.084076 212.308792
v -312.466888 -300.168945 208.542191
v -317.681854 -301.153961 207.544083
v -322.489014 -299.775208 209.581894
v -325.600220 -296.402100 214.109604
v -326.181885 -291.938507 219.914017
v -324.078247 -287.580383 225.439865
v -319.852844 -284.495544 229.206436
v -314.637878 -283.510498 230.204575
v -309.830841 -284.889252 228.166763
v -306.719513 -288.262360 223.639053
v -316.159882 -292.332245 218.874313
v -319.016449 -292.792175 -226.818497
v -320.707916 -285.972443 -233.236923
v -319.967957 -292.848114 -226.699051
v -319.539124 -289.363281 -230.068283
v -320.661011 -289.429230 -229.927475
v -328.113892 -481.240967 -387.512573
v -329.795593 -473.189758 -393.276672
v -329.065399 -481.296875 -387.393127
v -328.590820 -474.437469 -388.818176
v -329.712708 -474.503387 -388.677338
v -328.745728 -486.064392 -390.941223
v -329.338867 -480.448486 -393.036957
v -326.553711 -432.483795 -352.257874
v -328.291870 -426.539459 -359.458191
v -327.505219 -432.539764 -352.138428
v -327.099701 -429.492706 -355.898499
v -328.221588 -429.558624 -355.757629
v -324.714569 -388.430237 -316.983093
v -326.440979 -382.204620 -323.958160
v -325.666077 -388.486176 -316.863647
v -325.254700 -385.298431 -320.511108
v -326.376587 -385.364380 -320.370270
v -322.351227 -343.256775 -277.008545
v -324.062561 -336.742889 -283.728363
v -323.302734 -343.312714 -276.889099
v -322.883850 -339.980804 -280.408997
v -324.005707 -340.046722 -280.268188
v -316.722534 -290.037476 -221.613327
v -318.338043 -280.937927 -230.221786
v -313.161591 -237.636520 -168.715286
v -314.586487 -229.610626 -176.308029
v -317.649872 -237.900314 -168.151810
v -319.074768 -229.874420 -175.744553
v -321.210815 -290.301270 -221.049881
v -322.826324 -281.201721 -229.658340
v -316.851624 -291.824646 -223.478226
v -318.467102 -282.725098 -232.086685
v -321.339905 -292.088440 -222.914780
v -322.955383 -282.988892 -231.523239
v -312.585052 -233.547821 -172.673447
v -316.307617 -285.038452 -226.432724
v -319.651306 -233.963135 -171.786392
v -323.373840 -285.453766 -225.545639
v -316.436707 -286.825623 -228.297592
v -323.502930 -287.240936 -227.410538
v -318.072479 -290.197632 -223.062332
v -319.842407 -282.349548 -230.460800
v -320.250244 -290.325623 -222.788925
v -321.274719 -282.433716 -230.280991
v -318.486420 -296.098602 -229.122360
v -320.256378 -288.250519 -236.520798
v -320.664185 -296.226593 -228.848953
v -321.688660 -288.334686 -236.340988
v -318.615540 -286.030365 -227.018295
v -321.182800 -286.181244 -226.696030
v -319.029480 -291.931335 -233.078323
v -321.596741 -292.082214 -232.756027
v -319.956604 -286.922729 -227.697006
v -329.944580 -287.509766 -226.443130
v -327.682983 -292.632904 -221.690048
v -323.351074 -296.226044 -218.546524
v -318.109589 -297.326324 -217.854904
v -313.362976 -295.639008 -219.800430
v -310.383179 -291.616150 -223.861832
v -309.968597 -286.335724 -228.950882
v -312.230194 -281.212555 -233.703964
v -316.562103 -277.619446 -236.847488
v -321.803619 -276.519135 -237.539108
v -326.550110 -278.206482 -235.593582
v -329.529999 -282.229340 -231.532181
v -330.039734 -288.826813 -227.817459
v -327.778107 -293.949982 -223.064377
v -323.446198 -297.543060 -219.920883
v -318.204712 -298.643372 -219.229202
v -313.458099 -296.956055 -221.174759
v -310.478302 -292.933197 -225.236191
v -310.063721 -287.652740 -230.325211
v -312.325317 -282.529602 -235.078293
v -316.657227 -278.936493 -238.221786
v -321.898743 -277.836182 -238.913467
v -326.645233 -279.523529 -236.967911
v -329.625122 -283.546356 -232.906509
v -320.051727 -288.239777 -229.071335
v -288.591400 -168.198044 -335.266632
v -289.070312 -158.693542 -335.303070
v -289.549225 -168.198044 -335.339478
v -288.505646 -163.445740 -335.260101
v -289.634979 -163.445740 -335.346008
v -269.885345 -193.279160 -581.110718
v -270.464661 -183.334656 -579.827576
v -270.843201 -193.279160 -581.183533
v -270.083069 -187.426559 -577.378662
v -271.212402 -187.426559 -577.464661
v -269.921417 -194.336563 -586.967407
v -270.098938 -188.786163 -584.634155
v -274.376282 -182.379761 -522.088440
v -274.766357 -172.967056 -523.292664
v -275.334137 -182.379761 -522.161377
v -274.246124 -177.673569 -522.665771
v -275.375458 -177.673569 -522.751709
v -278.622803 -174.918549 -466.278900
v -279.039978 -165.458252 -467.126709
v -279.580627 -174.918549 -466.351807
v -278.506165 -170.188446 -466.678009
v -279.635498 -170.188446 -466.763977
v -283.187103 -169.920837 -406.292419
v -283.633423 -160.428741 -406.757324
v -284.144928 -169.920837 -406.365326
v -283.085052 -165.174744 -406.500061
v -284.214386 -165.174744 -406.585968
v -287.249115 -170.054535 -329.376312
v -287.249115 -157.424530 -329.376312
v -292.903931 -168.811325 -255.057907
v -292.903931 -157.671524 -255.057907
v -297.422058 -168.811325 -255.401688
v -297.422058 -157.671524 -255.401688
v -291.767242 -170.054535 -329.720093
v -291.767242 -157.424530 -329.720093
v -287.052887 -170.054535 -331.955078
v -287.052887 -157.424545 -331.955078
v -291.571045 -170.054535 -332.298828
v -291.571045 -157.424545 -332.298828
v -291.606384 -163.241425 -254.959183
v -285.951569 -163.221146 -329.277557
v -298.719604 -163.241425 -255.500412
v -293.064789 -163.221130 -329.818817
v -285.755341 -163.221130 -331.856323
v -292.868591 -163.221146 -332.397552
v -288.319275 -169.009644 -330.684143
v -288.694489 -158.086243 -330.712708
v -290.511536 -169.009644 -330.850952
v -290.136322 -158.086243 -330.822418
v -287.676788 -169.077744 -339.128052
v -288.052002 -158.154343 -339.156586
v -289.869049 -169.077728 -339.294861
v -289.493835 -158.154343 -339.266296
v -288.123230 -163.241440 -330.669250
v -290.707581 -163.241440 -330.865875
v -287.480743 -163.309540 -339.113129
v -290.065063 -163.309540 -339.309784
v -289.326416 -163.250244 -331.937195
v -299.380859 -163.250244 -332.702240
v -298.033844 -170.470245 -332.599731
v -294.353668 -175.755646 -332.319733
v -289.326416 -177.690247 -331.937195
v -284.299133 -175.755646 -331.554688
v -280.618988 -170.470245 -331.274658
v -279.271973 -163.250244 -331.172150
v -280.618958 -156.030243 -331.274658
v -284.299133 -150.744843 -331.554688
v -289.326416 -148.810242 -331.937195
v -294.353577 -150.744843 -332.319733
v -298.033844 -156.030243 -332.599731
v -299.236237 -163.250244 -334.602631
v -297.889252 -170.470245 -334.500122
v -294.209076 -175.755646 -334.220093
v -289.181793 -177.690247 -333.837585
v -284.154541 -175.755646 -333.455078
v -280.474365 -170.470245 -333.175079
v -279.127380 -163.250244 -333.072571
v -280.474365 -156.030243 -333.175079
v -284.154541 -150.744843 -333.455078
v -289.181793 -148.810242 -333.837585
v -294.208984 -150.744843 -334.220093
v -297.889221 -156.030243 -334.500122
v -289.181793 -163.250244 -333.837585
v -295.577728 -168.197983 351.587738
v -295.098969 -158.693481 351.626373
v -294.620239 -168.197983 351.665009
v -295.663452 -163.445679 351.580841
v -294.534515 -163.445679 351.671936
v -315.414886 -193.279068 597.343140
v -314.829651 -183.334564 596.062805
v -314.457397 -193.279068 597.420410
v -315.199982 -187.426468 593.612122
v -314.071075 -187.426468 593.703308
v -315.405762 -194.336472 603.200012
v -315.217499 -188.786072 600.867554
v -310.652374 -182.379669 538.342285
v -310.267853 -172.966965 539.548218
v -309.694885 -182.379669 538.419556
v -310.785187 -177.673462 538.918945
v -309.656281 -177.673462 539.010071
v -306.149109 -174.918488 482.552765
v -305.735809 -165.458176 483.402466
v -305.191620 -174.918488 482.630066
v -306.267548 -170.188385 482.951324
v -305.138611 -170.188385 483.042450
v -301.308777 -169.920776 422.587921
v -300.864624 -160.428680 423.054840
v -300.351288 -169.920776 422.665222
v -301.411804 -165.174683 422.795105
v -300.282867 -165.174683 422.886200
v -296.892883 -170.054474 345.691315
v -296.892883 -157.424484 345.691315
v -290.896118 -168.811295 271.399750
v -290.896118 -157.671494 271.399750
v -286.379608 -168.811295 271.764313
v -286.379608 -157.671494 271.764313
v -292.376343 -170.054474 346.055878
v -292.376343 -157.424484 346.055878
v -297.100952 -170.054474 348.269104
v -297.100952 -157.424484 348.269104
v -292.584442 -170.054474 348.633698
v -292.584442 -157.424469 348.633698
v -292.193207 -163.241409 271.295044
v -298.189941 -163.221085 345.586578
v -285.082520 -163.241394 271.869019
v -291.079285 -163.221085 346.160553
v -298.398041 -163.221085 348.164429
v -291.287354 -163.221085 348.738373
v -295.828735 -169.009583 347.004089
v -295.453674 -158.086182 347.034332
v -293.637268 -169.009583 347.181000
v -294.012360 -158.086182 347.150696
v -296.510071 -169.077682 355.444916
v -296.135010 -158.154282 355.475220
v -294.318604 -169.077682 355.621826
v -294.693695 -158.154282 355.591553
v -296.024719 -163.241379 346.988251
v -293.441315 -163.241379 347.196777
v -296.706055 -163.309479 355.429108
v -294.122650 -163.309479 355.637634
v -294.827393 -163.250183 348.261719
v -284.776581 -163.250183 349.073029
v -286.123077 -170.470184 348.964325
v -289.801941 -175.755585 348.667389
v -294.827393 -177.690186 348.261719
v -299.852844 -175.755585 347.856079
v -303.531677 -170.470184 347.559143
v -304.878204 -163.250183 347.450439
v -303.531677 -156.030182 347.559143
v -299.852844 -150.744781 347.856079
v -294.827393 -148.810181 348.261719
v -289.802032 -150.744781 348.667358
v -286.123108 -156.030182 348.964325
v -284.929901 -163.250183 350.972717
v -286.276428 -170.470184 350.864044
v -289.955261 -175.755585 350.567078
v -294.980713 -177.690186 350.161438
v -300.006165 -175.755585 349.755768
v -303.685028 -170.470184 349.458832
v -305.031525 -163.250183 349.350128
v -303.685028 -156.030182 349.458832
v -300.006195 -150.744781 349.755768
v -294.980713 -148.810181 350.161438
v -289.955383 -150.744781 350.567078
v -286.276428 -156.030182 350.864044
v -294.980713 -163.250183 350.161438
v -295.577728 -48.466579 260.637939
v -295.098969 -40.020992 256.278015
v -294.620239 -48.430843 260.706451
v -295.663452 -44.255871 258.434662
v -294.534515 -44.213741 258.515472
v -315.414917 42.913185 490.147247
v -314.829712 51.139137 484.414276
v -314.457428 42.948921 490.215790
v -315.200043 46.377815 484.133087
v -314.071106 46.419899 484.213898
v -315.405823 44.683357 495.829376
v -315.217560 48.526619 491.195099
v -310.652405 25.300081 432.791473
v -310.267883 34.203922 429.509033
v -309.694916 25.335802 432.860016
v -310.785248 29.739687 431.127014
v -309.656311 29.781847 431.207825
v -306.149139 6.123000 379.872925
v -305.735840 14.904387 376.252625
v -305.191650 6.158720 379.941467
v -306.267578 10.501493 378.039490
v -305.138641 10.543608 378.120270
v -301.308807 -17.168905 324.390930
v -300.864624 -8.536262 320.416534
v -300.351318 -17.133154 324.459503
v -301.411804 -12.864691 322.380402
v -300.282867 -12.822546 322.461212
v -296.892883 -52.838833 256.267822
v -296.892883 -41.639706 250.428619
v -290.896118 -86.083496 189.818024
v -290.896118 -76.205734 184.667786
v -286.379608 -85.914948 190.141296
v -286.379608 -76.037186 184.991058
v -292.376373 -52.670269 256.591095
v -292.376373 -41.471157 250.751892
v -297.100952 -51.647045 258.553589
v -297.100952 -40.447903 252.714386
v -292.584442 -51.478497 258.876862
v -292.584442 -40.279354 253.037659
v -292.193207 -81.193024 187.150055
v -298.189941 -46.827999 253.015717
v -285.082520 -80.927658 187.659027
v -291.079285 -46.562634 253.524658
v -298.398041 -45.636211 255.301483
v -291.287354 -45.370861 255.810425
v -295.828735 -51.305386 256.948792
v -295.453674 -41.605511 251.925446
v -293.637268 -51.223598 257.105652
v -294.012360 -41.551708 252.028595
v -296.510071 -47.463329 264.464844
v -296.135010 -37.763454 259.441498
v -294.318604 -47.381542 264.621704
v -294.693695 -37.709667 259.544647
v -296.024719 -46.197979 254.267975
v -293.441315 -46.101574 254.452850
v -296.706055 -42.355923 261.784027
v -294.122650 -42.259518 261.968933
v -294.827393 -45.617031 255.401215
v -284.776581 -45.241955 256.120605
v -286.123108 -51.694241 259.362213
v -289.801941 -56.518124 261.542480
v -294.827393 -58.421108 262.077240
v -299.852844 -56.893230 260.823120
v -303.531677 -52.343899 258.116211
v -304.878204 -45.992107 254.681854
v -303.531677 -39.539822 251.440216
v -299.852844 -34.715908 249.259949
v -294.827393 -32.812954 248.725220
v -289.802032 -34.340832 249.979309
v -286.123108 -38.890148 252.686218
v -284.929932 -44.363659 257.805115
v -286.276428 -50.815960 261.046722
v -289.955292 -55.639828 263.226990
v -294.980743 -57.542812 263.761719
v -300.006195 -56.014935 262.507629
v -303.685028 -51.465603 259.800720
v -305.031555 -45.113811 256.366333
v -303.685028 -38.661526 253.124695
v -300.006195 -33.837627 250.944427
v -294.980743 -31.934658 250.409698
v -289.955383 -33.462536 251.663818
v -286.276428 -38.011852 254.370728
v -294.980743 -44.738735 257.085724
v -288.591370 -51.161907 -333.231995
v -289.070312 -42.266277 -329.884644
v -289.549225 -51.135967 -333.300110
v -288.505615 -46.722851 -331.535156
v -289.634979 -46.692272 -331.615509
v -269.885345 12.861621 -571.914551
v -270.464661 21.699024 -567.177490
v -270.843201 12.887530 -571.982605
v -270.083069 17.003590 -566.344543
v -271.212402 17.034153 -566.424866
v -269.921417 13.957033 -577.764221
v -270.098938 18.314196 -573.609009
v -274.376282 2.049674 -512.876282
v -274.766357 11.274925 -510.652893
v -275.334106 2.075599 -512.944336
v -274.246124 6.653327 -511.741425
v -275.375458 6.683907 -511.821808
v -278.622803 -10.832615 -458.063629
v -279.039978 -1.689640 -455.490295
v -279.580627 -10.806690 -458.131714
v -278.506165 -6.270009 -456.753784
v -279.635498 -6.239429 -456.834137
v -283.187103 -27.503220 -400.223755
v -283.633423 -18.466751 -397.281250
v -284.144928 -27.477280 -400.291870
v -283.085052 -22.993759 -398.729340
v -284.214386 -22.963181 -398.809631
v -287.249115 -54.992531 -328.387543
v -287.249115 -43.188850 -323.894196
v -292.903931 -80.270836 -258.489197
v -292.903931 -69.859871 -254.526031
v -297.422058 -80.148521 -258.810516
v -297.422058 -69.737541 -254.847321
v -291.767242 -54.870220 -328.708832
v -291.767242 -43.066551 -324.215454
v -287.052887 -54.075085 -330.797577
v -287.052887 -42.271431 -326.304230
v -291.571045 -53.952801 -331.118835
v -291.571045 -42.149101 -326.625488
v -291.606384 -75.100471 -256.415344
v -285.951569 -48.641335 -325.864166
v -298.719604 -74.907921 -256.921173
v -293.064789 -48.448769 -326.369995
v -285.755341 -47.723900 -328.274200
v -292.868591 -47.531353 -328.779999
v -288.319275 -53.550701 -329.238068
v -288.694489 -43.331810 -325.378571
v -290.511536 -53.491329 -329.393982
v -290.136322 -43.292778 -325.481079
v -287.676788 -50.610271 -337.153748
v -288.052002 -40.391384 -333.294220
v -289.869049 -50.550915 -337.309662
v -289.493835 -40.352367 -333.396759
v -288.123230 -48.165199 -327.171997
v -290.707550 -48.095238 -327.355774
v -287.480743 -45.224758 -335.087677
v -290.065063 -45.154812 -335.271454
v -289.326416 -47.722328 -328.360107
v -299.380829 -47.450146 -329.075104
v -298.033844 -54.234234 -331.547974
v -294.353668 -59.273464 -333.166656
v -289.326416 -61.217587 -333.497437
v -284.299133 -59.545635 -332.451660
v -280.618958 -54.705669 -330.309570
v -279.271973 -47.994484 -327.645142
v -280.618958 -41.210396 -325.172272
v -284.299133 -36.171181 -323.553619
v -289.326385 -34.227058 -323.222839
v -294.353577 -35.899010 -324.268585
v -298.033844 -40.738960 -326.410645
v -299.236237 -46.774059 -330.851196
v -297.889221 -53.558132 -333.324036
v -294.209076 -58.597347 -334.942719
v -289.181793 -60.541470 -335.273499
v -284.154541 -58.869534 -334.227722
v -280.474365 -54.029568 -332.085632
v -279.127350 -47.318386 -329.421234
v -280.474365 -40.534309 -326.948334
v -284.154541 -35.495079 -325.329651
v -289.181793 -33.550957 -324.998871
v -294.208984 -35.222908 -326.044647
v -297.889221 -40.062874 -328.186737
v -289.181793 -47.046215 -330.136200
v 138.271271 -118.707710 -198.511459
v 164.130646 -119.416061 -214.381393
v 189.989960 -119.052658 -198.499832
v 164.130615 -118.344292 -182.629929
v 135.739716 -51.700577 -200.773315
v 156.425842 -35.024887 -215.021332
v 177.111938 -17.426544 -201.930267
v 156.425812 -34.102036 -187.682251
v 123.954315 18.276535 -203.135406
v 133.359314 36.754944 -211.825012
v 142.764252 55.777267 -204.401245
v 133.359283 37.298843 -195.711639
v 98.442627 84.992111 -205.387360
v 90.001892 66.295517 -204.756256
v 92.847595 78.030777 -205.152374
v 138.271271 -118.707710 -198.511459
v 164.130646 -119.416061 -214.381393
v 189.989960 -119.052658 -198.499832
v 164.130615 -118.344292 -182.629929
v 134.845215 -185.675095 -196.250961
v 155.300568 -203.548019 -209.332779
v 175.756012 -220.497910 -195.075546
v 155.300568 -202.625183 -181.993729
v 122.126312 -255.488770 -193.894394
v 131.280090 -274.634857 -201.313980
v 140.433838 -293.237030 -192.620193
v 131.280090 -274.090942 -185.200638
v 95.726013 -321.858124 -191.654053
v 87.535675 -303.050598 -192.288925
v 90.224487 -314.822754 -191.891541
v 134.845215 -185.675095 -196.250961
v 155.300568 -203.548019 -209.332779
v 175.756012 -220.497910 -195.075546
v 155.300568 -202.625183 -181.993729
v 122.126312 -255.488770 -193.894394
v 131.280090 -274.634857 -201.313980
v 140.433838 -293.237030 -192.620193
v 131.280090 -274.090942 -185.200638
v 95.726013 -321.858124 -191.654053
v 87.535675 -303.050598 -192.288925
v 90.224487 -314.822754 -191.891541
v 135.739716 -51.700577 -200.773315
v 156.425842 -35.024887 -215.021332
v 177.111938 -17.426544 -201.930267
v 156.425812 -34.102036 -187.682251
v 123.954315 18.276535 -203.135406
v 133.359314 36.754944 -211.825012
v 142.764252 55.777267 -204.401245
v 133.359283 37.298843 -195.711639
v 98.442627 84.992111 -205.387360
v 90.001892 66.295517 -204.756256
v 92.847595 78.030777 -205.152374
v 138.271301 -118.707680 183.727219
v 164.130646 -119.416039 167.857285
v 189.989990 -119.052628 183.738846
v 164.130615 -118.344261 199.608749
v 135.739777 -51.700546 181.465363
v 156.425842 -35.024860 167.217346
v 177.111969 -17.426516 180.308411
v 156.425842 -34.102005 194.556427
v 123.954346 18.276564 179.103302
v 133.359314 36.754971 170.413696
v 142.764282 55.777298 177.837433
v 133.359314 37.298874 186.527039
v 98.442657 84.992142 176.851318
v 90.001892 66.295547 177.482422
v 92.847626 78.030807 177.086304
v 138.271301 -118.707680 183.727219
v 164.130646 -119.416039 167.857285
v 189.989990 -119.052628 183.738846
v 164.130615 -118.344261 199.608749
v 134.845245 -185.675064 185.987717
v 155.300568 -203.548004 172.905899
v 175.756042 -220.497879 187.163162
v 155.300568 -202.625153 200.244980
v 122.126343 -255.488739 188.344284
v 131.280121 -274.634857 180.924728
v 140.433868 -293.237030 189.618484
v 131.280090 -274.090942 197.038071
v 95.726044 -321.858124 190.584625
v 87.535736 -303.050598 189.949753
v 90.224518 -314.822754 190.347137
v 134.845245 -185.675064 185.987717
v 155.300568 -203.548004 172.905899
v 175.756042 -220.497879 187.163162
v 155.300568 -202.625153 200.244980
v 122.126343 -255.488739 188.344284
v 131.280121 -274.634857 180.924728
v 140.433868 -293.237030 189.618484
v 131.280090 -274.090942 197.038071
v 95.726044 -321.858124 190.584625
v 87.535736 -303.050598 189.949753
v 90.224518 -314.822754 190.347137
v 135.739777 -51.700546 181.465363
v 156.425842 -35.024860 167.217346
v 177.111969 -17.426516 180.308411
v 156.425842 -34.102005 194.556427
v 123.954346 18.276564 179.103302
v 133.359314 36.754971 170.413696
v 142.764282 55.777298 177.837433
v 133.359314 37.298874 186.527039
v 98.442657 84.992142 176.851318
v 90.001892 66.295547 177.482422
v 92.847626 78.030807 177.086304
v -80.578293 -418.168793 -520.808228
v -79.978737 -411.795013 -510.960052
v -79.843414 -380.913177 -492.365967
v -80.181160 -376.408356 -493.412506
v -79.012299 -358.270538 -471.037079
v -79.282944 -343.992981 -465.944092
v -79.529305 -342.651123 -467.788361
v -79.877609 -356.520660 -479.162598
v -79.919556 -333.323151 -466.705170
v -79.163376 -357.607788 -472.257111
v -78.074249 -326.997314 -443.785004
v -78.258514 -325.140991 -444.690308
v -79.491112 -382.415009 -489.496735
v -79.785614 -335.200592 -466.340668
v -86.409348 -417.966461 -521.120544
v -85.809792 -411.592651 -511.272430
v -85.674469 -380.710785 -492.678314
v -86.012215 -376.205994 -493.724854
v -84.843353 -358.068146 -471.349426
v -85.113998 -343.790619 -466.256439
v -85.360359 -342.448761 -468.100708
v -85.708664 -356.318298 -479.474945
v -85.750618 -333.120789 -467.017487
v -84.994431 -357.405426 -472.569458
v -83.905312 -326.794952 -444.097351
v -84.089577 -324.938629 -445.002655
v -85.322166 -382.212677 -489.809113
v -85.616669 -334.998199 -466.653015
v -80.699303 -386.661987 -495.958527
v -80.925095 -385.719910 -497.808868
v -79.010674 -325.691864 -444.301971
v -82.419594 -333.212708 -462.487396
v -82.165283 -324.471649 -454.953156
v -78.774002 -318.701935 -437.926758
v -79.066811 -314.448456 -438.640533
v -82.132706 -315.291046 -449.505859
v -79.173180 -307.385254 -435.831635
v -82.247711 -308.379272 -446.872009
v -79.114243 -300.525452 -431.397614
v -81.580864 -300.231323 -444.558594
v -79.688423 -294.053558 -433.838287
v -78.873375 -294.714600 -425.633942
v -79.327034 -288.675873 -427.048218
v -78.493942 -288.747772 -418.326660
v -79.104637 -282.501526 -421.274811
v -78.514633 -281.077789 -414.279480
v -79.073532 -274.380890 -416.432434
v -78.930969 -273.223633 -414.289948
v -78.407761 -275.190918 -409.882507
v -78.108414 -272.028534 -404.976501
v -78.618576 -263.877441 -405.808502
v -78.158112 -266.237549 -402.279114
v -78.296013 -251.101334 -395.312927
v -77.913620 -252.575623 -392.111969
v -77.506966 -219.408325 -369.394104
v -77.175835 -221.181763 -366.898438
v -76.247818 -178.181061 -333.230957
v -76.059601 -180.413879 -332.493469
v -74.736061 -135.316040 -293.501099
v -74.589622 -139.894379 -294.507050
v -81.554588 -335.233307 -467.102295
v -80.053185 -307.649384 -445.231384
v -79.922516 -314.413361 -447.618469
v -79.849167 -323.701141 -452.011505
v -79.713577 -326.990173 -452.414642
v -80.017258 -335.333099 -460.246643
v -79.915657 -345.130432 -464.625977
v -80.313438 -347.831696 -470.310516
v -80.182289 -341.023804 -465.146088
v -80.585739 -348.493042 -473.541351
v -80.229233 -337.011536 -463.408722
v -80.305450 -344.250488 -468.235199
v -84.882492 -386.516815 -496.182587
v -85.108292 -385.574738 -498.032959
v -83.193871 -325.546692 -444.526031
v -82.957184 -318.556763 -438.150848
v -83.250000 -314.303284 -438.864624
v -83.356369 -307.240051 -436.055695
v -83.297432 -300.380280 -431.621674
v -83.348526 -300.169983 -444.653290
v -83.871979 -293.908386 -434.062408
v -83.056564 -294.569397 -425.858032
v -83.510582 -288.530701 -427.272308
v -82.677132 -288.602600 -418.550751
v -83.287827 -282.356354 -421.498901
v -82.697823 -280.932617 -414.503571
v -83.256721 -274.235687 -416.656525
v -83.114159 -273.078430 -414.514038
v -82.590950 -275.045746 -410.106567
v -82.291595 -271.883362 -405.200592
v -82.801765 -263.732269 -406.032562
v -82.341301 -266.092377 -402.503204
v -82.479202 -250.956146 -395.536987
v -82.096817 -252.430450 -392.336060
v -81.690155 -219.263153 -369.618195
v -81.359024 -221.036591 -367.122528
v -80.431007 -178.035904 -333.455048
v -80.242790 -180.268707 -332.717529
v -78.919250 -135.170883 -293.725220
v -78.772812 -139.749176 -294.731140
v -83.965401 -335.149628 -467.231415
v -84.236374 -307.504211 -445.455475
v -84.105705 -314.268188 -447.842560
v -84.032356 -323.555969 -452.235565
v -83.896767 -326.845001 -452.638733
v -84.200447 -335.187927 -460.470734
v -84.098846 -344.985260 -464.850067
v -84.496628 -347.686523 -470.534607
v -84.365479 -340.878632 -465.370178
v -84.768929 -348.347839 -473.765411
v -84.412415 -336.866364 -463.632782
v -84.488640 -344.105286 -468.459290
v -82.436600 -300.316437 -444.374908
v -82.611748 -289.194794 -440.032562
v -81.741142 -294.408173 -433.777191
v -81.980728 -292.716888 -441.064514
v -79.905510 -289.348175 -433.837158
v -81.385445 -288.741821 -426.886536
v -81.119164 -282.761475 -420.761383
v -81.114830 -274.788361 -416.282593
v -80.967735 -273.584442 -414.066467
v -80.651245 -264.359467 -405.609283
v -80.312996 -251.304718 -394.793915
v -82.339920 -287.319153 -436.131439
v -79.695992 -285.101562 -429.272858
v -81.979393 -279.826477 -428.174500
v -79.559479 -280.583069 -425.325043
v -82.010742 -275.269714 -425.970459
v -79.566490 -275.227966 -422.421173
v -81.652191 -269.095825 -418.767517
v -79.318306 -270.055389 -416.935516
v -81.418846 -259.399017 -410.922211
v -79.091309 -260.782806 -409.392822
v -78.755119 -247.712570 -398.590515
v -81.087303 -246.359985 -400.186035
v -80.010406 -206.897400 -366.920441
v -77.803444 -212.141953 -368.805573
v -79.536865 -219.702606 -369.061462
v -78.288437 -178.614929 -333.088623
v -76.426941 -174.054886 -333.154633
v -75.045486 -133.541565 -296.102448
v -74.457504 -122.332268 -283.687256
v -73.861000 -116.336525 -274.081360
v -78.419090 -155.465698 -321.590698
v -77.521240 -130.123138 -298.058899
v -76.650017 -107.033836 -276.059937
v -74.177040 -110.204933 -273.995148
v -73.734589 -101.468620 -264.485199
v -73.332809 -103.122581 -261.180359
v -73.334778 -96.744743 -257.654724
v -73.025955 -96.909431 -254.499130
v -76.198380 -97.065910 -265.768677
v -75.850174 -91.738579 -259.145233
v -75.319443 -87.166641 -251.022583
v -74.577843 -87.305557 -243.302170
v -76.827408 -137.295624 -294.751617
v -82.107803 -284.462311 -432.102295
v -74.549019 -119.359215 -282.996399
v -77.326294 -196.240448 -354.946838
v -78.956772 -200.638092 -352.361542
v -77.070206 -194.897797 -351.507629
v -77.160355 -190.694901 -350.118500
v -76.884285 -188.694595 -346.103546
v -76.936279 -183.315384 -343.659180
v -76.653610 -181.263397 -339.546112
v -76.686180 -175.928574 -336.922180
v -74.100555 -117.686180 -277.350708
v -79.377319 -185.309814 -348.260406
v -83.074127 -292.678925 -441.123077
v -84.152763 -289.200775 -434.064667
v -83.943237 -284.954163 -429.500366
v -83.806732 -280.435669 -425.552551
v -83.813744 -275.080566 -422.648682
v -83.565559 -269.907990 -417.162994
v -83.338554 -260.635406 -409.620331
v -83.002373 -247.565155 -398.818024
v -82.050690 -211.994537 -369.033051
v -80.674194 -173.907486 -333.382141
v -79.292740 -133.394180 -296.329956
v -78.704758 -122.184883 -283.914764
v -78.108246 -116.189171 -274.308899
v -78.424294 -110.057549 -274.222656
v -77.981834 -101.321220 -264.712708
v -77.580063 -102.975212 -261.407898
v -77.582031 -96.597328 -257.882233
v -77.273209 -96.762032 -254.726669
v -78.796272 -119.211830 -283.223938
v -81.573547 -196.093048 -355.174347
v -81.317459 -194.750381 -351.735107
v -81.407600 -190.547501 -350.346008
v -81.131538 -188.547180 -346.331055
v -81.183525 -183.167969 -343.886719
v -80.900864 -181.115982 -339.773621
v -80.933426 -175.781158 -337.149689
v -78.347809 -117.538780 -277.578247
v -79.917885 -455.637115 -553.655212
v -79.318329 -449.263336 -543.807007
v -79.183006 -418.381500 -525.212952
v -79.520760 -413.876678 -526.259460
v -78.351891 -395.738800 -503.884064
v -78.622536 -381.461273 -498.791077
v -78.868896 -380.119415 -500.635345
v -79.217209 -393.988983 -512.009583
v -79.259155 -370.791473 -499.552155
v -78.502968 -395.076111 -505.104095
v -77.413849 -364.465607 -476.631989
v -77.598114 -362.609283 -477.537292
v -78.830704 -419.883331 -522.343689
v -79.125206 -372.668884 -499.187653
v -85.748940 -455.434723 -553.967590
v -85.149384 -449.060944 -544.119385
v -85.014061 -418.179108 -525.525269
v -85.351814 -413.674286 -526.571777
v -84.182945 -395.536469 -504.196411
v -84.453598 -381.258911 -499.103424
v -84.699951 -379.917053 -500.947693
v -85.048264 -393.786591 -512.321960
v -85.090210 -370.589081 -499.864502
v -84.334023 -394.873749 -505.416443
v -83.244904 -364.263245 -476.944336
v -83.429169 -362.406921 -477.849640
v -84.661766 -419.680969 -522.656067
v -84.956268 -372.466492 -499.500031
v -80.038895 -424.130280 -528.805481
v -80.264694 -423.188202 -530.655823
v -78.350273 -363.160156 -477.148956
v -81.759186 -370.681000 -495.334381
v -81.504883 -361.939972 -487.800140
v -78.113594 -356.170227 -470.773743
v -78.406410 -351.916748 -471.487518
v -81.472298 -352.759338 -482.352844
v -78.512779 -344.853546 -468.678619
v -81.587311 -345.847565 -479.718994
v -78.453835 -337.993744 -464.244598
v -80.920456 -337.699615 -477.405579
v -79.028015 -331.521881 -466.685303
v -78.212967 -332.182892 -458.480927
v -78.666626 -326.144196 -459.895203
v -77.833542 -326.216064 -451.173645
v -78.444229 -319.969849 -454.121796
v -77.854233 -318.546082 -447.126465
v -78.413132 -311.849182 -449.279419
v -78.270569 -310.691925 -447.136932
v -77.747360 -312.659210 -442.729462
v -77.448006 -309.496826 -437.823486
v -77.958176 -301.345734 -438.655487
v -77.497704 -303.705872 -435.126129
v -77.635605 -288.569641 -428.159912
v -77.253220 -290.043915 -424.958954
v -76.846565 -256.876617 -402.241089
v -76.515427 -258.650085 -399.745453
v -75.587410 -215.649384 -366.077911
v -75.399200 -217.882202 -365.340424
v -74.075661 -172.784363 -326.348114
v -73.929214 -177.362671 -327.354004
v -80.894180 -372.701599 -499.949280
v -79.392776 -345.117676 -478.078400
v -79.262115 -351.881683 -480.465485
v -79.188759 -361.169464 -484.858490
v -79.053177 -364.458466 -485.261627
v -79.356850 -372.801392 -493.093628
v -79.255249 -382.598724 -497.472961
v -79.653038 -385.299988 -503.157501
v -79.521881 -378.492096 -497.993073
v -79.925331 -385.961334 -506.388336
v -79.568825 -374.479828 -496.255707
v -79.645042 -381.718781 -501.082184
v -84.222084 -423.985107 -529.029541
v -84.447884 -423.043060 -530.879944
v -82.533463 -363.014984 -477.373016
v -82.296783 -356.025055 -470.997833
v -82.589600 -351.771576 -471.711609
v -82.695969 -344.708374 -468.902710
v -82.637024 -337.848572 -464.468658
v -82.688126 -337.638275 -477.500275
v -83.211571 -331.376678 -466.909393
v -82.396156 -332.037720 -458.705017
v -82.850174 -325.998993 -460.119293
v -82.016731 -326.070892 -451.397736
v -82.627419 -319.824677 -454.345886
v -82.037422 -318.400909 -447.350555
v -82.596321 -311.704010 -449.503510
v -82.453751 -310.546753 -447.361023
v -81.930550 -312.514038 -442.953552
v -81.631195 -309.351654 -438.047577
v -82.141365 -301.200562 -438.879578
v -81.680893 -303.560699 -435.350189
v -81.818794 -288.424469 -428.383972
v -81.436409 -289.898743 -425.183044
v -81.029755 -256.731445 -402.465149
v -80.698624 -258.504883 -399.969513
v -79.770599 -215.504181 -366.301971
v -79.582382 -217.737000 -365.564484
v -78.258850 -172.639191 -326.572205
v -78.112411 -177.217499 -327.578094
v -83.305000 -372.617950 -500.078400
v -83.575966 -344.972504 -478.302460
v -83.445297 -351.736481 -480.689545
v -83.371948 -361.024261 -485.082550
v -83.236366 -364.313293 -485.485718
v -83.540039 -372.656219 -493.317719
v -83.438438 -382.453552 -497.697052
v -83.836227 -385.154816 -503.381592
v -83.705070 -378.346924 -498.217163
v -84.108521 -385.816132 -506.612396
v -83.752014 -374.334656 -496.479767
v -83.828232 -381.573608 -501.306274
v -81.776192 -337.784729 -477.221893
v -81.951340 -326.663116 -472.879578
v -81.080734 -331.876495 -466.624176
v -81.320328 -330.185181 -473.911499
v -79.245110 -326.816467 -466.684143
v -80.725044 -326.210144 -459.733551
v -80.458755 -320.229797 -453.608368
v -80.454430 -312.256653 -449.129578
v -80.307327 -311.052765 -446.913452
v -79.990837 -301.827759 -438.456268
v -79.652596 -288.773010 -427.640900
v -81.679512 -324.787445 -468.978455
v -79.035583 -322.569885 -462.119843
v -81.318985 -317.294800 -461.021484
v -78.899071 -318.051361 -458.172028
v -81.350342 -312.738007 -458.817444
v -78.906082 -312.696259 -455.268158
v -80.991791 -306.564117 -451.614502
v -78.657906 -307.523682 -449.782501
v -80.758438 -296.867310 -443.769196
v -78.430901 -298.251129 -442.239807
v -78.094719 -285.180847 -431.437500
v -80.426895 -283.828278 -433.033051
v -79.349998 -244.365707 -399.767426
v -77.143036 -249.610260 -401.652557
v -78.876465 -257.170898 -401.908417
v -77.628029 -216.083252 -365.935577
v -75.766541 -211.523163 -366.001556
v -74.385086 -171.009888 -328.949432
v -73.797096 -159.800568 -316.534241
v -73.200592 -153.804840 -306.928375
v -77.758682 -192.933990 -354.437714
v -76.860832 -167.591461 -330.905884
v -75.989616 -144.502151 -308.906921
v -73.516640 -147.673248 -306.842133
v -73.074181 -138.936905 -297.332184
v -72.672409 -140.590866 -294.027344
v -72.674377 -134.213013 -290.501709
v -72.365555 -134.377670 -287.346100
v -75.537979 -134.534164 -298.615662
v -75.189774 -129.206818 -291.992157
v -74.659035 -124.634972 -283.869598
v -73.917435 -124.773888 -276.149170
v -76.167000 -174.763901 -327.598572
v -81.447395 -321.930603 -464.949310
v -73.888611 -156.827545 -315.843384
v -76.665894 -233.708771 -387.793793
v -78.296371 -238.106400 -385.208496
v -76.409805 -232.366089 -384.354553
v -76.499947 -228.163193 -382.965424
v -76.223877 -226.162888 -378.950470
v -76.275871 -220.783676 -376.506134
v -75.993210 -218.731689 -372.393097
v -76.025772 -213.396881 -369.769135
v -73.440155 -155.154480 -310.197693
v -78.716911 -222.778091 -381.107361
v -82.413719 -330.147217 -473.970062
v -83.492355 -326.669067 -466.911652
v -83.282837 -322.422485 -462.347351
v -83.146324 -317.903961 -458.399536
v -83.153336 -312.548859 -455.495667
v -82.905151 -307.376282 -450.010010
v -82.678154 -298.103729 -442.467316
v -82.341965 -285.033447 -431.665009
v -81.390289 -249.462860 -401.880066
v -80.013786 -211.375763 -366.229065
v -78.632339 -170.862457 -329.176941
v -78.044350 -159.653183 -316.761749
v -77.447845 -153.657440 -307.155884
v -77.763893 -147.525848 -307.069641
v -77.321434 -138.789490 -297.559692
v -76.919662 -140.443451 -294.254822
v -76.921623 -134.065598 -290.729187
v -76.612801 -134.230255 -287.573608
v -78.135864 -156.680130 -316.070923
v -80.913139 -233.561340 -388.021301
v -80.657051 -232.218674 -384.582062
v -80.747200 -228.015793 -383.192963
v -80.471130 -226.015472 -379.177979
v -80.523125 -220.636276 -376.733673
v -80.240463 -218.584290 -372.620575
v -80.273026 -213.249466 -369.996674
v -77.687401 -155.007080 -310.425232
v -80.578293 -568.864014 -462.256866
v -79.978737 -562.490234 -452.408722
v -79.843414 -531.608337 -433.814606
v -80.181160 -527.103577 -434.861115
v -79.012299 -508.965668 -412.485718
v -79.282944 -494.688141 -407.392731
v -79.529305 -493.346283 -409.237000
v -79.877609 -507.215820 -420.611237
v -79.919556 -484.018341 -408.153809
v -79.163376 -508.302948 -413.705719
v -78.074249 -477.692474 -385.233612
v -78.258514 -475.836151 -386.138947
v -79.491112 -533.110229 -430.945374
v -79.785614 -485.895752 -407.789307
v -86.409348 -568.661621 -462.569244
v -85.809792 -562.287842 -452.721039
v -85.674469 -531.406006 -434.126953
v -86.012215 -526.901184 -435.173492
v -84.843353 -508.763306 -412.798065
v -85.113998 -494.485779 -407.705078
v -85.360359 -493.143921 -409.549347
v -85.708664 -507.013458 -420.923584
v -85.750618 -483.815948 -408.466156
v -84.994431 -508.100586 -414.018097
v -83.905312 -477.490082 -385.545990
v -84.089577 -475.633789 -386.451294
v -85.322166 -532.907837 -431.257721
v -85.616669 -485.693359 -408.101654
v -80.699303 -537.357178 -437.407135
v -80.925095 -536.415100 -439.257538
v -79.010674 -476.387024 -385.750610
v -82.419594 -483.907867 -403.936035
v -82.165283 -475.166809 -396.401794
v -78.774002 -469.397095 -379.375397
v -79.066811 -465.143616 -380.089172
v -82.132706 -465.986206 -390.954498
v -79.173180 -458.080414 -377.280273
v -82.247711 -459.074432 -388.320648
v -79.114243 -451.220612 -372.846252
v -81.580864 -450.926483 -386.007233
v -79.688423 -444.748718 -375.286926
v -78.873375 -445.409760 -367.082581
v -79.327034 -439.371033 -368.496857
v -78.493942 -439.442932 -359.775299
v -79.104637 -433.196686 -362.723450
v -78.514633 -431.772949 -355.728119
v -79.073532 -425.076019 -357.881073
v -78.930969 -423.918793 -355.738586
v -78.407761 -425.886078 -351.331146
v -78.108414 -422.723694 -346.425140
v -78.618576 -414.572601 -347.257141
v -78.158112 -416.932709 -343.727753
v -78.296013 -401.796509 -336.761566
v -77.913620 -403.270782 -333.560608
v -77.506966 -370.103485 -310.842743
v -77.175835 -371.876923 -308.347076
v -76.247818 -328.876221 -274.679565
v -76.059601 -331.109039 -273.942078
v -74.736061 -286.011200 -234.949738
v -74.589622 -290.589569 -235.955673
v -81.554588 -485.928467 -408.550934
v -80.053185 -458.344543 -386.680023
v -79.922516 -465.108521 -389.067108
v -79.849167 -474.396332 -393.460114
v -79.713577 -477.685333 -393.863281
v -80.017258 -486.028259 -401.695282
v -79.915657 -495.825592 -406.074615
v -80.313438 -498.526855 -411.759155
v -80.182289 -491.718964 -406.594727
v -80.585739 -499.188202 -414.989990
v -80.229233 -487.706696 -404.857361
v -80.305450 -494.945648 -409.683838
v -84.882492 -537.211975 -437.631226
v -85.108292 -536.269897 -439.481598
v -83.193871 -476.241852 -385.974670
v -82.957184 -469.251923 -379.599487
v -83.250000 -464.998444 -380.313263
v -83.356369 -457.935211 -377.504333
v -83.297432 -451.075439 -373.070312
v -83.348526 -450.865143 -386.101929
v -83.871979 -444.603546 -375.511047
v -83.056564 -445.264557 -367.306671
v -83.510582 -439.225861 -368.720947
v -82.677132 -439.297760 -359.999390
v -83.287827 -433.051514 -362.947540
v -82.697823 -431.627777 -355.952209
v -83.256721 -424.930847 -358.105164
v -83.114159 -423.773590 -355.962677
v -82.590950 -425.740906 -351.555206
v -82.291595 -422.578522 -346.649231
v -82.801765 -414.427429 -347.481201
v -82.341301 -416.787537 -343.951843
v -82.479202 -401.651306 -336.985626
v -82.096817 -403.125610 -333.784698
v -81.690155 -369.958313 -311.066833
v -81.359024 -371.731750 -308.571198
v -80.431007 -328.731049 -274.903656
v -80.242790 -330.963867 -274.166168
v -78.919250 -285.866058 -235.173843
v -78.772812 -290.444366 -236.179749
v -83.965401 -485.844788 -408.680084
v -84.236374 -458.199371 -386.904114
v -84.105705 -464.963348 -389.291199
v -84.032356 -474.251129 -393.684204
v -83.896767 -477.540161 -394.087372
v -84.200447 -485.883087 -401.919373
v -84.098846 -495.680420 -406.298706
v -84.496628 -498.381683 -411.983246
v -84.365479 -491.573792 -406.818817
v -84.768929 -499.042999 -415.214050
v -84.412415 -487.561493 -405.081421
v -84.488640 -494.800446 -409.907928
v -82.436600 -451.011597 -385.823547
v -82.611748 -439.889954 -381.481232
v -81.741142 -445.103333 -375.225830
v -81.980728 -443.412048 -382.513153
v -79.905510 -440.043335 -375.285797
v -81.385445 -439.436981 -368.335175
v -81.119164 -433.456635 -362.210022
v -81.114830 -425.483521 -357.731232
v -80.967735 -424.279602 -355.515106
v -80.651245 -415.054626 -347.057922
v -80.312996 -401.999878 -336.242554
v -82.339920 -438.014313 -377.580109
v -79.695992 -435.796722 -370.721497
v -81.979393 -430.521637 -369.623138
v -79.559479 -431.278229 -366.773682
v -82.010742 -425.964874 -367.419098
v -79.566490 -425.923126 -363.869812
v -81.652191 -419.790985 -360.216156
v -79.318306 -420.750549 -358.384125
v -81.418846 -410.094177 -352.370880
v -79.091309 -411.477966 -350.841461
v -78.755119 -398.407715 -340.039154
v -81.087303 -397.055145 -341.634674
v -80.010406 -357.592560 -308.369080
v -77.803444 -362.837128 -310.254211
v -79.536865 -370.397766 -310.510101
v -78.288437 -329.310089 -274.537201
v -76.426941 -324.750031 -274.603241
v -75.045486 -284.236725 -237.551071
v -74.457504 -273.027435 -225.135864
v -73.861000 -267.031708 -215.529999
v -78.419090 -306.160858 -263.039337
v -77.521240 -280.818329 -239.507507
v -76.650017 -257.729004 -217.508560
v -74.177040 -260.900116 -215.443771
v -73.734589 -252.163773 -205.933823
v -73.332809 -253.817734 -202.628967
v -73.334778 -247.439896 -199.103333
v -73.025955 -247.604584 -195.947754
v -76.198380 -247.761063 -207.217316
v -75.850174 -242.433731 -200.593857
v -75.319443 -237.861801 -192.471207
v -74.577843 -238.000717 -184.750793
v -76.827408 -287.990814 -236.200241
v -82.107803 -435.157471 -373.550934
v -74.549019 -270.054382 -224.445023
v -77.326294 -346.935608 -296.395447
v -78.956772 -351.333252 -293.810150
v -77.070206 -345.592957 -292.956207
v -77.160355 -341.390045 -291.567108
v -76.884285 -339.389740 -287.552155
v -76.936279 -334.010529 -285.107788
v -76.653610 -331.958557 -280.994720
v -76.686180 -326.623749 -278.370819
v -74.100555 -268.381348 -218.799347
v -79.377319 -336.004974 -289.709015
v -83.074127 -443.374084 -382.571716
v -84.152763 -439.895935 -375.513306
v -83.943237 -435.649323 -370.949005
v -83.806732 -431.130829 -367.001190
v -83.813744 -425.775726 -364.097321
v -83.565559 -420.603149 -358.611633
v -83.338554 -411.330566 -351.068970
v -83.002373 -398.260315 -340.266663
v -82.050690 -362.689697 -310.481689
v -80.674194 -324.602631 -274.830750
v -79.292740 -284.089355 -237.778595
v -78.704758 -272.880035 -225.363388
v -78.108246 -266.884338 -215.757538
v -78.424294 -260.752716 -215.671295
v -77.981834 -252.016373 -206.161346
v -77.580063 -253.670364 -202.856522
v -77.582031 -247.292480 -199.330856
v -77.273209 -247.457184 -196.175293
v -78.796272 -269.907013 -224.672546
v -81.573547 -346.788208 -296.622955
v -81.317459 -345.445526 -293.183746
v -81.407600 -341.242645 -291.794617
v -81.131538 -339.242340 -287.779633
v -81.183525 -333.863129 -285.335297
v -80.900864 -331.811127 -281.222229
v -80.933426 -326.476318 -278.598297
v -78.347809 -268.233948 -219.026871
v -79.917885 -606.332275 -495.103851
v -79.318329 -599.958496 -485.255707
v -79.183006 -569.076660 -466.661591
v -79.520760 -564.571838 -467.708130
v -78.351891 -546.434021 -445.332703
v -78.622536 -532.156494 -440.239716
v -78.868896 -530.814636 -442.083984
v -79.217209 -544.684143 -453.458221
v -79.259155 -521.486633 -441.000793
v -78.502968 -545.771301 -446.552704
v -77.413849 -515.160767 -418.080597
v -77.598114 -513.304504 -418.985931
v -78.830704 -570.578491 -463.792358
v -79.125206 -523.364075 -440.636292
v -85.748940 -606.129944 -495.416229
v -85.149384 -599.756165 -485.568054
v -85.014061 -568.874268 -466.973938
v -85.351814 -564.369446 -468.020477
v -84.182945 -546.231628 -445.645050
v -84.453598 -531.954102 -440.552063
v -84.699951 -530.612244 -442.396332
v -85.048264 -544.481812 -453.770569
v -85.090210 -521.284302 -441.313141
v -84.334023 -545.568909 -446.865082
v -83.244904 -514.958435 -418.392975
v -83.429169 -513.102112 -419.298279
v -84.661766 -570.376160 -464.104706
v -84.956268 -523.161682 -440.948639
v -80.038895 -574.825500 -470.254120
v -80.264694 -573.883423 -472.104523
v -78.350273 -513.855347 -418.597595
v -81.759186 -521.376221 -436.783020
v -81.504883 -512.635132 -429.248779
v -78.113594 -506.865387 -412.222382
v -78.406410 -502.611908 -412.936157
v -81.472298 -503.454498 -423.801483
v -78.512779 -495.548706 -410.127258
v -81.587311 -496.542725 -421.167633
v -78.453835 -488.688904 -405.693237
v -80.920456 -488.394806 -418.854218
v -79.028015 -482.217041 -408.133942
v -78.212967 -482.878052 -399.929565
v -78.666626 -476.839325 -401.343842
v -77.833542 -476.911224 -392.622284
v -78.444229 -470.665009 -395.570435
v -77.854233 -469.241241 -388.575104
v -78.413132 -462.544342 -390.728058
v -78.270569 -461.387085 -388.585571
v -77.747360 -463.354370 -384.178101
v -77.448006 -460.191986 -379.272125
v -77.958176 -452.040894 -380.104126
v -77.497704 -454.401031 -376.574738
v -77.635605 -439.264801 -369.608551
v -77.253220 -440.739075 -366.407593
v -76.846565 -407.571777 -343.689728
v -76.515427 -409.345245 -341.194092
v -75.587410 -366.344543 -307.526550
v -75.399200 -368.577362 -306.789062
v -74.075661 -323.479523 -267.796722
v -73.929214 -328.057831 -268.802643
v -80.894180 -523.396790 -441.397919
v -79.392776 -495.812836 -419.527008
v -79.262115 -502.576813 -421.914093
v -79.188759 -511.864624 -426.307098
v -79.053177 -515.153687 -426.710266
v -79.356850 -523.496582 -434.542267
v -79.255249 -533.293945 -438.921600
v -79.653038 -535.995178 -444.606140
v -79.521881 -529.187317 -439.441742
v -79.925331 -536.656555 -447.836945
v -79.568825 -525.175049 -437.704346
v -79.645042 -532.413940 -442.530823
v -84.222084 -574.680298 -470.478210
v -84.447884 -573.738220 -472.328583
v -82.533463 -513.710205 -418.821655
v -82.296783 -506.720215 -412.446442
v -82.589600 -502.466736 -413.160248
v -82.695969 -495.403534 -410.351349
v -82.637024 -488.543732 -405.917328
v -82.688126 -488.333435 -418.948914
v -83.211571 -482.071838 -408.358032
v -82.396156 -482.732880 -400.153656
v -82.850174 -476.694153 -401.567963
v -82.016731 -476.766052 -392.846375
v -82.627419 -470.519836 -395.794525
v -82.037422 -469.096069 -388.799194
v -82.596321 -462.399170 -390.952148
v -82.453751 -461.241913 -388.809662
v -81.930550 -463.209198 -384.402191
v -81.631195 -460.046814 -379.496216
v -82.141365 -451.895721 -380.328217
v -81.680893 -454.255859 -376.798828
v -81.818794 -439.119629 -369.832611
v -81.436409 -440.593903 -366.631683
v -81.029755 -407.426605 -343.913788
v -80.698624 -409.200043 -341.418152
v -79.770599 -366.199341 -307.750610
v -79.582382 -368.432159 -307.013123
v -78.258850 -323.334351 -268.020813
v -78.112411 -327.912659 -269.026703
v -83.305000 -523.313110 -441.527069
v -83.575966 -495.667664 -419.751099
v -83.445297 -502.431641 -422.138184
v -83.371948 -511.719452 -426.531189
v -83.236366 -515.008484 -426.934357
v -83.540039 -523.351379 -434.766357
v -83.438438 -533.148743 -439.145691
v -83.836227 -535.850037 -444.830231
v -83.705070 -529.042114 -439.665802
v -84.108521 -536.511353 -448.061035
v -83.752014 -525.029846 -437.928436
v -83.828232 -532.268799 -442.754913
v -81.776192 -488.479889 -418.670563
v -81.951340 -477.358276 -414.328217
v -81.080734 -482.571655 -408.072815
v -81.320328 -480.880341 -415.360138
v -79.245110 -477.511627 -408.132782
v -80.725044 -476.905304 -401.182159
v -80.458755 -470.924957 -395.057037
v -80.454430 -462.951813 -390.578217
v -80.307327 -461.747925 -388.362091
v -79.990837 -452.522919 -379.904907
v -79.652596 -439.468170 -369.089539
v -81.679512 -475.482605 -410.427094
v -79.035583 -473.265045 -403.568481
v -81.318985 -467.989960 -402.470123
v -78.899071 -468.746521 -399.620667
v -81.350342 -463.433167 -400.266083
v -78.906082 -463.391418 -396.716797
v -80.991791 -457.259277 -393.063141
v -78.657906 -458.218842 -391.231110
v -80.758438 -447.562469 -385.217865
v -78.430901 -448.946289 -383.688446
v -78.094719 -435.876007 -372.886139
v -80.426895 -434.523438 -374.481689
v -79.349998 -395.060852 -341.216064
v -77.143036 -400.305420 -343.101196
v -78.876465 -407.866058 -343.357056
v -77.628029 -366.778412 -307.384216
v -75.766541 -362.218323 -307.450195
v -74.385086 -321.705048 -270.398041
v -73.797096 -310.495728 -257.982849
v -73.200592 -304.500000 -248.376984
v -77.758682 -343.629150 -295.886322
v -76.860832 -318.286621 -272.354462
v -75.989616 -295.197296 -250.355560
v -73.516640 -298.368408 -248.290756
v -73.074181 -289.632080 -238.780807
v -72.672409 -291.286041 -235.475952
v -72.674377 -284.908173 -231.950333
v -72.365555 -285.072845 -228.794724
v -75.537979 -285.229340 -240.064270
v -75.189774 -279.902008 -233.440781
v -74.659035 -275.330139 -225.318222
v -73.917435 -275.469055 -217.597809
v -76.167000 -325.459076 -269.047180
v -81.447395 -472.625763 -406.397919
v -73.888611 -307.522705 -257.291992
v -76.665894 -384.403931 -329.242432
v -78.296371 -388.801544 -326.657135
v -76.409805 -383.061249 -325.803192
v -76.499947 -378.858368 -324.414093
v -76.223877 -376.858032 -320.399139
v -76.275871 -371.478851 -317.954803
v -75.993210 -369.426849 -313.841705
v -76.025772 -364.092041 -311.217804
v -73.440155 -305.849640 -251.646317
v -78.716911 -373.473236 -322.556000
v -82.413719 -480.842377 -415.418701
v -83.492355 -477.364227 -408.360291
v -83.282837 -473.117645 -403.795990
v -83.146324 -468.599121 -399.848175
v -83.153336 -463.244019 -396.944305
v -82.905151 -458.071442 -391.458649
v -82.678154 -448.798889 -383.915955
v -82.341965 -435.728607 -373.113647
v -81.390289 -400.158020 -343.328705
v -80.013786 -362.070923 -307.677704
v -78.632339 -321.557617 -270.625519
v -78.044350 -310.348358 -258.210358
v -77.447845 -304.352600 -248.604492
v -77.763893 -298.221008 -248.518280
v -77.321434 -289.484650 -239.008316
v -76.919662 -291.138641 -235.703445
v -76.921623 -284.760773 -232.177811
v -76.612801 -284.925446 -229.022232
v -78.135864 -307.375275 -257.519501
v -80.913139 -384.256500 -329.469940
v -80.657051 -382.913818 -326.030701
v -80.747200 -378.710968 -324.641602
v -80.471130 -376.710632 -320.626617
v -80.523125 -371.331451 -318.182312
v -80.240463 -369.279449 -314.069214
v -80.273026 -363.944611 -311.445312
v -77.687401 -305.702240 -251.873825
v -80.578293 -264.121582 -562.364136
v -79.978737 -257.747803 -552.515930
v -79.843414 -226.865967 -533.921875
v -80.181160 -222.361145 -534.968384
v -79.012299 -204.223312 -512.592957
v -79.282944 -189.945786 -507.499969
v -79.529305 -188.603928 -509.344238
v -79.877609 -202.473450 -520.718445
v -79.919556 -179.275955 -508.261047
v -79.163376 -203.560593 -513.812988
v -78.074249 -172.950073 -485.340881
v -78.258514 -171.093765 -486.246185
v -79.491112 -228.367813 -531.052612
v -79.785614 -181.153366 -507.896545
v -86.409348 -263.919220 -562.676453
v -85.809792 -257.545441 -552.828308
v -85.674469 -226.663589 -534.234192
v -86.012215 -222.158798 -535.280701
v -84.843353 -204.020950 -512.905273
v -85.113998 -189.743408 -507.812317
v -85.360359 -188.401550 -509.656586
v -85.708664 -202.271088 -521.030823
v -85.750618 -179.073578 -508.573364
v -84.994431 -203.358231 -514.125305
v -83.905312 -172.747711 -485.653229
v -84.089577 -170.891403 -486.558533
v -85.322166 -228.165451 -531.364990
v -85.616669 -180.950989 -508.208893
v -80.699303 -232.614792 -537.514404
v -80.925095 -231.672699 -539.364746
v -79.010674 -171.644653 -485.857849
v -82.419594 -179.165482 -504.043274
v -82.165283 -170.424438 -496.509033
v -78.774002 -164.654709 -479.482635
v -79.066811 -160.401230 -480.196411
v -82.132706 -161.243820 -491.061737
v -79.173180 -153.338013 -477.387512
v -82.247711 -154.332047 -488.427887
v -79.114243 -146.478226 -472.953491
v -81.580864 -146.184097 -486.114471
v -79.688423 -140.006348 -475.394165
v -78.873375 -140.667358 -467.189819
v -79.327034 -134.628647 -468.604095
v -78.493942 -134.700546 -459.882538
v -79.104637 -128.454315 -462.830688
v -78.514633 -127.030571 -455.835358
v -79.073532 -120.333656 -457.988312
v -78.930969 -119.176407 -455.845825
v -78.407761 -121.143692 -451.438385
v -78.108414 -117.981300 -446.532379
v -78.618576 -109.830215 -447.364380
v -78.158112 -112.190338 -443.834991
v -78.296013 -97.054108 -436.868805
v -77.913620 -98.528397 -433.667847
v -77.506966 -65.361107 -410.949982
v -77.175835 -67.134529 -408.454315
v -76.247818 -24.133841 -374.786804
v -76.059601 -26.366659 -374.049316
v -74.736061 18.731176 -335.056946
v -74.589622 14.152837 -336.062897
v -81.554588 -181.186096 -508.658173
v -80.053185 -153.602158 -486.787262
v -79.922516 -160.366150 -489.174347
v -79.849167 -169.653931 -493.567383
v -79.713577 -172.942963 -493.970520
v -80.017258 -181.285858 -501.802521
v -79.915657 -191.083221 -506.181854
v -80.313438 -193.784485 -511.866394
v -80.182289 -186.976608 -506.701965
v -80.585739 -194.445816 -515.097229
v -80.229233 -182.964294 -504.964600
v -80.305450 -190.203262 -509.791077
v -84.882492 -232.469604 -537.738464
v -85.108292 -231.527512 -539.588867
v -83.193871 -171.499466 -486.081909
v -82.957184 -164.509521 -479.706726
v -83.250000 -160.256042 -480.420502
v -83.356369 -153.192841 -477.611572
v -83.297432 -146.333038 -473.177551
v -83.348526 -146.122757 -486.209167
v -83.871979 -139.861160 -475.618286
v -83.056564 -140.522186 -467.413910
v -83.510582 -134.483459 -468.828186
v -82.677132 -134.555374 -460.106628
v -83.287827 -128.309143 -463.054779
v -82.697823 -126.885391 -456.059448
v -83.256721 -120.188469 -458.212402
v -83.114159 -119.031227 -456.069916
v -82.590950 -120.998505 -451.662445
v -82.291595 -117.836128 -446.756470
v -82.801765 -109.685036 -447.588440
v -82.341301 -112.045151 -444.059082
v -82.479202 -96.908928 -437.092865
v -82.096817 -98.383217 -433.891937
v -81.690155 -65.215935 -411.174072
v -81.359024 -66.989372 -408.678406
v -80.431007 -23.988676 -375.010895
v -80.242790 -26.221479 -374.273376
v -78.919250 18.876333 -335.281067
v -78.772812 14.298039 -336.286987
v -83.965401 -181.102432 -508.787292
v -84.236374 -153.456985 -487.011353
v -84.105705 -160.220963 -489.398438
v -84.032356 -169.508759 -493.791443
v -83.896767 -172.797775 -494.194611
v -84.200447 -181.140686 -502.026611
v -84.098846 -190.938049 -506.405945
v -84.496628 -193.639297 -512.090454
v -84.365479 -186.831421 -506.926056
v -84.768929 -194.300644 -515.321289
v -84.412415 -182.819122 -505.188660
v -84.488640 -190.058090 -510.015167
v -82.436600 -146.269226 -485.930786
v -82.611748 -135.147583 -481.588440
v -81.741142 -140.360962 -475.333069
v -81.980728 -138.669647 -482.620392
v -79.905510 -135.300949 -475.393036
v -81.385445 -134.694595 -468.442413
v -81.119164 -128.714264 -462.317261
v -81.114830 -120.741158 -457.838470
v -80.967735 -119.537231 -455.622345
v -80.651245 -110.312225 -447.165161
v -80.312996 -97.257500 -436.349792
v -82.339920 -133.271912 -477.687317
v -79.695992 -131.054352 -470.828735
v -81.979393 -125.779266 -469.730377
v -79.559479 -126.535851 -466.880920
v -82.010742 -121.222496 -467.526337
v -79.566490 -121.180748 -463.977051
v -81.652191 -115.048599 -460.323395
v -79.318306 -116.008171 -458.491394
v -81.418846 -105.351784 -452.478088
v -79.091309 -106.735580 -450.948700
v -78.755119 -93.665344 -440.146393
v -81.087303 -92.312759 -441.741913
v -80.010406 -52.850182 -408.476318
v -77.803444 -58.094727 -410.361450
v -79.536865 -65.655388 -410.617340
v -78.288437 -24.567709 -374.644470
v -76.426941 -20.007658 -374.710480
v -75.045486 20.505651 -337.658295
v -74.457504 31.714956 -325.243103
v -73.861000 37.710701 -315.637207
v -78.419090 -1.418469 -363.146545
v -77.521240 23.924078 -339.614746
v -76.650017 47.013390 -317.615784
v -74.177040 43.842293 -315.550995
v -73.734589 52.578606 -306.041046
v -73.332809 50.924644 -302.736206
v -73.334778 57.302483 -299.210571
v -73.025955 57.137794 -296.054993
v -76.198380 56.981316 -307.324524
v -75.850174 62.308647 -300.701080
v -75.319443 66.880577 -292.578430
v -74.577843 66.741661 -284.858032
v -76.827408 16.751593 -336.307465
v -82.107803 -130.415085 -473.658173
v -74.549019 34.688011 -324.552246
v -77.326294 -42.193222 -396.502686
v -78.956772 -46.590866 -393.917389
v -77.070206 -40.850563 -393.063477
v -77.160355 -36.647675 -391.674347
v -76.884285 -34.647369 -387.659393
v -76.936279 -29.268156 -385.215027
v -76.653610 -27.216162 -381.101959
v -76.686180 -21.881346 -378.478027
v -74.100555 36.361046 -318.906555
v -79.377319 -31.262579 -389.816254
v -83.074127 -138.631699 -482.678955
v -84.152763 -135.153534 -475.620544
v -83.943237 -130.906952 -471.056244
v -83.806732 -126.388451 -467.108429
v -83.813744 -121.033340 -464.204559
v -83.565559 -115.860771 -458.718872
v -83.338554 -106.588173 -451.176208
v -83.002373 -93.517929 -440.373901
v -82.050690 -57.947311 -410.588928
v -80.674194 -19.860258 -374.937988
v -79.292740 20.653036 -337.885803
v -78.704758 31.862341 -325.470612
v -78.108246 37.858055 -315.864746
v -78.424294 43.989677 -315.778503
v -77.981834 52.726006 -306.268555
v -77.580063 51.072014 -302.963745
v -77.582031 57.449898 -299.438080
v -77.273209 57.285194 -296.282532
v -78.796272 34.835396 -324.779785
v -81.573547 -42.045822 -396.730194
v -81.317459 -40.703156 -393.290955
v -81.407600 -36.500275 -391.901855
v -81.131538 -34.499954 -387.886902
v -81.183525 -29.120749 -385.442566
v -80.900864 -27.068754 -381.329468
v -80.933426 -21.733931 -378.705536
v -78.347809 36.508446 -319.134094
v -79.917885 -301.589874 -595.211121
v -79.318329 -295.216095 -585.362915
v -79.183006 -264.334259 -566.768860
v -79.520760 -259.829437 -567.815369
v -78.351891 -241.691605 -545.439941
v -78.622536 -227.414078 -540.346985
v -78.868896 -226.072220 -542.191223
v -79.217209 -239.941757 -553.565430
v -79.259155 -216.744247 -541.108032
v -78.502968 -241.028885 -546.659973
v -77.413849 -210.418381 -518.187866
v -77.598114 -208.562088 -519.093201
v -78.830704 -265.836090 -563.899597
v -79.125206 -218.621658 -540.743530
v -85.748940 -301.387512 -595.523438
v -85.149384 -295.013733 -585.675293
v -85.014061 -264.131866 -567.081177
v -85.351814 -259.627045 -568.127686
v -84.182945 -241.489243 -545.752319
v -84.453598 -227.211716 -540.659302
v -84.699951 -225.869858 -542.503540
v -85.048264 -239.739395 -553.877808
v -85.090210 -216.541885 -541.420349
v -84.334023 -240.826523 -546.972290
v -83.244904 -210.216019 -518.500183
v -83.429169 -208.359711 -519.405518
v -84.661766 -265.633759 -564.211975
v -84.956268 -218.419296 -541.055908
v -80.038895 -270.083069 -570.361389
v -80.264694 -269.140991 -572.211792
v -78.350273 -209.112961 -518.704834
v -81.759186 -216.633804 -536.890259
v -81.504883 -207.892746 -529.356018
v -78.113594 -202.123016 -512.329590
v -78.406410 -197.869537 -513.043396
v -81.472298 -198.712143 -523.908691
v -78.512779 -190.806335 -510.234497
v -81.587311 -191.800354 -521.274841
v -78.453835 -183.946548 -505.800476
v -80.920456 -183.652420 -518.961487
v -79.028015 -177.474655 -508.241180
v -78.212967 -178.135666 -500.036804
v -78.666626 -172.096954 -501.451080
v -77.833542 -172.168839 -492.729523
v -78.444229 -165.922607 -495.677673
v -77.854233 -164.498856 -488.682343
v -78.413132 -157.801941 -490.835297
v -78.270569 -156.644699 -488.692810
v -77.747360 -158.611984 -484.285339
v -77.448006 -155.449615 -479.379364
v -77.958176 -147.298508 -480.211365
v -77.497704 -149.658630 -476.682007
v -77.635605 -134.522415 -469.715790
v -77.253220 -135.996704 -466.514832
v -76.846565 -102.829399 -443.796967
v -76.515427 -104.602844 -441.301331
v -75.587410 -61.602150 -407.633789
v -75.399200 -63.834969 -406.896301
v -74.075661 -18.737143 -367.903961
v -73.929214 -23.315443 -368.909851
v -80.894180 -218.654404 -541.505127
v -79.392776 -191.070465 -519.634277
v -79.262115 -197.834457 -522.021362
v -79.188759 -207.122238 -526.414368
v -79.053177 -210.411270 -526.817505
v -79.356850 -218.754181 -534.649536
v -79.255249 -228.551529 -539.028809
v -79.653038 -231.252792 -544.713379
v -79.521881 -224.444901 -539.548950
v -79.925331 -231.914124 -547.944214
v -79.568825 -220.432632 -537.811584
v -79.645042 -227.671555 -542.638062
v -84.222084 -269.937897 -570.585449
v -84.447884 -268.995819 -572.435852
v -82.533463 -208.967789 -518.928894
v -82.296783 -201.977829 -512.553711
v -82.589600 -197.724350 -513.267456
v -82.695969 -190.661148 -510.458588
v -82.637024 -183.801361 -506.024536
v -82.688126 -183.591080 -519.056152
v -83.211571 -177.329483 -508.465271
v -82.396156 -177.990479 -500.260895
v -82.850174 -171.951767 -501.675171
v -82.016731 -172.023666 -492.953613
v -82.627419 -165.777435 -495.901764
v -82.037422 -164.353683 -488.906433
v -82.596321 -157.656769 -491.059387
v -82.453751 -156.499527 -488.916901
v -81.930550 -158.466797 -484.509430
v -81.631195 -155.304428 -479.603455
v -82.141365 -147.153336 -480.435455
v -81.680893 -149.513458 -476.906067
v -81.818794 -134.377228 -469.939850
v -81.436409 -135.851517 -466.738922
v -81.029755 -102.684219 -444.021027
v -80.698624 -104.457657 -441.525391
v -79.770599 -61.456963 -407.857849
v -79.582382 -63.689774 -407.120361
v -78.258850 -18.591970 -368.128052
v -78.112411 -23.170271 -369.133942
v -83.305000 -218.570724 -541.634277
v -83.575966 -190.925293 -519.858337
v -83.445297 -197.689285 -522.245422
v -83.371948 -206.977066 -526.638428
v -83.236366 -210.266098 -527.041626
v -83.540039 -218.608994 -534.873596
v -83.438438 -228.406342 -539.252930
v -83.836227 -231.107605 -544.937439
v -83.705070 -224.299728 -539.773071
v -84.108521 -231.768936 -548.168274
v -83.752014 -220.287430 -538.035645
v -83.828232 -227.526382 -542.862183
v -81.776192 -183.737534 -518.777771
v -81.951340 -172.615906 -514.435425
v -81.080734 -177.829269 -508.180054
v -81.320328 -176.137955 -515.467346
v -79.245110 -172.769257 -508.240021
v -80.725044 -172.162903 -501.289429
v -80.458755 -166.182556 -495.164246
v -80.454430 -158.209442 -490.685455
v -80.307327 -157.005539 -488.469330
v -79.990837 -147.780533 -480.012146
v -79.652596 -134.725800 -469.196777
v -81.679512 -170.740234 -510.534332
v -79.035583 -168.522644 -503.675720
v -81.318985 -163.247559 -502.577362
v -78.899071 -164.004150 -499.727905
v -81.350342 -158.690796 -500.373322
v -78.906082 -158.649048 -496.824036
v -80.991791 -152.516891 -493.170380
v -78.657906 -153.476456 -491.338379
v -80.758438 -142.820068 -485.325073
v -78.430901 -144.203888 -483.795685
v -78.094719 -131.133636 -472.993378
v -80.426895 -129.781067 -474.588928
v -79.349998 -90.318481 -441.323303
v -77.143036 -95.563034 -443.208435
v -78.876465 -103.123680 -443.464294
v -77.628029 -62.036018 -407.491455
v -75.766541 -57.475937 -407.557434
v -74.385086 -16.962652 -370.505280
v -73.797096 -5.753346 -358.090088
v -73.200592 0.242390 -348.484222
v -77.758682 -38.886765 -395.993561
v -76.860832 -13.544232 -372.461731
v -75.989616 9.545078 -350.462769
v -73.516640 6.373982 -348.397980
v -73.074181 15.110311 -338.888031
v -72.672409 13.456349 -335.583191
v -72.674377 19.834204 -332.057556
v -72.365555 19.669546 -328.901947
v -75.537979 19.513052 -340.171509
v -75.189774 24.840399 -333.548004
v -74.659035 29.412252 -325.425446
v -73.917435 29.273336 -317.705017
v -76.167000 -20.716673 -369.154419
v -81.447395 -167.883392 -506.505188
v -73.888611 -2.780316 -357.399231
v -76.665894 -79.661537 -429.349670
v -78.296371 -84.059174 -426.764374
v -76.409805 -78.318855 -425.910431
v -76.499947 -74.115967 -424.521301
v -76.223877 -72.115662 -420.506348
v -76.275871 -66.736450 -418.062012
v -75.993210 -64.684464 -413.948975
v -76.025772 -59.349648 -411.325012
v -73.440155 -1.107250 -351.753540
v -78.716911 -68.730865 -422.663239
v -82.413719 -176.100021 -515.525940
v -83.492355 -172.621841 -508.467529
v -83.282837 -168.375244 -503.903229
v -83.146324 -163.856750 -499.955414
v -83.153336 -158.501648 -497.051544
v -82.905151 -153.329056 -491.565887
v -82.678154 -144.056488 -484.023193
v -82.341965 -130.986237 -473.220886
v -81.390289 -95.415627 -443.435944
v -80.013786 -57.328537 -407.784943
v -78.632339 -16.815237 -370.732788
v -78.044350 -5.605954 -358.317596
v -77.447845 0.389790 -348.711731
v -77.763893 6.521382 -348.625488
v -77.321434 15.257726 -339.115540
v -76.919662 13.603765 -335.810669
v -76.921623 19.981619 -332.285034
v -76.612801 19.816961 -329.129456
v -78.135864 -2.632900 -357.626770
v -80.913139 -79.514122 -429.577179
v -80.657051 -78.171448 -426.137939
v -80.747200 -73.968567 -424.748840
v -80.471130 -71.968246 -420.733856
v -80.523125 -66.589050 -418.289551
v -80.240463 -64.537064 -414.176453
v -80.273026 -59.202240 -411.552551
v -77.687401 -0.959850 -351.981079
v 65.530540 -384.489960 365.065369
v 65.985939 -377.640594 370.795197
v 66.298866 -384.474823 365.037842
v 65.497345 -381.069977 367.939362
v 66.403252 -381.052124 367.906891
v 79.455246 -641.736389 612.222595
v 79.834473 -633.247192 616.728088
v 80.223579 -641.721252 612.195129
v 79.213669 -633.918152 611.699036
v 80.119576 -633.900330 611.666565
v 80.167435 -648.077820 617.872314
v 80.072304 -641.808655 618.661194
v 76.136803 -577.057678 555.174133
v 76.660706 -571.435852 562.140686
v 76.905136 -577.042542 555.146545
v 76.137871 -574.251892 558.666443
v 77.043777 -574.234070 558.633972
v 72.986732 -517.640930 499.932770
v 73.495590 -511.732758 506.636963
v 73.755066 -517.625793 499.905243
v 72.980286 -514.691345 503.294281
v 73.886185 -514.673523 503.261810
v 69.583313 -455.538300 439.099457
v 70.075859 -449.331909 445.512390
v 70.351646 -455.523193 439.071930
v 69.568695 -452.440002 442.314819
v 70.474602 -452.422180 442.282349
v 63.715687 -351.602264 332.501190
v 64.155380 -345.673218 337.287628
v 64.484016 -351.587128 332.473633
v 63.674644 -348.642395 334.903412
v 64.580551 -348.624573 334.870941
v 79.409836 -636.885681 613.619446
v 79.762970 -629.185608 616.963928
v 80.178169 -636.870544 613.591980
v 79.132263 -629.160217 612.040833
v 80.038170 -629.142395 612.008362
v 80.164581 -643.860046 620.108765
v 80.043671 -637.829041 620.047729
v 75.659477 -565.846680 548.015625
v 76.176262 -561.286682 554.200745
v 76.427811 -565.831543 547.988037
v 75.656990 -563.571777 551.117249
v 76.562897 -563.553955 551.084778
v 72.105408 -500.203705 484.924225
v 72.605217 -495.327911 490.809052
v 72.873741 -500.188568 484.896698
v 72.094437 -497.770386 487.876007
v 73.000336 -497.752563 487.843536
v 68.271858 -431.174866 415.896088
v 68.753288 -425.967682 421.450317
v 69.040192 -431.159729 415.868561
v 68.251678 -428.576111 418.682068
v 69.157585 -428.558258 418.649597
v 63.885101 -344.294952 330.505371
v 63.978218 -337.587097 336.785858
v 67.001869 -337.850922 336.374481
v 69.409081 -339.330261 334.857574
v 70.713295 -342.427490 331.884521
v 70.665169 -345.894592 328.638275
v 69.274223 -349.044891 325.761871
v 66.824608 -350.619781 324.419128
v 63.791981 -351.002869 324.224823
v 60.768333 -350.738983 324.636261
v 58.361122 -349.259705 326.153107
v 57.056904 -346.162476 329.126160
v 57.105034 -342.695374 332.372375
v 58.495979 -339.545013 335.248871
v 60.945591 -337.970154 336.591583
v 64.107430 -339.817078 339.165649
v 67.131081 -340.080902 338.754272
v 69.538292 -341.560242 337.237366
v 70.842506 -344.657471 334.264313
v 70.794380 -348.124573 331.018097
v 69.403435 -351.274872 328.141663
v 66.953827 -352.849762 326.798920
v 63.921196 -353.232849 326.604614
v 60.897549 -352.968964 327.016052
v 58.490334 -351.489685 328.532898
v 57.186119 -348.392456 331.505951
v 57.234249 -344.925354 334.752197
v 58.625195 -341.774994 337.628662
v 61.074806 -340.200134 338.971405
v 64.014313 -346.524933 332.885162
v 62.912144 -346.889038 326.508850
v 63.301731 -340.500275 332.474243
v 64.670685 -346.854431 326.445801
v 64.458313 -340.477509 332.432800
v 63.455067 -356.308075 336.481018
v 63.844658 -349.919312 342.446411
v 65.213608 -356.273468 336.417969
v 65.001236 -349.896545 342.404938
v 62.801685 -343.521606 329.670258
v 64.874725 -343.480804 329.595947
v 63.344608 -352.940674 339.642426
v 65.417648 -352.899841 339.568115
v 62.035938 -345.758667 325.103943
v 62.127983 -339.127960 331.312225
v 57.119030 -262.886169 237.108109
v 57.209389 -256.376862 243.202682
v 60.743294 -262.814819 236.978165
v 60.833652 -256.305511 243.072769
v 65.398972 -345.692474 324.983398
v 65.491020 -339.061737 331.191650
v 62.189953 -348.416626 327.940491
v 62.281998 -341.785889 334.148773
v 65.552986 -348.350433 327.819916
v 65.645035 -341.719696 334.028198
v 56.123371 -259.651978 240.192703
v 61.118263 -342.309875 328.385468
v 61.829311 -259.539673 239.988144
v 66.412926 -342.205658 328.195648
v 61.272278 -344.967834 331.221985
v 66.566940 -344.863586 331.032166
v 58.749058 -258.144623 234.547592
v 58.804409 -254.157425 238.280777
v 63.330578 -344.956055 325.408447
v 63.781818 -339.226318 330.407562
v 64.098907 -344.940948 325.380890
v 63.295319 -342.096039 327.917267
v 64.201225 -342.078217 327.884766
v 65.435966 -382.233521 363.666534
v 65.906540 -376.838898 369.020782
v 66.204300 -382.218384 363.639008
v 65.410370 -379.541260 366.352753
v 66.316277 -379.523438 366.320282
v 63.636837 -340.010437 325.932983
v 63.729954 -333.302582 332.213470
v 66.753601 -333.566406 331.802094
v 69.160812 -335.045746 330.285187
v 70.465027 -338.142975 327.312134
v 70.416901 -341.610077 324.065918
v 69.025955 -344.760376 321.189484
v 66.576347 -346.335266 319.846741
v 63.543716 -346.718353 319.652435
v 60.520069 -346.454468 320.063873
v 58.112854 -344.975189 321.580719
v 56.808640 -341.877960 324.553772
v 56.856770 -338.410858 327.799988
v 58.247715 -335.260498 330.676483
v 60.697327 -333.685608 332.019226
v 63.789822 -334.335846 333.316132
v 66.813469 -334.599640 332.904755
v 69.220688 -336.078979 331.387848
v 70.524902 -339.176208 328.414795
v 70.476776 -342.643341 325.168579
v 69.085831 -345.793610 322.292145
v 66.636215 -347.368500 320.949402
v 63.603588 -347.751587 320.755096
v 60.579941 -347.487732 321.166534
v 58.172726 -346.008453 322.683380
v 56.868507 -342.911194 325.656433
v 56.916637 -339.444092 328.902649
v 58.307583 -336.293762 331.779144
v 60.757195 -334.718872 333.121887
v 63.696705 -341.043671 327.035645
v 62.688953 -343.037231 322.398254
v 63.078541 -336.648468 328.363647
v 64.447495 -343.002625 322.335205
v 64.235115 -336.625702 328.322205
v 62.940216 -347.422821 326.998779
v 63.329803 -341.034058 332.964172
v 64.698753 -347.388214 326.935730
v 64.486382 -341.011292 332.922699
v 62.578491 -339.669800 325.559692
v 64.651535 -339.628998 325.485352
v 62.829754 -344.055389 330.160187
v 64.902794 -344.014587 330.085876
v 61.851654 -342.578339 321.709961
v 61.943703 -335.947632 327.918243
v 59.505001 -304.062927 281.051392
v 59.595360 -297.553619 287.145966
v 63.129261 -303.991577 280.921448
v 63.219624 -297.482269 287.016052
v 65.214691 -342.512146 321.589386
v 65.306732 -335.881409 327.797668
v 61.923016 -343.809875 323.024231
v 62.015064 -337.179169 329.232513
v 65.286049 -343.743683 322.903656
v 65.378098 -337.112946 329.111938
v 58.509342 -300.828766 284.136017
v 60.933983 -339.129547 324.991455
v 64.215286 -300.716431 283.931427
v 66.228645 -339.025330 324.801636
v 61.005341 -340.361084 326.305725
v 66.300003 -340.256866 326.115906
v 61.241657 -301.161591 280.454681
v 61.297009 -297.174377 284.187897
v 79.170853 -632.761292 609.217957
v 79.488319 -624.445618 611.905579
v 79.939178 -632.746155 609.190430
v 78.811485 -623.624329 606.132935
v 79.717392 -623.606506 606.100464
v 80.046585 -641.823608 617.935486
v 79.872719 -634.878723 616.899231
v 74.194710 -540.567932 521.038513
v 74.729462 -536.318054 527.554504
v 74.963043 -540.552795 521.010925
v 74.201202 -538.448059 524.305481
v 75.107109 -538.430237 524.273010
v 69.485054 -454.981903 436.664154
v 69.997299 -450.320770 442.778046
v 70.253387 -454.966766 436.636627
v 69.480286 -452.655823 439.730316
v 70.386192 -452.637970 439.697845
v 64.411407 -364.551788 344.796875
v 64.899330 -359.456635 350.470642
v 65.179741 -364.536682 344.769318
v 64.394470 -362.008942 347.642487
v 65.300377 -361.991089 347.610016
v 65.530540 -328.345490 365.065369
v 65.985939 -321.496124 370.795197
v 66.298866 -328.330353 365.037842
v 65.497345 -324.925507 367.939362
v 66.403252 -324.907654 367.906891
v 79.455246 -585.591980 612.222595
v 79.834473 -577.102722 616.728088
v 80.223579 -585.576843 612.195129
v 79.213669 -577.773743 611.699036
v 80.119576 -577.755920 611.666565
v 80.167435 -591.933289 617.872314
v 80.072304 -585.664185 618.661194
v 76.136803 -520.913208 555.174133
v 76.660706 -515.291382 562.140686
v 76.905136 -520.898071 555.146545
v 76.137871 -518.107422 558.666443
v 77.043777 -518.089600 558.633972
v 72.986732 -461.496460 499.932770
v 73.495590 -455.588287 506.636963
v 73.755066 -461.481323 499.905243
v 72.980286 -458.546906 503.294281
v 73.886185 -458.529083 503.261810
v 69.583313 -399.393829 439.099457
v 70.075859 -393.187439 445.512390
v 70.351646 -399.378723 439.071930
v 69.568695 -396.295532 442.314819
v 70.474602 -396.277710 442.282349
v 63.715687 -295.457794 332.501190
v 64.155380 -289.528748 337.287628
v 64.484016 -295.442657 332.473633
v 63.674644 -292.497925 334.903412
v 64.580551 -292.480103 334.870941
v 79.409836 -580.741272 613.619446
v 79.762970 -573.041077 616.963928
v 80.178169 -580.726135 613.591980
v 79.132263 -573.015808 612.040833
v 80.038170 -572.997986 612.008362
v 80.164581 -587.715576 620.108765
v 80.043671 -581.684509 620.047729
v 75.659477 -509.702240 548.015625
v 76.176262 -505.142242 554.200745
v 76.427811 -509.687103 547.988037
v 75.656990 -507.427338 551.117249
v 76.562897 -507.409515 551.084778
v 72.105408 -444.059235 484.924225
v 72.605217 -439.183441 490.809052
v 72.873741 -444.044098 484.896698
v 72.094437 -441.625916 487.876007
v 73.000336 -441.608093 487.843536
v 68.271858 -375.030396 415.896088
v 68.753288 -369.823212 421.450317
v 69.040192 -375.015259 415.868561
v 68.251678 -372.431641 418.682068
v 69.157585 -372.413788 418.649597
v 63.885101 -288.150482 330.505371
v 63.978218 -281.442627 336.785858
v 67.001869 -281.706451 336.374481
v 69.409081 -283.185791 334.857574
v 70.713295 -286.283020 331.884521
v 70.665169 -289.750122 328.638275
v 69.274223 -292.900421 325.761871
v 66.824608 -294.475311 324.419128
v 63.791981 -294.858398 324.224823
v 60.768333 -294.594513 324.636261
v 58.361122 -293.115234 326.153107
v 57.056904 -290.018005 329.126160
v 57.105034 -286.550903 332.372375
v 58.495979 -283.400543 335.248871
v 60.945591 -281.825684 336.591583
v 64.107430 -283.672607 339.165649
v 67.131081 -283.936432 338.754272
v 69.538292 -285.415771 337.237366
v 70.842506 -288.513000 334.264313
v 70.794380 -291.980103 331.018097
v 69.403435 -295.130402 328.141663
v 66.953827 -296.705292 326.798920
v 63.921196 -297.088379 326.604614
v 60.897549 -296.824493 327.016052
v 58.490334 -295.345215 328.532898
v 57.186119 -292.247986 331.505951
v 57.234249 -288.780884 334.752197
v 58.625195 -285.630524 337.628662
v 61.074806 -284.055664 338.971405
v 64.014313 -290.380463 332.885162
v 62.912144 -290.744568 326.508850
v 63.301731 -284.355804 332.474243
v 64.670685 -290.709961 326.445801
v 64.458313 -284.333038 332.432800
v 63.455067 -300.163605 336.481018
v 63.844658 -293.774841 342.446411
v 65.213608 -300.128998 336.417969
v 65.001236 -293.752075 342.404938
v 62.801685 -287.377136 329.670258
v 64.874725 -287.336334 329.595947
v 63.344608 -296.796204 339.642426
v 65.417648 -296.755371 339.568115
v 62.035938 -289.614197 325.103943
v 62.127983 -282.983490 331.312225
v 57.119030 -206.741714 237.108109
v 57.209389 -200.232407 243.202682
v 60.743294 -206.670364 236.978165
v 60.833652 -200.161057 243.072769
v 65.398972 -289.548004 324.983398
v 65.491020 -282.917267 331.191650
v 62.189953 -292.272156 327.940491
v 62.281998 -285.641418 334.148773
v 65.552986 -292.205963 327.819916
v 65.645035 -285.575226 334.028198
v 56.123371 -203.507523 240.192703
v 61.118263 -286.165405 328.385468
v 61.829311 -203.395218 239.988144
v 66.412926 -286.061188 328.195648
v 61.272278 -288.823364 331.221985
v 66.566940 -288.719116 331.032166
v 58.749058 -202.000183 234.547592
v 58.804409 -198.012955 238.280777
v 63.330578 -288.811584 325.408447
v 63.781818 -283.081848 330.407562
v 64.098907 -288.796478 325.380890
v 63.295319 -285.951569 327.917267
v 64.201225 -285.933746 327.884766
v 65.435966 -326.089050 363.666534
v 65.906540 -320.694427 369.020782
v 66.204300 -326.073914 363.639008
v 65.410370 -323.396790 366.352753
v 66.316277 -323.378967 366.320282
v 63.636837 -283.865967 325.932983
v 63.729954 -277.158112 332.213470
v 66.753601 -277.421936 331.802094
v 69.160812 -278.901276 330.285187
v 70.465027 -281.998505 327.312134
v 70.416901 -285.465607 324.065918
v 69.025955 -288.615906 321.189484
v 66.576347 -290.190796 319.846741
v 63.543716 -290.573883 319.652435
v 60.520069 -290.309998 320.063873
v 58.112854 -288.830719 321.580719
v 56.808640 -285.733490 324.553772
v 56.856770 -282.266388 327.799988
v 58.247715 -279.116028 330.676483
v 60.697327 -277.541138 332.019226
v 63.789822 -278.191376 333.316132
v 66.813469 -278.455170 332.904755
v 69.220688 -279.934509 331.387848
v 70.524902 -283.031738 328.414795
v 70.476776 -286.498871 325.168579
v 69.085831 -289.649139 322.292145
v 66.636215 -291.224030 320.949402
v 63.603588 -291.607117 320.755096
v 60.579941 -291.343262 321.166534
v 58.172726 -289.863983 322.683380
v 56.868507 -286.766724 325.656433
v 56.916637 -283.299622 328.902649
v 58.307583 -280.149292 331.779144
v 60.757195 -278.574402 333.121887
v 63.696705 -284.899200 327.035645
v 62.688953 -286.892761 322.398254
v 63.078541 -280.503998 328.363647
v 64.447495 -286.858154 322.335205
v 64.235115 -280.481232 328.322205
v 62.940216 -291.278351 326.998779
v 63.329803 -284.889587 332.964172
v 64.698753 -291.243744 326.935730
v 64.486382 -284.866821 332.922699
v 62.578491 -283.525330 325.559692
v 64.651535 -283.484528 325.485352
v 62.829754 -287.910919 330.160187
v 64.902794 -287.870117 330.085876
v 61.851654 -286.433868 321.709961
v 61.943703 -279.803162 327.918243
v 59.505001 -247.918472 281.051392
v 59.595360 -241.409164 287.145966
v 63.129261 -247.847122 280.921448
v 63.219624 -241.337814 287.016052
v 65.214691 -286.367676 321.589386
v 65.306732 -279.736938 327.797668
v 61.923016 -287.665405 323.024231
v 62.015064 -281.034698 329.232513
v 65.286049 -287.599213 322.903656
v 65.378098 -280.968475 329.111938
v 58.509342 -244.684311 284.136017
v 60.933983 -282.985077 324.991455
v 64.215286 -244.571976 283.931427
v 66.228645 -282.880859 324.801636
v 61.005341 -284.216614 326.305725
v 66.300003 -284.112396 326.115906
v 61.241657 -245.017136 280.454681
v 61.297009 -241.029907 284.187897
v 79.170853 -576.616882 609.217957
v 79.488319 -568.301147 611.905579
v 79.939178 -576.601746 609.190430
v 78.811485 -567.479797 606.132935
v 79.717392 -567.461975 606.100464
v 80.046585 -585.679138 617.935486
v 79.872719 -578.734192 616.899231
v 74.194710 -484.423492 521.038513
v 74.729462 -480.173615 527.554504
v 74.963043 -484.408356 521.010925
v 74.201202 -482.303589 524.305481
v 75.107109 -482.285767 524.273010
v 69.485054 -398.837433 436.664154
v 69.997299 -394.176300 442.778046
v 70.253387 -398.822296 436.636627
v 69.480286 -396.511353 439.730316
v 70.386192 -396.493500 439.697845
v 64.411407 -308.407318 344.796875
v 64.899330 -303.312164 350.470642
v 65.179741 -308.392212 344.769318
v 64.394470 -305.864471 347.642487
v 65.300377 -305.846619 347.610016
v 65.530540 -205.122894 365.065399
v 65.985939 -198.273560 370.795197
v 66.298866 -205.107773 365.037872
v 65.497345 -201.702911 367.939362
v 66.403252 -201.685089 367.906891
v 79.455246 -462.369385 612.222656
v 79.834473 -453.880127 616.728149
v 80.223579 -462.354248 612.195129
v 79.213669 -454.551147 611.699097
v 80.119576 -454.533325 611.666626
v 80.167435 -468.710754 617.872375
v 80.072304 -462.441589 618.661194
v 76.136803 -397.690674 555.174072
v 76.660706 -392.068817 562.140625
v 76.905136 -397.675537 555.146484
v 76.137871 -394.884857 558.666443
v 77.043777 -394.867035 558.633972
v 72.986732 -338.273895 499.932831
v 73.495590 -332.365692 506.636993
v 73.755066 -338.258759 499.905243
v 72.980286 -335.324310 503.294281
v 73.886185 -335.306488 503.261810
v 69.583313 -276.171265 439.099487
v 70.075859 -269.964874 445.512421
v 70.351646 -276.156158 439.071930
v 69.568695 -273.072968 442.314850
v 70.474602 -273.055115 442.282379
v 63.715687 -172.235214 332.501190
v 64.155380 -166.306168 337.287628
v 64.484016 -172.220093 332.473633
v 63.674644 -169.275345 334.903412
v 64.580551 -169.257507 334.870941
v 79.409836 -457.518677 613.619507
v 79.762970 -449.818542 616.963989
v 80.178169 -457.503540 613.591980
v 79.132263 -449.793213 612.040833
v 80.038170 -449.775391 612.008362
v 80.164581 -464.492981 620.108826
v 80.043671 -458.461975 620.047791
v 75.659477 -386.479645 548.015564
v 76.176262 -381.919678 554.200684
v 76.427811 -386.464508 547.988037
v 75.656990 -384.204742 551.117188
v 76.562897 -384.186920 551.084717
v 72.105408 -320.836670 484.924286
v 72.605217 -315.960876 490.809113
v 72.873741 -320.821533 484.896698
v 72.094437 -318.403351 487.876007
v 73.000336 -318.385529 487.843536
v 68.271858 -251.807800 415.896118
v 68.753288 -246.600632 421.450348
v 69.040192 -251.792694 415.868591
v 68.251678 -249.209061 418.682098
v 69.157585 -249.191223 418.649628
v 63.885101 -164.927917 330.505371
v 63.978218 -158.220062 336.785858
v 67.001869 -158.483871 336.374481
v 69.409081 -159.963211 334.857574
v 70.713295 -163.060440 331.884521
v 70.665169 -166.527557 328.638275
v 69.274223 -169.677841 325.761871
v 66.824608 -171.252731 324.419128
v 63.791981 -171.635818 324.224823
v 60.768333 -171.371948 324.636261
v 58.361122 -169.892670 326.153107
v 57.056904 -166.795441 329.126160
v 57.105034 -163.328323 332.372375
v 58.495979 -160.177979 335.248871
v 60.945591 -158.603088 336.591583
v 64.107430 -160.450043 339.165649
v 67.131081 -160.713852 338.754272
v 69.538292 -162.193192 337.237366
v 70.842506 -165.290421 334.264313
v 70.794380 -168.757538 331.018097
v 69.403435 -171.907822 328.141663
v 66.953827 -173.482712 326.798920
v 63.921196 -173.865799 326.604614
v 60.897549 -173.601929 327.016052
v 58.490334 -172.122650 328.532898
v 57.186119 -169.025421 331.505951
v 57.234249 -165.558304 334.752197
v 58.625195 -162.407959 337.628662
v 61.074806 -160.833069 338.971405
v 64.014313 -167.157898 332.885162
v 62.912144 -167.521988 326.508850
v 63.301731 -161.133209 332.474243
v 64.670685 -167.487366 326.445801
v 64.458313 -161.110443 332.432800
v 63.455067 -176.941040 336.481018
v 63.844658 -170.552261 342.446411
v 65.213608 -176.906418 336.417969
v 65.001236 -170.529495 342.404938
v 62.801685 -164.154556 329.670258
v 64.874725 -164.113754 329.595947
v 63.344608 -173.573608 339.642426
v 65.417648 -173.532806 339.568115
v 62.035938 -166.391617 325.103943
v 62.127983 -159.760895 331.312225
v 57.119030 -83.519127 237.108124
v 57.209389 -77.009827 243.202698
v 60.743294 -83.447777 236.978180
v 60.833652 -76.938477 243.072784
v 65.398972 -166.325424 324.983398
v 65.491020 -159.694702 331.191650
v 62.189953 -169.049576 327.940491
v 62.281998 -162.418854 334.148773
v 65.552986 -168.983368 327.819916
v 65.645035 -162.352646 334.028198
v 56.123371 -80.284950 240.192719
v 61.118263 -162.942825 328.385468
v 61.829311 -80.172630 239.988159
v 66.412926 -162.838593 328.195648
v 61.272278 -165.600769 331.221985
v 66.566940 -165.496552 331.032166
v 58.749058 -78.777603 234.547607
v 58.804409 -74.790382 238.280792
v 63.330578 -165.589005 325.408447
v 63.781818 -159.859253 330.407562
v 64.098907 -165.573883 325.380890
v 63.295319 -162.729004 327.917267
v 64.201225 -162.711166 327.884766
v 65.435966 -202.866455 363.666595
v 65.906540 -197.471863 369.020782
v 66.204300 -202.851334 363.639038
v 65.410370 -200.174210 366.352753
v 66.316277 -200.156372 366.320251
v 63.636837 -160.643387 325.932983
v 63.729954 -153.935532 332.213470
v 66.753601 -154.199356 331.802094
v 69.160812 -155.678696 330.285187
v 70.465027 -158.775925 327.312134
v 70.416901 -162.243042 324.065918
v 69.025955 -165.393326 321.189484
v 66.576347 -166.968216 319.846741
v 63.543716 -167.351303 319.652435
v 60.520069 -167.087433 320.063873
v 58.112854 -165.608154 321.580719
v 56.808640 -162.510910 324.553772
v 56.856770 -159.043808 327.799988
v 58.247715 -155.893463 330.676483
v 60.697327 -154.318573 332.019226
v 63.789822 -154.968781 333.316132
v 66.813469 -155.232605 332.904755
v 69.220688 -156.711929 331.387848
v 70.524902 -159.809174 328.414795
v 70.476776 -163.276276 325.168579
v 69.085831 -166.426559 322.292145
v 66.636215 -168.001450 320.949402
v 63.603588 -168.384552 320.755096
v 60.579941 -168.120667 321.166534
v 58.172726 -166.641388 322.683380
v 56.868507 -163.544159 325.656433
v 56.916637 -160.077042 328.902649
v 58.307583 -156.926697 331.779144
v 60.757195 -155.351822 333.121887
v 63.696705 -161.676636 327.035645
v 62.688953 -163.670181 322.398254
v 63.078541 -157.281403 328.363647
v 64.447495 -163.635574 322.335205
v 64.235115 -157.258636 328.322205
v 62.940216 -168.055771 326.998779
v 63.329803 -161.666992 332.964172
v 64.698753 -168.021149 326.935730
v 64.486382 -161.644226 332.922699
v 62.578491 -160.302765 325.559692
v 64.651535 -160.261948 325.485352
v 62.829754 -164.688339 330.160187
v 64.902794 -164.647537 330.085876
v 61.851654 -163.211288 321.709961
v 61.943703 -156.580566 327.918243
v 59.505001 -124.695877 281.051392
v 59.595360 -118.186577 287.145996
v 63.129261 -124.624535 280.921448
v 63.219624 -118.115234 287.016052
v 65.214691 -163.145096 321.589386
v 65.306732 -156.514374 327.797668
v 61.923016 -164.442841 323.024231
v 62.015064 -157.812119 329.232513
v 65.286049 -164.376633 322.903656
v 65.378098 -157.745911 329.111938
v 58.509342 -121.461716 284.135986
v 60.933983 -159.762497 324.991455
v 64.215286 -121.349396 283.931427
v 66.228645 -159.658264 324.801636
v 61.005341 -160.994034 326.305725
v 66.300003 -160.889816 326.115906
v 61.241657 -121.794548 280.454681
v 61.297009 -117.807320 284.187897
v 79.170853 -453.394287 609.217957
v 79.488319 -445.078552 611.905579
v 79.939178 -453.379150 609.190491
v 78.811485 -444.257294 606.132996
v 79.717392 -444.239471 606.100525
v 80.046585 -462.456543 617.935547
v 79.872719 -455.511658 616.899231
v 74.194710 -361.200897 521.038452
v 74.729462 -356.951019 527.554443
v 74.963043 -361.185760 521.010864
v 74.201202 -359.081024 524.305481
v 75.107109 -359.063202 524.273010
v 69.485054 -275.614838 436.664185
v 69.997299 -270.953705 442.778076
v 70.253387 -275.599731 436.636627
v 69.480286 -273.288788 439.730377
v 70.386192 -273.270935 439.697906
v 64.411407 -185.184738 344.796875
v 64.899330 -180.089584 350.470642
v 65.179741 -185.169617 344.769318
v 64.394470 -182.641876 347.642487
v 65.300377 -182.624054 347.610016
v 10.782463 27.362234 -9.211773
v 9.039307 36.123817 -8.827288
v 10.782463 27.362234 -8.442799
v 9.911339 31.743288 -9.280619
v 9.911339 31.743288 -8.373956
v -329.961151 -79.174706 -9.211769
v -329.840302 -69.564926 -8.827283
v -329.961151 -79.174706 -8.442795
v -325.733032 -72.573532 -9.280615
v -325.733032 -72.573532 -8.373952
v -337.987915 -82.014153 -8.827282
v -335.660217 -76.139221 -8.827283
v -248.757507 -49.936989 -9.211771
v -252.176910 -41.656136 -8.827287
v -248.757507 -49.936989 -8.442797
v -250.466949 -45.796692 -9.280616
v -250.466949 -45.796692 -8.373953
v -171.673920 -24.441833 -9.211773
v -174.725250 -16.036316 -8.827287
v -171.673920 -24.441833 -8.442797
v -173.199341 -20.238533 -9.280617
v -173.199341 -20.238533 -8.373954
v -88.390755 0.716163 -9.211773
v -91.042931 9.242946 -8.827288
v -88.390755 0.716163 -8.442799
v -89.716331 4.979537 -9.280618
v -89.716331 4.979537 -8.373955
v 55.192627 40.517345 -9.211773
v 53.833794 48.018192 -8.827288
v 55.192627 40.517345 -8.442799
v 54.513733 44.268028 -9.280619
v 54.513733 44.268028 -8.373956
v -328.850067 -74.250496 -9.211769
v -328.090790 -65.891174 -8.827285
v -328.850067 -74.250496 -8.442795
v -323.740997 -68.238457 -9.280616
v -323.740997 -68.238457 -8.373953
v -337.918304 -77.240654 -8.827282
v -334.959656 -71.983459 -8.827283
v -237.077118 -43.555183 -9.211772
v -240.322449 -36.581253 -8.827286
v -237.077118 -43.555183 -8.442798
v -238.699524 -40.068321 -9.280616
v -238.699524 -40.068321 -8.373953
v -150.107605 -16.380585 -9.211773
v -152.937408 -9.274343 -8.827287
v -150.107605 -16.380585 -8.442799
v -151.522247 -12.826982 -9.280618
v -151.522247 -12.826982 -8.373955
v -56.298851 10.904574 -9.211773
v -58.678993 18.142195 -8.827288
v -56.298851 10.904574 -8.442800
v -57.488358 14.523406 -9.280619
v -57.488358 14.523406 -8.373956
v 60.447720 45.962059 -8.827287
v 58.169029 54.864655 -8.827289
v 58.278896 54.435406 -5.796619
v 58.797676 52.408600 -3.366176
v 59.858829 48.262779 -2.017469
v 61.036625 43.661266 -2.017466
v 62.097782 39.515446 -3.366173
v 62.616539 37.488716 -5.796615
v 62.726429 37.059391 -8.827285
v 62.616539 37.488716 -11.857955
v 62.097782 39.515442 -14.288398
v 61.036629 43.661263 -15.637106
v 59.858833 48.262775 -15.637108
v 58.797653 52.408676 -14.288401
v 58.278896 54.435406 -11.857958
v 55.007072 54.055325 -8.827289
v 55.116940 53.626076 -5.796619
v 55.635719 51.599274 -3.366176
v 56.696877 47.453449 -2.017469
v 57.874668 42.851936 -2.017466
v 58.935825 38.706116 -3.366173
v 59.454582 36.679386 -5.796615
v 59.564472 36.250061 -8.827285
v 59.454582 36.679386 -11.857955
v 58.935825 38.706116 -14.288398
v 57.874668 42.851936 -15.637106
v 56.696877 47.453449 -15.637108
v 55.635696 51.599346 -14.288401
v 55.116940 53.626076 -11.857958
v 57.285763 45.152733 -8.827287
v 62.740269 41.764702 -9.707292
v 60.571983 50.235954 -9.406061
v 62.740269 41.764702 -7.947280
v 60.571983 50.235954 -8.248516
v 49.454659 38.307869 -9.707292
v 47.286369 46.779121 -9.406061
v 49.454659 38.307869 -7.947280
v 47.286369 46.779121 -8.248516
v 61.595287 46.238022 -9.864674
v 61.595287 46.238022 -7.789899
v 48.309673 42.781193 -9.864673
v 48.309673 42.781193 -7.789899
v 64.550102 42.079372 -10.510208
v 62.297615 50.879597 -10.510211
v 181.672852 72.370323 -10.640932
v 179.461609 81.009392 -10.640934
v 181.672852 72.370323 -7.013639
v 179.461609 81.009392 -7.013642
v 64.550102 42.079372 -7.144363
v 62.297615 50.879597 -7.144366
v 60.781315 41.114719 -10.510208
v 58.528828 49.914944 -10.510211
v 60.781315 41.114719 -7.144363
v 58.528828 49.914944 -7.144366
v 180.567245 76.689857 -11.682642
v 63.372070 46.681816 -11.476830
v 180.567245 76.689865 -5.971931
v 63.372070 46.681816 -6.177742
v 59.603283 45.717163 -11.476830
v 59.603283 45.717163 -6.177742
v 186.128967 75.294182 -8.827286
v 184.774490 80.585983 -8.827287
v 64.616478 42.929459 -9.211773
v 62.975056 50.357975 -8.827288
v 64.616478 42.929459 -8.442799
v 63.795994 46.643898 -9.280619
v 63.795994 46.643898 -8.373956
v 13.096558 28.666897 -9.211773
v 10.982159 35.972530 -8.827288
v 13.096558 28.666897 -8.442799
v 12.039639 32.319660 -9.280619
v 12.039639 32.319660 -8.373956
v 66.522865 47.517044 -8.827287
v 64.244179 56.419636 -8.827289
v 64.354050 55.990387 -5.796619
v 64.872826 53.963585 -3.366176
v 65.933983 49.817760 -2.017469
v 67.111778 45.216251 -2.017466
v 68.172935 41.070427 -3.366173
v 68.691689 39.043701 -5.796615
v 68.801582 38.614376 -8.827285
v 68.691689 39.043701 -11.857955
v 68.172935 41.070427 -14.288398
v 67.111778 45.216248 -15.637107
v 65.933983 49.817760 -15.637108
v 64.872803 53.963661 -14.288401
v 64.354050 55.990387 -11.857958
v 62.779114 56.044640 -8.827289
v 62.888981 55.615395 -5.796619
v 63.407757 53.588589 -3.366176
v 64.468918 49.442768 -2.017469
v 65.646706 44.841255 -2.017466
v 66.707863 40.695435 -3.366173
v 67.226624 38.668705 -5.796615
v 67.336510 38.239380 -8.827285
v 67.226624 38.668705 -11.857955
v 66.707863 40.695431 -14.288398
v 65.646713 44.841251 -15.637107
v 64.468918 49.442764 -15.637108
v 63.407738 53.588665 -14.288401
v 62.888981 55.615395 -11.857958
v 65.057800 47.142048 -8.827287
v 68.201859 43.162640 -9.707292
v 66.033569 51.633892 -9.406060
v 68.201859 43.162640 -7.947280
v 66.033569 51.633892 -8.248516
v 62.053341 41.532604 -9.707292
v 59.885056 50.003857 -9.406061
v 62.053341 41.532604 -7.947280
v 59.885056 50.003857 -8.248516
v 67.056870 47.635960 -9.864674
v 67.056870 47.635960 -7.789900
v 60.908360 46.005928 -9.864674
v 60.908360 46.005928 -7.789899
v 69.059586 43.233608 -10.510207
v 66.807091 52.033836 -10.510211
v 123.287086 57.426010 -10.640932
v 121.075851 66.065086 -10.640935
v 123.287086 57.426010 -7.013639
v 121.075851 66.065086 -7.013641
v 69.059586 43.233608 -7.144363
v 66.807091 52.033836 -7.144365
v 67.313347 42.786648 -10.510207
v 65.060860 51.586872 -10.510211
v 67.313347 42.786648 -7.144363
v 65.060860 51.586872 -7.144366
v 122.181465 61.745544 -11.682643
v 67.881546 47.836052 -11.476830
v 122.181465 61.745544 -5.971931
v 67.881546 47.836052 -6.177743
v 66.135315 47.389091 -11.476830
v 66.135315 47.389091 -6.177743
v 125.133949 59.682014 -8.827287
v 123.779465 64.973816 -8.827288
v -323.001923 -72.753616 -9.211769
v -321.369843 -64.170898 -8.827285
v -323.001923 -72.753616 -8.442795
v -315.891418 -66.229286 -9.280616
v -315.891418 -66.229286 -8.373953
v -335.030762 -76.501564 -8.827282
v -330.776306 -70.912704 -8.827283
v -201.233612 -34.380753 -9.211771
v -204.918640 -27.519356 -8.827287
v -201.233612 -34.380753 -8.442797
v -203.075806 -30.950134 -9.280617
v -203.075806 -30.950134 -8.373954
v -85.986259 0.031795 -9.211773
v -89.120399 7.060138 -8.827287
v -85.986259 0.031795 -8.442798
v -87.552925 3.546485 -9.280617
v -87.552925 3.546485 -8.373954
v 38.167992 35.084133 -9.211773
v 35.629025 42.281097 -8.827288
v 38.167992 35.084133 -8.442800
v 36.899254 38.682678 -9.280619
v 36.899254 38.682678 -8.373956
v 73.561295 -65.528015 13.565573
v 61.862759 -65.190231 14.566431
v 29.919281 -48.499954 15.270041
v 28.452587 -44.122231 14.837572
v -0.038857 -40.240662 16.881466
v -11.831093 -30.713179 16.707998
v -10.966164 -28.616980 16.361013
v 5.948330 -34.550026 15.614616
v -16.764053 -21.232290 15.928206
v 0.650932 -39.045563 16.666080
v -39.541542 -27.692579 18.792974
v -39.743217 -25.643576 18.547277
v 28.267349 -51.262260 15.773011
v -16.091942 -23.019697 16.098238
v 73.517166 -65.387039 7.724520
v 61.818638 -65.049248 8.725376
v 29.875153 -48.358963 9.428987
v 28.408478 -43.981247 8.996519
v -0.082973 -40.099678 11.040409
v -11.875214 -30.572205 10.866944
v -11.010284 -28.476006 10.519958
v 5.904213 -34.409050 9.773563
v -16.808189 -21.091309 10.087150
v 0.606819 -38.904579 10.825024
v -39.585663 -27.551603 12.951921
v -39.787338 -25.502592 12.706223
v 28.223236 -51.121277 9.931956
v -16.136055 -22.878708 10.257182
v 35.948357 -51.566383 14.303124
v 37.027519 -49.807503 13.980428
v -39.813805 -26.340750 17.819963
v -20.506409 -23.414907 13.629758
v -31.477264 -19.864805 14.152240
v -48.884415 -23.682936 18.287645
v -50.502319 -19.691275 17.918364
v -40.905190 -14.861533 14.349964
v -56.581833 -15.127540 17.873743
v -46.756813 -10.336276 14.289955
v -63.935432 -11.577121 18.073269
v -52.951790 -4.563308 14.983212
v -65.246452 -4.803362 17.318722
v -71.869987 -9.607390 18.528091
v -73.826378 -3.733145 17.946922
v -81.197334 -8.302778 19.192844
v -81.959312 -1.458899 18.380077
v -88.646004 -3.862349 19.286320
v -90.319115 2.954328 18.558395
v -92.744209 2.832448 18.790565
v -95.459389 -1.121417 19.541801
v -101.280464 -0.964053 20.041199
v -104.836067 6.408308 19.409809
v -106.599953 2.573774 20.060764
v -120.432442 11.864275 20.099934
v -122.380547 8.953974 20.648388
v -159.022095 25.459093 21.795225
v -160.214661 22.658598 22.262102
v -211.299438 41.878654 24.348888
v -210.758331 39.595749 24.594387
v -267.462952 57.849415 27.307220
v -264.214355 54.470043 27.452141
v -15.487587 -22.710424 14.295600
v -48.459061 -10.493529 16.552235
v -42.894333 -15.020473 16.638079
v -34.305923 -20.660017 16.597181
v -32.243561 -23.252867 16.746767
v -21.227989 -26.309950 16.156843
v -12.384750 -32.390564 16.149961
v -6.143471 -31.752737 15.510715
v -14.090363 -28.624090 15.817487
v -3.053223 -30.645910 15.092401
v -17.664291 -26.104933 15.812322
v -9.779030 -29.775404 15.580785
v 35.916718 -51.465248 10.112763
v 36.995865 -49.706367 9.790065
v -39.845467 -26.239607 13.629601
v -48.916061 -23.581793 14.097285
v -50.533974 -19.590132 13.728002
v -56.613495 -15.026401 13.683382
v -63.967094 -11.475978 13.882910
v -52.965164 -4.520576 13.212514
v -65.278099 -4.702216 13.127999
v -71.901649 -9.506255 14.337732
v -73.858025 -3.632003 13.756200
v -81.228981 -8.201636 15.002483
v -81.990944 -1.357756 14.189715
v -88.677666 -3.761214 15.095956
v -90.350777 3.055471 14.368030
v -92.775856 2.933587 14.600205
v -95.491035 -1.020278 15.351441
v -101.312111 -0.862914 15.850837
v -104.867714 6.509450 15.219446
v -106.631615 2.674913 15.870400
v -120.464088 11.965417 15.909569
v -122.412209 9.055116 16.458027
v -159.053741 25.560228 17.604864
v -160.246277 22.759733 18.071741
v -211.331085 41.979790 20.158524
v -210.790009 39.696884 20.404018
v -267.494568 57.950539 23.116863
v -264.246002 54.571175 23.261776
v -15.505829 -22.652145 11.880649
v -48.490715 -10.392394 12.361876
v -42.925987 -14.919333 12.447716
v -34.337585 -20.558876 12.406819
v -32.275223 -23.151733 12.556405
v -21.259636 -26.208817 11.966481
v -12.416405 -32.289429 11.959600
v -6.175117 -31.651604 11.320354
v -14.122017 -28.522949 11.627126
v -3.084869 -30.544769 10.902040
v -17.695946 -26.003792 11.621963
v -9.810692 -29.674271 11.390422
v -53.094170 -4.759978 14.138038
v -62.598495 2.467645 14.056319
v -65.185982 -5.206153 15.274898
v -59.861076 0.019410 14.673329
v -67.706841 -0.795310 17.054367
v -74.002281 -3.942069 15.899247
v -82.332527 -2.014861 16.394863
v -90.306358 2.460622 16.530708
v -92.818398 2.340440 16.770424
v -104.826286 5.825628 17.393837
v -120.839989 11.353593 18.111954
v -66.893120 2.048562 14.493636
v -73.804619 0.462106 17.436893
v -77.570229 4.316895 15.154855
v -79.520927 2.269784 17.714542
v -81.825279 7.058568 15.181856
v -84.787895 5.329641 17.790932
v -91.172279 8.593488 15.818727
v -92.152534 6.899442 18.246346
v -102.907112 12.796834 16.325338
v -103.408485 10.897889 18.736580
v -119.419212 16.445822 19.451857
v -118.845329 18.352360 17.033167
v -167.738586 34.766766 19.285395
v -163.320648 31.344690 21.453505
v -159.223816 24.967325 19.786436
v -211.266510 41.366379 22.321789
v -213.520844 45.354523 24.131863
v -266.180023 60.706486 26.857010
v -282.587738 63.835690 27.919001
v -293.882721 63.976749 28.909151
v -233.138611 55.139023 22.501816
v -266.379883 64.559044 24.256937
v -297.140717 72.852379 25.935637
v -297.162292 69.154449 28.535574
v -309.808899 71.679237 29.339605
v -311.751343 68.562187 29.914160
v -318.081299 72.171715 30.014700
v -320.675690 70.400246 30.474283
v -311.095062 76.022247 26.773397
v -319.507141 77.135689 27.381044
v -328.797668 76.830818 28.249647
v -335.283173 72.721634 29.357450
v -265.438599 56.740631 25.179123
v -71.809578 2.398957 14.887433
v -284.729218 66.010727 27.830252
v -183.408173 37.724045 22.425718
v -183.378784 32.571941 20.964064
v -187.031708 37.089764 22.830824
v -190.409485 39.951302 22.764084
v -194.865997 39.579517 23.209770
v -199.755219 42.897453 23.219223
v -204.322113 42.518982 23.675617
v -209.340668 45.706268 23.713432
v -290.399811 64.517258 28.528673
v -194.877960 43.507050 20.583279
v -59.869347 0.045846 13.578063
v -67.738976 -0.692618 12.799834
v -73.836769 0.564790 13.182359
v -79.553047 2.372472 13.460008
v -84.820030 5.432332 13.536399
v -92.184685 7.002130 13.991812
v -103.440636 11.000581 14.482044
v -119.451363 16.548512 15.197323
v -163.352783 31.447393 17.198973
v -213.552979 45.457214 19.877327
v -266.212128 60.809151 22.602478
v -282.619843 63.938385 23.664469
v -293.914795 64.079430 24.654623
v -297.194397 69.257133 24.281034
v -309.841034 71.781914 25.085073
v -311.783447 68.664856 25.659628
v -318.113403 72.274414 25.760168
v -320.707825 70.502914 26.219755
v -284.761353 66.113403 23.575720
v -183.440308 37.826729 18.171183
v -187.063873 37.192459 18.576288
v -190.441620 40.053986 18.509552
v -194.898132 39.682213 18.955231
v -199.787354 43.000137 18.964687
v -204.354279 42.621666 19.421082
v -209.372833 45.808952 19.458897
v -290.431915 64.619942 24.274141
v 121.119492 -80.400269 13.048278
v 109.420975 -80.062485 14.049134
v 77.477501 -63.372185 14.752747
v 76.010796 -58.994469 14.320276
v 47.519341 -55.112900 16.364170
v 35.727119 -45.585434 16.190708
v 36.592045 -43.489227 15.843719
v 53.506550 -49.422279 15.097323
v 30.794136 -36.104538 15.410912
v 48.209145 -53.917801 16.148785
v 8.016663 -42.564819 18.275681
v 7.814995 -40.515823 18.029984
v 75.825554 -66.134506 15.255714
v 31.466267 -37.891930 15.580942
v 121.075378 -80.259277 7.207223
v 109.376862 -79.921501 8.208079
v 77.433342 -63.231201 8.911690
v 75.966667 -58.853493 8.479223
v 47.475227 -54.971931 10.523114
v 35.682991 -45.444450 10.349652
v 36.547913 -43.348244 10.002665
v 53.462425 -49.281288 9.256269
v 30.750023 -35.963554 9.569857
v 48.165035 -53.776833 10.307731
v 7.972542 -42.423843 12.434624
v 7.770851 -40.374847 12.188927
v 75.781456 -65.993515 9.414660
v 31.422146 -37.750954 9.739887
v 83.506569 -66.438622 13.785830
v 84.585739 -64.679764 13.463131
v 7.744400 -41.212997 17.302670
v 27.051796 -38.287155 13.112463
v 16.080948 -34.737053 13.634943
v -1.326202 -38.555176 17.770351
v -2.944107 -34.563515 17.401064
v 6.653023 -29.733770 13.832669
v -9.023613 -29.999784 17.356447
v 0.801384 -25.208525 13.772658
v -16.377228 -26.449354 17.555975
v -5.393578 -19.435553 14.465917
v -17.688232 -19.675604 16.801428
v -24.311775 -24.479635 18.010798
v -26.268173 -18.605398 17.429628
v -33.639130 -23.175016 18.675550
v -34.401093 -16.331141 17.862783
v -41.087799 -18.734591 18.769026
v -42.760902 -11.917914 18.041096
v -45.185989 -12.039794 18.273270
v -47.901192 -15.993658 19.024508
v -53.722260 -15.836298 19.523905
v -57.277870 -8.463935 18.892513
v -59.041756 -12.298471 19.543468
v -72.874214 -3.007964 19.582634
v -74.822334 -5.918265 20.131092
v -111.463890 10.586851 21.277927
v -112.656425 7.786348 21.744804
v -163.741241 27.006414 23.831591
v -163.200104 24.723501 24.077089
v -219.904724 42.977161 26.789928
v -216.656189 39.597790 26.934845
v 32.070610 -37.582672 13.778305
v -0.900856 -25.365767 16.034941
v 4.663872 -29.892706 16.120779
v 13.252296 -35.532257 16.079885
v 15.314651 -38.125114 16.229469
v 26.330219 -41.182205 15.639545
v 35.173462 -47.262817 15.632667
v 41.414745 -46.624985 14.993421
v 33.467842 -43.496338 15.300192
v 44.504986 -45.518150 14.575107
v 29.893913 -40.977180 15.295031
v 37.779167 -44.647652 15.063489
v 83.474899 -66.337486 9.595467
v 84.554100 -64.578613 9.272770
v 7.712753 -41.111862 13.112305
v -1.357857 -38.454041 13.579988
v -2.975769 -34.462372 13.210705
v -9.055267 -29.898642 13.166083
v -16.408882 -26.348227 13.365613
v -5.406960 -19.392813 12.695220
v -17.719887 -19.574459 12.610703
v -24.343430 -24.378492 13.820436
v -26.299828 -18.504248 13.238903
v -33.670769 -23.073881 14.485188
v -34.432732 -16.229994 13.672422
v -41.119446 -18.633451 14.578663
v -42.792549 -11.816775 13.850737
v -45.217644 -11.938659 14.082909
v -47.932838 -15.892516 14.834146
v -53.753914 -15.735160 15.333542
v -57.309532 -8.362800 14.702152
v -59.073387 -12.197333 15.353106
v -72.905876 -2.906825 15.392274
v -74.853981 -5.817130 15.940730
v -111.495552 10.687985 17.087566
v -112.688118 7.887491 17.554443
v -163.772919 27.107553 19.641230
v -163.231812 24.824640 19.886728
v -219.936340 43.078300 22.599564
v -216.687836 39.698929 22.744476
v 32.052368 -37.524384 11.363354
v -0.932503 -25.264633 11.844579
v 4.632225 -29.791573 11.930419
v 13.220631 -35.431114 11.889523
v 15.282990 -38.023979 12.039108
v 26.298553 -41.081062 11.449184
v 35.141804 -47.161674 11.442306
v 41.383080 -46.523849 10.803058
v 33.436188 -43.395195 11.109831
v 44.473324 -45.417023 10.384744
v 29.862267 -40.876038 11.104666
v 37.747528 -44.546516 10.873130
v -5.535973 -19.632215 13.620744
v -15.040283 -12.404601 13.539022
v -17.627762 -20.078398 14.757602
v -12.302872 -14.852828 14.156033
v -20.148643 -15.667548 16.537069
v -26.444069 -18.814314 15.381950
v -34.774323 -16.887106 15.877567
v -42.748154 -12.411613 16.013412
v -45.260178 -12.531814 16.253128
v -57.268074 -9.046615 16.876541
v -73.281792 -3.518652 17.594654
v -19.334923 -12.823680 13.976339
v -26.246422 -14.410140 16.919596
v -30.012016 -10.555350 14.637560
v -31.962708 -12.602458 17.197247
v -34.267075 -7.813670 14.664562
v -37.229691 -9.542602 17.273636
v -43.614067 -6.278754 15.301431
v -44.594337 -7.972800 17.729050
v -55.348907 -2.075408 15.808043
v -55.850273 -3.974356 18.219284
v -71.861000 1.573579 18.934563
v -71.287117 3.480119 16.515873
v -120.180367 19.894531 18.768095
v -115.762413 16.472448 20.936205
v -111.665611 10.095091 19.269138
v -163.708313 26.494143 21.804495
v -165.962677 30.482294 23.614569
v -218.621826 45.834232 26.339714
v -235.029480 48.963459 27.401707
v -246.324463 49.104511 28.391857
v -185.580414 40.266781 21.984520
v -218.821686 49.686790 23.739647
v -249.582489 57.980137 25.418343
v -249.604065 54.282207 28.018272
v -262.250732 56.806995 28.822308
v -264.193115 53.689945 29.396866
v -270.523102 57.299473 29.497406
v -273.117493 55.528019 29.956989
v -263.536896 61.150036 26.256100
v -271.949005 62.263477 26.863750
v -281.239410 61.958576 27.732353
v -287.724915 57.849377 28.840157
v -217.880463 41.868393 24.661827
v -24.251381 -12.473289 14.370138
v -237.171021 51.138477 27.312958
v -135.849945 22.851795 21.908422
v -135.820587 17.699703 20.446768
v -139.473511 22.217531 22.313528
v -142.851288 25.079058 22.246790
v -147.307800 24.707285 22.692472
v -152.197021 28.025209 22.701925
v -156.763916 27.646742 23.158319
v -161.782471 30.834028 23.196138
v -242.841614 49.645023 28.011379
v -147.319763 28.634817 20.065985
v -12.311142 -14.826392 13.060766
v -20.180779 -15.564864 12.282537
v -26.278564 -14.307456 12.665062
v -31.994850 -12.499770 12.942713
v -37.261826 -9.439914 13.019104
v -44.626480 -7.870116 13.474518
v -55.882416 -3.871669 13.964749
v -71.893135 1.676271 14.680030
v -115.794563 16.575130 16.681673
v -165.994781 30.584982 19.360037
v -218.653992 45.936913 22.085178
v -235.061676 49.066132 23.147175
v -246.356628 49.207199 24.137325
v -249.636200 54.384895 23.763741
v -262.282898 56.909676 24.567780
v -264.225281 53.792633 25.142330
v -270.555267 57.402161 25.242870
v -273.149658 55.630711 25.702457
v -237.203156 51.241165 23.058426
v -135.882111 22.954485 17.653887
v -139.505676 22.320227 18.058996
v -142.883423 25.181738 17.992258
v -147.339966 24.809973 18.437937
v -152.229156 28.127897 18.447393
v -156.796021 27.749426 18.903788
v -161.814636 30.936712 18.941603
v -242.873749 49.747711 23.756844
vn -0.5992 0.0362 0.7998
vn -0.5991 0.0373 0.7998
vn -0.7971 0.2955 -0.5265
vn -0.8307 0.4649 -0.3063
vn -0.9792 0.0612 -0.1932
vn -0.8821 -0.3579 -0.3063
vn -0.8277 -0.1941 -0.5265
vn -0.5990 0.0387 0.7998
vn -0.5990 0.0375 0.7998
vn 0.5990 -0.0377 0.7998
vn 0.5990 -0.0387 0.7998
vn 0.9792 -0.0612 -0.1932
vn 0.8821 0.3579 -0.3063
vn 0.8277 0.1941 -0.5265
vn 0.7971 -0.2955 -0.5265
vn 0.8307 -0.4649 -0.3063
vn 0.5991 -0.0374 0.7998
vn 0.5992 -0.0362 0.7998
vn -0.7605 0.6491 0.0164
vn -0.7602 0.6494 0.0201
vn -0.7604 0.6492 0.0180
vn -0.8353 -0.5495 0.0180
vn -0.8351 -0.5497 0.0201
vn -0.8354 -0.5494 0.0164
vn 0.8353 0.5495 0.0180
vn 0.8351 0.5497 0.0201
vn 0.8354 0.5494 0.0164
vn 0.7605 -0.6491 0.0164
vn 0.7602 -0.6494 0.0201
vn 0.7604 -0.6492 0.0180
vn -0.9793 0.0611 -0.1932
vn 0.9792 -0.0613 -0.1932
vn -0.9792 0.0613 -0.1932
vn 0.9793 -0.0611 -0.1932
vn -0.7981 0.6007 -0.0465
vn -0.7970 0.6007 -0.0636
vn -0.8655 -0.4968 -0.0636
vn -0.8667 -0.4967 -0.0465
vn 0.8655 0.4968 -0.0636
vn 0.8667 0.4967 -0.0465
vn 0.7981 -0.6007 -0.0465
vn 0.7970 -0.6007 -0.0636
vn -0.9922 0.0549 -0.1117
vn -0.9857 0.1033 -0.1331
vn -0.9850 0.0532 -0.1643
vn 0.9945 0.1032 0.0176
vn 0.9977 0.0549 0.0397
vn 0.9985 0.0532 -0.0134
vn -0.0136 -0.9837 0.1791
vn -0.0137 -0.9837 0.1796
vn -0.0135 -0.9840 0.1777
vn 0.9996 0.0202 0.0188
vn 0.9992 0.0374 -0.0129
vn -0.9910 0.0202 -0.1327
vn -0.9858 0.0374 -0.1639
vn 0.9977 0.0549 0.0398
vn 0.9958 0.0633 0.0664
vn 0.9967 -0.0179 0.0790
vn 0.9967 -0.0175 0.0786
vn -0.9910 0.0202 -0.1326
vn -0.9972 -0.0175 -0.0730
vn -0.9960 0.0362 -0.0815
vn -0.9972 -0.0179 -0.0727
vn -0.0137 -0.9836 0.1796
vn -0.0136 -0.9837 0.1792
vn -0.0125 -0.9863 0.1644
vn -0.0113 -0.9889 0.1481
vn -0.0137 -0.9836 0.1797
vn -0.9884 0.1189 -0.0940
vn -0.9857 0.1032 -0.1331
vn -0.9884 0.1190 -0.0940
vn 0.9945 0.1032 0.0175
vn 0.9913 0.1195 0.0556
vn 0.9958 0.0634 0.0664
vn 0.9913 0.1194 0.0557
vn 0.9968 -0.0180 0.0782
vn 0.9962 0.0500 0.0709
vn -0.9972 -0.0174 -0.0728
vn -0.9971 -0.0180 -0.0740
vn -0.9954 0.0499 -0.0817
vn -0.9971 -0.0180 -0.0735
vn -0.0113 -0.9889 0.1480
vn -0.0125 -0.9863 0.1643
vn -0.0088 -0.9933 0.1154
vn -0.0075 -0.9951 0.0990
vn -0.9885 0.1189 -0.0939
vn -0.9954 0.0500 -0.0817
vn -0.9892 0.1179 -0.0871
vn 0.9911 0.1177 0.0617
vn 0.9969 0.0274 0.0744
vn 0.9946 0.0730 0.0739
vn 0.9969 -0.0181 0.0763
vn 0.9968 -0.0181 0.0774
vn 0.9969 -0.0181 0.0770
vn 0.9968 -0.0180 0.0774
vn -0.9970 -0.0181 -0.0754
vn -0.9967 0.0274 -0.0765
vn -0.9942 0.0729 -0.0796
vn -0.9970 -0.0181 -0.0749
vn -0.9971 -0.0180 -0.0737
vn -0.9970 -0.0181 -0.0748
vn -0.9971 -0.0181 -0.0744
vn -0.0041 -0.9986 0.0533
vn -0.0018 -0.9997 0.0241
vn -0.0045 -0.9986 0.0533
vn -0.0041 -0.9986 0.0534
vn -0.0073 -0.9951 0.0990
vn -0.9967 0.0275 -0.0765
vn -0.9899 0.1183 -0.0782
vn -0.9896 0.1182 -0.0816
vn -0.9896 0.1182 -0.0817
vn 0.9906 0.1182 0.0690
vn 0.9903 0.1183 0.0725
vn 0.9962 0.0501 0.0709
vn 0.9906 0.1182 0.0689
vn -0.0006 -1.0000 0.0083
vn -0.0013 -0.9999 0.0166
vn -0.0001 1.0000 0.0016
vn -0.0003 1.0000 0.0033
vn -0.0000 -1.0000 -0.0000
vn -0.0001 1.0000 0.0015
vn -0.0000 1.0000 -0.0000
vn -0.0001 1.0000 0.0017
vn 0.9969 -0.0181 0.0764
vn 0.9971 -0.0000 0.0758
vn 0.9753 -0.2073 0.0757
vn 0.9794 -0.1871 0.0761
vn 0.9969 -0.0180 0.0764
vn 0.9969 -0.0178 0.0764
vn 0.9728 0.2191 0.0748
vn 0.9719 0.2233 0.0743
vn 0.9971 -0.0000 0.0759
vn 0.9969 -0.0179 0.0764
vn -0.0759 -0.0000 0.9971
vn -0.9756 -0.2073 -0.0727
vn -0.9944 0.0747 -0.0754
vn -0.9971 0.0093 -0.0753
vn -0.9796 -0.1871 -0.0735
vn -0.9971 0.0094 -0.0753
vn -0.9943 0.0747 -0.0754
vn -0.9710 0.2275 -0.0731
vn -0.9723 0.2219 -0.0737
vn -0.9971 0.0095 -0.0753
vn -0.9723 0.2218 -0.0737
vn 0.9729 0.2190 0.0740
vn 0.9935 0.0853 0.0756
vn 0.9795 -0.1871 0.0745
vn 0.9935 0.0851 0.0756
vn -0.9796 -0.1871 -0.0736
vn -0.9957 -0.0527 -0.0758
vn -0.9795 -0.1871 -0.0745
vn -0.9723 0.2217 -0.0737
vn -0.9729 0.2190 -0.0740
vn -0.9957 -0.0525 -0.0758
vn -0.9971 0.0096 -0.0753
vn -0.0006 -1.0000 0.0080
vn 0.0006 1.0000 -0.0080
vn 0.9911 0.1105 0.0745
vn 0.9970 0.0142 0.0758
vn 0.9952 0.0624 0.0752
vn 0.9970 0.0141 0.0758
vn 0.9965 -0.0341 0.0761
vn -0.9966 -0.0341 -0.0756
vn -0.9951 0.0624 -0.0762
vn -0.9970 0.0141 -0.0760
vn -0.9909 0.1105 -0.0763
vn -0.9970 0.0142 -0.0760
vn 0.0759 -0.0000 -0.9971
vn 0.0758 -0.0000 -0.9971
vn -0.9952 -0.0623 -0.0757
vn -0.8895 -0.4519 -0.0677
vn -0.9448 -0.3198 -0.0719
vn -0.9952 0.0622 -0.0757
vn -0.8894 -0.4520 -0.0677
vn -0.5314 -0.8462 -0.0404
vn -0.6910 -0.7209 -0.0526
vn -0.9447 -0.3199 -0.0719
vn -0.5313 -0.8462 -0.0404
vn 0.1265 -0.9919 0.0096
vn -0.1266 -0.9919 -0.0096
vn -0.6909 -0.7211 -0.0526
vn -0.1267 -0.9919 -0.0097
vn 0.1267 -0.9919 0.0097
vn 0.6909 -0.7211 0.0526
vn 0.5313 -0.8462 0.0404
vn -0.1265 -0.9919 -0.0096
vn 0.1267 -0.9919 0.0096
vn 0.6910 -0.7209 0.0527
vn 0.9447 -0.3199 0.0719
vn 0.8894 -0.4520 0.0677
vn 0.5314 -0.8462 0.0404
vn 0.6911 -0.7209 0.0526
vn 0.8894 -0.4521 0.0677
vn 0.9448 -0.3197 0.0719
vn 0.9952 0.0622 0.0757
vn 0.9952 -0.0623 0.0757
vn 0.8895 -0.4520 0.0677
vn 0.9448 -0.3198 0.0719
vn 0.9952 0.0623 0.0757
vn 0.8895 0.4519 0.0677
vn 0.9448 0.3197 0.0719
vn 0.9952 -0.0622 0.0757
vn 0.9448 0.3198 0.0719
vn 0.8894 0.4521 0.0677
vn 0.5314 0.8461 0.0404
vn 0.6911 0.7209 0.0526
vn 0.9447 0.3199 0.0719
vn 0.8894 0.4520 0.0677
vn 0.6910 0.7209 0.0526
vn 0.5313 0.8462 0.0404
vn -0.1265 0.9919 -0.0096
vn 0.1267 0.9919 0.0096
vn 0.6909 0.7210 0.0526
vn -0.1267 0.9919 -0.0096
vn -0.6909 0.7210 -0.0526
vn -0.5313 0.8462 -0.0404
vn 0.1265 0.9919 0.0096
vn -0.6910 0.7209 -0.0527
vn -0.9447 0.3199 -0.0719
vn -0.8894 0.4520 -0.0677
vn -0.5314 0.8462 -0.0405
vn -0.6910 0.7209 -0.0526
vn -0.9448 0.3198 -0.0719
vn -0.9952 -0.0622 -0.0757
vn -0.9952 0.0623 -0.0757
vn -0.8895 0.4519 -0.0677
vn 0.9917 0.0549 0.1162
vn 0.9851 0.1033 0.1377
vn 0.9842 0.0532 0.1689
vn -0.9944 0.1032 -0.0221
vn -0.9975 0.0549 -0.0443
vn -0.9985 0.0532 0.0088
vn 0.0145 -0.9837 -0.1790
vn 0.0145 -0.9837 -0.1795
vn 0.0143 -0.9840 -0.1777
vn -0.9995 0.0202 -0.0234
vn -0.9993 0.0374 0.0083
vn 0.9903 0.0202 0.1372
vn 0.9917 0.0549 0.1163
vn 0.9850 0.0374 0.1685
vn -0.9955 0.0633 -0.0710
vn -0.9963 -0.0179 -0.0836
vn -0.9964 -0.0177 -0.0832
vn 0.9968 -0.0175 0.0776
vn 0.9956 0.0362 0.0861
vn 0.9968 -0.0179 0.0773
vn 0.0145 -0.9836 -0.1796
vn 0.0145 -0.9837 -0.1792
vn 0.0135 -0.9863 -0.1643
vn 0.0119 -0.9889 -0.1480
vn 0.0145 -0.9836 -0.1798
vn 0.0133 -0.9863 -0.1643
vn 0.9880 0.1189 0.0985
vn 0.9851 0.1032 0.1377
vn 0.9880 0.1190 0.0985
vn -0.9910 0.1195 -0.0602
vn -0.9955 0.0634 -0.0710
vn -0.9910 0.1194 -0.0602
vn -0.9964 -0.0177 -0.0831
vn -0.9959 0.0500 -0.0755
vn -0.9964 -0.0180 -0.0828
vn 0.9968 -0.0180 0.0784
vn 0.9950 0.0499 0.0863
vn 0.9968 -0.0180 0.0781
vn 0.0120 -0.9889 -0.1480
vn 0.0093 -0.9933 -0.1153
vn 0.0080 -0.9951 -0.0990
vn 0.0117 -0.9889 -0.1480
vn 0.9950 0.0500 0.0863
vn 0.9888 0.1179 0.0917
vn 0.9880 0.1190 0.0984
vn -0.9908 0.1177 -0.0661
vn -0.9908 0.1177 -0.0662
vn -0.9965 0.0274 -0.0790
vn -0.9942 0.0730 -0.0785
vn -0.9966 -0.0181 -0.0809
vn -0.9965 -0.0180 -0.0819
vn -0.9965 -0.0181 -0.0815
vn -0.9965 -0.0181 -0.0819
vn 0.9967 -0.0181 0.0797
vn 0.9966 -0.0181 0.0800
vn 0.9963 0.0274 0.0811
vn 0.9938 0.0729 0.0841
vn 0.9967 -0.0181 0.0795
vn 0.9968 -0.0180 0.0783
vn 0.9967 -0.0181 0.0796
vn 0.9967 -0.0180 0.0789
vn 0.0043 -0.9986 -0.0533
vn 0.0019 -0.9997 -0.0241
vn 0.0047 -0.9986 -0.0533
vn 0.0080 -0.9951 -0.0989
vn 0.9963 0.0275 0.0811
vn 0.9895 0.1183 0.0827
vn 0.9892 0.1182 0.0862
vn 0.9895 0.1184 0.0827
vn 0.9888 0.1179 0.0916
vn -0.9903 0.1182 -0.0736
vn -0.9900 0.1183 -0.0770
vn -0.9959 0.0501 -0.0755
vn -0.9908 0.1177 -0.0663
vn 0.0007 -1.0000 -0.0083
vn 0.0013 -0.9999 -0.0166
vn 0.0001 1.0000 -0.0016
vn 0.0003 1.0000 -0.0033
vn 0.0001 1.0000 -0.0015
vn 0.0001 1.0000 -0.0017
vn -0.9966 -0.0180 -0.0810
vn -0.9968 -0.0000 -0.0804
vn -0.9750 -0.2074 -0.0802
vn -0.9790 -0.1871 -0.0806
vn -0.9965 -0.0181 -0.0810
vn -0.9750 -0.2073 -0.0802
vn -0.9966 -0.0179 -0.0810
vn -0.9725 0.2190 -0.0789
vn -0.9716 0.2233 -0.0788
vn -0.9968 -0.0000 -0.0805
vn -0.9966 -0.0178 -0.0810
vn 0.0805 -0.0000 -0.9968
vn 0.0804 -0.0000 -0.9968
vn 0.9752 -0.2073 0.0772
vn 0.9940 0.0746 0.0800
vn 0.9968 0.0094 0.0799
vn 0.9792 -0.1871 0.0780
vn 0.9940 0.0748 0.0800
vn 0.9707 0.2275 0.0776
vn 0.9719 0.2219 0.0782
vn 0.9968 0.0096 0.0799
vn 0.9940 0.0747 0.0800
vn 0.9720 0.2217 0.0782
vn -0.9725 0.2191 -0.0785
vn -0.9931 0.0853 -0.0802
vn -0.9726 0.2190 -0.0785
vn -0.9792 -0.1871 -0.0790
vn -0.9931 0.0851 -0.0802
vn 0.9792 -0.1871 0.0781
vn 0.9954 -0.0527 0.0804
vn 0.9792 -0.1871 0.0790
vn 0.9792 -0.1871 0.0782
vn 0.9968 0.0095 0.0799
vn 0.9720 0.2218 0.0782
vn 0.9725 0.2191 0.0785
vn 0.9954 -0.0525 0.0803
vn 0.9726 0.2190 0.0785
vn 0.0006 -1.0000 -0.0080
vn -0.0006 1.0000 0.0080
vn -0.9907 0.1105 -0.0791
vn -0.9967 0.0142 -0.0803
vn -0.9949 0.0624 -0.0798
vn -0.9907 0.1104 -0.0791
vn -0.9967 0.0141 -0.0803
vn -0.9962 -0.0341 -0.0807
vn 0.9962 -0.0341 0.0801
vn 0.9948 0.0624 0.0808
vn 0.9966 0.0141 0.0806
vn 0.9906 0.1105 0.0808
vn 0.9966 0.0142 0.0806
vn -0.0804 -0.0000 0.9968
vn -0.0805 -0.0000 0.9968
vn 0.9948 -0.0623 0.0803
vn 0.8891 -0.4520 0.0718
vn 0.9444 -0.3198 0.0762
vn 0.9948 0.0622 0.0803
vn 0.5312 -0.8462 0.0429
vn 0.6908 -0.7209 0.0557
vn 0.9444 -0.3200 0.0762
vn 0.8891 -0.4521 0.0718
vn 0.6908 -0.7209 0.0558
vn 0.5311 -0.8462 0.0428
vn -0.1264 -0.9919 -0.0102
vn 0.1265 -0.9919 0.0102
vn 0.6907 -0.7210 0.0558
vn 0.5311 -0.8462 0.0429
vn 0.1266 -0.9919 0.0102
vn -0.1266 -0.9919 -0.0102
vn -0.6907 -0.7210 -0.0558
vn -0.5311 -0.8462 -0.0429
vn 0.1264 -0.9919 0.0102
vn -0.6908 -0.7209 -0.0559
vn -0.9444 -0.3199 -0.0762
vn -0.8891 -0.4520 -0.0718
vn -0.5312 -0.8461 -0.0429
vn -0.6908 -0.7209 -0.0557
vn -0.8891 -0.4521 -0.0718
vn -0.9444 -0.3198 -0.0762
vn -0.9948 0.0622 -0.0803
vn -0.9948 -0.0623 -0.0803
vn -0.9948 -0.0624 -0.0803
vn -0.9948 0.0623 -0.0803
vn -0.8891 0.4520 -0.0718
vn -0.9444 0.3198 -0.0762
vn -0.9948 -0.0622 -0.0803
vn -0.5312 0.8462 -0.0429
vn -0.6908 0.7209 -0.0558
vn -0.9444 0.3200 -0.0762
vn -0.8891 0.4521 -0.0718
vn -0.5311 0.8462 -0.0429
vn 0.1265 0.9919 0.0102
vn -0.1266 0.9919 -0.0102
vn -0.6907 0.7210 -0.0557
vn 0.6907 0.7210 0.0557
vn 0.5311 0.8462 0.0429
vn -0.1265 0.9919 -0.0102
vn 0.1266 0.9919 0.0102
vn 0.6908 0.7209 0.0558
vn 0.9444 0.3199 0.0762
vn 0.8891 0.4520 0.0718
vn 0.5312 0.8462 0.0429
vn 0.9444 0.3198 0.0761
vn 0.9948 -0.0622 0.0803
vn 0.9948 0.0623 0.0803
vn 0.9444 0.3198 0.0762
vn 0.9917 0.1024 0.0777
vn 0.9851 0.1552 0.0743
vn 0.9842 0.1253 0.1251
vn -0.9944 0.0813 -0.0674
vn -0.9975 0.0282 -0.0647
vn -0.9985 0.0513 -0.0168
vn 0.0144 -0.9551 0.2960
vn 0.0144 -0.9552 0.2956
vn 0.0144 -0.9546 0.2974
vn -0.9995 0.0071 -0.0301
vn -0.9993 0.0370 -0.0099
vn 0.9903 0.0814 0.1123
vn 0.9850 0.1110 0.1321
vn -0.9975 0.0281 -0.0647
vn -0.9955 0.0233 -0.0922
vn -0.9964 -0.0542 -0.0657
vn -0.9964 -0.0539 -0.0658
vn 0.9968 0.0203 0.0769
vn 0.9956 0.0719 0.0596
vn 0.9968 0.0199 0.0768
vn 0.0145 -0.9552 0.2955
vn 0.0145 -0.9551 0.2960
vn 0.0133 -0.9505 0.3103
vn 0.0119 -0.9453 0.3259
vn 0.0145 -0.9553 0.2954
vn 0.9880 0.1510 0.0324
vn 0.9880 0.1510 0.0323
vn -0.9944 0.0813 -0.0673
vn -0.9910 0.0781 -0.1086
vn -0.9955 0.0234 -0.0923
vn -0.9964 -0.0541 -0.0656
vn -0.9955 0.0234 -0.0922
vn -0.9959 0.0094 -0.0901
vn -0.9964 -0.0542 -0.0651
vn 0.9968 0.0203 0.0770
vn 0.9968 0.0201 0.0775
vn 0.9950 0.0842 0.0534
vn 0.0119 -0.9453 0.3260
vn 0.0133 -0.9505 0.3104
vn 0.0092 -0.9341 0.3569
vn 0.0080 -0.9281 0.3723
vn 0.0093 -0.9341 0.3569
vn 0.9888 0.1469 0.0267
vn -0.9908 0.0737 -0.1131
vn -0.9959 0.0095 -0.0901
vn -0.9965 -0.0122 -0.0827
vn -0.9942 0.0284 -0.1033
vn -0.9966 -0.0534 -0.0634
vn -0.9964 -0.0540 -0.0646
vn -0.9965 -0.0537 -0.0640
vn -0.9965 -0.0539 -0.0643
vn 0.9966 0.0209 0.0793
vn 0.9963 0.0618 0.0592
vn 0.9938 0.1036 0.0409
vn 0.9967 0.0207 0.0789
vn 0.9968 0.0203 0.0779
vn 0.9967 0.0206 0.0787
vn 0.9938 0.1035 0.0409
vn 0.9967 0.0205 0.0784
vn 0.0043 -0.9101 0.4144
vn 0.0019 -0.8976 0.4408
vn 0.0047 -0.9101 0.4144
vn 0.0093 -0.9341 0.3570
vn 0.9895 0.1432 0.0187
vn 0.9892 0.1447 0.0218
vn 0.9888 0.1469 0.0268
vn -0.9903 0.0708 -0.1199
vn -0.9900 0.0693 -0.1230
vn -0.9942 0.0285 -0.1033
vn -0.9942 0.0285 -0.1034
vn -0.9908 0.0737 -0.1132
vn 0.0007 -0.8905 0.4549
vn 0.0013 -0.8943 0.4475
vn 0.0001 0.8860 -0.4638
vn 0.0003 0.8852 -0.4653
vn 0.0003 0.8852 -0.4652
vn -0.0000 -0.8867 0.4623
vn -0.0000 0.8867 -0.4623
vn 0.0001 0.8859 -0.4638
vn -0.9966 -0.0534 -0.0635
vn -0.9968 -0.0372 -0.0713
vn -0.9750 -0.2210 0.0247
vn -0.9790 -0.2031 0.0151
vn -0.9750 -0.2209 0.0247
vn -0.9725 0.1579 -0.1711
vn -0.9716 0.1616 -0.1731
vn -0.9968 -0.0372 -0.0714
vn -0.9966 -0.0533 -0.0635
vn -0.9716 0.1615 -0.1731
vn 0.0805 -0.4608 -0.8838
vn 0.9752 -0.1482 0.1643
vn 0.9940 0.1032 0.0364
vn 0.9968 0.0452 0.0665
vn 0.9793 -0.1298 0.1556
vn 0.9752 -0.1481 0.1643
vn 0.9968 0.0453 0.0665
vn 0.9940 0.1033 0.0364
vn 0.9707 0.2376 -0.0364
vn 0.9719 0.2329 -0.0333
vn 0.9968 0.0454 0.0665
vn 0.9720 0.2328 -0.0332
vn -0.9726 0.1579 -0.1709
vn -0.9931 0.0386 -0.1105
vn -0.9931 0.0386 -0.1106
vn -0.9790 -0.2031 0.0149
vn -0.9792 -0.2024 0.0164
vn -0.9931 0.0385 -0.1105
vn 0.9792 -0.1298 0.1558
vn 0.9954 -0.0096 0.0956
vn 0.9792 -0.1293 0.1566
vn 0.9726 0.2305 -0.0317
vn 0.9954 -0.0095 0.0956
vn 0.9725 0.2305 -0.0317
vn 0.0006 -0.8904 0.4552
vn -0.0007 0.8904 -0.4552
vn -0.0006 0.8904 -0.4552
vn -0.9907 0.0614 -0.1212
vn -0.9967 -0.0246 -0.0778
vn -0.9949 0.0184 -0.0996
vn -0.9962 -0.0675 -0.0558
vn 0.9962 0.0068 0.0868
vn 0.9948 0.0927 0.0428
vn 0.9966 0.0498 0.0649
vn 0.9906 0.1353 0.0206
vn -0.0805 0.4608 0.8838
vn -0.0804 0.4608 0.8838
vn 0.0804 -0.4608 -0.8838
vn 0.9948 -0.0181 0.1000
vn 0.8892 -0.3675 0.2725
vn 0.9444 -0.2483 0.2155
vn 0.9948 0.0922 0.0425
vn 0.9444 -0.2483 0.2154
vn 0.8891 -0.3677 0.2726
vn 0.5312 -0.7305 0.4292
vn 0.6908 -0.6135 0.3827
vn 0.9444 -0.2484 0.2155
vn 0.8891 -0.3676 0.2726
vn 0.6908 -0.6134 0.3827
vn 0.5311 -0.7306 0.4292
vn -0.1264 -0.8843 0.4495
vn 0.1265 -0.8748 0.4676
vn 0.6907 -0.6135 0.3828
vn 0.1266 -0.8748 0.4677
vn -0.1266 -0.8843 0.4495
vn -0.6907 -0.6651 0.2839
vn -0.5310 -0.7702 0.3532
vn 0.1264 -0.8748 0.4677
vn -0.5310 -0.7702 0.3533
vn -0.6908 -0.6650 0.2838
vn -0.9444 -0.3189 0.0803
vn -0.8891 -0.4340 0.1453
vn -0.5312 -0.7701 0.3532
vn -0.6908 -0.6650 0.2839
vn -0.9444 -0.3188 0.0803
vn -0.9948 0.0180 -0.1000
vn -0.9948 -0.0924 -0.0424
vn -0.8892 -0.4339 0.1453
vn -0.9948 0.0181 -0.1000
vn -0.8891 0.3676 -0.2726
vn -0.9444 0.2483 -0.2154
vn -0.9948 -0.0923 -0.0424
vn -0.9444 0.2483 -0.2155
vn -0.5312 0.7305 -0.4292
vn -0.6908 0.6134 -0.3828
vn -0.9444 0.2484 -0.2155
vn -0.6908 0.6134 -0.3827
vn -0.5311 0.7305 -0.4293
vn 0.1265 0.8843 -0.4495
vn -0.1266 0.8748 -0.4676
vn -0.6907 0.6136 -0.3827
vn -0.5311 0.7306 -0.4292
vn 0.1265 0.8842 -0.4496
vn 0.6907 0.6651 -0.2839
vn 0.5311 0.7702 -0.3532
vn -0.1265 0.8748 -0.4676
vn 0.1266 0.8843 -0.4495
vn 0.5310 0.7702 -0.3532
vn 0.6908 0.6650 -0.2839
vn 0.9444 0.3189 -0.0803
vn 0.8891 0.4340 -0.1454
vn 0.5312 0.7701 -0.3532
vn 0.9444 0.3188 -0.0802
vn 0.9948 -0.0180 0.1000
vn 0.9948 0.0924 0.0424
vn 0.8892 0.4339 -0.1453
vn 0.9444 0.3188 -0.0803
vn -0.9922 0.0910 -0.0848
vn -0.9857 0.1439 -0.0877
vn -0.9850 0.1082 -0.1346
vn 0.9945 0.0902 0.0531
vn 0.9977 0.0372 0.0567
vn 0.9985 0.0545 0.0064
vn -0.0136 -0.9831 -0.1825
vn -0.0136 -0.9832 -0.1821
vn -0.0135 -0.9828 -0.1840
vn 0.9996 0.0122 0.0248
vn 0.9992 0.0395 0.0012
vn 0.9977 0.0372 0.0566
vn -0.9910 0.0661 -0.1168
vn -0.9922 0.0910 -0.0849
vn -0.9858 0.0933 -0.1399
vn 0.9977 0.0371 0.0567
vn 0.9958 0.0356 0.0846
vn 0.9967 -0.0448 0.0675
vn 0.9968 -0.0444 0.0672
vn -0.9972 0.0096 -0.0745
vn -0.9960 0.0628 -0.0633
vn -0.9972 0.0091 -0.0743
vn -0.0136 -0.9832 -0.1822
vn -0.0136 -0.9831 -0.1824
vn -0.0125 -0.9803 -0.1973
vn -0.0112 -0.9769 -0.2134
vn -0.0137 -0.9832 -0.1820
vn -0.0126 -0.9803 -0.1973
vn -0.9960 0.0629 -0.0633
vn -0.9884 0.1446 -0.0455
vn -0.9857 0.1438 -0.0877
vn 0.9913 0.0919 0.0945
vn 0.9913 0.0918 0.0945
vn 0.9962 0.0215 0.0841
vn 0.9968 -0.0446 0.0667
vn -0.9971 0.0094 -0.0754
vn -0.9954 0.0758 -0.0586
vn -0.9971 0.0093 -0.0751
vn -0.0113 -0.9769 -0.2135
vn -0.0088 -0.9694 -0.2455
vn -0.0075 -0.9652 -0.2615
vn -0.9884 0.1446 -0.0454
vn -0.9892 0.1411 -0.0394
vn 0.9911 0.0881 0.0995
vn 0.9969 -0.0008 0.0793
vn 0.9946 0.0419 0.0950
vn 0.9969 -0.0440 0.0649
vn 0.9969 -0.0441 0.0649
vn 0.9969 -0.0009 0.0793
vn 0.9968 -0.0445 0.0662
vn 0.9969 -0.0442 0.0654
vn 0.9968 -0.0444 0.0659
vn -0.9970 0.0099 -0.0769
vn -0.9967 0.0529 -0.0617
vn -0.9942 0.0964 -0.0484
vn -0.9967 0.0528 -0.0617
vn -0.9954 0.0757 -0.0586
vn -0.9971 0.0094 -0.0755
vn -0.9970 0.0097 -0.0762
vn -0.9971 0.0096 -0.0759
vn -0.0041 -0.9522 -0.3054
vn -0.0018 -0.9429 -0.3331
vn -0.0040 -0.9522 -0.3054
vn -0.0045 -0.9522 -0.3054
vn -0.0019 -0.9429 -0.3331
vn -0.0088 -0.9693 -0.2456
vn -0.0073 -0.9652 -0.2615
vn -0.9942 0.0965 -0.0484
vn -0.9899 0.1384 -0.0310
vn -0.9896 0.1395 -0.0342
vn -0.9896 0.1395 -0.0343
vn 0.9906 0.0859 0.1066
vn 0.9903 0.0848 0.1098
vn 0.9946 0.0420 0.0950
vn 0.9906 0.0859 0.1065
vn 0.9962 0.0216 0.0841
vn -0.0006 -0.9375 -0.3480
vn -0.0013 -0.9404 -0.3402
vn -0.0001 0.9340 0.3573
vn -0.0002 0.9334 0.3589
vn -0.0000 -0.9346 -0.3558
vn -0.0000 0.9346 0.3558
vn 0.9969 -0.0440 0.0650
vn 0.9971 -0.0270 0.0708
vn 0.9753 -0.2207 -0.0030
vn 0.9794 -0.2019 0.0044
vn 0.9969 -0.0439 0.0650
vn 0.9729 0.1782 0.1475
vn 0.9719 0.1822 0.1489
vn 0.9971 -0.0270 0.0709
vn -0.0759 -0.3547 0.9319
vn -0.0759 -0.3548 0.9319
vn -0.9756 -0.1679 -0.1417
vn -0.9944 0.0966 -0.0439
vn -0.9971 0.0356 -0.0671
vn -0.9796 -0.1487 -0.1352
vn -0.9943 0.0967 -0.0439
vn -0.9710 0.2386 0.0126
vn -0.9723 0.2336 0.0100
vn -0.9971 0.0358 -0.0670
vn -0.9723 0.2335 0.0100
vn 0.9729 0.1784 0.1471
vn 0.9935 0.0528 0.1010
vn 0.9794 -0.2019 0.0045
vn 0.9795 -0.2014 0.0031
vn 0.9935 0.0526 0.1010
vn 0.9795 -0.2013 0.0031
vn -0.9796 -0.1486 -0.1353
vn -0.9957 -0.0223 -0.0896
vn -0.9795 -0.1483 -0.1362
vn -0.9796 -0.1487 -0.1354
vn -0.9971 0.0357 -0.0670
vn -0.9729 0.2310 0.0088
vn -0.9957 -0.0222 -0.0895
vn -0.9729 0.2310 0.0087
vn -0.0006 -0.9374 -0.3483
vn 0.0006 0.9374 0.3482
vn 0.0006 0.9374 0.3483
vn 0.9911 0.0767 0.1089
vn 0.9970 -0.0137 0.0758
vn 0.9952 0.0316 0.0925
vn 0.9970 -0.0138 0.0758
vn 0.9965 -0.0589 0.0590
vn 0.9952 0.0315 0.0925
vn -0.9966 -0.0049 -0.0827
vn -0.9951 0.0854 -0.0490
vn -0.9970 0.0402 -0.0660
vn -0.9909 0.1304 -0.0320
vn -0.9970 0.0403 -0.0660
vn -0.9910 0.1304 -0.0320
vn 0.0759 0.3548 -0.9319
vn 0.0759 0.3547 -0.9319
vn -0.9952 -0.0313 -0.0929
vn -0.8895 -0.3982 -0.2240
vn -0.9448 -0.2733 -0.1810
vn -0.9952 0.0851 -0.0486
vn -0.9448 -0.2732 -0.1810
vn -0.8894 -0.3985 -0.2241
vn -0.5314 -0.7764 -0.3388
vn -0.6910 -0.6551 -0.3056
vn -0.9447 -0.2734 -0.1810
vn -0.8894 -0.3984 -0.2241
vn -0.6911 -0.6550 -0.3056
vn -0.5313 -0.7765 -0.3388
vn 0.1265 -0.9305 -0.3439
vn -0.1266 -0.9236 -0.3619
vn -0.6909 -0.6551 -0.3057
vn -0.1265 -0.9236 -0.3619
vn 0.6909 -0.6925 -0.2074
vn 0.5312 -0.8053 -0.2633
vn 0.1267 -0.9304 -0.3439
vn 0.5313 -0.8052 -0.2633
vn 0.6910 -0.6925 -0.2072
vn 0.9447 -0.3245 -0.0466
vn 0.8894 -0.4466 -0.0976
vn 0.5314 -0.8052 -0.2633
vn 0.6910 -0.6924 -0.2074
vn 0.9952 0.0312 0.0929
vn 0.9952 -0.0852 0.0486
vn 0.8895 -0.4464 -0.0976
vn 0.9448 -0.3245 -0.0466
vn 0.9952 0.0313 0.0929
vn 0.8895 0.3982 0.2241
vn 0.9448 0.2732 0.1810
vn 0.9952 -0.0851 0.0486
vn 0.9952 0.0314 0.0929
vn 0.9448 0.2733 0.1810
vn 0.8894 0.3985 0.2241
vn 0.5314 0.7764 0.3388
vn 0.6911 0.6550 0.3056
vn 0.9447 0.2735 0.1810
vn 0.8894 0.3984 0.2241
vn 0.5312 0.7765 0.3389
vn -0.1265 0.9304 0.3439
vn 0.1267 0.9236 0.3619
vn 0.6909 0.6552 0.3056
vn 0.5313 0.7765 0.3388
vn 0.1267 0.9236 0.3618
vn -0.1267 0.9304 0.3439
vn -0.6909 0.6925 0.2074
vn -0.5312 0.8053 0.2633
vn 0.1265 0.9236 0.3619
vn -0.5313 0.8053 0.2633
vn -0.6910 0.6924 0.2073
vn -0.9447 0.3245 0.0466
vn -0.8894 0.4465 0.0976
vn -0.5314 0.8052 0.2632
vn -0.6910 0.6925 0.2073
vn -0.8894 0.4466 0.0976
vn -0.9448 0.3245 0.0466
vn -0.9952 -0.0312 -0.0929
vn -0.9952 0.0852 -0.0486
vn -0.8895 0.4464 0.0975
vn -0.9448 0.3244 0.0466
vn -0.5201 -0.0721 -0.8510
vn -0.0557 0.0112 -0.9984
vn -0.0106 -0.0339 -0.9994
vn -0.5235 -0.0254 -0.8517
vn -0.5201 -0.0719 -0.8511
vn -0.0102 -0.0337 -0.9994
vn 0.4869 0.0809 -0.8697
vn 0.5235 -0.0322 -0.8514
vn -0.0099 -0.0336 -0.9994
vn -0.0547 0.0113 -0.9984
vn 0.4868 0.0809 -0.8698
vn -0.0097 -0.0337 -0.9994
vn 0.4868 0.1394 0.8623
vn -0.0547 0.0786 0.9954
vn -0.0097 0.0337 0.9994
vn 0.5235 0.0253 0.8517
vn 0.4869 0.1394 0.8623
vn -0.0099 0.0338 0.9994
vn -0.5198 -0.0148 0.8542
vn -0.5235 0.0321 0.8514
vn -0.0102 0.0337 0.9994
vn -0.0557 0.0785 0.9954
vn -0.5201 -0.0145 0.8540
vn -0.0107 0.0340 0.9994
vn -0.3696 -0.1309 -0.9199
vn -0.1011 0.0235 -0.9946
vn -0.0554 0.0111 -0.9984
vn -0.5200 -0.0726 -0.8511
vn -0.3697 -0.1309 -0.9199
vn 0.3394 0.2004 -0.9191
vn 0.4868 0.0810 -0.8698
vn -0.0552 0.0113 -0.9984
vn -0.1008 0.0238 -0.9946
vn 0.3393 0.2004 -0.9191
vn -0.0552 0.0114 -0.9984
vn 0.3393 0.2620 0.9035
vn -0.1008 0.0907 0.9908
vn -0.0548 0.0786 0.9954
vn 0.4868 0.1395 0.8623
vn 0.3394 0.2620 0.9034
vn -0.0552 0.0785 0.9954
vn -0.3697 -0.0686 0.9266
vn -0.5200 -0.0151 0.8540
vn -0.0554 0.0785 0.9954
vn -0.1011 0.0906 0.9907
vn -0.3696 -0.0686 0.9266
vn -0.3696 -0.0687 0.9267
vn -0.1010 0.0906 0.9908
vn -0.1709 -0.0079 0.9852
vn -0.0000 0.0337 0.9994
vn -0.3693 -0.0686 0.9268
vn -0.1707 -0.0073 0.9853
vn 0.0467 0.2316 0.9717
vn -0.1009 0.0907 0.9908
vn 0.3395 0.2619 0.9034
vn 0.0468 0.2317 0.9717
vn -0.1008 0.0909 0.9907
vn -0.1709 -0.0743 -0.9825
vn -0.1010 0.0236 -0.9946
vn -0.3696 -0.1311 -0.9199
vn -0.0000 -0.0337 -0.9994
vn -0.1707 -0.0737 -0.9826
vn -0.3692 -0.1309 -0.9201
vn -0.1009 0.0237 -0.9946
vn -0.1707 -0.0736 -0.9826
vn 0.0466 0.1655 -0.9851
vn 0.3395 0.2005 -0.9190
vn 0.0471 0.1657 -0.9850
vn -0.0107 -0.0337 -0.9994
vn -0.0563 -0.0777 -0.9954
vn -0.5195 0.0214 -0.8542
vn -0.5235 -0.0252 -0.8517
vn -0.0102 -0.0336 -0.9994
vn -0.5192 0.0217 -0.8544
vn 0.4853 -0.1459 -0.8621
vn -0.0553 -0.0778 -0.9954
vn 0.5235 -0.0323 -0.8514
vn 0.4854 -0.1459 -0.8621
vn -0.0099 -0.0337 -0.9994
vn -0.0097 0.0338 0.9994
vn -0.0553 -0.0105 0.9984
vn 0.4853 -0.0874 0.8700
vn 0.5235 0.0252 0.8517
vn 0.4854 -0.0874 0.8699
vn -0.5195 0.0790 0.8508
vn -0.0563 -0.0104 0.9984
vn -0.0106 0.0339 0.9994
vn -0.5235 0.0323 0.8514
vn -0.5195 0.0788 0.8508
vn -0.0102 0.0338 0.9994
vn -0.0563 -0.0778 -0.9954
vn -0.1019 -0.0893 -0.9908
vn -0.3683 0.0735 -0.9268
vn -0.5194 0.0220 -0.8543
vn -0.0560 -0.0777 -0.9954
vn 0.3361 -0.2665 -0.9033
vn -0.1016 -0.0894 -0.9908
vn -0.0554 -0.0779 -0.9954
vn 0.4852 -0.1459 -0.8621
vn 0.3362 -0.2665 -0.9033
vn -0.0558 -0.0778 -0.9954
vn -0.0558 -0.0106 0.9984
vn -0.1016 -0.0224 0.9946
vn 0.3361 -0.2049 0.9193
vn 0.4852 -0.0875 0.8700
vn 0.3362 -0.2049 0.9192
vn -0.3684 0.1359 0.9197
vn -0.1018 -0.0222 0.9946
vn -0.0563 -0.0105 0.9984
vn -0.5194 0.0795 0.8508
vn -0.3683 0.1359 0.9197
vn -0.0560 -0.0104 0.9984
vn -0.3679 0.1358 0.9199
vn -0.1701 0.0760 0.9825
vn -0.1017 -0.0223 0.9946
vn -0.3682 0.1360 0.9197
vn -0.1705 0.0766 0.9824
vn 0.0440 -0.1661 0.9851
vn 0.3364 -0.2050 0.9191
vn -0.1016 -0.0225 0.9946
vn 0.0444 -0.1663 0.9851
vn -0.1700 0.0096 -0.9854
vn -0.3678 0.0735 -0.9270
vn -0.1017 -0.0893 -0.9908
vn -0.1704 0.0101 -0.9853
vn -0.3682 0.0737 -0.9268
vn 0.0440 -0.2322 -0.9717
vn -0.1701 0.0096 -0.9854
vn 0.3363 -0.2664 -0.9033
vn 0.0441 -0.2323 -0.9716
vn -0.1016 -0.0895 -0.9908
vn 0.3393 0.2005 -0.9191
vn -0.5200 -0.0150 0.8540
vn -0.5201 -0.0721 -0.8511
vn -0.1706 -0.0738 -0.9826
vn 0.0467 0.1655 -0.9851
vn -0.5195 0.0215 -0.8542
vn -0.3679 0.0735 -0.9270
vn -0.3693 -0.1309 -0.9201
vn -0.5492 0.8357 0.0016
vn -0.5492 0.8357 0.0003
vn -0.8452 -0.4747 -0.2455
vn -0.8755 -0.2520 -0.4124
vn -0.9913 -0.1317 -0.0001
vn -0.8755 -0.2524 0.4121
vn -0.8452 -0.4749 0.2450
vn -0.5492 0.8357 -0.0009
vn -0.5492 0.8357 -0.0000
vn 0.6489 0.7609 0.0004
vn 0.6489 0.7608 0.0016
vn 0.9672 -0.2540 -0.0001
vn 0.8373 -0.3590 -0.4124
vn 0.7796 -0.5762 -0.2455
vn 0.7796 -0.5764 0.2450
vn 0.8373 -0.3594 0.4121
vn 0.6489 0.7609 0.0003
vn 0.6489 0.7608 -0.0009
vn -0.7969 0.0665 -0.6004
vn -0.7964 0.0701 -0.6007
vn -0.7967 0.0681 -0.6005
vn -0.7967 0.0675 0.6006
vn -0.7964 0.0696 0.6007
vn -0.7969 0.0660 0.6004
vn 0.7990 -0.0316 -0.6005
vn 0.7989 -0.0295 -0.6007
vn 0.7990 -0.0332 -0.6004
vn 0.7990 -0.0337 0.6004
vn 0.7989 -0.0301 0.6007
vn 0.7989 -0.0322 0.6006
vn -0.9913 -0.1317 0.0001
vn 0.9672 -0.2540 0.0001
vn -0.8353 0.0058 -0.5498
vn -0.8352 -0.0113 -0.5498
vn -0.8352 -0.0118 0.5498
vn -0.8353 0.0053 0.5497
vn 0.8273 -0.1152 -0.5498
vn 0.8295 -0.0982 -0.5498
vn 0.8295 -0.0987 0.5497
vn 0.8273 -0.1157 0.5498
vn -0.5994 0.0318 -0.7998
vn -0.5995 0.0306 -0.7998
vn -0.8274 -0.1895 0.5286
vn -0.8819 -0.3553 0.3098
vn -0.9791 0.0629 0.1932
vn -0.8305 0.4676 0.3027
vn -0.7968 0.3001 0.5244
vn -0.5996 0.0293 -0.7998
vn -0.5995 0.0304 -0.7998
vn 0.5986 -0.0444 -0.7998
vn 0.5987 -0.0431 -0.7998
vn 0.9793 -0.0595 0.1932
vn 0.8309 -0.4623 0.3098
vn 0.7974 -0.2910 0.5286
vn 0.8280 0.1986 0.5244
vn 0.8823 0.3606 0.3027
vn 0.5986 -0.0446 -0.7998
vn 0.5986 -0.0456 -0.7998
vn -0.8354 -0.5495 -0.0112
vn -0.8351 -0.5499 -0.0149
vn -0.8353 -0.5497 -0.0128
vn -0.7604 0.6490 -0.0232
vn -0.7602 0.6492 -0.0253
vn -0.7605 0.6489 -0.0216
vn 0.7604 -0.6493 -0.0128
vn 0.7602 -0.6495 -0.0149
vn 0.7605 -0.6492 -0.0112
vn 0.8354 0.5493 -0.0216
vn 0.8351 0.5495 -0.0253
vn 0.8353 0.5494 -0.0232
vn 0.9794 -0.0593 0.1932
vn -0.9792 0.0627 0.1932
vn 0.9793 -0.0596 0.1932
vn -0.8667 -0.4963 0.0513
vn -0.8655 -0.4962 0.0684
vn -0.7969 0.6012 0.0589
vn -0.7981 0.6011 0.0418
vn 0.7970 -0.6001 0.0684
vn 0.7982 -0.6003 0.0513
vn 0.8667 0.4971 0.0418
vn 0.8656 0.4973 0.0589
vn -0.6489 -0.7608 -0.0054
vn -0.6489 -0.7608 -0.0043
vn -0.7797 0.5750 0.2480
vn -0.8374 0.3570 0.4138
vn -0.9672 0.2540 0.0010
vn -0.8372 0.3613 -0.4106
vn -0.7795 0.5775 -0.2425
vn -0.6489 -0.7608 -0.0029
vn -0.6489 -0.7609 -0.0041
vn 0.5492 -0.8357 -0.0042
vn 0.5492 -0.8357 -0.0054
vn 0.9913 0.1317 0.0010
vn 0.8754 0.2500 0.4138
vn 0.8452 0.4735 0.2480
vn 0.8453 0.4760 -0.2425
vn 0.8756 0.2543 -0.4106
vn 0.5492 -0.8357 -0.0041
vn 0.5492 -0.8357 -0.0029
vn -0.7992 0.0303 0.6003
vn -0.7991 0.0267 0.6006
vn -0.7992 0.0288 0.6004
vn -0.7988 0.0350 -0.6006
vn -0.7987 0.0329 -0.6008
vn -0.7988 0.0366 -0.6005
vn 0.7965 -0.0709 0.6004
vn 0.7962 -0.0730 0.6006
vn 0.7967 -0.0694 0.6003
vn 0.7971 -0.0631 -0.6005
vn 0.7966 -0.0667 -0.6008
vn 0.7969 -0.0647 -0.6006
vn 0.9913 0.1317 0.0009
vn -0.9672 0.2540 0.0012
vn 0.9913 0.1317 0.0011
vn -0.8297 0.0956 0.5500
vn -0.8275 0.1126 0.5501
vn -0.8271 0.1183 -0.5495
vn -0.8293 0.1013 -0.5495
vn 0.8350 0.0087 0.5501
vn 0.8351 -0.0084 0.5500
vn 0.8355 -0.0027 -0.5495
vn 0.8354 0.0144 -0.5495
vn -0.6331 -0.5073 0.5847
vn -0.6330 -0.5065 0.5855
vn -0.7789 0.5880 -0.2184
vn -0.8246 0.5629 0.0566
vn -0.9711 0.1925 -0.1414
vn -0.8622 -0.0395 -0.5050
vn -0.8012 0.2295 -0.5526
vn -0.6330 -0.5054 0.5864
vn -0.6330 -0.5063 0.5856
vn 0.5651 -0.5813 0.5854
vn 0.5651 -0.5821 0.5847
vn 0.9875 0.0702 -0.1414
vn 0.8882 0.4559 0.0566
vn 0.8460 0.4865 -0.2184
vn 0.8236 0.1280 -0.5526
vn 0.8506 -0.1465 -0.5050
vn 0.5651 -0.5811 0.5857
vn 0.5652 -0.5803 0.5864
vn -0.7713 0.4774 0.4210
vn -0.7711 0.4751 0.4239
vn -0.7712 0.4764 0.4223
vn -0.8260 -0.4012 -0.3959
vn -0.8259 -0.4027 -0.3945
vn -0.8261 -0.4000 -0.3970
vn 0.8245 0.3767 0.4223
vn 0.8242 0.3754 0.4239
vn 0.8247 0.3777 0.4210
vn 0.7699 -0.4997 -0.3970
vn 0.7694 -0.5024 -0.3945
vn 0.7697 -0.5009 -0.3959
vn -0.9710 0.1925 -0.1415
vn 0.9874 0.0702 -0.1416
vn -0.9710 0.1926 -0.1414
vn 0.9875 0.0703 -0.1414
vn -0.8053 0.4853 0.3404
vn -0.8035 0.4969 0.3280
vn -0.8536 -0.3066 -0.4211
vn -0.8555 -0.3181 -0.4085
vn 0.8590 0.3931 0.3280
vn 0.8595 0.3813 0.3404
vn 0.8093 -0.4221 -0.4085
vn 0.8089 -0.4104 -0.4211
vn -0.5650 0.5826 -0.5842
vn -0.5650 0.5817 -0.5851
vn -0.8460 -0.4866 0.2180
vn -0.8882 -0.4559 -0.0570
vn -0.9875 -0.0703 0.1413
vn -0.8506 0.1461 0.5051
vn -0.8236 -0.1285 0.5524
vn -0.5651 0.5808 -0.5860
vn -0.5651 0.5817 -0.5851
vn 0.6330 0.5070 -0.5850
vn 0.6331 0.5077 -0.5842
vn 0.9710 -0.1926 0.1413
vn 0.8246 -0.5629 -0.0570
vn 0.7788 -0.5881 0.2180
vn 0.8012 -0.2300 0.5524
vn 0.8622 0.0391 0.5051
vn 0.6330 0.5069 -0.5851
vn 0.6330 0.5059 -0.5860
vn -0.8246 -0.3774 -0.4214
vn -0.8242 -0.3751 -0.4242
vn -0.8245 -0.3764 -0.4226
vn -0.7697 0.5005 0.3963
vn -0.7694 0.5021 0.3949
vn -0.7699 0.4994 0.3973
vn 0.7712 -0.4761 -0.4226
vn 0.7711 -0.4747 -0.4242
vn 0.7713 -0.4770 -0.4214
vn 0.8260 0.3997 0.3973
vn 0.8259 0.4024 0.3949
vn 0.8260 0.4009 0.3963
vn -0.9874 -0.0703 0.1415
vn 0.9710 -0.1926 0.1415
vn -0.9875 -0.0704 0.1412
vn 0.9710 -0.1927 0.1413
vn -0.8595 -0.3810 -0.3408
vn -0.8590 -0.3928 -0.3283
vn -0.8089 0.4101 0.4214
vn -0.8093 0.4217 0.4088
vn 0.8035 -0.4966 -0.3283
vn 0.8054 -0.4850 -0.3408
vn 0.8555 0.3177 0.4088
vn 0.8536 0.3062 0.4214
vn -0.6326 -0.4999 -0.5915
vn -0.6327 -0.5007 -0.5908
vn -0.8016 0.2243 0.5542
vn -0.8625 -0.0442 0.5041
vn -0.9711 0.1911 0.1427
vn -0.8245 0.5634 -0.0518
vn -0.7790 0.5859 0.2235
vn -0.9711 0.1912 0.1426
vn -0.6328 -0.5018 -0.5898
vn -0.6327 -0.5009 -0.5906
vn 0.5654 -0.5756 -0.5907
vn 0.5655 -0.5747 -0.5915
vn 0.9874 0.0688 0.1427
vn 0.8503 -0.1512 0.5041
vn 0.8233 0.1228 0.5542
vn 0.9874 0.0689 0.1426
vn 0.8458 0.4844 0.2235
vn 0.8882 0.4564 -0.0518
vn 0.5654 -0.5757 -0.5906
vn 0.5654 -0.5766 -0.5898
vn -0.8263 -0.4038 0.3927
vn -0.8262 -0.4064 0.3902
vn -0.8262 -0.4049 0.3917
vn -0.7709 0.4804 -0.4182
vn -0.7709 0.4791 -0.4199
vn -0.7710 0.4813 -0.4170
vn 0.7694 -0.5046 0.3917
vn 0.7692 -0.5061 0.3902
vn 0.7696 -0.5034 0.3927
vn 0.8249 0.3816 -0.4170
vn 0.8245 0.3794 -0.4199
vn 0.8247 0.3807 -0.4182
vn -0.9711 0.1914 0.1427
vn -0.9711 0.1911 0.1428
vn 0.9874 0.0688 0.1428
vn -0.8558 -0.3219 0.4050
vn -0.8539 -0.3105 0.4177
vn -0.8033 0.5000 -0.3237
vn -0.8051 0.4885 -0.3363
vn 0.8086 -0.4143 0.4177
vn 0.8091 -0.4259 0.4050
vn 0.8597 0.3845 -0.3363
vn 0.8592 0.3961 -0.3237
vn -0.5651 0.5818 0.5850
vn -0.5650 0.5826 0.5842
vn -0.8237 -0.1294 -0.5521
vn -0.8507 0.1452 -0.5053
vn -0.9875 -0.0705 -0.1411
vn -0.8882 -0.4558 0.0579
vn -0.8460 -0.4870 -0.2170
vn -0.9875 -0.0706 -0.1411
vn -0.5650 0.5836 0.5833
vn -0.5650 0.5827 0.5841
vn 0.6331 0.5077 0.5843
vn 0.6331 0.5069 0.5850
vn 0.9710 -0.1928 -0.1411
vn 0.8621 0.0382 -0.5053
vn 0.8012 -0.2309 -0.5521
vn 0.9710 -0.1929 -0.1411
vn 0.7788 -0.5885 -0.2170
vn 0.8246 -0.5628 0.0579
vn 0.6331 0.5080 0.5841
vn 0.6332 0.5088 0.5833
vn -0.7699 0.4987 -0.3981
vn -0.7695 0.5014 -0.3956
vn -0.7697 0.4999 -0.3971
vn -0.8244 -0.3757 0.4233
vn -0.8242 -0.3744 0.4250
vn -0.8246 -0.3766 0.4221
vn 0.8259 0.4002 -0.3971
vn 0.8259 0.4017 -0.3956
vn 0.8260 0.3990 -0.3981
vn 0.7713 -0.4763 0.4221
vn 0.7712 -0.4740 0.4250
vn 0.7713 -0.4753 0.4233
vn 0.9710 -0.1928 -0.1412
vn -0.8094 0.4210 -0.4095
vn -0.8089 0.4093 -0.4220
vn -0.8590 -0.3922 0.3291
vn -0.8594 -0.3804 0.3415
vn 0.8536 0.3055 -0.4220
vn 0.8555 0.3170 -0.4095
vn 0.8054 -0.4844 0.3415
vn 0.8035 -0.4961 0.3291
vn 0.0128 0.6001 0.7998
vn 0.0139 0.6001 0.7998
vn 0.2642 0.8080 -0.5266
vn 0.4322 0.8482 -0.3063
vn 0.0229 0.9809 -0.1932
vn -0.3921 0.8675 -0.3063
vn -0.2262 0.8195 -0.5265
vn 0.0153 0.6001 0.7998
vn 0.0141 0.6001 0.7998
vn -0.0141 -0.6001 0.7998
vn -0.0153 -0.6001 0.7998
vn -0.0229 -0.9809 -0.1932
vn 0.3921 -0.8675 -0.3063
vn 0.2262 -0.8195 -0.5265
vn -0.2642 -0.8080 -0.5265
vn -0.4322 -0.8482 -0.3063
vn -0.0137 -0.6001 0.7998
vn -0.0128 -0.6001 0.7998
vn 0.6189 0.7853 0.0164
vn 0.6192 0.7850 0.0201
vn 0.6191 0.7851 0.0180
vn -0.5817 0.8132 0.0180
vn -0.5819 0.8130 0.0201
vn -0.5816 0.8133 0.0164
vn 0.5817 -0.8132 0.0180
vn 0.5819 -0.8130 0.0201
vn 0.5816 -0.8133 0.0164
vn -0.6189 -0.7853 0.0164
vn -0.6192 -0.7850 0.0201
vn -0.6191 -0.7851 0.0180
vn -0.0231 -0.9809 -0.1932
vn 0.0231 0.9809 -0.1932
vn 0.5691 0.8210 -0.0465
vn 0.5691 0.8198 -0.0636
vn -0.5302 0.8455 -0.0636
vn -0.5301 0.8466 -0.0465
vn 0.5302 -0.8455 -0.0636
vn 0.5301 -0.8466 -0.0465
vn -0.5691 -0.8210 -0.0465
vn -0.5691 -0.8198 -0.0636
vn 0.8136 0.5814 0.0016
vn 0.8136 0.5814 0.0006
vn -0.5073 0.8261 -0.2455
vn -0.2859 0.8650 -0.4124
vn -0.1703 0.9854 -0.0001
vn -0.2863 0.8650 0.4121
vn -0.5075 0.8261 0.2450
vn 0.8136 0.5814 -0.0009
vn 0.8136 0.5814 0.0002
vn 0.7856 -0.6187 0.0005
vn 0.7856 -0.6188 0.0016
vn -0.2160 -0.9764 -0.0001
vn -0.3260 -0.8507 -0.4124
vn -0.5453 -0.8015 -0.2455
vn -0.2161 -0.9764 -0.0001
vn -0.5455 -0.8015 0.2450
vn -0.3264 -0.8507 0.4121
vn 0.7856 -0.6187 0.0002
vn 0.7856 -0.6188 -0.0009
vn 0.0354 0.7989 -0.6004
vn 0.0390 0.7985 -0.6007
vn 0.0369 0.7987 -0.6005
vn 0.0364 0.7988 0.6005
vn 0.0385 0.7985 0.6007
vn 0.0348 0.7989 0.6004
vn -0.0004 -0.7996 -0.6005
vn 0.0017 -0.7995 -0.6007
vn -0.0020 -0.7997 -0.6004
vn -0.0025 -0.7997 0.6004
vn 0.0011 -0.7995 0.6007
vn -0.0010 -0.7996 0.6005
vn -0.1704 0.9854 -0.0000
vn -0.2161 -0.9764 0.0001
vn -0.1702 0.9854 -0.0001
vn -0.0268 0.8349 -0.5498
vn -0.0439 0.8341 -0.5498
vn -0.0444 0.8341 0.5498
vn -0.0273 0.8349 0.5497
vn -0.0828 -0.8312 -0.5498
vn -0.0657 -0.8327 -0.5498
vn -0.0662 -0.8327 0.5497
vn -0.0833 -0.8311 0.5498
vn 0.0084 0.6002 -0.7998
vn 0.0072 0.6002 -0.7998
vn -0.2216 0.8194 0.5287
vn -0.3894 0.8674 0.3098
vn 0.0246 0.9808 0.1932
vn 0.4348 0.8481 0.3027
vn 0.2688 0.8079 0.5244
vn 0.0059 0.6003 -0.7998
vn 0.0070 0.6002 -0.7998
vn -0.0209 -0.5999 -0.7998
vn -0.0197 -0.6000 -0.7998
vn -0.0212 -0.9809 0.1932
vn -0.4295 -0.8483 0.3098
vn -0.2597 -0.8082 0.5286
vn 0.2307 -0.8196 0.5244
vn 0.3947 -0.8675 0.3027
vn -0.0212 -0.5999 -0.7998
vn -0.0222 -0.5999 -0.7998
vn -0.5817 0.8133 -0.0112
vn -0.5820 0.8130 -0.0149
vn -0.5818 0.8132 -0.0128
vn 0.6189 0.7851 -0.0232
vn 0.6190 0.7850 -0.0253
vn 0.6188 0.7853 -0.0216
vn -0.6192 -0.7851 -0.0128
vn -0.6194 -0.7850 -0.0149
vn -0.6191 -0.7853 -0.0112
vn 0.5814 -0.8133 -0.0216
vn 0.5817 -0.8130 -0.0253
vn 0.5815 -0.8132 -0.0232
vn 0.0244 0.9809 0.1932
vn -0.0213 -0.9809 0.1932
vn -0.5297 0.8466 0.0513
vn -0.5296 0.8455 0.0684
vn 0.5696 0.8198 0.0589
vn 0.5695 0.8210 0.0418
vn -0.5685 -0.8198 0.0684
vn -0.5687 -0.8210 0.0513
vn 0.5305 -0.8467 0.0418
vn 0.5307 -0.8455 0.0589
vn -0.7856 0.6188 -0.0054
vn -0.7856 0.6187 -0.0043
vn 0.5441 0.8015 0.2480
vn 0.3241 0.8507 0.4138
vn 0.2161 0.9764 0.0010
vn 0.3284 0.8506 -0.4106
vn 0.5467 0.8014 -0.2425
vn -0.7856 0.6188 -0.0029
vn -0.7856 0.6187 -0.0041
vn -0.8136 -0.5814 -0.0041
vn -0.8136 -0.5814 -0.0054
vn 0.1703 -0.9854 0.0010
vn 0.2840 -0.8649 0.4138
vn 0.5061 -0.8260 0.2480
vn 0.5087 -0.8261 -0.2425
vn 0.2883 -0.8650 -0.4106
vn -0.8136 -0.5814 -0.0029
vn -0.0009 0.7998 0.6003
vn -0.0045 0.7995 0.6006
vn -0.0024 0.7997 0.6004
vn 0.0038 0.7995 -0.6006
vn 0.0017 0.7994 -0.6008
vn 0.0054 0.7996 -0.6005
vn -0.0398 -0.7987 0.6004
vn -0.0419 -0.7985 0.6006
vn -0.0382 -0.7988 0.6003
vn -0.0320 -0.7990 -0.6005
vn -0.0356 -0.7986 -0.6008
vn -0.0335 -0.7988 -0.6006
vn 0.1702 -0.9854 0.0009
vn 0.2161 0.9764 0.0012
vn 0.1704 -0.9854 0.0011
vn 0.0631 0.8328 0.5500
vn 0.0802 0.8312 0.5501
vn 0.0859 0.8311 -0.5495
vn 0.0688 0.8327 -0.5495
vn 0.0413 -0.8341 0.5501
vn 0.0242 -0.8348 0.5500
vn 0.0299 -0.8350 -0.5495
vn 0.0470 -0.8342 -0.5495
vn -0.5316 0.6128 0.5847
vn -0.5308 0.6128 0.5855
vn 0.5571 0.8012 -0.2184
vn 0.5303 0.8459 0.0566
vn 0.1545 0.9778 -0.1414
vn -0.0731 0.8600 -0.5050
vn 0.1981 0.8096 -0.5526
vn -0.5297 0.6128 0.5864
vn -0.5306 0.6128 0.5857
vn -0.5589 -0.5873 0.5855
vn -0.5596 -0.5873 0.5847
vn 0.1086 -0.9840 -0.1414
vn 0.4902 -0.8698 0.0566
vn 0.5191 -0.8263 -0.2184
vn 0.1601 -0.8180 -0.5526
vn -0.1132 -0.8556 -0.5050
vn -0.5585 -0.5873 0.5858
vn -0.5578 -0.5874 0.5864
vn 0.4469 0.7893 0.4210
vn 0.4446 0.7890 0.4239
vn 0.4460 0.7892 0.4223
vn -0.4331 0.8097 -0.3959
vn -0.4346 0.8096 -0.3945
vn -0.4320 0.8098 -0.3970
vn 0.4086 -0.8092 0.4223
vn 0.4073 -0.8090 0.4239
vn 0.4096 -0.8093 0.4210
vn -0.4693 -0.7888 -0.3970
vn -0.4720 -0.7884 -0.3945
vn -0.4705 -0.7886 -0.3959
vn 0.1544 0.9778 -0.1416
vn 0.1087 -0.9839 -0.1417
vn 0.1088 -0.9840 -0.1414
vn 0.4535 0.8237 0.3404
vn 0.4652 0.8222 0.3280
vn -0.3396 0.8410 -0.4211
vn -0.3512 0.8425 -0.4085
vn 0.4263 -0.8431 0.3279
vn 0.4146 -0.8439 0.3404
vn -0.3902 -0.8251 -0.4085
vn -0.3785 -0.8242 -0.4211
vn 0.5601 0.5873 -0.5842
vn 0.5593 0.5873 -0.5851
vn -0.5193 0.8263 0.2180
vn -0.4902 0.8697 -0.0570
vn -0.1088 0.9840 0.1413
vn 0.1128 0.8557 0.5051
vn -0.1605 0.8180 0.5524
vn -0.1087 0.9840 0.1413
vn 0.5583 0.5874 -0.5860
vn 0.5592 0.5873 -0.5851
vn 0.5314 -0.6128 -0.5849
vn 0.5321 -0.6128 -0.5842
vn -0.1546 -0.9778 0.1413
vn -0.5303 -0.8459 -0.0570
vn -0.5573 -0.8012 0.2180
vn -0.1985 -0.8096 0.5524
vn 0.0727 -0.8600 0.5051
vn 0.5313 -0.6128 -0.5850
vn 0.5302 -0.6128 -0.5860
vn -0.4092 0.8093 -0.4214
vn -0.4070 0.8090 -0.4242
vn -0.4083 0.8092 -0.4226
vn 0.4701 0.7886 0.3963
vn 0.4717 0.7884 0.3949
vn 0.4690 0.7888 0.3973
vn -0.4456 -0.7892 -0.4226
vn -0.4443 -0.7891 -0.4242
vn -0.4466 -0.7893 -0.4214
vn 0.4316 -0.8098 0.3973
vn 0.4343 -0.8096 0.3949
vn 0.4328 -0.8097 0.3963
vn -0.1087 0.9840 0.1415
vn -0.1545 -0.9778 0.1414
vn -0.1547 -0.9778 0.1413
vn -0.4143 0.8439 -0.3408
vn -0.4260 0.8430 -0.3283
vn 0.3782 0.8243 0.4214
vn 0.3898 0.8251 0.4088
vn -0.4649 -0.8222 -0.3283
vn -0.4532 -0.8237 -0.3408
vn 0.3509 -0.8425 0.4088
vn 0.3393 -0.8410 0.4214
vn -0.5242 0.6127 -0.5915
vn -0.5251 0.6126 -0.5907
vn 0.1929 0.8097 0.5542
vn -0.0778 0.8601 0.5041
vn 0.1531 0.9779 0.1427
vn 0.5308 0.8459 -0.0518
vn 0.5550 0.8012 0.2235
vn 0.1532 0.9778 0.1426
vn -0.5261 0.6127 -0.5898
vn -0.5251 0.6127 -0.5906
vn -0.5532 -0.5874 -0.5907
vn -0.5522 -0.5875 -0.5915
vn 0.1072 -0.9839 0.1427
vn -0.1179 -0.8555 0.5041
vn 0.1548 -0.8178 0.5542
vn 0.1073 -0.9839 0.1426
vn 0.5170 -0.8263 0.2234
vn 0.4907 -0.8698 -0.0518
vn -0.5532 -0.5875 -0.5906
vn -0.5541 -0.5875 -0.5898
vn -0.4357 0.8099 0.3927
vn -0.4383 0.8097 0.3902
vn -0.4368 0.8098 0.3917
vn 0.4499 0.7891 -0.4182
vn 0.4486 0.7890 -0.4199
vn 0.4509 0.7892 -0.4170
vn -0.4742 -0.7885 0.3917
vn -0.4757 -0.7883 0.3902
vn -0.4730 -0.7887 0.3927
vn 0.4135 -0.8094 -0.4170
vn 0.4113 -0.8091 -0.4199
vn 0.4126 -0.8093 -0.4182
vn 0.1533 0.9778 0.1427
vn 0.1074 -0.9839 0.1426
vn 0.1531 0.9778 0.1429
vn 0.1073 -0.9839 0.1429
vn -0.3550 0.8426 0.4050
vn -0.3436 0.8411 0.4177
vn 0.4683 0.8221 -0.3237
vn 0.4567 0.8236 -0.3363
vn -0.3825 -0.8242 0.4177
vn -0.3940 -0.8251 0.4050
vn 0.4177 -0.8440 -0.3363
vn 0.4293 -0.8431 -0.3237
vn 0.5593 0.5873 0.5850
vn 0.5601 0.5873 0.5843
vn -0.1615 0.8180 -0.5521
vn 0.1119 0.8557 -0.5053
vn -0.1090 0.9840 -0.1411
vn -0.4901 0.8697 0.0579
vn -0.5196 0.8264 -0.2170
vn -0.1091 0.9840 -0.1411
vn 0.5611 0.5873 0.5833
vn 0.5604 0.5873 0.5840
vn 0.5321 -0.6128 0.5842
vn 0.5312 -0.6128 0.5850
vn -0.1548 -0.9778 -0.1411
vn 0.0718 -0.8600 -0.5053
vn -0.1995 -0.8096 -0.5521
vn -0.1549 -0.9778 -0.1411
vn -0.5577 -0.8012 -0.2170
vn -0.5302 -0.8459 0.0579
vn 0.5324 -0.6128 0.5840
vn 0.5331 -0.6129 0.5833
vn 0.4683 0.7888 -0.3981
vn 0.4710 0.7884 -0.3956
vn 0.4694 0.7886 -0.3971
vn -0.4075 0.8091 0.4233
vn -0.4062 0.8089 0.4250
vn -0.4085 0.8093 0.4221
vn 0.4321 -0.8097 -0.3971
vn 0.4336 -0.8096 -0.3956
vn 0.4310 -0.8098 -0.3981
vn -0.4459 -0.7893 0.4221
vn -0.4436 -0.7891 0.4250
vn -0.4449 -0.7892 0.4233
vn -0.1091 0.9840 -0.1412
vn -0.1549 -0.9778 -0.1410
vn -0.1548 -0.9778 -0.1412
vn 0.3891 0.8252 -0.4095
vn 0.3775 0.8243 -0.4220
vn -0.4254 0.8430 0.3291
vn -0.4137 0.8439 0.3415
vn 0.3386 -0.8410 -0.4220
vn 0.3502 -0.8424 -0.4095
vn -0.4527 -0.8237 0.3415
vn -0.4644 -0.8222 0.3291
vn -0.5992 -0.3151 0.7360
vn -0.5991 -0.3140 0.7365
vn -0.7971 0.4950 -0.3458
vn -0.8307 0.5518 -0.0737
vn -0.9792 0.1391 -0.1474
vn -0.8821 -0.1892 -0.4314
vn -0.8277 0.0541 -0.5586
vn -0.5990 -0.3128 0.7371
vn -0.5991 -0.3138 0.7366
vn 0.5990 -0.3816 0.7040
vn 0.5990 -0.3825 0.7035
vn 0.9792 0.0289 -0.2006
vn 0.8821 0.4555 -0.1202
vn 0.8277 0.4036 -0.3899
vn 0.7971 -0.0373 -0.6027
vn 0.8307 -0.2856 -0.4779
vn 0.5991 -0.3812 0.7041
vn 0.5992 -0.3802 0.7046
vn -0.7605 0.5774 0.2969
vn -0.7602 0.5761 0.3003
vn -0.7604 0.5769 0.2984
vn -0.8353 -0.5027 -0.2227
vn -0.8351 -0.5038 -0.2208
vn -0.8354 -0.5019 -0.2240
vn 0.8353 0.4871 0.2550
vn 0.8351 0.4863 0.2570
vn 0.8354 0.4877 0.2536
vn 0.7605 -0.5917 -0.2673
vn 0.7602 -0.5935 -0.2642
vn 0.7604 -0.5925 -0.2660
vn -0.9793 0.1390 -0.1474
vn 0.9792 0.0288 -0.2008
vn -0.9792 0.1393 -0.1474
vn -0.7981 0.5612 0.2192
vn -0.7970 0.5686 0.2038
vn -0.8655 -0.4198 -0.2732
vn -0.8667 -0.4271 -0.2578
vn 0.8655 0.4751 0.1586
vn 0.8667 0.4675 0.1740
vn 0.7981 -0.5208 -0.3030
vn 0.7970 -0.5133 -0.3184
vn -0.0361 0.0549 0.9978
vn -0.0580 0.1033 0.9930
vn -0.0891 0.0532 0.9946
vn -0.0580 0.1032 -0.9930
vn -0.0361 0.0549 -0.9978
vn -0.0891 0.0532 -0.9946
vn 0.1796 -0.9837 -0.0000
vn 0.1800 -0.9837 -0.0000
vn 0.1783 -0.9840 -0.0000
vn -0.0571 0.0202 -0.9982
vn -0.0887 0.0374 -0.9954
vn -0.0571 0.0202 0.9982
vn -0.0887 0.0374 0.9954
vn -0.0093 0.0633 -0.9980
vn 0.0029 -0.0177 -0.9998
vn 0.0028 -0.0176 -0.9998
vn 0.0029 -0.0175 0.9998
vn -0.0057 0.0362 0.9993
vn 0.0032 -0.0179 0.9998
vn 0.1802 -0.9836 -0.0000
vn 0.1798 -0.9837 -0.0000
vn 0.1649 -0.9863 -0.0000
vn 0.1485 -0.9889 -0.0000
vn 0.1648 -0.9863 -0.0000
vn -0.0187 0.1189 0.9927
vn -0.0580 0.1032 0.9930
vn -0.0187 0.1190 0.9927
vn -0.0197 0.1195 -0.9926
vn -0.0093 0.0634 -0.9979
vn -0.0197 0.1194 -0.9927
vn 0.0024 -0.0180 -0.9998
vn -0.0048 0.0500 -0.9987
vn 0.0027 -0.0176 0.9998
vn 0.0024 -0.0180 0.9998
vn -0.0060 0.0500 0.9987
vn 0.1157 -0.9933 -0.0000
vn 0.0993 -0.9951 -0.0000
vn -0.0186 0.1189 0.9927
vn -0.0118 0.1179 0.9930
vn -0.0137 0.1177 -0.9930
vn -0.0015 0.0274 -0.9996
vn -0.0018 0.0730 -0.9973
vn 0.0004 -0.0181 -0.9998
vn 0.0020 -0.0180 -0.9998
vn 0.0009 -0.0181 -0.9998
vn 0.0015 -0.0180 -0.9998
vn 0.0004 -0.0181 0.9998
vn -0.0007 0.0274 0.9996
vn -0.0039 0.0729 0.9973
vn 0.0009 -0.0181 0.9998
vn -0.0060 0.0499 0.9987
vn 0.0022 -0.0180 0.9998
vn 0.0008 -0.0181 0.9998
vn 0.0015 -0.0180 0.9998
vn 0.0535 -0.9986 -0.0000
vn 0.0242 -0.9997 -0.0000
vn 0.0535 -0.9986 0.0004
vn -0.0007 0.0275 0.9996
vn -0.0029 0.1183 0.9930
vn -0.0063 0.1182 0.9930
vn -0.0029 0.1184 0.9930
vn -0.0064 0.1182 0.9930
vn -0.0063 0.1182 -0.9930
vn -0.0029 0.1183 -0.9930
vn -0.0048 0.0501 -0.9987
vn -0.0064 0.1182 -0.9930
vn 0.0083 -1.0000 -0.0000
vn 0.0167 -0.9999 -0.0000
vn 0.0016 1.0000 -0.0000
vn 0.0033 1.0000 -0.0000
vn 0.0015 1.0000 -0.0000
vn 0.0017 1.0000 -0.0000
vn 0.0005 -0.0181 -0.9998
vn -0.0001 -0.0000 -1.0000
vn 0.0015 -0.2073 -0.9783
vn 0.0015 -0.1871 -0.9823
vn 0.0006 -0.0181 -0.9998
vn 0.0006 -0.0179 -0.9998
vn 0.0007 0.2190 -0.9757
vn 0.0004 0.2233 -0.9748
vn -0.0000 -0.0000 -1.0000
vn 0.0005 -0.0179 -0.9998
vn 0.0004 0.2233 -0.9747
vn 1.0000 -0.0000 -0.0000
vn 0.0015 -0.2074 0.9783
vn 0.0003 0.0747 0.9972
vn 0.0005 0.0094 1.0000
vn 0.0011 -0.1871 0.9823
vn 0.0015 -0.2073 0.9783
vn 0.0008 0.2275 0.9738
vn 0.0003 0.2219 0.9751
vn 0.0005 0.0095 1.0000
vn 0.0002 0.0747 0.9972
vn 0.0003 0.2218 0.9751
vn -0.0000 0.2190 -0.9757
vn -0.0000 0.0853 -0.9964
vn 0.0001 0.0854 -0.9964
vn 0.0006 -0.0180 -0.9998
vn -0.0000 -0.1871 -0.9823
vn -0.0000 0.0852 -0.9964
vn 0.0010 -0.1871 0.9823
vn -0.0000 -0.0527 0.9986
vn -0.0000 -0.1871 0.9823
vn 0.0009 -0.1871 0.9823
vn -0.0000 0.2190 0.9757
vn -0.0000 -0.0525 0.9986
vn 0.0080 -1.0000 -0.0000
vn -0.0080 1.0000 -0.0000
vn -0.0009 0.1105 -0.9939
vn -0.0001 0.0142 -0.9999
vn -0.0005 0.0624 -0.9981
vn -0.0001 0.0141 -0.9999
vn 0.0003 -0.0341 -0.9994
vn 0.0003 -0.0341 0.9994
vn -0.0005 0.0624 0.9981
vn -0.0001 0.0141 0.9999
vn -0.0009 0.1105 0.9939
vn -0.0001 0.0142 0.9999
vn -1.0000 -0.0000 -0.0000
vn -0.0000 -0.0623 0.9981
vn -0.0000 -0.4520 0.8920
vn -0.0000 -0.3198 0.9475
vn -0.0000 0.0622 0.9981
vn -0.0000 -0.8462 0.5329
vn -0.0000 -0.7209 0.6931
vn -0.0000 -0.3199 0.9474
vn -0.0000 -0.8463 0.5328
vn -0.0000 -0.9919 -0.1268
vn -0.0000 -0.9919 0.1269
vn -0.0000 -0.7211 0.6929
vn -0.0000 -0.9919 -0.1269
vn -0.0000 -0.7210 -0.6929
vn -0.0000 -0.8463 -0.5328
vn -0.0000 -0.9919 0.1268
vn 0.0001 -0.7209 -0.6931
vn -0.0000 -0.3199 -0.9474
vn -0.0000 -0.4520 -0.8920
vn -0.0000 -0.8462 -0.5329
vn -0.0000 -0.7209 -0.6931
vn -0.0000 -0.3198 -0.9475
vn -0.0000 0.0622 -0.9981
vn -0.0000 -0.0623 -0.9981
vn -0.0000 0.0623 -0.9981
vn -0.0000 0.4519 -0.8921
vn -0.0000 0.3198 -0.9475
vn -0.0000 -0.0622 -0.9981
vn -0.0000 0.4520 -0.8920
vn -0.0000 0.8462 -0.5329
vn -0.0000 0.7209 -0.6931
vn -0.0000 0.3199 -0.9474
vn -0.0000 0.8463 -0.5328
vn -0.0000 0.9919 0.1269
vn -0.0000 0.9919 -0.1269
vn -0.0000 0.7211 -0.6929
vn -0.0000 0.7210 0.6929
vn -0.0000 0.8463 0.5328
vn -0.0000 0.7209 0.6930
vn -0.0000 0.3199 0.9474
vn -0.0000 0.4520 0.8920
vn -0.0000 0.8462 0.5329
vn -0.0001 0.4520 0.8920
vn -0.0000 0.3198 0.9475
vn -0.0000 -0.0622 0.9981
vn -0.0000 0.0623 0.9981
vn 0.0363 -0.1928 -0.9806
vn -0.0123 0.0654 -0.9978
vn 0.0018 0.0003 -1.0000
vn 0.0294 -0.1939 -0.9806
vn 0.0018 0.0001 -1.0000
vn 0.0123 -0.0656 0.9978
vn 0.0363 -0.1928 0.9806
vn 0.0328 -0.1934 0.9806
vn -0.0018 -0.0003 1.0000
vn 0.0123 -0.0654 0.9978
vn 0.1848 -0.9828 -0.0000
vn 0.1673 -0.9859 -0.0000
vn 0.1498 -0.9887 -0.0000
vn -0.0123 0.0655 -0.9978
vn -0.0363 0.1928 -0.9806
vn -0.0328 0.1934 -0.9806
vn -0.1848 0.9828 -0.0000
vn -0.1673 0.9859 -0.0000
vn -0.1498 0.9887 -0.0000
vn -0.0363 0.1928 0.9806
vn -0.0294 0.1939 0.9806
vn -0.0018 -0.0002 1.0000
vn 0.0018 0.0002 -1.0000
vn 0.0016 0.0002 -1.0000
vn 0.0195 -0.1952 -0.9806
vn 0.0293 -0.1939 -0.9806
vn 0.0017 0.0002 -1.0000
vn 0.0227 -0.1948 0.9806
vn -0.0016 -0.0002 1.0000
vn 0.1497 -0.9887 -0.0000
vn -0.0227 0.1948 -0.9806
vn 0.0016 0.0003 -1.0000
vn -0.1497 0.9887 -0.0000
vn -0.1157 0.9933 -0.0000
vn -0.0993 0.9951 -0.0000
vn -0.0293 0.1939 0.9806
vn -0.0018 -0.0001 1.0000
vn -0.0017 -0.0001 1.0000
vn -0.0195 0.1952 0.9806
vn 0.0194 -0.1952 -0.9806
vn 0.0017 0.0001 -1.0000
vn 0.0021 0.0038 -1.0000
vn 0.0084 -0.1921 -0.9813
vn -0.0016 -0.0003 1.0000
vn 0.0122 -0.1958 0.9806
vn -0.0024 0.0333 0.9994
vn 0.0122 -0.1957 0.9806
vn 0.0622 -0.9981 -0.0000
vn 0.0415 -0.9991 -0.0000
vn -0.0120 0.1958 -0.9806
vn 0.0021 0.0040 -1.0000
vn -0.0502 0.9987 -0.0000
vn -0.0024 0.0334 0.9994
vn -0.0098 0.1959 0.9806
vn -0.9776 -0.2107 -0.0000
vn -0.9775 -0.2107 -0.0000
vn 0.0045 -0.1904 0.9817
vn -0.0005 0.0169 0.9999
vn -0.0024 0.0332 0.9994
vn 0.0209 -0.9998 -0.0000
vn -0.0046 0.2071 0.9783
vn -0.0099 0.1959 0.9806
vn -0.0004 0.0171 0.9999
vn -0.0024 0.0335 0.9994
vn -0.0176 0.9998 -0.0000
vn -0.0046 0.2071 -0.9783
vn 0.0011 -0.0552 -0.9985
vn 0.0021 0.0039 -1.0000
vn 0.0011 -0.0553 -0.9985
vn 0.0039 -0.1846 -0.9828
vn 0.0021 0.0037 -1.0000
vn -0.7787 -0.0977 -0.6198
vn -0.9492 -0.3146 0.0003
vn -0.6671 0.5063 -0.5465
vn -0.0380 -0.6358 -0.7709
vn -0.5772 -0.8166 -0.0001
vn -0.3003 -0.6647 -0.6841
vn -0.6698 -0.7425 -0.0000
vn -0.5512 -0.7495 -0.3666
vn -0.4340 -0.5772 -0.6917
vn -0.6337 -0.6733 -0.3810
vn -0.5733 -0.5242 -0.6297
vn -0.7396 -0.6704 0.0587
vn -0.6967 -0.6075 -0.3815
vn -0.6043 -0.3846 -0.6978
vn -0.7984 -0.5993 -0.0591
vn -0.8023 -0.4738 -0.3631
vn -0.7231 -0.2339 -0.6500
vn -0.8869 -0.4620 -0.0001
vn -0.7855 -0.5025 -0.3613
vn -0.7786 -0.0977 -0.6198
vn -0.4113 0.3750 -0.8308
vn -0.7787 -0.0975 -0.6198
vn -0.6671 0.5061 -0.5466
vn -0.0381 -0.6359 -0.7709
vn -0.3003 -0.6646 -0.6842
vn 0.2727 -0.3529 -0.8950
vn -0.1587 -0.4149 -0.8959
vn 0.1118 -0.1542 -0.9817
vn -0.2488 -0.2962 -0.9222
vn -0.0726 -0.0765 -0.9944
vn -0.5732 -0.5243 -0.6297
vn -0.3374 -0.2035 -0.9191
vn -0.1190 0.1142 -0.9863
vn -0.6043 -0.3845 -0.6979
vn -0.4793 -0.0738 -0.8746
vn -0.3023 0.2560 -0.9182
vn -0.7231 -0.2338 -0.6500
vn -0.4872 -0.0861 -0.8690
vn -0.7786 -0.0977 -0.6199
vn -0.0587 0.8298 -0.5549
vn -0.6671 0.5062 -0.5466
vn -0.0382 -0.6359 -0.7708
vn 0.2729 -0.3529 -0.8950
vn 0.8114 -0.0625 -0.5812
vn 0.1119 -0.1542 -0.9817
vn 0.4111 0.0734 -0.9086
vn 0.6377 0.2292 -0.7354
vn 0.2988 0.2394 -0.9238
vn 0.5169 0.4301 -0.7401
vn -0.0726 -0.0764 -0.9944
vn 0.1679 0.3648 -0.9158
vn 0.3656 0.6159 -0.6979
vn -0.1190 0.1143 -0.9863
vn -0.0288 0.4913 -0.8705
vn 0.1185 0.7512 -0.6494
vn -0.3021 0.2562 -0.9182
vn -0.0697 0.4979 -0.8644
vn 0.0639 0.9980 0.0003
vn -0.0587 0.8299 -0.5548
vn -0.6672 0.5061 -0.5465
vn 0.9346 -0.1649 0.3153
vn 0.8114 -0.0625 -0.5811
vn 0.9999 0.0170 -0.0000
vn 0.6378 0.2292 -0.7353
vn 0.8213 0.4263 -0.3792
vn 0.8953 0.4455 -0.0001
vn 0.6866 0.6182 -0.3827
vn 0.7390 0.6711 -0.0593
vn 0.5227 0.7640 -0.3782
vn 0.5517 0.8328 0.0459
vn 0.3656 0.6160 -0.6978
vn 0.2846 0.8888 -0.3591
vn 0.2476 0.9689 -0.0002
vn 0.1186 0.7512 -0.6493
vn 0.2224 0.9074 -0.3567
vn 0.0639 0.9980 0.0004
vn -0.0587 0.8299 -0.5549
vn -0.0553 0.8288 0.5568
vn -0.6606 0.5014 0.5587
vn 0.9346 -0.1648 0.3153
vn 0.8114 -0.0625 0.5811
vn 0.8953 0.4454 -0.0000
vn 0.8198 0.4289 0.3793
vn 0.6369 0.2307 0.7356
vn 0.6867 0.6180 0.3827
vn 0.5332 0.4622 0.7085
vn 0.7391 0.6710 -0.0593
vn 0.5231 0.7637 0.3783
vn 0.3209 0.5955 0.7365
vn 0.5516 0.8328 0.0460
vn 0.2812 0.8901 0.3586
vn 0.1171 0.7520 0.6487
vn 0.2475 0.9689 -0.0000
vn 0.2218 0.9075 0.3566
vn -0.4076 0.3724 0.8338
vn -0.6605 0.5015 0.5588
vn 0.9346 -0.1648 0.3152
vn 0.8114 -0.0625 0.5812
vn 0.2729 -0.3529 0.8950
vn 0.4069 0.0801 0.9100
vn 0.1105 -0.1523 0.9821
vn 0.2993 0.2389 0.9238
vn -0.0725 -0.0765 0.9944
vn 0.5332 0.4621 0.7086
vn 0.1688 0.3640 0.9160
vn -0.1187 0.1140 0.9864
vn -0.0363 0.4959 0.8676
vn -0.3041 0.2577 0.9171
vn 0.1171 0.7519 0.6488
vn -0.0710 0.4986 0.8639
vn -0.4075 0.3722 0.8339
vn -0.0552 0.8288 0.5568
vn -0.7768 -0.1005 0.6216
vn -0.4077 0.3722 0.8338
vn -0.6606 0.5014 0.5588
vn -0.3274 -0.7163 0.6162
vn 0.2727 -0.3529 0.8950
vn -0.3003 -0.6646 0.6842
vn 0.1105 -0.1524 0.9821
vn -0.1646 -0.4082 0.8980
vn -0.4351 -0.5759 0.6921
vn -0.2483 -0.2967 0.9221
vn -0.5446 -0.5130 0.6635
vn -0.3365 -0.2044 0.9192
vn -0.6237 -0.4101 0.6654
vn -0.1188 0.1141 0.9863
vn -0.4858 -0.0668 0.8715
vn -0.7241 -0.2323 0.6494
vn -0.3042 0.2576 0.9171
vn -0.4883 -0.0851 0.8685
vn -0.7768 -0.1005 0.6217
vn -0.7769 -0.1006 0.6216
vn -0.3275 -0.7163 0.6161
vn -0.3003 -0.6647 0.6841
vn -0.5772 -0.8166 -0.0000
vn -0.4352 -0.5760 0.6920
vn -0.5545 -0.7468 0.3670
vn -0.6698 -0.7426 0.0001
vn -0.6334 -0.6736 0.3809
vn -0.7396 -0.6705 0.0587
vn -0.5447 -0.5131 0.6633
vn -0.6963 -0.6080 0.3815
vn -0.7984 -0.5993 -0.0590
vn -0.6238 -0.4100 0.6654
vn -0.8047 -0.4701 0.3626
vn -0.8869 -0.4620 -0.0000
vn -0.7241 -0.2324 0.6493
vn -0.7858 -0.5020 0.3612
vn -0.7768 -0.1006 0.6216
vn 0.5512 0.7495 0.3666
vn 0.5943 0.8042 -0.0002
vn 0.3820 0.6266 0.6793
vn 0.1587 0.4149 0.8959
vn 0.3820 0.6265 0.6794
vn -0.1361 0.1843 0.9734
vn -0.4111 -0.0734 0.9086
vn -0.1362 0.1842 0.9734
vn -0.6657 -0.2699 0.6957
vn -0.8213 -0.4263 0.3792
vn -0.6657 -0.2700 0.6956
vn -0.8868 -0.4621 -0.0001
vn -0.8198 -0.4289 -0.3793
vn -0.8868 -0.4622 -0.0002
vn -0.6628 -0.2750 -0.6965
vn -0.4069 -0.0801 -0.9100
vn -0.6604 -0.2787 -0.6973
vn -0.1308 0.1770 -0.9755
vn 0.1646 0.4082 -0.8980
vn -0.1294 0.1755 -0.9759
vn 0.3871 0.6217 -0.6809
vn 0.5545 0.7468 -0.3670
vn 0.5943 0.8042 -0.0003
vn -0.7231 -0.2338 -0.6499
vn -0.7787 -0.0977 -0.6197
vn -0.9492 -0.3146 0.0001
vn -0.6044 -0.3845 -0.6978
vn -0.7983 -0.5993 -0.0592
vn -0.7231 -0.2339 -0.6499
vn -0.7397 -0.6704 0.0586
vn -0.7984 -0.5992 -0.0591
vn -0.6044 -0.3846 -0.6977
vn -0.7397 -0.6704 0.0587
vn -0.6699 -0.7425 0.0001
vn -0.6168 -0.7871 -0.0000
vn -0.6698 -0.7425 -0.0001
vn -0.4340 -0.5773 -0.6917
vn -0.3803 -0.6434 -0.6644
vn -0.3023 0.2561 -0.9182
vn -0.4113 0.3749 -0.8308
vn -0.6043 -0.3845 -0.6978
vn -0.7230 -0.2338 -0.6501
vn -0.0727 -0.0764 -0.9944
vn -0.5733 -0.5241 -0.6298
vn -0.0728 -0.0764 -0.9944
vn -0.4340 -0.5771 -0.6918
vn -0.3802 -0.6434 -0.6644
vn 0.1765 -0.2862 -0.9418
vn 0.1767 -0.2862 -0.9417
vn 0.1185 0.7513 -0.6493
vn -0.3022 0.2562 -0.9182
vn 0.1185 0.7512 -0.6493
vn -0.4112 0.3751 -0.8308
vn 0.3655 0.6159 -0.6979
vn -0.1189 0.1143 -0.9863
vn 0.3655 0.6160 -0.6978
vn 0.5168 0.4302 -0.7402
vn 0.3656 0.6159 -0.6978
vn 0.5167 0.4302 -0.7402
vn 0.7408 0.0709 -0.6680
vn 0.2729 -0.3528 -0.8950
vn 0.8114 -0.0624 -0.5812
vn 0.2728 -0.3528 -0.8950
vn 0.2475 0.9689 -0.0001
vn 0.1186 0.7513 -0.6492
vn 0.2474 0.9689 -0.0001
vn -0.0586 0.8299 -0.5549
vn 0.5516 0.8329 0.0459
vn 0.5169 0.4302 -0.7401
vn 0.5516 0.8328 0.0459
vn 0.8953 0.4455 -0.0000
vn 0.7390 0.6711 -0.0594
vn 0.9834 0.1815 -0.0001
vn 0.9999 0.0171 -0.0000
vn 0.9834 0.1815 -0.0000
vn 0.2476 0.9689 0.0001
vn 0.2476 0.9689 -0.0000
vn 0.3209 0.5955 0.7364
vn 0.5332 0.4622 0.7086
vn 0.5517 0.8328 0.0460
vn 0.8953 0.4455 0.0001
vn 0.6370 0.2307 0.7356
vn 0.7408 0.0709 0.6680
vn 0.9834 0.1815 0.0001
vn 0.8953 0.4454 0.0001
vn 0.6370 0.2307 0.7355
vn 0.8114 -0.0624 0.5811
vn 0.8114 -0.0624 0.5812
vn 0.1170 0.7519 0.6488
vn -0.0553 0.8287 0.5569
vn -0.4076 0.3723 0.8338
vn -0.1187 0.1142 0.9863
vn -0.3041 0.2576 0.9171
vn 0.5331 0.4622 0.7086
vn -0.1187 0.1141 0.9864
vn 0.1767 -0.2861 0.9418
vn 0.1767 -0.2862 0.9417
vn 0.6370 0.2306 0.7356
vn 0.2728 -0.3528 0.8951
vn 0.7408 0.0708 0.6680
vn -0.3041 0.2575 0.9172
vn -0.4076 0.3721 0.8339
vn -0.7768 -0.1006 0.6217
vn -0.7768 -0.1004 0.6217
vn -0.5447 -0.5130 0.6634
vn -0.4352 -0.5758 0.6921
vn 0.1104 -0.1524 0.9821
vn -0.5446 -0.5131 0.6634
vn -0.4352 -0.5759 0.6920
vn -0.0725 -0.0766 0.9944
vn -0.3803 -0.6433 0.6645
vn -0.4352 -0.5759 0.6921
vn 0.1105 -0.1525 0.9821
vn -0.3803 -0.6434 0.6644
vn -0.7241 -0.2324 0.6494
vn -0.8869 -0.4619 -0.0001
vn -0.7242 -0.2323 0.6493
vn -0.6238 -0.4101 0.6653
vn -0.7241 -0.2325 0.6493
vn -0.6238 -0.4102 0.6653
vn -0.6699 -0.7424 0.0001
vn -0.5447 -0.5131 0.6634
vn -0.6698 -0.7425 0.0001
vn 1.0000 -0.0023 -0.0000
vn -0.9999 -0.0124 -0.0000
vn 0.0061 -0.2317 -0.9728
vn -0.0021 0.0790 -0.9969
vn 0.0021 -0.0792 -0.9969
vn 0.0021 -0.0793 0.9969
vn 0.0061 -0.2317 0.9728
vn -0.0021 0.0791 0.9969
vn -0.0021 0.0792 -0.9969
vn -0.0061 0.2317 -0.9728
vn 0.0021 -0.0791 -0.9969
vn -0.0262 0.9997 -0.0000
vn -0.0061 0.2317 0.9728
vn 0.0020 -0.0791 0.9969
vn -0.0021 0.0792 0.9969
vn 0.0262 -0.9997 -0.0000
vn 0.1797 -0.9837 -0.0000
vn 0.1801 -0.9836 -0.0000
vn -0.0571 0.0203 0.9982
vn -0.0360 0.0549 0.9978
vn 0.1803 -0.9836 -0.0000
vn 0.0026 -0.0177 -0.9998
vn -0.0186 0.1190 0.9927
vn -0.0039 0.0730 0.9973
vn 0.0015 -0.2074 -0.9783
vn 0.0005 -0.0178 -0.9998
vn 0.0002 0.0748 0.9972
vn -0.0009 0.1104 -0.9939
vn -0.0000 -0.0624 0.9981
vn -0.0000 -0.4521 0.8920
vn -0.0000 -0.7211 -0.6929
vn -0.0000 0.7210 0.6930
vn -0.0000 0.0624 0.9981
vn -0.0000 0.4519 0.8921
vn -0.0018 -0.0004 1.0000
vn -0.0195 0.1951 0.9806
vn -0.0004 0.0170 0.9999
vn -0.4114 0.3750 -0.8308
vn -0.6670 0.5062 -0.5466
vn 0.5168 0.4301 -0.7402
vn -0.6672 0.5062 -0.5465
vn 0.9999 0.0170 -0.0001
vn 0.1688 0.3641 0.9160
vn -0.7768 -0.1004 0.6216
vn -0.3002 -0.6646 0.6842
vn -0.6605 0.5015 0.5589
vn -0.5772 -0.8166 0.0001
vn -0.7859 -0.5020 0.3612
vn -0.9492 -0.3146 0.0002
vn -0.6044 -0.3845 -0.6977
vn -0.7984 -0.5992 -0.0592
vn 0.1118 -0.1543 -0.9817
vn 0.2727 -0.3529 -0.8951
vn -0.1186 0.1141 0.9864
vn -0.3041 0.2576 0.9172
vn -0.7240 -0.2324 0.6494
vn -0.6238 -0.4099 0.6654
vn -0.0725 -0.0767 0.9944
vn -0.7397 -0.6704 0.0588
vn -0.7984 -0.5992 -0.0590
vn 0.0021 -0.0792 0.9969
vn -0.0021 0.0793 -0.9969
vn -0.0197 0.1193 -0.9927
vn 0.0030 -0.0174 0.9998
vn 0.0019 -0.0180 0.9998
vn 0.0018 -0.0180 -0.9998
vn 0.0008 -0.0181 -0.9998
vn 0.0014 -0.1871 -0.9823
vn 0.0005 0.0096 1.0000
vn 0.0003 0.2217 0.9751
vn -0.0000 0.0854 -0.9964
vn -0.0000 -0.4519 -0.8921
vn 0.0001 0.4520 -0.8920
vn -0.0000 0.7211 0.6929
vn 0.1801 -0.9837 -0.0000
vn 0.0021 -0.0180 0.9998
vn -0.0065 0.1182 0.9930
vn -0.0117 0.1179 0.9930
vn 0.0001 -0.9919 0.1269
vn 0.0001 -0.9919 -0.1269
vn -0.0001 0.7209 -0.6931
vn 0.0032 -0.0179 -0.9998
vn 0.0028 -0.0175 -0.9998
vn 0.0029 -0.0174 0.9998
vn 0.0010 -0.0181 0.9998
vn -0.0065 0.1182 -0.9930
vn 0.0012 -0.1871 0.9823
vn -0.0000 -0.8462 0.5328
vn -0.0000 -0.7210 0.6929
vn -0.0000 -0.8462 -0.5328
vn 0.0001 -0.7209 -0.6930
vn -0.0000 0.7210 -0.6929
vn -0.0000 0.8462 -0.5328
vn -0.0000 0.8462 0.5328
vn 0.0007 -0.0178 -0.9998
vn 0.0004 0.2190 -0.9757
vn 0.0001 0.0853 -0.9964
vn -0.0000 -0.9919 0.1270
vn -0.0000 -0.9919 -0.1270
vn -0.0000 -0.4521 -0.8920
vn 0.9987 -0.0339 -0.0377
vn 0.9997 -0.0215 0.0141
vn 0.9970 -0.0768 -0.0063
vn -0.9742 0.0560 0.2188
vn -0.9848 0.0440 0.1680
vn -0.9800 0.0009 0.1988
vn -0.1095 -0.4590 -0.8817
vn -0.1095 -0.4585 -0.8819
vn -0.1095 -0.4602 -0.8810
vn -0.9881 0.0062 0.1537
vn -0.9825 -0.0084 0.1862
vn 0.9961 -0.0718 -0.0521
vn 0.9987 -0.0340 -0.0378
vn 0.9961 -0.0861 -0.0191
vn -0.9849 0.0703 0.1583
vn -0.9957 0.0305 0.0874
vn -0.9957 0.0306 0.0876
vn 0.9987 -0.0339 -0.0378
vn 0.9961 -0.0717 -0.0522
vn 0.9918 -0.0475 -0.1186
vn 0.9972 -0.0214 -0.0712
vn 0.9918 -0.0475 -0.1191
vn -0.1095 -0.4589 -0.8817
vn -0.1093 -0.4722 -0.8747
vn -0.1091 -0.4867 -0.8667
vn -0.1095 -0.4584 -0.8820
vn 0.9972 -0.0214 -0.0711
vn 0.9998 0.0191 0.0024
vn -0.9733 0.0962 0.2082
vn -0.9734 0.0961 0.2081
vn -0.9957 0.0303 0.0876
vn -0.9872 0.0657 0.1452
vn -0.9957 0.0300 0.0875
vn 0.9918 -0.0476 -0.1186
vn 0.9918 -0.0481 -0.1187
vn 0.9981 -0.0132 -0.0601
vn -0.1090 -0.4868 -0.8667
vn -0.1093 -0.4723 -0.8747
vn -0.1082 -0.5153 -0.8501
vn -0.1081 -0.5294 -0.8415
vn -0.1093 -0.4868 -0.8666
vn -0.1085 -0.5153 -0.8501
vn 0.9998 0.0192 0.0024
vn 0.9997 0.0239 -0.0027
vn -0.9741 0.0998 0.2031
vn -0.9906 0.0546 0.1255
vn -0.9835 0.0821 0.1612
vn -0.9957 0.0283 0.0886
vn -0.9957 0.0292 0.0880
vn -0.9957 0.0287 0.0884
vn 0.9918 -0.0497 -0.1176
vn 0.9964 -0.0228 -0.0811
vn 0.9991 0.0025 -0.0432
vn 0.9918 -0.0498 -0.1176
vn 0.9981 -0.0132 -0.0602
vn 0.9918 -0.0486 -0.1184
vn 0.9918 -0.0489 -0.1182
vn -0.1070 -0.5678 -0.8162
vn -0.1062 -0.5916 -0.7992
vn -0.1070 -0.5677 -0.8162
vn -0.1066 -0.5678 -0.8162
vn -0.1081 -0.5294 -0.8414
vn -0.1070 -0.5677 -0.8163
vn -0.1069 -0.5677 -0.8162
vn -0.1083 -0.5294 -0.8414
vn 0.9995 0.0313 -0.0078
vn 0.9996 0.0284 -0.0058
vn -0.9743 0.1060 0.1990
vn -0.9744 0.1088 0.1970
vn -0.9835 0.0822 0.1612
vn -0.9872 0.0658 0.1452
vn -0.9741 0.0999 0.2031
vn -0.1057 -0.6043 -0.7897
vn -0.1059 -0.5977 -0.7947
vn 0.1053 0.6123 0.7836
vn 0.1053 0.6135 0.7826
vn -0.1054 -0.6109 -0.7846
vn 0.1053 0.6122 0.7836
vn 0.1054 0.6109 0.7846
vn -0.9957 0.0285 0.0886
vn -0.9939 0.0389 0.1031
vn -0.9942 -0.0873 -0.0628
vn -0.9961 -0.0747 -0.0464
vn -0.9942 -0.0872 -0.0627
vn -0.9956 0.0285 0.0887
vn -0.9467 0.1725 0.2720
vn -0.9453 0.1748 0.2755
vn -0.9939 0.0391 0.1031
vn -0.0324 0.7907 -0.6113
vn 0.9504 -0.1637 -0.2645
vn 0.9990 0.0069 -0.0444
vn 0.9948 -0.0329 -0.0961
vn 0.9566 -0.1518 -0.2487
vn 0.9504 -0.1636 -0.2645
vn 0.9948 -0.0329 -0.0960
vn 0.9990 0.0069 -0.0443
vn 0.9918 0.1016 0.0776
vn 0.9925 0.0977 0.0734
vn 0.9948 -0.0328 -0.0960
vn 0.9925 0.0976 0.0733
vn -0.9467 0.1719 0.2725
vn -0.9813 0.0910 0.1697
vn -0.9813 0.0911 0.1696
vn -0.9961 -0.0759 -0.0455
vn -0.9813 0.0910 0.1696
vn 0.9566 -0.1519 -0.2487
vn 0.9870 -0.0712 -0.1443
vn 0.9566 -0.1526 -0.2481
vn 0.9929 0.0957 0.0713
vn 0.9870 -0.0711 -0.1443
vn -0.1057 -0.6045 -0.7895
vn 0.1056 0.6045 0.7895
vn 0.1057 0.6045 0.7895
vn -0.9762 0.1056 0.1897
vn -0.9923 0.0476 0.1143
vn -0.9854 0.0767 0.1522
vn -0.9923 0.0476 0.1142
vn -0.9969 0.0184 0.0762
vn 0.9897 -0.0596 -0.1299
vn 0.9986 -0.0013 -0.0537
vn 0.9953 -0.0305 -0.0920
vn 0.9986 -0.0012 -0.0536
vn 0.9995 0.0280 -0.0153
vn 0.9953 -0.0305 -0.0919
vn 0.0323 -0.7907 0.6113
vn 0.0324 -0.7907 0.6113
vn 0.9854 -0.0770 -0.1518
vn 0.8390 -0.3109 -0.4465
vn 0.9080 -0.2324 -0.3486
vn 0.9985 -0.0010 -0.0542
vn 0.9080 -0.2323 -0.3486
vn 0.8389 -0.3110 -0.4467
vn 0.4405 -0.5377 -0.7189
vn 0.6129 -0.4675 -0.6371
vn 0.9079 -0.2324 -0.3487
vn 0.8389 -0.3110 -0.4466
vn 0.6128 -0.4675 -0.6371
vn 0.4404 -0.5378 -0.7189
vn -0.2306 -0.6010 -0.7653
vn 0.0216 -0.6109 -0.7914
vn 0.6127 -0.4675 -0.6372
vn -0.2308 -0.6010 -0.7652
vn -0.7647 -0.4134 -0.4943
vn -0.6187 -0.4962 -0.6091
vn 0.0215 -0.6110 -0.7914
vn -0.2307 -0.6010 -0.7652
vn -0.6188 -0.4962 -0.6090
vn -0.7648 -0.4133 -0.4943
vn -0.9754 -0.1584 -0.1533
vn -0.9342 -0.2413 -0.2627
vn -0.7648 -0.4134 -0.4942
vn -0.9342 -0.2414 -0.2627
vn -0.9754 -0.1583 -0.1532
vn -0.9854 0.0770 0.1517
vn -0.9985 0.0009 0.0540
vn -0.9342 -0.2413 -0.2626
vn -0.9754 -0.1584 -0.1532
vn -0.9985 0.0008 0.0540
vn -0.9854 0.0770 0.1518
vn -0.8390 0.3110 0.4465
vn -0.9080 0.2324 0.3486
vn -0.9985 0.0010 0.0541
vn -0.8389 0.3111 0.4466
vn -0.4405 0.5377 0.7189
vn -0.6128 0.4675 0.6371
vn -0.9080 0.2324 0.3487
vn -0.8389 0.3110 0.4467
vn -0.4404 0.5378 0.7189
vn 0.2307 0.6011 0.7652
vn -0.0217 0.6109 0.7914
vn -0.6127 0.4675 0.6372
vn 0.2308 0.6011 0.7652
vn 0.7647 0.4134 0.4943
vn 0.6188 0.4962 0.6090
vn -0.0216 0.6109 0.7914
vn 0.2307 0.6010 0.7652
vn 0.6187 0.4962 0.6091
vn 0.7648 0.4134 0.4942
vn 0.9754 0.1584 0.1533
vn 0.9342 0.2413 0.2627
vn 0.6189 0.4961 0.6090
vn 0.9754 0.1583 0.1532
vn 0.9854 -0.0770 -0.1517
vn 0.9985 -0.0009 -0.0540
vn 0.9754 0.1584 0.1532
vn -0.9972 -0.0435 0.0606
vn -0.9997 -0.0235 0.0113
vn -0.9964 -0.0811 0.0231
vn 0.9675 0.0921 -0.2356
vn 0.9796 0.0727 -0.1875
vn 0.9739 0.0347 -0.2242
vn 0.1348 -0.5846 0.8001
vn 0.1348 -0.5843 0.8003
vn 0.1347 -0.5858 0.7992
vn 0.9833 0.0332 -0.1791
vn 0.9767 0.0236 -0.2132
vn -0.9941 -0.0830 0.0692
vn -0.9951 -0.0923 0.0343
vn 0.9799 0.0973 -0.1740
vn 0.9927 0.0475 -0.1104
vn 0.9833 0.0332 -0.1790
vn 0.9928 0.0475 -0.1104
vn -0.9972 -0.0434 0.0607
vn -0.9880 -0.0689 0.1384
vn -0.9948 -0.0361 0.0955
vn -0.9972 -0.0435 0.0607
vn -0.9879 -0.0689 0.1388
vn 0.1348 -0.5841 0.8004
vn 0.1344 -0.5967 0.7911
vn 0.1339 -0.6099 0.7811
vn 0.1348 -0.5842 0.8003
vn -0.9948 -0.0360 0.0954
vn -0.9995 0.0150 0.0289
vn 0.9670 0.1302 -0.2191
vn 0.9928 0.0474 -0.1103
vn 0.9826 0.0908 -0.1618
vn 0.9928 0.0469 -0.1103
vn -0.9948 -0.0360 0.0955
vn -0.9880 -0.0688 0.1383
vn -0.9879 -0.0695 0.1383
vn -0.9960 -0.0263 0.0858
vn 0.1326 -0.6357 0.7605
vn 0.1322 -0.6483 0.7498
vn 0.1328 -0.6357 0.7605
vn -0.9992 0.0190 0.0347
vn 0.9678 0.1331 -0.2136
vn 0.9826 0.0909 -0.1618
vn 0.9866 0.0769 -0.1440
vn 0.9785 0.1094 -0.1750
vn 0.9927 0.0455 -0.1117
vn 0.9928 0.0466 -0.1106
vn 0.9927 0.0460 -0.1112
vn 0.9927 0.0462 -0.1109
vn -0.9880 -0.0709 0.1370
vn -0.9937 -0.0389 0.1051
vn -0.9974 -0.0082 0.0715
vn -0.9960 -0.0263 0.0859
vn -0.9880 -0.0697 0.1381
vn -0.9880 -0.0706 0.1373
vn -0.9880 -0.0702 0.1377
vn 0.1304 -0.6825 0.7192
vn 0.1291 -0.7036 0.6988
vn 0.1300 -0.6825 0.7192
vn 0.1291 -0.7035 0.6988
vn 0.1328 -0.6357 0.7604
vn -0.9988 0.0255 0.0408
vn -0.9990 0.0230 0.0384
vn -0.9988 0.0255 0.0407
vn -0.9960 -0.0262 0.0858
vn -0.9990 0.0230 0.0383
vn -0.9992 0.0189 0.0346
vn 0.9681 0.1386 -0.2086
vn 0.9683 0.1411 -0.2062
vn 0.9785 0.1094 -0.1751
vn 0.9784 0.1095 -0.1751
vn 0.9678 0.1332 -0.2136
vn 0.9866 0.0769 -0.1441
vn 0.1283 -0.7147 0.6876
vn 0.1287 -0.7088 0.6935
vn -0.1278 0.7216 -0.6804
vn -0.1277 0.7228 -0.6792
vn -0.1278 0.7217 -0.6803
vn -0.1278 0.7228 -0.6792
vn 0.1279 -0.7205 0.6816
vn -0.1279 0.7205 -0.6816
vn 0.9927 0.0456 -0.1117
vn 0.9905 0.0581 -0.1244
vn 0.9956 -0.0914 0.0208
vn 0.9971 -0.0765 0.0065
vn 0.9927 0.0456 -0.1116
vn 0.9927 0.0457 -0.1117
vn 0.9385 0.2149 -0.2703
vn 0.9370 0.2179 -0.2731
vn 0.9905 0.0582 -0.1244
vn 0.0499 0.6910 0.7211
vn -0.9424 -0.2053 0.2641
vn -0.9973 -0.0042 0.0733
vn -0.9917 -0.0511 0.1183
vn -0.9491 -0.1912 0.2504
vn -0.9973 -0.0040 0.0732
vn -0.9936 0.1077 -0.0334
vn -0.9942 0.1033 -0.0298
vn -0.9917 -0.0510 0.1182
vn -0.9942 0.1032 -0.0297
vn 0.9385 0.2146 -0.2706
vn 0.9760 0.1195 -0.1820
vn 0.9760 0.1195 -0.1821
vn 0.9970 -0.0765 0.0065
vn 0.9970 -0.0776 0.0053
vn 0.9760 0.1194 -0.1820
vn -0.9491 -0.1913 0.2502
vn -0.9824 -0.0961 0.1601
vn -0.9491 -0.1919 0.2497
vn -0.9491 -0.1913 0.2503
vn -0.9917 -0.0509 0.1182
vn -0.9945 0.1010 -0.0280
vn -0.9824 -0.0960 0.1601
vn 0.1283 -0.7149 0.6874
vn 0.1283 -0.7149 0.6873
vn -0.1283 0.7149 -0.6874
vn 0.9703 0.1368 -0.1995
vn 0.9886 0.0683 -0.1341
vn 0.9806 0.1027 -0.1670
vn 0.9886 0.0683 -0.1340
vn 0.9943 0.0338 -0.1009
vn -0.9856 -0.0825 0.1477
vn -0.9966 -0.0135 0.0812
vn -0.9922 -0.0481 0.1146
vn -0.9986 0.0211 0.0477
vn -0.0499 -0.6910 -0.7211
vn -0.9806 -0.1030 0.1666
vn -0.8258 -0.3775 0.4190
vn -0.8976 -0.2856 0.3358
vn -0.9966 -0.0133 0.0817
vn -0.8976 -0.2855 0.3358
vn -0.8257 -0.3776 0.4190
vn -0.4196 -0.6407 0.6430
vn -0.5943 -0.5597 0.5776
vn -0.5943 -0.5597 0.5775
vn -0.4195 -0.6407 0.6431
vn 0.2525 -0.7072 0.6603
vn 0.0011 -0.7220 0.6919
vn -0.5942 -0.5598 0.5776
vn -0.4195 -0.6408 0.6430
vn 0.0012 -0.7221 0.6918
vn 0.2527 -0.7072 0.6603
vn 0.7786 -0.4791 0.4053
vn 0.6360 -0.5787 0.5105
vn 0.0012 -0.7220 0.6918
vn 0.2526 -0.7073 0.6603
vn 0.7787 -0.4790 0.4053
vn 0.9794 -0.1753 0.1002
vn 0.9414 -0.2737 0.1972
vn 0.6361 -0.5786 0.5105
vn 0.7787 -0.4790 0.4051
vn 0.9807 0.1029 -0.1665
vn 0.9966 0.0132 -0.0816
vn 0.9414 -0.2737 0.1971
vn 0.9794 -0.1752 0.1002
vn 0.9966 0.0132 -0.0815
vn 0.9806 0.1030 -0.1666
vn 0.8258 0.3776 -0.4190
vn 0.8976 0.2856 -0.3358
vn 0.9966 0.0133 -0.0817
vn 0.8257 0.3776 -0.4191
vn 0.4196 0.6407 -0.6430
vn 0.5942 0.5598 -0.5775
vn 0.8257 0.3776 -0.4190
vn 0.5943 0.5597 -0.5775
vn 0.4195 0.6407 -0.6430
vn -0.2526 0.7073 -0.6603
vn -0.0012 0.7220 -0.6918
vn 0.5942 0.5598 -0.5776
vn -0.0011 0.7220 -0.6919
vn -0.7786 0.4791 -0.4052
vn -0.6360 0.5787 -0.5105
vn -0.0012 0.7220 -0.6919
vn -0.2527 0.7072 -0.6603
vn -0.7787 0.4791 -0.4052
vn -0.9794 0.1753 -0.1002
vn -0.9414 0.2737 -0.1972
vn -0.6361 0.5786 -0.5105
vn -0.7787 0.4790 -0.4052
vn -0.9794 0.1752 -0.1002
vn -0.9807 -0.1029 0.1664
vn -0.9966 -0.0132 0.0816
vn -0.9414 0.2737 -0.1971
vn -0.5492 0.7519 0.3647
vn -0.5492 0.7524 0.3637
vn -0.8452 -0.3208 -0.4274
vn -0.8755 -0.0477 -0.4809
vn -0.9913 -0.1186 -0.0573
vn -0.8755 -0.4064 0.2614
vn -0.8452 -0.5342 0.0143
vn -0.5492 0.7530 0.3624
vn -0.5492 0.7525 0.3634
vn 0.6489 0.6851 0.3311
vn 0.6489 0.6845 0.3322
vn 0.9672 -0.2287 -0.1105
vn 0.8373 -0.1441 -0.5274
vn 0.7796 -0.4122 -0.4715
vn 0.7796 -0.6256 -0.0298
vn 0.8373 -0.5027 0.2149
vn 0.6489 0.6851 0.3309
vn 0.6489 0.6856 0.3299
vn -0.7969 0.3209 -0.5118
vn -0.7964 0.3243 -0.5105
vn -0.7967 0.3223 -0.5113
vn -0.7967 -0.2002 0.5702
vn -0.7964 -0.1984 0.5712
vn -0.7969 -0.2016 0.5694
vn 0.7990 0.2325 -0.5546
vn 0.7989 0.2345 -0.5538
vn 0.7990 0.2311 -0.5551
vn 0.7990 -0.2913 0.5261
vn 0.7989 -0.2882 0.5279
vn 0.7989 -0.2900 0.5269
vn -0.9913 -0.1186 -0.0572
vn 0.9672 -0.2289 -0.1104
vn -0.9913 -0.1185 -0.0575
vn -0.8353 0.2442 -0.4926
vn -0.8352 0.2288 -0.5001
vn -0.8352 -0.2496 0.4900
vn -0.8353 -0.2341 0.4974
vn 0.8273 0.1353 -0.5452
vn 0.8295 0.1506 -0.5378
vn 0.8295 -0.3278 0.4522
vn 0.8273 -0.3431 0.4449
vn -0.5994 0.3762 -0.7065
vn -0.5995 0.3752 -0.7070
vn -0.8274 -0.4004 0.3937
vn -0.8819 -0.4546 0.1246
vn -0.9791 -0.0273 0.2014
vn -0.8305 0.2895 0.4758
vn -0.7968 0.0423 0.6027
vn -0.9791 -0.0274 0.2014
vn -0.5996 0.3740 -0.7076
vn -0.5995 0.3750 -0.7071
vn 0.5986 0.3078 -0.7396
vn 0.5987 0.3088 -0.7390
vn 0.9794 -0.1375 0.1482
vn 0.8309 -0.5510 0.0781
vn 0.7974 -0.4918 0.3496
vn 0.9793 -0.1375 0.1482
vn 0.8280 -0.0491 0.5586
vn 0.8823 0.1932 0.4293
vn 0.5986 0.3076 -0.7396
vn 0.5986 0.3066 -0.7401
vn -0.8354 -0.4900 -0.2490
vn -0.8351 -0.4887 -0.2524
vn -0.8353 -0.4895 -0.2504
vn -0.7604 0.5946 0.2612
vn -0.7602 0.5956 0.2594
vn -0.7605 0.5938 0.2626
vn 0.7604 -0.5792 -0.2937
vn 0.7602 -0.5785 -0.2957
vn 0.7605 -0.5798 -0.2923
vn 0.8354 0.5041 0.2192
vn 0.8351 0.5059 0.2161
vn 0.8353 0.5048 0.2179
vn 0.9794 -0.1375 0.1481
vn -0.9791 -0.0275 0.2013
vn 0.9793 -0.1377 0.1481
vn -0.8667 -0.4692 -0.1695
vn -0.8655 -0.4766 -0.1541
vn -0.7969 0.5159 0.3143
vn -0.7981 0.5232 0.2988
vn 0.7970 -0.5702 -0.1992
vn 0.7982 -0.5629 -0.2147
vn 0.8667 0.4295 0.2537
vn 0.8656 0.4223 0.2692
vn -0.6489 -0.6828 -0.3356
vn -0.6489 -0.6834 -0.3346
vn -0.7797 0.4100 0.4733
vn -0.8374 0.1417 0.5279
vn -0.9672 0.2283 0.1113
vn -0.8372 0.5039 -0.2128
vn -0.7795 0.6255 0.0326
vn -0.6489 -0.6840 -0.3333
vn -0.6489 -0.6835 -0.3343
vn 0.5492 -0.7508 -0.3670
vn 0.5492 -0.7502 -0.3681
vn 0.9913 0.1182 0.0581
vn 0.8754 0.0453 0.4814
vn 0.8452 0.3186 0.4292
vn 0.8453 0.5341 -0.0115
vn 0.8756 0.4075 -0.2593
vn 0.5492 -0.7508 -0.3669
vn 0.5492 -0.7513 -0.3658
vn -0.7992 -0.2336 0.5538
vn -0.7991 -0.2370 0.5525
vn -0.7991 -0.2351 0.5533
vn -0.7988 0.2926 -0.5257
vn -0.7987 0.2908 -0.5268
vn -0.7988 0.2939 -0.5249
vn 0.7965 -0.3248 0.5099
vn 0.7962 -0.3268 0.5092
vn 0.7967 -0.3234 0.5105
vn 0.7971 0.2041 -0.5683
vn 0.7966 0.2010 -0.5701
vn 0.7969 0.2028 -0.5690
vn 0.9913 0.1182 0.0580
vn -0.9672 0.2283 0.1114
vn 0.9913 0.1181 0.0583
vn -0.8297 -0.1530 0.5369
vn -0.8275 -0.1377 0.5444
vn -0.8271 0.3453 -0.4434
vn -0.8293 0.3300 -0.4509
vn 0.8350 -0.2313 0.4992
vn 0.8351 -0.2466 0.4917
vn 0.8355 0.2364 -0.4961
vn 0.8354 0.2518 -0.4886
vn -0.6331 -0.7110 0.3061
vn -0.6330 -0.7106 0.3071
vn -0.7789 0.6244 0.0589
vn -0.8246 0.4824 0.2956
vn -0.9711 0.2348 -0.0437
vn -0.8622 0.1839 -0.4720
vn -0.8012 0.4469 -0.3979
vn -0.6330 -0.7101 0.3084
vn -0.6330 -0.7105 0.3074
vn 0.5651 -0.7780 0.2746
vn 0.5651 -0.7784 0.2736
vn 0.9875 0.1247 -0.0969
vn 0.8882 0.3860 0.2491
vn 0.8460 0.5330 0.0147
vn 0.9875 0.1247 -0.0968
vn 0.8236 0.3555 -0.4420
vn 0.8506 0.0876 -0.5185
vn 0.5651 -0.7779 0.2749
vn 0.5652 -0.7775 0.2759
vn -0.7712 0.2469 0.5867
vn -0.7711 0.2436 0.5883
vn -0.7712 0.2455 0.5874
vn -0.8260 -0.1892 -0.5309
vn -0.8259 -0.1912 -0.5303
vn -0.8261 -0.1877 -0.5314
vn 0.8245 0.1558 0.5440
vn 0.8242 0.1539 0.5449
vn 0.8247 0.1572 0.5434
vn 0.7699 -0.2775 -0.5747
vn 0.7694 -0.2810 -0.5736
vn 0.7697 -0.2790 -0.5743
vn -0.9710 0.2350 -0.0438
vn 0.9874 0.1247 -0.0970
vn -0.9710 0.2350 -0.0437
vn 0.9874 0.1249 -0.0968
vn -0.8053 0.2891 0.5175
vn -0.8034 0.3050 0.5113
vn -0.8536 -0.0931 -0.5125
vn -0.8555 -0.1089 -0.5062
vn 0.8590 0.2115 0.4662
vn 0.8595 0.1954 0.4723
vn 0.8093 -0.2025 -0.5514
vn 0.8089 -0.1866 -0.5576
vn -0.5650 0.7786 -0.2730
vn -0.5650 0.7783 -0.2740
vn -0.8460 -0.5330 -0.0152
vn -0.8882 -0.3858 -0.2495
vn -0.9875 -0.1247 0.0967
vn -0.8506 -0.0880 0.5184
vn -0.8236 -0.3558 0.4417
vn -0.5651 0.7777 -0.2753
vn -0.5650 0.7782 -0.2742
vn 0.6330 0.7109 -0.3065
vn 0.6331 0.7112 -0.3055
vn 0.9710 -0.2349 0.0435
vn 0.8246 -0.4821 -0.2960
vn 0.7788 -0.6244 -0.0593
vn 0.9710 -0.2349 0.0436
vn 0.8012 -0.4472 0.3976
vn 0.8622 -0.1843 0.4719
vn 0.6330 0.7108 -0.3066
vn 0.6330 0.7103 -0.3078
vn -0.8246 -0.1567 -0.5435
vn -0.8242 -0.1534 -0.5451
vn -0.8245 -0.1553 -0.5442
vn -0.7697 0.2785 0.5745
vn -0.7694 0.2805 0.5738
vn -0.7699 0.2771 0.5749
vn 0.7712 -0.2451 -0.5875
vn 0.7711 -0.2432 -0.5884
vn 0.7713 -0.2465 -0.5868
vn 0.8260 0.1873 0.5316
vn 0.8259 0.1908 0.5305
vn 0.8260 0.1888 0.5311
vn -0.9875 -0.1247 0.0968
vn 0.9710 -0.2349 0.0438
vn -0.9875 -0.1248 0.0966
vn 0.9710 -0.2351 0.0435
vn -0.8595 -0.1950 -0.4725
vn -0.8590 -0.2111 -0.4664
vn -0.8089 0.1861 0.5577
vn -0.8093 0.2021 0.5515
vn 0.8035 -0.3046 -0.5115
vn 0.8054 -0.2887 -0.5177
vn 0.8555 0.1085 0.5063
vn 0.8536 0.0926 0.5126
vn -0.6326 -0.1931 -0.7500
vn -0.6326 -0.1942 -0.7497
vn -0.8016 -0.0389 0.5966
vn -0.8625 -0.2590 0.4348
vn -0.9711 0.1101 0.2116
vn -0.8245 0.5299 0.1982
vn -0.7790 0.4305 0.4559
vn -0.9711 0.1102 0.2116
vn -0.6328 -0.1955 -0.7493
vn -0.6327 -0.1944 -0.7496
vn 0.5654 -0.2616 -0.7822
vn 0.5655 -0.2605 -0.7825
vn 0.9874 -0.0001 0.1584
vn 0.8503 -0.3553 0.3883
vn 0.8233 -0.1303 0.5525
vn 0.9874 -0.0000 0.1584
vn 0.8458 0.3391 0.4118
vn 0.8882 0.4336 0.1517
vn 0.5654 -0.2618 -0.7821
vn 0.5654 -0.2629 -0.7818
vn -0.8263 -0.5343 0.1782
vn -0.8262 -0.5356 0.1748
vn -0.8262 -0.5349 0.1767
vn -0.7709 0.6144 -0.1679
vn -0.7709 0.6139 -0.1699
vn -0.7710 0.6147 -0.1663
vn 0.7694 -0.6246 0.1334
vn 0.7692 -0.6254 0.1315
vn 0.7696 -0.6241 0.1349
vn 0.8249 0.5249 -0.2097
vn 0.8245 0.5242 -0.2132
vn 0.8247 0.5246 -0.2112
vn -0.9711 0.1102 0.2117
vn 0.9874 0.0001 0.1584
vn 0.9874 -0.0001 0.1585
vn -0.8558 -0.4659 0.2249
vn -0.8539 -0.4612 0.2412
vn -0.8033 0.5910 -0.0743
vn -0.8051 0.5861 -0.0906
vn 0.8086 -0.5547 0.1961
vn 0.8091 -0.5596 0.1797
vn 0.8597 0.4925 -0.1358
vn 0.8592 0.4975 -0.1194
vn -0.5651 0.2697 0.7797
vn -0.5650 0.2708 0.7794
vn -0.8237 0.1234 -0.5535
vn -0.8507 0.3504 -0.3919
vn -0.9875 -0.0021 -0.1577
vn -0.8882 -0.4356 -0.1460
vn -0.8460 -0.3443 -0.4071
vn -0.9875 -0.0023 -0.1578
vn -0.5650 0.2721 0.7790
vn -0.5650 0.2711 0.7793
vn 0.6331 0.2033 0.7469
vn 0.6331 0.2023 0.7472
vn 0.9710 -0.1123 -0.2109
vn 0.8621 0.2540 -0.4384
vn 0.8012 0.0320 -0.5976
vn 0.9710 -0.1124 -0.2110
vn 0.7788 -0.4357 -0.4512
vn 0.8246 -0.5320 -0.1925
vn 0.6331 0.2038 0.7468
vn 0.6332 0.2047 0.7464
vn -0.7699 0.6222 -0.1418
vn -0.7695 0.6235 -0.1384
vn -0.7697 0.6228 -0.1404
vn -0.8244 -0.5223 0.2180
vn -0.8242 -0.5219 0.2200
vn -0.8246 -0.5227 0.2165
vn 0.8259 0.5330 -0.1837
vn 0.8259 0.5338 -0.1817
vn 0.8260 0.5324 -0.1851
vn 0.7713 -0.6124 0.1731
vn 0.7712 -0.6116 0.1767
vn 0.7713 -0.6121 0.1747
vn -0.9875 -0.0024 -0.1578
vn 0.9710 -0.1124 -0.2109
vn -0.9875 -0.0021 -0.1578
vn 0.9710 -0.1123 -0.2111
vn -0.8094 0.5572 -0.1858
vn -0.8089 0.5521 -0.2022
vn -0.8590 -0.4963 0.1259
vn -0.8594 -0.4911 0.1422
vn 0.8536 0.4585 -0.2473
vn 0.8555 0.4635 -0.2310
vn 0.8054 -0.5847 0.0970
vn 0.8035 -0.5898 0.0808
vn 0.9941 0.0526 -0.0945
vn -0.9941 -0.0526 0.0945
vn -0.9941 -0.0526 0.0946
vn 0.9941 0.0525 -0.0945
vn 0.9843 0.0970 -0.1473
vn 0.9941 0.0526 -0.0946
vn 0.8502 0.1799 -0.4947
vn 0.7393 0.2104 -0.6396
vn 0.8501 0.1799 -0.4949
vn 0.3943 0.2733 -0.8774
vn 0.7472 0.2790 -0.6032
vn 0.3944 0.2734 -0.8773
vn 0.7471 0.2790 -0.6034
vn 0.5070 0.3836 -0.7719
vn 0.7472 0.2790 -0.6033
vn 0.8503 0.1798 -0.4947
vn 0.8501 0.1800 -0.4949
vn 0.7470 0.2791 -0.6035
vn 0.3943 0.2734 -0.8774
vn 0.5068 0.3837 -0.7720
vn 0.7470 0.2792 -0.6033
vn 0.5877 0.4328 -0.6836
vn 0.9178 0.2041 -0.3404
vn 0.5878 0.4329 -0.6835
vn 0.9177 0.2040 -0.3410
vn 0.8096 0.4369 -0.3921
vn 0.7471 0.2791 -0.6033
vn 0.9177 0.2040 -0.3409
vn 0.5878 0.4327 -0.6835
vn 0.9178 0.2040 -0.3405
vn 0.7472 0.2791 -0.6032
vn 0.9178 0.2038 -0.3407
vn 0.9507 0.1672 -0.2613
vn 0.8097 0.4367 -0.3919
vn 0.9507 0.1671 -0.2612
vn 0.9178 0.2041 -0.3405
vn 0.9495 0.2224 -0.2212
vn 0.9507 0.1672 -0.2612
vn 0.9505 0.1675 -0.2615
vn 0.9493 0.2227 -0.2216
vn 0.8097 0.4368 -0.3920
vn 0.9443 0.1737 -0.2796
vn 0.9743 0.1239 -0.1882
vn 0.9279 0.2852 -0.2401
vn 0.9742 0.1241 -0.1885
vn 0.9441 0.1740 -0.2799
vn 0.9397 0.2894 -0.1823
vn 0.9280 0.2851 -0.2398
vn 0.8097 0.4369 -0.3919
vn 0.9494 0.2229 -0.2212
vn 0.9397 0.2894 -0.1824
vn 0.9864 0.0898 -0.1379
vn 0.9864 0.0899 -0.1378
vn 0.9864 0.0898 -0.1378
vn 0.9864 0.0899 -0.1379
vn 0.9397 0.2893 -0.1823
vn 0.9280 0.2850 -0.2398
vn 0.9863 0.0901 -0.1381
vn 0.9279 0.2851 -0.2400
vn 0.9397 0.2892 -0.1824
vn 0.8502 0.1799 -0.4948
vn 0.7395 0.2103 -0.6395
vn 0.9843 0.0971 -0.1475
vn 0.9843 0.0969 -0.1474
vn -0.9992 -0.0068 0.0400
vn -0.9152 0.1065 -0.3886
vn -0.5062 0.2482 -0.8259
vn -0.9150 0.1067 -0.3891
vn -0.7859 0.1606 -0.5972
vn -0.7966 0.2414 -0.5542
vn -0.4677 0.3887 -0.7938
vn -0.7965 0.2416 -0.5543
vn -0.9152 0.1066 -0.3886
vn -0.7966 0.2416 -0.5541
vn -0.5061 0.2482 -0.8260
vn -0.9150 0.1066 -0.3891
vn -0.5793 0.4426 -0.6844
vn -0.7964 0.2417 -0.5543
vn -0.4677 0.3888 -0.7938
vn -0.9748 0.1206 -0.1879
vn -0.8669 0.4107 -0.2826
vn -0.9747 0.1209 -0.1882
vn -0.5795 0.4427 -0.6843
vn -0.5796 0.4425 -0.6843
vn -0.9747 0.1208 -0.1882
vn -0.7966 0.2415 -0.5542
vn -0.9748 0.1207 -0.1879
vn -0.9748 0.1206 -0.1878
vn -0.8669 0.4106 -0.2825
vn -0.9933 0.0731 -0.0891
vn -0.9747 0.1208 -0.1880
vn -0.9934 0.0730 -0.0890
vn -0.9901 0.1325 -0.0464
vn -0.8669 0.4107 -0.2825
vn -0.9901 0.1325 -0.0466
vn -0.9933 0.0736 -0.0893
vn -0.9997 0.0227 -0.0046
vn -0.9904 0.0815 -0.1112
vn -0.9997 0.0227 -0.0045
vn -0.9904 0.0819 -0.1116
vn -0.9997 0.0229 -0.0048
vn -0.9759 0.2059 -0.0730
vn -0.8669 0.4107 -0.2824
vn -0.9759 0.2060 -0.0723
vn -0.9787 0.2052 -0.0068
vn -0.9787 0.2053 -0.0069
vn -0.9901 0.1327 -0.0462
vn -0.9986 -0.0143 0.0501
vn -0.9997 0.0227 -0.0044
vn -0.9788 0.2049 -0.0065
vn -0.9901 0.1324 -0.0464
vn -0.9788 0.2048 -0.0066
vn -0.9987 -0.0140 0.0498
vn -0.9760 0.2055 -0.0726
vn -0.9787 0.2050 -0.0066
vn -0.9760 0.2055 -0.0727
vn -0.9992 -0.0065 0.0397
vn -0.7861 0.1604 -0.5969
vn -0.9152 0.1067 -0.3886
vn -0.9152 0.1067 -0.3885
vn 0.0608 0.2680 -0.9615
vn 0.0529 0.9184 -0.3922
vn 0.9623 -0.2596 0.0809
vn 0.9982 -0.0414 -0.0424
vn 0.9804 -0.0263 -0.1950
vn 0.9623 -0.2596 0.0807
vn 0.9804 -0.0264 -0.1951
vn 0.9199 0.2596 -0.2940
vn 0.9804 -0.0260 -0.1953
vn 0.8327 0.4265 -0.3532
vn 0.9198 0.2596 -0.2941
vn 0.8326 0.4268 -0.3531
vn 0.7734 0.5238 -0.3571
vn 0.9198 0.2597 -0.2942
vn 0.9199 0.2595 -0.2941
vn 0.9616 0.1564 -0.2254
vn 0.9623 -0.2598 0.0811
vn 0.9366 -0.2704 0.2228
vn 0.7490 0.3823 -0.5412
vn 0.9828 0.0770 -0.1678
vn 0.9615 0.1567 -0.2258
vn 0.7491 0.3822 -0.5411
vn 0.7539 0.3768 -0.5381
vn 0.7540 0.3768 -0.5381
vn 0.9072 0.2782 -0.3157
vn 0.9829 0.0768 -0.1676
vn 0.7538 0.3771 -0.5382
vn 0.6671 0.5114 -0.5417
vn 0.9072 0.2781 -0.3157
vn 0.9556 0.1569 -0.2495
vn 0.9072 0.2780 -0.3157
vn 0.6670 0.5114 -0.5418
vn 0.6623 0.4643 -0.5880
vn 0.9556 0.1568 -0.2496
vn 0.9614 0.1593 -0.2245
vn 0.9556 0.1565 -0.2498
vn 0.9829 0.0766 -0.1674
vn 0.9366 -0.2705 0.2227
vn 0.9829 0.0766 -0.1675
vn 0.9525 -0.1986 0.2307
vn 0.9525 -0.1986 0.2308
vn 0.9463 -0.2350 0.2222
vn 0.9829 0.0767 -0.1674
vn 0.9074 0.2779 -0.3153
vn 0.9074 0.2780 -0.3153
vn 0.9557 0.1563 -0.2496
vn 0.9462 -0.2351 0.2222
vn 0.9463 -0.2351 0.2221
vn 0.9557 0.1563 -0.2495
vn 0.9390 -0.2937 0.1788
vn 0.9390 -0.2936 0.1788
vn 0.9557 0.1562 -0.2496
vn 0.9522 -0.2137 0.2184
vn 0.9614 0.1592 -0.2243
vn 0.9522 -0.2136 0.2184
vn 0.9615 0.1591 -0.2242
vn 0.9546 -0.2039 0.2173
vn 0.8297 0.3442 -0.4394
vn 0.9544 -0.2042 0.2176
vn 0.9614 0.1593 -0.2244
vn 0.6623 0.4645 -0.5878
vn 0.8295 0.3443 -0.4398
vn 0.6676 0.4662 -0.5806
vn 0.8295 0.3444 -0.4397
vn 0.6676 0.4661 -0.5805
vn 0.6575 0.4784 -0.5821
vn 0.9612 0.1643 -0.2216
vn 0.8297 0.3442 -0.4395
vn 0.9613 0.1640 -0.2213
vn 0.9545 -0.2041 0.2175
vn 0.9613 0.1639 -0.2212
vn 0.9544 -0.2196 0.2021
vn 0.9545 -0.2040 0.2174
vn 0.9999 -0.0135 0.0004
vn 0.8349 0.3649 -0.4120
vn 0.9835 0.0989 -0.1516
vn 0.8348 0.3649 -0.4122
vn 0.8323 0.3632 -0.4187
vn 0.9835 0.0986 -0.1514
vn 0.8324 0.3633 -0.4186
vn 0.8282 0.3771 -0.4147
vn 0.9586 0.1823 -0.2185
vn 0.9389 0.2366 -0.2498
vn 0.9969 0.0109 -0.0774
vn 0.9390 0.2365 -0.2499
vn 0.9390 0.2365 -0.2498
vn 0.9475 0.2569 -0.1907
vn 0.9475 0.2568 -0.1904
vn 0.9842 0.1536 -0.0883
vn 0.9586 0.1825 -0.2187
vn 0.8281 0.3771 -0.4147
vn 0.9388 0.2369 -0.2502
vn 0.8643 0.3662 -0.3448
vn 0.9388 0.2371 -0.2499
vn 0.8643 0.3663 -0.3447
vn 0.9474 0.2571 -0.1908
vn 0.8644 0.3659 -0.3447
vn 0.8861 0.3572 -0.2955
vn 0.9474 0.2570 -0.1907
vn 0.8861 0.3572 -0.2954
vn 0.9303 0.3185 -0.1818
vn 0.9305 0.3183 -0.1814
vn 0.9631 0.2555 -0.0847
vn 0.9632 0.2552 -0.0844
vn 0.9841 0.1541 -0.0881
vn 0.7489 0.3825 -0.5412
vn 0.9616 0.1566 -0.2256
vn 0.7423 0.4724 -0.4752
vn 0.9198 0.2597 -0.2941
vn 0.7732 0.5238 -0.3573
vn 0.7423 0.4726 -0.4750
vn 0.9198 0.2597 -0.2943
vn 0.7423 0.4725 -0.4752
vn 0.8282 0.3769 -0.4148
vn 0.9586 0.1824 -0.2188
vn 0.9244 0.2441 -0.2931
vn 0.9586 0.1822 -0.2186
vn 0.9958 -0.0890 0.0230
vn 0.9245 0.2439 -0.2929
vn 0.9836 0.0986 -0.1512
vn 0.9245 0.2440 -0.2929
vn 0.9835 0.0987 -0.1514
vn 0.8281 0.3772 -0.4148
vn 0.9244 0.2440 -0.2931
vn 0.9999 -0.0138 0.0009
vn 0.9836 0.0982 -0.1511
vn 0.8753 -0.3391 0.3448
vn 0.9505 -0.2587 0.1723
vn 0.9836 0.0985 -0.1512
vn 0.9957 -0.0893 0.0233
vn 0.9836 0.0985 -0.1513
vn 0.9844 -0.1390 0.1075
vn 0.8843 0.2842 -0.3704
vn 0.8940 0.2792 -0.3505
vn 0.9844 -0.1391 0.1074
vn 0.8940 0.2791 -0.3506
vn 0.9888 -0.1145 0.0960
vn 0.9888 -0.1144 0.0961
vn 0.8914 0.2859 -0.3516
vn 0.9999 -0.0138 0.0008
vn 0.9765 -0.1588 0.1458
vn 0.8914 0.2858 -0.3517
vn 0.9766 -0.1583 0.1453
vn 0.9999 -0.0134 0.0005
vn 0.8811 0.3097 -0.3573
vn 0.9766 -0.1584 0.1452
vn 0.8812 0.3096 -0.3574
vn 0.9969 0.0107 -0.0774
vn 0.9506 -0.2584 0.1720
vn 0.9977 -0.0648 -0.0223
vn 0.9958 -0.0891 0.0231
vn 0.9976 -0.0649 -0.0222
vn 0.9958 -0.0889 0.0230
vn 0.9586 0.1823 -0.2186
vn 0.9977 -0.0646 -0.0224
vn 0.8841 0.2844 -0.3707
vn 0.8913 0.2860 -0.3518
vn 0.8937 0.2795 -0.3509
vn 0.6732 0.4776 -0.5645
vn 0.6731 0.4777 -0.5646
vn 0.8348 0.3651 -0.4121
vn 0.8810 0.3099 -0.3576
vn 0.8809 0.3100 -0.3576
vn 0.6732 0.4776 -0.5646
vn 0.8938 0.2794 -0.3508
vn 0.6730 0.4777 -0.5647
vn 0.8841 0.2843 -0.3708
vn 0.9844 -0.1394 0.1079
vn 0.9887 -0.1146 0.0963
vn 0.8709 -0.3386 0.3561
vn 0.9765 -0.1587 0.1457
vn 0.8710 -0.3386 0.3560
vn 0.9887 -0.1148 0.0964
vn 0.9614 0.1640 -0.2211
vn 0.8843 0.2841 -0.3705
vn 0.9544 -0.2198 0.2023
vn 0.9545 -0.2195 0.2020
vn 0.8844 0.2840 -0.3705
vn 0.9844 -0.1394 0.1076
vn 0.8710 -0.3383 0.3562
vn 0.9543 -0.2199 0.2024
vn 0.9844 -0.1394 0.1078
vn -0.9912 -0.1317 -0.0094
vn -0.9792 -0.1431 0.1440
vn -0.9119 -0.3305 0.2435
vn -0.9741 0.1809 -0.1353
vn -0.9912 -0.1323 -0.0094
vn -0.9118 -0.3307 0.2434
vn -0.9740 0.1813 -0.1355
vn -0.8909 0.3918 -0.2297
vn -0.9913 -0.1316 -0.0096
vn -0.9740 0.1817 -0.1355
vn -0.8198 0.5153 -0.2500
vn -0.8908 0.3922 -0.2295
vn -0.9118 -0.3306 0.2436
vn -0.9971 0.0594 -0.0471
vn -0.9741 0.1810 -0.1353
vn -0.8743 -0.3281 0.3578
vn -0.9971 0.0591 -0.0473
vn -0.9118 -0.3306 0.2434
vn -0.9971 0.0597 -0.0476
vn -0.9995 -0.0272 0.0189
vn -0.7982 0.3635 -0.4803
vn -0.9995 -0.0273 0.0188
vn -0.8044 0.3562 -0.4754
vn -0.7983 0.3634 -0.4803
vn -0.9995 -0.0272 0.0188
vn -0.9650 0.2050 -0.1638
vn -0.9649 0.2052 -0.1636
vn -0.6880 0.5262 -0.4998
vn -0.8044 0.3564 -0.4754
vn -0.9649 0.2053 -0.1636
vn -0.9953 0.0609 -0.0751
vn -0.9953 0.0607 -0.0749
vn -0.6824 0.4728 -0.5575
vn -0.9953 0.0610 -0.0751
vn -0.9969 0.0627 -0.0464
vn -0.6824 0.4726 -0.5577
vn -0.8743 -0.3282 0.3576
vn -0.9994 -0.0276 0.0192
vn -0.8899 -0.2675 0.3694
vn -0.9994 -0.0276 0.0193
vn -0.8743 -0.3280 0.3578
vn -0.8838 -0.2988 0.3600
vn -0.9994 -0.0275 0.0192
vn -0.8899 -0.2675 0.3695
vn -0.8839 -0.2986 0.3599
vn -0.9651 0.2048 -0.1632
vn -0.8839 -0.2987 0.3599
vn -0.9954 0.0606 -0.0747
vn -0.9651 0.2050 -0.1632
vn -0.8796 -0.3508 0.3212
vn -0.9954 0.0605 -0.0747
vn -0.8839 -0.2987 0.3598
vn -0.8902 -0.2812 0.3585
vn -0.8796 -0.3508 0.3213
vn -0.8902 -0.2811 0.3585
vn -0.9970 0.0624 -0.0460
vn -0.9954 0.0606 -0.0748
vn -0.8927 -0.2732 0.3584
vn -0.9970 0.0624 -0.0461
vn -0.8903 -0.2810 0.3584
vn -0.8933 0.3013 -0.3335
vn -0.9970 0.0623 -0.0462
vn -0.8931 0.3016 -0.3338
vn -0.6824 0.4733 -0.5570
vn -0.9969 0.0628 -0.0464
vn -0.6895 0.4741 -0.5476
vn -0.6824 0.4729 -0.5574
vn -0.6756 0.4898 -0.5511
vn -0.6895 0.4743 -0.5474
vn -0.9968 0.0678 -0.0431
vn -0.6756 0.4897 -0.5511
vn -0.8926 -0.2733 0.3585
vn -0.9968 0.0675 -0.0427
vn -0.8933 -0.2873 0.3455
vn -0.9994 -0.0049 0.0355
vn -0.8978 0.3233 -0.2992
vn -0.9760 -0.1154 0.1848
vn -0.8952 0.3222 -0.3078
vn -0.8976 0.3237 -0.2992
vn -0.9994 -0.0047 0.0356
vn -0.8901 0.3391 -0.3045
vn -0.8953 0.3222 -0.3076
vn -0.9894 -0.0937 0.1113
vn -0.9853 0.1506 -0.0804
vn -0.9953 0.0874 -0.0406
vn -0.9855 0.1690 -0.0137
vn -0.9937 0.0508 0.0998
vn -0.9855 0.1689 -0.0138
vn -0.9852 0.1510 -0.0808
vn -0.8901 0.3392 -0.3045
vn -0.9953 0.0879 -0.0410
vn -0.9252 0.3155 -0.2106
vn -0.9855 0.1691 -0.0138
vn -0.9253 0.3155 -0.2106
vn -0.9852 0.1510 -0.0807
vn -0.9855 0.1690 -0.0138
vn -0.9432 0.2978 -0.1470
vn -0.9253 0.3155 -0.2105
vn -0.9710 0.2389 -0.0080
vn -0.9432 0.2979 -0.1467
vn -0.9855 0.1690 -0.0136
vn -0.9820 0.1597 0.1007
vn -0.9711 0.2387 -0.0077
vn -0.9937 0.0510 0.0998
vn -0.9821 0.1595 0.1005
vn -0.9855 0.1689 -0.0136
vn -0.7869 0.4686 -0.4014
vn -0.9971 0.0594 -0.0473
vn -0.7870 0.4686 -0.4013
vn -0.8198 0.5152 -0.2501
vn -0.9740 0.1815 -0.1356
vn -0.9740 0.1815 -0.1357
vn -0.9777 0.1631 -0.1326
vn -0.9953 0.0877 -0.0410
vn -0.8903 0.3383 -0.3049
vn -0.9777 0.1630 -0.1325
vn -0.9617 -0.1847 0.2026
vn -0.9993 -0.0052 0.0359
vn -0.9776 0.1632 -0.1327
vn -0.9994 -0.0049 0.0356
vn -0.8139 -0.3736 0.4449
vn -0.9993 -0.0052 0.0360
vn -0.9759 -0.1156 0.1851
vn -0.8140 -0.3738 0.4447
vn -0.8914 -0.3223 0.3187
vn -0.9993 -0.0051 0.0360
vn -0.9616 -0.1849 0.2027
vn -0.9553 0.2102 -0.2078
vn -0.9473 0.2185 -0.2341
vn -0.9353 -0.2248 0.2735
vn -0.9424 -0.2039 0.2652
vn -0.9529 0.2185 -0.2101
vn -0.9553 0.2101 -0.2079
vn -0.9221 -0.2394 0.3041
vn -0.9759 -0.1157 0.1851
vn -0.9223 -0.2390 0.3038
vn -0.9434 0.2480 -0.2200
vn -0.9760 -0.1152 0.1848
vn -0.8978 0.3235 -0.2988
vn -0.9434 0.2480 -0.2201
vn -0.9223 -0.2391 0.3037
vn -0.9760 -0.1153 0.1848
vn -0.9530 0.2184 -0.2102
vn -0.9730 -0.1641 0.1623
vn -0.8915 -0.3222 0.3185
vn -0.9894 -0.0938 0.1113
vn -0.9730 -0.1643 0.1624
vn -0.8914 -0.3223 0.3186
vn -0.9730 -0.1640 0.1621
vn -0.9617 -0.1848 0.2026
vn -0.9731 -0.1639 0.1621
vn -0.6756 0.4898 -0.5510
vn -0.9472 0.2189 -0.2345
vn -0.6968 0.4869 -0.5267
vn -0.9552 0.2105 -0.2082
vn -0.9529 0.2186 -0.2103
vn -0.9432 0.2484 -0.2205
vn -0.8976 0.3235 -0.2994
vn -0.9433 0.2483 -0.2205
vn -0.9529 0.2186 -0.2102
vn -0.9471 0.2189 -0.2345
vn -0.9552 0.2105 -0.2083
vn -0.6968 0.4868 -0.5268
vn -0.9472 0.2189 -0.2344
vn -0.6967 0.4869 -0.5268
vn -0.8100 -0.3724 0.4530
vn -0.9423 -0.2040 0.2654
vn -0.9351 -0.2250 0.2738
vn -0.8100 -0.3724 0.4531
vn -0.8140 -0.3736 0.4448
vn -0.9424 -0.2038 0.2653
vn -0.9968 0.0674 -0.0427
vn -0.9352 -0.2248 0.2735
vn -0.9473 0.2186 -0.2341
vn -0.8935 -0.2872 0.3452
vn -0.8933 -0.2874 0.3456
vn -0.8094 -0.3728 0.4537
vn 0.0628 0.3954 -0.9164
vn 0.0621 0.3458 -0.9362
vn 0.0621 0.3458 -0.9363
vn 0.0612 0.2907 -0.9548
vn -0.0610 -0.7618 0.6449
vn -0.0614 -0.7457 0.6635
vn -0.0616 -0.7403 0.6695
vn -0.0625 -0.6963 0.7150
vn -0.0611 -0.7570 0.6506
vn -0.0629 -0.6724 0.7376
vn -0.0582 -0.8365 0.5449
vn 0.0637 0.5470 -0.8347
vn 0.0637 0.5399 -0.8393
vn 0.0636 0.5328 -0.8439
vn 0.0638 0.5400 -0.8393
vn -0.0637 -0.5578 0.8275
vn -0.0626 -0.6034 0.7950
vn -0.0635 -0.4751 0.8776
vn 0.0637 0.5328 -0.8438
vn 0.0638 0.5399 -0.8393
vn 0.0637 0.4995 -0.8640
vn 0.0635 0.4995 -0.8640
vn 0.0631 0.6509 -0.7565
vn 0.0636 0.5829 -0.8100
vn 0.0636 0.5057 -0.8604
vn -0.0631 -0.6546 0.7533
vn -0.0633 -0.6384 0.7671
vn -0.0634 -0.6221 0.7804
vn 0.0636 0.5828 -0.8101
vn 0.0637 0.5410 -0.8386
vn 0.0631 0.6512 -0.7563
vn -0.0331 0.4354 0.8996
vn 0.0632 0.6513 -0.7562
vn 0.0637 0.5413 -0.8384
vn 0.0614 0.7452 -0.6640
vn 0.0631 0.6513 -0.7562
vn -0.0636 -0.5938 0.8021
vn -0.0636 -0.5996 0.7978
vn -0.0629 -0.6722 0.7377
vn -0.0612 -0.7569 0.6507
vn -0.0634 -0.6220 0.7805
vn -0.0633 -0.6383 0.7671
vn -0.0637 -0.5173 0.8534
vn -0.0623 -0.3597 0.9310
vn -0.0635 -0.6034 0.7949
vn -0.0637 -0.5579 0.8275
vn -0.0564 -0.0890 0.9944
vn -0.0522 0.0374 0.9979
vn -0.0623 -0.3596 0.9310
vn -0.0637 -0.5171 0.8535
vn -0.0528 0.0191 0.9984
vn -0.0522 0.0377 0.9979
vn -0.0564 -0.0888 0.9944
vn -0.0521 0.0377 0.9979
vn 0.0635 0.4722 -0.8792
vn 0.0636 0.4994 -0.8640
vn -0.0529 0.0189 0.9984
vn -0.0528 0.0189 0.9984
vn -0.0624 -0.3595 0.9311
vn -0.0637 -0.5172 0.8535
vn -0.0623 -0.3595 0.9311
vn 0.0595 0.8074 -0.5871
vn 0.0584 0.8341 -0.5486
vn 0.0613 0.7477 -0.6612
vn 0.0621 0.7142 -0.6972
vn 0.0594 0.8074 -0.5871
vn 0.0621 0.7140 -0.6974
vn 0.0633 0.6278 -0.7758
vn 0.0636 0.5710 -0.8185
vn 0.0621 0.7140 -0.6973
vn 0.0634 0.6278 -0.7758
vn -0.0636 -0.5122 0.8565
vn -0.0628 -0.5558 0.8289
vn -0.0636 -0.5765 0.8146
vn -0.0628 -0.6803 0.7302
vn -0.0637 -0.5765 0.8146
vn 0.0637 0.5709 -0.8185
vn 0.0635 0.6276 -0.7759
vn 0.0633 0.6372 -0.7681
vn 0.0609 0.7650 -0.6412
vn 0.0632 0.6372 -0.7681
vn 0.0609 0.7651 -0.6411
vn 0.0594 0.8089 -0.5849
vn 0.0616 0.7383 -0.6717
vn -0.0628 -0.6779 0.7325
vn -0.0610 -0.7599 0.6471
vn -0.0637 -0.5560 0.8288
vn -0.0636 -0.5124 0.8564
vn -0.0582 -0.8375 0.5434
vn -0.0610 -0.7601 0.6470
vn -0.0628 -0.6781 0.7323
vn 0.0616 0.7382 -0.6718
vn 0.0594 0.8088 -0.5850
vn 0.0631 0.6573 -0.7510
vn 0.0632 0.6450 -0.7615
vn -0.0635 -0.4849 0.8723
vn -0.0637 -0.5428 0.8375
vn -0.0631 -0.4218 0.9045
vn 0.0630 0.6572 -0.7510
vn 0.0633 0.6320 -0.7724
vn 0.0633 0.6314 -0.7729
vn -0.0636 -0.6048 0.7938
vn -0.0635 -0.6145 0.7864
vn -0.0637 -0.5429 0.8374
vn -0.0636 -0.4851 0.8721
vn 0.0633 0.6313 -0.7730
vn 0.0633 0.6319 -0.7724
vn 0.0633 0.6397 -0.7660
vn 0.0631 0.6483 -0.7588
vn 0.0633 0.6312 -0.7730
vn 0.0632 0.6397 -0.7660
vn -0.0634 -0.6302 0.7739
vn -0.0633 -0.6365 0.7687
vn -0.0635 -0.6048 0.7938
vn 0.0631 0.6484 -0.7587
vn 0.0629 0.6638 -0.7453
vn 0.0629 0.6705 -0.7392
vn -0.0631 -0.6556 0.7525
vn -0.0629 -0.6685 0.7410
vn -0.0633 -0.6365 0.7686
vn -0.0634 -0.6303 0.7738
vn -0.0630 -0.6557 0.7524
vn -0.0627 -0.6804 0.7302
vn -0.0636 -0.5766 0.8146
vn -0.0614 -0.7484 0.6604
vn -0.0619 -0.7250 0.6860
vn -0.0619 -0.7249 0.6861
vn -0.0614 -0.7483 0.6605
vn -0.0631 -0.6511 0.7564
vn -0.0636 -0.5975 0.7994
vn -0.0597 -0.2160 0.9746
vn -0.0630 -0.4101 0.9099
vn -0.0637 -0.5658 0.8221
vn -0.0629 -0.4101 0.9099
vn 0.0629 0.6706 -0.7392
vn 0.0629 0.6639 -0.7452
vn 0.0628 0.6772 -0.7331
vn -0.0637 -0.5659 0.8220
vn -0.0629 -0.4102 0.9098
vn -0.0629 -0.6686 0.7410
vn -0.0631 -0.6557 0.7523
vn -0.0636 -0.5974 0.7994
vn -0.0641 -0.6509 0.7564
vn -0.0636 -0.4902 0.8693
vn -0.0623 -0.4330 0.8992
vn -0.0632 -0.4328 0.8993
vn -0.0636 -0.4900 0.8694
vn -0.0603 -0.2431 0.9681
vn -0.0557 -0.0680 0.9961
vn -0.0628 -0.6714 0.7384
vn -0.0630 -0.6623 0.7466
vn -0.0631 -0.6533 0.7544
vn -0.0629 -0.6714 0.7384
vn -0.0557 -0.0677 0.9962
vn -0.0603 -0.2430 0.9682
vn -0.0471 0.1622 0.9856
vn -0.0472 0.1622 0.9856
vn -0.0558 -0.0677 0.9961
vn -0.0067 -0.8915 -0.4530
vn -0.0067 -0.8914 -0.4531
vn 0.0637 0.5192 -0.8523
vn -0.0631 -0.6532 0.7545
vn -0.0632 -0.6441 0.7623
vn -0.0631 -0.6533 0.7545
vn 0.0570 0.8606 -0.5060
vn 0.0583 0.8341 -0.5484
vn 0.0594 0.8074 -0.5870
vn -0.0623 -0.7071 0.7043
vn -0.0621 -0.7183 0.6929
vn -0.0625 -0.6959 0.7154
vn -0.0614 -0.7456 0.6635
vn -0.0621 -0.7184 0.6929
vn -0.0623 -0.7072 0.7043
vn 0.3944 0.2733 -0.8774
vn 0.7470 0.2790 -0.6034
vn 0.5069 0.3836 -0.7719
vn 0.7472 0.2789 -0.6033
vn 0.7470 0.2791 -0.6034
vn 0.5067 0.3837 -0.7720
vn 0.7470 0.2792 -0.6034
vn 0.5876 0.4328 -0.6836
vn -0.7965 0.2416 -0.5542
vn -0.9150 0.1065 -0.3891
vn -0.5794 0.4426 -0.6844
vn -0.7965 0.2417 -0.5543
vn -0.9904 0.0818 -0.1116
vn -0.9759 0.2058 -0.0729
vn -0.9787 0.2052 -0.0069
vn 0.8326 0.4268 -0.3530
vn 0.7734 0.5239 -0.3571
vn 0.9555 0.1568 -0.2497
vn 0.6623 0.4644 -0.5879
vn 0.6676 0.4661 -0.5806
vn 0.9999 -0.0135 0.0005
vn 0.8349 0.3650 -0.4120
vn 0.8324 0.3632 -0.4186
vn 0.9835 0.0985 -0.1514
vn 0.8281 0.3772 -0.4147
vn 0.8643 0.3662 -0.3446
vn 0.9633 0.2549 -0.0843
vn 0.9841 0.1541 -0.0882
vn 0.7733 0.5238 -0.3573
vn 0.8282 0.3768 -0.4149
vn 0.9844 -0.1391 0.1075
vn 0.9888 -0.1145 0.0961
vn 0.8349 0.3649 -0.4121
vn 0.9766 -0.1584 0.1453
vn 0.8812 0.3096 -0.3573
vn 0.9506 -0.2583 0.1719
vn 0.9977 -0.0647 -0.0224
vn 0.6730 0.4778 -0.5647
vn 0.9843 -0.1394 0.1079
vn 0.9887 -0.1147 0.0963
vn 0.8709 -0.3387 0.3561
vn 0.9613 0.1641 -0.2212
vn 0.8708 -0.3386 0.3565
vn -0.9792 -0.1430 0.1440
vn -0.9741 0.1809 -0.1354
vn -0.8198 0.5152 -0.2500
vn -0.9971 0.0592 -0.0473
vn -0.9650 0.2051 -0.1638
vn -0.9650 0.2052 -0.1636
vn -0.6880 0.5262 -0.4997
vn -0.8044 0.3564 -0.4753
vn -0.6879 0.5262 -0.4998
vn -0.9651 0.2048 -0.1631
vn -0.8839 -0.2988 0.3598
vn -0.8903 -0.2809 0.3584
vn -0.6824 0.4733 -0.5571
vn -0.6895 0.4742 -0.5475
vn -0.8931 0.3015 -0.3337
vn -0.9821 0.1594 0.1005
vn -0.7870 0.4686 -0.4014
vn -0.9971 0.0593 -0.0473
vn -0.7983 0.3635 -0.4803
vn -0.7870 0.4687 -0.4013
vn -0.9740 0.1814 -0.1356
vn -0.8902 0.3387 -0.3047
vn -0.9776 0.1632 -0.1326
vn -0.8902 0.3391 -0.3044
vn -0.9994 -0.0049 0.0357
vn -0.8139 -0.3737 0.4449
vn -0.9529 0.2184 -0.2102
vn -0.9730 -0.1642 0.1622
vn -0.8934 -0.2873 0.3454
vn 0.0622 0.3458 -0.9362
vn 0.0622 0.3458 -0.9363
vn 0.0613 0.2907 -0.9548
vn -0.0612 -0.7570 0.6506
vn -0.0629 -0.6724 0.7375
vn 0.0635 0.5328 -0.8439
vn 0.0637 0.5328 -0.8439
vn 0.0636 0.4995 -0.8640
vn 0.0636 0.5056 -0.8604
vn -0.0611 -0.7569 0.6507
vn -0.0635 -0.6220 0.7805
vn -0.0528 0.0192 0.9984
vn -0.0564 -0.0889 0.9944
vn 0.0595 0.8073 -0.5871
vn -0.0637 -0.5764 0.8147
vn 0.0610 0.7650 -0.6412
vn 0.0609 0.7651 -0.6410
vn -0.0610 -0.7600 0.6471
vn -0.0637 -0.5124 0.8564
vn -0.0628 -0.6779 0.7324
vn -0.0628 -0.6780 0.7323
vn 0.0631 0.6574 -0.7509
vn -0.0636 -0.5428 0.8375
vn 0.0632 0.6450 -0.7616
vn 0.0631 0.6572 -0.7510
vn 0.0633 0.6321 -0.7723
vn 0.0633 0.6319 -0.7725
vn -0.0634 -0.6302 0.7738
vn -0.0634 -0.6145 0.7864
vn -0.0637 -0.5766 0.8146
vn -0.0630 -0.6557 0.7523
vn -0.0623 -0.4330 0.8993
vn -0.0636 -0.5974 0.7995
vn -0.0629 -0.6714 0.7385
vn -0.0067 -0.8915 -0.4531
vn 0.3944 0.2734 -0.8774
vn 0.5876 0.4329 -0.6836
vn 0.9279 0.2852 -0.2402
vn 0.9280 0.2851 -0.2400
vn -0.5062 0.2482 -0.8260
vn -0.9150 0.1065 -0.3890
vn -0.9933 0.0737 -0.0893
vn 0.9556 0.1568 -0.2497
vn 0.9631 0.2554 -0.0847
vn 0.6731 0.4776 -0.5646
vn -0.9740 0.1813 -0.1356
vn -0.8796 -0.3509 0.3212
vn -0.9821 0.1595 0.1006
vn -0.9971 0.0594 -0.0474
vn -0.8139 -0.3738 0.4447
vn -0.9551 0.2105 -0.2083
vn -0.9529 0.2187 -0.2103
vn 0.0637 0.5400 -0.8393
vn -0.0331 0.4355 0.8996
vn -0.0624 -0.3596 0.9310
vn -0.0629 -0.5558 0.8289
vn -0.0637 -0.5764 0.8146
vn -0.0627 -0.6803 0.7302
vn 0.0636 0.5709 -0.8185
vn -0.0636 -0.5560 0.8288
vn -0.0631 -0.6556 0.7524
vn -0.0603 -0.2430 0.9681
vn -0.0472 0.1621 0.9856
vn 0.0584 0.8341 -0.5484
vn 0.8503 0.1799 -0.4947
vn 0.7469 0.2792 -0.6034
vn 0.5879 0.4327 -0.6835
vn 0.9493 0.2228 -0.2216
vn 0.8097 0.4368 -0.3919
vn -0.5796 0.4426 -0.6843
vn 0.9198 0.2596 -0.2942
vn 0.7539 0.3768 -0.5382
vn 0.9828 0.0770 -0.1679
vn 0.9074 0.2779 -0.3152
vn 0.9835 0.0988 -0.1516
vn 0.9586 0.1824 -0.2187
vn 0.9388 0.2371 -0.2500
vn 0.9473 0.2571 -0.1908
vn 0.8753 -0.3390 0.3448
vn 0.9999 -0.0137 0.0008
vn 0.9765 -0.1588 0.1457
vn 0.9506 -0.2584 0.1719
vn 0.8348 0.3650 -0.4121
vn 0.8708 -0.3387 0.3565
vn 0.9843 -0.1394 0.1078
vn -0.8743 -0.3281 0.3577
vn -0.7983 0.3634 -0.4802
vn -0.9759 -0.1157 0.1852
vn -0.9433 0.2484 -0.2204
vn -0.8976 0.3235 -0.2993
vn -0.9432 0.2483 -0.2205
vn -0.9552 0.2104 -0.2083
vn -0.6967 0.4869 -0.5269
vn -0.8099 -0.3724 0.4531
vn -0.8934 -0.2874 0.3454
vn -0.0529 0.0191 0.9984
vn 0.0635 0.4994 -0.8640
vn 0.0594 0.8073 -0.5871
vn 0.0583 0.8341 -0.5486
vn 0.0637 0.5710 -0.8185
vn 0.0584 0.8341 -0.5485
vn -0.9759 0.2059 -0.0729
vn 0.6670 0.5114 -0.5417
vn 0.9072 0.2780 -0.3158
vn 0.7732 0.5239 -0.3573
vn 0.9888 -0.1144 0.0960
vn 0.8940 0.2791 -0.3505
vn -0.0624 -0.3597 0.9310
vn 0.0583 0.8341 -0.5485
vn 0.8501 0.1798 -0.4949
vn 0.7469 0.2791 -0.6035
vn 0.5067 0.3838 -0.7720
vn 0.8095 0.4369 -0.3921
vn 0.9843 0.0972 -0.1475
vn -0.5793 0.4426 -0.6845
vn -0.9760 0.2056 -0.0726
vn -0.9997 0.0228 -0.0045
vn 0.6624 0.4644 -0.5879
vn 0.9614 0.1594 -0.2244
vn 0.6623 0.4644 -0.5880
vn 0.8281 0.3768 -0.4149
vn -0.9351 -0.2250 0.2737
vn 0.0629 0.3954 -0.9164
vn -0.0471 0.1621 0.9856
vn 0.9991 0.0418 0.0109
vn 0.9968 0.0647 0.0478
vn 0.9992 0.0221 0.0328
vn -0.9926 0.0256 0.1191
vn -0.9966 0.0025 0.0824
vn -0.9944 -0.0171 0.1042
vn -0.0135 -0.6640 -0.7476
vn -0.0136 -0.6632 -0.7483
vn -0.0134 -0.6660 -0.7458
vn -0.9971 -0.0269 0.0718
vn -0.9951 -0.0271 0.0951
vn -0.9944 -0.0171 0.1043
vn -0.9966 0.0026 0.0823
vn 0.9999 0.0124 0.0002
vn 0.9991 0.0419 0.0108
vn 0.9996 0.0122 0.0236
vn -0.9966 0.0025 0.0823
vn -0.9970 0.0171 0.0758
vn -0.9993 -0.0299 0.0243
vn -0.9971 -0.0269 0.0717
vn -0.9993 -0.0299 0.0246
vn 0.9991 0.0418 0.0108
vn 0.9999 0.0125 0.0001
vn 0.9988 0.0095 -0.0471
vn 0.9991 0.0406 -0.0128
vn 0.9991 0.0418 0.0107
vn 0.9988 0.0096 -0.0470
vn -0.0138 -0.6631 -0.7484
vn -0.0138 -0.6639 -0.7477
vn -0.0135 -0.6683 -0.7437
vn -0.0131 -0.6748 -0.7379
vn -0.0137 -0.6631 -0.7484
vn -0.0134 -0.6683 -0.7437
vn 0.9991 0.0406 -0.0127
vn 0.9953 0.0884 0.0402
vn 0.9968 0.0648 0.0479
vn 0.9953 0.0883 0.0401
vn -0.9966 0.0026 0.0824
vn -0.9925 0.0493 0.1121
vn -0.9970 0.0172 0.0758
vn -0.9925 0.0493 0.1120
vn -0.9992 -0.0302 0.0245
vn -0.9977 0.0100 0.0665
vn -0.9992 -0.0304 0.0247
vn -0.9977 0.0101 0.0664
vn 0.9991 0.0405 -0.0128
vn 0.9988 0.0097 -0.0470
vn 0.9988 0.0092 -0.0471
vn 0.9988 0.0490 -0.0047
vn -0.0132 -0.6748 -0.7379
vn -0.0136 -0.6684 -0.7437
vn -0.0125 -0.6876 -0.7260
vn -0.0120 -0.6938 -0.7201
vn -0.0131 -0.6748 -0.7378
vn -0.0124 -0.6876 -0.7260
vn 0.9988 0.0491 -0.0046
vn 0.9953 0.0896 0.0371
vn 0.9953 0.0885 0.0401
vn -0.9970 0.0172 0.0759
vn -0.9928 0.0498 0.1089
vn -0.9977 0.0101 0.0666
vn -0.9928 0.0497 0.1090
vn -0.9986 -0.0031 0.0523
vn -0.9966 0.0253 0.0788
vn -0.9992 -0.0308 0.0251
vn -0.9986 -0.0031 0.0522
vn -0.9992 -0.0305 0.0248
vn -0.9986 -0.0030 0.0522
vn -0.9992 -0.0308 0.0252
vn -0.9992 -0.0302 0.0246
vn 0.9989 0.0088 -0.0467
vn 0.9989 0.0085 -0.0465
vn 0.9991 0.0366 -0.0195
vn 0.9979 0.0639 0.0081
vn 0.9989 0.0090 -0.0469
vn 0.9991 0.0365 -0.0196
vn 0.9988 0.0490 -0.0046
vn 0.9989 0.0091 -0.0471
vn 0.9989 0.0086 -0.0465
vn 0.9979 0.0638 0.0080
vn 0.9989 0.0089 -0.0468
vn -0.0113 -0.7110 -0.7032
vn -0.0106 -0.7218 -0.6921
vn -0.0111 -0.7110 -0.7031
vn -0.0107 -0.7110 -0.7032
vn -0.0105 -0.7218 -0.6921
vn -0.0121 -0.6939 -0.7200
vn -0.0112 -0.7110 -0.7031
vn -0.0122 -0.6939 -0.7200
vn 0.9951 0.0926 0.0344
vn 0.9952 0.0915 0.0354
vn 0.9951 0.0925 0.0343
vn 0.9953 0.0897 0.0370
vn 0.9952 0.0914 0.0355
vn -0.9929 0.0523 0.1067
vn -0.9930 0.0535 0.1057
vn -0.9966 0.0254 0.0789
vn -0.9986 -0.0030 0.0524
vn -0.9929 0.0523 0.1068
vn -0.9977 0.0102 0.0667
vn 0.9983 0.0567 0.0164
vn 0.9955 0.0784 0.0536
vn 0.9987 0.0343 0.0381
vn -0.9914 0.0393 0.1249
vn -0.9960 0.0175 0.0879
vn -0.9940 -0.0049 0.1096
vn -0.0127 -0.6798 -0.7332
vn -0.0128 -0.6792 -0.7339
vn -0.0126 -0.6819 -0.7314
vn -0.9972 -0.0177 0.0725
vn -0.9953 -0.0190 0.0953
vn -0.9945 -0.0091 0.1046
vn -0.9968 0.0082 0.0800
vn -0.9972 -0.0200 0.0721
vn -0.9944 -0.0091 0.1050
vn 0.9998 0.0193 0.0005
vn 0.9988 0.0474 0.0084
vn 0.9990 0.0301 0.0335
vn 0.9995 0.0203 0.0238
vn 0.9998 0.0217 0.0009
vn 0.9990 0.0301 0.0331
vn -0.9968 0.0018 0.0802
vn -0.9972 0.0155 0.0737
vn -0.9992 -0.0319 0.0226
vn -0.9972 -0.0234 0.0717
vn -0.9968 0.0041 0.0800
vn -0.9992 -0.0317 0.0231
vn 0.9990 0.0434 0.0084
vn 0.9999 0.0159 0.0001
vn 0.9988 0.0077 -0.0486
vn 0.9991 0.0389 -0.0147
vn 0.9991 0.0411 0.0087
vn 0.9988 0.0075 -0.0487
vn -0.0128 -0.6801 -0.7330
vn -0.0128 -0.6808 -0.7324
vn -0.0125 -0.6851 -0.7283
vn -0.0124 -0.6914 -0.7224
vn -0.0131 -0.6801 -0.7330
vn -0.0128 -0.6851 -0.7283
vn 0.9982 0.0546 0.0233
vn 0.9986 0.0534 -0.0014
vn 0.9935 0.1016 0.0512
vn 0.9953 0.0778 0.0573
vn 0.9982 0.0563 0.0214
vn 0.9934 0.1022 0.0518
vn -0.9955 0.0170 0.0930
vn -0.9909 0.0387 0.1286
vn -0.9903 0.0632 0.1235
vn -0.9958 0.0301 0.0870
vn -0.9954 0.0154 0.0947
vn -0.9904 0.0626 0.1229
vn -0.9992 -0.0322 0.0228
vn -0.9971 0.0154 0.0739
vn -0.9979 0.0089 0.0641
vn -0.9992 -0.0326 0.0231
vn -0.9992 -0.0317 0.0229
vn -0.9979 0.0086 0.0642
vn 0.9992 0.0384 -0.0145
vn 0.9988 0.0071 -0.0488
vn 0.9989 0.0472 -0.0066
vn 0.9991 0.0390 -0.0150
vn 0.9988 0.0072 -0.0488
vn -0.0125 -0.6869 -0.7266
vn -0.0128 -0.6806 -0.7325
vn -0.0117 -0.6995 -0.7146
vn -0.0115 -0.7056 -0.7085
vn -0.0126 -0.6869 -0.7266
vn -0.0118 -0.6995 -0.7146
vn 0.9935 0.1014 0.0514
vn 0.9981 0.0615 0.0071
vn 0.9935 0.1027 0.0484
vn 0.9935 0.1015 0.0514
vn 0.9980 0.0622 0.0066
vn -0.9957 0.0299 0.0875
vn -0.9904 0.0624 0.1231
vn -0.9908 0.0628 0.1202
vn -0.9967 0.0229 0.0780
vn -0.9957 0.0296 0.0876
vn -0.9908 0.0629 0.1201
vn -0.9987 -0.0050 0.0505
vn -0.9968 0.0236 0.0768
vn -0.9992 -0.0328 0.0233
vn -0.9992 -0.0324 0.0230
vn -0.9987 -0.0052 0.0506
vn -0.9992 -0.0325 0.0230
vn -0.9979 0.0082 0.0646
vn -0.9987 -0.0047 0.0501
vn -0.9987 -0.0047 0.0502
vn 0.9988 0.0066 -0.0483
vn 0.9992 0.0349 -0.0217
vn 0.9981 0.0619 0.0062
vn 0.9988 0.0069 -0.0486
vn 0.9992 0.0348 -0.0216
vn 0.9989 0.0467 -0.0062
vn 0.9981 0.0621 0.0060
vn 0.9989 0.0473 -0.0067
vn -0.0111 -0.7130 -0.7011
vn -0.0105 -0.7237 -0.6900
vn -0.0110 -0.7130 -0.7011
vn -0.0109 -0.7130 -0.7011
vn -0.0104 -0.7237 -0.6900
vn -0.0118 -0.7013 -0.7128
vn -0.0121 -0.6950 -0.7189
vn -0.0107 -0.7182 -0.6957
vn -0.0117 -0.7013 -0.7128
vn 0.9969 0.0765 0.0200
vn 0.9988 0.0491 -0.0076
vn 0.9934 0.1053 0.0462
vn 0.9934 0.1041 0.0471
vn 0.9969 0.0764 0.0200
vn 0.9934 0.1052 0.0461
vn 0.9936 0.1025 0.0486
vn 0.9981 0.0619 0.0069
vn 0.9969 0.0766 0.0197
vn 0.9934 0.1043 0.0470
vn 0.9935 0.1026 0.0486
vn 0.9968 0.0769 0.0195
vn -0.9908 0.0650 0.1183
vn -0.9909 0.0662 0.1173
vn -0.9952 0.0382 0.0906
vn -0.9979 0.0098 0.0641
vn -0.9908 0.0651 0.1183
vn -0.9952 0.0382 0.0907
vn -0.9967 0.0227 0.0784
vn -0.9907 0.0628 0.1203
vn -0.9909 0.0651 0.1181
vn -0.9979 0.0097 0.0640
vn -0.9967 0.0226 0.0786
vn -0.9909 0.0652 0.1181
vn -0.0396 0.6832 -0.7291
vn 0.0396 -0.6832 0.7291
vn -0.0103 -0.7272 -0.6863
vn 0.0103 0.7272 0.6863
vn -0.9919 0.0608 0.1114
vn -0.9985 0.0010 0.0552
vn -0.9960 0.0303 0.0840
vn -0.9960 0.0297 0.0847
vn -0.9991 -0.0134 0.0392
vn -0.9989 -0.0444 0.0124
vn -0.9975 0.0154 0.0689
vn -0.9991 -0.0139 0.0399
vn 0.9982 -0.0051 -0.0592
vn 0.9985 0.0547 -0.0027
vn 0.9992 0.0242 -0.0304
vn 0.9993 0.0233 -0.0297
vn 0.9974 0.0715 0.0106
vn 0.9942 0.0999 0.0402
vn 0.9991 0.0403 -0.0164
vn 0.9974 0.0707 0.0113
vn -0.0102 -0.7294 -0.6840
vn -0.0179 -0.5783 -0.8156
vn -0.0158 -0.6335 -0.7735
vn -0.0101 -0.7294 -0.6840
vn -0.0160 -0.6335 -0.7735
vn 0.0101 0.7297 0.6837
vn 0.0020 0.8514 0.5246
vn 0.0054 0.8124 0.5831
vn 0.0102 0.7296 0.6838
vn 0.0057 0.8124 0.5831
vn -0.0102 -0.7288 -0.6846
vn -0.0101 -0.7299 -0.6834
vn -0.0101 -0.7288 -0.6846
vn 0.0101 0.7299 0.6834
vn 0.0101 0.7295 0.6839
vn -0.9983 -0.0589 0.0005
vn -0.9726 0.1428 -0.1836
vn -0.9742 -0.0868 -0.2084
vn -0.9811 -0.1652 -0.1008
vn -0.9984 -0.0567 0.0037
vn -0.9751 -0.0838 -0.2053
vn -0.9989 -0.0132 0.0449
vn -0.9730 0.1394 0.1842
vn -0.9690 0.2305 0.0891
vn -0.9720 0.1882 -0.1410
vn -0.9989 -0.0115 0.0452
vn -0.9685 0.2320 0.0904
vn 0.9594 -0.0487 -0.2777
vn 0.9660 0.1726 -0.1925
vn 0.9985 -0.0019 -0.0545
vn 0.9771 -0.1265 -0.1713
vn 0.9604 -0.0457 -0.2747
vn 0.9987 0.0002 -0.0514
vn 0.9639 0.2211 -0.1483
vn 0.9467 0.3207 -0.0306
vn 0.9765 0.1806 0.1174
vn 0.9989 0.0448 -0.0115
vn 0.9640 0.2203 -0.1491
vn 0.9768 0.1796 0.1164
vn -0.9730 0.1397 0.1838
vn -0.9990 -0.0122 0.0439
vn -0.9931 0.0515 0.1056
vn -0.9930 0.0503 0.1070
vn -0.9986 -0.0524 -0.0010
vn -0.9811 -0.1648 -0.1012
vn -0.9980 0.0094 0.0630
vn -0.9985 -0.0539 0.0007
vn 0.9771 -0.1263 -0.1714
vn 0.9986 0.0011 -0.0523
vn 0.9951 -0.0414 -0.0895
vn 0.9952 -0.0426 -0.0883
vn 0.9986 0.0496 -0.0161
vn 0.9768 0.1794 0.1166
vn 0.9774 0.1781 0.1138
vn 0.9987 0.0041 -0.0503
vn 0.9988 0.0475 -0.0140
vn 0.0106 0.7629 0.6464
vn 0.0035 0.8053 0.5928
vn 0.6764 0.7356 -0.0373
vn -0.0147 -0.6930 -0.7208
vn -0.0129 -0.6424 -0.7662
vn 0.6659 -0.0211 -0.7458
vn 0.7124 0.6971 -0.0808
vn 0.9571 0.2897 -0.0101
vn 0.9729 0.2021 -0.1126
vn 0.9754 0.1349 -0.1743
vn 0.9674 -0.0648 -0.2449
vn 0.7031 0.0244 -0.7107
vn 0.7165 0.6850 -0.1318
vn 0.9741 0.1730 -0.1455
vn 0.7081 0.0758 -0.7020
vn -0.9063 0.1924 -0.3763
vn -0.9791 -0.1031 -0.1751
vn -0.9810 0.1049 -0.1631
vn -0.9801 0.1703 -0.1019
vn -0.9738 0.1998 0.1090
vn -0.9038 0.3762 -0.2042
vn -0.9065 0.2216 -0.3594
vn -0.9807 0.1409 -0.1359
vn -0.9046 0.3575 -0.2323
vn 0.0425 0.7290 0.6832
vn 0.5505 0.6238 0.5547
vn 0.3609 0.6915 0.6258
vn -0.0715 0.7259 0.6840
vn 0.0425 0.7295 0.6826
vn 0.3608 0.6924 0.6248
vn 0.4988 0.6426 0.5816
vn 0.8834 0.3649 0.2939
vn 0.7856 0.4738 0.3980
vn 0.3006 0.7040 0.6434
vn 0.4986 0.6441 0.5801
vn 0.7854 0.4752 0.3966
vn 0.8959 0.3442 0.2808
vn 0.9922 0.1131 0.0520
vn 0.9779 0.1773 0.1109
vn 0.8029 0.4561 0.3839
vn 0.8958 0.3456 0.2793
vn 0.9779 0.1780 0.1100
vn 0.9964 0.0807 0.0252
vn 0.9823 -0.1073 -0.1538
vn 0.9945 -0.0423 -0.0958
vn 0.9858 0.1460 0.0832
vn 0.9964 0.0815 0.0245
vn 0.9945 -0.0415 -0.0966
vn 0.9737 -0.1396 -0.1800
vn 0.7906 -0.4247 -0.4410
vn 0.8864 -0.3106 -0.3432
vn 0.9896 -0.0741 -0.1231
vn 0.9737 -0.1389 -0.1808
vn 0.8864 -0.3092 -0.3447
vn 0.7730 -0.4445 -0.4526
vn 0.2812 -0.6926 -0.6643
vn 0.4807 -0.6249 -0.6152
vn 0.8738 -0.3303 -0.3569
vn 0.7731 -0.4431 -0.4538
vn 0.4807 -0.6234 -0.6167
vn 0.3422 -0.6785 -0.6500
vn -0.0917 -0.7291 -0.6782
vn 0.0222 -0.7282 -0.6850
vn 0.5336 -0.6024 -0.5936
vn 0.3423 -0.6776 -0.6510
vn 0.0222 -0.7278 -0.6855
vn -0.0424 -0.7314 -0.6807
vn -0.5506 -0.6238 -0.5547
vn -0.3612 -0.6890 -0.6284
vn 0.0715 -0.7259 -0.6840
vn -0.0424 -0.7309 -0.6812
vn -0.3612 -0.6879 -0.6295
vn -0.4984 -0.6491 -0.5747
vn -0.8835 -0.3649 -0.2939
vn -0.7857 -0.4705 -0.4016
vn -0.3006 -0.7041 -0.6433
vn -0.4983 -0.6477 -0.5763
vn -0.7857 -0.4693 -0.4030
vn -0.8955 -0.3510 -0.2734
vn -0.9922 -0.1131 -0.0520
vn -0.9780 -0.1751 -0.1131
vn -0.8029 -0.4562 -0.3838
vn -0.8956 -0.3497 -0.2751
vn -0.9781 -0.1744 -0.1140
vn -0.9962 -0.0844 -0.0212
vn -0.9823 0.1073 0.1538
vn -0.9946 0.0446 0.0934
vn -0.9858 -0.1460 -0.0833
vn -0.9962 -0.0837 -0.0221
vn -0.9947 0.0452 0.0926
vn -0.9735 0.1360 0.1840
vn -0.7907 0.4248 0.4409
vn -0.8866 0.3146 0.3390
vn -0.9896 0.0741 0.1231
vn -0.9735 0.1367 0.1831
vn -0.8868 0.3160 0.3373
vn -0.7727 0.4386 0.4589
vn -0.2812 0.6926 0.6642
vn -0.4809 0.6285 0.6114
vn -0.8738 0.3303 0.3569
vn -0.7729 0.4398 0.4574
vn -0.4811 0.6298 0.6098
vn -0.3419 0.6741 0.6547
vn 0.0917 0.7291 0.6782
vn -0.0223 0.7296 0.6835
vn -0.5335 0.6025 0.5936
vn -0.3419 0.6752 0.6536
vn -0.0223 0.7301 0.6830
vn -0.9967 0.0231 0.0773
vn -0.9992 -0.0326 0.0232
vn -0.9988 -0.0042 0.0496
vn 0.9988 0.0067 -0.0485
vn 0.9992 0.0340 -0.0208
vn 0.9980 0.0626 0.0055
vn 0.9988 0.0067 -0.0484
vn 0.9992 0.0343 -0.0212
vn -0.0110 -0.7165 -0.6975
vn -0.0108 -0.7165 -0.6975
vn 0.9968 0.0769 0.0197
vn 0.9988 0.0489 -0.0074
vn 0.9934 0.1044 0.0471
vn 0.9934 0.1044 0.0470
vn 0.9968 0.0771 0.0195
vn -0.9908 0.0654 0.1182
vn -0.9951 0.0370 0.0918
vn -0.9979 0.0093 0.0646
vn -0.9908 0.0653 0.1181
vn -0.9951 0.0373 0.0915
vn -0.0105 -0.7241 -0.6897
vn 0.0105 0.7241 0.6897
vn 0.0104 0.7241 0.6897
vn -0.9919 0.0604 0.1118
vn -0.9985 0.0008 0.0554
vn -0.9961 0.0319 0.0825
vn -0.9961 0.0335 0.0812
vn -0.9989 -0.0175 0.0430
vn -0.9989 -0.0443 0.0123
vn -0.9975 0.0153 0.0689
vn -0.9990 -0.0159 0.0418
vn 0.9982 -0.0050 -0.0593
vn 0.9985 0.0546 -0.0026
vn 0.9991 0.0260 -0.0324
vn 0.9990 0.0272 -0.0341
vn 0.9976 0.0674 0.0152
vn 0.9942 0.0995 0.0406
vn 0.9991 0.0401 -0.0162
vn 0.9975 0.0687 0.0135
vn -0.0104 -0.7274 -0.6861
vn -0.0181 -0.5765 -0.8169
vn -0.0113 -0.6316 -0.7752
vn -0.0103 -0.7275 -0.6861
vn -0.0104 -0.7275 -0.6861
vn -0.0089 -0.6316 -0.7752
vn 0.0102 0.7287 0.6848
vn 0.0023 0.8502 0.5264
vn 0.0009 0.8111 0.5849
vn 0.0101 0.7287 0.6848
vn -0.0016 0.8111 0.5850
vn -0.0104 -0.7289 -0.6846
vn -0.0102 -0.7289 -0.6846
vn -0.0101 -0.7300 -0.6834
vn -0.0106 -0.7289 -0.6845
vn 0.0100 0.7296 0.6838
vn 0.0101 0.7296 0.6838
vn 0.0101 0.7300 0.6834
vn -0.9983 -0.0590 0.0006
vn -0.9733 0.1405 -0.1813
vn -0.9735 -0.0915 -0.2097
vn -0.9811 -0.1656 -0.1003
vn -0.9985 -0.0542 0.0010
vn -0.9740 -0.0892 -0.2084
vn -0.9991 -0.0101 0.0418
vn -0.9729 0.1384 0.1852
vn -0.9675 0.2342 0.0953
vn -0.9727 0.1861 -0.1385
vn -0.9989 -0.0112 0.0449
vn -0.9677 0.2336 0.0951
vn 0.9588 -0.0535 -0.2789
vn 0.9667 0.1705 -0.1906
vn 0.9985 -0.0017 -0.0547
vn 0.9771 -0.1271 -0.1705
vn 0.9593 -0.0511 -0.2778
vn 0.9985 0.0031 -0.0545
vn 0.9659 0.2108 -0.1505
vn 0.9473 0.3192 -0.0287
vn 0.9766 0.1793 0.1185
vn 0.9990 0.0436 -0.0100
vn 0.9661 0.2092 -0.1513
vn 0.9769 0.1782 0.1178
vn -0.9730 0.1394 0.1839
vn -0.9933 0.0557 0.1012
vn -0.9730 0.1395 0.1840
vn -0.9934 0.0577 0.0994
vn -0.9981 -0.0613 0.0079
vn -0.9982 -0.0590 0.0058
vn 0.9949 -0.0375 -0.0937
vn 0.9948 -0.0360 -0.0956
vn 0.9992 0.0387 -0.0038
vn 0.9991 0.0412 -0.0071
vn -0.0323 0.8971 0.4406
vn 0.0185 0.9297 0.3679
vn 0.6908 0.6137 -0.3822
vn 0.0087 -0.4936 -0.8696
vn -0.0474 -0.4267 -0.9031
vn 0.6869 0.3307 -0.6472
vn 0.4019 0.8734 -0.2752
vn 0.8767 0.4444 -0.1841
vn 0.8904 0.3202 -0.3234
vn 0.8908 0.3453 -0.2954
vn 0.9094 0.0872 -0.4066
vn 0.3927 0.2114 -0.8950
vn 0.4290 0.8768 -0.2173
vn 0.8963 0.3246 -0.3022
vn 0.4189 0.1529 -0.8951
vn -0.7024 0.4430 -0.5571
vn -0.9389 0.0507 -0.3404
vn -0.8968 0.3260 -0.2990
vn -0.8974 0.2903 -0.3324
vn -0.9333 0.3546 -0.0556
vn -0.7011 0.5372 -0.4690
vn -0.7192 0.3967 -0.5703
vn -0.9031 0.3001 -0.3070
vn -0.7171 0.5537 -0.4234
vn 0.0429 0.7352 0.6765
vn 0.5505 0.6239 0.5547
vn 0.3608 0.6850 0.6329
vn -0.0715 0.7259 0.6841
vn 0.0426 0.7330 0.6789
vn 0.3602 0.6810 0.6376
vn 0.4989 0.6538 0.5689
vn 0.7857 0.4680 0.4045
vn 0.4985 0.6505 0.5731
vn 0.7855 0.4649 0.4085
vn 0.8955 0.3525 0.2716
vn 0.9780 0.1746 0.1137
vn 0.8955 0.3506 0.2740
vn 0.9781 0.1736 0.1150
vn 0.9962 0.0850 0.0205
vn 0.9946 -0.0449 -0.0931
vn 0.9962 0.0841 0.0217
vn 0.9947 -0.0458 -0.0919
vn 0.9734 -0.1351 -0.1850
vn 0.8867 -0.3155 -0.3379
vn 0.9735 -0.1362 -0.1837
vn 0.8870 -0.3174 -0.3355
vn 0.7719 -0.4342 -0.4644
vn 0.4813 -0.6312 -0.6082
vn 0.7726 -0.4373 -0.4604
vn 0.4822 -0.6346 -0.6040
vn 0.3402 -0.6672 -0.6626
vn -0.0917 -0.7292 -0.6782
vn 0.0226 -0.7317 -0.6812
vn 0.5336 -0.6025 -0.5935
vn 0.3415 -0.6711 -0.6580
vn 0.0232 -0.7339 -0.6789
vn -0.0435 -0.7252 -0.6872
vn -0.5507 -0.6238 -0.5547
vn -0.3605 -0.6955 -0.6216
vn 0.0715 -0.7259 -0.6841
vn -0.0429 -0.7274 -0.6849
vn -0.3592 -0.6999 -0.6174
vn -0.4998 -0.6372 -0.5867
vn -0.7852 -0.4767 -0.3953
vn -0.3006 -0.7041 -0.6434
vn -0.4990 -0.6411 -0.5831
vn -0.7846 -0.4804 -0.3920
vn -0.8961 -0.3425 -0.2822
vn -0.9779 -0.1777 -0.1103
vn -0.8959 -0.3447 -0.2803
vn -0.9778 -0.1790 -0.1092
vn -0.9965 -0.0800 -0.0258
vn -0.9945 0.0419 0.0962
vn -0.9964 -0.0811 -0.0248
vn -0.9944 0.0408 0.0972
vn -0.9737 0.1406 0.1791
vn -0.8864 0.3096 0.3442
vn -0.9737 0.1394 0.1803
vn -0.8864 0.3074 0.3462
vn -0.7728 0.4497 0.4478
vn -0.4808 0.6218 0.6182
vn -0.7730 0.4460 0.4512
vn -0.4812 0.6178 0.6218
vn -0.3412 0.6861 0.6425
vn -0.0223 0.7261 0.6872
vn -0.3419 0.6817 0.6468
vn -0.0227 0.7239 0.6895
vn 0.9977 0.0666 0.0099
vn 0.9951 0.0864 0.0473
vn 0.9987 0.0412 0.0310
vn -0.9918 0.0473 0.1186
vn -0.9963 0.0274 0.0814
vn -0.9947 0.0019 0.1025
vn -0.0123 -0.6919 -0.7219
vn -0.0124 -0.6912 -0.7226
vn -0.0122 -0.6938 -0.7200
vn -0.9978 -0.0091 0.0657
vn -0.9961 -0.0118 0.0878
vn -0.9953 -0.0021 0.0971
vn -0.9975 0.0125 0.0699
vn -0.9978 -0.0143 0.0645
vn -0.9952 -0.0024 0.0977
vn 0.9997 0.0250 -0.0071
vn 0.9987 0.0518 -0.0017
vn 0.9990 0.0368 0.0262
vn 0.9995 0.0274 0.0162
vn 0.9995 0.0302 -0.0060
vn 0.9990 0.0372 0.0256
vn -0.9968 0.0026 0.0803
vn -0.9971 0.0155 0.0739
vn -0.9992 -0.0321 0.0228
vn -0.9972 -0.0182 0.0731
vn -0.9968 0.0074 0.0791
vn -0.9992 -0.0320 0.0233
vn 0.9989 0.0467 0.0075
vn 0.9998 0.0211 0.0015
vn 0.9988 0.0075 -0.0484
vn 0.9991 0.0387 -0.0146
vn 0.9991 0.0419 0.0087
vn 0.9988 0.0073 -0.0483
vn -0.0123 -0.6928 -0.7211
vn -0.0122 -0.6935 -0.7204
vn -0.0118 -0.6977 -0.7163
vn -0.0117 -0.7039 -0.7102
vn -0.0124 -0.6903 -0.7234
vn -0.0121 -0.6977 -0.7163
vn 0.9982 0.0557 0.0229
vn 0.9985 0.0546 -0.0027
vn 0.9934 0.1030 0.0497
vn 0.9955 0.0783 0.0534
vn 0.9981 0.0585 0.0186
vn 0.9934 0.1035 0.0502
vn -0.9958 0.0193 0.0900
vn -0.9914 0.0392 0.1246
vn -0.9904 0.0645 0.1220
vn -0.9958 0.0313 0.0856
vn -0.9954 0.0164 0.0944
vn -0.9905 0.0639 0.1214
vn -0.9992 -0.0320 0.0231
vn -0.9971 0.0152 0.0741
vn -0.9979 0.0094 0.0636
vn -0.9992 -0.0327 0.0233
vn -0.9992 -0.0320 0.0230
vn 0.9992 0.0379 -0.0141
vn 0.9988 0.0070 -0.0487
vn 0.9989 0.0473 -0.0066
vn 0.9991 0.0392 -0.0151
vn -0.0120 -0.6961 -0.7179
vn -0.0124 -0.6899 -0.7238
vn -0.0112 -0.7085 -0.7057
vn -0.0110 -0.7145 -0.6995
vn -0.0122 -0.6961 -0.7178
vn -0.0114 -0.7085 -0.7056
vn 0.9935 0.1024 0.0503
vn 0.9985 0.0545 -0.0024
vn 0.9981 0.0621 0.0064
vn 0.9935 0.1037 0.0473
vn 0.9935 0.1026 0.0503
vn 0.9980 0.0635 0.0053
vn -0.9958 0.0306 0.0865
vn -0.9905 0.0634 0.1220
vn -0.9908 0.0638 0.1190
vn -0.9967 0.0238 0.0770
vn -0.9958 0.0302 0.0870
vn -0.9908 0.0638 0.1191
vn -0.9979 0.0081 0.0648
vn -0.9987 -0.0048 0.0502
vn 0.9989 0.0463 -0.0059
vn 0.9988 0.0068 -0.0485
vn 0.9981 0.0615 0.0067
vn 0.9988 0.0475 -0.0068
vn -0.0113 -0.7068 -0.7073
vn -0.0117 -0.7007 -0.7134
vn -0.0110 -0.7129 -0.7012
vn -0.0111 -0.7129 -0.7011
vn -0.0116 -0.7069 -0.7073
vn 0.9935 0.1031 0.0479
vn 0.9980 0.0625 0.0063
vn 0.9969 0.0764 0.0198
vn 0.9935 0.1038 0.0473
vn 0.9935 0.1031 0.0480
vn 0.9968 0.0770 0.0193
vn -0.9967 0.0231 0.0779
vn -0.9908 0.0635 0.1195
vn -0.9908 0.0648 0.1185
vn -0.9979 0.0099 0.0637
vn -0.9967 0.0227 0.0783
vn -0.9908 0.0647 0.1184
vn -0.0137 -0.6639 -0.7477
vn -0.0136 -0.6683 -0.7437
vn -0.9992 -0.0302 0.0247
vn -0.0127 -0.6798 -0.7333
vn -0.9953 -0.0190 0.0954
vn 0.9951 -0.0414 -0.0894
vn 0.9988 0.0475 -0.0141
vn 0.7081 0.0758 -0.7021
vn -0.9810 0.1049 -0.1630
vn 0.9779 0.1773 0.1108
vn 0.5336 -0.6024 -0.5935
vn -0.4983 -0.6478 -0.5763
vn -0.4811 0.6299 0.6098
vn 0.0102 0.7295 0.6839
vn -0.0323 0.8971 0.4407
vn 0.6908 0.6138 -0.3822
vn -0.7011 0.5372 -0.4689
vn 0.3402 -0.6672 -0.6627
vn -0.8961 -0.3425 -0.2823
vn -0.4812 0.6178 0.6219
vn -0.3419 0.6818 0.6468
vn -0.9978 -0.0091 0.0656
vn -0.9961 -0.0118 0.0877
vn -0.0122 -0.6928 -0.7211
vn -0.0121 -0.6935 -0.7204
vn -0.0117 -0.6977 -0.7163
vn 0.9934 0.1030 0.0498
vn -0.0138 -0.6640 -0.7476
vn -0.0138 -0.6632 -0.7483
vn -0.0136 -0.6660 -0.7458
vn -0.0132 -0.6748 -0.7378
vn -0.0122 -0.6938 -0.7201
vn -0.0112 -0.7110 -0.7032
vn -0.0108 -0.7110 -0.7032
vn -0.0130 -0.6798 -0.7332
vn -0.0130 -0.6792 -0.7339
vn -0.0129 -0.6819 -0.7314
vn -0.0122 -0.6914 -0.7224
vn -0.0126 -0.6851 -0.7283
vn -0.0124 -0.6869 -0.7266
vn -0.0127 -0.6806 -0.7325
vn -0.0116 -0.6995 -0.7146
vn -0.0116 -0.7056 -0.7085
vn -0.0127 -0.6869 -0.7266
vn -0.0119 -0.6995 -0.7146
vn -0.9987 -0.0050 0.0504
vn -0.0108 -0.7182 -0.6957
vn -0.9908 0.0650 0.1184
vn 0.0395 -0.6832 0.7291
vn -0.0178 -0.5783 -0.8156
vn -0.0157 -0.6335 -0.7735
vn -0.0161 -0.6335 -0.7735
vn 0.0021 0.8514 0.5246
vn 0.9640 0.2203 -0.1490
vn 0.0426 0.7295 0.6826
vn 0.8864 -0.3092 -0.3446
vn 0.0221 -0.7282 -0.6850
vn -0.0425 -0.7314 -0.6807
vn -0.3612 -0.6889 -0.6284
vn -0.3612 -0.6880 -0.6295
vn -0.8834 -0.3649 -0.2939
vn -0.8866 0.3147 0.3390
vn -0.8868 0.3159 0.3373
vn -0.7728 0.4398 0.4574
vn -0.0222 0.7301 0.6830
vn -0.9992 -0.0327 0.0232
vn -0.0109 -0.7165 -0.6975
vn 0.0102 0.7299 0.6834
vn 0.0101 0.7299 0.6835
vn -0.9990 -0.0123 0.0439
vn -0.9934 0.0578 0.0994
vn 0.9949 -0.0374 -0.0937
vn 0.0086 -0.4936 -0.8696
vn 0.8908 0.3453 -0.2953
vn 0.9095 0.0872 -0.4066
vn 0.4189 0.1528 -0.8951
vn -0.9334 0.3546 -0.0556
vn -0.7192 0.3967 -0.5704
vn 0.3609 0.6850 0.6329
vn 0.7719 -0.4342 -0.4643
vn 0.4814 -0.6312 -0.6082
vn 0.7725 -0.4373 -0.4604
vn -0.3604 -0.6955 -0.6215
vn -0.4990 -0.6411 -0.5830
vn -0.8864 0.3096 0.3441
vn -0.4812 0.6179 0.6219
vn -0.0227 0.7239 0.6896
vn -0.0120 -0.6919 -0.7219
vn -0.0121 -0.6912 -0.7226
vn -0.0119 -0.6938 -0.7200
vn -0.0121 -0.6928 -0.7211
vn -0.0116 -0.6976 -0.7163
vn -0.0116 -0.7039 -0.7102
vn -0.0123 -0.6903 -0.7234
vn -0.0120 -0.6977 -0.7163
vn 0.9981 0.0586 0.0186
vn -0.0119 -0.6961 -0.7179
vn -0.0123 -0.6899 -0.7238
vn -0.0111 -0.7085 -0.7057
vn -0.0111 -0.7145 -0.6995
vn -0.0124 -0.6961 -0.7178
vn -0.0116 -0.7085 -0.7056
vn -0.0118 -0.7007 -0.7134
vn -0.0111 -0.7129 -0.7012
vn -0.0112 -0.7129 -0.7012
vn -0.0117 -0.7069 -0.7073
vn -0.9908 0.0647 0.1185
vn -0.0303 0.0419 0.9987
vn -0.0515 0.0797 0.9955
vn -0.0589 0.0352 0.9976
vn -0.0515 0.0797 -0.9955
vn -0.0303 0.0419 -0.9987
vn -0.0589 0.0352 -0.9976
vn 0.3361 -0.9418 -0.0000
vn 0.3371 -0.9415 -0.0000
vn 0.3335 -0.9428 -0.0000
vn -0.0351 0.0110 -0.9993
vn -0.0556 0.0220 -0.9982
vn -0.0301 0.0419 -0.9987
vn -0.0351 0.0109 -0.9993
vn -0.0351 0.0109 0.9993
vn -0.0301 0.0419 0.9987
vn -0.0556 0.0220 0.9982
vn -0.0351 0.0110 0.9993
vn -0.0301 0.0418 -0.9987
vn -0.0174 0.0515 -0.9985
vn 0.0052 -0.0145 -0.9999
vn -0.0350 0.0110 -0.9993
vn 0.0049 -0.0143 -0.9999
vn -0.0350 0.0110 0.9993
vn 0.0050 -0.0143 0.9999
vn -0.0101 0.0295 0.9995
vn -0.0301 0.0418 0.9987
vn 0.0049 -0.0142 0.9999
vn 0.3372 -0.9414 -0.0000
vn 0.3362 -0.9418 -0.0000
vn 0.3305 -0.9438 0.0001
vn 0.3223 -0.9466 -0.0000
vn 0.3305 -0.9438 -0.0000
vn -0.0302 0.0419 0.9987
vn -0.0334 0.0968 0.9947
vn -0.0515 0.0798 0.9955
vn -0.0334 0.0967 0.9948
vn -0.0302 0.0419 -0.9987
vn -0.0339 0.0971 -0.9947
vn 0.0048 -0.0146 -0.9999
vn -0.0127 0.0408 -0.9991
vn 0.0045 -0.0148 -0.9999
vn -0.0126 0.0408 -0.9991
vn -0.0101 0.0294 0.9995
vn 0.0050 -0.0141 0.9999
vn 0.0048 -0.0146 0.9999
vn -0.0131 0.0407 0.9991
vn 0.3222 -0.9467 -0.0000
vn 0.3057 -0.9521 0.0001
vn 0.2975 -0.9547 -0.0000
vn 0.3222 -0.9467 -0.0001
vn 0.3057 -0.9521 -0.0000
vn -0.0132 0.0408 0.9991
vn -0.0301 0.0964 0.9949
vn -0.0332 0.0968 0.9947
vn -0.0174 0.0516 -0.9985
vn -0.0309 0.0961 -0.9949
vn -0.0127 0.0409 -0.9991
vn -0.0310 0.0961 -0.9949
vn -0.0065 0.0225 -0.9997
vn -0.0161 0.0601 -0.9981
vn 0.0040 -0.0149 -0.9999
vn -0.0064 0.0224 -0.9997
vn -0.0064 0.0225 -0.9997
vn 0.0047 -0.0146 -0.9999
vn 0.0043 -0.0148 0.9999
vn 0.0040 -0.0149 0.9999
vn -0.0061 0.0227 0.9997
vn -0.0171 0.0599 0.9981
vn 0.0045 -0.0147 0.9999
vn -0.0061 0.0226 0.9997
vn -0.0132 0.0407 0.9991
vn 0.0048 -0.0147 0.9999
vn -0.0171 0.0598 0.9981
vn 0.0045 -0.0148 0.9999
vn 0.2744 -0.9616 -0.0000
vn 0.2595 -0.9657 -0.0000
vn 0.2744 -0.9616 0.0004
vn 0.2974 -0.9547 -0.0000
vn 0.2743 -0.9616 0.0001
vn 0.2743 -0.9616 -0.0000
vn 0.2974 -0.9547 -0.0001
vn -0.0263 0.0977 0.9949
vn -0.0277 0.0972 0.9949
vn -0.0262 0.0976 0.9949
vn -0.0299 0.0964 0.9949
vn -0.0278 0.0972 0.9949
vn -0.0300 0.0964 0.9949
vn -0.0277 0.0972 -0.9949
vn -0.0262 0.0977 -0.9949
vn -0.0162 0.0603 -0.9981
vn -0.0065 0.0226 -0.9997
vn -0.0278 0.0972 -0.9949
vn -0.0127 0.0410 -0.9991
vn -0.0279 0.0576 0.9979
vn -0.0500 0.0945 0.9943
vn -0.0577 0.0484 0.9972
vn -0.0500 0.0945 -0.9943
vn -0.0279 0.0576 -0.9979
vn -0.0577 0.0484 -0.9972
vn 0.3158 -0.9488 -0.0000
vn 0.3167 -0.9485 -0.0000
vn 0.3132 -0.9497 -0.0000
vn -0.0312 0.0194 -0.9993
vn -0.0520 0.0292 -0.9982
vn -0.0553 0.0423 -0.9976
vn -0.0254 0.0457 -0.9986
vn -0.0320 0.0172 -0.9993
vn -0.0557 0.0426 -0.9975
vn -0.0320 0.0172 0.9993
vn -0.0254 0.0457 0.9986
vn -0.0557 0.0425 0.9975
vn -0.0520 0.0292 0.9982
vn -0.0312 0.0194 0.9993
vn -0.0553 0.0423 0.9976
vn -0.0287 0.0402 -0.9988
vn -0.0164 0.0491 -0.9987
vn 0.0057 -0.0171 -0.9998
vn -0.0333 0.0140 -0.9993
vn -0.0273 0.0421 -0.9987
vn 0.0054 -0.0167 -0.9998
vn -0.0273 0.0421 0.9987
vn -0.0333 0.0140 0.9993
vn 0.0054 -0.0167 0.9998
vn -0.0093 0.0270 0.9996
vn -0.0287 0.0402 0.9988
vn 0.0054 -0.0169 0.9998
vn 0.3155 -0.9489 -0.0000
vn 0.3146 -0.9492 -0.0000
vn 0.3090 -0.9511 0.0001
vn 0.3007 -0.9537 -0.0000
vn 0.3090 -0.9511 -0.0000
vn -0.0349 0.0591 0.9976
vn -0.0139 0.0461 0.9988
vn -0.0366 0.1137 0.9928
vn -0.0535 0.0958 0.9940
vn -0.0325 0.0597 0.9977
vn -0.0368 0.1145 0.9927
vn -0.0326 0.0597 -0.9977
vn -0.0535 0.0958 -0.9940
vn -0.0373 0.1148 -0.9927
vn -0.0210 0.0683 -0.9974
vn -0.0349 0.0591 -0.9976
vn -0.0371 0.1140 -0.9928
vn 0.0054 -0.0172 -0.9998
vn -0.0165 0.0491 -0.9987
vn -0.0110 0.0386 -0.9992
vn 0.0049 -0.0174 -0.9998
vn 0.0055 -0.0168 -0.9998
vn -0.0113 0.0385 -0.9992
vn -0.0097 0.0267 0.9996
vn 0.0055 -0.0169 0.9998
vn 0.0054 -0.0172 0.9998
vn -0.0123 0.0382 0.9992
vn -0.0089 0.0270 0.9996
vn 0.3066 -0.9519 -0.0000
vn 0.3148 -0.9492 -0.0000
vn 0.2899 -0.9570 0.0001
vn 0.2816 -0.9595 -0.0000
vn 0.3066 -0.9519 -0.0001
vn 0.2899 -0.9570 -0.0000
vn -0.0369 0.1136 0.9928
vn -0.0139 0.0462 0.9988
vn -0.0174 0.0573 0.9982
vn -0.0336 0.1133 0.9930
vn -0.0368 0.1137 0.9928
vn -0.0166 0.0577 0.9982
vn -0.0215 0.0683 -0.9974
vn -0.0374 0.1140 -0.9928
vn -0.0346 0.1129 -0.9930
vn -0.0166 0.0576 -0.9982
vn -0.0218 0.0681 -0.9974
vn -0.0345 0.1129 -0.9930
vn -0.0058 0.0199 -0.9998
vn -0.0151 0.0576 -0.9982
vn 0.0047 -0.0175 -0.9998
vn 0.0051 -0.0174 -0.9998
vn -0.0060 0.0198 -0.9998
vn 0.0046 -0.0175 -0.9998
vn 0.0050 -0.0174 -0.9998
vn -0.0119 0.0383 -0.9992
vn -0.0053 0.0200 -0.9998
vn -0.0054 0.0200 -0.9998
vn 0.0047 -0.0175 0.9998
vn -0.0050 0.0202 0.9998
vn -0.0165 0.0572 0.9982
vn 0.0051 -0.0174 0.9998
vn -0.0052 0.0201 0.9998
vn -0.0129 0.0379 0.9992
vn 0.0050 -0.0174 0.9998
vn -0.0162 0.0573 0.9982
vn -0.0122 0.0382 0.9992
vn 0.2716 -0.9624 -0.0000
vn 0.2567 -0.9665 -0.0000
vn 0.2716 -0.9624 0.0001
vn 0.2876 -0.9578 -0.0000
vn 0.2959 -0.9552 -0.0000
vn 0.2644 -0.9644 0.0001
vn 0.2644 -0.9644 -0.0000
vn 0.2876 -0.9578 -0.0001
vn -0.0215 0.0767 0.9968
vn -0.0105 0.0394 0.9992
vn -0.0304 0.1145 0.9930
vn -0.0318 0.1139 0.9930
vn -0.0215 0.0766 0.9968
vn -0.0304 0.1144 0.9930
vn -0.0339 0.1132 0.9930
vn -0.0171 0.0575 0.9982
vn -0.0212 0.0766 0.9968
vn -0.0316 0.1140 0.9930
vn -0.0339 0.1133 0.9930
vn -0.0208 0.0768 0.9968
vn -0.0319 0.1139 -0.9930
vn -0.0304 0.1145 -0.9930
vn -0.0203 0.0771 -0.9968
vn -0.0106 0.0394 -0.9992
vn -0.0318 0.1139 -0.9930
vn -0.0204 0.0771 -0.9968
vn -0.0170 0.0577 -0.9982
vn -0.0347 0.1130 -0.9930
vn -0.0316 0.1139 -0.9930
vn -0.0106 0.0393 -0.9992
vn -0.0172 0.0576 -0.9982
vn -0.0316 0.1140 -0.9930
vn 0.9688 0.2480 -0.0000
vn -0.9688 -0.2480 -0.0000
vn 0.2518 -0.9678 -0.0000
vn -0.2518 0.9678 -0.0000
vn -0.0278 0.1069 -0.9939
vn -0.0071 0.0274 -0.9996
vn -0.0183 0.0670 -0.9976
vn -0.0192 0.0668 -0.9976
vn -0.0000 0.0072 -1.0000
vn 0.0086 -0.0330 -0.9994
vn -0.0122 0.0466 -0.9988
vn -0.0009 0.0070 -1.0000
vn 0.0086 -0.0330 0.9994
vn -0.0122 0.0466 0.9988
vn -0.0026 0.0066 1.0000
vn -0.0036 0.0062 1.0000
vn -0.0157 0.0678 0.9976
vn -0.0278 0.1069 0.9939
vn -0.0071 0.0274 0.9996
vn -0.0166 0.0674 0.9976
vn 0.2488 -0.9686 -0.0000
vn 0.4370 -0.8995 -0.0000
vn 0.3735 -0.9276 -0.0005
vn 0.2487 -0.9686 -0.0000
vn 0.3735 -0.9276 -0.0008
vn -0.2483 0.9687 -0.0000
vn -0.0501 0.9987 -0.0000
vn -0.1203 0.9927 0.0005
vn -0.2484 0.9687 -0.0000
vn -0.1203 0.9927 0.0008
vn 0.2495 -0.9684 -0.0000
vn 0.2480 -0.9688 -0.0000
vn 0.2495 -0.9684 0.0001
vn -0.2485 0.9686 0.0001
vn -0.2485 0.9686 -0.0000
vn -0.2480 0.9688 -0.0000
vn 0.0120 -0.0514 -0.9986
vn 0.2692 0.0368 -0.9624
vn 0.1806 -0.1764 -0.9676
vn 0.0489 -0.1933 -0.9799
vn 0.0103 -0.0479 -0.9988
vn 0.1793 -0.1723 -0.9686
vn -0.0049 0.0100 -0.9999
vn -0.0545 0.2108 -0.9760
vn 0.0724 0.2449 -0.9668
vn 0.2537 0.0971 -0.9624
vn -0.0043 0.0117 -0.9999
vn 0.0719 0.2469 -0.9664
vn 0.1806 -0.1764 0.9676
vn 0.2121 0.0587 0.9755
vn 0.0060 -0.0279 0.9996
vn 0.0492 -0.1933 0.9799
vn 0.1793 -0.1723 0.9686
vn 0.0043 -0.0246 0.9997
vn 0.1968 0.1224 0.9728
vn 0.1424 0.2664 0.9533
vn -0.0559 0.2148 0.9751
vn -0.0092 0.0338 0.9994
vn 0.1971 0.1214 0.9728
vn -0.0555 0.2135 0.9754
vn -0.0540 0.2109 -0.9760
vn -0.0035 0.0104 -0.9999
vn -0.0271 0.0960 -0.9950
vn -0.0290 0.0956 -0.9950
vn 0.0165 -0.0465 -0.9988
vn 0.0494 -0.1932 -0.9799
vn -0.0099 0.0385 -0.9992
vn 0.0143 -0.0469 -0.9988
vn 0.0494 -0.1932 0.9799
vn 0.0055 -0.0242 0.9997
vn 0.0178 -0.0793 0.9967
vn 0.0162 -0.0799 0.9967
vn -0.0029 0.0357 0.9994
vn -0.0557 0.2134 0.9754
vn -0.0540 0.2109 0.9760
vn 0.0052 -0.0206 0.9998
vn -0.0057 0.0349 0.9994
vn -0.1997 0.9798 0.0025
vn -0.1321 0.9912 -0.0019
vn 0.3587 0.6269 0.6916
vn 0.2987 -0.9543 -0.0025
vn 0.3627 -0.9319 0.0019
vn 0.6158 -0.3775 0.6916
vn 0.3769 0.5722 0.7284
vn 0.1090 0.2491 0.9623
vn 0.1561 0.1229 0.9801
vn 0.1776 0.0343 0.9835
vn 0.1438 -0.1747 0.9741
vn 0.6054 -0.3206 0.7284
vn 0.4156 0.5370 0.7341
vn 0.1708 0.0816 0.9819
vn 0.6224 -0.2714 0.7341
vn 0.4592 -0.0124 -0.8883
vn 0.1438 -0.1747 -0.9741
vn 0.2334 0.0135 -0.9723
vn 0.2111 0.1002 -0.9723
vn 0.0404 0.2276 -0.9729
vn 0.3967 0.2315 -0.8883
vn 0.4584 0.0213 -0.8885
vn 0.2269 0.0581 -0.9722
vn 0.4123 0.2016 -0.8885
vn -0.2495 0.9678 0.0323
vn -0.2084 0.8138 0.5425
vn -0.2303 0.9073 0.3518
vn -0.2471 0.9655 -0.0817
vn -0.2488 0.9680 0.0324
vn -0.2290 0.9077 0.3517
vn -0.2207 0.8432 0.4902
vn -0.1181 0.4613 0.8793
vn -0.1528 0.6069 0.7800
vn -0.2372 0.9268 0.2911
vn -0.2187 0.8438 0.4901
vn -0.1510 0.6074 0.7799
vn -0.1170 0.4369 0.8919
vn -0.0317 0.1242 0.9918
vn -0.0518 0.2088 0.9766
vn -0.1497 0.5846 0.7974
vn -0.1150 0.4374 0.8919
vn -0.0507 0.2090 0.9766
vn -0.0240 0.0829 0.9963
vn 0.0430 -0.1681 0.9848
vn 0.0230 -0.0832 0.9963
vn -0.0430 0.1681 0.9848
vn -0.0230 0.0832 0.9963
vn 0.0240 -0.0829 0.9963
vn 0.0507 -0.2090 0.9766
vn 0.1497 -0.5846 0.7974
vn 0.1150 -0.4374 0.8919
vn 0.0317 -0.1242 0.9918
vn 0.0518 -0.2088 0.9766
vn 0.1170 -0.4369 0.8919
vn 0.1511 -0.6074 0.7799
vn 0.2372 -0.9268 0.2911
vn 0.2187 -0.8438 0.4900
vn 0.1181 -0.4613 0.8794
vn 0.1528 -0.6069 0.7800
vn 0.2207 -0.8432 0.4901
vn 0.2290 -0.9076 0.3519
vn 0.2471 -0.9655 -0.0816
vn 0.2488 -0.9680 0.0324
vn 0.2083 -0.8137 0.5426
vn 0.2303 -0.9072 0.3520
vn 0.2495 -0.9678 0.0324
vn 0.2462 -0.9687 -0.0324
vn 0.2083 -0.8138 -0.5426
vn 0.2338 -0.9063 -0.3520
vn 0.2471 -0.9655 0.0816
vn 0.2469 -0.9685 -0.0324
vn 0.2353 -0.9060 -0.3519
vn 0.2115 -0.8456 -0.4901
vn 0.1180 -0.4613 -0.8794
vn 0.1575 -0.6057 -0.7800
vn 0.2371 -0.9268 -0.2911
vn 0.2136 -0.8451 -0.4900
vn 0.1594 -0.6053 -0.7799
vn 0.1073 -0.4393 -0.8919
vn 0.0317 -0.1242 -0.9918
vn 0.0549 -0.2079 -0.9766
vn 0.1496 -0.5846 -0.7974
vn 0.1093 -0.4390 -0.8918
vn 0.0560 -0.2077 -0.9766
vn 0.0187 -0.0842 -0.9963
vn -0.0430 0.1681 -0.9848
vn -0.0198 0.0840 -0.9963
vn 0.0430 -0.1681 -0.9848
vn 0.0198 -0.0840 -0.9963
vn -0.0187 0.0842 -0.9963
vn -0.0560 0.2077 -0.9766
vn -0.1496 0.5846 -0.7974
vn -0.1093 0.4390 -0.8918
vn -0.0317 0.1242 -0.9918
vn -0.0549 0.2079 -0.9766
vn -0.1073 0.4393 -0.8919
vn -0.1594 0.6053 -0.7799
vn -0.2371 0.9268 -0.2911
vn -0.2136 0.8451 -0.4900
vn -0.1180 0.4613 -0.8794
vn -0.1575 0.6057 -0.7799
vn -0.2115 0.8456 -0.4901
vn -0.2353 0.9060 -0.3518
vn -0.2471 0.9655 0.0817
vn -0.2469 0.9685 -0.0324
vn -0.2083 0.8138 -0.5425
vn -0.2338 0.9064 -0.3518
vn -0.2462 0.9687 -0.0323
vn -0.0159 0.0574 -0.9982
vn 0.0048 -0.0175 -0.9998
vn 0.0048 -0.0174 -0.9998
vn -0.0046 0.0202 -0.9998
vn 0.0048 -0.0175 0.9998
vn -0.0063 0.0197 0.9998
vn -0.0155 0.0575 0.9982
vn 0.0048 -0.0174 0.9998
vn -0.0058 0.0199 0.9998
vn 0.2668 -0.9638 -0.0000
vn -0.0210 0.0769 0.9968
vn -0.0108 0.0394 0.9992
vn -0.0316 0.1142 0.9930
vn -0.0316 0.1141 0.9930
vn -0.0208 0.0769 0.9968
vn -0.0316 0.1142 -0.9930
vn -0.0219 0.0767 -0.9968
vn -0.0113 0.0392 -0.9992
vn -0.0316 0.1141 -0.9930
vn -0.0215 0.0767 -0.9968
vn 0.2563 -0.9666 -0.0000
vn -0.2563 0.9666 -0.0000
vn -0.0283 0.1068 -0.9939
vn -0.0074 0.0273 -0.9996
vn -0.0162 0.0676 -0.9976
vn -0.0143 0.0685 -0.9976
vn -0.0053 0.0054 -1.0000
vn 0.0087 -0.0329 -0.9994
vn -0.0123 0.0466 -0.9988
vn -0.0034 0.0062 -1.0000
vn 0.0087 -0.0329 0.9994
vn -0.0123 0.0466 0.9988
vn -0.0000 0.0072 1.0000
vn 0.0021 0.0074 1.0000
vn -0.0217 0.0664 0.9976
vn -0.0283 0.1068 0.9939
vn -0.0074 0.0273 0.9996
vn -0.0196 0.0667 0.9976
vn 0.2515 -0.9679 -0.0001
vn 0.4390 -0.8985 -0.0002
vn 0.3757 -0.9267 0.0041
vn 0.2515 -0.9679 -0.0000
vn 0.3756 -0.9268 0.0065
vn -0.2498 0.9683 -0.0000
vn -0.0523 0.9986 0.0002
vn -0.1222 0.9925 -0.0041
vn -0.2498 0.9683 -0.0001
vn -0.1222 0.9925 -0.0066
vn 0.2495 -0.9684 -0.0002
vn 0.2494 -0.9684 -0.0004
vn -0.2484 0.9687 -0.0001
vn -0.2484 0.9686 -0.0000
vn 0.0119 -0.0514 -0.9986
vn 0.2661 0.0358 -0.9633
vn 0.1794 -0.1811 -0.9670
vn 0.0483 -0.1935 -0.9799
vn 0.0138 -0.0470 -0.9988
vn 0.1795 -0.1785 -0.9674
vn -0.0007 0.0112 -0.9999
vn -0.0559 0.2104 -0.9760
vn 0.0687 0.2512 -0.9655
vn 0.2505 0.0965 -0.9633
vn -0.0039 0.0117 -0.9999
vn 0.0685 0.2505 -0.9657
vn 0.1793 -0.1811 0.9670
vn 0.2094 0.0578 0.9761
vn 0.0063 -0.0279 0.9996
vn 0.0483 -0.1935 0.9799
vn 0.1795 -0.1785 0.9674
vn 0.0084 -0.0236 0.9997
vn 0.1937 0.1124 0.9746
vn 0.1399 0.2660 0.9538
vn -0.0575 0.2142 0.9751
vn -0.0111 0.0334 0.9994
vn 0.1936 0.1106 0.9748
vn -0.0574 0.2129 0.9754
vn -0.0543 0.2107 -0.9760
vn -0.0212 0.0975 -0.9950
vn -0.0543 0.2108 -0.9760
vn -0.0187 0.0985 -0.9950
vn 0.0044 -0.0499 -0.9987
vn 0.0073 -0.0489 -0.9988
vn 0.0234 -0.0779 0.9967
vn 0.0258 -0.0776 0.9967
vn -0.0189 0.0320 0.9993
vn -0.0148 0.0327 0.9994
vn 0.0468 0.9984 -0.0304
vn 0.1241 0.9920 0.0236
vn 0.6016 0.3541 0.7160
vn 0.5239 -0.8512 0.0301
vn 0.5877 -0.8087 -0.0234
vn 0.6978 -0.0216 0.7160
vn 0.6446 0.6331 0.4286
vn 0.3391 0.3010 0.8913
vn 0.4008 0.1251 0.9076
vn 0.3883 0.1605 0.9074
vn 0.3608 -0.1193 0.9250
vn 0.8695 -0.2455 0.4286
vn 0.5944 0.6640 0.4536
vn 0.3842 0.1391 0.9127
vn 0.8403 -0.2968 0.4536
vn 0.7297 0.1202 -0.6731
vn 0.3609 -0.1194 -0.9249
vn 0.4553 0.1418 -0.8790
vn 0.4674 0.0944 -0.8790
vn 0.2574 0.2841 -0.9236
vn 0.6977 0.2452 -0.6731
vn 0.7197 0.0733 -0.6904
vn 0.4501 0.1153 -0.8855
vn 0.6664 0.2815 -0.6904
vn -0.2408 0.9700 0.0331
vn -0.2083 0.8138 0.5425
vn -0.2397 0.9050 0.3514
vn -0.2471 0.9655 -0.0816
vn -0.2438 0.9693 0.0326
vn -0.2456 0.9038 0.3505
vn -0.2042 0.8469 0.4909
vn -0.1614 0.6049 0.7798
vn -0.2095 0.8460 0.4903
vn -0.1663 0.6041 0.7793
vn -0.1050 0.4397 0.8920
vn -0.0556 0.2078 0.9766
vn -0.1080 0.4392 0.8919
vn -0.0572 0.2075 0.9766
vn -0.0178 0.0844 0.9963
vn 0.0193 -0.0841 0.9963
vn -0.0193 0.0841 0.9963
vn 0.0178 -0.0844 0.9963
vn 0.0572 -0.2075 0.9766
vn 0.1080 -0.4392 0.8919
vn 0.0556 -0.2078 0.9766
vn 0.1050 -0.4397 0.8920
vn 0.1663 -0.6041 0.7793
vn 0.2095 -0.8460 0.4903
vn 0.1614 -0.6049 0.7798
vn 0.2041 -0.8469 0.4909
vn 0.2456 -0.9037 0.3506
vn 0.2471 -0.9655 -0.0817
vn 0.2439 -0.9693 0.0326
vn 0.2397 -0.9050 0.3516
vn 0.2408 -0.9700 0.0331
vn 0.2549 -0.9664 -0.0331
vn 0.2246 -0.9088 -0.3516
vn 0.2471 -0.9655 0.0817
vn 0.2518 -0.9672 -0.0326
vn 0.2188 -0.9106 -0.3505
vn 0.2278 -0.8409 -0.4909
vn 0.1491 -0.6081 -0.7798
vn 0.2371 -0.9268 -0.2912
vn 0.2227 -0.8426 -0.4903
vn 0.1444 -0.6097 -0.7793
vn 0.1191 -0.4361 -0.8920
vn 0.0511 -0.2089 -0.9766
vn 0.1163 -0.4371 -0.8919
vn 0.0495 -0.2095 -0.9766
vn 0.0249 -0.0826 -0.9963
vn -0.0234 0.0830 -0.9963
vn 0.0234 -0.0830 -0.9963
vn -0.0249 0.0826 -0.9963
vn -0.0495 0.2095 -0.9766
vn -0.1163 0.4371 -0.8919
vn -0.0511 0.2089 -0.9766
vn -0.1191 0.4361 -0.8920
vn -0.1444 0.6097 -0.7793
vn -0.2227 0.8426 -0.4903
vn -0.1491 0.6081 -0.7798
vn -0.2278 0.8409 -0.4909
vn -0.2188 0.9107 -0.3505
vn -0.2471 0.9655 0.0816
vn -0.2518 0.9672 -0.0326
vn -0.2247 0.9089 -0.3514
vn -0.2549 0.9664 -0.0331
vn -0.0174 0.0632 0.9979
vn -0.0406 0.0985 0.9943
vn -0.0482 0.0510 0.9975
vn -0.0406 0.0985 -0.9943
vn -0.0174 0.0632 -0.9979
vn -0.0482 0.0510 -0.9975
vn 0.3001 -0.9539 -0.0000
vn 0.3009 -0.9536 -0.0001
vn -0.0211 0.0236 -0.9995
vn -0.0418 0.0319 -0.9986
vn -0.0454 0.0449 -0.9980
vn -0.0144 0.0446 -0.9989
vn -0.0226 0.0185 -0.9996
vn -0.0461 0.0449 -0.9979
vn -0.0226 0.0185 0.9996
vn -0.0144 0.0446 0.9989
vn -0.0461 0.0449 0.9979
vn -0.0418 0.0319 0.9986
vn -0.0211 0.0236 0.9995
vn -0.0454 0.0449 0.9980
vn -0.0283 0.0409 -0.9988
vn -0.0165 0.0492 -0.9987
vn -0.0320 0.0192 -0.9993
vn -0.0250 0.0445 -0.9987
vn 0.0051 -0.0168 -0.9998
vn -0.0250 0.0445 0.9987
vn -0.0320 0.0192 0.9993
vn 0.0052 -0.0167 0.9998
vn -0.0094 0.0269 0.9996
vn -0.0283 0.0409 0.9988
vn 0.0050 -0.0168 0.9998
vn 0.2989 -0.9543 -0.0000
vn 0.2979 -0.9546 -0.0000
vn 0.2924 -0.9563 0.0002
vn 0.2840 -0.9588 -0.0000
vn 0.3021 -0.9533 -0.0000
vn 0.2924 -0.9563 -0.0001
vn -0.0341 0.0598 0.9976
vn -0.0347 0.1142 0.9929
vn -0.0498 0.0943 0.9943
vn -0.0289 0.0603 0.9978
vn -0.0348 0.1149 0.9928
vn -0.0289 0.0603 -0.9978
vn -0.0498 0.0943 -0.9943
vn -0.0354 0.1153 -0.9927
vn -0.0193 0.0687 -0.9975
vn -0.0341 0.0598 -0.9976
vn -0.0351 0.1145 -0.9928
vn 0.0052 -0.0170 -0.9998
vn -0.0168 0.0490 -0.9987
vn -0.0104 0.0388 -0.9992
vn 0.0053 -0.0170 -0.9998
vn -0.0111 0.0386 -0.9992
vn -0.0102 0.0264 0.9996
vn 0.0052 -0.0173 0.9998
vn -0.0088 0.0271 0.9996
vn 0.2945 -0.9557 0.0001
vn 0.3027 -0.9531 -0.0000
vn 0.2778 -0.9606 0.0002
vn 0.2695 -0.9630 -0.0000
vn 0.2945 -0.9557 -0.0002
vn 0.2778 -0.9606 -0.0001
vn -0.0354 0.1140 0.9929
vn -0.0125 0.0466 0.9988
vn -0.0166 0.0575 0.9982
vn -0.0322 0.1136 0.9930
vn -0.0353 0.1141 0.9928
vn -0.0149 0.0582 0.9982
vn -0.0203 0.0685 -0.9974
vn -0.0359 0.1143 -0.9928
vn -0.0331 0.1132 -0.9930
vn -0.0152 0.0579 -0.9982
vn -0.0331 0.1133 -0.9930
vn -0.0121 0.0383 -0.9992
vn -0.0055 0.0200 -0.9998
vn -0.0134 0.0378 0.9992
vn 0.0049 -0.0174 0.9998
vn -0.0171 0.0571 0.9982
vn -0.0120 0.0384 0.9992
vn 0.2800 -0.9600 0.0001
vn 0.2883 -0.9575 -0.0000
vn 0.2717 -0.9624 -0.0000
vn 0.2800 -0.9600 -0.0002
vn -0.0330 0.1134 0.9930
vn -0.0162 0.0578 0.9982
vn -0.0214 0.0765 0.9968
vn -0.0321 0.1138 0.9930
vn -0.0330 0.1135 0.9930
vn -0.0206 0.0768 0.9968
vn -0.0164 0.0577 -0.9982
vn -0.0337 0.1131 -0.9930
vn -0.0321 0.1138 -0.9930
vn -0.0102 0.0393 -0.9992
vn -0.0169 0.0576 -0.9982
vn 0.0882 0.1271 0.9880
vn -0.0882 -0.1271 -0.9880
vn 0.1097 0.1922 0.9752
vn 0.3580 0.4391 0.8240
vn 0.4618 0.5369 0.7060
vn 0.3583 0.4392 0.8239
vn 0.6197 0.7027 0.3496
vn 0.3953 0.5767 0.7149
vn 0.6196 0.7027 0.3496
vn 0.3954 0.5768 0.7148
vn 0.4762 0.7458 0.4659
vn 0.3954 0.5767 0.7149
vn 0.3581 0.4391 0.8240
vn 0.3582 0.4393 0.8238
vn 0.3955 0.5769 0.7147
vn 0.6197 0.7027 0.3495
vn 0.4762 0.7459 0.4657
vn 0.3953 0.5770 0.7147
vn 0.3781 0.7445 0.5502
vn 0.2163 0.3818 0.8986
vn 0.3780 0.7445 0.5503
vn 0.2168 0.3820 0.8984
vn 0.1352 0.6038 0.7856
vn 0.3953 0.5768 0.7148
vn 0.2167 0.3820 0.8984
vn 0.3781 0.7444 0.5504
vn 0.3953 0.5768 0.7149
vn 0.2166 0.3817 0.8985
vn 0.1692 0.3103 0.9355
vn 0.1352 0.6035 0.7858
vn 0.1691 0.3102 0.9355
vn 0.1062 0.3365 0.9357
vn 0.1690 0.3102 0.9355
vn 0.1692 0.3107 0.9353
vn 0.1063 0.3370 0.9355
vn 0.1352 0.6036 0.7857
vn 0.1812 0.3251 0.9282
vn 0.1302 0.2361 0.9630
vn 0.0888 0.3992 0.9125
vn 0.1304 0.2364 0.9629
vn 0.1812 0.3255 0.9280
vn 0.0377 0.3731 0.9270
vn 0.0886 0.3989 0.9127
vn 0.1352 0.6036 0.7858
vn 0.1351 0.6036 0.7857
vn 0.1059 0.3369 0.9356
vn 0.0378 0.3732 0.9270
vn 0.1054 0.1812 0.9778
vn 0.0377 0.3730 0.9271
vn 0.1303 0.2364 0.9629
vn 0.0887 0.3989 0.9127
vn 0.1055 0.1816 0.9777
vn 0.0888 0.3991 0.9126
vn 0.0379 0.3730 0.9271
vn 0.3581 0.4392 0.8239
vn 0.4618 0.5367 0.7062
vn 0.1098 0.1924 0.9752
vn 0.1098 0.1921 0.9752
vn -0.0657 -0.0599 -0.9960
vn -0.0882 -0.1272 -0.9880
vn 0.2437 0.2625 -0.9336
vn 0.5572 0.6245 -0.5472
vn 0.2441 0.2629 -0.9334
vn 0.3980 0.4215 -0.8149
vn 0.3188 0.4678 -0.8244
vn 0.4579 0.7291 -0.5087
vn 0.3188 0.4680 -0.8242
vn 0.2437 0.2626 -0.9336
vn 0.3187 0.4679 -0.8244
vn 0.5572 0.6246 -0.5472
vn 0.3187 0.4679 -0.8243
vn 0.2441 0.2628 -0.9335
vn 0.3327 0.7144 -0.6155
vn 0.3188 0.4681 -0.8242
vn 0.0631 0.1682 -0.9837
vn -0.0035 0.4686 -0.8834
vn 0.0632 0.1686 -0.9837
vn 0.3325 0.7144 -0.6157
vn 0.3326 0.7143 -0.6158
vn 0.0633 0.1686 -0.9837
vn 0.3188 0.4678 -0.8243
vn 0.0630 0.1681 -0.9837
vn -0.0035 0.4685 -0.8835
vn 0.0030 0.0756 -0.9971
vn 0.0631 0.1684 -0.9837
vn 0.0630 0.1682 -0.9837
vn 0.0030 0.0755 -0.9971
vn -0.0643 0.1042 -0.9925
vn -0.0641 0.1043 -0.9925
vn 0.0029 0.0762 -0.9971
vn -0.0431 -0.0116 -0.9990
vn 0.0175 0.0944 -0.9954
vn -0.0432 -0.0116 -0.9990
vn 0.0177 0.0949 -0.9953
vn -0.0430 -0.0113 -0.9990
vn -0.0794 0.1811 -0.9803
vn -0.0036 0.4685 -0.8834
vn -0.0800 0.1809 -0.9802
vn -0.1355 0.1461 -0.9799
vn -0.1355 0.1462 -0.9799
vn -0.0646 0.1043 -0.9924
vn -0.0036 0.4686 -0.8834
vn -0.0704 -0.0715 -0.9950
vn -0.1356 0.1456 -0.9800
vn -0.0642 0.1042 -0.9925
vn -0.1355 0.1456 -0.9800
vn -0.0703 -0.0711 -0.9950
vn -0.0795 0.1807 -0.9803
vn -0.0432 -0.0115 -0.9990
vn -0.1356 0.1458 -0.9800
vn -0.0794 0.1807 -0.9803
vn -0.0656 -0.0595 -0.9961
vn 0.3978 0.4212 -0.8151
vn 0.2436 0.2627 -0.9336
vn 0.2436 0.2626 -0.9336
vn 0.6196 0.7028 0.3495
vn 0.6824 0.7308 0.0125
vn -0.1422 0.9895 0.0250
vn 0.1001 -0.2315 0.9677
vn 0.0929 0.0200 0.9955
vn 0.2145 0.1116 0.9703
vn 0.1003 -0.2315 0.9677
vn 0.2147 0.1116 0.9703
vn 0.1478 0.4051 0.9022
vn 0.2146 0.1120 0.9702
vn 0.1083 0.5754 0.8107
vn 0.1479 0.4052 0.9022
vn 0.1080 0.5756 0.8106
vn 0.0587 0.6585 0.7502
vn 0.1479 0.4053 0.9022
vn 0.1479 0.4051 0.9022
vn 0.1445 0.2827 0.9483
vn 0.1000 -0.2319 0.9676
vn 0.1000 -0.2318 0.9676
vn -0.0161 -0.3155 0.9488
vn 0.2886 0.6327 0.7186
vn 0.1376 0.1857 0.9729
vn 0.1447 0.2832 0.9481
vn 0.2887 0.6326 0.7187
vn 0.2891 0.6266 0.7237
vn 0.2890 0.6266 0.7238
vn 0.1562 0.4318 0.8884
vn 0.1375 0.1855 0.9730
vn 0.2890 0.6268 0.7236
vn 0.2190 0.7405 0.6354
vn 0.2190 0.7404 0.6355
vn 0.1646 0.2955 0.9410
vn 0.1563 0.4317 0.8884
vn 0.2828 0.7241 0.6290
vn 0.1648 0.2955 0.9410
vn 0.1422 0.2848 0.9480
vn 0.1651 0.2953 0.9410
vn 0.1374 0.1852 0.9731
vn 0.1375 0.1852 0.9730
vn -0.0598 -0.2578 0.9643
vn -0.0598 -0.2578 0.9644
vn 0.1374 0.1852 0.9730
vn -0.0338 -0.2846 0.9581
vn 0.1559 0.4314 0.8886
vn -0.0337 -0.2846 0.9580
vn 0.1559 0.4315 0.8886
vn 0.1650 0.2950 0.9411
vn -0.0337 -0.2848 0.9580
vn 0.1649 0.2950 0.9411
vn 0.0336 -0.3124 0.9494
vn 0.0335 -0.3123 0.9494
vn 0.1651 0.2949 0.9412
vn -0.0415 -0.2642 0.9636
vn 0.1421 0.2846 0.9481
vn -0.0415 -0.2641 0.9636
vn 0.1421 0.2844 0.9481
vn -0.0455 -0.2553 0.9658
vn 0.1422 0.2845 0.9481
vn 0.2245 0.5500 0.8044
vn -0.0456 -0.2557 0.9657
vn 0.1422 0.2847 0.9480
vn 0.2825 0.7242 0.6290
vn 0.2248 0.5502 0.8042
vn 0.2757 0.7220 0.6346
vn 0.2247 0.5503 0.8042
vn 0.2703 0.7329 0.6243
vn 0.1372 0.2875 0.9479
vn 0.2247 0.5502 0.8042
vn 0.2246 0.5499 0.8044
vn 0.1371 0.2871 0.9480
vn -0.0456 -0.2556 0.9657
vn 0.1370 0.2870 0.9481
vn -0.0243 -0.2607 0.9651
vn 0.0418 0.0216 0.9989
vn 0.1906 0.5536 0.8107
vn 0.1123 0.1960 0.9742
vn 0.1907 0.5536 0.8106
vn 0.1971 0.5555 0.8079
vn 0.1124 0.1956 0.9742
vn 0.1969 0.5554 0.8079
vn 0.1862 0.5651 0.8037
vn 0.1123 0.1956 0.9742
vn 0.1251 0.3012 0.9453
vn 0.1228 0.3631 0.9236
vn 0.0954 0.0828 0.9920
vn 0.1229 0.3631 0.9236
vn 0.0621 0.3499 0.9347
vn 0.0619 0.3497 0.9348
vn 0.0299 0.2098 0.9773
vn 0.1251 0.3014 0.9453
vn 0.1863 0.5651 0.8037
vn 0.1229 0.3635 0.9234
vn 0.1336 0.5206 0.8433
vn 0.1229 0.3636 0.9234
vn 0.1226 0.3636 0.9234
vn 0.1334 0.5207 0.8433
vn 0.0621 0.3502 0.9346
vn 0.1337 0.5204 0.8434
vn 0.0970 0.4880 0.8674
vn 0.0620 0.3501 0.9347
vn 0.0218 0.3974 0.9174
vn 0.0620 0.3502 0.9346
vn 0.0216 0.3970 0.9176
vn -0.0270 0.2942 0.9554
vn -0.0271 0.2937 0.9555
vn 0.0295 0.2101 0.9772
vn 0.2886 0.6328 0.7185
vn 0.1446 0.2830 0.9482
vn 0.1852 0.6751 0.7141
vn 0.0590 0.6587 0.7501
vn 0.1850 0.6751 0.7141
vn 0.1479 0.4053 0.9021
vn 0.1865 0.5650 0.8037
vn 0.1252 0.3014 0.9452
vn 0.1553 0.3915 0.9070
vn 0.1252 0.3012 0.9453
vn 0.0618 -0.0547 0.9966
vn 0.1552 0.3913 0.9071
vn 0.1122 0.1955 0.9743
vn 0.1123 0.1957 0.9742
vn 0.1863 0.5652 0.8036
vn 0.0416 0.0210 0.9989
vn 0.1123 0.1951 0.9743
vn -0.0866 -0.4396 0.8940
vn 0.0213 -0.2787 0.9601
vn -0.0866 -0.4395 0.8941
vn 0.0617 -0.0552 0.9966
vn 0.1123 0.1955 0.9743
vn 0.0154 -0.1418 0.9898
vn 0.1989 0.4647 0.8629
vn 0.1849 0.4503 0.8735
vn 0.0155 -0.1418 0.9898
vn 0.1850 0.4503 0.8735
vn 0.0125 -0.1147 0.9933
vn 0.1823 0.4566 0.8708
vn 0.0416 0.0211 0.9989
vn -0.0866 -0.4395 0.8940
vn -0.0072 -0.1788 0.9839
vn 0.1823 0.4565 0.8708
vn -0.0070 -0.1782 0.9840
vn 0.1906 0.5535 0.8107
vn 0.0417 0.0217 0.9989
vn 0.1743 0.4795 0.8600
vn 0.1745 0.4794 0.8601
vn 0.1744 0.4794 0.8601
vn 0.0954 0.0826 0.9920
vn 0.0214 -0.2783 0.9602
vn 0.0879 -0.0104 0.9961
vn 0.0214 -0.2784 0.9602
vn 0.0618 -0.0549 0.9966
vn 0.0878 -0.0106 0.9961
vn 0.0879 -0.0103 0.9961
vn 0.1990 0.4650 0.8627
vn 0.1823 0.4567 0.8707
vn 0.1851 0.4508 0.8732
vn 0.2562 0.7236 0.6408
vn 0.2563 0.7237 0.6407
vn 0.1906 0.5537 0.8106
vn 0.1744 0.4798 0.8599
vn 0.1745 0.4799 0.8598
vn 0.2563 0.7237 0.6408
vn 0.1850 0.4507 0.8733
vn 0.1990 0.4650 0.8626
vn 0.2563 0.7238 0.6406
vn 0.1992 0.4650 0.8626
vn 0.0152 -0.1423 0.9897
vn 0.0124 -0.1150 0.9933
vn -0.0966 -0.4452 0.8902
vn -0.0072 -0.1787 0.9839
vn -0.0966 -0.4451 0.8902
vn 0.0124 -0.1152 0.9933
vn 0.1369 0.2870 0.9481
vn 0.1990 0.4646 0.8629
vn -0.0244 -0.2610 0.9650
vn -0.0243 -0.2606 0.9651
vn 0.1990 0.4645 0.8629
vn 0.0154 -0.1421 0.9897
vn -0.0968 -0.4450 0.8903
vn -0.0245 -0.2611 0.9650
vn 0.0153 -0.1423 0.9897
vn 0.0418 -0.1405 -0.9892
vn -0.0827 -0.2296 -0.9698
vn -0.0675 -0.4391 -0.8959
vn -0.0131 0.1924 -0.9812
vn 0.0421 -0.1410 -0.9891
vn -0.0673 -0.4391 -0.8959
vn -0.0131 0.1928 -0.9812
vn -0.0396 0.4242 -0.9047
vn 0.0419 -0.1404 -0.9892
vn -0.0134 0.1931 -0.9811
vn -0.0841 0.5425 -0.8358
vn -0.0400 0.4244 -0.9046
vn -0.0675 -0.4392 -0.8958
vn -0.0259 0.0420 -0.9988
vn -0.1649 -0.4952 -0.8530
vn -0.0255 0.0419 -0.9988
vn -0.0674 -0.4392 -0.8959
vn -0.0256 0.0425 -0.9988
vn -0.0371 -0.0663 -0.9971
vn 0.1921 0.5334 -0.8237
vn -0.0370 -0.0663 -0.9971
vn 0.1915 0.5245 -0.8296
vn 0.1921 0.5333 -0.8238
vn -0.0011 0.2280 -0.9737
vn -0.0014 0.2281 -0.9736
vn 0.1278 0.6861 -0.7162
vn 0.1914 0.5246 -0.8295
vn -0.0014 0.2282 -0.9736
vn -0.0027 0.0579 -0.9983
vn -0.0027 0.0576 -0.9983
vn 0.2051 0.6707 -0.7128
vn 0.1279 0.6861 -0.7161
vn -0.0282 0.0445 -0.9986
vn 0.2054 0.6707 -0.7128
vn -0.1647 -0.4952 -0.8530
vn -0.0372 -0.0668 -0.9971
vn -0.0258 0.0420 -0.9988
vn -0.2070 -0.4501 -0.8687
vn -0.0372 -0.0669 -0.9971
vn -0.1650 -0.4951 -0.8530
vn -0.1824 -0.4717 -0.8627
vn -0.1824 -0.4714 -0.8628
vn -0.0015 0.2276 -0.9738
vn -0.0371 -0.0668 -0.9971
vn -0.1823 -0.4716 -0.8628
vn -0.0029 0.0574 -0.9983
vn -0.0016 0.2277 -0.9737
vn -0.1221 -0.4958 -0.8598
vn -0.0028 0.0574 -0.9983
vn -0.1823 -0.4715 -0.8628
vn -0.1905 -0.4561 -0.8693
vn -0.1906 -0.4560 -0.8693
vn -0.0283 0.0440 -0.9986
vn -0.0028 0.0575 -0.9983
vn -0.1947 -0.4493 -0.8719
vn -0.0283 0.0441 -0.9986
vn -0.1905 -0.4559 -0.8694
vn 0.0960 0.4009 -0.9111
vn -0.0281 0.0440 -0.9986
vn 0.0961 0.4012 -0.9109
vn 0.2044 0.6709 -0.7128
vn 0.0961 0.4013 -0.9109
vn 0.1957 0.6664 -0.7194
vn 0.2050 0.6708 -0.7128
vn 0.1910 0.6821 -0.7058
vn 0.1955 0.6665 -0.7194
vn -0.0336 0.0471 -0.9983
vn 0.1911 0.6821 -0.7058
vn -0.1947 -0.4494 -0.8718
vn -0.0338 0.0466 -0.9983
vn 0.0960 0.4008 -0.9111
vn -0.1947 -0.4495 -0.8718
vn -0.1763 -0.4547 -0.8730
vn -0.0629 -0.0560 -0.9965
vn 0.0551 0.4016 -0.9142
vn -0.1318 -0.2271 -0.9649
vn -0.0629 -0.0559 -0.9965
vn 0.0631 0.4053 -0.9120
vn 0.0549 0.4020 -0.9140
vn -0.0630 -0.0558 -0.9964
vn 0.0517 0.4181 -0.9069
vn 0.0629 0.4051 -0.9121
vn -0.0809 -0.1708 -0.9820
vn -0.0446 0.1376 -0.9895
vn -0.0459 0.0625 -0.9970
vn -0.1110 0.1185 -0.9867
vn -0.1465 -0.0416 -0.9883
vn -0.1109 0.1185 -0.9867
vn -0.0444 0.1381 -0.9894
vn 0.0516 0.4182 -0.9069
vn -0.0459 0.0632 -0.9969
vn -0.0173 0.3480 -0.9373
vn -0.1110 0.1186 -0.9867
vn -0.0174 0.3479 -0.9374
vn -0.0445 0.1380 -0.9894
vn -0.1109 0.1186 -0.9867
vn -0.0630 0.2992 -0.9521
vn -0.1518 0.1757 -0.9727
vn -0.0633 0.2992 -0.9521
vn -0.1111 0.1185 -0.9867
vn -0.2036 0.0512 -0.9777
vn -0.1519 0.1754 -0.9727
vn -0.1466 -0.0414 -0.9883
vn -0.2034 0.0512 -0.9778
vn -0.1111 0.1184 -0.9867
vn 0.0704 0.5825 -0.8098
vn -0.0256 0.0421 -0.9988
vn 0.1921 0.5335 -0.8237
vn -0.0840 0.5425 -0.8359
vn -0.0131 0.1930 -0.9811
vn 0.0705 0.5825 -0.8098
vn -0.0063 0.1756 -0.9844
vn -0.0458 0.0630 -0.9970
vn 0.0524 0.4177 -0.9071
vn -0.0063 0.1754 -0.9845
vn -0.1103 -0.2950 -0.9491
vn -0.0631 -0.0564 -0.9964
vn -0.0063 0.1757 -0.9844
vn -0.0630 -0.0560 -0.9964
vn -0.2133 -0.5774 -0.7881
vn -0.1320 -0.2274 -0.9648
vn -0.0631 -0.0565 -0.9964
vn -0.2131 -0.5774 -0.7882
vn -0.1352 -0.4705 -0.8720
vn -0.0632 -0.0563 -0.9964
vn -0.1104 -0.2952 -0.9490
vn 0.0341 0.2557 -0.9662
vn 0.0524 0.2767 -0.9595
vn -0.1490 -0.3652 -0.9189
vn -0.1531 -0.3433 -0.9267
vn 0.0318 0.2640 -0.9640
vn 0.0342 0.2557 -0.9662
vn -0.1670 -0.3932 -0.9042
vn -0.1319 -0.2276 -0.9648
vn -0.1670 -0.3927 -0.9044
vn 0.0252 0.2947 -0.9553
vn -0.1318 -0.2270 -0.9649
vn 0.0547 0.4016 -0.9142
vn 0.0253 0.2947 -0.9553
vn -0.1669 -0.3927 -0.9044
vn -0.1319 -0.2270 -0.9649
vn 0.0319 0.2640 -0.9640
vn -0.1669 -0.3928 -0.9044
vn -0.0871 -0.2569 -0.9625
vn -0.1351 -0.4704 -0.8721
vn -0.0809 -0.1709 -0.9820
vn -0.0871 -0.2571 -0.9625
vn -0.1351 -0.4704 -0.8720
vn -0.0870 -0.2567 -0.9626
vn -0.0870 -0.2566 -0.9626
vn -0.0459 0.0626 -0.9970
vn 0.1909 0.6822 -0.7058
vn -0.0337 0.0471 -0.9983
vn 0.0526 0.2772 -0.9594
vn 0.1710 0.6663 -0.7259
vn 0.0343 0.2562 -0.9660
vn 0.0319 0.2642 -0.9639
vn 0.0254 0.2952 -0.9551
vn 0.0552 0.4019 -0.9140
vn 0.0318 0.2641 -0.9640
vn 0.0525 0.2773 -0.9594
vn 0.0344 0.2561 -0.9660
vn 0.1711 0.6662 -0.7259
vn 0.1711 0.6663 -0.7258
vn 0.1910 0.6821 -0.7059
vn -0.2208 -0.5804 -0.7838
vn -0.1531 -0.3435 -0.9266
vn -0.1491 -0.3656 -0.9188
vn -0.2208 -0.5805 -0.7838
vn -0.2133 -0.5773 -0.7882
vn -0.1532 -0.3433 -0.9266
vn 0.0525 0.2768 -0.9595
vn -0.1490 -0.3653 -0.9189
vn -0.1762 -0.4544 -0.8732
vn -0.1764 -0.4548 -0.8730
vn -0.2211 -0.5811 -0.7832
vn 0.5776 0.8161 0.0153
vn 0.6204 0.7841 0.0142
vn 0.6205 0.7841 0.0142
vn 0.6650 0.7468 0.0130
vn -0.1552 -0.9876 -0.0227
vn -0.1795 -0.9835 -0.0223
vn -0.1874 -0.9820 -0.0223
vn -0.2491 -0.9682 -0.0215
vn -0.1625 -0.9864 -0.0226
vn -0.2809 -0.9595 -0.0211
vn -0.0309 -0.9992 -0.0239
vn 0.4291 0.9031 0.0186
vn 0.4366 0.8995 0.0185
vn 0.4442 0.8957 0.0181
vn -0.4173 -0.9086 -0.0188
vn -0.3658 -0.9305 -0.0187
vn -0.5031 -0.8641 -0.0171
vn 0.4443 0.8957 0.0182
vn 0.4367 0.8994 0.0185
vn 0.4787 0.8778 0.0176
vn 0.4787 0.8778 0.0175
vn 0.3082 0.9511 0.0206
vn 0.3893 0.9209 0.0193
vn 0.4724 0.8812 0.0177
vn -0.3036 -0.9526 -0.0207
vn -0.3237 -0.9459 -0.0204
vn -0.3436 -0.9389 -0.0201
vn 0.4725 0.8812 0.0177
vn 0.3894 0.9209 0.0193
vn 0.4355 0.9000 0.0184
vn 0.3079 0.9512 0.0206
vn 0.4355 0.9000 0.0185
vn -0.9952 -0.0973 0.0052
vn 0.3077 0.9512 0.0207
vn 0.4352 0.9001 0.0185
vn 0.1801 0.9834 0.0224
vn 0.3077 0.9513 0.0206
vn -0.3768 -0.9261 -0.0195
vn -0.3701 -0.9288 -0.0197
vn -0.2810 -0.9595 -0.0211
vn -0.1627 -0.9864 -0.0226
vn -0.3437 -0.9389 -0.0201
vn -0.3238 -0.9459 -0.0204
vn -0.4605 -0.8875 -0.0180
vn -0.6087 -0.7932 -0.0145
vn -0.3657 -0.9305 -0.0197
vn -0.4172 -0.9086 -0.0188
vn -0.8037 -0.5950 -0.0083
vn -0.8724 -0.4888 -0.0053
vn -0.6088 -0.7932 -0.0145
vn -0.4607 -0.8874 -0.0180
vn -0.8633 -0.5047 -0.0057
vn -0.8725 -0.4886 -0.0053
vn -0.8037 -0.5949 -0.0083
vn -0.8725 -0.4886 -0.0052
vn 0.5059 0.8624 0.0170
vn 0.4788 0.8777 0.0175
vn -0.8632 -0.5049 -0.0057
vn -0.6089 -0.7931 -0.0145
vn -0.4606 -0.8874 -0.0180
vn 0.0882 0.1272 0.9880
vn 0.0821 0.9964 0.0234
vn 0.0353 0.9991 0.0239
vn 0.1764 0.9841 0.0224
vn 0.2247 0.9742 0.0218
vn 0.2248 0.9742 0.0218
vn 0.3367 0.9414 0.0201
vn 0.4027 0.9151 0.0190
vn 0.3367 0.9414 0.0202
vn -0.4657 -0.8847 -0.0178
vn -0.4195 -0.9076 -0.0179
vn -0.3966 -0.9178 -0.0192
vn -0.2705 -0.9625 -0.0212
vn 0.4028 0.9151 0.0190
vn 0.3369 0.9413 0.0203
vn 0.3253 0.9454 0.0204
vn 0.1503 0.9884 0.0228
vn 0.3253 0.9454 0.0203
vn 0.1502 0.9884 0.0227
vn 0.3252 0.9454 0.0203
vn 0.0794 0.9966 0.0235
vn 0.1903 0.9815 0.0222
vn -0.2736 -0.9616 -0.0212
vn -0.1580 -0.9872 -0.0226
vn -0.4193 -0.9076 -0.0187
vn -0.4656 -0.8848 -0.0178
vn -0.0291 -0.9993 -0.0239
vn -0.1578 -0.9872 -0.0226
vn -0.2734 -0.9617 -0.0212
vn 0.1904 0.9814 0.0223
vn 0.0796 0.9966 0.0235
vn 0.3001 0.9537 0.0208
vn 0.3156 0.9487 0.0205
vn -0.4935 -0.8696 -0.0172
vn -0.4336 -0.9009 -0.0184
vn -0.5537 -0.8325 -0.0159
vn 0.3002 0.9536 0.0208
vn 0.3316 0.9432 0.0202
vn 0.3323 0.9429 0.0203
vn 0.3317 0.9432 0.0202
vn -0.3641 -0.9312 -0.0198
vn -0.3527 -0.9355 -0.0199
vn -0.4335 -0.9010 -0.0184
vn -0.4932 -0.8697 -0.0173
vn 0.3325 0.9429 0.0203
vn 0.3222 0.9465 0.0204
vn 0.3115 0.9500 0.0206
vn -0.3338 -0.9424 -0.0203
vn -0.3261 -0.9451 -0.0204
vn -0.3526 -0.9355 -0.0199
vn -0.3640 -0.9312 -0.0197
vn 0.3114 0.9501 0.0206
vn 0.2919 0.9562 0.0209
vn 0.2833 0.9588 0.0210
vn -0.3023 -0.9530 -0.0207
vn -0.2858 -0.9581 -0.0210
vn -0.3260 -0.9451 -0.0204
vn -0.3337 -0.9425 -0.0203
vn -0.3022 -0.9530 -0.0207
vn -0.2704 -0.9625 -0.0212
vn -0.3965 -0.9179 -0.0191
vn -0.1754 -0.9842 -0.0225
vn -0.2094 -0.9776 -0.0220
vn -0.2095 -0.9776 -0.0220
vn -0.1755 -0.9842 -0.0225
vn -0.3080 -0.9512 -0.0206
vn -0.3726 -0.9278 -0.0196
vn -0.7206 -0.6932 -0.0113
vn -0.5645 -0.8253 -0.0157
vn -0.4085 -0.9126 -0.0190
vn -0.5645 -0.8253 -0.0156
vn 0.2832 0.9588 0.0210
vn 0.2918 0.9562 0.0209
vn 0.2745 0.9614 0.0211
vn -0.4084 -0.9126 -0.0190
vn -0.5643 -0.8254 -0.0156
vn -0.3021 -0.9530 -0.0207
vn -0.3727 -0.9277 -0.0196
vn -0.3082 -0.9511 -0.0216
vn -0.4881 -0.8726 -0.0174
vn -0.5435 -0.8393 -0.0153
vn -0.5436 -0.8392 -0.0162
vn -0.4884 -0.8725 -0.0174
vn -0.7011 -0.7130 -0.0119
vn -0.8160 -0.5780 -0.0078
vn -0.2821 -0.9591 -0.0210
vn -0.2938 -0.9556 -0.0209
vn -0.3052 -0.9521 -0.0207
vn -0.8162 -0.5777 -0.0077
vn -0.7011 -0.7129 -0.0119
vn -0.9267 -0.3758 -0.0021
vn -0.8162 -0.5777 -0.0078
vn 0.8506 -0.5254 -0.0191
vn 0.4586 0.8885 0.0180
vn -0.3053 -0.9520 -0.0207
vn -0.3167 -0.9483 -0.0205
vn -0.0149 0.9996 0.0242
vn 0.0351 0.9991 0.0239
vn 0.0819 0.9964 0.0234
vn -0.2344 -0.9719 -0.0217
vn -0.2188 -0.9755 -0.0219
vn -0.2496 -0.9681 -0.0215
vn -0.1873 -0.9820 -0.0223
vn -0.2187 -0.9755 -0.0219
vn -0.2343 -0.9719 -0.0217
vn 0.4619 0.5369 0.7060
vn 0.3954 0.5770 0.7147
vn 0.1692 0.3107 0.9354
vn 0.0888 0.3993 0.9125
vn 0.2441 0.2630 -0.9334
vn 0.3188 0.4679 -0.8243
vn -0.0034 0.4686 -0.8834
vn -0.1356 0.1457 -0.9800
vn 0.2886 0.6326 0.7187
vn 0.2887 0.6327 0.7186
vn 0.1648 0.2956 0.9410
vn 0.2827 0.7242 0.6290
vn 0.1650 0.2950 0.9412
vn -0.0244 -0.2608 0.9651
vn -0.0456 -0.2555 0.9657
vn 0.1970 0.5554 0.8079
vn 0.1335 0.5206 0.8433
vn 0.0217 0.3974 0.9174
vn -0.0271 0.2935 0.9556
vn 0.1866 0.5650 0.8037
vn 0.0955 0.0826 0.9920
vn 0.0214 -0.2783 0.9603
vn 0.1369 0.2871 0.9481
vn -0.0970 -0.4454 0.8900
vn -0.0841 0.5425 -0.8359
vn -0.0015 0.2275 -0.9738
vn -0.1822 -0.4716 -0.8628
vn -0.1905 -0.4558 -0.8694
vn 0.2045 0.6709 -0.7128
vn 0.1956 0.6665 -0.7194
vn 0.0961 0.4012 -0.9110
vn 0.0516 0.4181 -0.9069
vn -0.1466 -0.0415 -0.9883
vn -0.2033 0.0511 -0.9778
vn 0.0521 0.4179 -0.9070
vn 0.0516 0.4180 -0.9070
vn -0.0870 -0.2569 -0.9625
vn 0.0525 0.2772 -0.9594
vn -0.1532 -0.3434 -0.9266
vn 0.0525 0.2767 -0.9595
vn -0.1763 -0.4547 -0.8731
vn -0.2808 -0.9595 -0.0211
vn -0.3701 -0.9288 -0.0196
vn 0.0795 0.9966 0.0235
vn -0.5538 -0.8325 -0.0159
vn 0.3315 0.9432 0.0202
vn -0.3965 -0.9179 -0.0192
vn -0.4085 -0.9125 -0.0190
vt 0.283870 0.604670
vt 0.405000 0.813970
vt 0.223320 0.657000
vt 0.268750 0.719790
vt 0.177920 0.719800
vt 0.041680 0.813990
vt 0.162770 0.604670
vt 0.223320 0.592440
vt 0.223250 0.029060
vt 0.223360 0.970970
vt 0.223330 0.724400
vt 0.902220 0.027400
vt 0.830660 0.088400
vt 0.830660 0.059020
vt 0.901330 0.029650
vt 0.901330 0.019860
vt 0.848330 0.019860
vt 0.901330 0.147150
vt 0.972000 0.147150
vt 0.972000 0.029650
vt 0.830660 0.147150
vt 0.901330 0.215690
vt 0.972000 0.215690
vt 0.830660 0.215690
vt 0.901330 0.294020
vt 0.901330 0.391940
vt 0.972000 0.391940
vt 0.972000 0.294020
vt 0.830660 0.391940
vt 0.830660 0.294020
vt 0.685280 0.027960
vt 0.685280 0.407120
vt 0.558480 0.027960
vt 0.558480 0.407120
vt 0.076720 0.976690
vt 0.128110 0.976690
vt 0.128110 0.996480
vt 0.076720 0.996480
vt 0.261940 0.976690
vt 0.314120 0.976690
vt 0.314120 0.996480
vt 0.261940 0.996480
vt 0.621880 0.027960
vt 0.621880 0.407120
vt 0.659280 0.404840
vt 0.681030 0.399120
vt 0.561810 0.399120
vt 0.583550 0.404840
vt 0.659280 0.393410
vt 0.583550 0.393410
vt 0.376370 0.976690
vt 0.376370 0.996480
vt 0.011620 0.976690
vt 0.011620 0.996480
vt 0.194670 0.976690
vt 0.194670 0.996480
vt 0.011090 0.981180
vt 0.005670 0.977750
vt 0.373650 0.977750
vt 0.379770 0.981180
vt 0.005910 0.996380
vt 0.009440 0.998660
vt 0.375060 0.998640
vt 0.371060 0.996380
vt 0.011090 0.990530
vt 0.378590 0.990530
vt 0.004970 0.986490
vt 0.371290 0.986490
vt 0.785670 0.909650
vt 0.761990 0.869920
vt 0.617070 0.909650
vt 0.701780 0.847880
vt 0.616160 0.840080
vt 0.539610 0.847430
vt 0.462950 0.869990
vt 0.437830 0.910650
vt 0.759290 0.951860
vt 0.699050 0.970760
vt 0.616160 0.978850
vt 0.536030 0.970310
vt 0.460540 0.951050
vt 0.430970 0.971360
vt 0.431370 0.971360
vt 0.431360 0.971360
vt 0.431690 0.971360
vt 0.431860 0.971360
vt 0.431830 0.971360
vt 0.431610 0.971360
vt 0.431600 0.971360
vt 0.431250 0.971360
vt 0.431240 0.971360
vt 0.430850 0.971360
vt 0.430840 0.971360
vt 0.430520 0.971360
vt 0.430350 0.971360
vt 0.430390 0.971360
vt 0.430380 0.971360
vt 0.430620 0.971360
vt 0.430610 0.971360
vt 0.485330 0.306890
vt 0.482820 0.453080
vt 0.675020 0.454150
vt 0.675020 0.304420
vt 0.479010 0.599820
vt 0.675020 0.603870
vt 0.298710 0.341250
vt 0.290620 0.452000
vt 0.276490 0.564730
vt 0.086310 0.416400
vt 0.110400 0.326640
vt 0.069290 0.507390
vt 0.373510 0.040850
vt 0.202450 0.040850
vt 0.202450 0.297910
vt 0.373510 0.297910
vt 0.021760 0.040850
vt 0.021760 0.297910
vt 0.202450 0.554020
vt 0.373510 0.554020
vt 0.021760 0.554020
vt 0.202450 0.834070
vt 0.373510 0.834070
vt 0.021760 0.834070
vt 0.373510 0.989140
vt 0.202450 0.989140
vt 0.373510 0.988750
vt 0.021760 0.989140
vt 0.202450 0.988750
vt 0.530780 0.492820
vt 0.531000 0.507640
vt 0.527600 0.497070
vt 0.671760 0.497000
vt 0.653040 0.507620
vt 0.652880 0.492740
vt 0.611290 0.522720
vt 0.514530 0.510310
vt 0.610850 0.486680
vt 0.514300 0.502320
vt 0.586420 0.485850
vt 0.586930 0.524840
vt 0.512210 0.504270
vt 0.562590 0.486730
vt 0.563080 0.522700
vt 0.513570 0.494070
vt 0.543040 0.489180
vt 0.543440 0.516650
vt 0.513410 0.501540
vt 0.632380 0.516660
vt 0.632060 0.489110
vt 0.468770 0.949500
vt 0.468770 0.962570
vt 0.790430 0.886180
vt 0.764400 0.945720
vt 0.873470 0.960790
vt 0.865800 0.879240
vt 0.839240 0.839840
vt 0.887550 0.795820
vt 0.663000 0.838970
vt 0.694390 0.838440
vt 0.529000 0.774770
vt 0.741740 0.813060
vt 0.569090 0.772130
vt 0.717320 0.887330
vt 0.793370 0.811710
vt 0.857500 0.798750
vt 0.580560 0.198580
vt 0.588760 0.168120
vt 0.604060 0.207400
vt 0.557650 0.197480
vt 0.563150 0.159340
vt 0.540970 0.171930
vt 0.533050 0.208320
vt 0.526630 0.203380
vt 0.521360 0.175840
vt 0.505700 0.166570
vt 0.492470 0.202880
vt 0.489680 0.177680
vt 0.447980 0.207090
vt 0.444240 0.186900
vt 0.337860 0.218060
vt 0.336080 0.199820
vt 0.189690 0.221400
vt 0.192290 0.209180
vt 0.610990 0.170620
vt 0.632460 0.163000
vt 0.651850 0.203920
vt 0.025770 0.728820
vt 0.041230 0.714200
vt 0.042600 0.716840
vt 0.651030 0.147300
vt 0.669020 0.187530
vt 0.055790 0.706250
vt 0.057590 0.709370
vt 0.078570 0.706040
vt 0.682990 0.127630
vt 0.694850 0.170020
vt 0.657370 0.127110
vt 0.076400 0.699090
vt 0.099830 0.710790
vt 0.083060 0.692660
vt 0.701680 0.158670
vt 0.732700 0.160290
vt 0.103710 0.699370
vt 0.759430 0.140670
vt 0.223070 0.706950
vt 0.136800 0.713120
vt 0.223890 0.698470
vt 0.133730 0.703770
vt 0.106880 0.722270
vt 0.108740 0.706080
vt 0.125570 0.705240
vt 0.125310 0.690960
vt 0.117550 0.702450
vt 0.765080 0.160310
vt 0.742130 0.167700
vt 0.752960 0.159410
vt 0.076050 0.668330
vt 0.783520 0.167040
vt 0.745560 0.190760
vt 0.635910 0.229840
vt 0.092010 0.693210
vt 0.047660 0.663780
vt 0.074250 0.644150
vt 0.102900 0.666760
vt 0.772710 0.478020
vt 0.767220 0.482460
vt 0.759520 0.469640
vt 0.760020 0.477900
vt 0.125770 0.670990
vt 0.124890 0.703290
vt 0.741000 0.475540
vt 0.738300 0.468550
vt 0.748680 0.468190
vt 0.732820 0.479600
vt 0.728280 0.472660
vt 0.716320 0.476310
vt 0.715160 0.471050
vt 0.694850 0.478370
vt 0.694580 0.472940
vt 0.147440 0.670450
vt 0.156220 0.707560
vt 0.187120 0.692810
vt 0.167890 0.659960
vt 0.195540 0.664700
vt 0.196320 0.699130
vt 0.241720 0.700220
vt 0.238350 0.660490
vt 0.302580 0.695390
vt 0.299200 0.655500
vt 0.665360 0.475240
vt 0.665750 0.480760
vt 0.576680 0.486360
vt 0.585330 0.480710
vt 0.465950 0.644070
vt 0.448570 0.681180
vt 0.494820 0.478740
vt 0.458060 0.489550
vt 0.399660 0.478450
vt 0.398080 0.488640
vt 0.342720 0.486630
vt 0.129710 0.553850
vt 0.023420 0.538310
vt 0.981260 0.555490
vt 0.645600 0.534060
vt 0.165050 0.527530
vt 0.560320 0.523130
vt 0.343870 0.476690
vt 0.321400 0.473460
vt 0.317800 0.484110
vt 0.307080 0.468200
vt 0.303040 0.480430
vt 0.287250 0.472180
vt 0.277520 0.455830
vt 0.303230 0.461310
vt 0.751490 0.474920
vt 0.366170 0.478060
vt 0.691100 0.570490
vt 0.354740 0.568780
vt 0.802310 0.590730
vt 0.655560 0.652670
vt 0.854690 0.657000
vt 0.645800 0.676670
vt 0.850510 0.684120
vt 0.916160 0.670190
vt 0.542870 0.477410
vt 0.548850 0.482020
vt 0.536140 0.482490
vt 0.555200 0.654380
vt 0.568630 0.641220
vt 0.584900 0.653550
vt 0.528640 0.477920
vt 0.519180 0.483040
vt 0.620720 0.653020
vt 0.604050 0.640400
vt 0.501850 0.483030
vt 0.640300 0.641080
vt 0.511490 0.478370
vt 0.957780 0.693690
vt 0.945150 0.682260
vt 0.785380 0.560420
vt 0.527360 0.488470
vt 0.540110 0.679140
vt 0.542090 0.641980
vt 0.031350 0.215360
vt 0.041750 0.201550
vt 0.605360 0.320990
vt 0.604490 0.319060
vt 0.604910 0.319060
vt 0.605320 0.320970
vt 0.605460 0.320970
vt 0.605460 0.319540
vt 0.603650 0.320970
vt 0.603650 0.322880
vt 0.605320 0.322880
vt 0.603650 0.319060
vt 0.602670 0.320970
vt 0.602670 0.322880
vt 0.602670 0.319060
vt 0.601550 0.320970
vt 0.600150 0.320970
vt 0.600150 0.322880
vt 0.601550 0.322880
vt 0.600150 0.319060
vt 0.601550 0.319060
vt 0.963580 0.288570
vt 0.903490 0.251880
vt 0.932430 0.251880
vt 0.961360 0.288120
vt 0.971000 0.288120
vt 0.971000 0.260940
vt 0.845630 0.288120
vt 0.845630 0.324360
vt 0.961360 0.324360
vt 0.845630 0.251880
vt 0.778110 0.288120
vt 0.778110 0.324360
vt 0.778110 0.251880
vt 0.700950 0.288120
vt 0.604490 0.288120
vt 0.604490 0.324360
vt 0.700950 0.324360
vt 0.604490 0.251880
vt 0.700950 0.251880
vt 0.831370 0.619240
vt 0.843920 0.623660
vt 0.831730 0.665090
vt 0.854120 0.636280
vt 0.859960 0.654690
vt 0.860230 0.675310
vt 0.854810 0.694030
vt 0.844760 0.707040
vt 0.832090 0.711700
vt 0.819380 0.707060
vt 0.809180 0.694100
vt 0.803520 0.675490
vt 0.803460 0.654960
vt 0.808960 0.636560
vt 0.818910 0.623840
vt 0.843650 0.624940
vt 0.831280 0.620580
vt 0.831630 0.665800
vt 0.853710 0.637390
vt 0.859470 0.655550
vt 0.859720 0.675880
vt 0.854380 0.694330
vt 0.844480 0.707160
vt 0.831990 0.711750
vt 0.819460 0.707180
vt 0.809400 0.694400
vt 0.803820 0.676050
vt 0.803760 0.655810
vt 0.809180 0.637660
vt 0.818990 0.625120
vt 0.882230 0.720170
vt 0.882000 0.717970
vt 0.897630 0.717970
vt 0.897890 0.720170
vt 0.882010 0.729940
vt 0.882160 0.731400
vt 0.897690 0.731390
vt 0.897520 0.729940
vt 0.882230 0.726180
vt 0.897840 0.726180
vt 0.881970 0.723580
vt 0.897530 0.723580
vt 0.042740 0.272600
vt 0.535820 0.271810
vt 0.042740 0.169160
vt 0.535820 0.168370
vt 0.904420 0.580950
vt 0.880150 0.580950
vt 0.880150 0.567210
vt 0.904420 0.567210
vt 0.831060 0.580950
vt 0.855340 0.580950
vt 0.855340 0.567210
vt 0.831060 0.567210
vt 0.042740 0.218630
vt 0.535820 0.217840
vt 0.536420 0.140760
vt 0.536420 0.086780
vt 0.043340 0.087570
vt 0.043340 0.141550
vt 0.536420 0.037310
vt 0.043340 0.038100
vt 0.877790 0.580950
vt 0.877790 0.567210
vt 0.904260 0.580950
vt 0.904260 0.567210
vt 0.853670 0.580950
vt 0.853670 0.567210
vt 0.831220 0.580950
vt 0.831220 0.567210
vt 0.557810 0.202850
vt 0.557810 0.237330
vt 0.553100 0.272600
vt 0.553100 0.169160
vt 0.553100 0.218630
vt 0.553700 0.141550
vt 0.553700 0.087570
vt 0.553700 0.038100
vt 0.553100 0.203640
vt 0.553100 0.238120
s 1
usemtl 材质.001
f 1226/380/1792 1221/381/1792 1219/382/1793
f 1221/381/1794 1230/383/1795 1219/382/1796
f 1231/384/1797 1223/385/1798 1219/382/1796
f 1223/385/1799 1227/386/1799 1219/382/1800
f 1224/382/1801 1221/381/1802 1226/380/1802
f 1224/382/1803 1230/383/1804 1221/381/1805
f 1224/382/1803 1223/385/1806 1231/384/1807
f 1224/382/1808 1227/386/1809 1223/385/1809
f 1225/387/1810 1220/388/1811 1226/380/1812
f 1227/386/1813 1220/388/1814 1225/387/1815
f 1226/380/1816 1220/388/1817 1228/387/1818
f 1228/387/1819 1220/388/1820 1227/386/1821
f 1219/382/1822 1225/387/1810 1226/380/1812
f 1226/380/1816 1228/387/1818 1224/382/1823
f 1227/386/1813 1225/387/1815 1219/382/1824
f 1224/382/1825 1228/387/1819 1227/386/1821
f 1230/383/1795 1222/389/1826 1229/390/1827
f 1229/390/1828 1222/389/1829 1231/384/1797
f 1232/390/1830 1222/389/1831 1230/383/1804
f 1231/384/1807 1222/389/1832 1232/390/1833
f 1230/383/1795 1229/390/1827 1219/382/1796
f 1224/382/1803 1232/390/1830 1230/383/1804
f 1219/382/1796 1229/390/1828 1231/384/1797
f 1231/384/1807 1232/390/1833 1224/382/1803
s 0
f 2520/391/1834 2517/392/1835 2522/393/1836
f 2517/392/1837 2519/394/1838 2522/393/1839
f 2516/395/1840 2518/395/1841 2521/396/1842
f 2516/395/1843 2521/396/1844 2522/393/1839
f 2519/394/1838 2516/395/1843 2522/393/1839
f 2518/395/1845 2520/391/1834 2522/393/1836
f 2521/396/1846 2518/395/1845 2522/393/1836
f 2519/394/1847 2526/397/1848 2523/398/1849
f 2516/399/1843 2519/394/1838 2523/398/1850
f 2520/391/1834 2518/399/1851 2525/398/1852
f 2527/397/1853 2520/391/1834 2525/398/1854
f 2518/399/1855 2516/399/1856 2523/398/1857
f 2525/398/1858 2518/399/1859 2523/398/1857
f 2520/391/1834 2527/397/1853 2524/400/1860
f 2517/392/1861 2520/391/1834 2524/400/1862
f 2519/394/1838 2517/392/1863 2524/400/1864
f 2526/397/1865 2519/394/1838 2524/400/1866
f 2523/398/1867 2526/397/1865 2531/401/1868
f 2528/402/1867 2523/398/1867 2531/401/1868
f 2527/397/1853 2525/398/1869 2530/402/1870
f 2532/401/1871 2527/397/1853 2530/402/1872
f 2525/398/1873 2523/398/1874 2528/402/1875
f 2530/402/1876 2525/398/1873 2528/402/1875
f 2524/400/1877 2527/397/1853 2532/401/1878
f 2529/403/1879 2524/400/1862 2532/401/1878
f 2526/397/1865 2524/400/1864 2529/403/1880
f 2531/401/1868 2526/397/1865 2529/403/1880
f 2536/404/1881 2514/405/1882 2511/406/1883
f 2533/407/1883 2536/404/1881 2511/406/1883
f 2528/402/1884 2531/401/1868 2536/404/1881
f 2533/407/1885 2528/402/1886 2536/404/1881
f 2535/407/1887 2513/406/1887 2515/405/1888
f 2537/404/1889 2535/407/1890 2515/405/1888
f 2532/401/1871 2530/402/1891 2535/407/1892
f 2537/404/1889 2532/401/1871 2535/407/1893
f 2533/407/1894 2511/406/1895 2513/406/1895
f 2535/407/1894 2533/407/1896 2513/406/1895
f 2530/402/1876 2528/402/1875 2533/407/1897
f 2535/407/1897 2530/402/1898 2533/407/1897
f 2537/404/1889 2515/405/1899 2512/408/1900
f 2534/409/1901 2537/404/1889 2512/408/1900
f 2529/403/1879 2532/401/1878 2537/404/1889
f 2534/409/1902 2529/403/1879 2537/404/1889
f 2534/409/1903 2512/408/1904 2514/405/1882
f 2536/404/1881 2534/409/1903 2514/405/1882
f 2531/401/1905 2529/403/1880 2534/409/1906
f 2536/404/1881 2531/401/1905 2534/409/1906
f 2538/410/1907 2540/411/1908 2542/411/1908
f 2544/410/1907 2538/410/1907 2542/411/1908
f 2545/412/1909 2543/413/1910 2541/413/1910
f 2539/412/1909 2545/412/1909 2541/413/1910
f 2538/414/1907 2544/415/1907 2548/416/1911
f 2546/417/1911 2538/414/1907 2548/416/1911
f 2545/418/1912 2539/419/1912 2547/420/1913
f 2549/421/1913 2545/418/1914 2547/420/1913
f 2551/422/1915 2550/423/1916 2540/411/1917
f 2538/410/1918 2551/422/1919 2540/411/1917
f 2551/422/1920 2539/412/1921 2541/413/1922
f 2550/423/1923 2551/422/1924 2541/413/1922
f 2540/424/1925 2550/425/1925 2552/426/1925
f 2542/427/1925 2540/424/1925 2552/426/1925
f 2550/425/1925 2541/428/1925 2543/429/1925
f 2552/426/1925 2550/425/1925 2543/429/1925
f 2542/411/1926 2552/423/1927 2553/422/1928
f 2544/410/1929 2542/411/1926 2553/422/1930
f 2552/423/1931 2543/413/1932 2545/412/1933
f 2553/422/1934 2552/423/1931 2545/412/1935
f 2539/419/1936 2551/430/1924 2554/431/1937
f 2547/420/1936 2539/419/1936 2554/431/1937
f 2551/432/1919 2538/414/1918 2546/417/1938
f 2554/433/1939 2551/432/1915 2546/417/1938
f 2544/415/1940 2553/434/1928 2555/435/1941
f 2548/416/1942 2544/415/1940 2555/435/1941
f 2553/434/1934 2545/418/1943 2549/421/1944
f 2555/435/1945 2553/434/1946 2549/421/1944
f 2556/436/1947 2558/437/1947 2562/438/1947
f 2560/439/1947 2556/436/1947 2562/438/1947
f 2559/440/1948 2557/441/1948 2561/442/1948
f 2563/443/1948 2559/440/1948 2561/442/1948
f 2557/441/1949 2564/444/1950 2566/445/1951
f 2561/442/1949 2557/441/1949 2566/445/1951
f 2564/444/1952 2556/436/1953 2560/439/1953
f 2566/445/1951 2564/444/1952 2560/439/1953
f 2558/437/1954 2565/446/1955 2567/447/1956
f 2562/438/1954 2558/437/1954 2567/447/1956
f 2565/446/1955 2559/440/1957 2563/443/1957
f 2567/447/1958 2565/446/1955 2563/443/1957
f 2563/443/1959 2561/442/1959 2566/445/1959
f 2560/439/1959 2563/443/1959 2566/445/1959
f 2567/447/1959 2563/443/1959 2560/439/1959
f 2562/438/1960 2567/447/1960 2560/439/1960
f 2569/448/1925 2570/449/1925 2568/450/1925
f 2570/449/1925 2571/451/1925 2568/450/1925
f 2571/451/1925 2572/452/1925 2568/450/1925
f 2572/452/1925 2573/453/1925 2568/450/1925
f 2573/453/1925 2574/454/1925 2568/450/1925
f 2574/454/1925 2575/455/1925 2568/450/1925
f 2575/448/1925 2576/449/1925 2568/450/1925
f 2576/449/1925 2577/451/1925 2568/450/1925
f 2577/451/1925 2578/452/1925 2568/450/1925
f 2578/452/1925 2579/453/1925 2568/450/1925
f 2579/453/1925 2580/454/1925 2568/450/1925
f 2580/454/1925 2569/455/1925 2568/450/1925
f 2582/449/1959 2581/448/1959 2593/450/1959
f 2583/451/1959 2582/449/1959 2593/450/1959
f 2584/452/1959 2583/451/1959 2593/450/1959
f 2585/453/1959 2584/452/1959 2593/450/1959
f 2586/454/1959 2585/453/1959 2593/450/1959
f 2587/455/1959 2586/454/1959 2593/450/1959
f 2588/456/1959 2587/448/1959 2593/450/1959
f 2589/457/1959 2588/456/1959 2593/450/1959
f 2590/458/1959 2589/457/1959 2593/450/1959
f 2591/459/1959 2590/458/1959 2593/450/1959
f 2592/460/1959 2591/459/1959 2593/450/1959
f 2581/455/1959 2592/460/1959 2593/450/1959
f 2581/461/1961 2582/462/1962 2570/463/1963
f 2569/461/1964 2581/461/1961 2570/463/1963
f 2582/462/1965 2583/464/1966 2571/464/1967
f 2570/463/1968 2582/462/1965 2571/464/1967
f 2583/464/1969 2584/465/1970 2572/465/1971
f 2571/464/1972 2583/464/1969 2572/465/1973
f 2584/465/1974 2585/466/1975 2573/466/1976
f 2572/465/1977 2584/465/1978 2573/466/1976
f 2585/466/1979 2586/467/1980 2574/468/1981
f 2573/466/1982 2585/466/1983 2574/468/1984
f 2586/467/1985 2587/469/1986 2575/470/1987
f 2574/468/1988 2586/467/1989 2575/470/1987
f 2587/469/1990 2588/471/1991 2576/472/1992
f 2575/470/1993 2587/469/1990 2576/472/1994
f 2588/471/1995 2589/473/1996 2577/473/1997
f 2576/472/1998 2588/471/1999 2577/473/2000
f 2589/473/2001 2590/474/2002 2578/474/2003
f 2577/473/2004 2589/473/2001 2578/474/2003
f 2590/474/2005 2591/475/2006 2579/476/2007
f 2578/474/2008 2590/474/2005 2579/476/2007
f 2591/475/2009 2592/477/2010 2580/478/2011
f 2579/476/2012 2591/475/2013 2580/478/2011
f 2592/477/2014 2581/461/2015 2569/461/2016
f 2580/478/2017 2592/477/2014 2569/461/2016
f 2603/391/2018 2600/392/2019 2605/393/2020
f 2600/392/2021 2602/394/2022 2605/393/2023
f 2599/395/2024 2601/395/2025 2604/396/2026
f 2599/395/2027 2604/396/2028 2605/393/2023
f 2602/394/2022 2599/395/2027 2605/393/2023
f 2601/395/2029 2603/391/2030 2605/393/2020
f 2604/396/2031 2601/395/2029 2605/393/2020
f 2602/394/2022 2609/397/2032 2606/398/2033
f 2599/399/2027 2602/394/2022 2606/398/2034
f 2603/391/2018 2601/399/2029 2608/398/2035
f 2610/397/2036 2603/391/2018 2608/398/2037
f 2601/399/2038 2599/399/2039 2606/398/2040
f 2608/398/2041 2601/399/2042 2606/398/2043
f 2603/391/2018 2610/397/2036 2607/400/2044
f 2600/392/2045 2603/391/2018 2607/400/2046
f 2602/394/2022 2600/392/2021 2607/400/2047
f 2609/397/2048 2602/394/2022 2607/400/2049
f 2606/398/2050 2609/397/2048 2614/401/2051
f 2611/402/2052 2606/398/2052 2614/401/2051
f 2610/397/2036 2608/398/2035 2613/402/2053
f 2615/401/2054 2610/397/2036 2613/402/2055
f 2608/398/2056 2606/398/2043 2611/402/2057
f 2613/402/2058 2608/398/2059 2611/402/2057
f 2607/400/2044 2610/397/2036 2615/401/2060
f 2612/403/2061 2607/400/2062 2615/401/2060
f 2609/397/2048 2607/400/2047 2612/403/2063
f 2614/401/2051 2609/397/2048 2612/403/2064
f 2619/404/2065 2597/405/2066 2594/406/2067
f 2616/407/2067 2619/404/2065 2594/406/2067
f 2611/402/2068 2614/401/2051 2619/404/2065
f 2616/407/2069 2611/402/2070 2619/404/2065
f 2618/407/2071 2596/406/2072 2598/405/2073
f 2620/404/2074 2618/407/2075 2598/405/2073
f 2615/401/2054 2613/402/2076 2618/407/2077
f 2620/404/2074 2615/401/2054 2618/407/2078
f 2616/407/2079 2594/406/2080 2596/406/2080
f 2618/407/2079 2616/407/2081 2596/406/2080
f 2613/402/2082 2611/402/2057 2616/407/2079
f 2618/407/2079 2613/402/2082 2616/407/2079
f 2620/404/2074 2598/405/2083 2595/408/2084
f 2617/409/2085 2620/404/2074 2595/408/2086
f 2612/403/2087 2615/401/2060 2620/404/2074
f 2617/409/2085 2612/403/2061 2620/404/2074
f 2617/409/2088 2595/408/2089 2597/405/2066
f 2619/404/2065 2617/409/2088 2597/405/2066
f 2614/401/2090 2612/403/2091 2617/409/2088
f 2619/404/2065 2614/401/2090 2617/409/2088
f 2621/410/2092 2623/411/2093 2625/411/2093
f 2627/410/2092 2621/410/2092 2625/411/2093
f 2628/412/2094 2626/413/2095 2624/413/2095
f 2622/412/2094 2628/412/2094 2624/413/2095
f 2621/414/2092 2627/415/2092 2631/416/1911
f 2629/417/1911 2621/414/2092 2631/416/1911
f 2628/418/2096 2622/419/2096 2630/420/1913
f 2632/421/1913 2628/418/2097 2630/420/1913
f 2634/422/2098 2633/423/2099 2623/411/2100
f 2621/410/2101 2634/422/2102 2623/411/2103
f 2634/422/2104 2622/412/2105 2624/413/2106
f 2633/423/2107 2634/422/2108 2624/413/2106
f 2623/424/2109 2633/425/2109 2635/426/2109
f 2625/427/2110 2623/424/2110 2635/426/2110
f 2633/425/2110 2624/428/2110 2626/429/2110
f 2635/426/2109 2633/425/2109 2626/429/2109
f 2625/411/2111 2635/423/2112 2636/422/2113
f 2627/410/2114 2625/411/2111 2636/422/2113
f 2635/423/2115 2626/413/2116 2628/412/2117
f 2636/422/2118 2635/423/2119 2628/412/2120
f 2622/419/2121 2634/430/2104 2637/431/2122
f 2630/420/2123 2622/419/2123 2637/431/2122
f 2634/432/2098 2621/414/2101 2629/417/2124
f 2637/433/2125 2634/432/2102 2629/417/2124
f 2627/415/2126 2636/434/2113 2638/435/2127
f 2631/416/2128 2627/415/2129 2638/435/2127
f 2636/434/2130 2628/418/2131 2632/421/2132
f 2638/435/2133 2636/434/2118 2632/421/2134
f 2639/436/2135 2641/437/2135 2645/438/2135
f 2643/439/2135 2639/436/2135 2645/438/2135
f 2642/440/2136 2640/441/2136 2644/442/2136
f 2646/443/2136 2642/440/2136 2644/442/2136
f 2640/441/2137 2647/444/2138 2649/445/2139
f 2644/442/2140 2640/441/2140 2649/445/2139
f 2647/444/2141 2639/436/2142 2643/439/2142
f 2649/445/2139 2647/444/2141 2643/439/2142
f 2641/437/2143 2648/446/2144 2650/447/2145
f 2645/438/2143 2641/437/2143 2650/447/2145
f 2648/446/2144 2642/440/2146 2646/443/2146
f 2650/447/2147 2648/446/2144 2646/443/2146
f 2646/443/2148 2644/442/2148 2649/445/2148
f 2643/439/2149 2646/443/2149 2649/445/2149
f 2650/447/2148 2646/443/2148 2643/439/2148
f 2645/438/2149 2650/447/2149 2643/439/2149
f 2652/448/2109 2653/449/2109 2651/450/2109
f 2653/449/2109 2654/451/2109 2651/450/2109
f 2654/451/2109 2655/452/2109 2651/450/2109
f 2655/452/2109 2656/453/2109 2651/450/2109
f 2656/453/2110 2657/454/2110 2651/450/2110
f 2657/454/2109 2658/455/2109 2651/450/2109
f 2658/448/2109 2659/449/2109 2651/450/2109
f 2659/449/2109 2660/451/2109 2651/450/2109
f 2660/451/2109 2661/452/2109 2651/450/2109
f 2661/452/2109 2662/453/2109 2651/450/2109
f 2662/453/2109 2663/454/2109 2651/450/2109
f 2663/454/2109 2652/455/2109 2651/450/2109
f 2665/449/2149 2664/448/2149 2676/450/2149
f 2666/451/2149 2665/449/2149 2676/450/2149
f 2667/452/2149 2666/451/2149 2676/450/2149
f 2668/453/2149 2667/452/2149 2676/450/2149
f 2669/454/2149 2668/453/2149 2676/450/2149
f 2670/455/2149 2669/454/2149 2676/450/2149
f 2671/456/2149 2670/448/2149 2676/450/2149
f 2672/457/2149 2671/456/2149 2676/450/2149
f 2673/458/2149 2672/457/2149 2676/450/2149
f 2674/459/2149 2673/458/2149 2676/450/2149
f 2675/460/2149 2674/459/2149 2676/450/2149
f 2664/455/2149 2675/460/2149 2676/450/2149
f 2664/461/2150 2665/462/2151 2653/463/2152
f 2652/461/2153 2664/461/2150 2653/463/2152
f 2665/462/2151 2666/464/2154 2654/464/2155
f 2653/463/2156 2665/462/2157 2654/464/2158
f 2666/464/2159 2667/465/2160 2655/465/2161
f 2654/464/2162 2666/464/2163 2655/465/2164
f 2667/465/2165 2668/466/2166 2656/466/2167
f 2655/465/2168 2667/465/2165 2656/466/2167
f 2668/466/2169 2669/467/2170 2657/468/2171
f 2656/466/2172 2668/466/2173 2657/468/2174
f 2669/467/2175 2670/469/2176 2658/470/2177
f 2657/468/2171 2669/467/2175 2658/470/2178
f 2670/469/2179 2671/471/2180 2659/472/2181
f 2658/470/2182 2670/469/2179 2659/472/2181
f 2671/471/2180 2672/473/2183 2660/473/2184
f 2659/472/2185 2671/471/2186 2660/473/2184
f 2672/473/2187 2673/474/2188 2661/474/2189
f 2660/473/2190 2672/473/2187 2661/474/2189
f 2673/474/2188 2674/475/2191 2662/476/2192
f 2661/474/2193 2673/474/2194 2662/476/2192
f 2674/475/2195 2675/477/2196 2663/478/2197
f 2662/476/2198 2674/475/2195 2663/478/2197
f 2675/477/2199 2664/461/2200 2652/461/2201
f 2663/478/2197 2675/477/2202 2652/461/2201
f 2686/391/2203 2683/392/2204 2688/393/2205
f 2683/392/2206 2685/394/2207 2688/393/2208
f 2682/395/2209 2684/395/2210 2687/396/2211
f 2682/395/2212 2687/396/2213 2688/393/2208
f 2685/394/2207 2682/395/2212 2688/393/2208
f 2684/395/2214 2686/391/2203 2688/393/2205
f 2687/396/2215 2684/395/2214 2688/393/2205
f 2685/394/2216 2692/397/2217 2689/398/2218
f 2682/399/2212 2685/394/2207 2689/398/2219
f 2686/391/2203 2684/399/2214 2691/398/2220
f 2693/397/2221 2686/391/2203 2691/398/2222
f 2684/399/2223 2682/399/2224 2689/398/2225
f 2691/398/2226 2684/399/2227 2689/398/2225
f 2686/391/2203 2693/397/2221 2690/400/2228
f 2683/392/2204 2686/391/2203 2690/400/2229
f 2685/394/2207 2683/392/2230 2690/400/2231
f 2692/397/2232 2685/394/2207 2690/400/2231
f 2689/398/2233 2692/397/2234 2697/401/2235
f 2694/402/2236 2689/398/2236 2697/401/2235
f 2693/397/2221 2691/398/2237 2696/402/2238
f 2698/401/2239 2693/397/2221 2696/402/2238
f 2691/398/2240 2689/398/2241 2694/402/2242
f 2696/402/2243 2691/398/2240 2694/402/2244
f 2690/400/2229 2693/397/2221 2698/401/2239
f 2695/403/2245 2690/400/2229 2698/401/2239
f 2692/397/2232 2690/400/2231 2695/403/2246
f 2697/401/2247 2692/397/2232 2695/403/2246
f 2702/404/2248 2680/405/2249 2677/406/2250
f 2699/407/2250 2702/404/2248 2677/406/2250
f 2694/402/2251 2697/401/2247 2702/404/2248
f 2699/407/2252 2694/402/2253 2702/404/2248
f 2701/407/2254 2679/406/2254 2681/405/2255
f 2703/404/2256 2701/407/2257 2681/405/2255
f 2698/401/2239 2696/402/2258 2701/407/2259
f 2703/404/2260 2698/401/2239 2701/407/2261
f 2699/407/2262 2677/406/2263 2679/406/2263
f 2701/407/2262 2699/407/2264 2679/406/2263
f 2696/402/2243 2694/402/2265 2699/407/2262
f 2701/407/2262 2696/402/2243 2699/407/2262
f 2703/404/2256 2681/405/2255 2678/408/2266
f 2700/409/2267 2703/404/2256 2678/408/2266
f 2695/403/2245 2698/401/2239 2703/404/2256
f 2700/409/2267 2695/403/2268 2703/404/2256
f 2700/409/2269 2678/408/2270 2680/405/2271
f 2702/404/2248 2700/409/2269 2680/405/2272
f 2697/401/2247 2695/403/2273 2700/409/2269
f 2702/404/2248 2697/401/2247 2700/409/2269
f 2704/410/2274 2706/411/2275 2708/411/2275
f 2710/410/2274 2704/410/2274 2708/411/2275
f 2711/412/2276 2709/413/2277 2707/413/2277
f 2705/412/2276 2711/412/2276 2707/413/2278
f 2704/414/2274 2710/415/2274 2714/416/2279
f 2712/417/2279 2704/414/2274 2714/416/2279
f 2711/418/2276 2705/419/2276 2713/420/2280
f 2715/421/2280 2711/418/2281 2713/420/2280
f 2717/422/2282 2716/423/2283 2706/411/2284
f 2704/410/2285 2717/422/2282 2706/411/2286
f 2717/422/2282 2705/412/2287 2707/413/2288
f 2716/423/2289 2717/422/2290 2707/413/2291
f 2706/424/2292 2716/425/2292 2718/426/2292
f 2708/427/2292 2706/424/2292 2718/426/2292
f 2716/425/2292 2707/428/2292 2709/429/2292
f 2718/426/2292 2716/425/2292 2709/429/2292
f 2708/411/2293 2718/423/2294 2719/422/2295
f 2710/410/2296 2708/411/2297 2719/422/2298
f 2718/423/2299 2709/413/2300 2711/412/2301
f 2719/422/2302 2718/423/2299 2711/412/2303
f 2705/419/2304 2717/430/2290 2720/431/2305
f 2713/420/2304 2705/419/2304 2720/431/2306
f 2717/432/2282 2704/414/2307 2712/417/2308
f 2720/433/2309 2717/432/2282 2712/417/2308
f 2710/415/2310 2719/434/2295 2721/435/2311
f 2714/416/2312 2710/415/2310 2721/435/2311
f 2719/434/2302 2711/418/2303 2715/421/2313
f 2721/435/2314 2719/434/2302 2715/421/2315
f 2722/436/2316 2724/437/2316 2728/438/2316
f 2726/439/2316 2722/436/2316 2728/438/2316
f 2725/440/2317 2723/441/2317 2727/442/2317
f 2729/443/2318 2725/440/2318 2727/442/2318
f 2723/441/2319 2730/444/2320 2732/445/2321
f 2727/442/2319 2723/441/2319 2732/445/2321
f 2730/444/2320 2722/436/2322 2726/439/2322
f 2732/445/2321 2730/444/2320 2726/439/2322
f 2724/437/2323 2731/446/2324 2733/447/2325
f 2728/438/2323 2724/437/2323 2733/447/2325
f 2731/446/2324 2725/440/2326 2729/443/2326
f 2733/447/2325 2731/446/2324 2729/443/2326
f 2729/443/2327 2727/442/2327 2732/445/2327
f 2726/439/2328 2729/443/2328 2732/445/2328
f 2733/447/2328 2729/443/2328 2726/439/2328
f 2728/438/2327 2733/447/2327 2726/439/2327
f 2735/448/2292 2736/449/2292 2734/450/2292
f 2736/449/2329 2737/451/2329 2734/450/2329
f 2737/451/2292 2738/452/2292 2734/450/2292
f 2738/452/2292 2739/453/2292 2734/450/2292
f 2739/453/2292 2740/454/2292 2734/450/2292
f 2740/454/2292 2741/455/2292 2734/450/2292
f 2741/448/2292 2742/449/2292 2734/450/2292
f 2742/449/2292 2743/451/2292 2734/450/2292
f 2743/451/2329 2744/452/2329 2734/450/2329
f 2744/452/2292 2745/453/2292 2734/450/2292
f 2745/453/2292 2746/454/2292 2734/450/2292
f 2746/454/2292 2735/455/2292 2734/450/2292
f 2748/449/2327 2747/448/2327 2759/450/2327
f 2749/451/2328 2748/449/2328 2759/450/2328
f 2750/452/2327 2749/451/2327 2759/450/2327
f 2751/453/2328 2750/452/2328 2759/450/2328
f 2752/454/2327 2751/453/2327 2759/450/2327
f 2753/455/2327 2752/454/2327 2759/450/2327
f 2754/456/2327 2753/448/2327 2759/450/2327
f 2755/457/2327 2754/456/2327 2759/450/2327
f 2756/458/2327 2755/457/2327 2759/450/2327
f 2757/459/2327 2756/458/2327 2759/450/2327
f 2758/460/2327 2757/459/2327 2759/450/2327
f 2747/455/2327 2758/460/2327 2759/450/2327
f 2747/461/2330 2748/462/2331 2736/463/2332
f 2735/461/2333 2747/461/2330 2736/463/2334
f 2748/462/2335 2749/464/2336 2737/464/2337
f 2736/463/2338 2748/462/2339 2737/464/2340
f 2749/464/2341 2750/465/2342 2738/465/2343
f 2737/464/2344 2749/464/2341 2738/465/2345
f 2750/465/2346 2751/466/2347 2739/466/2348
f 2738/465/2349 2750/465/2346 2739/466/2350
f 2751/466/2351 2752/467/2352 2740/468/2353
f 2739/466/2354 2751/466/2355 2740/468/2353
f 2752/467/2356 2753/469/2357 2741/470/2358
f 2740/468/2359 2752/467/2356 2741/470/2358
f 2753/469/2360 2754/471/2361 2742/472/2362
f 2741/470/2363 2753/469/2360 2742/472/2364
f 2754/471/2361 2755/473/2365 2743/473/2366
f 2742/472/2367 2754/471/2361 2743/473/2368
f 2755/473/2369 2756/474/2370 2744/474/2371
f 2743/473/2372 2755/473/2373 2744/474/2371
f 2756/474/2374 2757/475/2375 2745/476/2376
f 2744/474/2377 2756/474/2378 2745/476/2379
f 2757/475/2380 2758/477/2381 2746/478/2382
f 2745/476/2383 2757/475/2380 2746/478/2382
f 2758/477/2384 2747/461/2385 2735/461/2386
f 2746/478/2387 2758/477/2388 2735/461/2386
f 2769/391/2389 2766/392/2390 2771/393/2391
f 2766/392/2392 2768/394/2393 2771/393/2394
f 2765/395/2395 2767/395/2396 2770/396/2397
f 2765/395/2398 2770/396/2399 2771/393/2394
f 2768/394/2400 2765/395/2398 2771/393/2394
f 2767/395/2401 2769/391/2402 2771/393/2391
f 2770/396/2403 2767/395/2401 2771/393/2391
f 2768/394/2404 2775/397/2405 2772/398/2406
f 2765/399/2398 2768/394/2393 2772/398/2407
f 2769/391/2389 2767/399/2401 2774/398/2408
f 2776/397/2409 2769/391/2389 2774/398/2410
f 2767/399/2411 2765/399/2412 2772/398/2413
f 2774/398/2414 2767/399/2415 2772/398/2416
f 2769/391/2389 2776/397/2417 2773/400/2418
f 2766/392/2419 2769/391/2389 2773/400/2418
f 2768/394/2393 2766/392/2392 2773/400/2420
f 2775/397/2405 2768/394/2393 2773/400/2421
f 2772/398/2407 2775/397/2405 2780/401/2422
f 2777/402/2423 2772/398/2423 2780/401/2422
f 2776/397/2409 2774/398/2408 2779/402/2424
f 2781/401/2425 2776/397/2409 2779/402/2426
f 2774/398/2427 2772/398/2413 2777/402/2428
f 2779/402/2429 2774/398/2427 2777/402/2428
f 2773/400/2430 2776/397/2417 2781/401/2425
f 2778/403/2431 2773/400/2418 2781/401/2425
f 2775/397/2405 2773/400/2421 2778/403/2432
f 2780/401/2422 2775/397/2405 2778/403/2432
f 2785/404/2433 2763/405/2434 2760/406/2435
f 2782/407/2436 2785/404/2437 2760/406/2436
f 2777/402/2438 2780/401/2422 2785/404/2437
f 2782/407/2439 2777/402/2440 2785/404/2437
f 2784/407/2441 2762/406/2441 2764/405/2442
f 2786/404/2443 2784/407/2441 2764/405/2444
f 2781/401/2445 2779/402/2446 2784/407/2447
f 2786/404/2443 2781/401/2445 2784/407/2448
f 2782/407/2449 2760/406/2450 2762/406/2450
f 2784/407/2451 2782/407/2452 2762/406/2453
f 2779/402/2429 2777/402/2454 2782/407/2449
f 2784/407/2449 2779/402/2455 2782/407/2449
f 2786/404/2456 2764/405/2442 2761/408/2457
f 2783/409/2458 2786/404/2456 2761/408/2457
f 2778/403/2431 2781/401/2425 2786/404/2456
f 2783/409/2459 2778/403/2431 2786/404/2456
f 2783/409/2460 2761/408/2461 2763/405/2434
f 2785/404/2433 2783/409/2460 2763/405/2462
f 2780/401/2422 2778/403/2432 2783/409/2463
f 2785/404/2433 2780/401/2464 2783/409/2463
f 2787/410/2465 2789/411/2466 2791/411/2466
f 2793/410/2465 2787/410/2465 2791/411/2466
f 2794/412/2467 2792/413/2468 2790/413/2468
f 2788/412/2467 2794/412/2467 2790/413/2468
f 2787/414/2465 2793/415/2465 2797/416/2469
f 2795/417/2469 2787/414/2465 2797/416/2469
f 2794/418/2467 2788/419/2467 2796/420/2470
f 2798/421/2470 2794/418/2467 2796/420/2470
f 2800/422/2471 2799/423/2472 2789/411/2473
f 2787/410/2474 2800/422/2471 2789/411/2473
f 2800/422/2475 2788/412/2476 2790/413/2477
f 2799/423/2478 2800/422/2471 2790/413/2477
f 2789/424/2479 2799/425/2479 2801/426/2479
f 2791/427/2480 2789/424/2480 2801/426/2480
f 2799/425/2479 2790/428/2479 2792/429/2479
f 2801/426/2479 2799/425/2479 2792/429/2479
f 2791/411/2481 2801/423/2482 2802/422/2483
f 2793/410/2484 2791/411/2481 2802/422/2483
f 2801/423/2485 2792/413/2486 2794/412/2487
f 2802/422/2488 2801/423/2485 2794/412/2489
f 2788/419/2490 2800/430/2471 2803/431/2491
f 2796/420/2490 2788/419/2490 2803/431/2491
f 2800/432/2471 2787/414/2492 2795/417/2493
f 2803/433/2494 2800/432/2471 2795/417/2495
f 2793/415/2496 2802/434/2483 2804/435/2497
f 2797/416/2498 2793/415/2499 2804/435/2497
f 2802/434/2500 2794/418/2489 2798/421/2501
f 2804/435/2502 2802/434/2500 2798/421/2503
f 2805/436/2504 2807/437/2504 2811/438/2504
f 2809/439/2504 2805/436/2504 2811/438/2504
f 2808/440/2505 2806/441/2505 2810/442/2505
f 2812/443/2506 2808/440/2506 2810/442/2506
f 2806/441/2507 2813/444/2508 2815/445/2509
f 2810/442/2507 2806/441/2507 2815/445/2509
f 2813/444/2510 2805/436/2511 2809/439/2511
f 2815/445/2512 2813/444/2510 2809/439/2511
f 2807/437/2513 2814/446/2514 2816/447/2515
f 2811/438/2513 2807/437/2513 2816/447/2515
f 2814/446/2514 2808/440/2516 2812/443/2516
f 2816/447/2517 2814/446/2514 2812/443/2518
f 2812/443/2519 2810/442/2519 2815/445/2519
f 2809/439/2520 2812/443/2520 2815/445/2520
f 2816/447/2520 2812/443/2520 2809/439/2520
f 2811/438/2520 2816/447/2520 2809/439/2520
f 2818/448/2479 2819/449/2479 2817/450/2479
f 2819/449/2479 2820/451/2479 2817/450/2479
f 2820/451/2479 2821/452/2479 2817/450/2479
f 2821/452/2479 2822/453/2479 2817/450/2479
f 2822/453/2479 2823/454/2479 2817/450/2479
f 2823/454/2479 2824/455/2479 2817/450/2479
f 2824/448/2479 2825/449/2479 2817/450/2479
f 2825/449/2479 2826/451/2479 2817/450/2479
f 2826/451/2479 2827/452/2479 2817/450/2479
f 2827/452/2479 2828/453/2479 2817/450/2479
f 2828/453/2479 2829/454/2479 2817/450/2479
f 2829/454/2479 2818/455/2479 2817/450/2479
f 2831/449/2520 2830/448/2520 2842/450/2520
f 2832/451/2520 2831/449/2520 2842/450/2520
f 2833/452/2520 2832/451/2520 2842/450/2520
f 2834/453/2520 2833/452/2520 2842/450/2520
f 2835/454/2520 2834/453/2520 2842/450/2520
f 2836/455/2520 2835/454/2520 2842/450/2520
f 2837/456/2520 2836/448/2520 2842/450/2520
f 2838/457/2520 2837/456/2520 2842/450/2520
f 2839/458/2520 2838/457/2520 2842/450/2520
f 2840/459/2520 2839/458/2520 2842/450/2520
f 2841/460/2520 2840/459/2520 2842/450/2520
f 2830/455/2520 2841/460/2520 2842/450/2520
f 2830/461/2521 2831/462/2522 2819/463/2523
f 2818/461/2524 2830/461/2521 2819/463/2525
f 2831/462/2526 2832/464/2527 2820/464/2528
f 2819/463/2529 2831/462/2530 2820/464/2531
f 2832/464/2532 2833/465/2533 2821/465/2534
f 2820/464/2535 2832/464/2532 2821/465/2536
f 2833/465/2533 2834/466/2537 2822/466/2538
f 2821/465/2536 2833/465/2539 2822/466/2540
f 2834/466/2541 2835/467/2542 2823/468/2543
f 2822/466/2544 2834/466/2545 2823/468/2543
f 2835/467/2542 2836/469/2546 2824/470/2547
f 2823/468/2548 2835/467/2549 2824/470/2547
f 2836/469/2550 2837/471/2551 2825/472/2552
f 2824/470/2553 2836/469/2554 2825/472/2555
f 2837/471/2556 2838/473/2557 2826/473/2558
f 2825/472/2559 2837/471/2560 2826/473/2558
f 2838/473/2561 2839/474/2562 2827/474/2563
f 2826/473/2564 2838/473/2565 2827/474/2566
f 2839/474/2567 2840/475/2568 2828/476/2569
f 2827/474/2570 2839/474/2567 2828/476/2571
f 2840/475/2572 2841/477/2573 2829/478/2574
f 2828/476/2575 2840/475/2576 2829/478/2577
f 2841/477/2578 2830/461/2579 2818/461/2580
f 2829/478/2581 2841/477/2582 2818/461/2580
f 2847/479/2583 2848/480/2584 2844/481/2585
f 2843/482/2586 2847/479/2587 2844/481/2588
f 2849/483/2589 2845/484/2590 2844/481/2591
f 2848/480/2592 2849/483/2593 2844/481/2594
f 2849/483/2595 2850/480/2596 2846/481/2597
f 2845/484/2598 2849/483/2599 2846/481/2600
f 2847/479/2601 2843/482/2602 2846/481/2603
f 2850/480/2604 2847/479/2605 2846/481/2606
f 2851/485/2607 2852/486/2608 2848/480/2609
f 2847/479/2610 2851/485/2611 2848/480/2609
f 2853/487/2612 2849/483/2613 2848/480/2614
f 2852/486/2615 2853/487/2616 2848/480/2617
f 2853/487/2618 2854/486/2619 2850/480/2620
f 2849/483/2621 2853/487/2622 2850/480/2623
f 2851/485/2624 2847/479/2625 2850/480/2626
f 2854/486/2627 2851/485/2628 2850/480/2604
f 2851/485/2629 2854/486/2630 2857/488/2631
f 2856/489/2632 2851/485/2633 2857/488/2634
f 2855/490/2635 2857/488/2634 2854/486/2636
f 2853/487/2637 2855/490/2638 2854/486/2639
f 2857/488/2640 2852/486/2641 2851/485/2642
f 2856/489/2643 2857/488/2644 2851/485/2645
f 2852/486/2646 2857/488/2647 2855/490/2648
f 2853/487/2649 2852/486/2615 2855/490/2650
f 2859/481/2651 2863/480/2652 2862/479/2653
f 2858/482/2654 2859/481/2655 2862/479/2656
f 2864/483/2657 2863/480/2658 2859/481/2594
f 2860/484/2659 2864/483/2660 2859/481/2661
f 2861/481/2662 2865/480/2663 2864/483/2664
f 2860/484/2665 2861/481/2600 2864/483/2666
f 2862/479/2667 2865/480/2668 2861/481/2669
f 2858/482/2670 2862/479/2671 2861/481/2672
f 2863/480/2673 2867/486/2674 2866/485/2675
f 2862/479/2676 2863/480/2677 2866/485/2675
f 2868/487/2678 2867/486/2679 2863/480/2680
f 2864/483/2681 2868/487/2682 2863/480/2683
f 2865/480/2684 2869/486/2685 2868/487/2686
f 2864/483/2687 2865/480/2684 2868/487/2688
f 2866/485/2689 2869/486/2690 2865/480/2691
f 2862/479/2692 2866/485/2693 2865/480/2694
f 2866/485/2695 2871/489/2632 2872/488/2696
f 2869/486/2697 2866/485/2698 2872/488/2699
f 2869/486/2697 2872/488/2696 2870/490/2700
f 2868/487/2701 2869/486/2702 2870/490/2703
f 2872/488/2704 2871/489/2643 2866/485/2705
f 2867/486/2706 2872/488/2707 2866/485/2708
f 2870/490/2709 2872/488/2710 2867/486/2706
f 2868/487/2711 2870/490/2712 2867/486/2713
f 2844/481/2651 2874/480/2652 2873/479/2653
f 2844/481/2655 2873/479/2656 2843/482/2654
f 2844/481/2661 2845/484/2659 2875/483/2660
f 2844/481/2594 2875/483/2657 2874/480/2658
f 2846/481/2662 2876/480/2663 2875/483/2664
f 2846/481/2600 2875/483/2666 2845/484/2665
f 2846/481/2672 2843/482/2670 2873/479/2671
f 2846/481/2669 2873/479/2667 2876/480/2668
f 2874/480/2673 2878/486/2674 2877/485/2675
f 2874/480/2677 2877/485/2675 2873/479/2676
f 2874/480/2683 2875/483/2681 2879/487/2682
f 2874/480/2680 2879/487/2678 2878/486/2679
f 2876/480/2684 2880/486/2685 2879/487/2686
f 2876/480/2684 2879/487/2688 2875/483/2687
f 2876/480/2694 2873/479/2692 2877/485/2693
f 2876/480/2691 2877/485/2689 2880/486/2690
f 2883/488/2699 2880/486/2697 2877/485/2698
f 2883/488/2696 2877/485/2695 2882/489/2632
f 2880/486/2697 2883/488/2696 2881/490/2700
f 2880/486/2702 2881/490/2703 2879/487/2701
f 2877/485/2708 2878/486/2706 2883/488/2707
f 2877/485/2705 2883/488/2704 2882/489/2643
f 2881/490/2709 2883/488/2710 2878/486/2706
f 2881/490/2712 2878/486/2713 2879/487/2711
f 2884/479/2583 2885/480/2584 2859/481/2585
f 2884/479/2587 2859/481/2588 2858/482/2586
f 2859/481/2594 2885/480/2592 2886/483/2593
f 2859/481/2591 2886/483/2589 2860/484/2590
f 2886/483/2595 2887/480/2596 2861/481/2597
f 2886/483/2599 2861/481/2600 2860/484/2598
f 2861/481/2606 2887/480/2604 2884/479/2605
f 2861/481/2603 2884/479/2601 2858/482/2602
f 2888/485/2607 2889/486/2608 2885/480/2609
f 2888/485/2611 2885/480/2609 2884/479/2610
f 2885/480/2617 2889/486/2615 2890/487/2616
f 2885/480/2614 2890/487/2714 2886/483/2613
f 2890/487/2618 2891/486/2619 2887/480/2620
f 2890/487/2622 2887/480/2623 2886/483/2621
f 2887/480/2604 2891/486/2627 2888/485/2628
f 2887/480/2626 2888/485/2624 2884/479/2715
f 2894/488/2634 2893/489/2632 2888/485/2633
f 2894/488/2631 2888/485/2629 2891/486/2630
f 2892/490/2635 2894/488/2634 2891/486/2636
f 2892/490/2638 2891/486/2639 2890/487/2637
f 2888/485/2645 2893/489/2643 2894/488/2644
f 2888/485/2642 2894/488/2640 2889/486/2641
f 2889/486/2646 2894/488/2647 2892/490/2648
f 2889/486/2615 2892/490/2650 2890/487/2649
f 2899/479/2716 2900/480/2584 2896/481/2585
f 2895/482/2586 2899/479/2587 2896/481/2588
f 2901/483/2589 2897/484/2590 2896/481/2591
f 2900/480/2592 2901/483/2593 2896/481/2594
f 2901/483/2595 2902/480/2596 2898/481/2597
f 2897/484/2598 2901/483/2599 2898/481/2600
f 2899/479/2601 2895/482/2602 2898/481/2603
f 2902/480/2604 2899/479/2605 2898/481/2606
f 2903/485/2607 2904/486/2608 2900/480/2609
f 2899/479/2610 2903/485/2611 2900/480/2609
f 2905/487/2612 2901/483/2613 2900/480/2614
f 2904/486/2615 2905/487/2616 2900/480/2617
f 2905/487/2618 2906/486/2619 2902/480/2620
f 2901/483/2621 2905/487/2622 2902/480/2623
f 2903/485/2624 2899/479/2625 2902/480/2626
f 2906/486/2627 2903/485/2628 2902/480/2604
f 2903/485/2629 2906/486/2630 2909/488/2631
f 2908/489/2632 2903/485/2633 2909/488/2634
f 2907/490/2635 2909/488/2634 2906/486/2636
f 2905/487/2637 2907/490/2638 2906/486/2639
f 2909/488/2640 2904/486/2641 2903/485/2642
f 2908/489/2643 2909/488/2717 2903/485/2645
f 2904/486/2646 2909/488/2647 2907/490/2718
f 2905/487/2649 2904/486/2615 2907/490/2650
f 2911/481/2651 2915/480/2652 2914/479/2719
f 2910/482/2654 2911/481/2655 2914/479/2656
f 2916/483/2657 2915/480/2658 2911/481/2594
f 2912/484/2659 2916/483/2660 2911/481/2661
f 2913/481/2662 2917/480/2663 2916/483/2664
f 2912/484/2665 2913/481/2600 2916/483/2666
f 2914/479/2667 2917/480/2668 2913/481/2669
f 2910/482/2670 2914/479/2671 2913/481/2672
f 2915/480/2673 2919/486/2674 2918/485/2675
f 2914/479/2676 2915/480/2677 2918/485/2675
f 2920/487/2678 2919/486/2679 2915/480/2680
f 2916/483/2681 2920/487/2682 2915/480/2683
f 2917/480/2684 2921/486/2685 2920/487/2686
f 2916/483/2687 2917/480/2684 2920/487/2688
f 2918/485/2689 2921/486/2690 2917/480/2691
f 2914/479/2692 2918/485/2693 2917/480/2694
f 2918/485/2695 2923/489/2632 2924/488/2696
f 2921/486/2697 2918/485/2698 2924/488/2699
f 2921/486/2697 2924/488/2696 2922/490/2700
f 2920/487/2701 2921/486/2702 2922/490/2703
f 2924/488/2710 2923/489/2643 2918/485/2720
f 2919/486/2706 2924/488/2707 2918/485/2708
f 2922/490/2709 2924/488/2710 2919/486/2706
f 2920/487/2711 2922/490/2712 2919/486/2713
f 2896/481/2651 2926/480/2652 2925/479/2719
f 2896/481/2655 2925/479/2656 2895/482/2654
f 2896/481/2661 2897/484/2659 2927/483/2660
f 2896/481/2594 2927/483/2657 2926/480/2658
f 2898/481/2662 2928/480/2663 2927/483/2664
f 2898/481/2600 2927/483/2666 2897/484/2665
f 2898/481/2672 2895/482/2670 2925/479/2671
f 2898/481/2669 2925/479/2667 2928/480/2668
f 2926/480/2673 2930/486/2674 2929/485/2675
f 2926/480/2677 2929/485/2675 2925/479/2676
f 2926/480/2683 2927/483/2681 2931/487/2682
f 2926/480/2680 2931/487/2678 2930/486/2679
f 2928/480/2684 2932/486/2685 2931/487/2686
f 2928/480/2684 2931/487/2688 2927/483/2687
f 2928/480/2694 2925/479/2692 2929/485/2693
f 2928/480/2691 2929/485/2689 2932/486/2690
f 2935/488/2699 2932/486/2697 2929/485/2698
f 2935/488/2696 2929/485/2695 2934/489/2632
f 2932/486/2697 2935/488/2696 2933/490/2700
f 2932/486/2702 2933/490/2703 2931/487/2701
f 2929/485/2708 2930/486/2706 2935/488/2707
f 2929/485/2720 2935/488/2710 2934/489/2643
f 2933/490/2709 2935/488/2710 2930/486/2706
f 2933/490/2712 2930/486/2713 2931/487/2711
f 2936/479/2716 2937/480/2584 2911/481/2585
f 2936/479/2587 2911/481/2588 2910/482/2586
f 2911/481/2594 2937/480/2592 2938/483/2593
f 2911/481/2591 2938/483/2589 2912/484/2590
f 2938/483/2595 2939/480/2596 2913/481/2597
f 2938/483/2599 2913/481/2600 2912/484/2598
f 2913/481/2606 2939/480/2604 2936/479/2605
f 2913/481/2603 2936/479/2601 2910/482/2602
f 2940/485/2607 2941/486/2608 2937/480/2609
f 2940/485/2611 2937/480/2609 2936/479/2610
f 2937/480/2617 2941/486/2615 2942/487/2616
f 2937/480/2614 2942/487/2714 2938/483/2613
f 2942/487/2618 2943/486/2619 2939/480/2620
f 2942/487/2622 2939/480/2623 2938/483/2621
f 2939/480/2604 2943/486/2627 2940/485/2628
f 2939/480/2626 2940/485/2624 2936/479/2715
f 2946/488/2634 2945/489/2632 2940/485/2633
f 2946/488/2631 2940/485/2629 2943/486/2630
f 2944/490/2635 2946/488/2634 2943/486/2636
f 2944/490/2638 2943/486/2639 2942/487/2637
f 2940/485/2721 2945/489/2643 2946/488/2717
f 2940/485/2642 2946/488/2640 2941/486/2641
f 2941/486/2646 2946/488/2647 2944/490/2718
f 2941/486/2615 2944/490/2650 2942/487/2649
f 2949/531/4657 2948/532/4657 2947/533/4657
f 2947/533/4657 2950/534/4657 2949/531/4657
f 2949/531/4657 2950/534/4657 2954/535/4657
f 2950/534/4657 2955/536/4657 2954/535/4657
f 2951/537/4657 2949/531/4657 2956/538/4657
f 2956/538/4657 2957/539/4657 2951/537/4657
f 2956/538/4657 2952/540/4657 2957/539/4657
f 2952/540/4657 2958/541/4657 2957/539/4657
f 2948/532/4657 2949/531/4657 2959/542/4657
f 2949/531/4657 2951/537/4657 2959/542/4657
f 2953/543/4657 2954/535/4657 2960/544/4657
f 2954/535/4657 2955/536/4657 2960/544/4657
f 2953/543/4657 2954/535/4657 2955/536/4657
f 2961/533/4658 2962/532/4658 2963/531/4658
f 2963/531/4658 2964/534/4658 2961/533/4658
f 2968/535/4658 2964/534/4658 2963/531/4658
f 2968/535/4658 2969/536/4658 2964/534/4658
f 2970/538/4658 2963/531/4658 2965/537/4658
f 2965/537/4658 2971/539/4658 2970/538/4658
f 2971/539/4658 2966/540/4658 2970/538/4658
f 2971/539/4659 2972/541/4659 2966/540/4659
f 2973/542/4658 2963/531/4658 2962/532/4658
f 2973/542/4658 2965/537/4658 2963/531/4658
f 2974/544/4658 2968/535/4658 2967/543/4658
f 2974/544/4658 2969/536/4658 2968/535/4658
f 2969/536/4658 2968/535/4658 2967/543/4658
f 2989/545/4660 2988/546/4660 2987/547/4661
f 2991/548/4657 2990/549/4657 2989/545/4657
f 2992/550/4657 2990/549/4657 2991/548/4657
f 2993/551/4657 2992/550/4657 2991/548/4657
f 2994/552/4657 2992/550/4657 2993/551/4657
f 2995/553/4657 2992/550/4657 2994/552/4657
f 2996/554/4657 2995/553/4657 2994/552/4657
f 2997/555/4657 2996/554/4657 2994/552/4657
f 2998/556/4657 2996/554/4657 2997/555/4657
f 2999/557/4657 2998/556/4657 2997/555/4657
f 3000/558/4657 2998/556/4657 2999/557/4657
f 3001/559/4657 3000/558/4657 2999/557/4657
f 3002/560/4657 3000/558/4657 3001/559/4657
f 3003/561/4657 3002/560/4657 3001/559/4657
f 3004/562/4662 3002/560/4662 3003/561/4662
f 2990/549/4660 2988/546/4660 2989/545/4660
f 2988/546/4660 2985/563/4660 2987/547/4661
f 2983/564/4657 3008/565/4663 2985/563/4657
f 2986/566/4664 3008/567/4665 2984/568/4666
f 2981/569/4657 3009/570/4667 2983/564/4657
f 2984/568/4668 3009/571/4669 2982/572/4670
f 2983/564/4657 3009/570/4671 3008/565/4672
f 3008/567/4673 3009/571/4674 2984/568/4675
f 2982/572/4676 3009/571/4677 2979/573/4678
f 2977/574/4657 3010/575/4679 2980/576/4657
f 2979/573/4680 3010/577/4681 2978/578/4682
f 3009/571/4683 3010/577/4684 2979/573/4685
f 2980/576/4657 3010/575/4686 2981/569/4657
f 2981/569/4657 3010/575/4686 3009/570/4687
f 3010/577/4688 3011/579/4689 2978/578/4690
f 2977/574/4657 3011/580/4691 3010/575/4692
f 2977/574/4657 3012/581/4693 3011/580/4694
f 3011/579/4695 3012/582/4696 2978/578/4697
f 2977/574/4657 3013/583/4657 3012/581/4693
f 2976/584/4698 3016/585/4699 2975/586/4657
f 3016/585/4699 3014/587/4657 2975/586/4657
f 3007/588/4700 3016/585/4701 2976/584/4702
f 3017/589/4703 3007/588/4704 2978/578/4697
f 2978/578/4705 3012/582/4706 3017/589/4707
f 3016/585/4699 3018/590/4708 3014/587/4662
f 3013/591/4657 3018/590/4709 3015/592/4657
f 3014/587/4657 3018/590/4710 3013/591/4657
f 3018/593/4711 3017/594/4712 3015/595/4662
f 3013/591/4657 2975/586/4657 3014/587/4657
f 2977/596/4657 2975/586/4657 3013/591/4657
f 3013/591/4657 3015/592/4657 3012/582/4693
f 3012/582/4693 3015/592/4657 3017/589/4712
f 3016/597/4701 3007/598/4713 3018/593/4714
f 3018/593/4714 3007/598/4715 3017/594/4716
f 3008/565/4717 2986/599/4718 2987/547/4719
f 2985/563/4657 3008/565/4672 2987/547/4720
f 3027/547/4721 3028/546/4659 3029/545/4659
f 3029/545/4659 3030/549/4659 3031/548/4659
f 3031/548/4658 3030/549/4658 3032/550/4658
f 3031/548/4658 3032/550/4658 3033/551/4658
f 3033/551/4658 3032/550/4658 3034/552/4658
f 3034/552/4658 3032/550/4658 3035/553/4658
f 3034/552/4658 3035/553/4658 3036/554/4658
f 3034/552/4658 3036/554/4658 3037/555/4658
f 3037/555/4658 3036/554/4658 3038/556/4658
f 3037/555/4658 3038/556/4658 3039/557/4658
f 3039/557/4658 3038/556/4658 3040/558/4658
f 3039/557/4658 3040/558/4658 3041/559/4658
f 3041/559/4658 3040/558/4658 3042/560/4658
f 3041/559/4658 3042/560/4658 3043/561/4658
f 3043/561/4658 3042/560/4658 3044/562/4658
f 3029/545/4659 3028/546/4659 3030/549/4659
f 3027/547/4721 3025/563/4659 3028/546/4659
f 3025/563/4658 3048/565/4722 3024/564/4658
f 2984/568/4723 3048/567/4724 3026/566/4725
f 3024/564/4658 3049/570/4726 3023/569/4658
f 2982/572/4727 3049/571/4728 2984/568/4723
f 3048/565/4729 3049/570/4730 3024/564/4658
f 2984/568/4731 3049/571/4728 3048/567/4732
f 2979/573/4733 3049/571/4734 2982/572/4735
f 3022/576/4658 3050/575/4736 3021/574/4658
f 2978/578/4737 3050/577/4738 2979/573/4739
f 2979/573/4740 3050/577/4741 3049/571/4742
f 3023/569/4658 3050/575/4743 3022/576/4658
f 3049/570/4730 3050/575/4744 3023/569/4658
f 2978/578/4745 3051/579/4746 3050/577/4747
f 3050/575/4743 3051/580/4748 3021/574/4658
f 3051/580/4748 3052/581/4749 3021/574/4658
f 2978/578/4750 3052/582/4751 3051/579/4752
f 3052/581/4749 3053/583/4658 3021/574/4658
f 3019/586/4658 3056/585/4753 3020/584/4754
f 3019/586/4658 3054/587/4658 3056/585/4755
f 3020/584/4756 3056/585/4757 3047/588/4758
f 2978/578/4759 3047/588/4760 3057/589/4761
f 3057/589/4762 3052/582/4763 2978/578/4750
f 3054/587/4659 3058/590/4764 3056/585/4765
f 3055/592/4658 3058/590/4764 3053/591/4658
f 3053/591/4658 3058/590/4764 3054/587/4658
f 3055/595/4658 3057/594/4766 3058/593/4764
f 3054/587/4658 3019/586/4658 3053/591/4658
f 3053/591/4658 3019/586/4658 3021/596/4658
f 3052/582/4767 3055/592/4658 3053/591/4658
f 3057/589/4768 3055/592/4658 3052/582/4749
f 3058/593/4769 3047/598/4770 3056/597/4755
f 3057/594/4771 3047/598/4772 3058/593/4769
f 3027/547/4773 3026/599/4774 3048/565/4775
f 3027/547/4721 3048/565/4776 3025/563/4659
f 2984/568/4675 3026/566/4777 2986/566/4777
f 3007/588/4778 3047/588/4778 2978/578/4778
f 3061/600/4779 3059/601/4780 3062/602/4781
f 3061/600/4782 3062/602/4783 3063/603/4784
f 3062/604/4785 3060/605/4786 3063/606/4787
f 3060/605/4788 3070/607/4789 3063/606/4790
f 3063/603/4791 3071/608/4792 3061/600/4793
f 3061/600/4793 3071/608/4792 3064/609/4794
f 3072/610/4795 3073/611/4796 3071/612/4797
f 3072/610/4798 3074/613/4799 3073/611/4796
f 3074/613/4800 3075/614/4801 3073/611/4802
f 3074/613/4803 3076/615/4804 3075/614/4805
f 3076/615/4804 3077/616/4806 3075/614/4807
f 3076/615/4808 3078/617/4809 3077/616/4810
f 3078/617/4809 3079/618/4811 3077/616/4812
f 3071/608/4792 3073/619/4813 3064/609/4794
f 3064/609/4814 3073/619/4815 3065/620/4816
f 3065/620/4817 3073/619/4813 3066/621/4818
f 3073/619/4819 3075/622/4820 3066/621/4818
f 3075/622/4821 3077/623/4822 3066/621/4823
f 3066/621/4824 3077/623/4825 3067/624/4826
f 3067/624/4827 3077/623/4828 3068/625/4829
f 3077/623/4822 3079/626/4830 3068/625/4831
f 3068/625/4831 3079/626/4832 3069/627/4833
f 3079/626/4830 3080/628/4834 3069/627/4835
f 3079/618/4836 3078/617/4837 3080/629/4838
f 3078/617/4809 3081/630/4839 3080/629/4840
f 3081/630/4841 3082/631/4842 3080/629/4840
f 3082/631/4842 3083/632/4843 3080/629/4840
f 3080/628/4844 3083/633/4845 3069/627/4846
f 3083/633/4847 3084/634/4848 3069/627/4849
f 3086/635/4850 3090/636/4851 3087/637/4852
f 3090/636/4853 3091/638/4854 3087/637/4855
f 3091/638/4856 3092/639/4857 3087/637/4855
f 3093/640/4858 3094/641/4859 3089/642/4860
f 3094/641/4861 3095/643/4657 3089/642/4860
f 3094/641/4862 3096/644/4863 3095/643/4657
f 3096/644/4864 3097/645/4865 3095/643/4657
f 3093/646/4866 3092/639/4867 3094/647/4868
f 3092/639/4867 3098/648/4869 3094/647/4868
f 3094/647/4870 3098/648/4871 3096/649/4872
f 3098/648/4873 3099/650/4874 3096/649/4875
f 3099/650/4876 3100/651/4877 3096/649/4872
f 3100/651/4878 3101/652/4879 3096/649/4875
f 3096/649/4875 3101/652/4880 3097/653/4881
f 3072/610/4882 3071/612/4883 3103/654/4884
f 3063/606/4885 3070/607/4886 3103/654/4887
f 3071/612/4883 3063/606/4888 3103/654/4889
f 3092/639/4890 3093/646/4891 3104/655/4892
f 3093/640/4893 3088/656/4894 3104/657/4895
f 3088/656/4894 3087/658/4896 3104/657/4897
f 3087/637/4898 3092/639/4899 3104/655/4900
f 3086/659/4901 3087/660/4902 3085/661/4903
f 3102/662/4904 3085/661/4903 3087/660/4905
f 3088/663/4906 3102/662/4904 3087/660/4907
f 3107/664/4908 3105/665/4909 3108/666/4910
f 3107/667/4911 3108/668/4912 3109/669/4913
f 3109/670/4914 3108/666/4912 3110/671/4915
f 3086/659/4916 3085/661/4903 3111/672/4917
f 3109/669/4913 3110/673/4918 3111/672/4919
f 3090/636/4851 3086/635/4920 3112/674/4921
f 3086/659/4850 3111/672/4922 3112/675/4923
f 3111/676/4919 3110/671/4915 3112/674/4923
f 3089/677/4924 3102/662/4925 3113/678/4926
f 3102/662/4925 3088/663/4927 3113/678/4928
f 3088/656/4929 3093/640/4930 3113/679/4931
f 3093/640/4930 3089/642/4860 3113/679/4931
f 3105/665/4932 3083/632/4843 3082/631/4842
f 3110/671/4933 3108/666/4934 3114/680/4935
f 3114/680/4936 3090/636/4937 3112/674/4938
f 3110/671/4933 3114/680/4936 3112/674/4939
f 3114/680/4940 3108/666/4941 3105/665/4932
f 3082/631/4842 3114/680/4942 3105/665/4943
f 3107/667/4944 3109/669/4945 3106/681/4946
f 3111/672/4947 3085/661/4903 3106/681/4948
f 3109/669/4949 3111/672/4917 3106/681/4948
f 3083/633/4950 3105/682/4951 3084/634/4952
f 3084/634/4953 3105/682/4954 3107/667/4955
f 3106/681/4956 3084/634/4957 3107/667/4958
f 3115/602/4959 3059/601/4960 3061/600/4961
f 3116/603/4962 3115/602/4963 3061/600/4964
f 3116/606/4965 3060/605/4966 3115/604/4967
f 3116/606/4968 3070/607/4969 3060/605/4970
f 3061/600/4971 3117/608/4972 3116/603/4973
f 3064/609/4974 3117/608/4975 3061/600/4976
f 3117/612/4977 3118/611/4978 3072/610/4979
f 3118/611/4980 3074/613/4981 3072/610/4982
f 3118/611/4983 3119/614/4984 3074/613/4981
f 3119/614/4985 3076/615/4986 3074/613/4987
f 3119/614/4988 3120/616/4989 3076/615/4986
f 3120/616/4990 3078/617/4991 3076/615/4986
f 3120/616/4992 3121/618/4993 3078/617/4994
f 3064/609/4995 3118/619/4996 3117/608/4972
f 3065/620/4997 3118/619/4998 3064/609/4999
f 3066/621/5000 3118/619/5001 3065/620/5002
f 3066/621/5003 3119/622/5004 3118/619/4996
f 3066/621/5005 3120/623/5006 3119/622/5007
f 3067/624/5008 3120/623/5009 3066/621/5010
f 3068/625/5011 3120/623/5006 3067/624/5012
f 3068/625/5013 3121/626/5014 3120/623/5015
f 3069/627/5016 3121/626/5017 3068/625/5018
f 3069/627/5016 3122/628/5019 3121/626/5020
f 3122/629/5021 3078/617/5022 3121/618/5023
f 3122/629/5021 3081/630/5024 3078/617/5025
f 3122/629/5021 3082/631/5026 3081/630/5027
f 3122/629/5021 3123/632/5028 3082/631/5029
f 3069/627/5030 3123/633/5031 3122/628/5019
f 3069/627/5030 3084/634/5032 3123/633/5031
f 3125/637/5033 3090/636/5034 3124/635/5035
f 3125/637/5033 3091/638/5036 3090/636/5037
f 3125/637/5038 3092/639/5039 3091/638/5040
f 3127/642/5041 3129/641/5042 3128/640/5043
f 3127/642/5041 3130/643/4658 3129/641/5042
f 3130/643/4658 3131/644/5044 3129/641/5042
f 3130/643/4658 3132/645/5045 3131/644/5046
f 3129/647/5047 3092/639/5048 3128/646/5049
f 3129/647/5047 3098/648/5050 3092/639/5039
f 3131/649/5051 3098/648/5052 3129/647/5053
f 3131/649/5054 3099/650/5055 3098/648/5056
f 3131/649/5051 3100/651/5057 3099/650/5058
f 3131/649/5059 3101/652/5060 3100/651/5061
f 3132/653/5062 3101/652/5063 3131/649/5064
f 3103/654/5065 3117/612/5066 3072/610/4979
f 3103/654/5067 3070/607/5068 3116/606/5069
f 3103/654/5065 3116/606/5070 3117/612/4977
f 3133/655/5071 3128/646/5072 3092/639/5073
f 3133/657/5074 3126/656/5075 3128/640/5043
f 3133/657/5074 3125/658/5076 3126/656/5075
f 3133/655/5077 3092/639/5039 3125/637/5078
f 3085/661/5079 3125/660/5080 3124/659/5081
f 3125/660/5080 3085/661/5082 3102/662/5083
f 3125/660/5084 3102/662/5083 3126/663/5085
f 3136/666/5086 3134/665/5087 3135/664/5088
f 3137/669/5089 3136/668/5086 3135/667/5088
f 3138/671/5090 3136/666/5091 3137/670/5089
f 3139/672/5092 3085/661/5082 3124/659/5093
f 3139/672/5094 3138/673/5090 3137/669/5089
f 3140/674/5095 3124/635/5096 3090/636/5097
f 3140/675/5098 3139/672/5099 3124/659/5100
f 3140/674/5095 3138/671/5101 3139/676/5099
f 3141/678/5102 3102/662/5103 3127/677/5104
f 3141/678/5105 3126/663/5085 3102/662/5106
f 3141/679/5107 3128/640/5043 3126/656/5108
f 3141/679/5109 3127/642/5041 3128/640/5043
f 3082/631/5110 3123/632/5028 3134/665/5111
f 3114/680/5112 3136/666/5113 3138/671/5114
f 3140/674/5115 3090/636/5116 3114/680/5112
f 3140/674/5117 3114/680/5112 3138/671/5118
f 3134/665/5119 3136/666/5120 3114/680/5121
f 3134/665/5122 3114/680/5123 3082/631/5029
f 3106/681/5124 3137/669/5125 3135/667/5126
f 3106/681/5127 3085/661/5128 3139/672/5092
f 3106/681/5124 3139/672/5092 3137/669/5129
f 3084/634/5032 3134/682/5087 3123/633/5130
f 3135/667/5131 3134/682/5132 3084/634/5133
f 3135/667/5126 3084/634/5134 3106/681/5135
f 3059/601/5136 3115/602/5137 3062/602/5137
f 3062/604/5138 3115/604/5138 3060/605/5139
f 3101/652/5140 3132/653/5141 3097/653/5142
f 3089/677/5143 3127/677/5143 3102/662/5143
f 2948/532/5144 2962/532/5145 2961/533/5146
f 2947/533/5146 2948/532/5144 2961/533/5146
f 2947/533/5147 2961/533/5147 2964/534/5148
f 2950/534/5149 2947/533/5147 2964/534/5150
f 2954/535/5151 2968/535/5152 2963/531/5153
f 2949/531/5153 2954/535/5151 2963/531/5153
f 2950/534/5154 2964/534/5155 2969/536/5156
f 2955/536/5157 2950/534/5154 2969/536/5157
f 2949/531/5158 2963/531/5158 2970/538/5159
f 2956/538/5160 2949/531/5158 2970/538/5159
f 2957/539/5161 2971/539/5161 2965/537/5162
f 2951/537/5163 2957/539/5161 2965/537/5162
f 2956/538/5160 2970/538/5164 2966/540/5165
f 2952/540/5166 2956/538/5160 2966/540/5165
f 2958/541/5167 2972/541/5167 2971/539/5167
f 2957/539/5167 2958/541/5167 2971/539/5167
f 2952/540/5168 2966/540/5169 2972/541/5170
f 2958/541/5170 2952/540/5171 2972/541/5170
f 2959/542/5172 2973/542/5173 2962/532/5174
f 2948/532/5175 2959/542/5172 2962/532/5174
f 2951/537/5176 2965/537/5177 2973/542/5173
f 2959/542/5172 2951/537/5176 2973/542/5173
f 2953/543/5178 2967/543/5179 2968/535/5180
f 2954/535/5181 2953/543/5178 2968/535/5180
f 2960/544/5182 2974/544/5183 2967/543/5184
f 2953/543/5185 2960/544/5182 2967/543/5184
f 2955/536/5186 2969/536/5186 2974/544/5187
f 2960/544/5188 2955/536/5186 2974/544/5189
f 2954/535/5190 2968/535/5190 2969/536/5191
f 2955/536/5191 2954/535/5190 2969/536/5191
f 2953/543/5178 2967/543/5179 2968/535/5180
f 2954/535/5181 2953/543/5178 2968/535/5180
f 2955/536/5192 2969/536/5193 2967/543/5194
f 2953/543/5195 2955/536/5193 2967/543/5196
f 3004/562/4657 3003/561/4657 3005/683/4657
f 3006/684/4657 3004/562/4657 3005/683/4657
f 3046/684/4658 3045/683/4658 3043/561/4658
f 3044/562/4658 3046/684/4658 3043/561/4658
f 2987/547/5197 3027/547/5198 3029/545/5199
f 2989/545/5200 2987/547/5201 3029/545/5199
f 2989/545/5202 3029/545/5199 3031/548/5203
f 2991/548/5204 2989/545/5205 3031/548/5206
f 2992/550/5207 3032/550/5208 3030/549/5209
f 2990/549/5210 2992/550/5207 3030/549/5211
f 2991/548/5212 3031/548/5213 3033/551/5214
f 2993/551/5215 2991/548/5212 3033/551/5216
f 2993/551/5217 3033/551/5214 3034/552/5218
f 2994/552/5219 2993/551/5217 3034/552/5218
f 2995/553/5220 3035/553/5221 3032/550/5222
f 2992/550/5223 2995/553/5220 3032/550/5222
f 2996/554/5224 3036/554/5224 3035/553/5225
f 2995/553/5226 2996/554/5224 3035/553/5225
f 2994/552/5227 3034/552/5228 3037/555/5229
f 2997/555/5230 2994/552/5227 3037/555/5229
f 2998/556/5231 3038/556/5232 3036/554/5233
f 2996/554/5233 2998/556/5231 3036/554/5233
f 2997/555/5230 3037/555/5234 3039/557/5235
f 2999/557/5236 2997/555/5230 3039/557/5235
f 3000/558/5237 3040/558/5238 3038/556/5239
f 2998/556/5240 3000/558/5237 3038/556/5239
f 2999/557/5241 3039/557/5242 3041/559/5243
f 3001/559/5244 2999/557/5245 3041/559/5246
f 3002/560/5247 3042/560/5248 3040/558/5238
f 3000/558/5249 3002/560/5247 3040/558/5238
f 3001/559/5250 3041/559/5246 3043/561/5251
f 3003/561/5252 3001/559/5250 3043/561/5251
f 3004/562/5253 3044/562/5254 3042/560/5255
f 3002/560/5256 3004/562/5257 3042/560/5255
f 2990/549/5258 3030/549/5259 3028/546/5260
f 2988/546/5261 2990/549/5258 3028/546/5260
f 2988/546/5262 3028/546/5263 3025/563/5264
f 2985/563/5265 2988/546/5262 3025/563/5264
f 3005/683/5266 3045/683/5266 3046/684/5267
f 3006/684/5268 3005/683/5266 3046/684/5269
f 3003/561/5270 3043/561/5271 3045/683/5272
f 3005/683/5272 3003/561/5270 3045/683/5272
f 3006/684/5273 3046/684/5274 3044/562/5275
f 3004/562/5276 3006/684/5273 3044/562/5275
f 2985/563/5277 3025/563/5278 3024/564/5279
f 2983/564/5280 2985/563/5277 3024/564/5279
f 2983/564/5281 3024/564/5282 3023/569/5283
f 2981/569/5284 2983/564/5281 3023/569/5283
f 2980/576/5285 3022/576/5285 3021/574/5286
f 2977/574/5287 2980/576/5288 3021/574/5286
f 2981/569/5289 3023/569/5290 3022/576/5291
f 2980/576/5292 2981/569/5293 3022/576/5292
f 2975/586/5294 3019/586/5294 3020/584/5294
f 2976/584/5295 2975/586/5295 3020/584/5295
f 2976/584/5296 3020/584/5296 3047/588/5296
f 3007/588/5296 2976/584/5296 3047/588/5296
f 2977/596/5297 3021/596/5286 3019/586/5298
f 2975/586/5298 2977/596/5299 3019/586/5298
f 2986/599/5300 3026/599/5300 3027/547/5301
f 2987/547/5302 2986/599/5300 3027/547/5301
f 3095/643/5303 3130/643/5304 3127/642/5305
f 3089/642/5305 3095/643/5303 3127/642/5305
f 3097/645/5142 3132/645/5306 3130/643/5307
f 3095/643/5308 3097/645/5142 3130/643/5307
f 3144/531/4657 3143/532/4657 3142/533/4657
f 3142/533/4657 3145/534/4657 3144/531/4657
f 3144/531/4657 3145/534/4657 3149/535/4657
f 3145/534/4657 3150/536/4657 3149/535/4657
f 3146/537/4662 3144/531/4662 3151/538/4662
f 3151/538/4657 3152/539/4657 3146/537/4657
f 3151/538/4657 3147/540/4657 3152/539/4657
f 3147/540/4657 3153/541/4657 3152/539/4657
f 3143/532/4662 3144/531/4662 3154/542/4662
f 3144/531/4657 3146/537/4657 3154/542/4657
f 3148/543/4657 3149/535/4657 3155/544/4657
f 3149/535/4657 3150/536/4657 3155/544/4657
f 3148/543/4657 3149/535/4657 3150/536/4657
f 3156/533/4658 3157/532/4658 3158/531/4658
f 3158/531/4658 3159/534/4658 3156/533/4658
f 3163/535/4658 3159/534/4658 3158/531/4658
f 3163/535/4658 3164/536/4658 3159/534/4658
f 3165/538/4658 3158/531/4658 3160/537/4658
f 3160/537/4658 3166/539/4658 3165/538/4658
f 3166/539/4658 3161/540/4658 3165/538/4658
f 3166/539/4658 3167/541/4658 3161/540/4658
f 3168/542/4658 3158/531/4658 3157/532/4658
f 3168/542/4658 3160/537/4658 3158/531/4658
f 3169/544/4658 3163/535/4658 3162/543/4658
f 3169/544/4658 3164/536/4658 3163/535/4658
f 3164/536/4658 3163/535/4658 3162/543/4658
f 3184/545/4660 3183/546/4660 3182/547/4661
f 3186/548/4657 3185/549/4657 3184/545/4657
f 3187/550/4657 3185/549/4657 3186/548/4657
f 3188/551/4657 3187/550/4657 3186/548/4657
f 3189/552/4657 3187/550/4657 3188/551/4657
f 3190/553/4657 3187/550/4657 3189/552/4657
f 3191/554/4657 3190/553/4657 3189/552/4657
f 3192/555/4657 3191/554/4657 3189/552/4657
f 3193/556/4657 3191/554/4657 3192/555/4657
f 3194/557/4657 3193/556/4657 3192/555/4657
f 3195/558/4657 3193/556/4657 3194/557/4657
f 3196/559/4657 3195/558/4657 3194/557/4657
f 3197/560/4657 3195/558/4657 3196/559/4657
f 3198/561/4657 3197/560/4657 3196/559/4657
f 3199/562/4657 3197/560/4657 3198/561/4657
f 3185/549/4660 3183/546/4660 3184/545/4660
f 3183/546/4657 3180/563/4657 3182/547/4661
f 3178/564/4657 3203/565/4663 3180/563/4657
f 3181/566/4664 3203/567/4665 3179/568/5309
f 3176/569/4657 3204/570/4667 3178/564/4657
f 3179/568/4675 3204/571/5310 3177/572/5311
f 3178/564/4657 3204/570/5312 3203/565/4672
f 3203/567/4673 3204/571/5313 3179/568/4668
f 3177/572/5314 3204/571/5315 3174/573/5316
f 3172/574/4657 3205/575/4679 3175/576/4657
f 3174/573/4680 3205/577/4681 3173/578/4682
f 3204/571/4683 3205/577/4684 3174/573/4685
f 3175/576/4657 3205/575/4686 3176/569/4657
f 3176/569/4657 3205/575/4686 3204/570/4687
f 3205/577/4688 3206/579/4689 3173/578/4690
f 3172/574/4657 3206/580/4691 3205/575/4692
f 3172/574/4657 3207/581/4693 3206/580/4694
f 3206/579/4695 3207/582/4696 3173/578/4697
f 3172/574/4657 3208/583/4657 3207/581/4693
f 3171/584/4698 3211/585/4699 3170/586/4662
f 3211/585/4699 3209/587/4657 3170/586/4657
f 3202/588/4700 3211/585/4701 3171/584/4702
f 3212/589/4703 3202/588/4704 3173/578/4697
f 3173/578/4705 3207/582/4706 3212/589/4707
f 3211/585/4699 3213/590/4709 3209/587/4657
f 3208/591/4657 3213/590/4709 3210/592/4657
f 3209/587/4657 3213/590/4709 3208/591/4657
f 3213/593/4711 3212/594/4712 3210/595/4662
f 3208/591/4657 3170/586/4657 3209/587/4657
f 3172/596/4657 3170/586/4657 3208/591/4657
f 3208/591/4657 3210/592/4657 3207/582/4693
f 3207/582/4693 3210/592/4662 3212/589/4712
f 3211/597/4701 3202/598/4713 3213/593/4714
f 3213/593/4714 3202/598/4715 3212/594/4716
f 3203/565/4717 3181/599/4718 3182/547/4719
f 3180/563/4660 3203/565/4672 3182/547/4720
f 3222/547/4721 3223/546/4659 3224/545/4659
f 3224/545/4659 3225/549/4659 3226/548/4659
f 3226/548/4658 3225/549/4658 3227/550/4658
f 3226/548/4658 3227/550/4658 3228/551/4658
f 3228/551/4658 3227/550/4658 3229/552/4658
f 3229/552/4658 3227/550/4658 3230/553/4658
f 3229/552/4658 3230/553/4658 3231/554/4658
f 3229/552/4658 3231/554/4658 3232/555/4658
f 3232/555/4658 3231/554/4658 3233/556/4658
f 3232/555/4658 3233/556/4658 3234/557/4658
f 3234/557/4658 3233/556/4658 3235/558/4658
f 3234/557/4658 3235/558/4658 3236/559/4658
f 3236/559/4658 3235/558/4658 3237/560/4658
f 3236/559/4658 3237/560/4658 3238/561/4658
f 3238/561/4658 3237/560/4658 3239/562/4658
f 3224/545/4659 3223/546/4659 3225/549/4659
f 3222/547/4721 3220/563/4659 3223/546/4659
f 3220/563/4658 3243/565/4722 3219/564/4658
f 3179/568/4723 3243/567/4724 3221/566/4725
f 3219/564/4658 3244/570/4726 3218/569/4658
f 3177/572/4735 3244/571/4728 3179/568/4723
f 3243/565/4729 3244/570/4730 3219/564/4658
f 3179/568/4723 3244/571/5317 3243/567/5318
f 3174/573/5319 3244/571/5320 3177/572/4735
f 3217/576/4658 3245/575/4736 3216/574/4658
f 3173/578/4737 3245/577/4738 3174/573/4739
f 3174/573/4740 3245/577/4741 3244/571/4742
f 3218/569/4658 3245/575/4743 3217/576/4658
f 3244/570/4730 3245/575/4744 3218/569/4658
f 3173/578/4745 3246/579/4746 3245/577/4747
f 3245/575/4743 3246/580/4746 3216/574/4658
f 3246/580/4746 3247/581/4749 3216/574/4658
f 3173/578/4750 3247/582/4751 3246/579/4752
f 3247/581/4749 3248/583/4658 3216/574/4658
f 3214/586/4659 3251/585/4753 3215/584/4754
f 3214/586/4658 3249/587/4658 3251/585/4755
f 3215/584/5321 3251/585/4757 3242/588/5322
f 3173/578/4759 3242/588/4760 3252/589/4761
f 3252/589/5323 3247/582/4763 3173/578/4750
f 3249/587/4658 3253/590/4764 3251/585/4755
f 3250/592/4659 3253/590/4764 3248/591/4659
f 3248/591/4658 3253/590/4764 3249/587/4658
f 3250/595/4658 3252/594/4766 3253/593/4764
f 3249/587/4658 3214/586/4658 3248/591/4658
f 3248/591/4658 3214/586/4658 3216/596/4658
f 3247/582/4767 3250/592/4658 3248/591/4658
f 3252/589/4768 3250/592/4658 3247/582/4749
f 3253/593/4769 3242/598/4770 3251/597/4755
f 3252/594/4771 3242/598/4772 3253/593/4769
f 3222/547/4773 3221/599/4774 3243/565/4775
f 3222/547/4721 3243/565/4776 3220/563/4659
f 3179/568/4675 3221/566/4777 3181/566/4777
f 3202/588/4778 3242/588/4778 3173/578/4778
f 3256/600/4779 3254/601/4780 3257/602/4781
f 3256/600/4782 3257/602/4783 3258/603/4784
f 3257/604/4785 3255/605/4786 3258/606/4787
f 3255/605/5324 3265/607/5325 3258/606/4787
f 3258/603/4791 3266/608/4792 3256/600/4793
f 3256/600/4793 3266/608/4792 3259/609/4794
f 3267/610/4798 3268/611/4796 3266/612/4797
f 3267/610/4795 3269/613/4799 3268/611/4796
f 3269/613/4800 3270/614/4801 3268/611/4802
f 3269/613/4803 3271/615/4804 3270/614/4805
f 3271/615/4804 3272/616/4806 3270/614/4807
f 3271/615/4808 3273/617/4809 3272/616/5326
f 3273/617/5327 3274/618/4811 3272/616/4812
f 3266/608/4792 3268/619/4813 3259/609/4794
f 3259/609/4814 3268/619/4815 3260/620/4817
f 3260/620/4817 3268/619/4813 3261/621/4818
f 3268/619/4819 3270/622/4820 3261/621/4818
f 3270/622/4821 3272/623/4822 3261/621/4823
f 3261/621/4824 3272/623/4825 3262/624/4826
f 3262/624/4826 3272/623/4828 3263/625/4831
f 3272/623/4825 3274/626/4830 3263/625/4831
f 3263/625/4831 3274/626/4832 3264/627/4833
f 3274/626/4830 3275/628/4834 3264/627/4835
f 3274/618/4836 3273/617/5327 3275/629/4838
f 3273/617/4809 3276/630/5328 3275/629/4840
f 3276/630/4841 3277/631/4842 3275/629/4840
f 3277/631/4842 3278/632/4843 3275/629/4840
f 3275/628/4844 3278/633/4845 3264/627/4846
f 3278/633/4847 3279/634/4848 3264/627/4846
f 3281/635/5329 3285/636/4851 3282/637/4852
f 3285/636/5330 3286/638/5331 3282/637/5332
f 3286/638/4856 3287/639/4857 3282/637/4855
f 3288/640/4858 3289/641/4859 3284/642/4860
f 3289/641/4861 3290/643/4657 3284/642/4860
f 3289/641/4862 3291/644/4863 3290/643/4657
f 3291/644/4864 3292/645/4865 3290/643/4657
f 3288/646/4866 3287/639/4867 3289/647/4868
f 3287/639/5333 3293/648/5334 3289/647/4868
f 3289/647/4870 3293/648/4871 3291/649/4872
f 3293/648/4873 3294/650/4874 3291/649/4875
f 3294/650/4876 3295/651/4877 3291/649/4872
f 3295/651/4878 3296/652/4879 3291/649/4875
f 3291/649/4875 3296/652/5335 3292/653/5336
f 3267/610/4882 3266/612/4883 3298/654/4884
f 3258/606/4885 3265/607/5337 3298/654/4887
f 3266/612/4883 3258/606/4790 3298/654/4884
f 3287/639/5338 3288/646/4891 3299/655/4892
f 3288/640/4930 3283/656/4894 3299/657/4895
f 3283/656/4894 3282/658/4905 3299/657/4895
f 3282/637/4898 3287/639/4899 3299/655/4900
f 3281/659/4901 3282/660/4902 3280/661/4903
f 3297/662/4904 3280/661/4903 3282/660/4905
f 3283/663/4906 3297/662/4904 3282/660/4907
f 3302/664/5339 3300/665/4909 3303/666/4910
f 3302/667/4911 3303/668/4912 3304/669/5340
f 3304/670/4914 3303/666/4912 3305/671/4915
f 3281/659/4916 3280/661/4903 3306/672/4917
f 3304/669/4913 3305/673/4918 3306/672/4919
f 3285/636/5341 3281/635/4920 3307/674/4921
f 3281/659/4850 3306/672/5342 3307/675/4923
f 3306/676/4919 3305/671/4915 3307/674/5343
f 3284/677/4924 3297/662/5344 3308/678/4926
f 3297/662/4925 3283/663/4927 3308/678/4928
f 3283/656/4894 3288/640/4930 3308/679/4931
f 3288/640/4930 3284/642/4860 3308/679/5345
f 3300/665/4932 3278/632/4843 3277/631/4842
f 3305/671/4933 3303/666/4941 3309/680/4940
f 3309/680/4936 3285/636/4937 3307/674/4938
f 3305/671/4933 3309/680/5346 3307/674/4939
f 3309/680/4940 3303/666/4941 3300/665/4932
f 3277/631/4842 3309/680/4942 3300/665/4943
f 3302/667/5347 3304/669/5348 3301/681/5349
f 3306/672/4947 3280/661/4903 3301/681/4948
f 3304/669/4949 3306/672/4917 3301/681/4948
f 3278/633/5350 3300/682/4951 3279/634/4952
f 3279/634/4953 3300/682/4951 3302/667/4955
f 3301/681/5351 3279/634/4957 3302/667/4958
f 3310/602/4959 3254/601/5352 3256/600/4961
f 3311/603/5353 3310/602/4963 3256/600/4964
f 3311/606/4965 3255/605/4966 3310/604/4967
f 3311/606/4968 3265/607/5354 3255/605/4970
f 3256/600/4971 3312/608/4972 3311/603/4962
f 3259/609/4974 3312/608/5355 3256/600/4976
f 3312/612/4977 3313/611/4983 3267/610/4979
f 3313/611/4980 3269/613/4981 3267/610/4982
f 3313/611/4978 3314/614/5356 3269/613/4981
f 3314/614/5357 3271/615/5358 3269/613/5359
f 3314/614/4988 3315/616/4989 3271/615/4986
f 3315/616/4990 3273/617/4991 3271/615/5360
f 3315/616/4992 3316/618/4993 3273/617/5025
f 3259/609/4995 3313/619/4996 3312/608/4972
f 3260/620/4997 3313/619/4998 3259/609/4999
f 3261/621/5000 3313/619/5001 3260/620/5002
f 3261/621/5003 3314/622/5361 3313/619/4996
f 3261/621/5005 3315/623/5006 3314/622/5007
f 3262/624/5012 3315/623/5009 3261/621/5362
f 3263/625/5011 3315/623/5006 3262/624/5012
f 3263/625/5013 3316/626/5014 3315/623/5015
f 3264/627/5016 3316/626/5017 3263/625/5363
f 3264/627/5016 3317/628/5019 3316/626/5020
f 3317/629/5021 3273/617/5364 3316/618/5023
f 3317/629/5021 3276/630/5365 3273/617/5025
f 3317/629/5366 3277/631/5026 3276/630/5365
f 3317/629/5021 3318/632/5028 3277/631/5026
f 3264/627/5030 3318/633/5031 3317/628/5019
f 3264/627/5030 3279/634/5032 3318/633/5031
f 3320/637/5033 3285/636/5034 3319/635/5035
f 3320/637/5033 3286/638/5036 3285/636/5037
f 3320/637/5038 3287/639/5039 3286/638/5040
f 3322/642/5041 3324/641/5042 3323/640/5043
f 3322/642/5041 3325/643/4658 3324/641/5042
f 3325/643/4658 3326/644/5044 3324/641/5042
f 3325/643/4658 3327/645/5045 3326/644/5046
f 3324/647/5047 3287/639/5039 3323/646/5049
f 3324/647/5047 3293/648/5050 3287/639/5039
f 3326/649/5051 3293/648/5056 3324/647/5053
f 3326/649/5054 3294/650/5055 3293/648/5056
f 3326/649/5051 3295/651/5057 3294/650/5058
f 3326/649/5059 3296/652/5060 3295/651/5061
f 3327/653/5062 3296/652/5367 3326/649/5064
f 3298/654/5368 3312/612/5369 3267/610/5370
f 3298/654/5371 3265/607/5068 3311/606/5069
f 3298/654/5368 3311/606/5372 3312/612/4977
f 3328/655/5071 3323/646/5072 3287/639/5373
f 3328/657/5074 3321/656/5075 3323/640/5043
f 3328/657/5074 3320/658/5076 3321/656/5075
f 3328/655/5374 3287/639/5375 3320/637/5376
f 3280/661/5377 3320/660/5080 3319/659/5081
f 3320/660/5080 3280/661/5082 3297/662/5083
f 3320/660/5084 3297/662/5083 3321/663/5085
f 3331/666/5086 3329/665/5087 3330/664/5088
f 3332/669/5089 3331/668/5086 3330/667/5088
f 3333/671/5090 3331/666/5091 3332/670/5089
f 3334/672/5092 3280/661/5082 3319/659/5093
f 3334/672/5094 3333/673/5090 3332/669/5089
f 3335/674/5095 3319/635/5100 3285/636/5097
f 3335/675/5098 3334/672/5099 3319/659/5100
f 3335/674/5095 3333/671/5378 3334/676/5099
f 3336/678/5379 3297/662/5103 3322/677/5104
f 3336/678/5105 3321/663/5085 3297/662/5106
f 3336/679/5107 3323/640/5043 3321/656/5075
f 3336/679/5107 3322/642/5041 3323/640/5043
f 3277/631/5026 3318/632/5028 3329/665/5111
f 3309/680/5112 3331/666/5113 3333/671/5114
f 3335/674/5115 3285/636/5116 3309/680/5112
f 3335/674/5117 3309/680/5112 3333/671/5118
f 3329/665/5122 3331/666/5120 3309/680/5112
f 3329/665/5122 3309/680/5123 3277/631/5026
f 3301/681/5127 3332/669/5125 3330/667/5126
f 3301/681/5124 3280/661/5128 3334/672/5092
f 3301/681/5124 3334/672/5092 3332/669/5129
f 3279/634/5032 3329/682/5087 3318/633/5130
f 3330/667/5131 3329/682/5132 3279/634/5380
f 3330/667/5126 3279/634/5134 3301/681/5135
f 3254/601/5136 3310/602/5381 3257/602/5381
f 3257/604/5382 3310/604/5382 3255/605/5383
f 3296/652/5140 3327/653/5141 3292/653/5142
f 3284/677/5143 3322/677/5143 3297/662/5143
f 3143/532/5384 3157/532/5385 3156/533/5146
f 3142/533/5146 3143/532/5384 3156/533/5146
f 3142/533/5147 3156/533/5147 3159/534/5155
f 3145/534/5386 3142/533/5147 3159/534/5148
f 3149/535/5151 3163/535/5152 3158/531/5153
f 3144/531/5153 3149/535/5151 3158/531/5153
f 3145/534/5387 3159/534/5155 3164/536/5156
f 3150/536/5157 3145/534/5387 3164/536/5388
f 3144/531/5158 3158/531/5158 3165/538/5159
f 3151/538/5160 3144/531/5158 3165/538/5159
f 3152/539/5161 3166/539/5161 3160/537/5162
f 3146/537/5163 3152/539/5161 3160/537/5162
f 3151/538/5389 3165/538/5164 3161/540/5165
f 3147/540/5166 3151/538/5160 3161/540/5165
f 3153/541/5167 3167/541/5167 3166/539/5167
f 3152/539/5167 3153/541/5167 3166/539/5167
f 3147/540/5168 3161/540/5169 3167/541/5170
f 3153/541/5170 3147/540/5171 3167/541/5170
f 3154/542/5172 3168/542/5173 3157/532/5174
f 3143/532/5390 3154/542/5172 3157/532/5174
f 3146/537/5176 3160/537/5177 3168/542/5173
f 3154/542/5172 3146/537/5391 3168/542/5173
f 3148/543/5178 3162/543/5179 3163/535/5180
f 3149/535/5181 3148/543/5178 3163/535/5180
f 3155/544/5182 3169/544/5183 3162/543/5184
f 3148/543/5185 3155/544/5182 3162/543/5184
f 3150/536/5392 3164/536/5392 3169/544/5187
f 3155/544/5393 3150/536/5186 3169/544/5189
f 3149/535/5190 3163/535/5190 3164/536/5191
f 3150/536/5191 3149/535/5190 3164/536/5191
f 3148/543/5178 3162/543/5179 3163/535/5180
f 3149/535/5181 3148/543/5178 3163/535/5180
f 3150/536/5192 3164/536/5193 3162/543/5194
f 3148/543/5195 3150/536/5193 3162/543/5196
f 3199/562/4657 3198/561/4657 3200/683/4657
f 3201/684/4657 3199/562/4657 3200/683/4657
f 3241/684/4658 3240/683/4658 3238/561/4658
f 3239/562/4658 3241/684/4658 3238/561/4658
f 3182/547/5197 3222/547/5198 3224/545/5199
f 3184/545/5200 3182/547/5394 3224/545/5199
f 3184/545/5205 3224/545/5199 3226/548/5206
f 3186/548/5204 3184/545/5205 3226/548/5206
f 3187/550/5207 3227/550/5208 3225/549/5395
f 3185/549/5210 3187/550/5207 3225/549/5211
f 3186/548/5212 3226/548/5213 3228/551/5214
f 3188/551/5396 3186/548/5212 3228/551/5214
f 3188/551/5397 3228/551/5214 3229/552/5218
f 3189/552/5219 3188/551/5397 3229/552/5218
f 3190/553/5220 3230/553/5398 3227/550/5222
f 3187/550/5399 3190/553/5400 3227/550/5222
f 3191/554/5224 3231/554/5224 3230/553/5225
f 3190/553/5401 3191/554/5224 3230/553/5225
f 3189/552/5227 3229/552/5228 3232/555/5229
f 3192/555/5230 3189/552/5227 3232/555/5402
f 3193/556/5231 3233/556/5403 3231/554/5233
f 3191/554/5233 3193/556/5231 3231/554/5233
f 3192/555/5404 3232/555/5405 3234/557/5406
f 3194/557/5236 3192/555/5230 3234/557/5235
f 3195/558/5237 3235/558/5238 3233/556/5239
f 3193/556/5240 3195/558/5237 3233/556/5239
f 3194/557/5245 3234/557/5407 3236/559/5246
f 3196/559/5244 3194/557/5245 3236/559/5246
f 3197/560/5408 3237/560/5248 3235/558/5409
f 3195/558/5249 3197/560/5408 3235/558/5238
f 3196/559/5250 3236/559/5246 3238/561/5251
f 3198/561/5252 3196/559/5250 3238/561/5251
f 3199/562/5253 3239/562/5254 3237/560/5255
f 3197/560/5256 3199/562/5253 3237/560/5255
f 3185/549/5258 3225/549/5410 3223/546/5260
f 3183/546/5261 3185/549/5258 3223/546/5260
f 3183/546/5262 3223/546/5263 3220/563/5264
f 3180/563/5265 3183/546/5262 3220/563/5264
f 3200/683/5266 3240/683/5266 3241/684/5269
f 3201/684/5268 3200/683/5266 3241/684/5269
f 3198/561/5270 3238/561/5271 3240/683/5272
f 3200/683/5272 3198/561/5270 3240/683/5272
f 3201/684/5273 3241/684/5274 3239/562/5275
f 3199/562/5411 3201/684/5273 3239/562/5275
f 3180/563/5277 3220/563/5278 3219/564/5279
f 3178/564/5412 3180/563/5413 3219/564/5279
f 3178/564/5281 3219/564/5282 3218/569/5283
f 3176/569/5284 3178/564/5281 3218/569/5283
f 3175/576/5414 3217/576/5414 3216/574/5286
f 3172/574/5287 3175/576/5288 3216/574/5286
f 3176/569/5289 3218/569/5290 3217/576/5292
f 3175/576/5292 3176/569/5293 3217/576/5292
f 3170/586/5294 3214/586/5294 3215/584/5294
f 3171/584/5415 3170/586/5415 3215/584/5415
f 3171/584/5296 3215/584/5296 3242/588/5296
f 3202/588/5296 3171/584/5296 3242/588/5296
f 3172/596/5299 3216/596/5286 3214/586/5298
f 3170/586/5298 3172/596/5299 3214/586/5298
f 3181/599/5300 3221/599/5300 3222/547/5301
f 3182/547/5302 3181/599/5300 3222/547/5301
f 3290/643/5303 3325/643/5304 3322/642/5305
f 3284/642/5305 3290/643/5303 3322/642/5305
f 3292/645/5142 3327/645/5306 3325/643/5307
f 3290/643/5308 3292/645/5142 3325/643/5307
f 3339/531/4657 3338/532/4657 3337/533/4657
f 3337/533/4657 3340/534/4657 3339/531/4657
f 3339/531/4657 3340/534/4657 3344/535/4657
f 3340/534/4657 3345/536/4657 3344/535/4657
f 3341/537/4657 3339/531/4657 3346/538/4657
f 3346/538/4657 3347/539/4657 3341/537/4657
f 3346/538/4657 3342/540/4657 3347/539/4657
f 3342/540/4657 3348/541/4657 3347/539/4657
f 3338/532/4657 3339/531/4657 3349/542/4657
f 3339/531/4657 3341/537/4657 3349/542/4657
f 3343/543/4657 3344/535/4657 3350/544/4657
f 3344/535/4657 3345/536/4657 3350/544/4657
f 3343/543/4657 3344/535/4657 3345/536/4657
f 3351/533/4658 3352/532/4658 3353/531/4658
f 3353/531/4658 3354/534/4658 3351/533/4658
f 3358/535/4658 3354/534/4658 3353/531/4658
f 3358/535/4658 3359/536/4658 3354/534/4658
f 3360/538/4658 3353/531/4658 3355/537/4658
f 3355/537/4658 3361/539/4658 3360/538/4658
f 3361/539/4658 3356/540/4658 3360/538/4658
f 3361/539/4658 3362/541/4658 3356/540/4658
f 3363/542/4658 3353/531/4658 3352/532/4658
f 3363/542/4658 3355/537/4658 3353/531/4658
f 3364/544/4658 3358/535/4658 3357/543/4658
f 3364/544/4658 3359/536/4658 3358/535/4658
f 3359/536/4658 3358/535/4658 3357/543/4658
f 3379/545/4660 3378/546/4660 3377/547/4661
f 3381/548/4657 3380/549/4657 3379/545/4657
f 3382/550/4657 3380/549/4657 3381/548/4657
f 3383/551/4657 3382/550/4657 3381/548/4657
f 3384/552/4657 3382/550/4657 3383/551/4657
f 3385/553/4657 3382/550/4657 3384/552/4657
f 3386/554/4657 3385/553/4657 3384/552/4657
f 3387/555/4657 3386/554/4657 3384/552/4657
f 3388/556/4657 3386/554/4657 3387/555/4657
f 3389/557/4657 3388/556/4657 3387/555/4657
f 3390/558/4657 3388/556/4657 3389/557/4657
f 3391/559/4657 3390/558/4657 3389/557/4657
f 3392/560/4657 3390/558/4657 3391/559/4657
f 3393/561/4657 3392/560/4657 3391/559/4657
f 3394/562/4657 3392/560/4657 3393/561/4657
f 3380/549/4660 3378/546/4660 3379/545/4660
f 3378/546/4660 3375/563/4660 3377/547/4661
f 3373/564/4657 3398/565/4663 3375/563/4657
f 3376/566/4664 3398/567/4665 3374/568/4666
f 3371/569/4657 3399/570/4667 3373/564/4657
f 3374/568/5416 3399/571/4669 3372/572/5311
f 3373/564/4657 3399/570/5312 3398/565/4672
f 3398/567/4673 3399/571/5313 3374/568/4675
f 3372/572/5314 3399/571/5315 3369/573/5417
f 3367/574/4657 3400/575/4692 3370/576/4657
f 3369/573/4680 3400/577/4681 3368/578/4682
f 3399/571/4683 3400/577/4684 3369/573/4685
f 3370/576/4657 3400/575/4686 3371/569/4657
f 3371/569/4657 3400/575/4686 3399/570/4687
f 3400/577/4688 3401/579/4689 3368/578/4690
f 3367/574/4657 3401/580/4691 3400/575/4692
f 3367/574/4657 3402/581/4693 3401/580/4694
f 3401/579/4695 3402/582/4696 3368/578/4697
f 3367/574/4657 3403/583/4657 3402/581/4693
f 3366/584/4698 3406/585/4699 3365/586/4657
f 3406/585/4699 3404/587/4657 3365/586/4657
f 3397/588/5418 3406/585/4701 3366/584/4702
f 3407/589/4703 3397/588/4704 3368/578/4697
f 3368/578/4705 3402/582/4706 3407/589/4707
f 3406/585/4699 3408/590/4710 3404/587/4657
f 3403/591/4657 3408/590/4709 3405/592/4657
f 3404/587/4662 3408/590/4708 3403/591/4662
f 3408/593/4709 3407/594/4712 3405/595/4657
f 3403/591/4657 3365/586/4657 3404/587/4657
f 3367/596/4657 3365/586/4657 3403/591/4657
f 3403/591/4657 3405/592/4657 3402/582/4693
f 3402/582/4693 3405/592/4662 3407/589/4712
f 3406/597/4701 3397/598/4713 3408/593/4714
f 3408/593/4714 3397/598/5419 3407/594/4716
f 3398/565/4717 3376/599/4718 3377/547/4719
f 3375/563/4657 3398/565/4672 3377/547/4720
f 3417/547/4721 3418/546/4659 3419/545/4659
f 3419/545/4659 3420/549/4659 3421/548/4659
f 3421/548/4658 3420/549/4658 3422/550/4658
f 3421/548/4658 3422/550/4658 3423/551/4658
f 3423/551/4658 3422/550/4658 3424/552/4658
f 3424/552/4658 3422/550/4658 3425/553/4658
f 3424/552/4658 3425/553/4658 3426/554/4658
f 3424/552/4658 3426/554/4658 3427/555/4658
f 3427/555/4658 3426/554/4658 3428/556/4658
f 3427/555/4658 3428/556/4658 3429/557/4658
f 3429/557/4658 3428/556/4658 3430/558/4658
f 3429/557/4658 3430/558/4658 3431/559/4658
f 3431/559/4658 3430/558/4658 3432/560/4658
f 3431/559/4658 3432/560/4658 3433/561/4658
f 3433/561/4658 3432/560/4658 3434/562/4658
f 3419/545/4659 3418/546/4659 3420/549/4659
f 3417/547/4721 3415/563/4659 3418/546/4659
f 3415/563/4658 3438/565/4722 3414/564/4658
f 3374/568/5420 3438/567/4724 3416/566/4725
f 3414/564/4658 3439/570/4726 3413/569/4658
f 3372/572/4735 3439/571/4728 3374/568/5420
f 3438/565/4729 3439/570/4730 3414/564/4658
f 3374/568/4723 3439/571/5317 3438/567/5421
f 3369/573/4733 3439/571/4734 3372/572/4735
f 3412/576/4658 3440/575/4736 3411/574/4658
f 3368/578/4737 3440/577/4738 3369/573/4739
f 3369/573/4740 3440/577/4741 3439/571/4742
f 3413/569/4658 3440/575/4743 3412/576/4658
f 3439/570/4730 3440/575/4744 3413/569/4658
f 3368/578/4745 3441/579/4746 3440/577/4747
f 3440/575/4743 3441/580/4748 3411/574/4658
f 3441/580/4748 3442/581/4749 3411/574/4658
f 3368/578/4750 3442/582/4751 3441/579/5422
f 3442/581/4749 3443/583/4658 3411/574/4658
f 3409/586/4658 3446/585/4753 3410/584/4754
f 3409/586/4658 3444/587/4658 3446/585/4755
f 3410/584/5321 3446/585/4757 3437/588/5322
f 3368/578/4759 3437/588/4760 3447/589/4761
f 3447/589/4762 3442/582/4763 3368/578/4750
f 3444/587/4658 3448/590/4764 3446/585/4755
f 3445/592/4658 3448/590/4764 3443/591/4658
f 3443/591/4658 3448/590/4764 3444/587/4658
f 3445/595/4658 3447/594/4766 3448/593/4764
f 3444/587/4658 3409/586/4658 3443/591/4658
f 3443/591/4658 3409/586/4658 3411/596/4658
f 3442/582/4767 3445/592/4658 3443/591/4658
f 3447/589/4768 3445/592/4658 3442/582/4749
f 3448/593/4769 3437/598/4770 3446/597/4755
f 3447/594/4771 3437/598/4772 3448/593/4769
f 3417/547/4773 3416/599/4774 3438/565/4775
f 3417/547/4721 3438/565/4776 3415/563/4659
f 3374/568/4675 3416/566/4777 3376/566/4777
f 3397/588/4778 3437/588/4778 3368/578/4778
f 3451/600/4779 3449/601/4780 3452/602/4781
f 3451/600/4782 3452/602/4783 3453/603/4784
f 3452/604/4785 3450/605/4786 3453/606/4787
f 3450/605/4788 3460/607/4789 3453/606/4790
f 3453/603/4791 3461/608/4792 3451/600/4793
f 3451/600/4793 3461/608/4792 3454/609/4794
f 3462/610/4795 3463/611/4796 3461/612/4797
f 3462/610/4798 3464/613/4799 3463/611/4796
f 3464/613/4800 3465/614/4805 3463/611/4802
f 3464/613/4803 3466/615/4804 3465/614/4805
f 3466/615/4804 3467/616/4806 3465/614/4807
f 3466/615/4808 3468/617/4809 3467/616/5423
f 3468/617/4809 3469/618/4811 3467/616/4812
f 3461/608/4792 3463/619/4813 3454/609/4794
f 3454/609/4814 3463/619/4815 3455/620/4817
f 3455/620/4816 3463/619/4815 3456/621/4818
f 3463/619/4819 3465/622/4820 3456/621/4818
f 3465/622/4821 3467/623/4822 3456/621/4823
f 3456/621/4824 3467/623/4825 3457/624/4826
f 3457/624/4827 3467/623/4828 3458/625/4829
f 3467/623/4822 3469/626/4830 3458/625/4831
f 3458/625/4831 3469/626/4832 3459/627/4833
f 3469/626/4830 3470/628/4834 3459/627/4835
f 3469/618/4836 3468/617/4837 3470/629/4838
f 3468/617/4809 3471/630/5328 3470/629/4840
f 3471/630/4839 3472/631/4842 3470/629/4840
f 3472/631/4842 3473/632/4843 3470/629/4840
f 3470/628/4844 3473/633/4845 3459/627/4846
f 3473/633/4847 3474/634/4848 3459/627/4849
f 3476/635/4850 3480/636/4851 3477/637/4852
f 3480/636/4853 3481/638/4854 3477/637/4855
f 3481/638/4856 3482/639/4857 3477/637/4855
f 3483/640/4858 3484/641/4859 3479/642/4860
f 3484/641/4861 3485/643/4657 3479/642/4860
f 3484/641/4862 3486/644/4863 3485/643/4657
f 3486/644/4864 3487/645/4865 3485/643/4657
f 3483/646/4866 3482/639/4867 3484/647/4868
f 3482/639/4867 3488/648/4869 3484/647/4868
f 3484/647/4870 3488/648/4871 3486/649/4872
f 3488/648/4873 3489/650/4876 3486/649/4875
f 3489/650/4876 3490/651/4877 3486/649/4872
f 3490/651/4878 3491/652/5424 3486/649/4875
f 3486/649/4875 3491/652/4880 3487/653/4881
f 3462/610/4882 3461/612/4883 3493/654/4884
f 3453/606/4885 3460/607/5337 3493/654/4887
f 3461/612/4883 3453/606/4888 3493/654/4884
f 3482/639/4890 3483/646/4891 3494/655/4892
f 3483/640/4930 3478/656/4894 3494/657/4895
f 3478/656/4894 3477/658/4905 3494/657/4897
f 3477/637/4898 3482/639/5333 3494/655/4900
f 3476/659/4901 3477/660/4902 3475/661/4903
f 3492/662/4904 3475/661/4903 3477/660/4905
f 3478/663/4906 3492/662/4904 3477/660/4907
f 3497/664/4908 3495/665/4909 3498/666/4910
f 3497/667/4911 3498/668/4912 3499/669/5340
f 3499/670/4914 3498/666/4912 3500/671/4915
f 3476/659/4916 3475/661/4903 3501/672/4917
f 3499/669/4913 3500/673/4918 3501/672/4919
f 3480/636/4851 3476/635/4920 3502/674/4921
f 3476/659/4850 3501/672/4922 3502/675/4923
f 3501/676/4919 3500/671/4915 3502/674/4923
f 3479/677/4924 3492/662/4925 3503/678/4926
f 3492/662/4925 3478/663/4927 3503/678/4928
f 3478/656/4929 3483/640/4930 3503/679/4931
f 3483/640/4930 3479/642/4860 3503/679/4931
f 3495/665/4932 3473/632/4843 3472/631/4842
f 3500/671/4933 3498/666/4934 3504/680/4935
f 3504/680/4936 3480/636/4937 3502/674/4938
f 3500/671/4933 3504/680/4936 3502/674/4939
f 3504/680/5425 3498/666/4941 3495/665/4932
f 3472/631/4842 3504/680/4942 3495/665/4943
f 3497/667/5347 3499/669/4945 3496/681/5349
f 3501/672/4947 3475/661/4903 3496/681/4948
f 3499/669/4949 3501/672/4917 3496/681/4948
f 3473/633/4950 3495/682/4951 3474/634/4952
f 3474/634/4953 3495/682/4954 3497/667/4955
f 3496/681/4956 3474/634/4957 3497/667/4958
f 3505/602/4959 3449/601/4960 3451/600/4961
f 3506/603/4962 3505/602/4963 3451/600/4964
f 3506/606/5426 3450/605/4966 3505/604/4967
f 3506/606/4968 3460/607/4969 3450/605/4970
f 3451/600/4971 3507/608/4972 3506/603/4962
f 3454/609/4974 3507/608/5355 3451/600/4976
f 3507/612/4977 3508/611/4978 3462/610/4979
f 3508/611/4980 3464/613/4981 3462/610/4982
f 3508/611/4983 3509/614/4984 3464/613/4981
f 3509/614/5357 3466/615/5358 3464/613/5359
f 3509/614/4988 3510/616/4989 3466/615/4986
f 3510/616/4990 3468/617/4991 3466/615/4986
f 3510/616/4992 3511/618/4993 3468/617/4994
f 3454/609/4995 3508/619/4996 3507/608/4972
f 3455/620/4997 3508/619/4998 3454/609/4999
f 3456/621/5000 3508/619/5001 3455/620/5002
f 3456/621/5003 3509/622/5004 3508/619/4996
f 3456/621/5005 3510/623/5006 3509/622/5007
f 3457/624/5427 3510/623/5009 3456/621/5010
f 3458/625/5011 3510/623/5006 3457/624/5012
f 3458/625/5013 3511/626/5014 3510/623/5015
f 3459/627/5016 3511/626/5017 3458/625/5018
f 3459/627/5016 3512/628/5019 3511/626/5020
f 3512/629/5021 3468/617/5022 3511/618/5023
f 3512/629/5021 3471/630/5024 3468/617/5025
f 3512/629/5021 3472/631/5026 3471/630/5027
f 3512/629/5021 3513/632/5028 3472/631/5029
f 3459/627/5030 3513/633/5031 3512/628/5019
f 3459/627/5030 3474/634/5032 3513/633/5031
f 3515/637/5033 3480/636/5034 3514/635/5035
f 3515/637/5033 3481/638/5036 3480/636/5037
f 3515/637/5038 3482/639/5039 3481/638/5040
f 3517/642/5041 3519/641/5042 3518/640/5043
f 3517/642/5041 3520/643/4658 3519/641/5042
f 3520/643/4658 3521/644/5044 3519/641/5042
f 3520/643/4658 3522/645/5045 3521/644/5046
f 3519/647/5047 3482/639/5048 3518/646/5049
f 3519/647/5047 3488/648/5050 3482/639/5039
f 3521/649/5051 3488/648/5056 3519/647/5053
f 3521/649/5054 3489/650/5055 3488/648/5052
f 3521/649/5051 3490/651/5057 3489/650/5058
f 3521/649/5059 3491/652/5060 3490/651/5061
f 3522/653/5062 3491/652/5428 3521/649/5064
f 3493/654/5065 3507/612/5429 3462/610/4979
f 3493/654/5371 3460/607/5068 3506/606/5069
f 3493/654/5368 3506/606/5372 3507/612/4977
f 3523/655/5071 3518/646/5072 3482/639/5073
f 3523/657/5074 3516/656/5075 3518/640/5043
f 3523/657/5074 3515/658/5076 3516/656/5075
f 3523/655/5077 3482/639/5039 3515/637/5078
f 3475/661/5079 3515/660/5080 3514/659/5081
f 3515/660/5080 3475/661/5082 3492/662/5083
f 3515/660/5084 3492/662/5083 3516/663/5085
f 3526/666/5086 3524/665/5087 3525/664/5088
f 3527/669/5089 3526/668/5086 3525/667/5088
f 3528/671/5090 3526/666/5091 3527/670/5089
f 3529/672/5092 3475/661/5430 3514/659/5093
f 3529/672/5094 3528/673/5090 3527/669/5089
f 3530/674/5095 3514/635/5096 3480/636/5097
f 3530/675/5098 3529/672/5099 3514/659/5100
f 3530/674/5095 3528/671/5101 3529/676/5099
f 3531/678/5102 3492/662/5103 3517/677/5041
f 3531/678/5105 3516/663/5085 3492/662/5106
f 3531/679/5107 3518/640/5043 3516/656/5075
f 3531/679/5109 3517/642/5041 3518/640/5043
f 3472/631/5110 3513/632/5028 3524/665/5111
f 3504/680/5112 3526/666/5431 3528/671/5432
f 3530/674/5115 3480/636/5116 3504/680/5112
f 3530/674/5117 3504/680/5112 3528/671/5118
f 3524/665/5122 3526/666/5120 3504/680/5121
f 3524/665/5122 3504/680/5123 3472/631/5029
f 3496/681/5124 3527/669/5125 3525/667/5126
f 3496/681/5127 3475/661/5128 3529/672/5092
f 3496/681/5124 3529/672/5092 3527/669/5129
f 3474/634/5032 3524/682/5087 3513/633/5130
f 3525/667/5131 3524/682/5132 3474/634/5133
f 3525/667/5126 3474/634/5134 3496/681/5135
f 3449/601/5136 3505/602/5137 3452/602/5137
f 3452/604/5138 3505/604/5138 3450/605/5139
f 3491/652/5140 3522/653/5141 3487/653/5142
f 3479/677/5143 3517/677/5143 3492/662/5143
f 3338/532/5144 3352/532/5145 3351/533/5146
f 3337/533/5146 3338/532/5384 3351/533/5146
f 3337/533/5147 3351/533/5147 3354/534/5155
f 3340/534/5386 3337/533/5147 3354/534/5433
f 3344/535/5151 3358/535/5152 3353/531/5153
f 3339/531/5153 3344/535/5151 3353/531/5153
f 3340/534/5154 3354/534/5155 3359/536/5156
f 3345/536/5157 3340/534/5387 3359/536/5157
f 3339/531/5158 3353/531/5158 3360/538/5159
f 3346/538/5160 3339/531/5158 3360/538/5159
f 3347/539/5161 3361/539/5161 3355/537/5162
f 3341/537/5163 3347/539/5161 3355/537/5162
f 3346/538/5160 3360/538/5164 3356/540/5165
f 3342/540/5166 3346/538/5389 3356/540/5165
f 3348/541/5167 3362/541/5167 3361/539/5167
f 3347/539/5434 3348/541/5434 3361/539/5434
f 3342/540/5168 3356/540/5169 3362/541/5170
f 3348/541/5170 3342/540/5171 3362/541/5170
f 3349/542/5172 3363/542/5173 3352/532/5174
f 3338/532/5175 3349/542/5172 3352/532/5174
f 3341/537/5176 3355/537/5177 3363/542/5173
f 3349/542/5172 3341/537/5391 3363/542/5173
f 3343/543/5178 3357/543/5179 3358/535/5180
f 3344/535/5181 3343/543/5178 3358/535/5180
f 3350/544/5182 3364/544/5183 3357/543/5184
f 3343/543/5185 3350/544/5182 3357/543/5435
f 3345/536/5392 3359/536/5392 3364/544/5187
f 3350/544/5188 3345/536/5186 3364/544/5189
f 3344/535/5190 3358/535/5190 3359/536/5191
f 3345/536/5191 3344/535/5190 3359/536/5191
f 3343/543/5178 3357/543/5179 3358/535/5180
f 3344/535/5181 3343/543/5178 3358/535/5180
f 3345/536/5192 3359/536/5193 3357/543/5194
f 3343/543/5195 3345/536/5193 3357/543/5196
f 3394/562/4657 3393/561/4657 3395/683/4657
f 3396/684/4657 3394/562/4657 3395/683/4657
f 3436/684/4658 3435/683/4658 3433/561/4658
f 3434/562/4658 3436/684/4658 3433/561/4658
f 3377/547/5197 3417/547/5198 3419/545/5199
f 3379/545/5200 3377/547/5394 3419/545/5199
f 3379/545/5202 3419/545/5199 3421/548/5203
f 3381/548/5204 3379/545/5205 3421/548/5206
f 3382/550/5207 3422/550/5436 3420/549/5437
f 3380/549/5438 3382/550/5207 3420/549/5211
f 3381/548/5439 3421/548/5213 3423/551/5216
f 3383/551/5215 3381/548/5439 3423/551/5216
f 3383/551/5217 3423/551/5216 3424/552/5218
f 3384/552/5219 3383/551/5397 3424/552/5218
f 3385/553/5220 3425/553/5398 3422/550/5440
f 3382/550/5223 3385/553/5400 3422/550/5222
f 3386/554/5224 3426/554/5224 3425/553/5225
f 3385/553/5226 3386/554/5224 3425/553/5225
f 3384/552/5227 3424/552/5228 3427/555/5229
f 3387/555/5230 3384/552/5227 3427/555/5229
f 3388/556/5231 3428/556/5232 3426/554/5233
f 3386/554/5233 3388/556/5231 3426/554/5233
f 3387/555/5230 3427/555/5405 3429/557/5235
f 3389/557/5236 3387/555/5230 3429/557/5235
f 3390/558/5237 3430/558/5238 3428/556/5239
f 3388/556/5240 3390/558/5237 3428/556/5239
f 3389/557/5241 3429/557/5242 3431/559/5246
f 3391/559/5244 3389/557/5245 3431/559/5246
f 3392/560/5247 3432/560/5248 3430/558/5238
f 3390/558/5249 3392/560/5247 3430/558/5238
f 3391/559/5250 3431/559/5246 3433/561/5251
f 3393/561/5252 3391/559/5250 3433/561/5251
f 3394/562/5253 3434/562/5254 3432/560/5255
f 3392/560/5256 3394/562/5441 3432/560/5255
f 3380/549/5258 3420/549/5259 3418/546/5260
f 3378/546/5261 3380/549/5258 3418/546/5260
f 3378/546/5262 3418/546/5263 3415/563/5264
f 3375/563/5265 3378/546/5262 3415/563/5264
f 3395/683/5266 3435/683/5266 3436/684/5267
f 3396/684/5268 3395/683/5266 3436/684/5269
f 3393/561/5270 3433/561/5271 3435/683/5272
f 3395/683/5272 3393/561/5270 3435/683/5272
f 3396/684/5273 3436/684/5274 3434/562/5275
f 3394/562/5411 3396/684/5273 3434/562/5275
f 3375/563/5277 3415/563/5278 3414/564/5279
f 3373/564/5412 3375/563/5413 3414/564/5279
f 3373/564/5281 3414/564/5282 3413/569/5283
f 3371/569/5284 3373/564/5281 3413/569/5283
f 3370/576/5288 3412/576/5288 3411/574/5286
f 3367/574/5287 3370/576/5288 3411/574/5286
f 3371/569/5289 3413/569/5442 3412/576/5443
f 3370/576/5292 3371/569/5293 3412/576/5292
f 3365/586/5295 3409/586/5295 3410/584/5295
f 3366/584/5415 3365/586/5415 3410/584/5415
f 3366/584/5296 3410/584/5296 3437/588/5296
f 3397/588/5296 3366/584/5296 3437/588/5296
f 3367/596/5297 3411/596/5286 3409/586/5298
f 3365/586/5298 3367/596/5299 3409/586/5298
f 3376/599/5300 3416/599/5300 3417/547/5444
f 3377/547/5302 3376/599/5300 3417/547/5301
f 3485/643/5303 3520/643/5304 3517/642/5305
f 3479/642/5305 3485/643/5303 3517/642/5305
f 3487/645/5142 3522/645/5306 3520/643/5307
f 3485/643/5308 3487/645/5142 3520/643/5307
f 3534/531/4657 3533/532/4657 3532/533/4657
f 3532/533/4657 3535/534/4657 3534/531/4657
f 3534/531/4657 3535/534/4657 3539/535/4657
f 3535/534/4657 3540/536/4657 3539/535/4657
f 3536/537/4657 3534/531/4657 3541/538/4657
f 3541/538/4657 3542/539/4657 3536/537/4657
f 3541/538/4657 3537/540/4657 3542/539/4657
f 3537/540/4657 3543/541/4657 3542/539/4657
f 3533/532/4657 3534/531/4657 3544/542/4657
f 3534/531/4657 3536/537/4657 3544/542/4657
f 3538/543/4657 3539/535/4657 3545/544/4657
f 3539/535/4657 3540/536/4657 3545/544/4657
f 3538/543/4657 3539/535/4657 3540/536/4657
f 3546/533/4658 3547/532/4658 3548/531/4658
f 3548/531/4658 3549/534/4658 3546/533/4658
f 3553/535/4658 3549/534/4658 3548/531/4658
f 3553/535/4658 3554/536/4658 3549/534/4658
f 3555/538/4658 3548/531/4658 3550/537/4658
f 3550/537/4658 3556/539/4658 3555/538/4658
f 3556/539/4658 3551/540/4658 3555/538/4658
f 3556/539/4658 3557/541/4658 3551/540/4658
f 3558/542/4658 3548/531/4658 3547/532/4658
f 3558/542/4658 3550/537/4658 3548/531/4658
f 3559/544/4659 3553/535/4659 3552/543/4659
f 3559/544/4658 3554/536/4658 3553/535/4658
f 3554/536/4659 3553/535/4659 3552/543/4659
f 3574/545/4660 3573/546/4660 3572/547/4661
f 3576/548/4657 3575/549/4657 3574/545/4657
f 3577/550/4657 3575/549/4657 3576/548/4657
f 3578/551/4657 3577/550/4657 3576/548/4657
f 3579/552/4657 3577/550/4657 3578/551/4657
f 3580/553/4657 3577/550/4657 3579/552/4657
f 3581/554/4657 3580/553/4657 3579/552/4657
f 3582/555/4657 3581/554/4657 3579/552/4657
f 3583/556/4657 3581/554/4657 3582/555/4657
f 3584/557/4657 3583/556/4657 3582/555/4657
f 3585/558/4657 3583/556/4657 3584/557/4657
f 3586/559/4657 3585/558/4657 3584/557/4657
f 3587/560/4657 3585/558/4657 3586/559/4657
f 3588/561/4657 3587/560/4657 3586/559/4657
f 3589/562/4657 3587/560/4657 3588/561/4657
f 3575/549/4660 3573/546/4660 3574/545/4660
f 3573/546/4657 3570/563/4657 3572/547/4661
f 3568/564/4657 3593/565/5445 3570/563/4657
f 3571/566/4664 3593/567/4665 3569/568/5309
f 3566/569/4657 3594/570/4667 3568/564/4657
f 3569/568/5416 3594/571/4669 3567/572/5311
f 3568/564/4657 3594/570/5312 3593/565/4672
f 3593/567/4673 3594/571/5313 3569/568/4668
f 3567/572/5314 3594/571/5446 3564/573/5417
f 3562/574/4657 3595/575/4679 3565/576/4657
f 3564/573/4680 3595/577/4681 3563/578/4682
f 3594/571/4683 3595/577/4684 3564/573/5447
f 3565/576/4657 3595/575/4686 3566/569/4657
f 3566/569/4657 3595/575/4686 3594/570/4687
f 3595/577/4688 3596/579/4689 3563/578/4690
f 3562/574/4657 3596/580/4691 3595/575/4692
f 3562/574/4657 3597/581/4693 3596/580/4694
f 3596/579/4695 3597/582/5448 3563/578/4697
f 3562/574/4657 3598/583/4657 3597/581/4693
f 3561/584/4698 3601/585/4699 3560/586/4657
f 3601/585/4699 3599/587/4657 3560/586/4657
f 3592/588/5418 3601/585/4701 3561/584/4702
f 3602/589/4703 3592/588/4704 3563/578/5449
f 3563/578/4705 3597/582/4706 3602/589/4707
f 3601/585/4699 3603/590/4708 3599/587/4662
f 3598/591/4657 3603/590/4709 3600/592/4657
f 3599/587/4662 3603/590/4711 3598/591/4662
f 3603/593/4711 3602/594/4712 3600/595/4662
f 3598/591/4657 3560/586/4657 3599/587/4657
f 3562/596/4657 3560/586/4657 3598/591/4657
f 3598/591/4657 3600/592/4657 3597/582/4693
f 3597/582/4693 3600/592/4662 3602/589/4712
f 3601/597/4701 3592/598/4713 3603/593/4714
f 3603/593/4714 3592/598/5419 3602/594/4716
f 3593/565/4717 3571/599/4718 3572/547/4719
f 3570/563/4660 3593/565/4672 3572/547/4720
f 3612/547/4721 3613/546/4659 3614/545/4659
f 3614/545/4659 3615/549/4659 3616/548/4659
f 3616/548/4658 3615/549/4658 3617/550/4658
f 3616/548/4658 3617/550/4658 3618/551/4658
f 3618/551/4659 3617/550/4659 3619/552/4659
f 3619/552/4658 3617/550/4658 3620/553/4658
f 3619/552/4658 3620/553/4658 3621/554/4658
f 3619/552/4658 3621/554/4658 3622/555/4658
f 3622/555/4658 3621/554/4658 3623/556/4658
f 3622/555/4658 3623/556/4658 3624/557/4658
f 3624/557/4658 3623/556/4658 3625/558/4658
f 3624/557/4658 3625/558/4658 3626/559/4658
f 3626/559/4658 3625/558/4658 3627/560/4658
f 3626/559/4658 3627/560/4658 3628/561/4658
f 3628/561/4658 3627/560/4658 3629/562/4658
f 3614/545/4659 3613/546/4659 3615/549/4659
f 3612/547/4721 3610/563/4659 3613/546/4659
f 3610/563/4658 3633/565/4722 3609/564/4658
f 3569/568/5420 3633/567/4724 3611/566/4725
f 3609/564/4658 3634/570/4726 3608/569/4658
f 3567/572/4735 3634/571/4728 3569/568/5420
f 3633/565/4729 3634/570/4730 3609/564/4658
f 3569/568/4723 3634/571/5317 3633/567/5421
f 3564/573/4733 3634/571/4734 3567/572/4735
f 3607/576/4658 3635/575/4736 3606/574/4658
f 3563/578/4737 3635/577/4738 3564/573/4739
f 3564/573/5450 3635/577/4741 3634/571/4742
f 3608/569/4658 3635/575/4743 3607/576/4658
f 3634/570/4730 3635/575/4744 3608/569/4658
f 3563/578/4745 3636/579/4746 3635/577/4747
f 3635/575/4743 3636/580/4746 3606/574/4658
f 3636/580/4746 3637/581/4749 3606/574/4659
f 3563/578/4750 3637/582/4751 3636/579/5422
f 3637/581/4749 3638/583/4658 3606/574/4658
f 3604/586/4658 3641/585/4753 3605/584/4754
f 3604/586/4658 3639/587/4658 3641/585/4755
f 3605/584/5321 3641/585/4757 3632/588/5322
f 3563/578/4759 3632/588/4760 3642/589/4761
f 3642/589/5323 3637/582/4763 3563/578/4750
f 3639/587/4658 3643/590/4764 3641/585/4755
f 3640/592/4659 3643/590/4764 3638/591/4659
f 3638/591/4658 3643/590/4764 3639/587/4658
f 3640/595/4658 3642/594/4766 3643/593/4764
f 3639/587/4658 3604/586/4658 3638/591/4658
f 3638/591/4658 3604/586/4658 3606/596/4658
f 3637/582/4767 3640/592/4658 3638/591/4658
f 3642/589/4768 3640/592/4659 3637/582/4749
f 3643/593/4769 3632/598/4770 3641/597/4755
f 3642/594/4771 3632/598/4772 3643/593/4769
f 3612/547/4773 3611/599/4774 3633/565/4775
f 3612/547/4721 3633/565/4776 3610/563/4659
f 3569/568/4675 3611/566/4777 3571/566/4777
f 3592/588/4778 3632/588/4778 3563/578/4778
f 3646/600/4779 3644/601/4780 3647/602/4781
f 3646/600/4782 3647/602/4783 3648/603/4784
f 3647/604/4785 3645/605/4786 3648/606/4787
f 3645/605/4788 3655/607/4789 3648/606/5451
f 3648/603/4791 3656/608/4792 3646/600/4793
f 3646/600/4793 3656/608/4792 3649/609/4794
f 3657/610/4798 3658/611/4796 3656/612/4797
f 3657/610/4795 3659/613/5452 3658/611/5453
f 3659/613/4800 3660/614/4805 3658/611/4802
f 3659/613/4803 3661/615/4804 3660/614/4805
f 3661/615/4804 3662/616/4806 3660/614/4807
f 3661/615/4808 3663/617/4809 3662/616/5326
f 3663/617/5327 3664/618/4811 3662/616/4812
f 3656/608/4792 3658/619/4813 3649/609/4794
f 3649/609/4814 3658/619/4815 3650/620/4816
f 3650/620/4817 3658/619/4813 3651/621/4818
f 3658/619/4819 3660/622/5454 3651/621/4818
f 3660/622/4821 3662/623/4822 3651/621/4823
f 3651/621/4824 3662/623/4825 3652/624/4826
f 3652/624/4826 3662/623/4828 3653/625/4831
f 3662/623/4825 3664/626/4830 3653/625/4831
f 3653/625/4831 3664/626/4832 3654/627/4833
f 3664/626/4830 3665/628/4834 3654/627/4835
f 3664/618/4836 3663/617/5327 3665/629/4838
f 3663/617/4809 3666/630/5328 3665/629/4840
f 3666/630/5328 3667/631/4842 3665/629/4840
f 3667/631/4842 3668/632/4843 3665/629/4840
f 3665/628/4844 3668/633/4845 3654/627/4846
f 3668/633/4847 3669/634/4848 3654/627/4846
f 3671/635/5329 3675/636/4851 3672/637/5455
f 3675/636/5330 3676/638/5331 3672/637/4855
f 3676/638/4856 3677/639/4857 3672/637/4855
f 3678/640/4858 3679/641/4859 3674/642/4860
f 3679/641/4861 3680/643/4657 3674/642/4860
f 3679/641/4862 3681/644/4863 3680/643/4657
f 3681/644/4864 3682/645/4865 3680/643/4657
f 3678/646/5456 3677/639/4857 3679/647/4868
f 3677/639/5333 3683/648/5334 3679/647/4868
f 3679/647/5457 3683/648/4871 3681/649/5458
f 3683/648/4873 3684/650/4874 3681/649/4875
f 3684/650/4876 3685/651/4877 3681/649/4872
f 3685/651/4878 3686/652/4879 3681/649/4875
f 3681/649/4875 3686/652/5335 3682/653/4881
f 3657/610/4882 3656/612/4883 3688/654/4884
f 3648/606/4885 3655/607/5337 3688/654/4887
f 3656/612/4883 3648/606/4790 3688/654/4884
f 3677/639/5338 3678/646/4891 3689/655/4892
f 3678/640/4930 3673/656/4929 3689/657/4895
f 3673/656/4894 3672/658/4907 3689/657/4895
f 3672/637/4898 3677/639/5333 3689/655/4900
f 3671/659/4901 3672/660/4902 3670/661/4903
f 3687/662/4904 3670/661/5459 3672/660/4905
f 3673/663/4906 3687/662/4904 3672/660/4907
f 3692/664/5339 3690/665/4909 3693/666/4910
f 3692/667/4911 3693/668/4912 3694/669/5340
f 3694/670/4914 3693/666/4912 3695/671/4915
f 3671/659/5460 3670/661/4903 3696/672/5461
f 3694/669/4913 3695/673/4918 3696/672/4919
f 3675/636/5341 3671/635/4920 3697/674/4921
f 3671/659/4850 3696/672/5342 3697/675/4923
f 3696/676/4919 3695/671/4915 3697/674/5343
f 3674/677/4924 3687/662/5462 3698/678/4926
f 3687/662/4925 3673/663/4927 3698/678/4928
f 3673/656/4894 3678/640/4930 3698/679/4931
f 3678/640/4930 3674/642/4860 3698/679/5345
f 3690/665/4932 3668/632/4843 3667/631/4842
f 3695/671/4933 3693/666/4941 3699/680/4940
f 3699/680/4936 3675/636/5463 3697/674/4938
f 3695/671/4933 3699/680/5346 3697/674/4939
f 3699/680/5425 3693/666/4941 3690/665/4932
f 3667/631/4842 3699/680/4942 3690/665/4943
f 3692/667/5347 3694/669/5348 3691/681/5349
f 3696/672/4947 3670/661/4903 3691/681/4948
f 3694/669/4949 3696/672/4917 3691/681/4948
f 3668/633/5350 3690/682/4951 3669/634/4952
f 3669/634/4953 3690/682/4951 3692/667/4955
f 3691/681/5464 3669/634/4957 3692/667/5465
f 3700/602/4959 3644/601/5352 3646/600/4961
f 3701/603/4962 3700/602/4963 3646/600/4964
f 3701/606/5426 3645/605/4966 3700/604/4967
f 3701/606/4968 3655/607/4969 3645/605/4970
f 3646/600/4971 3702/608/4972 3701/603/4973
f 3649/609/5466 3702/608/5355 3646/600/4976
f 3702/612/4977 3703/611/4983 3657/610/4979
f 3703/611/4980 3659/613/4981 3657/610/5467
f 3703/611/4983 3704/614/5356 3659/613/4981
f 3704/614/5357 3661/615/5358 3659/613/5359
f 3704/614/4988 3705/616/4989 3661/615/4986
f 3705/616/4990 3663/617/4991 3661/615/5360
f 3705/616/4992 3706/618/4993 3663/617/5025
f 3649/609/4995 3703/619/4996 3702/608/4972
f 3650/620/4997 3703/619/4998 3649/609/4999
f 3651/621/5000 3703/619/5001 3650/620/5002
f 3651/621/5003 3704/622/5004 3703/619/4996
f 3651/621/5005 3705/623/5006 3704/622/5007
f 3652/624/5012 3705/623/5009 3651/621/5362
f 3653/625/5011 3705/623/5006 3652/624/5012
f 3653/625/5013 3706/626/5014 3705/623/5015
f 3654/627/5016 3706/626/5017 3653/625/5363
f 3654/627/5016 3707/628/5019 3706/626/5020
f 3707/629/5021 3663/617/5364 3706/618/5023
f 3707/629/5021 3666/630/5365 3663/617/5025
f 3707/629/5366 3667/631/5026 3666/630/5365
f 3707/629/5021 3708/632/5028 3667/631/5029
f 3654/627/5030 3708/633/5031 3707/628/5019
f 3654/627/5030 3669/634/5032 3708/633/5031
f 3710/637/5033 3675/636/5034 3709/635/5035
f 3710/637/5033 3676/638/5036 3675/636/5037
f 3710/637/5038 3677/639/5039 3676/638/5040
f 3712/642/5041 3714/641/5042 3713/640/5043
f 3712/642/5041 3715/643/4658 3714/641/5042
f 3715/643/4658 3716/644/5044 3714/641/5042
f 3715/643/4658 3717/645/5045 3716/644/5046
f 3714/647/5047 3677/639/5039 3713/646/5049
f 3714/647/5047 3683/648/5050 3677/639/5039
f 3716/649/5051 3683/648/5056 3714/647/5053
f 3716/649/5054 3684/650/5055 3683/648/5056
f 3716/649/5051 3685/651/5057 3684/650/5058
f 3716/649/5059 3686/652/5060 3685/651/5061
f 3717/653/5062 3686/652/5367 3716/649/5064
f 3688/654/5065 3702/612/5066 3657/610/4979
f 3688/654/5371 3655/607/5068 3701/606/5069
f 3688/654/5368 3701/606/5372 3702/612/4977
f 3718/655/5071 3713/646/5072 3677/639/5373
f 3718/657/5074 3711/656/5075 3713/640/5043
f 3718/657/5074 3710/658/5076 3711/656/5075
f 3718/655/5374 3677/639/5375 3710/637/5376
f 3670/661/5377 3710/660/5080 3709/659/5081
f 3710/660/5080 3670/661/5082 3687/662/5083
f 3710/660/5084 3687/662/5083 3711/663/5085
f 3721/666/5086 3719/665/5087 3720/664/5088
f 3722/669/5089 3721/668/5086 3720/667/5088
f 3723/671/5090 3721/666/5091 3722/670/5089
f 3724/672/5092 3670/661/5430 3709/659/5468
f 3724/672/5094 3723/673/5090 3722/669/5089
f 3725/674/5095 3709/635/5096 3675/636/5097
f 3725/675/5098 3724/672/5099 3709/659/5100
f 3725/674/5095 3723/671/5378 3724/676/5099
f 3726/678/5379 3687/662/5103 3712/677/5104
f 3726/678/5105 3711/663/5085 3687/662/5106
f 3726/679/5107 3713/640/5043 3711/656/5075
f 3726/679/5107 3712/642/5041 3713/640/5043
f 3667/631/5026 3708/632/5028 3719/665/5111
f 3699/680/5112 3721/666/5113 3723/671/5114
f 3725/674/5469 3675/636/5470 3699/680/5112
f 3725/674/5471 3699/680/5112 3723/671/5118
f 3719/665/5122 3721/666/5472 3699/680/5112
f 3719/665/5111 3699/680/5473 3667/631/5026
f 3691/681/5474 3722/669/5125 3720/667/5126
f 3691/681/5124 3670/661/5128 3724/672/5092
f 3691/681/5124 3724/672/5092 3722/669/5129
f 3669/634/5032 3719/682/5087 3708/633/5130
f 3720/667/5131 3719/682/5132 3669/634/5475
f 3720/667/5126 3669/634/5134 3691/681/5135
f 3644/601/5136 3700/602/5137 3647/602/5137
f 3647/604/5138 3700/604/5138 3645/605/5139
f 3686/652/5140 3717/653/5141 3682/653/5142
f 3674/677/5143 3712/677/5143 3687/662/5143
f 3533/532/5144 3547/532/5385 3546/533/5146
f 3532/533/5146 3533/532/5384 3546/533/5146
f 3532/533/5147 3546/533/5147 3549/534/5148
f 3535/534/5149 3532/533/5147 3549/534/5155
f 3539/535/5151 3553/535/5152 3548/531/5153
f 3534/531/5153 3539/535/5151 3548/531/5153
f 3535/534/5387 3549/534/5155 3554/536/5388
f 3540/536/5157 3535/534/5387 3554/536/5388
f 3534/531/5158 3548/531/5158 3555/538/5159
f 3541/538/5160 3534/531/5158 3555/538/5159
f 3542/539/5161 3556/539/5161 3550/537/5162
f 3536/537/5163 3542/539/5161 3550/537/5162
f 3541/538/5160 3555/538/5164 3551/540/5165
f 3537/540/5166 3541/538/5389 3551/540/5165
f 3543/541/5167 3557/541/5167 3556/539/5167
f 3542/539/5434 3543/541/5434 3556/539/5434
f 3537/540/5168 3551/540/5169 3557/541/5170
f 3543/541/5170 3537/540/5171 3557/541/5170
f 3544/542/5172 3558/542/5173 3547/532/5174
f 3533/532/5390 3544/542/5172 3547/532/5174
f 3536/537/5176 3550/537/5177 3558/542/5173
f 3544/542/5172 3536/537/5176 3558/542/5173
f 3538/543/5178 3552/543/5179 3553/535/5180
f 3539/535/5181 3538/543/5178 3553/535/5180
f 3545/544/5182 3559/544/5183 3552/543/5184
f 3538/543/5185 3545/544/5182 3552/543/5184
f 3540/536/5392 3554/536/5392 3559/544/5187
f 3545/544/5188 3540/536/5476 3559/544/5189
f 3539/535/5190 3553/535/5190 3554/536/5477
f 3540/536/5191 3539/535/5190 3554/536/5191
f 3538/543/5178 3552/543/5179 3553/535/5180
f 3539/535/5181 3538/543/5178 3553/535/5180
f 3540/536/5192 3554/536/5193 3552/543/5194
f 3538/543/5195 3540/536/5193 3552/543/5196
f 3589/562/4657 3588/561/4657 3590/683/4657
f 3591/684/4662 3589/562/4662 3590/683/4662
f 3631/684/4658 3630/683/4658 3628/561/4658
f 3629/562/4658 3631/684/4658 3628/561/4658
f 3572/547/5478 3612/547/5479 3614/545/5199
f 3574/545/5200 3572/547/5197 3614/545/5199
f 3574/545/5205 3614/545/5199 3616/548/5206
f 3576/548/5480 3574/545/5205 3616/548/5206
f 3577/550/5207 3617/550/5436 3615/549/5211
f 3575/549/5438 3577/550/5207 3615/549/5395
f 3576/548/5212 3616/548/5213 3618/551/5214
f 3578/551/5396 3576/548/5439 3618/551/5216
f 3578/551/5217 3618/551/5216 3619/552/5218
f 3579/552/5219 3578/551/5217 3619/552/5218
f 3580/553/5220 3620/553/5398 3617/550/5440
f 3577/550/5223 3580/553/5220 3617/550/5222
f 3581/554/5224 3621/554/5224 3620/553/5225
f 3580/553/5226 3581/554/5224 3620/553/5225
f 3579/552/5227 3619/552/5228 3622/555/5229
f 3582/555/5230 3579/552/5227 3622/555/5402
f 3583/556/5231 3623/556/5403 3621/554/5233
f 3581/554/5233 3583/556/5231 3621/554/5233
f 3582/555/5404 3622/555/5405 3624/557/5406
f 3584/557/5236 3582/555/5230 3624/557/5235
f 3585/558/5237 3625/558/5238 3623/556/5239
f 3583/556/5240 3585/558/5237 3623/556/5239
f 3584/557/5245 3624/557/5407 3626/559/5246
f 3586/559/5244 3584/557/5245 3626/559/5246
f 3587/560/5408 3627/560/5248 3625/558/5238
f 3585/558/5249 3587/560/5408 3625/558/5238
f 3586/559/5250 3626/559/5246 3628/561/5251
f 3588/561/5252 3586/559/5250 3628/561/5251
f 3589/562/5253 3629/562/5254 3627/560/5255
f 3587/560/5256 3589/562/5253 3627/560/5255
f 3575/549/5258 3615/549/5410 3613/546/5260
f 3573/546/5261 3575/549/5258 3613/546/5260
f 3573/546/5262 3613/546/5263 3610/563/5264
f 3570/563/5265 3573/546/5262 3610/563/5264
f 3590/683/5266 3630/683/5266 3631/684/5269
f 3591/684/5268 3590/683/5266 3631/684/5269
f 3588/561/5270 3628/561/5271 3630/683/5272
f 3590/683/5272 3588/561/5270 3630/683/5272
f 3591/684/5273 3631/684/5274 3629/562/5275
f 3589/562/5411 3591/684/5273 3629/562/5275
f 3570/563/5413 3610/563/5278 3609/564/5279
f 3568/564/5280 3570/563/5277 3609/564/5279
f 3568/564/5281 3609/564/5282 3608/569/5283
f 3566/569/5284 3568/564/5281 3608/569/5283
f 3565/576/5288 3607/576/5288 3606/574/5286
f 3562/574/5287 3565/576/5285 3606/574/5286
f 3566/569/5289 3608/569/5290 3607/576/5292
f 3565/576/5443 3566/569/5293 3607/576/5443
f 3560/586/5294 3604/586/5294 3605/584/5294
f 3561/584/5415 3560/586/5415 3605/584/5415
f 3561/584/5296 3605/584/5296 3632/588/5296
f 3592/588/5296 3561/584/5296 3632/588/5296
f 3562/596/5299 3606/596/5286 3604/586/5298
f 3560/586/5298 3562/596/5299 3604/586/5298
f 3571/599/5300 3611/599/5300 3612/547/5481
f 3572/547/5302 3571/599/5300 3612/547/5301
f 3680/643/5303 3715/643/5304 3712/642/5305
f 3674/642/5305 3680/643/5303 3712/642/5305
f 3682/645/5142 3717/645/5306 3715/643/5307
f 3680/643/5308 3682/645/5142 3715/643/5307
f 3729/531/4657 3728/532/4657 3727/533/4657
f 3727/533/4657 3730/534/4657 3729/531/4657
f 3729/531/4657 3730/534/4657 3734/535/4657
f 3730/534/4657 3735/536/4657 3734/535/4657
f 3731/537/4657 3729/531/4657 3736/538/4657
f 3736/538/4657 3737/539/4657 3731/537/4657
f 3736/538/4657 3732/540/4657 3737/539/4657
f 3732/540/4657 3738/541/4657 3737/539/4657
f 3728/532/4662 3729/531/4662 3739/542/4662
f 3729/531/4657 3731/537/4657 3739/542/4657
f 3733/543/4657 3734/535/4657 3740/544/4657
f 3734/535/4657 3735/536/4657 3740/544/4657
f 3733/543/4657 3734/535/4657 3735/536/4657
f 3741/533/4658 3742/532/4658 3743/531/4658
f 3743/531/4658 3744/534/4658 3741/533/4658
f 3748/535/4658 3744/534/4658 3743/531/4658
f 3748/535/4659 3749/536/4659 3744/534/4659
f 3750/538/4658 3743/531/4658 3745/537/4658
f 3745/537/4658 3751/539/4658 3750/538/4658
f 3751/539/4658 3746/540/4658 3750/538/4658
f 3751/539/4658 3752/541/4658 3746/540/4658
f 3753/542/4658 3743/531/4658 3742/532/4658
f 3753/542/4658 3745/537/4658 3743/531/4658
f 3754/544/4658 3748/535/4658 3747/543/4658
f 3754/544/4658 3749/536/4658 3748/535/4658
f 3749/536/4658 3748/535/4658 3747/543/4658
f 3769/545/4660 3768/546/4660 3767/547/4661
f 3771/548/4657 3770/549/4657 3769/545/4657
f 3772/550/4657 3770/549/4657 3771/548/4657
f 3773/551/4657 3772/550/4657 3771/548/4657
f 3774/552/4657 3772/550/4657 3773/551/4657
f 3775/553/4657 3772/550/4657 3774/552/4657
f 3776/554/4657 3775/553/4657 3774/552/4657
f 3777/555/4657 3776/554/4657 3774/552/4657
f 3778/556/4657 3776/554/4657 3777/555/4657
f 3779/557/4657 3778/556/4657 3777/555/4657
f 3780/558/4657 3778/556/4657 3779/557/4657
f 3781/559/4657 3780/558/4657 3779/557/4657
f 3782/560/4657 3780/558/4657 3781/559/4657
f 3783/561/4657 3782/560/4657 3781/559/4657
f 3784/562/4657 3782/560/4657 3783/561/4657
f 3770/549/4660 3768/546/4660 3769/545/4660
f 3768/546/4660 3765/563/4660 3767/547/4661
f 3763/564/4657 3788/565/4663 3765/563/4657
f 3766/566/4664 3788/567/4665 3764/568/4666
f 3761/569/4657 3789/570/4667 3763/564/4657
f 3764/568/5416 3789/571/4669 3762/572/5311
f 3763/564/4657 3789/570/5312 3788/565/4672
f 3788/567/4673 3789/571/5313 3764/568/4675
f 3762/572/4676 3789/571/4677 3759/573/4678
f 3757/574/4657 3790/575/4679 3760/576/4657
f 3759/573/4680 3790/577/4681 3758/578/4682
f 3789/571/4683 3790/577/4684 3759/573/4685
f 3760/576/4657 3790/575/4686 3761/569/4657
f 3761/569/4657 3790/575/4686 3789/570/4687
f 3790/577/4688 3791/579/4689 3758/578/4690
f 3757/574/4657 3791/580/4691 3790/575/4692
f 3757/574/4657 3792/581/4693 3791/580/4694
f 3791/579/4695 3792/582/5448 3758/578/4697
f 3757/574/4657 3793/583/4657 3792/581/4693
f 3756/584/4698 3796/585/4699 3755/586/4657
f 3796/585/4699 3794/587/4662 3755/586/4662
f 3787/588/5418 3796/585/4701 3756/584/4702
f 3797/589/4703 3787/588/4704 3758/578/4697
f 3758/578/4705 3792/582/4706 3797/589/4707
f 3796/585/4699 3798/590/4708 3794/587/4662
f 3793/591/4657 3798/590/4709 3795/592/4657
f 3794/587/4657 3798/590/4710 3793/591/4657
f 3798/593/4711 3797/594/4712 3795/595/4662
f 3793/591/4657 3755/586/4657 3794/587/4657
f 3757/596/4657 3755/586/4657 3793/591/4657
f 3793/591/4657 3795/592/4657 3792/582/4693
f 3792/582/4693 3795/592/4657 3797/589/4712
f 3796/597/4701 3787/598/4713 3798/593/4714
f 3798/593/4714 3787/598/4715 3797/594/4716
f 3788/565/4717 3766/599/4718 3767/547/4719
f 3765/563/4657 3788/565/4672 3767/547/4720
f 3807/547/4721 3808/546/4659 3809/545/4659
f 3809/545/4659 3810/549/4659 3811/548/4659
f 3811/548/4658 3810/549/4658 3812/550/4658
f 3811/548/4658 3812/550/4658 3813/551/4658
f 3813/551/4658 3812/550/4658 3814/552/4658
f 3814/552/4658 3812/550/4658 3815/553/4658
f 3814/552/4658 3815/553/4658 3816/554/4658
f 3814/552/4658 3816/554/4658 3817/555/4658
f 3817/555/4658 3816/554/4658 3818/556/4658
f 3817/555/4658 3818/556/4658 3819/557/4658
f 3819/557/4658 3818/556/4658 3820/558/4658
f 3819/557/4658 3820/558/4658 3821/559/4658
f 3821/559/4658 3820/558/4658 3822/560/4658
f 3821/559/4658 3822/560/4658 3823/561/4658
f 3823/561/4658 3822/560/4658 3824/562/4658
f 3809/545/4659 3808/546/4659 3810/549/4659
f 3807/547/4721 3805/563/4659 3808/546/4659
f 3805/563/4658 3828/565/4722 3804/564/4658
f 3764/568/4723 3828/567/4724 3806/566/4725
f 3804/564/4658 3829/570/4726 3803/569/4658
f 3762/572/4727 3829/571/4728 3764/568/4723
f 3828/565/4729 3829/570/4730 3804/564/4658
f 3764/568/4731 3829/571/4728 3828/567/4732
f 3759/573/4733 3829/571/4734 3762/572/4735
f 3802/576/4658 3830/575/4736 3801/574/4658
f 3758/578/4737 3830/577/4738 3759/573/4739
f 3759/573/4740 3830/577/4741 3829/571/4742
f 3803/569/4658 3830/575/4743 3802/576/4658
f 3829/570/4730 3830/575/4744 3803/569/4658
f 3758/578/4745 3831/579/4746 3830/577/4747
f 3830/575/4743 3831/580/4748 3801/574/4658
f 3831/580/4748 3832/581/4749 3801/574/4658
f 3758/578/4750 3832/582/4751 3831/579/4752
f 3832/581/4749 3833/583/4658 3801/574/4658
f 3799/586/4659 3836/585/4753 3800/584/4754
f 3799/586/4658 3834/587/4658 3836/585/4755
f 3800/584/5321 3836/585/4757 3827/588/5482
f 3758/578/4759 3827/588/4760 3837/589/4761
f 3837/589/4762 3832/582/4763 3758/578/4750
f 3834/587/4658 3838/590/4764 3836/585/4755
f 3835/592/4658 3838/590/4764 3833/591/4658
f 3833/591/4658 3838/590/4764 3834/587/4658
f 3835/595/4658 3837/594/4766 3838/593/4764
f 3834/587/4658 3799/586/4658 3833/591/4658
f 3833/591/4658 3799/586/4658 3801/596/4658
f 3832/582/4767 3835/592/4658 3833/591/4658
f 3837/589/4768 3835/592/4658 3832/582/4749
f 3838/593/4769 3827/598/4770 3836/597/4755
f 3837/594/4771 3827/598/4772 3838/593/4769
f 3807/547/4773 3806/599/4774 3828/565/4775
f 3807/547/4721 3828/565/4776 3805/563/4659
f 3764/568/4675 3806/566/4777 3766/566/4777
f 3787/588/4778 3827/588/4778 3758/578/4778
f 3841/600/4779 3839/601/4780 3842/602/4781
f 3841/600/4782 3842/602/4783 3843/603/4784
f 3842/604/4785 3840/605/4786 3843/606/4787
f 3840/605/5324 3850/607/4789 3843/606/4790
f 3843/603/4791 3851/608/4792 3841/600/4793
f 3841/600/4793 3851/608/4792 3844/609/4794
f 3852/610/4795 3853/611/4796 3851/612/4797
f 3852/610/4798 3854/613/4799 3853/611/4796
f 3854/613/4800 3855/614/4805 3853/611/4802
f 3854/613/4803 3856/615/5483 3855/614/4805
f 3856/615/4804 3857/616/4806 3855/614/5484
f 3856/615/4808 3858/617/4809 3857/616/4810
f 3858/617/4809 3859/618/4811 3857/616/4812
f 3851/608/4792 3853/619/4813 3844/609/4794
f 3844/609/4814 3853/619/4815 3845/620/4816
f 3845/620/4817 3853/619/4813 3846/621/4818
f 3853/619/4819 3855/622/4820 3846/621/4818
f 3855/622/4821 3857/623/4822 3846/621/4823
f 3846/621/4824 3857/623/4825 3847/624/4826
f 3847/624/4827 3857/623/4828 3848/625/4829
f 3857/623/4822 3859/626/4830 3848/625/4831
f 3848/625/4831 3859/626/4832 3849/627/4833
f 3859/626/4830 3860/628/4834 3849/627/4835
f 3859/618/4836 3858/617/4837 3860/629/4838
f 3858/617/4809 3861/630/4839 3860/629/4840
f 3861/630/4841 3862/631/4842 3860/629/4840
f 3862/631/4842 3863/632/4843 3860/629/4840
f 3860/628/4844 3863/633/4845 3849/627/4846
f 3863/633/4847 3864/634/4848 3849/627/4849
f 3866/635/4850 3870/636/4851 3867/637/4852
f 3870/636/4853 3871/638/4854 3867/637/4855
f 3871/638/4856 3872/639/4857 3867/637/4855
f 3873/640/4858 3874/641/4859 3869/642/4860
f 3874/641/4861 3875/643/4657 3869/642/4860
f 3874/641/4862 3876/644/4863 3875/643/4657
f 3876/644/4864 3877/645/4865 3875/643/4657
f 3873/646/4866 3872/639/4867 3874/647/4868
f 3872/639/4867 3878/648/4869 3874/647/4868
f 3874/647/4870 3878/648/4871 3876/649/4872
f 3878/648/4873 3879/650/4874 3876/649/4875
f 3879/650/4876 3880/651/4877 3876/649/4872
f 3880/651/4878 3881/652/4879 3876/649/4875
f 3876/649/4875 3881/652/4880 3877/653/4881
f 3852/610/4882 3851/612/4883 3883/654/4884
f 3843/606/4885 3850/607/5485 3883/654/4887
f 3851/612/4883 3843/606/4790 3883/654/4884
f 3872/639/4890 3873/646/4891 3884/655/4892
f 3873/640/4893 3868/656/4894 3884/657/4895
f 3868/656/4894 3867/658/4896 3884/657/4897
f 3867/637/4898 3872/639/4899 3884/655/4900
f 3866/659/4901 3867/660/4902 3865/661/4903
f 3882/662/4904 3865/661/4903 3867/660/4905
f 3868/663/4906 3882/662/4904 3867/660/4907
f 3887/664/4908 3885/665/4909 3888/666/4910
f 3887/667/4911 3888/668/4912 3889/669/5486
f 3889/670/4914 3888/666/5487 3890/671/4915
f 3866/659/4916 3865/661/4903 3891/672/4917
f 3889/669/4913 3890/673/4918 3891/672/4919
f 3870/636/4851 3866/635/4920 3892/674/4921
f 3866/659/4850 3891/672/4922 3892/675/4923
f 3891/676/4919 3890/671/4915 3892/674/5343
f 3869/677/4924 3882/662/4925 3893/678/4926
f 3882/662/4925 3868/663/4927 3893/678/4928
f 3868/656/4929 3873/640/4930 3893/679/4931
f 3873/640/4930 3869/642/4860 3893/679/4931
f 3885/665/4932 3863/632/4843 3862/631/4842
f 3890/671/4933 3888/666/4934 3894/680/4935
f 3894/680/4936 3870/636/4937 3892/674/4938
f 3890/671/4933 3894/680/4936 3892/674/4939
f 3894/680/4940 3888/666/4941 3885/665/4932
f 3862/631/4842 3894/680/4942 3885/665/4943
f 3887/667/4944 3889/669/4945 3886/681/4946
f 3891/672/4947 3865/661/4903 3886/681/4948
f 3889/669/4949 3891/672/4917 3886/681/4948
f 3863/633/4950 3885/682/4951 3864/634/4952
f 3864/634/4953 3885/682/4954 3887/667/4955
f 3886/681/4956 3864/634/4957 3887/667/5465
f 3895/602/4959 3839/601/4960 3841/600/4961
f 3896/603/5353 3895/602/4963 3841/600/4964
f 3896/606/5426 3840/605/4966 3895/604/4967
f 3896/606/4968 3850/607/4969 3840/605/4970
f 3841/600/4971 3897/608/4972 3896/603/4973
f 3844/609/4974 3897/608/5355 3841/600/4976
f 3897/612/4977 3898/611/4978 3852/610/4979
f 3898/611/4980 3854/613/4981 3852/610/5467
f 3898/611/4983 3899/614/4984 3854/613/4981
f 3899/614/4985 3856/615/4986 3854/613/4987
f 3899/614/4988 3900/616/4989 3856/615/4986
f 3900/616/4990 3858/617/4991 3856/615/4986
f 3900/616/4992 3901/618/5023 3858/617/4994
f 3844/609/4995 3898/619/4996 3897/608/4972
f 3845/620/4997 3898/619/4998 3844/609/4999
f 3846/621/5000 3898/619/5001 3845/620/5002
f 3846/621/5003 3899/622/5004 3898/619/4996
f 3846/621/5005 3900/623/5006 3899/622/5007
f 3847/624/5008 3900/623/5009 3846/621/5010
f 3848/625/5011 3900/623/5006 3847/624/5012
f 3848/625/5013 3901/626/5014 3900/623/5015
f 3849/627/5016 3901/626/5017 3848/625/5018
f 3849/627/5016 3902/628/5019 3901/626/5020
f 3902/629/5021 3858/617/5022 3901/618/5023
f 3902/629/5021 3861/630/5024 3858/617/5025
f 3902/629/5021 3862/631/5026 3861/630/5027
f 3902/629/5021 3903/632/5028 3862/631/5029
f 3849/627/5030 3903/633/5031 3902/628/5019
f 3849/627/5030 3864/634/5032 3903/633/5031
f 3905/637/5033 3870/636/5034 3904/635/5035
f 3905/637/5033 3871/638/5036 3870/636/5037
f 3905/637/5038 3872/639/5039 3871/638/5040
f 3907/642/5041 3909/641/5042 3908/640/5043
f 3907/642/5041 3910/643/4658 3909/641/5042
f 3910/643/4658 3911/644/5044 3909/641/5042
f 3910/643/4658 3912/645/5045 3911/644/5046
f 3909/647/5047 3872/639/5048 3908/646/5049
f 3909/647/5047 3878/648/5050 3872/639/5039
f 3911/649/5051 3878/648/5056 3909/647/5053
f 3911/649/5054 3879/650/5055 3878/648/5052
f 3911/649/5051 3880/651/5057 3879/650/5058
f 3911/649/5059 3881/652/5060 3880/651/5061
f 3912/653/5062 3881/652/5063 3911/649/5064
f 3883/654/5065 3897/612/5066 3852/610/4979
f 3883/654/5371 3850/607/5068 3896/606/5069
f 3883/654/5065 3896/606/5372 3897/612/4977
f 3913/655/5071 3908/646/5072 3872/639/5073
f 3913/657/5074 3906/656/5075 3908/640/5043
f 3913/657/5074 3905/658/5076 3906/656/5075
f 3913/655/5077 3872/639/5039 3905/637/5078
f 3865/661/5079 3905/660/5080 3904/659/5081
f 3905/660/5080 3865/661/5082 3882/662/5083
f 3905/660/5084 3882/662/5083 3906/663/5085
f 3916/666/5086 3914/665/5087 3915/664/5088
f 3917/669/5089 3916/668/5086 3915/667/5088
f 3918/671/5090 3916/666/5091 3917/670/5089
f 3919/672/5092 3865/661/5430 3904/659/5468
f 3919/672/5094 3918/673/5090 3917/669/5089
f 3920/674/5095 3904/635/5096 3870/636/5097
f 3920/675/5098 3919/672/5099 3904/659/5100
f 3920/674/5095 3918/671/5101 3919/676/5099
f 3921/678/5102 3882/662/5103 3907/677/5104
f 3921/678/5105 3906/663/5085 3882/662/5106
f 3921/679/5107 3908/640/5043 3906/656/5108
f 3921/679/5109 3907/642/5041 3908/640/5043
f 3862/631/5110 3903/632/5028 3914/665/5111
f 3894/680/5112 3916/666/5431 3918/671/5114
f 3920/674/5115 3870/636/5116 3894/680/5112
f 3920/674/5117 3894/680/5112 3918/671/5118
f 3914/665/5122 3916/666/5472 3894/680/5121
f 3914/665/5122 3894/680/5123 3862/631/5029
f 3886/681/5127 3917/669/5125 3915/667/5126
f 3886/681/5127 3865/661/5128 3919/672/5092
f 3886/681/5124 3919/672/5092 3917/669/5129
f 3864/634/5032 3914/682/5087 3903/633/5130
f 3915/667/5131 3914/682/5132 3864/634/5133
f 3915/667/5126 3864/634/5134 3886/681/5135
f 3839/601/5136 3895/602/5381 3842/602/5381
f 3842/604/5138 3895/604/5138 3840/605/5139
f 3881/652/5140 3912/653/5141 3877/653/5142
f 3869/677/5143 3907/677/5143 3882/662/5143
f 3728/532/5144 3742/532/5385 3741/533/5146
f 3727/533/5146 3728/532/5144 3741/533/5146
f 3727/533/5147 3741/533/5147 3744/534/5155
f 3730/534/5386 3727/533/5147 3744/534/5433
f 3734/535/5151 3748/535/5152 3743/531/5153
f 3729/531/5153 3734/535/5151 3743/531/5153
f 3730/534/5387 3744/534/5155 3749/536/5388
f 3735/536/5157 3730/534/5149 3749/536/5157
f 3729/531/5158 3743/531/5158 3750/538/5159
f 3736/538/5160 3729/531/5158 3750/538/5159
f 3737/539/5161 3751/539/5161 3745/537/5162
f 3731/537/5163 3737/539/5161 3745/537/5162
f 3736/538/5389 3750/538/5164 3746/540/5165
f 3732/540/5166 3736/538/5160 3746/540/5165
f 3738/541/5167 3752/541/5167 3751/539/5167
f 3737/539/5167 3738/541/5167 3751/539/5167
f 3732/540/5168 3746/540/5169 3752/541/5170
f 3738/541/5170 3732/540/5171 3752/541/5170
f 3739/542/5172 3753/542/5173 3742/532/5174
f 3728/532/5390 3739/542/5172 3742/532/5174
f 3731/537/5176 3745/537/5177 3753/542/5173
f 3739/542/5172 3731/537/5391 3753/542/5173
f 3733/543/5178 3747/543/5488 3748/535/5180
f 3734/535/5181 3733/543/5178 3748/535/5180
f 3740/544/5182 3754/544/5183 3747/543/5435
f 3733/543/5185 3740/544/5182 3747/543/5184
f 3735/536/5186 3749/536/5186 3754/544/5187
f 3740/544/5188 3735/536/5186 3754/544/5189
f 3734/535/5190 3748/535/5190 3749/536/5191
f 3735/536/5477 3734/535/5190 3749/536/5477
f 3733/543/5178 3747/543/5488 3748/535/5180
f 3734/535/5181 3733/543/5178 3748/535/5180
f 3735/536/5192 3749/536/5192 3747/543/5194
f 3733/543/5195 3735/536/5193 3747/543/5196
f 3784/562/4657 3783/561/4657 3785/683/4657
f 3786/684/4657 3784/562/4657 3785/683/4657
f 3826/684/4658 3825/683/4658 3823/561/4658
f 3824/562/4658 3826/684/4658 3823/561/4658
f 3767/547/5197 3807/547/5198 3809/545/5199
f 3769/545/5200 3767/547/5201 3809/545/5199
f 3769/545/5205 3809/545/5199 3811/548/5203
f 3771/548/5204 3769/545/5205 3811/548/5206
f 3772/550/5207 3812/550/5208 3810/549/5211
f 3770/549/5210 3772/550/5207 3810/549/5211
f 3771/548/5212 3811/548/5213 3813/551/5214
f 3773/551/5215 3771/548/5212 3813/551/5216
f 3773/551/5397 3813/551/5214 3814/552/5218
f 3774/552/5219 3773/551/5397 3814/552/5218
f 3775/553/5220 3815/553/5221 3812/550/5222
f 3772/550/5223 3775/553/5220 3812/550/5440
f 3776/554/5224 3816/554/5224 3815/553/5225
f 3775/553/5226 3776/554/5224 3815/553/5225
f 3774/552/5227 3814/552/5228 3817/555/5229
f 3777/555/5230 3774/552/5227 3817/555/5229
f 3778/556/5231 3818/556/5232 3816/554/5233
f 3776/554/5233 3778/556/5231 3816/554/5233
f 3777/555/5230 3817/555/5234 3819/557/5235
f 3779/557/5236 3777/555/5230 3819/557/5235
f 3780/558/5237 3820/558/5238 3818/556/5239
f 3778/556/5240 3780/558/5237 3818/556/5239
f 3779/557/5241 3819/557/5242 3821/559/5246
f 3781/559/5244 3779/557/5245 3821/559/5246
f 3782/560/5247 3822/560/5248 3820/558/5409
f 3780/558/5249 3782/560/5247 3820/558/5409
f 3781/559/5250 3821/559/5246 3823/561/5251
f 3783/561/5252 3781/559/5250 3823/561/5251
f 3784/562/5253 3824/562/5254 3822/560/5255
f 3782/560/5256 3784/562/5257 3822/560/5255
f 3770/549/5258 3810/549/5259 3808/546/5260
f 3768/546/5261 3770/549/5258 3808/546/5260
f 3768/546/5262 3808/546/5263 3805/563/5264
f 3765/563/5265 3768/546/5262 3805/563/5264
f 3785/683/5266 3825/683/5266 3826/684/5267
f 3786/684/5268 3785/683/5266 3826/684/5269
f 3783/561/5270 3823/561/5271 3825/683/5272
f 3785/683/5272 3783/561/5270 3825/683/5272
f 3786/684/5273 3826/684/5274 3824/562/5275
f 3784/562/5276 3786/684/5273 3824/562/5275
f 3765/563/5277 3805/563/5278 3804/564/5279
f 3763/564/5412 3765/563/5277 3804/564/5279
f 3763/564/5281 3804/564/5282 3803/569/5283
f 3761/569/5284 3763/564/5281 3803/569/5283
f 3760/576/5288 3802/576/5288 3801/574/5286
f 3757/574/5287 3760/576/5288 3801/574/5286
f 3761/569/5289 3803/569/5290 3802/576/5292
f 3760/576/5292 3761/569/5293 3802/576/5292
f 3755/586/5415 3799/586/5415 3800/584/5415
f 3756/584/5294 3755/586/5294 3800/584/5294
f 3756/584/5296 3800/584/5296 3827/588/5296
f 3787/588/5296 3756/584/5296 3827/588/5296
f 3757/596/5297 3801/596/5286 3799/586/5298
f 3755/586/5298 3757/596/5299 3799/586/5298
f 3766/599/5300 3806/599/5300 3807/547/5489
f 3767/547/5302 3766/599/5300 3807/547/5301
f 3875/643/5303 3910/643/5304 3907/642/5305
f 3869/642/5305 3875/643/5303 3907/642/5305
f 3877/645/5142 3912/645/5306 3910/643/5307
f 3875/643/5308 3877/645/5142 3910/643/5307
f 3924/531/4657 3923/532/4657 3922/533/4657
f 3922/533/4657 3925/534/4657 3924/531/4657
f 3924/531/4657 3925/534/4657 3929/535/4657
f 3925/534/4657 3930/536/4657 3929/535/4657
f 3926/537/4657 3924/531/4657 3931/538/4657
f 3931/538/4657 3932/539/4657 3926/537/4657
f 3931/538/4657 3927/540/4657 3932/539/4657
f 3927/540/4662 3933/541/4662 3932/539/4662
f 3923/532/4657 3924/531/4657 3934/542/4657
f 3924/531/4662 3926/537/4662 3934/542/4662
f 3928/543/4657 3929/535/4657 3935/544/4657
f 3929/535/4657 3930/536/4657 3935/544/4657
f 3928/543/4657 3929/535/4657 3930/536/4657
f 3936/533/4658 3937/532/4658 3938/531/4658
f 3938/531/4658 3939/534/4658 3936/533/4658
f 3943/535/4658 3939/534/4658 3938/531/4658
f 3943/535/4658 3944/536/4658 3939/534/4658
f 3945/538/4658 3938/531/4658 3940/537/4658
f 3940/537/4659 3946/539/4659 3945/538/4659
f 3946/539/4658 3941/540/4658 3945/538/4658
f 3946/539/4658 3947/541/4658 3941/540/4658
f 3948/542/4658 3938/531/4658 3937/532/4658
f 3948/542/4658 3940/537/4658 3938/531/4658
f 3949/544/4658 3943/535/4658 3942/543/4658
f 3949/544/4659 3944/536/4659 3943/535/4659
f 3944/536/4658 3943/535/4658 3942/543/4658
f 3964/545/4660 3963/546/4660 3962/547/4661
f 3966/548/4657 3965/549/4657 3964/545/4657
f 3967/550/4657 3965/549/4657 3966/548/4657
f 3968/551/4657 3967/550/4657 3966/548/4657
f 3969/552/4657 3967/550/4657 3968/551/4657
f 3970/553/4657 3967/550/4657 3969/552/4657
f 3971/554/4657 3970/553/4657 3969/552/4657
f 3972/555/4657 3971/554/4657 3969/552/4657
f 3973/556/4657 3971/554/4657 3972/555/4657
f 3974/557/4657 3973/556/4657 3972/555/4657
f 3975/558/4657 3973/556/4657 3974/557/4657
f 3976/559/4657 3975/558/4657 3974/557/4657
f 3977/560/4662 3975/558/4662 3976/559/4662
f 3978/561/4657 3977/560/4657 3976/559/4657
f 3979/562/4657 3977/560/4657 3978/561/4657
f 3965/549/4660 3963/546/4660 3964/545/4660
f 3963/546/4657 3960/563/4657 3962/547/4661
f 3958/564/4657 3983/565/5445 3960/563/4657
f 3961/566/4664 3983/567/5490 3959/568/5309
f 3956/569/4657 3984/570/4667 3958/564/4657
f 3959/568/4668 3984/571/4669 3957/572/5311
f 3958/564/4657 3984/570/5312 3983/565/4672
f 3983/567/4673 3984/571/5491 3959/568/4675
f 3957/572/5492 3984/571/5446 3954/573/5417
f 3952/574/4657 3985/575/4679 3955/576/4657
f 3954/573/4680 3985/577/4681 3953/578/5493
f 3984/571/4683 3985/577/4684 3954/573/4685
f 3955/576/4657 3985/575/4686 3956/569/4657
f 3956/569/4657 3985/575/4686 3984/570/4687
f 3985/577/4688 3986/579/4689 3953/578/4690
f 3952/574/4657 3986/580/4691 3985/575/4692
f 3952/574/4657 3987/581/4693 3986/580/4694
f 3986/579/4695 3987/582/4696 3953/578/4697
f 3952/574/4657 3988/583/4657 3987/581/4693
f 3951/584/4698 3991/585/4699 3950/586/4657
f 3991/585/4699 3989/587/4657 3950/586/4657
f 3982/588/5418 3991/585/4701 3951/584/4702
f 3992/589/4703 3982/588/4704 3953/578/4697
f 3953/578/4705 3987/582/4706 3992/589/4707
f 3991/585/4699 3993/590/4710 3989/587/4657
f 3988/591/4657 3993/590/4709 3990/592/4657
f 3989/587/4657 3993/590/4710 3988/591/4657
f 3993/593/4709 3992/594/4712 3990/595/4657
f 3988/591/4657 3950/586/4657 3989/587/4657
f 3952/596/4657 3950/586/4657 3988/591/4657
f 3988/591/4657 3990/592/4657 3987/582/4693
f 3987/582/4693 3990/592/4657 3992/589/4712
f 3991/597/4701 3982/598/4713 3993/593/4714
f 3993/593/4714 3982/598/4715 3992/594/4716
f 3983/565/4717 3961/599/4718 3962/547/5494
f 3960/563/4660 3983/565/4672 3962/547/4720
f 4002/547/4721 4003/546/4659 4004/545/4659
f 4004/545/4659 4005/549/4659 4006/548/4659
f 4006/548/4658 4005/549/4658 4007/550/4658
f 4006/548/4658 4007/550/4658 4008/551/4658
f 4008/551/4658 4007/550/4658 4009/552/4658
f 4009/552/4658 4007/550/4658 4010/553/4658
f 4009/552/4658 4010/553/4658 4011/554/4658
f 4009/552/4658 4011/554/4658 4012/555/4658
f 4012/555/4658 4011/554/4658 4013/556/4658
f 4012/555/4658 4013/556/4658 4014/557/4658
f 4014/557/4658 4013/556/4658 4015/558/4658
f 4014/557/4658 4015/558/4658 4016/559/4658
f 4016/559/4658 4015/558/4658 4017/560/4658
f 4016/559/4658 4017/560/4658 4018/561/4658
f 4018/561/4658 4017/560/4658 4019/562/4658
f 4004/545/4659 4003/546/4659 4005/549/4659
f 4002/547/4721 4000/563/4659 4003/546/4659
f 4000/563/4658 4023/565/4722 3999/564/4658
f 3959/568/5420 4023/567/4724 4001/566/4725
f 3999/564/4658 4024/570/4726 3998/569/4658
f 3957/572/4735 4024/571/4728 3959/568/5420
f 4023/565/4729 4024/570/4730 3999/564/4658
f 3959/568/4723 4024/571/5317 4023/567/5318
f 3954/573/5495 4024/571/4734 3957/572/4735
f 3997/576/4658 4025/575/4736 3996/574/4658
f 3953/578/4737 4025/577/4738 3954/573/4739
f 3954/573/4740 4025/577/4741 4024/571/4742
f 3998/569/4658 4025/575/4743 3997/576/4658
f 4024/570/4730 4025/575/4744 3998/569/4658
f 3953/578/4745 4026/579/4746 4025/577/4747
f 4025/575/4743 4026/580/4746 3996/574/4658
f 4026/580/4746 4027/581/4749 3996/574/4658
f 3953/578/4750 4027/582/4751 4026/579/5422
f 4027/581/4749 4028/583/4658 3996/574/4658
f 3994/586/4658 4031/585/4753 3995/584/4754
f 3994/586/4659 4029/587/4659 4031/585/4755
f 3995/584/5321 4031/585/4757 4022/588/4758
f 3953/578/4759 4022/588/4760 4032/589/4761
f 4032/589/4762 4027/582/4763 3953/578/4750
f 4029/587/4658 4033/590/4764 4031/585/4755
f 4030/592/4658 4033/590/4764 4028/591/4658
f 4028/591/4658 4033/590/4764 4029/587/4658
f 4030/595/4658 4032/594/4766 4033/593/4764
f 4029/587/4658 3994/586/4658 4028/591/4658
f 4028/591/4658 3994/586/4658 3996/596/4658
f 4027/582/4767 4030/592/4658 4028/591/4658
f 4032/589/4768 4030/592/4659 4027/582/4749
f 4033/593/4769 4022/598/5496 4031/597/5497
f 4032/594/4771 4022/598/4772 4033/593/4769
f 4002/547/4773 4001/599/4774 4023/565/4775
f 4002/547/4721 4023/565/4776 4000/563/4659
f 3959/568/4675 4001/566/4777 3961/566/4777
f 3982/588/4778 4022/588/4778 3953/578/4778
f 4036/600/4779 4034/601/4780 4037/602/4781
f 4036/600/4782 4037/602/4783 4038/603/4784
f 4037/604/4785 4035/605/4786 4038/606/4787
f 4035/605/5324 4045/607/5325 4038/606/4787
f 4038/603/4791 4046/608/4792 4036/600/4793
f 4036/600/4793 4046/608/4792 4039/609/4794
f 4047/610/4798 4048/611/4796 4046/612/4797
f 4047/610/4795 4049/613/4799 4048/611/4796
f 4049/613/4800 4050/614/4801 4048/611/4802
f 4049/613/4803 4051/615/4804 4050/614/4805
f 4051/615/4804 4052/616/4806 4050/614/5484
f 4051/615/4808 4053/617/4809 4052/616/5326
f 4053/617/5498 4054/618/4811 4052/616/4812
f 4046/608/4792 4048/619/4813 4039/609/4794
f 4039/609/4814 4048/619/4815 4040/620/4816
f 4040/620/4817 4048/619/4813 4041/621/4818
f 4048/619/4819 4050/622/4820 4041/621/4818
f 4050/622/4821 4052/623/4822 4041/621/4823
f 4041/621/4824 4052/623/4825 4042/624/4826
f 4042/624/4826 4052/623/4828 4043/625/4831
f 4052/623/4825 4054/626/4830 4043/625/4831
f 4043/625/4831 4054/626/4832 4044/627/4833
f 4054/626/4830 4055/628/4834 4044/627/4835
f 4054/618/5499 4053/617/5500 4055/629/4838
f 4053/617/4809 4056/630/5328 4055/629/4840
f 4056/630/4841 4057/631/4842 4055/629/4840
f 4057/631/4842 4058/632/4843 4055/629/4840
f 4055/628/4844 4058/633/4845 4044/627/4846
f 4058/633/4847 4059/634/4848 4044/627/4846
f 4061/635/5329 4065/636/4851 4062/637/4852
f 4065/636/5330 4066/638/5331 4062/637/4855
f 4066/638/4856 4067/639/4857 4062/637/4855
f 4068/640/4858 4069/641/4859 4064/642/4860
f 4069/641/4861 4070/643/4657 4064/642/4860
f 4069/641/4862 4071/644/4863 4070/643/4657
f 4071/644/4864 4072/645/4865 4070/643/4657
f 4068/646/4866 4067/639/4857 4069/647/4868
f 4067/639/5333 4073/648/5334 4069/647/4868
f 4069/647/4870 4073/648/4871 4071/649/4872
f 4073/648/4873 4074/650/4874 4071/649/4875
f 4074/650/4876 4075/651/4877 4071/649/4872
f 4075/651/4878 4076/652/4879 4071/649/4875
f 4071/649/4875 4076/652/5335 4072/653/5336
f 4047/610/4882 4046/612/4883 4078/654/4884
f 4038/606/4885 4045/607/4886 4078/654/4887
f 4046/612/4883 4038/606/4790 4078/654/4884
f 4067/639/5501 4068/646/4891 4079/655/4892
f 4068/640/4930 4063/656/4894 4079/657/4895
f 4063/656/4894 4062/658/4905 4079/657/4895
f 4062/637/4898 4067/639/4899 4079/655/4900
f 4061/659/4901 4062/660/4902 4060/661/4903
f 4077/662/4904 4060/661/5459 4062/660/4905
f 4063/663/4906 4077/662/4904 4062/660/4907
f 4082/664/5339 4080/665/4909 4083/666/4910
f 4082/667/4911 4083/668/4912 4084/669/5340
f 4084/670/4914 4083/666/4912 4085/671/4915
f 4061/659/4916 4060/661/4903 4086/672/4917
f 4084/669/4913 4085/673/4918 4086/672/4919
f 4065/636/5341 4061/635/4920 4087/674/4921
f 4061/659/4850 4086/672/5342 4087/675/4923
f 4086/676/4919 4085/671/4915 4087/674/5343
f 4064/677/4924 4077/662/5344 4088/678/4926
f 4077/662/4925 4063/663/4927 4088/678/4928
f 4063/656/4894 4068/640/4930 4088/679/4931
f 4068/640/4930 4064/642/4860 4088/679/5345
f 4080/665/4932 4058/632/4843 4057/631/4842
f 4085/671/4933 4083/666/4941 4089/680/4935
f 4089/680/4936 4065/636/4937 4087/674/4938
f 4085/671/4933 4089/680/5346 4087/674/4939
f 4089/680/5425 4083/666/4941 4080/665/4932
f 4057/631/4842 4089/680/4942 4080/665/4943
f 4082/667/5347 4084/669/5348 4081/681/5349
f 4086/672/4947 4060/661/4903 4081/681/4948
f 4084/669/4949 4086/672/4917 4081/681/4948
f 4058/633/5350 4080/682/4951 4059/634/4952
f 4059/634/4953 4080/682/4951 4082/667/4955
f 4081/681/5351 4059/634/4957 4082/667/4958
f 4090/602/4959 4034/601/5352 4036/600/4961
f 4091/603/5353 4090/602/4963 4036/600/4964
f 4091/606/4965 4035/605/4966 4090/604/4967
f 4091/606/4968 4045/607/4969 4035/605/4970
f 4036/600/4971 4092/608/4972 4091/603/4973
f 4039/609/4974 4092/608/4975 4036/600/4976
f 4092/612/4977 4093/611/4978 4047/610/5370
f 4093/611/4980 4049/613/4981 4047/610/5467
f 4093/611/4983 4094/614/5356 4049/613/4981
f 4094/614/5357 4051/615/5358 4049/613/5359
f 4094/614/4988 4095/616/4989 4051/615/4986
f 4095/616/4990 4053/617/4991 4051/615/4986
f 4095/616/4992 4096/618/4993 4053/617/5025
f 4039/609/4995 4093/619/4996 4092/608/4972
f 4040/620/4997 4093/619/4998 4039/609/4999
f 4041/621/5000 4093/619/5001 4040/620/5002
f 4041/621/5003 4094/622/5361 4093/619/4996
f 4041/621/5005 4095/623/5006 4094/622/5007
f 4042/624/5012 4095/623/5009 4041/621/5362
f 4043/625/5011 4095/623/5006 4042/624/5012
f 4043/625/5013 4096/626/5014 4095/623/5015
f 4044/627/5016 4096/626/5017 4043/625/5363
f 4044/627/5016 4097/628/5019 4096/626/5020
f 4097/629/5021 4053/617/5364 4096/618/5023
f 4097/629/5021 4056/630/5365 4053/617/5025
f 4097/629/5366 4057/631/5026 4056/630/5365
f 4097/629/5021 4098/632/5028 4057/631/5026
f 4044/627/5030 4098/633/5031 4097/628/5019
f 4044/627/5030 4059/634/5032 4098/633/5031
f 4100/637/5033 4065/636/5034 4099/635/5035
f 4100/637/5033 4066/638/5036 4065/636/5037
f 4100/637/5038 4067/639/5039 4066/638/5040
f 4102/642/5041 4104/641/5042 4103/640/5043
f 4102/642/5041 4105/643/4658 4104/641/5042
f 4105/643/4658 4106/644/5044 4104/641/5042
f 4105/643/4658 4107/645/5045 4106/644/5046
f 4104/647/5047 4067/639/5039 4103/646/5049
f 4104/647/5047 4073/648/5050 4067/639/5039
f 4106/649/5051 4073/648/5056 4104/647/5053
f 4106/649/5054 4074/650/5055 4073/648/5056
f 4106/649/5051 4075/651/5057 4074/650/5058
f 4106/649/5064 4076/652/5060 4075/651/5061
f 4107/653/5062 4076/652/5367 4106/649/5064
f 4078/654/5065 4092/612/5066 4047/610/4979
f 4078/654/5371 4045/607/5068 4091/606/5069
f 4078/654/5065 4091/606/5372 4092/612/4977
f 4108/655/5071 4103/646/5072 4067/639/5373
f 4108/657/5074 4101/656/5075 4103/640/5043
f 4108/657/5074 4100/658/5076 4101/656/5075
f 4108/655/5374 4067/639/5375 4100/637/5376
f 4060/661/5377 4100/660/5080 4099/659/5081
f 4100/660/5080 4060/661/5082 4077/662/5083
f 4100/660/5084 4077/662/5083 4101/663/5085
f 4111/666/5086 4109/665/5087 4110/664/5088
f 4112/669/5089 4111/668/5086 4110/667/5088
f 4113/671/5090 4111/666/5091 4112/670/5089
f 4114/672/5092 4060/661/5082 4099/659/5093
f 4114/672/5094 4113/673/5090 4112/669/5089
f 4115/674/5095 4099/635/5096 4065/636/5097
f 4115/675/5098 4114/672/5099 4099/659/5100
f 4115/674/5095 4113/671/5378 4114/676/5099
f 4116/678/5379 4077/662/5103 4102/677/5104
f 4116/678/5105 4101/663/5085 4077/662/5106
f 4116/679/5107 4103/640/5043 4101/656/5075
f 4116/679/5107 4102/642/5041 4103/640/5043
f 4057/631/5026 4098/632/5028 4109/665/5111
f 4089/680/5112 4111/666/5113 4113/671/5114
f 4115/674/5115 4065/636/5116 4089/680/5112
f 4115/674/5117 4089/680/5112 4113/671/5118
f 4109/665/5122 4111/666/5431 4089/680/5112
f 4109/665/5122 4089/680/5123 4057/631/5026
f 4081/681/5127 4112/669/5125 4110/667/5126
f 4081/681/5124 4060/661/5128 4114/672/5092
f 4081/681/5124 4114/672/5092 4112/669/5129
f 4059/634/5032 4109/682/5087 4098/633/5130
f 4110/667/5131 4109/682/5132 4059/634/5380
f 4110/667/5502 4059/634/5134 4081/681/5135
f 4034/601/5503 4090/602/5381 4037/602/5381
f 4037/604/5382 4090/604/5382 4035/605/5383
f 4076/652/5140 4107/653/5141 4072/653/5142
f 4064/677/5143 4102/677/5143 4077/662/5143
f 3923/532/5144 3937/532/5385 3936/533/5146
f 3922/533/5146 3923/532/5384 3936/533/5146
f 3922/533/5147 3936/533/5147 3939/534/5148
f 3925/534/5149 3922/533/5147 3939/534/5155
f 3929/535/5151 3943/535/5152 3938/531/5153
f 3924/531/5153 3929/535/5151 3938/531/5153
f 3925/534/5387 3939/534/5155 3944/536/5156
f 3930/536/5157 3925/534/5154 3944/536/5388
f 3924/531/5158 3938/531/5158 3945/538/5159
f 3931/538/5160 3924/531/5158 3945/538/5159
f 3932/539/5161 3946/539/5161 3940/537/5162
f 3926/537/5163 3932/539/5161 3940/537/5162
f 3931/538/5160 3945/538/5164 3941/540/5165
f 3927/540/5166 3931/538/5389 3941/540/5165
f 3933/541/5434 3947/541/5434 3946/539/5434
f 3932/539/5434 3933/541/5434 3946/539/5434
f 3927/540/5168 3941/540/5169 3947/541/5170
f 3933/541/5170 3927/540/5171 3947/541/5170
f 3934/542/5172 3948/542/5173 3937/532/5174
f 3923/532/5175 3934/542/5172 3937/532/5174
f 3926/537/5391 3940/537/5177 3948/542/5173
f 3934/542/5172 3926/537/5176 3948/542/5173
f 3928/543/5178 3942/543/5179 3943/535/5180
f 3929/535/5181 3928/543/5178 3943/535/5180
f 3935/544/5182 3949/544/5183 3942/543/5435
f 3928/543/5185 3935/544/5182 3942/543/5184
f 3930/536/5186 3944/536/5186 3949/544/5187
f 3935/544/5393 3930/536/5186 3949/544/5189
f 3929/535/5190 3943/535/5190 3944/536/5191
f 3930/536/5191 3929/535/5190 3944/536/5191
f 3928/543/5178 3942/543/5179 3943/535/5180
f 3929/535/5181 3928/543/5178 3943/535/5180
f 3930/536/5193 3944/536/5193 3942/543/5196
f 3928/543/5195 3930/536/5193 3942/543/5196
f 3979/562/4657 3978/561/4657 3980/683/4657
f 3981/684/4657 3979/562/4657 3980/683/4657
f 4021/684/4658 4020/683/4658 4018/561/4658
f 4019/562/4658 4021/684/4658 4018/561/4658
f 3962/547/5197 4002/547/5198 4004/545/5199
f 3964/545/5200 3962/547/5394 4004/545/5199
f 3964/545/5205 4004/545/5199 4006/548/5206
f 3966/548/5204 3964/545/5205 4006/548/5206
f 3967/550/5207 4007/550/5208 4005/549/5211
f 3965/549/5210 3967/550/5207 4005/549/5211
f 3966/548/5212 4006/548/5213 4008/551/5214
f 3968/551/5396 3966/548/5212 4008/551/5216
f 3968/551/5397 4008/551/5216 4009/552/5218
f 3969/552/5219 3968/551/5397 4009/552/5218
f 3970/553/5220 4010/553/5398 4007/550/5222
f 3967/550/5223 3970/553/5220 4007/550/5222
f 3971/554/5224 4011/554/5224 4010/553/5225
f 3970/553/5226 3971/554/5224 4010/553/5225
f 3969/552/5227 4009/552/5228 4012/555/5229
f 3972/555/5230 3969/552/5227 4012/555/5402
f 3973/556/5231 4013/556/5403 4011/554/5233
f 3971/554/5233 3973/556/5231 4011/554/5233
f 3972/555/5404 4012/555/5405 4014/557/5406
f 3974/557/5236 3972/555/5230 4014/557/5235
f 3975/558/5237 4015/558/5238 4013/556/5239
f 3973/556/5240 3975/558/5237 4013/556/5239
f 3974/557/5245 4014/557/5407 4016/559/5246
f 3976/559/5244 3974/557/5245 4016/559/5246
f 3977/560/5408 4017/560/5248 4015/558/5409
f 3975/558/5249 3977/560/5408 4015/558/5238
f 3976/559/5250 4016/559/5246 4018/561/5251
f 3978/561/5252 3976/559/5250 4018/561/5251
f 3979/562/5253 4019/562/5254 4017/560/5255
f 3977/560/5256 3979/562/5253 4017/560/5255
f 3965/549/5258 4005/549/5410 4003/546/5260
f 3963/546/5261 3965/549/5258 4003/546/5260
f 3963/546/5262 4003/546/5263 4000/563/5264
f 3960/563/5265 3963/546/5262 4000/563/5264
f 3980/683/5266 4020/683/5266 4021/684/5269
f 3981/684/5268 3980/683/5266 4021/684/5269
f 3978/561/5270 4018/561/5271 4020/683/5272
f 3980/683/5272 3978/561/5270 4020/683/5272
f 3981/684/5273 4021/684/5274 4019/562/5275
f 3979/562/5276 3981/684/5273 4019/562/5275
f 3960/563/5277 4000/563/5278 3999/564/5279
f 3958/564/5412 3960/563/5277 3999/564/5279
f 3958/564/5281 3999/564/5282 3998/569/5283
f 3956/569/5284 3958/564/5281 3998/569/5283
f 3955/576/5288 3997/576/5288 3996/574/5286
f 3952/574/5287 3955/576/5288 3996/574/5286
f 3956/569/5289 3998/569/5290 3997/576/5504
f 3955/576/5292 3956/569/5293 3997/576/5292
f 3950/586/5294 3994/586/5294 3995/584/5294
f 3951/584/5415 3950/586/5415 3995/584/5415
f 3951/584/5296 3995/584/5296 4022/588/5296
f 3982/588/5296 3951/584/5296 4022/588/5296
f 3952/596/5299 3996/596/5286 3994/586/5298
f 3950/586/5298 3952/596/5299 3994/586/5298
f 3961/599/5300 4001/599/5300 4002/547/5444
f 3962/547/5302 3961/599/5300 4002/547/5301
f 4070/643/5303 4105/643/5304 4102/642/5305
f 4064/642/5305 4070/643/5303 4102/642/5305
f 4072/645/5142 4107/645/5306 4105/643/5307
f 4070/643/5308 4072/645/5142 4105/643/5307
f 4126/685/5505 4123/686/5506 4128/687/5507
f 4123/686/5508 4125/688/5509 4128/687/5510
f 4122/689/5511 4124/689/5512 4127/690/5513
f 4122/689/5514 4127/690/5515 4128/687/5516
f 4125/688/5517 4122/689/5514 4128/687/5510
f 4124/689/5518 4126/685/5519 4128/687/5507
f 4127/690/5520 4124/689/5518 4128/687/5507
f 4125/688/5521 4132/691/5522 4129/692/5523
f 4122/693/5524 4125/688/5521 4129/692/5525
f 4126/685/5526 4124/693/5527 4131/692/5528
f 4133/691/5529 4126/685/5530 4131/692/5531
f 4124/693/5532 4122/693/5533 4129/692/5534
f 4131/692/5535 4124/693/5536 4129/692/5537
f 4126/685/5519 4133/691/5538 4130/694/5539
f 4123/686/5540 4126/685/5519 4130/694/5541
f 4125/688/5542 4123/686/5508 4130/694/5543
f 4132/691/5544 4125/688/5517 4130/694/5545
f 4129/692/5546 4132/691/5522 4137/695/5547
f 4134/696/5548 4129/692/5546 4137/695/5549
f 4133/691/5550 4131/692/5551 4136/696/5552
f 4138/695/5553 4133/691/5550 4136/696/5552
f 4131/692/5554 4129/692/5555 4134/696/5556
f 4136/696/5557 4131/692/5558 4134/696/5559
f 4130/694/5539 4133/691/5538 4138/695/5560
f 4135/697/5561 4130/694/5562 4138/695/5560
f 4132/691/5563 4130/694/5545 4135/697/5564
f 4137/695/5565 4132/691/5563 4135/697/5566
f 4142/698/5567 4120/699/5568 4117/700/5569
f 4139/701/5569 4142/698/5570 4117/700/5569
f 4134/696/5571 4137/695/5547 4142/698/5572
f 4139/701/5573 4134/696/5574 4142/698/5567
f 4141/701/5575 4119/700/5576 4121/699/5577
f 4143/698/5578 4141/701/5579 4121/699/5580
f 4138/695/5581 4136/696/5582 4141/701/5583
f 4143/698/5584 4138/695/5553 4141/701/5585
f 4139/701/5586 4117/700/5587 4119/700/5587
f 4141/701/5588 4139/701/5589 4119/700/5590
f 4136/696/5591 4134/696/5556 4139/701/5588
f 4141/701/5592 4136/696/5593 4139/701/5592
f 4143/698/5578 4121/699/5577 4118/702/5594
f 4140/703/5595 4143/698/5578 4118/702/5596
f 4135/697/5597 4138/695/5560 4143/698/5578
f 4140/703/5598 4135/697/5561 4143/698/5578
f 4140/703/5599 4118/702/5600 4120/699/5601
f 4142/698/5602 4140/703/5599 4120/699/5601
f 4137/695/5565 4135/697/5564 4140/703/5603
f 4142/698/5602 4137/695/5604 4140/703/5603
f 4153/704/5605 4150/705/5606 4155/706/5607
f 4150/705/5608 4152/707/5609 4155/706/5610
f 4149/708/5611 4151/708/5612 4154/709/5613
f 4149/708/5614 4154/709/5615 4155/706/5616
f 4152/707/5617 4149/708/5618 4155/706/5619
f 4151/708/5620 4153/704/5621 4155/706/5622
f 4154/709/5623 4151/708/5624 4155/706/5625
f 4152/707/5626 4159/710/5627 4156/711/5628
f 4149/712/5629 4152/707/5630 4156/711/5631
f 4153/704/5632 4151/712/5633 4158/711/5634
f 4160/710/5635 4153/704/5636 4158/711/5637
f 4151/712/5638 4149/712/5639 4156/711/5640
f 4158/711/5641 4151/712/5642 4156/711/5643
f 4153/704/5644 4160/710/5645 4157/713/5646
f 4150/705/5647 4153/704/5648 4157/713/5649
f 4152/707/5650 4150/705/5651 4157/713/5652
f 4159/710/5653 4152/707/5654 4157/713/5655
f 4156/711/5656 4159/710/5657 4164/714/5658
f 4161/715/5659 4156/711/5660 4164/714/5661
f 4160/710/5662 4158/711/5637 4163/715/5663
f 4165/714/5664 4160/710/5665 4163/715/5666
f 4158/711/5667 4156/711/5668 4161/715/5669
f 4163/715/5670 4158/711/5671 4161/715/5672
f 4157/713/5673 4160/710/5645 4165/714/5674
f 4162/716/5675 4157/713/5676 4165/714/5677
f 4159/710/5678 4157/713/5679 4162/716/5680
f 4164/714/5681 4159/710/5682 4162/716/5683
f 4169/717/5684 4147/718/5685 4144/719/5686
f 4166/720/5687 4169/717/5688 4144/719/5686
f 4161/715/5689 4164/714/5690 4169/717/5691
f 4166/720/5689 4161/715/5689 4169/717/5692
f 4168/720/5693 4146/719/5693 4148/718/5694
f 4170/717/5695 4168/720/5696 4148/718/5697
f 4165/714/5698 4163/715/5696 4168/720/5696
f 4170/717/5699 4165/714/5700 4168/720/5696
f 4166/720/5701 4144/719/5702 4146/719/5702
f 4168/720/5703 4166/720/5704 4146/719/5705
f 4163/715/5706 4161/715/5707 4166/720/5708
f 4168/720/5708 4163/715/5709 4166/720/5708
f 4170/717/5710 4148/718/5711 4145/721/5712
f 4167/722/5713 4170/717/5714 4145/721/5715
f 4162/716/5716 4165/714/5717 4170/717/5718
f 4167/722/5719 4162/716/5720 4170/717/5721
f 4167/722/5722 4145/721/5723 4147/718/5724
f 4169/717/5725 4167/722/5726 4147/718/5727
f 4164/714/5728 4162/716/5729 4167/722/5730
f 4169/717/5731 4164/714/5732 4167/722/5733
f 4172/723/5734 4173/724/5734 4171/725/5734
f 4173/724/5734 4174/726/5734 4171/725/5734
f 4174/726/5734 4175/727/5734 4171/725/5734
f 4175/727/5734 4176/728/5734 4171/725/5734
f 4176/728/5734 4177/729/5734 4171/725/5734
f 4177/729/5734 4178/730/5734 4171/725/5734
f 4178/730/5734 4179/731/5734 4171/725/5734
f 4179/731/5734 4180/732/5734 4171/725/5734
f 4180/732/5734 4181/733/5734 4171/725/5734
f 4181/733/5734 4182/734/5734 4171/725/5734
f 4182/734/5734 4183/735/5734 4171/725/5734
f 4183/735/5734 4184/736/5734 4171/725/5734
f 4184/736/5734 4185/737/5734 4171/725/5734
f 4185/737/5734 4172/723/5734 4171/725/5734
f 4187/738/5735 4186/739/5735 4200/740/5735
f 4188/741/5735 4187/738/5735 4200/740/5735
f 4189/742/5735 4188/741/5735 4200/740/5735
f 4190/743/5735 4189/742/5735 4200/740/5735
f 4191/744/5735 4190/743/5735 4200/740/5735
f 4192/745/5735 4191/744/5735 4200/740/5735
f 4193/746/5735 4192/745/5735 4200/740/5735
f 4194/747/5735 4193/746/5735 4200/740/5735
f 4195/748/5735 4194/747/5735 4200/740/5735
f 4196/749/5735 4195/748/5735 4200/740/5735
f 4197/750/5735 4196/749/5735 4200/740/5735
f 4198/751/5735 4197/750/5735 4200/740/5735
f 4199/752/5735 4198/751/5735 4200/740/5735
f 4186/739/5735 4199/752/5735 4200/740/5735
f 4201/753/5736 4203/754/5736 4207/755/5736
f 4205/756/5736 4201/753/5736 4207/755/5736
f 4204/757/5737 4202/758/5737 4206/759/5737
f 4208/760/5737 4204/757/5737 4206/759/5737
f 4202/758/5738 4209/761/5739 4211/762/5740
f 4206/759/5738 4202/758/5738 4211/762/5741
f 4209/761/5742 4201/753/5743 4205/756/5743
f 4211/762/5744 4209/761/5745 4205/756/5743
f 4203/754/5746 4210/763/5747 4212/764/5748
f 4207/755/5746 4203/754/5746 4212/764/5749
f 4210/763/5750 4204/757/5751 4208/760/5751
f 4212/764/5752 4210/763/5753 4208/760/5751
f 4208/760/5735 4206/759/5735 4211/762/5735
f 4205/756/5735 4208/760/5735 4211/762/5735
f 4212/764/5735 4208/760/5735 4205/756/5735
f 4207/755/5735 4212/764/5735 4205/756/5735
f 4213/765/5754 4215/766/5755 4217/766/5756
f 4219/765/5757 4213/765/5757 4217/766/5758
f 4220/767/5759 4218/768/5760 4216/768/5761
f 4214/767/5762 4220/767/5762 4216/768/5763
f 4213/769/5764 4219/770/5764 4223/771/5765
f 4221/772/5765 4213/769/5766 4223/771/5765
f 4220/773/5762 4214/774/5762 4222/775/5767
f 4224/776/5767 4220/773/5768 4222/775/5767
f 4226/777/5769 4225/778/5770 4215/766/5771
f 4213/765/5772 4226/777/5773 4215/766/5774
f 4226/777/5775 4214/767/5776 4216/768/5777
f 4225/778/5778 4226/777/5779 4216/768/5780
f 4217/779/5781 4227/780/5782 4228/781/5783
f 4219/782/5784 4217/779/5785 4228/781/5786
f 4227/780/5787 4218/783/5788 4220/784/5789
f 4228/781/5790 4227/780/5791 4220/784/5792
f 4214/774/5793 4226/785/5794 4229/786/5795
f 4222/775/5793 4214/774/5793 4229/786/5796
f 4226/785/5797 4213/787/5798 4221/788/5798
f 4229/786/5799 4226/785/5800 4221/788/5798
f 4219/770/5801 4228/789/5802 4230/790/5803
f 4223/771/5801 4219/770/5801 4230/790/5804
f 4228/789/5805 4220/791/5806 4224/792/5807
f 4230/790/5808 4228/789/5809 4224/792/5807
f 4216/768/5810 4218/768/5811 4232/793/5812
f 4217/766/5813 4215/766/5814 4231/794/5815
f 4232/793/5816 4218/768/5817 4227/778/5818
f 4227/778/5819 4217/766/5820 4231/794/5821
f 4232/793/5822 4227/778/5823 4231/794/5824
f 4231/794/5825 4215/766/5826 4225/778/5827
f 4225/778/5828 4216/768/5829 4232/793/5830
f 4231/794/5831 4225/778/5832 4232/793/5833
f 4186/739/5834 4187/738/5835 4173/724/5836
f 4172/723/5837 4186/739/5838 4173/724/5839
f 4187/738/5840 4188/741/5841 4174/726/5842
f 4173/724/5843 4187/738/5844 4174/726/5845
f 4188/741/5846 4189/742/5847 4175/727/5848
f 4174/726/5849 4188/741/5850 4175/727/5851
f 4189/742/5852 4190/743/5853 4176/728/5854
f 4175/727/5855 4189/742/5856 4176/728/5857
f 4190/743/5858 4191/744/5859 4177/729/5860
f 4176/728/5861 4190/743/5862 4177/729/5863
f 4191/744/5864 4192/745/5865 4178/730/5866
f 4177/729/5867 4191/744/5868 4178/730/5869
f 4192/745/5870 4193/746/5871 4179/731/5872
f 4178/730/5873 4192/745/5874 4179/731/5875
f 4193/746/5876 4194/747/5877 4180/732/5878
f 4179/731/5879 4193/746/5880 4180/732/5881
f 4194/747/5882 4195/748/5883 4181/733/5884
f 4180/732/5885 4194/747/5886 4181/733/5887
f 4195/748/5888 4196/749/5889 4182/734/5890
f 4181/733/5891 4195/748/5892 4182/734/5893
f 4196/749/5894 4197/750/5895 4183/735/5896
f 4182/734/5897 4196/749/5898 4183/735/5899
f 4197/750/5900 4198/751/5901 4184/736/5902
f 4183/735/5903 4197/750/5904 4184/736/5905
f 4198/751/5906 4199/752/5907 4185/737/5908
f 4184/736/5909 4198/751/5910 4185/737/5911
f 4199/752/5912 4186/739/5913 4172/723/5914
f 4185/737/5915 4199/752/5916 4172/723/5917
f 4241/717/5691 4236/718/5918 4233/719/5919
f 4238/720/5919 4241/717/5920 4233/719/5919
f 4240/720/5921 4235/719/5921 4237/718/5922
f 4242/717/5923 4240/720/5924 4237/718/5925
f 4238/720/5926 4233/719/5926 4235/719/5926
f 4240/720/5927 4238/720/5927 4235/719/5927
f 4242/717/5928 4237/718/5929 4234/721/5930
f 4239/722/5931 4242/717/5932 4234/721/5931
f 4239/722/5933 4234/721/5933 4236/718/5934
f 4241/717/5935 4239/722/5936 4236/718/5937
f 4244/723/5734 4245/724/5734 4243/725/5734
f 4245/724/5734 4246/726/5734 4243/725/5734
f 4246/726/5734 4247/727/5734 4243/725/5734
f 4247/727/5734 4248/728/5734 4243/725/5734
f 4248/728/5734 4249/729/5734 4243/725/5734
f 4249/729/5734 4250/730/5734 4243/725/5734
f 4250/730/5734 4251/731/5734 4243/725/5734
f 4251/731/5734 4252/732/5734 4243/725/5734
f 4252/732/5734 4253/733/5734 4243/725/5734
f 4253/733/5734 4254/734/5734 4243/725/5734
f 4254/734/5734 4255/735/5734 4243/725/5734
f 4255/735/5734 4256/736/5734 4243/725/5734
f 4256/736/5734 4257/737/5734 4243/725/5734
f 4257/737/5734 4244/723/5734 4243/725/5734
f 4259/738/5735 4258/739/5735 4272/740/5735
f 4260/741/5735 4259/738/5735 4272/740/5735
f 4261/742/5735 4260/741/5735 4272/740/5735
f 4262/743/5735 4261/742/5735 4272/740/5735
f 4263/744/5735 4262/743/5735 4272/740/5735
f 4264/745/5735 4263/744/5735 4272/740/5735
f 4265/746/5735 4264/745/5735 4272/740/5735
f 4266/747/5735 4265/746/5735 4272/740/5735
f 4267/748/5735 4266/747/5735 4272/740/5735
f 4268/749/5735 4267/748/5735 4272/740/5735
f 4269/750/5735 4268/749/5735 4272/740/5735
f 4270/751/5735 4269/750/5735 4272/740/5735
f 4271/752/5735 4270/751/5735 4272/740/5735
f 4258/739/5735 4271/752/5735 4272/740/5735
f 4273/753/5938 4275/754/5938 4279/755/5938
f 4277/756/5938 4273/753/5938 4279/755/5938
f 4276/757/5939 4274/758/5939 4278/759/5939
f 4280/760/5940 4276/757/5940 4278/759/5940
f 4274/758/5941 4281/761/5942 4283/762/5943
f 4278/759/5941 4274/758/5941 4283/762/5944
f 4281/761/5945 4273/753/5946 4277/756/5946
f 4283/762/5947 4281/761/5948 4277/756/5946
f 4275/754/5949 4282/763/5950 4284/764/5951
f 4279/755/5949 4275/754/5949 4284/764/5952
f 4282/763/5953 4276/757/5954 4280/760/5954
f 4284/764/5955 4282/763/5956 4280/760/5954
f 4280/760/5735 4278/759/5735 4283/762/5735
f 4277/756/5735 4280/760/5735 4283/762/5735
f 4284/764/5735 4280/760/5735 4277/756/5735
f 4279/755/5735 4284/764/5735 4277/756/5735
f 4285/765/5957 4287/795/5958 4289/795/5959
f 4291/765/5960 4285/765/5961 4289/795/5962
f 4292/767/5963 4290/796/5964 4288/796/5965
f 4286/767/5963 4292/767/5966 4288/796/5967
f 4285/769/5968 4291/770/5969 4295/771/5765
f 4293/772/5970 4285/769/5971 4295/771/5970
f 4292/773/5972 4286/774/5973 4294/775/5767
f 4296/776/5974 4292/773/5762 4294/775/5974
f 4298/777/5975 4297/797/5976 4287/795/5977
f 4285/765/5978 4298/777/5979 4287/795/5980
f 4298/777/5981 4286/767/5982 4288/796/5983
f 4297/797/5984 4298/777/5985 4288/796/5986
f 4289/798/5987 4299/799/5988 4300/781/5989
f 4291/782/5990 4289/798/5991 4300/781/5992
f 4299/799/5993 4290/800/5994 4292/784/5995
f 4300/781/5996 4299/799/5997 4292/784/5998
f 4286/774/5999 4298/785/5794 4301/786/6000
f 4294/775/5793 4286/774/6001 4301/786/6002
f 4298/785/6003 4285/787/5798 4293/788/5798
f 4301/786/5799 4298/785/6004 4293/788/5798
f 4291/770/5801 4300/789/5802 4302/790/6005
f 4295/771/5801 4291/770/5801 4302/790/6006
f 4300/789/6007 4292/791/5806 4296/792/5807
f 4302/790/5808 4300/789/6008 4296/792/5807
f 4288/796/6009 4290/796/6010 4304/801/6011
f 4289/795/6012 4287/795/6013 4303/802/6014
f 4304/801/6015 4290/796/6016 4299/797/6017
f 4299/797/6018 4289/795/6019 4303/802/6020
f 4304/801/6021 4299/797/6022 4303/802/6023
f 4303/802/6024 4287/795/6025 4297/797/6026
f 4297/797/6027 4288/796/6028 4304/801/6029
f 4303/802/6030 4297/797/6031 4304/801/6032
f 4258/739/6033 4259/738/6034 4245/724/6035
f 4244/723/6036 4258/739/6037 4245/724/6038
f 4259/738/6039 4260/741/5841 4246/726/6040
f 4245/724/5843 4259/738/6041 4246/726/6042
f 4260/741/6043 4261/742/5847 4247/727/6044
f 4246/726/5849 4260/741/6045 4247/727/6046
f 4261/742/6047 4262/743/5853 4248/728/6048
f 4247/727/5855 4261/742/6049 4248/728/6050
f 4262/743/6051 4263/744/5859 4249/729/6052
f 4248/728/5861 4262/743/6053 4249/729/6054
f 4263/744/6055 4264/745/5865 4250/730/6056
f 4249/729/5867 4263/744/6057 4250/730/6058
f 4264/745/6059 4265/746/6060 4251/731/6061
f 4250/730/6062 4264/745/6063 4251/731/6064
f 4265/746/6065 4266/747/6066 4252/732/6067
f 4251/731/6068 4265/746/6069 4252/732/6070
f 4266/747/6071 4267/748/5883 4253/733/6072
f 4252/732/6073 4266/747/6074 4253/733/6075
f 4267/748/6076 4268/749/5889 4254/734/6077
f 4253/733/5891 4267/748/6078 4254/734/6079
f 4268/749/6080 4269/750/5895 4255/735/6081
f 4254/734/5897 4268/749/6082 4255/735/6083
f 4269/750/6084 4270/751/5901 4256/736/6085
f 4255/735/5903 4269/750/6086 4256/736/6087
f 4270/751/6088 4271/752/5907 4257/737/6089
f 4256/736/5909 4270/751/6090 4257/737/6091
f 4271/752/6092 4258/739/5913 4244/723/6093
f 4257/737/5915 4271/752/6094 4244/723/6095
f 4309/704/6096 4306/705/6097 4311/706/6098
f 4306/705/6099 4308/707/6100 4311/706/6101
f 4305/708/6102 4307/708/6103 4310/709/6104
f 4305/708/6105 4310/709/6106 4311/706/6107
f 4308/707/6108 4305/708/6109 4311/706/6110
f 4307/708/6111 4309/704/6112 4311/706/6113
f 4310/709/6114 4307/708/6115 4311/706/6116
f 4308/707/6117 4315/710/6118 4312/711/6119
f 4305/712/6120 4308/707/6121 4312/711/6122
f 4309/704/6123 4307/712/6124 4314/711/6125
f 4316/710/6126 4309/704/6127 4314/711/6128
f 4307/712/6129 4305/712/6130 4312/711/6131
f 4314/711/6132 4307/712/6133 4312/711/6134
f 4309/704/6135 4316/710/6136 4313/713/6137
f 4306/705/6138 4309/704/6139 4313/713/6140
f 4308/707/6141 4306/705/6142 4313/713/6143
f 4315/710/6144 4308/707/6145 4313/713/6146
f 4312/711/6147 4315/710/6148 4320/714/6149
f 4317/715/6150 4312/711/6151 4320/714/5658
f 4316/710/6152 4314/711/6153 4319/715/6153
f 4321/714/6154 4316/710/6155 4319/715/6153
f 4314/711/6156 4312/711/6157 4317/715/6158
f 4319/715/6159 4314/711/6160 4317/715/6161
f 4313/713/6162 4316/710/6163 4321/714/6164
f 4318/716/6165 4313/713/6166 4321/714/6167
f 4315/710/6168 4313/713/6169 4318/716/6170
f 4320/714/6171 4315/710/6172 4318/716/6173
f 4317/715/5659 4320/714/6174 4325/717/5692
f 4322/720/5659 4317/715/5659 4325/717/6175
f 4321/714/6176 4319/715/6177 4324/720/6177
f 4326/717/6178 4321/714/6179 4324/720/6177
f 4319/715/6180 4317/715/6181 4322/720/6182
f 4324/720/6183 4319/715/6184 4322/720/6183
f 4318/716/6185 4321/714/6186 4326/717/6187
f 4323/722/6188 4318/716/6189 4326/717/6190
f 4320/714/6191 4318/716/6192 4323/722/6193
f 4325/717/6194 4320/714/6195 4323/722/6196
f 4336/685/5505 4333/686/5506 4338/687/5507
f 4333/686/5508 4335/688/5509 4338/687/5510
f 4332/689/5511 4334/689/5512 4337/690/5513
f 4332/689/5514 4337/690/5515 4338/687/5516
f 4335/688/5517 4332/689/5514 4338/687/5510
f 4334/689/5518 4336/685/5519 4338/687/5507
f 4337/690/5520 4334/689/5518 4338/687/5507
f 4335/688/5521 4342/691/5522 4339/692/5523
f 4332/693/5524 4335/688/5521 4339/692/5525
f 4336/685/5526 4334/693/5527 4341/692/5528
f 4343/691/5529 4336/685/5530 4341/692/5531
f 4334/693/5536 4332/693/6197 4339/692/5537
f 4341/692/5554 4334/693/5532 4339/692/6198
f 4336/685/5519 4343/691/5538 4340/694/5539
f 4333/686/5540 4336/685/5519 4340/694/5541
f 4335/688/5542 4333/686/5508 4340/694/5545
f 4342/691/5544 4335/688/5517 4340/694/5545
f 4339/692/5546 4342/691/5522 4347/695/5547
f 4344/696/5548 4339/692/5546 4347/695/5549
f 4343/691/5550 4341/692/5551 4346/696/5552
f 4348/695/5553 4343/691/5550 4346/696/5552
f 4341/692/5554 4339/692/5555 4344/696/5556
f 4346/696/5557 4341/692/5558 4344/696/5559
f 4340/694/5539 4343/691/5538 4348/695/5560
f 4345/697/5561 4340/694/5562 4348/695/5560
f 4342/691/5563 4340/694/5545 4345/697/5564
f 4347/695/5565 4342/691/5563 4345/697/5566
f 4352/698/5567 4330/699/5568 4327/700/5569
f 4349/701/5569 4352/698/5570 4327/700/5569
f 4344/696/5571 4347/695/5547 4352/698/5572
f 4349/701/5573 4344/696/6199 4352/698/5567
f 4351/701/5575 4329/700/5576 4331/699/5577
f 4353/698/5578 4351/701/5579 4331/699/5580
f 4348/695/5581 4346/696/5582 4351/701/5583
f 4353/698/5584 4348/695/5553 4351/701/5585
f 4349/701/5586 4327/700/5587 4329/700/5587
f 4351/701/5588 4349/701/5589 4329/700/5590
f 4346/696/5591 4344/696/5556 4349/701/5588
f 4351/701/5592 4346/696/5593 4349/701/5592
f 4353/698/5578 4331/699/5577 4328/702/5594
f 4350/703/5595 4353/698/5578 4328/702/5596
f 4345/697/5597 4348/695/5560 4353/698/5578
f 4350/703/5598 4345/697/5561 4353/698/5578
f 4350/703/5599 4328/702/5600 4330/699/5601
f 4352/698/5602 4350/703/5599 4330/699/5601
f 4347/695/5565 4345/697/5564 4350/703/5603
f 4352/698/5602 4347/695/5604 4350/703/5603
f 4363/704/5605 4360/705/5606 4365/706/5607
f 4360/705/5608 4362/707/5609 4365/706/5610
f 4359/708/6200 4361/708/5612 4364/709/5613
f 4359/708/5614 4364/709/6201 4365/706/5616
f 4362/707/5617 4359/708/5618 4365/706/5619
f 4361/708/5620 4363/704/5621 4365/706/5622
f 4364/709/5623 4361/708/5624 4365/706/5625
f 4362/707/5626 4369/710/5627 4366/711/5628
f 4359/712/5629 4362/707/5630 4366/711/5631
f 4363/704/5632 4361/712/5633 4368/711/5634
f 4370/710/5635 4363/704/5636 4368/711/5637
f 4361/712/5638 4359/712/5639 4366/711/5640
f 4368/711/5641 4361/712/5642 4366/711/5643
f 4363/704/5644 4370/710/5645 4367/713/5646
f 4360/705/5647 4363/704/5648 4367/713/5649
f 4362/707/5650 4360/705/5651 4367/713/5652
f 4369/710/5653 4362/707/5654 4367/713/5655
f 4366/711/5656 4369/710/5657 4374/714/5658
f 4371/715/5659 4366/711/5660 4374/714/5661
f 4370/710/5662 4368/711/5637 4373/715/5663
f 4375/714/5664 4370/710/5665 4373/715/5666
f 4368/711/5667 4366/711/5668 4371/715/5669
f 4373/715/5670 4368/711/5671 4371/715/5672
f 4367/713/5673 4370/710/5645 4375/714/5674
f 4372/716/5675 4367/713/5676 4375/714/5677
f 4369/710/5678 4367/713/5679 4372/716/5680
f 4374/714/5681 4369/710/5682 4372/716/5683
f 4379/717/5684 4357/718/5685 4354/719/5686
f 4376/720/5687 4379/717/5688 4354/719/5686
f 4371/715/5689 4374/714/5690 4379/717/5691
f 4376/720/5689 4371/715/5689 4379/717/5692
f 4378/720/5693 4356/719/5693 4358/718/5694
f 4380/717/5695 4378/720/5696 4358/718/5697
f 4375/714/5698 4373/715/5696 4378/720/5696
f 4380/717/5699 4375/714/5700 4378/720/5696
f 4376/720/5701 4354/719/5702 4356/719/5702
f 4378/720/5703 4376/720/5704 4356/719/5705
f 4373/715/5706 4371/715/5707 4376/720/5708
f 4378/720/5708 4373/715/5709 4376/720/5708
f 4380/717/5710 4358/718/5711 4355/721/5712
f 4377/722/5713 4380/717/5714 4355/721/5715
f 4372/716/5716 4375/714/5717 4380/717/5718
f 4377/722/5719 4372/716/5720 4380/717/5721
f 4377/722/5722 4355/721/5723 4357/718/5724
f 4379/717/5725 4377/722/5726 4357/718/5727
f 4374/714/5728 4372/716/5729 4377/722/5730
f 4379/717/5731 4374/714/5732 4377/722/5733
f 4382/723/5734 4383/724/5734 4381/725/5734
f 4383/724/5734 4384/726/5734 4381/725/5734
f 4384/726/5734 4385/727/5734 4381/725/5734
f 4385/727/5734 4386/728/5734 4381/725/5734
f 4386/728/5734 4387/729/5734 4381/725/5734
f 4387/729/5734 4388/730/5734 4381/725/5734
f 4388/730/5734 4389/731/5734 4381/725/5734
f 4389/731/5734 4390/732/5734 4381/725/5734
f 4390/732/5734 4391/733/5734 4381/725/5734
f 4391/733/5734 4392/734/5734 4381/725/5734
f 4392/734/5734 4393/735/5734 4381/725/5734
f 4393/735/5734 4394/736/5734 4381/725/5734
f 4394/736/5734 4395/737/5734 4381/725/5734
f 4395/737/5734 4382/723/5734 4381/725/5734
f 4397/738/5735 4396/739/5735 4410/740/5735
f 4398/741/5735 4397/738/5735 4410/740/5735
f 4399/742/5735 4398/741/5735 4410/740/5735
f 4400/743/5735 4399/742/5735 4410/740/5735
f 4401/744/5735 4400/743/5735 4410/740/5735
f 4402/745/5735 4401/744/5735 4410/740/5735
f 4403/746/5735 4402/745/5735 4410/740/5735
f 4404/747/5735 4403/746/5735 4410/740/5735
f 4405/748/5735 4404/747/5735 4410/740/5735
f 4406/749/5735 4405/748/5735 4410/740/5735
f 4407/750/5735 4406/749/5735 4410/740/5735
f 4408/751/5735 4407/750/5735 4410/740/5735
f 4409/752/5735 4408/751/5735 4410/740/5735
f 4396/739/5735 4409/752/5735 4410/740/5735
f 4411/753/5736 4413/754/5736 4417/755/5736
f 4415/756/5736 4411/753/5736 4417/755/5736
f 4414/757/5737 4412/758/5737 4416/759/5737
f 4418/760/5737 4414/757/5737 4416/759/5737
f 4412/758/5738 4419/761/5739 4421/762/5740
f 4416/759/5738 4412/758/5738 4421/762/5741
f 4419/761/5742 4411/753/5743 4415/756/5743
f 4421/762/5744 4419/761/5745 4415/756/5743
f 4413/754/5746 4420/763/5747 4422/764/5748
f 4417/755/5746 4413/754/5746 4422/764/5749
f 4420/763/5750 4414/757/5751 4418/760/5751
f 4422/764/5752 4420/763/5753 4418/760/5751
f 4418/760/5735 4416/759/5735 4421/762/5735
f 4415/756/5735 4418/760/5735 4421/762/5735
f 4422/764/5735 4418/760/5735 4415/756/5735
f 4417/755/5735 4422/764/5735 4415/756/5735
f 4423/765/5754 4425/766/5755 4427/766/5756
f 4429/765/5757 4423/765/5757 4427/766/5758
f 4430/767/5759 4428/768/5760 4426/768/5761
f 4424/767/5762 4430/767/5762 4426/768/5763
f 4423/769/5764 4429/770/5764 4433/771/5765
f 4431/772/5765 4423/769/5766 4433/771/5765
f 4430/773/5762 4424/774/5762 4432/775/5974
f 4434/776/5767 4430/773/5768 4432/775/5767
f 4436/777/5769 4435/778/5770 4425/766/5771
f 4423/765/5772 4436/777/5773 4425/766/5774
f 4436/777/5775 4424/767/5776 4426/768/5777
f 4435/778/5778 4436/777/5779 4426/768/5780
f 4427/779/5781 4437/780/5782 4438/781/5783
f 4429/782/5784 4427/779/5785 4438/781/5786
f 4437/780/5787 4428/783/5788 4430/784/5789
f 4438/781/5790 4437/780/5791 4430/784/5792
f 4424/774/5793 4436/785/5794 4439/786/5795
f 4432/775/5793 4424/774/5793 4439/786/5796
f 4436/785/5797 4423/787/5798 4431/788/5798
f 4439/786/5799 4436/785/5800 4431/788/5798
f 4429/770/5801 4438/789/5802 4440/790/6202
f 4433/771/5801 4429/770/5801 4440/790/5804
f 4438/789/5805 4430/791/5806 4434/792/5807
f 4440/790/5808 4438/789/6203 4434/792/5807
f 4426/768/5810 4428/768/5811 4442/793/5812
f 4427/766/5813 4425/766/5814 4441/794/5815
f 4442/793/5816 4428/768/5817 4437/778/5818
f 4437/778/5819 4427/766/5820 4441/794/5821
f 4442/793/5822 4437/778/5823 4441/794/6204
f 4441/794/5825 4425/766/5826 4435/778/6205
f 4435/778/5828 4426/768/5829 4442/793/5830
f 4441/794/5831 4435/778/5832 4442/793/5833
f 4396/739/5834 4397/738/5835 4383/724/5836
f 4382/723/5837 4396/739/5838 4383/724/5839
f 4397/738/5840 4398/741/5841 4384/726/5842
f 4383/724/5843 4397/738/5844 4384/726/5845
f 4398/741/5846 4399/742/5847 4385/727/6206
f 4384/726/5849 4398/741/5850 4385/727/5851
f 4399/742/5852 4400/743/5853 4386/728/5854
f 4385/727/5855 4399/742/5856 4386/728/5857
f 4400/743/5858 4401/744/5859 4387/729/5860
f 4386/728/5861 4400/743/5862 4387/729/5863
f 4401/744/5864 4402/745/5865 4388/730/5866
f 4387/729/5867 4401/744/5868 4388/730/5869
f 4402/745/5870 4403/746/5871 4389/731/5872
f 4388/730/6207 4402/745/5874 4389/731/5875
f 4403/746/5876 4404/747/5877 4390/732/5878
f 4389/731/6068 4403/746/5880 4390/732/5881
f 4404/747/5882 4405/748/5883 4391/733/5884
f 4390/732/5885 4404/747/6208 4391/733/5887
f 4405/748/5888 4406/749/5889 4392/734/5890
f 4391/733/5891 4405/748/5892 4392/734/5893
f 4406/749/5894 4407/750/5895 4393/735/5896
f 4392/734/5897 4406/749/5898 4393/735/5899
f 4407/750/5900 4408/751/5901 4394/736/5902
f 4393/735/5903 4407/750/5904 4394/736/5905
f 4408/751/5906 4409/752/5907 4395/737/5908
f 4394/736/5909 4408/751/5910 4395/737/6209
f 4409/752/5912 4396/739/5913 4382/723/5914
f 4395/737/5915 4409/752/5916 4382/723/5917
f 4451/717/5691 4446/718/5918 4443/719/5919
f 4448/720/5919 4451/717/5920 4443/719/5919
f 4450/720/5921 4445/719/5921 4447/718/5922
f 4452/717/5923 4450/720/5924 4447/718/5925
f 4448/720/5926 4443/719/5926 4445/719/5926
f 4450/720/5927 4448/720/5927 4445/719/5927
f 4452/717/5928 4447/718/5929 4444/721/5930
f 4449/722/5931 4452/717/5932 4444/721/5931
f 4449/722/5933 4444/721/5933 4446/718/5934
f 4451/717/5935 4449/722/5936 4446/718/5937
f 4454/723/5734 4455/724/5734 4453/725/5734
f 4455/724/5734 4456/726/5734 4453/725/5734
f 4456/726/5734 4457/727/5734 4453/725/5734
f 4457/727/5734 4458/728/5734 4453/725/5734
f 4458/728/5734 4459/729/5734 4453/725/5734
f 4459/729/5734 4460/730/5734 4453/725/5734
f 4460/730/5734 4461/731/5734 4453/725/5734
f 4461/731/5734 4462/732/5734 4453/725/5734
f 4462/732/5734 4463/733/5734 4453/725/5734
f 4463/733/5734 4464/734/5734 4453/725/5734
f 4464/734/5734 4465/735/5734 4453/725/5734
f 4465/735/5734 4466/736/5734 4453/725/5734
f 4466/736/5734 4467/737/5734 4453/725/5734
f 4467/737/5734 4454/723/5734 4453/725/5734
f 4469/738/5735 4468/739/5735 4482/740/5735
f 4470/741/5735 4469/738/5735 4482/740/5735
f 4471/742/5735 4470/741/5735 4482/740/5735
f 4472/743/5735 4471/742/5735 4482/740/5735
f 4473/744/5735 4472/743/5735 4482/740/5735
f 4474/745/5735 4473/744/5735 4482/740/5735
f 4475/746/5735 4474/745/5735 4482/740/5735
f 4476/747/5735 4475/746/5735 4482/740/5735
f 4477/748/5735 4476/747/5735 4482/740/5735
f 4478/749/5735 4477/748/5735 4482/740/5735
f 4479/750/5735 4478/749/5735 4482/740/5735
f 4480/751/5735 4479/750/5735 4482/740/5735
f 4481/752/5735 4480/751/5735 4482/740/5735
f 4468/739/5735 4481/752/5735 4482/740/5735
f 4483/753/5938 4485/754/5938 4489/755/5938
f 4487/756/5938 4483/753/5938 4489/755/5938
f 4486/757/5939 4484/758/5939 4488/759/5939
f 4490/760/5940 4486/757/5940 4488/759/5940
f 4484/758/5941 4491/761/5942 4493/762/5943
f 4488/759/5941 4484/758/5941 4493/762/5944
f 4491/761/5945 4483/753/5946 4487/756/5946
f 4493/762/5947 4491/761/5948 4487/756/5946
f 4485/754/5949 4492/763/5950 4494/764/5951
f 4489/755/5949 4485/754/5949 4494/764/5952
f 4492/763/5953 4486/757/5954 4490/760/5954
f 4494/764/5955 4492/763/5956 4490/760/5954
f 4490/760/5735 4488/759/5735 4493/762/5735
f 4487/756/5735 4490/760/5735 4493/762/5735
f 4494/764/5735 4490/760/5735 4487/756/5735
f 4489/755/5735 4494/764/5735 4487/756/5735
f 4495/765/5957 4497/795/5958 4499/795/5959
f 4501/765/5960 4495/765/5961 4499/795/5962
f 4502/767/5963 4500/796/5964 4498/796/5965
f 4496/767/5963 4502/767/5966 4498/796/5967
f 4495/769/5968 4501/770/5969 4505/771/5765
f 4503/772/5765 4495/769/5971 4505/771/5765
f 4502/773/5972 4496/774/5973 4504/775/5767
f 4506/776/5767 4502/773/6210 4504/775/5767
f 4508/777/5975 4507/797/5976 4497/795/5977
f 4495/765/5978 4508/777/5979 4497/795/5980
f 4508/777/5981 4496/767/5982 4498/796/5983
f 4507/797/5984 4508/777/5985 4498/796/5986
f 4499/798/5987 4509/799/5988 4510/781/5989
f 4501/782/5990 4499/798/5991 4510/781/5992
f 4509/799/5993 4500/800/5994 4502/784/5995
f 4510/781/5996 4509/799/5997 4502/784/5998
f 4496/774/5999 4508/785/5794 4511/786/6000
f 4504/775/5793 4496/774/6001 4511/786/6002
f 4508/785/6003 4495/787/5798 4503/788/5798
f 4511/786/5799 4508/785/6004 4503/788/5798
f 4501/770/5801 4510/789/5802 4512/790/6005
f 4505/771/5801 4501/770/5801 4512/790/6006
f 4510/789/6007 4502/791/5806 4506/792/5807
f 4512/790/5808 4510/789/6008 4506/792/5807
f 4498/796/6211 4500/796/6010 4514/801/6212
f 4499/795/6012 4497/795/6013 4513/802/6014
f 4514/801/6015 4500/796/6016 4509/797/6017
f 4509/797/6018 4499/795/6019 4513/802/6020
f 4514/801/6021 4509/797/6022 4513/802/6023
f 4513/802/6024 4497/795/6025 4507/797/6026
f 4507/797/6027 4498/796/6028 4514/801/6213
f 4513/802/6030 4507/797/6031 4514/801/6032
f 4468/739/6033 4469/738/6034 4455/724/6035
f 4454/723/6036 4468/739/6037 4455/724/6038
f 4469/738/6039 4470/741/5841 4456/726/6040
f 4455/724/5843 4469/738/6041 4456/726/6042
f 4470/741/6043 4471/742/5847 4457/727/6044
f 4456/726/5849 4470/741/6045 4457/727/6046
f 4471/742/6047 4472/743/5853 4458/728/6048
f 4457/727/5855 4471/742/6049 4458/728/6050
f 4472/743/6051 4473/744/5859 4459/729/6052
f 4458/728/5861 4472/743/6053 4459/729/6054
f 4473/744/6055 4474/745/5865 4460/730/6056
f 4459/729/5867 4473/744/6057 4460/730/6058
f 4474/745/6214 4475/746/6060 4461/731/6061
f 4460/730/6062 4474/745/6063 4461/731/6064
f 4475/746/6065 4476/747/6066 4462/732/6067
f 4461/731/6068 4475/746/6069 4462/732/6070
f 4476/747/6071 4477/748/5883 4463/733/6072
f 4462/732/6073 4476/747/6074 4463/733/6075
f 4477/748/6215 4478/749/5889 4464/734/6077
f 4463/733/5891 4477/748/6078 4464/734/6079
f 4478/749/6080 4479/750/5895 4465/735/6081
f 4464/734/5897 4478/749/6082 4465/735/6083
f 4479/750/6084 4480/751/5901 4466/736/6085
f 4465/735/5903 4479/750/6086 4466/736/6087
f 4480/751/6088 4481/752/5907 4467/737/6089
f 4466/736/5909 4480/751/6090 4467/737/6216
f 4481/752/6092 4468/739/5913 4454/723/6093
f 4467/737/5915 4481/752/6217 4454/723/6095
f 4519/704/6096 4516/705/6097 4521/706/6098
f 4516/705/6099 4518/707/6100 4521/706/6101
f 4515/708/6102 4517/708/6103 4520/709/6104
f 4515/708/6218 4520/709/6219 4521/706/6107
f 4518/707/6108 4515/708/6109 4521/706/6110
f 4517/708/6111 4519/704/6112 4521/706/6113
f 4520/709/6114 4517/708/6115 4521/706/6116
f 4518/707/6117 4525/710/6118 4522/711/6119
f 4515/712/6120 4518/707/6121 4522/711/6122
f 4519/704/6123 4517/712/6124 4524/711/6125
f 4526/710/6126 4519/704/6127 4524/711/6128
f 4517/712/6220 4515/712/6221 4522/711/6222
f 4524/711/6132 4517/712/6133 4522/711/6134
f 4519/704/6135 4526/710/6136 4523/713/6223
f 4516/705/6138 4519/704/6139 4523/713/6140
f 4518/707/6141 4516/705/6142 4523/713/6143
f 4525/710/6144 4518/707/6145 4523/713/6146
f 4522/711/6147 4525/710/6148 4530/714/6149
f 4527/715/6150 4522/711/6151 4530/714/5658
f 4526/710/6152 4524/711/6153 4529/715/6153
f 4531/714/6154 4526/710/6155 4529/715/6153
f 4524/711/6156 4522/711/6157 4527/715/6158
f 4529/715/6159 4524/711/6160 4527/715/6161
f 4523/713/6162 4526/710/6163 4531/714/6164
f 4528/716/6165 4523/713/6166 4531/714/6167
f 4525/710/6168 4523/713/6169 4528/716/6170
f 4530/714/6171 4525/710/6172 4528/716/6173
f 4527/715/5659 4530/714/6174 4535/717/5692
f 4532/720/5659 4527/715/5659 4535/717/6175
f 4531/714/6176 4529/715/6177 4534/720/6177
f 4536/717/6178 4531/714/6179 4534/720/6177
f 4529/715/6180 4527/715/6181 4532/720/6182
f 4534/720/6183 4529/715/6184 4532/720/6183
f 4528/716/6185 4531/714/6186 4536/717/6187
f 4533/722/6188 4528/716/6189 4536/717/6190
f 4530/714/6191 4528/716/6192 4533/722/6193
f 4535/717/6194 4530/714/6195 4533/722/6196
f 4546/685/5505 4543/686/5506 4548/687/5507
f 4543/686/5508 4545/688/5509 4548/687/5510
f 4542/689/6224 4544/689/6225 4547/690/6226
f 4542/689/5514 4547/690/5515 4548/687/5516
f 4545/688/5517 4542/689/5514 4548/687/5510
f 4544/689/5518 4546/685/5519 4548/687/5507
f 4547/690/5520 4544/689/5518 4548/687/5507
f 4545/688/5521 4552/691/5522 4549/692/5523
f 4542/693/5524 4545/688/5521 4549/692/5525
f 4546/685/5526 4544/693/5527 4551/692/5528
f 4553/691/5529 4546/685/5530 4551/692/5531
f 4544/693/5532 4542/693/5533 4549/692/5534
f 4551/692/5554 4544/693/5532 4549/692/6198
f 4546/685/5519 4553/691/5538 4550/694/5539
f 4543/686/5540 4546/685/5519 4550/694/5541
f 4545/688/5542 4543/686/5508 4550/694/5543
f 4552/691/5544 4545/688/5517 4550/694/5545
f 4549/692/5546 4552/691/5522 4557/695/5547
f 4554/696/5548 4549/692/5546 4557/695/5549
f 4553/691/5550 4551/692/5551 4556/696/5552
f 4558/695/5553 4553/691/5550 4556/696/5552
f 4551/692/6227 4549/692/5555 4554/696/5556
f 4556/696/6228 4551/692/6227 4554/696/5556
f 4550/694/5539 4553/691/5538 4558/695/5560
f 4555/697/5561 4550/694/5562 4558/695/5560
f 4552/691/5563 4550/694/5543 4555/697/5564
f 4557/695/5565 4552/691/5563 4555/697/5566
f 4562/698/5567 4540/699/5568 4537/700/5569
f 4559/701/5569 4562/698/5570 4537/700/5569
f 4554/696/5571 4557/695/5547 4562/698/5572
f 4559/701/5573 4554/696/6199 4562/698/5567
f 4561/701/5575 4539/700/5576 4541/699/5577
f 4563/698/5578 4561/701/5579 4541/699/5580
f 4558/695/5581 4556/696/5582 4561/701/5583
f 4563/698/5584 4558/695/5553 4561/701/5585
f 4559/701/6229 4537/700/5587 4539/700/5587
f 4561/701/5592 4559/701/6230 4539/700/5587
f 4556/696/5593 4554/696/5556 4559/701/5588
f 4561/701/5592 4556/696/5593 4559/701/5592
f 4563/698/5578 4541/699/5577 4538/702/5594
f 4560/703/5595 4563/698/5578 4538/702/5596
f 4555/697/5597 4558/695/5560 4563/698/5578
f 4560/703/5598 4555/697/5561 4563/698/5578
f 4560/703/5599 4538/702/5600 4540/699/5601
f 4562/698/5602 4560/703/5599 4540/699/5601
f 4557/695/5565 4555/697/5564 4560/703/5603
f 4562/698/5602 4557/695/5604 4560/703/5603
f 4573/704/5605 4570/705/5606 4575/706/5607
f 4570/705/5608 4572/707/5609 4575/706/5610
f 4569/708/6231 4571/708/6232 4574/709/6233
f 4569/708/5614 4574/709/5615 4575/706/5616
f 4572/707/5617 4569/708/5618 4575/706/5619
f 4571/708/5620 4573/704/5621 4575/706/5622
f 4574/709/5623 4571/708/5624 4575/706/5625
f 4572/707/5626 4579/710/5627 4576/711/5628
f 4569/712/5629 4572/707/5630 4576/711/5631
f 4573/704/5632 4571/712/5633 4578/711/5634
f 4580/710/5635 4573/704/5636 4578/711/5637
f 4571/712/5638 4569/712/5639 4576/711/5640
f 4578/711/6234 4571/712/5638 4576/711/6235
f 4573/704/5644 4580/710/5645 4577/713/5646
f 4570/705/5647 4573/704/5648 4577/713/5649
f 4572/707/5650 4570/705/5651 4577/713/5652
f 4579/710/5653 4572/707/5654 4577/713/5655
f 4576/711/5656 4579/710/5657 4584/714/5658
f 4581/715/5659 4576/711/5660 4584/714/5661
f 4580/710/5662 4578/711/5637 4583/715/5663
f 4585/714/5664 4580/710/5665 4583/715/5666
f 4578/711/6236 4576/711/6237 4581/715/6238
f 4583/715/6239 4578/711/6240 4581/715/6241
f 4577/713/5673 4580/710/5645 4585/714/5674
f 4582/716/5675 4577/713/5676 4585/714/5677
f 4579/710/5678 4577/713/5679 4582/716/5680
f 4584/714/5681 4579/710/5682 4582/716/5683
f 4589/717/6242 4567/718/5685 4564/719/5686
f 4586/720/5687 4589/717/5688 4564/719/5686
f 4581/715/5689 4584/714/5690 4589/717/5691
f 4586/720/5689 4581/715/5689 4589/717/5692
f 4588/720/5693 4566/719/5693 4568/718/5694
f 4590/717/5695 4588/720/5696 4568/718/5697
f 4585/714/5698 4583/715/5696 4588/720/5696
f 4590/717/5699 4585/714/5700 4588/720/5696
f 4586/720/5701 4564/719/5702 4566/719/5702
f 4588/720/5701 4586/720/5703 4566/719/5702
f 4583/715/5706 4581/715/5707 4586/720/5708
f 4588/720/6243 4583/715/5706 4586/720/6243
f 4590/717/5710 4568/718/5711 4565/721/5712
f 4587/722/5713 4590/717/5714 4565/721/5715
f 4582/716/5716 4585/714/5717 4590/717/5718
f 4587/722/5719 4582/716/5720 4590/717/5721
f 4587/722/6244 4565/721/5723 4567/718/5724
f 4589/717/5725 4587/722/5726 4567/718/5727
f 4584/714/5728 4582/716/5729 4587/722/5730
f 4589/717/5731 4584/714/5732 4587/722/5733
f 4592/723/5734 4593/724/5734 4591/725/5734
f 4593/724/5734 4594/726/5734 4591/725/5734
f 4594/726/5734 4595/727/5734 4591/725/5734
f 4595/727/5734 4596/728/5734 4591/725/5734
f 4596/728/5734 4597/729/5734 4591/725/5734
f 4597/729/5734 4598/730/5734 4591/725/5734
f 4598/730/5734 4599/731/5734 4591/725/5734
f 4599/731/5734 4600/732/5734 4591/725/5734
f 4600/732/5734 4601/733/5734 4591/725/5734
f 4601/733/5734 4602/734/5734 4591/725/5734
f 4602/734/5734 4603/735/5734 4591/725/5734
f 4603/735/5734 4604/736/5734 4591/725/5734
f 4604/736/5734 4605/737/5734 4591/725/5734
f 4605/737/5734 4592/723/5734 4591/725/5734
f 4607/738/5735 4606/739/5735 4620/740/5735
f 4608/741/5735 4607/738/5735 4620/740/5735
f 4609/742/5735 4608/741/5735 4620/740/5735
f 4610/743/5735 4609/742/5735 4620/740/5735
f 4611/744/5735 4610/743/5735 4620/740/5735
f 4612/745/5735 4611/744/5735 4620/740/5735
f 4613/746/5735 4612/745/5735 4620/740/5735
f 4614/747/5735 4613/746/5735 4620/740/5735
f 4615/748/5735 4614/747/5735 4620/740/5735
f 4616/749/5735 4615/748/5735 4620/740/5735
f 4617/750/5735 4616/749/5735 4620/740/5735
f 4618/751/5735 4617/750/5735 4620/740/5735
f 4619/752/5735 4618/751/5735 4620/740/5735
f 4606/739/5735 4619/752/5735 4620/740/5735
f 4621/753/5736 4623/754/5736 4627/755/5736
f 4625/756/5736 4621/753/5736 4627/755/5736
f 4624/757/5737 4622/758/5737 4626/759/5737
f 4628/760/5737 4624/757/5737 4626/759/5737
f 4622/758/5738 4629/761/5739 4631/762/5740
f 4626/759/5738 4622/758/5738 4631/762/5741
f 4629/761/5742 4621/753/5743 4625/756/5743
f 4631/762/5744 4629/761/5745 4625/756/5743
f 4623/754/5746 4630/763/5747 4632/764/5748
f 4627/755/5746 4623/754/5746 4632/764/5749
f 4630/763/5750 4624/757/5751 4628/760/5751
f 4632/764/5752 4630/763/5753 4628/760/5751
f 4628/760/5735 4626/759/5735 4631/762/5735
f 4625/756/6245 4628/760/6245 4631/762/6245
f 4632/764/5735 4628/760/5735 4625/756/5735
f 4627/755/5735 4632/764/5735 4625/756/5735
f 4633/765/5757 4635/766/6246 4637/766/6247
f 4639/765/5754 4633/765/5754 4637/766/6248
f 4640/767/5759 4638/768/6249 4636/768/5761
f 4634/767/5762 4640/767/5762 4636/768/5763
f 4633/769/5764 4639/770/5764 4643/771/5765
f 4641/772/5765 4633/769/5766 4643/771/5765
f 4640/773/5762 4634/774/6210 4642/775/5767
f 4644/776/5767 4640/773/6210 4642/775/5767
f 4646/777/5769 4645/778/5770 4635/766/5771
f 4633/765/5772 4646/777/5773 4635/766/5774
f 4646/777/5775 4634/767/5776 4636/768/5777
f 4645/778/5778 4646/777/5779 4636/768/5780
f 4637/779/5781 4647/780/5782 4648/781/5783
f 4639/782/5784 4637/779/5785 4648/781/5786
f 4647/780/5787 4638/783/5788 4640/784/5789
f 4648/781/5790 4647/780/6250 4640/784/5792
f 4634/774/5793 4646/785/5794 4649/786/5795
f 4642/775/5793 4634/774/5793 4649/786/5796
f 4646/785/5797 4633/787/5798 4641/788/5798
f 4649/786/5799 4646/785/5800 4641/788/5798
f 4639/770/5801 4648/789/5802 4650/790/5803
f 4643/771/5801 4639/770/5801 4650/790/5804
f 4648/789/5805 4640/791/5806 4644/792/5807
f 4650/790/5808 4648/789/6203 4644/792/5807
f 4636/768/5810 4638/768/5811 4652/793/5812
f 4637/766/5813 4635/766/5814 4651/794/5815
f 4652/793/5816 4638/768/5817 4647/778/5818
f 4647/778/5819 4637/766/5820 4651/794/5821
f 4652/793/5822 4647/778/5823 4651/794/5824
f 4651/794/5825 4635/766/5826 4645/778/6205
f 4645/778/5828 4636/768/5829 4652/793/5830
f 4651/794/5831 4645/778/5832 4652/793/5833
f 4606/739/5834 4607/738/6034 4593/724/5836
f 4592/723/5837 4606/739/6251 4593/724/5839
f 4607/738/5840 4608/741/5841 4594/726/5842
f 4593/724/5843 4607/738/5844 4594/726/5845
f 4608/741/5846 4609/742/5847 4595/727/6206
f 4594/726/5849 4608/741/5850 4595/727/5851
f 4609/742/5852 4610/743/5853 4596/728/5854
f 4595/727/5855 4609/742/5856 4596/728/5857
f 4610/743/5858 4611/744/5859 4597/729/5860
f 4596/728/5861 4610/743/5862 4597/729/6252
f 4611/744/5864 4612/745/5865 4598/730/5866
f 4597/729/5867 4611/744/5868 4598/730/5869
f 4612/745/5870 4613/746/5871 4599/731/6253
f 4598/730/5873 4612/745/5874 4599/731/5875
f 4613/746/6254 4614/747/6066 4600/732/6255
f 4599/731/5879 4613/746/5880 4600/732/6256
f 4614/747/5882 4615/748/6257 4601/733/5884
f 4600/732/5885 4614/747/5886 4601/733/5887
f 4615/748/5888 4616/749/5889 4602/734/5890
f 4601/733/5891 4615/748/5892 4602/734/5893
f 4616/749/5894 4617/750/5895 4603/735/5896
f 4602/734/5897 4616/749/5898 4603/735/5899
f 4617/750/5900 4618/751/5901 4604/736/6258
f 4603/735/5903 4617/750/5904 4604/736/6259
f 4618/751/5906 4619/752/5907 4605/737/5908
f 4604/736/5909 4618/751/6260 4605/737/6209
f 4619/752/5912 4606/739/5913 4592/723/5914
f 4605/737/5915 4619/752/5916 4592/723/6261
f 4661/717/5691 4656/718/5918 4653/719/6262
f 4658/720/5919 4661/717/5920 4653/719/5919
f 4660/720/5921 4655/719/5921 4657/718/5922
f 4662/717/5923 4660/720/5924 4657/718/5925
f 4658/720/6263 4653/719/6263 4655/719/6263
f 4660/720/5926 4658/720/5926 4655/719/5926
f 4662/717/5928 4657/718/5929 4654/721/5930
f 4659/722/5931 4662/717/5932 4654/721/5931
f 4659/722/5933 4654/721/5933 4656/718/5934
f 4661/717/5935 4659/722/5936 4656/718/5937
f 4664/723/5734 4665/724/5734 4663/725/5734
f 4665/724/5734 4666/726/5734 4663/725/5734
f 4666/726/5734 4667/727/5734 4663/725/5734
f 4667/727/5734 4668/728/5734 4663/725/5734
f 4668/728/5734 4669/729/5734 4663/725/5734
f 4669/729/5734 4670/730/5734 4663/725/5734
f 4670/730/5734 4671/731/5734 4663/725/5734
f 4671/731/5734 4672/732/5734 4663/725/5734
f 4672/732/5734 4673/733/5734 4663/725/5734
f 4673/733/5734 4674/734/5734 4663/725/5734
f 4674/734/5734 4675/735/5734 4663/725/5734
f 4675/735/5734 4676/736/5734 4663/725/5734
f 4676/736/5734 4677/737/5734 4663/725/5734
f 4677/737/5734 4664/723/5734 4663/725/5734
f 4679/738/5735 4678/739/5735 4692/740/5735
f 4680/741/5735 4679/738/5735 4692/740/5735
f 4681/742/5735 4680/741/5735 4692/740/5735
f 4682/743/5735 4681/742/5735 4692/740/5735
f 4683/744/5735 4682/743/5735 4692/740/5735
f 4684/745/5735 4683/744/5735 4692/740/5735
f 4685/746/5735 4684/745/5735 4692/740/5735
f 4686/747/5735 4685/746/5735 4692/740/5735
f 4687/748/5735 4686/747/5735 4692/740/5735
f 4688/749/5735 4687/748/5735 4692/740/5735
f 4689/750/5735 4688/749/5735 4692/740/5735
f 4690/751/5735 4689/750/5735 4692/740/5735
f 4691/752/5735 4690/751/5735 4692/740/5735
f 4678/739/5735 4691/752/5735 4692/740/5735
f 4693/753/5938 4695/754/5938 4699/755/5938
f 4697/756/5938 4693/753/5938 4699/755/5938
f 4696/757/5939 4694/758/5939 4698/759/5939
f 4700/760/5939 4696/757/5939 4698/759/5939
f 4694/758/5941 4701/761/5942 4703/762/5943
f 4698/759/5941 4694/758/5941 4703/762/5944
f 4701/761/5945 4693/753/5946 4697/756/5946
f 4703/762/5947 4701/761/5948 4697/756/5946
f 4695/754/5949 4702/763/5950 4704/764/5951
f 4699/755/5949 4695/754/5949 4704/764/5952
f 4702/763/5953 4696/757/5954 4700/760/5954
f 4704/764/5955 4702/763/5956 4700/760/5954
f 4700/760/5735 4698/759/5735 4703/762/5735
f 4697/756/5735 4700/760/5735 4703/762/5735
f 4704/764/5735 4700/760/5735 4697/756/5735
f 4699/755/5735 4704/764/5735 4697/756/5735
f 4705/765/5957 4707/795/5958 4709/795/5959
f 4711/765/5960 4705/765/5961 4709/795/5962
f 4712/767/5963 4710/796/5964 4708/796/5965
f 4706/767/5963 4712/767/5966 4708/796/5967
f 4705/769/5968 4711/770/5764 4715/771/5765
f 4713/772/5765 4705/769/5971 4715/771/5765
f 4712/773/5972 4706/774/5762 4714/775/6264
f 4716/776/6265 4712/773/5768 4714/775/6265
f 4718/777/5975 4717/797/5976 4707/795/5977
f 4705/765/5978 4718/777/5979 4707/795/5980
f 4718/777/5981 4706/767/5982 4708/796/5983
f 4717/797/5984 4718/777/5985 4708/796/5986
f 4709/798/5987 4719/799/5988 4720/781/5989
f 4711/782/5990 4709/798/5991 4720/781/5992
f 4719/799/5993 4710/800/5994 4712/784/5995
f 4720/781/5996 4719/799/5997 4712/784/5998
f 4706/774/5999 4718/785/6266 4721/786/6000
f 4714/775/5793 4706/774/6001 4721/786/6267
f 4718/785/6003 4705/787/5798 4713/788/5798
f 4721/786/5799 4718/785/6004 4713/788/5798
f 4711/770/5801 4720/789/5802 4722/790/6268
f 4715/771/5801 4711/770/5801 4722/790/6006
f 4720/789/6007 4712/791/5806 4716/792/5807
f 4722/790/5808 4720/789/6008 4716/792/5807
f 4708/796/6009 4710/796/6010 4724/801/6212
f 4709/795/6269 4707/795/6013 4723/802/6014
f 4724/801/6015 4710/796/6016 4719/797/6017
f 4719/797/6270 4709/795/6271 4723/802/6020
f 4724/801/6021 4719/797/6022 4723/802/6272
f 4723/802/6024 4707/795/6025 4717/797/6026
f 4717/797/6027 4708/796/6273 4724/801/6213
f 4723/802/6274 4717/797/6031 4724/801/6032
f 4678/739/6033 4679/738/6034 4665/724/6275
f 4664/723/6036 4678/739/6037 4665/724/6038
f 4679/738/6039 4680/741/5841 4666/726/6040
f 4665/724/5843 4679/738/6041 4666/726/6042
f 4680/741/6043 4681/742/5847 4667/727/6044
f 4666/726/5849 4680/741/6045 4667/727/6046
f 4681/742/6047 4682/743/5853 4668/728/6048
f 4667/727/5855 4681/742/6049 4668/728/6050
f 4682/743/6051 4683/744/5859 4669/729/6052
f 4668/728/5861 4682/743/6053 4669/729/6054
f 4683/744/6276 4684/745/5865 4670/730/6277
f 4669/729/5867 4683/744/6278 4670/730/6058
f 4684/745/6214 4685/746/5871 4671/731/6061
f 4670/730/6062 4684/745/6063 4671/731/6064
f 4685/746/6065 4686/747/6066 4672/732/6279
f 4671/731/6068 4685/746/6069 4672/732/6070
f 4686/747/6071 4687/748/5883 4673/733/6072
f 4672/732/5885 4686/747/6280 4673/733/6075
f 4687/748/6215 4688/749/5889 4674/734/6077
f 4673/733/5891 4687/748/6078 4674/734/6079
f 4688/749/6080 4689/750/5895 4675/735/6081
f 4674/734/5897 4688/749/6082 4675/735/6083
f 4689/750/6084 4690/751/5901 4676/736/6281
f 4675/735/5903 4689/750/6086 4676/736/6087
f 4690/751/6088 4691/752/5907 4677/737/6089
f 4676/736/5909 4690/751/6090 4677/737/6282
f 4691/752/6092 4678/739/5913 4664/723/6093
f 4677/737/5915 4691/752/6094 4664/723/6283
f 4729/704/6096 4726/705/6097 4731/706/6098
f 4726/705/6099 4728/707/6100 4731/706/6101
f 4725/708/6284 4727/708/6285 4730/709/6286
f 4725/708/6218 4730/709/6219 4731/706/6107
f 4728/707/6108 4725/708/6109 4731/706/6110
f 4727/708/6111 4729/704/6112 4731/706/6113
f 4730/709/6114 4727/708/6115 4731/706/6116
f 4728/707/6117 4735/710/6118 4732/711/6119
f 4725/712/6120 4728/707/6121 4732/711/6122
f 4729/704/6123 4727/712/6124 4734/711/6125
f 4736/710/6126 4729/704/6127 4734/711/6128
f 4727/712/6287 4725/712/6221 4732/711/6288
f 4734/711/6289 4727/712/6290 4732/711/6291
f 4729/704/6135 4736/710/6136 4733/713/6137
f 4726/705/6138 4729/704/6292 4733/713/6140
f 4728/707/6141 4726/705/6142 4733/713/6143
f 4735/710/6144 4728/707/6145 4733/713/6146
f 4732/711/6147 4735/710/6148 4740/714/6149
f 4737/715/6150 4732/711/6151 4740/714/5658
f 4736/710/6152 4734/711/6153 4739/715/6153
f 4741/714/6154 4736/710/6155 4739/715/6153
f 4734/711/6293 4732/711/6294 4737/715/6295
f 4739/715/6296 4734/711/6297 4737/715/6298
f 4733/713/6162 4736/710/6163 4741/714/6164
f 4738/716/6165 4733/713/6166 4741/714/6167
f 4735/710/6168 4733/713/6169 4738/716/6170
f 4740/714/6171 4735/710/6172 4738/716/6173
f 4737/715/5659 4740/714/6174 4745/717/5692
f 4742/720/5659 4737/715/5659 4745/717/6175
f 4741/714/6176 4739/715/6177 4744/720/6177
f 4746/717/6178 4741/714/6179 4744/720/6177
f 4739/715/6180 4737/715/6299 4742/720/6300
f 4744/720/6301 4739/715/6302 4742/720/6301
f 4738/716/6185 4741/714/6186 4746/717/6187
f 4743/722/6188 4738/716/6189 4746/717/6190
f 4740/714/6191 4738/716/6192 4743/722/6193
f 4745/717/6194 4740/714/6195 4743/722/6303
f 4756/685/6304 4753/686/6305 4758/687/6306
f 4753/686/6307 4755/688/6308 4758/687/6309
f 4752/689/6310 4754/689/6311 4757/690/6312
f 4752/689/6313 4757/690/6314 4758/687/6309
f 4755/688/6315 4752/689/6316 4758/687/6309
f 4754/689/6317 4756/685/6318 4758/687/6306
f 4757/690/6319 4754/689/6320 4758/687/6306
f 4755/688/6321 4762/691/6322 4759/692/6323
f 4752/693/6324 4755/688/6321 4759/692/6325
f 4756/685/6318 4754/693/6326 4761/692/6327
f 4763/691/6328 4756/685/6329 4761/692/6330
f 4754/693/6331 4752/693/6332 4759/692/6333
f 4761/692/6334 4754/693/6331 4759/692/6335
f 4756/685/6336 4763/691/6328 4760/694/6337
f 4753/686/6338 4756/685/6336 4760/694/6339
f 4755/688/6340 4753/686/6307 4760/694/6341
f 4762/691/6322 4755/688/6340 4760/694/6341
f 4759/692/6342 4762/691/6322 4767/695/6343
f 4764/696/6344 4759/692/6342 4767/695/6345
f 4763/691/6346 4761/692/6347 4766/696/6348
f 4768/695/6349 4763/691/6346 4766/696/6348
f 4761/692/6350 4759/692/6335 4764/696/6351
f 4766/696/6352 4761/692/6353 4764/696/6354
f 4760/694/6337 4763/691/6328 4768/695/6355
f 4765/697/6356 4760/694/6357 4768/695/6355
f 4762/691/6358 4760/694/6341 4765/697/6359
f 4767/695/6360 4762/691/6358 4765/697/6361
f 4772/698/6362 4750/699/6363 4747/700/6364
f 4769/701/6364 4772/698/6365 4747/700/6364
f 4764/696/6344 4767/695/6343 4772/698/6366
f 4769/701/6364 4764/696/6367 4772/698/6362
f 4771/701/6368 4749/700/6369 4751/699/6370
f 4773/698/6371 4771/701/6372 4751/699/6373
f 4768/695/6374 4766/696/6375 4771/701/6369
f 4773/698/6376 4768/695/6374 4771/701/6377
f 4769/701/6378 4747/700/6379 4749/700/6379
f 4771/701/6378 4769/701/6380 4749/700/6379
f 4766/696/6381 4764/696/6354 4769/701/6382
f 4771/701/6383 4766/696/6384 4769/701/6383
f 4773/698/6371 4751/699/6370 4748/702/6385
f 4770/703/6386 4773/698/6371 4748/702/6387
f 4765/697/6388 4768/695/6355 4773/698/6371
f 4770/703/6389 4765/697/6390 4773/698/6371
f 4770/703/6391 4748/702/6392 4750/699/6393
f 4772/698/6394 4770/703/6391 4750/699/6393
f 4767/695/6360 4765/697/6359 4770/703/6395
f 4772/698/6394 4767/695/6396 4770/703/6395
f 4783/704/6397 4780/705/6398 4785/706/6399
f 4780/705/6400 4782/707/6401 4785/706/6402
f 4779/708/6403 4781/708/6404 4784/709/6405
f 4779/708/6406 4784/709/6407 4785/706/6408
f 4782/707/6409 4779/708/6410 4785/706/6411
f 4781/708/6412 4783/704/6413 4785/706/6414
f 4784/709/6415 4781/708/6416 4785/706/6417
f 4782/707/6418 4789/710/6419 4786/711/6420
f 4779/712/6421 4782/707/6422 4786/711/6423
f 4783/704/6424 4781/712/6425 4788/711/6426
f 4790/710/6427 4783/704/6428 4788/711/6429
f 4781/712/6430 4779/712/6431 4786/711/6432
f 4788/711/6433 4781/712/6430 4786/711/6434
f 4783/704/6435 4790/710/6436 4787/713/6437
f 4780/705/6438 4783/704/6439 4787/713/6440
f 4782/707/6441 4780/705/6442 4787/713/6443
f 4789/710/6444 4782/707/6445 4787/713/6446
f 4786/711/6447 4789/710/6448 4794/714/6449
f 4791/715/6450 4786/711/6451 4794/714/6452
f 4790/710/6453 4788/711/6454 4793/715/6455
f 4795/714/6456 4790/710/6457 4793/715/6455
f 4788/711/6458 4786/711/6459 4791/715/6460
f 4793/715/6461 4788/711/6462 4791/715/6463
f 4787/713/6464 4790/710/6465 4795/714/6466
f 4792/716/6467 4787/713/6468 4795/714/6469
f 4789/710/6470 4787/713/6471 4792/716/6472
f 4794/714/6473 4789/710/6474 4792/716/6475
f 4799/717/6476 4777/718/6477 4774/719/6478
f 4796/720/6479 4799/717/6480 4774/719/6481
f 4791/715/6482 4794/714/6483 4799/717/6484
f 4796/720/6482 4791/715/6482 4799/717/6485
f 4798/720/6486 4776/719/6486 4778/718/6487
f 4800/717/6488 4798/720/6489 4778/718/6490
f 4795/714/6491 4793/715/6492 4798/720/6492
f 4800/717/6493 4795/714/6494 4798/720/6492
f 4796/720/6495 4774/719/6496 4776/719/6496
f 4798/720/6495 4796/720/6497 4776/719/6496
f 4793/715/6498 4791/715/6499 4796/720/6500
f 4798/720/6501 4793/715/6502 4796/720/6501
f 4800/717/6503 4778/718/6504 4775/721/6505
f 4797/722/6506 4800/717/6507 4775/721/6508
f 4792/716/6509 4795/714/6510 4800/717/6511
f 4797/722/6512 4792/716/6513 4800/717/6514
f 4797/722/6515 4775/721/6516 4777/718/6517
f 4799/717/6518 4797/722/6519 4777/718/6520
f 4794/714/6521 4792/716/6522 4797/722/6523
f 4799/717/6524 4794/714/6525 4797/722/6526
f 4802/723/6527 4803/724/6527 4801/725/6527
f 4803/724/6527 4804/726/6527 4801/725/6527
f 4804/726/6527 4805/727/6527 4801/725/6527
f 4805/727/6527 4806/728/6527 4801/725/6527
f 4806/728/6527 4807/729/6527 4801/725/6527
f 4807/729/6527 4808/730/6527 4801/725/6527
f 4808/730/6527 4809/731/6527 4801/725/6527
f 4809/731/6527 4810/732/6527 4801/725/6527
f 4810/732/6527 4811/733/6527 4801/725/6527
f 4811/733/6527 4812/734/6527 4801/725/6527
f 4812/734/6527 4813/735/6527 4801/725/6527
f 4813/735/6527 4814/736/6527 4801/725/6527
f 4814/736/6527 4815/737/6527 4801/725/6527
f 4815/737/6527 4802/723/6527 4801/725/6527
f 4817/738/6528 4816/739/6528 4830/740/6528
f 4818/741/6528 4817/738/6528 4830/740/6528
f 4819/742/6528 4818/741/6528 4830/740/6528
f 4820/743/6528 4819/742/6528 4830/740/6528
f 4821/744/6528 4820/743/6528 4830/740/6528
f 4822/745/6528 4821/744/6528 4830/740/6528
f 4823/746/6528 4822/745/6528 4830/740/6528
f 4824/747/6528 4823/746/6528 4830/740/6528
f 4825/748/6528 4824/747/6528 4830/740/6528
f 4826/749/6528 4825/748/6528 4830/740/6528
f 4827/750/6528 4826/749/6528 4830/740/6528
f 4828/751/6528 4827/750/6528 4830/740/6528
f 4829/752/6528 4828/751/6528 4830/740/6528
f 4816/739/6528 4829/752/6528 4830/740/6528
f 4831/753/6529 4833/754/6529 4837/755/6529
f 4835/756/6529 4831/753/6529 4837/755/6529
f 4834/757/6530 4832/758/6530 4836/759/6530
f 4838/760/6530 4834/757/6530 4836/759/6530
f 4832/758/6531 4839/761/6532 4841/762/6533
f 4836/759/6531 4832/758/6531 4841/762/6534
f 4839/761/6535 4831/753/6536 4835/756/6536
f 4841/762/6537 4839/761/6538 4835/756/6536
f 4833/754/6539 4840/763/6540 4842/764/6541
f 4837/755/6539 4833/754/6539 4842/764/6542
f 4840/763/6543 4834/757/6544 4838/760/6544
f 4842/764/6545 4840/763/6546 4838/760/6544
f 4838/760/6528 4836/759/6528 4841/762/6528
f 4835/756/6528 4838/760/6528 4841/762/6528
f 4842/764/6528 4838/760/6528 4835/756/6528
f 4837/755/6528 4842/764/6528 4835/756/6528
f 4843/765/6547 4845/766/6548 4847/766/6549
f 4849/765/6550 4843/765/6550 4847/766/6551
f 4850/767/6552 4848/768/6553 4846/768/6554
f 4844/767/6555 4850/767/6555 4846/768/6556
f 4843/769/6557 4849/770/6557 4853/771/6558
f 4851/772/6558 4843/769/6559 4853/771/6558
f 4850/773/6560 4844/774/6561 4852/775/6562
f 4854/776/6562 4850/773/6561 4852/775/6562
f 4856/777/6563 4855/778/6564 4845/766/6565
f 4843/765/6566 4856/777/6567 4845/766/6568
f 4856/777/6569 4844/767/6570 4846/768/6571
f 4855/778/6572 4856/777/6573 4846/768/6574
f 4847/779/6575 4857/780/6576 4858/781/6577
f 4849/782/6578 4847/779/6579 4858/781/6580
f 4857/780/6581 4848/783/6582 4850/784/6583
f 4858/781/6584 4857/780/6585 4850/784/6586
f 4844/774/6587 4856/785/6588 4859/786/6589
f 4852/775/6587 4844/774/6587 4859/786/6590
f 4856/785/6591 4843/787/6592 4851/788/6592
f 4859/786/6593 4856/785/6594 4851/788/6592
f 4849/770/6595 4858/789/6596 4860/790/6597
f 4853/771/6595 4849/770/6595 4860/790/6598
f 4858/789/6599 4850/791/6600 4854/792/6601
f 4860/790/6602 4858/789/6603 4854/792/6601
f 4846/768/6604 4848/768/6605 4862/793/6606
f 4847/766/6607 4845/766/6608 4861/794/6609
f 4862/793/6610 4848/768/6611 4857/778/6612
f 4857/778/6613 4847/766/6614 4861/794/6615
f 4862/793/6616 4857/778/6617 4861/794/6618
f 4861/794/6619 4845/766/6620 4855/778/6621
f 4855/778/6622 4846/768/6623 4862/793/6624
f 4861/794/6625 4855/778/6626 4862/793/6627
f 4816/739/6628 4817/738/6629 4803/724/6630
f 4802/723/6631 4816/739/6632 4803/724/6633
f 4817/738/6634 4818/741/6635 4804/726/6636
f 4803/724/6637 4817/738/6638 4804/726/6639
f 4818/741/6640 4819/742/6641 4805/727/6642
f 4804/726/6643 4818/741/6644 4805/727/6645
f 4819/742/6646 4820/743/6647 4806/728/6648
f 4805/727/6649 4819/742/6650 4806/728/6651
f 4820/743/6652 4821/744/6653 4807/729/6654
f 4806/728/6655 4820/743/6656 4807/729/6657
f 4821/744/6658 4822/745/6659 4808/730/6660
f 4807/729/6661 4821/744/6662 4808/730/6663
f 4822/745/6664 4823/746/6665 4809/731/6666
f 4808/730/6667 4822/745/6668 4809/731/6669
f 4823/746/6670 4824/747/6671 4810/732/6672
f 4809/731/6673 4823/746/6674 4810/732/6675
f 4824/747/6676 4825/748/6677 4811/733/6678
f 4810/732/6679 4824/747/6680 4811/733/6681
f 4825/748/6682 4826/749/6683 4812/734/6684
f 4811/733/6685 4825/748/6686 4812/734/6687
f 4826/749/6688 4827/750/6689 4813/735/6690
f 4812/734/6691 4826/749/6692 4813/735/6693
f 4827/750/6694 4828/751/6695 4814/736/6696
f 4813/735/6697 4827/750/6698 4814/736/6699
f 4828/751/6700 4829/752/6701 4815/737/6702
f 4814/736/6703 4828/751/6704 4815/737/6705
f 4829/752/6706 4816/739/6707 4802/723/6708
f 4815/737/6709 4829/752/6710 4802/723/6711
f 4871/717/6484 4866/718/6712 4863/719/6713
f 4868/720/6714 4871/717/6715 4863/719/6714
f 4870/720/6716 4865/719/6716 4867/718/6717
f 4872/717/6718 4870/720/6719 4867/718/6720
f 4868/720/6721 4863/719/6721 4865/719/6721
f 4870/720/6721 4868/720/6721 4865/719/6721
f 4872/717/6722 4867/718/6723 4864/721/6724
f 4869/722/6725 4872/717/6726 4864/721/6725
f 4869/722/6727 4864/721/6727 4866/718/6728
f 4871/717/6729 4869/722/6730 4866/718/6731
f 4874/723/6527 4875/724/6527 4873/725/6527
f 4875/724/6527 4876/726/6527 4873/725/6527
f 4876/726/6527 4877/727/6527 4873/725/6527
f 4877/727/6527 4878/728/6527 4873/725/6527
f 4878/728/6527 4879/729/6527 4873/725/6527
f 4879/729/6527 4880/730/6527 4873/725/6527
f 4880/730/6527 4881/731/6527 4873/725/6527
f 4881/731/6527 4882/732/6527 4873/725/6527
f 4882/732/6527 4883/733/6527 4873/725/6527
f 4883/733/6527 4884/734/6527 4873/725/6527
f 4884/734/6527 4885/735/6527 4873/725/6527
f 4885/735/6527 4886/736/6527 4873/725/6527
f 4886/736/6527 4887/737/6527 4873/725/6527
f 4887/737/6527 4874/723/6527 4873/725/6527
f 4889/738/6528 4888/739/6528 4902/740/6528
f 4890/741/6528 4889/738/6528 4902/740/6528
f 4891/742/6528 4890/741/6528 4902/740/6528
f 4892/743/6528 4891/742/6528 4902/740/6528
f 4893/744/6528 4892/743/6528 4902/740/6528
f 4894/745/6528 4893/744/6528 4902/740/6528
f 4895/746/6528 4894/745/6528 4902/740/6528
f 4896/747/6528 4895/746/6528 4902/740/6528
f 4897/748/6528 4896/747/6528 4902/740/6528
f 4898/749/6528 4897/748/6528 4902/740/6528
f 4899/750/6528 4898/749/6528 4902/740/6528
f 4900/751/6528 4899/750/6528 4902/740/6528
f 4901/752/6528 4900/751/6528 4902/740/6528
f 4888/739/6528 4901/752/6528 4902/740/6528
f 4903/753/6732 4905/754/6732 4909/755/6732
f 4907/756/6732 4903/753/6732 4909/755/6732
f 4906/757/6733 4904/758/6733 4908/759/6733
f 4910/760/6733 4906/757/6733 4908/759/6733
f 4904/758/6734 4911/761/6735 4913/762/6736
f 4908/759/6734 4904/758/6734 4913/762/6737
f 4911/761/6738 4903/753/6739 4907/756/6739
f 4913/762/6740 4911/761/6741 4907/756/6739
f 4905/754/6742 4912/763/6743 4914/764/6744
f 4909/755/6742 4905/754/6742 4914/764/6745
f 4912/763/6746 4906/757/6747 4910/760/6747
f 4914/764/6748 4912/763/6749 4910/760/6747
f 4910/760/6528 4908/759/6528 4913/762/6528
f 4907/756/6528 4910/760/6528 4913/762/6528
f 4914/764/6528 4910/760/6528 4907/756/6528
f 4909/755/6528 4914/764/6528 4907/756/6528
f 4915/765/6750 4917/795/6751 4919/795/6752
f 4921/765/6753 4915/765/6750 4919/795/6754
f 4922/767/6755 4920/796/6756 4918/796/6757
f 4916/767/6755 4922/767/6758 4918/796/6759
f 4915/769/6760 4921/770/6557 4925/771/6558
f 4923/772/6558 4915/769/6761 4925/771/6558
f 4922/773/6762 4916/774/6763 4924/775/6562
f 4926/776/6562 4922/773/6561 4924/775/6562
f 4928/777/6764 4927/797/6765 4917/795/6766
f 4915/765/6767 4928/777/6768 4917/795/6769
f 4928/777/6770 4916/767/6771 4918/796/6772
f 4927/797/6773 4928/777/6774 4918/796/6775
f 4919/798/6776 4929/799/6777 4930/781/6778
f 4921/782/6779 4919/798/6780 4930/781/6781
f 4929/799/6782 4920/800/6783 4922/784/6784
f 4930/781/6785 4929/799/6786 4922/784/6787
f 4916/774/6788 4928/785/6588 4931/786/6789
f 4924/775/6587 4916/774/6790 4931/786/6791
f 4928/785/6792 4915/787/6592 4923/788/6592
f 4931/786/6593 4928/785/6793 4923/788/6592
f 4921/770/6595 4930/789/6596 4932/790/6794
f 4925/771/6595 4921/770/6595 4932/790/6795
f 4930/789/6796 4922/791/6600 4926/792/6601
f 4932/790/6602 4930/789/6797 4926/792/6601
f 4918/796/6798 4920/796/6799 4934/801/6800
f 4919/795/6801 4917/795/6802 4933/802/6803
f 4934/801/6804 4920/796/6805 4929/797/6806
f 4929/797/6807 4919/795/6808 4933/802/6809
f 4934/801/6810 4929/797/6811 4933/802/6812
f 4933/802/6813 4917/795/6814 4927/797/6815
f 4927/797/6816 4918/796/6817 4934/801/6818
f 4933/802/6819 4927/797/6820 4934/801/6821
f 4888/739/6822 4889/738/6823 4875/724/6824
f 4874/723/6825 4888/739/6826 4875/724/6827
f 4889/738/6828 4890/741/6635 4876/726/6829
f 4875/724/6637 4889/738/6830 4876/726/6831
f 4890/741/6832 4891/742/6641 4877/727/6833
f 4876/726/6643 4890/741/6834 4877/727/6835
f 4891/742/6836 4892/743/6647 4878/728/6837
f 4877/727/6649 4891/742/6838 4878/728/6839
f 4892/743/6840 4893/744/6653 4879/729/6841
f 4878/728/6655 4892/743/6842 4879/729/6843
f 4893/744/6844 4894/745/6659 4880/730/6845
f 4879/729/6661 4893/744/6846 4880/730/6847
f 4894/745/6848 4895/746/6849 4881/731/6850
f 4880/730/6667 4894/745/6851 4881/731/6852
f 4895/746/6853 4896/747/6671 4882/732/6854
f 4881/731/6855 4895/746/6856 4882/732/6857
f 4896/747/6858 4897/748/6677 4883/733/6859
f 4882/732/6860 4896/747/6861 4883/733/6862
f 4897/748/6863 4898/749/6683 4884/734/6864
f 4883/733/6685 4897/748/6865 4884/734/6866
f 4898/749/6867 4899/750/6689 4885/735/6868
f 4884/734/6691 4898/749/6869 4885/735/6870
f 4899/750/6871 4900/751/6695 4886/736/6872
f 4885/735/6697 4899/750/6873 4886/736/6874
f 4900/751/6875 4901/752/6701 4887/737/6876
f 4886/736/6703 4900/751/6877 4887/737/6878
f 4901/752/6879 4888/739/6880 4874/723/6881
f 4887/737/6709 4901/752/6882 4874/723/6883
f 4939/704/6884 4936/705/6885 4941/706/6886
f 4936/705/6887 4938/707/6888 4941/706/6889
f 4935/708/6890 4937/708/6891 4940/709/6352
f 4935/708/6892 4940/709/6893 4941/706/6894
f 4938/707/6895 4935/708/6896 4941/706/6897
f 4937/708/6898 4939/704/6899 4941/706/6900
f 4940/709/6901 4937/708/6902 4941/706/6903
f 4938/707/6904 4945/710/6905 4942/711/6447
f 4935/712/6906 4938/707/6907 4942/711/6908
f 4939/704/6909 4937/712/6910 4944/711/6911
f 4946/710/6912 4939/704/6913 4944/711/6914
f 4937/712/6915 4935/712/6916 4942/711/6917
f 4944/711/6918 4937/712/6919 4942/711/6920
f 4939/704/6921 4946/710/6540 4943/713/6922
f 4936/705/6923 4939/704/6924 4943/713/6925
f 4938/707/6926 4936/705/6927 4943/713/6928
f 4945/710/6929 4938/707/6930 4943/713/6931
f 4942/711/6932 4945/710/6933 4950/714/6934
f 4947/715/6478 4942/711/6935 4950/714/6936
f 4946/710/6937 4944/711/6938 4949/715/6938
f 4951/714/6456 4946/710/6939 4949/715/6938
f 4944/711/6940 4942/711/6941 4947/715/6942
f 4949/715/6943 4944/711/6944 4947/715/6945
f 4943/713/6946 4946/710/6947 4951/714/6948
f 4948/716/6949 4943/713/6950 4951/714/6951
f 4945/710/6952 4943/713/6953 4948/716/6954
f 4950/714/6955 4945/710/6444 4948/716/6956
f 4947/715/6450 4950/714/6957 4955/717/6485
f 4952/720/6450 4947/715/6450 4955/717/6958
f 4951/714/6959 4949/715/6960 4954/720/6960
f 4956/717/6961 4951/714/6962 4954/720/6960
f 4949/715/6963 4947/715/6964 4952/720/6965
f 4954/720/6965 4949/715/6966 4952/720/6965
f 4948/716/6967 4951/714/6968 4956/717/6969
f 4953/722/6970 4948/716/6971 4956/717/6972
f 4950/714/6973 4948/716/6974 4953/722/6975
f 4955/717/6976 4950/714/6977 4953/722/6975
f 4959/531/6978 4958/532/6978 4957/533/6978
f 4957/533/6978 4960/534/6978 4959/531/6978
f 4959/531/6978 4960/534/6978 4964/535/6978
f 4960/534/6978 4965/536/6978 4964/535/6978
f 4961/537/6978 4959/531/6978 4966/538/6978
f 4966/538/6978 4967/539/6978 4961/537/6978
f 4966/538/6978 4962/540/6978 4967/539/6978
f 4962/540/6978 4968/541/6978 4967/539/6978
f 4958/532/6978 4959/531/6978 4969/542/6978
f 4959/531/6978 4961/537/6978 4969/542/6978
f 4963/543/6978 4964/535/6978 4970/544/6978
f 4964/535/6978 4965/536/6978 4970/544/6978
f 4963/543/6978 4964/535/6978 4965/536/6978
f 4971/533/6979 4972/532/6979 4973/531/6979
f 4973/531/6979 4974/534/6979 4971/533/6979
f 4978/535/6979 4974/534/6979 4973/531/6979
f 4978/535/6979 4979/536/6979 4974/534/6979
f 4980/538/6979 4973/531/6979 4975/537/6979
f 4975/537/6979 4981/539/6979 4980/538/6979
f 4981/539/6979 4976/540/6979 4980/538/6979
f 4981/539/6979 4982/541/6979 4976/540/6979
f 4983/542/6979 4973/531/6979 4972/532/6979
f 4983/542/6979 4975/537/6979 4973/531/6979
f 4984/544/6979 4978/535/6979 4977/543/6979
f 4984/544/6979 4979/536/6979 4978/535/6979
f 4979/536/6979 4978/535/6979 4977/543/6979
f 4999/545/6978 4998/546/6978 4997/547/6980
f 5001/548/6978 5000/549/6978 4999/545/6978
f 5002/550/6978 5000/549/6978 5001/548/6978
f 5003/551/6978 5002/550/6978 5001/548/6978
f 5004/552/6978 5002/550/6978 5003/551/6978
f 5005/553/6978 5002/550/6978 5004/552/6978
f 5006/554/6978 5005/553/6978 5004/552/6978
f 5007/555/6978 5006/554/6978 5004/552/6978
f 5008/556/6978 5006/554/6978 5007/555/6978
f 5009/557/6978 5008/556/6978 5007/555/6978
f 5010/558/6978 5008/556/6978 5009/557/6978
f 5011/559/6978 5010/558/6978 5009/557/6978
f 5012/560/6978 5010/558/6978 5011/559/6978
f 5013/561/6978 5012/560/6978 5011/559/6978
f 5014/562/6978 5012/560/6978 5013/561/6978
f 5000/549/6978 4998/546/6978 4999/545/6978
f 4998/546/6978 4995/563/6978 4997/547/6980
f 4993/564/6978 5018/565/6981 4995/563/6978
f 4996/566/6982 5018/567/6983 4994/568/6984
f 4991/569/6978 5019/570/6985 4993/564/6978
f 4994/568/6986 5019/571/6987 4992/572/6988
f 4993/564/6978 5019/570/6989 5018/565/6990
f 5018/567/6991 5019/571/6992 4994/568/6993
f 4992/572/6994 5019/571/6995 4989/573/6996
f 4987/574/6978 5020/575/6997 4990/576/6978
f 4989/573/6998 5020/577/6999 4988/578/7000
f 5019/571/7001 5020/577/7002 4989/573/7003
f 4990/576/6978 5020/575/6997 4991/569/6978
f 4991/569/6978 5020/575/6997 5019/570/7004
f 5020/577/7005 5021/579/7006 4988/578/7007
f 4987/574/6978 5021/580/7008 5020/575/6997
f 4987/574/6978 5022/581/7009 5021/580/7010
f 5021/579/7011 5022/582/7012 4988/578/7013
f 4987/574/6978 5023/583/6978 5022/581/7009
f 4986/584/7014 5026/585/7015 4985/586/6978
f 5026/585/7015 5024/587/6978 4985/586/6978
f 5017/588/7016 5026/585/7017 4986/584/7018
f 5027/589/7019 5017/588/7020 4988/578/7021
f 4988/578/7022 5022/582/7023 5027/589/7024
f 5026/585/7015 5028/590/7025 5024/587/6978
f 5023/591/6978 5028/590/7025 5025/592/6978
f 5024/587/6978 5028/590/7025 5023/591/6978
f 5028/593/7025 5027/594/7026 5025/595/6978
f 5023/591/6978 4985/586/6978 5024/587/6978
f 4987/596/6978 4985/586/6978 5023/591/6978
f 5023/591/6978 5025/592/6978 5022/582/7009
f 5022/582/7009 5025/592/6978 5027/589/7026
f 5026/597/7027 5017/598/7028 5028/593/7029
f 5028/593/7029 5017/598/7030 5027/594/7031
f 5018/565/7032 4996/599/7033 4997/547/7034
f 4995/563/6978 5018/565/6990 4997/547/7035
f 5037/547/7036 5038/546/7037 5039/545/7037
f 5039/545/6979 5040/549/6979 5041/548/6979
f 5041/548/6979 5040/549/6979 5042/550/6979
f 5041/548/6979 5042/550/6979 5043/551/6979
f 5043/551/6979 5042/550/6979 5044/552/6979
f 5044/552/6979 5042/550/6979 5045/553/6979
f 5044/552/6979 5045/553/6979 5046/554/6979
f 5044/552/6979 5046/554/6979 5047/555/6979
f 5047/555/6979 5046/554/6979 5048/556/6979
f 5047/555/6979 5048/556/6979 5049/557/6979
f 5049/557/6979 5048/556/6979 5050/558/6979
f 5049/557/6979 5050/558/6979 5051/559/6979
f 5051/559/6979 5050/558/6979 5052/560/6979
f 5051/559/6979 5052/560/6979 5053/561/6979
f 5053/561/6979 5052/560/6979 5054/562/6979
f 5039/545/7037 5038/546/7037 5040/549/7037
f 5037/547/7036 5035/563/7037 5038/546/7037
f 5035/563/6979 5058/565/7038 5034/564/6979
f 4994/568/7039 5058/567/7040 5036/566/7041
f 5034/564/6979 5059/570/7042 5033/569/6979
f 4992/572/7043 5059/571/7044 4994/568/7039
f 5058/565/7045 5059/570/7046 5034/564/6979
f 4994/568/7047 5059/571/7048 5058/567/7049
f 4989/573/7050 5059/571/7051 4992/572/7043
f 5032/576/6979 5060/575/7052 5031/574/6979
f 4988/578/7053 5060/577/7054 4989/573/7055
f 4989/573/7056 5060/577/7057 5059/571/7058
f 5033/569/6979 5060/575/7052 5032/576/6979
f 5059/570/7046 5060/575/7059 5033/569/6979
f 4988/578/7060 5061/579/7061 5060/577/7062
f 5060/575/7063 5061/580/7064 5031/574/6979
f 5061/580/7064 5062/581/7065 5031/574/6979
f 4988/578/7053 5062/582/7066 5061/579/7067
f 5062/581/7065 5063/583/6979 5031/574/6979
f 5029/586/6979 5066/585/7068 5030/584/7069
f 5029/586/6979 5064/587/6979 5066/585/7070
f 5030/584/7071 5066/585/7072 5057/588/7073
f 4988/578/7074 5057/588/7075 5067/589/7076
f 5067/589/7077 5062/582/7078 4988/578/7079
f 5064/587/6979 5068/590/7080 5066/585/7070
f 5065/592/6979 5068/590/7080 5063/591/6979
f 5063/591/6979 5068/590/7080 5064/587/6979
f 5065/595/6979 5067/594/7081 5068/593/7080
f 5064/587/6979 5029/586/6979 5063/591/6979
f 5063/591/6979 5029/586/6979 5031/596/6979
f 5062/582/7082 5065/592/6979 5063/591/6979
f 5067/589/7083 5065/592/6979 5062/582/7065
f 5068/593/7084 5057/598/7085 5066/597/7086
f 5067/594/7087 5057/598/7088 5068/593/7084
f 5037/547/7089 5036/599/7090 5058/565/7091
f 5037/547/7036 5058/565/7092 5035/563/7037
f 4994/568/7093 5036/566/7094 4996/566/7094
f 5017/588/7095 5057/588/7095 4988/578/7095
f 5071/600/7096 5069/601/7097 5072/602/7098
f 5071/600/7099 5072/602/7100 5073/603/7101
f 5072/604/7102 5070/605/7103 5073/606/7104
f 5070/605/7105 5080/607/7106 5073/606/7107
f 5073/603/7108 5081/608/7109 5071/600/7110
f 5071/600/7111 5081/608/7109 5074/609/7112
f 5082/610/7113 5083/611/7114 5081/612/7115
f 5082/610/7116 5084/613/7117 5083/611/7114
f 5084/613/7118 5085/614/7119 5083/611/7120
f 5084/613/7121 5086/615/7122 5085/614/7119
f 5086/615/7123 5087/616/7124 5085/614/7125
f 5086/615/7122 5088/617/7126 5087/616/7127
f 5088/617/7126 5089/618/7128 5087/616/7129
f 5081/608/7109 5083/619/7130 5074/609/7112
f 5074/609/7112 5083/619/7131 5075/620/7132
f 5075/620/7133 5083/619/7134 5076/621/7135
f 5083/619/7134 5085/622/7136 5076/621/7137
f 5085/622/7138 5087/623/7139 5076/621/7140
f 5076/621/7137 5087/623/7141 5077/624/7142
f 5077/624/7143 5087/623/7144 5078/625/7145
f 5087/623/7139 5089/626/7146 5078/625/7147
f 5078/625/7147 5089/626/7148 5079/627/7149
f 5089/626/7150 5090/628/7151 5079/627/7152
f 5089/618/7153 5088/617/7154 5090/629/7155
f 5088/617/7126 5091/630/7156 5090/629/7157
f 5091/630/7156 5092/631/7158 5090/629/7157
f 5092/631/7158 5093/632/7159 5090/629/7160
f 5090/628/7161 5093/633/7162 5079/627/7163
f 5093/633/7164 5094/634/7165 5079/627/7149
f 5096/635/7166 5100/636/7167 5097/637/7168
f 5100/636/7169 5101/638/7170 5097/637/7171
f 5101/638/7172 5102/639/7173 5097/637/7174
f 5103/640/7175 5104/641/7176 5099/642/7177
f 5104/641/7178 5105/643/6978 5099/642/7177
f 5104/641/7176 5106/644/7179 5105/643/6978
f 5106/644/7180 5107/645/7181 5105/643/6978
f 5103/646/7182 5102/639/7183 5104/647/7184
f 5102/639/7183 5108/648/7185 5104/647/7186
f 5104/647/7187 5108/648/7188 5106/649/7189
f 5108/648/7190 5109/650/7191 5106/649/7192
f 5109/650/7191 5110/651/7193 5106/649/7194
f 5110/651/7195 5111/652/7196 5106/649/7192
f 5106/649/7192 5111/652/7197 5107/653/7198
f 5082/610/7199 5081/612/7200 5113/654/7201
f 5073/606/7104 5080/607/7202 5113/654/7203
f 5081/612/7200 5073/606/7204 5113/654/7201
f 5102/639/7205 5103/646/7206 5114/655/7207
f 5103/640/7208 5098/656/7209 5114/657/7210
f 5098/656/7209 5097/658/7211 5114/657/7210
f 5097/637/7212 5102/639/7213 5114/655/7207
f 5096/659/7214 5097/660/7215 5095/661/7216
f 5112/662/7217 5095/661/7218 5097/660/7211
f 5098/663/7219 5112/662/7217 5097/660/7220
f 5117/664/7221 5115/665/7222 5118/666/7223
f 5117/667/7224 5118/668/7225 5119/669/7226
f 5119/670/7226 5118/666/7223 5120/671/7227
f 5096/659/7228 5095/661/7229 5121/672/7230
f 5119/669/7226 5120/673/7231 5121/672/7232
f 5100/636/7233 5096/635/7234 5122/674/7235
f 5096/659/7166 5121/672/7232 5122/675/7236
f 5121/676/7232 5120/671/7231 5122/674/7237
f 5099/677/7238 5112/662/7239 5123/678/7240
f 5112/662/7241 5098/663/7242 5123/678/7243
f 5098/656/7209 5103/640/7175 5123/679/7244
f 5103/640/7208 5099/642/7177 5123/679/7244
f 5115/665/7245 5093/632/7159 5092/631/7158
f 5120/671/7246 5118/666/7247 5124/680/7248
f 5124/680/7249 5100/636/7250 5122/674/7251
f 5120/671/7246 5124/680/7249 5122/674/7252
f 5124/680/7253 5118/666/7254 5115/665/7255
f 5092/631/7158 5124/680/7256 5115/665/7257
f 5117/667/7258 5119/669/7259 5116/681/7260
f 5121/672/7261 5095/661/7216 5116/681/7262
f 5119/669/7263 5121/672/7230 5116/681/7262
f 5093/633/7264 5115/682/7265 5094/634/7266
f 5094/634/7267 5115/682/7268 5117/667/7269
f 5116/681/7270 5094/634/7271 5117/667/7272
f 5125/602/7273 5069/601/7274 5071/600/7275
f 5126/603/7276 5125/602/7277 5071/600/7278
f 5126/606/7279 5070/605/7280 5125/604/7281
f 5126/606/7282 5080/607/7283 5070/605/7284
f 5071/600/7285 5127/608/7286 5126/603/7276
f 5074/609/7287 5127/608/7288 5071/600/7289
f 5127/612/7290 5128/611/7291 5082/610/7292
f 5128/611/7293 5084/613/7294 5082/610/7295
f 5128/611/7293 5129/614/7296 5084/613/7294
f 5129/614/7297 5086/615/7298 5084/613/7299
f 5129/614/7300 5130/616/7301 5086/615/7298
f 5130/616/7302 5088/617/7303 5086/615/7304
f 5130/616/7301 5131/618/7305 5088/617/7306
f 5074/609/7307 5128/619/7308 5127/608/7309
f 5075/620/7310 5128/619/7311 5074/609/7312
f 5076/621/7313 5128/619/7308 5075/620/7310
f 5076/621/7314 5129/622/7315 5128/619/7316
f 5076/621/7317 5130/623/7318 5129/622/7319
f 5077/624/7320 5130/623/7321 5076/621/7322
f 5078/625/7323 5130/623/7321 5077/624/7320
f 5078/625/7324 5131/626/7325 5130/623/7326
f 5079/627/7327 5131/626/7328 5078/625/7329
f 5079/627/7327 5132/628/7330 5131/626/7331
f 5132/629/7332 5088/617/7333 5131/618/7305
f 5132/629/7334 5091/630/7335 5088/617/7336
f 5132/629/7332 5092/631/7337 5091/630/7338
f 5132/629/7332 5133/632/7339 5092/631/7340
f 5079/627/7341 5133/633/7342 5132/628/7343
f 5079/627/7344 5094/634/7345 5133/633/7342
f 5135/637/7346 5100/636/7347 5134/635/7348
f 5135/637/7349 5101/638/7350 5100/636/7351
f 5135/637/7352 5102/639/7353 5101/638/7354
f 5137/642/7355 5139/641/7356 5138/640/7357
f 5137/642/7355 5140/643/6979 5139/641/7356
f 5140/643/6979 5141/644/7358 5139/641/7356
f 5140/643/6979 5142/645/7359 5141/644/7360
f 5139/647/7361 5102/639/7362 5138/646/7363
f 5139/647/7361 5108/648/7364 5102/639/7362
f 5141/649/7365 5108/648/7366 5139/647/7367
f 5141/649/7368 5109/650/7369 5108/648/7366
f 5141/649/7365 5110/651/7370 5109/650/7371
f 5141/649/7372 5111/652/7373 5110/651/7374
f 5142/653/7375 5111/652/7376 5141/649/7377
f 5113/654/7378 5127/612/7379 5082/610/7380
f 5113/654/7378 5080/607/7381 5126/606/7382
f 5113/654/7383 5126/606/7382 5127/612/7290
f 5143/655/7384 5138/646/7385 5102/639/7386
f 5143/657/7387 5136/656/7388 5138/640/7357
f 5143/657/7387 5135/658/7389 5136/656/7388
f 5143/655/7390 5102/639/7353 5135/637/7391
f 5095/661/7392 5135/660/7389 5134/659/7393
f 5135/660/7394 5095/661/7395 5112/662/7396
f 5135/660/7397 5112/662/7396 5136/663/7398
f 5146/666/7399 5144/665/7400 5145/664/7401
f 5147/669/7402 5146/668/7399 5145/667/7401
f 5148/671/7403 5146/666/7404 5147/670/7402
f 5149/672/7405 5095/661/7395 5134/659/7406
f 5149/672/7407 5148/673/7403 5147/669/7402
f 5150/674/7408 5134/635/7409 5100/636/7410
f 5150/675/7411 5149/672/7412 5134/659/7413
f 5150/674/7408 5148/671/7414 5149/676/7415
f 5151/678/7416 5112/662/7417 5137/677/7418
f 5151/678/7419 5136/663/7398 5112/662/7420
f 5151/679/7421 5138/640/7357 5136/656/7388
f 5151/679/7422 5137/642/7355 5138/640/7423
f 5092/631/7424 5133/632/7425 5144/665/7426
f 5124/680/7427 5146/666/7428 5148/671/7429
f 5150/674/7430 5100/636/7431 5124/680/7427
f 5150/674/7430 5124/680/7427 5148/671/7432
f 5144/665/7433 5146/666/7434 5124/680/7435
f 5144/665/7426 5124/680/7436 5092/631/7437
f 5116/681/7438 5147/669/7439 5145/667/7440
f 5116/681/7441 5095/661/7442 5149/672/7405
f 5116/681/7438 5149/672/7405 5147/669/7443
f 5094/634/7345 5144/682/7444 5133/633/7342
f 5145/667/7445 5144/682/7400 5094/634/7446
f 5145/667/7440 5094/634/7447 5116/681/7448
f 5069/601/7449 5125/602/7450 5072/602/7450
f 5072/604/7451 5125/604/7451 5070/605/7452
f 5111/652/7453 5142/653/7454 5107/653/7455
f 5099/677/7456 5137/677/7456 5112/662/7456
f 4958/532/7457 4972/532/7458 4971/533/7459
f 4957/533/7459 4958/532/7457 4971/533/7459
f 4957/533/7460 4971/533/7460 4974/534/7461
f 4960/534/7462 4957/533/7460 4974/534/7461
f 4964/535/7463 4978/535/7464 4973/531/7465
f 4959/531/7465 4964/535/7463 4973/531/7465
f 4960/534/7466 4974/534/7467 4979/536/7468
f 4965/536/7469 4960/534/7466 4979/536/7469
f 4959/531/7470 4973/531/7470 4980/538/7471
f 4966/538/7472 4959/531/7470 4980/538/7471
f 4967/539/7473 4981/539/7473 4975/537/7474
f 4961/537/7475 4967/539/7473 4975/537/7474
f 4966/538/7476 4980/538/7477 4976/540/7478
f 4962/540/7479 4966/538/7476 4976/540/7480
f 4968/541/7481 4982/541/7481 4981/539/7481
f 4967/539/7481 4968/541/7481 4981/539/7481
f 4962/540/7482 4976/540/7483 4982/541/7484
f 4968/541/7484 4962/540/7485 4982/541/7484
f 4969/542/7486 4983/542/7487 4972/532/7488
f 4958/532/7489 4969/542/7486 4972/532/7488
f 4961/537/7490 4975/537/7491 4983/542/7487
f 4969/542/7486 4961/537/7490 4983/542/7487
f 4963/543/7492 4977/543/7493 4978/535/7494
f 4964/535/7495 4963/543/7492 4978/535/7494
f 4970/544/7496 4984/544/7497 4977/543/7498
f 4963/543/7499 4970/544/7496 4977/543/7498
f 4965/536/7500 4979/536/7500 4984/544/7501
f 4970/544/7502 4965/536/7500 4984/544/7503
f 4964/535/7504 4978/535/7504 4979/536/7505
f 4965/536/7505 4964/535/7504 4979/536/7505
f 4963/543/7492 4977/543/7493 4978/535/7494
f 4964/535/7495 4963/543/7492 4978/535/7494
f 4965/536/7506 4979/536/7506 4977/543/7507
f 4963/543/7508 4965/536/7506 4977/543/7507
f 5014/562/6978 5013/561/6978 5015/683/6978
f 5016/684/7509 5014/562/7509 5015/683/7509
f 5056/684/6979 5055/683/6979 5053/561/6979
f 5054/562/6979 5056/684/6979 5053/561/6979
f 4997/547/7510 5037/547/7511 5039/545/7512
f 4999/545/7513 4997/547/7510 5039/545/7512
f 4999/545/7514 5039/545/7512 5041/548/7515
f 5001/548/7516 4999/545/7514 5041/548/7517
f 5002/550/7518 5042/550/7519 5040/549/7520
f 5000/549/7521 5002/550/7518 5040/549/7520
f 5001/548/7522 5041/548/7523 5043/551/7524
f 5003/551/7525 5001/548/7522 5043/551/7526
f 5003/551/7527 5043/551/7528 5044/552/7529
f 5004/552/7530 5003/551/7527 5044/552/7529
f 5005/553/7531 5045/553/7532 5042/550/7533
f 5002/550/7534 5005/553/7531 5042/550/7533
f 5006/554/7535 5046/554/7535 5045/553/7536
f 5005/553/7537 5006/554/7535 5045/553/7536
f 5004/552/7538 5044/552/7539 5047/555/7540
f 5007/555/7541 5004/552/7538 5047/555/7540
f 5008/556/7542 5048/556/7543 5046/554/7544
f 5006/554/7544 5008/556/7542 5046/554/7544
f 5007/555/7541 5047/555/7545 5049/557/7546
f 5009/557/7547 5007/555/7541 5049/557/7548
f 5010/558/7549 5050/558/7550 5048/556/7551
f 5008/556/7552 5010/558/7549 5048/556/7551
f 5009/557/7553 5049/557/7548 5051/559/7554
f 5011/559/7555 5009/557/7553 5051/559/7554
f 5012/560/7556 5052/560/7557 5050/558/7558
f 5010/558/7559 5012/560/7556 5050/558/7558
f 5011/559/7560 5051/559/7554 5053/561/7561
f 5013/561/7562 5011/559/7560 5053/561/7561
f 5014/562/7563 5054/562/7564 5052/560/7565
f 5012/560/7566 5014/562/7567 5052/560/7557
f 5000/549/7568 5040/549/7569 5038/546/7570
f 4998/546/7571 5000/549/7568 5038/546/7570
f 4998/546/7572 5038/546/7573 5035/563/7574
f 4995/563/7575 4998/546/7572 5035/563/7574
f 5015/683/7576 5055/683/7576 5056/684/7577
f 5016/684/7578 5015/683/7576 5056/684/7579
f 5013/561/7580 5053/561/7581 5055/683/7582
f 5015/683/7582 5013/561/7580 5055/683/7582
f 5016/684/7583 5056/684/7584 5054/562/7564
f 5014/562/7585 5016/684/7583 5054/562/7564
f 4995/563/7586 5035/563/7587 5034/564/7588
f 4993/564/7589 4995/563/7586 5034/564/7588
f 4993/564/7590 5034/564/7591 5033/569/7592
f 4991/569/7593 4993/564/7590 5033/569/7592
f 4990/576/7594 5032/576/7594 5031/574/7595
f 4987/574/7596 4990/576/7594 5031/574/7595
f 4991/569/7597 5033/569/7598 5032/576/7599
f 4990/576/7599 4991/569/7600 5032/576/7599
f 4985/586/7601 5029/586/7601 5030/584/7601
f 4986/584/7601 4985/586/7601 5030/584/7601
f 4986/584/7602 5030/584/7602 5057/588/7602
f 5017/588/7602 4986/584/7602 5057/588/7602
f 4987/596/7603 5031/596/7595 5029/586/7604
f 4985/586/7604 4987/596/7603 5029/586/7604
f 4996/599/7605 5036/599/7605 5037/547/7606
f 4997/547/7607 4996/599/7605 5037/547/7606
f 5105/643/7608 5140/643/7609 5137/642/7610
f 5099/642/7610 5105/643/7608 5137/642/7610
f 5107/645/7611 5142/645/7454 5140/643/7612
f 5105/643/7613 5107/645/7455 5140/643/7609
f 5154/531/6978 5153/532/6978 5152/533/6978
f 5152/533/6978 5155/534/6978 5154/531/6978
f 5154/531/6978 5155/534/6978 5159/535/6978
f 5155/534/6978 5160/536/6978 5159/535/6978
f 5156/537/6978 5154/531/6978 5161/538/6978
f 5161/538/6978 5162/539/6978 5156/537/6978
f 5161/538/6978 5157/540/6978 5162/539/6978
f 5157/540/6978 5163/541/6978 5162/539/6978
f 5153/532/6978 5154/531/6978 5164/542/6978
f 5154/531/6978 5156/537/6978 5164/542/6978
f 5158/543/6978 5159/535/6978 5165/544/6978
f 5159/535/6978 5160/536/6978 5165/544/6978
f 5158/543/6978 5159/535/6978 5160/536/6978
f 5166/533/6979 5167/532/6979 5168/531/6979
f 5168/531/6979 5169/534/6979 5166/533/6979
f 5173/535/6979 5169/534/6979 5168/531/6979
f 5173/535/6979 5174/536/6979 5169/534/6979
f 5175/538/6979 5168/531/6979 5170/537/6979
f 5170/537/6979 5176/539/6979 5175/538/6979
f 5176/539/6979 5171/540/6979 5175/538/6979
f 5176/539/6979 5177/541/6979 5171/540/6979
f 5178/542/6979 5168/531/6979 5167/532/6979
f 5178/542/6979 5170/537/6979 5168/531/6979
f 5179/544/6979 5173/535/6979 5172/543/6979
f 5179/544/6979 5174/536/6979 5173/535/6979
f 5174/536/6979 5173/535/6979 5172/543/6979
f 5194/545/6978 5193/546/6978 5192/547/6980
f 5196/548/6978 5195/549/6978 5194/545/6978
f 5197/550/6978 5195/549/6978 5196/548/6978
f 5198/551/6978 5197/550/6978 5196/548/6978
f 5199/552/6978 5197/550/6978 5198/551/6978
f 5200/553/6978 5197/550/6978 5199/552/6978
f 5201/554/6978 5200/553/6978 5199/552/6978
f 5202/555/6978 5201/554/6978 5199/552/6978
f 5203/556/6978 5201/554/6978 5202/555/6978
f 5204/557/6978 5203/556/6978 5202/555/6978
f 5205/558/6978 5203/556/6978 5204/557/6978
f 5206/559/6978 5205/558/6978 5204/557/6978
f 5207/560/6978 5205/558/6978 5206/559/6978
f 5208/561/6978 5207/560/6978 5206/559/6978
f 5209/562/6978 5207/560/6978 5208/561/6978
f 5195/549/6978 5193/546/6978 5194/545/6978
f 5193/546/6978 5190/563/6978 5192/547/6980
f 5188/564/6978 5213/565/6981 5190/563/6978
f 5191/566/7614 5213/567/6983 5189/568/6984
f 5186/569/6978 5214/570/7004 5188/564/6978
f 5189/568/6986 5214/571/6987 5187/572/6988
f 5188/564/6978 5214/570/6989 5213/565/6990
f 5213/567/6991 5214/571/6992 5189/568/6986
f 5187/572/6994 5214/571/7615 5184/573/6996
f 5182/574/6978 5215/575/6997 5185/576/6978
f 5184/573/6998 5215/577/6999 5183/578/7000
f 5214/571/7001 5215/577/7002 5184/573/7003
f 5185/576/6978 5215/575/6997 5186/569/6978
f 5186/569/6978 5215/575/6997 5214/570/7004
f 5215/577/7005 5216/579/7006 5183/578/7007
f 5182/574/6978 5216/580/7008 5215/575/6997
f 5182/574/6978 5217/581/7009 5216/580/7010
f 5216/579/7616 5217/582/7012 5183/578/7013
f 5182/574/6978 5218/583/6978 5217/581/7009
f 5181/584/7014 5221/585/7015 5180/586/6978
f 5221/585/7015 5219/587/6978 5180/586/6978
f 5212/588/7617 5221/585/7017 5181/584/7018
f 5222/589/7019 5212/588/7020 5183/578/7021
f 5183/578/7022 5217/582/7023 5222/589/7024
f 5221/585/7015 5223/590/7025 5219/587/6978
f 5218/591/6978 5223/590/7025 5220/592/6978
f 5219/587/6978 5223/590/7025 5218/591/6978
f 5223/593/7025 5222/594/7026 5220/595/6978
f 5218/591/6978 5180/586/6978 5219/587/6978
f 5182/596/6978 5180/586/6978 5218/591/6978
f 5218/591/6978 5220/592/6978 5217/582/7009
f 5217/582/7009 5220/592/6978 5222/589/7026
f 5221/597/7027 5212/598/7028 5223/593/7029
f 5223/593/7029 5212/598/7030 5222/594/7031
f 5213/565/7032 5191/599/7033 5192/547/7034
f 5190/563/6978 5213/565/6990 5192/547/7035
f 5232/547/7036 5233/546/7037 5234/545/7037
f 5234/545/6979 5235/549/6979 5236/548/6979
f 5236/548/6979 5235/549/6979 5237/550/6979
f 5236/548/6979 5237/550/6979 5238/551/6979
f 5238/551/6979 5237/550/6979 5239/552/6979
f 5239/552/6979 5237/550/6979 5240/553/6979
f 5239/552/6979 5240/553/6979 5241/554/6979
f 5239/552/6979 5241/554/6979 5242/555/6979
f 5242/555/6979 5241/554/6979 5243/556/6979
f 5242/555/6979 5243/556/6979 5244/557/6979
f 5244/557/6979 5243/556/6979 5245/558/6979
f 5244/557/6979 5245/558/6979 5246/559/6979
f 5246/559/6979 5245/558/6979 5247/560/6979
f 5246/559/6979 5247/560/6979 5248/561/6979
f 5248/561/6979 5247/560/6979 5249/562/6979
f 5234/545/7037 5233/546/7037 5235/549/7037
f 5232/547/7036 5230/563/7037 5233/546/7037
f 5230/563/6979 5253/565/7038 5229/564/6979
f 5189/568/7039 5253/567/7618 5231/566/7041
f 5229/564/6979 5254/570/7042 5228/569/6979
f 5187/572/7043 5254/571/7044 5189/568/7039
f 5253/565/7045 5254/570/7046 5229/564/6979
f 5189/568/7047 5254/571/7619 5253/567/7049
f 5184/573/7050 5254/571/7051 5187/572/7043
f 5227/576/6979 5255/575/7052 5226/574/6979
f 5183/578/7620 5255/577/7054 5184/573/7055
f 5184/573/7056 5255/577/7057 5254/571/7619
f 5228/569/6979 5255/575/7052 5227/576/6979
f 5254/570/7046 5255/575/7059 5228/569/6979
f 5183/578/7060 5256/579/7061 5255/577/7062
f 5255/575/7063 5256/580/7061 5226/574/6979
f 5256/580/7061 5257/581/7065 5226/574/6979
f 5183/578/7053 5257/582/7066 5256/579/7067
f 5257/581/7065 5258/583/6979 5226/574/6979
f 5224/586/6979 5261/585/7068 5225/584/7069
f 5224/586/6979 5259/587/6979 5261/585/7070
f 5225/584/7071 5261/585/7072 5252/588/7073
f 5183/578/7074 5252/588/7075 5262/589/7076
f 5262/589/7077 5257/582/7078 5183/578/7079
f 5259/587/6979 5263/590/7080 5261/585/7070
f 5260/592/6979 5263/590/7080 5258/591/6979
f 5258/591/6979 5263/590/7080 5259/587/6979
f 5260/595/6979 5262/594/7621 5263/593/7080
f 5259/587/6979 5224/586/6979 5258/591/6979
f 5258/591/6979 5224/586/6979 5226/596/6979
f 5257/582/7082 5260/592/6979 5258/591/6979
f 5262/589/7083 5260/592/6979 5257/582/7065
f 5263/593/7084 5252/598/7085 5261/597/7086
f 5262/594/7087 5252/598/7088 5263/593/7084
f 5232/547/7089 5231/599/7090 5253/565/7091
f 5232/547/7036 5253/565/7092 5230/563/7037
f 5189/568/7093 5231/566/7094 5191/566/7094
f 5212/588/7095 5252/588/7095 5183/578/7095
f 5266/600/7096 5264/601/7097 5267/602/7098
f 5266/600/7099 5267/602/7100 5268/603/7101
f 5267/604/7102 5265/605/7103 5268/606/7104
f 5265/605/7105 5275/607/7106 5268/606/7104
f 5268/603/7108 5276/608/7109 5266/600/7110
f 5266/600/7111 5276/608/7109 5269/609/7112
f 5277/610/7622 5278/611/7114 5276/612/7115
f 5277/610/7623 5279/613/7117 5278/611/7114
f 5279/613/7118 5280/614/7119 5278/611/7120
f 5279/613/7121 5281/615/7122 5280/614/7119
f 5281/615/7123 5282/616/7124 5280/614/7125
f 5281/615/7122 5283/617/7126 5282/616/7624
f 5283/617/7625 5284/618/7128 5282/616/7129
f 5276/608/7109 5278/619/7130 5269/609/7112
f 5269/609/7112 5278/619/7131 5270/620/7132
f 5270/620/7133 5278/619/7134 5271/621/7135
f 5278/619/7134 5280/622/7136 5271/621/7137
f 5280/622/7138 5282/623/7139 5271/621/7140
f 5271/621/7137 5282/623/7141 5272/624/7142
f 5272/624/7142 5282/623/7144 5273/625/7145
f 5282/623/7626 5284/626/7146 5273/625/7147
f 5273/625/7147 5284/626/7148 5274/627/7149
f 5284/626/7150 5285/628/7151 5274/627/7152
f 5284/618/7153 5283/617/7625 5285/629/7155
f 5283/617/7126 5286/630/7156 5285/629/7157
f 5286/630/7156 5287/631/7158 5285/629/7157
f 5287/631/7158 5288/632/7159 5285/629/7160
f 5285/628/7161 5288/633/7162 5274/627/7163
f 5288/633/7164 5289/634/7627 5274/627/7628
f 5291/635/7166 5295/636/7167 5292/637/7168
f 5295/636/7167 5296/638/7629 5292/637/7171
f 5296/638/7172 5297/639/7183 5292/637/7174
f 5298/640/7175 5299/641/7176 5294/642/7177
f 5299/641/7178 5300/643/6978 5294/642/7177
f 5299/641/7176 5301/644/7179 5300/643/6978
f 5301/644/7180 5302/645/7181 5300/643/6978
f 5298/646/7182 5297/639/7183 5299/647/7184
f 5297/639/7183 5303/648/7630 5299/647/7186
f 5299/647/7187 5303/648/7188 5301/649/7189
f 5303/648/7190 5304/650/7191 5301/649/7192
f 5304/650/7191 5305/651/7631 5301/649/7194
f 5305/651/7195 5306/652/7196 5301/649/7192
f 5301/649/7192 5306/652/7632 5302/653/7198
f 5277/610/7199 5276/612/7200 5308/654/7201
f 5268/606/7104 5275/607/7202 5308/654/7203
f 5276/612/7200 5268/606/7204 5308/654/7201
f 5297/639/7633 5298/646/7206 5309/655/7207
f 5298/640/7208 5293/656/7209 5309/657/7210
f 5293/656/7209 5292/658/7211 5309/657/7210
f 5292/637/7212 5297/639/7213 5309/655/7207
f 5291/659/7214 5292/660/7215 5290/661/7216
f 5307/662/7217 5290/661/7218 5292/660/7211
f 5293/663/7219 5307/662/7217 5292/660/7220
f 5312/664/7221 5310/665/7222 5313/666/7223
f 5312/667/7224 5313/668/7225 5314/669/7226
f 5314/670/7226 5313/666/7223 5315/671/7227
f 5291/659/7228 5290/661/7229 5316/672/7230
f 5314/669/7226 5315/673/7231 5316/672/7232
f 5295/636/7167 5291/635/7234 5317/674/7235
f 5291/659/7166 5316/672/7232 5317/675/7236
f 5316/676/7232 5315/671/7231 5317/674/7237
f 5294/677/7634 5307/662/7635 5318/678/7240
f 5307/662/7241 5293/663/7242 5318/678/7243
f 5293/656/7209 5298/640/7175 5318/679/7244
f 5298/640/7208 5294/642/7177 5318/679/7244
f 5310/665/7245 5288/632/7159 5287/631/7158
f 5315/671/7246 5313/666/7254 5319/680/7253
f 5319/680/7249 5295/636/7250 5317/674/7251
f 5315/671/7246 5319/680/7256 5317/674/7252
f 5319/680/7253 5313/666/7254 5310/665/7245
f 5287/631/7158 5319/680/7256 5310/665/7257
f 5312/667/7258 5314/669/7259 5311/681/7260
f 5316/672/7261 5290/661/7216 5311/681/7262
f 5314/669/7263 5316/672/7230 5311/681/7262
f 5288/633/7636 5310/682/7265 5289/634/7266
f 5289/634/7267 5310/682/7265 5312/667/7269
f 5311/681/7637 5289/634/7271 5312/667/7272
f 5320/602/7273 5264/601/7274 5266/600/7275
f 5321/603/7276 5320/602/7277 5266/600/7278
f 5321/606/7279 5265/605/7280 5320/604/7281
f 5321/606/7282 5275/607/7638 5265/605/7284
f 5266/600/7285 5322/608/7286 5321/603/7276
f 5269/609/7287 5322/608/7288 5266/600/7289
f 5322/612/7290 5323/611/7291 5277/610/7292
f 5323/611/7293 5279/613/7294 5277/610/7295
f 5323/611/7293 5324/614/7296 5279/613/7294
f 5324/614/7297 5281/615/7298 5279/613/7299
f 5324/614/7300 5325/616/7301 5281/615/7298
f 5325/616/7302 5283/617/7303 5281/615/7304
f 5325/616/7301 5326/618/7305 5283/617/7336
f 5269/609/7307 5323/619/7308 5322/608/7309
f 5270/620/7310 5323/619/7311 5269/609/7312
f 5271/621/7313 5323/619/7308 5270/620/7310
f 5271/621/7314 5324/622/7639 5323/619/7308
f 5271/621/7317 5325/623/7318 5324/622/7319
f 5272/624/7320 5325/623/7321 5271/621/7640
f 5273/625/7323 5325/623/7321 5272/624/7320
f 5273/625/7324 5326/626/7325 5325/623/7326
f 5274/627/7327 5326/626/7328 5273/625/7641
f 5274/627/7327 5327/628/7330 5326/626/7331
f 5327/629/7332 5283/617/7642 5326/618/7305
f 5327/629/7334 5286/630/7643 5283/617/7336
f 5327/629/7644 5287/631/7337 5286/630/7643
f 5327/629/7332 5328/632/7339 5287/631/7337
f 5274/627/7341 5328/633/7342 5327/628/7343
f 5274/627/7344 5289/634/7345 5328/633/7342
f 5330/637/7346 5295/636/7347 5329/635/7348
f 5330/637/7349 5296/638/7350 5295/636/7351
f 5330/637/7352 5297/639/7353 5296/638/7354
f 5332/642/7355 5334/641/7356 5333/640/7357
f 5332/642/7355 5335/643/6979 5334/641/7356
f 5335/643/6979 5336/644/7358 5334/641/7356
f 5335/643/6979 5337/645/7359 5336/644/7360
f 5334/647/7361 5297/639/7362 5333/646/7363
f 5334/647/7361 5303/648/7364 5297/639/7645
f 5336/649/7365 5303/648/7366 5334/647/7367
f 5336/649/7368 5304/650/7369 5303/648/7366
f 5336/649/7365 5305/651/7370 5304/650/7371
f 5336/649/7372 5306/652/7373 5305/651/7374
f 5337/653/7646 5306/652/7647 5336/649/7377
f 5308/654/7378 5322/612/7379 5277/610/7380
f 5308/654/7378 5275/607/7381 5321/606/7382
f 5308/654/7383 5321/606/7382 5322/612/7290
f 5338/655/7384 5333/646/7385 5297/639/7648
f 5338/657/7387 5331/656/7388 5333/640/7423
f 5338/657/7387 5330/658/7389 5331/656/7388
f 5338/655/7390 5297/639/7649 5330/637/7391
f 5290/661/7392 5330/660/7389 5329/659/7393
f 5330/660/7394 5290/661/7395 5307/662/7396
f 5330/660/7397 5307/662/7396 5331/663/7398
f 5341/666/7399 5339/665/7400 5340/664/7401
f 5342/669/7402 5341/668/7399 5340/667/7401
f 5343/671/7403 5341/666/7404 5342/670/7402
f 5344/672/7405 5290/661/7395 5329/659/7406
f 5344/672/7407 5343/673/7403 5342/669/7402
f 5345/674/7408 5329/635/7409 5295/636/7410
f 5345/675/7411 5344/672/7415 5329/659/7413
f 5345/674/7408 5343/671/7414 5344/676/7415
f 5346/678/7650 5307/662/7417 5332/677/7418
f 5346/678/7419 5331/663/7398 5307/662/7420
f 5346/679/7421 5333/640/7357 5331/656/7388
f 5346/679/7421 5332/642/7355 5333/640/7423
f 5287/631/7337 5328/632/7425 5339/665/7426
f 5319/680/7427 5341/666/7428 5343/671/7429
f 5345/674/7430 5295/636/7431 5319/680/7427
f 5345/674/7430 5319/680/7427 5343/671/7432
f 5339/665/7651 5341/666/7434 5319/680/7427
f 5339/665/7426 5319/680/7436 5287/631/7337
f 5311/681/7441 5342/669/7439 5340/667/7440
f 5311/681/7438 5290/661/7442 5344/672/7405
f 5311/681/7438 5344/672/7405 5342/669/7652
f 5289/634/7345 5339/682/7653 5328/633/7342
f 5340/667/7445 5339/682/7400 5289/634/7654
f 5340/667/7440 5289/634/7447 5311/681/7448
f 5264/601/7449 5320/602/7450 5267/602/7450
f 5267/604/7451 5320/604/7451 5265/605/7452
f 5306/652/7453 5337/653/7454 5302/653/7455
f 5294/677/7456 5332/677/7456 5307/662/7456
f 5153/532/7457 5167/532/7655 5166/533/7459
f 5152/533/7459 5153/532/7457 5166/533/7459
f 5152/533/7460 5166/533/7460 5169/534/7461
f 5155/534/7462 5152/533/7460 5169/534/7461
f 5159/535/7463 5173/535/7464 5168/531/7465
f 5154/531/7465 5159/535/7463 5168/531/7465
f 5155/534/7466 5169/534/7467 5174/536/7468
f 5160/536/7469 5155/534/7466 5174/536/7469
f 5154/531/7470 5168/531/7470 5175/538/7471
f 5161/538/7472 5154/531/7470 5175/538/7471
f 5162/539/7473 5176/539/7473 5170/537/7474
f 5156/537/7475 5162/539/7473 5170/537/7474
f 5161/538/7476 5175/538/7477 5171/540/7478
f 5157/540/7479 5161/538/7476 5171/540/7480
f 5163/541/7481 5177/541/7481 5176/539/7481
f 5162/539/7481 5163/541/7481 5176/539/7481
f 5157/540/7482 5171/540/7483 5177/541/7484
f 5163/541/7484 5157/540/7485 5177/541/7484
f 5164/542/7486 5178/542/7487 5167/532/7488
f 5153/532/7489 5164/542/7486 5167/532/7488
f 5156/537/7490 5170/537/7491 5178/542/7656
f 5164/542/7486 5156/537/7490 5178/542/7487
f 5158/543/7492 5172/543/7493 5173/535/7494
f 5159/535/7495 5158/543/7492 5173/535/7494
f 5165/544/7496 5179/544/7497 5172/543/7498
f 5158/543/7499 5165/544/7496 5172/543/7498
f 5160/536/7500 5174/536/7500 5179/544/7501
f 5165/544/7502 5160/536/7500 5179/544/7503
f 5159/535/7504 5173/535/7504 5174/536/7505
f 5160/536/7505 5159/535/7504 5174/536/7505
f 5158/543/7492 5172/543/7493 5173/535/7494
f 5159/535/7495 5158/543/7492 5173/535/7494
f 5160/536/7506 5174/536/7506 5172/543/7507
f 5158/543/7508 5160/536/7506 5172/543/7507
f 5209/562/6978 5208/561/6978 5210/683/6978
f 5211/684/6978 5209/562/6978 5210/683/6978
f 5251/684/6979 5250/683/6979 5248/561/6979
f 5249/562/6979 5251/684/6979 5248/561/6979
f 5192/547/7510 5232/547/7511 5234/545/7512
f 5194/545/7513 5192/547/7510 5234/545/7512
f 5194/545/7514 5234/545/7512 5236/548/7517
f 5196/548/7516 5194/545/7514 5236/548/7517
f 5197/550/7518 5237/550/7519 5235/549/7520
f 5195/549/7521 5197/550/7518 5235/549/7520
f 5196/548/7522 5236/548/7523 5238/551/7524
f 5198/551/7525 5196/548/7522 5238/551/7526
f 5198/551/7527 5238/551/7528 5239/552/7529
f 5199/552/7530 5198/551/7527 5239/552/7529
f 5200/553/7531 5240/553/7532 5237/550/7533
f 5197/550/7534 5200/553/7531 5237/550/7533
f 5201/554/7535 5241/554/7535 5240/553/7536
f 5200/553/7537 5201/554/7535 5240/553/7536
f 5199/552/7538 5239/552/7657 5242/555/7540
f 5202/555/7541 5199/552/7538 5242/555/7540
f 5203/556/7542 5243/556/7543 5241/554/7658
f 5201/554/7544 5203/556/7542 5241/554/7544
f 5202/555/7541 5242/555/7545 5244/557/7659
f 5204/557/7547 5202/555/7541 5244/557/7546
f 5205/558/7549 5245/558/7550 5243/556/7551
f 5203/556/7552 5205/558/7549 5243/556/7551
f 5204/557/7553 5244/557/7548 5246/559/7554
f 5206/559/7555 5204/557/7553 5246/559/7554
f 5207/560/7566 5247/560/7557 5245/558/7558
f 5205/558/7559 5207/560/7566 5245/558/7558
f 5206/559/7560 5246/559/7554 5248/561/7561
f 5208/561/7562 5206/559/7560 5248/561/7561
f 5209/562/7563 5249/562/7564 5247/560/7565
f 5207/560/7566 5209/562/7563 5247/560/7565
f 5195/549/7568 5235/549/7660 5233/546/7570
f 5193/546/7571 5195/549/7568 5233/546/7570
f 5193/546/7572 5233/546/7573 5230/563/7574
f 5190/563/7575 5193/546/7572 5230/563/7574
f 5210/683/7576 5250/683/7576 5251/684/7579
f 5211/684/7661 5210/683/7576 5251/684/7579
f 5208/561/7580 5248/561/7581 5250/683/7582
f 5210/683/7582 5208/561/7580 5250/683/7582
f 5211/684/7583 5251/684/7584 5249/562/7564
f 5209/562/7585 5211/684/7583 5249/562/7564
f 5190/563/7586 5230/563/7587 5229/564/7588
f 5188/564/7589 5190/563/7586 5229/564/7588
f 5188/564/7590 5229/564/7591 5228/569/7592
f 5186/569/7593 5188/564/7590 5228/569/7592
f 5185/576/7594 5227/576/7594 5226/574/7595
f 5182/574/7596 5185/576/7594 5226/574/7595
f 5186/569/7597 5228/569/7598 5227/576/7599
f 5185/576/7599 5186/569/7600 5227/576/7599
f 5180/586/7601 5224/586/7601 5225/584/7601
f 5181/584/7601 5180/586/7601 5225/584/7601
f 5181/584/7602 5225/584/7602 5252/588/7602
f 5212/588/7602 5181/584/7602 5252/588/7602
f 5182/596/7603 5226/596/7595 5224/586/7604
f 5180/586/7604 5182/596/7603 5224/586/7604
f 5191/599/7605 5231/599/7605 5232/547/7606
f 5192/547/7607 5191/599/7605 5232/547/7606
f 5300/643/7608 5335/643/7609 5332/642/7610
f 5294/642/7610 5300/643/7608 5332/642/7610
f 5302/645/7455 5337/645/7454 5335/643/7609
f 5300/643/7613 5302/645/7455 5335/643/7609
s 1
usemtl mat1.080
f 1240/380/2722 1235/381/2722 1233/382/2723
f 1235/381/2724 1244/383/2725 1233/382/2726
f 1245/384/2727 1237/385/2728 1233/382/2726
f 1237/385/2729 1241/386/2729 1233/382/2730
f 1238/382/2731 1235/381/2732 1240/380/2732
f 1238/382/2733 1244/383/2734 1235/381/2735
f 1238/382/2733 1237/385/2736 1245/384/2737
f 1238/382/2738 1241/386/2739 1237/385/2739
f 1239/387/2740 1234/388/2741 1240/380/2742
f 1241/386/2743 1234/388/2744 1239/387/2745
f 1240/380/2746 1234/388/2747 1242/387/2748
f 1242/387/2749 1234/388/2750 1241/386/2751
f 1233/382/2752 1239/387/2740 1240/380/2742
f 1240/380/2746 1242/387/2748 1238/382/2753
f 1241/386/2743 1239/387/2745 1233/382/2726
f 1238/382/2733 1242/387/2749 1241/386/2751
f 1244/383/2725 1236/389/2754 1243/390/2755
f 1243/390/2756 1236/389/2757 1245/384/2727
f 1246/390/2758 1236/389/2759 1244/383/2734
f 1245/384/2737 1236/389/2760 1246/390/2761
f 1244/383/2725 1243/390/2755 1233/382/2726
f 1238/382/2733 1246/390/2758 1244/383/2734
f 1233/382/2726 1243/390/2756 1245/384/2727
f 1245/384/2737 1246/390/2761 1238/382/2733
usemtl mat1.081
f 1254/380/2762 1249/381/2762 1247/382/2763
f 1249/381/2764 1258/383/2765 1247/382/2766
f 1259/384/2767 1251/385/2768 1247/382/2766
f 1251/385/2769 1255/386/2769 1247/382/2770
f 1252/382/2771 1249/381/2772 1254/380/2772
f 1252/382/2773 1258/383/2774 1249/381/2775
f 1252/382/2773 1251/385/2776 1259/384/2777
f 1252/382/2778 1255/386/2779 1251/385/2779
f 1253/387/2780 1248/388/2781 1254/380/2782
f 1255/386/2783 1248/388/2784 1253/387/2785
f 1254/380/2786 1248/388/2787 1256/387/2788
f 1256/387/2789 1248/388/2790 1255/386/2791
f 1247/382/2766 1253/387/2780 1254/380/2782
f 1254/380/2786 1256/387/2788 1252/382/2792
f 1255/386/2783 1253/387/2785 1247/382/2793
f 1252/382/2794 1256/387/2789 1255/386/2791
f 1258/383/2765 1250/389/2795 1257/390/2796
f 1257/390/2797 1250/389/2798 1259/384/2767
f 1260/390/2799 1250/389/2800 1258/383/2774
f 1259/384/2777 1250/389/2801 1260/390/2802
f 1258/383/2765 1257/390/2796 1247/382/2766
f 1252/382/2773 1260/390/2799 1258/383/2774
f 1247/382/2766 1257/390/2797 1259/384/2767
f 1259/384/2777 1260/390/2802 1252/382/2773
usemtl mat1.082
f 1268/380/2803 1263/381/2803 1261/382/2804
f 1263/381/2805 1272/383/2806 1261/382/2807
f 1273/384/2808 1265/385/2809 1261/382/2807
f 1265/385/2810 1269/386/2810 1261/382/2811
f 1266/382/2812 1263/381/2813 1268/380/2813
f 1266/382/2814 1272/383/2815 1263/381/2816
f 1266/382/2814 1265/385/2817 1273/384/2818
f 1266/382/2819 1269/386/2820 1265/385/2820
f 1267/387/2821 1262/388/2822 1268/380/2823
f 1269/386/2824 1262/388/2825 1267/387/2826
f 1268/380/2827 1262/388/2828 1270/387/2829
f 1270/387/2830 1262/388/2831 1269/386/2832
f 1261/382/2807 1267/387/2821 1268/380/2823
f 1268/380/2827 1270/387/2829 1266/382/2833
f 1269/386/2824 1267/387/2826 1261/382/2834
f 1266/382/2835 1270/387/2830 1269/386/2832
f 1272/383/2806 1264/389/2836 1271/390/2837
f 1271/390/2838 1264/389/2839 1273/384/2808
f 1274/390/2840 1264/389/2841 1272/383/2815
f 1273/384/2818 1264/389/2842 1274/390/2843
f 1272/383/2806 1271/390/2837 1261/382/2807
f 1266/382/2814 1274/390/2840 1272/383/2815
f 1261/382/2807 1271/390/2838 1273/384/2808
f 1273/384/2818 1274/390/2843 1266/382/2814
usemtl mat1.083
f 1282/380/2844 1277/381/2844 1275/382/2845
f 1277/381/2846 1286/383/2847 1275/382/2848
f 1287/384/2849 1279/385/2850 1275/382/2848
f 1279/385/2851 1283/386/2851 1275/382/2852
f 1280/382/2853 1277/381/2854 1282/380/2854
f 1280/382/2855 1286/383/2856 1277/381/2857
f 1280/382/2855 1279/385/2858 1287/384/2859
f 1280/382/2860 1283/386/2861 1279/385/2861
f 1281/387/2862 1276/388/2863 1282/380/2864
f 1283/386/2865 1276/388/2866 1281/387/2867
f 1282/380/2868 1276/388/2869 1284/387/2870
f 1284/387/2871 1276/388/2872 1283/386/2873
f 1275/382/2874 1281/387/2862 1282/380/2864
f 1282/380/2868 1284/387/2870 1280/382/2875
f 1283/386/2865 1281/387/2867 1275/382/2876
f 1280/382/2877 1284/387/2871 1283/386/2873
f 1286/383/2847 1278/389/2878 1285/390/2879
f 1285/390/2880 1278/389/2881 1287/384/2849
f 1288/390/2882 1278/389/2883 1286/383/2856
f 1287/384/2859 1278/389/2884 1288/390/2885
f 1286/383/2847 1285/390/2879 1275/382/2848
f 1280/382/2855 1288/390/2882 1286/383/2856
f 1275/382/2848 1285/390/2880 1287/384/2849
f 1287/384/2859 1288/390/2885 1280/382/2855
usemtl mat1.084
f 1296/380/2886 1291/381/2886 1289/382/2887
f 1291/381/2888 1300/383/2889 1289/382/2890
f 1301/384/2891 1293/385/2892 1289/382/2890
f 1293/385/2893 1297/386/2893 1289/382/2894
f 1294/382/2895 1291/381/2896 1296/380/2896
f 1294/382/2897 1300/383/2898 1291/381/2899
f 1294/382/2897 1293/385/2900 1301/384/2901
f 1294/382/2902 1297/386/2903 1293/385/2903
f 1295/387/2904 1290/388/2905 1296/380/2906
f 1297/386/2907 1290/388/2908 1295/387/2909
f 1296/380/2910 1290/388/2911 1298/387/2912
f 1298/387/2913 1290/388/2914 1297/386/2915
f 1289/382/2916 1295/387/2904 1296/380/2906
f 1296/380/2910 1298/387/2912 1294/382/2917
f 1297/386/2907 1295/387/2909 1289/382/2918
f 1294/382/2919 1298/387/2913 1297/386/2915
f 1300/383/2889 1292/389/2920 1299/390/2921
f 1299/390/2922 1292/389/2923 1301/384/2891
f 1302/390/2924 1292/389/2925 1300/383/2898
f 1301/384/2901 1292/389/2926 1302/390/2927
f 1300/383/2889 1299/390/2921 1289/382/2890
f 1294/382/2897 1302/390/2924 1300/383/2898
f 1289/382/2890 1299/390/2922 1301/384/2891
f 1301/384/2901 1302/390/2927 1294/382/2897
usemtl mat1.085
f 1310/380/2928 1305/381/2928 1303/382/2929
f 1305/381/2930 1314/383/2931 1303/382/2932
f 1315/384/2933 1307/385/2934 1303/382/2935
f 1307/385/2936 1311/386/2936 1303/382/2937
f 1308/382/2938 1305/381/2939 1310/380/2939
f 1308/382/2940 1314/383/2941 1305/381/2942
f 1308/382/2943 1307/385/2944 1315/384/2945
f 1308/382/2946 1311/386/2947 1307/385/2947
f 1309/387/2948 1304/388/2949 1310/380/2950
f 1311/386/2951 1304/388/2952 1309/387/2953
f 1310/380/2954 1304/388/2955 1312/387/2956
f 1312/387/2957 1304/388/2958 1311/386/2959
f 1303/382/2960 1309/387/2948 1310/380/2950
f 1310/380/2954 1312/387/2956 1308/382/2943
f 1311/386/2951 1309/387/2953 1303/382/2961
f 1308/382/2962 1312/387/2957 1311/386/2959
f 1314/383/2931 1306/389/2963 1313/390/2964
f 1313/390/2965 1306/389/2966 1315/384/2933
f 1316/390/2967 1306/389/2968 1314/383/2941
f 1315/384/2945 1306/389/2969 1316/390/2970
f 1314/383/2931 1313/390/2964 1303/382/2932
f 1308/382/2940 1316/390/2967 1314/383/2941
f 1303/382/2935 1313/390/2965 1315/384/2933
f 1315/384/2945 1316/390/2970 1308/382/2943
usemtl mat1.086
f 1324/380/2971 1319/381/2971 1317/382/2972
f 1319/381/2973 1328/383/2974 1317/382/2975
f 1329/384/2976 1321/385/2977 1317/382/2978
f 1321/385/2979 1325/386/2979 1317/382/2980
f 1322/382/2981 1319/381/2982 1324/380/2982
f 1322/382/2983 1328/383/2984 1319/381/2985
f 1322/382/2986 1321/385/2987 1329/384/2988
f 1322/382/2989 1325/386/2990 1321/385/2990
f 1323/387/2991 1318/388/2992 1324/380/2993
f 1325/386/2994 1318/388/2995 1323/387/2996
f 1324/380/2997 1318/388/2998 1326/387/2999
f 1326/387/3000 1318/388/3001 1325/386/3002
f 1317/382/2978 1323/387/2991 1324/380/2993
f 1324/380/2997 1326/387/2999 1322/382/2986
f 1325/386/2994 1323/387/2996 1317/382/2975
f 1322/382/3003 1326/387/3000 1325/386/3002
f 1328/383/2974 1320/389/3004 1327/390/3005
f 1327/390/3006 1320/389/3007 1329/384/2976
f 1330/390/3008 1320/389/3009 1328/383/2984
f 1329/384/2988 1320/389/3010 1330/390/3011
f 1328/383/2974 1327/390/3005 1317/382/2975
f 1322/382/2983 1330/390/3008 1328/383/2984
f 1317/382/2978 1327/390/3006 1329/384/2976
f 1329/384/2988 1330/390/3011 1322/382/2986
usemtl mat1.063
f 1338/380/3012 1333/381/3012 1331/382/3013
f 1333/381/3014 1342/383/3015 1331/382/3016
f 1343/384/3017 1335/385/3018 1331/382/3016
f 1335/385/3019 1339/386/3019 1331/382/3020
f 1336/382/3021 1333/381/3022 1338/380/3022
f 1336/382/3023 1342/383/3024 1333/381/3025
f 1336/382/3023 1335/385/3026 1343/384/3027
f 1336/382/3028 1339/386/3029 1335/385/3029
f 1337/387/3030 1332/388/3031 1338/380/3032
f 1339/386/3033 1332/388/3034 1337/387/3035
f 1338/380/3036 1332/388/3037 1340/387/3038
f 1340/387/3039 1332/388/3040 1339/386/3041
f 1331/382/3016 1337/387/3030 1338/380/3032
f 1338/380/3036 1340/387/3038 1336/382/3042
f 1339/386/3033 1337/387/3035 1331/382/3043
f 1336/382/3023 1340/387/3039 1339/386/3041
f 1342/383/3015 1334/389/3044 1341/390/3045
f 1341/390/3046 1334/389/3047 1343/384/3017
f 1344/390/3048 1334/389/3049 1342/383/3024
f 1343/384/3027 1334/389/3050 1344/390/3051
f 1342/383/3015 1341/390/3045 1331/382/3016
f 1336/382/3023 1344/390/3048 1342/383/3024
f 1331/382/3016 1341/390/3046 1343/384/3017
f 1343/384/3027 1344/390/3051 1336/382/3023
usemtl mat1.064
f 1352/380/3052 1347/381/3052 1345/382/3053
f 1347/381/3054 1356/383/3055 1345/382/3056
f 1357/384/3057 1349/385/3058 1345/382/3056
f 1349/385/3059 1353/386/3059 1345/382/3060
f 1350/382/3061 1347/381/3062 1352/380/3062
f 1350/382/3063 1356/383/3064 1347/381/3065
f 1350/382/3066 1349/385/3067 1357/384/3068
f 1350/382/3069 1353/386/3070 1349/385/3070
f 1351/387/3071 1346/388/3072 1352/380/3073
f 1353/386/3074 1346/388/3075 1351/387/3076
f 1352/380/3077 1346/388/3078 1354/387/3079
f 1354/387/3080 1346/388/3081 1353/386/3082
f 1345/382/3083 1351/387/3071 1352/380/3073
f 1352/380/3077 1354/387/3079 1350/382/3084
f 1353/386/3074 1351/387/3076 1345/382/3085
f 1350/382/3066 1354/387/3080 1353/386/3082
f 1356/383/3055 1348/389/3086 1355/390/3087
f 1355/390/3088 1348/389/3089 1357/384/3057
f 1358/390/3090 1348/389/3091 1356/383/3064
f 1357/384/3068 1348/389/3092 1358/390/3093
f 1356/383/3055 1355/390/3087 1345/382/3056
f 1350/382/3063 1358/390/3090 1356/383/3064
f 1345/382/3056 1355/390/3088 1357/384/3057
f 1357/384/3068 1358/390/3093 1350/382/3066
usemtl mat1.065
f 1366/380/3094 1361/381/3094 1359/382/3095
f 1361/381/3096 1370/383/3097 1359/382/3098
f 1371/384/3099 1363/385/3100 1359/382/3098
f 1363/385/3101 1367/386/3101 1359/382/3102
f 1364/382/3103 1361/381/3104 1366/380/3104
f 1364/382/3105 1370/383/3106 1361/381/3107
f 1364/382/3105 1363/385/3108 1371/384/3109
f 1364/382/3110 1367/386/3111 1363/385/3111
f 1365/387/3112 1360/388/3113 1366/380/3114
f 1367/386/3115 1360/388/3116 1365/387/3117
f 1366/380/3118 1360/388/3119 1368/387/3120
f 1368/387/3121 1360/388/3122 1367/386/3123
f 1359/382/3098 1365/387/3112 1366/380/3114
f 1366/380/3118 1368/387/3120 1364/382/3105
f 1367/386/3115 1365/387/3117 1359/382/3124
f 1364/382/3125 1368/387/3121 1367/386/3123
f 1370/383/3097 1362/389/3126 1369/390/3127
f 1369/390/3128 1362/389/3129 1371/384/3099
f 1372/390/3130 1362/389/3131 1370/383/3106
f 1371/384/3109 1362/389/3132 1372/390/3133
f 1370/383/3097 1369/390/3127 1359/382/3098
f 1364/382/3105 1372/390/3130 1370/383/3106
f 1359/382/3098 1369/390/3128 1371/384/3099
f 1371/384/3109 1372/390/3133 1364/382/3105
usemtl mat1.066
f 1380/380/3134 1375/381/3134 1373/382/3135
f 1375/381/3136 1384/383/3137 1373/382/3138
f 1385/384/3139 1377/385/3140 1373/382/3138
f 1377/385/3141 1381/386/3141 1373/382/3142
f 1378/382/3143 1375/381/3144 1380/380/3144
f 1378/382/3145 1384/383/3146 1375/381/3147
f 1378/382/3145 1377/385/3148 1385/384/3149
f 1378/382/3143 1381/386/3150 1377/385/3150
f 1379/387/3151 1374/388/3152 1380/380/3153
f 1381/386/3154 1374/388/3155 1379/387/3156
f 1380/380/3157 1374/388/3158 1382/387/3159
f 1382/387/3160 1374/388/3161 1381/386/3162
f 1373/382/3138 1379/387/3151 1380/380/3153
f 1380/380/3157 1382/387/3159 1378/382/3163
f 1381/386/3154 1379/387/3156 1373/382/3164
f 1378/382/3165 1382/387/3160 1381/386/3162
f 1384/383/3137 1376/389/3166 1383/390/3167
f 1383/390/3168 1376/389/3169 1385/384/3139
f 1386/390/3170 1376/389/3171 1384/383/3146
f 1385/384/3149 1376/389/3172 1386/390/3173
f 1384/383/3137 1383/390/3167 1373/382/3138
f 1378/382/3145 1386/390/3170 1384/383/3146
f 1373/382/3138 1383/390/3168 1385/384/3139
f 1385/384/3149 1386/390/3173 1378/382/3145
usemtl mat1.067
f 1394/380/3174 1389/381/3174 1387/382/3175
f 1389/381/3176 1398/383/3177 1387/382/3178
f 1399/384/3179 1391/385/3180 1387/382/3178
f 1391/385/3181 1395/386/3181 1387/382/3182
f 1392/382/3183 1389/381/3184 1394/380/3184
f 1392/382/3185 1398/383/3186 1389/381/3187
f 1392/382/3185 1391/385/3188 1399/384/3189
f 1392/382/3190 1395/386/3191 1391/385/3191
f 1393/387/3192 1388/388/3193 1394/380/3194
f 1395/386/3195 1388/388/3196 1393/387/3197
f 1394/380/3198 1388/388/3199 1396/387/3200
f 1396/387/3201 1388/388/3202 1395/386/3203
f 1387/382/3204 1393/387/3192 1394/380/3194
f 1394/380/3198 1396/387/3200 1392/382/3205
f 1395/386/3195 1393/387/3197 1387/382/3178
f 1392/382/3206 1396/387/3201 1395/386/3203
f 1398/383/3177 1390/389/3207 1397/390/3208
f 1397/390/3209 1390/389/3210 1399/384/3179
f 1400/390/3211 1390/389/3212 1398/383/3186
f 1399/384/3189 1390/389/3213 1400/390/3214
f 1398/383/3177 1397/390/3208 1387/382/3178
f 1392/382/3185 1400/390/3211 1398/383/3186
f 1387/382/3178 1397/390/3209 1399/384/3179
f 1399/384/3189 1400/390/3214 1392/382/3185
usemtl mat1.068
f 1408/380/3215 1403/381/3215 1401/382/3216
f 1403/381/3217 1412/383/3218 1401/382/3219
f 1413/384/3220 1405/385/3221 1401/382/3222
f 1405/385/3223 1409/386/3223 1401/382/3224
f 1406/382/3225 1403/381/3226 1408/380/3226
f 1406/382/3227 1412/383/3228 1403/381/3229
f 1406/382/3227 1405/385/3230 1413/384/3231
f 1406/382/3232 1409/386/3233 1405/385/3233
f 1407/387/3234 1402/388/3235 1408/380/3236
f 1409/386/3237 1402/388/3238 1407/387/3239
f 1408/380/3240 1402/388/3241 1410/387/3242
f 1410/387/3243 1402/388/3244 1409/386/3245
f 1401/382/3246 1407/387/3234 1408/380/3236
f 1408/380/3240 1410/387/3242 1406/382/3247
f 1409/386/3237 1407/387/3239 1401/382/3219
f 1406/382/3248 1410/387/3243 1409/386/3245
f 1412/383/3218 1404/389/3249 1411/390/3250
f 1411/390/3251 1404/389/3252 1413/384/3220
f 1414/390/3253 1404/389/3254 1412/383/3228
f 1413/384/3231 1404/389/3255 1414/390/3256
f 1412/383/3218 1411/390/3250 1401/382/3219
f 1406/382/3227 1414/390/3253 1412/383/3228
f 1401/382/3222 1411/390/3251 1413/384/3220
f 1413/384/3231 1414/390/3256 1406/382/3227
usemtl mat1.069
f 1422/380/3257 1417/381/3257 1415/382/3258
f 1417/381/3259 1426/383/3260 1415/382/3261
f 1427/384/3262 1419/385/3263 1415/382/3264
f 1419/385/3265 1423/386/3265 1415/382/3266
f 1420/382/3267 1417/381/3268 1422/380/3268
f 1420/382/3269 1426/383/3270 1417/381/3271
f 1420/382/3272 1419/385/3273 1427/384/3274
f 1420/382/3275 1423/386/3276 1419/385/3276
f 1421/387/3277 1416/388/3278 1422/380/3279
f 1423/386/3280 1416/388/3281 1421/387/3282
f 1422/380/3283 1416/388/3284 1424/387/3285
f 1424/387/3286 1416/388/3287 1423/386/3288
f 1415/382/3289 1421/387/3277 1422/380/3279
f 1422/380/3283 1424/387/3285 1420/382/3290
f 1423/386/3280 1421/387/3282 1415/382/3291
f 1420/382/3292 1424/387/3286 1423/386/3288
f 1426/383/3260 1418/389/3293 1425/390/3294
f 1425/390/3295 1418/389/3296 1427/384/3262
f 1428/390/3297 1418/389/3298 1426/383/3270
f 1427/384/3274 1418/389/3299 1428/390/3300
f 1426/383/3260 1425/390/3294 1415/382/3261
f 1420/382/3269 1428/390/3297 1426/383/3270
f 1415/382/3264 1425/390/3295 1427/384/3262
f 1427/384/3274 1428/390/3300 1420/382/3272
usemtl mat1.070
f 1436/380/3301 1431/381/3301 1429/382/3302
f 1431/381/3303 1440/383/3304 1429/382/3305
f 1441/384/3306 1433/385/3307 1429/382/3308
f 1433/385/3309 1437/386/3309 1429/382/3310
f 1434/382/3311 1431/381/3312 1436/380/3312
f 1434/382/3313 1440/383/3314 1431/381/3315
f 1434/382/3316 1433/385/3317 1441/384/3318
f 1434/382/3319 1437/386/3320 1433/385/3320
f 1435/387/3321 1430/388/3322 1436/380/3323
f 1437/386/3324 1430/388/3325 1435/387/3326
f 1436/380/3327 1430/388/3328 1438/387/3329
f 1438/387/3330 1430/388/3331 1437/386/3332
f 1429/382/3333 1435/387/3321 1436/380/3323
f 1436/380/3327 1438/387/3329 1434/382/3334
f 1437/386/3324 1435/387/3326 1429/382/3305
f 1434/382/3335 1438/387/3330 1437/386/3332
f 1440/383/3304 1432/389/3336 1439/390/3337
f 1439/390/3338 1432/389/3339 1441/384/3306
f 1442/390/3340 1432/389/3341 1440/383/3314
f 1441/384/3318 1432/389/3342 1442/390/3343
f 1440/383/3304 1439/390/3337 1429/382/3305
f 1434/382/3313 1442/390/3340 1440/383/3314
f 1429/382/3308 1439/390/3338 1441/384/3306
f 1441/384/3318 1442/390/3343 1434/382/3316
usemtl mat1.071
f 1450/380/3344 1445/381/3344 1443/382/3345
f 1445/381/3346 1454/383/3347 1443/382/3348
f 1455/384/3349 1447/385/3350 1443/382/3348
f 1447/385/3351 1451/386/3351 1443/382/3352
f 1448/382/3353 1445/381/3354 1450/380/3354
f 1448/382/3355 1454/383/3356 1445/381/3357
f 1448/382/3355 1447/385/3358 1455/384/3359
f 1448/382/3360 1451/386/3361 1447/385/3361
f 1449/387/3362 1444/388/3363 1450/380/3364
f 1451/386/3365 1444/388/3366 1449/387/3367
f 1450/380/3368 1444/388/3369 1452/387/3370
f 1452/387/3371 1444/388/3372 1451/386/3373
f 1443/382/3374 1449/387/3362 1450/380/3364
f 1450/380/3368 1452/387/3370 1448/382/3375
f 1451/386/3365 1449/387/3367 1443/382/3376
f 1448/382/3355 1452/387/3371 1451/386/3373
f 1454/383/3347 1446/389/3377 1453/390/3378
f 1453/390/3379 1446/389/3380 1455/384/3349
f 1456/390/3381 1446/389/3382 1454/383/3356
f 1455/384/3359 1446/389/3383 1456/390/3384
f 1454/383/3347 1453/390/3378 1443/382/3348
f 1448/382/3355 1456/390/3381 1454/383/3356
f 1443/382/3348 1453/390/3379 1455/384/3349
f 1455/384/3359 1456/390/3384 1448/382/3355
s 0
f 1564/391/3385 1561/392/3386 1566/393/3387
f 1561/392/3388 1563/394/3389 1566/393/3390
f 1560/395/3391 1562/395/3392 1565/396/3393
f 1560/395/3394 1565/396/3395 1566/393/3390
f 1563/394/3389 1560/395/3394 1566/393/3390
f 1562/395/3396 1564/391/3385 1566/393/3387
f 1565/396/3397 1562/395/3396 1566/393/3387
f 1563/394/3389 1570/397/3398 1567/398/3399
f 1560/399/3394 1563/394/3389 1567/398/3400
f 1564/391/3385 1562/399/3396 1569/398/3401
f 1571/397/3402 1564/391/3385 1569/398/3403
f 1562/399/3404 1560/399/3405 1567/398/3406
f 1569/398/3407 1562/399/3404 1567/398/3408
f 1564/391/3385 1571/397/3402 1568/400/3409
f 1561/392/3410 1564/391/3385 1568/400/3411
f 1563/394/3389 1561/392/3388 1568/400/3412
f 1570/397/3413 1563/394/3389 1568/400/3414
f 1567/398/3415 1570/397/3413 1575/401/3416
f 1572/402/3415 1567/398/3415 1575/401/3416
f 1571/397/3402 1569/398/3417 1574/402/3418
f 1576/401/3419 1571/397/3402 1574/402/3418
f 1569/398/3407 1567/398/3408 1572/402/3420
f 1574/402/3421 1569/398/3407 1572/402/3420
f 1568/400/3422 1571/397/3402 1576/401/3419
f 1573/403/3423 1568/400/3411 1576/401/3419
f 1570/397/3413 1568/400/3412 1573/403/3424
f 1575/401/3416 1570/397/3413 1573/403/3424
f 1580/404/3425 1558/405/3426 1555/406/3427
f 1577/407/3427 1580/404/3425 1555/406/3427
f 1572/402/3428 1575/401/3416 1580/404/3425
f 1577/407/3429 1572/402/3430 1580/404/3425
f 1579/407/3431 1557/406/3431 1559/405/3432
f 1581/404/3433 1579/407/3434 1559/405/3432
f 1576/401/3435 1574/402/3436 1579/407/3437
f 1581/404/3433 1576/401/3435 1579/407/3438
f 1577/407/3439 1555/406/3440 1557/406/3440
f 1579/407/3439 1577/407/3441 1557/406/3440
f 1574/402/3421 1572/402/3420 1577/407/3439
f 1579/407/3439 1574/402/3421 1577/407/3439
f 1581/404/3433 1559/405/3442 1556/408/3443
f 1578/409/3444 1581/404/3433 1556/408/3445
f 1573/403/3423 1576/401/3419 1581/404/3433
f 1578/409/3446 1573/403/3423 1581/404/3433
f 1578/409/3447 1556/408/3448 1558/405/3426
f 1580/404/3425 1578/409/3447 1558/405/3426
f 1575/401/3449 1573/403/3424 1578/409/3450
f 1580/404/3425 1575/401/3449 1578/409/3450
f 1582/410/3451 1584/411/3452 1586/411/3452
f 1588/410/3451 1582/410/3451 1586/411/3452
f 1589/412/3453 1587/413/3454 1585/413/3454
f 1583/412/3453 1589/412/3453 1585/413/3454
f 1582/414/3451 1588/415/3451 1592/416/1911
f 1590/417/1911 1582/414/3451 1592/416/1911
f 1589/418/3455 1583/419/3455 1591/420/1913
f 1593/421/1913 1589/418/3456 1591/420/1913
f 1595/422/3457 1594/423/3458 1584/411/3459
f 1582/410/3460 1595/422/3461 1584/411/3459
f 1595/422/3462 1583/412/3463 1585/413/3464
f 1594/423/3465 1595/422/3466 1585/413/3467
f 1584/424/3468 1594/425/3468 1596/426/3468
f 1586/427/3468 1584/424/3468 1596/426/3468
f 1594/425/3468 1585/428/3468 1587/429/3468
f 1596/426/3468 1594/425/3468 1587/429/3468
f 1586/411/3469 1596/423/3470 1597/422/3471
f 1588/410/3472 1586/411/3473 1597/422/3471
f 1596/423/3470 1587/413/3474 1589/412/3475
f 1597/422/3476 1596/423/3477 1589/412/3478
f 1583/419/3479 1595/430/3462 1598/431/3480
f 1591/420/3479 1583/419/3479 1598/431/3481
f 1595/432/3482 1582/414/3460 1590/417/3483
f 1598/433/3484 1595/432/3482 1590/417/3483
f 1588/415/3485 1597/434/3471 1599/435/3486
f 1592/416/3487 1588/415/3488 1599/435/3486
f 1597/434/3476 1589/418/3478 1593/421/3489
f 1599/435/3490 1597/434/3476 1593/421/3489
f 1600/436/3491 1602/437/3491 1606/438/3491
f 1604/439/3491 1600/436/3491 1606/438/3491
f 1603/440/3492 1601/441/3492 1605/442/3492
f 1607/443/3492 1603/440/3492 1605/442/3492
f 1601/441/3493 1608/444/3494 1610/445/3495
f 1605/442/3493 1601/441/3493 1610/445/3495
f 1608/444/3496 1600/436/3497 1604/439/3497
f 1610/445/3495 1608/444/3496 1604/439/3497
f 1602/437/3498 1609/446/3499 1611/447/3500
f 1606/438/3498 1602/437/3498 1611/447/3500
f 1609/446/3499 1603/440/3501 1607/443/3501
f 1611/447/3502 1609/446/3499 1607/443/3501
f 1607/443/3503 1605/442/3503 1610/445/3503
f 1604/439/3503 1607/443/3503 1610/445/3503
f 1611/447/3503 1607/443/3503 1604/439/3503
f 1606/438/3503 1611/447/3503 1604/439/3503
f 1613/448/3468 1614/449/3468 1612/450/3468
f 1614/449/3468 1615/451/3468 1612/450/3468
f 1615/451/3468 1616/452/3468 1612/450/3468
f 1616/452/3468 1617/453/3468 1612/450/3468
f 1617/453/3468 1618/454/3468 1612/450/3468
f 1618/454/3468 1619/455/3468 1612/450/3468
f 1619/448/3468 1620/449/3468 1612/450/3468
f 1620/449/3468 1621/451/3468 1612/450/3468
f 1621/451/3468 1622/452/3468 1612/450/3468
f 1622/452/3468 1623/453/3468 1612/450/3468
f 1623/453/3468 1624/454/3468 1612/450/3468
f 1624/454/3468 1613/455/3468 1612/450/3468
f 1626/449/3503 1625/448/3503 1637/450/3503
f 1627/451/3503 1626/449/3503 1637/450/3503
f 1628/452/3503 1627/451/3503 1637/450/3503
f 1629/453/3503 1628/452/3503 1637/450/3503
f 1630/454/3503 1629/453/3503 1637/450/3503
f 1631/455/3503 1630/454/3503 1637/450/3503
f 1632/456/3503 1631/448/3503 1637/450/3503
f 1633/457/3503 1632/456/3503 1637/450/3503
f 1634/458/3503 1633/457/3503 1637/450/3503
f 1635/459/3503 1634/458/3503 1637/450/3503
f 1636/460/3503 1635/459/3503 1637/450/3503
f 1625/455/3503 1636/460/3503 1637/450/3503
f 1625/461/3504 1626/462/3505 1614/463/3506
f 1613/461/3507 1625/461/3504 1614/463/3506
f 1626/462/3505 1627/464/3508 1615/464/3509
f 1614/463/3510 1626/462/3505 1615/464/3509
f 1627/464/3511 1628/465/3512 1616/465/3513
f 1615/464/3514 1627/464/3511 1616/465/3513
f 1628/465/3515 1629/466/3516 1617/466/3517
f 1616/465/3518 1628/465/3515 1617/466/3517
f 1629/466/3519 1630/467/3520 1618/468/3521
f 1617/466/3522 1629/466/3523 1618/468/3521
f 1630/467/3524 1631/469/3525 1619/470/3526
f 1618/468/3521 1630/467/3524 1619/470/3526
f 1631/469/3527 1632/471/3528 1620/472/3529
f 1619/470/3530 1631/469/3527 1620/472/3529
f 1632/471/3531 1633/473/3532 1621/473/3533
f 1620/472/3534 1632/471/3531 1621/473/3533
f 1633/473/3535 1634/474/3536 1622/474/3537
f 1621/473/3538 1633/473/3535 1622/474/3537
f 1634/474/3536 1635/475/3539 1623/476/3540
f 1622/474/3537 1634/474/3536 1623/476/3540
f 1635/475/3541 1636/477/3542 1624/478/3543
f 1623/476/3544 1635/475/3541 1624/478/3545
f 1636/477/3546 1625/461/3547 1613/461/3548
f 1624/478/3543 1636/477/3546 1613/461/3548
f 1644/491/3549 1648/492/3550 1654/493/3551
f 1650/494/3552 1644/491/3549 1654/493/3553
f 1649/492/3554 1646/491/3555 1652/494/3556
f 1655/493/3557 1649/492/3558 1652/494/3556
f 1646/491/3559 1644/491/3559 1650/494/3560
f 1652/494/3561 1646/491/3559 1650/494/3560
f 1648/492/3562 1645/495/3563 1651/496/3564
f 1654/493/3551 1648/492/3550 1651/496/3564
f 1645/495/3565 1647/495/3565 1653/496/3566
f 1651/496/3567 1645/495/3565 1653/496/3566
f 1647/495/3568 1649/492/3558 1655/493/3557
f 1653/496/3569 1647/495/3568 1655/493/3570
f 1650/494/3552 1654/493/3571 1660/497/3572
f 1656/498/3573 1650/494/3574 1660/497/3575
f 1655/493/3557 1652/494/3556 1658/498/3576
f 1661/497/3577 1655/493/3557 1658/498/3576
f 1652/494/3578 1650/494/3560 1656/498/3420
f 1658/498/3421 1652/494/3578 1656/498/3420
f 1654/493/3551 1651/496/3564 1657/499/3579
f 1660/497/3580 1654/493/3551 1657/499/3579
f 1651/496/3581 1653/496/3566 1659/499/3582
f 1657/499/3583 1651/496/3581 1659/499/3582
f 1653/496/3584 1655/493/3585 1661/497/3586
f 1659/499/3587 1653/496/3584 1661/497/3586
f 1656/498/3588 1660/497/3589 1666/500/3590
f 1662/501/3591 1656/498/3573 1666/500/3590
f 1661/497/3592 1658/498/3576 1664/501/3593
f 1667/500/3594 1661/497/3577 1664/501/3595
f 1658/498/3421 1656/498/3420 1662/501/3596
f 1664/501/3597 1658/498/3421 1662/501/3596
f 1660/497/3572 1657/499/3579 1663/502/3598
f 1666/500/3599 1660/497/3572 1663/502/3598
f 1657/499/3583 1659/499/3582 1665/502/3600
f 1663/502/3600 1657/499/3583 1665/502/3600
f 1659/499/3587 1661/497/3586 1667/500/3601
f 1665/502/3602 1659/499/3587 1667/500/3601
f 1670/491/3603 1673/492/3603 1672/492/3603
f 1668/491/3603 1670/491/3603 1672/492/3603
f 1673/492/3604 1671/495/3604 1669/495/3604
f 1672/492/3603 1673/492/3603 1669/495/3603
f 1640/503/3605 1643/504/3606 1667/500/3607
f 1664/501/3595 1640/503/3605 1667/500/3607
f 1638/505/3608 1640/503/3608 1664/501/3597
f 1662/501/3596 1638/505/3608 1664/501/3597
f 1641/506/3609 1665/502/3610 1667/500/3601
f 1643/504/3611 1641/506/3609 1667/500/3612
f 1639/506/3613 1663/502/3600 1665/502/3600
f 1641/506/3613 1639/506/3613 1665/502/3600
f 1639/506/3614 1642/507/3615 1666/500/3616
f 1663/502/3598 1639/506/3614 1666/500/3616
f 1642/507/3617 1638/505/3618 1662/501/3591
f 1666/500/3619 1642/507/3617 1662/501/3591
f 1641/506/3468 1643/504/3468 1642/507/3468
f 1639/506/3468 1641/506/3468 1642/507/3468
f 1643/504/3468 1640/503/3468 1638/505/3468
f 1642/507/3468 1643/504/3468 1638/505/3468
f 1675/508/3620 1676/509/3621 1674/510/3622
f 1689/511/3623 1688/512/3624 1687/513/3625
f 1684/514/3626 1690/515/3627 1683/516/3628
f 1691/517/3629 1681/518/3630 1682/519/3631
f 1692/520/3632 1679/521/3633 1680/522/3634
f 1693/523/3635 1677/524/3636 1678/525/3637
f 1694/526/3638 1675/508/3639 1676/509/3621
f 1695/508/3640 1675/509/3641 1674/510/3642
f 1689/511/3643 1687/512/3644 1701/513/3645
f 1683/514/3628 1702/515/3646 1699/516/3647
f 1703/517/3648 1698/518/3649 1681/519/3650
f 1704/520/3651 1697/521/3652 1679/522/3653
f 1705/523/3654 1696/524/3655 1677/525/3656
f 1706/526/3657 1695/508/3640 1675/509/3658
f 1707/508/3659 1695/509/3640 1674/510/3660
f 1689/511/3661 1701/512/3662 1713/513/3663
f 1699/514/3664 1714/515/3665 1711/516/3666
f 1715/517/3667 1710/518/3668 1698/519/3669
f 1716/520/3670 1709/521/3671 1697/522/3672
f 1717/523/3673 1708/524/3674 1696/525/3675
f 1718/526/3676 1707/508/3659 1695/509/3640
f 1719/508/3677 1707/509/3678 1674/510/3679
f 1689/511/3680 1713/512/3681 1725/513/3682
f 1711/514/3683 1726/515/3684 1723/516/3685
f 1727/517/3686 1722/518/3687 1710/519/3668
f 1728/520/3688 1721/521/3689 1709/522/3690
f 1729/523/3691 1720/524/3692 1708/525/3693
f 1730/526/3694 1719/508/3695 1707/509/3696
f 1731/508/3697 1719/509/3695 1674/510/3698
f 1689/511/3699 1725/512/3682 1737/513/3700
f 1723/514/3701 1738/515/3702 1735/516/3703
f 1739/517/3704 1734/518/3705 1722/519/3706
f 1740/520/3707 1733/521/3708 1721/522/3709
f 1741/523/3710 1732/524/3711 1720/525/3712
f 1742/526/3713 1731/508/3697 1719/509/3695
f 1743/508/3714 1731/509/3697 1674/510/3715
f 1689/511/3716 1737/512/3717 1749/513/3718
f 1735/514/3703 1750/515/3719 1747/516/3720
f 1751/517/3721 1746/518/3722 1734/519/3723
f 1752/520/3724 1745/521/3725 1733/522/3708
f 1753/523/3726 1744/524/3727 1732/525/3728
f 1754/526/3729 1743/508/3730 1731/509/3731
f 1755/508/3732 1743/509/3733 1674/510/3734
f 1689/511/3735 1749/512/3736 1761/513/3737
f 1747/514/3738 1762/515/3739 1759/516/3740
f 1763/517/3741 1758/518/3742 1746/519/3722
f 1764/520/3743 1757/521/3744 1745/522/3745
f 1765/523/3746 1756/524/3747 1744/525/3748
f 1766/526/3749 1755/508/3750 1743/509/3733
f 1676/508/3621 1755/509/3751 1674/510/3715
f 1689/511/3752 1761/512/3753 1688/513/3754
f 1759/514/3755 1767/515/3756 1684/516/3757
f 1768/517/3758 1682/518/3759 1758/519/3760
f 1769/520/3761 1680/521/3762 1757/522/3763
f 1770/523/3764 1678/524/3765 1756/525/3766
f 1771/526/3767 1676/508/3621 1755/509/3768
f 1690/515/3769 1684/514/3770 1683/516/3771
f 1702/515/3772 1683/514/3773 1699/516/3774
f 1714/515/3775 1699/514/3776 1711/516/3777
f 1726/515/3778 1711/514/3779 1723/516/3780
f 1738/515/3781 1723/514/3782 1735/516/3783
f 1750/515/3784 1735/514/3785 1747/516/3786
f 1762/515/3787 1747/514/3788 1759/516/3789
f 1767/515/3790 1759/514/3789 1684/516/3791
f 1677/524/3792 1678/525/3637 1676/509/3621
f 1675/508/3793 1677/524/3656 1676/509/3794
f 1679/521/3795 1680/522/3796 1678/525/3637
f 1677/524/3797 1679/521/3795 1678/525/3637
f 1681/518/3630 1682/519/3798 1680/522/3799
f 1679/521/3800 1681/518/3630 1680/522/3634
f 1684/514/3626 1682/519/3801 1681/518/3630
f 1683/516/3628 1684/514/3802 1681/518/3630
f 1686/527/3803 1684/514/3804 1683/516/3805
f 1685/528/3806 1686/527/3803 1683/516/3628
f 1688/512/3754 1686/527/3803 1685/528/3806
f 1687/513/3644 1688/512/3754 1685/528/3806
f 1696/524/3807 1677/525/3656 1675/509/3658
f 1695/508/3808 1696/524/3807 1675/509/3658
f 1697/521/3672 1679/522/3809 1677/525/3656
f 1696/524/3807 1697/521/3672 1677/525/3810
f 1698/518/3811 1681/519/3812 1679/522/3809
f 1697/521/3652 1698/518/3813 1679/522/3809
f 1683/514/3628 1681/519/3630 1698/518/3669
f 1699/516/3647 1683/514/3814 1698/518/3669
f 1685/527/3815 1683/514/3628 1699/516/3647
f 1700/528/3816 1685/527/3815 1699/516/3647
f 1687/512/3644 1685/527/3815 1700/528/3817
f 1701/513/3645 1687/512/3644 1700/528/3817
f 1708/524/3818 1696/525/3819 1695/509/3640
f 1707/508/3659 1708/524/3820 1695/509/3821
f 1709/521/3822 1697/522/3823 1696/525/3807
f 1708/524/3820 1709/521/3824 1696/525/3807
f 1710/518/3825 1698/519/3669 1697/522/3823
f 1709/521/3826 1710/518/3825 1697/522/3823
f 1699/514/3664 1698/519/3669 1710/518/3825
f 1711/516/3683 1699/514/3664 1710/518/3827
f 1700/527/3817 1699/514/3664 1711/516/3683
f 1712/528/3828 1700/527/3817 1711/516/3666
f 1701/512/3829 1700/527/3817 1712/528/3828
f 1713/513/3830 1701/512/3831 1712/528/3828
f 1720/524/3832 1708/525/3833 1707/509/3678
f 1719/508/3695 1720/524/3834 1707/509/3835
f 1721/521/3836 1709/522/3826 1708/525/3833
f 1720/524/3832 1721/521/3689 1708/525/3693
f 1722/518/3687 1710/519/3837 1709/522/3826
f 1721/521/3838 1722/518/3687 1709/522/3826
f 1723/516/3839 1711/514/3683 1710/519/3837
f 1722/518/3840 1723/516/3839 1710/519/3837
f 1712/527/3828 1711/514/3683 1723/516/3701
f 1724/528/3841 1712/527/3828 1723/516/3839
f 1713/512/3681 1712/527/3828 1724/528/3841
f 1725/513/3842 1713/512/3681 1724/528/3843
f 1720/525/3844 1719/509/3695 1731/508/3731
f 1732/524/3711 1720/525/3832 1731/508/3731
f 1721/522/3689 1720/525/3845 1732/524/3711
f 1733/521/3846 1721/522/3838 1732/524/3711
f 1734/518/3847 1722/519/3687 1721/522/3848
f 1733/521/3708 1734/518/3847 1721/522/3689
f 1723/514/3849 1722/519/3687 1734/518/3847
f 1735/516/3850 1723/514/3839 1734/518/3847
f 1736/528/3851 1724/527/3852 1723/514/3853
f 1735/516/3854 1736/528/3851 1723/514/3849
f 1737/513/3855 1725/512/3682 1724/527/3843
f 1736/528/3851 1737/513/3856 1724/527/3852
f 1732/525/3857 1731/509/3858 1743/508/3859
f 1744/524/3727 1732/525/3857 1743/508/3730
f 1733/522/3708 1732/525/3728 1744/524/3727
f 1745/521/3860 1733/522/3708 1744/524/3861
f 1734/519/3862 1733/522/3708 1745/521/3863
f 1746/518/3722 1734/519/3862 1745/521/3863
f 1747/516/3720 1735/514/3703 1734/519/3862
f 1746/518/3722 1747/516/3738 1734/519/3862
f 1748/528/3864 1736/527/3851 1735/514/3703
f 1747/516/3720 1748/528/3865 1735/514/3866
f 1749/513/3867 1737/512/3717 1736/527/3851
f 1748/528/3865 1749/513/3867 1736/527/3868
f 1744/525/3869 1743/509/3870 1755/508/3871
f 1756/524/3747 1744/525/3861 1755/508/3872
f 1745/522/3863 1744/525/3861 1756/524/3747
f 1757/521/3763 1745/522/3725 1756/524/3747
f 1746/519/3722 1745/522/3725 1757/521/3763
f 1758/518/3873 1746/519/3722 1757/521/3763
f 1759/516/3874 1747/514/3875 1746/519/3722
f 1758/518/3876 1759/516/3877 1746/519/3878
f 1760/528/3879 1748/527/3865 1747/514/3738
f 1759/516/3880 1760/528/3879 1747/514/3881
f 1761/513/3737 1749/512/3736 1748/527/3865
f 1760/528/3882 1761/513/3737 1748/527/3865
f 1756/525/3883 1755/509/3768 1676/508/3621
f 1678/524/3884 1756/525/3885 1676/508/3621
f 1757/522/3886 1756/525/3887 1678/524/3637
f 1680/521/3799 1757/522/3763 1678/524/3637
f 1682/518/3631 1758/519/3873 1757/522/3886
f 1680/521/3762 1682/518/3801 1757/522/3888
f 1684/516/3889 1759/514/3877 1758/519/3890
f 1682/518/3759 1684/516/3802 1758/519/3760
f 1686/528/3803 1760/527/3882 1759/514/3755
f 1684/516/3891 1686/528/3803 1759/514/3877
f 1688/513/3754 1761/512/3753 1760/527/3882
f 1686/528/3803 1688/513/3754 1760/527/3882
f 1779/529/3892 1781/529/3892 1783/529/3892
f 1773/530/3893 1776/530/3893 1775/530/3893
f 1783/529/3892 1780/529/3892 1782/529/3892
f 1779/529/3892 1783/529/3892 1782/529/3892
f 1778/529/3892 1782/529/3892 1780/529/3892
f 1774/530/3893 1776/530/3893 1772/530/3893
f 1776/530/3893 1774/530/3893 1777/530/3893
f 1775/530/3893 1776/530/3893 1777/530/3893
f 1772/530/3894 1776/530/3895 1782/529/3896
f 1778/529/3894 1772/530/3894 1782/529/3896
f 1777/530/3897 1774/530/3898 1780/529/3898
f 1783/529/3899 1777/530/3897 1780/529/3898
f 1776/530/3900 1773/530/3901 1779/529/3901
f 1782/529/3902 1776/530/3900 1779/529/3901
f 1773/530/3903 1775/530/3903 1781/529/3903
f 1779/529/3903 1773/530/3903 1781/529/3903
f 1775/530/3904 1777/530/3905 1783/529/3906
f 1781/529/3904 1775/530/3904 1783/529/3906
f 1780/529/3907 1774/530/3907 1772/530/3907
f 1778/529/3907 1780/529/3907 1772/530/3907
f 1793/391/3385 1790/392/3410 1795/393/3387
f 1790/392/3388 1792/394/3389 1795/393/3390
f 1789/395/3908 1791/395/3909 1794/396/3393
f 1789/395/3394 1794/396/3395 1795/393/3390
f 1792/394/3389 1789/395/3394 1795/393/3390
f 1791/395/3910 1793/391/3385 1795/393/3387
f 1794/396/3397 1791/395/3396 1795/393/3387
f 1792/394/3389 1799/397/3398 1796/398/3400
f 1789/399/3394 1792/394/3389 1796/398/3400
f 1793/391/3385 1791/399/3396 1798/398/3401
f 1800/397/3402 1793/391/3911 1798/398/3403
f 1791/399/3404 1789/399/3405 1796/398/3408
f 1798/398/3407 1791/399/3912 1796/398/3408
f 1793/391/3385 1800/397/3402 1797/400/3409
f 1790/392/3410 1793/391/3385 1797/400/3411
f 1792/394/3389 1790/392/3388 1797/400/3412
f 1799/397/3413 1792/394/3389 1797/400/3414
f 1796/398/3913 1799/397/3413 1804/401/3416
f 1801/402/3415 1796/398/3415 1804/401/3416
f 1800/397/3402 1798/398/3417 1803/402/3418
f 1805/401/3435 1800/397/3402 1803/402/3418
f 1798/398/3407 1796/398/3408 1801/402/3420
f 1803/402/3421 1798/398/3407 1801/402/3420
f 1797/400/3914 1800/397/3402 1805/401/3419
f 1802/403/3423 1797/400/3411 1805/401/3419
f 1799/397/3413 1797/400/3412 1802/403/3424
f 1804/401/3449 1799/397/3413 1802/403/3424
f 1809/404/3425 1787/405/3426 1784/406/3427
f 1806/407/3427 1809/404/3425 1784/406/3427
f 1801/402/3428 1804/401/3449 1809/404/3425
f 1806/407/3429 1801/402/3430 1809/404/3425
f 1808/407/3431 1786/406/3431 1788/405/3432
f 1810/404/3433 1808/407/3434 1788/405/3432
f 1805/401/3435 1803/402/3436 1808/407/3437
f 1810/404/3433 1805/401/3435 1808/407/3438
f 1806/407/3439 1784/406/3440 1786/406/3440
f 1808/407/3439 1806/407/3441 1786/406/3440
f 1803/402/3421 1801/402/3420 1806/407/3439
f 1808/407/3439 1803/402/3421 1806/407/3439
f 1810/404/3433 1788/405/3432 1785/408/3443
f 1807/409/3444 1810/404/3433 1785/408/3443
f 1802/403/3423 1805/401/3419 1810/404/3915
f 1807/409/3446 1802/403/3423 1810/404/3915
f 1807/409/3447 1785/408/3448 1787/405/3426
f 1809/404/3425 1807/409/3447 1787/405/3426
f 1804/401/3449 1802/403/3424 1807/409/3450
f 1809/404/3425 1804/401/3449 1807/409/3450
f 1811/410/3451 1813/411/3452 1815/411/3452
f 1817/410/3451 1811/410/3451 1815/411/3452
f 1818/412/3453 1816/413/3454 1814/413/3454
f 1812/412/3453 1818/412/3453 1814/413/3454
f 1811/414/3451 1817/415/3451 1821/416/1911
f 1819/417/1911 1811/414/3451 1821/416/1911
f 1818/418/3455 1812/419/3455 1820/420/1913
f 1822/421/1913 1818/418/3456 1820/420/1913
f 1824/422/3457 1823/423/3458 1813/411/3916
f 1811/410/3460 1824/422/3461 1813/411/3459
f 1824/422/3462 1812/412/3463 1814/413/3464
f 1823/423/3465 1824/422/3917 1814/413/3464
f 1813/424/3468 1823/425/3468 1825/426/3468
f 1815/427/3468 1813/424/3468 1825/426/3468
f 1823/425/3468 1814/428/3468 1816/429/3468
f 1825/426/3468 1823/425/3468 1816/429/3468
f 1815/411/3469 1825/423/3470 1826/422/3471
f 1817/410/3472 1815/411/3473 1826/422/3471
f 1825/423/3470 1816/413/3474 1818/412/3475
f 1826/422/3476 1825/423/3918 1818/412/3478
f 1812/419/3479 1824/430/3462 1827/431/3480
f 1820/420/3479 1812/419/3479 1827/431/3481
f 1824/432/3482 1811/414/3460 1819/417/3483
f 1827/433/3484 1824/432/3482 1819/417/3483
f 1817/415/3485 1826/434/3471 1828/435/3486
f 1821/416/3487 1817/415/3485 1828/435/3486
f 1826/434/3476 1818/418/3478 1822/421/3489
f 1828/435/3490 1826/434/3476 1822/421/3489
f 1829/436/3491 1831/437/3491 1835/438/3491
f 1833/439/3491 1829/436/3491 1835/438/3491
f 1832/440/3492 1830/441/3492 1834/442/3492
f 1836/443/3492 1832/440/3492 1834/442/3492
f 1830/441/3919 1837/444/3494 1839/445/3495
f 1834/442/3919 1830/441/3919 1839/445/3495
f 1837/444/3496 1829/436/3497 1833/439/3497
f 1839/445/3495 1837/444/3496 1833/439/3497
f 1831/437/3498 1838/446/3499 1840/447/3500
f 1835/438/3498 1831/437/3498 1840/447/3500
f 1838/446/3499 1832/440/3501 1836/443/3501
f 1840/447/3502 1838/446/3499 1836/443/3501
f 1836/443/3503 1834/442/3503 1839/445/3503
f 1833/439/3503 1836/443/3503 1839/445/3503
f 1840/447/3503 1836/443/3503 1833/439/3503
f 1835/438/3503 1840/447/3503 1833/439/3503
f 1842/448/3468 1843/449/3468 1841/450/3468
f 1843/449/3468 1844/451/3468 1841/450/3468
f 1844/451/3468 1845/452/3468 1841/450/3468
f 1845/452/3468 1846/453/3468 1841/450/3468
f 1846/453/3468 1847/454/3468 1841/450/3468
f 1847/454/3468 1848/455/3468 1841/450/3468
f 1848/448/3468 1849/449/3468 1841/450/3468
f 1849/449/3468 1850/451/3468 1841/450/3468
f 1850/451/3468 1851/452/3468 1841/450/3468
f 1851/452/3468 1852/453/3468 1841/450/3468
f 1852/453/3468 1853/454/3468 1841/450/3468
f 1853/454/3468 1842/455/3468 1841/450/3468
f 1855/449/3503 1854/448/3503 1866/450/3503
f 1856/451/3503 1855/449/3503 1866/450/3503
f 1857/452/3503 1856/451/3503 1866/450/3503
f 1858/453/3503 1857/452/3503 1866/450/3503
f 1859/454/3503 1858/453/3503 1866/450/3503
f 1860/455/3503 1859/454/3503 1866/450/3503
f 1861/456/3503 1860/448/3503 1866/450/3503
f 1862/457/3503 1861/456/3503 1866/450/3503
f 1863/458/3503 1862/457/3503 1866/450/3503
f 1864/459/3503 1863/458/3503 1866/450/3503
f 1865/460/3503 1864/459/3503 1866/450/3503
f 1854/455/3503 1865/460/3503 1866/450/3503
f 1854/461/3920 1855/462/3505 1843/463/3506
f 1842/461/3507 1854/461/3504 1843/463/3506
f 1855/462/3505 1856/464/3508 1844/464/3509
f 1843/463/3510 1855/462/3921 1844/464/3509
f 1856/464/3511 1857/465/3512 1845/465/3513
f 1844/464/3514 1856/464/3511 1845/465/3513
f 1857/465/3515 1858/466/3922 1846/466/3517
f 1845/465/3518 1857/465/3515 1846/466/3517
f 1858/466/3519 1859/467/3520 1847/468/3521
f 1846/466/3522 1858/466/3523 1847/468/3521
f 1859/467/3524 1860/469/3525 1848/470/3526
f 1847/468/3521 1859/467/3524 1848/470/3526
f 1860/469/3527 1861/471/3528 1849/472/3529
f 1848/470/3530 1860/469/3527 1849/472/3529
f 1861/471/3531 1862/473/3532 1850/473/3533
f 1849/472/3534 1861/471/3531 1850/473/3533
f 1862/473/3535 1863/474/3536 1851/474/3537
f 1850/473/3538 1862/473/3535 1851/474/3537
f 1863/474/3536 1864/475/3923 1852/476/3540
f 1851/474/3537 1863/474/3536 1852/476/3540
f 1864/475/3541 1865/477/3542 1853/478/3543
f 1852/476/3544 1864/475/3541 1853/478/3543
f 1865/477/3546 1854/461/3547 1842/461/3924
f 1853/478/3925 1865/477/3546 1842/461/3924
f 1873/491/3549 1877/492/3550 1883/493/3551
f 1879/494/3552 1873/491/3549 1883/493/3571
f 1878/492/3554 1875/491/3555 1881/494/3556
f 1884/493/3557 1878/492/3558 1881/494/3556
f 1875/491/3559 1873/491/3559 1879/494/3560
f 1881/494/3561 1875/491/3559 1879/494/3560
f 1877/492/3562 1874/495/3563 1880/496/3564
f 1883/493/3551 1877/492/3550 1880/496/3564
f 1874/495/3565 1876/495/3565 1882/496/3566
f 1880/496/3567 1874/495/3565 1882/496/3566
f 1876/495/3568 1878/492/3558 1884/493/3557
f 1882/496/3569 1876/495/3568 1884/493/3570
f 1879/494/3552 1883/493/3571 1889/497/3572
f 1885/498/3573 1879/494/3574 1889/497/3575
f 1884/493/3926 1881/494/3556 1887/498/3576
f 1890/497/3577 1884/493/3557 1887/498/3576
f 1881/494/3578 1879/494/3560 1885/498/3420
f 1887/498/3421 1881/494/3578 1885/498/3420
f 1883/493/3551 1880/496/3564 1886/499/3579
f 1889/497/3572 1883/493/3551 1886/499/3579
f 1880/496/3581 1882/496/3566 1888/499/3582
f 1886/499/3583 1880/496/3581 1888/499/3582
f 1882/496/3584 1884/493/3585 1890/497/3586
f 1888/499/3927 1882/496/3584 1890/497/3586
f 1885/498/3588 1889/497/3589 1895/500/3590
f 1891/501/3591 1885/498/3573 1895/500/3590
f 1890/497/3577 1887/498/3576 1893/501/3593
f 1896/500/3594 1890/497/3577 1893/501/3595
f 1887/498/3421 1885/498/3420 1891/501/3596
f 1893/501/3597 1887/498/3421 1891/501/3596
f 1889/497/3572 1886/499/3579 1892/502/3598
f 1895/500/3599 1889/497/3572 1892/502/3598
f 1886/499/3583 1888/499/3582 1894/502/3600
f 1892/502/3600 1886/499/3583 1894/502/3600
f 1888/499/3587 1890/497/3586 1896/500/3601
f 1894/502/3602 1888/499/3587 1896/500/3601
f 1899/491/3603 1902/492/3603 1901/492/3603
f 1897/491/3603 1899/491/3603 1901/492/3603
f 1902/492/3603 1900/495/3603 1898/495/3603
f 1901/492/3604 1902/492/3604 1898/495/3604
f 1869/503/3605 1872/504/3606 1896/500/3607
f 1893/501/3595 1869/503/3605 1896/500/3607
f 1867/505/3608 1869/503/3608 1893/501/3597
f 1891/501/3596 1867/505/3608 1893/501/3597
f 1870/506/3609 1894/502/3610 1896/500/3601
f 1872/504/3928 1870/506/3609 1896/500/3601
f 1868/506/3613 1892/502/3600 1894/502/3600
f 1870/506/3613 1868/506/3613 1894/502/3600
f 1868/506/3614 1871/507/3617 1895/500/3616
f 1892/502/3598 1868/506/3614 1895/500/3616
f 1871/507/3617 1867/505/3618 1891/501/3591
f 1895/500/3619 1871/507/3617 1891/501/3591
f 1870/506/3468 1872/504/3468 1871/507/3468
f 1868/506/3468 1870/506/3468 1871/507/3468
f 1872/504/3468 1869/503/3468 1867/505/3468
f 1871/507/3468 1872/504/3468 1867/505/3468
f 1904/508/3620 1905/509/3621 1903/510/3622
f 1918/511/3623 1917/512/3624 1916/513/3625
f 1913/514/3626 1919/515/3627 1912/516/3628
f 1920/517/3629 1910/518/3630 1911/519/3631
f 1921/520/3632 1908/521/3633 1909/522/3634
f 1922/523/3635 1906/524/3636 1907/525/3637
f 1923/526/3638 1904/508/3639 1905/509/3621
f 1924/508/3640 1904/509/3641 1903/510/3642
f 1918/511/3643 1916/512/3644 1930/513/3645
f 1912/514/3628 1931/515/3646 1928/516/3647
f 1932/517/3648 1927/518/3649 1910/519/3650
f 1933/520/3651 1926/521/3652 1908/522/3653
f 1934/523/3654 1925/524/3655 1906/525/3656
f 1935/526/3657 1924/508/3929 1904/509/3658
f 1936/508/3659 1924/509/3640 1903/510/3930
f 1918/511/3661 1930/512/3662 1942/513/3663
f 1928/514/3664 1943/515/3665 1940/516/3666
f 1944/517/3667 1939/518/3931 1927/519/3669
f 1945/520/3670 1938/521/3671 1926/522/3672
f 1946/523/3673 1937/524/3674 1925/525/3675
f 1947/526/3676 1936/508/3659 1924/509/3640
f 1948/508/3695 1936/509/3678 1903/510/3932
f 1918/511/3680 1942/512/3681 1954/513/3933
f 1940/514/3683 1955/515/3684 1952/516/3685
f 1956/517/3686 1951/518/3687 1939/519/3837
f 1957/520/3688 1950/521/3689 1938/522/3690
f 1958/523/3691 1949/524/3692 1937/525/3693
f 1959/526/3694 1948/508/3695 1936/509/3696
f 1960/508/3697 1948/509/3695 1903/510/3698
f 1918/511/3699 1954/512/3682 1966/513/3700
f 1952/514/3701 1967/515/3702 1964/516/3703
f 1968/517/3704 1963/518/3705 1951/519/3706
f 1969/520/3707 1962/521/3708 1950/522/3709
f 1970/523/3710 1961/524/3711 1949/525/3712
f 1971/526/3713 1960/508/3697 1948/509/3695
f 1972/508/3714 1960/509/3697 1903/510/3715
f 1918/511/3716 1966/512/3717 1978/513/3718
f 1964/514/3703 1979/515/3719 1976/516/3720
f 1980/517/3721 1975/518/3722 1963/519/3723
f 1981/520/3934 1974/521/3863 1962/522/3708
f 1982/523/3726 1973/524/3727 1961/525/3728
f 1983/526/3729 1972/508/3730 1960/509/3731
f 1984/508/3935 1972/509/3733 1903/510/3734
f 1918/511/3735 1978/512/3736 1990/513/3936
f 1976/514/3738 1991/515/3739 1988/516/3740
f 1992/517/3741 1987/518/3742 1975/519/3722
f 1993/520/3743 1986/521/3744 1974/522/3745
f 1994/523/3746 1985/524/3747 1973/525/3861
f 1995/526/3749 1984/508/3750 1972/509/3733
f 1905/508/3621 1984/509/3751 1903/510/3937
f 1918/511/3752 1990/512/3753 1917/513/3938
f 1988/514/3755 1996/515/3756 1913/516/3757
f 1997/517/3758 1911/518/3759 1987/519/3760
f 1998/520/3761 1909/521/3762 1986/522/3763
f 1999/523/3764 1907/524/3765 1985/525/3766
f 2000/526/3939 1905/508/3621 1984/509/3768
f 1919/515/3769 1913/514/3770 1912/516/3771
f 1931/515/3772 1912/514/3773 1928/516/3774
f 1943/515/3775 1928/514/3776 1940/516/3777
f 1955/515/3778 1940/514/3779 1952/516/3780
f 1967/515/3781 1952/514/3780 1964/516/3783
f 1979/515/3784 1964/514/3785 1976/516/3786
f 1991/515/3787 1976/514/3788 1988/516/3789
f 1996/515/3790 1988/514/3789 1913/516/3791
f 1906/524/3792 1907/525/3637 1905/509/3621
f 1904/508/3620 1906/524/3656 1905/509/3940
f 1908/521/3941 1909/522/3796 1907/525/3637
f 1906/524/3797 1908/521/3795 1907/525/3637
f 1910/518/3630 1911/519/3798 1909/522/3942
f 1908/521/3800 1910/518/3630 1909/522/3634
f 1913/514/3626 1911/519/3801 1910/518/3630
f 1912/516/3628 1913/514/3802 1910/518/3630
f 1915/527/3803 1913/514/3804 1912/516/3805
f 1914/528/3806 1915/527/3803 1912/516/3628
f 1917/512/3754 1915/527/3803 1914/528/3806
f 1916/513/3644 1917/512/3754 1914/528/3806
f 1925/524/3807 1906/525/3656 1904/509/3658
f 1924/508/3640 1925/524/3807 1904/509/3658
f 1926/521/3672 1908/522/3809 1906/525/3656
f 1925/524/3807 1926/521/3672 1906/525/3810
f 1927/518/3811 1910/519/3630 1908/522/3633
f 1926/521/3672 1927/518/3813 1908/522/3809
f 1912/514/3628 1910/519/3630 1927/518/3669
f 1928/516/3647 1912/514/3814 1927/518/3669
f 1914/527/3815 1912/514/3628 1928/516/3943
f 1929/528/3816 1914/527/3815 1928/516/3647
f 1916/512/3644 1914/527/3815 1929/528/3817
f 1930/513/3944 1916/512/3644 1929/528/3817
f 1937/524/3818 1925/525/3819 1924/509/3640
f 1936/508/3659 1937/524/3820 1924/509/3640
f 1938/521/3822 1926/522/3823 1925/525/3807
f 1937/524/3820 1938/521/3824 1925/525/3807
f 1939/518/3825 1927/519/3669 1926/522/3823
f 1938/521/3826 1939/518/3825 1926/522/3823
f 1928/514/3664 1927/519/3669 1939/518/3825
f 1940/516/3683 1928/514/3664 1939/518/3827
f 1929/527/3817 1928/514/3664 1940/516/3683
f 1941/528/3828 1929/527/3817 1940/516/3666
f 1930/512/3831 1929/527/3817 1941/528/3828
f 1942/513/3830 1930/512/3831 1941/528/3828
f 1949/524/3832 1937/525/3833 1936/509/3678
f 1948/508/3695 1949/524/3834 1936/509/3835
f 1950/521/3836 1938/522/3826 1937/525/3833
f 1949/524/3832 1950/521/3689 1937/525/3693
f 1951/518/3687 1939/519/3837 1938/522/3826
f 1950/521/3838 1951/518/3687 1938/522/3826
f 1952/516/3839 1940/514/3683 1939/519/3837
f 1951/518/3840 1952/516/3839 1939/519/3837
f 1941/527/3828 1940/514/3683 1952/516/3701
f 1953/528/3841 1941/527/3828 1952/516/3839
f 1942/512/3681 1941/527/3828 1953/528/3841
f 1954/513/3842 1942/512/3681 1953/528/3843
f 1949/525/3844 1948/509/3695 1960/508/3731
f 1961/524/3711 1949/525/3832 1960/508/3731
f 1950/522/3689 1949/525/3845 1961/524/3711
f 1962/521/3846 1950/522/3838 1961/524/3711
f 1963/518/3847 1951/519/3687 1950/522/3848
f 1962/521/3708 1963/518/3847 1950/522/3689
f 1952/514/3849 1951/519/3687 1963/518/3847
f 1964/516/3850 1952/514/3839 1963/518/3847
f 1965/528/3851 1953/527/3852 1952/514/3853
f 1964/516/3854 1965/528/3851 1952/514/3849
f 1966/513/3855 1954/512/3682 1953/527/3843
f 1965/528/3851 1966/513/3856 1953/527/3852
f 1961/525/3857 1960/509/3858 1972/508/3859
f 1973/524/3727 1961/525/3857 1972/508/3730
f 1962/522/3708 1961/525/3728 1973/524/3727
f 1974/521/3860 1962/522/3708 1973/524/3727
f 1963/519/3862 1962/522/3708 1974/521/3863
f 1975/518/3722 1963/519/3862 1974/521/3945
f 1976/516/3720 1964/514/3703 1963/519/3862
f 1975/518/3722 1976/516/3738 1963/519/3862
f 1977/528/3864 1965/527/3851 1964/514/3703
f 1976/516/3720 1977/528/3865 1964/514/3866
f 1978/513/3867 1966/512/3717 1965/527/3851
f 1977/528/3865 1978/513/3867 1965/527/3851
f 1973/525/3946 1972/509/3870 1984/508/3871
f 1985/524/3747 1973/525/3861 1984/508/3872
f 1974/522/3863 1973/525/3861 1985/524/3947
f 1986/521/3948 1974/522/3725 1985/524/3747
f 1975/519/3722 1974/522/3725 1986/521/3763
f 1987/518/3873 1975/519/3878 1986/521/3744
f 1988/516/3880 1976/514/3875 1975/519/3722
f 1987/518/3876 1988/516/3877 1975/519/3949
f 1989/528/3879 1977/527/3865 1976/514/3738
f 1988/516/3740 1989/528/3879 1976/514/3881
f 1990/513/3737 1978/512/3736 1977/527/3865
f 1989/528/3882 1990/513/3737 1977/527/3865
f 1985/525/3883 1984/509/3768 1905/508/3621
f 1907/524/3884 1985/525/3885 1905/508/3621
f 1986/522/3886 1985/525/3887 1907/524/3637
f 1909/521/3799 1986/522/3763 1907/524/3637
f 1911/518/3950 1987/519/3873 1986/522/3886
f 1909/521/3951 1911/518/3801 1986/522/3888
f 1913/516/3802 1988/514/3877 1987/519/3890
f 1911/518/3759 1913/516/3802 1987/519/3760
f 1915/528/3803 1989/527/3882 1988/514/3755
f 1913/516/3891 1915/528/3803 1988/514/3877
f 1917/513/3754 1990/512/3753 1989/527/3882
f 1915/528/3803 1917/513/3754 1989/527/3882
f 2008/529/3892 2010/529/3892 2012/529/3892
f 2002/530/3893 2005/530/3893 2004/530/3893
f 2012/529/3892 2009/529/3892 2011/529/3892
f 2008/529/3892 2012/529/3892 2011/529/3892
f 2007/529/3892 2011/529/3892 2009/529/3892
f 2003/530/3893 2005/530/3893 2001/530/3893
f 2005/530/3893 2003/530/3893 2006/530/3893
f 2004/530/3893 2005/530/3893 2006/530/3893
f 2001/530/3894 2005/530/3895 2011/529/3896
f 2007/529/3894 2001/530/3894 2011/529/3896
f 2006/530/3897 2003/530/3898 2009/529/3898
f 2012/529/3899 2006/530/3952 2009/529/3898
f 2005/530/3953 2002/530/3901 2008/529/3901
f 2011/529/3902 2005/530/3953 2008/529/3901
f 2002/530/3903 2004/530/3903 2010/529/3903
f 2008/529/3903 2002/530/3903 2010/529/3903
f 2004/530/3904 2006/530/3905 2012/529/3906
f 2010/529/3904 2004/530/3904 2012/529/3906
f 2009/529/3907 2003/530/3907 2001/530/3907
f 2007/529/3907 2009/529/3907 2001/530/3907
f 2022/391/3385 2019/392/3410 2024/393/3387
f 2019/392/3388 2021/394/3389 2024/393/3390
f 2018/395/3908 2020/395/3909 2023/396/3393
f 2018/395/3394 2023/396/3395 2024/393/3390
f 2021/394/3389 2018/395/3394 2024/393/3390
f 2020/395/3396 2022/391/3385 2024/393/3387
f 2023/396/3397 2020/395/3396 2024/393/3387
f 2021/394/3389 2028/397/3398 2025/398/3400
f 2018/399/3394 2021/394/3389 2025/398/3400
f 2022/391/3385 2020/399/3396 2027/398/3401
f 2029/397/3402 2022/391/3385 2027/398/3403
f 2020/399/3912 2018/399/3908 2025/398/3406
f 2027/398/3407 2020/399/3912 2025/398/3408
f 2022/391/3385 2029/397/3402 2026/400/3409
f 2019/392/3410 2022/391/3385 2026/400/3411
f 2021/394/3389 2019/392/3388 2026/400/3412
f 2028/397/3413 2021/394/3389 2026/400/3954
f 2025/398/3415 2028/397/3413 2033/401/3416
f 2030/402/3415 2025/398/3415 2033/401/3416
f 2029/397/3402 2027/398/3955 2032/402/3956
f 2034/401/3419 2029/397/3402 2032/402/3418
f 2027/398/3407 2025/398/3408 2030/402/3420
f 2032/402/3421 2027/398/3407 2030/402/3420
f 2026/400/3422 2029/397/3402 2034/401/3419
f 2031/403/3423 2026/400/3411 2034/401/3419
f 2028/397/3413 2026/400/3412 2031/403/3424
f 2033/401/3416 2028/397/3413 2031/403/3424
f 2038/404/3425 2016/405/3426 2013/406/3427
f 2035/407/3427 2038/404/3425 2013/406/3427
f 2030/402/3957 2033/401/3416 2038/404/3425
f 2035/407/3958 2030/402/3430 2038/404/3425
f 2037/407/3437 2015/406/3431 2017/405/3432
f 2039/404/3433 2037/407/3434 2017/405/3432
f 2034/401/3435 2032/402/3436 2037/407/3437
f 2039/404/3433 2034/401/3435 2037/407/3438
f 2035/407/3439 2013/406/3440 2015/406/3440
f 2037/407/3439 2035/407/3441 2015/406/3440
f 2032/402/3421 2030/402/3420 2035/407/3439
f 2037/407/3439 2032/402/3421 2035/407/3439
f 2039/404/3433 2017/405/3442 2014/408/3443
f 2036/409/3444 2039/404/3433 2014/408/3445
f 2031/403/3423 2034/401/3419 2039/404/3433
f 2036/409/3446 2031/403/3423 2039/404/3433
f 2036/409/3447 2014/408/3448 2016/405/3426
f 2038/404/3425 2036/409/3447 2016/405/3426
f 2033/401/3449 2031/403/3424 2036/409/3450
f 2038/404/3425 2033/401/3449 2036/409/3450
f 2040/410/3451 2042/411/3452 2044/411/3452
f 2046/410/3451 2040/410/3451 2044/411/3452
f 2047/412/3456 2045/413/3454 2043/413/3454
f 2041/412/3453 2047/412/3453 2043/413/3454
f 2040/414/3451 2046/415/3451 2050/416/1911
f 2048/417/1911 2040/414/3451 2050/416/1911
f 2047/418/3455 2041/419/3455 2049/420/1913
f 2051/421/1913 2047/418/3456 2049/420/1913
f 2053/422/3457 2052/423/3458 2042/411/3916
f 2040/410/3959 2053/422/3482 2042/411/3459
f 2053/422/3462 2041/412/3463 2043/413/3464
f 2052/423/3465 2053/422/3917 2043/413/3467
f 2042/424/3468 2052/425/3468 2054/426/3468
f 2044/427/3468 2042/424/3468 2054/426/3468
f 2052/425/3468 2043/428/3468 2045/429/3468
f 2054/426/3468 2052/425/3468 2045/429/3468
f 2044/411/3469 2054/423/3470 2055/422/3471
f 2046/410/3472 2044/411/3473 2055/422/3471
f 2054/423/3470 2045/413/3474 2047/412/3475
f 2055/422/3960 2054/423/3477 2047/412/3961
f 2041/419/3479 2053/430/3462 2056/431/3962
f 2049/420/3479 2041/419/3479 2056/431/3962
f 2053/432/3482 2040/414/3460 2048/417/3483
f 2056/433/3484 2053/432/3482 2048/417/3483
f 2046/415/3488 2055/434/3471 2057/435/3486
f 2050/416/3487 2046/415/3488 2057/435/3486
f 2055/434/3960 2047/418/3478 2051/421/3489
f 2057/435/3490 2055/434/3960 2051/421/3489
f 2058/436/3491 2060/437/3491 2064/438/3491
f 2062/439/3491 2058/436/3491 2064/438/3491
f 2061/440/3492 2059/441/3492 2063/442/3492
f 2065/443/3492 2061/440/3492 2063/442/3492
f 2059/441/3493 2066/444/3494 2068/445/3495
f 2063/442/3919 2059/441/3919 2068/445/3495
f 2066/444/3496 2058/436/3497 2062/439/3497
f 2068/445/3495 2066/444/3496 2062/439/3497
f 2060/437/3498 2067/446/3499 2069/447/3500
f 2064/438/3498 2060/437/3498 2069/447/3500
f 2067/446/3499 2061/440/3501 2065/443/3501
f 2069/447/3502 2067/446/3499 2065/443/3501
f 2065/443/3503 2063/442/3503 2068/445/3503
f 2062/439/3503 2065/443/3503 2068/445/3503
f 2069/447/3503 2065/443/3503 2062/439/3503
f 2064/438/3503 2069/447/3503 2062/439/3503
f 2071/448/3468 2072/449/3468 2070/450/3468
f 2072/449/3468 2073/451/3468 2070/450/3468
f 2073/451/3468 2074/452/3468 2070/450/3468
f 2074/452/3468 2075/453/3468 2070/450/3468
f 2075/453/3468 2076/454/3468 2070/450/3468
f 2076/454/3468 2077/455/3468 2070/450/3468
f 2077/448/3468 2078/449/3468 2070/450/3468
f 2078/449/3468 2079/451/3468 2070/450/3468
f 2079/451/3468 2080/452/3468 2070/450/3468
f 2080/452/3468 2081/453/3468 2070/450/3468
f 2081/453/3468 2082/454/3468 2070/450/3468
f 2082/454/3468 2071/455/3468 2070/450/3468
f 2084/449/3503 2083/448/3503 2095/450/3503
f 2085/451/3503 2084/449/3503 2095/450/3503
f 2086/452/3503 2085/451/3503 2095/450/3503
f 2087/453/3503 2086/452/3503 2095/450/3503
f 2088/454/3503 2087/453/3503 2095/450/3503
f 2089/455/3503 2088/454/3503 2095/450/3503
f 2090/456/3503 2089/448/3503 2095/450/3503
f 2091/457/3503 2090/456/3503 2095/450/3503
f 2092/458/3503 2091/457/3503 2095/450/3503
f 2093/459/3503 2092/458/3503 2095/450/3503
f 2094/460/3503 2093/459/3503 2095/450/3503
f 2083/455/3503 2094/460/3503 2095/450/3503
f 2083/461/3504 2084/462/3505 2072/463/3506
f 2071/461/3507 2083/461/3920 2072/463/3506
f 2084/462/3505 2085/464/3508 2073/464/3509
f 2072/463/3510 2084/462/3505 2073/464/3509
f 2085/464/3511 2086/465/3512 2074/465/3513
f 2073/464/3514 2085/464/3511 2074/465/3513
f 2086/465/3515 2087/466/3516 2075/466/3517
f 2074/465/3513 2086/465/3515 2075/466/3517
f 2087/466/3519 2088/467/3520 2076/468/3521
f 2075/466/3522 2087/466/3523 2076/468/3521
f 2088/467/3524 2089/469/3525 2077/470/3526
f 2076/468/3963 2088/467/3524 2077/470/3526
f 2089/469/3527 2090/471/3528 2078/472/3529
f 2077/470/3530 2089/469/3527 2078/472/3529
f 2090/471/3964 2091/473/3532 2079/473/3533
f 2078/472/3534 2090/471/3531 2079/473/3533
f 2091/473/3535 2092/474/3536 2080/474/3537
f 2079/473/3538 2091/473/3535 2080/474/3537
f 2092/474/3536 2093/475/3965 2081/476/3540
f 2080/474/3537 2092/474/3536 2081/476/3540
f 2093/475/3541 2094/477/3542 2082/478/3543
f 2081/476/3544 2093/475/3541 2082/478/3543
f 2094/477/3546 2083/461/3547 2071/461/3548
f 2082/478/3543 2094/477/3546 2071/461/3924
f 2105/391/3385 2102/392/3386 2107/393/3387
f 2102/392/3388 2104/394/3389 2107/393/3390
f 2101/395/3908 2103/395/3966 2106/396/3393
f 2101/395/3394 2106/396/3395 2107/393/3390
f 2104/394/3389 2101/395/3394 2107/393/3390
f 2103/395/3396 2105/391/3385 2107/393/3387
f 2106/396/3397 2103/395/3396 2107/393/3387
f 2104/394/3389 2111/397/3398 2108/398/3399
f 2101/399/3394 2104/394/3389 2108/398/3400
f 2105/391/3385 2103/399/3396 2110/398/3401
f 2112/397/3402 2105/391/3911 2110/398/3403
f 2103/399/3404 2101/399/3908 2108/398/3406
f 2110/398/3407 2103/399/3912 2108/398/3408
f 2105/391/3385 2112/397/3402 2109/400/3409
f 2102/392/3410 2105/391/3385 2109/400/3411
f 2104/394/3389 2102/392/3388 2109/400/3412
f 2111/397/3413 2104/394/3389 2109/400/3414
f 2108/398/3913 2111/397/3413 2116/401/3416
f 2113/402/3415 2108/398/3415 2116/401/3416
f 2112/397/3402 2110/398/3417 2115/402/3418
f 2117/401/3419 2112/397/3402 2115/402/3418
f 2110/398/3407 2108/398/3408 2113/402/3420
f 2115/402/3421 2110/398/3407 2113/402/3420
f 2109/400/3914 2112/397/3402 2117/401/3419
f 2114/403/3423 2109/400/3411 2117/401/3419
f 2111/397/3413 2109/400/3412 2114/403/3424
f 2116/401/3416 2111/397/3413 2114/403/3424
f 2121/404/3425 2099/405/3426 2096/406/3427
f 2118/407/3427 2121/404/3425 2096/406/3427
f 2113/402/3428 2116/401/3416 2121/404/3425
f 2118/407/3429 2113/402/3430 2121/404/3425
f 2120/407/3437 2098/406/3431 2100/405/3432
f 2122/404/3433 2120/407/3434 2100/405/3432
f 2117/401/3435 2115/402/3967 2120/407/3434
f 2122/404/3433 2117/401/3435 2120/407/3438
f 2118/407/3439 2096/406/3440 2098/406/3440
f 2120/407/3439 2118/407/3441 2098/406/3440
f 2115/402/3421 2113/402/3420 2118/407/3439
f 2120/407/3439 2115/402/3421 2118/407/3439
f 2122/404/3433 2100/405/3442 2097/408/3443
f 2119/409/3444 2122/404/3433 2097/408/3443
f 2114/403/3423 2117/401/3419 2122/404/3433
f 2119/409/3968 2114/403/3969 2122/404/3433
f 2119/409/3447 2097/408/3448 2099/405/3426
f 2121/404/3425 2119/409/3447 2099/405/3426
f 2116/401/3449 2114/403/3424 2119/409/3450
f 2121/404/3425 2116/401/3449 2119/409/3450
f 2123/410/3451 2125/411/3452 2127/411/3452
f 2129/410/3451 2123/410/3451 2127/411/3452
f 2130/412/3453 2128/413/3454 2126/413/3454
f 2124/412/3453 2130/412/3453 2126/413/3454
f 2123/414/3451 2129/415/3451 2133/416/1911
f 2131/417/1911 2123/414/3451 2133/416/1911
f 2130/418/3455 2124/419/3455 2132/420/1913
f 2134/421/1913 2130/418/3456 2132/420/1913
f 2136/422/3457 2135/423/3458 2125/411/3459
f 2123/410/3460 2136/422/3482 2125/411/3459
f 2136/422/3462 2124/412/3463 2126/413/3464
f 2135/423/3465 2136/422/3917 2126/413/3467
f 2125/424/3468 2135/425/3468 2137/426/3468
f 2127/427/3468 2125/424/3468 2137/426/3468
f 2135/425/3468 2126/428/3468 2128/429/3468
f 2137/426/3468 2135/425/3468 2128/429/3468
f 2127/411/3469 2137/423/3470 2138/422/3471
f 2129/410/3472 2127/411/3473 2138/422/3471
f 2137/423/3470 2128/413/3474 2130/412/3475
f 2138/422/3476 2137/423/3477 2130/412/3478
f 2124/419/3479 2136/430/3462 2139/431/3962
f 2132/420/3479 2124/419/3479 2139/431/3481
f 2136/432/3482 2123/414/3460 2131/417/3483
f 2139/433/3484 2136/432/3482 2131/417/3483
f 2129/415/3472 2138/434/3471 2140/435/3486
f 2133/416/3487 2129/415/3488 2140/435/3486
f 2138/434/3476 2130/418/3478 2134/421/3489
f 2140/435/3490 2138/434/3476 2134/421/3489
f 2141/436/3491 2143/437/3491 2147/438/3491
f 2145/439/3491 2141/436/3491 2147/438/3491
f 2144/440/3492 2142/441/3492 2146/442/3492
f 2148/443/3492 2144/440/3492 2146/442/3492
f 2142/441/3493 2149/444/3494 2151/445/3495
f 2146/442/3919 2142/441/3919 2151/445/3495
f 2149/444/3496 2141/436/3497 2145/439/3497
f 2151/445/3495 2149/444/3496 2145/439/3497
f 2143/437/3498 2150/446/3499 2152/447/3500
f 2147/438/3498 2143/437/3498 2152/447/3500
f 2150/446/3499 2144/440/3501 2148/443/3501
f 2152/447/3502 2150/446/3499 2148/443/3501
f 2148/443/3503 2146/442/3503 2151/445/3503
f 2145/439/3503 2148/443/3503 2151/445/3503
f 2152/447/3503 2148/443/3503 2145/439/3503
f 2147/438/3503 2152/447/3503 2145/439/3503
f 2154/448/3468 2155/449/3468 2153/450/3468
f 2155/449/3468 2156/451/3468 2153/450/3468
f 2156/451/3468 2157/452/3468 2153/450/3468
f 2157/452/3468 2158/453/3468 2153/450/3468
f 2158/453/3468 2159/454/3468 2153/450/3468
f 2159/454/3468 2160/455/3468 2153/450/3468
f 2160/448/3468 2161/449/3468 2153/450/3468
f 2161/449/3468 2162/451/3468 2153/450/3468
f 2162/451/3468 2163/452/3468 2153/450/3468
f 2163/452/3468 2164/453/3468 2153/450/3468
f 2164/453/3468 2165/454/3468 2153/450/3468
f 2165/454/3468 2154/455/3468 2153/450/3468
f 2167/449/3503 2166/448/3503 2178/450/3503
f 2168/451/3503 2167/449/3503 2178/450/3503
f 2169/452/3503 2168/451/3503 2178/450/3503
f 2170/453/3503 2169/452/3503 2178/450/3503
f 2171/454/3503 2170/453/3503 2178/450/3503
f 2172/455/3503 2171/454/3503 2178/450/3503
f 2173/456/3503 2172/448/3503 2178/450/3503
f 2174/457/3503 2173/456/3503 2178/450/3503
f 2175/458/3503 2174/457/3503 2178/450/3503
f 2176/459/3503 2175/458/3503 2178/450/3503
f 2177/460/3503 2176/459/3503 2178/450/3503
f 2166/455/3503 2177/460/3503 2178/450/3503
f 2166/461/3920 2167/462/3505 2155/463/3506
f 2154/461/3507 2166/461/3920 2155/463/3506
f 2167/462/3921 2168/464/3508 2156/464/3509
f 2155/463/3510 2167/462/3505 2156/464/3509
f 2168/464/3511 2169/465/3512 2157/465/3513
f 2156/464/3514 2168/464/3511 2157/465/3970
f 2169/465/3971 2170/466/3922 2158/466/3517
f 2157/465/3518 2169/465/3515 2158/466/3517
f 2170/466/3519 2171/467/3520 2159/468/3521
f 2158/466/3522 2170/466/3523 2159/468/3521
f 2171/467/3524 2172/469/3525 2160/470/3526
f 2159/468/3521 2171/467/3524 2160/470/3526
f 2172/469/3527 2173/471/3528 2161/472/3529
f 2160/470/3530 2172/469/3527 2161/472/3529
f 2173/471/3531 2174/473/3532 2162/473/3533
f 2161/472/3534 2173/471/3531 2162/473/3972
f 2174/473/3535 2175/474/3536 2163/474/3537
f 2162/473/3538 2174/473/3535 2163/474/3537
f 2175/474/3536 2176/475/3923 2164/476/3540
f 2163/474/3537 2175/474/3536 2164/476/3540
f 2176/475/3541 2177/477/3542 2165/478/3543
f 2164/476/3544 2176/475/3541 2165/478/3543
f 2177/477/3546 2166/461/3547 2154/461/3924
f 2165/478/3543 2177/477/3546 2154/461/3548
f 2188/391/3385 2185/392/3410 2190/393/3387
f 2185/392/3388 2187/394/3389 2190/393/3390
f 2184/395/3908 2186/395/3909 2189/396/3393
f 2184/395/3394 2189/396/3395 2190/393/3390
f 2187/394/3389 2184/395/3394 2190/393/3390
f 2186/395/3396 2188/391/3385 2190/393/3387
f 2189/396/3397 2186/395/3396 2190/393/3387
f 2187/394/3389 2194/397/3398 2191/398/3973
f 2184/399/3394 2187/394/3389 2191/398/3974
f 2188/391/3385 2186/399/3396 2193/398/3975
f 2195/397/3402 2188/391/3385 2193/398/3403
f 2186/399/3912 2184/399/3908 2191/398/3406
f 2193/398/3407 2186/399/3404 2191/398/3408
f 2188/391/3385 2195/397/3402 2192/400/3409
f 2185/392/3410 2188/391/3385 2192/400/3411
f 2187/394/3389 2185/392/3388 2192/400/3412
f 2194/397/3413 2187/394/3389 2192/400/3414
f 2191/398/3913 2194/397/3413 2199/401/3416
f 2196/402/3415 2191/398/3415 2199/401/3416
f 2195/397/3402 2193/398/3417 2198/402/3418
f 2200/401/3419 2195/397/3402 2198/402/3418
f 2193/398/3407 2191/398/3408 2196/402/3420
f 2198/402/3421 2193/398/3407 2196/402/3420
f 2192/400/3422 2195/397/3402 2200/401/3419
f 2197/403/3423 2192/400/3411 2200/401/3419
f 2194/397/3413 2192/400/3412 2197/403/3424
f 2199/401/3416 2194/397/3413 2197/403/3424
f 2204/404/3425 2182/405/3426 2179/406/3427
f 2201/407/3427 2204/404/3425 2179/406/3427
f 2196/402/3957 2199/401/3416 2204/404/3425
f 2201/407/3958 2196/402/3430 2204/404/3425
f 2203/407/3437 2181/406/3431 2183/405/3432
f 2205/404/3433 2203/407/3976 2183/405/3432
f 2200/401/3435 2198/402/3436 2203/407/3437
f 2205/404/3433 2200/401/3435 2203/407/3438
f 2201/407/3439 2179/406/3440 2181/406/3440
f 2203/407/3439 2201/407/3441 2181/406/3440
f 2198/402/3421 2196/402/3420 2201/407/3439
f 2203/407/3439 2198/402/3421 2201/407/3439
f 2205/404/3433 2183/405/3442 2180/408/3443
f 2202/409/3444 2205/404/3433 2180/408/3445
f 2197/403/3423 2200/401/3419 2205/404/3433
f 2202/409/3446 2197/403/3423 2205/404/3433
f 2202/409/3447 2180/408/3448 2182/405/3426
f 2204/404/3425 2202/409/3447 2182/405/3426
f 2199/401/3449 2197/403/3424 2202/409/3977
f 2204/404/3425 2199/401/3449 2202/409/3450
f 2206/410/3451 2208/411/3452 2210/411/3452
f 2212/410/3451 2206/410/3451 2210/411/3452
f 2213/412/3453 2211/413/3454 2209/413/3454
f 2207/412/3453 2213/412/3453 2209/413/3454
f 2206/414/3451 2212/415/3451 2216/416/1911
f 2214/417/1911 2206/414/3451 2216/416/1911
f 2213/418/3455 2207/419/3455 2215/420/1913
f 2217/421/1913 2213/418/3456 2215/420/1913
f 2219/422/3457 2218/423/3458 2208/411/3916
f 2206/410/3460 2219/422/3482 2208/411/3459
f 2219/422/3462 2207/412/3463 2209/413/3464
f 2218/423/3465 2219/422/3917 2209/413/3467
f 2208/424/3468 2218/425/3468 2220/426/3468
f 2210/427/3468 2208/424/3468 2220/426/3468
f 2218/425/3468 2209/428/3468 2211/429/3468
f 2220/426/3468 2218/425/3468 2211/429/3468
f 2210/411/3469 2220/423/3470 2221/422/3471
f 2212/410/3978 2210/411/3473 2221/422/3471
f 2220/423/3470 2211/413/3474 2213/412/3475
f 2221/422/3960 2220/423/3477 2213/412/3478
f 2207/419/3479 2219/430/3462 2222/431/3480
f 2215/420/3479 2207/419/3479 2222/431/3481
f 2219/432/3482 2206/414/3460 2214/417/3483
f 2222/433/3484 2219/432/3482 2214/417/3483
f 2212/415/3485 2221/434/3471 2223/435/3486
f 2216/416/3487 2212/415/3472 2223/435/3486
f 2221/434/3960 2213/418/3478 2217/421/3489
f 2223/435/3490 2221/434/3960 2217/421/3489
f 2224/436/3491 2226/437/3491 2230/438/3491
f 2228/439/3491 2224/436/3491 2230/438/3491
f 2227/440/3492 2225/441/3492 2229/442/3492
f 2231/443/3492 2227/440/3492 2229/442/3492
f 2225/441/3919 2232/444/3494 2234/445/3495
f 2229/442/3919 2225/441/3919 2234/445/3495
f 2232/444/3496 2224/436/3497 2228/439/3497
f 2234/445/3495 2232/444/3496 2228/439/3497
f 2226/437/3498 2233/446/3499 2235/447/3500
f 2230/438/3498 2226/437/3498 2235/447/3500
f 2233/446/3499 2227/440/3501 2231/443/3501
f 2235/447/3502 2233/446/3499 2231/443/3501
f 2231/443/3503 2229/442/3503 2234/445/3503
f 2228/439/3503 2231/443/3503 2234/445/3503
f 2235/447/3503 2231/443/3503 2228/439/3503
f 2230/438/3503 2235/447/3503 2228/439/3503
f 2237/448/3468 2238/449/3468 2236/450/3468
f 2238/449/3468 2239/451/3468 2236/450/3468
f 2239/451/3468 2240/452/3468 2236/450/3468
f 2240/452/3468 2241/453/3468 2236/450/3468
f 2241/453/3468 2242/454/3468 2236/450/3468
f 2242/454/3468 2243/455/3468 2236/450/3468
f 2243/448/3468 2244/449/3468 2236/450/3468
f 2244/449/3468 2245/451/3468 2236/450/3468
f 2245/451/3468 2246/452/3468 2236/450/3468
f 2246/452/3468 2247/453/3468 2236/450/3468
f 2247/453/3468 2248/454/3468 2236/450/3468
f 2248/454/3468 2237/455/3468 2236/450/3468
f 2250/449/3503 2249/448/3503 2261/450/3503
f 2251/451/3503 2250/449/3503 2261/450/3503
f 2252/452/3503 2251/451/3503 2261/450/3503
f 2253/453/3503 2252/452/3503 2261/450/3503
f 2254/454/3503 2253/453/3503 2261/450/3503
f 2255/455/3503 2254/454/3503 2261/450/3503
f 2256/456/3503 2255/448/3503 2261/450/3503
f 2257/457/3503 2256/456/3503 2261/450/3503
f 2258/458/3503 2257/457/3503 2261/450/3503
f 2259/459/3503 2258/458/3503 2261/450/3503
f 2260/460/3503 2259/459/3503 2261/450/3503
f 2249/455/3503 2260/460/3503 2261/450/3503
f 2249/461/3920 2250/462/3505 2238/463/3506
f 2237/461/3507 2249/461/3504 2238/463/3506
f 2250/462/3505 2251/464/3508 2239/464/3509
f 2238/463/3510 2250/462/3505 2239/464/3509
f 2251/464/3979 2252/465/3512 2240/465/3513
f 2239/464/3980 2251/464/3511 2240/465/3513
f 2252/465/3515 2253/466/3516 2241/466/3981
f 2240/465/3518 2252/465/3515 2241/466/3517
f 2253/466/3982 2254/467/3520 2242/468/3521
f 2241/466/3522 2253/466/3523 2242/468/3521
f 2254/467/3524 2255/469/3525 2243/470/3526
f 2242/468/3963 2254/467/3524 2243/470/3526
f 2255/469/3527 2256/471/3531 2244/472/3529
f 2243/470/3530 2255/469/3527 2244/472/3529
f 2256/471/3531 2257/473/3532 2245/473/3533
f 2244/472/3534 2256/471/3531 2245/473/3533
f 2257/473/3535 2258/474/3536 2246/474/3537
f 2245/473/3983 2257/473/3984 2246/474/3537
f 2258/474/3536 2259/475/3923 2247/476/3985
f 2246/474/3537 2258/474/3536 2247/476/3540
f 2259/475/3541 2260/477/3542 2248/478/3543
f 2247/476/3544 2259/475/3541 2248/478/3543
f 2260/477/3546 2249/461/3547 2237/461/3548
f 2248/478/3543 2260/477/3546 2237/461/3548
f 2271/391/3385 2268/392/3386 2273/393/3387
f 2268/392/3388 2270/394/3389 2273/393/3390
f 2267/395/3391 2269/395/3392 2272/396/3393
f 2267/395/3394 2272/396/3395 2273/393/3390
f 2270/394/3389 2267/395/3394 2273/393/3390
f 2269/395/3910 2271/391/3385 2273/393/3387
f 2272/396/3397 2269/395/3396 2273/393/3387
f 2270/394/3389 2277/397/3398 2274/398/3399
f 2267/399/3394 2270/394/3389 2274/398/3400
f 2271/391/3385 2269/399/3396 2276/398/3975
f 2278/397/3402 2271/391/3385 2276/398/3403
f 2269/399/3404 2267/399/3405 2274/398/3408
f 2276/398/3407 2269/399/3912 2274/398/3406
f 2271/391/3385 2278/397/3402 2275/400/3411
f 2268/392/3410 2271/391/3385 2275/400/3411
f 2270/394/3389 2268/392/3388 2275/400/3412
f 2277/397/3413 2270/394/3389 2275/400/3414
f 2274/398/3913 2277/397/3398 2282/401/3416
f 2279/402/3415 2274/398/3415 2282/401/3416
f 2278/397/3402 2276/398/3417 2281/402/3418
f 2283/401/3419 2278/397/3402 2281/402/3418
f 2276/398/3407 2274/398/3408 2279/402/3420
f 2281/402/3421 2276/398/3407 2279/402/3420
f 2275/400/3914 2278/397/3402 2283/401/3419
f 2280/403/3423 2275/400/3411 2283/401/3419
f 2277/397/3413 2275/400/3412 2280/403/3424
f 2282/401/3449 2277/397/3413 2280/403/3424
f 2287/404/3425 2265/405/3426 2262/406/3427
f 2284/407/3427 2287/404/3425 2262/406/3427
f 2279/402/3428 2282/401/3416 2287/404/3425
f 2284/407/3958 2279/402/3430 2287/404/3425
f 2286/407/3431 2264/406/3431 2266/405/3432
f 2288/404/3433 2286/407/3976 2266/405/3432
f 2283/401/3435 2281/402/3436 2286/407/3437
f 2288/404/3433 2283/401/3435 2286/407/3438
f 2284/407/3439 2262/406/3440 2264/406/3440
f 2286/407/3439 2284/407/3441 2264/406/3440
f 2281/402/3421 2279/402/3420 2284/407/3439
f 2286/407/3439 2281/402/3421 2284/407/3439
f 2288/404/3433 2266/405/3432 2263/408/3443
f 2285/409/3444 2288/404/3433 2263/408/3445
f 2280/403/3969 2283/401/3419 2288/404/3433
f 2285/409/3446 2280/403/3423 2288/404/3915
f 2285/409/3447 2263/408/3448 2265/405/3426
f 2287/404/3425 2285/409/3447 2265/405/3426
f 2282/401/3449 2280/403/3424 2285/409/3977
f 2287/404/3425 2282/401/3449 2285/409/3450
f 2289/410/3451 2291/411/3452 2293/411/3452
f 2295/410/3451 2289/410/3451 2293/411/3452
f 2296/412/3456 2294/413/3454 2292/413/3454
f 2290/412/3453 2296/412/3453 2292/413/3454
f 2289/414/3451 2295/415/3451 2299/416/1911
f 2297/417/1911 2289/414/3451 2299/416/1911
f 2296/418/3455 2290/419/3455 2298/420/1913
f 2300/421/1913 2296/418/3456 2298/420/1913
f 2302/422/3457 2301/423/3458 2291/411/3916
f 2289/410/3460 2302/422/3482 2291/411/3459
f 2302/422/3986 2290/412/3987 2292/413/3464
f 2301/423/3465 2302/422/3917 2292/413/3467
f 2291/424/3468 2301/425/3468 2303/426/3468
f 2293/427/3468 2291/424/3468 2303/426/3468
f 2301/425/3468 2292/428/3468 2294/429/3468
f 2303/426/3468 2301/425/3468 2294/429/3468
f 2293/411/3469 2303/423/3470 2304/422/3471
f 2295/410/3472 2293/411/3473 2304/422/3471
f 2303/423/3470 2294/413/3474 2296/412/3475
f 2304/422/3960 2303/423/3918 2296/412/3961
f 2290/419/3479 2302/430/3462 2305/431/3480
f 2298/420/3479 2290/419/3479 2305/431/3988
f 2302/432/3461 2289/414/3460 2297/417/3483
f 2305/433/3484 2302/432/3482 2297/417/3483
f 2295/415/3488 2304/434/3471 2306/435/3486
f 2299/416/3487 2295/415/3485 2306/435/3486
f 2304/434/3476 2296/418/3478 2300/421/3489
f 2306/435/3490 2304/434/3476 2300/421/3489
f 2307/436/3491 2309/437/3491 2313/438/3491
f 2311/439/3491 2307/436/3491 2313/438/3491
f 2310/440/3492 2308/441/3492 2312/442/3492
f 2314/443/3492 2310/440/3492 2312/442/3492
f 2308/441/3919 2315/444/3494 2317/445/3495
f 2312/442/3919 2308/441/3919 2317/445/3495
f 2315/444/3496 2307/436/3497 2311/439/3497
f 2317/445/3495 2315/444/3496 2311/439/3497
f 2309/437/3498 2316/446/3499 2318/447/3500
f 2313/438/3498 2309/437/3498 2318/447/3500
f 2316/446/3499 2310/440/3501 2314/443/3501
f 2318/447/3502 2316/446/3499 2314/443/3501
f 2314/443/3503 2312/442/3503 2317/445/3503
f 2311/439/3503 2314/443/3503 2317/445/3503
f 2318/447/3503 2314/443/3503 2311/439/3503
f 2313/438/3503 2318/447/3503 2311/439/3503
f 2320/448/3468 2321/449/3468 2319/450/3468
f 2321/449/3468 2322/451/3468 2319/450/3468
f 2322/451/3468 2323/452/3468 2319/450/3468
f 2323/452/3468 2324/453/3468 2319/450/3468
f 2324/453/3468 2325/454/3468 2319/450/3468
f 2325/454/3468 2326/455/3468 2319/450/3468
f 2326/448/3468 2327/449/3468 2319/450/3468
f 2327/449/3468 2328/451/3468 2319/450/3468
f 2328/451/3468 2329/452/3468 2319/450/3468
f 2329/452/3468 2330/453/3468 2319/450/3468
f 2330/453/3468 2331/454/3468 2319/450/3468
f 2331/454/3468 2320/455/3468 2319/450/3468
f 2333/449/3503 2332/448/3503 2344/450/3503
f 2334/451/3503 2333/449/3503 2344/450/3503
f 2335/452/3503 2334/451/3503 2344/450/3503
f 2336/453/3503 2335/452/3503 2344/450/3503
f 2337/454/3503 2336/453/3503 2344/450/3503
f 2338/455/3503 2337/454/3503 2344/450/3503
f 2339/456/3503 2338/448/3503 2344/450/3503
f 2340/457/3503 2339/456/3503 2344/450/3503
f 2341/458/3503 2340/457/3503 2344/450/3503
f 2342/459/3503 2341/458/3503 2344/450/3503
f 2343/460/3503 2342/459/3503 2344/450/3503
f 2332/455/3503 2343/460/3503 2344/450/3503
f 2332/461/3504 2333/462/3505 2321/463/3506
f 2320/461/3507 2332/461/3504 2321/463/3506
f 2333/462/3505 2334/464/3508 2322/464/3509
f 2321/463/3510 2333/462/3921 2322/464/3509
f 2334/464/3979 2335/465/3512 2323/465/3513
f 2322/464/3980 2334/464/3511 2323/465/3989
f 2335/465/3990 2336/466/3516 2324/466/3517
f 2323/465/3518 2335/465/3515 2324/466/3981
f 2336/466/3519 2337/467/3520 2325/468/3991
f 2324/466/3522 2336/466/3523 2325/468/3521
f 2337/467/3524 2338/469/3525 2326/470/3526
f 2325/468/3521 2337/467/3524 2326/470/3526
f 2338/469/3527 2339/471/3531 2327/472/3529
f 2326/470/3530 2338/469/3527 2327/472/3529
f 2339/471/3531 2340/473/3532 2328/473/3533
f 2327/472/3534 2339/471/3531 2328/473/3533
f 2340/473/3535 2341/474/3536 2329/474/3537
f 2328/473/3538 2340/473/3535 2329/474/3537
f 2341/474/3536 2342/475/3923 2330/476/3985
f 2329/474/3537 2341/474/3536 2330/476/3540
f 2342/475/3541 2343/477/3542 2331/478/3543
f 2330/476/3544 2342/475/3541 2331/478/3545
f 2343/477/3546 2332/461/3547 2320/461/3924
f 2331/478/3543 2343/477/3546 2320/461/3924
f 2354/391/3992 2351/392/3993 2356/393/3994
f 2351/392/3995 2353/394/3996 2356/393/3997
f 2350/395/3998 2352/395/3999 2355/396/4000
f 2350/395/4001 2355/396/4002 2356/393/3997
f 2353/394/3996 2350/395/4001 2356/393/3997
f 2352/395/4003 2354/391/4004 2356/393/3994
f 2355/396/4005 2352/395/4003 2356/393/3994
f 2353/394/3996 2360/397/4006 2357/398/4007
f 2350/399/4001 2353/394/3996 2357/398/4008
f 2354/391/4009 2352/399/4010 2359/398/4011
f 2361/397/4012 2354/391/4009 2359/398/4013
f 2352/399/3999 2350/399/4014 2357/398/4015
f 2359/398/4016 2352/399/4017 2357/398/4015
f 2354/391/4009 2361/397/4018 2358/400/4019
f 2351/392/3993 2354/391/4009 2358/400/4019
f 2353/394/3996 2351/392/3995 2358/400/4020
f 2360/397/4006 2353/394/3996 2358/400/4021
f 2357/398/4022 2360/397/4006 2365/401/4023
f 2362/402/4024 2357/398/4024 2365/401/4023
f 2361/397/4018 2359/398/4025 2364/402/4026
f 2366/401/4027 2361/397/4012 2364/402/4026
f 2359/398/4028 2357/398/4029 2362/402/4030
f 2364/402/4031 2359/398/4032 2362/402/4033
f 2358/400/4034 2361/397/4018 2366/401/4027
f 2363/403/4035 2358/400/4019 2366/401/4027
f 2360/397/4006 2358/400/4021 2363/403/4036
f 2365/401/4023 2360/397/4006 2363/403/4036
f 2370/404/4037 2348/405/4038 2345/406/4039
f 2367/407/4039 2370/404/4037 2345/406/4039
f 2362/402/4040 2365/401/4023 2370/404/4037
f 2367/407/4041 2362/402/4040 2370/404/4037
f 2369/407/4042 2347/406/4042 2349/405/4043
f 2371/404/4044 2369/407/4045 2349/405/4043
f 2366/401/4046 2364/402/4047 2369/407/4048
f 2371/404/4044 2366/401/4046 2369/407/4048
f 2367/407/4049 2345/406/4050 2347/406/4050
f 2369/407/4051 2367/407/4052 2347/406/4050
f 2364/402/4053 2362/402/4033 2367/407/4054
f 2369/407/4055 2364/402/4056 2367/407/4051
f 2371/404/4044 2349/405/4043 2346/408/4057
f 2368/409/4058 2371/404/4044 2346/408/4057
f 2363/403/4035 2366/401/4027 2371/404/4044
f 2368/409/4058 2363/403/4035 2371/404/4044
f 2368/409/4059 2346/408/4060 2348/405/4038
f 2370/404/4037 2368/409/4059 2348/405/4061
f 2365/401/4062 2363/403/4063 2368/409/4059
f 2370/404/4037 2365/401/4062 2368/409/4059
f 2372/410/4064 2374/411/4065 2376/411/4065
f 2378/410/4064 2372/410/4064 2376/411/4065
f 2379/412/4066 2377/413/4067 2375/413/4067
f 2373/412/4066 2379/412/4066 2375/413/4067
f 2372/414/4064 2378/415/4064 2382/416/4068
f 2380/417/4068 2372/414/4064 2382/416/4068
f 2379/418/4069 2373/419/4069 2381/420/4070
f 2383/421/4070 2379/418/4066 2381/420/4070
f 2385/422/4071 2384/423/4072 2374/411/4073
f 2372/410/4074 2385/422/4071 2374/411/4075
f 2385/422/4076 2373/412/4077 2375/413/4078
f 2384/423/4079 2385/422/4076 2375/413/4078
f 2374/424/4080 2384/425/4080 2386/426/4080
f 2376/427/4080 2374/424/4080 2386/426/4080
f 2384/425/4080 2375/428/4080 2377/429/4080
f 2386/426/4080 2384/425/4080 2377/429/4080
f 2376/411/4081 2386/423/4082 2387/422/4083
f 2378/410/4084 2376/411/4085 2387/422/4086
f 2386/423/4087 2377/413/4088 2379/412/4089
f 2387/422/4090 2386/423/4087 2379/412/4091
f 2373/419/4092 2385/430/4076 2388/431/4093
f 2381/420/4092 2373/419/4092 2388/431/4094
f 2385/432/4071 2372/414/4074 2380/417/4095
f 2388/433/4096 2385/432/4071 2380/417/4095
f 2378/415/4097 2387/434/4086 2389/435/4098
f 2382/416/4099 2378/415/4097 2389/435/4098
f 2387/434/4090 2379/418/4091 2383/421/4100
f 2389/435/4101 2387/434/4090 2383/421/4100
f 2390/436/4102 2392/437/4102 2396/438/4102
f 2394/439/4102 2390/436/4102 2396/438/4102
f 2393/440/4103 2391/441/4103 2395/442/4103
f 2397/443/4104 2393/440/4104 2395/442/4104
f 2391/441/4105 2398/444/4106 2400/445/4107
f 2395/442/4105 2391/441/4105 2400/445/4107
f 2398/444/4108 2390/436/4109 2394/439/4109
f 2400/445/4107 2398/444/4108 2394/439/4109
f 2392/437/4110 2399/446/4111 2401/447/4112
f 2396/438/4110 2392/437/4110 2401/447/4112
f 2399/446/4113 2393/440/4114 2397/443/4114
f 2401/447/4115 2399/446/4113 2397/443/4114
f 2397/443/4116 2395/442/4116 2400/445/4116
f 2394/439/4117 2397/443/4117 2400/445/4117
f 2401/447/4117 2397/443/4117 2394/439/4117
f 2396/438/4117 2401/447/4117 2394/439/4117
f 2403/448/4080 2404/449/4080 2402/450/4080
f 2404/449/4080 2405/451/4080 2402/450/4080
f 2405/451/4080 2406/452/4080 2402/450/4080
f 2406/452/4080 2407/453/4080 2402/450/4080
f 2407/453/4080 2408/454/4080 2402/450/4080
f 2408/454/4080 2409/455/4080 2402/450/4080
f 2409/448/4080 2410/449/4080 2402/450/4080
f 2410/449/4080 2411/451/4080 2402/450/4080
f 2411/451/4080 2412/452/4080 2402/450/4080
f 2412/452/4080 2413/453/4080 2402/450/4080
f 2413/453/4080 2414/454/4080 2402/450/4080
f 2414/454/4080 2403/455/4080 2402/450/4080
f 2416/449/4117 2415/448/4117 2427/450/4117
f 2417/451/4117 2416/449/4117 2427/450/4117
f 2418/452/4117 2417/451/4117 2427/450/4117
f 2419/453/4117 2418/452/4117 2427/450/4117
f 2420/454/4116 2419/453/4116 2427/450/4116
f 2421/455/4117 2420/454/4117 2427/450/4117
f 2422/456/4117 2421/448/4117 2427/450/4117
f 2423/457/4117 2422/456/4117 2427/450/4117
f 2424/458/4117 2423/457/4117 2427/450/4117
f 2425/459/4117 2424/458/4117 2427/450/4117
f 2426/460/4117 2425/459/4117 2427/450/4117
f 2415/455/4117 2426/460/4117 2427/450/4117
f 2415/461/4118 2416/462/4119 2404/463/4120
f 2403/461/4121 2415/461/4118 2404/463/4122
f 2416/462/4123 2417/464/4124 2405/464/4125
f 2404/463/4126 2416/462/4127 2405/464/4128
f 2417/464/4129 2418/465/4130 2406/465/4131
f 2405/464/4132 2417/464/4129 2406/465/4131
f 2418/465/4133 2419/466/4134 2407/466/4135
f 2406/465/4136 2418/465/4137 2407/466/4138
f 2419/466/4139 2420/467/4140 2408/468/4141
f 2407/466/4138 2419/466/4142 2408/468/4143
f 2420/467/4144 2421/469/4145 2409/470/4146
f 2408/468/4147 2420/467/4148 2409/470/4149
f 2421/469/4150 2422/471/4151 2410/472/4152
f 2409/470/4153 2421/469/4150 2410/472/4152
f 2422/471/4154 2423/473/4155 2411/473/4156
f 2410/472/4157 2422/471/4158 2411/473/4156
f 2423/473/4159 2424/474/4160 2412/474/4161
f 2411/473/4162 2423/473/4159 2412/474/4161
f 2424/474/4163 2425/475/4164 2413/476/4165
f 2412/474/4166 2424/474/4167 2413/476/4168
f 2425/475/4169 2426/477/4170 2414/478/4171
f 2413/476/4172 2425/475/4169 2414/478/4171
f 2426/477/4173 2415/461/4174 2403/461/4175
f 2414/478/4171 2426/477/4176 2403/461/4175
f 2437/391/4177 2434/392/4178 2439/393/4179
f 2434/392/4180 2436/394/4181 2439/393/4182
f 2433/395/4183 2435/395/4184 2438/396/4185
f 2433/395/4186 2438/396/4187 2439/393/4182
f 2436/394/4181 2433/395/4186 2439/393/4182
f 2435/395/4188 2437/391/4177 2439/393/4179
f 2438/396/4189 2435/395/4188 2439/393/4179
f 2436/394/4181 2443/397/4190 2440/398/4191
f 2433/399/4192 2436/394/4181 2440/398/4193
f 2437/391/4194 2435/399/4188 2442/398/4195
f 2444/397/4196 2437/391/4197 2442/398/4198
f 2435/399/4199 2433/399/4183 2440/398/4200
f 2442/398/4201 2435/399/4202 2440/398/4200
f 2437/391/4197 2444/397/4203 2441/400/4204
f 2434/392/4178 2437/391/4197 2441/400/4204
f 2436/394/4181 2434/392/4180 2441/400/4205
f 2443/397/4190 2436/394/4181 2441/400/4205
f 2440/398/4206 2443/397/4190 2448/401/4207
f 2445/402/4208 2440/398/4208 2448/401/4207
f 2444/397/4209 2442/398/4210 2447/402/4211
f 2449/401/4212 2444/397/4196 2447/402/4211
f 2442/398/4201 2440/398/4200 2445/402/4213
f 2447/402/4214 2442/398/4201 2445/402/4215
f 2441/400/4204 2444/397/4203 2449/401/4212
f 2446/403/4216 2441/400/4204 2449/401/4212
f 2443/397/4190 2441/400/4205 2446/403/4217
f 2448/401/4218 2443/397/4190 2446/403/4217
f 2453/404/4219 2431/405/4220 2428/406/4221
f 2450/407/4221 2453/404/4219 2428/406/4221
f 2445/402/4222 2448/401/4218 2453/404/4219
f 2450/407/4223 2445/402/4224 2453/404/4219
f 2452/407/4225 2430/406/4225 2432/405/4226
f 2454/404/4227 2452/407/4225 2432/405/4226
f 2449/401/4228 2447/402/4229 2452/407/4230
f 2454/404/4227 2449/401/4228 2452/407/4231
f 2450/407/4232 2428/406/4233 2430/406/4233
f 2452/407/4232 2450/407/4234 2430/406/4235
f 2447/402/4214 2445/402/4236 2450/407/4232
f 2452/407/4232 2447/402/4214 2450/407/4232
f 2454/404/4227 2432/405/4226 2429/408/4237
f 2451/409/4238 2454/404/4227 2429/408/4239
f 2446/403/4216 2449/401/4240 2454/404/4227
f 2451/409/4241 2446/403/4242 2454/404/4227
f 2451/409/4243 2429/408/4244 2431/405/4245
f 2453/404/4219 2451/409/4243 2431/405/4246
f 2448/401/4218 2446/403/4247 2451/409/4243
f 2453/404/4248 2448/401/4218 2451/409/4243
f 2455/410/4249 2457/411/4250 2459/411/4250
f 2461/410/4249 2455/410/4249 2459/411/4250
f 2462/412/4251 2460/413/4252 2458/413/4252
f 2456/412/4253 2462/412/4253 2458/413/4254
f 2455/414/4249 2461/415/4249 2465/416/4255
f 2463/417/4255 2455/414/4249 2465/416/4255
f 2462/418/4251 2456/419/4251 2464/420/4256
f 2466/421/4256 2462/418/4251 2464/420/4256
f 2468/422/4257 2467/423/4258 2457/411/4259
f 2455/410/4260 2468/422/4261 2457/411/4259
f 2468/422/4262 2456/412/4263 2458/413/4264
f 2467/423/4265 2468/422/4262 2458/413/4264
f 2457/424/4266 2467/425/4266 2469/426/4266
f 2459/427/4266 2457/424/4266 2469/426/4266
f 2467/425/4266 2458/428/4266 2460/429/4266
f 2469/426/4266 2467/425/4266 2460/429/4266
f 2459/411/4267 2469/423/4268 2470/422/4269
f 2461/410/4270 2459/411/4267 2470/422/4269
f 2469/423/4271 2460/413/4272 2462/412/4273
f 2470/422/4274 2469/423/4271 2462/412/4275
f 2456/419/4276 2468/430/4262 2471/431/4277
f 2464/420/4276 2456/419/4276 2471/431/4278
f 2468/432/4221 2455/414/4279 2463/417/4280
f 2471/433/4281 2468/432/4261 2463/417/4280
f 2461/415/4282 2470/434/4269 2472/435/4283
f 2465/416/4284 2461/415/4285 2472/435/4283
f 2470/434/4286 2462/418/4275 2466/421/4287
f 2472/435/4288 2470/434/4274 2466/421/4287
f 2473/436/4289 2475/437/4289 2479/438/4289
f 2477/439/4290 2473/436/4290 2479/438/4290
f 2476/440/4291 2474/441/4291 2478/442/4291
f 2480/443/4291 2476/440/4291 2478/442/4291
f 2474/441/4292 2481/444/4293 2483/445/4294
f 2478/442/4292 2474/441/4292 2483/445/4294
f 2481/444/4295 2473/436/4296 2477/439/4296
f 2483/445/4294 2481/444/4295 2477/439/4296
f 2475/437/4297 2482/446/4298 2484/447/4299
f 2479/438/4297 2475/437/4297 2484/447/4299
f 2482/446/4298 2476/440/4300 2480/443/4300
f 2484/447/4299 2482/446/4298 2480/443/4300
f 2480/443/4301 2478/442/4301 2483/445/4301
f 2477/439/4301 2480/443/4301 2483/445/4301
f 2484/447/4301 2480/443/4301 2477/439/4301
f 2479/438/4301 2484/447/4301 2477/439/4301
f 2486/448/4266 2487/449/4266 2485/450/4266
f 2487/449/4266 2488/451/4266 2485/450/4266
f 2488/451/4266 2489/452/4266 2485/450/4266
f 2489/452/4266 2490/453/4266 2485/450/4266
f 2490/453/4266 2491/454/4266 2485/450/4266
f 2491/454/4266 2492/455/4266 2485/450/4266
f 2492/448/4266 2493/449/4266 2485/450/4266
f 2493/449/4266 2494/451/4266 2485/450/4266
f 2494/451/4266 2495/452/4266 2485/450/4266
f 2495/452/4266 2496/453/4266 2485/450/4266
f 2496/453/4266 2497/454/4266 2485/450/4266
f 2497/454/4266 2486/455/4266 2485/450/4266
f 2499/449/4301 2498/448/4301 2510/450/4301
f 2500/451/4301 2499/449/4301 2510/450/4301
f 2501/452/4301 2500/451/4301 2510/450/4301
f 2502/453/4301 2501/452/4301 2510/450/4301
f 2503/454/4301 2502/453/4301 2510/450/4301
f 2504/455/4301 2503/454/4301 2510/450/4301
f 2505/456/4301 2504/448/4301 2510/450/4301
f 2506/457/4301 2505/456/4301 2510/450/4301
f 2507/458/4301 2506/457/4301 2510/450/4301
f 2508/459/4301 2507/458/4301 2510/450/4301
f 2509/460/4301 2508/459/4301 2510/450/4301
f 2498/455/4301 2509/460/4301 2510/450/4301
f 2498/461/4302 2499/462/4303 2487/463/4304
f 2486/461/4305 2498/461/4302 2487/463/4306
f 2499/462/4307 2500/464/4308 2488/464/4309
f 2487/463/4304 2499/462/4307 2488/464/4310
f 2500/464/4311 2501/465/4312 2489/465/4313
f 2488/464/4314 2500/464/4315 2489/465/4316
f 2501/465/4317 2502/466/4318 2490/466/4319
f 2489/465/4320 2501/465/4321 2490/466/4319
f 2502/466/4322 2503/467/4323 2491/468/4324
f 2490/466/4325 2502/466/4326 2491/468/4324
f 2503/467/4323 2504/469/4327 2492/470/4328
f 2491/468/4329 2503/467/4330 2492/470/4331
f 2504/469/4332 2505/471/4333 2493/472/4334
f 2492/470/4335 2504/469/4332 2493/472/4334
f 2505/471/4336 2506/473/4337 2494/473/4338
f 2493/472/4334 2505/471/4339 2494/473/4340
f 2506/473/4341 2507/474/4342 2495/474/4343
f 2494/473/4344 2506/473/4341 2495/474/4345
f 2507/474/4342 2508/475/4346 2496/476/4347
f 2495/474/4348 2507/474/4349 2496/476/4347
f 2508/475/4350 2509/477/4351 2497/478/4352
f 2496/476/4353 2508/475/4354 2497/478/4352
f 2509/477/4355 2498/461/4356 2486/461/4357
f 2497/478/4358 2509/477/4351 2486/461/4357
s 1
usemtl mat1.072
f 1464/380/4359 1459/381/4359 1457/382/4360
f 1459/381/4361 1468/383/4362 1457/382/4363
f 1469/384/4364 1461/385/4365 1457/382/4363
f 1461/385/4366 1465/386/4366 1457/382/4367
f 1462/382/4368 1459/381/4369 1464/380/4369
f 1462/382/4370 1468/383/4371 1459/381/4372
f 1462/382/4370 1461/385/4373 1469/384/4374
f 1462/382/4375 1465/386/4376 1461/385/4376
f 1463/387/4377 1458/388/4378 1464/380/4379
f 1465/386/4380 1458/388/4381 1463/387/4382
f 1464/380/4383 1458/388/4384 1466/387/4385
f 1466/387/4386 1458/388/4387 1465/386/4388
f 1457/382/4389 1463/387/4377 1464/380/4379
f 1464/380/4383 1466/387/4385 1462/382/4390
f 1465/386/4380 1463/387/4382 1457/382/4391
f 1462/382/4370 1466/387/4386 1465/386/4388
f 1468/383/4362 1460/389/4392 1467/390/4393
f 1467/390/4394 1460/389/4395 1469/384/4364
f 1470/390/4396 1460/389/4397 1468/383/4371
f 1469/384/4374 1460/389/4398 1470/390/4399
f 1468/383/4362 1467/390/4393 1457/382/4363
f 1462/382/4370 1470/390/4396 1468/383/4371
f 1457/382/4363 1467/390/4394 1469/384/4364
f 1469/384/4374 1470/390/4399 1462/382/4370
usemtl mat1.073
f 1478/380/4400 1473/381/4400 1471/382/4401
f 1473/381/4402 1482/383/4403 1471/382/4404
f 1483/384/4405 1475/385/4406 1471/382/4407
f 1475/385/4408 1479/386/4408 1471/382/4409
f 1476/382/4410 1473/381/4411 1478/380/4411
f 1476/382/4412 1482/383/4413 1473/381/4414
f 1476/382/4415 1475/385/4416 1483/384/4417
f 1476/382/4418 1479/386/4419 1475/385/4419
f 1477/387/4420 1472/388/4421 1478/380/4422
f 1479/386/4423 1472/388/4424 1477/387/4425
f 1478/380/4426 1472/388/4427 1480/387/4428
f 1480/387/4429 1472/388/4430 1479/386/4431
f 1471/382/4404 1477/387/4420 1478/380/4422
f 1478/380/4426 1480/387/4428 1476/382/4432
f 1479/386/4423 1477/387/4425 1471/382/4433
f 1476/382/4434 1480/387/4429 1479/386/4431
f 1482/383/4403 1474/389/4435 1481/390/4436
f 1481/390/4437 1474/389/4438 1483/384/4405
f 1484/390/4439 1474/389/4440 1482/383/4413
f 1483/384/4417 1474/389/4441 1484/390/4442
f 1482/383/4403 1481/390/4436 1471/382/4404
f 1476/382/4412 1484/390/4439 1482/383/4413
f 1471/382/4407 1481/390/4437 1483/384/4405
f 1483/384/4417 1484/390/4442 1476/382/4415
usemtl mat1.074
f 1492/380/4443 1487/381/4443 1485/382/4444
f 1487/381/4445 1496/383/4446 1485/382/4447
f 1497/384/4448 1489/385/4449 1485/382/4447
f 1489/385/4450 1493/386/4450 1485/382/4451
f 1490/382/4452 1487/381/4453 1492/380/4453
f 1490/382/4454 1496/383/4455 1487/381/4456
f 1490/382/4454 1489/385/4457 1497/384/4458
f 1490/382/4459 1493/386/4460 1489/385/4460
f 1491/387/4461 1486/388/4462 1492/380/4463
f 1493/386/4464 1486/388/4465 1491/387/4466
f 1492/380/4467 1486/388/4468 1494/387/4469
f 1494/387/4470 1486/388/4471 1493/386/4472
f 1485/382/4447 1491/387/4461 1492/380/4463
f 1492/380/4467 1494/387/4469 1490/382/4473
f 1493/386/4464 1491/387/4466 1485/382/4474
f 1490/382/4475 1494/387/4470 1493/386/4472
f 1496/383/4446 1488/389/4476 1495/390/4477
f 1495/390/4478 1488/389/4479 1497/384/4448
f 1498/390/4480 1488/389/4481 1496/383/4455
f 1497/384/4458 1488/389/4482 1498/390/4483
f 1496/383/4446 1495/390/4477 1485/382/4447
f 1490/382/4454 1498/390/4480 1496/383/4455
f 1485/382/4447 1495/390/4478 1497/384/4448
f 1497/384/4458 1498/390/4483 1490/382/4454
usemtl mat1.075
f 1506/380/4484 1501/381/4484 1499/382/4485
f 1501/381/4486 1510/383/4487 1499/382/4488
f 1511/384/4489 1503/385/4490 1499/382/4488
f 1503/385/4491 1507/386/4491 1499/382/4492
f 1504/382/4493 1501/381/4494 1506/380/4494
f 1504/382/4495 1510/383/4496 1501/381/4497
f 1504/382/4498 1503/385/4499 1511/384/4500
f 1504/382/4501 1507/386/4502 1503/385/4502
f 1505/387/4503 1500/388/4504 1506/380/4505
f 1507/386/4506 1500/388/4507 1505/387/4508
f 1506/380/4509 1500/388/4510 1508/387/4511
f 1508/387/4512 1500/388/4513 1507/386/4514
f 1499/382/4515 1505/387/4503 1506/380/4505
f 1506/380/4509 1508/387/4511 1504/382/4516
f 1507/386/4506 1505/387/4508 1499/382/4517
f 1504/382/4518 1508/387/4512 1507/386/4514
f 1510/383/4487 1502/389/4519 1509/390/4520
f 1509/390/4521 1502/389/4522 1511/384/4489
f 1512/390/4523 1502/389/4524 1510/383/4496
f 1511/384/4500 1502/389/4525 1512/390/4526
f 1510/383/4487 1509/390/4520 1499/382/4488
f 1504/382/4495 1512/390/4523 1510/383/4496
f 1499/382/4488 1509/390/4521 1511/384/4489
f 1511/384/4500 1512/390/4526 1504/382/4498
usemtl mat1.076
f 1520/380/4527 1515/381/4527 1513/382/4528
f 1515/381/4529 1524/383/4530 1513/382/4531
f 1525/384/4532 1517/385/4533 1513/382/4531
f 1517/385/4534 1521/386/4534 1513/382/4535
f 1518/382/4536 1515/381/4537 1520/380/4537
f 1518/382/4538 1524/383/4539 1515/381/4540
f 1518/382/4541 1517/385/4542 1525/384/4543
f 1518/382/4544 1521/386/4545 1517/385/4545
f 1519/387/4546 1514/388/4547 1520/380/4548
f 1521/386/4549 1514/388/4550 1519/387/4551
f 1520/380/4552 1514/388/4553 1522/387/4554
f 1522/387/4555 1514/388/4556 1521/386/4557
f 1513/382/4558 1519/387/4546 1520/380/4548
f 1520/380/4552 1522/387/4554 1518/382/4559
f 1521/386/4549 1519/387/4551 1513/382/4560
f 1518/382/4561 1522/387/4555 1521/386/4557
f 1524/383/4530 1516/389/4562 1523/390/4563
f 1523/390/4564 1516/389/4565 1525/384/4532
f 1526/390/4566 1516/389/4567 1524/383/4539
f 1525/384/4543 1516/389/4568 1526/390/4569
f 1524/383/4530 1523/390/4563 1513/382/4531
f 1518/382/4538 1526/390/4566 1524/383/4539
f 1513/382/4531 1523/390/4564 1525/384/4532
f 1525/384/4543 1526/390/4569 1518/382/4541
usemtl mat1.077
f 1534/380/4570 1529/381/4570 1527/382/4571
f 1529/381/4572 1538/383/4573 1527/382/4574
f 1539/384/4575 1531/385/4576 1527/382/4577
f 1531/385/4578 1535/386/4578 1527/382/4579
f 1532/382/4580 1529/381/4581 1534/380/4581
f 1532/382/4582 1538/383/4583 1529/381/4584
f 1532/382/4585 1531/385/4586 1539/384/4587
f 1532/382/4588 1535/386/4589 1531/385/4589
f 1533/387/4590 1528/388/4591 1534/380/4592
f 1535/386/4593 1528/388/4594 1533/387/4595
f 1534/380/4596 1528/388/4597 1536/387/4598
f 1536/387/4599 1528/388/4600 1535/386/4601
f 1527/382/4602 1533/387/4590 1534/380/4592
f 1534/380/4596 1536/387/4598 1532/382/4603
f 1535/386/4593 1533/387/4595 1527/382/4574
f 1532/382/4604 1536/387/4599 1535/386/4601
f 1538/383/4573 1530/389/4605 1537/390/4606
f 1537/390/4607 1530/389/4608 1539/384/4575
f 1540/390/4609 1530/389/4610 1538/383/4583
f 1539/384/4587 1530/389/4611 1540/390/4612
f 1538/383/4573 1537/390/4606 1527/382/4574
f 1532/382/4582 1540/390/4609 1538/383/4583
f 1527/382/4577 1537/390/4607 1539/384/4575
f 1539/384/4587 1540/390/4612 1532/382/4585
usemtl mat1.078
f 1548/380/4613 1543/381/4613 1541/382/4614
f 1543/381/4615 1552/383/4616 1541/382/4617
f 1553/384/4618 1545/385/4619 1541/382/4620
f 1545/385/4621 1549/386/4621 1541/382/4622
f 1546/382/4623 1543/381/4624 1548/380/4624
f 1546/382/4625 1552/383/4626 1543/381/4627
f 1546/382/4628 1545/385/4629 1553/384/4630
f 1546/382/4631 1549/386/4632 1545/385/4632
f 1547/387/4633 1542/388/4634 1548/380/4635
f 1549/386/4636 1542/388/4637 1547/387/4638
f 1548/380/4639 1542/388/4640 1550/387/4641
f 1550/387/4642 1542/388/4643 1549/386/4644
f 1541/382/4645 1547/387/4633 1548/380/4635
f 1548/380/4639 1550/387/4641 1546/382/4646
f 1549/386/4636 1547/387/4638 1541/382/4647
f 1546/382/4648 1550/387/4642 1549/386/4644
f 1552/383/4616 1544/389/4649 1551/390/4650
f 1551/390/4651 1544/389/4652 1553/384/4618
f 1554/390/4653 1544/389/4654 1552/383/4626
f 1553/384/4630 1544/389/4655 1554/390/4656
f 1552/383/4616 1551/390/4650 1541/382/4617
f 1546/382/4625 1554/390/4653 1552/383/4626
f 1541/382/4620 1551/390/4651 1553/384/4618
f 1553/384/4630 1554/390/4656 1546/382/4628
o item_blade
v 0.000000 70.710701 -0.000005
v 70.710701 0.000000 0.000000
v -70.710701 0.000000 0.000000
v 0.000000 -70.710602 0.000005
v 0.000000 55.656200 3.999996
v 55.656200 0.000000 4.000000
v -55.656101 0.000000 4.000000
v 0.000000 -55.656101 4.000004
v 0.000000 70.710701 -0.000005
v 70.710701 0.000000 0.000000
v -70.710701 0.000000 0.000000
v 0.000000 -70.710602 0.000005
v 0.000000 55.656200 -4.000004
v 55.656200 -0.000000 -4.000000
v -55.656101 -0.000000 -4.000000
v 0.000000 -55.656101 -3.999996
v 60.009453 56.494354 15.982099
v 57.226006 59.213215 16.178732
v 60.009453 56.494354 16.375364
v 58.617970 57.854088 15.946889
v 58.617970 57.854088 16.410572
v -98.610458 -117.858307 15.982099
v -100.354279 -113.852219 16.178732
v -98.610458 -117.858307 16.375366
v -97.636276 -113.520676 15.946891
v -97.636276 -113.520676 16.410572
v -102.282516 -122.099075 16.178732
v -102.167603 -118.787720 16.178732
v -61.557819 -74.744995 15.982099
v -64.906876 -72.640915 16.178732
v -61.557819 -74.744995 16.375364
v -63.232189 -73.692917 15.946890
v -63.232189 -73.692917 16.410572
v -25.960331 -34.750072 15.982099
v -29.139912 -32.453770 16.178730
v -25.960331 -34.750072 16.375364
v -27.550098 -33.601604 15.946890
v -27.550098 -33.601604 16.410572
v 12.949169 7.477663 15.982098
v 9.955944 9.976632 16.178732
v 12.949169 7.477663 16.375364
v 11.452831 8.727338 15.946889
v 11.452831 8.727338 16.410572
v 59.539200 58.913750 20.306881
v 61.655506 56.850197 19.753828
v 63.204750 55.339573 18.242826
v 63.771812 54.786644 16.178732
v 63.204750 55.339573 14.114637
v 61.655506 56.850197 12.603635
v 59.539200 58.913750 12.050582
v 57.422894 60.977303 12.603634
v 55.873650 62.487923 14.114635
v 55.306587 63.040855 16.178730
v 55.873650 62.487923 18.242785
v 57.422890 60.977303 19.753826
v 59.539200 58.913750 16.178732
v 60.807106 60.214066 16.178732
v 60.807102 60.214066 20.306881
v 62.923409 58.150513 19.753828
v 64.472656 56.639893 18.242826
v 65.039719 56.086960 16.178732
v 64.472656 56.639889 14.114637
v 62.923409 58.150513 12.603635
v 60.807106 60.214066 12.050582
v 58.690796 62.277618 12.603634
v 57.141556 63.788242 14.114635
v 56.574490 64.341171 16.178728
v 57.141556 63.788242 18.242783
v 58.690796 62.277618 19.753828
v 60.807102 60.214066 20.306881
v 62.923409 58.150513 19.753828
v 64.472656 56.639893 18.242826
v 65.039719 56.086960 16.178732
v 64.472656 56.639889 14.114637
v 62.923409 58.150513 12.603635
v 60.807106 60.214066 12.050582
v 58.690796 62.277618 12.603634
v 57.141556 63.788242 14.114635
v 56.574490 64.341171 16.178728
v 57.141556 63.788242 18.242783
v 58.690796 62.277618 19.753828
v 59.539200 58.913750 20.306881
v 61.655506 56.850197 19.753828
v 63.204750 55.339573 18.242826
v 63.771812 54.786644 16.178732
v 63.204750 55.339573 14.114637
v 61.655506 56.850197 12.603635
v 59.539200 58.913750 12.050582
v 57.422894 60.977303 12.603634
v 55.873650 62.487923 14.114635
v 55.306587 63.040855 16.178730
v 55.873650 62.487923 18.242785
v 57.422890 60.977303 19.753826
v 63.275623 59.368259 15.728682
v 60.073784 62.490280 15.882736
v 63.275623 59.368259 16.628782
v 60.073784 62.490280 16.474724
v 57.662025 53.571217 15.728682
v 54.460190 56.693241 15.882737
v 57.662025 53.571217 16.628780
v 54.460190 56.693241 16.474724
v 61.584862 61.016872 15.648193
v 61.584862 61.016872 16.709269
v 55.971268 55.219830 15.648193
v 55.971268 55.219830 16.709269
v 64.395439 59.903954 15.251202
v 60.693367 63.513741 15.251202
v 113.614426 111.110260 15.251202
v 110.349167 114.294144 15.251202
v 113.614426 111.110260 17.106260
v 110.349167 114.294144 17.106258
v 64.395439 59.903954 17.106260
v 60.693367 63.513741 17.106258
v 62.674965 58.139492 15.251202
v 58.972893 61.749279 15.251202
v 62.674965 58.139492 17.106260
v 58.972893 61.749279 17.106260
v 111.981796 112.702194 14.718454
v 62.392452 61.857010 14.718454
v 111.981796 112.702194 17.639008
v 62.392452 61.857010 17.639008
v 60.671974 60.092552 14.718454
v 60.671974 60.092552 17.639008
v -39.476067 29.329128 7.282955
v -42.169506 26.257633 7.458779
v -39.476067 29.329128 7.634605
v -40.823006 27.793472 7.251472
v -40.823006 27.793472 7.666087
v 94.032936 -64.634583 7.282957
v 90.512856 -67.265945 7.458781
v 94.032936 -64.634583 7.634607
v 90.460976 -64.938286 7.251473
v 90.460976 -64.938286 7.666088
v 97.297600 -66.756241 7.458782
v 94.518181 -67.547226 7.458781
v 60.819725 -43.313171 7.282956
v 58.767349 -46.859001 7.458780
v 60.819725 -43.313171 7.634606
v 59.793510 -45.085960 7.251473
v 59.793510 -45.085960 7.666088
v 30.111290 -22.444672 7.282955
v 27.911201 -25.891655 7.458780
v 30.111290 -22.444672 7.634606
v 29.010986 -24.168228 7.251472
v 29.010986 -24.168228 7.666088
v -2.200691 0.766900 7.282955
v -4.555889 -2.569023 7.458779
v -2.200691 0.766900 7.634605
v -3.378429 -0.900871 7.251472
v -3.378429 -0.900871 7.666087
v -56.611797 41.778976 7.282955
v -58.954830 39.197880 7.458779
v -56.611797 41.778976 7.634605
v -57.783554 40.488544 7.251472
v -57.783554 40.488544 7.666087
v 91.937111 -65.602303 7.282956
v 88.692970 -67.653923 7.458781
v 91.937111 -65.602303 7.634606
v 88.333672 -65.422379 7.251473
v 88.333672 -65.422379 7.666088
v 95.546394 -68.059845 7.458782
v 92.815437 -68.449959 7.458781
v 55.252777 -40.852119 7.282955
v 53.626083 -43.970963 7.458780
v 55.252777 -40.852119 7.634606
v 54.439400 -42.411423 7.251473
v 54.439400 -42.411423 7.666088
v 21.182961 -16.864532 7.282955
v 19.392586 -19.869446 7.458780
v 21.182961 -16.864532 7.634605
v 20.287529 -18.367023 7.251472
v 20.287529 -18.367023 7.666088
v -14.830898 9.573556 7.282955
v -16.794117 6.695210 7.458779
v -14.830898 9.573556 7.634604
v -15.812675 8.134583 7.251472
v -15.812675 8.134583 7.666087
v -60.050072 42.169807 7.458780
v -62.645584 38.864761 7.458778
v -62.520439 39.024120 8.844697
v -61.929531 39.776558 9.956134
v -60.720837 41.315674 10.572894
v -59.379284 43.023964 10.572896
v -58.170589 44.563080 9.956135
v -57.579704 45.315495 8.844699
v -57.454536 45.474876 7.458781
v -57.579704 45.315495 6.072862
v -58.170589 44.563080 4.961425
v -59.379284 43.023968 4.344664
v -60.720837 41.315678 4.344663
v -61.929554 39.776531 4.961424
v -62.520439 39.024120 6.072861
v -61.471722 37.942909 7.458778
v -61.346577 38.102264 8.844697
v -60.755672 38.854706 9.956134
v -59.546974 40.393822 10.572894
v -58.205425 42.102108 10.572896
v -56.996727 43.641224 9.956136
v -56.405846 44.393639 8.844699
v -56.280678 44.553024 7.458781
v -56.405846 44.393639 6.072862
v -56.996727 43.641228 4.961425
v -58.205421 42.102112 4.344664
v -59.546974 40.393822 4.344664
v -60.755695 38.854679 4.961424
v -61.346577 38.102264 6.072860
v -58.876209 41.247952 7.458779
v -59.165478 44.170017 7.056355
v -61.635235 41.025108 7.194108
v -59.165478 44.170017 7.861205
v -61.635235 41.025108 7.723451
v -54.212845 40.312321 7.056355
v -56.682602 37.167412 7.194108
v -54.212845 40.312321 7.861205
v -56.682602 37.167412 7.723450
v -60.469654 42.509319 6.984385
v -60.469654 42.509319 7.933175
v -55.517021 38.651623 6.984385
v -55.517021 38.651623 7.933175
v -59.783470 44.739029 6.689183
v -62.349136 41.471989 6.689182
v -103.378067 78.798676 6.629404
v -105.896744 75.591469 6.629402
v -103.378067 78.798676 8.288157
v -105.896744 75.591469 8.288156
v -59.783470 44.739029 8.228376
v -62.349136 41.471989 8.228376
v -58.384323 43.640255 6.689183
v -60.949989 40.373215 6.689182
v -58.384323 43.640255 8.228377
v -60.949989 40.373215 8.228375
v -104.637405 77.195068 6.153032
v -61.125290 43.030396 6.247149
v -104.637405 77.195068 8.764528
v -61.125290 43.030396 8.670411
v -59.726147 41.931622 6.247149
v -59.726147 41.931622 8.670411
v -105.679352 79.601402 7.458780
v -107.222153 77.636848 7.458779
v -60.110359 44.526459 7.282955
v -62.348480 41.862976 7.458779
v -60.110359 44.526459 7.634605
v -61.229546 43.194748 7.251472
v -61.229546 43.194748 7.666087
v -40.593605 29.805487 7.282955
v -42.655476 27.004614 7.458779
v -40.593605 29.805487 7.634605
v -41.624603 28.405167 7.251472
v -41.624603 28.405167 7.666087
v -62.305443 43.940990 7.458780
v -64.900955 40.635948 7.458779
v -64.775810 40.795303 8.844697
v -64.184898 41.547745 9.956134
v -62.976204 43.086861 10.572895
v -61.634655 44.795147 10.572895
v -60.425961 46.334263 9.956135
v -59.835075 47.086678 8.844699
v -59.709908 47.246063 7.458781
v -59.835075 47.086678 6.072862
v -60.425957 46.334267 4.961425
v -61.634655 44.795151 4.344664
v -62.976204 43.086861 4.344663
v -64.184921 41.547714 4.961424
v -64.775810 40.795303 6.072861
v -64.357056 40.208813 7.458779
v -64.231911 40.368168 8.844697
v -63.641003 41.120609 9.956134
v -62.432308 42.659725 10.572895
v -61.090755 44.368015 10.572895
v -59.882061 45.907131 9.956135
v -59.291176 46.659542 8.844699
v -59.166008 46.818928 7.458781
v -59.291176 46.659542 6.072862
v -59.882057 45.907131 4.961425
v -61.090755 44.368015 4.344664
v -62.432304 42.659729 4.344663
v -63.641026 41.120583 4.961424
v -64.231911 40.368168 6.072861
v -61.761543 43.513855 7.458780
v -61.193066 45.762321 7.056355
v -63.662823 42.617409 7.194108
v -61.193066 45.762321 7.861205
v -63.662823 42.617409 7.723450
v -58.890045 43.985413 7.056355
v -61.359798 40.840504 7.194108
v -58.890045 43.985413 7.861205
v -61.359798 40.840504 7.723451
v -62.497242 44.101624 6.984385
v -62.497242 44.101624 7.933175
v -60.194221 42.324715 6.984385
v -60.194221 42.324715 7.933175
v -61.457588 46.053745 6.689184
v -64.023254 42.786709 6.689182
v -81.702637 61.776566 6.629404
v -84.221313 58.569351 6.629403
v -81.702637 61.776566 8.288157
v -84.221313 58.569351 8.288156
v -61.457588 46.053745 8.228376
v -64.023254 42.786705 8.228376
v -60.809307 45.544640 6.689184
v -63.374977 42.277599 6.689182
v -60.809307 45.544640 8.228376
v -63.374977 42.277599 8.228376
v -82.961975 60.172958 6.153031
v -62.799412 44.345112 6.247149
v -82.961975 60.172958 8.764527
v -62.799412 44.345112 8.670410
v -62.151131 43.836006 6.247149
v -62.151131 43.836006 8.670411
v -83.035248 61.818573 7.458780
v -84.578049 59.854015 7.458779
v 89.766014 -63.897301 7.282957
v 86.197868 -65.694458 7.458780
v 89.766014 -63.897301 7.634607
v 85.419533 -63.133873 7.251473
v 85.419533 -63.133873 7.666088
v 94.474403 -67.217995 7.458782
v 91.262383 -67.230324 7.458781
v 41.946053 -30.402107 7.282956
v 40.482597 -33.649139 7.458780
v 41.946053 -30.402107 7.634606
v 41.214272 -32.025482 7.251473
v 41.214272 -32.025482 7.666088
v -2.621769 1.829762 7.282955
v -4.299164 -1.263877 7.458780
v -2.621769 1.829762 7.634605
v -3.460770 0.282948 7.251472
v -3.460770 0.282948 7.666088
v -49.901253 37.114952 7.282955
v -51.805504 34.190300 7.458779
v -49.901253 37.114952 7.634605
v -50.853607 35.652878 7.251472
v -50.853607 35.652878 7.666087
v -23.252060 77.964401 17.698986
v -20.117931 73.626137 18.156675
v -17.280632 57.390739 18.478436
v -18.460564 55.639942 18.280668
v -11.937256 44.222679 19.215334
v -12.111061 37.292160 19.136011
v -13.112343 37.022408 18.977335
v -15.668549 44.810654 18.636007
v -14.177475 32.863155 18.779413
v -12.562862 44.140236 19.116840
v -5.492805 26.397924 20.089464
v -6.180038 25.754345 19.977108
v -15.818596 57.560402 18.708443
v -13.716110 33.604584 18.857168
v -23.290920 77.909149 15.027884
v -20.156796 73.570885 15.485574
v -17.319496 57.335487 15.807332
v -18.499435 55.584694 15.609568
v -11.976120 44.167427 16.544231
v -12.149925 37.236908 16.464909
v -13.151211 36.967155 16.306232
v -15.707417 44.755402 15.964907
v -14.216331 32.807899 16.108311
v -12.601730 44.084988 16.445738
v -5.531670 26.342667 17.418364
v -6.218906 25.699091 17.306005
v -15.857460 57.505150 16.037340
v -13.754974 33.549332 16.186066
v -17.846527 60.431732 18.036266
v -18.785069 60.333611 17.888699
v -5.907452 25.922817 19.644510
v -12.343811 32.113033 17.728338
v -10.577686 27.144520 17.967266
v -4.346607 21.892109 19.858377
v -5.344383 20.193920 19.689505
v -9.768291 22.331242 18.057684
v -5.307671 16.717800 19.669100
v -9.781059 18.948511 18.030243
v -4.548641 13.061537 19.760344
v -10.150917 15.093875 18.347267
v -6.641197 10.700201 19.415293
v -3.054413 9.634542 19.968334
v -4.640961 7.289468 19.702568
v -0.931149 5.887403 20.272326
v -3.201988 3.705728 19.900648
v -0.468548 1.948877 20.315071
v -2.475872 -0.555777 19.982191
v -1.756550 -1.401675 20.088364
v 0.433777 -1.286047 20.431900
v 1.997177 -3.441748 20.660275
v 0.312302 -6.784064 20.371540
v 2.194508 -6.356528 20.669220
v 2.674648 -13.961275 20.687134
v 4.272827 -13.857870 20.937941
v 8.485161 -31.746176 21.462385
v 9.833176 -31.399237 21.675888
v 17.081299 -55.283348 22.630171
v 17.758896 -54.451508 22.742435
v 26.922096 -80.105469 23.983007
v 27.243782 -77.986130 24.049280
v -13.996552 33.737751 18.032825
v -9.250134 18.374714 19.064779
v -9.156883 21.653824 19.104033
v -9.501732 26.339653 19.085333
v -9.135170 27.809689 19.153738
v -11.092613 32.657181 18.883966
v -11.348377 37.558250 18.880819
v -13.317249 39.645027 18.588493
v -12.240044 35.890930 18.728781
v -14.579079 40.458050 18.397200
v -12.159069 33.893013 18.726419
v -13.022545 37.775589 18.620539
v -17.874409 60.392101 16.120022
v -18.812950 60.293976 15.972453
v -5.935333 25.883179 17.728266
v -4.374489 21.852470 17.942137
v -5.372261 20.154282 17.773262
v -5.335548 16.678162 17.752859
v -4.576523 13.021894 17.844101
v -10.162701 15.077128 17.537531
v -6.669083 10.660558 17.498884
v -3.082291 9.594903 18.052094
v -4.668842 7.249830 17.786160
v -0.959030 5.847761 18.356081
v -3.229874 3.666097 17.984406
v -0.496429 1.909238 18.398827
v -2.503754 -0.595416 18.065947
v -1.784428 -1.441309 18.172119
v 0.405895 -1.325690 18.515659
v 1.969292 -3.481379 18.744030
v 0.284420 -6.823706 18.455297
v 2.166626 -6.396170 18.752977
v 2.646763 -14.000915 18.770891
v 4.244949 -13.897512 19.021698
v 8.457283 -31.785810 19.546144
v 9.805290 -31.438864 19.759645
v 17.053413 -55.322990 20.713928
v 17.731026 -54.491150 20.826191
v 26.894211 -80.145096 22.066769
v 27.215904 -78.025764 22.133038
v -14.012619 33.714905 16.928473
v -9.278015 18.335075 17.148537
v -9.184769 21.614185 17.187792
v -9.529613 26.300013 17.169088
v -9.163052 27.770048 17.237494
v -11.120491 32.617542 16.967726
v -11.376259 37.518612 16.964579
v -13.345131 39.605389 16.672251
v -12.267921 35.851292 16.812538
v -14.606964 40.418407 16.480957
v -12.186951 33.853374 16.810177
v -13.050423 37.735947 16.704294
v -10.039932 15.096969 17.960772
v -10.016266 9.636750 17.923403
v -6.511898 10.834271 18.480656
v -9.890099 11.311433 18.205561
v -7.410389 8.691793 19.294403
v -4.516197 7.283811 18.766169
v -2.896381 3.725095 18.992813
v -2.300304 -0.413710 19.054935
v -1.557396 -1.291621 19.164555
v 0.520973 -6.618304 19.449642
v 2.973381 -13.966970 19.778036
v -8.668667 8.195321 18.123386
v -6.169048 6.129472 19.469332
v -6.519291 3.690202 18.425762
v -5.233559 3.552373 19.596300
v -6.329433 1.383230 18.438110
v -4.877438 0.789701 19.631233
v -4.284252 -2.435153 18.729347
v -3.396767 -2.319197 19.839493
v -2.542446 -7.862692 18.961018
v -1.713936 -7.515963 20.063675
v 0.730396 -14.869101 20.390772
v -0.121056 -15.191652 19.284708
v 7.534866 -37.499626 20.314646
v 7.546516 -34.944145 21.306118
v 8.719734 -31.682463 20.543772
v 17.257988 -55.128799 21.703184
v 16.438660 -57.056900 22.530926
v 25.528404 -80.435379 23.777128
v 28.960762 -87.259216 24.262777
v 32.053932 -91.396317 24.715572
v 18.350105 -66.898071 21.785509
v 24.186333 -81.580383 22.588121
v 29.740822 -95.049149 23.355789
v 31.088432 -94.027527 24.544735
v 33.693039 -99.318573 24.912415
v 35.364662 -99.155563 25.175159
v 35.817261 -102.456909 25.221134
v 37.182198 -102.904999 25.431301
v 32.475456 -100.994232 23.738895
v 34.413277 -104.356094 24.016769
v 37.110222 -107.641830 24.413979
v 40.406479 -108.850830 24.920574
v 26.760811 -79.062363 23.009836
v -7.427132 6.314088 18.303469
v 28.767815 -88.641647 24.222195
v 10.824127 -44.007812 21.750710
v 12.685127 -42.562889 21.082298
v 12.062965 -45.145866 21.935965
v 11.965118 -47.167915 21.905445
v 13.340622 -48.681244 22.109255
v 13.497963 -51.378731 22.113577
v 14.906609 -52.930229 22.322285
v 15.147346 -55.638245 22.339577
v 30.888237 -90.283173 24.541580
v 11.919044 -49.778946 20.908169
v -9.897385 11.301072 17.704697
v -7.438698 8.651547 17.348816
v -6.197361 6.089227 17.523743
v -5.261868 3.512128 17.650711
v -4.905746 0.749452 17.685644
v -3.425072 -2.359450 17.893904
v -1.742237 -7.556212 18.118084
v 0.702091 -14.909354 18.445181
v 7.518196 -34.984398 19.360529
v 16.410347 -57.097137 20.585337
v 25.500099 -80.475616 21.831541
v 28.932442 -87.299469 22.317188
v 32.025597 -91.436539 22.769985
v 31.060112 -94.067749 22.599144
v 33.664742 -99.358826 22.966827
v 35.336342 -99.195801 23.229568
v 35.788940 -102.497131 23.275547
v 37.153893 -102.945251 23.485714
v 28.739510 -88.681900 22.276604
v 10.795815 -44.048065 19.805122
v 12.034668 -45.186119 19.990376
v 11.936813 -47.208168 19.959858
v 13.312317 -48.721497 20.163666
v 13.469650 -51.418968 20.167988
v 14.878319 -52.970482 20.376698
v 15.119049 -55.678505 20.393990
v 30.859924 -90.323425 22.595991
v -31.095821 99.358711 17.462427
v -27.961693 95.020454 17.920116
v -25.124405 78.785057 18.241877
v -26.304333 77.034256 18.044109
v -19.781017 65.616982 18.978777
v -19.954826 58.686470 18.899452
v -20.956108 58.416721 18.740776
v -23.512318 66.204964 18.399450
v -22.021233 54.257462 18.542854
v -20.406631 65.534546 18.880281
v -13.336571 47.792229 19.852905
v -14.023804 47.148655 19.740551
v -23.662357 78.954712 18.471884
v -21.559875 54.998890 18.620609
v -31.134693 99.303459 14.791327
v -28.000561 94.965202 15.249016
v -25.163258 78.729782 15.570775
v -26.343197 76.978996 15.373009
v -19.819881 65.561737 16.307674
v -19.993690 58.631218 16.228352
v -20.994972 58.361465 16.069675
v -23.551186 66.149712 15.728350
v -22.060104 54.202209 15.871753
v -20.445492 65.479301 16.209181
v -13.375435 47.736977 17.181805
v -14.062668 47.093395 17.069448
v -23.701233 78.899467 15.800782
v -21.598740 54.943642 15.949507
v -25.690292 81.826050 17.799707
v -26.628830 81.727936 17.652140
v -13.751221 47.317123 19.407951
v -20.187572 53.507347 17.491779
v -18.421452 48.538830 17.730709
v -12.190369 43.286415 19.621819
v -13.188148 41.588230 19.452946
v -17.612061 43.725548 17.821129
v -13.151436 38.112118 19.432541
v -17.624825 40.342819 17.793686
v -12.392406 34.455845 19.523787
v -17.994682 36.488186 18.110712
v -14.484962 32.094509 19.178736
v -10.898178 31.028852 19.731779
v -12.484718 28.683783 19.466009
v -8.774910 27.281704 20.035767
v -11.045753 25.100040 19.664091
v -8.312313 23.343185 20.078512
v -10.319637 20.838531 19.745632
v -9.600319 19.992638 19.851805
v -7.409988 20.108253 20.195343
v -5.846588 17.952564 20.423716
v -7.531460 14.610245 20.134981
v -5.649250 15.037779 20.432665
v -5.169121 7.433034 20.450573
v -3.570942 7.536439 20.701384
v 0.641407 -10.351873 21.225826
v 1.989410 -10.004911 21.439329
v 9.237534 -33.889046 22.393610
v 9.915138 -33.057190 22.505877
v 19.078331 -58.711151 23.746452
v 19.400024 -56.591820 23.812721
v -21.840317 55.132057 17.796267
v -17.093899 39.769020 18.828220
v -17.000652 43.048130 18.867476
v -17.345497 47.733967 18.848774
v -16.978939 49.203999 18.917179
v -18.936375 54.051491 18.647408
v -19.192139 58.952560 18.644262
v -21.161015 61.039337 18.351936
v -20.083805 57.285236 18.492222
v -22.422844 61.852356 18.160643
v -20.002834 55.287323 18.489862
v -20.866310 59.169891 18.383980
v -25.718170 81.786407 15.883465
v -26.656715 81.688293 15.735896
v -13.779102 47.277489 17.491707
v -12.218254 43.246777 17.705578
v -13.216026 41.548588 17.536705
v -13.179321 38.072475 17.516298
v -12.420288 34.416206 17.607546
v -18.006462 36.471436 17.300976
v -14.512848 32.054867 17.262327
v -10.926060 30.989214 17.815535
v -12.512604 28.644136 17.549601
v -8.802795 27.242069 18.119524
v -11.073639 25.060404 17.747847
v -8.340195 23.303547 18.162270
v -10.347523 20.798895 17.829390
v -9.628197 19.953001 17.935560
v -7.437870 20.068615 18.279100
v -5.874470 17.912922 18.507473
v -7.559338 14.570601 18.218739
v -5.677139 14.998141 18.516420
v -5.197002 7.393396 18.534332
v -3.598824 7.496797 18.785141
v 0.613522 -10.391512 19.309586
v 1.961533 -10.044561 19.523087
v 9.209656 -33.928688 20.477367
v 9.887260 -33.096848 20.589634
v 19.050438 -58.750786 21.830208
v 19.372147 -56.631462 21.896479
v -21.856384 55.109211 16.691914
v -17.121780 39.729385 16.911976
v -17.028534 43.008495 16.951233
v -17.373379 47.694324 16.932531
v -17.006813 49.164356 17.000937
v -18.964256 54.011848 16.731167
v -19.220024 58.912922 16.728020
v -21.188896 60.999695 16.435692
v -20.111687 57.245602 16.575981
v -22.450722 61.812714 16.244400
v -20.030716 55.247688 16.573618
v -20.894188 59.130264 16.467737
v -17.883698 36.491276 17.724215
v -17.860035 31.031063 17.686844
v -14.355667 32.228577 18.244097
v -17.733864 32.705742 17.969002
v -15.254147 30.086100 19.057844
v -12.359962 28.678125 18.529612
v -10.740147 25.119406 18.756254
v -10.144073 20.980595 18.818377
v -9.401161 20.102692 18.927998
v -7.322792 14.776005 19.213083
v -4.870384 7.427335 19.541475
v -16.512432 29.589632 17.886827
v -14.012817 27.523781 19.232773
v -14.363056 25.084511 18.189203
v -13.077324 24.946682 19.359743
v -14.173203 22.777540 18.201550
v -12.721199 22.184010 19.394674
v -12.128021 18.959154 18.492788
v -11.240528 19.075108 19.602934
v -10.386208 13.531608 18.724461
v -9.557697 13.878353 19.827116
v -7.113369 6.525205 20.154213
v -7.964825 6.202665 19.048149
v -0.308903 -16.105314 20.078087
v -0.297256 -13.549833 21.069561
v 0.875969 -10.288160 20.307213
v 9.414215 -33.734482 21.466625
v 8.594887 -35.662598 22.294367
v 17.684654 -59.041077 23.540569
v 21.116982 -65.864899 24.026220
v 24.210136 -70.001984 24.479013
v 10.506332 -45.503754 21.548954
v 16.342560 -60.186066 22.351566
v 21.897049 -73.654831 23.119230
v 23.244659 -72.633224 24.308172
v 25.849289 -77.924286 24.675856
v 27.520889 -77.761246 24.938601
v 27.973518 -81.062592 24.984575
v 29.338432 -81.510712 25.194742
v 24.631691 -79.599930 23.502333
v 26.569519 -82.961807 23.780210
v 29.266434 -86.247498 24.177420
v 32.562706 -87.456512 24.684019
v 18.917061 -57.668083 22.773277
v -15.270893 27.708397 18.066912
v 20.924049 -67.247337 23.985636
v 2.980358 -22.613501 21.514151
v 4.841362 -21.168585 20.845739
v 4.219208 -23.751562 21.699404
v 4.121361 -25.773619 21.668886
v 5.496857 -27.286940 21.872694
v 5.654190 -29.984411 21.877018
v 7.062843 -31.535910 22.085726
v 7.303589 -34.243942 22.103020
v 23.044479 -68.888885 24.305021
v 4.075279 -28.384642 20.671608
v -17.741154 32.695381 17.468138
v -15.282455 30.045855 17.112257
v -14.041126 27.483536 17.287184
v -13.105633 24.906439 17.414152
v -12.749512 22.143764 17.449085
v -11.268837 19.034859 17.657345
v -9.586006 13.838101 17.881525
v -7.141678 6.484956 18.208624
v -0.325558 -13.590078 19.123972
v 8.566574 -35.702843 20.348780
v 17.656349 -59.081329 21.594982
v 21.088684 -65.905151 22.080629
v 24.181839 -70.042244 22.533426
v 23.216362 -72.673462 22.362585
v 25.820992 -77.964539 22.730270
v 27.492592 -77.801514 22.993010
v 27.945198 -81.102844 23.038986
v 29.310127 -81.550964 23.249155
v 20.895744 -67.287582 22.040047
v 2.952049 -22.653753 19.568563
v 4.190903 -23.791815 19.753817
v 4.093056 -25.813864 19.723299
v 5.468552 -27.327192 19.927107
v 5.625885 -30.024656 19.931429
v 7.034538 -31.576155 20.140139
v 7.275284 -34.284187 20.157431
v 23.016167 -68.929123 22.359430
vn 0.2558 0.0853 0.9629
vn -0.0853 0.2559 0.9629
vn 0.0640 0.1919 0.9793
vn 0.1531 -0.0510 0.9869
vn 0.2559 0.0853 0.9629
vn 0.0853 -0.2558 0.9629
vn 0.1532 -0.0511 0.9869
vn -0.0639 -0.1919 0.9793
vn 0.0853 -0.2559 0.9629
vn -0.2558 -0.0853 0.9629
vn -0.0640 -0.1919 0.9793
vn -0.1531 0.0510 0.9869
vn -0.0853 0.2558 0.9629
vn -0.2559 -0.0853 0.9629
vn -0.1532 0.0511 0.9869
vn 0.0639 0.1919 0.9793
vn -0.1531 0.0511 0.9869
vn 0.1531 -0.0511 0.9869
vn 0.0640 0.1919 -0.9793
vn -0.0853 0.2558 -0.9630
vn 0.2559 0.0853 -0.9629
vn 0.1532 -0.0510 -0.9869
vn 0.2558 0.0853 -0.9629
vn 0.1532 -0.0511 -0.9869
vn 0.2558 0.0853 -0.9630
vn 0.0853 -0.2559 -0.9629
vn -0.0639 -0.1919 -0.9793
vn 0.0853 -0.2558 -0.9629
vn -0.0640 -0.1919 -0.9793
vn 0.0853 -0.2558 -0.9630
vn -0.2559 -0.0853 -0.9629
vn -0.1532 0.0510 -0.9869
vn -0.2558 -0.0853 -0.9629
vn -0.1532 0.0511 -0.9869
vn -0.2558 -0.0853 -0.9630
vn -0.0853 0.2559 -0.9629
vn 0.0639 0.1919 -0.9793
vn -0.0853 0.2558 -0.9629
vn 0.1531 -0.0510 -0.9869
vn -0.1531 0.0510 -0.9869
vn -0.0543 0.0241 0.9982
vn -0.0932 0.0549 0.9941
vn -0.0666 0.0135 0.9977
vn -0.0932 0.0549 -0.9941
vn -0.0543 0.0241 -0.9982
vn -0.0666 0.0135 -0.9977
vn 0.7569 -0.6535 -0.0000
vn 0.7573 -0.6531 -0.0000
vn 0.7560 -0.6546 -0.0000
vn -0.0352 -0.0041 -0.9994
vn -0.0557 0.0019 -0.9984
vn -0.0671 0.0130 -0.9977
vn -0.0547 0.0257 -0.9982
vn -0.0346 -0.0029 -0.9994
vn -0.0667 0.0134 -0.9977
vn -0.0346 -0.0029 0.9994
vn -0.0547 0.0257 0.9982
vn -0.0667 0.0134 0.9977
vn -0.0557 0.0019 0.9984
vn -0.0352 -0.0041 0.9994
vn -0.0671 0.0130 0.9977
vn -0.0487 0.0305 -0.9983
vn -0.0465 0.0434 -0.9980
vn 0.0136 -0.0118 -0.9998
vn -0.0302 -0.0009 -0.9995
vn -0.0503 0.0281 -0.9983
vn 0.0134 -0.0116 -0.9998
vn -0.0503 0.0281 0.9983
vn -0.0302 -0.0009 0.9995
vn 0.0133 -0.0115 0.9998
vn -0.0266 0.0249 0.9993
vn -0.0487 0.0305 0.9983
vn 0.0132 -0.0114 0.9998
vn 0.7577 -0.6526 -0.0000
vn 0.7574 -0.6530 -0.0000
vn 0.7554 -0.6553 -0.0000
vn 0.7524 -0.6587 -0.0000
vn 0.7578 -0.6525 -0.0000
vn -0.0488 0.0306 0.9983
vn -0.0286 0.0228 0.9993
vn -0.0901 0.0787 0.9928
vn -0.0912 0.0590 0.9941
vn -0.0516 0.0281 0.9983
vn -0.0902 0.0787 0.9928
vn -0.0516 0.0281 -0.9983
vn -0.0912 0.0590 -0.9941
vn -0.0907 0.0789 -0.9927
vn -0.0486 0.0412 -0.9980
vn -0.0488 0.0306 -0.9983
vn -0.0906 0.0789 -0.9928
vn 0.0135 -0.0120 -0.9998
vn -0.0466 0.0434 -0.9980
vn -0.0372 0.0336 -0.9987
vn 0.0134 -0.0123 -0.9998
vn -0.0366 0.0343 -0.9987
vn -0.0263 0.0250 0.9993
vn 0.0133 -0.0116 0.9998
vn 0.0135 -0.0120 0.9998
vn -0.0365 0.0343 0.9987
vn -0.0272 0.0241 0.9993
vn 0.7500 -0.6615 -0.0000
vn 0.7530 -0.6580 -0.0000
vn 0.7439 -0.6682 -0.0000
vn 0.7409 -0.6717 -0.0000
vn -0.0899 0.0790 0.9928
vn -0.0374 0.0334 0.9987
vn -0.0876 0.0793 0.9930
vn -0.0383 0.0325 0.9987
vn -0.0484 0.0415 -0.9980
vn -0.0904 0.0791 -0.9928
vn -0.0879 0.0789 -0.9930
vn -0.0379 0.0330 -0.9987
vn -0.0476 0.0423 -0.9980
vn -0.0199 0.0189 -0.9996
vn -0.0526 0.0505 -0.9973
vn 0.0131 -0.0125 -0.9998
vn 0.0133 -0.0123 -0.9998
vn -0.0196 0.0192 -0.9996
vn 0.0133 -0.0122 -0.9998
vn -0.0363 0.0345 -0.9987
vn -0.0200 0.0186 -0.9996
vn -0.0198 0.0188 -0.9996
vn 0.0131 -0.0125 0.9998
vn -0.0199 0.0188 0.9996
vn -0.0526 0.0506 0.9973
vn -0.0198 0.0189 0.9996
vn -0.0363 0.0346 0.9987
vn 0.0133 -0.0122 0.9998
vn -0.0526 0.0504 0.9973
vn -0.0371 0.0337 0.9987
vn 0.0133 -0.0123 0.9998
vn 0.7270 -0.6867 -0.0000
vn 0.7214 -0.6926 -0.0000
vn 0.7270 -0.6867 0.0003
vn 0.7385 -0.6743 -0.0000
vn 0.7416 -0.6709 -0.0000
vn 0.7299 -0.6836 0.0001
vn 0.7299 -0.6836 -0.0000
vn -0.0530 0.0502 0.9973
vn -0.0854 0.0820 0.9930
vn -0.0860 0.0813 0.9930
vn -0.0532 0.0501 0.9973
vn -0.0872 0.0797 0.9930
vn -0.0379 0.0329 0.9987
vn -0.0533 0.0499 0.9973
vn -0.0864 0.0808 0.9930
vn -0.0871 0.0798 0.9930
vn -0.0537 0.0495 0.9973
vn -0.0860 0.0812 -0.9930
vn -0.0854 0.0820 -0.9930
vn -0.0528 0.0504 -0.9973
vn -0.0205 0.0184 -0.9996
vn -0.0860 0.0813 -0.9930
vn -0.0528 0.0505 -0.9973
vn -0.0376 0.0334 -0.9987
vn -0.0876 0.0792 -0.9930
vn -0.0863 0.0810 -0.9930
vn -0.0206 0.0183 -0.9996
vn -0.0370 0.0340 -0.9987
vn -0.0864 0.0809 -0.9930
vn -0.6981 -0.7160 -0.0000
vn 0.6981 0.7160 -0.0000
vn 0.0499 -0.0384 0.9980
vn 0.3236 -0.3155 0.8920
vn 0.2258 -0.2264 0.9475
vn -0.0445 0.0434 0.9981
vn 0.0474 -0.0408 0.9980
vn 0.2228 -0.2291 0.9475
vn 0.3300 -0.3094 0.8918
vn 0.6059 -0.5907 0.5329
vn 0.5117 -0.5077 0.6931
vn 0.2290 -0.2234 0.9474
vn 0.3269 -0.3123 0.8920
vn 0.5073 -0.5118 0.6933
vn 0.6150 -0.5817 0.5324
vn 0.7102 -0.6925 -0.1268
vn 0.7047 -0.6980 0.1270
vn 0.5162 -0.5034 0.6929
vn 0.6104 -0.5862 0.5327
vn 0.6991 -0.7036 0.1274
vn 0.7210 -0.6811 -0.1274
vn 0.5163 -0.5034 -0.6929
vn 0.6015 -0.5954 -0.5327
vn 0.7102 -0.6925 0.1268
vn 0.7156 -0.6869 -0.1270
vn 0.5970 -0.6002 -0.5324
vn 0.5245 -0.4942 -0.6933
vn 0.2291 -0.2233 -0.9474
vn 0.3205 -0.3189 -0.8920
vn 0.6058 -0.5908 -0.5329
vn 0.5205 -0.4987 -0.6931
vn 0.3176 -0.3221 -0.8918
vn 0.2346 -0.2170 -0.9475
vn -0.0445 0.0434 -0.9981
vn 0.0420 -0.0463 -0.9980
vn 0.3236 -0.3155 -0.8920
vn 0.2320 -0.2200 -0.9475
vn 0.0397 -0.0489 -0.9980
vn -0.0397 0.0489 -0.9980
vn -0.3236 0.3155 -0.8920
vn -0.2320 0.2200 -0.9475
vn 0.0445 -0.0434 -0.9981
vn -0.0420 0.0463 -0.9980
vn -0.2347 0.2170 -0.9475
vn -0.3176 0.3221 -0.8918
vn -0.6058 0.5908 -0.5329
vn -0.5205 0.4987 -0.6931
vn -0.2291 0.2233 -0.9474
vn -0.3205 0.3189 -0.8920
vn -0.5245 0.4942 -0.6933
vn -0.5970 0.6001 -0.5324
vn -0.7102 0.6925 0.1269
vn -0.7156 0.6869 -0.1271
vn -0.5163 0.5034 -0.6929
vn -0.6014 0.5954 -0.5327
vn -0.7210 0.6811 -0.1274
vn -0.6991 0.7036 0.1274
vn -0.5162 0.5033 0.6930
vn -0.6104 0.5862 0.5327
vn -0.7102 0.6925 -0.1269
vn -0.7047 0.6980 0.1271
vn -0.6150 0.5817 0.5324
vn -0.5073 0.5118 0.6933
vn -0.2291 0.2234 0.9474
vn -0.3269 0.3124 0.8920
vn -0.6058 0.5907 0.5329
vn -0.5117 0.5077 0.6931
vn -0.3300 0.3094 0.8918
vn -0.2229 0.2291 0.9475
vn 0.0445 -0.0434 0.9981
vn -0.0474 0.0408 0.9980
vn -0.3236 0.3155 0.8920
vn -0.2258 0.2264 0.9475
vn -0.0499 0.0384 0.9980
vn 0.7184 -0.6957 -0.0000
vn 0.7184 -0.6956 -0.0000
vn -0.7184 0.6956 -0.0000
vn -0.0793 0.0768 -0.9939
vn -0.0102 0.0099 -0.9999
vn -0.0444 0.0439 -0.9981
vn -0.0438 0.0445 -0.9980
vn -0.0112 0.0086 -0.9999
vn 0.0245 -0.0237 -0.9994
vn -0.0448 0.0434 -0.9981
vn -0.0106 0.0093 -0.9999
vn 0.0245 -0.0237 0.9994
vn -0.0448 0.0434 0.9981
vn -0.0096 0.0103 0.9999
vn -0.0089 0.0111 0.9999
vn -0.0460 0.0423 0.9980
vn -0.0793 0.0768 0.9939
vn -0.0102 0.0099 0.9999
vn -0.0453 0.0429 0.9980
vn 0.7190 -0.6950 -0.0000
vn 0.7210 -0.6930 -0.0000
vn -0.7153 0.6988 -0.0000
vn -0.7150 0.6991 -0.0000
vn 0.7179 -0.6961 -0.0001
vn 0.7179 -0.6961 -0.0000
vn 0.7160 -0.6981 -0.0000
vn 0.7179 -0.6961 -0.0002
vn -0.7156 0.6985 -0.0000
vn -0.7160 0.6981 -0.0000
vn -0.0000 -0.0000 -1.0000
vn 0.1488 -0.1444 -0.9783
vn 0.1346 -0.1300 -0.9823
vn 0.0138 -0.0117 -0.9998
vn 0.1489 -0.1442 -0.9783
vn 0.0137 -0.0115 -0.9998
vn -0.1566 0.1531 -0.9757
vn -0.1597 0.1560 -0.9748
vn 0.0132 -0.0120 -0.9998
vn -0.1598 0.1560 -0.9747
vn 0.1488 -0.1444 0.9783
vn -0.0534 0.0522 0.9972
vn -0.0063 0.0070 1.0000
vn 0.1346 -0.1300 0.9823
vn 0.1489 -0.1442 0.9783
vn -0.0058 0.0075 1.0000
vn -0.0539 0.0518 0.9972
vn -0.1627 0.1591 0.9738
vn -0.1588 0.1550 0.9751
vn -0.0067 0.0068 1.0000
vn -0.0536 0.0521 0.9972
vn -0.1587 0.1549 0.9751
vn -0.1568 0.1529 -0.9757
vn 0.0129 -0.0123 -0.9998
vn -0.0581 0.0627 -0.9963
vn -0.0550 0.0663 -0.9963
vn 0.0054 -0.0208 -0.9998
vn 0.1342 -0.1304 -0.9823
vn 0.1339 -0.1306 -0.9823
vn -0.0610 0.0595 -0.9964
vn 0.0092 -0.0165 -0.9998
vn 0.1339 -0.1306 0.9823
vn -0.0066 0.0067 1.0000
vn 0.0409 -0.0337 0.9986
vn 0.0443 -0.0306 0.9986
vn -0.0168 -0.0030 0.9999
vn -0.1568 0.1529 0.9757
vn 0.0376 -0.0367 0.9986
vn -0.0115 0.0020 0.9999
vn -0.0148 -0.0495 0.9987
vn -0.0319 -0.0894 0.9955
vn 0.0080 -0.0681 0.9976
vn -0.0319 -0.0894 -0.9955
vn -0.0148 -0.0495 -0.9987
vn 0.0080 -0.0681 -0.9976
vn 0.5426 0.8400 -0.0000
vn 0.5417 0.8405 -0.0000
vn 0.5449 0.8385 -0.0000
vn 0.0127 -0.0345 -0.9993
vn 0.0164 -0.0575 -0.9982
vn 0.0079 -0.0681 -0.9976
vn -0.0149 -0.0494 -0.9987
vn 0.0127 -0.0345 0.9993
vn -0.0149 -0.0494 0.9987
vn 0.0164 -0.0575 0.9982
vn 0.0079 -0.0681 0.9976
vn -0.0148 -0.0493 -0.9987
vn -0.0303 -0.0452 -0.9985
vn 0.0084 0.0129 -0.9999
vn 0.0126 -0.0344 -0.9993
vn 0.0084 0.0126 -0.9999
vn 0.0126 -0.0344 0.9993
vn 0.0083 0.0127 0.9999
vn -0.0172 -0.0260 0.9995
vn -0.0148 -0.0493 0.9987
vn 0.0083 0.0126 0.9999
vn 0.5416 0.8406 -0.0000
vn 0.5425 0.8400 -0.0000
vn 0.5475 0.8368 0.0001
vn 0.5548 0.8320 -0.0000
vn 0.5475 0.8368 -0.0000
vn -0.0565 -0.0854 0.9947
vn -0.0320 -0.0894 0.9955
vn -0.0564 -0.0854 0.9948
vn -0.0149 -0.0495 -0.9987
vn -0.0564 -0.0860 -0.9947
vn 0.0087 0.0127 -0.9999
vn -0.0247 -0.0349 -0.9991
vn 0.0090 0.0126 -0.9999
vn -0.0247 -0.0348 -0.9991
vn -0.0171 -0.0259 0.9995
vn 0.0081 0.0125 0.9999
vn 0.0087 0.0127 0.9999
vn -0.0243 -0.0352 0.9991
vn 0.5549 0.8319 -0.0000
vn 0.5476 0.8367 -0.0000
vn 0.5693 0.8222 0.0001
vn 0.5763 0.8172 -0.0000
vn 0.5549 0.8319 -0.0001
vn 0.5693 0.8222 -0.0000
vn -0.0243 -0.0353 0.9991
vn -0.0581 -0.0826 0.9949
vn -0.0566 -0.0853 0.9947
vn -0.0574 -0.0830 -0.9949
vn -0.0247 -0.0350 -0.9991
vn -0.0139 -0.0188 -0.9997
vn -0.0379 -0.0494 -0.9981
vn 0.0094 0.0123 -0.9999
vn 0.0094 0.0122 -0.9999
vn -0.0139 -0.0187 -0.9997
vn 0.0090 0.0125 -0.9999
vn -0.0140 -0.0188 -0.9997
vn 0.0087 0.0126 -0.9999
vn 0.0091 0.0124 0.9999
vn 0.0094 0.0123 0.9999
vn -0.0143 -0.0187 0.9997
vn -0.0371 -0.0500 0.9981
vn 0.0089 0.0126 0.9999
vn -0.0142 -0.0186 0.9997
vn 0.0094 0.0122 0.9999
vn 0.0090 0.0125 0.9999
vn 0.5959 0.8031 -0.0000
vn 0.6082 0.7938 -0.0000
vn 0.5959 0.8031 0.0004
vn 0.5764 0.8172 -0.0000
vn 0.5692 0.8222 -0.0000
vn 0.5959 0.8030 0.0001
vn 0.5959 0.8030 -0.0000
vn 0.5764 0.8172 -0.0001
vn -0.0371 -0.0501 0.9981
vn -0.0616 -0.0803 0.9949
vn -0.0603 -0.0812 0.9949
vn -0.0615 -0.0802 0.9949
vn -0.0583 -0.0825 0.9949
vn -0.0602 -0.0812 0.9949
vn -0.0582 -0.0825 0.9949
vn -0.0603 -0.0812 -0.9949
vn -0.0616 -0.0803 -0.9949
vn -0.0380 -0.0495 -0.9981
vn -0.0140 -0.0189 -0.9997
vn -0.0602 -0.0812 -0.9949
vn -0.0248 -0.0350 -0.9991
vn -0.0287 -0.0572 0.9979
vn -0.0446 -0.0972 0.9943
vn -0.0033 -0.0753 0.9972
vn -0.0446 -0.0972 -0.9943
vn -0.0287 -0.0572 -0.9979
vn -0.0033 -0.0753 -0.9972
vn 0.5605 0.8281 -0.0000
vn 0.5598 0.8287 -0.0000
vn 0.5628 0.8266 -0.0000
vn 0.0036 -0.0366 -0.9993
vn 0.0084 -0.0590 -0.9982
vn 0.0001 -0.0697 -0.9976
vn -0.0208 -0.0479 -0.9986
vn 0.0058 -0.0358 -0.9993
vn 0.0001 -0.0701 -0.9975
vn 0.0059 -0.0358 0.9993
vn -0.0208 -0.0479 0.9986
vn 0.0002 -0.0701 0.9975
vn 0.0084 -0.0590 0.9982
vn 0.0036 -0.0366 0.9993
vn 0.0001 -0.0697 0.9976
vn -0.0144 -0.0472 -0.9988
vn -0.0290 -0.0429 -0.9987
vn 0.0101 0.0149 -0.9998
vn 0.0092 -0.0350 -0.9993
vn -0.0168 -0.0473 -0.9987
vn 0.0100 0.0144 -0.9998
vn -0.0168 -0.0473 0.9987
vn 0.0092 -0.0350 0.9993
vn 0.0099 0.0145 0.9998
vn -0.0158 -0.0238 0.9996
vn -0.0144 -0.0472 0.9988
vn 0.0101 0.0146 0.9998
vn 0.5608 0.8280 -0.0000
vn 0.5616 0.8274 -0.0000
vn 0.5665 0.8241 0.0001
vn 0.5736 0.8191 -0.0000
vn 0.5665 0.8241 -0.0000
vn -0.0256 -0.0636 0.9976
vn -0.0281 -0.0391 0.9988
vn -0.0679 -0.0982 0.9928
vn -0.0434 -0.1007 0.9940
vn -0.0276 -0.0621 0.9977
vn -0.0684 -0.0989 0.9927
vn -0.0275 -0.0622 -0.9977
vn -0.0434 -0.1007 -0.9940
vn -0.0684 -0.0995 -0.9927
vn -0.0414 -0.0582 -0.9974
vn -0.0256 -0.0636 -0.9976
vn -0.0679 -0.0988 -0.9928
vn 0.0104 0.0148 -0.9998
vn -0.0288 -0.0430 -0.9987
vn -0.0239 -0.0323 -0.9992
vn 0.0108 0.0145 -0.9998
vn 0.0099 0.0146 -0.9998
vn -0.0236 -0.0324 -0.9992
vn -0.0153 -0.0239 0.9996
vn 0.0104 0.0148 0.9998
vn -0.0228 -0.0330 0.9992
vn -0.0160 -0.0235 0.9996
vn 0.5685 0.8227 -0.0000
vn 0.5614 0.8275 -0.0000
vn 0.5828 0.8126 0.0001
vn 0.5898 0.8076 -0.0000
vn 0.5685 0.8227 -0.0001
vn 0.5828 0.8126 -0.0000
vn -0.0677 -0.0984 0.9928
vn -0.0282 -0.0392 0.9988
vn -0.0349 -0.0487 0.9982
vn -0.0694 -0.0956 0.9930
vn -0.0678 -0.0984 0.9928
vn -0.0357 -0.0483 0.9982
vn -0.0411 -0.0587 -0.9974
vn -0.0677 -0.0990 -0.9928
vn -0.0685 -0.0962 -0.9930
vn -0.0356 -0.0482 -0.9982
vn -0.0408 -0.0587 -0.9974
vn -0.0686 -0.0961 -0.9930
vn -0.0123 -0.0167 -0.9998
vn -0.0365 -0.0471 -0.9982
vn 0.0111 0.0143 -0.9998
vn 0.0107 0.0146 -0.9998
vn -0.0121 -0.0168 -0.9998
vn -0.0232 -0.0328 -0.9992
vn -0.0127 -0.0164 -0.9998
vn -0.0126 -0.0164 -0.9998
vn 0.0111 0.0143 0.9998
vn -0.0130 -0.0163 0.9998
vn -0.0354 -0.0479 0.9982
vn 0.0107 0.0146 0.9998
vn -0.0128 -0.0164 0.9998
vn -0.0222 -0.0333 0.9992
vn -0.0356 -0.0478 0.9982
vn -0.0229 -0.0329 0.9992
vn 0.5982 0.8014 -0.0000
vn 0.6105 0.7920 -0.0000
vn 0.5982 0.8013 -0.0000
vn 0.5982 0.8014 0.0001
vn 0.5848 0.8112 -0.0000
vn 0.5777 0.8163 -0.0000
vn 0.6042 0.7968 0.0001
vn 0.6042 0.7968 -0.0000
vn 0.5848 0.8112 -0.0001
vn -0.0477 -0.0637 0.9968
vn -0.0249 -0.0324 0.9992
vn -0.0723 -0.0938 0.9930
vn -0.0710 -0.0946 0.9930
vn -0.0723 -0.0937 0.9930
vn -0.0692 -0.0958 0.9930
vn -0.0352 -0.0486 0.9982
vn -0.0479 -0.0635 0.9968
vn -0.0712 -0.0945 0.9930
vn -0.0693 -0.0958 0.9930
vn -0.0483 -0.0633 0.9968
vn -0.0709 -0.0947 -0.9930
vn -0.0723 -0.0938 -0.9930
vn -0.0488 -0.0630 -0.9968
vn -0.0248 -0.0324 -0.9992
vn -0.0710 -0.0946 -0.9930
vn -0.0487 -0.0631 -0.9968
vn -0.0354 -0.0486 -0.9982
vn -0.0685 -0.0963 -0.9930
vn -0.0711 -0.0944 -0.9930
vn -0.0247 -0.0323 -0.9992
vn -0.0352 -0.0487 -0.9982
vn -0.0712 -0.0945 -0.9930
vn -0.7865 0.6176 -0.0000
vn 0.7865 -0.6176 -0.0000
vn 0.6145 0.7889 -0.0000
vn -0.6145 -0.7889 -0.0000
vn -0.0679 -0.0871 -0.9939
vn -0.0174 -0.0223 -0.9996
vn -0.0420 -0.0553 -0.9976
vn -0.0413 -0.0559 -0.9976
vn -0.0057 -0.0043 -1.0000
vn 0.0209 0.0269 -0.9994
vn -0.0296 -0.0380 -0.9988
vn -0.0050 -0.0049 -1.0000
vn 0.0209 0.0269 0.9994
vn -0.0296 -0.0380 0.9988
vn -0.0036 -0.0061 1.0000
vn -0.0027 -0.0066 1.0000
vn -0.0442 -0.0537 0.9976
vn -0.0679 -0.0871 0.9939
vn -0.0174 -0.0223 0.9996
vn -0.0433 -0.0542 0.9976
vn 0.6170 0.7870 -0.0000
vn 0.4476 0.8943 -0.0000
vn 0.5086 0.8610 -0.0005
vn 0.6170 0.7869 -0.0000
vn 0.5086 0.8610 -0.0008
vn -0.6173 -0.7867 -0.0000
vn -0.7619 -0.6477 -0.0000
vn -0.7144 -0.6997 0.0005
vn -0.6173 -0.7868 -0.0000
vn -0.7144 -0.6997 0.0008
vn 0.6163 0.7875 -0.0000
vn 0.6176 0.7865 -0.0000
vn 0.6163 0.7875 0.0001
vn -0.6172 -0.7868 0.0001
vn -0.6172 -0.7868 -0.0000
vn -0.6176 -0.7865 -0.0000
vn 0.0334 0.0408 -0.9986
vn -0.1931 0.1912 -0.9624
vn 0.0300 0.2506 -0.9676
vn 0.1236 0.1565 -0.9799
vn 0.0317 0.0374 -0.9988
vn 0.0275 0.2472 -0.9686
vn -0.0050 -0.0100 -0.9999
vn -0.1341 -0.1716 -0.9760
vn -0.2384 -0.0916 -0.9668
vn -0.2315 0.1422 -0.9624
vn -0.0067 -0.0105 -0.9999
vn -0.2396 -0.0932 -0.9664
vn 0.0300 0.2506 0.9676
vn -0.1757 0.1326 0.9755
vn 0.0185 0.0218 0.9996
vn 0.1234 0.1567 0.9799
vn 0.0275 0.2472 0.9686
vn 0.0169 0.0184 0.9997
vn -0.2169 0.0816 0.9728
vn -0.2980 -0.0492 0.9533
vn -0.1364 -0.1751 0.9751
vn -0.0212 -0.0279 0.9994
vn -0.2163 0.0825 0.9728
vn -0.1355 -0.1740 0.9754
vn -0.1345 -0.1712 -0.9760
vn -0.0061 -0.0091 -0.9999
vn -0.0596 -0.0799 -0.9950
vn -0.0582 -0.0812 -0.9950
vn 0.0268 0.0413 -0.9988
vn 0.1231 0.1568 -0.9799
vn -0.0245 -0.0313 -0.9992
vn 0.0285 0.0399 -0.9988
vn 0.1231 0.1568 0.9799
vn 0.0159 0.0191 0.9997
vn 0.0521 0.0624 0.9967
vn 0.0535 0.0614 0.9967
vn -0.0266 -0.0240 0.9994
vn -0.1354 -0.1741 0.9754
vn -0.1345 -0.1712 0.9760
vn 0.0131 0.0167 0.9998
vn -0.0242 -0.0257 0.9994
vn -0.6558 -0.7550 0.0025
vn -0.7060 -0.7082 -0.0019
vn -0.7157 -0.0970 0.6916
vn 0.5753 0.8179 -0.0025
vn 0.5185 0.8550 0.0019
vn -0.0754 0.7183 0.6916
vn -0.6834 -0.0493 0.7284
vn -0.2640 -0.0652 0.9623
vn -0.1925 0.0490 0.9801
vn -0.1354 0.1200 0.9835
vn 0.0510 0.2204 0.9741
vn -0.1142 0.6755 0.7284
vn -0.6790 0.0028 0.7341
vn -0.1687 0.0858 0.9819
vn -0.1636 0.6590 0.7341
vn -0.2696 0.3718 -0.8883
vn 0.0510 0.2204 -0.9741
vn -0.1528 0.1769 -0.9723
vn -0.2080 0.1065 -0.9723
vn -0.2052 -0.1065 -0.9729
vn -0.4251 0.1738 -0.8883
vn -0.2959 0.3507 -0.8885
vn -0.1842 0.1446 -0.9722
vn -0.4109 0.2044 -0.8885
vn -0.6160 -0.7871 0.0323
vn -0.5188 -0.6607 0.5425
vn -0.5796 -0.7351 0.3518
vn -0.6156 -0.7838 -0.0817
vn -0.6165 -0.7867 0.0324
vn -0.5807 -0.7342 0.3517
vn -0.5346 -0.6884 0.4902
vn -0.2941 -0.3745 0.8793
vn -0.3885 -0.4907 0.7800
vn -0.5909 -0.7524 0.2911
vn -0.5363 -0.6872 0.4901
vn -0.3900 -0.4895 0.7799
vn -0.2754 -0.3587 0.8919
vn -0.0792 -0.1008 0.9918
vn -0.1341 -0.1682 0.9766
vn -0.3726 -0.4746 0.7974
vn -0.2770 -0.3575 0.8919
vn -0.1350 -0.1675 0.9766
vn -0.0511 -0.0695 0.9963
vn 0.1072 0.1364 0.9848
vn 0.0520 0.0688 0.9963
vn -0.1072 -0.1364 0.9848
vn -0.0520 -0.0688 0.9963
vn 0.0511 0.0695 0.9963
vn 0.1349 0.1675 0.9766
vn 0.3726 0.4746 0.7974
vn 0.2770 0.3575 0.8919
vn 0.0792 0.1008 0.9918
vn 0.1341 0.1682 0.9766
vn 0.2754 0.3587 0.8919
vn 0.3899 0.4896 0.7799
vn 0.5909 0.7524 0.2911
vn 0.5363 0.6872 0.4900
vn 0.2941 0.3745 0.8794
vn 0.3884 0.4906 0.7800
vn 0.5346 0.6884 0.4901
vn 0.5807 0.7342 0.3519
vn 0.6156 0.7838 -0.0817
vn 0.6165 0.7867 0.0323
vn 0.5188 0.6607 0.5426
vn 0.5795 0.7350 0.3520
vn 0.6160 0.7871 0.0324
vn 0.6186 0.7850 -0.0324
vn 0.5188 0.6606 -0.5426
vn 0.5767 0.7372 -0.3520
vn 0.6156 0.7838 0.0817
vn 0.6181 0.7854 -0.0324
vn 0.5756 0.7382 -0.3519
vn 0.5421 0.6826 -0.4901
vn 0.2941 0.3745 -0.8794
vn 0.3846 0.4937 -0.7800
vn 0.5909 0.7523 -0.2911
vn 0.5405 0.6839 -0.4900
vn 0.3832 0.4949 -0.7799
vn 0.2832 0.3525 -0.8919
vn 0.0792 0.1008 -0.9918
vn 0.1316 0.1701 -0.9766
vn 0.3727 0.4745 -0.7974
vn 0.2817 0.3540 -0.8918
vn 0.1307 0.1708 -0.9766
vn 0.0554 0.0661 -0.9963
vn -0.1072 -0.1364 -0.9848
vn -0.0546 -0.0668 -0.9963
vn 0.1072 0.1364 -0.9848
vn 0.0546 0.0668 -0.9963
vn -0.0554 -0.0661 -0.9963
vn -0.1307 -0.1708 -0.9766
vn -0.3727 -0.4745 -0.7974
vn -0.2817 -0.3540 -0.8918
vn -0.0792 -0.1008 -0.9918
vn -0.1316 -0.1701 -0.9766
vn -0.2832 -0.3525 -0.8919
vn -0.3832 -0.4949 -0.7799
vn -0.5909 -0.7524 -0.2911
vn -0.5405 -0.6839 -0.4900
vn -0.2941 -0.3745 -0.8794
vn -0.3846 -0.4937 -0.7800
vn -0.5421 -0.6826 -0.4901
vn -0.5756 -0.7382 -0.3518
vn -0.6156 -0.7838 0.0817
vn -0.6181 -0.7854 -0.0324
vn -0.5188 -0.6607 -0.5425
vn -0.5768 -0.7373 -0.3518
vn -0.6186 -0.7850 -0.0323
vn -0.0359 -0.0476 -0.9982
vn 0.0109 0.0145 -0.9998
vn -0.0132 -0.0159 -0.9998
vn 0.0109 0.0145 0.9998
vn -0.0119 -0.0170 0.9998
vn -0.0362 -0.0473 0.9982
vn -0.0122 -0.0167 0.9998
vn 0.6022 0.7984 -0.0000
vn -0.0483 -0.0635 0.9968
vn -0.0246 -0.0326 0.9992
vn -0.0714 -0.0946 0.9930
vn -0.0713 -0.0945 0.9930
vn -0.0484 -0.0633 0.9968
vn -0.0714 -0.0946 -0.9930
vn -0.0475 -0.0641 -0.9968
vn -0.0242 -0.0329 -0.9992
vn -0.0713 -0.0945 -0.9930
vn -0.0478 -0.0638 -0.9968
vn 0.6109 0.7917 -0.0000
vn -0.6109 -0.7917 -0.0000
vn -0.0675 -0.0875 -0.9939
vn -0.0172 -0.0225 -0.9996
vn -0.0438 -0.0540 -0.9976
vn -0.0456 -0.0530 -0.9976
vn -0.0011 -0.0075 -1.0000
vn 0.0208 0.0270 -0.9994
vn -0.0295 -0.0381 -0.9988
vn -0.0028 -0.0065 -1.0000
vn 0.0208 0.0270 0.9994
vn -0.0295 -0.0381 0.9988
vn -0.0057 -0.0043 1.0000
vn -0.0072 -0.0028 1.0000
vn -0.0395 -0.0576 0.9976
vn -0.0675 -0.0875 0.9939
vn -0.0172 -0.0225 0.9996
vn -0.0410 -0.0561 0.9976
vn 0.6147 0.7887 -0.0001
vn 0.4456 0.8952 -0.0002
vn 0.5065 0.8622 0.0041
vn 0.6148 0.7887 -0.0000
vn 0.6148 0.7887 -0.0001
vn 0.5066 0.8622 0.0065
vn -0.6162 -0.7876 -0.0000
vn -0.7604 -0.6494 0.0002
vn -0.7130 -0.7012 -0.0041
vn -0.6162 -0.7876 -0.0001
vn -0.7130 -0.7012 -0.0066
vn 0.6164 0.7874 -0.0002
vn 0.6164 0.7874 -0.0000
vn 0.6165 0.7874 -0.0004
vn -0.6173 -0.7867 -0.0001
vn 0.0335 0.0407 -0.9986
vn -0.1904 0.1893 -0.9633
vn 0.0345 0.2526 -0.9670
vn 0.1241 0.1561 -0.9799
vn 0.0289 0.0396 -0.9988
vn 0.0324 0.2510 -0.9674
vn -0.0085 -0.0074 -0.9999
vn -0.1329 -0.1724 -0.9760
vn -0.2411 -0.0984 -0.9655
vn -0.2291 0.1400 -0.9633
vn -0.0070 -0.0102 -0.9999
vn -0.2405 -0.0981 -0.9657
vn 0.0345 0.2525 0.9670
vn -0.1733 0.1310 0.9761
vn 0.0183 0.0220 0.9996
vn 0.1241 0.1561 0.9799
vn 0.0324 0.2511 0.9674
vn 0.0136 0.0210 0.9997
vn -0.2071 0.0853 0.9746
vn -0.2962 -0.0509 0.9538
vn -0.1349 -0.1760 0.9751
vn -0.0197 -0.0291 0.9994
vn -0.2056 0.0863 0.9748
vn -0.1340 -0.1751 0.9754
vn -0.1342 -0.1714 -0.9760
vn -0.0645 -0.0762 -0.9950
vn -0.0667 -0.0748 -0.9950
vn 0.0369 0.0338 -0.9987
vn 0.0344 0.0356 -0.9988
vn 0.0476 0.0660 0.9967
vn 0.0458 0.0677 0.9967
vn -0.0139 -0.0345 0.9993
vn 0.0132 0.0167 0.9998
vn -0.0169 -0.0317 0.9994
vn -0.8206 -0.5707 -0.0304
vn -0.8625 -0.5055 0.0236
vn -0.6471 0.2618 0.7160
vn 0.3564 0.9339 0.0301
vn 0.2838 0.9586 -0.0234
vn -0.4076 0.5668 0.7160
vn -0.8947 0.1260 0.4286
vn -0.4452 0.0858 0.8913
vn -0.3432 0.2418 0.9076
vn -0.3637 0.2104 0.9074
vn -0.1250 0.3589 0.9250
vn -0.3345 0.8393 0.4286
vn -0.8886 0.0674 0.4536
vn -0.3442 0.2201 0.9127
vn -0.2761 0.8474 0.4536
vn -0.5396 0.5057 -0.6731
vn -0.1249 0.3590 -0.9249
vn -0.3897 0.2749 -0.8790
vn -0.3594 0.3133 -0.8790
vn -0.3821 0.0313 -0.9236
vn -0.6193 0.4043 -0.6731
vn -0.4962 0.5264 -0.6904
vn -0.3655 0.2869 -0.8855
vn -0.6290 0.3573 -0.6904
vn -0.6230 -0.7815 0.0331
vn -0.5721 -0.7411 0.3514
vn -0.6156 -0.7838 -0.0816
vn -0.6205 -0.7835 0.0326
vn -0.5675 -0.7451 0.3505
vn -0.5476 -0.6776 0.4909
vn -0.3817 -0.4962 0.7798
vn -0.5437 -0.6812 0.4903
vn -0.3780 -0.4997 0.7794
vn -0.2849 -0.3509 0.8920
vn -0.1310 -0.1706 0.9766
vn -0.2827 -0.3530 0.8919
vn -0.1298 -0.1717 0.9766
vn -0.0561 -0.0655 0.9963
vn 0.0550 0.0665 0.9963
vn -0.0550 -0.0665 0.9963
vn 0.0561 0.0655 0.9963
vn 0.1298 0.1717 0.9766
vn 0.2827 0.3530 0.8919
vn 0.1310 0.1706 0.9766
vn 0.2849 0.3510 0.8920
vn 0.3780 0.4997 0.7793
vn 0.5437 0.6812 0.4903
vn 0.3817 0.4962 0.7798
vn 0.5477 0.6775 0.4909
vn 0.5675 0.7450 0.3506
vn 0.6205 0.7835 0.0326
vn 0.5188 0.6606 0.5426
vn 0.5721 0.7410 0.3516
vn 0.6230 0.7815 0.0331
vn 0.6115 0.7905 -0.0331
vn 0.5843 0.7315 -0.3516
vn 0.6141 0.7886 -0.0326
vn 0.5893 0.7279 -0.3505
vn 0.5284 0.6927 -0.4909
vn 0.3917 0.4884 -0.7798
vn 0.5329 0.6896 -0.4903
vn 0.3959 0.4857 -0.7793
vn 0.2734 0.3600 -0.8920
vn 0.1346 0.1677 -0.9766
vn 0.2760 0.3583 -0.8919
vn 0.1361 0.1668 -0.9766
vn 0.0504 0.0700 -0.9963
vn -0.0516 -0.0691 -0.9963
vn 0.0516 0.0691 -0.9963
vn -0.0504 -0.0700 -0.9963
vn -0.1361 -0.1668 -0.9766
vn -0.2760 -0.3583 -0.8919
vn -0.1346 -0.1677 -0.9766
vn -0.2734 -0.3600 -0.8920
vn -0.3959 -0.4857 -0.7793
vn -0.5909 -0.7523 -0.2911
vn -0.5329 -0.6896 -0.4903
vn -0.2941 -0.3744 -0.8794
vn -0.3917 -0.4884 -0.7798
vn -0.5284 -0.6926 -0.4909
vn -0.5893 -0.7280 -0.3505
vn -0.6156 -0.7838 0.0816
vn -0.6141 -0.7886 -0.0326
vn -0.5189 -0.6607 -0.5425
vn -0.5843 -0.7315 -0.3514
vn -0.6115 -0.7905 -0.0331
vn -0.0395 -0.0522 0.9979
vn -0.0535 -0.0922 0.9943
vn -0.0112 -0.0693 0.9975
vn -0.0535 -0.0922 -0.9943
vn -0.0395 -0.0522 -0.9979
vn -0.0112 -0.0693 -0.9975
vn 0.5741 0.8188 -0.0000
vn 0.5734 0.8193 -0.0001
vn -0.0059 -0.0311 -0.9995
vn 0.0002 -0.0526 -0.9986
vn -0.0080 -0.0634 -0.9980
vn -0.0266 -0.0386 -0.9989
vn -0.0009 -0.0292 -0.9996
vn -0.0076 -0.0639 -0.9979
vn -0.0009 -0.0292 0.9996
vn -0.0266 -0.0386 0.9989
vn -0.0076 -0.0639 0.9979
vn 0.0002 -0.0526 0.9986
vn -0.0059 -0.0311 0.9995
vn -0.0080 -0.0634 0.9980
vn -0.0152 -0.0474 -0.9988
vn -0.0290 -0.0430 -0.9987
vn 0.0104 0.0147 -0.9998
vn 0.0042 -0.0371 -0.9993
vn -0.0201 -0.0469 -0.9987
vn 0.0103 0.0143 -0.9998
vn -0.0201 -0.0469 0.9987
vn 0.0042 -0.0371 0.9993
vn 0.0101 0.0143 0.9998
vn -0.0156 -0.0239 0.9996
vn -0.0152 -0.0474 0.9988
vn 0.0103 0.0142 0.9998
vn 0.5752 0.8180 -0.0000
vn 0.5760 0.8175 -0.0000
vn 0.5807 0.8141 0.0002
vn 0.5878 0.8090 -0.0000
vn 0.5724 0.8200 -0.0000
vn 0.5807 0.8141 -0.0001
vn -0.0267 -0.0634 0.9976
vn -0.0295 -0.0380 0.9988
vn -0.0695 -0.0970 0.9929
vn -0.0445 -0.0969 0.9943
vn -0.0302 -0.0596 0.9978
vn -0.0699 -0.0976 0.9928
vn -0.0302 -0.0596 -0.9978
vn -0.0445 -0.0969 -0.9943
vn -0.0699 -0.0982 -0.9927
vn -0.0428 -0.0571 -0.9975
vn -0.0267 -0.0634 -0.9976
vn -0.0694 -0.0976 -0.9928
vn 0.0103 0.0145 -0.9998
vn -0.0286 -0.0432 -0.9987
vn -0.0245 -0.0319 -0.9992
vn 0.0110 0.0144 -0.9998
vn -0.0147 -0.0242 0.9996
vn 0.0106 0.0146 0.9998
vn -0.0229 -0.0330 0.9992
vn -0.0162 -0.0235 0.9996
vn 0.5789 0.8154 0.0001
vn 0.5719 0.8203 -0.0000
vn 0.5930 0.8052 0.0002
vn 0.6000 0.8000 -0.0000
vn 0.5789 0.8154 -0.0002
vn 0.5930 0.8052 -0.0001
vn -0.0689 -0.0975 0.9929
vn -0.0294 -0.0382 0.9988
vn -0.0355 -0.0481 0.9982
vn -0.0706 -0.0947 0.9930
vn -0.0690 -0.0975 0.9928
vn -0.0371 -0.0472 0.9982
vn -0.0419 -0.0578 -0.9974
vn -0.0688 -0.0980 -0.9928
vn -0.0697 -0.0952 -0.9930
vn -0.0367 -0.0474 -0.9982
vn -0.0414 -0.0583 -0.9974
vn -0.0230 -0.0329 -0.9992
vn -0.0125 -0.0165 -0.9998
vn -0.0218 -0.0336 0.9992
vn 0.0108 0.0145 0.9998
vn -0.0349 -0.0483 0.9982
vn -0.0231 -0.0329 0.9992
vn 0.5912 0.8065 0.0001
vn 0.5841 0.8116 -0.0000
vn 0.5981 0.8014 -0.0000
vn 0.5912 0.8065 -0.0002
vn -0.0699 -0.0952 0.9930
vn -0.0360 -0.0481 0.9982
vn -0.0477 -0.0635 0.9968
vn -0.0707 -0.0947 0.9930
vn -0.0699 -0.0953 0.9930
vn -0.0484 -0.0631 0.9968
vn -0.0358 -0.0482 -0.9982
vn -0.0693 -0.0956 -0.9930
vn -0.0707 -0.0948 -0.9930
vn -0.0250 -0.0320 -0.9992
vn -0.0354 -0.0485 -0.9982
vn -0.0707 -0.0947 -0.9930
vn -0.1546 -0.0074 0.9880
vn 0.1546 0.0074 -0.9880
vn -0.1545 -0.0074 0.9880
vn -0.2192 -0.0299 0.9752
vn -0.5663 0.0167 0.8240
vn -0.7071 0.0396 0.7060
vn -0.5666 0.0168 0.8239
vn -0.9347 0.0639 0.3496
vn -0.6982 -0.0375 0.7149
vn -0.9347 0.0638 0.3496
vn -0.6983 -0.0374 0.7148
vn -0.8816 -0.0762 0.4659
vn -0.6982 -0.0374 0.7149
vn -0.5663 0.0168 0.8240
vn -0.5666 0.0167 0.8238
vn -0.6984 -0.0374 0.7147
vn -0.9347 0.0638 0.3495
vn -0.8817 -0.0763 0.4657
vn -0.6984 -0.0376 0.7147
vn -0.8209 -0.1533 0.5502
vn -0.4346 -0.0608 0.8986
vn -0.8207 -0.1534 0.5503
vn -0.4350 -0.0606 0.8984
vn -0.5613 -0.2603 0.7856
vn -0.6983 -0.0375 0.7148
vn -0.8207 -0.1532 0.5504
vn -0.4347 -0.0605 0.8985
vn -0.3491 -0.0546 0.9355
vn -0.5611 -0.2602 0.7858
vn -0.3490 -0.0547 0.9355
vn -0.3316 -0.1206 0.9357
vn -0.3494 -0.0549 0.9353
vn -0.3321 -0.1208 0.9355
vn -0.5612 -0.2602 0.7857
vn -0.3682 -0.0542 0.9282
vn -0.2666 -0.0404 0.9630
vn -0.3708 -0.1726 0.9125
vn -0.2669 -0.0405 0.9629
vn -0.3686 -0.0544 0.9280
vn -0.3190 -0.1972 0.9270
vn -0.3704 -0.1725 0.9127
vn -0.5611 -0.2603 0.7857
vn -0.3317 -0.1211 0.9356
vn -0.3191 -0.1972 0.9270
vn -0.2080 -0.0267 0.9778
vn -0.2079 -0.0267 0.9778
vn -0.3189 -0.1971 0.9271
vn -0.2083 -0.0268 0.9777
vn -0.3706 -0.1725 0.9126
vn -0.3190 -0.1969 0.9271
vn -0.5664 0.0167 0.8239
vn -0.7069 0.0396 0.7062
vn -0.2195 -0.0300 0.9752
vn -0.2193 -0.0298 0.9752
vn 0.0875 -0.0157 -0.9960
vn -0.3566 0.0335 -0.9336
vn -0.8347 0.0619 -0.5472
vn -0.3572 0.0336 -0.9334
vn -0.5766 0.0592 -0.8149
vn -0.5652 -0.0318 -0.8244
vn -0.8572 -0.0805 -0.5087
vn -0.5654 -0.0319 -0.8242
vn -0.3567 0.0335 -0.9336
vn -0.5652 -0.0320 -0.8244
vn -0.5653 -0.0320 -0.8243
vn -0.3571 0.0337 -0.9335
vn -0.7693 -0.1710 -0.6155
vn -0.5654 -0.0320 -0.8242
vn -0.8572 -0.0806 -0.5087
vn -0.1719 -0.0523 -0.9837
vn -0.3697 -0.2880 -0.8834
vn -0.1722 -0.0525 -0.9837
vn -0.7692 -0.1711 -0.6157
vn -0.7691 -0.1710 -0.6158
vn -0.1723 -0.0524 -0.9837
vn -0.5652 -0.0319 -0.8243
vn -0.1718 -0.0524 -0.9837
vn -0.1718 -0.0523 -0.9837
vn -0.3696 -0.2880 -0.8835
vn -0.0618 -0.0436 -0.9971
vn -0.1720 -0.0524 -0.9837
vn -0.0617 -0.0436 -0.9971
vn -0.0436 -0.1144 -0.9925
vn -0.3696 -0.2880 -0.8834
vn -0.0437 -0.1144 -0.9925
vn -0.0622 -0.0441 -0.9971
vn 0.0354 -0.0271 -0.9990
vn -0.0856 -0.0436 -0.9954
vn 0.0355 -0.0272 -0.9990
vn -0.0861 -0.0437 -0.9953
vn 0.0351 -0.0273 -0.9990
vn -0.0954 -0.1732 -0.9803
vn -0.3695 -0.2881 -0.8834
vn -0.0948 -0.1736 -0.9802
vn -0.0334 -0.1965 -0.9799
vn -0.0335 -0.1965 -0.9799
vn -0.0435 -0.1147 -0.9924
vn 0.0996 -0.0123 -0.9950
vn -0.0330 -0.1963 -0.9800
vn -0.0436 -0.1143 -0.9925
vn -0.0331 -0.1961 -0.9800
vn 0.0992 -0.0125 -0.9950
vn -0.0949 -0.1731 -0.9803
vn 0.0354 -0.0272 -0.9990
vn -0.0331 -0.1963 -0.9800
vn -0.0950 -0.1730 -0.9803
vn 0.0872 -0.0158 -0.9961
vn -0.5763 0.0592 -0.8151
vn -0.3567 0.0333 -0.9336
vn -0.3566 0.0334 -0.9336
vn -0.9348 0.0638 0.3495
vn -0.9953 0.0965 0.0125
vn -0.6985 -0.7152 0.0250
vn 0.1227 0.2204 0.9677
vn -0.0724 0.0615 0.9955
vn -0.2191 0.1022 0.9703
vn 0.1226 0.2205 0.9677
vn -0.2192 0.1024 0.9703
vn -0.4114 -0.1294 0.9022
vn -0.2195 0.1021 0.9702
vn -0.5224 -0.2644 0.8107
vn -0.4115 -0.1293 0.9022
vn -0.5224 -0.2647 0.8106
vn -0.5582 -0.3543 0.7502
vn -0.4115 -0.1294 0.9022
vn -0.4114 -0.1292 0.9022
vn -0.3123 -0.0574 0.9483
vn 0.1231 0.2205 0.9676
vn 0.1230 0.2205 0.9676
vn -0.3123 -0.0575 0.9483
vn 0.2601 0.1792 0.9488
vn -0.6777 -0.1562 0.7186
vn -0.2311 -0.0039 0.9729
vn -0.3128 -0.0576 0.9481
vn -0.6776 -0.1561 0.7187
vn -0.6731 -0.1521 0.7237
vn -0.6731 -0.1521 0.7238
vn -0.4376 -0.1389 0.8884
vn -0.2308 -0.0038 0.9730
vn -0.6732 -0.1523 0.7236
vn -0.7207 -0.2770 0.6354
vn -0.7207 -0.2770 0.6355
vn -0.3347 -0.0493 0.9410
vn -0.4377 -0.1388 0.8884
vn -0.7208 -0.2770 0.6354
vn -0.7466 -0.2165 0.6290
vn -0.3347 -0.0491 0.9410
vn -0.7467 -0.2164 0.6290
vn -0.3125 -0.0605 0.9480
vn -0.3348 -0.0488 0.9410
vn -0.2305 -0.0037 0.9731
vn 0.2601 0.1793 0.9488
vn -0.2306 -0.0037 0.9730
vn 0.2409 0.1095 0.9643
vn 0.2409 0.1095 0.9644
vn 0.2464 0.1464 0.9581
vn -0.4372 -0.1389 0.8886
vn 0.2463 0.1465 0.9580
vn -0.3345 -0.0487 0.9411
vn 0.2464 0.1466 0.9580
vn 0.2463 0.1466 0.9580
vn 0.2274 0.2168 0.9494
vn 0.2274 0.2167 0.9494
vn -0.3344 -0.0486 0.9412
vn 0.2349 0.1280 0.9636
vn -0.3123 -0.0605 0.9481
vn 0.2348 0.1279 0.9636
vn -0.3121 -0.0604 0.9481
vn 0.2302 0.1193 0.9658
vn -0.3123 -0.0604 0.9481
vn -0.5730 -0.1567 0.8044
vn 0.2306 0.1194 0.9657
vn -0.3124 -0.0605 0.9480
vn -0.7466 -0.2168 0.6290
vn -0.5733 -0.1566 0.8042
vn -0.7467 -0.2165 0.6290
vn -0.7406 -0.2208 0.6346
vn -0.5733 -0.1567 0.8042
vn -0.7460 -0.2317 0.6243
vn -0.7460 -0.2318 0.6243
vn -0.3116 -0.0662 0.9479
vn -0.5731 -0.1566 0.8044
vn -0.3112 -0.0660 0.9480
vn 0.2305 0.1194 0.9657
vn -0.3111 -0.0660 0.9481
vn 0.2216 0.1394 0.9651
vn 0.2303 0.1193 0.9658
vn -0.0426 0.0200 0.9989
vn -0.5552 -0.1858 0.8107
vn -0.2239 -0.0302 0.9742
vn -0.5553 -0.1857 0.8106
vn -0.5606 -0.1818 0.8079
vn -0.2236 -0.0299 0.9742
vn -0.5606 -0.1819 0.8079
vn -0.5617 -0.1962 0.8037
vn -0.2236 -0.0300 0.9742
vn -0.3151 -0.0841 0.9453
vn -0.3628 -0.1236 0.9236
vn -0.1237 0.0253 0.9920
vn -0.3628 -0.1235 0.9236
vn -0.3154 -0.1638 0.9347
vn -0.3152 -0.1638 0.9348
vn -0.1847 -0.1040 0.9773
vn -0.3153 -0.0842 0.9453
vn -0.3632 -0.1238 0.9234
vn -0.5618 -0.1963 0.8037
vn -0.4944 -0.2110 0.8433
vn -0.3633 -0.1238 0.9234
vn -0.3631 -0.1241 0.9234
vn -0.4943 -0.2111 0.8433
vn -0.3156 -0.1640 0.9346
vn -0.4943 -0.2107 0.8434
vn -0.4462 -0.2202 0.8674
vn -0.3155 -0.1639 0.9347
vn -0.3285 -0.2246 0.9174
vn -0.3281 -0.2245 0.9176
vn -0.2169 -0.2005 0.9554
vn -0.2165 -0.2003 0.9555
vn -0.1846 -0.1045 0.9772
vn -0.6777 -0.1563 0.7185
vn -0.3125 -0.0576 0.9482
vn -0.6483 -0.2640 0.7141
vn -0.5584 -0.3542 0.7501
vn -0.6482 -0.2642 0.7141
vn -0.4116 -0.1294 0.9021
vn -0.6483 -0.2641 0.7141
vn -0.5618 -0.1960 0.8037
vn -0.3153 -0.0841 0.9452
vn -0.4051 -0.1152 0.9070
vn -0.3152 -0.0840 0.9453
vn 0.0058 0.0823 0.9966
vn -0.4050 -0.1151 0.9071
vn -0.2234 -0.0300 0.9743
vn -0.2236 -0.0301 0.9742
vn -0.5618 -0.1963 0.8036
vn -0.4051 -0.1151 0.9070
vn -0.0420 0.0202 0.9989
vn -0.2231 -0.0297 0.9743
vn 0.4015 0.1989 0.8940
vn 0.2082 0.1865 0.9601
vn 0.4014 0.1989 0.8941
vn 0.0062 0.0825 0.9966
vn 0.2082 0.1866 0.9601
vn -0.2234 -0.0299 0.9743
vn 0.1031 0.0985 0.9898
vn -0.4897 -0.1251 0.8629
vn -0.4698 -0.1275 0.8735
vn 0.1031 0.0987 0.9898
vn -0.4699 -0.1274 0.8735
vn 0.0834 0.0797 0.9933
vn -0.4732 -0.1333 0.8708
vn -0.0421 0.0202 0.9989
vn 0.4014 0.1989 0.8940
vn 0.1463 0.1031 0.9839
vn -0.4732 -0.1332 0.8708
vn 0.1456 0.1029 0.9840
vn -0.0426 0.0199 0.9989
vn -0.4866 -0.1536 0.8600
vn -0.0426 0.0201 0.9989
vn -0.4865 -0.1534 0.8601
vn -0.4865 -0.1535 0.8601
vn -0.1236 0.0255 0.9920
vn 0.2078 0.1864 0.9602
vn -0.0452 0.0761 0.9961
vn 0.0060 0.0824 0.9966
vn -0.0451 0.0761 0.9961
vn -0.0453 0.0760 0.9961
vn -0.0454 0.0760 0.9961
vn -0.4901 -0.1252 0.8627
vn -0.4734 -0.1334 0.8707
vn -0.4703 -0.1276 0.8732
vn -0.7301 -0.2372 0.6408
vn -0.7302 -0.2373 0.6407
vn -0.5553 -0.1859 0.8106
vn -0.4868 -0.1537 0.8599
vn -0.4733 -0.1334 0.8707
vn -0.4869 -0.1537 0.8598
vn -0.4702 -0.1276 0.8733
vn -0.4901 -0.1252 0.8626
vn -0.7303 -0.2373 0.6406
vn -0.4901 -0.1250 0.8626
vn 0.1036 0.0987 0.9897
vn 0.0837 0.0798 0.9933
vn 0.4121 0.1944 0.8902
vn 0.1462 0.1031 0.9839
vn 0.4119 0.1944 0.8902
vn 0.0839 0.0799 0.9933
vn -0.3110 -0.0661 0.9481
vn -0.4898 -0.1250 0.8629
vn 0.2219 0.1395 0.9650
vn 0.2215 0.1393 0.9651
vn -0.4897 -0.1249 0.8629
vn 0.1034 0.0988 0.9897
vn 0.4120 0.1941 0.8903
vn 0.2221 0.1396 0.9650
vn 0.1035 0.0987 0.9897
vn 0.0860 0.1187 -0.9892
vn 0.2325 0.0742 -0.9698
vn 0.3894 0.2138 -0.8959
vn -0.1446 -0.1275 -0.9812
vn 0.0862 0.1193 -0.9891
vn 0.3894 0.2139 -0.8959
vn -0.1450 -0.1278 -0.9812
vn -0.3124 -0.2896 -0.9047
vn 0.0859 0.1187 -0.9892
vn -0.1450 -0.1281 -0.9811
vn -0.3792 -0.3970 -0.8359
vn -0.3124 -0.2901 -0.9046
vn 0.3896 0.2138 -0.8958
vn -0.0176 -0.0461 -0.9988
vn 0.4932 0.1707 -0.8530
vn -0.0177 -0.0458 -0.9988
vn -0.0181 -0.0462 -0.9988
vn 0.0752 0.0110 -0.9971
vn -0.5402 -0.1723 -0.8237
vn 0.0751 0.0110 -0.9971
vn -0.5327 -0.1674 -0.8296
vn -0.5401 -0.1723 -0.8238
vn -0.1802 -0.1397 -0.9737
vn -0.1801 -0.1399 -0.9736
vn -0.6221 -0.3163 -0.7162
vn -0.5327 -0.1675 -0.8295
vn -0.1802 -0.1400 -0.9736
vn -0.0443 -0.0373 -0.9983
vn -0.0441 -0.0372 -0.9983
vn -0.6570 -0.2456 -0.7128
vn -0.6222 -0.3162 -0.7161
vn -0.0443 -0.0374 -0.9983
vn -0.0181 -0.0494 -0.9986
vn -0.6571 -0.2453 -0.7128
vn 0.4932 0.1708 -0.8530
vn 0.0756 0.0112 -0.9971
vn -0.0176 -0.0460 -0.9988
vn 0.4831 0.1098 -0.8687
vn 0.0757 0.0112 -0.9971
vn 0.4933 0.1705 -0.8530
vn 0.4852 0.1424 -0.8627
vn 0.4851 0.1423 -0.8628
vn -0.1796 -0.1397 -0.9738
vn 0.4851 0.1424 -0.8628
vn -0.0438 -0.0372 -0.9983
vn -0.1797 -0.1399 -0.9737
vn 0.4677 0.2050 -0.8598
vn -0.0438 -0.0371 -0.9983
vn 0.4778 0.1265 -0.8693
vn 0.4677 0.2049 -0.8598
vn 0.4778 0.1264 -0.8693
vn -0.0176 -0.0493 -0.9986
vn -0.0439 -0.0372 -0.9983
vn 0.4750 0.1191 -0.8719
vn -0.0177 -0.0493 -0.9986
vn 0.4776 0.1263 -0.8694
vn -0.3764 -0.1679 -0.9111
vn -0.0178 -0.0491 -0.9986
vn -0.3769 -0.1680 -0.9109
vn -0.6567 -0.2463 -0.7128
vn -0.0182 -0.0495 -0.9986
vn -0.6479 -0.2504 -0.7194
vn -0.6569 -0.2457 -0.7128
vn -0.3768 -0.1680 -0.9109
vn -0.6575 -0.2637 -0.7058
vn -0.6478 -0.2507 -0.7194
vn -0.0169 -0.0553 -0.9983
vn 0.4751 0.1191 -0.8718
vn -0.0164 -0.0552 -0.9983
vn 0.4681 0.1369 -0.8730
vn 0.0827 -0.0158 -0.9965
vn -0.3522 -0.2008 -0.9142
vn 0.2604 0.0336 -0.9649
vn 0.0826 -0.0159 -0.9965
vn -0.3599 -0.1966 -0.9120
vn -0.3524 -0.2011 -0.9140
vn 0.0827 -0.0160 -0.9964
vn -0.3632 -0.2136 -0.9069
vn -0.3597 -0.1967 -0.9121
vn 0.1848 0.0398 -0.9820
vn -0.0820 -0.1191 -0.9895
vn -0.0217 -0.0745 -0.9970
vn 0.1847 0.0398 -0.9820
vn -0.0264 -0.1602 -0.9867
vn 0.1222 -0.0909 -0.9883
vn -0.0265 -0.1601 -0.9867
vn -0.0825 -0.1193 -0.9894
vn -0.0222 -0.0748 -0.9969
vn -0.2656 -0.2256 -0.9373
vn -0.0265 -0.1603 -0.9867
vn -0.2655 -0.2256 -0.9374
vn -0.0824 -0.1193 -0.9894
vn -0.0265 -0.1602 -0.9867
vn -0.1990 -0.2322 -0.9521
vn -0.0470 -0.2274 -0.9727
vn -0.1988 -0.2323 -0.9521
vn 0.0834 -0.1927 -0.9777
vn -0.0467 -0.2273 -0.9727
vn 0.1221 -0.0911 -0.9883
vn 0.0832 -0.1925 -0.9778
vn -0.5050 -0.2987 -0.8098
vn -0.0178 -0.0459 -0.9988
vn -0.5050 -0.2988 -0.8098
vn -0.3792 -0.3969 -0.8359
vn -0.1451 -0.1279 -0.9811
vn -0.0182 -0.0462 -0.9988
vn -0.1355 -0.1119 -0.9844
vn -0.0221 -0.0747 -0.9970
vn -0.3633 -0.2127 -0.9071
vn -0.1353 -0.1118 -0.9845
vn 0.3012 0.0921 -0.9491
vn 0.0831 -0.0157 -0.9964
vn -0.1356 -0.1119 -0.9844
vn 0.0828 -0.0159 -0.9964
vn 0.5879 0.1822 -0.7881
vn 0.0832 -0.0158 -0.9964
vn 0.2608 0.0338 -0.9648
vn 0.0832 -0.0157 -0.9964
vn 0.5878 0.1824 -0.7882
vn 0.4556 0.1792 -0.8720
vn 0.0831 -0.0158 -0.9964
vn 0.3014 0.0922 -0.9490
vn -0.2236 -0.1286 -0.9662
vn -0.2514 -0.1268 -0.9595
vn 0.3804 0.1041 -0.9189
vn 0.3656 0.0875 -0.9267
vn -0.2288 -0.1355 -0.9640
vn -0.2237 -0.1285 -0.9662
vn 0.3656 0.0876 -0.9267
vn 0.4136 0.1069 -0.9042
vn 0.5878 0.1824 -0.7881
vn 0.2608 0.0339 -0.9648
vn 0.4132 0.1066 -0.9044
vn -0.2491 -0.1594 -0.9553
vn 0.2603 0.0336 -0.9649
vn -0.3519 -0.2011 -0.9142
vn -0.2492 -0.1593 -0.9553
vn 0.4131 0.1067 -0.9044
vn -0.2289 -0.1354 -0.9640
vn 0.4132 0.1067 -0.9044
vn 0.2569 0.0873 -0.9625
vn 0.4554 0.1792 -0.8721
vn 0.1848 0.0399 -0.9820
vn 0.2569 0.0874 -0.9625
vn 0.4555 0.1792 -0.8720
vn 0.2566 0.0873 -0.9626
vn 0.2565 0.0871 -0.9626
vn -0.6574 -0.2638 -0.7058
vn -0.0169 -0.0554 -0.9983
vn -0.2520 -0.1270 -0.9594
vn -0.6327 -0.2699 -0.7259
vn -0.2241 -0.1287 -0.9660
vn -0.2291 -0.1356 -0.9639
vn -0.2497 -0.1595 -0.9551
vn -0.3524 -0.2009 -0.9140
vn -0.2289 -0.1355 -0.9640
vn -0.2519 -0.1271 -0.9594
vn -0.6328 -0.2699 -0.7258
vn -0.6574 -0.2637 -0.7059
vn 0.5949 0.1782 -0.7838
vn 0.3657 0.0876 -0.9266
vn 0.3808 0.1043 -0.9188
vn 0.4136 0.1068 -0.9042
vn 0.3657 0.0875 -0.9266
vn -0.2515 -0.1268 -0.9595
vn -0.0164 -0.0551 -0.9983
vn 0.3805 0.1042 -0.9189
vn -0.2515 -0.1269 -0.9595
vn 0.4678 0.1368 -0.8732
vn 0.5956 0.1783 -0.7832
vn -0.9991 -0.0386 0.0153
vn -0.9998 0.0149 0.0142
vn -0.9973 0.0729 0.0130
vn 0.8780 0.4781 -0.0227
vn 0.8895 0.4563 -0.0223
vn 0.8932 0.4492 -0.0223
vn 0.9198 0.3918 -0.0215
vn 0.8815 0.4716 -0.0226
vn 0.9322 0.3613 -0.0211
vn 0.8116 0.5838 -0.0239
vn -0.9777 -0.2094 0.0186
vn -0.9794 -0.2011 0.0185
vn -0.9811 -0.1928 0.0181
vn -0.9794 -0.2012 0.0185
vn 0.9748 0.2221 -0.0188
vn 0.9609 0.2762 -0.0187
vn 0.9918 0.1269 -0.0171
vn -0.9811 -0.1928 0.0182
vn -0.9794 -0.2010 0.0185
vn -0.9878 -0.1545 0.0176
vn -0.9878 -0.1545 0.0174
vn -0.9878 -0.1545 0.0175
vn -0.9422 -0.3345 0.0206
vn -0.9676 -0.2518 0.0193
vn -0.9867 -0.1616 0.0177
vn 0.9405 0.3390 -0.0207
vn 0.9475 0.3190 -0.0204
vn 0.9540 0.2990 -0.0201
vn -0.9867 -0.1615 0.0177
vn -0.9676 -0.2516 0.0193
vn -0.9791 -0.2024 0.0184
vn -0.9421 -0.3348 0.0206
vn -0.9791 -0.2024 0.0185
vn 0.6831 -0.7303 0.0052
vn -0.9420 -0.3349 0.0207
vn -0.9791 -0.2027 0.0185
vn -0.8898 -0.4558 0.0224
vn -0.9420 -0.3349 0.0206
vn 0.9641 0.2648 -0.0195
vn 0.9622 0.2718 -0.0197
vn 0.9323 0.3611 -0.0211
vn 0.8816 0.4714 -0.0226
vn 0.9541 0.2989 -0.0201
vn 0.9476 0.3189 -0.0204
vn 0.9844 0.1749 -0.0180
vn 0.9999 -0.0001 -0.0145
vn 0.9609 0.2763 -0.0197
vn 0.9613 -0.2753 -0.0083
vn 0.9189 -0.3945 -0.0053
vn 0.9999 -0.0002 -0.0145
vn 0.9845 0.1747 -0.0180
vn 0.9259 -0.3777 -0.0057
vn 0.9188 -0.3948 -0.0053
vn 0.9613 -0.2755 -0.0083
vn 0.9259 -0.3776 -0.0057
vn 0.9188 -0.3948 -0.0052
vn -0.9922 -0.1236 0.0170
vn -0.9878 -0.1544 0.0175
vn 0.9260 -0.3774 -0.0057
vn 0.9844 0.1748 -0.0180
vn -0.8404 -0.5414 0.0234
vn -0.8141 -0.5802 0.0239
vn -0.8881 -0.4591 0.0224
vn -0.9096 -0.4148 0.0218
vn -0.9097 -0.4147 0.0218
vn -0.9518 -0.3059 0.0201
vn -0.9712 -0.2376 0.0190
vn -0.9518 -0.3059 0.0202
vn 0.9854 0.1691 -0.0178
vn 0.9754 0.2197 -0.0179
vn 0.9696 0.2441 -0.0192
vn 0.9282 0.3714 -0.0212
vn -0.9712 -0.2375 0.0190
vn -0.9519 -0.3058 0.0203
vn -0.9480 -0.3175 0.0204
vn -0.8756 -0.4824 0.0228
vn -0.9480 -0.3175 0.0203
vn -0.8756 -0.4826 0.0227
vn -0.8390 -0.5437 0.0235
vn -0.8945 -0.4465 0.0222
vn 0.9295 0.3683 -0.0212
vn 0.8794 0.4756 -0.0226
vn 0.9754 0.2199 -0.0187
vn 0.9854 0.1692 -0.0178
vn 0.8105 0.5853 -0.0239
vn 0.8793 0.4757 -0.0226
vn 0.9294 0.3685 -0.0212
vn -0.8946 -0.4464 0.0223
vn -0.8391 -0.5435 0.0235
vn -0.9393 -0.3424 0.0208
vn -0.9447 -0.3272 0.0205
vn 0.9903 0.1379 -0.0172
vn 0.9787 0.2044 -0.0184
vn 0.9976 0.0675 -0.0159
vn -0.9393 -0.3423 0.0208
vn -0.9501 -0.3111 0.0202
vn -0.9504 -0.3104 0.0203
vn -0.9502 -0.3110 0.0202
vn 0.9604 0.2780 -0.0198
vn 0.9569 0.2897 -0.0199
vn 0.9787 0.2045 -0.0184
vn 0.9903 0.1382 -0.0173
vn -0.9504 -0.3102 0.0203
vn -0.9470 -0.3206 0.0204
vn -0.9433 -0.3312 0.0205
vn -0.9505 -0.3102 0.0203
vn 0.9509 0.3089 -0.0203
vn 0.9483 0.3167 -0.0204
vn 0.9569 0.2898 -0.0199
vn 0.9604 0.2780 -0.0197
vn -0.9433 -0.3313 0.0206
vn -0.9470 -0.3205 0.0204
vn -0.9363 -0.3505 0.0209
vn -0.9331 -0.3589 0.0210
vn 0.9401 0.3403 -0.0207
vn 0.9341 0.3565 -0.0210
vn 0.9508 0.3090 -0.0203
vn 0.9401 0.3404 -0.0207
vn 0.9282 0.3715 -0.0212
vn 0.9695 0.2442 -0.0191
vn 0.8876 0.4600 -0.0225
vn 0.9030 0.4290 -0.0220
vn 0.9031 0.4288 -0.0220
vn 0.8877 0.4599 -0.0225
vn 0.9421 0.3346 -0.0206
vn 0.9629 0.2692 -0.0196
vn 0.9887 -0.1497 -0.0113
vn 0.9984 0.0546 -0.0157
vn 0.9727 0.2314 -0.0190
vn 0.9984 0.0546 -0.0156
vn -0.9331 -0.3590 0.0210
vn -0.9363 -0.3506 0.0209
vn -0.9298 -0.3675 0.0211
vn 0.9726 0.2316 -0.0190
vn 0.9984 0.0547 -0.0156
vn 0.9400 0.3405 -0.0207
vn 0.9629 0.2690 -0.0196
vn 0.9422 0.3345 -0.0216
vn 0.9894 0.1439 -0.0174
vn 0.9967 0.0798 -0.0153
vn 0.9967 0.0796 -0.0162
vn 0.9895 0.1437 -0.0174
vn 0.9924 -0.1222 -0.0119
vn 0.9553 -0.2955 -0.0078
vn 0.9327 0.3601 -0.0210
vn 0.9370 0.3487 -0.0209
vn 0.9411 0.3375 -0.0207
vn 0.9552 -0.2959 -0.0077
vn 0.9924 -0.1223 -0.0119
vn 0.8623 -0.5064 -0.0021
vn 0.9552 -0.2959 -0.0078
vn -0.1010 0.9947 -0.0191
vn -0.9840 -0.1771 0.0180
vn 0.9412 0.3373 -0.0207
vn 0.9370 0.3486 -0.0209
vn 0.9451 0.3260 -0.0205
vn 0.9411 0.3374 -0.0207
vn -0.7840 -0.6203 0.0242
vn -0.8140 -0.5803 0.0239
vn -0.8403 -0.5415 0.0234
vn 0.9137 0.4057 -0.0217
vn 0.9072 0.4202 -0.0219
vn 0.9200 0.3913 -0.0215
vn 0.9071 0.4203 -0.0219
vn -0.0618 -0.0437 -0.9971
vn -0.2195 0.1021 0.9703
vn -0.5582 -0.3543 0.7503
vn -0.6777 -0.1561 0.7186
vn -0.4376 -0.1388 0.8884
vn -0.3348 -0.0492 0.9410
vn -0.7466 -0.2166 0.6290
vn -0.3345 -0.0487 0.9412
vn -0.7407 -0.2208 0.6346
vn 0.2217 0.1394 0.9651
vn 0.2304 0.1194 0.9657
vn -0.2238 -0.0302 0.9742
vn -0.5605 -0.1819 0.8079
vn -0.4943 -0.2110 0.8433
vn -0.2164 -0.2002 0.9556
vn -0.1847 -0.1045 0.9772
vn -0.5618 -0.1959 0.8037
vn 0.0834 0.0798 0.9933
vn -0.1236 0.0254 0.9920
vn 0.2077 0.1864 0.9603
vn -0.3111 -0.0661 0.9481
vn 0.4124 0.1942 0.8900
vn -0.5401 -0.1723 -0.8237
vn -0.5401 -0.1722 -0.8238
vn -0.0182 -0.0494 -0.9986
vn 0.4853 0.1424 -0.8627
vn 0.4850 0.1425 -0.8628
vn -0.6568 -0.2462 -0.7128
vn -0.6478 -0.2506 -0.7194
vn -0.3768 -0.1680 -0.9110
vn -0.3599 -0.1967 -0.9120
vn -0.0266 -0.1602 -0.9867
vn 0.1221 -0.0910 -0.9883
vn 0.0833 -0.1924 -0.9778
vn -0.0263 -0.1602 -0.9867
vn -0.3633 -0.2131 -0.9070
vn -0.3631 -0.2135 -0.9070
vn 0.5879 0.1823 -0.7881
vn 0.2568 0.0874 -0.9625
vn -0.2519 -0.1270 -0.9594
vn -0.2290 -0.1356 -0.9639
vn -0.6327 -0.2700 -0.7259
vn 0.5879 0.1822 -0.7882
vn 0.4680 0.1369 -0.8731
vn 0.9999 -0.0000 -0.0145
vn 0.8793 0.4758 -0.0226
vn -0.8390 -0.5435 0.0235
vn -0.9393 -0.3425 0.0208
vn -0.9448 -0.3271 0.0205
vn -0.9501 -0.3112 0.0202
vn -0.9433 -0.3312 0.0206
vn 0.9509 0.3090 -0.0203
vn 0.9695 0.2442 -0.0192
vn 0.9031 0.4289 -0.0220
vn 0.8932 0.4491 -0.0223
vn 0.8895 0.4563 -0.0224
vt 0.291780 0.675050
vt 0.283050 0.675050
vt 0.285960 0.673600
vt 0.288870 0.673600
vt 0.291780 0.670690
vt 0.288870 0.672140
vt 0.283050 0.670690
vt 0.285960 0.672140
vt 0.125920 0.709470
vt 0.264800 0.569660
vt 0.403700 0.709470
vt 0.264800 0.849250
vt 0.285630 0.666000
vt 0.282440 0.667600
vt 0.292010 0.667600
vt 0.288820 0.666000
vt 0.292010 0.662810
vt 0.288820 0.664410
vt 0.282440 0.662810
vt 0.285630 0.664410
vt 0.125110 0.711360
vt 0.263090 0.572480
vt 0.401060 0.711360
vt 0.263090 0.850220
vt 0.771620 0.076500
vt 0.653330 0.156200
vt 0.653330 0.117820
vt 0.770150 0.079450
vt 0.770150 0.066650
vt 0.682540 0.066650
vt 0.770150 0.232950
vt 0.886960 0.232950
vt 0.886960 0.079450
vt 0.653330 0.232950
vt 0.770150 0.322500
vt 0.886960 0.322500
vt 0.653330 0.322500
vt 0.770150 0.424840
vt 0.770150 0.552770
vt 0.886960 0.552770
vt 0.886960 0.424840
vt 0.653330 0.552770
vt 0.653330 0.424840
vt 0.725960 0.778420
vt 0.752030 0.847860
vt 0.557420 0.847860
vt 0.654720 0.727580
vt 0.557420 0.708970
vt 0.460110 0.727580
vt 0.388880 0.778420
vt 0.362800 0.847860
vt 0.388880 0.917310
vt 0.460110 0.968150
vt 0.557420 0.986760
vt 0.654720 0.968150
vt 0.725960 0.917310
vt 0.735240 0.846270
vt 0.711430 0.782850
vt 0.646380 0.736430
vt 0.557530 0.719440
vt 0.468670 0.736430
vt 0.403620 0.782850
vt 0.379810 0.846270
vt 0.403620 0.909690
vt 0.468670 0.956110
vt 0.557530 0.973100
vt 0.646380 0.956110
vt 0.711430 0.909690
vt 0.499040 0.510060
vt 0.498810 0.507860
vt 0.514440 0.507860
vt 0.514700 0.510060
vt 0.498820 0.519830
vt 0.498970 0.521290
vt 0.514500 0.521280
vt 0.514330 0.519830
vt 0.499040 0.516070
vt 0.514650 0.516070
vt 0.498780 0.513470
vt 0.514340 0.513470
vt 0.521080 0.066200
vt 0.508660 0.519940
vt 0.394830 0.066200
vt 0.397300 0.519940
vt 0.217290 0.127040
vt 0.171250 0.127040
vt 0.171250 0.068340
vt 0.217290 0.068340
vt 0.078150 0.127040
vt 0.124190 0.127040
vt 0.124190 0.068340
vt 0.078150 0.068340
vt 0.452780 0.066200
vt 0.452980 0.519940
vt 0.166780 0.127040
vt 0.166780 0.068340
vt 0.216980 0.127040
vt 0.216980 0.068340
vt 0.121040 0.127040
vt 0.121040 0.068340
vt 0.078460 0.127040
vt 0.078460 0.068340
vt 0.605360 0.320990
vt 0.604490 0.319060
vt 0.604910 0.319060
vt 0.605320 0.320970
vt 0.605460 0.320970
vt 0.605460 0.319540
vt 0.603650 0.320970
vt 0.603650 0.322880
vt 0.605320 0.322880
vt 0.603650 0.319060
vt 0.602670 0.320970
vt 0.602670 0.322880
vt 0.602670 0.319060
vt 0.601550 0.320970
vt 0.600150 0.320970
vt 0.600150 0.322880
vt 0.601550 0.322880
vt 0.600150 0.319060
vt 0.601550 0.319060
vt 0.963580 0.288570
vt 0.903490 0.251880
vt 0.932430 0.251880
vt 0.961360 0.288120
vt 0.971000 0.288120
vt 0.971000 0.260940
vt 0.845630 0.288120
vt 0.845630 0.324360
vt 0.961360 0.324360
vt 0.845630 0.251880
vt 0.778110 0.288120
vt 0.778110 0.324360
vt 0.778110 0.251880
vt 0.700950 0.288120
vt 0.604490 0.288120
vt 0.604490 0.324360
vt 0.700950 0.324360
vt 0.604490 0.251880
vt 0.700950 0.251880
vt 0.831370 0.619240
vt 0.843920 0.623660
vt 0.831730 0.665090
vt 0.854120 0.636280
vt 0.859960 0.654690
vt 0.860230 0.675310
vt 0.854810 0.694030
vt 0.844760 0.707040
vt 0.832090 0.711700
vt 0.819380 0.707060
vt 0.809180 0.694100
vt 0.803520 0.675490
vt 0.803460 0.654960
vt 0.808960 0.636560
vt 0.818910 0.623840
vt 0.843650 0.624940
vt 0.831280 0.620580
vt 0.831630 0.665800
vt 0.853710 0.637390
vt 0.859470 0.655550
vt 0.859720 0.675880
vt 0.854380 0.694330
vt 0.844480 0.707160
vt 0.831990 0.711750
vt 0.819460 0.707180
vt 0.809400 0.694400
vt 0.803820 0.676050
vt 0.803760 0.655810
vt 0.809180 0.637660
vt 0.818990 0.625120
vt 0.882230 0.720170
vt 0.882000 0.717970
vt 0.897630 0.717970
vt 0.897890 0.720170
vt 0.882010 0.729940
vt 0.882160 0.731400
vt 0.897690 0.731390
vt 0.897520 0.729940
vt 0.882230 0.726180
vt 0.897840 0.726180
vt 0.881970 0.723580
vt 0.897530 0.723580
vt 0.042740 0.272600
vt 0.535820 0.271810
vt 0.042740 0.169160
vt 0.535820 0.168370
vt 0.904420 0.580950
vt 0.880150 0.580950
vt 0.880150 0.567210
vt 0.904420 0.567210
vt 0.831060 0.580950
vt 0.855340 0.580950
vt 0.855340 0.567210
vt 0.831060 0.567210
vt 0.042740 0.218630
vt 0.535820 0.217840
vt 0.536420 0.140760
vt 0.536420 0.086780
vt 0.043340 0.087570
vt 0.043340 0.141550
vt 0.536420 0.037310
vt 0.043340 0.038100
vt 0.877790 0.580950
vt 0.877790 0.567210
vt 0.904260 0.580950
vt 0.904260 0.567210
vt 0.853670 0.580950
vt 0.853670 0.567210
vt 0.831220 0.580950
vt 0.831220 0.567210
vt 0.557810 0.202850
vt 0.557810 0.237330
vt 0.553100 0.272600
vt 0.553100 0.169160
vt 0.553100 0.218630
vt 0.553700 0.141550
vt 0.553700 0.087570
vt 0.553700 0.038100
vt 0.553100 0.203640
vt 0.553100 0.238120
vt 0.790430 0.886180
vt 0.764400 0.945720
vt 0.873470 0.960790
vt 0.865800 0.879240
vt 0.839240 0.839840
vt 0.887550 0.795820
vt 0.663000 0.838970
vt 0.694390 0.838440
vt 0.529000 0.774770
vt 0.741740 0.813060
vt 0.569090 0.772130
vt 0.717320 0.887330
vt 0.793370 0.811710
vt 0.857500 0.798750
vt 0.580560 0.198580
vt 0.588760 0.168120
vt 0.604060 0.207400
vt 0.557650 0.197480
vt 0.563150 0.159340
vt 0.540970 0.171930
vt 0.533050 0.208320
vt 0.526630 0.203380
vt 0.521360 0.175840
vt 0.505700 0.166570
vt 0.492470 0.202880
vt 0.489680 0.177680
vt 0.447980 0.207090
vt 0.444240 0.186900
vt 0.337860 0.218060
vt 0.336080 0.199820
vt 0.189690 0.221400
vt 0.192290 0.209180
vt 0.610990 0.170620
vt 0.632460 0.163000
vt 0.651850 0.203920
vt 0.025770 0.728820
vt 0.041230 0.714200
vt 0.042600 0.716840
vt 0.651030 0.147300
vt 0.669020 0.187530
vt 0.055790 0.706250
vt 0.057590 0.709370
vt 0.078570 0.706040
vt 0.682990 0.127630
vt 0.694850 0.170020
vt 0.657370 0.127110
vt 0.076400 0.699090
vt 0.099830 0.710790
vt 0.083060 0.692660
vt 0.701680 0.158670
vt 0.732700 0.160290
vt 0.103710 0.699370
vt 0.759430 0.140670
vt 0.223070 0.706950
vt 0.136800 0.713120
vt 0.223890 0.698470
vt 0.133730 0.703770
vt 0.106880 0.722270
vt 0.108740 0.706080
vt 0.125570 0.705240
vt 0.125310 0.690960
vt 0.117550 0.702450
vt 0.765080 0.160310
vt 0.742130 0.167700
vt 0.752960 0.159410
vt 0.076050 0.668330
vt 0.783520 0.167040
vt 0.745560 0.190760
vt 0.635910 0.229840
vt 0.092010 0.693210
vt 0.047660 0.663780
vt 0.074250 0.644150
vt 0.102900 0.666760
vt 0.772710 0.478020
vt 0.767220 0.482460
vt 0.759520 0.469640
vt 0.760020 0.477900
vt 0.125770 0.670990
vt 0.124890 0.703290
vt 0.741000 0.475540
vt 0.738300 0.468550
vt 0.748680 0.468190
vt 0.732820 0.479600
vt 0.728280 0.472660
vt 0.716320 0.476310
vt 0.715160 0.471050
vt 0.694850 0.478370
vt 0.694580 0.472940
vt 0.147440 0.670450
vt 0.156220 0.707560
vt 0.187120 0.692810
vt 0.167890 0.659960
vt 0.195540 0.664700
vt 0.196320 0.699130
vt 0.241720 0.700220
vt 0.238350 0.660490
vt 0.302580 0.695390
vt 0.299200 0.655500
vt 0.665360 0.475240
vt 0.665750 0.480760
vt 0.576680 0.486360
vt 0.585330 0.480710
vt 0.465950 0.644070
vt 0.448570 0.681180
vt 0.494820 0.478740
vt 0.458060 0.489550
vt 0.399660 0.478450
vt 0.398080 0.488640
vt 0.342720 0.486630
vt 0.129710 0.553850
vt 0.023420 0.538310
vt 0.981260 0.555490
vt 0.645600 0.534060
vt 0.165050 0.527530
vt 0.560320 0.523130
vt 0.343870 0.476690
vt 0.321400 0.473460
vt 0.317800 0.484110
vt 0.307080 0.468200
vt 0.303040 0.480430
vt 0.287250 0.472180
vt 0.277520 0.455830
vt 0.303230 0.461310
vt 0.751490 0.474920
vt 0.366170 0.478060
vt 0.691100 0.570490
vt 0.354740 0.568780
vt 0.802310 0.590730
vt 0.655560 0.652670
vt 0.854690 0.657000
vt 0.645800 0.676670
vt 0.850510 0.684120
vt 0.916160 0.670190
vt 0.542870 0.477410
vt 0.548850 0.482020
vt 0.536140 0.482490
vt 0.555200 0.654380
vt 0.568630 0.641220
vt 0.584900 0.653550
vt 0.528640 0.477920
vt 0.519180 0.483040
vt 0.620720 0.653020
vt 0.604050 0.640400
vt 0.501850 0.483030
vt 0.640300 0.641080
vt 0.511490 0.478370
vt 0.957780 0.693690
vt 0.945150 0.682260
vt 0.785380 0.560420
vt 0.527360 0.488470
vt 0.540110 0.679140
vt 0.542090 0.641980
vt 0.031350 0.215360
vt 0.041750 0.201550
s 0
usemtl 材质.001
f 5348/803/7662 5347/804/7663 5351/805/7664
f 5352/806/7665 5348/803/7666 5351/805/7664
f 5350/807/7667 5348/803/7666 5352/806/7668
f 5354/808/7669 5350/807/7670 5352/806/7668
f 5349/809/7671 5350/807/7670 5354/808/7672
f 5353/810/7673 5349/809/7671 5354/808/7672
f 5347/804/7674 5349/809/7675 5353/810/7676
f 5351/805/7677 5347/804/7663 5353/810/7676
f 5353/811/7678 5354/812/7672 5352/813/7665
f 5351/814/7664 5353/811/7673 5352/813/7679
f 5359/815/7680 5355/816/7681 5356/817/7682
f 5360/818/7683 5359/815/7680 5356/817/7684
f 5360/818/7685 5356/817/7686 5358/819/7687
f 5362/820/7688 5360/818/7685 5358/819/7689
f 5362/820/7690 5358/819/7691 5357/821/7692
f 5361/822/7693 5362/820/7690 5357/821/7694
f 5361/822/7695 5357/821/7696 5355/816/7697
f 5359/815/7698 5361/822/7695 5355/816/7699
f 5360/823/7700 5362/824/7690 5361/825/7701
f 5359/826/7680 5360/823/7700 5361/825/7701
f 5372/827/7702 5369/828/7703 5374/829/7704
f 5369/828/7705 5371/830/7706 5374/829/7707
f 5368/831/7708 5370/831/7709 5373/832/7710
f 5368/831/7711 5373/832/7712 5374/829/7713
f 5371/830/7714 5368/831/7715 5374/829/7716
f 5370/831/7717 5372/827/7718 5374/829/7719
f 5373/832/7720 5370/831/7721 5374/829/7722
f 5371/830/7723 5378/833/7724 5375/834/7725
f 5368/835/7726 5371/830/7727 5375/834/7728
f 5372/827/7729 5370/835/7730 5377/834/7731
f 5379/833/7732 5372/827/7733 5377/834/7734
f 5370/835/7735 5368/835/7736 5375/834/7737
f 5377/834/7738 5370/835/7739 5375/834/7737
f 5372/827/7740 5379/833/7741 5376/836/7742
f 5369/828/7743 5372/827/7744 5376/836/7745
f 5371/830/7746 5369/828/7747 5376/836/7748
f 5378/833/7749 5371/830/7750 5376/836/7751
f 5375/834/7752 5378/833/7753 5383/837/7754
f 5380/838/7755 5375/834/7752 5383/837/7756
f 5379/833/7757 5377/834/7758 5382/838/7759
f 5384/837/7760 5379/833/7761 5382/838/7759
f 5377/834/7762 5375/834/7763 5380/838/7764
f 5382/838/7765 5377/834/7762 5380/838/7764
f 5376/836/7766 5379/833/7741 5384/837/7767
f 5381/839/7768 5376/836/7766 5384/837/7769
f 5378/833/7770 5376/836/7771 5381/839/7772
f 5383/837/7773 5378/833/7774 5381/839/7772
f 5388/840/7775 5366/841/7776 5363/842/7777
f 5385/843/7778 5388/840/7779 5363/842/7777
f 5380/838/7780 5383/837/7781 5388/840/7782
f 5385/843/7777 5380/838/7778 5388/840/7783
f 5387/843/7784 5365/842/7784 5367/841/7785
f 5389/840/7786 5387/843/7784 5367/841/7787
f 5384/837/7788 5382/838/7789 5387/843/7789
f 5389/840/7790 5384/837/7791 5387/843/7792
f 5385/843/7793 5363/842/7794 5365/842/7794
f 5387/843/7793 5385/843/7795 5365/842/7794
f 5382/838/7796 5380/838/7797 5385/843/7798
f 5387/843/7799 5382/838/7796 5385/843/7799
f 5389/840/7800 5367/841/7787 5364/844/7801
f 5386/845/7802 5389/840/7803 5364/844/7801
f 5381/839/7804 5384/837/7805 5389/840/7806
f 5386/845/7807 5381/839/7808 5389/840/7809
f 5386/845/7810 5364/844/7811 5366/841/7812
f 5388/840/7813 5386/845/7814 5366/841/7815
f 5383/837/7816 5381/839/7817 5386/845/7818
f 5388/840/7819 5383/837/7820 5386/845/7821
f 5391/846/7822 5390/847/7822 5402/848/7822
f 5392/849/7822 5391/846/7822 5402/848/7822
f 5393/850/7822 5392/849/7822 5402/848/7822
f 5394/851/7822 5393/850/7822 5402/848/7822
f 5395/852/7822 5394/851/7822 5402/848/7822
f 5396/853/7822 5395/852/7822 5402/848/7822
f 5397/854/7822 5396/853/7822 5402/848/7822
f 5398/855/7822 5397/854/7822 5402/848/7822
f 5399/856/7822 5398/855/7822 5402/848/7822
f 5400/857/7822 5399/856/7822 5402/848/7822
f 5401/858/7822 5400/857/7822 5402/848/7822
f 5390/847/7822 5401/858/7822 5402/848/7822
f 5404/847/7823 5405/846/7823 5403/848/7823
f 5405/846/7823 5406/849/7823 5403/848/7823
f 5406/849/7823 5407/850/7823 5403/848/7823
f 5407/850/7823 5408/851/7823 5403/848/7823
f 5408/851/7823 5409/852/7823 5403/848/7823
f 5409/852/7823 5410/853/7823 5403/848/7823
f 5410/853/7823 5411/854/7823 5403/848/7823
f 5411/854/7823 5412/855/7823 5403/848/7823
f 5412/855/7823 5413/856/7823 5403/848/7823
f 5413/856/7823 5414/857/7823 5403/848/7823
f 5414/857/7823 5415/858/7823 5403/848/7823
f 5415/858/7823 5404/847/7823 5403/848/7823
f 5428/859/7824 5429/860/7825 5417/860/7826
f 5416/859/7827 5428/859/7828 5417/860/7829
f 5429/860/7830 5430/861/7831 5418/861/7832
f 5417/860/7833 5429/860/7834 5418/861/7835
f 5430/861/7836 5431/862/7837 5419/862/7838
f 5418/861/7839 5430/861/7840 5419/862/7841
f 5431/862/7842 5432/863/7843 5420/863/7844
f 5419/862/7845 5431/862/7846 5420/863/7847
f 5432/863/7848 5433/864/7849 5421/864/7850
f 5420/863/7851 5432/863/7852 5421/864/7853
f 5433/864/7854 5434/865/7855 5422/865/7856
f 5421/864/7857 5433/864/7858 5422/865/7859
f 5434/865/7860 5435/866/7861 5423/866/7862
f 5422/865/7863 5434/865/7864 5423/866/7865
f 5435/866/7866 5436/867/7867 5424/867/7868
f 5423/866/7869 5435/866/7870 5424/867/7871
f 5436/867/7872 5437/868/7873 5425/868/7874
f 5424/867/7875 5436/867/7876 5425/868/7877
f 5437/868/7878 5438/869/7879 5426/869/7880
f 5425/868/7881 5437/868/7882 5426/869/7883
f 5438/869/7884 5439/870/7885 5427/870/7886
f 5426/869/7887 5438/869/7888 5427/870/7889
f 5439/870/7890 5428/859/7891 5416/859/7892
f 5427/870/7893 5439/870/7894 5416/859/7895
f 5440/871/7896 5442/872/7896 5446/873/7896
f 5444/874/7897 5440/871/7897 5446/873/7897
f 5443/875/7898 5441/876/7898 5445/877/7898
f 5447/878/7898 5443/875/7898 5445/877/7898
f 5441/876/7899 5448/879/7900 5450/880/7901
f 5445/877/7899 5441/876/7899 5450/880/7902
f 5448/879/7903 5440/871/7904 5444/874/7904
f 5450/880/7905 5448/879/7906 5444/874/7904
f 5442/872/7907 5449/881/7908 5451/882/7909
f 5446/873/7907 5442/872/7907 5451/882/7910
f 5449/881/7911 5443/875/7912 5447/878/7912
f 5451/882/7913 5449/881/7914 5447/878/7912
f 5447/878/7822 5445/877/7822 5450/880/7822
f 5444/874/7822 5447/878/7822 5450/880/7822
f 5451/882/7822 5447/878/7822 5444/874/7822
f 5446/873/7822 5451/882/7822 5444/874/7822
f 5452/883/7915 5454/884/7916 5456/884/7916
f 5458/883/7915 5452/883/7915 5456/884/7916
f 5459/885/7917 5457/886/7918 5455/886/7918
f 5453/885/7917 5459/885/7917 5455/886/7918
f 5452/887/7919 5458/888/7920 5462/889/7921
f 5460/890/7921 5452/887/7922 5462/889/7921
f 5459/891/7923 5453/892/7923 5461/893/7924
f 5463/894/7924 5459/891/7923 5461/893/7924
f 5465/895/7780 5464/896/7925 5454/884/7926
f 5452/883/7927 5465/895/7928 5454/884/7929
f 5465/895/7930 5453/885/7931 5455/886/7932
f 5464/896/7925 5465/895/7933 5455/886/7934
f 5454/884/7823 5464/896/7823 5466/896/7823
f 5456/884/7823 5454/884/7823 5466/896/7823
f 5464/896/7823 5455/886/7823 5457/886/7823
f 5466/896/7823 5464/896/7823 5457/886/7823
f 5456/884/7935 5466/896/7936 5467/895/7937
f 5458/883/7938 5456/884/7939 5467/895/7940
f 5466/896/7941 5457/886/7942 5459/885/7943
f 5467/895/7944 5466/896/7945 5459/885/7946
f 5453/892/7947 5465/897/7948 5468/898/7949
f 5461/893/7947 5453/892/7947 5468/898/7950
f 5465/897/7951 5452/899/7952 5460/900/7953
f 5468/898/7954 5465/897/7955 5460/900/7953
f 5458/888/7956 5467/901/7957 5469/902/7958
f 5462/889/7956 5458/888/7956 5469/902/7959
f 5467/901/7960 5459/903/7946 5463/904/7961
f 5469/902/7962 5467/901/7963 5463/904/7961
f 5479/905/7964 5476/906/7965 5481/907/7966
f 5476/906/7967 5478/908/7968 5481/907/7969
f 5475/909/7970 5477/909/7971 5480/910/7972
f 5475/909/7973 5480/910/7974 5481/907/7975
f 5478/908/7976 5475/909/7973 5481/907/7969
f 5477/909/7977 5479/905/7978 5481/907/7966
f 5480/910/7979 5477/909/7977 5481/907/7980
f 5478/908/7981 5485/911/7982 5482/912/7983
f 5475/913/7984 5478/908/7981 5482/912/7985
f 5479/905/7978 5477/913/7986 5484/912/7987
f 5486/911/7988 5479/905/7989 5484/912/7990
f 5477/913/7991 5475/913/7992 5482/912/7993
f 5484/912/7994 5477/913/7991 5482/912/7995
f 5479/905/7978 5486/911/7988 5483/914/7996
f 5476/906/7997 5479/905/7978 5483/914/7998
f 5478/908/7999 5476/906/7967 5483/914/8000
f 5485/911/7982 5478/908/7976 5483/914/8000
f 5482/912/8001 5485/911/7982 5490/915/8002
f 5487/916/8003 5482/912/8001 5490/915/8004
f 5486/911/8005 5484/912/8006 5489/916/8007
f 5491/915/8008 5486/911/8005 5489/916/8007
f 5484/912/8009 5482/912/8010 5487/916/8011
f 5489/916/8012 5484/912/8013 5487/916/8014
f 5483/914/7996 5486/911/7988 5491/915/8015
f 5488/917/8016 5483/914/8017 5491/915/8015
f 5485/911/7982 5483/914/8000 5488/917/8018
f 5490/915/8019 5485/911/7982 5488/917/8018
f 5495/918/8020 5473/919/8021 5470/920/8022
f 5492/921/8023 5495/918/8024 5470/920/8023
f 5487/916/8025 5490/915/8002 5495/918/8026
f 5492/921/8023 5487/916/8027 5495/918/8020
f 5494/921/8028 5472/920/8029 5474/919/8030
f 5496/918/8031 5494/921/8032 5474/919/8033
f 5491/915/8008 5489/916/8007 5494/921/8034
f 5496/918/8031 5491/915/8008 5494/921/8035
f 5492/921/8036 5470/920/8037 5472/920/8037
f 5494/921/8036 5492/921/8038 5472/920/8037
f 5489/916/8039 5487/916/8040 5492/921/8041
f 5494/921/8042 5489/916/8043 5492/921/8042
f 5496/918/8044 5474/919/8030 5471/922/8045
f 5493/923/8046 5496/918/8031 5471/922/8047
f 5488/917/8048 5491/915/8015 5496/918/8031
f 5493/923/8049 5488/917/8050 5496/918/8044
f 5493/923/8051 5471/922/8052 5473/919/8053
f 5495/918/8054 5493/923/8051 5473/919/8053
f 5490/915/8019 5488/917/8018 5493/923/8055
f 5495/918/8054 5490/915/8056 5493/923/8055
f 5506/924/8057 5503/925/8058 5508/926/8059
f 5503/925/8060 5505/927/8061 5508/926/8062
f 5502/928/8063 5504/928/8064 5507/929/8065
f 5502/928/8066 5507/929/8067 5508/926/8068
f 5505/927/8069 5502/928/8070 5508/926/8071
f 5504/928/8072 5506/924/8073 5508/926/8074
f 5507/929/8075 5504/928/8076 5508/926/8077
f 5505/927/8078 5512/930/8079 5509/931/8080
f 5502/932/8081 5505/927/8082 5509/931/8083
f 5506/924/8084 5504/932/8085 5511/931/8086
f 5513/930/8087 5506/924/8088 5511/931/8089
f 5504/932/8090 5502/932/8091 5509/931/8092
f 5511/931/8093 5504/932/8090 5509/931/8094
f 5506/924/8095 5513/930/8096 5510/933/8097
f 5503/925/8098 5506/924/8099 5510/933/8100
f 5505/927/8101 5503/925/8102 5510/933/8103
f 5512/930/8104 5505/927/8105 5510/933/8106
f 5509/931/8107 5512/930/8108 5517/934/8109
f 5514/935/8110 5509/931/8111 5517/934/8112
f 5513/930/8113 5511/931/8089 5516/935/8114
f 5518/934/8115 5513/930/8116 5516/935/8114
f 5511/931/8117 5509/931/8118 5514/935/8119
f 5516/935/8120 5511/931/8121 5514/935/8122
f 5510/933/8123 5513/930/8124 5518/934/8125
f 5515/936/8126 5510/933/8127 5518/934/8128
f 5512/930/8129 5510/933/8130 5515/936/8131
f 5517/934/8132 5512/930/8133 5515/936/8134
f 5522/937/8135 5500/938/8136 5497/939/8137
f 5519/940/8138 5522/937/8139 5497/939/8137
f 5514/935/8138 5517/934/8140 5522/937/8141
f 5519/940/8138 5514/935/8138 5522/937/8142
f 5521/940/8143 5499/939/8143 5501/938/8144
f 5523/937/8145 5521/940/8146 5501/938/8147
f 5518/934/8148 5516/935/8146 5521/940/8146
f 5523/937/8149 5518/934/8150 5521/940/8146
f 5519/940/8151 5497/939/8152 5499/939/8152
f 5521/940/8153 5519/940/8154 5499/939/8152
f 5516/935/8155 5514/935/8156 5519/940/8157
f 5521/940/8158 5516/935/8159 5519/940/8158
f 5523/937/8160 5501/938/8161 5498/941/8162
f 5520/942/8163 5523/937/8160 5498/941/8164
f 5515/936/8165 5518/934/8166 5523/937/8167
f 5520/942/8168 5515/936/8169 5523/937/8170
f 5520/942/8171 5498/941/8172 5500/938/8173
f 5522/937/8174 5520/942/8175 5500/938/8176
f 5517/934/8177 5515/936/8178 5520/942/8179
f 5522/937/8180 5517/934/8181 5520/942/8182
f 5525/943/8183 5526/944/8183 5524/945/8183
f 5526/944/8183 5527/946/8183 5524/945/8183
f 5527/946/8183 5528/947/8183 5524/945/8183
f 5528/947/8183 5529/948/8183 5524/945/8183
f 5529/948/8183 5530/949/8183 5524/945/8183
f 5530/949/8183 5531/950/8183 5524/945/8183
f 5531/950/8183 5532/951/8183 5524/945/8183
f 5532/951/8183 5533/952/8183 5524/945/8183
f 5533/952/8183 5534/953/8183 5524/945/8183
f 5534/953/8183 5535/954/8183 5524/945/8183
f 5535/954/8183 5536/955/8183 5524/945/8183
f 5536/955/8183 5537/956/8183 5524/945/8183
f 5537/956/8183 5538/957/8183 5524/945/8183
f 5538/957/8183 5525/943/8183 5524/945/8183
f 5540/958/8184 5539/959/8184 5553/960/8184
f 5541/961/8184 5540/958/8184 5553/960/8184
f 5542/962/8184 5541/961/8184 5553/960/8184
f 5543/963/8184 5542/962/8184 5553/960/8184
f 5544/964/8184 5543/963/8184 5553/960/8184
f 5545/965/8184 5544/964/8184 5553/960/8184
f 5546/966/8184 5545/965/8184 5553/960/8184
f 5547/967/8184 5546/966/8184 5553/960/8184
f 5548/968/8184 5547/967/8184 5553/960/8184
f 5549/969/8184 5548/968/8184 5553/960/8184
f 5550/970/8184 5549/969/8184 5553/960/8184
f 5551/971/8184 5550/970/8184 5553/960/8184
f 5552/972/8184 5551/971/8184 5553/960/8184
f 5539/959/8184 5552/972/8184 5553/960/8184
f 5554/973/8185 5556/974/8185 5560/975/8185
f 5558/976/8185 5554/973/8185 5560/975/8185
f 5557/977/8186 5555/978/8186 5559/979/8186
f 5561/980/8186 5557/977/8186 5559/979/8186
f 5555/978/8187 5562/981/8188 5564/982/8189
f 5559/979/8187 5555/978/8187 5564/982/8190
f 5562/981/8191 5554/973/8192 5558/976/8192
f 5564/982/8193 5562/981/8194 5558/976/8192
f 5556/974/8195 5563/983/8196 5565/984/8197
f 5560/975/8195 5556/974/8195 5565/984/8198
f 5563/983/8199 5557/977/8200 5561/980/8200
f 5565/984/8201 5563/983/8202 5561/980/8200
f 5561/980/8184 5559/979/8184 5564/982/8184
f 5558/976/8184 5561/980/8184 5564/982/8184
f 5565/984/8184 5561/980/8184 5558/976/8184
f 5560/975/8184 5565/984/8184 5558/976/8184
f 5566/985/8203 5568/986/8204 5570/986/8205
f 5572/985/8206 5566/985/8206 5570/986/8207
f 5573/987/8208 5571/988/8209 5569/988/8210
f 5567/987/8211 5573/987/8211 5569/988/8212
f 5566/989/8213 5572/990/8213 5576/991/8214
f 5574/992/8214 5566/989/8215 5576/991/8214
f 5573/993/8216 5567/994/8217 5575/995/8218
f 5577/996/8218 5573/993/8217 5575/995/8218
f 5579/997/8219 5578/998/8220 5568/986/8221
f 5566/985/8222 5579/997/8223 5568/986/8224
f 5579/997/8225 5567/987/8226 5569/988/8227
f 5578/998/8228 5579/997/8229 5569/988/8230
f 5570/999/8231 5580/1000/8232 5581/1001/8233
f 5572/1002/8234 5570/999/8235 5581/1001/8236
f 5580/1000/8237 5571/1003/8238 5573/1004/8239
f 5581/1001/8240 5580/1000/8241 5573/1004/8242
f 5567/994/8243 5579/1005/8244 5582/1006/8245
f 5575/995/8243 5567/994/8243 5582/1006/8246
f 5579/1005/8247 5566/1007/8248 5574/1008/8248
f 5582/1006/8249 5579/1005/8250 5574/1008/8248
f 5572/990/8251 5581/1009/8252 5583/1010/8253
f 5576/991/8251 5572/990/8251 5583/1010/8254
f 5581/1009/8255 5573/1011/8256 5577/1012/8257
f 5583/1010/8258 5581/1009/8259 5577/1012/8257
f 5569/988/8260 5571/988/8261 5585/1013/8262
f 5570/986/8263 5568/986/8264 5584/1014/8265
f 5585/1013/8266 5571/988/8267 5580/998/8268
f 5580/998/8269 5570/986/8270 5584/1014/8271
f 5585/1013/8272 5580/998/8273 5584/1014/8274
f 5584/1014/8275 5568/986/8276 5578/998/8277
f 5578/998/8278 5569/988/8279 5585/1013/8280
f 5584/1014/8281 5578/998/8282 5585/1013/8283
f 5539/959/8284 5540/958/8285 5526/944/8286
f 5525/943/8287 5539/959/8288 5526/944/8289
f 5540/958/8290 5541/961/8291 5527/946/8292
f 5526/944/8293 5540/958/8294 5527/946/8295
f 5541/961/8296 5542/962/8297 5528/947/8298
f 5527/946/8299 5541/961/8300 5528/947/8301
f 5542/962/8302 5543/963/8303 5529/948/8304
f 5528/947/8305 5542/962/8306 5529/948/8307
f 5543/963/8308 5544/964/8309 5530/949/8310
f 5529/948/8311 5543/963/8312 5530/949/8313
f 5544/964/8314 5545/965/8315 5531/950/8316
f 5530/949/8317 5544/964/8318 5531/950/8319
f 5545/965/8320 5546/966/8321 5532/951/8322
f 5531/950/8323 5545/965/8324 5532/951/8325
f 5546/966/8326 5547/967/8327 5533/952/8328
f 5532/951/8329 5546/966/8330 5533/952/8331
f 5547/967/8332 5548/968/8333 5534/953/8334
f 5533/952/8335 5547/967/8336 5534/953/8337
f 5548/968/8338 5549/969/8339 5535/954/8340
f 5534/953/8341 5548/968/8342 5535/954/8343
f 5549/969/8344 5550/970/8345 5536/955/8346
f 5535/954/8347 5549/969/8348 5536/955/8349
f 5550/970/8350 5551/971/8351 5537/956/8352
f 5536/955/8353 5550/970/8354 5537/956/8355
f 5551/971/8356 5552/972/8357 5538/957/8358
f 5537/956/8359 5551/971/8360 5538/957/8361
f 5552/972/8362 5539/959/8363 5525/943/8364
f 5538/957/8365 5552/972/8366 5525/943/8367
f 5594/937/8141 5589/938/8368 5586/939/8369
f 5591/940/8369 5594/937/8370 5586/939/8369
f 5593/940/8371 5588/939/8371 5590/938/8372
f 5595/937/8373 5593/940/8371 5590/938/8374
f 5591/940/8375 5586/939/8375 5588/939/8375
f 5593/940/8375 5591/940/8375 5588/939/8375
f 5595/937/8376 5590/938/8377 5587/941/8378
f 5592/942/8379 5595/937/8380 5587/941/8379
f 5592/942/8381 5587/941/8381 5589/938/8382
f 5594/937/8383 5592/942/8384 5589/938/8385
f 5597/943/8183 5598/944/8183 5596/945/8183
f 5598/944/8183 5599/946/8183 5596/945/8183
f 5599/946/8183 5600/947/8183 5596/945/8183
f 5600/947/8183 5601/948/8183 5596/945/8183
f 5601/948/8183 5602/949/8183 5596/945/8183
f 5602/949/8183 5603/950/8183 5596/945/8183
f 5603/950/8183 5604/951/8183 5596/945/8183
f 5604/951/8183 5605/952/8183 5596/945/8183
f 5605/952/8183 5606/953/8183 5596/945/8183
f 5606/953/8183 5607/954/8183 5596/945/8183
f 5607/954/8183 5608/955/8183 5596/945/8183
f 5608/955/8183 5609/956/8183 5596/945/8183
f 5609/956/8183 5610/957/8183 5596/945/8183
f 5610/957/8183 5597/943/8183 5596/945/8183
f 5612/958/8184 5611/959/8184 5625/960/8184
f 5613/961/8184 5612/958/8184 5625/960/8184
f 5614/962/8184 5613/961/8184 5625/960/8184
f 5615/963/8184 5614/962/8184 5625/960/8184
f 5616/964/8184 5615/963/8184 5625/960/8184
f 5617/965/8184 5616/964/8184 5625/960/8184
f 5618/966/8184 5617/965/8184 5625/960/8184
f 5619/967/8184 5618/966/8184 5625/960/8184
f 5620/968/8184 5619/967/8184 5625/960/8184
f 5621/969/8184 5620/968/8184 5625/960/8184
f 5622/970/8184 5621/969/8184 5625/960/8184
f 5623/971/8184 5622/970/8184 5625/960/8184
f 5624/972/8184 5623/971/8184 5625/960/8184
f 5611/959/8184 5624/972/8184 5625/960/8184
f 5626/973/8386 5628/974/8386 5632/975/8386
f 5630/976/8386 5626/973/8386 5632/975/8386
f 5629/977/8387 5627/978/8387 5631/979/8387
f 5633/980/8387 5629/977/8387 5631/979/8387
f 5627/978/8388 5634/981/8389 5636/982/8390
f 5631/979/8388 5627/978/8388 5636/982/8391
f 5634/981/8392 5626/973/8393 5630/976/8393
f 5636/982/8394 5634/981/8395 5630/976/8393
f 5628/974/8396 5635/983/8397 5637/984/8398
f 5632/975/8396 5628/974/8396 5637/984/8399
f 5635/983/8400 5629/977/8401 5633/980/8401
f 5637/984/8402 5635/983/8403 5633/980/8401
f 5633/980/8184 5631/979/8184 5636/982/8184
f 5630/976/8184 5633/980/8184 5636/982/8184
f 5637/984/8184 5633/980/8184 5630/976/8184
f 5632/975/8184 5637/984/8184 5630/976/8184
f 5638/985/8404 5640/1015/8405 5642/1015/8406
f 5644/985/8407 5638/985/8408 5642/1015/8409
f 5645/987/8410 5643/1016/8411 5641/1016/8412
f 5639/987/8410 5645/987/8413 5641/1016/8414
f 5638/989/8415 5644/990/8416 5648/991/8214
f 5646/992/8214 5638/989/8417 5648/991/8214
f 5645/993/8418 5639/994/8211 5647/995/8218
f 5649/996/8218 5645/993/8217 5647/995/8218
f 5651/997/8419 5650/1017/8420 5640/1015/8421
f 5638/985/8422 5651/997/8423 5640/1015/8424
f 5651/997/8425 5639/987/8426 5641/1016/8427
f 5650/1017/8428 5651/997/8429 5641/1016/8430
f 5642/1018/8431 5652/1019/8432 5653/1001/8433
f 5644/1002/8434 5642/1018/8435 5653/1001/8436
f 5652/1019/8437 5643/1020/8438 5645/1004/8439
f 5653/1001/8440 5652/1019/8441 5645/1004/8442
f 5639/994/8443 5651/1005/8244 5654/1006/8444
f 5647/995/8243 5639/994/8443 5654/1006/8445
f 5651/1005/8446 5638/1007/8248 5646/1008/8248
f 5654/1006/8249 5651/1005/8447 5646/1008/8248
f 5644/990/8251 5653/1009/8252 5655/1010/8448
f 5648/991/8251 5644/990/8251 5655/1010/8449
f 5653/1009/8450 5645/1011/8256 5649/1012/8257
f 5655/1010/8451 5653/1009/8452 5649/1012/8257
f 5641/1016/8453 5643/1016/8454 5657/1021/8455
f 5642/1015/8456 5640/1015/8457 5656/1022/8458
f 5657/1021/8459 5643/1016/8460 5652/1017/8461
f 5652/1017/8462 5642/1015/8463 5656/1022/8464
f 5657/1021/8465 5652/1017/8466 5656/1022/8467
f 5656/1022/8468 5640/1015/8469 5650/1017/8470
f 5650/1017/8471 5641/1016/8472 5657/1021/8473
f 5656/1022/8474 5650/1017/8475 5657/1021/8476
f 5611/959/8477 5612/958/8285 5598/944/8478
f 5597/943/8479 5611/959/8480 5598/944/8481
f 5612/958/8482 5613/961/8291 5599/946/8483
f 5598/944/8293 5612/958/8484 5599/946/8485
f 5613/961/8486 5614/962/8297 5600/947/8487
f 5599/946/8299 5613/961/8488 5600/947/8489
f 5614/962/8490 5615/963/8303 5601/948/8491
f 5600/947/8305 5614/962/8492 5601/948/8493
f 5615/963/8494 5616/964/8309 5602/949/8495
f 5601/948/8311 5615/963/8496 5602/949/8497
f 5616/964/8498 5617/965/8315 5603/950/8499
f 5602/949/8317 5616/964/8500 5603/950/8501
f 5617/965/8502 5618/966/8321 5604/951/8503
f 5603/950/8504 5617/965/8505 5604/951/8506
f 5618/966/8507 5619/967/8327 5605/952/8508
f 5604/951/8329 5618/966/8509 5605/952/8510
f 5619/967/8511 5620/968/8333 5606/953/8512
f 5605/952/8335 5619/967/8513 5606/953/8514
f 5620/968/8515 5621/969/8339 5607/954/8516
f 5606/953/8341 5620/968/8517 5607/954/8518
f 5621/969/8519 5622/970/8345 5608/955/8520
f 5607/954/8347 5621/969/8521 5608/955/8522
f 5622/970/8523 5623/971/8351 5609/956/8524
f 5608/955/8353 5622/970/8525 5609/956/8526
f 5623/971/8527 5624/972/8528 5610/957/8529
f 5609/956/8530 5623/971/8531 5610/957/8532
f 5624/972/8533 5611/959/8534 5597/943/8535
f 5610/957/8536 5624/972/8537 5597/943/8538
f 5662/924/8539 5659/925/8540 5664/926/8541
f 5659/925/8542 5661/927/8543 5664/926/8544
f 5658/928/8545 5660/928/8546 5663/929/8039
f 5658/928/8547 5663/929/8548 5664/926/8549
f 5661/927/8550 5658/928/8551 5664/926/8552
f 5660/928/8553 5662/924/8554 5664/926/8555
f 5663/929/8556 5660/928/8557 5664/926/8558
f 5661/927/8559 5668/930/8560 5665/931/8561
f 5658/932/8562 5661/927/8563 5665/931/8564
f 5662/924/8565 5660/932/8566 5667/931/8567
f 5669/930/8568 5662/924/8569 5667/931/8570
f 5660/932/8571 5658/932/8572 5665/931/8573
f 5667/931/8574 5660/932/8575 5665/931/8576
f 5662/924/8577 5669/930/8578 5666/933/8579
f 5659/925/8580 5662/924/8581 5666/933/8582
f 5661/927/8583 5659/925/8584 5666/933/8585
f 5668/930/8586 5661/927/8587 5666/933/8588
f 5665/931/8589 5668/930/8590 5673/934/8591
f 5670/935/8592 5665/931/8589 5673/934/8109
f 5669/930/8593 5667/931/8594 5672/935/8594
f 5674/934/8595 5669/930/8596 5672/935/8594
f 5667/931/8597 5665/931/8598 5670/935/8599
f 5672/935/8600 5667/931/8601 5670/935/8602
f 5666/933/8603 5669/930/8604 5674/934/8605
f 5671/936/8606 5666/933/8607 5674/934/8608
f 5668/930/8609 5666/933/8610 5671/936/8611
f 5673/934/8612 5668/930/8613 5671/936/8611
f 5670/935/8110 5673/934/8614 5678/937/8142
f 5675/940/8110 5670/935/8110 5678/937/8615
f 5674/934/8616 5672/935/8617 5677/940/8617
f 5679/937/8618 5674/934/8619 5677/940/8617
f 5672/935/8620 5670/935/8621 5675/940/8622
f 5677/940/8622 5672/935/8623 5675/940/8622
f 5671/936/8624 5674/934/8625 5679/937/8626
f 5676/942/8627 5671/936/8628 5679/937/8629
f 5673/934/8630 5671/936/8631 5676/942/8632
f 5678/937/8633 5673/934/8634 5676/942/8635
f 5682/1023/8636 5681/1024/8636 5680/1025/8636
f 5680/1025/8636 5683/1026/8636 5682/1023/8636
f 5682/1023/8636 5683/1026/8636 5687/1027/8636
f 5683/1026/8636 5688/1028/8636 5687/1027/8636
f 5684/1029/8636 5682/1023/8636 5689/1030/8636
f 5689/1030/8636 5690/1031/8636 5684/1029/8636
f 5689/1030/8636 5685/1032/8636 5690/1031/8636
f 5685/1032/8636 5691/1033/8636 5690/1031/8636
f 5681/1024/8636 5682/1023/8636 5692/1034/8636
f 5682/1023/8636 5684/1029/8636 5692/1034/8636
f 5686/1035/8636 5687/1027/8636 5693/1036/8636
f 5687/1027/8636 5688/1028/8636 5693/1036/8636
f 5686/1035/8636 5687/1027/8636 5688/1028/8636
f 5694/1025/8637 5695/1024/8637 5696/1023/8637
f 5696/1023/8637 5697/1026/8637 5694/1025/8637
f 5701/1027/8637 5697/1026/8637 5696/1023/8637
f 5701/1027/8637 5702/1028/8637 5697/1026/8637
f 5703/1030/8637 5696/1023/8637 5698/1029/8637
f 5698/1029/8637 5704/1031/8637 5703/1030/8637
f 5704/1031/8637 5699/1032/8637 5703/1030/8637
f 5704/1031/8637 5705/1033/8637 5699/1032/8637
f 5706/1034/8637 5696/1023/8637 5695/1024/8637
f 5706/1034/8637 5698/1029/8637 5696/1023/8637
f 5707/1036/8637 5701/1027/8637 5700/1035/8637
f 5707/1036/8637 5702/1028/8637 5701/1027/8637
f 5702/1028/8637 5701/1027/8637 5700/1035/8637
f 5722/1037/8638 5721/1038/8638 5720/1039/8639
f 5724/1040/8638 5723/1041/8638 5722/1037/8638
f 5725/1042/8636 5723/1041/8636 5724/1040/8636
f 5726/1043/8636 5725/1042/8636 5724/1040/8636
f 5727/1044/8636 5725/1042/8636 5726/1043/8636
f 5728/1045/8636 5725/1042/8636 5727/1044/8636
f 5729/1046/8636 5728/1045/8636 5727/1044/8636
f 5730/1047/8636 5729/1046/8636 5727/1044/8636
f 5731/1048/8636 5729/1046/8636 5730/1047/8636
f 5732/1049/8636 5731/1048/8636 5730/1047/8636
f 5733/1050/8636 5731/1048/8636 5732/1049/8636
f 5734/1051/8636 5733/1050/8636 5732/1049/8636
f 5735/1052/8636 5733/1050/8636 5734/1051/8636
f 5736/1053/8636 5735/1052/8636 5734/1051/8636
f 5737/1054/8636 5735/1052/8636 5736/1053/8636
f 5723/1041/8638 5721/1038/8638 5722/1037/8638
f 5721/1038/8638 5718/1055/8638 5720/1039/8639
f 5716/1056/8636 5741/1057/8640 5718/1055/8636
f 5719/1058/8641 5741/1059/8642 5717/1060/8643
f 5714/1061/8636 5742/1062/8644 5716/1056/8636
f 5717/1060/8645 5742/1063/8646 5715/1064/8647
f 5716/1056/8636 5742/1062/8648 5741/1057/8649
f 5741/1059/8650 5742/1063/8651 5717/1060/8652
f 5715/1064/8653 5742/1063/8654 5712/1065/8655
f 5710/1066/8636 5743/1067/8656 5713/1068/8636
f 5712/1065/8657 5743/1069/8658 5711/1070/8659
f 5742/1063/8660 5743/1069/8658 5712/1065/8661
f 5713/1068/8636 5743/1067/8656 5714/1061/8636
f 5714/1061/8636 5743/1067/8656 5742/1062/8644
f 5743/1069/8662 5744/1071/8663 5711/1070/8664
f 5710/1066/8636 5744/1072/8665 5743/1067/8656
f 5710/1066/8636 5745/1073/8666 5744/1072/8665
f 5744/1071/8667 5745/1074/8668 5711/1070/8669
f 5710/1066/8636 5746/1075/8636 5745/1073/8666
f 5709/1076/8670 5749/1077/8671 5708/1078/8636
f 5749/1077/8671 5747/1079/8636 5708/1078/8636
f 5740/1080/8672 5749/1077/8673 5709/1076/8674
f 5750/1081/8675 5740/1080/8676 5711/1070/8664
f 5711/1070/8677 5745/1074/8678 5750/1081/8679
f 5749/1077/8671 5751/1082/8680 5747/1079/8636
f 5746/1083/8636 5751/1082/8681 5748/1084/8636
f 5747/1079/8636 5751/1082/8680 5746/1083/8636
f 5751/1085/8680 5750/1086/8682 5748/1087/8636
f 5746/1083/8636 5708/1078/8636 5747/1079/8636
f 5710/1088/8636 5708/1078/8636 5746/1083/8636
f 5746/1083/8636 5748/1084/8636 5745/1074/8666
f 5745/1074/8666 5748/1084/8636 5750/1081/8682
f 5749/1089/8673 5740/1090/8676 5751/1085/8683
f 5751/1085/8683 5740/1090/8684 5750/1086/8685
f 5741/1057/8686 5719/1091/8687 5720/1039/8688
f 5718/1055/8638 5741/1057/8649 5720/1039/8689
f 5760/1039/8690 5761/1038/8637 5762/1037/8637
f 5762/1037/8637 5763/1041/8637 5764/1040/8637
f 5764/1040/8637 5763/1041/8637 5765/1042/8637
f 5764/1040/8637 5765/1042/8637 5766/1043/8637
f 5766/1043/8637 5765/1042/8637 5767/1044/8637
f 5767/1044/8637 5765/1042/8637 5768/1045/8637
f 5767/1044/8637 5768/1045/8637 5769/1046/8637
f 5767/1044/8637 5769/1046/8637 5770/1047/8637
f 5770/1047/8637 5769/1046/8637 5771/1048/8637
f 5770/1047/8637 5771/1048/8637 5772/1049/8637
f 5772/1049/8637 5771/1048/8637 5773/1050/8637
f 5772/1049/8637 5773/1050/8637 5774/1051/8637
f 5774/1051/8637 5773/1050/8637 5775/1052/8637
f 5774/1051/8637 5775/1052/8637 5776/1053/8637
f 5776/1053/8637 5775/1052/8637 5777/1054/8637
f 5762/1037/8637 5761/1038/8637 5763/1041/8637
f 5760/1039/8690 5758/1055/8637 5761/1038/8637
f 5758/1055/8637 5781/1057/8691 5757/1056/8637
f 5717/1060/8692 5781/1059/8693 5759/1058/8694
f 5757/1056/8637 5782/1062/8695 5756/1061/8637
f 5715/1064/8696 5782/1063/8697 5717/1060/8692
f 5781/1057/8698 5782/1062/8699 5757/1056/8637
f 5717/1060/8692 5782/1063/8700 5781/1059/8701
f 5712/1065/8702 5782/1063/8703 5715/1064/8704
f 5755/1068/8637 5783/1067/8705 5754/1066/8637
f 5711/1070/8706 5783/1069/8707 5712/1065/8708
f 5712/1065/8709 5783/1069/8710 5782/1063/8711
f 5756/1061/8637 5783/1067/8712 5755/1068/8637
f 5782/1062/8699 5783/1067/8713 5756/1061/8637
f 5711/1070/8714 5784/1071/8715 5783/1069/8716
f 5783/1067/8712 5784/1072/8717 5754/1066/8637
f 5784/1072/8717 5785/1073/8718 5754/1066/8637
f 5711/1070/8719 5785/1074/8720 5784/1071/8721
f 5785/1073/8718 5786/1075/8637 5754/1066/8637
f 5752/1078/8637 5789/1077/8722 5753/1076/8723
f 5752/1078/8637 5787/1079/8637 5789/1077/8724
f 5753/1076/8725 5789/1077/8726 5780/1080/8727
f 5711/1070/8728 5780/1080/8729 5790/1081/8730
f 5790/1081/8731 5785/1074/8732 5711/1070/8728
f 5787/1079/8637 5791/1082/8733 5789/1077/8724
f 5788/1084/8637 5791/1082/8733 5786/1083/8637
f 5786/1083/8637 5791/1082/8733 5787/1079/8637
f 5788/1087/8637 5790/1086/8734 5791/1085/8733
f 5787/1079/8637 5752/1078/8637 5786/1083/8637
f 5786/1083/8637 5752/1078/8637 5754/1088/8637
f 5785/1074/8735 5788/1084/8637 5786/1083/8637
f 5790/1081/8736 5788/1084/8637 5785/1074/8718
f 5791/1085/8737 5780/1090/8738 5789/1089/8739
f 5790/1086/8740 5780/1090/8741 5791/1085/8737
f 5760/1039/8742 5759/1091/8743 5781/1057/8744
f 5760/1039/8690 5781/1057/8745 5758/1055/8637
f 5717/1060/8746 5759/1058/8747 5719/1058/8747
f 5740/1080/8748 5780/1080/8748 5711/1070/8748
f 5794/1092/8749 5792/1093/8750 5795/1094/8751
f 5794/1092/8752 5795/1094/8753 5796/1095/8754
f 5795/1096/8755 5793/1097/8756 5796/1098/8757
f 5793/1097/8758 5803/1099/8759 5796/1098/8760
f 5796/1095/8761 5804/1100/8762 5794/1092/8763
f 5794/1092/8764 5804/1100/8765 5797/1101/8766
f 5805/1102/8767 5806/1103/8768 5804/1104/8769
f 5805/1102/8770 5807/1105/8771 5806/1103/8768
f 5807/1105/8772 5808/1106/8773 5806/1103/8774
f 5807/1105/8775 5809/1107/8776 5808/1106/8773
f 5809/1107/8777 5810/1108/8778 5808/1106/8779
f 5809/1107/8780 5811/1109/8781 5810/1108/8782
f 5811/1109/8783 5812/1110/8784 5810/1108/8785
f 5804/1100/8762 5806/1111/8786 5797/1101/8766
f 5797/1101/8787 5806/1111/8788 5798/1112/8789
f 5798/1112/8790 5806/1111/8788 5799/1113/8791
f 5806/1111/8788 5808/1114/8792 5799/1113/8793
f 5808/1114/8792 5810/1115/8794 5799/1113/8795
f 5799/1113/8796 5810/1115/8794 5800/1116/8797
f 5800/1116/8798 5810/1115/8799 5801/1117/8800
f 5810/1115/8794 5812/1118/8801 5801/1117/8802
f 5801/1117/8802 5812/1118/8803 5802/1119/8804
f 5812/1118/8805 5813/1120/8806 5802/1119/8807
f 5812/1110/8808 5811/1109/8809 5813/1121/8810
f 5811/1109/8811 5814/1122/8812 5813/1121/8813
f 5814/1122/8812 5815/1123/8814 5813/1121/8813
f 5815/1123/8815 5816/1124/8816 5813/1121/8813
f 5813/1120/8817 5816/1125/8818 5802/1119/8819
f 5816/1125/8820 5817/1126/8821 5802/1119/8822
f 5819/1127/8823 5823/1128/8824 5820/1129/8825
f 5823/1128/8826 5824/1130/8827 5820/1129/8828
f 5824/1130/8829 5825/1131/8830 5820/1129/8831
f 5826/1132/8832 5827/1133/8833 5822/1134/8834
f 5827/1133/8835 5828/1135/8636 5822/1134/8834
f 5827/1133/8833 5829/1136/8836 5828/1135/8636
f 5829/1136/8837 5830/1137/8838 5828/1135/8636
f 5826/1138/8839 5825/1131/8830 5827/1139/8840
f 5825/1131/8841 5831/1140/8842 5827/1139/8843
f 5827/1139/8844 5831/1140/8845 5829/1141/8846
f 5831/1140/8847 5832/1142/8848 5829/1141/8849
f 5832/1142/8848 5833/1143/8850 5829/1141/8846
f 5833/1143/8851 5834/1144/8852 5829/1141/8849
f 5829/1141/8849 5834/1144/8853 5830/1145/8854
f 5805/1102/8855 5804/1104/8856 5836/1146/8857
f 5796/1098/8760 5803/1099/8858 5836/1146/8859
f 5804/1104/8856 5796/1098/8860 5836/1146/8861
f 5825/1131/8862 5826/1138/8863 5837/1147/8864
f 5826/1132/8865 5821/1148/8866 5837/1149/8867
f 5821/1148/8866 5820/1150/8868 5837/1149/8867
f 5820/1129/8869 5825/1131/8870 5837/1147/8871
f 5819/1151/8872 5820/1152/8873 5818/1153/8874
f 5835/1154/8875 5818/1153/8876 5820/1152/8868
f 5821/1155/8877 5835/1154/8878 5820/1152/8879
f 5840/1156/8880 5838/1157/8881 5841/1158/8882
f 5840/1159/8883 5841/1160/8884 5842/1161/8885
f 5842/1162/8885 5841/1158/8884 5843/1163/8886
f 5819/1151/8887 5818/1153/8888 5844/1164/8889
f 5842/1161/8885 5843/1165/8890 5844/1164/8891
f 5823/1128/8824 5819/1127/8892 5845/1166/8893
f 5819/1151/8894 5844/1164/8891 5845/1167/8895
f 5844/1168/8891 5843/1163/8886 5845/1166/8896
f 5822/1169/8897 5835/1154/8898 5846/1170/8899
f 5835/1154/8898 5821/1155/8900 5846/1170/8901
f 5821/1148/8866 5826/1132/8832 5846/1171/8902
f 5826/1132/8865 5822/1134/8834 5846/1171/8903
f 5838/1157/8904 5816/1124/8816 5815/1123/8815
f 5843/1163/8905 5841/1158/8906 5847/1172/8907
f 5847/1172/8908 5823/1128/8909 5845/1166/8910
f 5843/1163/8911 5847/1172/8908 5845/1166/8912
f 5847/1172/8907 5841/1158/8913 5838/1157/8914
f 5815/1123/8815 5847/1172/8915 5838/1157/8916
f 5840/1159/8917 5842/1161/8918 5839/1173/8919
f 5844/1164/8920 5818/1153/8874 5839/1173/8921
f 5842/1161/8922 5844/1164/8889 5839/1173/8921
f 5816/1125/8923 5838/1174/8924 5817/1126/8925
f 5817/1126/8926 5838/1174/8927 5840/1159/8928
f 5839/1173/8929 5817/1126/8930 5840/1159/8931
f 5848/1094/8932 5792/1093/8933 5794/1092/8934
f 5849/1095/8935 5848/1094/8936 5794/1092/8937
f 5849/1098/8938 5793/1097/8939 5848/1096/8940
f 5849/1098/8941 5803/1099/8942 5793/1097/8943
f 5794/1092/8944 5850/1100/8945 5849/1095/8935
f 5797/1101/8946 5850/1100/8947 5794/1092/8937
f 5850/1104/8948 5851/1103/8949 5805/1102/8950
f 5851/1103/8951 5807/1105/8952 5805/1102/8953
f 5851/1103/8949 5852/1106/8954 5807/1105/8952
f 5852/1106/8955 5809/1107/8956 5807/1105/8957
f 5852/1106/8958 5853/1108/8959 5809/1107/8956
f 5853/1108/8960 5811/1109/8961 5809/1107/8962
f 5853/1108/8963 5854/1110/8964 5811/1109/8965
f 5797/1101/8966 5851/1111/8967 5850/1100/8968
f 5798/1112/8969 5851/1111/8970 5797/1101/8971
f 5799/1113/8972 5851/1111/8967 5798/1112/8969
f 5799/1113/8973 5852/1114/8974 5851/1111/8967
f 5799/1113/8975 5853/1115/8976 5852/1114/8977
f 5800/1116/8978 5853/1115/8979 5799/1113/8975
f 5801/1117/8980 5853/1115/8976 5800/1116/8981
f 5801/1117/8982 5854/1118/8983 5853/1115/8984
f 5802/1119/8985 5854/1118/8986 5801/1117/8987
f 5802/1119/8985 5855/1120/8988 5854/1118/8989
f 5855/1121/8990 5811/1109/8991 5854/1110/8992
f 5855/1121/8990 5814/1122/8993 5811/1109/8994
f 5855/1121/8995 5815/1123/8996 5814/1122/8997
f 5855/1121/8995 5856/1124/8998 5815/1123/8996
f 5802/1119/8999 5856/1125/9000 5855/1120/8988
f 5802/1119/8999 5817/1126/9001 5856/1125/9000
f 5858/1129/9002 5823/1128/9003 5857/1127/9004
f 5858/1129/9005 5824/1130/9006 5823/1128/9007
f 5858/1129/9008 5825/1131/9009 5824/1130/9010
f 5860/1134/9011 5862/1133/9012 5861/1132/9013
f 5860/1134/9014 5863/1135/8637 5862/1133/9012
f 5863/1135/8637 5864/1136/9015 5862/1133/9012
f 5863/1135/8637 5865/1137/9016 5864/1136/9017
f 5862/1139/9018 5825/1131/9009 5861/1138/9019
f 5862/1139/9018 5831/1140/9020 5825/1131/9009
f 5864/1141/9021 5831/1140/9022 5862/1139/9023
f 5864/1141/9024 5832/1142/9025 5831/1140/9022
f 5864/1141/9021 5833/1143/9026 5832/1142/9027
f 5864/1141/9015 5834/1144/9028 5833/1143/9029
f 5865/1145/9030 5834/1144/9031 5864/1141/9015
f 5836/1146/9032 5850/1104/9033 5805/1102/8950
f 5836/1146/9034 5803/1099/9035 5849/1098/9036
f 5836/1146/9032 5849/1098/9036 5850/1104/9037
f 5866/1147/9038 5861/1138/9039 5825/1131/9040
f 5866/1149/9041 5859/1148/9042 5861/1132/9013
f 5866/1149/9041 5858/1150/9043 5859/1148/9042
f 5866/1147/9044 5825/1131/9009 5858/1129/9045
f 5818/1153/9046 5858/1152/9047 5857/1151/9048
f 5858/1152/9049 5818/1153/9050 5835/1154/9051
f 5858/1152/9052 5835/1154/9051 5859/1155/9053
f 5869/1158/9054 5867/1157/9055 5868/1156/9056
f 5870/1161/9057 5869/1160/9054 5868/1159/9056
f 5871/1163/9058 5869/1158/9059 5870/1162/9060
f 5872/1164/9061 5818/1153/9062 5857/1151/9063
f 5872/1164/9064 5871/1165/9058 5870/1161/9060
f 5873/1166/9065 5857/1127/9066 5823/1128/9067
f 5873/1167/9068 5872/1164/9069 5857/1151/9004
f 5873/1166/9065 5871/1163/9070 5872/1168/9071
f 5874/1170/9072 5835/1154/9073 5860/1169/9074
f 5874/1170/9075 5859/1155/9053 5835/1154/9076
f 5874/1171/9077 5861/1132/9013 5859/1148/9042
f 5874/1171/9078 5860/1134/9014 5861/1132/9013
f 5815/1123/9079 5856/1124/9080 5867/1157/9081
f 5847/1172/9082 5869/1158/9083 5871/1163/9084
f 5873/1166/9085 5823/1128/9086 5847/1172/9082
f 5873/1166/9085 5847/1172/9082 5871/1163/9087
f 5867/1157/9088 5869/1158/9083 5847/1172/9082
f 5867/1157/9088 5847/1172/9089 5815/1123/9090
f 5839/1173/9091 5870/1161/9092 5868/1159/9093
f 5839/1173/9091 5818/1153/9046 5872/1164/9061
f 5839/1173/9091 5872/1164/9094 5870/1161/9095
f 5817/1126/9001 5867/1174/9096 5856/1125/9097
f 5868/1159/9098 5867/1174/9099 5817/1126/9100
f 5868/1159/9093 5817/1126/9001 5839/1173/9101
f 5792/1093/9102 5848/1094/9103 5795/1094/9103
f 5795/1096/9103 5848/1096/9103 5793/1097/9104
f 5834/1144/9105 5865/1145/9106 5830/1145/9107
f 5822/1169/9108 5860/1169/9108 5835/1154/9108
f 5681/1024/9109 5695/1024/9110 5694/1025/9111
f 5680/1025/9111 5681/1024/9109 5694/1025/9111
f 5680/1025/9112 5694/1025/9112 5697/1026/9113
f 5683/1026/9114 5680/1025/9112 5697/1026/9115
f 5687/1027/9116 5701/1027/9117 5696/1023/9118
f 5682/1023/9118 5687/1027/9116 5696/1023/9118
f 5683/1026/9119 5697/1026/9120 5702/1028/9121
f 5688/1028/9122 5683/1026/9119 5702/1028/9123
f 5682/1023/9124 5696/1023/9124 5703/1030/9125
f 5689/1030/9126 5682/1023/9124 5703/1030/9125
f 5690/1031/9127 5704/1031/9127 5698/1029/9128
f 5684/1029/9129 5690/1031/9127 5698/1029/9128
f 5689/1030/9130 5703/1030/9131 5699/1032/9132
f 5685/1032/9133 5689/1030/9130 5699/1032/9134
f 5691/1033/9135 5705/1033/9135 5704/1031/9135
f 5690/1031/9135 5691/1033/9135 5704/1031/9135
f 5685/1032/9136 5699/1032/9137 5705/1033/9138
f 5691/1033/9138 5685/1032/9139 5705/1033/9138
f 5692/1034/9140 5706/1034/9141 5695/1024/9142
f 5681/1024/9143 5692/1034/9140 5695/1024/9142
f 5684/1029/9144 5698/1029/9145 5706/1034/9141
f 5692/1034/9140 5684/1029/9144 5706/1034/9141
f 5686/1035/9146 5700/1035/9147 5701/1027/9148
f 5687/1027/9116 5686/1035/9146 5701/1027/9148
f 5693/1036/9149 5707/1036/9150 5700/1035/9151
f 5686/1035/9152 5693/1036/9149 5700/1035/9151
f 5688/1028/9153 5702/1028/9153 5707/1036/9154
f 5693/1036/9155 5688/1028/9156 5707/1036/9157
f 5687/1027/9158 5701/1027/9158 5702/1028/9159
f 5688/1028/9159 5687/1027/9158 5702/1028/9159
f 5686/1035/9146 5700/1035/9147 5701/1027/9148
f 5687/1027/9116 5686/1035/9146 5701/1027/9148
f 5688/1028/9160 5702/1028/9160 5700/1035/9151
f 5686/1035/9161 5688/1028/9160 5700/1035/9151
f 5737/1054/8636 5736/1053/8636 5738/1175/8636
f 5739/1176/8636 5737/1054/8636 5738/1175/8636
f 5779/1176/8637 5778/1175/8637 5776/1053/8637
f 5777/1054/8637 5779/1176/8637 5776/1053/8637
f 5720/1039/9162 5760/1039/9163 5762/1037/9164
f 5722/1037/9165 5720/1039/9162 5762/1037/9164
f 5722/1037/9166 5762/1037/9164 5764/1040/9167
f 5724/1040/9168 5722/1037/9166 5764/1040/9169
f 5725/1042/9170 5765/1042/9171 5763/1041/9172
f 5723/1041/9173 5725/1042/9170 5763/1041/9172
f 5724/1040/9174 5764/1040/9175 5766/1043/9176
f 5726/1043/9177 5724/1040/9174 5766/1043/9178
f 5726/1043/9179 5766/1043/9178 5767/1044/9180
f 5727/1044/9181 5726/1043/9179 5767/1044/9180
f 5728/1045/9182 5768/1045/9183 5765/1042/9184
f 5725/1042/9185 5728/1045/9182 5765/1042/9184
f 5729/1046/9186 5769/1046/9186 5768/1045/9187
f 5728/1045/9188 5729/1046/9186 5768/1045/9187
f 5727/1044/9189 5767/1044/9190 5770/1047/9191
f 5730/1047/9192 5727/1044/9189 5770/1047/9191
f 5731/1048/9193 5771/1048/9194 5769/1046/9195
f 5729/1046/9195 5731/1048/9193 5769/1046/9195
f 5730/1047/9192 5770/1047/9196 5772/1049/9197
f 5732/1049/9198 5730/1047/9192 5772/1049/9199
f 5733/1050/9200 5773/1050/9201 5771/1048/9202
f 5731/1048/9203 5733/1050/9200 5771/1048/9202
f 5732/1049/9204 5772/1049/9199 5774/1051/9205
f 5734/1051/9206 5732/1049/9207 5774/1051/9205
f 5735/1052/9208 5775/1052/9209 5773/1050/9210
f 5733/1050/9211 5735/1052/9208 5773/1050/9210
f 5734/1051/9212 5774/1051/9213 5776/1053/9214
f 5736/1053/9215 5734/1051/9212 5776/1053/9214
f 5737/1054/9216 5777/1054/9217 5775/1052/9209
f 5735/1052/9218 5737/1054/9219 5775/1052/9209
f 5723/1041/9220 5763/1041/9221 5761/1038/9222
f 5721/1038/9223 5723/1041/9220 5761/1038/9222
f 5721/1038/9224 5761/1038/9225 5758/1055/9226
f 5718/1055/9227 5721/1038/9224 5758/1055/9226
f 5738/1175/9228 5778/1175/9228 5779/1176/9229
f 5739/1176/9230 5738/1175/9228 5779/1176/9231
f 5736/1053/9232 5776/1053/9233 5778/1175/9234
f 5738/1175/9234 5736/1053/9232 5778/1175/9234
f 5739/1176/9235 5779/1176/9236 5777/1054/9217
f 5737/1054/9237 5739/1176/9235 5777/1054/9217
f 5718/1055/9238 5758/1055/9239 5757/1056/9240
f 5716/1056/9241 5718/1055/9238 5757/1056/9240
f 5716/1056/9242 5757/1056/9243 5756/1061/9244
f 5714/1061/9245 5716/1056/9242 5756/1061/9244
f 5713/1068/9246 5755/1068/9246 5754/1066/9247
f 5710/1066/9248 5713/1068/9246 5754/1066/9247
f 5714/1061/9249 5756/1061/9250 5755/1068/9251
f 5713/1068/9251 5714/1061/9252 5755/1068/9251
f 5708/1078/9253 5752/1078/9253 5753/1076/9253
f 5709/1076/9253 5708/1078/9253 5753/1076/9253
f 5709/1076/9254 5753/1076/9254 5780/1080/9254
f 5740/1080/9254 5709/1076/9254 5780/1080/9254
f 5710/1088/9255 5754/1088/9256 5752/1078/9257
f 5708/1078/9257 5710/1088/9258 5752/1078/9257
f 5719/1091/9259 5759/1091/9259 5760/1039/9260
f 5720/1039/9261 5719/1091/9259 5760/1039/9260
f 5828/1135/9262 5863/1135/9263 5860/1134/9264
f 5822/1134/9264 5828/1135/9262 5860/1134/9264
f 5830/1137/9107 5865/1137/9106 5863/1135/9265
f 5828/1135/9262 5830/1137/9107 5863/1135/9265
f 5877/1023/8636 5876/1024/8636 5875/1025/8636
f 5875/1025/8636 5878/1026/8636 5877/1023/8636
f 5877/1023/8636 5878/1026/8636 5882/1027/8636
f 5878/1026/8636 5883/1028/8636 5882/1027/8636
f 5879/1029/8636 5877/1023/8636 5884/1030/8636
f 5884/1030/8636 5885/1031/8636 5879/1029/8636
f 5884/1030/8636 5880/1032/8636 5885/1031/8636
f 5880/1032/8636 5886/1033/8636 5885/1031/8636
f 5876/1024/8636 5877/1023/8636 5887/1034/8636
f 5877/1023/8636 5879/1029/8636 5887/1034/8636
f 5881/1035/8636 5882/1027/8636 5888/1036/8636
f 5882/1027/8636 5883/1028/8636 5888/1036/8636
f 5881/1035/8636 5882/1027/8636 5883/1028/8636
f 5889/1025/8637 5890/1024/8637 5891/1023/8637
f 5891/1023/8637 5892/1026/8637 5889/1025/8637
f 5896/1027/8637 5892/1026/8637 5891/1023/8637
f 5896/1027/8637 5897/1028/8637 5892/1026/8637
f 5898/1030/8637 5891/1023/8637 5893/1029/8637
f 5893/1029/8637 5899/1031/8637 5898/1030/8637
f 5899/1031/8637 5894/1032/8637 5898/1030/8637
f 5899/1031/8637 5900/1033/8637 5894/1032/8637
f 5901/1034/8637 5891/1023/8637 5890/1024/8637
f 5901/1034/8637 5893/1029/8637 5891/1023/8637
f 5902/1036/8637 5896/1027/8637 5895/1035/8637
f 5902/1036/8637 5897/1028/8637 5896/1027/8637
f 5897/1028/8637 5896/1027/8637 5895/1035/8637
f 5917/1037/8638 5916/1038/8638 5915/1039/8639
f 5919/1040/8638 5918/1041/8638 5917/1037/8638
f 5920/1042/8636 5918/1041/8636 5919/1040/8636
f 5921/1043/8636 5920/1042/8636 5919/1040/8636
f 5922/1044/8636 5920/1042/8636 5921/1043/8636
f 5923/1045/8636 5920/1042/8636 5922/1044/8636
f 5924/1046/8636 5923/1045/8636 5922/1044/8636
f 5925/1047/8636 5924/1046/8636 5922/1044/8636
f 5926/1048/8636 5924/1046/8636 5925/1047/8636
f 5927/1049/8636 5926/1048/8636 5925/1047/8636
f 5928/1050/8636 5926/1048/8636 5927/1049/8636
f 5929/1051/8636 5928/1050/8636 5927/1049/8636
f 5930/1052/8636 5928/1050/8636 5929/1051/8636
f 5931/1053/8636 5930/1052/8636 5929/1051/8636
f 5932/1054/8636 5930/1052/8636 5931/1053/8636
f 5918/1041/8638 5916/1038/8638 5917/1037/8638
f 5916/1038/8638 5913/1055/8638 5915/1039/8639
f 5911/1056/8636 5936/1057/8640 5913/1055/8636
f 5914/1058/8641 5936/1059/8642 5912/1060/8643
f 5909/1061/8636 5937/1062/8644 5911/1056/8636
f 5912/1060/8645 5937/1063/8646 5910/1064/8647
f 5911/1056/8636 5937/1062/8648 5936/1057/8649
f 5936/1059/8650 5937/1063/8651 5912/1060/8645
f 5910/1064/8653 5937/1063/8654 5907/1065/8655
f 5905/1066/8636 5938/1067/8656 5908/1068/8636
f 5907/1065/8657 5938/1069/8658 5906/1070/8659
f 5937/1063/8660 5938/1069/8658 5907/1065/8661
f 5908/1068/8636 5938/1067/8656 5909/1061/8636
f 5909/1061/8636 5938/1067/8656 5937/1062/8644
f 5938/1069/8662 5939/1071/8663 5906/1070/8664
f 5905/1066/8636 5939/1072/8665 5938/1067/8656
f 5905/1066/8636 5940/1073/8666 5939/1072/8665
f 5939/1071/8667 5940/1074/8668 5906/1070/8669
f 5905/1066/8636 5941/1075/8636 5940/1073/8666
f 5904/1076/8670 5944/1077/8671 5903/1078/8636
f 5944/1077/8671 5942/1079/8636 5903/1078/8636
f 5935/1080/8672 5944/1077/8673 5904/1076/8674
f 5945/1081/8675 5935/1080/8676 5906/1070/8664
f 5906/1070/8677 5940/1074/8678 5945/1081/8679
f 5944/1077/8671 5946/1082/8680 5942/1079/8636
f 5941/1083/8636 5946/1082/8680 5943/1084/8636
f 5942/1079/8636 5946/1082/8680 5941/1083/8636
f 5946/1085/8680 5945/1086/8682 5943/1087/8636
f 5941/1083/8636 5903/1078/8636 5942/1079/8636
f 5905/1088/8636 5903/1078/8636 5941/1083/8636
f 5941/1083/8636 5943/1084/8636 5940/1074/8666
f 5940/1074/8666 5943/1084/8636 5945/1081/8682
f 5944/1089/8673 5935/1090/8676 5946/1085/8683
f 5946/1085/8683 5935/1090/8684 5945/1086/8685
f 5936/1057/8686 5914/1091/8687 5915/1039/8688
f 5913/1055/8638 5936/1057/8649 5915/1039/8689
f 5955/1039/8690 5956/1038/8637 5957/1037/8637
f 5957/1037/8637 5958/1041/8637 5959/1040/8637
f 5959/1040/8637 5958/1041/8637 5960/1042/8637
f 5959/1040/8637 5960/1042/8637 5961/1043/8637
f 5961/1043/8637 5960/1042/8637 5962/1044/8637
f 5962/1044/8637 5960/1042/8637 5963/1045/8637
f 5962/1044/8637 5963/1045/8637 5964/1046/8637
f 5962/1044/8637 5964/1046/8637 5965/1047/8637
f 5965/1047/8637 5964/1046/8637 5966/1048/8637
f 5965/1047/8637 5966/1048/8637 5967/1049/8637
f 5967/1049/8637 5966/1048/8637 5968/1050/8637
f 5967/1049/8637 5968/1050/8637 5969/1051/8637
f 5969/1051/8637 5968/1050/8637 5970/1052/8637
f 5969/1051/8637 5970/1052/8637 5971/1053/8637
f 5971/1053/8637 5970/1052/8637 5972/1054/8637
f 5957/1037/8637 5956/1038/8637 5958/1041/8637
f 5955/1039/8690 5953/1055/8637 5956/1038/8637
f 5953/1055/8637 5976/1057/8691 5952/1056/8637
f 5912/1060/8692 5976/1059/8693 5954/1058/8694
f 5952/1056/8637 5977/1062/8695 5951/1061/8637
f 5910/1064/8696 5977/1063/8697 5912/1060/8692
f 5976/1057/8698 5977/1062/8699 5952/1056/8637
f 5912/1060/8692 5977/1063/8700 5976/1059/8701
f 5907/1065/8702 5977/1063/8703 5910/1064/8704
f 5950/1068/8637 5978/1067/8705 5949/1066/8637
f 5906/1070/8706 5978/1069/8707 5907/1065/8708
f 5907/1065/8709 5978/1069/8710 5977/1063/8711
f 5951/1061/8637 5978/1067/8712 5950/1068/8637
f 5977/1062/8699 5978/1067/8713 5951/1061/8637
f 5906/1070/8714 5979/1071/8715 5978/1069/8716
f 5978/1067/8712 5979/1072/9266 5949/1066/8637
f 5979/1072/9266 5980/1073/8718 5949/1066/8637
f 5906/1070/8719 5980/1074/8720 5979/1071/8721
f 5980/1073/8718 5981/1075/8637 5949/1066/8637
f 5947/1078/8637 5984/1077/8722 5948/1076/8723
f 5947/1078/8637 5982/1079/8637 5984/1077/8724
f 5948/1076/8725 5984/1077/8726 5975/1080/8727
f 5906/1070/8728 5975/1080/8729 5985/1081/8730
f 5985/1081/8731 5980/1074/8732 5906/1070/8728
f 5982/1079/8637 5986/1082/8733 5984/1077/8724
f 5983/1084/8637 5986/1082/8733 5981/1083/8637
f 5981/1083/8637 5986/1082/8733 5982/1079/8637
f 5983/1087/8637 5985/1086/8734 5986/1085/8733
f 5982/1079/8637 5947/1078/8637 5981/1083/8637
f 5981/1083/8637 5947/1078/8637 5949/1088/8637
f 5980/1074/8735 5983/1084/8637 5981/1083/8637
f 5985/1081/8736 5983/1084/8637 5980/1074/8718
f 5986/1085/8737 5975/1090/8738 5984/1089/8739
f 5985/1086/8740 5975/1090/8741 5986/1085/8737
f 5955/1039/8742 5954/1091/8743 5976/1057/8744
f 5955/1039/8690 5976/1057/8745 5953/1055/8637
f 5912/1060/8746 5954/1058/8747 5914/1058/8747
f 5935/1080/8748 5975/1080/8748 5906/1070/8748
f 5989/1092/8749 5987/1093/8750 5990/1094/8751
f 5989/1092/8752 5990/1094/8753 5991/1095/8754
f 5990/1096/9267 5988/1097/8756 5991/1098/8757
f 5988/1097/8758 5998/1099/9268 5991/1098/8757
f 5991/1095/8761 5999/1100/8762 5989/1092/8763
f 5989/1092/8764 5999/1100/8765 5992/1101/8766
f 6000/1102/8770 6001/1103/8768 5999/1104/8769
f 6000/1102/9269 6002/1105/8771 6001/1103/8768
f 6002/1105/8772 6003/1106/8773 6001/1103/8774
f 6002/1105/8775 6004/1107/8776 6003/1106/8773
f 6004/1107/8777 6005/1108/8778 6003/1106/9270
f 6004/1107/8780 6006/1109/8811 6005/1108/9271
f 6006/1109/9272 6007/1110/8784 6005/1108/8785
f 5999/1100/8762 6001/1111/8786 5992/1101/8766
f 5992/1101/8787 6001/1111/8788 5993/1112/8789
f 5993/1112/8790 6001/1111/8788 5994/1113/8791
f 6001/1111/8788 6003/1114/8792 5994/1113/8793
f 6003/1114/8792 6005/1115/8794 5994/1113/8795
f 5994/1113/8796 6005/1115/8794 5995/1116/8797
f 5995/1116/8797 6005/1115/8799 5996/1117/8802
f 6005/1115/9273 6007/1118/8801 5996/1117/8802
f 5996/1117/8802 6007/1118/8803 5997/1119/8804
f 6007/1118/8805 6008/1120/8806 5997/1119/8807
f 6007/1110/8808 6006/1109/8781 6008/1121/8810
f 6006/1109/8811 6009/1122/9274 6008/1121/8813
f 6009/1122/8812 6010/1123/8814 6008/1121/8813
f 6010/1123/8815 6011/1124/8816 6008/1121/8813
f 6008/1120/8817 6011/1125/8818 5997/1119/8819
f 6011/1125/8820 6012/1126/9275 5997/1119/9276
f 6014/1127/8823 6018/1128/8824 6015/1129/9277
f 6018/1128/8824 6019/1130/8829 6015/1129/8828
f 6019/1130/9278 6020/1131/8830 6015/1129/8831
f 6021/1132/8832 6022/1133/8833 6017/1134/8834
f 6022/1133/8835 6023/1135/8636 6017/1134/8834
f 6022/1133/8833 6024/1136/8836 6023/1135/8636
f 6024/1136/8837 6025/1137/8838 6023/1135/8636
f 6021/1138/8839 6020/1131/8830 6022/1139/8840
f 6020/1131/8841 6026/1140/9279 6022/1139/8843
f 6022/1139/8844 6026/1140/8845 6024/1141/8846
f 6026/1140/8847 6027/1142/8848 6024/1141/8849
f 6027/1142/8848 6028/1143/8850 6024/1141/8846
f 6028/1143/8851 6029/1144/8852 6024/1141/8849
f 6024/1141/8849 6029/1144/9280 6025/1145/9281
f 6000/1102/8855 5999/1104/8856 6031/1146/8857
f 5991/1098/8760 5998/1099/8858 6031/1146/8859
f 5999/1104/8856 5991/1098/8860 6031/1146/8861
f 6020/1131/9282 6021/1138/8863 6032/1147/8864
f 6021/1132/8865 6016/1148/8866 6032/1149/8867
f 6016/1148/8866 6015/1150/8868 6032/1149/8867
f 6015/1129/8869 6020/1131/8870 6032/1147/8871
f 6014/1151/8872 6015/1152/8873 6013/1153/8874
f 6030/1154/8875 6013/1153/8876 6015/1152/8868
f 6016/1155/8877 6030/1154/8875 6015/1152/8879
f 6035/1156/8880 6033/1157/8881 6036/1158/8882
f 6035/1159/8883 6036/1160/8884 6037/1161/8885
f 6037/1162/8885 6036/1158/8884 6038/1163/8886
f 6014/1151/8887 6013/1153/8888 6039/1164/8889
f 6037/1161/9283 6038/1165/8890 6039/1164/8891
f 6018/1128/8824 6014/1127/8892 6040/1166/8893
f 6014/1151/8894 6039/1164/8891 6040/1167/8895
f 6039/1168/8891 6038/1163/8886 6040/1166/8896
f 6017/1169/9284 6030/1154/9285 6041/1170/8899
f 6030/1154/8898 6016/1155/8900 6041/1170/8901
f 6016/1148/8866 6021/1132/8832 6041/1171/8902
f 6021/1132/8865 6017/1134/8834 6041/1171/8902
f 6033/1157/8904 6011/1124/8816 6010/1123/8815
f 6038/1163/8905 6036/1158/8913 6042/1172/8907
f 6042/1172/8908 6018/1128/8909 6040/1166/8910
f 6038/1163/8911 6042/1172/8915 6040/1166/8912
f 6042/1172/8907 6036/1158/8913 6033/1157/8914
f 6010/1123/8815 6042/1172/8915 6033/1157/8916
f 6035/1159/8917 6037/1161/8918 6034/1173/8919
f 6039/1164/8920 6013/1153/8874 6034/1173/8921
f 6037/1161/8922 6039/1164/8889 6034/1173/8921
f 6011/1125/9286 6033/1174/8924 6012/1126/8925
f 6012/1126/8926 6033/1174/8927 6035/1159/8928
f 6034/1173/9287 6012/1126/8930 6035/1159/8931
f 6043/1094/8932 5987/1093/8933 5989/1092/8934
f 6044/1095/8935 6043/1094/8936 5989/1092/8937
f 6044/1098/8938 5988/1097/8939 6043/1096/8940
f 6044/1098/8941 5998/1099/8942 5988/1097/8943
f 5989/1092/8944 6045/1100/8945 6044/1095/8935
f 5992/1101/8946 6045/1100/8947 5989/1092/8937
f 6045/1104/8948 6046/1103/8949 6000/1102/9288
f 6046/1103/8951 6002/1105/8952 6000/1102/9289
f 6046/1103/8949 6047/1106/8954 6002/1105/8952
f 6047/1106/8955 6004/1107/8956 6002/1105/8957
f 6047/1106/8958 6048/1108/8959 6004/1107/8956
f 6048/1108/8960 6006/1109/8961 6004/1107/8962
f 6048/1108/8963 6049/1110/9290 6006/1109/8994
f 5992/1101/8966 6046/1111/8967 6045/1100/8968
f 5993/1112/8969 6046/1111/8970 5992/1101/8971
f 5994/1113/9291 6046/1111/8967 5993/1112/8969
f 5994/1113/8973 6047/1114/8974 6046/1111/8967
f 5994/1113/8975 6048/1115/8976 6047/1114/8977
f 5995/1116/8981 6048/1115/8979 5994/1113/9292
f 5996/1117/8980 6048/1115/8976 5995/1116/8981
f 5996/1117/8982 6049/1118/8983 6048/1115/8984
f 5997/1119/8985 6049/1118/8986 5996/1117/8987
f 5997/1119/8985 6050/1120/8988 6049/1118/8989
f 6050/1121/8990 6006/1109/9293 6049/1110/8992
f 6050/1121/8990 6009/1122/9294 6006/1109/8994
f 6050/1121/9295 6010/1123/8996 6009/1122/9294
f 6050/1121/8995 6051/1124/8998 6010/1123/8996
f 5997/1119/8999 6051/1125/9000 6050/1120/8988
f 5997/1119/8999 6012/1126/9001 6051/1125/9000
f 6053/1129/9002 6018/1128/9003 6052/1127/9004
f 6053/1129/9005 6019/1130/9296 6018/1128/9007
f 6053/1129/9008 6020/1131/9009 6019/1130/9010
f 6055/1134/9011 6057/1133/9012 6056/1132/9013
f 6055/1134/9014 6058/1135/8637 6057/1133/9012
f 6058/1135/8637 6059/1136/9015 6057/1133/9012
f 6058/1135/8637 6060/1137/9016 6059/1136/9017
f 6057/1139/9018 6020/1131/9009 6056/1138/9019
f 6057/1139/9018 6026/1140/9020 6020/1131/9009
f 6059/1141/9021 6026/1140/9022 6057/1139/9023
f 6059/1141/9297 6027/1142/9025 6026/1140/9022
f 6059/1141/9021 6028/1143/9026 6027/1142/9027
f 6059/1141/9015 6029/1144/9028 6028/1143/9029
f 6060/1145/9298 6029/1144/9299 6059/1141/9300
f 6031/1146/9032 6045/1104/9033 6000/1102/8950
f 6031/1146/9034 5998/1099/9035 6044/1098/9036
f 6031/1146/9032 6044/1098/9036 6045/1104/9037
f 6061/1147/9038 6056/1138/9039 6020/1131/9301
f 6061/1149/9041 6054/1148/9042 6056/1132/9013
f 6061/1149/9041 6053/1150/9043 6054/1148/9042
f 6061/1147/9044 6020/1131/9302 6053/1129/9045
f 6013/1153/9303 6053/1152/9047 6052/1151/9048
f 6053/1152/9049 6013/1153/9050 6030/1154/9051
f 6053/1152/9052 6030/1154/9051 6054/1155/9053
f 6064/1158/9054 6062/1157/9055 6063/1156/9056
f 6065/1161/9057 6064/1160/9054 6063/1159/9056
f 6066/1163/9058 6064/1158/9059 6065/1162/9060
f 6067/1164/9061 6013/1153/9050 6052/1151/9063
f 6067/1164/9064 6066/1165/9058 6065/1161/9060
f 6068/1166/9065 6052/1127/9066 6018/1128/9067
f 6068/1167/9068 6067/1164/9071 6052/1151/9004
f 6068/1166/9065 6066/1163/9070 6067/1168/9071
f 6069/1170/9304 6030/1154/9073 6055/1169/9074
f 6069/1170/9075 6054/1155/9053 6030/1154/9076
f 6069/1171/9077 6056/1132/9013 6054/1148/9042
f 6069/1171/9077 6055/1134/9011 6056/1132/9013
f 6010/1123/8996 6051/1124/9080 6062/1157/9305
f 6042/1172/9082 6064/1158/9083 6066/1163/9306
f 6068/1166/9085 6018/1128/9086 6042/1172/9082
f 6068/1166/9085 6042/1172/9082 6066/1163/9087
f 6062/1157/9088 6064/1158/9083 6042/1172/9307
f 6062/1157/9088 6042/1172/9089 6010/1123/8996
f 6034/1173/9091 6065/1161/9092 6063/1159/9093
f 6034/1173/9091 6013/1153/9308 6067/1164/9061
f 6034/1173/9091 6067/1164/9094 6065/1161/9095
f 6012/1126/9001 6062/1174/9096 6051/1125/9097
f 6063/1159/9098 6062/1174/9099 6012/1126/9309
f 6063/1159/9093 6012/1126/9001 6034/1173/9101
f 5987/1093/9102 6043/1094/9103 5990/1094/9103
f 5990/1096/9103 6043/1096/9103 5988/1097/9104
f 6029/1144/9105 6060/1145/9106 6025/1145/9107
f 6017/1169/9108 6055/1169/9108 6030/1154/9108
f 5876/1024/9109 5890/1024/9110 5889/1025/9111
f 5875/1025/9111 5876/1024/9109 5889/1025/9111
f 5875/1025/9112 5889/1025/9112 5892/1026/9113
f 5878/1026/9114 5875/1025/9112 5892/1026/9113
f 5882/1027/9116 5896/1027/9117 5891/1023/9118
f 5877/1023/9118 5882/1027/9116 5891/1023/9118
f 5878/1026/9119 5892/1026/9120 5897/1028/9121
f 5883/1028/9123 5878/1026/9119 5897/1028/9123
f 5877/1023/9124 5891/1023/9124 5898/1030/9125
f 5884/1030/9126 5877/1023/9124 5898/1030/9125
f 5885/1031/9127 5899/1031/9127 5893/1029/9128
f 5879/1029/9129 5885/1031/9127 5893/1029/9128
f 5884/1030/9130 5898/1030/9131 5894/1032/9132
f 5880/1032/9133 5884/1030/9130 5894/1032/9134
f 5886/1033/9135 5900/1033/9135 5899/1031/9135
f 5885/1031/9135 5886/1033/9135 5899/1031/9135
f 5880/1032/9136 5894/1032/9137 5900/1033/9138
f 5886/1033/9138 5880/1032/9139 5900/1033/9138
f 5887/1034/9140 5901/1034/9141 5890/1024/9142
f 5876/1024/9143 5887/1034/9140 5890/1024/9142
f 5879/1029/9144 5893/1029/9145 5901/1034/9141
f 5887/1034/9140 5879/1029/9144 5901/1034/9141
f 5881/1035/9146 5895/1035/9310 5896/1027/9148
f 5882/1027/9116 5881/1035/9146 5896/1027/9148
f 5888/1036/9149 5902/1036/9150 5895/1035/9151
f 5881/1035/9152 5888/1036/9149 5895/1035/9151
f 5883/1028/9153 5897/1028/9153 5902/1036/9154
f 5888/1036/9155 5883/1028/9156 5902/1036/9157
f 5882/1027/9158 5896/1027/9158 5897/1028/9159
f 5883/1028/9159 5882/1027/9158 5897/1028/9159
f 5881/1035/9146 5895/1035/9310 5896/1027/9148
f 5882/1027/9116 5881/1035/9146 5896/1027/9148
f 5883/1028/9160 5897/1028/9160 5895/1035/9151
f 5881/1035/9161 5883/1028/9160 5895/1035/9151
f 5932/1054/8636 5931/1053/8636 5933/1175/8636
f 5934/1176/8636 5932/1054/8636 5933/1175/8636
f 5974/1176/8637 5973/1175/8637 5971/1053/8637
f 5972/1054/8637 5974/1176/8637 5971/1053/8637
f 5915/1039/9162 5955/1039/9163 5957/1037/9164
f 5917/1037/9165 5915/1039/9162 5957/1037/9164
f 5917/1037/9166 5957/1037/9164 5959/1040/9169
f 5919/1040/9168 5917/1037/9166 5959/1040/9169
f 5920/1042/9170 5960/1042/9171 5958/1041/9172
f 5918/1041/9173 5920/1042/9170 5958/1041/9172
f 5919/1040/9174 5959/1040/9175 5961/1043/9176
f 5921/1043/9177 5919/1040/9174 5961/1043/9178
f 5921/1043/9179 5961/1043/9178 5962/1044/9180
f 5922/1044/9181 5921/1043/9179 5962/1044/9180
f 5923/1045/9182 5963/1045/9183 5960/1042/9184
f 5920/1042/9185 5923/1045/9182 5960/1042/9184
f 5924/1046/9186 5964/1046/9186 5963/1045/9311
f 5923/1045/9188 5924/1046/9186 5963/1045/9311
f 5922/1044/9189 5962/1044/9312 5965/1047/9191
f 5925/1047/9192 5922/1044/9189 5965/1047/9313
f 5926/1048/9193 5966/1048/9194 5964/1046/9195
f 5924/1046/9195 5926/1048/9193 5964/1046/9195
f 5925/1047/9314 5965/1047/9196 5967/1049/9315
f 5927/1049/9198 5925/1047/9192 5967/1049/9197
f 5928/1050/9200 5968/1050/9201 5966/1048/9202
f 5926/1048/9203 5928/1050/9200 5966/1048/9202
f 5927/1049/9207 5967/1049/9199 5969/1051/9205
f 5929/1051/9316 5927/1049/9207 5969/1051/9205
f 5930/1052/9317 5970/1052/9209 5968/1050/9210
f 5928/1050/9211 5930/1052/9317 5968/1050/9210
f 5929/1051/9212 5969/1051/9213 5971/1053/9214
f 5931/1053/9215 5929/1051/9212 5971/1053/9214
f 5932/1054/9216 5972/1054/9217 5970/1052/9209
f 5930/1052/9218 5932/1054/9216 5970/1052/9209
f 5918/1041/9220 5958/1041/9318 5956/1038/9222
f 5916/1038/9223 5918/1041/9220 5956/1038/9222
f 5916/1038/9224 5956/1038/9225 5953/1055/9226
f 5913/1055/9227 5916/1038/9319 5953/1055/9226
f 5933/1175/9228 5973/1175/9228 5974/1176/9231
f 5934/1176/9230 5933/1175/9228 5974/1176/9231
f 5931/1053/9232 5971/1053/9233 5973/1175/9234
f 5933/1175/9234 5931/1053/9232 5973/1175/9234
f 5934/1176/9235 5974/1176/9236 5972/1054/9217
f 5932/1054/9237 5934/1176/9235 5972/1054/9217
f 5913/1055/9238 5953/1055/9239 5952/1056/9240
f 5911/1056/9241 5913/1055/9238 5952/1056/9240
f 5911/1056/9242 5952/1056/9243 5951/1061/9244
f 5909/1061/9245 5911/1056/9242 5951/1061/9244
f 5908/1068/9246 5950/1068/9246 5949/1066/9247
f 5905/1066/9248 5908/1068/9246 5949/1066/9247
f 5909/1061/9249 5951/1061/9250 5950/1068/9251
f 5908/1068/9251 5909/1061/9252 5950/1068/9251
f 5903/1078/9253 5947/1078/9253 5948/1076/9253
f 5904/1076/9253 5903/1078/9253 5948/1076/9253
f 5904/1076/9254 5948/1076/9254 5975/1080/9254
f 5935/1080/9254 5904/1076/9254 5975/1080/9254
f 5905/1088/9258 5949/1088/9256 5947/1078/9257
f 5903/1078/9257 5905/1088/9258 5947/1078/9257
f 5914/1091/9259 5954/1091/9259 5955/1039/9260
f 5915/1039/9261 5914/1091/9259 5955/1039/9260
f 6023/1135/9262 6058/1135/9263 6055/1134/9264
f 6017/1134/9264 6023/1135/9262 6055/1134/9264
f 6025/1137/9320 6060/1137/9321 6058/1135/9265
f 6023/1135/9262 6025/1137/9107 6058/1135/9265
